sampleID,Final_Label,Cluster_Hier_k3,Cluster_KMeans_k3,Cluster_GMM_k3,Cluster_Hier_k4,Cluster_KMeans_k4,Cluster_GMM_k4,Cluster_Hier_k5,Cluster_KMeans_k5,Cluster_GMM_k5,Cluster_Hier_k6,Cluster_KMeans_k6,Cluster_GMM_k6,Cluster_Hier_k7,Cluster_KMeans_k7,Cluster_GMM_k7,Cluster_Hier_k8,Cluster_KMeans_k8,Cluster_GMM_k8
GTEX-S4Q7-0003-SM-3NM8M,Normal_GTEX,3,1,0,4,2,3,5,2,3,6,5,4,7,2,4,8,1,1
GTEX-QV31-1626-SM-2S1QC,Normal_GTEX,1,2,2,1,1,0,1,1,4,1,3,0,1,5,0,1,0,0
GTEX-13QIC-0011-R1a-SM-5O9CJ,Normal_GTEX,3,1,0,3,2,3,4,3,0,5,4,5,6,3,6,7,4,4
GTEX-ZPCL-0126-SM-4WWC8,Normal_GTEX,1,0,2,1,3,2,1,4,2,1,2,2,2,1,2,3,3,3
GTEX-S33H-1226-SM-4AD69,Normal_GTEX,1,0,2,1,3,2,2,4,2,3,2,2,4,1,2,5,3,3
GTEX-X88G-0426-SM-47JZ5,Normal_GTEX,1,2,2,1,1,0,1,1,4,1,3,0,1,5,0,1,0,0
TCGA-C8-A1HL-01,LumB,2,0,1,2,0,1,3,0,1,4,0,1,5,6,1,6,2,2
TCGA-EW-A2FS-01,LumA,2,0,1,2,0,1,3,0,1,4,0,1,5,6,1,6,2,2
GTEX-ZAKK-0326-SM-5EGHA,Normal_GTEX,1,2,2,1,1,0,1,1,4,1,1,4,2,0,0,2,6,6
GTEX-1399S-1726-SM-5L3DI,Normal_GTEX,1,0,2,1,3,2,2,4,2,3,2,2,4,1,2,5,3,3
GTEX-ZF29-0926-SM-4WKFZ,Normal_GTEX,1,0,2,1,3,2,2,4,2,2,1,3,3,4,3,4,7,7
GTEX-13W3W-2626-SM-5SIA2,Normal_GTEX,1,2,2,1,1,0,1,1,4,1,1,4,2,0,0,2,6,6
GTEX-WQUQ-2526-SM-4MVNO,Normal_GTEX,1,0,2,1,3,2,1,4,2,1,2,2,1,1,2,1,3,3
GTEX-P44H-0526-SM-2XCF1,Normal_GTEX,1,2,2,1,1,0,1,4,4,1,1,0,2,0,3,3,6,6
GTEX-11ONC-2326-SM-5HL6P,Normal_GTEX,1,2,2,1,1,0,1,1,4,1,1,0,2,0,3,3,6,6
GTEX-TSE9-0126-SM-3DB83,Normal_GTEX,1,0,2,1,3,2,2,4,2,2,1,3,3,4,3,4,7,7
GTEX-R55F-0226-SM-48FCI,Normal_GTEX,1,2,2,1,1,0,1,1,4,1,1,0,2,0,3,3,6,6
GTEX-13O3P-0226-SM-5KM3Z,Normal_GTEX,1,2,2,1,1,0,1,1,4,1,1,0,2,0,5,3,6,6
GTEX-VJYA-0005-SM-3P5ZD,Normal_GTEX,3,1,0,4,2,3,5,2,3,6,5,4,7,2,4,8,1,1
GTEX-PWCY-1326-SM-48TCU,Normal_GTEX,1,2,2,1,1,0,1,1,4,1,2,0,1,1,0,1,5,5
GTEX-POMQ-0006-SM-5SI7D,Normal_GTEX,3,1,0,4,2,3,5,2,3,6,5,4,7,2,4,8,1,1
GTEX-Y9LG-0426-SM-4VBRT,Normal_GTEX,1,0,2,1,3,2,1,4,2,1,2,2,2,1,2,3,3,3
GTEX-147F4-1226-SM-5NQAY,Normal_GTEX,1,2,2,1,1,0,1,1,4,1,3,0,2,5,0,2,0,0
GTEX-QXCU-0626-SM-2TC69,Normal_GTEX,1,0,2,1,3,2,2,4,2,3,2,2,4,1,2,5,3,3
GTEX-1269C-2626-SM-5EQ5C,Normal_GTEX,1,2,2,1,1,0,1,1,4,1,1,4,2,0,0,2,6,6
GTEX-12WSK-2326-SM-5GCOH,Normal_GTEX,1,0,2,1,3,2,2,4,2,2,1,3,3,4,3,4,7,7
GTEX-P4PQ-0126-SM-2S1NM,Normal_GTEX,1,0,2,1,3,2,2,4,2,2,1,3,3,4,3,4,7,7
GTEX-ZA64-1526-SM-5CVMD,Normal_GTEX,1,2,2,1,1,0,1,1,4,1,1,0,2,0,5,3,6,6
GTEX-1122O-0426-SM-5H12G,Normal_GTEX,1,2,2,1,1,0,1,1,4,1,3,0,1,5,0,1,0,0
TCGA-BH-A0BQ-11,Normal_TCGA,1,0,1,1,0,1,1,0,1,1,0,1,2,6,1,3,2,2
GTEX-1399Q-0005-SM-5NQAG,Normal_GTEX,3,1,0,4,2,3,5,2,3,6,5,4,7,2,4,8,1,1
GTEX-11EI6-0826-SM-5985V,Normal_GTEX,1,0,2,1,3,2,2,4,2,3,2,2,4,1,2,5,3,3
GTEX-11EI6-3126-SM-5H111,Normal_GTEX,1,1,0,1,2,3,2,3,0,3,4,5,4,3,6,5,4,4
GTEX-QV44-1726-SM-4R1KG,Normal_GTEX,1,0,0,1,3,2,2,3,2,3,4,5,4,3,6,5,4,4
GTEX-14E7W-0526-SM-5S2W8,Normal_GTEX,1,2,2,1,1,0,1,1,4,1,3,0,1,5,0,1,0,0
GTEX-S341-0326-SM-2XCAU,Normal_GTEX,1,0,2,1,3,2,2,4,2,3,2,2,4,1,2,5,3,3
GTEX-N7MS-2625-SM-3LK77,Normal_GTEX,1,1,0,1,2,3,2,3,0,3,4,5,4,3,6,5,4,4
GTEX-OHPJ-0926-SM-2HMJ1,Normal_GTEX,1,2,2,1,1,0,1,1,4,1,3,0,2,5,0,2,0,0
GTEX-13O61-0326-SM-5KM2O,Normal_GTEX,1,2,2,1,1,0,1,1,4,1,3,0,1,5,0,1,0,0
GTEX-REY6-0126-SM-48FDT,Normal_GTEX,1,0,0,1,3,2,2,3,2,3,4,5,4,3,6,5,4,4
GTEX-13PL7-2726-SM-5L3GB,Normal_GTEX,1,0,2,1,3,2,2,4,2,2,1,3,3,4,3,4,7,7
GTEX-QV44-0526-SM-2S1RE,Normal_GTEX,1,2,2,1,1,0,1,1,4,1,3,0,2,5,0,2,0,0
GTEX-WY7C-0426-SM-3NB3C,Normal_GTEX,1,0,2,1,3,2,2,4,2,3,2,2,4,1,2,5,3,3
GTEX-ZPCL-0004-SM-4WWD6,Normal_GTEX,3,1,0,4,2,3,5,2,3,6,5,4,7,2,4,8,1,1
GTEX-X5EB-0326-SM-4QASF,Normal_GTEX,1,2,2,1,1,0,1,1,4,1,3,0,1,5,0,1,0,0
GTEX-11DXY-1526-SM-5H129,Normal_GTEX,1,2,2,1,1,0,1,1,4,1,3,0,1,5,5,1,0,0
GTEX-ZPIC-0005-SM-4WWEB,Normal_GTEX,3,1,0,4,2,3,5,2,3,6,5,4,7,2,4,8,1,1
GTEX-13G51-2126-SM-5IJD9,Normal_GTEX,1,2,2,1,1,0,1,1,4,1,3,0,1,5,5,1,0,0
GTEX-Y5V6-2826-SM-4VDSF,Normal_GTEX,1,2,2,1,1,0,1,1,4,1,3,0,1,5,0,1,0,0
GTEX-Y111-1826-SM-4SOIR,Normal_GTEX,1,2,2,1,1,0,1,1,4,1,3,0,1,5,5,1,0,0
GTEX-TMZS-0001-SM-3P61Q,Normal_GTEX,3,1,0,4,2,3,5,2,3,6,5,4,7,2,4,8,1,1
TCGA-D8-A1JU-01,LumA,2,0,1,2,0,1,3,0,1,4,0,1,5,6,1,6,2,2
GTEX-11XUK-1426-SM-5EQMG,Normal_GTEX,1,0,2,1,3,2,2,4,2,3,2,2,4,1,2,5,3,3
GTEX-WOFM-0526-SM-4OOS2,Normal_GTEX,1,2,2,1,1,0,1,1,4,1,3,0,1,5,5,1,0,0
GTEX-N7MS-2526-SM-26GMA,Normal_GTEX,3,1,0,3,2,3,4,3,0,5,4,5,6,3,6,7,4,4
GTEX-WHPG-0226-SM-3NMB9,Normal_GTEX,1,0,2,1,3,2,1,4,2,1,2,2,2,1,2,3,3,3
GTEX-13FTZ-2226-SM-5LZXI,Normal_GTEX,1,2,2,1,1,0,1,1,4,1,1,4,2,0,0,2,6,6
GTEX-14AS3-1326-SM-5RQJE,Normal_GTEX,1,2,2,1,1,0,1,1,4,1,3,0,1,5,0,1,5,5
GTEX-QEG4-0426-SM-5S2VQ,Normal_GTEX,1,2,2,1,1,0,1,1,4,1,3,0,2,5,0,2,0,0
GTEX-1339X-0326-SM-5K7Z8,Normal_GTEX,1,2,2,1,1,0,1,1,4,1,3,0,2,5,0,2,0,0
GTEX-PLZ6-0126-SM-48TC6,Normal_GTEX,1,1,0,1,2,3,2,4,3,3,2,2,4,1,2,5,3,3
GTEX-11ONC-2826-SM-5P9GQ,Normal_GTEX,1,1,0,1,2,3,2,3,0,3,4,5,4,3,6,5,4,4
TCGA-B6-A0RL-01,LumB,2,0,1,2,0,1,3,0,1,4,0,1,5,6,1,6,2,2
GTEX-N7MS-2526-SM-26GMR,Normal_GTEX,3,1,0,4,2,3,5,3,0,6,4,5,7,3,6,8,4,4
GTEX-1122O-1526-SM-5N9CL,Normal_GTEX,1,0,2,1,3,2,2,4,2,3,2,2,4,1,2,5,3,3
GTEX-1497J-1226-SM-5Q5BL,Normal_GTEX,1,2,2,1,1,0,1,1,4,1,3,0,2,5,0,2,0,0
GTEX-13OW7-2726-SM-5L3HN,Normal_GTEX,1,1,0,1,2,3,2,3,4,3,2,2,4,1,2,5,5,5
GTEX-QLQ7-0826-SM-447B3,Normal_GTEX,1,0,2,1,3,2,2,4,2,3,2,2,4,1,2,5,3,3
GTEX-XPVG-1026-SM-4B64Y,Normal_GTEX,1,0,2,1,3,2,2,4,2,3,2,2,4,1,2,5,3,3
GTEX-WYBS-1026-SM-4ONCY,Normal_GTEX,1,2,2,1,1,0,1,1,4,1,2,0,2,0,5,3,6,6
GTEX-ZPCL-1426-SM-57WEC,Normal_GTEX,1,0,2,1,3,2,2,4,2,2,1,3,3,4,3,4,7,7
GTEX-Y114-2626-SM-4TT8Y,Normal_GTEX,1,2,2,1,1,0,1,1,4,1,1,0,2,0,3,3,6,6
GTEX-ZZPU-0326-SM-5N9BJ,Normal_GTEX,1,2,2,1,1,0,1,1,4,1,3,0,2,0,5,3,6,6
GTEX-VJYA-0826-SM-4KL1M,Normal_GTEX,1,0,2,1,3,2,2,4,2,3,2,2,4,1,2,5,3,3
GTEX-ZPU1-2126-SM-57WED,Normal_GTEX,1,0,0,1,3,2,2,3,2,3,4,5,4,3,6,5,4,4
GTEX-X585-0008-SM-46MU4,Normal_GTEX,3,2,2,4,1,0,5,1,3,6,1,4,7,0,0,8,5,5
GTEX-S4UY-0426-SM-3K2AF,Normal_GTEX,1,2,2,1,1,0,1,1,4,1,3,0,1,5,0,1,0,0
GTEX-12WSD-2826-SM-59HKT,Normal_GTEX,1,2,2,1,1,0,1,1,4,1,3,0,1,5,5,1,0,0
GTEX-NPJ7-0011-R6a-SM-2I3G7,Normal_GTEX,3,1,0,3,2,3,4,3,0,5,4,5,6,3,6,7,4,4
GTEX-UPIC-1726-SM-4IHKG,Normal_GTEX,1,0,2,1,3,2,2,4,2,3,2,2,4,1,2,5,3,3
GTEX-WZTO-0626-SM-4PQYY,Normal_GTEX,1,0,2,1,3,2,2,4,2,3,2,2,4,1,2,5,3,3
TCGA-E2-A153-11,Normal_TCGA,1,0,1,1,0,1,1,0,1,1,0,1,2,6,1,3,2,2
GTEX-WHSB-0005-SM-3LK7C,Normal_GTEX,3,1,0,4,2,3,5,2,3,6,5,4,7,2,4,8,1,1
GTEX-Y9LG-0226-SM-4VBS4,Normal_GTEX,1,2,2,1,1,0,1,1,4,1,3,0,1,5,0,1,0,0
GTEX-13PVQ-0726-SM-5L3GI,Normal_GTEX,1,0,2,1,3,2,1,4,2,1,2,2,2,1,2,3,3,3
GTEX-OHPL-1626-SM-2HMIR,Normal_GTEX,1,2,2,1,1,0,1,1,4,1,1,4,2,0,0,2,6,6
GTEX-POYW-0006-SM-2XCF4,Normal_GTEX,3,1,2,4,2,3,5,2,3,6,5,4,7,2,4,8,1,1
GTEX-12WSN-2726-SM-5LZUK,Normal_GTEX,1,2,2,1,1,0,1,1,4,1,3,0,1,5,0,1,0,0
GTEX-12584-0926-SM-5FQTN,Normal_GTEX,1,2,2,1,1,0,1,1,4,1,3,0,2,5,0,2,0,0
GTEX-132AR-2426-SM-5IFFD,Normal_GTEX,1,0,2,1,3,2,2,4,2,3,2,2,4,1,2,5,3,3
GTEX-132Q8-3026-SM-5PNVG,Normal_GTEX,3,1,0,3,2,3,4,3,0,5,4,5,6,3,6,7,4,4
GTEX-RM2N-0626-SM-48FD6,Normal_GTEX,1,2,2,1,1,0,1,1,4,1,3,0,1,5,5,1,0,0
GTEX-ZYW4-1426-SM-5SIAX,Normal_GTEX,1,2,2,1,1,0,1,1,4,1,3,0,1,5,5,1,0,0
GTEX-ZT9X-1826-SM-57WDU,Normal_GTEX,1,2,2,1,1,0,1,1,4,1,1,4,2,0,0,2,6,6
GTEX-UJMC-0526-SM-3GAE3,Normal_GTEX,1,2,2,1,1,0,1,1,4,1,3,0,2,5,0,2,0,0
GTEX-RU1J-0006-SM-2TF6M,Normal_GTEX,3,1,0,4,2,3,5,2,3,6,5,4,7,2,4,8,1,1
GTEX-Y114-1926-SM-4TT8J,Normal_GTEX,1,2,2,1,1,0,1,1,4,1,3,0,1,5,5,1,0,0
GTEX-ZF3C-2026-SM-4WWB5,Normal_GTEX,1,0,2,1,3,2,2,4,2,3,2,2,4,1,2,5,3,3
GTEX-X4EP-2926-SM-3P5YQ,Normal_GTEX,1,0,2,1,3,2,1,4,2,1,1,0,2,5,5,3,0,6
GTEX-NPJ7-2726-SM-2I3FT,Normal_GTEX,3,1,0,3,2,3,4,3,0,5,4,5,6,3,6,7,4,4
GTEX-13OVJ-0011-R9b-SM-5L3GD,Normal_GTEX,3,1,0,3,2,3,4,3,0,5,4,5,6,3,6,7,4,4
GTEX-ZA64-2226-SM-5Q5A9,Normal_GTEX,1,2,2,1,1,0,1,1,4,1,3,0,1,5,0,1,0,0
GTEX-XUW1-1726-SM-4BOOZ,Normal_GTEX,1,0,2,1,3,2,2,4,2,3,2,2,4,1,2,5,3,3
GTEX-12BJ1-1426-SM-5BC5Q,Normal_GTEX,1,2,2,1,1,0,1,1,4,1,3,0,1,5,5,1,0,0
GTEX-131XE-2026-SM-5LZW1,Normal_GTEX,1,2,2,1,1,0,1,1,4,1,1,0,2,0,5,3,6,6
GTEX-111FC-0326-SM-5GZZ1,Normal_GTEX,1,2,2,1,1,0,1,1,4,1,1,4,2,0,0,2,6,6
TCGA-E9-A3HO-01,LumB,2,0,1,2,0,1,3,0,1,4,0,1,5,6,1,6,2,2
GTEX-XAJ8-1026-SM-47JY9,Normal_GTEX,1,2,2,1,1,0,1,1,4,1,1,4,2,0,0,2,6,6
GTEX-XLM4-0011-R10A-SM-4AT5P,Normal_GTEX,3,1,0,3,2,3,4,3,0,5,4,5,6,3,6,7,4,4
TCGA-BH-A0B0-01,LumA,2,0,1,2,0,1,3,0,1,4,0,1,5,6,1,6,2,2
GTEX-XMD2-0006-SM-4WWEG,Normal_GTEX,3,1,0,4,2,3,5,2,3,6,5,4,7,2,4,8,1,1
GTEX-13SLW-0226-SM-5S2NA,Normal_GTEX,1,2,2,1,1,0,1,1,4,1,1,0,2,0,5,3,6,6
GTEX-YBZK-0005-SM-59HKG,Normal_GTEX,3,1,0,4,2,3,5,2,3,6,5,4,7,2,4,8,1,1
GTEX-1399R-0126-SM-5IFEV,Normal_GTEX,1,0,2,1,3,2,1,4,2,1,2,2,2,1,2,3,3,3
GTEX-13FHP-0226-SM-5K7WD,Normal_GTEX,1,2,2,1,1,0,1,1,4,1,1,0,2,0,5,3,6,6
TCGA-D8-A1XJ-01,Her2,2,0,1,2,0,1,3,0,1,4,0,1,5,6,1,6,2,2
GTEX-R55G-0126-SM-48FDS,Normal_GTEX,1,1,0,1,2,3,2,1,4,3,2,2,4,1,2,5,5,5
GTEX-Y5V5-2526-SM-4VBQ4,Normal_GTEX,1,2,2,1,1,0,1,1,4,1,1,4,2,0,0,2,6,6
GTEX-S32W-0004-SM-2XCE9,Normal_GTEX,3,1,0,4,2,3,5,2,3,6,5,4,7,2,4,8,1,1
GTEX-W5WG-1626-SM-4LMKG,Normal_GTEX,1,0,2,1,3,2,2,4,2,2,1,3,3,4,3,4,7,7
GTEX-12ZZZ-0011-R10a-SM-5P9HC,Normal_GTEX,3,1,0,3,2,3,4,3,0,5,4,5,6,3,6,7,4,4
GTEX-X4XY-0011-R8A-SM-46MVC,Normal_GTEX,3,1,0,3,2,3,4,3,0,5,4,5,6,3,6,7,4,4
GTEX-13QJC-0011-R6a-SM-5S2VI,Normal_GTEX,3,1,0,3,2,3,4,3,0,5,4,5,6,3,6,7,4,4
GTEX-N7MT-1426-SM-3LK5M,Normal_GTEX,1,2,2,1,1,0,1,1,4,1,3,0,1,5,0,1,0,0
GTEX-ZUA1-0011-R8b-SM-51MST,Normal_GTEX,3,1,0,3,2,3,4,3,0,5,4,5,6,3,6,7,4,4
GTEX-139TU-0226-SM-5J1NM,Normal_GTEX,1,2,2,1,1,0,1,1,4,1,1,0,2,0,5,3,6,6
GTEX-146FH-2426-SM-5Q5EW,Normal_GTEX,1,2,2,1,1,0,1,1,4,1,3,0,1,5,5,1,0,0
GTEX-ZTSS-1126-SM-5985O,Normal_GTEX,1,0,2,1,3,2,2,4,2,3,2,2,4,1,2,5,3,3
GTEX-X5EB-0626-SM-46MVQ,Normal_GTEX,1,2,2,1,1,0,1,1,4,1,3,0,2,5,0,2,0,0
GTEX-13NYB-0726-SM-5MR4J,Normal_GTEX,1,0,2,1,3,2,1,4,2,1,2,2,2,1,2,3,3,3
GTEX-ZYVF-2526-SM-5E45C,Normal_GTEX,1,2,2,1,1,0,1,1,4,1,3,0,1,5,5,1,0,0
GTEX-13FHP-0011-R7b-SM-5LZYI,Normal_GTEX,3,1,0,3,2,3,4,3,0,5,4,5,6,3,6,7,4,4
TCGA-AC-A2FK-01,Normal,1,0,1,1,0,1,1,0,1,1,0,1,2,6,1,3,2,2
GTEX-ZE7O-1526-SM-5J1NH,Normal_GTEX,1,2,2,1,1,0,1,1,4,1,2,0,2,0,5,3,6,6
GTEX-11EMC-3326-SM-5P9JH,Normal_GTEX,3,1,0,3,2,3,4,3,0,5,4,5,6,3,6,7,4,4
GTEX-ZYVF-0526-SM-5E43E,Normal_GTEX,1,2,2,1,1,0,1,1,4,1,3,0,1,5,5,1,0,0
GTEX-13X6I-1526-SM-5SIAC,Normal_GTEX,1,2,2,1,1,0,1,1,4,1,2,0,2,0,5,3,6,6
GTEX-U3ZH-0126-SM-4DXUK,Normal_GTEX,1,1,0,1,2,3,2,4,3,3,2,2,4,1,2,5,3,3
TCGA-E9-A1R4-01,LumB,2,0,1,2,0,1,3,0,1,4,0,1,5,6,1,6,2,2
GTEX-13N2G-2226-SM-5IJCU,Normal_GTEX,1,2,2,1,1,0,1,1,4,1,3,0,1,5,5,1,0,0
GTEX-ZDXO-0426-SM-4WKF6,Normal_GTEX,1,2,2,1,1,0,1,1,4,1,3,0,2,5,0,2,0,0
GTEX-13112-0011-R7b-SM-5DUVW,Normal_GTEX,3,1,0,3,2,3,4,3,0,5,4,5,6,3,6,7,4,4
TCGA-BH-A0BZ-01,LumB,2,0,1,2,0,1,3,0,1,4,0,1,5,6,1,6,2,2
GTEX-13N11-0526-SM-5IJFI,Normal_GTEX,1,2,2,1,1,0,1,1,4,1,3,0,1,5,0,1,5,5
GTEX-12WSA-0011-R5b-SM-5GU5I,Normal_GTEX,3,1,0,3,2,3,4,3,0,5,4,5,6,3,6,7,4,4
GTEX-145LV-0226-SM-5S2QG,Normal_GTEX,1,2,2,1,1,0,1,1,4,1,3,0,2,5,0,2,0,0
GTEX-S7SE-0826-SM-4AT4D,Normal_GTEX,1,2,2,1,1,0,1,1,4,1,1,0,2,0,5,3,6,6
GTEX-XXEK-1026-SM-4BRUW,Normal_GTEX,1,0,2,1,3,2,2,4,2,3,2,2,4,1,2,5,3,3
GTEX-132NY-0326-SM-5IJBL,Normal_GTEX,1,0,2,1,3,2,2,4,2,2,1,3,3,4,3,4,7,7
GTEX-ZT9X-0008-SM-4YCD7,Normal_GTEX,3,2,2,4,1,0,5,1,3,6,1,4,7,0,0,8,5,5
TCGA-C8-A3M8-01,LumB,2,0,1,2,0,1,3,0,1,4,0,1,5,6,1,6,2,2
GTEX-POMQ-0626-SM-3P61E,Normal_GTEX,1,2,2,1,1,0,1,1,4,1,3,0,1,5,5,1,0,0
GTEX-ZF28-3026-SM-4WKHP,Normal_GTEX,3,1,0,3,2,3,4,3,0,5,4,5,6,3,6,7,4,4
GTEX-OOBJ-1026-SM-3NB2L,Normal_GTEX,1,0,2,1,3,2,2,4,2,3,2,2,4,1,2,5,3,3
GTEX-P78B-1626-SM-2S1O1,Normal_GTEX,1,2,2,1,1,0,1,1,4,1,1,4,2,0,0,2,6,6
GTEX-ZUA1-0011-R7b-SM-4YCDP,Normal_GTEX,3,1,0,3,2,3,4,3,0,5,4,5,6,3,6,7,4,4
GTEX-11ZVC-0011-R9a-SM-57WC5,Normal_GTEX,3,1,0,3,2,3,4,3,0,5,4,5,6,3,6,7,4,4
GTEX-1399U-1526-SM-5J2N7,Normal_GTEX,1,0,2,1,3,2,2,4,2,2,1,3,3,4,3,4,7,7
GTEX-13FH7-2126-SM-5L3DJ,Normal_GTEX,1,2,2,1,1,0,1,1,4,1,1,4,2,0,0,2,6,6
GTEX-SUCS-0226-SM-32PLQ,Normal_GTEX,1,0,2,1,3,2,1,4,2,1,2,2,2,1,2,3,3,3
GTEX-11DXX-0008-SM-5Q5B8,Normal_GTEX,3,2,2,4,1,0,5,2,3,6,5,4,7,2,0,8,5,5
GTEX-SIU7-1326-SM-4BRWW,Normal_GTEX,1,2,2,1,1,0,1,1,4,1,3,0,1,5,5,1,0,0
GTEX-WZTO-0011-R4A-SM-3NMC7,Normal_GTEX,3,1,0,3,2,3,4,3,0,5,4,5,6,3,6,7,4,4
GTEX-XAJ8-1126-SM-47JYA,Normal_GTEX,1,2,2,1,1,0,1,1,4,1,1,0,2,0,3,3,6,6
GTEX-11O72-0626-SM-5PNYE,Normal_GTEX,1,0,2,1,3,2,2,4,2,2,1,3,3,4,3,4,7,7
GTEX-13PVQ-1926-SM-5L3GN,Normal_GTEX,1,2,2,1,1,0,1,1,4,1,3,0,1,5,5,1,0,0
GTEX-OIZH-1326-SM-3NB1H,Normal_GTEX,1,2,0,1,1,3,2,1,4,3,2,2,4,1,2,5,5,5
GTEX-13NZ9-0826-SM-5J1NI,Normal_GTEX,1,2,2,1,1,0,1,1,4,1,3,0,1,0,5,1,6,0
GTEX-13FLV-1226-SM-5IJBZ,Normal_GTEX,1,2,2,1,1,0,1,1,4,1,3,0,1,5,5,1,0,0
GTEX-ZDYS-0626-SM-5J2N5,Normal_GTEX,1,0,2,1,3,2,1,4,2,1,2,2,2,1,2,3,3,3
GTEX-14DAQ-2526-SM-5RQIO,Normal_GTEX,1,2,2,1,1,0,1,1,4,1,3,0,2,0,5,3,6,6
GTEX-Y8LW-1526-SM-5IFHL,Normal_GTEX,1,0,2,1,3,2,2,4,2,2,1,3,3,4,3,4,7,7
GTEX-13PL6-0526-SM-5L3G6,Normal_GTEX,1,2,2,1,1,0,1,1,4,1,3,0,1,5,0,1,0,0
GTEX-QV44-2226-SM-447A3,Normal_GTEX,1,2,2,1,1,0,1,1,4,1,3,0,1,5,0,1,0,0
GTEX-ZF2S-1526-SM-5S2OO,Normal_GTEX,1,2,2,1,1,0,1,1,4,1,1,0,2,0,5,3,6,6
GTEX-RUSQ-0926-SM-47JWU,Normal_GTEX,1,2,2,1,1,0,1,1,4,1,3,0,1,5,5,1,0,0
GTEX-WHSE-0426-SM-4M1XO,Normal_GTEX,1,0,0,1,3,2,2,3,2,3,4,5,4,3,6,5,4,4
GTEX-117YX-1126-SM-5H128,Normal_GTEX,1,2,2,1,1,0,1,1,4,1,3,0,2,5,0,2,0,0
GTEX-OHPK-1626-SM-2YUN3,Normal_GTEX,1,2,2,1,1,0,1,1,4,1,1,4,2,0,0,2,6,6
GTEX-Q734-1626-SM-48U1B,Normal_GTEX,1,2,2,1,1,0,1,1,4,1,3,0,1,5,5,1,0,0
GTEX-WWYW-2726-SM-4MVOP,Normal_GTEX,1,2,2,1,1,0,1,1,4,1,2,0,1,1,0,1,5,5
GTEX-12696-1126-SM-5FQTI,Normal_GTEX,1,2,2,1,1,0,1,1,4,1,3,0,2,5,0,2,0,0
GTEX-13O61-0126-SM-5KM4P,Normal_GTEX,1,2,0,1,1,3,2,1,4,3,2,2,4,1,2,5,5,5
GTEX-13PVR-2326-SM-5QGR1,Normal_GTEX,1,0,2,1,3,2,2,4,2,2,1,3,3,4,3,4,7,7
GTEX-139YR-2426-SM-5J1OB,Normal_GTEX,1,2,2,1,1,0,1,1,4,1,1,0,2,0,5,3,6,6
GTEX-1211K-0426-SM-5FQTP,Normal_GTEX,1,1,0,1,2,3,2,4,3,3,2,2,4,1,2,5,3,3
GTEX-PWCY-0726-SM-48TCS,Normal_GTEX,1,0,2,1,3,2,2,4,2,2,1,3,3,4,3,4,7,7
GTEX-13FH7-1226-SM-5IJFK,Normal_GTEX,1,0,2,1,3,2,2,4,2,3,2,2,4,1,2,5,3,3
GTEX-ZXG5-0326-SM-5GICH,Normal_GTEX,1,2,2,1,1,0,1,1,4,1,1,4,2,0,0,2,6,6
GTEX-111VG-1926-SM-5GIDO,Normal_GTEX,1,0,0,1,3,2,2,3,2,3,4,5,4,3,6,5,4,4
GTEX-Q2AG-0005-SM-5SI7F,Normal_GTEX,3,1,0,4,2,3,5,2,3,6,5,4,7,2,4,8,1,1
TCGA-E9-A24A-01,LumA,2,0,1,2,0,1,3,0,1,4,0,1,5,6,1,6,2,2
GTEX-XMK1-2626-SM-4B65R,Normal_GTEX,1,0,2,1,3,1,2,4,1,3,2,1,4,1,3,5,3,2
GTEX-NPJ7-0011-R11A-SM-2I3E8,Normal_GTEX,3,1,0,3,2,3,4,3,0,5,4,5,6,3,6,7,4,4
GTEX-13FH7-0226-SM-5IFGG,Normal_GTEX,1,2,2,1,1,3,2,1,4,3,2,2,4,1,2,5,5,5
GTEX-13OVL-0011-R6a-SM-5L3G4,Normal_GTEX,3,1,0,3,2,3,4,3,0,5,4,5,6,3,6,7,4,4
GTEX-POYW-1226-SM-5LU5O,Normal_GTEX,1,0,2,1,3,2,2,4,2,3,2,2,4,1,2,5,3,3
GTEX-13OW6-0526-SM-5L3HY,Normal_GTEX,1,2,2,1,1,0,1,1,4,1,1,0,2,0,5,3,6,6
GTEX-11DZ1-2026-SM-5A5KG,Normal_GTEX,1,0,2,1,3,2,2,4,2,2,1,3,3,4,3,4,7,7
GTEX-T6MO-1626-SM-32QOM,Normal_GTEX,1,0,2,1,3,2,2,4,2,2,1,3,3,4,3,4,7,7
GTEX-13NYB-0011-R1b-SM-5KM4F,Normal_GTEX,3,1,0,3,2,3,4,3,0,5,4,5,6,3,6,7,4,4
TCGA-D8-A1JB-01,LumA,2,0,1,2,0,1,3,0,1,4,0,1,5,6,1,6,2,2
GTEX-PX3G-0726-SM-48TZT,Normal_GTEX,1,2,2,1,1,0,1,1,4,1,3,0,1,5,5,1,0,0
GTEX-YB5E-1026-SM-5IFI2,Normal_GTEX,1,2,2,1,1,0,1,1,4,1,3,0,1,5,5,1,0,0
GTEX-ZVZP-2426-SM-59HKJ,Normal_GTEX,1,0,2,1,3,2,2,4,2,2,1,3,3,4,3,4,7,7
GTEX-ZYFC-2626-SM-5NQ6S,Normal_GTEX,1,2,2,1,1,0,1,1,4,1,3,0,1,5,5,1,0,0
TCGA-E9-A1N4-01,LumA,2,0,1,2,0,1,3,0,1,4,0,1,5,6,1,6,2,2
GTEX-117YW-0526-SM-5H11C,Normal_GTEX,1,0,2,1,3,2,2,4,2,3,2,2,4,1,2,5,3,3
GTEX-WHSE-0011-R8A-SM-3P5Z1,Normal_GTEX,3,1,0,3,2,3,4,3,0,5,4,5,6,3,6,7,4,4
GTEX-U4B1-1826-SM-4DXSU,Normal_GTEX,1,0,2,1,3,2,1,4,2,1,1,0,2,4,5,3,7,6
GTEX-ZVZO-0126-SM-5A5L9,Normal_GTEX,1,0,2,1,3,2,2,4,2,2,1,3,3,4,3,4,7,7
GTEX-13FTY-2126-SM-5IFFB,Normal_GTEX,1,0,2,1,3,2,2,4,2,2,1,3,3,4,3,4,7,7
GTEX-11ZUS-2726-SM-5FQUA,Normal_GTEX,1,0,0,1,3,2,2,3,2,3,4,5,4,3,6,5,4,4
TCGA-C8-A12X-01,LumA,2,1,1,2,0,1,3,0,1,4,0,1,5,6,1,6,2,2
GTEX-T5JC-0626-SM-3NMA6,Normal_GTEX,1,2,2,1,1,0,1,1,4,1,1,4,2,0,0,2,6,6
GTEX-T6MN-0011-R4A-SM-32QPG,Normal_GTEX,3,1,0,3,2,3,4,3,0,5,4,5,6,3,6,7,4,4
GTEX-ZTTD-1426-SM-4YCEX,Normal_GTEX,1,2,2,1,1,0,1,1,4,1,3,0,1,5,5,1,0,0
GTEX-132AR-0006-SM-5NQ7N,Normal_GTEX,3,1,0,4,2,3,5,2,3,6,5,4,7,2,4,8,1,1
GTEX-139TU-0526-SM-5J2M8,Normal_GTEX,1,2,2,1,1,0,1,1,4,1,1,4,2,0,0,2,6,6
GTEX-T6MO-0426-SM-32QOI,Normal_GTEX,1,0,2,1,3,2,2,4,2,3,2,2,4,1,2,5,3,3
TCGA-A7-A13D-01,Basal,2,0,1,2,3,1,3,4,1,4,0,1,5,6,1,6,2,2
GTEX-QLQ7-1326-SM-4R1JY,Normal_GTEX,1,0,2,1,3,2,1,4,2,1,2,2,1,1,2,1,3,3
GTEX-13OVK-0006-SM-5O9B7,Normal_GTEX,3,1,0,4,2,3,5,2,3,6,5,4,7,2,4,8,1,1
GTEX-WFG8-1026-SM-4LVMZ,Normal_GTEX,1,2,2,1,1,0,1,1,4,1,3,0,1,5,5,1,0,0
GTEX-11NUK-2026-SM-5PNVZ,Normal_GTEX,1,2,2,1,1,0,1,1,4,1,2,0,2,0,5,3,6,6
GTEX-PWN1-0226-SM-5SI7O,Normal_GTEX,1,2,2,1,1,0,1,1,4,1,1,0,2,0,5,3,6,6
GTEX-ZT9W-1626-SM-4YCDQ,Normal_GTEX,1,0,2,1,3,2,1,4,2,1,2,2,1,1,2,1,3,3
GTEX-WK11-0626-SM-3NMAV,Normal_GTEX,1,2,2,1,1,0,1,1,4,1,3,0,2,5,0,2,0,0
GTEX-R55G-0726-SM-2TC6J,Normal_GTEX,1,0,2,1,3,2,1,4,2,1,2,2,2,1,2,3,3,3
GTEX-11EQ9-1226-SM-5987E,Normal_GTEX,1,2,2,1,1,0,1,1,4,1,3,0,1,5,5,1,0,0
GTEX-13NYB-0226-SM-5N9G4,Normal_GTEX,1,2,2,1,1,0,1,1,4,1,3,0,2,5,0,2,0,0
GTEX-RWS6-0926-SM-47JXE,Normal_GTEX,1,0,2,1,3,2,2,4,2,3,2,2,4,1,2,5,3,3
GTEX-13111-0326-SM-5DUXF,Normal_GTEX,1,2,0,1,1,3,2,1,4,3,2,2,4,1,2,5,5,5
GTEX-139YR-2726-SM-5K7VV,Normal_GTEX,1,2,2,1,1,0,1,1,4,1,3,0,1,5,0,1,0,0
GTEX-OXRP-0126-SM-3NB32,Normal_GTEX,1,0,2,1,3,2,2,4,2,2,1,3,3,4,3,4,7,7
GTEX-O5YT-1826-SM-32PK9,Normal_GTEX,1,2,2,1,1,0,1,1,4,1,3,0,1,5,0,1,0,0
GTEX-W5X1-1426-SM-3GIKH,Normal_GTEX,1,2,2,1,1,0,1,1,4,1,1,0,2,0,5,3,6,6
GTEX-13X6H-1626-SM-5Q5CT,Normal_GTEX,1,2,2,1,1,0,1,1,4,1,3,0,1,5,5,1,0,0
GTEX-146FR-0926-SM-5QGPE,Normal_GTEX,1,2,2,1,1,0,1,1,4,1,3,0,2,5,0,2,0,0
GTEX-X4LF-0006-SM-3NMCO,Normal_GTEX,3,1,0,4,2,3,5,2,3,6,5,4,7,2,4,8,1,1
GTEX-YFC4-0008-SM-4RGM3,Normal_GTEX,3,2,2,4,1,0,5,1,3,6,1,4,7,0,0,8,5,5
GTEX-1399U-0426-SM-5K7UU,Normal_GTEX,1,2,2,1,1,0,1,1,4,1,3,0,1,5,0,1,0,0
TCGA-A8-A07W-01,LumB,2,0,1,2,0,1,3,0,1,4,0,1,5,6,1,6,2,2
GTEX-13FH7-1126-SM-5K7UG,Normal_GTEX,1,0,2,1,3,2,2,4,2,2,1,3,3,4,3,4,7,7
GTEX-XGQ4-0004-SM-4AT5S,Normal_GTEX,3,1,0,4,2,3,5,2,3,6,5,4,7,2,4,8,1,1
GTEX-131XF-0426-SM-5HL7U,Normal_GTEX,1,2,2,1,1,0,1,1,4,1,3,0,2,5,0,2,0,0
GTEX-14BIM-2226-SM-5SI8Y,Normal_GTEX,1,2,2,1,1,0,1,1,4,1,3,0,1,5,5,1,0,0
GTEX-147GR-0526-SM-5S2MY,Normal_GTEX,1,0,2,1,3,2,2,4,2,2,1,3,3,4,3,4,7,7
GTEX-Y8LW-1826-SM-5S2MV,Normal_GTEX,1,0,2,1,3,2,2,4,2,2,1,3,3,4,3,4,7,7
GTEX-OXRL-0005-SM-3LK6A,Normal_GTEX,3,1,0,4,2,3,5,2,3,6,5,4,7,2,4,8,1,1
GTEX-13OVL-1526-SM-5K7WA,Normal_GTEX,1,2,2,1,1,0,1,1,4,1,1,0,2,0,3,3,6,6
GTEX-11P82-0126-SM-5HL72,Normal_GTEX,1,2,2,1,1,0,1,1,4,1,3,0,1,5,0,1,0,0
GTEX-WRHU-0626-SM-3MJFI,Normal_GTEX,1,2,2,1,1,0,1,1,4,1,1,0,2,0,3,3,6,6
GTEX-ZLFU-0726-SM-57WF6,Normal_GTEX,1,0,2,1,3,2,2,4,2,3,2,2,4,1,2,5,3,3
GTEX-11TUW-1226-SM-5GU7C,Normal_GTEX,1,2,2,1,1,0,1,1,4,1,3,0,1,5,5,1,0,0
GTEX-X4EP-0726-SM-3P5YJ,Normal_GTEX,1,2,2,1,1,0,1,1,4,1,1,0,2,0,3,3,6,6
GTEX-S33H-1126-SM-2XCB6,Normal_GTEX,1,2,2,1,1,0,1,1,4,1,1,0,2,0,5,3,6,6
GTEX-O5YU-0008-SM-4E3I7,Normal_GTEX,3,2,2,4,1,0,5,2,3,6,5,4,7,2,0,8,5,5
GTEX-ZDXO-0011-R1a-SM-4WKF4,Normal_GTEX,3,1,0,3,2,3,4,3,0,5,4,5,6,3,6,7,4,4
GTEX-ZDYS-2326-SM-4WKG6,Normal_GTEX,1,0,2,1,3,2,2,4,2,3,2,2,4,1,2,5,3,3
GTEX-145LU-2026-SM-5Q5E8,Normal_GTEX,1,2,2,1,1,0,1,1,4,1,1,4,2,0,0,2,6,6
GTEX-146FR-1426-SM-5SIAV,Normal_GTEX,1,2,2,1,1,0,1,1,4,1,1,0,2,0,3,3,6,6
GTEX-132NY-1026-SM-5P9IY,Normal_GTEX,1,0,2,1,3,2,1,4,2,1,2,2,2,1,2,3,3,3
GTEX-13N1W-0826-SM-5MR5J,Normal_GTEX,1,0,2,1,3,2,1,4,2,1,2,2,2,1,2,3,3,3
GTEX-ZTX8-0426-SM-59HLG,Normal_GTEX,1,2,2,1,1,0,1,1,4,1,3,0,1,5,5,1,0,0
GTEX-146FH-2026-SM-5SI9I,Normal_GTEX,1,2,2,1,1,0,1,1,4,1,1,0,2,0,5,3,6,6
GTEX-ZWKS-0326-SM-5NQ7G,Normal_GTEX,1,2,2,1,1,0,1,1,4,1,1,4,2,0,0,2,6,6
GTEX-12WSK-2626-SM-5GCOT,Normal_GTEX,1,2,2,1,1,0,1,1,4,1,1,0,2,0,3,3,6,6
GTEX-12WSL-1326-SM-5LZVW,Normal_GTEX,1,2,2,1,1,0,1,1,4,1,3,0,1,5,5,1,0,0
GTEX-X8HC-0126-SM-4E3JW,Normal_GTEX,1,0,2,1,3,2,2,4,2,2,1,3,3,4,3,4,7,7
GTEX-11I78-1526-SM-5A5K7,Normal_GTEX,1,0,2,1,3,2,2,4,2,2,1,3,3,4,3,4,7,7
GTEX-X15G-1426-SM-4PQZK,Normal_GTEX,1,0,2,1,3,2,2,4,2,3,2,2,4,1,2,5,3,3
GTEX-11DXY-3226-SM-5GIDE,Normal_GTEX,3,1,0,3,2,3,4,3,0,5,4,5,6,3,6,7,4,4
GTEX-ZDTS-0226-SM-5HL7Q,Normal_GTEX,1,2,2,1,1,0,1,1,4,1,1,0,2,0,5,3,6,6
GTEX-12WSM-0726-SM-5GCOW,Normal_GTEX,1,0,2,1,3,2,2,4,2,3,2,2,4,1,2,5,3,3
GTEX-ZC5H-2726-SM-5KLZW,Normal_GTEX,1,0,2,1,3,1,2,4,1,3,1,1,4,1,3,5,3,2
GTEX-WYJK-0326-SM-3NMA8,Normal_GTEX,1,2,2,1,1,0,1,1,4,1,1,0,2,0,3,3,6,6
GTEX-PWCY-2026-SM-5QGQ9,Normal_GTEX,1,2,2,1,1,0,1,1,4,1,1,4,2,0,0,2,6,6
GTEX-13NYB-2926-SM-5K7VH,Normal_GTEX,1,2,2,1,1,0,1,1,4,1,3,0,1,5,0,1,0,0
GTEX-ZYFG-0126-SM-5GIDH,Normal_GTEX,1,2,2,1,1,0,1,1,4,1,3,0,1,5,0,1,0,0
GTEX-WOFM-0426-SM-4OOSG,Normal_GTEX,1,0,2,1,3,2,2,4,2,2,1,3,3,4,3,4,7,7
TCGA-A7-A0CE-11,Normal_TCGA,1,0,1,1,0,1,1,0,1,1,0,1,2,6,1,3,2,2
GTEX-ZAB5-1426-SM-5HL9D,Normal_GTEX,1,2,2,1,1,0,1,1,4,1,3,0,1,5,5,1,0,0
TCGA-AN-A0FN-01,LumA,2,0,1,2,0,1,3,0,1,4,0,1,5,6,1,6,2,2
GTEX-11EQ9-1126-SM-5987I,Normal_GTEX,1,2,2,1,1,0,1,1,4,1,2,0,2,0,5,3,6,6
GTEX-ZV68-0011-R5a-SM-4YCDW,Normal_GTEX,3,1,0,3,2,3,4,3,0,5,4,5,6,3,6,7,4,4
GTEX-11ZTT-0426-SM-5EQLK,Normal_GTEX,1,2,2,1,1,0,1,1,4,1,3,0,1,5,0,1,6,0
GTEX-11EM3-1026-SM-5A5KL,Normal_GTEX,1,0,2,1,3,2,2,4,2,3,2,2,4,1,2,5,3,3
GTEX-111YS-1726-SM-5GIED,Normal_GTEX,1,0,2,1,3,2,1,4,2,1,2,2,1,1,2,1,3,3
GTEX-1497J-0005-SM-5NQBD,Normal_GTEX,3,1,0,4,2,3,5,2,3,6,5,4,7,2,4,8,1,1
GTEX-WFG7-0326-SM-5SI7L,Normal_GTEX,1,0,2,1,3,2,1,4,2,1,2,2,2,1,2,3,3,3
GTEX-QCQG-1926-SM-2S1PI,Normal_GTEX,1,2,2,1,1,0,1,1,4,1,3,0,1,0,0,1,6,0
GTEX-12WSG-2426-SM-5EQLZ,Normal_GTEX,1,2,2,1,1,0,1,1,4,1,3,0,1,5,5,1,0,0
GTEX-WYJK-0826-SM-3NM8Y,Normal_GTEX,1,0,2,1,3,2,2,4,2,3,2,2,4,1,2,5,3,3
TCGA-E2-A1L6-01,LumA,2,0,1,2,0,1,3,0,1,4,0,1,5,6,1,6,2,2
GTEX-XGQ4-1526-SM-4AT6H,Normal_GTEX,1,0,2,1,3,2,2,4,2,2,1,3,3,4,3,4,7,7
GTEX-11GSP-0011-R6b-SM-57WBQ,Normal_GTEX,3,1,0,3,2,3,4,3,0,5,4,5,6,3,6,7,4,4
GTEX-Y5V6-1026-SM-4VBS2,Normal_GTEX,1,0,2,1,3,2,2,4,2,2,1,3,3,4,3,4,7,7
GTEX-111FC-0226-SM-5N9B8,Normal_GTEX,1,2,2,1,1,0,1,1,4,1,1,0,2,0,5,3,6,6
GTEX-146FR-1526-SM-5SIB8,Normal_GTEX,1,2,2,1,1,3,2,1,4,3,2,2,4,1,2,5,3,5
GTEX-WHPG-2326-SM-3NMBP,Normal_GTEX,1,2,2,1,1,0,1,1,4,1,3,0,1,5,0,1,0,0
GTEX-YEC4-2126-SM-5IFJH,Normal_GTEX,1,0,2,1,3,2,2,4,2,2,1,3,3,4,3,4,7,7
GTEX-OOBJ-0426-SM-3NB1S,Normal_GTEX,1,2,2,1,1,0,1,1,4,1,3,0,1,5,0,1,0,0
GTEX-ZZPT-0626-SM-5GZXT,Normal_GTEX,1,2,2,1,1,0,1,1,4,1,1,4,2,0,0,2,6,6
GTEX-ZE7O-0226-SM-5S2N1,Normal_GTEX,1,2,2,1,1,0,1,1,4,1,1,0,2,0,5,3,6,6
GTEX-11ZVC-2926-SM-5986H,Normal_GTEX,1,2,2,1,1,0,1,1,4,1,3,0,1,5,0,1,0,0
GTEX-12BJ1-0126-SM-5LU9P,Normal_GTEX,1,2,2,1,1,0,1,1,4,1,3,0,1,5,0,1,0,0
GTEX-ZVT3-1426-SM-59HLP,Normal_GTEX,1,0,2,1,3,2,2,4,2,2,1,3,3,4,3,4,7,7
TCGA-GM-A2DA-01,LumA,2,0,1,2,0,1,3,0,1,4,0,1,5,6,1,6,2,2
GTEX-XYKS-0002-SM-4BRWN,Normal_GTEX,3,1,0,4,2,3,5,2,3,6,5,4,7,2,4,8,1,1
GTEX-SIU8-0126-SM-2XCDT,Normal_GTEX,1,0,2,1,3,2,2,4,2,2,1,3,3,4,3,4,7,7
GTEX-Y111-0126-SM-4SOIV,Normal_GTEX,1,0,2,1,3,2,2,4,2,2,1,3,3,4,3,4,7,7
TCGA-A7-A0CH-01,LumA,2,0,1,2,0,1,3,0,1,4,0,1,5,6,1,6,2,2
GTEX-11GS4-0008-SM-5QGRA,Normal_GTEX,3,2,2,4,1,0,5,1,3,6,3,4,7,2,0,8,5,5
GTEX-V955-0426-SM-3GAEL,Normal_GTEX,1,0,2,1,3,2,1,4,2,1,2,2,2,1,2,3,3,3
TCGA-E9-A2JS-01,LumB,2,0,1,2,0,1,3,0,1,4,0,1,5,6,1,6,2,2
GTEX-13O61-2326-SM-5J1NJ,Normal_GTEX,1,2,2,1,1,0,1,1,4,1,1,4,2,0,0,2,6,6
GTEX-YJ8O-2526-SM-5HL85,Normal_GTEX,1,0,2,1,3,2,2,4,2,2,1,3,3,4,3,4,7,7
TCGA-A2-A1G6-01,Normal,1,0,1,1,0,1,1,0,1,1,0,1,2,6,1,3,2,2
GTEX-13NZB-2026-SM-5MR4M,Normal_GTEX,1,0,0,1,3,2,2,3,2,3,4,5,4,3,6,5,4,4
GTEX-11I78-0826-SM-5A5K4,Normal_GTEX,1,2,2,1,1,0,1,1,4,1,3,0,2,5,0,2,0,0
GTEX-13U4I-2026-SM-5LU3L,Normal_GTEX,1,0,2,1,3,2,2,4,2,2,1,3,3,4,3,4,7,7
TCGA-E2-A15P-01,LumA,2,0,1,2,0,1,3,0,1,4,0,1,5,6,1,6,2,2
GTEX-WI4N-1026-SM-3LK7N,Normal_GTEX,1,0,2,1,3,2,2,4,2,2,1,3,3,4,3,4,7,7
GTEX-13OVI-0826-SM-5KLZ8,Normal_GTEX,1,0,2,1,3,2,1,4,2,1,2,2,2,1,2,3,3,3
TCGA-B6-A0WV-01,LumB,2,0,1,2,0,1,3,0,1,4,0,1,5,6,1,6,2,2
GTEX-1399T-1326-SM-5PNVH,Normal_GTEX,1,2,2,1,1,0,1,1,4,1,2,0,2,0,5,3,6,6
GTEX-13OVL-0011-R3b-SM-5L3I8,Normal_GTEX,3,1,0,3,2,3,4,3,0,5,4,5,6,3,6,7,4,4
GTEX-Q2AI-0006-SM-2I3FG,Normal_GTEX,3,1,0,4,2,3,5,2,3,6,5,4,7,2,4,8,1,1
GTEX-ZTSS-1226-SM-51MSZ,Normal_GTEX,1,2,2,1,1,0,1,1,4,1,3,0,1,5,5,1,0,0
GTEX-P4PP-0005-SM-2HMKX,Normal_GTEX,3,1,0,4,2,3,5,2,3,6,5,4,7,2,4,8,1,1
GTEX-11DYG-2526-SM-5N9BB,Normal_GTEX,1,0,2,1,3,2,1,4,2,1,2,2,1,1,2,1,3,3
GTEX-S3XE-1026-SM-4AD4O,Normal_GTEX,1,0,2,1,3,2,2,4,2,3,2,2,4,1,2,5,3,3
GTEX-QLQ7-1626-SM-2S1R8,Normal_GTEX,1,0,2,1,3,2,2,4,2,2,1,3,3,4,3,4,7,7
GTEX-13PVR-1426-SM-5S2PW,Normal_GTEX,1,0,2,1,3,2,2,4,2,2,1,3,3,4,3,4,7,7
GTEX-WQUQ-2426-SM-4MVNW,Normal_GTEX,1,0,2,1,3,2,2,4,2,3,2,2,4,1,2,5,3,3
GTEX-XBED-0006-SM-47JXO,Normal_GTEX,3,1,0,4,2,3,5,2,3,6,5,4,7,2,4,8,1,1
TCGA-A8-A07S-01,LumB,2,0,1,2,0,1,3,0,1,4,0,1,5,6,1,6,2,2
GTEX-111CU-0226-SM-5GZXC,Normal_GTEX,1,0,2,1,3,2,1,4,2,1,2,2,2,1,2,3,3,3
GTEX-ZF29-0326-SM-4WKFB,Normal_GTEX,1,2,2,1,1,0,1,1,4,1,3,0,1,5,0,1,0,0
GTEX-13OW7-0011-R5b-SM-5O9DM,Normal_GTEX,3,1,0,3,2,3,4,3,0,5,4,5,6,3,6,7,4,4
GTEX-13OW6-0326-SM-5L3H9,Normal_GTEX,1,2,2,1,1,0,1,1,4,1,3,0,1,5,0,1,0,0
GTEX-WHPG-0926-SM-4M1XY,Normal_GTEX,1,2,2,1,1,0,1,1,4,1,3,0,1,5,0,1,0,0
GTEX-RN64-0826-SM-2TC62,Normal_GTEX,1,2,2,1,1,0,1,1,4,1,3,0,2,5,0,2,0,0
GTEX-13X6I-2726-SM-5Q5ET,Normal_GTEX,1,2,2,1,1,0,1,1,4,1,3,0,1,5,5,1,0,0
GTEX-S7SE-0526-SM-2XCD8,Normal_GTEX,1,2,2,1,1,0,1,1,4,1,3,0,1,5,0,1,0,0
GTEX-QCQG-1926-SM-5SI7Q,Normal_GTEX,1,2,2,1,1,0,1,1,4,1,3,0,1,5,0,1,0,0
TCGA-GM-A2DD-01,Normal,2,0,1,2,0,1,3,0,1,4,0,1,5,6,1,6,2,2
GTEX-QEL4-1326-SM-447AD,Normal_GTEX,1,0,2,1,3,2,2,4,2,3,2,2,4,1,2,5,3,3
GTEX-14A6H-2726-SM-5QGPL,Normal_GTEX,1,2,2,1,1,0,1,1,4,1,3,0,1,5,0,1,0,0
GTEX-ZP4G-0526-SM-4YCED,Normal_GTEX,1,2,2,1,1,0,1,1,4,1,3,0,1,5,0,1,0,0
GTEX-ZVT3-0826-SM-5GIC8,Normal_GTEX,1,2,2,1,1,0,1,1,4,1,3,0,2,5,0,2,0,0
GTEX-11WQK-3126-SM-5EGI2,Normal_GTEX,3,1,0,3,2,3,4,3,0,5,4,5,6,3,6,7,4,4
GTEX-ZE9C-0011-R11a-SM-4WKGG,Normal_GTEX,3,1,0,3,2,3,4,3,0,5,4,5,6,3,6,7,4,4
GTEX-1122O-0126-SM-5GICA,Normal_GTEX,1,0,2,1,3,2,2,4,2,3,2,2,4,1,2,5,3,3
GTEX-ZUA1-2126-SM-57YRB,Normal_GTEX,1,2,2,1,1,0,1,1,4,1,2,0,2,0,5,3,6,6
GTEX-13G51-0926-SM-5IFFU,Normal_GTEX,1,0,2,1,3,2,2,4,2,2,1,3,3,4,3,4,7,7
GTEX-ZAB4-1126-SM-5HL86,Normal_GTEX,1,0,2,1,3,2,2,4,2,2,1,3,3,4,3,4,7,7
GTEX-11EQ8-0008-SM-5Q5DJ,Normal_GTEX,3,2,2,4,1,0,5,1,3,6,3,4,7,2,0,8,5,5
GTEX-13NYC-2426-SM-5MR3K,Normal_GTEX,1,0,2,1,3,2,1,4,2,1,2,2,2,1,2,3,3,3
GTEX-ZAB5-0626-SM-5PNVB,Normal_GTEX,1,0,2,1,3,2,2,4,2,3,2,2,4,1,2,5,3,3
GTEX-X5EB-2526-SM-4E3HY,Normal_GTEX,1,2,2,1,1,0,1,1,4,1,1,0,2,0,3,3,6,6
GTEX-12WSI-0226-SM-5GCNA,Normal_GTEX,1,0,2,1,3,2,2,4,2,3,2,2,4,1,2,5,3,3
TCGA-D8-A141-01,LumA,2,0,1,2,0,1,3,0,1,4,0,1,5,6,1,6,2,2
GTEX-13JVG-0526-SM-5IJBN,Normal_GTEX,1,2,2,1,1,0,1,1,4,1,1,0,2,0,3,3,6,6
GTEX-ZT9W-1326-SM-51MTB,Normal_GTEX,1,0,2,1,3,2,2,4,2,2,1,3,3,4,3,4,7,7
GTEX-XMD1-0826-SM-4AT52,Normal_GTEX,1,0,2,1,3,2,1,4,2,1,3,0,2,0,5,3,6,6
GTEX-ZZPT-2926-SM-5EQ5S,Normal_GTEX,3,1,0,3,2,3,4,3,0,5,4,5,6,3,6,7,4,4
GTEX-11GSO-2426-SM-5A5LY,Normal_GTEX,1,0,2,1,3,2,2,4,2,2,1,3,3,4,3,4,7,7
GTEX-12696-0826-SM-5EGGE,Normal_GTEX,1,0,2,1,3,2,2,4,2,3,2,2,4,1,2,5,3,3
GTEX-OXRL-0126-SM-2YUMP,Normal_GTEX,1,0,2,1,3,2,2,4,2,2,1,3,3,4,3,4,7,7
GTEX-11DXX-0926-SM-5H112,Normal_GTEX,1,0,2,1,3,2,2,4,2,3,2,2,4,1,2,5,3,3
GTEX-12ZZY-3026-SM-5GCOU,Normal_GTEX,3,1,0,3,2,3,4,3,0,5,4,5,6,3,6,7,4,4
GTEX-WHSE-2926-SM-3NMBG,Normal_GTEX,3,1,0,3,2,3,4,3,0,5,4,5,6,3,6,7,4,4
GTEX-XV7Q-0008-SM-4BRWL,Normal_GTEX,3,2,2,4,1,0,5,1,3,6,1,4,7,0,0,8,5,5
GTEX-12584-0226-SM-5EQL5,Normal_GTEX,1,2,2,1,1,0,1,1,4,1,1,0,2,0,5,3,6,6
GTEX-11ZUS-3026-SM-5EGI4,Normal_GTEX,1,1,0,1,2,3,2,3,0,3,4,5,4,3,6,5,4,4
GTEX-11P81-0926-SM-59874,Normal_GTEX,1,2,2,1,1,0,1,1,4,1,3,0,1,5,5,1,0,0
GTEX-U4B1-0126-SM-4DXSN,Normal_GTEX,1,2,0,1,1,3,2,1,4,3,2,2,4,1,2,5,5,5
GTEX-13QBU-1626-SM-5LU4S,Normal_GTEX,1,2,2,1,1,0,1,1,4,1,3,0,1,5,5,1,0,0
GTEX-OHPL-0426-SM-3TW8X,Normal_GTEX,1,2,2,1,1,0,1,1,4,1,3,0,1,5,0,1,0,0
GTEX-VJYA-1726-SM-3NMDQ,Normal_GTEX,1,2,2,1,1,0,1,1,4,1,1,0,2,0,3,3,6,6
GTEX-ZAB4-1726-SM-5HL8C,Normal_GTEX,1,0,2,1,3,2,2,4,2,3,2,2,4,1,2,5,3,3
GTEX-ZYY3-1726-SM-5EGH3,Normal_GTEX,1,0,2,1,3,2,2,4,2,3,2,2,4,1,2,5,3,3
GTEX-X4EP-0326-SM-3P5Z6,Normal_GTEX,1,2,2,1,1,0,1,1,4,1,3,0,2,5,0,2,0,0
GTEX-ZPIC-0002-SM-4WWEC,Normal_GTEX,3,1,0,4,2,3,5,2,3,6,5,4,7,2,4,8,1,1
TCGA-BH-A204-11,Normal_TCGA,1,0,1,1,0,1,1,0,1,1,0,1,2,0,1,3,6,2
GTEX-13O1R-0226-SM-5K7U5,Normal_GTEX,1,2,2,1,1,0,1,1,4,1,1,0,2,0,5,3,6,6
GTEX-12ZZW-2926-SM-5LZUP,Normal_GTEX,3,1,0,3,2,3,4,3,0,5,4,5,6,3,6,7,4,4
GTEX-Y3IK-0726-SM-4WWE5,Normal_GTEX,1,2,2,1,1,0,1,1,4,1,3,0,1,5,0,1,0,0
GTEX-ZE7O-0826-SM-57WCP,Normal_GTEX,1,0,2,1,3,2,2,4,2,3,2,2,4,1,2,5,3,3
GTEX-ZYT6-1226-SM-5E44Q,Normal_GTEX,1,2,2,1,1,0,1,1,4,1,3,0,1,5,5,1,0,0
TCGA-AO-A128-01,Basal,2,0,1,2,0,1,3,2,1,4,0,1,5,6,1,6,2,2
GTEX-133LE-0326-SM-5P9G4,Normal_GTEX,1,0,2,1,3,2,1,4,2,1,2,2,2,1,2,3,3,3
GTEX-145ME-0326-SM-5S2QO,Normal_GTEX,1,0,2,1,3,2,2,4,2,3,2,2,4,1,2,5,3,3
TCGA-EW-A2FV-01,LumA,2,0,1,2,0,1,3,0,1,4,0,1,5,6,1,6,2,2
GTEX-U3ZN-0002-SM-3NMDF,Normal_GTEX,3,1,0,4,2,3,5,2,3,6,5,4,7,2,4,8,1,1
GTEX-YB5E-0526-SM-4VDSD,Normal_GTEX,1,0,2,1,3,2,2,4,2,3,2,2,4,1,2,5,3,3
GTEX-12584-3126-SM-5EGKR,Normal_GTEX,1,1,0,1,2,3,2,3,0,3,2,5,4,1,6,5,3,4
GTEX-131XG-0826-SM-5LZVS,Normal_GTEX,1,2,2,1,1,0,1,1,4,1,3,0,1,5,0,1,0,0
GTEX-ZAB5-0726-SM-5P9JG,Normal_GTEX,1,0,2,1,3,2,1,4,2,1,2,2,2,1,2,3,3,3
TCGA-B6-A0I9-01,Her2,2,0,1,2,0,1,3,0,1,4,0,1,5,6,1,6,2,2
GTEX-N7MT-0726-SM-3TW8S,Normal_GTEX,1,2,2,1,1,0,1,1,4,1,3,0,1,5,5,1,0,0
GTEX-12WSD-0011-R9a-SM-5GU6W,Normal_GTEX,3,1,0,3,2,3,4,3,0,5,4,5,6,3,6,7,4,4
GTEX-R45C-1226-SM-48FEE,Normal_GTEX,1,0,2,1,3,2,2,4,2,2,1,3,3,4,3,4,7,7
GTEX-14A5I-2726-SM-5SIB3,Normal_GTEX,1,0,2,1,3,2,2,4,2,2,1,3,3,4,3,4,7,7
GTEX-ZLV1-1926-SM-5FQSF,Normal_GTEX,1,2,2,1,1,0,1,1,4,1,3,0,1,5,0,1,0,0
GTEX-PWCY-0826-SM-48TCR,Normal_GTEX,1,2,2,1,1,0,1,1,4,1,3,0,1,5,5,1,0,0
GTEX-12WSB-0126-SM-59HJN,Normal_GTEX,1,0,2,1,3,2,2,4,2,2,1,3,3,4,3,4,7,7
TCGA-E2-A1L9-01,LumA,2,0,1,2,0,1,3,0,1,4,0,1,5,6,1,6,2,2
GTEX-YFC4-0011-R11a-SM-4SOK6,Normal_GTEX,3,1,0,3,2,3,4,3,0,5,4,5,6,3,6,7,4,4
GTEX-ZXG5-0926-SM-5NQ8H,Normal_GTEX,1,0,2,1,3,2,1,4,2,1,2,2,2,1,2,3,3,3
GTEX-13N2G-2326-SM-5J1ON,Normal_GTEX,1,2,2,1,1,0,1,1,4,1,1,4,2,0,0,2,6,6
GTEX-11P81-1926-SM-5BC53,Normal_GTEX,1,0,2,1,3,2,1,4,2,1,1,0,2,0,5,3,6,6
GTEX-X261-0011-R5A-SM-3NMB4,Normal_GTEX,3,1,0,3,2,3,4,3,0,5,4,5,6,3,6,7,4,4
GTEX-12126-0726-SM-5FQTX,Normal_GTEX,1,2,2,1,1,0,1,1,4,1,3,0,1,5,0,1,0,0
TCGA-AR-A1AP-01,LumA,2,0,1,2,0,1,3,0,1,4,0,1,5,6,1,6,2,2
GTEX-13OVG-0005-SM-5P9HA,Normal_GTEX,3,1,0,4,2,3,5,2,3,6,5,4,7,2,4,8,1,1
GTEX-NPJ8-1926-SM-3MJGB,Normal_GTEX,1,0,2,1,3,2,2,4,2,2,1,3,3,4,3,4,7,7
GTEX-ZUA1-2726-SM-59HLJ,Normal_GTEX,1,0,0,1,3,2,2,3,2,3,4,5,4,3,6,5,4,4
GTEX-12WSG-1026-SM-5EGII,Normal_GTEX,1,0,2,1,3,2,2,4,2,3,2,2,4,1,2,5,3,3
GTEX-11OC5-0626-SM-5HL6M,Normal_GTEX,3,1,0,3,2,3,4,3,0,5,4,5,6,3,6,7,4,4
GTEX-14C39-2526-SM-5S2UH,Normal_GTEX,1,2,2,1,3,0,1,4,4,1,1,0,2,0,5,3,6,6
GTEX-ZPU1-1026-SM-4YCEQ,Normal_GTEX,1,1,0,1,2,3,2,4,3,3,2,2,4,1,2,5,3,3
GTEX-X585-2526-SM-4QAS1,Normal_GTEX,1,2,2,1,1,0,1,1,4,1,3,0,2,0,5,3,6,6
TCGA-BH-A0H5-01,LumA,2,0,1,2,0,1,3,0,1,4,0,1,5,6,1,6,2,2
GTEX-1128S-2526-SM-5H11N,Normal_GTEX,1,2,2,1,1,0,1,1,4,1,3,0,1,5,0,1,0,0
TCGA-BH-A0E6-01,Basal,2,0,1,2,0,1,3,0,1,4,0,1,5,6,1,6,2,2
TCGA-D8-A1JA-01,Her2,2,0,1,2,0,1,3,0,1,4,0,1,5,6,1,6,2,2
GTEX-1399R-0526-SM-5IJEF,Normal_GTEX,1,0,2,1,3,2,1,4,2,1,2,2,1,1,2,1,3,3
GTEX-144GL-1026-SM-5O99R,Normal_GTEX,1,2,2,1,1,0,1,1,4,1,3,0,2,5,0,2,0,0
GTEX-ZVZQ-0011-R7b-SM-57WBB,Normal_GTEX,3,1,0,3,2,3,4,3,0,5,4,5,6,3,6,7,4,4
GTEX-QEG4-0926-SM-4R1JO,Normal_GTEX,1,2,2,1,1,0,1,1,4,1,3,0,1,5,0,1,0,0
TCGA-BH-A0BW-01,Basal,2,0,1,2,0,1,3,0,1,4,0,1,5,6,1,6,2,2
GTEX-SNMC-0008-SM-4DM5A,Normal_GTEX,3,2,2,4,1,0,5,1,3,6,1,4,7,0,0,8,5,5
GTEX-P4PQ-2126-SM-3NMCV,Normal_GTEX,1,0,0,1,3,2,2,4,2,3,2,5,4,1,6,5,4,4
GTEX-QVJO-0008-SM-447AU,Normal_GTEX,3,2,2,4,1,0,5,1,3,6,1,4,7,0,0,8,5,5
GTEX-13D11-1226-SM-5IFGA,Normal_GTEX,1,2,2,1,1,0,1,1,4,1,3,0,1,5,5,1,0,0
TCGA-AO-A0JG-01,LumA,2,0,1,2,0,1,3,0,1,4,0,1,5,6,1,6,2,2
GTEX-12WSB-0726-SM-5N9GD,Normal_GTEX,1,0,2,1,3,2,1,4,2,1,2,2,2,1,2,3,3,3
GTEX-XV7Q-0826-SM-4BRV7,Normal_GTEX,1,2,2,1,1,0,1,1,4,1,3,0,2,5,0,2,0,0
GTEX-Y5V6-2426-SM-4VDSB,Normal_GTEX,1,0,2,1,3,2,2,4,2,2,1,3,3,4,3,4,7,7
GTEX-1211K-0726-SM-5FQUW,Normal_GTEX,1,0,2,1,3,2,1,4,2,1,2,2,2,1,2,3,3,3
GTEX-N7MT-0326-SM-48TDP,Normal_GTEX,1,0,2,1,3,2,2,4,2,2,1,3,3,4,3,4,7,7
GTEX-T5JW-0426-SM-4DM7M,Normal_GTEX,1,2,2,1,1,0,1,1,4,1,3,0,1,5,0,1,5,5
GTEX-11P81-2726-SM-59876,Normal_GTEX,1,2,2,1,1,0,1,1,4,1,3,0,1,5,0,1,0,0
GTEX-11I78-1926-SM-59878,Normal_GTEX,1,2,2,1,1,0,1,1,4,1,2,0,1,1,0,1,5,5
GTEX-Y5V5-0826-SM-4VBQD,Normal_GTEX,1,0,2,1,3,2,2,4,2,3,2,2,4,1,2,5,3,3
GTEX-11EQ8-0006-SM-5P9HJ,Normal_GTEX,3,1,0,4,2,3,5,2,3,6,5,4,7,2,4,8,1,1
GTEX-Z93S-0008-SM-4RGM5,Normal_GTEX,3,2,2,4,1,0,5,1,3,6,1,4,7,0,0,8,5,5
GTEX-12ZZX-0011-R8a-SM-5DUW8,Normal_GTEX,3,1,0,3,2,3,4,3,0,5,4,5,6,3,6,7,4,4
GTEX-13OVH-0126-SM-5MR4B,Normal_GTEX,1,0,2,1,3,2,2,4,2,2,1,3,3,4,3,4,7,7
GTEX-XQ8I-1826-SM-4BOOJ,Normal_GTEX,1,2,2,1,1,0,1,1,4,1,3,0,1,5,5,1,0,0
GTEX-13PDP-0011-R1a-SM-5PNX5,Normal_GTEX,3,1,0,3,2,3,4,3,0,5,4,5,6,3,6,7,4,4
GTEX-Y111-2226-SM-4SOJB,Normal_GTEX,1,2,2,1,1,0,1,1,4,1,3,0,1,5,5,1,0,0
GTEX-1212Z-0226-SM-59HLF,Normal_GTEX,1,0,2,1,3,2,2,4,2,3,2,2,4,1,2,5,3,3
GTEX-XUYS-0326-SM-47JX2,Normal_GTEX,1,2,2,1,1,0,1,1,4,1,1,4,2,0,0,2,6,6
GTEX-ZV7C-0726-SM-59HKH,Normal_GTEX,1,0,2,1,3,2,2,4,2,3,2,2,4,1,2,5,3,3
GTEX-XBED-2626-SM-4E3J5,Normal_GTEX,1,2,2,1,1,0,1,1,4,1,1,4,2,0,0,2,6,6
GTEX-1211K-0826-SM-5FQUP,Normal_GTEX,1,0,2,1,3,2,2,4,2,3,2,2,4,1,2,5,3,3
GTEX-U8XE-0926-SM-3DB8V,Normal_GTEX,1,2,2,1,1,0,1,1,4,1,3,0,2,5,0,2,0,0
GTEX-XUW1-0926-SM-4BONX,Normal_GTEX,1,0,2,1,3,2,2,4,2,2,1,3,3,4,3,4,7,7
GTEX-133LE-1226-SM-5IFGC,Normal_GTEX,1,2,2,1,1,0,1,1,4,1,2,0,1,1,0,1,5,5
GTEX-14C5O-0126-SM-5SI6N,Normal_GTEX,1,0,2,1,3,2,2,4,2,2,1,3,3,4,3,4,7,7
GTEX-YECK-0526-SM-4W1ZD,Normal_GTEX,1,2,2,1,1,0,1,1,4,1,3,0,1,5,0,1,0,0
GTEX-145MG-1526-SM-5Q5EM,Normal_GTEX,1,0,2,1,3,2,2,4,2,2,1,3,3,4,3,4,7,7
GTEX-XLM4-0008-SM-4AT4W,Normal_GTEX,3,2,2,4,1,0,5,1,3,6,1,4,7,0,0,8,5,5
TCGA-B6-A0WZ-01,LumA,2,0,1,2,0,1,3,0,1,4,0,1,5,6,1,6,2,2
TCGA-C8-A135-01,Her2,2,0,1,2,0,1,3,0,1,4,0,1,5,6,1,6,2,2
GTEX-11TTK-2926-SM-5PNYP,Normal_GTEX,3,1,0,3,2,3,4,3,0,5,4,5,6,3,6,7,4,4
GTEX-YF7O-0226-SM-5IFJ4,Normal_GTEX,1,2,2,1,1,0,1,1,4,1,3,0,1,5,0,1,0,0
GTEX-R55G-0526-SM-2TC5O,Normal_GTEX,1,2,2,1,1,0,1,1,4,1,3,0,2,5,0,2,0,0
GTEX-13N2G-1826-SM-5KM1I,Normal_GTEX,1,0,2,1,3,2,1,4,2,1,2,2,1,1,2,1,3,3
GTEX-ZEX8-0726-SM-4WKH8,Normal_GTEX,1,1,0,1,2,3,2,2,3,3,2,2,4,1,2,5,3,3
GTEX-13G51-2926-SM-5IJDL,Normal_GTEX,1,2,2,1,1,0,1,1,4,1,3,0,1,0,5,1,6,0
GTEX-11DZ1-0226-SM-5A5KF,Normal_GTEX,1,2,2,1,1,0,1,1,4,1,1,0,2,0,5,3,6,6
GTEX-WYVS-2126-SM-3NMA3,Normal_GTEX,1,0,2,1,3,2,2,4,2,2,1,3,3,4,3,4,7,7
GTEX-ZGAY-1526-SM-4WWEO,Normal_GTEX,1,2,2,1,1,0,1,1,4,1,3,0,1,5,5,1,0,0
GTEX-YJ8O-0126-SM-5QGRG,Normal_GTEX,1,2,2,1,1,0,1,1,4,1,3,0,1,5,0,1,0,0
TCGA-BH-A0E2-01,LumA,2,0,1,2,0,1,3,0,1,4,0,1,5,6,1,6,2,2
GTEX-ZV7C-0003-SM-4YCF6,Normal_GTEX,3,1,0,4,2,3,5,2,3,6,5,4,7,2,4,8,1,1
TCGA-BH-A0BJ-01,LumA,2,0,1,2,0,1,3,0,1,4,0,1,5,6,1,6,2,2
TCGA-BH-A203-01,Her2,2,0,1,2,0,1,3,0,1,4,0,1,5,6,1,6,2,2
GTEX-13N11-1526-SM-5L3FL,Normal_GTEX,1,2,2,1,1,0,1,1,4,1,1,0,1,0,5,1,6,6
GTEX-131XH-0006-SM-5O98V,Normal_GTEX,3,1,0,4,2,3,5,2,3,6,5,4,7,2,4,8,1,1
GTEX-14753-0426-SM-5NQAM,Normal_GTEX,1,0,2,1,3,2,2,4,2,2,1,3,3,4,3,4,7,7
GTEX-WZTO-3026-SM-3NMA2,Normal_GTEX,1,1,0,1,2,3,2,3,0,3,4,5,4,3,6,5,4,4
GTEX-1211K-0926-SM-5FQTL,Normal_GTEX,1,0,2,1,3,2,2,4,2,2,1,3,3,4,3,4,7,7
GTEX-11WQC-2426-SM-5EQKQ,Normal_GTEX,1,2,2,1,1,0,1,1,4,1,1,0,2,0,5,3,6,6
GTEX-12WSJ-0126-SM-5GCOM,Normal_GTEX,1,2,0,1,1,3,2,1,4,3,2,2,4,1,2,5,5,5
GTEX-Y5LM-2326-SM-5S2NK,Normal_GTEX,1,2,2,1,1,0,1,1,4,1,3,0,1,5,0,1,0,0
GTEX-PW2O-0526-SM-2I3DX,Normal_GTEX,1,0,2,1,3,2,2,4,2,3,2,2,4,1,2,5,3,3
GTEX-11NV4-2326-SM-5BC4X,Normal_GTEX,1,1,0,1,2,3,2,3,0,3,4,5,4,3,6,5,4,4
GTEX-14BIL-0006-SM-5N9F2,Normal_GTEX,3,1,0,4,2,3,5,2,3,6,5,4,7,2,4,8,1,1
GTEX-XV7Q-0626-SM-4BRV5,Normal_GTEX,1,2,2,1,1,0,1,1,4,1,3,0,1,5,0,1,0,0
GTEX-PLZ6-0426-SM-5IFK2,Normal_GTEX,1,0,2,1,3,2,2,4,2,3,2,2,4,1,2,5,3,3
GTEX-12WSG-2726-SM-5EQ5M,Normal_GTEX,1,2,2,1,3,0,1,4,4,1,1,0,2,4,3,3,7,6
GTEX-NPJ8-0007-SM-26GMF,Normal_GTEX,3,1,0,4,2,3,5,2,3,6,5,4,7,2,4,8,1,1
GTEX-ZQG8-2226-SM-5DUWD,Normal_GTEX,1,0,2,1,3,2,2,4,2,3,2,2,4,1,2,5,3,3
GTEX-WFG8-1726-SM-5CHTE,Normal_GTEX,3,1,0,4,2,3,5,2,3,6,5,4,7,2,4,8,1,1
GTEX-N7MS-0826-SM-2HML4,Normal_GTEX,1,2,2,1,1,0,1,1,4,1,3,0,2,5,0,2,0,0
GTEX-ZYFC-1826-SM-5GZZA,Normal_GTEX,1,2,2,1,1,0,1,1,4,1,1,0,2,0,5,3,6,6
GTEX-R55E-1326-SM-48FCR,Normal_GTEX,1,0,2,1,3,2,2,4,2,2,1,3,3,4,3,4,7,7
TCGA-BH-A0C7-01,LumB,2,0,1,2,0,1,3,0,1,4,0,1,5,6,1,6,2,2
GTEX-13OW8-1026-SM-5J1NQ,Normal_GTEX,1,0,2,1,3,2,2,4,2,2,1,3,3,4,3,4,7,7
GTEX-113JC-2326-SM-5EQ4E,Normal_GTEX,1,0,2,1,3,2,2,4,2,2,1,3,3,4,3,4,7,7
GTEX-13PL7-2326-SM-5L3FY,Normal_GTEX,1,2,2,1,1,0,1,1,4,1,2,0,1,1,0,1,5,5
GTEX-Z9EW-0526-SM-5HL8S,Normal_GTEX,1,0,2,1,3,2,2,4,2,2,1,3,3,4,3,4,7,7
GTEX-13X6J-0826-SM-5LU32,Normal_GTEX,1,0,2,1,3,2,1,4,2,1,2,2,2,1,2,3,3,3
GTEX-11DXX-0005-SM-5NQ8B,Normal_GTEX,3,1,0,4,2,3,5,2,3,6,5,4,7,2,4,8,1,1
GTEX-12WSB-3226-SM-59HJP,Normal_GTEX,1,1,0,1,2,3,2,3,0,3,4,5,4,3,6,5,4,4
GTEX-U412-0526-SM-3DB9I,Normal_GTEX,1,2,2,1,1,0,1,1,4,1,1,0,2,0,5,3,6,6
GTEX-N7MS-0011-R3a-SM-5SI8H,Normal_GTEX,3,1,0,3,2,3,4,3,0,5,4,5,6,3,6,7,4,4
GTEX-11DXZ-2526-SM-5N9BG,Normal_GTEX,1,2,2,1,1,0,1,1,4,1,1,0,2,0,3,3,6,6
GTEX-ZLV1-0926-SM-5S2MR,Normal_GTEX,1,2,2,1,1,0,1,1,4,1,3,0,2,0,5,3,6,6
GTEX-WHSB-2026-SM-3LK6H,Normal_GTEX,1,2,2,1,1,0,1,1,4,1,1,0,2,0,3,3,6,6
GTEX-13QIC-1826-SM-5J1MY,Normal_GTEX,1,0,2,1,3,2,2,4,2,2,1,3,3,4,3,4,7,7
GTEX-XV7Q-0126-SM-4BRVK,Normal_GTEX,1,1,0,1,2,3,2,4,3,3,2,2,4,1,2,5,3,3
TCGA-AR-A1AR-01,Basal,2,0,1,2,0,1,3,0,1,4,0,1,5,6,1,6,2,2
TCGA-D8-A13Z-01,Her2,2,0,1,2,0,1,3,0,1,4,0,1,5,6,1,6,2,2
GTEX-Z9EW-1626-SM-5CVMN,Normal_GTEX,1,0,2,1,3,2,2,4,2,2,1,3,3,4,3,4,7,7
GTEX-13QJ3-0426-SM-5RQHP,Normal_GTEX,1,2,2,1,1,0,1,1,4,1,1,0,2,0,5,3,6,6
GTEX-W5WG-1326-SM-4LMI9,Normal_GTEX,1,2,2,1,1,0,1,1,4,1,3,0,1,5,5,1,0,0
GTEX-T6MN-2626-SM-32PMQ,Normal_GTEX,3,1,0,3,2,3,4,3,0,5,4,5,6,3,6,7,4,4
GTEX-13X6K-0626-SM-5LU5D,Normal_GTEX,1,0,2,1,3,2,2,4,2,2,1,3,3,4,3,4,7,7
TCGA-BH-A0DV-11,Normal_TCGA,1,0,1,1,0,1,1,0,1,1,0,1,2,6,1,3,2,2
GTEX-11OF3-0008-SM-5S2NH,Normal_GTEX,3,2,2,4,1,0,5,2,3,6,5,4,7,2,0,8,5,5
GTEX-111CU-2026-SM-5GZZC,Normal_GTEX,1,2,2,1,1,0,1,1,4,1,1,4,2,0,0,2,6,6
GTEX-PW2O-1726-SM-2S1OO,Normal_GTEX,1,2,2,1,1,0,1,1,4,1,1,4,2,0,0,2,6,6
GTEX-TMMY-0926-SM-4VBQZ,Normal_GTEX,1,0,2,1,3,2,2,4,2,3,2,2,4,1,2,5,3,3
GTEX-ZPU1-1126-SM-4YCF3,Normal_GTEX,1,0,2,1,3,2,2,4,2,2,1,3,3,4,3,4,7,7
GTEX-13OW5-2626-SM-5MR3M,Normal_GTEX,1,2,2,1,1,2,1,1,2,1,2,2,1,1,2,1,3,3
GTEX-XV7Q-1026-SM-4BRVR,Normal_GTEX,1,2,2,1,1,0,1,1,4,1,3,0,1,5,5,1,0,0
GTEX-11EMC-0226-SM-5EGLP,Normal_GTEX,1,0,2,1,3,2,1,4,2,1,2,2,2,1,2,3,3,3
GTEX-12WS9-0011-R5b-SM-5P9EV,Normal_GTEX,3,1,0,3,2,3,4,3,0,5,4,5,6,3,6,7,4,4
GTEX-12ZZX-1326-SM-5DUWI,Normal_GTEX,1,0,2,1,3,2,2,4,2,2,1,3,3,4,3,4,7,7
GTEX-S3XE-1326-SM-4AD4H,Normal_GTEX,1,0,2,1,3,2,1,4,2,1,2,2,1,1,2,1,3,3
GTEX-111FC-2026-SM-5GZYO,Normal_GTEX,1,0,2,1,3,2,1,4,2,1,2,2,1,1,2,1,3,3
GTEX-12C56-1426-SM-5FQSW,Normal_GTEX,1,0,0,1,3,2,2,3,2,3,4,5,4,3,6,5,4,4
GTEX-13112-2626-SM-5BC66,Normal_GTEX,1,2,2,1,1,0,1,1,4,1,1,4,2,0,0,2,6,6
GTEX-XMK1-0226-SM-4B65D,Normal_GTEX,1,1,0,1,2,3,2,1,4,3,2,2,4,1,2,5,5,5
GTEX-T2IS-1126-SM-4DM6Z,Normal_GTEX,1,2,2,1,1,0,1,1,4,1,1,0,2,0,3,3,6,6
GTEX-OIZG-1026-SM-3LK5X,Normal_GTEX,1,0,2,1,3,2,2,4,2,2,1,3,3,4,3,4,7,7
GTEX-Y8E4-0726-SM-4WWFN,Normal_GTEX,1,2,2,1,1,0,1,1,4,1,1,0,2,0,5,3,6,6
GTEX-U3ZM-0002-SM-3NMDM,Normal_GTEX,3,1,0,4,2,3,5,2,3,6,5,4,7,2,4,8,1,1
TCGA-A2-A0CU-01,LumA,2,0,1,2,0,1,3,0,1,4,0,1,5,6,1,6,2,2
GTEX-OXRK-0926-SM-2HMKP,Normal_GTEX,1,0,2,1,3,2,2,4,2,3,2,2,4,1,2,5,3,3
GTEX-Y3I4-1026-SM-4TT2C,Normal_GTEX,1,2,2,1,1,0,1,1,4,1,3,0,1,5,5,1,0,0
GTEX-NL4W-0011-R9a-SM-2I3G1,Normal_GTEX,3,1,0,3,2,3,4,3,0,5,4,5,6,3,6,7,4,4
GTEX-YB5E-0626-SM-4VDSE,Normal_GTEX,1,0,2,1,3,2,1,4,2,1,2,2,2,1,2,3,3,3
GTEX-111YS-1126-SM-5GZYQ,Normal_GTEX,1,0,2,1,3,2,2,4,2,3,2,2,4,1,2,5,3,3
GTEX-OIZH-2626-SM-2HMJM,Normal_GTEX,1,0,2,1,3,2,1,4,2,1,2,2,2,1,2,3,3,3
GTEX-ZV7C-0526-SM-51MRB,Normal_GTEX,1,2,2,1,1,0,1,1,4,1,3,0,2,5,0,2,0,0
GTEX-139YR-1926-SM-5LZXM,Normal_GTEX,1,0,2,1,3,2,2,4,2,3,2,2,4,1,2,5,3,3
GTEX-QDVN-0526-SM-48TZ4,Normal_GTEX,1,1,0,1,2,3,2,4,3,3,2,2,4,1,2,5,3,3
TCGA-BH-A0AZ-01,LumA,2,0,1,2,0,1,3,0,1,4,0,1,5,6,1,6,2,2
GTEX-WY7C-2426-SM-3NB2V,Normal_GTEX,1,2,2,1,1,0,1,1,4,1,1,0,2,0,5,3,6,6
GTEX-13X6J-3026-SM-5Q5CU,Normal_GTEX,3,1,0,3,2,3,4,3,0,5,4,5,6,3,6,7,4,4
TCGA-BH-A1ET-11,Normal_TCGA,1,0,1,1,0,1,1,0,1,1,0,1,2,6,1,3,2,2
GTEX-13CF3-2226-SM-5J2MX,Normal_GTEX,1,2,2,1,1,0,1,1,4,1,3,0,1,5,0,1,0,0
TCGA-B6-A0IB-01,LumB,2,0,1,2,0,1,3,0,1,4,0,1,5,6,1,6,2,2
GTEX-V1D1-0726-SM-4JBH7,Normal_GTEX,1,0,2,1,3,2,2,4,2,3,2,2,4,1,2,5,3,3
GTEX-REY6-0626-SM-2TF4G,Normal_GTEX,1,2,2,1,1,0,1,1,4,1,1,0,2,0,3,3,6,6
GTEX-P4QS-0726-SM-3NMCZ,Normal_GTEX,1,2,2,1,1,0,1,1,4,1,3,0,1,5,5,1,0,0
GTEX-13G51-2426-SM-5LZY8,Normal_GTEX,1,0,2,1,3,1,2,4,1,3,2,1,4,1,3,5,3,2
GTEX-144GN-2526-SM-5LU54,Normal_GTEX,1,2,2,1,1,0,1,1,4,1,1,0,2,0,3,3,6,6
TCGA-AC-A23H-11,Normal_TCGA,1,0,1,1,0,1,1,0,1,1,0,1,2,6,1,3,2,2
GTEX-145LS-0011-R10a-SM-5PNUQ,Normal_GTEX,3,1,0,3,2,3,4,3,0,5,4,5,6,3,6,7,4,4
TCGA-A2-A1G1-01,Basal,2,0,1,2,0,1,3,0,1,4,0,1,5,6,1,6,2,2
GTEX-ZE7O-0326-SM-51MTH,Normal_GTEX,1,2,2,1,1,0,1,1,4,1,1,4,2,0,0,2,6,6
GTEX-13VXT-0926-SM-5LU5K,Normal_GTEX,1,2,2,1,1,0,1,1,4,1,3,0,2,5,5,3,6,6
GTEX-11EQ9-0226-SM-5A5JX,Normal_GTEX,1,0,2,1,3,2,2,4,2,3,2,2,4,1,2,5,3,3
GTEX-13OVL-0011-R10a-SM-5L3GS,Normal_GTEX,3,1,0,3,2,3,4,3,0,5,4,5,6,3,6,7,4,4
GTEX-13QJ3-0726-SM-5SI68,Normal_GTEX,1,2,2,1,1,0,1,1,4,1,1,4,2,0,0,2,6,6
GTEX-13FTY-2226-SM-5J1ND,Normal_GTEX,1,0,2,1,3,2,1,4,2,1,0,0,2,6,5,3,2,6
GTEX-TKQ2-0426-SM-4DXUO,Normal_GTEX,1,0,2,1,3,2,2,4,2,3,2,2,4,1,2,5,3,3
GTEX-U3ZH-0526-SM-3DB75,Normal_GTEX,1,0,2,1,3,2,2,4,2,3,2,2,4,1,2,5,3,3
GTEX-139T4-0426-SM-5J1OQ,Normal_GTEX,1,2,2,1,1,0,1,1,4,1,1,0,2,0,3,3,6,6
GTEX-145LV-1426-SM-5Q5BV,Normal_GTEX,1,2,2,1,1,0,1,1,4,1,3,0,1,5,5,1,0,0
GTEX-146FR-0226-SM-5Q5F6,Normal_GTEX,1,2,2,1,1,0,1,1,4,1,2,0,2,0,5,3,6,6
GTEX-14BIL-0011-R10a-SM-5SI75,Normal_GTEX,3,1,0,3,2,3,4,3,0,5,4,5,6,3,6,7,4,4
GTEX-11O72-0006-SM-5O9DB,Normal_GTEX,3,1,0,4,2,3,5,2,3,6,5,4,7,2,4,8,1,1
TCGA-B6-A0RS-01,Her2,2,0,1,2,0,1,3,0,1,4,0,1,5,6,1,6,2,2
GTEX-13QJ3-1826-SM-5S2PT,Normal_GTEX,1,2,2,1,1,0,1,1,4,1,3,0,1,5,5,1,0,0
GTEX-139TT-0226-SM-5K7YH,Normal_GTEX,1,2,2,1,3,0,1,4,4,1,1,0,2,0,3,3,6,6
GTEX-RWS6-1126-SM-47JXC,Normal_GTEX,1,0,2,1,3,2,2,4,2,3,2,2,4,1,2,5,3,3
TCGA-AR-A24H-01,LumB,2,0,1,2,0,1,3,0,1,4,0,1,5,6,1,6,2,2
GTEX-XUZC-1826-SM-4BRVO,Normal_GTEX,1,2,2,1,1,0,1,1,4,1,1,0,2,0,5,3,6,6
GTEX-T5JC-0526-SM-32PM7,Normal_GTEX,1,2,2,1,1,0,1,1,4,1,1,0,2,0,5,3,6,6
GTEX-ZYWO-0626-SM-5E45K,Normal_GTEX,1,2,2,1,1,0,1,1,4,1,3,0,2,5,0,2,0,0
GTEX-13FLV-0011-R10b-SM-5LZZ2,Normal_GTEX,3,1,0,3,2,3,4,3,0,5,4,5,6,3,6,7,4,4
GTEX-S33H-0526-SM-2XCBK,Normal_GTEX,1,2,2,1,1,0,1,1,4,1,3,0,2,5,0,2,0,0
TCGA-A8-A099-01,LumA,2,0,1,2,0,1,3,0,1,4,0,1,5,6,1,6,2,2
GTEX-13FLW-0011-R6b-SM-5L3EN,Normal_GTEX,3,1,0,3,2,3,4,3,0,5,4,5,6,3,6,7,4,4
GTEX-147JS-0126-SM-5S2TW,Normal_GTEX,1,0,0,1,3,2,2,3,2,3,4,5,4,3,6,5,4,4
GTEX-11ZTS-1926-SM-5CVLA,Normal_GTEX,1,2,2,1,1,0,1,1,4,1,3,0,1,5,0,1,5,5
GTEX-Y5V5-0001-SM-4V6FZ,Normal_GTEX,3,1,0,4,2,3,5,2,3,6,5,4,7,2,4,8,1,1
GTEX-Y5V6-2126-SM-4WWFX,Normal_GTEX,1,2,2,1,1,0,1,1,4,1,1,0,2,0,5,3,6,6
GTEX-OHPM-0326-SM-33HCA,Normal_GTEX,1,2,2,1,1,0,1,1,4,1,3,0,2,5,0,2,0,0
GTEX-NL4W-0011-R10A-SM-2I3DY,Normal_GTEX,3,1,0,3,2,3,4,3,0,5,4,5,6,3,6,7,4,4
GTEX-S7SE-0011-R7A-SM-2XCDI,Normal_GTEX,3,1,0,3,2,3,4,3,0,5,4,5,6,3,6,7,4,4
GTEX-11LCK-0126-SM-5A5M5,Normal_GTEX,1,1,0,1,2,3,2,4,3,3,2,2,4,1,2,5,3,3
GTEX-POMQ-2026-SM-2S1OD,Normal_GTEX,1,2,2,1,1,0,1,1,4,1,1,0,2,0,3,3,6,6
GTEX-133LE-0726-SM-5P9IZ,Normal_GTEX,1,2,2,1,1,0,1,1,4,1,3,0,1,5,5,1,0,0
GTEX-QVJO-1726-SM-2S1R3,Normal_GTEX,1,2,2,1,1,0,1,1,4,1,3,0,1,5,0,1,0,0
GTEX-12WS9-0426-SM-59HJW,Normal_GTEX,1,2,2,1,1,0,1,1,4,1,1,0,2,0,3,3,6,6
GTEX-RN64-0008-SM-48FEZ,Normal_GTEX,3,2,2,4,1,0,5,1,3,6,1,4,7,0,0,8,5,5
GTEX-11P81-2626-SM-5GU6T,Normal_GTEX,1,2,2,1,1,0,1,1,4,1,1,0,2,0,3,3,6,6
GTEX-11I78-2126-SM-5A5K8,Normal_GTEX,1,2,2,1,1,0,1,1,4,1,3,0,1,5,5,1,0,0
TCGA-AC-A23H-01,Her2,2,0,1,2,0,1,3,0,1,4,0,1,5,6,1,6,2,2
GTEX-13FH7-0626-SM-5KLZD,Normal_GTEX,1,2,2,1,1,0,1,1,4,1,3,0,1,5,5,1,0,0
GTEX-ZVT4-0006-SM-57WB8,Normal_GTEX,3,1,0,4,2,3,5,2,3,6,5,4,7,2,4,8,1,1
GTEX-ZVT2-0426-SM-5E44S,Normal_GTEX,1,2,2,1,1,0,1,1,4,1,3,0,1,5,5,1,0,0
GTEX-13OVL-2726-SM-5J2MP,Normal_GTEX,1,2,2,1,1,0,1,1,4,1,3,0,1,5,5,1,0,0
GTEX-ZPCL-0326-SM-5FQSG,Normal_GTEX,1,2,2,1,1,0,1,1,4,1,3,0,1,5,0,1,0,0
GTEX-139UC-0011-R7a-SM-5IJCV,Normal_GTEX,3,1,0,3,2,3,4,3,0,5,4,5,6,3,6,7,4,4
GTEX-OHPM-0006-SM-2HMKU,Normal_GTEX,3,1,0,4,2,3,5,2,3,6,5,4,7,2,4,8,1,1
GTEX-ZYT6-0626-SM-5E45V,Normal_GTEX,1,0,2,1,3,2,2,4,2,3,2,2,4,1,2,5,3,3
GTEX-WH7G-1426-SM-4LVMU,Normal_GTEX,1,0,2,1,3,2,2,4,2,3,2,2,4,1,2,5,3,3
GTEX-147F3-1526-SM-5SIAK,Normal_GTEX,1,2,2,1,1,0,1,1,4,1,3,0,1,5,5,1,0,0
GTEX-ZXES-0005-SM-57WCB,Normal_GTEX,3,1,0,4,2,3,5,2,3,6,5,4,7,2,4,8,1,1
TCGA-A8-A09R-01,LumB,2,0,1,2,0,1,3,0,1,4,0,1,5,6,1,6,2,2
GTEX-S7SE-0326-SM-4AT5Q,Normal_GTEX,1,0,0,1,3,2,2,3,2,3,4,5,4,3,6,5,4,4
GTEX-RNOR-0011-R4A-SM-3GAD3,Normal_GTEX,3,1,0,3,2,3,4,3,0,5,4,5,6,3,6,7,4,4
GTEX-13FHO-2926-SM-5L3ES,Normal_GTEX,3,1,0,3,2,3,4,3,0,5,4,5,6,3,6,7,4,4
GTEX-ZE7O-0011-R1a-SM-57WDM,Normal_GTEX,3,1,0,3,2,3,4,3,0,5,4,5,6,3,6,7,4,4
GTEX-QDVJ-1926-SM-2S1PJ,Normal_GTEX,1,2,2,1,1,0,1,1,4,1,1,4,2,0,0,2,6,6
GTEX-QLQW-1126-SM-2S1Q8,Normal_GTEX,1,0,2,1,3,2,2,4,2,2,1,3,3,4,3,4,7,7
GTEX-P4PQ-0005-SM-2HMKJ,Normal_GTEX,3,1,0,4,2,3,5,2,3,6,5,4,7,2,4,8,1,1
GTEX-13N1W-0426-SM-5MR46,Normal_GTEX,1,2,2,1,1,0,1,1,4,1,1,0,2,0,3,3,6,6
GTEX-12ZZY-0526-SM-5EQ5H,Normal_GTEX,1,2,2,1,1,0,1,1,4,1,3,0,1,0,0,1,6,0
GTEX-145MO-2126-SM-5Q5CZ,Normal_GTEX,1,0,2,1,3,2,2,4,2,3,2,2,4,1,2,5,3,3
GTEX-X3Y1-1226-SM-4PQZ8,Normal_GTEX,1,2,2,1,1,0,1,1,4,1,3,0,1,5,5,1,0,0
GTEX-X261-0626-SM-3NMD9,Normal_GTEX,1,0,2,1,3,2,1,4,2,1,1,0,2,0,5,3,6,6
GTEX-1211K-0006-SM-5MR53,Normal_GTEX,3,1,0,4,2,3,5,2,3,6,5,4,7,2,4,8,1,1
GTEX-ZZ64-1526-SM-5E43K,Normal_GTEX,1,2,2,1,1,0,1,1,4,1,1,4,2,0,0,2,6,6
GTEX-11ZUS-2826-SM-5EQKW,Normal_GTEX,3,1,0,3,2,3,4,3,0,5,4,5,6,3,6,7,4,4
GTEX-S32W-2026-SM-4AD6E,Normal_GTEX,1,2,2,1,1,0,1,1,4,1,1,0,2,0,5,3,6,6
GTEX-WVLH-0011-R11A-SM-3MJFO,Normal_GTEX,3,1,0,3,2,3,4,3,0,5,4,5,6,3,6,7,4,4
GTEX-11UD2-1526-SM-5EQLQ,Normal_GTEX,1,2,2,1,1,0,1,1,4,1,3,0,1,5,5,1,0,0
GTEX-Y8E4-1726-SM-5LU9G,Normal_GTEX,1,0,2,1,3,2,2,4,2,2,1,3,3,4,3,4,7,7
GTEX-Y111-0626-SM-4SOIT,Normal_GTEX,1,0,2,1,3,2,2,4,2,2,1,3,3,4,3,4,7,7
GTEX-13IVO-0011-R5a-SM-5L3CY,Normal_GTEX,3,1,0,3,2,3,4,3,0,5,4,5,6,3,6,7,4,4
GTEX-11UD1-0008-SM-5S2P6,Normal_GTEX,3,2,2,4,1,0,5,1,3,6,1,4,7,2,0,8,5,5
GTEX-X3Y1-0001-SM-4PQYP,Normal_GTEX,3,1,0,4,2,3,5,2,3,6,5,4,7,2,4,8,1,1
GTEX-117YW-0126-SM-5EGGN,Normal_GTEX,1,0,2,1,3,2,1,4,2,1,2,2,2,1,2,3,3,3
GTEX-11WQC-0011-R5a-SM-5BC74,Normal_GTEX,3,1,0,3,2,3,4,3,0,5,4,5,6,3,6,7,4,4
GTEX-WHSB-2326-SM-4M1XK,Normal_GTEX,1,0,2,1,3,1,2,4,1,2,1,1,3,4,3,4,7,2
GTEX-11P81-0126-SM-5HL5Y,Normal_GTEX,1,0,2,1,3,2,1,4,2,1,2,2,2,1,2,3,3,3
GTEX-145MF-1726-SM-5LU9H,Normal_GTEX,1,0,0,1,3,2,2,4,2,3,4,5,4,3,6,5,4,4
TCGA-BH-A0HU-01,LumB,2,0,1,2,0,1,3,0,1,4,0,1,5,6,1,6,2,2
GTEX-R55F-1326-SM-5S2V4,Normal_GTEX,3,1,0,3,2,3,4,3,0,5,4,5,6,3,6,7,4,4
GTEX-145ME-1226-SM-5SIB6,Normal_GTEX,1,2,2,1,1,0,1,1,4,1,3,0,1,5,0,1,5,5
TCGA-D8-A1XC-01,LumA,2,0,1,2,0,1,3,0,1,4,0,1,5,6,1,6,2,2
GTEX-11UD2-1226-SM-5EQMI,Normal_GTEX,1,2,2,1,1,0,1,1,4,1,3,0,1,5,5,1,0,0
TCGA-EW-A1P0-01,LumB,2,0,1,2,0,1,3,0,1,4,0,1,5,6,1,6,2,2
GTEX-13W3W-1026-SM-5IFG4,Normal_GTEX,1,0,2,1,3,2,2,4,2,3,2,2,4,1,2,5,3,3
GTEX-ZF29-0426-SM-4WKFN,Normal_GTEX,1,2,2,1,1,0,1,1,4,1,3,0,2,5,0,2,0,0
GTEX-P4PQ-0008-SM-48TDX,Normal_GTEX,3,2,2,4,1,0,5,1,3,6,3,4,7,0,0,8,5,5
GTEX-WHWD-1226-SM-4OOS1,Normal_GTEX,1,0,2,1,3,2,2,4,2,3,2,2,4,1,2,5,3,3
TCGA-E2-A15M-01,LumA,2,0,1,2,0,1,3,0,1,4,0,1,5,6,1,6,2,2
GTEX-PLZ6-1326-SM-3NB24,Normal_GTEX,1,2,2,1,1,0,1,1,4,1,1,0,2,0,5,3,6,6
GTEX-T5JW-0008-SM-4DM5X,Normal_GTEX,3,2,2,4,1,0,5,1,3,6,1,4,7,0,0,8,5,5
GTEX-ZC5H-0326-SM-5HL9F,Normal_GTEX,1,2,2,1,1,0,1,1,4,1,1,4,2,0,0,2,6,6
GTEX-13NZ9-2026-SM-5KM1U,Normal_GTEX,1,2,2,1,1,0,1,1,4,1,3,0,2,0,5,3,6,6
GTEX-12BJ1-2526-SM-5FQUE,Normal_GTEX,1,2,2,1,1,0,1,1,4,1,1,4,2,0,0,2,6,6
GTEX-139D8-1226-SM-5L3ED,Normal_GTEX,1,2,2,1,1,0,1,1,4,1,3,0,1,5,0,1,0,0
GTEX-ZP4G-1126-SM-4WWCI,Normal_GTEX,1,2,2,1,1,0,1,1,4,1,3,0,1,5,5,1,0,0
GTEX-ZT9W-0226-SM-4YCCZ,Normal_GTEX,1,0,2,1,3,2,1,4,2,1,2,2,2,1,2,3,3,3
GTEX-12WSK-0526-SM-5CVNA,Normal_GTEX,1,2,2,1,1,0,1,1,4,1,3,0,2,5,0,2,0,0
GTEX-139YR-0626-SM-5IJBT,Normal_GTEX,1,2,2,1,1,0,1,1,4,1,3,0,1,5,0,1,0,0
GTEX-13OVJ-0126-SM-5KM36,Normal_GTEX,1,0,2,1,3,2,2,4,2,2,1,3,3,4,3,4,7,7
GTEX-WXYG-1126-SM-4ONCH,Normal_GTEX,1,2,2,1,1,0,1,1,4,1,3,0,1,5,5,1,0,0
GTEX-T6MN-0011-R7A-SM-5CHSP,Normal_GTEX,3,1,0,4,2,3,5,2,3,6,5,4,7,2,4,8,1,1
GTEX-XYKS-1826-SM-4E3JV,Normal_GTEX,1,2,2,1,1,0,1,1,4,1,1,0,2,0,5,3,6,6
GTEX-11ONC-2026-SM-5HL61,Normal_GTEX,1,2,2,1,1,0,1,1,4,1,3,0,1,5,5,1,0,0
TCGA-E2-A1II-01,Basal,2,0,1,2,0,1,3,0,1,4,0,1,5,6,1,6,2,2
GTEX-RNOR-0011-R3A-SM-5SI8E,Normal_GTEX,3,1,0,3,2,3,4,3,0,5,4,5,6,3,6,7,4,4
GTEX-13QIC-0011-R10a-SM-5O9C7,Normal_GTEX,3,1,0,3,2,3,4,3,0,5,4,5,6,3,6,7,4,4
TCGA-A8-A09B-01,LumA,2,0,1,2,0,1,3,0,1,4,0,1,5,6,1,6,2,2
GTEX-ZVE2-1226-SM-5NQ8R,Normal_GTEX,1,0,2,1,3,2,1,4,2,1,1,0,2,5,5,3,3,6
GTEX-13QJC-0011-R7b-SM-5PNUM,Normal_GTEX,3,1,0,3,2,3,4,3,0,5,4,5,6,3,6,7,4,4
GTEX-UTHO-0426-SM-3GAED,Normal_GTEX,1,2,2,1,1,0,1,1,4,1,1,0,2,0,5,3,6,6
GTEX-T6MN-2726-SM-4DM77,Normal_GTEX,1,1,0,1,2,3,2,3,0,3,4,5,4,3,6,5,4,4
GTEX-12WSD-3126-SM-5HL7P,Normal_GTEX,3,1,0,3,2,3,4,3,0,5,4,5,6,3,6,7,4,4
GTEX-ZE7O-2626-SM-51MSS,Normal_GTEX,1,2,2,1,1,0,1,1,4,1,3,0,1,5,5,1,0,0
GTEX-S4Z8-0426-SM-3K2AH,Normal_GTEX,1,0,2,1,3,2,2,4,2,3,2,2,4,1,2,5,3,3
GTEX-XV7Q-1626-SM-4BRWC,Normal_GTEX,1,0,2,1,3,2,2,4,2,2,1,3,3,4,3,4,7,7
GTEX-13OVL-0011-R4b-SM-5L3HV,Normal_GTEX,3,1,0,3,2,3,4,3,0,5,4,5,6,3,6,7,4,4
GTEX-RNOR-0426-SM-2TF4U,Normal_GTEX,1,2,2,1,1,0,1,1,4,1,3,0,1,0,0,1,6,0
GTEX-13PVR-2526-SM-5RQIT,Normal_GTEX,1,2,2,1,1,0,1,1,4,1,1,4,2,0,0,2,6,6
GTEX-YEC4-0126-SM-4W21T,Normal_GTEX,1,0,0,1,3,3,2,4,3,3,2,2,4,1,2,5,3,3
GTEX-XYKS-0426-SM-4BRW4,Normal_GTEX,1,2,2,1,1,0,1,1,4,1,3,0,1,5,0,1,0,0
GTEX-PWCY-1826-SM-2S1OK,Normal_GTEX,1,0,2,1,3,2,2,4,2,2,1,3,3,4,3,4,7,7
GTEX-11WQC-1726-SM-5GU4W,Normal_GTEX,1,0,2,1,3,2,1,4,2,1,3,0,2,5,5,3,0,6
GTEX-13X6I-0011-R2b-SM-5PNWQ,Normal_GTEX,3,1,0,3,2,3,4,3,0,5,4,5,6,3,6,7,4,4
GTEX-Q2AI-1526-SM-3GIJ3,Normal_GTEX,1,2,2,1,1,0,1,1,4,1,1,4,2,0,0,2,6,6
GTEX-1313W-0011-R8a-SM-5DUVM,Normal_GTEX,3,1,0,3,2,3,4,3,0,5,4,5,6,3,6,7,4,4
GTEX-ZF28-0526-SM-4WKGW,Normal_GTEX,1,2,2,1,1,0,1,1,4,1,1,4,2,0,0,2,6,6
GTEX-WHSE-1126-SM-3NMBU,Normal_GTEX,1,2,2,1,1,0,1,1,4,1,3,0,1,5,0,1,0,0
GTEX-X638-0426-SM-47JY2,Normal_GTEX,1,2,2,1,3,0,1,4,4,1,1,0,2,0,3,3,6,6
GTEX-12ZZX-0011-R2a-SM-5EGLG,Normal_GTEX,3,1,0,3,2,3,4,3,0,5,4,5,6,3,6,7,4,4
GTEX-13OVI-2726-SM-5KM56,Normal_GTEX,1,0,2,1,3,2,2,4,2,2,1,0,3,0,3,4,7,7
GTEX-12696-0126-SM-5EQ4L,Normal_GTEX,1,0,2,1,3,2,2,4,2,2,1,3,3,4,3,4,7,7
GTEX-V955-1226-SM-4JBI9,Normal_GTEX,1,2,2,1,1,0,1,1,4,1,3,0,1,5,5,1,0,0
GTEX-ZQG8-0626-SM-57WF3,Normal_GTEX,1,2,2,1,1,0,1,1,4,1,3,0,1,0,0,1,6,0
GTEX-N7MT-1626-SM-3LK71,Normal_GTEX,1,0,2,1,3,2,2,4,2,3,2,2,4,1,2,5,3,3
GTEX-ZQG8-1126-SM-51MRL,Normal_GTEX,1,2,2,1,1,0,1,1,4,1,3,0,1,5,5,1,0,0
GTEX-X4XX-1026-SM-4QARO,Normal_GTEX,1,0,2,1,3,2,2,4,2,3,2,2,4,1,2,5,3,3
GTEX-T5JC-0826-SM-32PMC,Normal_GTEX,1,0,2,1,3,2,2,4,2,3,2,2,4,1,2,5,3,3
GTEX-XQ8I-1726-SM-4BOQB,Normal_GTEX,1,1,0,1,3,3,2,4,3,3,2,2,4,1,2,5,3,3
GTEX-UJHI-0126-SM-4IHLP,Normal_GTEX,1,1,0,1,2,3,2,4,3,3,2,2,4,1,2,5,3,3
GTEX-X261-0011-R11A-SM-4E3JY,Normal_GTEX,3,1,0,3,2,3,4,3,0,5,4,5,6,3,6,7,4,4
GTEX-P44H-1026-SM-3NM96,Normal_GTEX,1,2,2,1,1,0,1,1,4,1,3,0,1,5,0,1,0,0
GTEX-13O3O-0826-SM-5K7WE,Normal_GTEX,1,0,2,1,3,2,1,4,2,1,3,0,2,5,5,3,0,6
GTEX-YFC4-1126-SM-5RQJN,Normal_GTEX,1,0,2,1,3,2,2,4,2,3,2,2,4,1,2,5,3,3
GTEX-OOBK-0008-SM-3NB27,Normal_GTEX,3,2,2,4,1,0,5,1,3,6,1,4,7,4,0,8,5,5
GTEX-111YS-1426-SM-5GID8,Normal_GTEX,1,0,2,1,3,2,2,4,2,3,2,2,4,1,2,5,3,3
GTEX-11LCK-0826-SM-5PNYD,Normal_GTEX,1,2,2,1,1,0,1,1,4,1,3,0,2,5,0,2,0,0
GTEX-14AS3-0726-SM-5S2NY,Normal_GTEX,1,2,2,1,1,0,1,1,4,1,3,0,1,5,5,1,0,0
GTEX-13X6J-0011-R8b-SM-5PNUA,Normal_GTEX,3,1,0,3,2,3,4,3,0,5,4,5,6,3,6,7,4,4
GTEX-11TUW-2226-SM-5EQL9,Normal_GTEX,1,0,0,1,3,2,2,3,2,3,4,5,4,3,6,5,4,4
GTEX-144FL-0226-SM-5Q5D4,Normal_GTEX,1,2,2,1,1,0,1,1,4,1,1,0,2,0,5,3,6,6
GTEX-ZZ64-0226-SM-5E44X,Normal_GTEX,1,0,2,1,3,2,2,4,2,2,1,3,3,4,3,4,7,7
GTEX-13QIC-2326-SM-5LU5N,Normal_GTEX,1,0,2,1,3,2,1,4,2,1,1,0,2,0,5,3,6,6
TCGA-E9-A1RF-11,Normal_TCGA,1,2,1,1,0,1,1,0,1,1,0,1,2,0,1,3,6,2
GTEX-132AR-0326-SM-5KM2C,Normal_GTEX,1,0,2,1,3,2,2,4,2,2,1,3,3,4,3,4,7,7
GTEX-131XG-1426-SM-5GCMO,Normal_GTEX,1,0,2,1,3,2,2,4,2,3,2,2,4,1,2,5,3,3
GTEX-14A5I-0005-SM-5N9FU,Normal_GTEX,3,1,0,4,2,3,5,2,3,6,5,4,7,2,4,8,1,1
GTEX-ZF28-0011-R11a-SM-4WWEI,Normal_GTEX,3,1,0,3,2,3,4,3,0,5,4,5,6,3,6,7,4,4
TCGA-A2-A0EV-01,LumA,2,0,1,2,0,1,3,0,1,4,0,1,5,6,1,6,2,2
GTEX-OXRK-0526-SM-3NB2F,Normal_GTEX,1,2,2,1,1,0,1,1,4,1,3,0,1,5,0,1,0,0
GTEX-131XF-2426-SM-5BC6C,Normal_GTEX,1,2,2,1,1,0,1,1,4,1,1,0,2,0,3,3,6,6
GTEX-13OW5-0126-SM-5MR3A,Normal_GTEX,1,0,2,1,3,2,2,4,2,2,1,3,3,4,3,4,7,7
GTEX-ZV7C-1326-SM-5BC7G,Normal_GTEX,1,2,2,1,1,0,1,1,4,1,3,0,1,5,5,1,0,0
GTEX-13111-0426-SM-5DUXR,Normal_GTEX,1,0,2,1,3,2,2,4,2,3,2,2,4,1,2,5,3,3
GTEX-146FQ-0226-SM-5NQAL,Normal_GTEX,1,2,2,1,1,0,1,1,4,1,1,0,2,0,5,3,6,6
GTEX-132QS-0226-SM-5IFFZ,Normal_GTEX,1,1,0,1,2,3,2,4,3,3,2,2,4,1,2,5,3,3
GTEX-11P82-1226-SM-5HL5P,Normal_GTEX,1,2,2,1,1,0,1,1,4,1,3,0,1,5,5,1,0,0
GTEX-ZYW4-0326-SM-5E44Y,Normal_GTEX,1,2,2,1,3,0,1,4,4,1,1,0,2,0,3,3,7,6
GTEX-139T8-0526-SM-5KLZL,Normal_GTEX,1,2,2,1,1,0,1,1,4,1,1,4,2,0,0,2,6,6
GTEX-QDVJ-2126-SM-5S2U2,Normal_GTEX,1,2,2,1,1,0,1,1,4,1,3,0,1,5,0,1,0,0
GTEX-P44G-0006-SM-2TC6A,Normal_GTEX,3,1,0,4,2,3,5,2,3,6,5,4,7,2,4,8,1,1
GTEX-P4QT-0008-SM-48TDZ,Normal_GTEX,3,2,2,4,1,0,5,1,3,6,1,4,7,2,0,8,5,5
GTEX-145LT-0326-SM-5LUAD,Normal_GTEX,1,0,2,1,3,2,2,4,2,3,2,2,4,1,2,5,3,3
GTEX-OHPK-1526-SM-3MJGM,Normal_GTEX,1,0,2,1,3,2,2,4,2,3,2,2,4,1,2,5,3,3
GTEX-Y3I4-1326-SM-4TT8Z,Normal_GTEX,1,2,2,1,1,0,1,1,4,1,3,0,1,5,5,1,0,0
GTEX-ZF28-2926-SM-4WKG1,Normal_GTEX,3,1,0,3,2,3,4,3,0,5,4,5,6,3,6,7,4,4
GTEX-Y5V6-1926-SM-5IFIL,Normal_GTEX,1,1,0,1,2,3,2,1,4,3,2,2,4,1,2,5,3,5
GTEX-11ONC-0126-SM-5PNW6,Normal_GTEX,1,2,2,1,1,0,1,1,4,1,3,0,2,5,0,2,0,0
TCGA-E2-A15I-11,Normal_TCGA,1,0,1,1,0,1,1,0,1,1,0,1,2,6,1,3,2,2
GTEX-13G51-1826-SM-5KLZH,Normal_GTEX,1,0,2,1,3,2,2,4,2,2,1,3,3,4,3,4,7,7
TCGA-A2-A25B-01,LumB,2,0,1,2,0,1,3,0,1,4,0,1,5,6,1,6,2,2
GTEX-ZPCL-2126-SM-57WFZ,Normal_GTEX,1,2,2,1,1,0,1,1,4,1,1,0,2,0,5,3,6,6
GTEX-WK11-0926-SM-3NMAU,Normal_GTEX,1,0,2,1,3,2,1,4,2,1,2,2,2,1,2,3,3,3
GTEX-1314G-0126-SM-5LZUL,Normal_GTEX,1,2,2,1,1,0,1,1,4,1,3,0,2,5,0,2,0,0
GTEX-XXEK-0826-SM-4BRWG,Normal_GTEX,1,0,2,1,3,2,2,4,2,3,2,2,4,1,2,5,3,3
GTEX-145MO-0726-SM-5NQB9,Normal_GTEX,1,2,2,1,1,0,1,1,4,1,1,4,2,0,0,2,6,6
GTEX-REY6-0426-SM-2TF5G,Normal_GTEX,1,0,2,1,3,2,2,4,2,3,2,2,4,1,2,5,3,3
GTEX-P78B-0626-SM-2S1O5,Normal_GTEX,1,2,2,1,1,0,1,1,4,1,1,0,2,0,3,3,6,6
GTEX-13OVJ-0011-R3b-SM-5P9H6,Normal_GTEX,3,1,0,3,2,3,4,3,0,5,4,5,6,3,6,7,4,4
GTEX-13D11-1526-SM-5J2NA,Normal_GTEX,1,2,2,1,1,0,1,1,4,1,3,0,2,5,0,2,0,0
GTEX-XQ8I-0008-SM-4WAWM,Normal_GTEX,3,2,2,4,1,0,5,1,3,6,1,4,7,0,0,8,5,5
GTEX-XQ8I-0626-SM-4BOPT,Normal_GTEX,1,2,2,1,1,0,1,1,4,1,1,4,2,0,0,2,6,6
GTEX-145MO-2226-SM-5Q5BN,Normal_GTEX,1,0,2,1,3,2,2,4,2,3,2,2,4,1,2,5,3,3
GTEX-11TT1-2126-SM-5GU5Y,Normal_GTEX,1,0,2,1,1,2,1,1,2,1,3,0,2,5,5,3,0,6
GTEX-XOTO-0011-R11B-SM-4B64O,Normal_GTEX,3,1,0,3,2,3,4,3,0,5,4,5,6,3,6,7,4,4
GTEX-QDVJ-0005-SM-2TC5X,Normal_GTEX,3,1,0,4,2,3,5,2,3,6,5,4,7,2,4,8,1,1
GTEX-ZVZQ-0011-R9a-SM-51MRH,Normal_GTEX,3,1,0,3,2,3,4,3,0,5,4,5,6,3,6,7,4,4
GTEX-X261-0011-R7A-SM-4E3JJ,Normal_GTEX,3,1,0,3,2,3,4,3,0,5,4,5,6,3,6,7,4,4
GTEX-XPT6-0008-SM-4B64Q,Normal_GTEX,3,2,2,4,1,0,5,1,3,6,1,4,7,0,0,8,5,5
GTEX-1399T-0526-SM-5J1NC,Normal_GTEX,1,2,2,1,1,0,1,1,4,1,3,0,1,5,0,1,0,0
GTEX-13O3O-1626-SM-5KM1O,Normal_GTEX,1,2,0,1,1,3,2,1,4,3,2,2,4,1,2,5,5,5
GTEX-11P82-0626-SM-5PNYK,Normal_GTEX,1,2,2,1,1,0,1,1,4,1,3,0,1,5,5,1,0,0
GTEX-RU72-0726-SM-46MUW,Normal_GTEX,1,0,2,1,3,2,2,4,2,2,1,3,3,4,3,4,7,7
GTEX-13QBU-2426-SM-5LU4L,Normal_GTEX,1,2,2,1,1,0,1,1,4,1,1,4,2,0,0,2,6,6
GTEX-ZVZP-0126-SM-5NQ6Q,Normal_GTEX,1,2,2,1,1,0,1,1,4,1,3,0,1,5,0,1,0,0
TCGA-BH-A1EO-11,Normal_TCGA,1,2,1,1,0,1,1,0,1,1,0,1,2,6,1,3,6,2
GTEX-ZYY3-3026-SM-5GIEJ,Normal_GTEX,3,1,0,3,2,3,4,3,0,5,4,5,6,3,6,7,4,4
GTEX-QV31-1026-SM-4R1K3,Normal_GTEX,1,0,2,1,3,2,1,4,2,1,2,2,1,1,2,1,3,3
GTEX-T6MO-0006-SM-32QOU,Normal_GTEX,3,1,0,4,2,3,5,2,3,6,5,4,7,2,4,8,1,1
GTEX-11XUK-0626-SM-5N9ES,Normal_GTEX,1,0,2,1,3,2,2,4,2,3,2,2,4,1,2,5,3,3
GTEX-OXRL-0326-SM-2I3F2,Normal_GTEX,1,2,2,1,1,0,1,1,4,1,3,0,2,5,0,2,0,0
GTEX-11EMC-0126-SM-5EGKV,Normal_GTEX,1,0,2,1,3,2,2,4,2,3,2,2,4,1,2,5,3,3
GTEX-12WSM-0011-R1a-SM-5LZW6,Normal_GTEX,3,1,0,3,2,3,4,3,0,5,4,5,6,3,6,7,4,4
TCGA-AO-A03R-01,Normal,2,0,1,2,0,1,3,0,1,4,0,1,5,6,1,6,2,2
GTEX-Y8E4-1526-SM-4WWDI,Normal_GTEX,1,0,2,1,3,2,2,4,2,3,2,2,4,1,2,5,3,3
TCGA-A2-A0ER-01,LumA,2,0,1,2,0,1,3,0,1,4,0,1,5,6,1,6,2,2
GTEX-WWYW-2826-SM-4MVOQ,Normal_GTEX,1,2,2,1,1,0,1,1,4,1,3,0,1,5,5,1,0,0
GTEX-11DXX-2526-SM-5H119,Normal_GTEX,1,2,2,1,1,0,1,1,4,1,1,0,2,0,3,3,6,6
GTEX-13IVO-0011-R3b-SM-5IJBJ,Normal_GTEX,3,1,0,3,2,3,4,3,0,5,4,5,6,3,6,7,4,4
GTEX-Y3I4-1426-SM-4TT9C,Normal_GTEX,1,2,2,1,1,0,1,1,4,1,3,0,1,5,5,1,0,0
GTEX-Y8E5-0326-SM-57WBM,Normal_GTEX,1,2,2,1,1,0,1,1,4,1,1,4,2,0,0,2,6,6
GTEX-QLQW-0326-SM-447A8,Normal_GTEX,1,0,2,1,3,2,2,4,2,3,2,2,4,1,2,5,3,3
GTEX-12ZZZ-1226-SM-59HK1,Normal_GTEX,1,0,2,1,3,2,1,4,2,1,2,2,2,1,2,3,3,3
GTEX-1399T-0426-SM-5PNVJ,Normal_GTEX,1,2,2,1,1,0,1,1,4,1,3,0,2,5,0,2,0,0
TCGA-BH-A0B8-01,LumA,2,0,1,2,0,1,3,0,1,4,0,1,5,6,1,6,2,2
GTEX-14A5H-3026-SM-5RQHV,Normal_GTEX,1,1,0,1,2,3,2,3,0,3,4,5,4,3,6,5,4,4
GTEX-WRHU-0826-SM-3MJFN,Normal_GTEX,1,2,2,1,1,0,1,1,4,1,1,4,2,0,0,2,6,6
GTEX-13CZV-0011-R10b-SM-5LZYD,Normal_GTEX,3,1,0,3,2,3,4,3,0,5,4,5,6,3,6,7,4,4
GTEX-12ZZY-0326-SM-5LZVQ,Normal_GTEX,1,2,2,1,1,0,1,1,4,1,1,0,2,0,5,3,6,6
GTEX-145MI-0011-R7b-SM-5Q5AZ,Normal_GTEX,3,1,0,3,2,3,4,2,0,5,5,5,6,2,6,7,1,4
GTEX-N7MT-0126-SM-2D7VT,Normal_GTEX,1,0,2,1,3,2,2,4,2,3,2,2,4,1,2,5,3,3
GTEX-13OW7-0011-R3a-SM-5O9DA,Normal_GTEX,3,1,0,3,2,3,4,3,0,5,4,5,6,3,6,7,4,4
GTEX-11H98-0326-SM-5HL4S,Normal_GTEX,1,2,2,1,1,0,1,1,4,1,1,4,2,0,0,2,6,6
TCGA-BH-A1F6-11,Normal_TCGA,1,0,1,1,0,1,1,0,1,1,0,1,2,6,1,3,2,2
GTEX-11TUW-2526-SM-5EQKN,Normal_GTEX,1,2,2,1,1,0,1,1,4,1,1,4,2,0,0,2,6,6
GTEX-R55G-1226-SM-48FDC,Normal_GTEX,1,0,2,1,3,2,2,4,2,3,2,2,4,1,2,5,3,3
GTEX-ZTPG-1626-SM-5DUX2,Normal_GTEX,1,0,2,1,3,2,2,4,2,2,1,3,3,4,3,4,7,7
GTEX-117XS-2926-SM-5N9BX,Normal_GTEX,1,1,0,1,2,3,2,3,0,3,4,5,4,3,6,5,4,4
GTEX-QVJO-0011-R7A-SM-2S1QO,Normal_GTEX,3,1,0,3,2,3,4,3,0,5,4,5,6,3,6,7,4,4
GTEX-WHWD-2326-SM-3LK6Q,Normal_GTEX,1,2,2,1,1,0,1,1,4,1,1,0,2,0,3,3,6,6
GTEX-11UD2-0005-SM-5NQ9B,Normal_GTEX,3,1,0,4,2,3,5,2,3,6,5,4,7,2,4,8,1,1
TCGA-BH-A0BA-01,LumA,2,0,1,2,0,1,3,0,1,4,0,1,5,6,1,6,2,2
GTEX-RN64-0526-SM-2TC5P,Normal_GTEX,1,2,2,1,1,0,1,1,4,1,3,0,1,0,0,1,6,0
GTEX-Y5V5-1826-SM-4VDS5,Normal_GTEX,1,2,2,1,1,0,1,1,4,1,3,0,1,5,5,1,0,0
GTEX-1211K-1726-SM-5FQUJ,Normal_GTEX,1,0,2,1,3,2,2,4,2,3,2,2,4,1,2,5,3,3
GTEX-RNOR-0011-R1A-SM-5SI8F,Normal_GTEX,3,1,0,3,2,3,4,3,0,5,4,5,6,3,6,7,4,4
GTEX-13JVG-0011-R11a-SM-5KM53,Normal_GTEX,3,1,0,3,2,3,4,3,0,5,4,5,6,3,6,7,4,4
GTEX-ZV7C-1826-SM-5NQ83,Normal_GTEX,1,0,2,1,3,2,1,4,2,1,1,0,2,0,5,3,6,6
GTEX-13112-0326-SM-5P9IW,Normal_GTEX,1,0,2,1,3,2,1,4,2,1,2,2,2,1,2,3,3,3
GTEX-TMZS-0006-SM-3DB8G,Normal_GTEX,3,1,0,4,2,3,5,2,3,6,5,4,7,2,4,8,1,1
GTEX-13QBU-2326-SM-5LU49,Normal_GTEX,1,2,2,1,1,0,1,1,4,1,1,0,2,0,3,3,6,6
TCGA-A8-A08J-01,Her2,2,0,1,2,0,1,3,0,1,4,0,1,5,6,1,6,2,2
GTEX-14E6D-0926-SM-5S2QV,Normal_GTEX,1,2,2,1,1,0,1,1,4,1,3,0,2,5,0,2,0,0
GTEX-11TT1-0926-SM-5GU5M,Normal_GTEX,1,2,2,1,1,0,1,1,4,1,3,0,1,5,5,1,0,0
GTEX-Y114-1726-SM-4TT7U,Normal_GTEX,1,2,2,1,1,0,1,1,4,1,2,0,1,1,0,1,5,5
GTEX-11WQC-0011-R6a-SM-5BC77,Normal_GTEX,3,1,0,3,2,3,4,3,0,5,4,5,6,3,6,7,4,4
GTEX-13PL7-0526-SM-5J2MQ,Normal_GTEX,1,2,2,1,1,0,1,1,4,1,3,0,1,5,5,1,0,0
GTEX-WI4N-2526-SM-4OOSE,Normal_GTEX,1,2,2,1,1,0,1,1,4,1,3,0,1,5,0,1,5,5
GTEX-13X6K-1826-SM-5O9CR,Normal_GTEX,1,2,2,1,1,0,1,1,4,1,3,0,2,5,0,2,0,0
GTEX-13VXT-0626-SM-5SIA1,Normal_GTEX,1,0,2,1,3,2,1,4,2,1,2,2,2,1,2,3,3,3
GTEX-XUZC-0008-SM-4BOQG,Normal_GTEX,3,2,2,4,1,0,5,1,3,6,1,4,7,0,0,8,5,5
TCGA-A8-A0A9-01,LumA,2,0,1,2,0,1,3,0,1,4,0,1,5,6,1,6,2,2
GTEX-13JUV-0011-R9a-SM-5LZX3,Normal_GTEX,3,1,0,3,2,3,4,3,0,5,4,5,6,3,6,7,4,4
GTEX-T6MN-1226-SM-3NMA5,Normal_GTEX,1,0,2,1,3,2,2,4,2,3,2,2,4,1,2,5,3,3
GTEX-RU72-1226-SM-2TF6N,Normal_GTEX,1,2,2,1,1,0,1,1,4,1,3,0,1,5,0,1,0,0
GTEX-Y114-0008-SM-4TT8X,Normal_GTEX,3,2,2,4,1,0,5,1,3,6,1,4,7,0,0,8,5,5
GTEX-T8EM-0826-SM-4DM76,Normal_GTEX,1,0,2,1,3,2,2,4,2,3,2,2,4,1,2,5,3,3
GTEX-12ZZY-2726-SM-5EQ45,Normal_GTEX,1,2,2,1,1,0,1,1,4,1,3,0,1,5,5,1,0,0
GTEX-131YS-2826-SM-5EQ47,Normal_GTEX,1,0,2,1,3,2,2,4,2,2,1,3,3,4,3,4,7,7
GTEX-X88G-0006-SM-47JX5,Normal_GTEX,3,1,0,4,2,3,5,2,3,6,5,4,7,2,4,8,1,1
GTEX-ZVE1-0526-SM-5NQ71,Normal_GTEX,1,2,2,1,1,0,1,1,4,1,1,4,2,0,0,2,6,6
GTEX-11TUW-0626-SM-5LU9M,Normal_GTEX,1,0,2,1,3,2,2,4,2,2,1,3,3,4,3,4,7,7
GTEX-Y5V6-1626-SM-4VDT2,Normal_GTEX,1,0,2,1,3,2,2,4,2,3,2,2,4,1,2,5,3,3
GTEX-QV31-1126-SM-4R1K4,Normal_GTEX,1,0,0,1,3,2,2,3,2,3,4,5,4,3,6,5,4,4
GTEX-13PVQ-0426-SM-5J1OG,Normal_GTEX,1,2,2,1,1,0,1,1,4,1,1,0,2,0,3,3,6,6
GTEX-13NYB-2726-SM-5J2MT,Normal_GTEX,1,2,2,1,1,0,1,1,4,1,1,4,2,0,0,2,6,6
GTEX-WEY5-0526-SM-3GIKZ,Normal_GTEX,1,0,2,1,3,2,1,4,2,1,2,0,2,1,2,3,3,6
GTEX-WZTO-1326-SM-3NM8X,Normal_GTEX,1,2,2,1,1,0,1,1,4,1,3,0,2,5,0,2,0,0
GTEX-13NYS-2926-SM-5IFGH,Normal_GTEX,1,1,0,1,2,3,2,3,0,3,2,5,4,1,6,5,4,4
GTEX-11DXZ-0326-SM-5EGH1,Normal_GTEX,1,2,2,1,1,0,1,1,4,1,3,0,2,5,0,2,0,0
GTEX-13PVQ-2726-SM-5L3H7,Normal_GTEX,1,2,2,1,1,0,1,1,4,1,3,0,1,5,5,1,0,0
GTEX-WL46-0011-R7A-SM-3LK7X,Normal_GTEX,3,1,0,3,2,3,4,3,0,5,4,5,6,3,6,7,4,4
GTEX-11GSP-0006-SM-5N9EL,Normal_GTEX,3,1,0,4,2,3,5,2,3,6,5,4,7,2,4,8,1,1
GTEX-1399U-2526-SM-5L3DL,Normal_GTEX,1,2,2,1,1,0,1,1,4,1,1,4,2,0,0,2,6,6
GTEX-ZTTD-0326-SM-57WFW,Normal_GTEX,1,0,2,1,3,0,1,4,4,1,1,0,2,0,5,3,6,6
TCGA-BH-A0BM-01,LumA,2,0,1,2,0,1,3,0,1,4,0,1,5,6,1,6,2,2
GTEX-146FR-0426-SM-5SI97,Normal_GTEX,1,0,2,1,3,2,2,4,2,2,1,3,3,4,3,4,7,7
TCGA-A2-A04T-01,Basal,2,0,1,2,0,1,3,0,1,4,0,1,5,6,1,6,2,2
GTEX-14DAR-0006-SM-5N9GC,Normal_GTEX,3,1,0,4,2,3,5,2,3,6,5,4,7,2,4,8,1,1
GTEX-XGQ4-2226-SM-4AT4Y,Normal_GTEX,1,2,2,1,1,0,1,1,4,1,1,0,2,0,5,3,6,6
GTEX-13113-1026-SM-5LZWM,Normal_GTEX,1,2,2,1,1,0,1,1,4,1,3,0,1,5,5,1,0,0
GTEX-ZVE2-1326-SM-5NQ94,Normal_GTEX,1,0,2,1,3,2,2,4,2,2,1,3,3,4,3,4,7,7
GTEX-13S7M-0326-SM-5S2PH,Normal_GTEX,1,2,2,1,1,0,1,1,4,1,1,4,2,0,0,2,6,6
GTEX-PLZ5-0426-SM-3P612,Normal_GTEX,1,2,2,1,1,0,1,1,4,1,3,0,1,5,0,1,0,0
GTEX-R55C-1626-SM-48FEG,Normal_GTEX,1,2,2,1,1,0,1,1,4,1,1,0,2,0,5,3,6,6
TCGA-E2-A14R-01,Basal,2,1,1,2,0,1,3,0,1,4,0,1,5,6,1,6,2,2
TCGA-AN-A0XW-01,LumA,2,0,1,2,0,1,3,0,1,4,0,1,5,6,1,6,2,2
TCGA-A8-A07J-01,LumA,2,0,1,2,0,1,3,0,1,4,0,1,5,6,1,6,2,2
GTEX-UPIC-1026-SM-4IHLT,Normal_GTEX,1,0,2,1,3,2,2,4,2,2,1,3,3,4,3,4,7,7
GTEX-13FTZ-0011-R10b-SM-5KLZS,Normal_GTEX,3,1,0,3,2,3,4,3,0,5,4,5,6,3,6,7,4,4
GTEX-13FTY-0126-SM-5J2NZ,Normal_GTEX,1,0,2,1,3,2,2,4,2,3,2,2,4,1,2,5,3,3
TCGA-A2-A0SX-01,Basal,2,0,1,2,0,1,3,0,1,4,0,1,5,6,1,6,2,2
GTEX-11P82-0526-SM-5986P,Normal_GTEX,1,0,2,1,3,2,2,4,2,2,1,3,3,4,3,4,7,7
GTEX-13QBU-0226-SM-5LU48,Normal_GTEX,1,2,2,1,1,0,1,1,4,1,3,0,2,5,0,2,0,0
GTEX-PX3G-1426-SM-48U1J,Normal_GTEX,1,0,2,1,3,2,2,4,2,3,2,2,4,1,2,5,3,3
TCGA-A7-A26G-01,Basal,2,0,1,2,0,1,3,0,1,4,0,1,5,6,1,6,2,2
GTEX-12WSE-0826-SM-5S2VL,Normal_GTEX,1,0,2,1,3,2,2,4,2,3,2,2,4,1,2,5,3,3
GTEX-XUJ4-1826-SM-4BOOU,Normal_GTEX,1,0,2,1,3,2,2,4,2,2,1,3,3,4,3,4,7,7
GTEX-XQ8I-0326-SM-4BOPN,Normal_GTEX,1,2,2,1,1,0,1,1,4,1,3,0,1,5,0,1,0,0
GTEX-XYKS-2626-SM-4BRUT,Normal_GTEX,1,2,2,1,1,0,1,1,4,1,3,0,2,5,0,3,0,0
GTEX-UJHI-1626-SM-3DB9A,Normal_GTEX,1,2,2,1,1,0,1,1,4,1,1,0,2,0,5,3,6,6
GTEX-XPVG-1726-SM-4B65W,Normal_GTEX,1,2,2,1,1,0,1,1,4,1,2,0,1,1,5,1,3,0
GTEX-13X6I-0526-SM-5QGP8,Normal_GTEX,1,2,2,1,1,0,1,1,4,1,1,4,2,0,0,2,6,6
GTEX-WFON-1426-SM-5CHT1,Normal_GTEX,3,1,0,4,2,3,5,2,3,6,5,4,7,2,4,8,1,1
GTEX-RTLS-0626-SM-5SI7Z,Normal_GTEX,1,0,2,1,3,2,1,4,2,1,2,2,2,1,2,3,3,3
GTEX-12WSJ-1126-SM-5LZVJ,Normal_GTEX,1,0,2,1,3,2,2,4,2,2,1,3,3,4,3,4,7,7
GTEX-13X6K-0726-SM-5LU2Z,Normal_GTEX,1,2,2,1,1,0,1,1,4,1,3,0,2,0,5,3,6,6
GTEX-ZUA1-0226-SM-5NQ9Q,Normal_GTEX,1,2,2,1,1,0,1,1,4,1,1,0,2,0,5,3,6,6
GTEX-11O72-2226-SM-5PNW2,Normal_GTEX,1,2,2,1,1,0,1,1,4,1,2,2,1,1,5,1,3,3
GTEX-145MH-0011-R10b-SM-5PNUK,Normal_GTEX,3,1,0,3,2,3,4,3,0,5,4,5,6,3,6,7,4,4
GTEX-ZYVF-2726-SM-5GID4,Normal_GTEX,1,2,2,1,1,0,1,1,4,1,3,0,1,5,5,1,0,0
GTEX-11GS4-0426-SM-5N9CD,Normal_GTEX,1,2,2,1,1,0,1,1,4,1,3,0,2,5,0,2,0,0
GTEX-131XF-1826-SM-5EGKG,Normal_GTEX,1,0,2,1,3,2,1,4,2,1,2,2,2,1,2,3,3,3
GTEX-13SLX-0526-SM-5S2ON,Normal_GTEX,1,0,2,1,3,2,2,4,2,2,1,3,3,4,3,4,7,7
GTEX-139T8-0326-SM-5IJCM,Normal_GTEX,1,2,2,1,1,0,1,1,4,1,1,0,2,0,3,3,6,6
GTEX-117XS-1926-SM-5GICO,Normal_GTEX,1,0,2,1,3,0,1,4,4,1,1,0,2,0,5,3,6,6
GTEX-12WSF-0011-R6b-SM-5HL8W,Normal_GTEX,3,1,0,3,2,3,4,3,0,5,4,5,6,3,6,7,4,4
TCGA-BH-A2L8-01,LumA,2,0,1,2,0,1,3,0,1,4,0,1,5,6,1,6,2,2
GTEX-XAJ8-1326-SM-47JYT,Normal_GTEX,1,0,0,1,3,2,2,3,2,3,4,5,4,3,6,5,4,4
GTEX-13QBU-2526-SM-5LU4X,Normal_GTEX,1,2,2,1,1,0,1,1,4,1,1,0,2,0,5,3,6,6
GTEX-Y8LW-0002-SM-4V6G2,Normal_GTEX,3,1,0,4,2,3,5,2,3,6,5,4,7,2,4,8,1,1
GTEX-ZT9X-1426-SM-5DUX1,Normal_GTEX,1,0,0,1,3,2,2,3,2,3,4,5,4,3,6,5,4,4
GTEX-VJWN-0726-SM-3GIJ8,Normal_GTEX,1,0,2,1,3,2,1,4,2,1,3,0,2,5,5,3,0,6
GTEX-ZYWO-2726-SM-5NQ6N,Normal_GTEX,1,2,2,1,1,0,1,1,4,1,1,0,2,0,3,3,6,6
GTEX-11DXX-2026-SM-5EGJL,Normal_GTEX,1,2,2,1,1,0,1,1,4,1,3,0,2,0,5,3,6,6
TCGA-AC-A2FB-11,Normal_TCGA,1,0,1,1,0,1,1,0,1,1,0,1,2,6,1,3,2,2
GTEX-13FXS-0011-R2b-SM-5K7XX,Normal_GTEX,3,1,0,3,2,3,4,3,0,5,4,5,6,3,6,7,4,4
TCGA-BH-A0BS-01,LumA,2,0,1,2,0,1,3,0,1,4,0,1,5,6,1,6,2,2
GTEX-13NZA-2526-SM-5IJFX,Normal_GTEX,1,0,0,1,3,2,2,3,2,3,4,5,4,3,6,5,4,4
GTEX-RWS6-1026-SM-47JXD,Normal_GTEX,1,2,2,1,1,0,1,1,4,1,3,0,1,5,0,1,5,5
TCGA-EW-A1P7-01,Normal,2,0,1,2,0,1,3,0,1,4,0,1,5,6,1,6,2,2
GTEX-SJXC-1126-SM-4DM6Y,Normal_GTEX,1,2,2,1,1,0,1,1,4,1,3,0,1,5,0,1,0,0
GTEX-1192W-0826-SM-5EGHE,Normal_GTEX,1,2,2,1,3,0,1,4,4,1,2,0,2,0,5,3,6,6
GTEX-13X6J-0126-SM-5QGOU,Normal_GTEX,1,0,2,1,3,2,2,4,2,2,1,3,3,4,3,4,7,7
GTEX-XMD1-0008-SM-4AT41,Normal_GTEX,3,2,2,4,1,0,5,2,3,6,5,4,7,2,0,8,5,5
GTEX-SUCS-0226-SM-5CHQG,Normal_GTEX,3,1,0,4,2,3,5,2,3,6,5,4,7,2,4,8,1,1
GTEX-ZLWG-2226-SM-5DUWO,Normal_GTEX,1,2,2,1,1,0,1,1,4,1,1,0,2,0,5,3,6,6
GTEX-ZVT2-1526-SM-51MQZ,Normal_GTEX,1,2,2,1,1,0,1,1,4,1,3,0,2,5,5,3,0,0
GTEX-ZV6S-1526-SM-5NQ7O,Normal_GTEX,1,2,2,1,1,0,1,1,4,1,3,0,1,5,5,1,0,0
GTEX-1212Z-2426-SM-5EQ5D,Normal_GTEX,1,2,2,1,1,0,1,1,4,1,1,0,2,0,5,3,6,6
GTEX-ZVZP-1126-SM-5GICU,Normal_GTEX,1,2,2,1,1,0,1,1,4,1,3,0,2,5,5,3,0,6
GTEX-P4PQ-1726-SM-3NB15,Normal_GTEX,1,2,2,1,1,0,1,1,4,1,1,0,2,0,3,3,6,6
GTEX-WYJK-2526-SM-4ONDF,Normal_GTEX,1,0,2,1,3,2,2,4,2,3,2,2,4,1,2,5,3,3
GTEX-RNOR-0011-R5A-SM-2TF4J,Normal_GTEX,3,1,0,3,2,3,4,3,0,5,4,5,6,3,6,7,4,4
GTEX-11P82-0726-SM-5PNYL,Normal_GTEX,1,2,2,1,1,0,1,1,4,1,3,0,1,5,5,1,0,0
GTEX-11I78-2426-SM-5A5K9,Normal_GTEX,1,2,2,1,1,0,1,1,4,1,1,4,2,0,0,2,6,6
GTEX-Y111-0006-SM-4SOIO,Normal_GTEX,3,1,0,4,2,3,5,2,3,6,5,4,7,2,4,8,1,1
GTEX-145MO-1426-SM-5Q5BS,Normal_GTEX,1,0,2,1,3,2,2,4,2,2,1,3,3,4,3,4,7,7
GTEX-XMK1-2426-SM-4B66I,Normal_GTEX,1,0,2,1,3,0,1,4,4,1,1,0,2,0,3,3,6,6
GTEX-QMR6-0005-SM-32PKY,Normal_GTEX,3,1,0,4,2,3,5,2,3,6,5,4,7,2,4,8,1,1
GTEX-X638-0005-SM-47JX6,Normal_GTEX,3,1,0,4,2,3,5,2,3,6,5,4,7,2,4,8,1,1
GTEX-14753-0626-SM-5Q5CY,Normal_GTEX,1,0,0,1,3,2,2,3,2,3,4,5,4,3,6,5,4,4
GTEX-OXRL-0326-SM-447BG,Normal_GTEX,1,2,2,1,1,0,1,1,4,1,3,0,2,5,0,2,0,0
GTEX-1314G-0005-SM-5NQ9O,Normal_GTEX,3,1,0,4,2,3,5,2,3,6,5,4,7,2,4,8,1,1
TCGA-AN-A0AJ-01,LumB,2,0,1,2,0,1,3,0,1,4,0,1,5,6,1,6,2,2
GTEX-QEL4-0626-SM-3GIJM,Normal_GTEX,1,2,2,1,1,0,1,1,4,1,1,4,2,0,0,2,6,6
GTEX-WVLH-0008-SM-4MVPD,Normal_GTEX,3,2,2,4,1,0,5,2,3,6,5,4,7,2,0,8,5,5
TCGA-B6-A0IC-01,LumA,2,0,1,2,0,1,3,0,1,4,0,1,5,6,1,6,2,2
GTEX-TKQ2-0826-SM-33HB6,Normal_GTEX,1,2,2,1,1,0,1,1,4,1,1,4,2,0,0,2,6,6
GTEX-TSE9-0011-R9A-SM-3DB7Q,Normal_GTEX,3,1,0,3,2,3,4,3,0,5,4,5,6,3,6,7,4,4
GTEX-RVPU-0011-R11A-SM-2XCAF,Normal_GTEX,3,1,0,3,2,3,4,3,0,5,4,5,6,3,6,7,4,4
GTEX-X4EP-0011-R6A-SM-3P629,Normal_GTEX,3,1,0,3,2,3,4,3,0,5,4,5,6,3,6,7,4,4
GTEX-QVJO-2526-SM-4R1KB,Normal_GTEX,1,0,2,1,3,2,2,4,2,2,1,3,3,4,3,4,7,7
TCGA-BH-A0DO-01,LumA,2,0,1,2,0,1,3,0,1,4,0,1,5,6,1,6,2,2
GTEX-WYVS-0004-SM-4ONDT,Normal_GTEX,3,1,0,4,2,3,5,2,3,6,5,4,7,2,4,8,1,1
GTEX-ZZPU-0726-SM-5N9C8,Normal_GTEX,1,0,2,1,3,2,2,4,2,3,2,2,4,1,2,5,3,3
GTEX-12WSB-0326-SM-5GCP4,Normal_GTEX,1,2,2,1,1,0,1,1,4,1,1,4,2,0,0,2,6,6
GTEX-Y8DK-0011-R3A-SM-4RTW5,Normal_GTEX,3,1,0,3,2,3,4,3,0,5,4,5,6,3,6,7,4,4
GTEX-13IVO-2926-SM-5L3CZ,Normal_GTEX,3,1,0,3,2,3,4,3,0,5,4,5,6,3,6,7,4,4
GTEX-11PRG-0326-SM-5GU53,Normal_GTEX,1,2,2,1,1,0,1,1,4,1,1,4,2,0,0,2,6,6
GTEX-YB5K-0008-SM-4VDT8,Normal_GTEX,3,2,2,4,1,0,5,2,3,6,5,4,7,2,0,8,5,5
GTEX-XGQ4-2426-SM-4AT55,Normal_GTEX,1,2,2,1,1,0,1,1,4,1,3,0,1,5,0,1,0,0
GTEX-Z9EW-1926-SM-5CVMP,Normal_GTEX,1,2,2,1,1,0,1,1,4,1,3,0,1,5,0,1,0,0
GTEX-ZA64-0626-SM-5HL9O,Normal_GTEX,1,0,2,1,3,2,2,4,2,2,1,3,3,4,3,4,7,7
GTEX-13FTW-0826-SM-5K7XR,Normal_GTEX,1,2,2,1,1,0,1,1,4,1,3,0,2,5,0,2,0,0
GTEX-Y3IK-2626-SM-4WWDK,Normal_GTEX,1,2,2,1,1,0,1,1,4,1,1,4,2,0,0,2,6,6
TCGA-E2-A14N-01,Basal,2,0,1,2,0,1,3,0,1,4,0,1,5,6,1,6,2,2
GTEX-N7MT-0007-SM-3GACQ,Normal_GTEX,3,1,2,4,2,3,5,2,3,6,5,4,7,2,4,8,1,1
GTEX-OHPM-0426-SM-3TW8V,Normal_GTEX,1,2,2,1,1,0,1,1,4,1,3,0,1,5,0,1,0,0
GTEX-ZVT3-0011-R11b-SM-57WBI,Normal_GTEX,3,1,0,3,2,3,4,3,0,5,4,5,6,3,6,7,4,4
GTEX-U3ZN-1826-SM-4DXUY,Normal_GTEX,1,2,2,1,1,0,1,1,4,1,3,0,1,5,5,1,0,0
GTEX-13O1R-0126-SM-5L3EH,Normal_GTEX,1,0,2,1,3,2,2,4,2,2,1,3,3,4,3,4,7,7
GTEX-13U4I-0226-SM-5SIB1,Normal_GTEX,1,2,2,1,1,0,1,1,4,1,1,0,2,0,5,3,6,6
GTEX-1399R-0726-SM-5KM2A,Normal_GTEX,1,2,2,1,1,0,1,1,4,1,3,0,1,5,5,1,0,0
GTEX-13OVL-3026-SM-5IJF1,Normal_GTEX,3,1,0,3,2,3,4,3,0,5,4,5,6,3,6,7,4,4
GTEX-ZZPU-1826-SM-5E43L,Normal_GTEX,1,2,2,1,1,0,1,1,4,1,3,0,1,5,5,1,0,0
GTEX-1445S-0011-R5a-SM-5PNUS,Normal_GTEX,3,1,0,3,2,3,4,3,0,5,4,5,6,3,6,7,4,4
GTEX-Y3IK-1226-SM-4WWEK,Normal_GTEX,1,2,2,1,1,0,1,1,4,1,3,0,1,5,5,1,0,0
GTEX-11DXZ-0126-SM-5EGGY,Normal_GTEX,1,0,2,1,3,2,2,4,2,3,2,2,4,1,2,5,3,3
GTEX-QV31-0326-SM-447BM,Normal_GTEX,1,2,2,1,1,0,1,1,4,1,3,0,1,5,0,1,0,0
TCGA-GM-A2DF-01,Basal,2,0,1,2,0,1,3,0,1,4,0,1,5,6,1,6,2,2
GTEX-117YX-2126-SM-5GIEL,Normal_GTEX,1,1,0,1,2,3,2,4,3,3,2,2,4,1,2,5,3,3
GTEX-13O21-0826-SM-5J2NU,Normal_GTEX,1,2,2,1,1,0,1,1,4,1,3,0,1,5,5,1,0,0
TCGA-BH-A0BG-01,Basal,2,0,1,2,0,1,3,0,1,4,0,1,5,6,1,6,2,2
GTEX-ZPU1-2426-SM-4WWFM,Normal_GTEX,1,2,2,1,1,0,1,1,4,1,1,0,2,0,5,3,6,6
GTEX-131XE-2626-SM-5PNYY,Normal_GTEX,1,2,2,1,1,0,1,1,4,1,3,0,1,5,0,1,0,0
GTEX-139YR-1026-SM-5LZYN,Normal_GTEX,1,0,2,1,3,2,2,4,2,2,1,3,3,4,3,4,7,7
GTEX-XGQ4-0526-SM-4AT6C,Normal_GTEX,1,2,2,1,1,0,1,1,4,1,3,0,2,5,0,2,0,0
GTEX-12WSL-0626-SM-5GCOY,Normal_GTEX,1,0,2,1,3,2,1,4,2,1,2,2,2,1,2,3,3,3
GTEX-U4B1-0326-SM-3DB8K,Normal_GTEX,1,2,2,1,1,0,1,1,4,1,3,0,2,5,0,2,0,0
GTEX-13OVJ-0011-R7a-SM-5L3G1,Normal_GTEX,3,1,0,3,2,3,4,3,0,5,4,5,6,3,6,7,4,4
GTEX-111CU-1326-SM-5NQ8L,Normal_GTEX,1,2,2,1,1,0,1,1,4,1,2,0,1,1,5,1,3,0
TCGA-A8-A06Z-01,LumB,2,0,1,2,0,1,3,0,1,4,0,1,5,6,1,6,2,2
GTEX-13OVH-0011-R11b-SM-5KM4X,Normal_GTEX,3,1,0,3,2,3,4,3,0,5,4,5,6,3,6,7,4,4
GTEX-11WQC-0011-R10a-SM-57WCT,Normal_GTEX,3,1,0,3,2,3,4,3,0,5,4,5,6,3,6,7,4,4
GTEX-ZVT3-0426-SM-5GIDW,Normal_GTEX,1,2,2,1,1,0,1,1,4,1,3,0,1,5,0,1,0,0
GTEX-11NV4-2126-SM-5N9DS,Normal_GTEX,3,1,0,3,2,3,4,3,0,5,4,5,6,3,6,7,4,4
TCGA-AR-A24W-01,LumA,1,0,1,1,0,1,1,0,1,1,0,1,2,6,1,3,2,2
GTEX-ZLWG-0326-SM-4WWC7,Normal_GTEX,1,0,2,1,3,2,2,4,2,3,2,2,4,1,2,5,3,3
GTEX-XQ8I-0526-SM-4BOPS,Normal_GTEX,1,2,2,1,1,0,1,1,4,1,1,0,2,0,5,3,6,6
GTEX-11EQ8-0126-SM-5EQ54,Normal_GTEX,1,2,2,1,1,2,2,1,2,2,1,0,3,4,5,4,7,0
TCGA-E9-A1RH-11,Normal_TCGA,1,0,1,1,0,1,1,0,1,1,0,1,2,6,1,3,2,2
GTEX-13X6I-0011-R3b-SM-5P9HM,Normal_GTEX,3,1,0,3,2,3,4,3,0,5,4,5,6,3,6,7,4,4
GTEX-11DXY-1426-SM-5N9CN,Normal_GTEX,1,0,2,1,3,2,2,4,2,2,1,3,3,4,3,4,7,7
GTEX-QDT8-0526-SM-3NMD8,Normal_GTEX,1,2,2,1,1,0,1,1,4,1,1,4,2,0,0,2,6,6
GTEX-ZYWO-1126-SM-5U3SH,Normal_GTEX,1,2,2,1,1,0,1,1,4,1,3,0,1,5,5,1,0,0
GTEX-U3ZH-0326-SM-51MS7,Normal_GTEX,1,2,2,1,1,0,1,1,4,1,3,0,2,5,0,2,0,0
TCGA-AN-A0AT-01,Basal,2,0,1,2,0,1,3,0,1,4,0,1,5,6,1,6,2,2
GTEX-1212Z-0126-SM-59HK4,Normal_GTEX,1,0,2,1,3,2,2,4,2,2,1,3,3,4,3,4,7,7
GTEX-Y111-2826-SM-4TT3O,Normal_GTEX,3,1,0,3,2,3,4,3,0,5,4,5,6,3,6,7,4,4
TCGA-BH-A201-01,LumA,2,0,1,2,0,1,3,0,1,4,0,1,5,6,1,6,2,2
TCGA-GM-A2DL-01,LumA,2,0,1,2,0,1,3,0,1,4,0,1,5,6,1,6,2,2
GTEX-13O3O-0011-R3b-SM-5KM3R,Normal_GTEX,3,1,0,3,2,3,4,3,0,5,4,5,6,3,6,7,4,4
GTEX-13VXU-1926-SM-5LU5J,Normal_GTEX,1,2,2,1,1,0,1,1,4,1,3,0,1,5,0,1,0,0
GTEX-ZE9C-0011-R9a-SM-4WWCY,Normal_GTEX,3,1,0,3,2,3,4,3,0,5,4,5,6,3,6,7,4,4
GTEX-13QIC-1526-SM-5IJFL,Normal_GTEX,1,2,2,1,1,0,1,1,4,1,3,0,1,5,0,1,5,5
GTEX-11WQK-1226-SM-5GU5Z,Normal_GTEX,1,0,2,1,3,2,2,4,2,3,2,2,4,1,2,5,3,3
GTEX-13X6K-0011-R11a-SM-5P9F5,Normal_GTEX,3,1,0,3,2,3,4,3,0,5,4,5,6,3,6,7,4,4
GTEX-OIZI-1426-SM-3NB1T,Normal_GTEX,1,0,2,1,3,2,2,4,2,2,1,3,3,4,3,4,7,7
GTEX-OHPJ-0726-SM-2YUNM,Normal_GTEX,1,2,2,1,1,0,1,1,4,1,1,0,2,0,3,3,6,6
GTEX-ZZ64-1026-SM-5GZXG,Normal_GTEX,1,0,2,1,3,2,2,4,2,2,1,3,3,4,3,4,7,7
GTEX-13PVR-0826-SM-5S2PV,Normal_GTEX,1,2,2,1,1,0,1,1,4,1,3,0,1,5,0,1,0,0
GTEX-WHPG-1326-SM-4M1ZJ,Normal_GTEX,1,0,2,1,3,2,2,4,2,2,2,3,3,1,3,4,3,7
GTEX-ZYFC-1726-SM-5GZYX,Normal_GTEX,1,2,2,1,1,0,1,1,4,1,3,0,1,5,5,1,0,0
TCGA-D8-A1XS-01,LumB,2,0,1,2,0,1,3,0,1,4,0,1,5,6,1,6,2,2
GTEX-13X6J-0626-SM-5LU5F,Normal_GTEX,1,0,2,1,3,2,2,4,2,2,1,3,3,4,3,4,7,7
GTEX-132QS-1226-SM-5P9GD,Normal_GTEX,1,0,0,1,3,2,2,3,2,3,4,5,4,3,6,5,4,4
GTEX-11WQK-0726-SM-5GU71,Normal_GTEX,1,2,2,1,1,0,1,1,4,1,1,4,2,0,0,2,6,6
GTEX-144GM-0126-SM-5Q5AX,Normal_GTEX,1,0,2,1,3,2,2,4,2,3,2,2,4,1,2,5,3,3
GTEX-WFG7-1726-SM-4LVME,Normal_GTEX,1,0,2,1,3,2,2,4,2,3,2,2,4,1,2,5,3,3
GTEX-ZVTK-0226-SM-51MRG,Normal_GTEX,1,0,2,1,3,2,2,4,2,2,1,3,3,4,3,4,7,7
GTEX-PLZ4-0008-SM-48TE6,Normal_GTEX,3,2,2,4,1,0,5,1,3,6,1,4,7,2,0,8,5,5
GTEX-R55E-0526-SM-2TC6B,Normal_GTEX,1,2,2,1,1,0,1,1,4,1,1,4,2,0,0,2,6,6
GTEX-12584-0005-SM-5N9GM,Normal_GTEX,3,1,0,4,2,3,5,2,3,6,5,4,7,2,4,8,1,1
GTEX-WY7C-0226-SM-3NB37,Normal_GTEX,1,0,2,1,3,2,1,4,2,1,2,2,2,1,2,3,3,3
GTEX-RVPV-0526-SM-47JYL,Normal_GTEX,1,0,2,1,3,2,2,4,2,2,1,3,3,4,3,4,7,7
GTEX-N7MS-0007-SM-2D7W1,Normal_GTEX,3,1,0,4,2,3,5,2,3,6,5,4,7,2,4,8,1,1
GTEX-13OVL-0326-SM-5IJCS,Normal_GTEX,1,2,2,1,1,0,1,1,4,1,1,0,2,0,5,3,6,6
GTEX-QLQ7-1026-SM-447BB,Normal_GTEX,1,2,2,1,1,0,1,1,4,1,3,0,1,5,5,1,0,0
GTEX-Y3IK-2726-SM-4WWDV,Normal_GTEX,1,2,2,1,1,0,1,1,4,1,1,0,2,0,3,3,6,6
GTEX-11P7K-1426-SM-5EGKY,Normal_GTEX,1,2,2,1,1,0,1,1,4,1,3,0,1,5,5,1,0,0
GTEX-YEC3-1126-SM-5IFIH,Normal_GTEX,1,2,2,1,1,0,1,1,4,1,3,0,1,5,0,1,0,0
GTEX-Y8LW-0726-SM-5IFI1,Normal_GTEX,1,0,2,1,3,2,2,4,2,2,1,3,3,4,3,4,7,7
GTEX-ZUA1-1026-SM-4YCEA,Normal_GTEX,1,0,2,1,3,2,2,4,2,3,2,2,4,1,2,5,3,3
GTEX-WYJK-0526-SM-3NM8Z,Normal_GTEX,1,0,2,1,3,2,2,4,2,2,1,3,3,4,3,4,7,7
GTEX-11DXX-0426-SM-5EQ5F,Normal_GTEX,1,2,2,1,1,0,1,1,4,1,3,0,1,5,0,1,0,0
GTEX-U3ZM-1226-SM-3DB9G,Normal_GTEX,1,2,2,1,1,0,1,1,4,1,1,4,2,0,0,2,6,6
GTEX-Y3IK-0005-SM-4WWDE,Normal_GTEX,3,1,0,4,2,3,5,2,3,6,5,4,7,2,4,8,1,1
GTEX-Y5V5-0726-SM-4VBPY,Normal_GTEX,1,2,2,1,1,0,1,1,4,1,3,0,2,5,0,2,0,0
GTEX-Y3IK-0426-SM-4WWE2,Normal_GTEX,1,0,2,1,3,2,2,4,2,3,2,2,4,1,2,5,3,3
GTEX-ZVT2-0126-SM-5GIDQ,Normal_GTEX,1,0,2,1,3,2,2,4,2,2,1,3,3,4,3,4,7,7
GTEX-XLM4-2326-SM-4TT2D,Normal_GTEX,1,0,2,1,3,2,2,4,2,2,1,3,3,4,3,4,7,7
GTEX-13PL7-1726-SM-5J2NX,Normal_GTEX,1,0,2,1,3,2,2,4,2,3,2,2,4,1,2,5,3,3
GTEX-WRHU-0006-SM-3MJF6,Normal_GTEX,3,1,0,4,2,3,5,2,3,6,5,4,7,2,4,8,1,1
GTEX-WXYG-2326-SM-4E3I6,Normal_GTEX,1,0,2,1,3,2,2,4,2,2,1,3,3,4,3,4,7,7
GTEX-13FHP-0726-SM-5K7YI,Normal_GTEX,1,0,2,1,3,2,2,4,2,3,2,2,4,1,2,5,3,3
GTEX-11ZTS-2726-SM-5EQLU,Normal_GTEX,1,2,2,1,1,0,1,1,4,1,3,0,1,5,5,1,0,0
GTEX-ZDTS-0008-SM-4E3I8,Normal_GTEX,3,2,2,4,1,0,5,1,3,6,3,4,7,2,0,8,5,5
GTEX-OIZG-0926-SM-3LK5Y,Normal_GTEX,1,2,2,1,1,0,1,1,4,1,3,0,1,5,5,1,0,0
GTEX-ZQG8-1626-SM-5HL6H,Normal_GTEX,1,0,2,1,3,2,2,4,2,2,1,3,3,4,3,4,7,7
GTEX-ZF3C-1026-SM-5S2OC,Normal_GTEX,1,2,2,1,1,0,1,1,4,1,1,0,2,0,5,3,6,6
GTEX-ZYW4-1226-SM-5E45B,Normal_GTEX,1,2,2,1,1,0,1,1,4,1,3,0,1,5,0,1,0,0
GTEX-12ZZX-0011-R10b-SM-5DUWK,Normal_GTEX,3,1,0,3,2,3,4,3,0,5,4,5,6,3,6,7,4,4
TCGA-A1-A0SB-01,Normal,2,0,1,2,0,1,3,0,1,4,0,1,5,6,1,6,2,2
GTEX-ZAJG-0226-SM-5HL81,Normal_GTEX,1,2,2,1,1,0,1,1,4,1,1,0,2,0,5,3,6,6
GTEX-YEC4-0008-SM-4W1YR,Normal_GTEX,3,2,2,4,1,0,5,1,3,6,3,4,7,2,0,8,5,5
GTEX-13NZA-0126-SM-5K7UH,Normal_GTEX,1,2,2,1,1,0,1,1,4,1,1,0,2,0,5,3,6,6
GTEX-ZV6S-1126-SM-57WE9,Normal_GTEX,1,2,2,1,1,0,1,1,4,1,3,0,1,5,5,1,0,0
GTEX-1211K-1826-SM-5EGJ2,Normal_GTEX,1,2,2,1,1,0,1,1,4,1,3,0,1,5,5,1,0,0
GTEX-XK95-0008-SM-4AT5G,Normal_GTEX,3,2,2,4,1,0,5,1,3,6,1,4,7,0,0,8,5,5
GTEX-T6MO-0126-SM-4DM6X,Normal_GTEX,1,2,0,1,1,3,2,1,4,3,2,2,4,1,2,5,5,5
GTEX-QDVJ-0726-SM-48U1W,Normal_GTEX,1,0,2,1,3,2,2,4,2,2,1,3,3,4,3,4,7,7
GTEX-ZTTD-2826-SM-4YCFA,Normal_GTEX,1,0,2,1,3,2,2,4,2,2,1,3,3,4,3,4,7,7
TCGA-BH-A0DP-11,Normal_TCGA,1,0,1,1,0,1,1,0,1,1,0,1,2,6,1,3,2,2
GTEX-12WSA-0011-R8a-SM-5P9EX,Normal_GTEX,3,1,0,3,2,3,4,3,0,5,4,5,6,3,6,7,4,4
GTEX-145LU-1226-SM-5LU9B,Normal_GTEX,1,2,2,1,1,0,1,1,4,1,2,0,2,0,5,3,6,6
GTEX-11ZU8-2626-SM-5EQLL,Normal_GTEX,1,2,2,1,3,0,1,4,4,1,1,0,2,0,3,3,6,6
GTEX-V1D1-0003-SM-3NMDP,Normal_GTEX,3,1,0,4,2,3,5,2,3,6,5,4,7,2,4,8,1,1
GTEX-11O72-0008-SM-5Q5DN,Normal_GTEX,3,2,2,4,1,0,5,1,3,6,3,4,7,2,0,8,5,5
GTEX-144GM-1626-SM-5O9AG,Normal_GTEX,1,2,2,1,1,0,1,1,4,1,3,0,1,5,5,1,0,0
TCGA-EW-A1P5-01,LumA,2,0,1,2,0,1,3,0,1,4,0,1,5,6,1,6,2,2
GTEX-X4XX-0011-R1B-SM-3P622,Normal_GTEX,3,1,0,3,2,3,4,3,0,5,4,5,6,3,6,7,4,4
GTEX-WYVS-2026-SM-4RGNS,Normal_GTEX,1,0,2,1,3,1,2,4,1,3,2,1,4,1,3,5,3,2
TCGA-BH-A1FN-01,LumB,2,0,1,2,0,1,3,0,1,4,0,1,5,6,1,6,2,2
GTEX-13JVG-0011-R3b-SM-5LZXF,Normal_GTEX,3,1,0,3,2,3,4,3,0,5,4,5,6,3,6,7,4,4
GTEX-ZAB4-0011-R6a-SM-4SOKD,Normal_GTEX,3,1,0,3,2,3,4,3,0,5,4,5,6,3,6,7,4,4
GTEX-VUSG-2726-SM-4KKZJ,Normal_GTEX,1,2,2,1,1,0,1,1,4,1,1,0,2,0,3,3,6,6
GTEX-YB5K-1726-SM-5IFIZ,Normal_GTEX,1,0,2,1,3,1,2,4,1,3,2,1,4,1,3,5,3,2
GTEX-117XS-2026-SM-5GID1,Normal_GTEX,1,0,0,1,3,2,2,3,2,3,4,5,4,3,6,5,4,4
GTEX-11NSD-1626-SM-5986U,Normal_GTEX,1,0,2,1,3,2,2,4,2,3,2,2,4,1,2,5,3,3
GTEX-S3XE-0226-SM-4AD6I,Normal_GTEX,1,2,2,1,1,0,1,1,4,1,3,0,1,5,0,1,0,0
GTEX-N7MT-0011-R2a-SM-2I3GI,Normal_GTEX,3,1,0,3,2,3,4,3,0,5,4,5,6,3,6,7,4,4
GTEX-12WS9-1426-SM-5FQT3,Normal_GTEX,1,2,2,1,1,0,1,1,4,1,3,0,1,5,5,1,0,0
GTEX-X4EP-1626-SM-4QAS6,Normal_GTEX,1,0,2,1,3,2,2,4,2,2,1,3,3,4,3,4,7,7
TCGA-A7-A13E-11,Normal_TCGA,1,0,1,1,0,1,1,0,1,1,0,1,2,6,1,3,2,2
GTEX-13O21-0426-SM-5K7VR,Normal_GTEX,1,2,2,1,1,0,1,1,4,1,3,0,1,5,0,1,0,0
GTEX-S4Z8-0826-SM-4AD4J,Normal_GTEX,1,2,2,1,1,2,2,4,2,2,1,4,3,5,0,4,0,0
TCGA-A1-A0SJ-01,LumA,2,0,1,2,0,1,3,0,1,4,0,1,5,6,1,6,2,2
GTEX-13OW6-2926-SM-5KM29,Normal_GTEX,3,1,0,3,2,3,4,3,0,5,4,5,6,3,6,7,4,4
TCGA-BH-A18I-01,LumA,2,0,1,2,0,1,3,0,1,4,0,1,5,6,1,6,2,2
GTEX-131XF-2226-SM-5EQKG,Normal_GTEX,1,2,2,1,1,0,1,1,4,1,1,0,1,0,5,1,6,6
GTEX-V955-0126-SM-4JBH5,Normal_GTEX,1,1,0,1,2,3,2,1,4,3,2,2,4,1,2,5,5,5
GTEX-ZC5H-1726-SM-5HL7X,Normal_GTEX,1,0,2,1,3,2,2,4,2,3,2,2,4,1,2,5,3,3
GTEX-R53T-0005-SM-3GADK,Normal_GTEX,3,1,0,4,2,3,5,2,3,6,5,4,7,2,4,8,1,1
GTEX-YEC3-0626-SM-4YCFE,Normal_GTEX,1,0,2,1,3,2,2,4,2,3,2,2,4,1,2,5,3,3
GTEX-QV44-1926-SM-2S1RF,Normal_GTEX,1,0,2,1,3,2,2,4,2,2,1,3,3,4,3,4,7,7
GTEX-Y3IK-0626-SM-4WWE4,Normal_GTEX,1,0,2,1,3,2,2,4,2,3,2,2,4,1,2,5,3,3
GTEX-117YW-0326-SM-5N9CY,Normal_GTEX,1,2,2,1,1,0,1,1,4,1,3,0,2,5,0,2,0,0
GTEX-XUW1-0008-SM-4BOQH,Normal_GTEX,3,2,2,4,1,0,5,1,3,6,1,4,7,0,0,8,5,5
TCGA-BH-A0H9-11,Normal_TCGA,1,2,1,1,1,1,1,1,1,1,0,1,2,0,1,3,6,2
GTEX-11UD2-1626-SM-5EQM3,Normal_GTEX,1,0,2,1,3,2,2,4,2,3,2,2,4,1,2,5,3,3
GTEX-ZF2S-1326-SM-4WWAZ,Normal_GTEX,1,2,2,1,1,0,1,1,4,1,3,0,1,5,5,1,0,0
GTEX-YFC4-2726-SM-5IFJW,Normal_GTEX,1,2,2,1,1,0,1,1,4,1,3,0,1,5,0,1,5,5
TCGA-AN-A0FY-01,LumB,2,0,1,2,0,1,3,0,1,4,0,1,5,6,1,6,2,2
GTEX-14AS3-2326-SM-5S2NZ,Normal_GTEX,1,2,2,1,1,0,1,1,4,1,3,0,1,5,0,1,0,0
GTEX-P44H-0726-SM-48TBT,Normal_GTEX,1,2,2,1,1,0,1,1,4,1,3,0,2,5,0,2,0,0
GTEX-12ZZW-0011-R5a-SM-5DUVN,Normal_GTEX,3,1,0,3,2,3,4,3,0,5,4,5,6,3,6,7,4,4
GTEX-139T8-0426-SM-5K7VC,Normal_GTEX,1,2,2,1,1,0,1,1,4,1,3,0,1,5,0,1,0,0
GTEX-S7SE-0011-R4A-SM-2XCDB,Normal_GTEX,3,1,0,3,2,3,4,3,0,5,4,5,6,3,6,7,4,4
GTEX-ZXG5-0011-R10a-SM-57WDD,Normal_GTEX,3,1,0,3,2,3,4,3,0,5,4,5,6,3,6,7,4,4
GTEX-ZVE2-0426-SM-59HJ7,Normal_GTEX,1,2,2,1,1,0,1,1,4,1,1,0,2,0,3,3,6,6
GTEX-11EM3-0126-SM-5985K,Normal_GTEX,1,0,2,1,3,2,1,4,2,1,2,2,2,1,2,3,3,3
GTEX-ZYVF-2326-SM-5E44Z,Normal_GTEX,1,2,2,1,1,0,1,1,4,1,3,0,1,5,5,1,0,0
GTEX-11EQ9-0126-SM-5986I,Normal_GTEX,1,2,0,1,1,3,2,1,4,3,2,2,4,1,2,5,5,5
GTEX-Y3I4-0426-SM-4TT29,Normal_GTEX,1,0,2,1,3,2,2,4,2,3,2,2,4,1,2,5,3,3
GTEX-13N11-0226-SM-5KM3C,Normal_GTEX,1,0,2,1,3,2,2,4,2,3,2,2,4,1,2,5,3,3
GTEX-13FLV-0011-R6a-SM-5KLZ4,Normal_GTEX,3,1,0,3,2,3,4,3,0,5,4,5,6,3,6,7,4,4
GTEX-ZAB4-0011-R7a-SM-4SOKE,Normal_GTEX,3,1,0,3,2,3,4,3,0,5,4,5,6,3,6,7,4,4
GTEX-R55D-0826-SM-48FEA,Normal_GTEX,1,2,2,1,1,0,1,1,4,1,1,0,2,0,5,3,6,6
TCGA-D8-A27V-01,LumA,2,0,1,2,0,1,3,0,1,4,0,1,5,6,1,6,2,2
GTEX-13NZ8-0826-SM-5MR3I,Normal_GTEX,1,0,2,1,3,2,2,4,2,2,1,3,3,4,3,4,7,7
GTEX-OHPN-0011-R10A-SM-33HBU,Normal_GTEX,3,1,0,3,2,3,4,3,0,5,4,5,6,3,6,7,4,4
GTEX-S7SF-1826-SM-3K2AD,Normal_GTEX,1,2,2,1,1,0,1,1,4,1,1,0,2,0,5,3,6,6
GTEX-117XS-0526-SM-5987Q,Normal_GTEX,1,0,2,1,3,2,1,4,2,1,2,2,2,1,2,3,3,3
TCGA-AO-A03U-01,Normal,2,0,1,2,0,1,3,0,1,4,0,1,5,6,1,6,2,2
GTEX-13RTJ-0011-R7b-SM-5P9JS,Normal_GTEX,3,1,0,3,2,3,4,3,0,5,4,5,6,3,6,7,4,4
GTEX-12WSC-2926-SM-5BC5Z,Normal_GTEX,3,1,0,3,2,3,4,3,0,5,4,5,6,3,6,7,4,4
GTEX-12126-0006-SM-5O9B8,Normal_GTEX,3,1,0,4,2,3,5,2,3,6,5,4,7,2,4,8,1,1
GTEX-ZUA1-2826-SM-59HLE,Normal_GTEX,1,0,2,1,3,2,1,4,2,1,2,2,1,1,2,1,3,3
GTEX-XMK1-1726-SM-4B64Z,Normal_GTEX,1,0,2,1,3,2,2,4,2,3,2,2,4,1,2,5,3,3
GTEX-13U4I-1326-SM-5KM25,Normal_GTEX,1,2,2,1,1,0,1,1,4,1,3,0,1,5,5,1,0,0
GTEX-QXCU-1126-SM-48FE5,Normal_GTEX,1,2,2,1,1,0,1,1,4,1,3,0,1,5,5,1,0,0
GTEX-13OVJ-0011-R10b-SM-5L3HT,Normal_GTEX,3,1,0,3,2,3,4,3,0,5,4,5,6,3,6,7,4,4
GTEX-11EI6-2426-SM-5PNVS,Normal_GTEX,1,2,2,1,1,0,1,1,4,1,3,0,1,5,5,1,0,0
GTEX-13D11-0626-SM-5LZYY,Normal_GTEX,1,2,2,1,1,0,1,1,4,1,3,0,1,5,5,1,0,0
GTEX-QEG5-0326-SM-2S1PB,Normal_GTEX,1,2,2,1,1,0,1,1,4,1,1,0,2,0,5,3,6,6
GTEX-U4B1-1626-SM-3DB8N,Normal_GTEX,1,2,2,1,1,0,1,1,4,1,1,4,2,0,0,2,6,6
GTEX-WQUQ-0426-SM-3MJFU,Normal_GTEX,1,0,2,1,3,2,2,4,2,2,1,3,3,4,3,4,7,7
GTEX-XUW1-0326-SM-4BOOR,Normal_GTEX,1,0,2,1,3,2,2,4,2,2,1,3,3,4,3,4,7,7
GTEX-R55C-1826-SM-3GADI,Normal_GTEX,1,2,2,1,1,0,1,1,4,1,3,0,1,5,0,1,0,0
GTEX-12ZZX-1926-SM-5EGKC,Normal_GTEX,1,2,2,1,1,0,1,1,4,1,3,0,1,5,5,1,0,0
TCGA-E2-A14Y-01,Basal,2,0,1,2,0,1,3,0,1,4,0,1,5,6,1,6,2,2
GTEX-ZXG5-2826-SM-5NQ8T,Normal_GTEX,1,0,2,1,3,1,2,4,1,3,2,1,4,1,3,5,3,2
GTEX-11TT1-0004-SM-5S2NT,Normal_GTEX,3,1,0,4,2,3,5,2,3,6,5,4,7,2,4,8,1,1
GTEX-111VG-0726-SM-5GIDC,Normal_GTEX,1,0,2,1,3,2,2,4,2,3,2,2,4,1,2,5,3,3
GTEX-147F4-1426-SM-5LUA8,Normal_GTEX,1,0,2,1,3,2,2,4,2,3,2,2,4,1,2,5,3,3
GTEX-S4Q7-0126-SM-4AD5P,Normal_GTEX,1,1,0,1,2,3,2,4,3,3,2,2,4,1,2,5,3,3
GTEX-13RTJ-1126-SM-5S2UJ,Normal_GTEX,1,0,2,1,3,2,2,4,2,3,2,2,4,1,2,5,3,3
GTEX-NFK9-0926-SM-2HMJU,Normal_GTEX,1,2,2,1,1,0,1,1,4,1,3,0,2,5,0,2,0,0
GTEX-Q2AG-0526-SM-2S1PW,Normal_GTEX,1,2,2,1,1,0,1,1,4,1,3,0,1,5,0,1,0,0
GTEX-ZAB5-1026-SM-5HL91,Normal_GTEX,1,2,2,1,1,0,1,1,4,1,3,0,1,5,5,1,0,0
GTEX-145MH-1426-SM-5QGPO,Normal_GTEX,1,2,2,1,1,0,1,1,4,1,1,0,2,0,3,3,6,6
GTEX-144GM-2126-SM-5LU3P,Normal_GTEX,1,2,2,1,1,0,1,1,4,1,1,0,2,0,3,3,6,6
GTEX-ZYY3-0226-SM-5E45M,Normal_GTEX,1,2,2,1,3,0,1,4,4,1,1,0,2,0,5,3,6,6
TCGA-E2-A1LS-11,Normal_TCGA,1,2,1,1,0,1,1,0,1,1,0,1,2,0,1,3,6,2
GTEX-RUSQ-1526-SM-2TF62,Normal_GTEX,1,0,2,1,3,2,2,4,2,2,1,3,3,4,3,4,7,7
GTEX-11ZUS-0008-SM-5S2UO,Normal_GTEX,3,2,2,4,1,0,5,2,3,6,5,4,7,2,0,8,5,5
TCGA-A8-A06Y-01,LumA,2,0,1,2,0,1,3,0,1,4,0,1,5,6,1,6,2,2
GTEX-13IVO-0926-SM-5KLZP,Normal_GTEX,1,0,2,1,3,2,1,4,2,1,2,2,2,1,2,3,3,3
GTEX-WQUQ-0008-SM-4OOT1,Normal_GTEX,3,2,2,4,1,0,5,1,3,6,1,4,7,0,0,8,5,5
GTEX-13FHO-0726-SM-5IJDG,Normal_GTEX,1,2,2,1,1,0,1,1,4,1,1,4,2,0,0,2,6,6
GTEX-YFCO-1726-SM-4W21S,Normal_GTEX,1,0,0,1,3,2,2,3,2,3,4,5,4,3,6,5,4,4
GTEX-11I78-1326-SM-5PNY9,Normal_GTEX,1,2,2,1,1,0,1,1,4,1,3,0,1,5,5,1,0,0
GTEX-14BMV-0526-SM-5S2NE,Normal_GTEX,1,2,2,1,1,0,1,1,4,1,3,0,1,5,0,1,0,0
GTEX-ZLFU-1326-SM-4WWET,Normal_GTEX,1,0,2,1,3,2,2,4,2,3,2,2,4,1,2,5,3,3
GTEX-UPK5-1226-SM-4IHL8,Normal_GTEX,1,0,2,1,3,2,2,4,2,2,1,3,3,4,3,4,7,7
GTEX-131YS-0626-SM-5EGKL,Normal_GTEX,1,0,2,1,3,2,1,4,2,1,1,1,2,6,5,3,2,6
GTEX-ZG7Y-1426-SM-4WWBM,Normal_GTEX,1,2,2,1,1,0,1,1,4,1,3,0,2,5,0,2,0,0
GTEX-S33H-0626-SM-2XCBJ,Normal_GTEX,1,0,2,1,1,2,2,4,2,3,2,2,4,1,2,5,3,3
GTEX-PWCY-0005-SM-2I3E2,Normal_GTEX,3,1,0,4,2,3,5,2,3,6,5,4,7,2,4,8,1,1
GTEX-ZTPG-0002-SM-4YCEI,Normal_GTEX,3,1,0,4,2,3,5,2,3,6,5,4,7,2,4,8,1,1
GTEX-1339X-2626-SM-5K7YX,Normal_GTEX,1,2,2,1,1,0,1,1,4,1,3,0,1,5,0,1,0,0
GTEX-WH7G-1926-SM-4LVMM,Normal_GTEX,1,0,0,1,3,2,2,3,2,3,4,5,4,3,6,5,4,4
TCGA-AN-A041-01,LumA,2,0,1,2,0,1,3,0,1,4,0,1,5,6,1,6,2,2
GTEX-13QBU-1126-SM-5LU44,Normal_GTEX,1,0,2,1,3,2,2,4,2,3,2,2,4,1,2,5,3,3
GTEX-13U4I-2626-SM-5SI9C,Normal_GTEX,1,2,2,1,1,0,1,1,4,1,3,0,1,5,5,1,0,0
GTEX-12ZZX-0011-R5a-SM-5HL89,Normal_GTEX,3,1,0,3,2,3,4,3,0,5,4,5,6,3,6,7,4,4
GTEX-ZEX8-0008-SM-4E3JU,Normal_GTEX,3,2,2,4,1,0,5,1,3,6,1,4,7,0,0,8,5,5
GTEX-ZY6K-1226-SM-5GZYL,Normal_GTEX,1,0,2,1,3,2,2,4,2,3,2,2,4,1,2,5,3,3
GTEX-13SLW-2926-SM-5Q5BQ,Normal_GTEX,1,1,0,1,2,3,2,3,0,3,4,5,4,3,6,5,4,4
GTEX-13CF3-0006-SM-5N9ED,Normal_GTEX,3,1,0,4,2,3,5,2,3,6,5,4,7,2,4,8,1,1
GTEX-14C38-0726-SM-5SI6M,Normal_GTEX,1,0,2,1,3,2,2,4,2,2,1,3,3,4,3,4,7,7
GTEX-145LS-0011-R7a-SM-5PNWM,Normal_GTEX,3,1,0,3,2,3,4,3,0,5,4,5,6,3,6,7,4,4
GTEX-11GS4-3026-SM-5A5LG,Normal_GTEX,1,1,0,1,2,3,2,3,0,3,4,5,4,3,6,5,4,4
GTEX-11P7K-0326-SM-59871,Normal_GTEX,1,0,2,1,3,2,2,4,2,3,2,2,4,1,2,5,3,3
GTEX-ZYWO-0526-SM-5E45I,Normal_GTEX,1,2,2,1,1,0,1,1,4,1,3,0,2,5,0,2,0,0
GTEX-XUJ4-2826-SM-4BOQ2,Normal_GTEX,1,2,2,1,1,0,1,1,4,1,3,0,1,5,0,1,0,0
GTEX-14ASI-0526-SM-5QGQP,Normal_GTEX,1,2,2,1,1,0,1,1,4,1,1,4,2,0,0,2,6,6
GTEX-Y8DK-0526-SM-4TT3R,Normal_GTEX,1,2,2,1,1,0,1,1,4,1,3,0,1,5,0,1,0,0
GTEX-PW2O-0006-SM-2I3DV,Normal_GTEX,3,1,0,4,2,3,5,2,3,6,5,4,7,2,4,8,1,1
GTEX-T5JC-0001-SM-3NMAK,Normal_GTEX,3,1,0,4,2,3,5,2,3,6,5,4,7,2,4,8,1,1
GTEX-YB5K-2326-SM-5IFHD,Normal_GTEX,1,2,2,1,1,0,1,1,4,1,3,4,2,0,0,2,6,6
GTEX-ZLV1-1326-SM-4WWER,Normal_GTEX,1,2,2,1,1,0,1,1,4,1,3,0,1,5,5,1,0,0
GTEX-13112-1126-SM-5GCMY,Normal_GTEX,1,2,2,1,1,0,1,1,4,1,2,0,2,0,5,3,6,6
GTEX-ZV6S-0926-SM-57WGB,Normal_GTEX,1,2,2,1,1,0,1,1,4,1,3,0,1,5,5,1,0,0
GTEX-P4PQ-0726-SM-3NMCR,Normal_GTEX,1,2,2,1,1,0,1,1,4,1,3,0,1,5,5,1,0,0
GTEX-N7MT-1226-SM-2TC6K,Normal_GTEX,3,1,0,3,2,3,4,3,0,5,4,5,6,3,6,7,4,4
GTEX-ZDTS-0126-SM-4WAY5,Normal_GTEX,1,0,2,1,3,2,2,4,2,2,1,3,3,4,3,4,7,7
GTEX-13FTW-0005-SM-5LZVZ,Normal_GTEX,3,1,0,4,2,3,5,2,3,6,5,4,7,2,4,8,1,1
GTEX-TML8-0001-SM-3NMAF,Normal_GTEX,3,1,0,4,2,3,5,2,3,6,5,4,7,2,4,8,1,1
GTEX-13OW6-1526-SM-5L3HX,Normal_GTEX,1,2,2,1,1,0,1,1,4,1,3,0,1,5,0,1,0,0
GTEX-11NSD-1226-SM-5986Q,Normal_GTEX,1,2,2,1,1,0,1,1,4,1,3,0,1,5,5,1,0,0
GTEX-1399U-0008-SM-5S2VE,Normal_GTEX,3,2,2,4,1,0,5,2,3,6,5,4,7,2,0,8,5,5
GTEX-144GM-1326-SM-5LU5E,Normal_GTEX,1,0,2,1,3,2,2,4,2,3,2,2,4,1,2,5,3,3
GTEX-X261-0011-R6B-SM-4E3J8,Normal_GTEX,3,1,0,3,2,3,4,3,0,5,4,5,6,3,6,7,4,4
GTEX-13S86-1226-SM-5S2OA,Normal_GTEX,1,2,2,1,1,0,1,1,4,1,3,0,2,0,5,3,6,6
GTEX-ZYWO-1726-SM-5E44T,Normal_GTEX,1,2,2,1,1,0,1,4,4,1,2,0,2,0,5,3,6,6
GTEX-13JVG-1426-SM-5MR4W,Normal_GTEX,1,0,2,1,3,2,2,4,2,3,2,2,4,1,2,5,3,3
GTEX-XXEK-1326-SM-4BRV1,Normal_GTEX,1,0,2,1,3,2,1,4,2,1,2,2,2,1,2,3,3,3
GTEX-12584-1426-SM-5EGJ9,Normal_GTEX,1,0,2,1,3,2,2,4,2,3,2,2,4,1,2,5,3,3
GTEX-13X6K-0011-R4b-SM-5P9HO,Normal_GTEX,3,1,0,3,2,3,4,3,0,5,4,5,6,3,6,7,4,4
GTEX-14E6E-1326-SM-5S2NR,Normal_GTEX,1,2,2,1,1,0,1,1,4,1,1,0,2,0,5,3,6,6
TCGA-E9-A1R2-01,LumA,2,0,1,2,0,1,3,0,1,4,0,1,5,6,1,6,2,2
GTEX-PLZ6-0006-SM-33HBZ,Normal_GTEX,3,1,0,4,2,3,5,2,3,6,5,4,7,2,4,8,1,1
GTEX-12WSH-0126-SM-5GCO3,Normal_GTEX,1,0,2,1,3,2,2,4,2,3,2,2,4,1,2,5,3,3
GTEX-11ZTT-0006-SM-5N9FX,Normal_GTEX,3,1,0,4,2,3,5,2,3,6,5,4,7,2,4,8,1,1
GTEX-11P81-1326-SM-5GU5S,Normal_GTEX,1,1,0,1,2,3,2,4,3,3,2,2,4,1,2,5,3,3
GTEX-1445S-0011-R8a-SM-5PNWX,Normal_GTEX,3,1,0,3,2,3,4,3,0,5,4,5,6,3,6,7,4,4
GTEX-147JS-2526-SM-5S2Q8,Normal_GTEX,1,0,2,1,3,2,1,4,2,1,2,2,1,1,2,1,3,3
GTEX-1128S-2826-SM-5N9DI,Normal_GTEX,3,1,0,3,2,3,4,3,0,5,4,5,6,3,6,7,4,4
GTEX-WWYW-0011-R6A-SM-3NB3G,Normal_GTEX,3,1,0,3,2,3,4,3,0,5,4,5,6,3,6,7,4,4
GTEX-Y9LG-1126-SM-4VBQ7,Normal_GTEX,1,0,2,1,3,2,2,4,2,2,1,3,3,4,3,4,7,7
GTEX-13CF3-0426-SM-5IJEU,Normal_GTEX,1,0,2,1,3,2,2,4,2,3,2,2,4,1,2,5,3,3
GTEX-147GR-0011-R4a-SM-5S2V2,Normal_GTEX,3,1,0,3,2,3,4,3,0,5,4,5,6,3,6,7,4,4
GTEX-12WSB-0011-R6b-SM-5GU6J,Normal_GTEX,3,1,0,3,2,3,4,3,0,5,4,5,6,3,6,7,4,4
GTEX-PLZ6-0226-SM-3P61I,Normal_GTEX,1,1,0,1,2,3,2,3,4,3,2,2,4,1,2,5,5,5
TCGA-BH-A0C3-11,Normal_TCGA,1,0,1,1,0,1,1,0,1,1,0,1,2,6,1,3,2,2
GTEX-11DXY-0426-SM-5H12R,Normal_GTEX,1,0,2,1,3,2,1,4,2,1,2,2,2,1,2,3,3,3
TCGA-BH-A0B2-01,LumA,2,0,1,2,0,1,3,0,1,4,0,1,5,6,1,6,2,2
GTEX-ZAK1-3026-SM-5S2MJ,Normal_GTEX,3,1,0,3,2,3,4,3,0,5,4,5,6,3,6,7,4,4
GTEX-13S7M-0011-R7a-SM-5O9DK,Normal_GTEX,3,1,0,3,2,3,4,3,0,5,4,5,6,3,6,7,4,4
GTEX-11XUK-0426-SM-5EQML,Normal_GTEX,1,1,0,1,2,3,2,4,3,3,2,2,4,1,2,5,3,3
GTEX-P4QT-0526-SM-2I3EX,Normal_GTEX,1,0,2,1,3,2,2,4,2,3,2,2,4,1,2,5,3,3
GTEX-ZVT3-0011-R10b-SM-57WB6,Normal_GTEX,3,1,0,3,2,3,4,3,0,5,4,5,6,3,6,7,4,4
GTEX-11NV4-1126-SM-5HL6J,Normal_GTEX,1,0,2,1,3,2,2,4,2,3,2,2,4,1,2,5,3,3
TCGA-A7-A0CJ-01,LumB,2,0,1,2,0,1,3,0,1,4,0,1,5,6,1,6,2,2
GTEX-WY7C-2726-SM-3NB3P,Normal_GTEX,1,2,2,1,1,0,1,1,4,1,1,0,2,0,5,3,6,6
GTEX-ZVE2-1826-SM-51MRZ,Normal_GTEX,1,2,2,1,1,0,1,1,4,1,2,0,2,0,5,3,6,6
GTEX-ZLV1-0005-SM-4WWAP,Normal_GTEX,3,1,0,4,2,3,5,2,3,6,5,4,7,2,4,8,1,1
GTEX-QDT8-0011-R6A-SM-32PKI,Normal_GTEX,3,1,0,3,2,3,4,3,0,5,4,5,6,3,6,7,4,4
GTEX-148VJ-0826-SM-5LU8V,Normal_GTEX,1,0,2,1,3,2,2,4,2,3,2,2,4,1,2,5,3,3
GTEX-ZPIC-0626-SM-57WDY,Normal_GTEX,1,0,2,1,3,2,2,4,2,3,2,2,4,1,2,5,3,3
GTEX-1192X-1826-SM-5GIE2,Normal_GTEX,1,2,2,1,1,0,1,1,4,1,3,0,1,5,5,1,0,0
GTEX-P78B-0226-SM-3NB1Z,Normal_GTEX,1,2,2,1,1,0,1,1,4,1,1,0,2,0,5,3,6,6
GTEX-11PRG-2826-SM-5BC54,Normal_GTEX,3,1,0,3,2,3,4,3,0,5,4,5,6,3,6,7,4,4
GTEX-X638-0126-SM-47JZ8,Normal_GTEX,1,0,2,1,3,2,2,4,2,2,1,3,3,4,3,4,7,7
GTEX-ZE7O-0011-R6a-SM-57WCI,Normal_GTEX,3,1,0,3,2,3,4,3,0,5,4,5,6,3,6,7,4,4
GTEX-ZDTT-2126-SM-5S2OJ,Normal_GTEX,1,2,2,1,1,0,1,1,4,1,1,0,2,0,5,3,6,6
GTEX-131XW-3226-SM-5LZUO,Normal_GTEX,1,1,0,1,2,3,2,3,0,3,4,5,4,3,6,5,4,4
GTEX-13N11-2326-SM-5IJBF,Normal_GTEX,1,0,2,1,3,2,2,4,2,2,1,3,3,4,3,4,7,7
GTEX-147F3-0526-SM-5SI98,Normal_GTEX,1,0,2,1,3,2,2,4,2,2,1,3,3,4,3,4,7,7
TCGA-BH-A0H0-01,LumB,2,0,1,2,0,1,3,0,1,4,0,1,5,6,1,6,2,2
GTEX-139UC-2926-SM-5J1N6,Normal_GTEX,1,2,2,1,1,0,1,1,4,1,1,4,2,0,0,2,6,6
GTEX-ZYWO-0426-SM-5SI9A,Normal_GTEX,1,2,2,1,1,0,1,1,4,1,3,0,1,5,0,1,0,0
GTEX-Y114-2326-SM-4TT7X,Normal_GTEX,1,2,2,1,1,0,1,1,4,1,1,0,2,0,5,3,6,6
GTEX-144GL-0226-SM-5QGOX,Normal_GTEX,1,2,2,1,1,0,1,1,4,1,1,0,2,0,5,3,6,6
GTEX-1339X-0426-SM-5KLZY,Normal_GTEX,1,2,2,1,1,0,1,1,4,1,3,0,2,5,0,2,0,0
GTEX-ZVP2-0005-SM-51MRK,Normal_GTEX,3,1,0,4,2,3,5,2,3,6,5,4,7,2,4,8,1,1
GTEX-12WSM-0011-R8a-SM-5DUWJ,Normal_GTEX,3,1,0,3,2,3,4,3,0,5,4,5,6,3,6,7,4,4
TCGA-AN-A0FW-01,LumA,2,0,1,2,0,1,3,0,1,4,0,1,5,6,1,6,2,2
GTEX-13N11-0926-SM-5IJG2,Normal_GTEX,1,0,2,1,3,2,2,4,2,3,2,2,4,1,2,5,3,3
GTEX-QDT8-0526-SM-32PL5,Normal_GTEX,1,2,2,1,1,0,1,1,4,1,1,4,2,0,0,2,6,6
GTEX-ZPCL-1226-SM-4WWFF,Normal_GTEX,1,2,2,1,1,0,1,1,4,1,3,0,1,5,5,1,0,0
GTEX-ZQG8-2426-SM-57WEE,Normal_GTEX,1,2,2,1,1,0,1,1,4,1,3,0,1,5,5,1,0,0
GTEX-111FC-0826-SM-5GZWO,Normal_GTEX,1,2,2,1,1,0,1,1,4,1,3,0,2,5,0,2,0,0
GTEX-T6MO-0326-SM-32QOK,Normal_GTEX,1,0,2,1,3,2,1,4,2,1,1,0,2,0,5,3,6,6
GTEX-13PDP-0011-R8b-SM-5O9CS,Normal_GTEX,3,1,0,3,2,3,4,3,0,5,4,5,6,3,6,7,4,4
GTEX-13U4I-1826-SM-5IJD2,Normal_GTEX,1,2,2,1,1,0,1,1,4,1,1,4,2,0,0,2,6,6
GTEX-XQ3S-2726-SM-4BOP2,Normal_GTEX,1,0,0,1,3,2,2,3,2,3,4,5,4,3,6,5,4,4
GTEX-111YS-1326-SM-5EGGK,Normal_GTEX,1,2,2,1,1,0,1,1,4,1,2,0,2,0,5,3,6,6
GTEX-11EQ9-1626-SM-5PNY8,Normal_GTEX,1,0,2,1,3,2,2,4,2,2,1,3,3,4,3,4,7,7
GTEX-11I78-0726-SM-5A5M1,Normal_GTEX,1,2,2,1,1,0,1,1,4,1,3,0,1,5,0,1,0,0
GTEX-13NYB-0011-R8a-SM-5KM4R,Normal_GTEX,3,1,0,3,2,3,4,3,0,5,4,5,6,3,6,7,4,4
GTEX-1313W-0726-SM-5EGK1,Normal_GTEX,1,0,2,1,3,2,1,4,2,1,2,2,2,1,2,3,3,3
GTEX-1212Z-0426-SM-5FQT6,Normal_GTEX,1,0,2,1,3,2,1,4,2,1,2,2,2,1,2,3,3,3
GTEX-13111-2126-SM-5LZU2,Normal_GTEX,1,2,2,1,1,0,1,1,4,1,3,0,1,5,0,1,0,0
GTEX-WHSE-0526-SM-5HL79,Normal_GTEX,1,2,2,1,1,0,1,1,4,1,1,4,2,0,0,2,6,6
GTEX-Q2AG-0226-SM-2S1P4,Normal_GTEX,1,2,2,1,1,0,1,1,4,1,1,0,2,0,5,3,6,6
GTEX-T6MN-1526-SM-4DM5P,Normal_GTEX,1,2,2,1,1,0,1,1,4,1,3,0,1,5,5,1,0,0
GTEX-S3XE-0008-SM-3NM8O,Normal_GTEX,3,2,2,4,1,0,5,1,3,6,1,4,7,0,0,8,5,5
GTEX-12ZZZ-1326-SM-59HKW,Normal_GTEX,1,2,2,1,3,2,2,4,2,3,2,2,4,1,2,5,3,3
TCGA-E2-A1B0-01,Her2,2,0,1,2,0,1,3,0,1,4,0,1,5,6,1,6,2,2
GTEX-RNOR-1426-SM-48FDJ,Normal_GTEX,1,0,2,1,3,2,2,4,2,3,2,2,4,1,2,5,3,3
GTEX-13OW8-0126-SM-5IJE5,Normal_GTEX,1,0,2,1,3,2,1,4,2,1,2,2,2,1,2,3,3,3
GTEX-145MN-0326-SM-5QGQI,Normal_GTEX,1,0,2,1,3,2,2,4,2,3,2,2,4,1,2,5,3,3
GTEX-132NY-0005-SM-5O9AC,Normal_GTEX,3,1,0,4,2,3,5,2,3,6,5,4,7,2,4,8,1,1
GTEX-R55F-1426-SM-2TF53,Normal_GTEX,1,2,2,1,1,0,1,1,4,1,1,0,2,0,5,3,6,6
GTEX-X4LF-0326-SM-4QAS9,Normal_GTEX,1,0,2,1,3,2,2,4,2,3,2,2,4,1,2,5,3,3
GTEX-P4QS-1826-SM-2S1NI,Normal_GTEX,1,2,2,1,1,0,1,1,4,1,3,0,1,5,0,1,0,0
GTEX-U3ZH-1926-SM-4DXTR,Normal_GTEX,1,2,2,1,1,0,1,1,4,1,1,4,2,0,0,2,6,6
GTEX-P44H-0011-R5A-SM-2XCEX,Normal_GTEX,3,1,0,3,2,3,4,3,0,5,4,5,6,3,6,7,4,4
GTEX-V955-1626-SM-4JBHJ,Normal_GTEX,1,2,2,1,1,0,2,1,4,3,3,0,4,5,5,5,0,0
TCGA-BH-A1FU-11,Normal_TCGA,1,0,1,1,0,1,1,0,1,1,0,1,2,6,1,3,2,2
TCGA-E2-A156-01,LumA,2,0,1,2,0,1,3,0,1,4,0,1,5,6,1,6,2,2
GTEX-13SLW-0011-R10a-SM-5S2UI,Normal_GTEX,3,1,0,3,2,3,4,3,0,5,4,5,6,3,6,7,4,4
GTEX-13S7M-0226-SM-5S2UG,Normal_GTEX,1,2,2,1,1,0,1,1,4,1,1,0,2,0,5,3,6,6
GTEX-12WSH-2926-SM-5GCMR,Normal_GTEX,1,1,0,1,2,3,2,3,0,3,4,5,4,3,6,5,4,4
GTEX-146FH-1326-SM-5NQBI,Normal_GTEX,1,2,2,1,1,0,1,1,4,1,3,0,1,5,0,1,0,0
GTEX-ZTTD-0626-SM-4YCCY,Normal_GTEX,1,2,2,1,1,0,1,1,4,1,3,0,2,5,0,2,0,0
GTEX-V1D1-0826-SM-3P5ZA,Normal_GTEX,1,0,2,1,3,2,2,4,2,3,2,2,4,1,2,5,3,3
GTEX-1399R-0326-SM-5KM1X,Normal_GTEX,1,2,0,1,1,3,2,1,4,3,2,2,4,1,2,5,5,5
GTEX-T5JC-0426-SM-32PLO,Normal_GTEX,1,0,2,1,3,2,2,4,2,2,1,3,3,4,3,4,7,7
GTEX-Q2AG-0011-R9A-SM-2HMJ6,Normal_GTEX,3,1,0,3,2,3,4,3,0,5,4,5,6,3,6,7,4,4
GTEX-14BIM-0011-R6b-SM-5S2VB,Normal_GTEX,3,1,0,3,2,3,4,3,0,5,4,5,6,3,6,7,4,4
GTEX-11OF3-1126-SM-5986C,Normal_GTEX,1,0,2,1,3,2,2,4,2,3,2,2,4,1,2,5,3,3
GTEX-Y111-2426-SM-4TT23,Normal_GTEX,1,0,0,1,3,2,2,3,2,3,4,5,4,3,6,5,4,4
GTEX-13O3Q-2626-SM-5KM3S,Normal_GTEX,1,2,2,1,1,0,1,1,4,1,1,0,2,0,3,3,6,6
GTEX-11ZVC-3226-SM-5FQV1,Normal_GTEX,1,1,0,1,2,3,2,3,0,3,4,5,4,3,6,5,4,4
GTEX-WFON-1126-SM-4LVMA,Normal_GTEX,1,0,2,1,3,2,2,4,2,3,2,2,4,1,2,5,3,3
GTEX-12C56-1826-SM-5EQ6D,Normal_GTEX,1,2,2,1,1,0,1,1,4,1,1,0,2,0,3,3,6,6
GTEX-ZAB5-0126-SM-5CVMT,Normal_GTEX,1,2,2,1,1,0,1,1,4,1,3,0,2,5,0,2,0,0
GTEX-144FL-3026-SM-5O99C,Normal_GTEX,3,1,0,3,2,3,4,3,0,5,4,5,6,3,6,7,4,4
GTEX-XLM4-1526-SM-4AT6D,Normal_GTEX,1,0,0,1,3,2,2,3,2,3,4,5,4,3,6,5,4,4
GTEX-X4EP-0126-SM-3P5YV,Normal_GTEX,1,0,2,1,3,2,2,4,2,2,1,3,3,4,3,4,7,7
GTEX-X4EO-0526-SM-3P5Z3,Normal_GTEX,1,2,2,1,1,0,1,1,4,1,1,4,2,0,0,2,6,6
GTEX-YFCO-0526-SM-4W1ZJ,Normal_GTEX,1,2,2,1,1,0,1,1,4,1,3,0,1,5,5,1,0,0
GTEX-R55F-1526-SM-2TF4X,Normal_GTEX,1,2,2,1,1,0,1,1,4,1,1,4,2,0,0,2,6,6
TCGA-D8-A1JP-01,LumA,2,0,1,2,0,1,3,0,1,4,0,1,5,6,1,6,2,2
GTEX-13FHP-0426-SM-5J1O5,Normal_GTEX,1,2,2,1,1,0,1,1,4,1,3,0,1,5,0,1,0,0
GTEX-13FLV-0011-R8a-SM-5LZZE,Normal_GTEX,3,1,0,3,2,3,4,3,0,5,4,5,6,3,6,7,4,4
GTEX-QXCU-1326-SM-48FE2,Normal_GTEX,1,1,2,1,2,3,2,1,4,3,2,2,4,1,2,5,3,5
GTEX-13CF2-0011-R8b-SM-5IJCX,Normal_GTEX,3,1,0,3,2,3,4,3,0,5,4,5,6,3,6,7,4,4
GTEX-ZTTD-2626-SM-57WEX,Normal_GTEX,1,2,2,1,1,0,1,1,4,1,3,0,1,5,5,1,0,0
GTEX-131YS-3126-SM-5KLYT,Normal_GTEX,3,1,0,3,2,3,4,3,0,5,4,5,6,3,6,7,4,4
GTEX-13OW7-3026-SM-5L3GY,Normal_GTEX,3,1,0,3,2,3,4,3,0,5,4,5,6,3,6,7,4,4
GTEX-WFON-1726-SM-4LVMQ,Normal_GTEX,1,0,2,1,3,2,2,4,2,3,2,2,4,1,2,5,3,3
GTEX-WHPG-0726-SM-4M1XX,Normal_GTEX,1,2,2,1,1,0,1,1,4,1,3,0,1,5,0,1,0,0
GTEX-ZVT2-0226-SM-5GIE3,Normal_GTEX,1,2,2,1,1,0,1,1,4,1,3,0,2,0,5,3,6,6
GTEX-R3RS-0526-SM-3GADG,Normal_GTEX,1,2,2,1,1,0,1,1,4,1,1,4,2,0,0,2,6,6
GTEX-13OVI-1526-SM-5K7VX,Normal_GTEX,1,2,2,1,1,0,1,1,4,1,1,0,2,0,3,3,6,6
TCGA-C8-A12K-01,Basal,2,0,1,2,0,1,3,0,1,4,0,1,5,6,1,6,2,2
TCGA-AR-A2LE-01,LumA,2,0,1,2,0,1,3,0,1,4,0,1,5,6,1,6,2,2
GTEX-111YS-0008-SM-5Q5BH,Normal_GTEX,3,2,2,4,1,0,5,1,3,6,3,4,7,5,0,8,5,5
TCGA-BH-A0HK-01,LumA,2,0,1,2,0,1,3,0,1,4,0,1,5,6,1,6,2,2
GTEX-13SLX-0011-R8b-SM-5PNWZ,Normal_GTEX,3,1,0,3,2,3,4,3,0,5,4,5,6,3,6,7,4,4
GTEX-11ILO-2226-SM-5A5L1,Normal_GTEX,1,0,2,1,3,2,1,4,2,1,1,0,2,0,5,3,6,6
GTEX-11PRG-0626-SM-5BC56,Normal_GTEX,1,2,2,1,1,0,1,1,4,1,1,0,2,0,5,3,6,6
GTEX-139T8-0011-R4a-SM-5HL54,Normal_GTEX,3,1,0,3,2,3,4,3,0,5,4,5,6,3,6,7,4,4
GTEX-T6MO-1226-SM-4DM5S,Normal_GTEX,1,0,2,1,3,2,2,4,2,2,1,3,3,4,3,4,7,7
GTEX-11ZUS-0126-SM-5EQM5,Normal_GTEX,1,0,2,1,3,2,2,4,2,3,2,2,4,1,2,5,3,3
GTEX-13OVJ-2426-SM-5KM3I,Normal_GTEX,1,2,2,1,1,0,1,1,4,1,3,0,1,5,0,1,0,5
GTEX-145LU-0011-R3a-SM-5P9K2,Normal_GTEX,3,1,0,3,2,3,4,3,0,5,4,5,6,3,6,7,4,4
GTEX-WHSE-0011-R2A-SM-3P5ZL,Normal_GTEX,3,1,0,3,2,3,4,3,0,5,4,5,6,3,6,7,4,4
GTEX-VUSG-0126-SM-4KL1X,Normal_GTEX,1,0,2,1,3,2,2,4,2,3,2,2,4,1,2,5,3,3
GTEX-ZVZP-1226-SM-5GID7,Normal_GTEX,1,0,2,1,3,2,2,4,2,2,1,3,3,4,3,4,7,7
GTEX-OOBJ-1526-SM-3NB1Q,Normal_GTEX,1,0,2,1,3,2,2,4,2,3,2,2,4,1,2,5,3,3
GTEX-TMKS-0005-SM-33OV7,Normal_GTEX,3,1,2,4,2,3,5,2,3,6,5,4,7,2,4,8,1,1
TCGA-AR-A250-01,LumB,2,0,1,2,0,1,3,0,1,4,0,1,5,6,1,6,2,2
GTEX-RN64-1226-SM-2TC6E,Normal_GTEX,1,0,2,1,3,2,2,4,2,3,2,2,4,1,2,5,3,3
GTEX-YEC3-0526-SM-5IFHN,Normal_GTEX,1,2,2,1,1,0,1,1,4,1,3,0,1,5,0,1,0,0
TCGA-D8-A1JG-01,Her2,2,0,1,2,0,1,3,0,1,4,0,1,5,6,1,6,2,2
GTEX-QDT8-0326-SM-32PL1,Normal_GTEX,1,2,2,1,1,0,1,1,4,1,1,0,2,0,3,3,6,6
GTEX-Z93S-0926-SM-5HL8B,Normal_GTEX,1,2,2,1,1,0,1,1,4,1,3,0,1,5,0,1,0,0
GTEX-PLZ4-2826-SM-3P617,Normal_GTEX,1,2,2,1,1,0,1,1,4,1,3,0,1,5,0,1,0,5
GTEX-XBED-2226-SM-47JYQ,Normal_GTEX,1,0,2,1,3,2,2,4,2,2,1,3,3,4,3,4,7,7
GTEX-148VI-0226-SM-5RQKA,Normal_GTEX,1,0,2,1,3,2,2,4,2,3,2,2,4,1,2,5,3,3
GTEX-PLZ6-0008-SM-48TD5,Normal_GTEX,3,2,2,4,1,0,5,1,3,6,1,4,7,2,0,8,5,5
GTEX-POMQ-2326-SM-2S1O8,Normal_GTEX,1,2,2,1,1,0,1,1,4,1,1,0,2,0,5,3,6,6
GTEX-ZEX8-2426-SM-4WKG4,Normal_GTEX,1,0,2,1,3,2,2,4,2,2,1,3,3,4,3,4,7,7
GTEX-Y9LG-0001-SM-4VBRQ,Normal_GTEX,3,1,0,4,2,3,5,2,3,6,5,4,7,2,4,8,1,1
TCGA-C8-A134-01,Basal,2,0,1,2,0,1,3,0,1,4,0,1,5,6,1,6,2,2
GTEX-R55D-1126-SM-48FEB,Normal_GTEX,1,0,2,1,3,2,2,4,2,2,1,3,3,4,3,4,7,7
GTEX-14ABY-0926-SM-5Q5DY,Normal_GTEX,1,0,2,1,3,2,1,4,2,1,2,2,2,1,2,3,3,3
GTEX-11OF3-2226-SM-5986F,Normal_GTEX,1,2,2,1,1,0,1,1,4,1,3,0,1,5,5,1,0,0
GTEX-13NYS-0226-SM-5MR49,Normal_GTEX,1,2,2,1,1,0,1,1,4,1,1,0,2,0,5,3,6,6
TCGA-AN-A0FX-01,Basal,2,0,1,2,0,1,3,0,1,4,0,1,5,6,1,6,2,2
TCGA-A8-A0AB-01,LumA,2,0,1,2,0,1,3,0,1,4,0,1,5,6,1,6,2,2
GTEX-11EMC-0002-SM-5Q5DO,Normal_GTEX,3,1,0,4,2,3,5,2,3,6,5,4,7,2,4,8,1,1
GTEX-13D11-1026-SM-5IJFB,Normal_GTEX,1,0,2,1,3,2,1,4,2,1,1,0,2,0,5,3,6,6
GTEX-13O3O-2526-SM-5L3DR,Normal_GTEX,1,0,2,1,3,2,1,4,2,1,2,2,1,1,2,1,3,3
GTEX-13FXS-0011-R5b-SM-5LZYE,Normal_GTEX,3,1,0,3,2,3,4,3,0,5,4,5,6,3,6,7,4,4
GTEX-ZP4G-1926-SM-57WDZ,Normal_GTEX,1,0,2,1,3,2,2,4,2,2,1,3,3,4,3,4,7,7
GTEX-13FTX-2226-SM-5J1OP,Normal_GTEX,1,2,2,1,1,0,1,1,4,1,3,0,1,5,0,1,0,0
GTEX-T6MO-0226-SM-32QOL,Normal_GTEX,1,0,2,1,3,2,1,4,2,1,2,2,2,1,2,3,3,3
GTEX-145MH-0326-SM-5LU8H,Normal_GTEX,1,2,2,1,1,0,1,1,4,1,1,4,2,0,0,2,6,6
GTEX-12BJ1-1726-SM-5HL9B,Normal_GTEX,1,0,2,1,3,2,2,4,2,3,2,2,4,1,2,5,3,3
GTEX-YECK-1726-SM-5IFI3,Normal_GTEX,1,2,2,1,1,0,1,1,4,1,3,0,1,5,5,1,0,0
GTEX-Q2AG-0426-SM-2S1PU,Normal_GTEX,1,2,2,1,1,0,1,1,4,1,1,4,2,0,0,2,6,6
GTEX-XAJ8-0326-SM-47JYI,Normal_GTEX,1,2,2,1,1,0,1,1,4,1,3,0,1,5,5,1,0,0
GTEX-R45C-0006-SM-3GAD6,Normal_GTEX,3,1,0,4,2,3,5,2,3,6,5,4,7,2,4,8,1,1
GTEX-13N2G-0011-R9b-SM-5MR4E,Normal_GTEX,3,1,0,3,2,3,4,3,0,5,4,5,6,3,6,7,4,4
GTEX-13O3O-3126-SM-5KM3H,Normal_GTEX,3,1,0,3,2,3,4,3,0,5,4,5,6,3,6,7,4,4
GTEX-Y3IK-0526-SM-4WWE3,Normal_GTEX,1,0,2,1,3,2,1,4,2,1,2,2,2,1,2,3,3,3
GTEX-13OVG-2126-SM-5KM1K,Normal_GTEX,1,2,2,1,1,0,1,1,4,1,1,4,2,0,0,2,6,6
TCGA-C8-A275-01,Her2,2,0,1,2,0,1,3,0,1,4,0,1,5,6,1,6,2,2
GTEX-13NZA-0011-R11b-SM-5KM4W,Normal_GTEX,3,1,0,3,2,3,4,3,0,5,4,5,6,3,6,7,4,4
GTEX-13FLV-0011-R11a-SM-5LZZ7,Normal_GTEX,3,1,0,3,2,3,4,3,0,5,4,5,6,3,6,7,4,4
GTEX-145ME-1626-SM-5RQI3,Normal_GTEX,1,0,2,1,3,1,2,4,1,3,2,1,4,1,3,5,3,2
GTEX-ZPIC-1926-SM-57WFQ,Normal_GTEX,1,2,2,1,1,0,1,1,4,1,3,0,1,5,5,1,0,0
GTEX-Y8LW-1626-SM-5IFHX,Normal_GTEX,1,0,2,1,3,2,1,4,2,1,1,0,2,0,5,3,6,6
GTEX-131YS-0926-SM-5IJB9,Normal_GTEX,1,0,2,1,3,2,2,4,2,3,2,2,4,1,2,5,3,3
GTEX-13OW8-0011-R3a-SM-5L3I4,Normal_GTEX,3,1,0,3,2,3,4,3,0,5,4,5,6,3,6,7,4,4
GTEX-REY6-1426-SM-48FDK,Normal_GTEX,1,2,2,1,1,0,1,1,4,1,3,0,1,5,5,1,0,0
GTEX-WXYG-1026-SM-4ONCD,Normal_GTEX,1,2,2,1,1,0,1,1,4,1,3,0,1,5,5,1,0,0
GTEX-ZYY3-1626-SM-5EGJF,Normal_GTEX,1,2,2,1,1,0,1,1,4,1,3,0,1,5,5,1,0,0
GTEX-11DXX-2326-SM-5Q5A2,Normal_GTEX,1,2,2,1,1,0,1,1,4,1,1,0,2,0,5,3,6,6
GTEX-ZE7O-2926-SM-51MSG,Normal_GTEX,1,0,2,1,3,1,2,4,1,3,1,1,4,1,1,5,3,2
GTEX-X261-0926-SM-3NMCY,Normal_GTEX,1,2,2,1,1,0,1,1,4,1,3,0,2,5,0,2,0,0
GTEX-133LE-1726-SM-5K7VQ,Normal_GTEX,1,0,2,1,3,2,1,4,2,1,1,0,2,0,5,3,6,6
GTEX-14A6H-1026-SM-5SIAZ,Normal_GTEX,1,0,2,1,3,0,1,4,4,1,2,0,2,0,5,3,6,6
GTEX-131YS-0826-SM-5PNYV,Normal_GTEX,1,2,2,1,1,0,1,1,4,1,3,0,2,5,0,2,0,0
TCGA-BH-A1F8-01,LumB,2,0,1,2,0,1,3,0,1,4,0,1,5,6,1,6,2,2
GTEX-13NYB-2226-SM-5MR58,Normal_GTEX,1,0,0,1,3,2,2,3,2,3,4,5,4,3,6,5,4,4
GTEX-QDVN-1326-SM-48TZ3,Normal_GTEX,1,0,2,1,3,2,2,4,2,3,2,2,4,1,2,5,3,3
GTEX-OHPK-2026-SM-3MJH7,Normal_GTEX,1,2,2,1,1,0,1,1,4,1,3,0,1,5,5,1,0,0
GTEX-117YW-2026-SM-5N9BH,Normal_GTEX,1,2,2,1,1,0,1,1,4,1,3,0,1,5,5,1,0,0
GTEX-ZTSS-0626-SM-59867,Normal_GTEX,1,0,2,1,3,2,2,4,2,2,1,3,3,4,3,4,7,7
GTEX-Q2AH-0126-SM-48U2B,Normal_GTEX,1,2,0,1,1,3,2,1,4,3,2,2,4,1,2,5,5,5
GTEX-XPT6-0006-SM-4B66Q,Normal_GTEX,3,1,0,4,2,3,5,2,3,6,5,4,7,2,4,8,1,1
GTEX-139YR-0426-SM-5IFFV,Normal_GTEX,1,1,0,1,2,3,2,4,3,3,2,2,4,1,2,5,3,3
GTEX-ZYT6-2226-SM-5GIC9,Normal_GTEX,1,0,2,1,3,2,2,4,2,3,2,2,4,1,2,5,3,3
TCGA-D8-A1JK-01,Basal,2,0,1,2,0,1,3,0,1,4,0,1,5,6,1,6,2,2
TCGA-A2-A0YJ-01,Basal,2,0,1,2,0,1,3,0,1,4,0,1,5,6,1,6,2,2
GTEX-P4PQ-2626-SM-33HC9,Normal_GTEX,1,0,2,1,3,2,1,4,2,1,2,2,2,1,2,3,3,3
GTEX-ZDTS-0326-SM-5HL83,Normal_GTEX,1,2,2,1,1,0,1,1,4,1,1,0,2,0,3,3,6,6
GTEX-S7SE-0011-R5A-SM-2XCDA,Normal_GTEX,3,1,0,3,2,3,4,3,0,5,4,5,6,3,6,7,4,4
TCGA-A8-A08X-01,Her2,2,0,1,2,0,1,3,0,1,4,0,1,5,6,1,6,2,2
GTEX-WYVS-0526-SM-3NM9W,Normal_GTEX,1,0,2,1,3,2,2,4,2,3,2,2,4,1,2,5,3,3
TCGA-AR-A2LN-01,LumA,2,0,1,2,0,1,3,0,1,4,0,1,5,6,1,6,2,2
GTEX-145LS-0426-SM-5LU8M,Normal_GTEX,1,2,2,1,1,0,1,1,4,1,3,0,1,5,0,1,0,0
GTEX-YEC4-0926-SM-5PNXY,Normal_GTEX,1,2,2,1,1,0,1,1,4,1,2,0,2,0,5,3,6,6
GTEX-139D8-0006-SM-5LZX8,Normal_GTEX,3,1,0,4,2,3,5,2,3,6,5,4,7,2,4,8,1,1
GTEX-RNOR-0526-SM-2TF4O,Normal_GTEX,1,2,2,1,1,0,1,1,4,1,1,4,2,0,0,2,6,6
GTEX-X4EO-1026-SM-4QARP,Normal_GTEX,1,2,2,1,1,0,1,1,4,1,3,0,1,5,0,1,0,0
GTEX-PWOO-0926-SM-2I3EC,Normal_GTEX,1,0,2,1,3,2,1,4,2,1,2,2,2,1,2,3,3,3
GTEX-1399R-1726-SM-5K7YJ,Normal_GTEX,1,2,2,1,1,0,1,1,4,1,3,0,2,5,0,2,0,0
GTEX-13X6I-0011-R5a-SM-5PNWW,Normal_GTEX,3,1,0,3,2,3,4,3,0,5,4,5,6,3,6,7,4,4
GTEX-13NZB-2426-SM-5K7UF,Normal_GTEX,1,2,2,1,1,0,1,1,4,1,1,0,2,0,5,3,6,6
GTEX-13JUV-2526-SM-5J1OD,Normal_GTEX,1,2,2,1,1,0,1,1,4,1,1,0,2,0,3,3,6,6
GTEX-147GR-0426-SM-5S2OL,Normal_GTEX,1,2,2,1,1,0,1,1,4,1,1,0,2,0,5,3,6,6
GTEX-N7MS-0426-SM-2YUN6,Normal_GTEX,1,2,2,1,1,0,1,1,4,1,1,4,2,0,0,2,6,6
GTEX-13FTW-0526-SM-5IFIP,Normal_GTEX,1,0,2,1,3,2,2,4,2,3,2,2,4,1,2,5,3,3
GTEX-R55D-0626-SM-3GAD5,Normal_GTEX,1,2,2,1,1,0,1,1,4,1,1,4,2,0,0,2,6,6
GTEX-X62O-1626-SM-46MW9,Normal_GTEX,1,2,2,1,1,0,1,1,4,1,3,0,1,5,0,1,0,0
GTEX-1211K-0326-SM-5FQT1,Normal_GTEX,1,2,2,1,1,0,1,1,4,1,3,0,1,5,0,1,0,0
GTEX-NPJ7-0011-R8a-SM-2I3G2,Normal_GTEX,3,1,0,3,2,3,4,3,0,5,4,5,6,3,6,7,4,4
GTEX-X4XX-0011-R8B-SM-46MWM,Normal_GTEX,3,1,0,3,2,3,4,3,0,5,4,5,6,3,6,7,4,4
GTEX-WH7G-0008-SM-4LVNM,Normal_GTEX,3,2,2,4,1,0,5,1,3,6,1,4,7,0,0,8,5,5
GTEX-145LS-0226-SM-5O9A5,Normal_GTEX,1,2,2,1,1,0,1,1,4,1,1,0,2,0,5,3,6,6
GTEX-13N11-0426-SM-5KM3O,Normal_GTEX,1,2,2,1,1,0,1,1,4,1,3,0,2,5,0,2,0,0
GTEX-WFG8-2326-SM-5S2UE,Normal_GTEX,1,2,2,1,1,0,1,1,4,1,1,0,2,0,5,3,6,6
TCGA-E9-A1R6-01,LumA,2,0,1,2,0,1,3,0,1,4,0,1,5,6,1,6,2,2
GTEX-13FLV-0126-SM-5K7WT,Normal_GTEX,1,0,2,1,3,2,2,4,2,2,1,3,3,4,3,4,7,7
GTEX-11ILO-1526-SM-5A5KZ,Normal_GTEX,1,0,2,1,3,2,2,4,2,3,2,2,4,1,2,5,3,3
GTEX-U3ZM-0826-SM-4DXU6,Normal_GTEX,1,2,2,1,1,0,1,1,4,1,3,0,1,5,5,1,0,0
TCGA-AO-A0J4-01,Basal,2,0,1,2,0,1,3,0,1,4,0,1,5,6,1,6,2,2
GTEX-XUZC-2026-SM-4BRW9,Normal_GTEX,1,2,2,1,1,0,1,1,4,1,3,0,1,5,0,1,0,0
GTEX-RWS6-0726-SM-47JXI,Normal_GTEX,1,2,2,1,1,0,1,1,4,1,3,0,1,5,5,1,0,0
GTEX-13111-0126-SM-5EGHO,Normal_GTEX,1,1,0,1,2,3,2,4,3,3,2,2,4,1,2,5,3,3
GTEX-WVLH-0011-R5A-SM-3MJFW,Normal_GTEX,3,1,0,3,2,3,4,3,0,5,4,5,6,3,6,7,4,4
TCGA-A8-A09A-01,LumA,2,0,1,2,0,1,3,0,1,4,0,1,5,6,1,6,2,2
GTEX-OHPK-0008-SM-4E3JL,Normal_GTEX,3,2,2,4,1,0,5,1,3,6,5,4,7,2,0,8,5,5
GTEX-ZVZQ-0326-SM-59HLL,Normal_GTEX,3,1,0,3,2,3,4,3,0,5,4,5,6,3,6,7,4,4
GTEX-ZDTT-1226-SM-4WKG9,Normal_GTEX,1,2,2,1,1,0,1,1,4,1,3,0,1,5,5,1,0,0
GTEX-WVLH-0006-SM-3MJF7,Normal_GTEX,3,1,0,4,2,3,5,2,3,6,5,4,7,2,4,8,1,1
GTEX-ZLWG-0926-SM-4WWC3,Normal_GTEX,1,2,2,1,1,0,1,1,4,1,3,0,1,5,0,1,5,5
GTEX-R53T-1626-SM-3GAEW,Normal_GTEX,1,2,2,1,1,0,1,1,4,1,1,0,2,0,5,3,6,6
GTEX-13NYS-0426-SM-5MR4X,Normal_GTEX,1,0,2,1,3,2,1,4,2,1,2,0,1,0,3,1,3,6
GTEX-XBED-1226-SM-4AT5V,Normal_GTEX,1,0,2,1,3,2,2,4,2,3,2,2,4,1,2,5,3,3
GTEX-T6MO-0726-SM-4DM58,Normal_GTEX,1,0,2,1,3,2,2,4,2,3,2,2,4,1,2,5,3,3
GTEX-11ZUS-2526-SM-59872,Normal_GTEX,1,0,2,1,3,2,2,4,2,3,2,2,4,1,2,5,3,3
GTEX-13FLW-0011-R5a-SM-5LZX6,Normal_GTEX,3,1,0,3,2,3,4,3,0,5,4,5,6,3,6,7,4,4
GTEX-R55E-2526-SM-2TC6H,Normal_GTEX,3,1,0,3,2,3,4,3,0,5,4,5,6,3,6,7,4,4
GTEX-11ZTS-3226-SM-5EGID,Normal_GTEX,3,1,0,3,2,3,4,3,0,5,4,5,6,3,6,7,4,4
GTEX-13N2G-0011-R4b-SM-5MR54,Normal_GTEX,3,1,0,3,2,3,4,3,0,5,4,5,6,3,6,7,4,4
GTEX-ZYY3-3226-SM-5SI9X,Normal_GTEX,1,1,0,1,2,3,2,3,0,3,4,5,4,3,6,5,4,4
GTEX-146FR-0326-SM-5SI8U,Normal_GTEX,1,0,2,1,3,2,1,4,2,1,2,2,2,1,2,3,3,3
GTEX-YJ89-0011-R7a-SM-4V6GO,Normal_GTEX,3,1,0,3,2,3,4,3,0,5,4,5,6,3,6,7,4,4
GTEX-XGQ4-0005-SM-4AT5U,Normal_GTEX,3,1,0,4,2,3,5,2,3,6,5,4,7,2,4,8,1,1
GTEX-RU72-0926-SM-2TF6B,Normal_GTEX,1,0,2,1,3,2,2,4,2,2,1,3,3,4,3,4,7,7
GTEX-13FTW-1226-SM-5LZZ1,Normal_GTEX,1,0,2,1,3,2,1,4,2,1,2,2,1,1,2,1,3,3
GTEX-13FTX-0526-SM-5IFGS,Normal_GTEX,1,0,2,1,3,2,2,4,2,2,1,3,3,4,3,4,7,7
TCGA-A8-A08O-01,LumA,2,0,1,2,0,1,3,0,1,4,0,1,5,6,1,6,2,2
GTEX-OIZH-1526-SM-3NB1J,Normal_GTEX,1,2,2,1,1,0,1,1,4,1,3,0,1,5,5,1,0,0
GTEX-UTHO-0011-R3A-SM-3GIK8,Normal_GTEX,3,1,0,3,2,3,4,3,0,5,4,5,6,3,6,7,4,4
GTEX-S4Q7-1626-SM-3K2AE,Normal_GTEX,1,2,2,1,1,0,1,1,4,1,1,0,2,0,5,3,6,6
GTEX-RU1J-0126-SM-2TF6Y,Normal_GTEX,1,0,2,1,3,2,2,4,2,3,2,2,4,1,2,5,3,3
GTEX-RM2N-0826-SM-48FD3,Normal_GTEX,1,0,2,1,3,2,2,4,2,3,2,2,4,1,2,5,3,3
GTEX-1122O-0008-SM-5QGR2,Normal_GTEX,3,2,2,4,1,0,5,2,3,6,5,4,7,2,0,8,5,5
GTEX-1117F-0726-SM-5GIEN,Normal_GTEX,1,2,2,1,1,0,1,1,4,1,3,0,2,5,0,2,0,0
GTEX-P78B-1126-SM-3P615,Normal_GTEX,1,2,2,1,1,0,1,1,4,1,3,0,1,5,5,1,0,0
GTEX-13U4I-1426-SM-5J2M3,Normal_GTEX,1,0,2,1,3,2,2,4,2,3,2,2,4,1,2,5,3,3
GTEX-1399S-2726-SM-5KM22,Normal_GTEX,1,2,2,1,1,0,1,1,4,1,1,4,2,0,0,2,6,6
GTEX-PVOW-1026-SM-5O9B9,Normal_GTEX,1,0,2,1,3,2,2,4,2,3,2,2,4,1,2,5,3,3
GTEX-YFCO-0126-SM-4W1YT,Normal_GTEX,1,2,0,1,1,3,2,1,4,3,2,2,4,1,2,5,3,5
GTEX-13RTK-0226-SM-5RQHR,Normal_GTEX,1,0,2,1,3,2,2,4,2,3,2,2,4,1,2,5,3,3
GTEX-WVLH-0226-SM-3MJG6,Normal_GTEX,1,2,2,1,1,0,1,1,4,1,1,0,2,0,5,3,6,6
GTEX-13O3Q-0011-R6a-SM-5KM2V,Normal_GTEX,3,1,0,3,2,3,4,3,0,5,4,5,6,3,6,7,4,4
TCGA-A2-A0SY-01,LumA,2,0,1,2,0,1,3,0,1,4,0,1,5,6,1,6,2,2
GTEX-QXCU-0226-SM-2TC5W,Normal_GTEX,1,2,2,1,1,0,1,1,4,1,3,0,1,5,0,1,0,0
TCGA-EW-A1PA-01,LumA,2,0,1,2,0,1,3,0,1,4,0,1,5,6,1,6,2,2
TCGA-AO-A126-01,LumA,2,0,1,2,0,1,3,0,1,4,0,1,5,6,1,6,2,2
GTEX-14AS3-2126-SM-5S2MK,Normal_GTEX,1,2,2,1,1,0,1,1,4,1,1,4,2,0,0,2,6,6
TCGA-AO-A0J6-01,Basal,2,0,1,2,0,1,3,0,1,4,0,1,5,6,1,6,2,2
GTEX-11TUW-1026-SM-5GU7D,Normal_GTEX,1,2,2,1,1,0,1,1,4,1,3,0,2,5,0,2,0,0
GTEX-11EI6-0726-SM-59866,Normal_GTEX,1,0,2,1,3,2,1,4,2,1,2,2,2,1,2,3,3,3
GTEX-OXRK-0226-SM-2YUN1,Normal_GTEX,1,0,2,1,3,2,2,4,2,2,1,3,3,4,3,4,7,7
GTEX-QVJO-0126-SM-3GIK4,Normal_GTEX,1,2,2,1,1,0,1,1,4,1,1,4,2,0,0,2,6,6
GTEX-U8XE-0326-SM-3DB8P,Normal_GTEX,1,0,2,1,3,2,2,4,2,2,1,3,3,4,3,4,7,7
GTEX-PLZ5-0006-SM-5S2W5,Normal_GTEX,3,1,0,4,2,3,5,2,3,6,5,4,7,2,4,8,1,1
GTEX-T6MN-0002-SM-3NMAH,Normal_GTEX,3,1,0,4,2,3,5,2,3,6,5,4,7,2,4,8,1,1
GTEX-U3ZH-0426-SM-4DXSE,Normal_GTEX,1,2,2,1,1,0,1,1,4,1,3,0,1,5,0,1,0,0
GTEX-U4B1-0526-SM-4DXTK,Normal_GTEX,1,1,0,1,2,3,2,4,3,3,2,2,4,1,2,5,3,3
GTEX-OXRN-0126-SM-48TDM,Normal_GTEX,1,0,2,1,3,2,2,4,2,2,1,3,3,4,3,4,7,7
GTEX-QEG4-0008-SM-48TYZ,Normal_GTEX,3,2,2,4,1,0,5,1,3,6,1,4,7,2,0,8,5,5
GTEX-13X6K-1926-SM-5LU4O,Normal_GTEX,1,2,2,1,1,0,1,1,4,1,3,0,1,5,0,1,0,0
GTEX-PWN1-2426-SM-48TDD,Normal_GTEX,1,2,2,1,1,0,1,1,4,1,3,0,1,5,0,1,5,5
GTEX-ZQUD-0926-SM-57WE3,Normal_GTEX,1,2,2,1,3,0,1,4,4,1,2,0,1,1,5,1,3,0
GTEX-XYKS-1026-SM-4BRVH,Normal_GTEX,1,2,2,1,1,0,1,1,4,1,3,0,1,5,5,1,0,0
GTEX-132AR-1726-SM-5EGHQ,Normal_GTEX,1,1,2,1,2,0,2,4,4,3,2,2,4,1,2,5,5,5
GTEX-N7MT-0011-R4a-SM-2I3G9,Normal_GTEX,3,1,0,3,2,3,4,3,0,5,4,5,6,3,6,7,4,4
GTEX-VUSG-0626-SM-4KL1Z,Normal_GTEX,1,2,2,1,1,0,1,1,4,1,3,0,1,5,0,1,0,0
GTEX-ZGAY-0526-SM-4WWBB,Normal_GTEX,1,0,2,1,3,2,2,4,2,2,1,3,3,4,3,4,7,7
GTEX-131XF-2326-SM-5BC6B,Normal_GTEX,1,2,2,1,1,0,1,1,4,1,1,4,2,0,0,2,6,6
GTEX-QDT8-0008-SM-48U2F,Normal_GTEX,3,2,2,4,1,0,5,1,3,6,1,4,7,2,0,8,5,5
GTEX-T8EM-1626-SM-3DB7K,Normal_GTEX,1,2,2,1,1,0,1,1,4,1,3,0,1,5,0,1,0,0
GTEX-11NUK-0926-SM-5HL57,Normal_GTEX,1,2,2,1,1,0,1,1,4,1,3,0,2,5,0,2,0,0
GTEX-ZGAY-0426-SM-4WWAM,Normal_GTEX,1,2,2,1,1,0,1,1,4,1,3,0,1,5,0,1,0,0
GTEX-13PVQ-1726-SM-5IFF3,Normal_GTEX,1,0,2,1,3,2,2,4,2,2,1,3,3,4,3,4,7,7
GTEX-WL46-0626-SM-3LK7R,Normal_GTEX,1,2,2,1,1,0,1,1,4,1,1,4,2,0,0,2,6,6
GTEX-13CF3-2426-SM-5IFGX,Normal_GTEX,1,0,2,1,3,2,2,4,2,2,1,3,3,4,3,4,7,7
GTEX-1399R-2526-SM-5IFG2,Normal_GTEX,1,2,2,1,1,0,1,1,4,1,1,4,2,0,0,2,6,6
GTEX-NPJ8-0226-SM-48TBN,Normal_GTEX,1,2,2,1,1,0,1,1,4,1,1,0,2,0,5,3,6,6
GTEX-ZXG5-0011-R7b-SM-57WCC,Normal_GTEX,3,1,0,3,2,3,4,3,0,5,4,5,6,3,6,7,4,4
GTEX-ZG7Y-1626-SM-5S2NO,Normal_GTEX,1,2,2,1,1,0,1,1,4,1,3,0,2,5,5,3,6,6
GTEX-145MN-0926-SM-5NQBT,Normal_GTEX,1,0,2,1,3,2,2,4,2,3,2,2,4,1,2,5,3,3
TCGA-A7-A13G-01,LumA,2,0,1,2,0,1,3,0,1,4,0,1,5,6,1,6,2,2
GTEX-X88G-0008-SM-47JWN,Normal_GTEX,3,2,2,4,1,0,5,1,3,6,1,4,7,5,0,8,5,5
GTEX-148VI-0326-SM-5RQK7,Normal_GTEX,1,2,2,1,1,0,1,1,4,1,3,0,2,5,0,2,0,0
GTEX-ZAB4-0011-R5a-SM-4SOKC,Normal_GTEX,3,1,0,3,2,3,4,3,0,5,4,5,6,3,6,7,4,4
GTEX-ZTX8-1526-SM-5N9GI,Normal_GTEX,1,2,2,1,1,0,1,1,4,1,1,0,2,0,5,3,6,6
GTEX-11TUW-2126-SM-5GU7B,Normal_GTEX,1,0,2,1,3,2,1,4,2,1,2,2,1,1,2,1,3,3
GTEX-12126-0008-SM-5S2UC,Normal_GTEX,3,2,2,4,1,0,5,1,3,6,1,4,7,2,0,8,5,5
GTEX-ZPIC-1826-SM-57WFE,Normal_GTEX,1,2,2,1,1,0,1,1,4,1,1,0,2,0,5,3,6,6
TCGA-AR-A1AS-01,LumA,2,0,1,2,0,1,3,0,1,4,0,1,5,6,1,6,2,2
GTEX-OHPL-1826-SM-2YUN8,Normal_GTEX,1,2,2,1,1,0,1,1,4,1,1,0,2,0,5,3,6,6
GTEX-O5YT-0426-SM-3MJHD,Normal_GTEX,1,2,2,1,1,0,1,1,4,1,3,0,1,5,0,1,0,0
GTEX-13PVQ-0226-SM-5SIBG,Normal_GTEX,1,2,2,1,1,0,1,1,4,1,1,0,2,0,5,3,6,6
GTEX-ZVTK-0126-SM-57WDG,Normal_GTEX,1,0,0,1,3,2,2,3,2,3,4,5,4,3,6,5,4,4
GTEX-QCQG-0626-SM-48U21,Normal_GTEX,1,0,2,1,3,2,2,4,2,2,1,3,3,4,3,4,7,7
GTEX-ZF29-0006-SM-4WKGQ,Normal_GTEX,3,1,0,4,2,3,5,2,3,6,5,4,7,2,4,8,1,1
GTEX-T6MO-1526-SM-4DM57,Normal_GTEX,1,2,2,1,1,0,1,1,4,1,3,0,1,5,5,1,0,0
GTEX-X4EP-0011-R7B-SM-4PQZW,Normal_GTEX,3,1,0,3,2,3,4,3,0,5,4,5,6,3,6,7,4,4
TCGA-C8-A1HJ-01,Basal,2,0,1,2,0,1,3,0,1,4,0,1,5,6,1,6,2,2
GTEX-WYBS-0426-SM-3NM9M,Normal_GTEX,1,2,2,1,1,0,1,1,4,1,3,0,1,5,0,1,0,0
GTEX-YECK-0626-SM-4W1ZE,Normal_GTEX,1,2,2,1,1,0,1,1,4,1,1,4,2,0,0,2,6,6
GTEX-139UC-0011-R6b-SM-5K7Z1,Normal_GTEX,3,1,0,3,2,3,4,3,0,5,4,5,6,3,6,7,4,4
GTEX-ZVZP-2226-SM-57WBF,Normal_GTEX,1,0,0,1,3,2,2,3,2,3,4,5,4,3,6,5,4,4
GTEX-13PVR-1226-SM-5RQJ2,Normal_GTEX,1,2,2,1,1,0,1,1,4,1,3,0,1,5,0,1,0,5
GTEX-13IVO-2426-SM-5K7V9,Normal_GTEX,1,2,2,1,1,0,1,1,4,1,1,0,2,0,5,3,6,6
GTEX-R55C-0326-SM-3GAF1,Normal_GTEX,1,2,2,1,1,0,1,1,4,1,3,0,2,5,0,2,0,0
GTEX-12WSC-0011-R9a-SM-5GU4U,Normal_GTEX,3,1,0,3,2,3,4,3,0,5,4,5,6,3,6,7,4,4
GTEX-P44G-0011-R5A-SM-2I3FA,Normal_GTEX,3,1,0,3,2,3,4,3,0,5,4,5,6,3,6,7,4,4
TCGA-D8-A1Y1-01,LumB,2,0,1,2,0,1,3,0,1,4,0,1,5,6,1,6,2,2
GTEX-11WQK-0011-R9b-SM-5BC6N,Normal_GTEX,3,1,0,3,2,3,4,3,0,5,4,5,6,3,6,7,4,4
GTEX-X4EP-0011-R2B-SM-3P625,Normal_GTEX,3,1,0,3,2,3,4,3,0,5,4,5,6,3,6,7,4,4
GTEX-13QBU-1926-SM-5IJEW,Normal_GTEX,1,0,2,1,3,2,2,4,2,3,2,2,4,1,2,5,3,3
GTEX-13NYB-3226-SM-5J2ND,Normal_GTEX,3,1,0,3,2,3,4,3,0,5,4,5,6,3,6,7,4,4
TCGA-B6-A0IE-01,LumA,2,0,1,2,0,1,3,0,1,4,0,1,5,6,1,6,2,2
GTEX-111VG-2526-SM-5GZXP,Normal_GTEX,1,2,2,1,1,0,1,4,4,1,1,0,2,0,3,3,6,6
GTEX-VJWN-1026-SM-4M1ZN,Normal_GTEX,1,2,2,1,1,0,1,1,4,1,3,0,2,5,0,2,0,0
GTEX-R55D-0326-SM-48FES,Normal_GTEX,1,2,2,1,1,0,1,1,4,1,1,0,2,0,5,3,6,6
GTEX-145ME-1526-SM-5Q5F2,Normal_GTEX,1,2,2,1,1,0,1,1,4,1,1,0,2,0,5,3,6,6
GTEX-ZAB5-1926-SM-5HL7O,Normal_GTEX,1,2,2,1,1,0,1,1,4,1,1,0,2,0,5,3,6,6
GTEX-P4QR-0008-SM-48TE2,Normal_GTEX,3,2,2,4,1,0,5,1,3,6,1,4,7,2,0,8,5,5
GTEX-13FHP-1026-SM-5K7Y2,Normal_GTEX,1,2,2,1,1,0,1,1,4,1,3,0,2,5,0,2,0,0
TCGA-BH-A0DD-01,LumB,2,0,1,2,0,1,3,0,1,4,0,1,5,6,1,6,2,2
TCGA-A2-A0YT-01,LumB,2,0,1,2,0,1,3,0,1,4,0,1,5,6,1,6,2,2
GTEX-V1D1-0226-SM-4JBHG,Normal_GTEX,1,2,0,1,1,3,2,1,4,3,2,2,4,1,2,5,5,5
GTEX-11H98-0011-R8a-SM-5NQ8V,Normal_GTEX,3,1,0,3,2,3,4,3,0,5,4,5,6,3,6,7,4,4
GTEX-N7MS-2526-SM-2D7W3,Normal_GTEX,3,1,0,3,2,3,4,3,0,5,4,5,6,3,6,7,4,4
GTEX-11OF3-2326-SM-5GU73,Normal_GTEX,1,2,2,1,1,0,1,1,4,1,3,0,1,5,5,1,0,0
GTEX-S341-0006-SM-3NM8D,Normal_GTEX,3,1,0,4,2,3,5,2,3,6,5,4,7,2,4,8,1,1
GTEX-1399S-1326-SM-5P9GH,Normal_GTEX,1,0,2,1,3,2,2,4,2,2,1,3,3,4,3,4,7,7
GTEX-PLZ5-0326-SM-3P614,Normal_GTEX,1,1,0,1,2,3,2,1,4,3,2,2,4,1,2,5,5,5
GTEX-13PVQ-0326-SM-5K7YF,Normal_GTEX,1,2,2,1,1,0,1,1,4,1,1,4,2,0,0,2,6,6
GTEX-13S7M-0126-SM-5SI6A,Normal_GTEX,1,0,2,1,3,2,2,4,2,2,1,3,3,4,3,4,7,7
GTEX-ZYFG-2326-SM-5E44B,Normal_GTEX,1,0,2,1,3,2,2,4,2,2,1,3,3,4,3,4,7,7
GTEX-11DXY-0126-SM-5H11Q,Normal_GTEX,1,0,2,1,3,2,2,4,2,2,1,3,3,4,3,4,7,7
GTEX-QEG4-1826-SM-4R1JN,Normal_GTEX,1,0,2,1,3,2,2,4,2,3,2,2,4,1,2,5,3,3
GTEX-13CF2-2026-SM-5K7VI,Normal_GTEX,1,0,2,1,3,2,1,4,2,1,1,0,2,0,5,3,6,6
GTEX-13NZ8-0926-SM-5MR3U,Normal_GTEX,1,2,2,1,1,0,1,1,4,1,1,0,2,0,5,3,6,6
GTEX-S95S-1626-SM-2XCDJ,Normal_GTEX,1,2,2,1,1,0,1,1,4,1,3,0,1,5,0,1,0,0
GTEX-ZY6K-1426-SM-5GZX2,Normal_GTEX,1,0,2,1,3,2,2,4,2,2,1,3,3,4,3,4,7,7
GTEX-12BJ1-0726-SM-5EGGF,Normal_GTEX,1,1,0,1,2,3,2,4,3,3,2,2,4,1,2,5,3,3
GTEX-XMK1-0626-SM-4B65A,Normal_GTEX,1,0,2,1,3,2,1,4,2,1,2,2,2,1,2,3,3,3
GTEX-11EMC-0008-SM-5Q5DR,Normal_GTEX,3,2,2,4,1,0,5,2,3,6,5,4,7,2,0,8,5,5
GTEX-132QS-0526-SM-5IJC7,Normal_GTEX,1,2,2,1,1,0,1,1,4,1,3,0,2,5,0,2,0,0
GTEX-VUSG-1126-SM-4KKZQ,Normal_GTEX,1,2,2,1,1,0,1,1,4,1,3,0,1,5,5,1,0,0
GTEX-RTLS-1126-SM-46MUQ,Normal_GTEX,1,0,2,1,3,2,2,4,2,2,1,3,3,4,3,4,7,7
GTEX-13VXT-1326-SM-5LU3Y,Normal_GTEX,1,1,0,1,2,3,2,4,3,3,2,2,4,1,2,5,3,3
GTEX-P78B-1026-SM-3NMC4,Normal_GTEX,1,0,2,1,3,2,2,4,2,2,1,3,3,4,3,4,7,7
GTEX-13N1W-0011-R11a-SM-5MR3D,Normal_GTEX,3,1,0,3,2,3,4,3,0,5,4,5,6,3,6,7,4,4
GTEX-OOBJ-0526-SM-48TDK,Normal_GTEX,1,0,2,1,3,2,2,4,2,3,2,2,4,1,2,5,3,3
GTEX-12WS9-0326-SM-59HJV,Normal_GTEX,1,0,2,1,3,2,2,4,2,2,1,3,3,4,3,4,7,7
GTEX-X4EO-1226-SM-4QARR,Normal_GTEX,1,0,2,1,3,2,2,4,2,2,1,3,3,4,3,4,7,7
TCGA-A2-A0EN-01,LumA,2,0,1,2,0,1,3,0,1,4,0,1,5,6,1,6,2,2
GTEX-WWYW-0526-SM-3NB2W,Normal_GTEX,1,2,2,1,1,0,1,1,4,1,1,4,2,0,0,2,6,6
TCGA-E2-A10C-01,LumB,2,0,1,2,0,1,3,0,1,4,0,1,5,6,1,6,2,2
GTEX-12696-0426-SM-5EGL5,Normal_GTEX,1,2,2,1,1,0,1,1,4,1,3,0,1,5,0,1,0,0
GTEX-12ZZY-3126-SM-5DUX3,Normal_GTEX,1,1,0,1,2,3,2,3,0,3,4,5,4,3,6,5,4,4
GTEX-13PLJ-0011-R9b-SM-5O9DV,Normal_GTEX,3,1,0,3,2,3,4,3,0,5,4,5,6,3,6,7,4,4
GTEX-12ZZW-1026-SM-5GCMM,Normal_GTEX,1,2,2,1,1,0,1,1,4,1,3,0,2,5,0,2,0,0
GTEX-13PLJ-0011-R5a-SM-5O9BG,Normal_GTEX,3,1,0,3,2,3,4,3,0,5,4,5,6,3,6,7,4,4
GTEX-ZXG5-0226-SM-59HJI,Normal_GTEX,1,2,2,1,1,0,1,1,4,1,1,0,2,0,5,3,6,6
GTEX-14DAQ-0005-SM-5NQ7B,Normal_GTEX,3,1,0,4,2,3,5,2,3,6,5,4,7,2,4,8,1,1
GTEX-WYJK-1726-SM-3NM9U,Normal_GTEX,1,2,2,1,1,0,1,1,4,1,1,4,2,0,0,2,6,6
GTEX-13O21-2526-SM-5J1OZ,Normal_GTEX,1,2,2,1,1,0,1,1,4,1,3,0,1,5,0,1,0,0
TCGA-A2-A25F-01,Basal,2,0,1,2,0,1,3,0,1,4,0,1,5,6,1,6,2,2
GTEX-111VG-0008-SM-5Q5BG,Normal_GTEX,3,2,2,4,1,0,5,2,3,6,5,4,7,2,0,8,5,5
GTEX-XYKS-2726-SM-4E3IC,Normal_GTEX,1,2,2,1,1,0,1,1,4,1,1,0,2,0,5,3,6,6
GTEX-YB5E-0326-SM-5IFHU,Normal_GTEX,1,0,2,1,3,2,2,4,2,3,2,2,4,1,2,5,3,3
GTEX-OHPL-2626-SM-2HMJA,Normal_GTEX,1,2,2,1,1,0,1,1,4,1,2,0,1,1,2,1,3,3
GTEX-144GL-2926-SM-5O99F,Normal_GTEX,3,1,0,3,2,3,4,3,0,5,4,5,6,3,6,7,4,4
GTEX-14AS3-0526-SM-5QGQQ,Normal_GTEX,1,2,2,1,1,0,1,1,4,1,3,0,1,5,0,1,0,0
GTEX-11P7K-1926-SM-5GU6R,Normal_GTEX,1,2,2,1,1,0,1,1,4,1,1,4,2,0,0,2,6,6
GTEX-UJHI-0326-SM-4IHJE,Normal_GTEX,1,2,2,1,1,0,1,1,4,1,3,0,1,5,0,1,0,0
GTEX-13FTX-0005-SM-5N9F6,Normal_GTEX,3,1,0,4,2,3,5,2,3,6,5,4,7,2,4,8,1,1
TCGA-E9-A1N4-11,Normal_TCGA,1,0,1,1,0,1,1,0,1,1,0,1,2,6,1,3,2,2
TCGA-A8-A08L-01,Her2,2,0,1,2,0,1,3,0,1,4,0,1,5,6,1,6,2,2
GTEX-OIZG-0226-SM-2TC5L,Normal_GTEX,1,0,2,1,3,2,1,4,2,1,2,2,2,1,2,3,3,3
GTEX-WRHU-1026-SM-4E3ID,Normal_GTEX,1,2,2,1,1,0,1,1,4,1,3,0,2,5,0,2,0,0
GTEX-XAJ8-1426-SM-47JYM,Normal_GTEX,1,0,2,1,3,2,2,4,2,2,1,3,3,4,3,4,7,7
GTEX-Y114-0526-SM-4TT8V,Normal_GTEX,1,2,2,1,1,3,2,1,4,3,2,2,4,1,2,5,5,5
GTEX-WXYG-2526-SM-3NB3F,Normal_GTEX,1,2,2,1,1,0,1,1,4,1,1,4,2,0,0,2,6,6
GTEX-13S7M-1726-SM-5RQK3,Normal_GTEX,1,2,2,1,1,0,1,1,4,1,3,0,1,5,5,1,0,0
GTEX-T2YK-1326-SM-4DM6S,Normal_GTEX,1,0,2,1,3,2,2,4,2,2,1,3,3,4,3,4,7,7
GTEX-X5EB-0008-SM-46MU3,Normal_GTEX,3,2,2,4,1,0,5,1,3,6,1,4,7,0,0,8,5,5
GTEX-OHPJ-1026-SM-2HMLE,Normal_GTEX,1,0,2,1,3,2,2,4,2,3,2,2,4,1,2,5,3,3
GTEX-XBEW-1526-SM-4AT4K,Normal_GTEX,1,2,2,1,1,0,1,1,4,1,3,0,1,5,5,1,0,0
TCGA-A2-A0D4-01,LumB,2,0,1,2,0,1,3,0,1,4,0,1,5,6,1,6,2,2
GTEX-OXRL-1426-SM-3NM9E,Normal_GTEX,1,2,2,1,1,0,1,1,4,1,3,0,1,5,5,1,0,0
GTEX-XOTO-2926-SM-4B65G,Normal_GTEX,3,1,0,3,2,3,4,3,0,5,4,5,6,3,6,7,4,4
GTEX-11NUK-3126-SM-5986M,Normal_GTEX,1,0,0,1,3,3,2,3,0,3,4,5,4,3,6,5,4,4
TCGA-EW-A1IW-01,LumA,2,0,1,2,0,1,3,0,1,4,0,1,5,6,1,6,2,2
GTEX-S7SE-0011-R10A-SM-2XCDF,Normal_GTEX,3,1,0,3,2,3,4,3,0,5,4,5,6,3,6,7,4,4
GTEX-139TT-2626-SM-5LZUB,Normal_GTEX,3,1,0,3,2,3,4,3,0,5,4,5,6,3,6,7,4,4
GTEX-ZWKS-2826-SM-5NQ74,Normal_GTEX,1,2,2,1,1,0,1,1,4,1,1,0,2,0,5,3,6,6
GTEX-WI4N-2426-SM-4OOSC,Normal_GTEX,1,2,2,1,1,0,1,1,4,1,3,0,1,5,0,1,0,0
GTEX-ZDTS-0426-SM-4WAYH,Normal_GTEX,1,2,2,1,1,0,1,1,4,1,3,0,1,5,0,1,0,0
GTEX-P4PQ-0426-SM-3NMCI,Normal_GTEX,1,2,2,1,1,0,1,1,4,1,3,0,1,5,0,1,0,0
GTEX-RNOR-0826-SM-2TF5C,Normal_GTEX,1,2,2,1,1,0,1,1,4,1,3,0,2,5,0,2,0,0
GTEX-ZZ64-0526-SM-5GZXM,Normal_GTEX,1,0,2,1,3,2,2,4,2,3,2,2,4,1,2,5,3,3
GTEX-1192W-0226-SM-5EGGT,Normal_GTEX,1,2,2,1,1,0,1,1,4,1,3,0,2,5,0,2,0,0
GTEX-R53T-1326-SM-48FCQ,Normal_GTEX,1,0,2,1,3,2,2,4,2,3,2,2,4,1,2,5,3,3
TCGA-B6-A0IQ-01,Basal,2,0,1,2,0,1,3,0,1,4,0,1,5,6,1,6,2,2
TCGA-BH-A1EW-01,LumA,2,0,1,2,0,1,3,0,1,4,0,1,5,6,1,6,2,2
TCGA-BH-A1FG-01,LumA,2,0,1,2,0,1,3,0,1,4,0,1,5,6,1,6,2,2
TCGA-AR-A0TS-01,Basal,2,0,1,2,0,1,3,0,1,4,0,1,5,6,1,6,2,2
GTEX-T6MN-1826-SM-5CHQB,Normal_GTEX,3,1,0,4,2,3,5,2,3,6,5,4,7,2,4,8,1,1
GTEX-X4XX-0011-R2A-SM-3P623,Normal_GTEX,3,1,0,3,2,3,4,3,0,5,4,5,6,3,6,7,4,4
GTEX-T8EM-0426-SM-4DM7E,Normal_GTEX,1,2,2,1,1,0,1,1,4,1,3,0,1,5,0,1,0,0
GTEX-YB5E-0008-SM-4VDT7,Normal_GTEX,3,2,2,4,1,0,5,1,3,6,1,4,7,0,0,8,5,5
GTEX-OIZH-1626-SM-2HMKI,Normal_GTEX,1,2,2,1,1,0,1,1,4,1,1,4,2,0,0,2,6,6
TCGA-BH-A0HA-11,Normal_TCGA,1,0,1,1,0,1,1,0,1,1,0,1,2,6,1,3,2,2
GTEX-ZTPG-1226-SM-4YCDO,Normal_GTEX,1,2,2,1,1,0,1,1,4,1,3,0,2,5,0,2,0,0
GTEX-11P82-1826-SM-5PNYJ,Normal_GTEX,1,2,2,1,1,0,1,1,4,1,1,4,2,0,0,2,6,6
TCGA-A8-A06X-01,LumB,2,0,1,2,0,1,3,0,1,4,0,1,5,6,1,6,2,2
GTEX-S4Q7-0526-SM-4AD5N,Normal_GTEX,1,2,2,1,1,0,1,1,4,1,3,0,1,5,5,1,0,0
GTEX-RWS6-1726-SM-47JXP,Normal_GTEX,1,0,2,1,3,2,2,4,2,2,1,3,3,4,3,4,7,7
TCGA-BH-A18S-11,Normal_TCGA,1,0,1,1,0,1,1,0,1,1,0,1,2,6,1,3,2,2
GTEX-ZVZP-2026-SM-57WB3,Normal_GTEX,1,2,2,1,1,0,1,1,4,1,3,0,1,5,5,1,0,0
TCGA-D8-A140-01,LumA,2,0,1,2,0,1,3,0,1,4,0,1,5,6,1,6,2,2
GTEX-13NYS-1926-SM-5IJCB,Normal_GTEX,1,2,2,1,1,0,1,1,4,1,3,0,2,5,0,2,0,0
GTEX-Y8E4-0006-SM-4V6EW,Normal_GTEX,3,1,0,4,2,3,5,2,3,6,5,4,7,2,4,8,1,1
GTEX-OHPN-0011-R9A-SM-4DXUH,Normal_GTEX,3,1,0,3,2,3,4,3,0,5,4,5,6,3,6,7,4,4
GTEX-ZT9X-2026-SM-57WEJ,Normal_GTEX,1,2,2,1,1,0,1,1,4,1,3,0,1,5,0,1,0,0
GTEX-X4EO-1726-SM-4QARN,Normal_GTEX,1,1,0,1,2,3,2,3,4,3,2,2,4,1,2,5,5,5
GTEX-Y8LW-0926-SM-4VBQ8,Normal_GTEX,1,2,2,1,1,0,1,1,4,1,3,0,2,0,5,3,6,6
GTEX-11ONC-1026-SM-5GU64,Normal_GTEX,1,2,2,1,1,0,1,1,4,1,3,0,2,5,0,2,0,0
GTEX-WFON-0001-SM-3P61W,Normal_GTEX,3,1,0,4,2,3,5,2,3,6,5,4,7,2,4,8,1,1
GTEX-WL46-1226-SM-4OOS4,Normal_GTEX,1,0,2,1,3,2,2,4,2,2,1,3,3,4,3,4,7,7
GTEX-UPJH-0226-SM-3GADV,Normal_GTEX,1,0,2,1,3,2,2,4,2,2,1,3,3,4,3,4,7,7
GTEX-ZVT3-0008-SM-51MRI,Normal_GTEX,3,2,2,4,1,0,5,1,3,6,1,4,7,0,0,8,5,5
GTEX-132QS-0426-SM-5KLZ6,Normal_GTEX,1,2,2,1,1,0,1,1,4,1,3,0,2,5,0,2,0,0
GTEX-XUJ4-0008-SM-4BOQI,Normal_GTEX,3,2,2,4,1,0,5,1,3,6,1,4,7,0,0,8,5,5
GTEX-QLQW-0226-SM-447BJ,Normal_GTEX,1,2,2,1,1,3,2,1,4,3,2,2,4,1,2,5,5,5
GTEX-Z93S-1626-SM-5CVMB,Normal_GTEX,1,0,2,1,3,2,2,4,2,2,1,3,3,4,3,4,7,7
GTEX-ZVZQ-0011-R11a-SM-51MS6,Normal_GTEX,3,1,0,3,2,3,4,3,0,5,4,5,6,3,6,7,4,4
GTEX-T5JW-0003-SM-3NMAD,Normal_GTEX,3,1,0,4,2,3,5,2,3,6,5,4,7,2,4,8,1,1
GTEX-147F4-2526-SM-5NQBB,Normal_GTEX,1,1,0,1,2,3,2,1,4,3,2,2,4,1,2,5,5,5
GTEX-S4P3-0726-SM-4AD57,Normal_GTEX,1,2,2,1,1,0,1,1,4,1,3,0,1,5,5,1,0,0
GTEX-XXEK-0526-SM-4BRWD,Normal_GTEX,1,2,2,1,1,0,1,1,4,1,3,0,1,5,5,1,0,0
GTEX-12WSJ-1726-SM-5LZVV,Normal_GTEX,1,2,2,1,1,0,1,1,4,1,1,4,2,0,0,2,6,6
GTEX-13CF2-0011-R7b-SM-5K7UV,Normal_GTEX,3,1,0,3,2,3,4,3,0,5,4,5,6,3,6,7,4,4
GTEX-UTHO-1226-SM-3GAEE,Normal_GTEX,1,2,2,1,1,0,1,1,4,1,3,0,2,5,0,2,0,0
GTEX-13PL6-0011-R6a-SM-5O9C5,Normal_GTEX,3,1,0,3,2,3,4,3,0,5,4,5,6,3,6,7,4,4
GTEX-13CF3-1926-SM-5K7WF,Normal_GTEX,1,0,2,1,3,2,2,4,2,3,2,2,4,1,2,5,3,3
GTEX-ZC5H-1026-SM-5CVN1,Normal_GTEX,1,2,2,1,1,0,1,1,4,1,3,0,1,5,0,1,0,0
TCGA-A2-A0CZ-01,Normal,2,0,1,2,0,1,3,0,1,4,0,1,5,6,1,6,2,2
GTEX-QLQW-0426-SM-447A7,Normal_GTEX,1,0,2,1,3,2,2,4,2,3,2,2,4,1,2,5,3,3
GTEX-ZAB5-2326-SM-5IJFR,Normal_GTEX,1,0,2,1,3,2,2,4,2,3,1,3,4,4,3,5,7,7
GTEX-13YAN-0426-SM-5O9DR,Normal_GTEX,1,2,2,1,1,0,1,1,4,1,1,0,2,0,5,3,6,6
GTEX-13PVR-1826-SM-5Q5CC,Normal_GTEX,1,0,2,1,3,2,2,4,2,2,1,3,3,4,3,4,7,7
GTEX-Y5V6-2526-SM-5IFJV,Normal_GTEX,1,2,2,1,1,0,1,1,4,1,1,0,2,0,5,3,6,6
GTEX-11NSD-0826-SM-5986S,Normal_GTEX,1,0,2,1,3,2,1,4,2,1,2,2,1,1,2,1,3,3
TCGA-AN-A0XS-01,LumA,2,0,1,2,0,1,3,0,1,4,0,1,5,6,1,6,2,2
GTEX-Y111-2026-SM-4SOJA,Normal_GTEX,1,0,2,1,3,2,1,1,2,1,1,0,2,0,5,3,6,6
GTEX-P4QT-1426-SM-3NMCX,Normal_GTEX,1,0,2,1,3,2,2,4,2,3,2,2,4,1,2,5,3,3
TCGA-A2-A04Q-01,Basal,2,0,1,2,0,1,3,0,1,4,0,1,5,6,1,6,2,2
GTEX-ZZPT-1326-SM-5E43H,Normal_GTEX,1,0,2,1,3,2,2,4,2,3,2,2,4,1,2,5,3,3
GTEX-YJ8A-0426-SM-5IFID,Normal_GTEX,1,0,2,1,3,2,2,4,2,2,1,3,3,4,3,4,7,7
GTEX-14ABY-0005-SM-5O99U,Normal_GTEX,3,1,0,4,2,3,5,2,3,6,5,4,7,2,4,8,1,1
GTEX-13W3W-0526-SM-5LU3X,Normal_GTEX,1,2,2,1,1,0,1,1,4,1,3,0,2,5,0,2,0,0
GTEX-11NSD-2026-SM-5HL5U,Normal_GTEX,1,2,2,1,1,0,1,1,4,1,1,4,2,0,0,2,6,6
GTEX-ZQUD-0626-SM-51MR2,Normal_GTEX,1,2,2,1,1,0,1,1,4,1,3,0,1,5,5,1,0,0
TCGA-A8-A076-01,LumB,2,0,1,2,0,1,3,0,1,4,0,1,5,6,1,6,2,2
GTEX-113JC-2226-SM-5EGJG,Normal_GTEX,1,2,2,1,1,0,1,1,4,1,3,0,1,5,5,1,0,0
GTEX-139UW-0226-SM-5K7WU,Normal_GTEX,1,0,2,1,3,2,2,4,2,3,2,2,4,1,2,5,3,3
GTEX-13X6I-1826-SM-5SIAO,Normal_GTEX,1,0,2,1,3,2,2,4,2,2,1,3,3,4,3,4,7,7
GTEX-1269C-2726-SM-5EGJ4,Normal_GTEX,1,2,2,1,1,0,1,1,4,1,1,0,2,0,5,3,6,6
GTEX-Q2AG-0826-SM-2HMKF,Normal_GTEX,1,0,2,1,3,2,1,4,2,1,2,2,2,1,2,3,3,3
GTEX-13111-1426-SM-5DUW3,Normal_GTEX,1,0,2,1,3,0,2,4,4,3,2,2,4,1,5,5,3,3
GTEX-14753-2926-SM-5LU9J,Normal_GTEX,1,1,0,1,2,3,2,3,0,3,4,5,4,3,6,5,4,4
GTEX-11EI6-2826-SM-5H11D,Normal_GTEX,1,0,2,1,3,2,2,4,2,2,1,3,3,4,3,4,7,7
GTEX-XUZC-0526-SM-4BOPF,Normal_GTEX,1,2,2,1,1,0,1,1,4,1,3,0,1,5,5,1,0,0
GTEX-ZAJG-3226-SM-5HL9V,Normal_GTEX,1,1,0,1,2,3,2,3,0,3,2,5,4,3,6,5,4,4
GTEX-Z93T-0426-SM-5HL6G,Normal_GTEX,1,2,2,1,1,0,1,1,4,1,3,0,1,5,0,1,0,0
TCGA-BH-A0BV-01,LumA,2,0,1,2,0,1,3,0,1,4,0,1,5,6,1,6,2,2
TCGA-E2-A109-01,LumB,2,0,1,2,0,1,3,0,1,4,0,1,5,6,1,6,2,2
GTEX-XQ8I-1126-SM-4BOO2,Normal_GTEX,1,0,2,1,3,2,2,4,2,3,2,2,4,1,2,5,3,3
GTEX-12WSA-0726-SM-5FQU2,Normal_GTEX,1,2,2,1,1,0,1,1,4,1,1,4,2,0,0,2,6,6
GTEX-12584-1026-SM-59HK3,Normal_GTEX,1,2,2,1,1,0,1,1,4,1,3,0,2,5,0,2,0,0
GTEX-11WQC-1826-SM-5GU59,Normal_GTEX,1,0,2,1,3,2,2,4,2,2,1,3,3,4,3,4,7,7
GTEX-O5YT-0826-SM-3TW8N,Normal_GTEX,1,0,2,1,3,2,2,4,2,3,2,2,4,1,2,5,3,3
GTEX-N7MT-1326-SM-2I3FV,Normal_GTEX,1,2,2,1,1,0,1,1,4,1,3,0,2,5,0,2,0,0
TCGA-GI-A2C9-11,Normal_TCGA,1,0,1,1,0,1,1,0,1,1,0,1,2,6,1,3,2,2
GTEX-UJHI-1326-SM-4IHJO,Normal_GTEX,1,2,2,1,1,0,1,1,4,1,3,0,1,5,5,1,0,0
GTEX-139T6-1826-SM-5KM2E,Normal_GTEX,1,2,2,1,1,0,1,1,4,1,3,0,1,5,0,1,0,0
GTEX-R55F-0126-SM-48FCK,Normal_GTEX,1,0,2,1,3,2,2,4,2,2,1,3,3,4,3,4,7,7
TCGA-BH-A1FL-01,LumA,2,0,1,2,0,1,3,0,1,4,0,1,5,6,1,6,2,2
GTEX-YFC4-0011-R2a-SM-4V6DZ,Normal_GTEX,3,1,0,3,2,3,4,3,0,5,4,5,6,3,6,7,4,4
GTEX-QVJO-0011-R2A-SM-2S1QK,Normal_GTEX,3,1,0,3,2,3,4,3,0,5,4,5,6,3,6,7,4,4
TCGA-E9-A1NI-01,LumB,2,0,1,2,0,1,3,0,1,4,0,1,5,6,1,6,2,2
GTEX-14A6H-0326-SM-5NQAN,Normal_GTEX,1,2,2,1,1,0,1,1,4,1,3,0,2,5,0,2,0,0
GTEX-QEG5-0526-SM-2S1PC,Normal_GTEX,1,2,2,1,1,0,1,1,4,1,1,0,2,0,3,3,6,6
GTEX-131YS-0011-R9b-SM-5EQLY,Normal_GTEX,3,1,0,3,2,3,4,3,0,5,4,5,6,3,6,7,4,4
GTEX-QV31-0426-SM-447C4,Normal_GTEX,1,2,2,1,1,0,1,1,4,1,3,0,1,5,5,1,0,0
GTEX-N7MS-0626-SM-2YUN7,Normal_GTEX,1,2,2,1,1,0,1,1,4,1,3,0,1,0,0,1,6,0
GTEX-139D8-0726-SM-5P9GJ,Normal_GTEX,1,2,2,1,1,0,1,1,4,1,1,4,2,0,0,2,6,6
GTEX-ZYW4-0526-SM-5GZZ5,Normal_GTEX,1,2,2,1,1,0,1,1,4,1,1,4,2,0,0,2,6,6
TCGA-A8-A07R-01,Basal,2,0,1,2,0,1,3,0,1,4,0,1,5,6,1,6,2,2
GTEX-13OVL-0826-SM-5L3GV,Normal_GTEX,1,2,2,1,1,0,1,1,4,1,2,0,2,0,5,3,6,6
TCGA-AN-A03Y-01,LumB,2,0,1,2,0,1,3,0,1,4,0,1,5,6,1,6,2,2
GTEX-P4PQ-0226-SM-2S1NK,Normal_GTEX,1,2,2,1,1,0,1,1,4,1,1,0,2,0,5,3,6,6
GTEX-Y9LG-0926-SM-4VDS6,Normal_GTEX,1,2,2,1,1,0,1,1,4,1,3,0,1,5,5,1,0,0
GTEX-145MG-0011-R3b-SM-5SI67,Normal_GTEX,3,1,0,3,2,3,4,3,0,5,4,5,6,3,6,7,4,4
GTEX-11ZTT-0526-SM-5EQLA,Normal_GTEX,1,2,2,1,1,0,1,1,4,1,3,0,2,5,0,2,0,0
GTEX-OXRO-0011-R2A-SM-3NB1W,Normal_GTEX,3,1,0,3,2,3,4,3,0,5,4,5,6,3,6,7,4,4
GTEX-WFG8-1926-SM-4LVM1,Normal_GTEX,1,0,0,1,3,2,2,3,2,3,4,5,4,3,6,5,4,4
GTEX-OHPK-0006-SM-2HMKH,Normal_GTEX,3,1,0,4,2,3,5,2,3,6,5,4,7,2,4,8,1,1
GTEX-P78B-1826-SM-3P5YX,Normal_GTEX,1,0,2,1,3,2,2,4,2,3,2,2,4,1,2,5,3,3
GTEX-NPJ8-0526-SM-3MJHN,Normal_GTEX,1,2,2,1,1,0,1,1,4,1,3,0,1,5,0,1,0,0
GTEX-V955-1326-SM-4JBHR,Normal_GTEX,1,0,2,1,3,2,2,4,2,3,2,2,4,1,2,5,3,3
GTEX-131YS-1126-SM-5N9FQ,Normal_GTEX,1,2,2,1,1,0,1,1,4,1,3,0,1,5,0,1,0,0
GTEX-QVUS-2826-SM-3GADB,Normal_GTEX,3,1,0,3,2,3,4,3,0,5,4,5,6,3,6,7,4,4
TCGA-BH-A1FH-01,LumA,2,0,1,2,0,1,3,0,1,4,0,1,5,6,1,6,2,2
GTEX-11GSP-0011-R5a-SM-57WBE,Normal_GTEX,3,1,0,3,2,3,4,3,0,5,4,5,6,3,6,7,4,4
GTEX-WYJK-0626-SM-4ONCZ,Normal_GTEX,1,0,2,1,3,2,1,4,2,1,2,2,1,1,2,1,3,3
GTEX-1399T-1226-SM-5P9J5,Normal_GTEX,1,0,2,1,3,2,1,4,2,1,2,2,1,1,2,1,3,3
GTEX-RM2N-0526-SM-2TF4N,Normal_GTEX,1,0,2,1,3,2,1,4,2,1,2,2,2,1,2,3,3,3
GTEX-ZLV1-0226-SM-4WWC1,Normal_GTEX,1,2,0,1,1,3,2,1,4,3,2,2,4,1,2,5,5,5
GTEX-11GSP-2126-SM-5HL5E,Normal_GTEX,1,0,2,1,3,2,2,4,2,3,2,2,4,1,2,5,3,3
GTEX-11O72-2026-SM-5N9G8,Normal_GTEX,1,2,2,1,1,0,1,1,4,1,3,0,1,5,5,1,0,0
GTEX-11DXY-0008-SM-5QGR4,Normal_GTEX,3,2,2,4,1,0,5,2,3,6,5,4,7,2,0,8,5,5
GTEX-YFC4-0126-101855-SM-5CVLZ,Normal_GTEX,1,0,2,1,3,2,2,4,2,2,1,3,3,4,3,4,7,7
GTEX-ZVT3-0011-R3b-SM-51MTJ,Normal_GTEX,3,1,0,3,2,3,4,3,0,5,4,5,6,3,6,7,4,4
GTEX-X4XX-0926-SM-46MV7,Normal_GTEX,1,0,2,1,3,2,1,4,2,1,2,2,2,1,2,3,3,3
GTEX-12C56-1126-SM-5FQTO,Normal_GTEX,1,2,2,1,1,0,1,1,4,1,3,0,1,5,5,1,0,0
GTEX-Z93S-0011-R11a-SM-4RGNN,Normal_GTEX,3,1,0,3,2,3,4,3,0,5,4,5,6,3,6,7,4,4
GTEX-11EM3-1326-SM-5N9C6,Normal_GTEX,1,0,2,1,3,2,1,4,2,1,1,0,2,5,5,3,3,6
GTEX-11GS4-3126-SM-5A5LH,Normal_GTEX,3,1,0,3,2,3,4,3,0,5,4,5,6,3,6,7,4,4
GTEX-13U4I-1126-SM-5LU3S,Normal_GTEX,1,0,2,1,3,2,2,4,2,2,1,3,3,4,3,4,7,7
GTEX-12C56-1326-SM-5FQSV,Normal_GTEX,1,0,2,1,3,2,1,4,2,1,2,2,1,1,2,1,3,3
GTEX-OIZH-0126-SM-2HMIS,Normal_GTEX,1,0,2,1,3,2,2,4,2,2,1,3,3,4,3,4,7,7
GTEX-13CF3-1826-SM-5J1NK,Normal_GTEX,1,2,2,1,1,0,1,1,4,1,1,4,2,0,0,2,6,6
GTEX-11XUK-0008-SM-5S2WD,Normal_GTEX,3,2,2,4,1,0,5,1,3,6,5,4,7,2,0,8,5,5
TCGA-AN-A0XN-01,LumA,2,0,1,2,0,1,3,0,1,4,0,1,5,6,1,6,2,2
GTEX-1399Q-2826-SM-5IJEZ,Normal_GTEX,1,0,0,1,3,2,2,3,2,3,4,5,4,3,6,5,4,4
TCGA-A1-A0SK-01,Basal,2,0,1,2,0,1,3,0,1,4,0,1,5,6,1,6,2,2
GTEX-XUW1-0626-SM-4BOP4,Normal_GTEX,1,2,2,1,1,0,1,1,4,1,1,0,2,0,3,3,6,6
GTEX-WZTO-0008-SM-4PQZZ,Normal_GTEX,3,2,2,4,1,0,5,1,3,6,5,4,7,2,0,8,5,5
GTEX-ZZ64-0426-SM-5E43F,Normal_GTEX,1,0,2,1,3,2,2,4,2,3,2,2,4,1,2,5,3,3
GTEX-YFC4-1226-SM-5LU9R,Normal_GTEX,1,0,2,1,3,2,2,4,2,2,1,3,3,4,3,4,7,7
GTEX-1314G-0826-SM-5BC6L,Normal_GTEX,1,0,2,1,3,2,2,4,2,2,2,3,3,1,3,4,3,7
GTEX-132Q8-0526-SM-5IJBQ,Normal_GTEX,1,2,2,1,1,0,1,1,4,1,3,0,1,5,0,1,0,0
GTEX-13FHO-0011-R7b-SM-5LZXD,Normal_GTEX,3,1,0,3,2,3,4,3,0,5,4,5,6,3,6,7,4,4
GTEX-WWTW-1326-SM-4MVNT,Normal_GTEX,1,2,2,1,1,0,1,1,4,1,2,0,2,0,5,3,6,6
GTEX-146FQ-2126-SM-5RQHU,Normal_GTEX,1,0,2,1,3,2,2,4,2,2,1,3,3,4,3,4,7,7
GTEX-X4EP-0008-SM-4PQYO,Normal_GTEX,3,2,2,4,1,0,5,1,3,6,1,4,7,0,0,8,5,5
GTEX-11TUW-1726-SM-5BC5C,Normal_GTEX,1,0,2,1,3,2,2,4,2,3,2,2,4,1,2,5,3,3
TCGA-BH-A0AU-01,LumB,2,0,1,2,0,1,3,0,1,4,0,1,5,6,1,6,2,2
TCGA-AR-A1AQ-01,Basal,2,0,1,2,0,1,3,0,1,4,0,1,5,6,1,6,2,2
GTEX-ZXES-2026-SM-5NQ6R,Normal_GTEX,1,2,2,1,1,0,1,1,4,1,1,0,2,0,5,3,6,6
GTEX-12696-2526-SM-5EQLN,Normal_GTEX,1,2,2,1,1,0,1,1,4,1,1,0,2,0,5,3,6,6
GTEX-SUCS-1026-SM-5CHTC,Normal_GTEX,3,1,0,4,2,3,5,2,3,6,5,4,7,2,4,8,1,1
GTEX-13FHO-3026-SM-5J1O9,Normal_GTEX,3,1,0,3,2,3,4,3,0,5,4,5,6,3,6,7,4,4
GTEX-13FHO-1726-SM-5IFGM,Normal_GTEX,1,0,2,1,3,2,2,4,2,2,1,3,3,4,3,4,7,7
GTEX-T6MN-0326-SM-32PMK,Normal_GTEX,1,0,2,1,3,0,1,4,4,1,1,0,2,0,3,3,6,6
GTEX-U3ZN-0926-SM-4DXTU,Normal_GTEX,1,0,2,1,3,2,2,4,2,2,1,3,3,4,3,4,7,7
GTEX-Y111-1626-SM-57WCY,Normal_GTEX,1,0,2,1,3,2,2,4,2,2,1,3,3,4,3,4,7,7
GTEX-XUJ4-1626-SM-4BONV,Normal_GTEX,1,0,2,1,3,2,2,4,2,2,1,3,3,4,3,4,7,7
GTEX-W5WG-0008-SM-4KL25,Normal_GTEX,3,2,2,4,1,0,5,1,3,6,1,4,7,0,0,8,5,5
GTEX-1269C-2426-SM-5FQSN,Normal_GTEX,1,0,2,1,3,2,1,4,2,1,1,0,2,0,5,3,6,6
GTEX-RVPV-0926-SM-47JXU,Normal_GTEX,1,2,2,1,1,0,1,1,4,1,3,4,2,0,0,2,6,0
GTEX-Y3I4-1526-SM-4TT7K,Normal_GTEX,1,0,2,1,1,0,1,1,4,1,1,0,2,0,5,3,6,6
GTEX-P44G-0011-R2A-SM-2XCD2,Normal_GTEX,3,1,0,3,2,3,4,3,0,5,4,5,6,3,6,7,4,4
TCGA-GM-A2DB-01,Her2,2,0,1,2,0,1,3,0,1,4,0,1,5,6,1,6,2,2
GTEX-WHSE-0926-SM-3NMBS,Normal_GTEX,1,2,2,1,1,0,1,1,4,1,3,0,2,5,0,2,0,0
GTEX-13RTL-0011-R1a-SM-5PNZ8,Normal_GTEX,3,1,0,3,2,3,4,3,0,5,4,5,6,3,6,7,4,4
GTEX-ZDTS-1026-SM-4WAXS,Normal_GTEX,1,0,2,1,3,2,2,4,2,3,2,2,4,1,2,5,3,3
TCGA-E9-A244-01,Basal,2,0,1,2,0,1,3,0,1,4,0,1,5,6,1,6,2,2
GTEX-11P7K-1026-SM-5HL6Y,Normal_GTEX,1,0,0,1,3,2,2,3,2,3,4,5,4,3,6,5,4,4
GTEX-12WSD-1726-SM-5GCN4,Normal_GTEX,1,1,0,1,2,3,2,4,3,3,2,2,4,1,2,5,3,3
GTEX-QV44-1526-SM-4R1KI,Normal_GTEX,1,0,2,1,3,2,1,4,2,1,2,2,1,1,2,1,3,3
GTEX-WFJO-0008-SM-4LVN7,Normal_GTEX,3,2,2,4,1,0,5,1,3,6,1,4,7,0,0,8,5,5
GTEX-11I78-1226-SM-5A5K6,Normal_GTEX,1,0,2,1,3,2,2,4,2,3,2,2,4,1,2,5,3,3
GTEX-11UD2-1126-SM-5EQM6,Normal_GTEX,1,2,2,1,1,0,1,1,4,1,3,0,1,5,0,1,0,0
GTEX-ZAB4-0426-SM-5HL7N,Normal_GTEX,1,2,2,1,1,0,1,1,4,1,1,4,2,0,0,2,6,6
GTEX-ZGAY-0326-SM-57WF5,Normal_GTEX,1,2,2,1,1,0,1,1,4,1,3,0,2,5,0,2,0,0
GTEX-ZYFC-0126-SM-5GIEH,Normal_GTEX,1,0,0,1,3,2,2,3,2,3,4,5,4,3,6,5,4,4
GTEX-12WSF-0011-R11a-SM-5LZVT,Normal_GTEX,3,1,0,3,2,3,4,3,0,5,4,5,6,3,6,7,4,4
GTEX-ZF2S-0626-SM-4WKH2,Normal_GTEX,1,0,2,1,3,2,2,4,2,3,2,2,4,1,2,5,3,3
GTEX-ZV7C-0126-SM-57WDE,Normal_GTEX,1,0,2,1,3,2,1,4,2,1,2,2,2,1,2,3,3,3
GTEX-UPIC-1426-SM-4IHLQ,Normal_GTEX,1,0,2,1,3,2,2,4,2,2,1,3,3,4,3,4,7,7
GTEX-VUSG-0008-SM-4KL24,Normal_GTEX,3,2,2,4,1,0,5,1,3,6,1,4,7,0,0,8,5,5
GTEX-13IVO-3026-SM-5J2M2,Normal_GTEX,1,1,0,1,2,3,2,3,0,3,4,5,4,3,6,5,4,4
TCGA-AN-A04A-01,LumA,2,0,1,2,0,1,3,0,1,4,0,1,5,6,1,6,2,2
GTEX-1399R-2726-SM-5IJBA,Normal_GTEX,1,0,2,1,3,2,2,4,2,2,1,3,3,4,3,4,7,7
GTEX-ZYT6-1726-SM-5E44P,Normal_GTEX,1,2,2,1,1,0,1,1,4,1,3,0,2,5,0,2,0,0
GTEX-POMQ-1226-SM-3P61F,Normal_GTEX,1,2,2,1,1,0,1,1,4,1,3,0,1,5,5,1,0,0
GTEX-XBEW-0926-SM-4QASR,Normal_GTEX,1,2,2,1,1,0,1,1,4,1,1,0,2,0,3,3,6,6
GTEX-ZVTK-0006-SM-57WBK,Normal_GTEX,3,1,0,4,2,3,5,2,3,6,5,4,7,2,4,8,1,1
GTEX-11TT1-0326-SM-5LUAY,Normal_GTEX,1,0,2,1,3,2,2,4,2,3,2,2,4,1,2,5,3,3
GTEX-117YX-1326-SM-5H125,Normal_GTEX,1,0,2,1,3,2,2,4,2,3,2,2,4,1,2,5,3,3
GTEX-12WSN-0006-SM-5NQAP,Normal_GTEX,3,1,0,4,2,3,5,2,3,6,5,4,7,2,4,8,1,1
GTEX-W5WG-0002-SM-3NMDN,Normal_GTEX,3,1,0,4,2,3,5,2,3,6,5,4,7,2,4,8,1,1
GTEX-13PL7-0626-SM-5IJCD,Normal_GTEX,1,2,2,1,1,0,1,1,4,1,1,4,2,0,0,2,6,6
GTEX-TKQ2-0006-SM-33HBH,Normal_GTEX,3,1,0,4,2,3,5,2,3,6,5,4,7,2,4,8,1,1
GTEX-13112-0011-R6b-SM-5DUVK,Normal_GTEX,3,1,0,3,2,3,4,3,0,5,4,5,6,3,6,7,4,4
GTEX-13OVL-0011-R11b-SM-5L3G7,Normal_GTEX,3,1,0,3,2,3,4,3,0,5,4,5,6,3,6,7,4,4
GTEX-13VXT-2026-SM-5L3EW,Normal_GTEX,1,2,2,1,1,0,1,1,4,1,3,0,1,5,5,1,0,0
GTEX-WYBS-0005-SM-4ONDR,Normal_GTEX,3,1,0,4,2,3,5,2,3,6,5,4,7,2,4,8,1,1
GTEX-S4Q7-0826-SM-4AD5E,Normal_GTEX,1,0,2,1,3,2,2,4,2,3,2,2,4,1,2,5,3,3
TCGA-E2-A14O-01,LumB,2,0,1,2,0,1,3,0,1,4,0,1,5,6,1,6,2,2
TCGA-E2-A1L7-11,Normal_TCGA,1,0,1,1,0,1,1,0,1,1,0,1,2,6,1,3,2,2
TCGA-A7-A0D9-01,LumA,2,0,1,2,0,1,3,0,1,4,0,1,5,6,1,6,2,2
GTEX-ZAJG-3126-SM-5HL9J,Normal_GTEX,3,1,0,3,2,3,4,3,0,5,4,5,6,3,6,7,4,4
GTEX-11TUW-0006-SM-5LZW2,Normal_GTEX,3,1,0,4,2,3,5,2,3,6,5,4,7,2,4,8,1,1
GTEX-131XH-2226-SM-5DUXJ,Normal_GTEX,1,0,2,1,3,2,2,4,2,2,1,3,3,4,3,4,7,7
GTEX-Y8E4-0008-SM-4V6FW,Normal_GTEX,3,2,2,4,1,0,5,1,3,6,1,4,7,0,0,8,5,5
GTEX-OHPK-0226-SM-3MJH6,Normal_GTEX,1,2,2,1,1,0,1,1,4,1,1,0,2,0,5,3,6,6
GTEX-TML8-0008-SM-4DXUI,Normal_GTEX,3,2,2,4,1,0,5,1,3,6,1,4,7,0,0,8,5,5
TCGA-AO-A0JJ-01,LumA,2,0,1,2,0,1,3,0,1,4,0,1,5,6,1,6,2,2
GTEX-13OVI-0526-SM-5IFFQ,Normal_GTEX,1,0,2,1,3,2,2,4,2,3,2,2,4,1,2,5,3,3
GTEX-14C5O-1726-SM-5RQI9,Normal_GTEX,1,2,2,1,1,0,1,1,4,1,3,0,1,5,5,1,0,0
GTEX-13N1W-1026-SM-5IJC5,Normal_GTEX,1,2,2,1,1,0,1,1,4,1,3,0,2,5,0,2,0,0
GTEX-11PRG-0826-SM-5EQ6A,Normal_GTEX,1,0,2,1,3,2,1,4,2,1,1,0,2,6,5,3,2,6
GTEX-WVJS-0008-SM-4MVPC,Normal_GTEX,3,2,2,4,1,0,5,1,3,6,1,4,7,2,0,8,5,5
TCGA-E9-A1RE-01,LumB,2,0,1,2,0,1,3,0,1,4,0,1,5,6,1,6,2,2
GTEX-WK11-1026-SM-4OOS8,Normal_GTEX,1,0,2,1,3,2,2,4,2,2,1,3,3,4,3,4,7,7
GTEX-XQ3S-2526-SM-4BOOG,Normal_GTEX,1,0,2,1,3,2,1,4,2,1,2,2,1,1,2,1,3,3
GTEX-11XUK-1326-SM-5EQM4,Normal_GTEX,1,0,2,1,3,2,2,4,2,2,1,3,3,4,3,4,7,7
GTEX-13FLV-1326-SM-5L3EJ,Normal_GTEX,1,2,2,1,1,0,1,1,4,1,3,0,1,5,5,1,0,0
GTEX-13D11-2126-SM-5IFH2,Normal_GTEX,1,0,2,1,3,2,2,4,2,3,2,2,4,1,2,5,3,3
GTEX-13O3P-0726-SM-5J2OM,Normal_GTEX,1,0,2,1,3,2,1,4,2,1,2,2,2,1,2,3,3,3
GTEX-P44G-0011-R1A-SM-2I3FE,Normal_GTEX,3,1,0,3,2,3,4,3,0,5,4,5,6,3,6,7,4,4
GTEX-132NY-2826-SM-5P9G2,Normal_GTEX,1,0,2,1,3,2,1,4,2,1,2,2,1,1,2,1,3,3
GTEX-X585-2426-SM-46MW2,Normal_GTEX,1,0,2,1,3,2,2,4,2,2,1,3,3,4,3,4,7,7
GTEX-1192X-3126-SM-5N9BY,Normal_GTEX,3,1,0,3,2,3,4,3,0,5,4,5,6,3,6,7,4,4
GTEX-13N2G-0011-R1b-SM-5MR3G,Normal_GTEX,3,1,0,3,2,3,4,3,0,5,4,5,6,3,6,7,4,4
GTEX-11ILO-0006-SM-5LZWE,Normal_GTEX,3,1,0,4,2,3,5,2,3,6,5,4,7,2,4,8,1,1
TCGA-AN-A046-01,LumA,2,0,1,2,0,1,3,0,1,4,0,1,5,6,1,6,2,2
GTEX-11DXX-1526-SM-5H115,Normal_GTEX,1,2,2,1,1,0,1,1,4,1,3,0,1,5,5,1,0,0
GTEX-145MN-1426-SM-5SI9H,Normal_GTEX,1,0,2,1,3,2,2,4,2,3,2,2,4,1,2,5,3,3
GTEX-ZV68-0011-R6a-SM-51MSR,Normal_GTEX,3,1,0,3,2,3,4,3,0,5,4,5,6,3,6,7,4,4
GTEX-ZGAY-0226-SM-4WWAL,Normal_GTEX,1,2,2,1,1,0,1,1,4,1,3,0,2,5,0,2,0,0
GTEX-11DYG-1926-SM-5H12I,Normal_GTEX,1,2,2,1,1,0,1,1,4,1,3,0,1,5,5,1,0,0
GTEX-13FXS-0326-SM-5K7TV,Normal_GTEX,1,2,2,1,1,0,1,1,4,1,1,4,2,0,0,2,6,6
GTEX-11EQ9-0526-SM-5A5JZ,Normal_GTEX,1,0,2,1,3,2,2,4,2,3,2,2,4,1,2,5,3,3
GTEX-QVUS-0011-R3A-SM-3GAFD,Normal_GTEX,3,1,0,3,2,3,4,3,0,5,4,5,6,3,6,7,4,4
GTEX-OHPN-0011-R9A-SM-2YUMN,Normal_GTEX,3,1,0,3,2,3,4,3,0,5,4,5,6,3,6,7,4,4
GTEX-1128S-0126-SM-5H12S,Normal_GTEX,1,0,2,1,3,2,1,4,2,1,2,2,2,1,2,3,3,3
GTEX-U3ZN-0826-SM-4DXSZ,Normal_GTEX,1,1,0,1,2,3,2,3,4,3,2,2,4,1,2,5,5,5
GTEX-11ZVC-1426-SM-5EGGA,Normal_GTEX,1,2,2,1,1,0,1,1,4,1,3,0,1,5,0,1,5,5
GTEX-OHPL-0526-SM-3NM8U,Normal_GTEX,1,0,2,1,3,2,2,4,2,3,2,2,4,1,2,5,3,3
GTEX-WHSE-1526-SM-4M1XH,Normal_GTEX,1,0,2,1,3,2,2,4,2,2,1,3,3,4,3,4,7,7
GTEX-13SLW-0011-R1a-SM-5S2W7,Normal_GTEX,3,1,0,3,2,3,4,3,0,5,4,5,6,3,6,7,4,4
GTEX-145MO-1326-SM-5Q5EF,Normal_GTEX,1,0,2,1,3,2,2,4,2,3,2,2,4,1,2,5,3,3
GTEX-ZXES-1926-SM-5E445,Normal_GTEX,1,2,2,1,1,0,1,1,4,1,1,0,2,0,3,3,6,6
GTEX-RWS6-0426-SM-47JXH,Normal_GTEX,1,2,2,1,1,0,1,1,4,1,3,0,1,5,0,1,0,0
GTEX-ZDXO-0226-SM-4WKH7,Normal_GTEX,1,0,2,1,3,2,2,4,2,3,2,2,4,1,2,5,3,3
GTEX-N7MT-0011-R7a-SM-2I3FZ,Normal_GTEX,3,1,0,3,2,3,4,3,0,5,4,5,6,3,6,7,4,4
GTEX-13IVO-0011-R8a-SM-5L3DY,Normal_GTEX,3,1,0,3,2,3,4,3,0,5,4,5,6,3,6,7,4,4
GTEX-Q2AG-0011-R11A-SM-2HMKZ,Normal_GTEX,3,1,0,3,2,3,4,3,0,5,4,5,6,3,6,7,4,4
GTEX-Y8E5-0008-SM-57WBA,Normal_GTEX,3,2,2,4,1,0,5,2,3,6,5,4,7,2,0,8,5,5
GTEX-WOFL-0726-SM-3MJG4,Normal_GTEX,1,0,2,1,3,2,1,4,4,1,2,0,2,1,2,3,3,6
GTEX-144GL-0011-R5b-SM-5PNUJ,Normal_GTEX,3,1,0,3,2,3,4,3,0,5,4,5,6,3,6,7,4,4
GTEX-XPVG-0326-SM-4B653,Normal_GTEX,1,0,2,1,3,2,2,4,2,3,2,2,4,1,2,5,3,3
GTEX-UPIC-0926-SM-4IHLV,Normal_GTEX,1,0,2,1,3,2,2,4,2,3,2,2,4,1,2,5,3,3
GTEX-144GO-1326-SM-5Q5EL,Normal_GTEX,1,2,2,1,1,0,1,1,4,1,1,4,2,0,0,2,6,6
GTEX-ZV6S-2026-SM-5NQ8P,Normal_GTEX,1,2,2,1,1,0,1,1,4,1,3,0,1,5,0,1,0,0
GTEX-ZVT4-0626-SM-5E45T,Normal_GTEX,1,0,2,1,3,2,2,4,2,3,2,2,4,1,2,5,3,3
GTEX-144GL-0426-SM-5QGOZ,Normal_GTEX,1,2,2,1,1,0,1,1,4,1,1,0,2,0,3,3,6,6
GTEX-ZVTK-0826-SM-5GZXI,Normal_GTEX,1,2,2,1,1,0,1,1,4,1,1,0,2,0,3,3,6,6
GTEX-14BIM-0426-SM-5SI9N,Normal_GTEX,1,2,2,1,1,0,1,1,4,1,1,0,2,0,3,3,6,6
GTEX-ZYT6-0826-SM-5E43I,Normal_GTEX,1,2,2,1,1,0,1,1,4,1,3,0,1,5,0,1,0,0
GTEX-1314G-1826-SM-5LZVA,Normal_GTEX,1,2,2,1,1,0,1,1,4,1,1,0,2,0,3,3,6,6
GTEX-OIZH-0626-SM-3NB1L,Normal_GTEX,1,0,2,1,3,2,2,4,2,2,1,3,3,4,3,4,7,7
GTEX-14E6C-0005-SM-5O98N,Normal_GTEX,3,1,0,4,2,3,5,2,3,6,5,4,7,2,4,8,1,1
GTEX-PLZ6-1226-SM-3P5ZS,Normal_GTEX,1,0,0,1,3,2,2,4,2,3,2,5,4,1,6,5,3,4
TCGA-AO-A0JF-01,LumA,2,0,1,2,0,1,3,0,1,4,0,1,5,6,1,6,2,2
TCGA-A2-A0T0-01,Basal,2,0,1,2,0,1,3,0,1,4,0,1,5,6,1,6,2,2
GTEX-13CF2-2426-SM-5LZYL,Normal_GTEX,1,0,2,1,3,1,2,4,1,3,1,1,4,4,1,5,3,2
GTEX-T2YK-0008-SM-4DM6M,Normal_GTEX,3,2,2,4,1,0,5,2,3,6,5,4,7,2,0,8,5,5
GTEX-11P82-1126-SM-5BC5K,Normal_GTEX,1,0,2,1,3,2,1,4,2,1,2,2,1,1,2,1,3,3
GTEX-WYJK-1526-SM-4ONCW,Normal_GTEX,1,2,2,1,3,0,1,4,4,1,2,0,1,1,5,1,3,0
GTEX-13X6K-2126-SM-5O9D4,Normal_GTEX,1,0,2,1,3,2,2,4,2,2,1,3,3,4,3,4,7,7
GTEX-WHPG-2626-SM-3NMBR,Normal_GTEX,1,0,2,1,3,2,2,4,2,2,1,3,3,4,3,4,7,7
GTEX-ZPU1-0008-SM-4E3IR,Normal_GTEX,3,2,2,4,1,0,5,2,3,6,5,4,7,2,0,8,5,5
GTEX-144GN-1626-SM-5Q5BU,Normal_GTEX,1,0,0,1,3,2,2,3,2,3,4,5,4,3,6,5,4,4
GTEX-12WSK-0726-SM-5LZUV,Normal_GTEX,1,2,2,1,1,0,1,1,4,1,3,0,1,5,0,1,0,0
GTEX-132QS-0126-SM-5IFH9,Normal_GTEX,1,2,0,1,1,3,2,1,4,3,2,2,4,1,2,5,5,5
TCGA-A8-A07P-01,LumA,2,0,1,2,0,1,3,0,1,4,0,1,5,6,1,6,2,2
GTEX-PLZ5-0826-SM-3P5ZW,Normal_GTEX,1,2,2,1,1,0,1,1,4,1,3,0,1,5,5,1,0,0
TCGA-A7-A3J0-01,LumA,2,0,1,2,0,1,3,0,1,4,0,1,5,6,1,6,2,2
GTEX-WOFM-0726-SM-3MJF8,Normal_GTEX,1,2,2,1,1,0,1,1,4,1,3,0,1,5,5,1,0,0
GTEX-POYW-0426-SM-2XCEV,Normal_GTEX,1,2,2,1,1,0,1,1,4,1,1,0,2,0,3,3,6,6
GTEX-144GL-0011-R3a-SM-5P9HP,Normal_GTEX,3,1,0,3,2,3,4,3,0,5,4,5,6,3,6,7,4,4
GTEX-XV7Q-1526-SM-4BRWB,Normal_GTEX,1,0,2,1,3,0,1,4,4,1,3,0,1,5,5,1,5,0
GTEX-14BIN-0005-SM-5N9FE,Normal_GTEX,3,1,0,4,2,3,5,2,3,6,5,4,7,2,4,8,1,1
GTEX-1211K-2426-SM-59HL8,Normal_GTEX,1,2,2,1,1,0,1,1,4,1,3,0,1,5,0,1,0,0
GTEX-R55E-0011-R9A-SM-2TC6C,Normal_GTEX,3,1,0,3,2,3,4,3,0,5,4,5,6,3,6,7,4,4
GTEX-13IVO-0426-SM-5LZY7,Normal_GTEX,1,2,2,1,1,0,1,1,4,1,1,0,2,0,3,3,6,6
GTEX-13X6J-0011-R11a-SM-5P9HE,Normal_GTEX,3,1,0,3,2,3,4,3,0,5,4,5,6,3,6,7,4,4
GTEX-R55F-1226-SM-2TF59,Normal_GTEX,3,1,0,3,2,3,4,3,0,5,4,5,6,3,6,7,4,4
GTEX-11EQ9-0006-SM-5LUB6,Normal_GTEX,3,1,0,4,2,3,5,2,3,6,5,4,7,2,4,8,1,1
GTEX-QEL4-0526-SM-3GIJ4,Normal_GTEX,1,2,2,1,1,0,1,1,4,1,3,0,1,5,0,1,0,0
GTEX-XOT4-0426-SM-4B66T,Normal_GTEX,1,2,2,1,1,0,1,1,4,1,3,0,1,5,0,1,0,0
GTEX-11EI6-0226-SM-5EQ64,Normal_GTEX,1,2,2,1,1,0,1,1,4,1,1,0,2,0,5,3,6,6
GTEX-14C5O-1426-SM-5RQI8,Normal_GTEX,1,2,2,1,1,0,1,1,4,1,3,0,1,5,0,1,0,0
GTEX-REY6-1126-SM-48FDU,Normal_GTEX,1,2,2,1,1,0,1,1,4,1,3,0,1,5,0,1,0,0
GTEX-WI4N-1126-SM-3LK7Q,Normal_GTEX,1,2,2,1,1,0,1,1,4,1,1,0,2,0,5,3,6,6
GTEX-XYKS-0226-SM-4BRW3,Normal_GTEX,1,2,2,1,1,0,1,1,4,1,3,0,2,5,0,2,0,0
GTEX-X4XY-1726-SM-46MVO,Normal_GTEX,1,0,2,1,3,2,2,4,2,2,1,3,3,4,3,4,7,7
TCGA-C8-A26Y-01,Her2,2,0,1,2,0,1,3,0,1,4,0,1,5,6,1,6,2,2
GTEX-ZTPG-0326-SM-5O9AX,Normal_GTEX,1,0,2,1,3,2,2,4,2,2,1,3,3,4,3,4,7,7
GTEX-ZF2S-0008-SM-4E3IK,Normal_GTEX,3,2,2,4,1,0,5,2,3,6,5,4,7,2,0,8,5,5
GTEX-13CZV-0011-R11b-SM-5N9FN,Normal_GTEX,3,1,0,3,2,3,4,3,0,5,4,5,6,3,6,7,4,4
GTEX-WQUQ-1626-SM-4OOSH,Normal_GTEX,1,0,2,1,3,2,2,4,2,2,1,3,3,4,3,4,7,7
GTEX-144GO-0011-R5a-SM-5PNUR,Normal_GTEX,3,1,0,3,2,3,4,3,0,5,4,5,6,3,6,7,4,4
GTEX-11NV4-1726-SM-5N9FC,Normal_GTEX,1,0,0,1,3,2,2,3,2,3,4,5,4,3,6,5,4,4
GTEX-N7MT-0011-R3a-SM-2I3GC,Normal_GTEX,3,1,0,3,2,3,4,3,0,5,4,5,6,3,6,7,4,4
GTEX-ZVT3-2126-SM-59HL2,Normal_GTEX,1,0,2,1,3,2,2,4,2,3,2,2,4,1,2,5,3,3
GTEX-XYKS-1626-SM-4BRUQ,Normal_GTEX,1,2,2,1,1,0,1,1,4,1,3,0,1,5,5,1,0,0
GTEX-SIU7-1426-SM-4BRWT,Normal_GTEX,1,0,2,1,3,0,2,4,4,3,2,2,4,1,2,5,3,3
GTEX-132Q8-0011-R10b-SM-5DUWZ,Normal_GTEX,3,1,0,3,2,3,4,3,0,5,4,5,6,3,6,7,4,4
GTEX-13PL6-0011-R9b-SM-5O9CH,Normal_GTEX,3,1,0,3,2,3,4,3,0,5,4,5,6,3,6,7,4,4
GTEX-ZVP2-1726-SM-5GU5P,Normal_GTEX,1,0,2,1,3,2,2,4,2,3,2,2,4,1,2,5,3,3
GTEX-139T6-0526-SM-5IJC9,Normal_GTEX,1,2,2,1,1,0,1,1,4,1,2,0,2,1,5,3,6,6
GTEX-YFC4-2626-SM-5P9FQ,Normal_GTEX,1,0,2,1,3,2,1,4,2,1,2,2,2,1,2,3,3,3
GTEX-WYVS-1726-SM-3NMAY,Normal_GTEX,1,0,2,1,3,2,1,4,2,1,0,0,2,6,5,3,2,6
GTEX-11NV4-0326-SM-5HL58,Normal_GTEX,1,2,2,1,1,0,1,1,4,1,1,4,2,0,0,2,6,6
GTEX-12WSA-0326-SM-5BC6I,Normal_GTEX,1,2,2,1,1,0,1,1,4,1,1,0,2,0,5,3,6,6
TCGA-A7-A26F-01,Basal,2,0,1,2,0,1,3,0,1,4,0,1,5,6,1,6,2,2
GTEX-Y3IK-1626-SM-4YCF5,Normal_GTEX,1,0,2,1,3,2,2,4,2,2,1,3,3,4,3,4,7,7
GTEX-13NZA-0326-SM-5J1MK,Normal_GTEX,1,2,2,1,1,0,1,1,4,1,1,0,2,0,3,3,6,6
GTEX-Y3I4-2026-SM-4TT6Z,Normal_GTEX,1,0,0,1,3,2,2,4,2,3,2,5,4,1,6,5,3,4
GTEX-ZYVF-1726-SM-5E443,Normal_GTEX,1,0,2,1,3,2,2,4,2,3,2,2,4,1,2,5,3,3
GTEX-WH7G-2626-SM-3NMBE,Normal_GTEX,1,2,2,1,1,0,1,1,4,1,1,0,2,0,3,3,6,6
GTEX-S341-0126-SM-4AD64,Normal_GTEX,1,2,2,1,1,3,2,1,4,3,2,2,4,1,2,5,3,5
GTEX-XOT4-0326-SM-4B66S,Normal_GTEX,1,2,2,1,3,0,1,4,4,1,1,0,2,0,3,3,6,6
TCGA-BH-A1EV-01,Her2,2,0,1,2,0,1,3,0,1,4,0,1,5,6,1,6,2,2
GTEX-WFON-2326-SM-3LK7M,Normal_GTEX,1,2,2,1,1,0,1,1,4,1,1,4,2,0,0,2,6,6
GTEX-1192X-0726-SM-5987R,Normal_GTEX,1,2,2,1,1,0,1,1,4,1,3,0,2,5,0,2,0,0
GTEX-XPT6-2026-SM-4B64V,Normal_GTEX,1,2,2,1,1,0,1,1,4,1,1,4,2,0,0,2,6,6
TCGA-AO-A03V-01,LumA,2,0,1,2,0,1,3,0,1,4,0,1,5,6,1,6,2,2
GTEX-QMR6-0011-R11A-SM-32PKK,Normal_GTEX,3,1,0,3,2,3,4,3,0,5,4,5,6,3,6,7,4,4
GTEX-WK11-0006-SM-3NB3J,Normal_GTEX,3,1,0,4,2,3,5,2,3,6,5,4,7,2,4,8,1,1
GTEX-ZAK1-2326-SM-5CVMY,Normal_GTEX,1,0,2,1,3,2,2,4,2,3,2,2,4,1,2,5,3,3
GTEX-ZVZQ-0826-SM-51MRF,Normal_GTEX,1,0,2,1,3,2,1,4,2,1,1,0,2,0,5,3,6,6
GTEX-WY7C-1826-SM-4ONCE,Normal_GTEX,1,0,2,1,3,2,2,4,2,3,2,2,4,1,2,5,3,3
GTEX-11P82-0426-SM-5HL5D,Normal_GTEX,1,2,2,1,1,0,1,1,4,1,3,0,1,5,5,1,0,0
GTEX-13PL7-2026-SM-5IFGK,Normal_GTEX,1,2,2,1,1,0,1,1,4,1,3,0,1,5,5,1,0,0
GTEX-1128S-2126-SM-5H12U,Normal_GTEX,1,2,2,1,1,0,1,1,4,1,1,0,2,0,5,3,6,6
GTEX-QV44-1126-SM-4R1KO,Normal_GTEX,1,0,2,1,3,2,2,4,2,2,1,3,3,4,3,4,7,7
GTEX-13NZ9-1326-SM-5MR3V,Normal_GTEX,1,1,2,1,3,2,2,4,2,3,2,2,4,1,2,5,3,3
GTEX-14C39-2426-SM-5S2U5,Normal_GTEX,1,2,2,1,1,0,1,1,4,1,1,4,2,0,0,2,6,6
GTEX-111YS-1826-SM-5GIEP,Normal_GTEX,1,2,2,1,1,0,1,1,4,1,3,0,1,5,5,1,0,0
GTEX-ZDYS-2226-SM-5S2MI,Normal_GTEX,1,2,2,1,1,0,1,1,4,1,3,0,2,0,5,3,6,6
GTEX-W5X1-0001-SM-3P61V,Normal_GTEX,3,1,0,4,2,3,5,2,3,6,5,4,7,2,4,8,1,1
GTEX-145MH-2826-SM-5RQJF,Normal_GTEX,1,0,2,1,3,2,2,4,2,2,1,3,3,4,3,4,7,7
GTEX-PWOO-0526-SM-2S1Q3,Normal_GTEX,1,2,2,1,1,0,1,1,4,1,3,0,2,5,0,2,0,0
GTEX-13W46-0726-SM-5LU3Z,Normal_GTEX,1,2,2,1,1,0,1,1,4,1,1,4,2,0,0,2,6,6
GTEX-R53T-0008-SM-48FEW,Normal_GTEX,3,2,2,4,1,0,5,1,3,6,3,4,7,5,0,8,5,5
GTEX-XPT6-1626-SM-4B655,Normal_GTEX,1,0,0,1,3,2,2,3,2,3,4,5,4,3,6,5,4,4
GTEX-ZDXO-0011-R8a-SM-4WWD7,Normal_GTEX,3,1,0,3,2,3,4,3,0,5,4,5,6,3,6,7,4,4
GTEX-14B4R-0526-SM-5QGQT,Normal_GTEX,1,2,2,1,1,0,1,1,4,1,2,0,2,5,5,3,0,6
GTEX-11EMC-3226-SM-5EGKW,Normal_GTEX,3,1,0,3,2,3,4,3,0,5,4,5,6,3,6,7,4,4
GTEX-13OVJ-1426-SM-5K7Z2,Normal_GTEX,1,2,2,1,1,0,1,1,4,1,3,0,1,5,5,1,0,0
GTEX-SIU7-1726-SM-2XCDZ,Normal_GTEX,1,2,2,1,1,0,1,1,4,1,1,0,2,0,5,3,6,6
GTEX-ZQG8-1526-SM-5HL65,Normal_GTEX,1,2,2,1,1,0,1,1,4,1,1,0,2,0,5,3,6,6
GTEX-P44G-0011-R3A-SM-2I3FC,Normal_GTEX,3,1,0,3,2,3,4,3,0,5,4,5,6,3,6,7,4,4
GTEX-12ZZW-0011-R10b-SM-5HL9X,Normal_GTEX,3,1,0,3,2,3,4,3,0,5,4,5,6,3,6,7,4,4
TCGA-E9-A1R7-11,Normal_TCGA,1,0,1,1,0,1,1,0,1,1,0,1,2,6,1,3,2,2
GTEX-S7SF-0526-SM-3K2BC,Normal_GTEX,1,2,2,1,1,0,1,1,4,1,3,0,2,5,0,2,0,0
GTEX-13111-0926-SM-5DUVQ,Normal_GTEX,1,2,2,1,1,0,1,1,4,1,3,0,1,5,5,1,0,0
GTEX-12WSE-0011-R6b-SM-5LZV5,Normal_GTEX,3,1,0,3,2,3,4,3,0,5,4,5,6,3,6,7,4,4
TCGA-AO-A125-01,LumA,2,0,1,2,0,1,3,0,1,4,0,1,5,6,1,6,2,2
GTEX-13D11-0726-SM-5LZZB,Normal_GTEX,1,0,2,1,3,2,2,4,2,3,2,2,4,1,2,5,3,3
GTEX-113JC-2726-SM-5EGIS,Normal_GTEX,1,2,2,1,1,0,1,1,4,1,1,4,2,0,0,2,6,6
TCGA-E2-A15E-01,LumA,2,0,1,2,0,1,3,0,1,4,0,1,5,6,1,6,2,2
GTEX-ZYFG-1826-SM-5GZWX,Normal_GTEX,1,2,2,1,1,0,1,1,4,1,3,0,1,5,5,1,0,0
GTEX-OOBK-0625-SM-3LK5P,Normal_GTEX,1,0,2,1,3,2,2,4,2,2,1,3,3,4,3,4,7,7
GTEX-O5YW-0526-SM-2YUMX,Normal_GTEX,1,0,2,1,3,2,2,4,2,3,2,2,4,1,2,5,3,3
GTEX-13FHP-0011-R1b-SM-5K7XL,Normal_GTEX,3,1,0,3,2,3,4,3,0,5,4,5,6,3,6,7,4,4
GTEX-WOFM-1326-SM-3MJFR,Normal_GTEX,1,2,2,1,1,0,1,1,4,1,1,4,2,0,0,2,6,6
GTEX-11EMC-1726-SM-5H11P,Normal_GTEX,1,2,2,1,1,0,1,1,4,1,3,0,1,5,0,1,5,5
TCGA-E2-A15D-01,LumA,2,0,1,2,0,1,3,0,1,4,0,1,5,6,1,6,2,2
GTEX-XMD1-0011-R10A-SM-4AT4A,Normal_GTEX,3,1,0,3,2,3,4,3,0,5,4,5,6,3,6,7,4,4
GTEX-ZDYS-2526-SM-4WKGU,Normal_GTEX,1,0,2,1,3,2,2,4,2,3,2,2,4,1,2,5,3,3
GTEX-146FQ-0926-SM-5LUAV,Normal_GTEX,1,0,2,1,3,2,2,4,2,3,2,2,4,1,2,5,3,3
GTEX-X5EB-1126-SM-46MVV,Normal_GTEX,1,0,2,1,3,2,2,4,2,3,2,2,4,1,2,5,3,3
GTEX-12WSK-1326-SM-5CVNM,Normal_GTEX,1,2,2,1,1,0,1,1,4,1,3,0,1,5,5,1,0,0
GTEX-N7MT-1926-SM-3LK5N,Normal_GTEX,1,0,2,1,3,2,2,4,2,2,1,3,3,4,3,4,7,7
GTEX-UJMC-0008-SM-4IHKK,Normal_GTEX,3,2,2,4,1,0,5,2,3,6,5,4,7,2,0,8,5,5
TCGA-A7-A13F-01,LumB,2,0,1,2,0,1,3,0,1,4,0,1,5,6,1,6,2,2
GTEX-OIZH-0326-SM-2HMKC,Normal_GTEX,1,2,2,1,1,0,1,1,4,1,3,0,2,5,0,2,0,0
GTEX-ZC5H-0005-SM-4WAXM,Normal_GTEX,3,1,0,4,2,3,5,2,3,6,5,4,7,2,4,8,1,1
GTEX-ZT9X-1526-SM-5DUXD,Normal_GTEX,1,0,2,1,3,2,2,4,2,2,1,3,3,4,3,4,7,7
GTEX-YB5K-0426-SM-5LUA4,Normal_GTEX,1,2,2,1,1,0,1,1,4,1,3,0,2,5,0,3,0,0
GTEX-11TT1-0526-SM-5P9JO,Normal_GTEX,1,0,2,1,3,2,2,4,2,2,1,3,3,4,3,4,7,7
GTEX-12WSJ-0526-SM-5GCOZ,Normal_GTEX,1,1,0,1,2,3,2,4,3,3,2,2,4,1,2,5,3,3
GTEX-PWN1-0126-SM-2I3FK,Normal_GTEX,1,0,2,1,3,2,2,4,2,2,1,3,3,4,3,4,7,7
TCGA-D8-A1J9-01,LumB,2,0,1,2,0,1,3,0,1,4,0,1,5,6,1,6,2,2
GTEX-12WSD-0011-R3b-SM-5LZWN,Normal_GTEX,3,1,0,3,2,3,4,3,0,5,4,5,6,3,6,7,4,4
GTEX-1445S-1126-SM-5QGOW,Normal_GTEX,1,2,2,1,1,0,1,1,4,1,3,0,2,5,0,3,0,0
GTEX-14C38-2126-SM-5RQJO,Normal_GTEX,1,0,2,1,3,2,2,4,2,2,1,3,3,4,3,4,7,7
GTEX-WZTO-0011-R8A-SM-4E3II,Normal_GTEX,3,1,0,3,2,3,4,3,0,5,4,5,6,3,6,7,4,4
GTEX-145LT-1926-SM-5QGP5,Normal_GTEX,1,2,2,1,1,0,1,1,4,1,3,0,2,0,3,3,6,6
GTEX-13FTY-0626-SM-5L3F8,Normal_GTEX,1,2,2,1,1,0,1,1,4,1,1,0,2,0,5,3,6,6
GTEX-XXEK-1726-SM-4BRVB,Normal_GTEX,1,0,2,1,3,2,2,4,2,3,2,2,4,1,2,5,3,3
GTEX-ZPU1-0526-SM-4YCDA,Normal_GTEX,1,2,2,1,1,0,1,1,4,1,3,0,1,5,0,1,0,0
TCGA-AO-A0J9-01,LumA,2,0,1,2,0,1,3,0,1,4,0,1,5,6,1,6,2,2
GTEX-Y3IK-2426-SM-4WWDU,Normal_GTEX,1,0,2,1,3,2,2,4,2,2,1,3,3,4,3,4,7,7
GTEX-SNOS-1026-SM-4DM4Y,Normal_GTEX,1,0,2,1,3,2,1,4,2,1,2,2,1,1,2,1,3,3
GTEX-ZF29-1726-SM-4WKFV,Normal_GTEX,1,2,2,1,1,0,1,1,4,1,3,0,1,5,5,1,0,0
GTEX-YFCO-1926-SM-4W212,Normal_GTEX,1,2,2,1,1,0,1,1,4,1,1,4,2,0,0,2,6,6
GTEX-13CF3-0726-SM-5J2MY,Normal_GTEX,1,2,2,1,1,0,1,1,4,1,3,0,2,5,0,2,0,0
TCGA-C8-A12M-01,LumB,2,0,1,2,0,1,3,0,1,4,0,1,5,6,1,6,2,2
GTEX-139UC-1426-SM-5IJGH,Normal_GTEX,1,0,2,1,3,2,2,4,2,3,2,2,4,1,2,5,3,3
GTEX-146FQ-1926-SM-5NQBY,Normal_GTEX,1,0,2,1,3,2,2,4,2,3,2,2,4,1,2,5,3,3
GTEX-Y8E4-1326-SM-5IFIY,Normal_GTEX,1,0,2,1,3,2,2,4,2,3,2,2,4,1,2,5,3,3
GTEX-PLZ5-1626-SM-3NB21,Normal_GTEX,1,2,2,1,1,0,1,1,4,1,1,0,2,0,3,3,6,6
GTEX-ZGAY-0926-SM-4WWBQ,Normal_GTEX,1,2,2,1,1,0,1,1,4,1,3,0,1,5,0,1,0,0
GTEX-13FXS-0011-R9a-SM-5K7UI,Normal_GTEX,3,1,0,3,2,3,4,3,0,5,4,5,6,3,6,7,4,4
GTEX-12KS4-1326-SM-5LUB3,Normal_GTEX,1,0,2,1,3,2,2,4,2,3,2,2,4,1,2,5,3,3
TCGA-C8-A26V-01,LumB,2,0,1,2,0,1,3,0,1,4,0,1,5,6,1,6,2,2
GTEX-13O3Q-0011-R10b-SM-5KM39,Normal_GTEX,3,1,0,3,2,3,4,3,0,5,4,5,6,3,6,7,4,4
GTEX-131YS-0011-R4a-SM-5DUVL,Normal_GTEX,3,1,0,3,2,3,4,3,0,5,4,5,6,3,6,7,4,4
GTEX-13N2G-0011-R10a-SM-5MR34,Normal_GTEX,3,1,0,3,2,3,4,3,0,5,4,5,6,3,6,7,4,4
GTEX-ZYFC-0826-SM-5E44K,Normal_GTEX,1,2,2,1,1,0,1,1,4,1,1,0,2,0,5,3,6,6
GTEX-WOFL-0006-SM-3TW8K,Normal_GTEX,3,1,0,4,2,3,5,2,3,6,5,4,7,2,4,8,1,1
GTEX-145ME-0426-SM-5S2QP,Normal_GTEX,1,0,2,1,3,2,1,4,2,1,3,2,1,5,5,1,0,0
TCGA-BH-A1FM-01,LumB,2,0,1,2,0,1,3,0,1,4,0,1,5,6,1,6,2,2
GTEX-S33H-0826-SM-4AD5Y,Normal_GTEX,1,0,2,1,3,2,2,4,2,2,1,3,3,4,3,4,7,7
GTEX-14DAQ-1326-SM-5RQIM,Normal_GTEX,1,2,2,1,1,0,1,1,4,1,3,0,1,5,0,1,0,0
GTEX-13OW8-0011-R6b-SM-5L3I3,Normal_GTEX,3,1,0,3,2,3,4,3,0,5,4,5,6,3,6,7,4,4
TCGA-D8-A1XK-01,Basal,2,0,1,2,0,1,3,0,1,4,0,1,5,6,1,6,2,2
TCGA-BH-A0HF-01,LumA,2,0,1,2,0,1,3,0,1,4,0,1,5,6,1,6,2,2
GTEX-13FLV-0011-R4a-SM-5LZYU,Normal_GTEX,3,1,0,3,2,3,4,3,0,5,4,5,6,3,6,7,4,4
GTEX-ZVZQ-0011-R10b-SM-51MRT,Normal_GTEX,3,1,0,3,2,3,4,3,0,5,4,5,6,3,6,7,4,4
GTEX-11WQK-1826-SM-5EQM2,Normal_GTEX,1,2,2,1,1,0,1,1,4,1,3,0,1,5,5,1,0,0
TCGA-E2-A15S-01,LumB,2,0,1,2,0,1,3,0,1,4,0,1,5,6,1,6,2,2
GTEX-144GN-2126-SM-5O99D,Normal_GTEX,1,1,0,1,2,3,2,4,3,3,2,2,4,1,2,5,3,3
GTEX-QMRM-1726-SM-2S1QG,Normal_GTEX,1,2,2,1,1,0,1,1,4,1,1,0,2,0,5,3,6,6
GTEX-QMRM-1626-SM-4R1KV,Normal_GTEX,1,2,2,1,1,0,1,1,4,1,1,0,2,0,5,3,6,6
GTEX-145ME-0526-SM-5QGQV,Normal_GTEX,1,0,2,1,3,2,2,4,2,2,1,3,3,4,3,4,7,7
GTEX-OXRO-0126-SM-2YUN4,Normal_GTEX,1,0,2,1,3,2,2,4,2,2,1,3,3,4,3,4,7,7
GTEX-ZYWO-2526-SM-5GIDM,Normal_GTEX,1,2,2,1,1,0,1,1,4,1,1,0,2,0,5,3,6,6
GTEX-13O3P-0826-SM-5L3DH,Normal_GTEX,1,0,2,1,3,2,1,4,2,1,1,0,2,5,5,3,0,6
GTEX-U3ZG-0008-SM-47JWL,Normal_GTEX,3,2,2,4,1,0,5,1,3,6,1,4,7,0,0,8,5,5
GTEX-11WQK-0226-SM-5EQLI,Normal_GTEX,1,2,2,1,1,0,1,1,4,1,3,0,2,5,0,2,0,0
GTEX-131XH-0011-R1a-SM-5DUWA,Normal_GTEX,3,1,0,3,2,3,4,3,0,5,4,5,6,3,6,7,4,4
TCGA-A8-A09T-01,LumA,2,0,1,2,0,1,3,0,1,4,0,1,5,6,1,6,2,2
GTEX-1212Z-2026-SM-5N9EA,Normal_GTEX,1,2,2,1,1,0,1,1,4,1,3,0,1,5,5,1,0,0
GTEX-ZAB4-1826-SM-5HL8O,Normal_GTEX,1,2,2,1,3,0,1,4,4,1,1,0,2,0,3,3,6,6
GTEX-S32W-0626-SM-2XCBG,Normal_GTEX,1,2,2,1,1,0,1,1,4,1,3,0,2,5,0,2,0,0
GTEX-ZA64-2026-SM-5PNXT,Normal_GTEX,1,2,2,1,1,0,1,1,4,1,1,4,2,0,0,2,6,6
GTEX-WYBS-0626-SM-3NMAS,Normal_GTEX,1,0,2,1,3,2,2,4,2,2,1,3,3,4,3,4,7,7
GTEX-N7MS-0008-SM-4E3JI,Normal_GTEX,3,2,2,4,1,0,5,2,3,6,5,4,7,2,0,8,5,5
TCGA-D8-A1X9-01,LumA,2,0,1,2,0,1,3,0,1,4,0,1,5,6,1,6,2,2
GTEX-P4PP-1526-SM-3P61M,Normal_GTEX,1,0,2,1,3,2,2,4,2,3,2,2,4,1,2,5,3,3
GTEX-12696-1726-SM-5EQLH,Normal_GTEX,1,0,2,1,3,2,2,4,2,3,2,2,4,1,2,5,3,3
GTEX-145MH-0426-SM-5LU8T,Normal_GTEX,1,0,2,1,3,2,1,4,2,1,2,2,2,1,2,3,3,3
GTEX-ZLWG-0126-SM-4WWC5,Normal_GTEX,1,2,2,1,1,3,2,1,4,3,2,2,4,1,2,5,3,5
GTEX-14753-1626-SM-5NQ9L,Normal_GTEX,1,0,2,1,3,2,2,4,2,3,2,2,4,1,2,5,3,3
TCGA-A8-A09C-01,LumB,2,0,1,2,0,1,3,0,1,4,0,1,5,6,1,6,2,2
GTEX-P44H-0011-R10A-SM-2XCEK,Normal_GTEX,3,1,0,3,2,3,4,3,0,5,4,5,6,3,6,7,4,4
GTEX-ZDYS-0926-SM-4WWCS,Normal_GTEX,1,2,2,1,1,0,1,1,4,1,3,0,1,5,5,1,0,0
GTEX-XMK1-0001-SM-4B64F,Normal_GTEX,3,1,0,4,2,3,5,2,3,6,5,4,7,2,4,8,1,1
GTEX-13OW7-0011-R4b-SM-5O9CX,Normal_GTEX,3,1,0,3,2,3,4,3,0,5,4,5,6,3,6,7,4,4
GTEX-146FQ-1726-SM-5QGPX,Normal_GTEX,1,0,2,1,3,2,1,4,2,1,2,2,1,1,2,1,3,3
GTEX-YEC3-2126-SM-5CVLR,Normal_GTEX,1,2,2,1,1,0,1,1,4,1,1,4,2,0,0,2,6,6
GTEX-14BIL-2426-SM-5QGQR,Normal_GTEX,1,2,2,1,1,0,1,1,4,1,2,0,2,0,5,3,6,6
GTEX-13OVH-0011-R6b-SM-5LUAX,Normal_GTEX,3,1,0,3,2,3,4,3,0,5,4,5,6,3,6,7,4,4
TCGA-D8-A1XG-01,LumA,2,0,1,2,0,1,3,0,1,4,0,1,5,6,1,6,2,2
TCGA-GM-A2DK-01,LumA,2,0,1,2,0,1,3,0,1,4,0,1,5,6,1,6,2,2
TCGA-BH-A1FC-01,Basal,2,1,1,2,0,1,3,0,1,4,0,1,5,6,1,6,2,2
GTEX-P4QS-0005-SM-2I3EY,Normal_GTEX,3,1,0,4,2,3,5,2,3,6,5,4,7,2,4,8,1,1
GTEX-13NYS-0011-R9b-SM-5MR44,Normal_GTEX,3,1,0,3,2,3,4,3,0,5,4,5,6,3,6,7,4,4
GTEX-RU72-0011-R10A-SM-2TF6D,Normal_GTEX,3,1,0,3,2,3,4,3,0,5,4,5,6,3,6,7,4,4
TCGA-A7-A0DC-01,LumA,2,0,1,2,0,1,3,0,1,4,0,1,5,6,1,6,2,2
GTEX-12BJ1-0926-SM-5EQ62,Normal_GTEX,1,0,2,1,3,2,2,4,2,2,1,3,3,4,3,4,7,7
GTEX-13OVJ-2826-SM-5L3GW,Normal_GTEX,3,1,0,3,2,3,4,3,0,5,4,5,6,3,6,7,4,4
GTEX-13JUV-2426-SM-5J1NS,Normal_GTEX,1,2,2,1,1,0,1,1,4,1,3,0,1,5,0,1,0,0
GTEX-11GSO-3026-SM-5Q5AL,Normal_GTEX,3,1,0,3,2,3,4,3,0,5,4,5,6,3,6,7,4,4
GTEX-147F3-0826-SM-5NQA7,Normal_GTEX,1,0,2,1,3,2,2,4,2,2,1,3,3,4,3,4,7,7
GTEX-WHSE-0011-R1A-SM-3P5ZK,Normal_GTEX,3,1,0,3,2,3,4,3,0,5,4,5,6,3,6,7,4,4
TCGA-BH-A1FD-11,Normal_TCGA,1,0,1,1,0,1,1,0,1,1,0,1,2,6,1,3,2,2
GTEX-13RTJ-2126-SM-5S2PZ,Normal_GTEX,1,2,2,1,1,0,1,1,4,1,3,0,1,5,5,1,0,0
GTEX-YJ8O-0326-SM-5RQJW,Normal_GTEX,1,2,2,1,1,0,1,1,4,1,3,0,1,5,5,1,0,0
GTEX-WFG7-0008-SM-4LMKB,Normal_GTEX,3,2,2,4,1,0,5,1,3,6,1,4,7,0,0,8,5,5
TCGA-AC-A23C-01,LumA,2,0,1,2,0,1,3,0,1,4,0,1,5,6,1,6,2,2
GTEX-REY6-0005-SM-2TF54,Normal_GTEX,3,1,0,4,2,3,5,2,3,6,5,4,7,2,4,8,1,1
TCGA-D8-A1XM-01,LumA,2,0,1,2,0,1,3,0,1,4,0,1,5,6,1,6,2,2
TCGA-BH-A0E1-11,Normal_TCGA,1,0,1,1,0,1,1,0,1,1,0,1,2,6,1,3,2,2
GTEX-13OVJ-0426-SM-5L3GX,Normal_GTEX,1,2,2,1,1,0,1,1,4,1,1,0,2,0,3,3,6,6
GTEX-OOBK-2025-SM-3LK5S,Normal_GTEX,1,0,2,1,3,2,1,4,2,1,3,2,1,5,2,1,0,3
TCGA-BH-A1EU-01,LumA,2,0,1,2,0,1,3,0,1,4,0,1,5,6,1,6,2,2
GTEX-T6MN-0011-R4A-SM-5CHSD,Normal_GTEX,3,1,0,4,2,3,5,2,3,6,5,4,7,2,4,8,1,1
GTEX-ZG7Y-0126-SM-4WWEX,Normal_GTEX,1,2,2,1,1,0,1,1,4,1,3,0,1,5,0,1,0,0
GTEX-QCQG-1426-SM-48U22,Normal_GTEX,1,2,2,1,1,0,1,1,4,1,3,0,1,5,0,1,5,5
GTEX-117YX-0726-SM-5GIET,Normal_GTEX,1,2,2,1,1,0,1,1,4,1,3,0,2,0,5,3,6,6
GTEX-11P7K-1326-SM-5BC5G,Normal_GTEX,1,0,2,1,3,2,2,4,2,2,1,3,3,4,3,4,7,7
GTEX-ZUA1-3026-SM-59HJC,Normal_GTEX,3,1,0,3,2,3,4,3,0,5,4,5,6,3,6,7,4,4
GTEX-ZP4G-0426-SM-4YCER,Normal_GTEX,1,0,2,1,3,2,2,4,2,3,2,2,4,1,2,5,3,3
GTEX-147JS-1326-SM-5SI6D,Normal_GTEX,1,2,2,1,1,0,1,1,4,1,3,0,2,5,0,2,0,0
GTEX-R55D-0008-SM-48FEV,Normal_GTEX,3,2,2,4,1,0,5,1,3,6,3,4,7,5,0,8,5,5
GTEX-RU72-0826-SM-46MUS,Normal_GTEX,1,2,2,1,1,0,1,1,4,1,3,0,1,5,5,1,0,0
GTEX-WOFL-0626-SM-3MJG3,Normal_GTEX,1,2,2,1,1,0,1,1,4,1,1,4,2,0,0,2,6,6
GTEX-NL3G-2526-SM-4SOIE,Normal_GTEX,1,0,2,1,3,2,2,4,2,2,1,3,3,4,3,4,7,7
GTEX-ZEX8-1626-SM-4WKG7,Normal_GTEX,1,2,2,1,1,2,2,4,2,3,2,2,4,1,2,5,3,3
GTEX-X8HC-1326-SM-46MWB,Normal_GTEX,1,2,2,1,1,0,1,1,4,1,3,0,1,5,5,1,0,0
TCGA-A2-A0YG-01,LumB,2,0,1,2,0,1,3,0,1,4,0,1,5,6,1,6,2,2
TCGA-B6-A0IG-01,LumA,2,0,1,2,0,1,3,0,1,4,0,1,5,6,1,6,2,2
TCGA-A8-A09G-01,Her2,2,0,1,2,0,1,3,0,1,4,0,1,5,6,1,6,2,2
GTEX-11XUK-0926-SM-5EQL3,Normal_GTEX,1,2,2,1,1,0,1,1,4,1,3,0,1,5,5,1,0,0
GTEX-12ZZY-0626-SM-5EQ5T,Normal_GTEX,1,2,2,1,1,0,1,1,4,1,1,4,2,0,0,2,6,6
GTEX-ZQUD-0326-SM-4YCEN,Normal_GTEX,1,2,2,1,1,0,1,1,4,1,3,0,1,5,5,1,0,0
GTEX-13OW5-1126-SM-5J1NR,Normal_GTEX,1,2,2,1,1,0,1,1,4,1,3,0,2,5,0,2,0,0
GTEX-11GSP-0011-R8b-SM-5NQ79,Normal_GTEX,3,1,0,3,2,3,4,3,0,5,4,5,6,3,6,7,4,4
GTEX-11EQ9-1426-SM-5987G,Normal_GTEX,1,2,2,1,1,0,1,1,4,1,3,0,1,5,5,1,0,0
GTEX-13NZ9-0926-SM-5KM12,Normal_GTEX,1,0,2,1,3,2,2,4,2,3,2,2,4,1,2,5,3,3
GTEX-YJ89-0011-R2b-SM-4RGLT,Normal_GTEX,3,1,0,3,2,3,4,3,0,5,4,5,6,3,6,7,4,4
GTEX-Q2AH-0008-SM-48U2J,Normal_GTEX,3,2,2,4,1,0,5,2,3,6,5,4,7,2,0,8,5,5
GTEX-Q2AG-0011-R10A-SM-2HMLA,Normal_GTEX,3,1,0,3,2,3,4,3,0,5,4,5,6,3,6,7,4,4
GTEX-YECK-1226-SM-4W21G,Normal_GTEX,1,2,2,1,1,0,1,1,4,1,3,0,2,5,0,2,0,0
GTEX-11WQC-0726-SM-5EQMR,Normal_GTEX,1,0,2,1,3,2,2,4,2,3,2,2,4,1,2,5,3,3
GTEX-PWN1-0726-SM-48TDR,Normal_GTEX,1,2,2,1,1,0,1,1,4,1,3,0,1,5,5,1,0,0
GTEX-ZVT4-2626-SM-5N9GJ,Normal_GTEX,1,2,2,1,1,0,1,1,4,1,3,0,1,5,5,1,0,0
GTEX-13112-2126-SM-5GCO4,Normal_GTEX,1,0,2,1,3,2,2,4,2,3,2,2,4,1,2,5,3,3
GTEX-UPJH-0526-SM-4IHK8,Normal_GTEX,1,2,2,1,1,0,1,1,4,1,1,4,2,0,0,2,6,6
TCGA-E2-A158-11,Normal_TCGA,1,0,1,1,0,1,1,0,1,1,0,1,2,6,1,3,2,2
GTEX-OHPK-2526-SM-3MJH9,Normal_GTEX,1,0,2,1,3,2,2,4,2,2,1,3,3,4,3,4,7,7
GTEX-111YS-0126-SM-5987T,Normal_GTEX,1,2,0,1,1,3,2,1,4,3,2,2,4,1,2,5,5,5
GTEX-131XE-0426-SM-5IJF4,Normal_GTEX,1,0,0,1,3,2,2,3,2,3,4,5,4,3,6,5,4,4
GTEX-Y8DK-0008-SM-4RGM2,Normal_GTEX,3,2,2,4,1,0,5,1,3,6,5,4,7,2,0,8,5,5
GTEX-12126-0626-SM-5Q5AQ,Normal_GTEX,1,2,2,1,1,0,1,1,4,1,1,0,2,0,3,3,6,6
TCGA-A2-A0T7-01,LumA,2,0,1,2,0,1,3,0,1,4,0,1,5,6,1,6,2,2
GTEX-WHSB-0726-SM-4M1XQ,Normal_GTEX,1,0,2,1,3,2,2,4,2,3,2,2,4,1,2,5,3,3
GTEX-PSDG-1126-SM-2S1ON,Normal_GTEX,1,0,2,1,3,2,2,4,2,3,2,2,4,1,2,5,3,3
GTEX-YB5E-1726-SM-5IFJ3,Normal_GTEX,1,2,2,1,1,0,1,1,4,1,1,0,2,0,5,3,6,6
TCGA-E2-A10B-01,LumA,2,0,1,2,0,1,3,0,1,4,0,1,5,6,1,6,2,2
GTEX-RVPV-0226-SM-2TF6W,Normal_GTEX,1,2,2,1,1,0,1,1,4,1,3,0,1,5,0,1,0,0
TCGA-D8-A1XA-01,LumA,2,0,1,2,0,1,3,0,1,4,0,1,5,6,1,6,2,2
GTEX-WYVS-0126-SM-4ONDH,Normal_GTEX,1,1,0,1,2,3,2,4,3,3,2,2,4,1,2,5,3,3
GTEX-U8XE-2526-SM-4E3IT,Normal_GTEX,1,0,2,1,3,2,1,4,2,1,2,2,1,4,2,1,7,3
GTEX-12WSJ-0926-SM-5P9JD,Normal_GTEX,1,2,2,1,1,0,1,1,4,1,3,0,1,5,5,1,0,0
GTEX-1192W-0008-SM-5QGRE,Normal_GTEX,3,2,2,4,1,0,5,2,3,6,5,4,7,2,0,8,5,5
GTEX-ZV6S-0003-SM-4YCCT,Normal_GTEX,3,1,0,4,2,3,5,2,3,6,5,4,7,2,4,8,1,1
TCGA-AR-A1AJ-01,Basal,2,0,1,2,0,1,3,0,1,4,0,1,5,6,1,6,2,2
TCGA-BH-A0W4-01,LumA,2,0,1,2,0,1,3,0,1,4,0,1,5,6,1,6,2,2
GTEX-P4PP-0008-SM-48TDV,Normal_GTEX,3,2,2,4,1,0,5,2,3,6,5,4,7,2,0,8,5,5
GTEX-SNOS-1126-SM-4DM67,Normal_GTEX,1,0,0,1,3,2,2,3,2,3,4,5,4,3,6,5,4,4
GTEX-WL46-0011-R5A-SM-3LK6V,Normal_GTEX,3,1,0,3,2,3,4,3,0,5,4,5,6,3,6,7,4,4
GTEX-ZAB5-0526-SM-5CVMU,Normal_GTEX,1,1,0,1,2,3,2,4,3,3,2,2,4,1,2,5,3,3
GTEX-ZA64-0126-SM-5HL8Z,Normal_GTEX,1,2,2,1,1,0,1,1,4,1,3,0,1,5,0,1,0,0
GTEX-11VI4-0001-SM-5S2OI,Normal_GTEX,3,1,0,4,2,3,5,2,3,6,5,4,7,2,4,8,1,1
GTEX-145LT-0126-SM-5S2QJ,Normal_GTEX,1,2,0,1,1,3,2,2,4,3,2,2,4,1,2,5,5,5
TCGA-BH-A0DD-11,Normal_TCGA,1,2,1,1,0,1,1,0,1,1,0,1,2,0,1,3,6,2
GTEX-12WSC-1726-SM-5GCN3,Normal_GTEX,1,2,2,1,1,0,1,1,4,1,2,0,2,0,5,3,6,6
GTEX-YB5K-0626-SM-5LUB5,Normal_GTEX,1,2,2,1,1,0,1,1,4,1,3,0,1,5,5,1,0,0
GTEX-145MG-0011-R7b-SM-5P9JY,Normal_GTEX,3,1,0,3,2,3,4,3,0,5,4,5,6,3,6,7,4,4
GTEX-13FHP-1526-SM-5IJGE,Normal_GTEX,1,0,2,1,3,2,2,4,2,2,1,3,3,4,3,4,7,7
GTEX-111FC-1026-SM-5GZX1,Normal_GTEX,1,0,2,1,3,2,1,4,2,1,2,2,2,1,2,3,3,3
GTEX-11NUK-0126-SM-5A5L3,Normal_GTEX,1,0,2,1,3,2,2,4,2,2,1,3,3,4,3,4,7,7
GTEX-RNOR-0126-SM-2TF57,Normal_GTEX,1,0,2,1,3,2,2,4,2,2,1,3,3,4,3,4,7,7
GTEX-11DXY-0326-SM-5H12F,Normal_GTEX,1,2,2,1,1,0,1,1,4,1,2,0,2,0,5,3,6,6
GTEX-NFK9-0626-SM-2HMIV,Normal_GTEX,1,2,2,1,1,0,1,1,4,1,1,4,2,0,0,2,6,6
GTEX-ZDYS-1026-SM-4WKHC,Normal_GTEX,1,1,0,1,2,3,2,4,3,3,2,2,4,1,2,5,3,3
TCGA-D8-A1JD-01,LumB,2,0,1,2,0,1,3,0,1,4,0,1,5,6,1,6,2,2
GTEX-111CU-1526-SM-5N9FS,Normal_GTEX,1,0,2,1,3,2,1,4,2,1,2,2,1,1,2,1,3,3
GTEX-145ME-2226-SM-5S2VY,Normal_GTEX,1,2,2,1,1,0,1,1,4,1,3,0,1,5,0,1,0,0
GTEX-13113-0126-SM-5LZVX,Normal_GTEX,1,0,2,1,3,2,1,4,2,1,2,2,2,1,2,3,3,3
GTEX-ZVZP-1426-SM-5NQ7R,Normal_GTEX,1,2,2,1,1,0,1,1,4,1,3,0,1,5,5,1,0,0
GTEX-144GL-2026-SM-5LU3O,Normal_GTEX,1,2,2,1,1,0,1,1,4,1,1,0,2,0,5,3,6,6
GTEX-QEL4-0008-SM-447AZ,Normal_GTEX,3,2,2,4,1,0,5,1,3,6,1,4,7,0,0,8,5,5
TCGA-AR-A1AY-01,Basal,2,0,1,2,0,1,3,0,1,4,0,1,5,6,1,6,2,2
GTEX-OIZI-0008-SM-2XCFD,Normal_GTEX,3,2,2,4,1,0,5,1,3,6,1,4,7,0,0,8,5,5
GTEX-X4EP-0011-R9B-SM-4QASI,Normal_GTEX,3,1,0,3,2,3,4,3,0,5,4,5,6,3,6,7,4,4
GTEX-13112-2926-SM-5DUWT,Normal_GTEX,3,1,0,3,2,3,4,3,0,5,4,5,6,3,6,7,4,4
GTEX-ZV7C-0326-SM-57WB1,Normal_GTEX,1,2,2,1,1,0,1,1,4,1,3,0,2,5,0,2,0,0
TCGA-D8-A1XV-01,LumA,2,0,1,2,0,1,3,0,1,4,0,1,5,6,1,6,2,2
GTEX-TSE9-0011-R7A-SM-5CHS2,Normal_GTEX,3,1,0,4,2,3,5,2,3,6,5,4,7,2,4,8,1,1
GTEX-11DXZ-2626-SM-59882,Normal_GTEX,1,2,2,1,1,0,1,1,4,1,3,0,1,5,0,1,0,0
GTEX-VJYA-1526-SM-3GIJV,Normal_GTEX,1,0,2,1,3,2,2,4,2,2,1,3,3,4,3,4,7,7
GTEX-11P82-1726-SM-5Q5AT,Normal_GTEX,1,2,2,1,1,0,1,1,4,1,1,0,2,0,5,3,6,6
GTEX-145ME-2126-SM-5SIAH,Normal_GTEX,1,2,2,1,1,0,1,1,4,1,1,0,2,0,3,3,6,6
GTEX-13111-1226-SM-5GCNC,Normal_GTEX,1,2,2,1,1,0,1,1,4,1,3,0,1,5,5,1,0,0
TCGA-AR-A0TU-01,Basal,2,0,1,2,0,1,3,0,1,4,0,1,5,6,1,6,2,2
GTEX-13PDP-0326-SM-5K7XP,Normal_GTEX,1,2,2,1,1,0,1,1,4,1,1,4,2,0,0,2,6,6
GTEX-13S86-0726-SM-5Q5DH,Normal_GTEX,1,2,2,1,1,0,1,1,4,1,3,0,1,5,5,1,0,0
TCGA-A8-A093-01,LumA,2,0,1,2,0,1,3,0,1,4,0,1,5,6,1,6,2,2
GTEX-13JUV-0626-SM-5J1MQ,Normal_GTEX,1,2,2,1,1,0,1,1,4,1,3,0,2,0,5,3,6,6
GTEX-POYW-1226-SM-5LZWQ,Normal_GTEX,1,0,2,1,3,2,2,4,2,3,2,2,4,1,2,5,3,3
TCGA-D8-A1JN-01,LumA,2,0,1,2,0,1,3,0,1,4,0,1,5,6,1,6,2,2
GTEX-ZTSS-2026-SM-5987K,Normal_GTEX,1,0,2,1,3,0,1,4,4,1,1,0,2,0,5,3,6,6
GTEX-WVJS-2726-SM-4MVNU,Normal_GTEX,1,0,0,1,3,3,2,4,0,3,2,5,4,1,6,5,3,4
GTEX-11WQC-0011-R7b-SM-5BC7A,Normal_GTEX,3,1,0,3,2,3,4,3,0,5,4,5,6,3,6,7,4,4
GTEX-139T4-0126-SM-5HL5G,Normal_GTEX,1,2,2,1,1,0,1,1,4,1,1,0,2,0,5,3,6,6
GTEX-T6MO-1026-SM-4DM72,Normal_GTEX,1,2,2,1,3,0,1,4,4,1,3,0,1,5,5,1,0,0
GTEX-QESD-1726-SM-2S1R7,Normal_GTEX,1,2,2,1,1,0,1,1,4,1,1,0,2,0,3,3,6,6
GTEX-ZVT2-2226-SM-5NQ6P,Normal_GTEX,1,2,2,1,1,0,1,1,4,1,1,0,2,0,5,3,6,6
GTEX-13D11-2526-SM-5KM28,Normal_GTEX,1,2,2,1,1,0,1,1,4,1,1,4,2,0,0,2,6,6
GTEX-X8HC-2726-SM-46MUA,Normal_GTEX,1,2,2,1,1,0,1,1,4,1,3,0,1,5,0,1,5,5
GTEX-139YR-0826-SM-5LZXY,Normal_GTEX,1,2,2,1,1,0,1,1,4,1,3,0,2,5,0,2,0,0
GTEX-12ZZZ-0011-R7b-SM-5EGLE,Normal_GTEX,3,1,0,3,2,3,4,3,0,5,4,5,6,3,6,7,4,4
GTEX-113JC-0726-SM-5GZZR,Normal_GTEX,1,2,2,1,1,0,1,1,4,1,3,0,2,0,5,3,6,6
GTEX-13RTL-0011-R3a-SM-5P9JP,Normal_GTEX,3,1,0,3,2,3,4,3,0,5,4,5,6,3,6,7,4,4
GTEX-P4QT-2026-SM-3NMCJ,Normal_GTEX,1,2,2,1,1,0,1,1,4,1,3,0,1,5,5,1,0,0
TCGA-AC-A2FG-01,LumA,2,0,1,2,0,1,3,0,1,4,0,1,5,6,1,6,2,2
GTEX-13FHO-0011-R11b-SM-5LZYQ,Normal_GTEX,3,1,0,3,2,3,4,3,0,5,4,5,6,3,6,7,4,4
GTEX-ZYWO-2326-SM-5GZY4,Normal_GTEX,1,0,2,1,1,2,1,1,2,1,1,0,2,0,5,3,6,6
GTEX-1192X-2526-SM-59868,Normal_GTEX,1,2,2,1,1,0,1,1,4,1,2,2,1,1,5,1,3,0
GTEX-1314G-1726-SM-5LZUX,Normal_GTEX,1,2,2,1,1,0,1,1,4,1,1,4,2,0,0,2,6,6
GTEX-RWS6-1326-SM-47JXB,Normal_GTEX,1,0,2,1,3,0,1,1,4,1,3,0,1,5,5,1,0,0
GTEX-11VI4-0526-SM-5EQ48,Normal_GTEX,1,0,2,1,3,2,2,4,2,2,1,3,3,4,3,4,7,7
GTEX-139T8-0226-SM-5L3EA,Normal_GTEX,1,2,2,1,1,0,1,1,4,1,1,0,2,0,5,3,6,6
GTEX-132NY-2026-SM-5L3FM,Normal_GTEX,1,2,2,1,1,0,1,1,4,1,3,0,1,5,5,1,0,0
GTEX-11ZUS-1426-SM-5FQSP,Normal_GTEX,1,2,2,1,1,0,1,1,4,1,1,4,2,0,0,2,6,6
GTEX-ZYFC-2226-SM-5NQ96,Normal_GTEX,1,2,2,1,1,0,1,1,4,1,3,0,1,5,5,1,0,0
GTEX-11P7K-0426-SM-5BC5H,Normal_GTEX,1,1,0,1,2,3,2,4,3,3,2,2,4,1,2,5,3,3
GTEX-13VXU-3126-SM-5SIA4,Normal_GTEX,1,1,0,1,2,3,2,3,0,3,4,5,4,3,6,5,4,4
GTEX-XV7Q-2426-SM-4BRV8,Normal_GTEX,1,0,2,1,3,2,2,4,2,2,1,3,3,4,3,4,7,7
GTEX-13CF3-1126-SM-5LZXB,Normal_GTEX,1,2,2,1,1,0,1,1,4,1,3,0,2,0,5,3,6,6
GTEX-Q2AG-0011-R5A-SM-2HMJH,Normal_GTEX,3,1,0,3,2,3,4,3,0,5,4,5,6,3,6,7,4,4
GTEX-U8T8-0008-SM-4DXSP,Normal_GTEX,3,2,2,4,1,0,5,1,3,6,1,4,7,0,0,8,5,5
GTEX-WFON-1626-SM-4LVMV,Normal_GTEX,1,0,2,1,3,2,1,4,2,1,2,2,1,1,2,1,3,3
GTEX-13FHO-0326-SM-5IJBH,Normal_GTEX,1,2,2,1,1,0,1,1,4,1,1,0,2,0,5,3,6,6
GTEX-13OVH-0011-R8b-SM-5MR35,Normal_GTEX,3,1,0,3,2,3,4,3,0,5,4,5,6,3,6,7,4,4
GTEX-147GR-0011-R6b-SM-5S2RO,Normal_GTEX,3,1,0,3,2,3,4,3,0,5,4,5,6,3,6,7,4,4
GTEX-ZYY3-2926-SM-5GIEB,Normal_GTEX,1,0,2,1,3,2,2,4,2,2,1,3,3,4,3,4,7,7
GTEX-117YX-2526-SM-5EQ4Q,Normal_GTEX,1,2,2,1,1,0,1,1,4,1,1,4,2,0,0,2,6,6
GTEX-ZYY3-0526-SM-5E45G,Normal_GTEX,1,2,2,1,1,0,1,1,4,1,1,4,2,0,0,2,6,6
GTEX-O5YV-2026-SM-26GMK,Normal_GTEX,1,2,2,1,1,0,1,1,4,1,5,4,2,0,0,2,6,6
GTEX-XBEW-1926-SM-4SOJO,Normal_GTEX,1,0,2,1,3,2,2,4,2,3,2,2,4,1,2,5,3,3
GTEX-YF7O-1626-SM-5IFII,Normal_GTEX,1,2,2,1,1,0,1,1,4,1,3,0,1,5,5,1,0,0
TCGA-E2-A15R-01,LumA,2,0,1,2,0,1,3,0,1,4,0,1,5,6,1,6,2,2
GTEX-ZVTK-0003-SM-51MRV,Normal_GTEX,3,1,0,4,2,3,5,2,3,6,5,4,7,2,4,8,1,1
TCGA-AR-A24P-01,LumA,2,0,1,2,0,1,3,0,1,4,0,1,5,6,1,6,2,2
GTEX-R55E-0326-SM-48FD2,Normal_GTEX,1,2,2,1,1,0,1,1,4,1,3,0,2,0,5,3,6,6
GTEX-12WSN-2326-SM-5DUVG,Normal_GTEX,1,0,2,1,3,2,2,4,2,2,1,3,3,4,3,4,7,7
GTEX-Q734-2026-SM-3GADA,Normal_GTEX,1,2,2,1,1,0,1,1,4,1,1,4,2,0,0,2,6,6
GTEX-132Q8-0011-R5a-SM-5IJDM,Normal_GTEX,3,1,0,3,2,3,4,3,0,5,4,5,6,3,6,7,4,4
GTEX-OHPK-2426-SM-3MJGH,Normal_GTEX,1,2,2,1,1,0,1,1,4,1,3,0,1,5,0,1,5,5
GTEX-13QBU-0726-SM-5J2OA,Normal_GTEX,1,0,2,1,3,2,2,4,2,3,2,2,4,1,2,5,3,3
GTEX-WZTO-0011-R5B-SM-3NMC5,Normal_GTEX,3,1,0,3,2,3,4,3,0,5,4,5,6,3,6,7,4,4
GTEX-11ONC-0011-R1a-SM-57WD4,Normal_GTEX,3,1,0,3,2,3,4,3,0,5,4,5,6,3,6,7,4,4
GTEX-13CF3-1326-SM-5LZXZ,Normal_GTEX,1,2,2,1,1,0,1,1,4,1,3,0,1,5,5,1,0,0
GTEX-1399S-2226-SM-5IFEW,Normal_GTEX,1,2,2,1,1,0,1,1,4,1,3,0,1,5,5,1,0,0
GTEX-WRHK-0426-SM-4MVOG,Normal_GTEX,1,2,2,1,1,0,1,1,4,1,3,0,1,5,5,1,0,0
GTEX-139D8-1126-SM-5LU8W,Normal_GTEX,1,0,2,1,3,2,2,4,2,2,1,3,3,4,3,4,7,7
GTEX-14BIN-0011-R10a-SM-5S2UA,Normal_GTEX,3,1,0,3,2,3,4,3,0,5,4,5,6,3,6,7,4,4
GTEX-PLZ5-2026-SM-2S1O4,Normal_GTEX,1,0,2,1,3,2,2,4,2,2,1,3,3,4,3,4,7,7
GTEX-13O3P-1326-SM-5K7Y8,Normal_GTEX,1,2,2,1,1,0,1,1,4,1,3,0,1,5,5,1,0,0
GTEX-11I78-0001-SM-5Q5BE,Normal_GTEX,3,1,0,4,2,3,5,2,3,6,5,4,7,2,4,8,1,1
GTEX-QV31-0626-SM-447C5,Normal_GTEX,1,0,2,1,3,2,2,4,2,3,2,2,4,1,2,5,3,3
GTEX-X15G-1026-SM-4PQZF,Normal_GTEX,1,2,2,1,1,0,1,1,4,1,3,0,1,5,5,1,0,0
GTEX-ZVE2-0526-SM-5GU7E,Normal_GTEX,1,2,2,1,1,0,1,1,4,1,3,0,1,5,0,1,0,0
GTEX-T2IS-0011-R6A-SM-32QP2,Normal_GTEX,3,1,0,3,2,3,4,3,0,5,4,5,6,3,6,7,4,4
GTEX-1339X-0526-SM-5KLYW,Normal_GTEX,1,2,2,1,1,0,1,1,4,1,3,0,1,5,0,1,0,0
GTEX-11WQK-2226-SM-5CVL7,Normal_GTEX,1,2,2,1,1,0,1,1,4,1,3,0,1,5,5,1,0,0
GTEX-131XF-1026-SM-5BC6A,Normal_GTEX,1,0,2,1,3,2,2,4,2,3,2,2,4,1,2,5,3,3
GTEX-131XG-1526-SM-5GCNQ,Normal_GTEX,1,2,2,1,1,0,1,1,4,1,3,0,1,5,5,1,0,0
GTEX-144GL-0011-R8a-SM-5Q5B1,Normal_GTEX,3,1,0,3,2,3,4,3,0,5,4,5,6,3,6,7,4,4
GTEX-X8HC-0226-SM-4E3K1,Normal_GTEX,1,2,2,1,1,0,1,1,4,1,1,0,2,0,5,3,6,6
GTEX-13QIC-3026-SM-5LU58,Normal_GTEX,3,1,0,3,2,3,4,3,0,5,4,5,6,3,6,7,4,4
GTEX-TSE9-2226-SM-4DXUR,Normal_GTEX,1,2,2,1,3,0,1,1,4,1,3,0,1,5,0,1,5,5
GTEX-X4EP-0526-SM-3P5YW,Normal_GTEX,1,0,2,1,3,2,2,4,2,3,2,2,4,1,2,5,3,3
TCGA-AR-A1AU-01,LumA,2,0,1,2,0,1,3,0,1,4,0,1,5,6,1,6,2,2
GTEX-QCQG-2026-SM-2S1PH,Normal_GTEX,1,2,2,1,1,0,1,1,4,1,1,0,2,0,3,3,6,6
TCGA-E9-A1NG-01,LumA,2,0,1,2,0,1,3,0,1,4,0,1,5,6,1,6,2,2
GTEX-ZGAY-2126-SM-4YCFB,Normal_GTEX,1,0,2,1,3,2,2,4,2,3,2,2,4,1,2,5,3,3
GTEX-SNMC-0626-SM-4DM6H,Normal_GTEX,1,0,2,1,3,2,2,4,2,3,2,2,4,1,2,5,3,3
GTEX-1313W-0011-R10b-SM-5DUXA,Normal_GTEX,3,1,0,3,2,3,4,3,0,5,4,5,6,3,6,7,4,4
GTEX-145MN-0626-SM-5QGRH,Normal_GTEX,1,2,2,1,1,0,1,1,4,1,3,0,2,5,0,2,0,0
GTEX-12ZZX-0426-SM-5DUVT,Normal_GTEX,1,2,2,1,1,0,1,1,4,1,1,0,2,0,3,3,6,6
GTEX-12WSL-2526-SM-5GCNJ,Normal_GTEX,1,0,2,1,3,2,2,4,2,2,1,3,3,4,3,4,7,7
GTEX-XBED-1126-SM-48TCF,Normal_GTEX,1,2,2,1,1,0,1,1,4,1,3,0,1,5,5,1,0,0
GTEX-13YAN-1526-SM-5LU3E,Normal_GTEX,1,2,2,1,1,0,1,1,4,1,3,0,1,5,0,1,0,0
GTEX-13W46-0926-SM-5LU3T,Normal_GTEX,1,0,2,1,3,2,1,4,2,1,2,2,2,1,2,3,3,3
GTEX-RUSQ-0626-SM-2TF5V,Normal_GTEX,1,0,2,1,3,2,2,4,2,3,2,2,4,1,2,5,3,3
GTEX-12WSH-0005-SM-5NQ9P,Normal_GTEX,3,1,0,4,2,3,5,2,3,6,5,4,7,2,4,8,1,1
GTEX-XUJ4-1926-SM-4BOOV,Normal_GTEX,1,0,2,1,3,2,1,1,2,1,1,0,2,0,5,3,6,6
TCGA-AN-A0FZ-01,LumA,2,0,1,2,0,1,3,0,1,4,0,1,5,6,1,6,2,2
GTEX-146FQ-1526-SM-5Q5CX,Normal_GTEX,1,0,2,1,3,2,2,4,2,3,2,2,4,1,2,5,3,3
GTEX-ZZ64-0326-SM-5E45S,Normal_GTEX,1,2,2,1,1,0,1,1,4,1,3,0,1,5,5,1,0,0
TCGA-AN-A0FL-01,Basal,2,0,1,2,0,1,3,0,1,4,0,1,5,6,1,6,2,2
TCGA-A2-A0YD-01,LumA,2,0,1,2,0,1,3,0,1,4,0,1,5,6,1,6,2,2
GTEX-XGQ4-2626-SM-4AT6B,Normal_GTEX,1,0,2,1,3,1,2,4,1,3,2,1,4,1,3,5,3,2
GTEX-12WSG-0826-SM-5EQ5A,Normal_GTEX,1,0,2,1,3,2,2,4,2,3,2,2,4,1,2,5,3,3
TCGA-EW-A1J2-01,LumA,2,0,1,2,0,1,3,0,1,4,0,1,5,6,1,6,2,2
TCGA-C8-A12N-01,LumA,2,0,1,2,0,1,3,0,1,4,0,1,5,6,1,6,2,2
GTEX-11NV4-0005-SM-5N9EX,Normal_GTEX,3,1,0,4,2,3,5,2,3,6,5,4,7,2,4,8,1,1
GTEX-YFC4-0011-R9a-SM-4SOK4,Normal_GTEX,3,1,0,3,2,3,4,3,0,5,4,5,6,3,6,7,4,4
GTEX-13O3Q-2926-SM-5KM45,Normal_GTEX,3,1,0,3,2,3,4,3,0,5,4,5,6,3,6,7,4,4
GTEX-YB5E-0001-SM-4VDSV,Normal_GTEX,3,1,0,4,2,3,5,2,3,6,5,4,7,2,4,8,1,1
GTEX-13NYC-0626-SM-5K7U8,Normal_GTEX,1,1,2,1,2,0,1,1,4,1,1,0,2,0,3,3,6,6
GTEX-13OVL-1326-SM-5IJCZ,Normal_GTEX,1,2,2,1,1,0,1,1,4,1,3,0,1,5,0,1,0,0
TCGA-A2-A0CV-01,LumA,2,0,1,2,0,1,3,0,1,4,0,1,5,6,1,6,2,2
GTEX-12WSD-2926-SM-5LZUH,Normal_GTEX,1,2,2,1,1,0,1,1,4,1,3,0,1,5,5,1,0,0
GTEX-12WSA-1426-SM-5EGJU,Normal_GTEX,1,0,2,1,3,2,2,4,2,2,1,3,3,4,3,4,7,7
GTEX-XMK1-1826-SM-4B66F,Normal_GTEX,1,2,2,1,1,0,1,1,4,1,2,0,1,1,5,1,3,0
GTEX-13FTW-0126-SM-5IJED,Normal_GTEX,1,2,2,1,1,3,2,1,4,3,2,2,4,1,2,5,5,5
GTEX-S33H-0526-SM-5SI83,Normal_GTEX,1,2,2,1,1,0,1,1,4,1,3,0,2,5,0,2,0,0
GTEX-V955-0326-SM-4JBGV,Normal_GTEX,1,0,2,1,3,2,2,4,2,3,2,2,4,1,2,5,3,3
GTEX-11DXW-0326-SM-5H11W,Normal_GTEX,1,2,2,1,1,0,1,1,4,1,1,0,2,0,5,3,6,6
TCGA-A8-A0A1-01,LumA,2,0,1,2,0,1,3,0,1,4,0,1,5,6,1,6,2,2
GTEX-1399U-0826-SM-5KM1P,Normal_GTEX,1,0,2,1,3,2,2,4,2,3,2,2,4,1,2,5,3,3
GTEX-14A6H-0526-SM-5NQAZ,Normal_GTEX,1,0,2,1,3,2,2,4,2,3,2,2,4,1,2,5,3,3
GTEX-13N11-1026-SM-5K7XQ,Normal_GTEX,1,0,2,1,3,2,1,4,2,1,2,2,2,1,2,3,3,3
GTEX-ZQUD-0426-SM-57WFR,Normal_GTEX,1,0,2,1,3,2,2,4,2,2,1,3,3,4,3,4,7,7
GTEX-14BMV-2226-SM-5RQHX,Normal_GTEX,1,0,2,1,3,2,1,4,2,1,2,2,1,1,2,1,3,3
GTEX-NPJ8-0626-SM-48TBO,Normal_GTEX,1,1,0,1,2,3,2,4,3,3,2,2,4,1,2,5,3,3
GTEX-12126-0011-R9b-SM-5BC6P,Normal_GTEX,3,1,0,3,2,3,4,3,0,5,4,5,6,3,6,7,4,4
GTEX-Y5V6-2226-SM-4VDTC,Normal_GTEX,1,0,2,1,3,1,2,4,1,3,2,1,4,1,3,5,3,2
GTEX-11NSD-1826-SM-5N9CF,Normal_GTEX,1,2,2,1,1,0,1,1,4,1,1,0,2,0,3,3,6,6
GTEX-132Q8-1126-SM-5K7XS,Normal_GTEX,1,2,2,1,1,0,1,1,4,1,3,0,2,5,0,2,0,0
GTEX-ZY6K-0626-SM-59HJL,Normal_GTEX,1,0,2,1,3,2,2,4,2,2,1,3,3,4,3,4,7,7
GTEX-ZXG5-0011-R5b-SM-57WBN,Normal_GTEX,3,1,0,3,2,3,4,3,0,5,4,5,6,3,6,7,4,4
GTEX-13CIG-0006-SM-5P9HF,Normal_GTEX,3,1,0,4,2,3,5,2,3,6,5,4,7,2,4,8,1,1
GTEX-11DZ1-0426-SM-5H11A,Normal_GTEX,1,0,2,1,3,2,2,4,2,3,2,2,4,1,2,5,3,3
GTEX-13FHO-0426-SM-5L3F5,Normal_GTEX,1,0,2,1,3,2,2,4,2,2,1,3,3,4,3,4,7,7
GTEX-WFG8-0826-SM-5CHQY,Normal_GTEX,3,1,0,4,2,3,5,2,3,6,5,4,7,2,4,8,1,1
GTEX-145LT-1626-SM-5O992,Normal_GTEX,1,2,2,1,1,0,1,1,4,1,1,4,2,0,0,2,6,6
GTEX-13PL7-2226-SM-5L3IC,Normal_GTEX,1,0,2,1,3,2,2,4,2,3,2,2,4,1,2,5,3,3
GTEX-11P81-2126-SM-5HL6N,Normal_GTEX,1,0,2,1,3,2,2,4,2,2,1,3,3,4,3,4,7,7
GTEX-13W3W-0426-SM-5SI9D,Normal_GTEX,1,2,2,1,1,0,1,1,4,1,3,0,2,5,0,2,0,0
GTEX-11DYG-0008-SM-5QGR5,Normal_GTEX,3,2,2,4,1,0,5,1,3,6,3,4,7,5,0,8,5,5
GTEX-12WSD-1626-SM-5GCNR,Normal_GTEX,1,0,2,1,3,2,2,4,2,3,2,2,4,1,2,5,3,3
GTEX-14C38-1226-SM-5S2UK,Normal_GTEX,1,2,2,1,1,0,1,1,4,1,3,0,1,5,0,1,0,0
TCGA-A8-A08Z-01,LumA,2,0,1,2,0,1,3,0,1,4,0,1,5,6,1,6,2,2
GTEX-XBED-2426-SM-4AT4O,Normal_GTEX,1,2,2,1,1,0,1,1,4,1,3,0,1,5,0,1,0,0
GTEX-OXRL-1626-SM-2YUMU,Normal_GTEX,1,2,2,1,1,0,1,1,4,1,1,4,2,0,0,2,6,6
GTEX-13N1W-0626-SM-5MR4U,Normal_GTEX,1,2,2,1,1,0,1,1,4,1,1,0,2,0,5,3,6,6
GTEX-OIZG-1526-SM-2YUNG,Normal_GTEX,1,2,2,1,1,0,1,1,4,1,3,0,1,5,0,1,0,0
TCGA-BH-A208-11,Normal_TCGA,1,0,1,1,0,1,1,0,1,1,0,1,2,6,1,3,2,2
GTEX-R55C-1726-SM-3GADJ,Normal_GTEX,1,2,2,1,1,0,1,1,4,1,1,4,2,0,0,2,6,6
GTEX-13OW7-0011-R1b-SM-5L3HF,Normal_GTEX,3,1,0,3,2,3,4,3,0,5,4,5,6,3,6,7,4,4
GTEX-11ZTS-2626-SM-5EGIC,Normal_GTEX,1,0,2,1,3,2,2,4,2,2,1,3,3,4,3,4,7,7
GTEX-1477Z-2226-SM-5QGPG,Normal_GTEX,1,2,2,1,3,0,1,4,4,1,2,0,1,0,5,1,3,6
GTEX-11NSD-1126-SM-5N9BQ,Normal_GTEX,1,0,2,1,3,2,2,4,2,2,1,3,3,4,3,4,7,7
GTEX-13JUV-2026-SM-5K7UA,Normal_GTEX,1,0,2,1,3,2,2,4,2,2,1,3,3,4,3,4,7,7
GTEX-1313W-0126-SM-5LZUN,Normal_GTEX,1,0,2,1,3,2,2,4,2,2,1,3,3,4,3,4,7,7
GTEX-PWN1-0006-SM-2S1NG,Normal_GTEX,3,1,0,4,2,3,5,2,3,6,5,4,7,2,4,8,1,1
GTEX-12WSC-3126-SM-5GCNB,Normal_GTEX,1,1,0,1,2,3,2,3,0,3,4,5,4,3,6,5,4,4
TCGA-AR-A2LL-01,LumB,2,0,1,2,0,1,3,0,1,4,0,1,5,6,1,6,2,2
GTEX-13FHP-1626-SM-5N9FK,Normal_GTEX,1,2,2,1,1,0,1,1,4,1,3,0,1,5,5,1,0,0
GTEX-13112-0011-R5b-SM-5DUV8,Normal_GTEX,3,1,0,3,2,3,4,3,0,5,4,5,6,3,6,7,4,4
GTEX-11XUK-1726-SM-5GU61,Normal_GTEX,1,2,2,1,1,0,1,1,4,1,2,0,2,0,5,3,6,6
TCGA-BH-A0BC-01,LumA,2,0,1,2,0,1,3,0,1,4,0,1,5,6,1,6,2,2
GTEX-T6MN-0011-R6A-SM-32QP8,Normal_GTEX,3,1,0,3,2,3,4,3,0,5,4,5,6,3,6,7,4,4
GTEX-13X6H-1726-SM-5Q5EH,Normal_GTEX,1,2,2,1,1,0,1,1,4,1,3,0,2,5,5,3,0,6
GTEX-14DAR-2126-SM-5RQID,Normal_GTEX,1,2,2,1,1,0,1,1,4,1,3,0,1,5,0,1,0,0
GTEX-NFK9-0126-SM-3LK5H,Normal_GTEX,1,0,0,1,3,2,2,3,2,3,4,5,4,3,6,5,4,4
TCGA-AR-A0TV-01,LumB,2,0,1,2,0,1,3,0,1,4,0,1,5,6,1,6,2,2
GTEX-Y3I4-0926-SM-4TT2B,Normal_GTEX,1,2,2,1,1,0,1,1,4,1,3,0,1,5,5,1,0,0
GTEX-12584-0011-R6a-SM-5NQ7C,Normal_GTEX,3,1,0,3,2,3,4,3,0,5,4,5,6,3,6,7,4,4
GTEX-WVLH-2626-SM-4MVNV,Normal_GTEX,1,0,0,1,3,2,2,3,2,3,4,5,4,3,6,5,4,4
GTEX-ZZPU-2626-SM-5E45Y,Normal_GTEX,1,2,2,1,1,0,1,1,4,1,1,4,2,0,0,2,6,6
GTEX-13PDP-2926-SM-5N9E8,Normal_GTEX,3,1,0,3,2,3,4,3,0,5,4,5,6,3,6,7,4,4
GTEX-ZT9W-0726-SM-4YCDC,Normal_GTEX,1,0,2,1,3,2,2,4,2,3,2,2,4,1,2,5,3,3
GTEX-11LCK-1426-SM-5HL5R,Normal_GTEX,1,2,2,1,1,0,1,1,4,1,3,0,1,5,0,1,0,0
GTEX-ZG7Y-1326-SM-4WWBL,Normal_GTEX,1,2,2,1,1,0,1,1,4,1,3,0,1,5,5,1,0,0
GTEX-OXRK-0426-SM-2YUMT,Normal_GTEX,1,2,2,1,1,0,1,1,4,1,1,0,2,0,3,3,6,6
GTEX-ZZPT-0226-SM-5E43X,Normal_GTEX,1,0,2,1,3,2,2,4,2,2,1,3,3,4,3,4,7,7
TCGA-E2-A154-01,LumA,2,0,1,2,0,1,3,0,1,4,0,1,5,6,1,6,2,2
GTEX-13O1R-0426-SM-5K7WG,Normal_GTEX,1,2,2,1,1,0,1,1,4,1,1,0,2,0,3,3,6,6
GTEX-ZE9C-0011-R5a-SM-5EGLO,Normal_GTEX,3,1,0,3,2,3,4,3,0,5,4,5,6,3,6,7,4,4
GTEX-ZVZP-0008-SM-51MSX,Normal_GTEX,3,2,2,4,1,0,5,2,3,6,5,4,7,2,0,8,5,5
GTEX-WHSB-1026-SM-4M1XN,Normal_GTEX,1,0,2,1,3,2,2,4,2,3,2,2,4,1,2,5,3,3
GTEX-14BIN-2726-SM-5RQIE,Normal_GTEX,1,0,2,1,3,2,2,4,2,2,1,3,3,4,3,4,7,7
GTEX-11ZVC-2126-SM-5EGJ1,Normal_GTEX,1,0,2,1,1,0,1,1,4,1,3,0,1,5,5,1,0,0
GTEX-ZTX8-1226-SM-4YCE9,Normal_GTEX,1,0,2,1,3,2,1,4,2,1,3,0,2,5,5,3,3,6
GTEX-139UC-0011-R3b-SM-5K7VZ,Normal_GTEX,3,1,0,3,2,3,4,3,0,5,4,5,6,3,6,7,4,4
GTEX-12WSI-0826-SM-5EGKD,Normal_GTEX,1,0,2,1,3,2,2,4,2,3,2,2,4,1,2,5,3,3
GTEX-ZAK1-1826-SM-5HL93,Normal_GTEX,1,2,2,1,1,0,1,1,4,1,3,0,1,5,5,1,0,0
GTEX-11P81-0726-SM-5PNYH,Normal_GTEX,1,2,2,1,1,0,1,1,4,1,2,0,2,0,5,3,6,6
GTEX-12WSL-1826-SM-5LZW9,Normal_GTEX,1,2,2,1,1,0,1,1,4,1,3,0,1,5,5,1,0,0
GTEX-Y114-0002-SM-4TT78,Normal_GTEX,3,1,0,4,2,3,5,2,3,6,5,4,7,2,4,8,1,1
GTEX-ZDYS-2126-SM-5S2OD,Normal_GTEX,1,2,2,1,1,0,1,1,4,1,1,0,2,0,5,3,6,6
GTEX-SE5C-2126-SM-4BRUJ,Normal_GTEX,1,0,2,1,3,2,1,4,2,1,1,0,2,0,5,3,6,6
GTEX-OXRO-1226-SM-48TDL,Normal_GTEX,1,0,2,1,3,2,1,4,4,1,2,0,2,1,2,3,3,3
GTEX-U412-0326-SM-5BC7E,Normal_GTEX,1,2,2,1,1,0,1,1,4,1,1,4,2,0,0,2,6,6
GTEX-111VG-0526-SM-5N9BW,Normal_GTEX,1,0,2,1,3,2,1,4,2,1,2,2,2,1,2,3,3,3
GTEX-X4XY-1626-SM-46MVN,Normal_GTEX,1,0,2,1,3,2,2,4,2,3,2,2,4,1,2,5,3,3
TCGA-AC-A3OD-01,LumA,2,0,1,2,0,1,3,0,1,4,0,1,5,6,1,6,2,2
GTEX-12WSC-0011-R10a-SM-5GU57,Normal_GTEX,3,1,0,3,2,3,4,3,0,5,4,5,6,3,6,7,4,4
GTEX-145ME-1326-SM-5O98Q,Normal_GTEX,1,2,2,1,1,0,1,1,4,1,3,0,1,5,5,1,0,0
GTEX-ZGAY-1126-SM-4WWBS,Normal_GTEX,1,0,2,1,3,2,2,4,2,2,1,3,3,4,3,4,7,7
GTEX-11DXY-2026-SM-5N9CZ,Normal_GTEX,1,2,2,1,1,0,1,1,4,1,3,0,1,5,5,1,0,0
GTEX-ZQUD-1726-SM-51MRQ,Normal_GTEX,1,2,2,1,1,0,1,1,4,1,1,4,2,0,0,2,6,6
GTEX-13O21-0326-SM-5J1N9,Normal_GTEX,1,2,2,1,1,0,1,1,4,1,3,0,2,5,0,2,0,0
TCGA-AR-A1AX-01,LumA,2,0,1,2,0,1,3,0,1,4,0,1,5,6,1,6,2,2
GTEX-ZAB4-2426-SM-5HL8A,Normal_GTEX,1,2,2,1,1,0,1,1,4,1,3,0,1,5,5,1,0,0
GTEX-ZP4G-2426-SM-57WEY,Normal_GTEX,1,0,2,1,3,2,2,4,2,2,1,3,3,4,3,4,7,7
GTEX-XBEW-0526-SM-4QASO,Normal_GTEX,1,2,2,1,1,0,1,1,4,1,3,0,1,5,0,1,0,0
GTEX-XQ8I-2026-SM-4BOOL,Normal_GTEX,1,0,2,1,3,2,2,4,2,3,2,2,4,1,2,5,3,3
GTEX-VJYA-0526-SM-4KL1R,Normal_GTEX,1,1,0,1,2,3,2,1,4,3,2,2,4,1,2,5,5,5
GTEX-ZPIC-2626-SM-57WE2,Normal_GTEX,1,2,2,1,1,0,1,1,4,1,3,0,1,5,5,1,0,0
GTEX-YJ8O-2226-SM-5IFHW,Normal_GTEX,1,2,2,1,1,0,1,1,4,1,1,0,2,0,5,3,6,6
GTEX-13PVR-0126-SM-5S2PY,Normal_GTEX,1,0,2,1,3,2,2,4,2,3,2,2,4,1,2,5,3,3
GTEX-14BMU-1026-SM-5RQJ5,Normal_GTEX,1,2,2,1,1,0,1,1,4,1,3,0,1,5,5,1,0,0
GTEX-OHPN-2826-SM-3LK67,Normal_GTEX,1,2,2,1,1,0,1,1,4,1,3,0,1,0,0,1,6,0
GTEX-1192W-3026-SM-5GZZV,Normal_GTEX,1,1,0,1,2,3,2,3,0,3,4,5,4,3,6,5,4,4
TCGA-AO-A124-01,Basal,2,0,1,2,0,1,3,0,1,4,0,1,5,6,1,6,2,2
GTEX-139T6-2026-SM-5IFFL,Normal_GTEX,1,2,2,1,1,0,1,1,4,1,1,4,2,0,0,2,6,6
TCGA-A8-A09D-01,LumA,2,0,1,2,0,1,3,0,1,4,0,1,5,6,1,6,2,2
GTEX-WRHK-0008-SM-4MVPA,Normal_GTEX,3,2,2,4,1,0,5,1,3,6,1,4,7,2,0,8,5,5
GTEX-13OW8-0226-SM-5K7UP,Normal_GTEX,1,0,2,1,1,0,1,1,4,1,1,0,2,0,5,3,6,6
GTEX-117XS-3126-SM-5GIDP,Normal_GTEX,3,1,0,3,2,3,4,3,0,5,4,5,6,3,6,7,4,4
GTEX-1192X-0005-SM-5NQC3,Normal_GTEX,3,1,0,4,2,3,5,2,3,6,5,4,7,2,4,8,1,1
GTEX-139TT-0006-SM-5O9CG,Normal_GTEX,3,1,0,4,2,3,5,2,3,6,5,4,7,2,4,8,1,1
GTEX-QCQG-2126-SM-2S1P8,Normal_GTEX,1,2,2,1,1,0,1,1,4,1,1,4,2,0,0,2,6,6
TCGA-AN-A0XO-01,LumA,2,0,1,2,0,1,3,0,1,4,0,1,5,6,1,6,2,2
GTEX-14BIL-0326-SM-5SI9Q,Normal_GTEX,1,2,2,1,1,0,1,1,4,1,1,4,2,0,0,2,6,6
GTEX-14A5I-0326-SM-5NQ9J,Normal_GTEX,1,2,2,1,1,0,1,1,4,1,1,4,2,0,0,2,6,6
GTEX-ZVE2-0006-SM-51MRW,Normal_GTEX,3,1,0,4,2,3,5,2,3,6,5,4,7,2,4,8,1,1
GTEX-111YS-0626-SM-5GZXV,Normal_GTEX,1,0,2,1,3,2,2,4,2,3,2,2,4,1,2,5,3,3
GTEX-13PDP-0726-SM-5L3HP,Normal_GTEX,1,0,2,1,3,2,2,4,2,2,1,3,3,4,3,4,7,7
GTEX-Y114-1526-SM-4TT79,Normal_GTEX,1,2,2,1,1,0,1,1,4,1,3,0,1,5,5,1,0,0
GTEX-X5EB-1026-SM-46MVU,Normal_GTEX,1,2,2,1,1,0,1,1,4,1,3,0,1,5,5,1,0,0
GTEX-XOTO-0011-R8A-SM-4B65J,Normal_GTEX,3,1,0,3,2,3,4,3,0,5,4,5,6,3,6,7,4,4
GTEX-11P81-0326-SM-5HL6B,Normal_GTEX,1,2,2,1,1,0,1,1,4,1,3,0,1,5,0,1,0,0
GTEX-ZA64-0326-SM-5HL8T,Normal_GTEX,1,0,2,1,3,2,2,4,2,3,2,2,4,1,2,5,3,3
GTEX-13OVG-1426-SM-5K7VP,Normal_GTEX,1,2,2,1,1,0,1,1,4,1,2,0,1,0,5,1,6,6
GTEX-Y3IK-1826-SM-4WWDS,Normal_GTEX,1,0,2,1,3,2,2,4,2,3,2,2,4,1,2,5,3,3
GTEX-WH7G-0002-SM-4LVN9,Normal_GTEX,3,1,0,4,2,3,5,2,3,6,5,4,7,2,4,8,1,1
GTEX-11H98-0011-R10b-SM-5NQ98,Normal_GTEX,3,1,0,3,2,3,4,3,0,5,4,5,6,3,6,7,4,4
GTEX-11P81-1126-SM-5GU5G,Normal_GTEX,1,2,2,1,1,0,1,1,4,1,3,0,1,5,5,1,0,0
GTEX-S4Z8-1226-SM-4AD6W,Normal_GTEX,1,2,2,1,1,0,1,1,4,1,3,0,1,5,5,1,0,0
TCGA-A2-A0D1-01,Her2,2,0,1,2,0,1,3,0,1,4,0,1,5,6,1,6,2,2
GTEX-OHPJ-1626-SM-2HMKO,Normal_GTEX,1,2,2,1,1,0,1,1,4,1,1,4,2,0,0,2,6,6
GTEX-13O3O-0526-SM-5J1NL,Normal_GTEX,1,2,2,1,1,0,1,1,4,1,1,4,2,0,0,2,6,6
GTEX-Y5LM-1926-SM-5RQJH,Normal_GTEX,1,0,2,1,3,2,2,4,2,2,1,3,3,4,3,4,7,7
GTEX-ZDXO-0006-SM-4WKGF,Normal_GTEX,3,1,0,4,2,3,5,2,3,6,5,4,7,2,4,8,1,1
GTEX-YJ89-1526-SM-5P9IR,Normal_GTEX,1,0,2,1,3,2,2,4,2,2,1,3,3,4,3,4,7,7
GTEX-11OF3-0011-R7a-SM-57WCG,Normal_GTEX,3,1,0,3,2,3,4,3,0,5,4,5,6,3,6,7,4,4
GTEX-S32W-1226-SM-4AD67,Normal_GTEX,1,2,2,1,1,0,1,1,4,1,3,0,1,5,0,1,5,5
TCGA-AO-A0J3-01,LumB,2,0,1,2,0,1,3,0,1,4,0,1,5,6,1,6,2,2
GTEX-13FXS-1126-SM-5IJBB,Normal_GTEX,1,2,2,1,1,0,1,1,4,1,3,0,1,5,0,1,0,0
GTEX-14ASI-3026-SM-5S2PN,Normal_GTEX,3,1,0,3,2,3,4,3,0,5,4,5,6,3,6,7,4,4
GTEX-WH7G-2226-SM-3NMBN,Normal_GTEX,1,0,2,1,3,0,1,4,4,1,1,0,2,0,5,3,6,6
GTEX-Y9LG-0006-SM-4VBRK,Normal_GTEX,3,1,0,4,2,3,5,2,3,6,5,4,7,2,4,8,1,1
TCGA-A2-A0ST-01,Basal,2,0,1,2,0,1,3,0,1,4,0,1,5,6,1,6,2,2
GTEX-ZVP2-0226-SM-57WBD,Normal_GTEX,1,2,2,1,1,0,1,1,4,1,3,0,2,0,5,3,6,6
GTEX-11VI4-2026-SM-5CVLJ,Normal_GTEX,1,2,2,1,1,0,1,1,4,1,3,0,1,5,0,1,0,0
GTEX-11TUW-2026-SM-5EQL8,Normal_GTEX,1,2,2,1,1,0,1,1,4,1,3,0,1,5,5,1,0,0
GTEX-131XW-0326-SM-5KM1J,Normal_GTEX,1,2,2,1,1,0,1,1,4,1,1,4,2,0,0,2,6,6
GTEX-P4QS-0326-SM-2I3EU,Normal_GTEX,1,2,2,1,1,0,1,1,4,1,3,0,2,5,0,2,0,0
GTEX-NPJ8-2626-SM-26GMI,Normal_GTEX,3,1,0,3,2,3,4,3,0,5,4,5,6,3,6,7,4,4
GTEX-Y114-2026-SM-4TT7L,Normal_GTEX,1,0,2,1,3,2,1,4,2,1,1,0,2,0,5,3,6,6
GTEX-WFG8-0426-SM-3GILD,Normal_GTEX,1,0,2,1,3,2,1,4,2,1,2,2,2,1,2,3,3,3
GTEX-13X6I-1426-SM-5SI9Z,Normal_GTEX,1,2,2,1,1,0,1,1,4,1,3,0,2,5,0,2,0,0
TCGA-A2-A25A-01,Normal,2,0,1,2,0,1,3,0,1,4,0,1,5,6,1,6,2,2
GTEX-ZC5H-0626-SM-5LU9K,Normal_GTEX,1,0,2,1,3,2,1,4,2,1,2,2,2,1,2,3,3,3
GTEX-XOTO-0426-SM-4B66A,Normal_GTEX,1,2,2,1,1,0,1,1,4,1,3,0,1,5,0,1,0,0
GTEX-148VJ-2426-SM-5NQ9Y,Normal_GTEX,1,2,2,1,1,0,1,1,4,1,2,0,1,1,5,1,3,0
GTEX-11I78-2626-SM-5Q5AI,Normal_GTEX,1,2,2,1,1,0,1,1,4,1,1,0,2,0,5,3,6,6
GTEX-13OW8-0426-SM-5J2NR,Normal_GTEX,1,0,2,1,3,2,1,4,2,1,2,2,1,1,2,1,3,3
GTEX-13NYB-1826-SM-5J1N3,Normal_GTEX,1,2,2,1,1,0,1,1,4,1,3,0,1,5,5,1,0,0
TCGA-C8-A1HK-01,Her2,2,0,1,2,0,1,3,0,1,4,0,1,5,6,1,6,2,2
GTEX-11I78-2026-SM-5987C,Normal_GTEX,1,0,2,1,3,2,2,4,2,2,1,3,3,4,3,4,7,7
GTEX-13CIG-0011-R9a-SM-5K7VU,Normal_GTEX,3,1,0,3,2,3,4,3,0,5,4,5,6,3,6,7,4,4
GTEX-111FC-0526-SM-5GZZ8,Normal_GTEX,1,2,2,1,1,0,1,1,4,1,1,0,2,0,3,3,6,6
GTEX-X4EO-0426-SM-4QASA,Normal_GTEX,1,2,2,1,1,0,1,1,4,1,1,0,2,0,5,3,6,6
GTEX-WWYW-0011-R1A-SM-3TW8G,Normal_GTEX,3,1,0,3,2,3,4,3,0,5,4,5,6,3,6,7,4,4
GTEX-X638-0226-SM-47JZ9,Normal_GTEX,1,2,2,1,1,0,1,1,4,1,1,0,2,0,5,3,6,6
GTEX-NL4W-0011-R6a-SM-2I3GA,Normal_GTEX,3,1,0,3,2,3,4,3,0,5,4,5,6,3,6,7,4,4
GTEX-NPJ7-0011-R10A-SM-2I3E5,Normal_GTEX,3,1,0,3,2,3,4,3,0,5,4,5,6,3,6,7,4,4
GTEX-13NYB-0011-R7a-SM-5MR5D,Normal_GTEX,3,1,0,3,2,3,4,3,0,5,4,5,6,3,6,7,4,4
GTEX-YJ89-1926-SM-5IFJ6,Normal_GTEX,1,2,2,1,1,0,1,1,4,1,3,0,2,0,5,3,6,6
GTEX-RNOR-0326-SM-2TF51,Normal_GTEX,1,2,2,1,1,0,1,1,4,1,1,0,2,0,3,3,6,6
GTEX-139T6-0006-SM-5LU92,Normal_GTEX,3,1,0,4,2,3,5,2,3,6,5,4,7,2,4,8,1,1
GTEX-11DXX-1926-SM-5EGJK,Normal_GTEX,1,2,2,1,1,0,1,1,4,1,3,0,1,5,5,1,0,0
GTEX-13FLW-0011-R8b-SM-5J1MZ,Normal_GTEX,3,1,0,3,2,3,4,3,0,5,4,5,6,3,6,7,4,4
GTEX-QXCU-0126-SM-2TC5Q,Normal_GTEX,1,2,2,1,1,0,1,1,4,1,1,0,2,0,3,3,6,6
GTEX-Q2AG-0011-R8A-SM-2HMK5,Normal_GTEX,3,1,0,3,2,3,4,3,0,5,4,5,6,3,6,7,4,4
GTEX-PW2O-1426-SM-48TCD,Normal_GTEX,1,0,0,1,3,2,2,3,2,3,4,5,4,3,6,5,4,4
GTEX-111CU-2226-SM-5N9G5,Normal_GTEX,1,2,2,1,1,0,1,1,4,1,1,0,2,0,3,3,6,6
GTEX-XUW1-0005-SM-4BOQ7,Normal_GTEX,3,1,0,4,2,3,5,2,3,6,5,4,7,2,4,8,1,1
GTEX-13X6K-0011-R3b-SM-5PNUD,Normal_GTEX,3,1,0,3,2,3,4,3,0,5,4,5,6,3,6,7,4,4
GTEX-WFON-0005-SM-3NMC9,Normal_GTEX,3,1,0,4,2,3,5,2,3,6,5,4,7,2,4,8,1,1
GTEX-VJYA-1926-SM-3GIJJ,Normal_GTEX,1,2,2,1,1,0,1,1,4,1,1,4,2,0,0,2,6,6
GTEX-XAJ8-0826-SM-47JY6,Normal_GTEX,1,0,2,1,3,2,2,4,2,2,1,3,3,4,3,4,7,7
TCGA-AR-A0TR-01,LumA,2,0,1,2,0,1,3,0,1,4,0,1,5,6,1,6,2,2
GTEX-ZF29-1026-SM-4WKGC,Normal_GTEX,1,0,2,1,3,2,2,4,2,3,2,2,4,1,2,5,3,3
GTEX-ZAB5-2426-SM-5CVMW,Normal_GTEX,1,0,0,1,3,2,2,3,2,3,4,5,4,3,6,5,4,4
GTEX-1399U-0626-SM-5J1NZ,Normal_GTEX,1,2,2,1,1,0,1,1,4,1,3,0,1,5,0,1,6,0
GTEX-147F4-1326-SM-5LU9V,Normal_GTEX,1,2,2,1,1,0,1,1,4,1,3,0,1,5,0,1,0,0
GTEX-ZZ64-0826-SM-5E449,Normal_GTEX,1,2,2,1,1,0,1,1,4,1,3,0,1,5,5,1,0,0
GTEX-111CU-1726-SM-5EGHM,Normal_GTEX,1,0,0,1,3,2,2,3,2,3,4,5,4,3,6,5,4,4
GTEX-13U4I-2226-SM-5LU5H,Normal_GTEX,1,0,2,1,3,2,2,4,2,2,1,3,3,4,3,4,7,7
GTEX-S7PM-0126-SM-4AD6S,Normal_GTEX,1,0,2,1,3,2,2,4,2,2,1,3,3,4,3,4,7,7
GTEX-RN64-1826-SM-48FDV,Normal_GTEX,1,0,2,1,3,2,2,4,2,3,2,2,4,1,2,5,3,3
GTEX-13OW6-2426-SM-5K7WO,Normal_GTEX,1,2,2,1,1,0,1,1,4,1,2,0,2,0,5,3,6,6
GTEX-144GO-0226-SM-5LUB1,Normal_GTEX,1,0,2,1,3,2,2,4,2,3,2,2,4,1,2,5,3,3
GTEX-P4QS-1626-SM-2S1NH,Normal_GTEX,1,2,2,1,1,0,1,1,4,1,1,4,2,0,0,2,6,6
GTEX-O5YT-0226-SM-32PK5,Normal_GTEX,1,2,2,1,1,0,1,1,4,1,1,0,2,0,5,3,6,6
GTEX-1128S-2326-SM-5GZZY,Normal_GTEX,1,0,2,1,3,2,2,4,2,2,1,3,3,4,3,4,7,7
GTEX-TMZS-0008-SM-47JWM,Normal_GTEX,3,2,2,4,1,0,5,1,3,6,1,4,7,0,0,8,5,5
GTEX-13X6H-0526-SM-5LU4Q,Normal_GTEX,1,0,2,1,3,2,1,4,2,1,2,2,2,1,2,3,3,3
GTEX-Y8DK-0005-SM-4RGNR,Normal_GTEX,3,1,0,4,2,3,5,2,3,6,5,4,7,2,4,8,1,1
GTEX-13OVH-0726-SM-5N9BU,Normal_GTEX,1,0,0,1,3,2,2,3,2,3,4,5,4,3,6,5,4,4
GTEX-U3ZH-1026-SM-4DXUZ,Normal_GTEX,1,0,2,1,3,2,2,4,2,2,1,3,3,4,3,4,7,7
GTEX-13FH7-1326-SM-5IFG8,Normal_GTEX,1,1,0,1,2,3,2,4,3,3,2,2,4,1,2,5,3,3
GTEX-11WQK-2826-SM-5EQKH,Normal_GTEX,1,0,0,1,3,2,2,3,2,3,4,5,4,3,6,5,4,4
GTEX-14A5I-1026-SM-5Q5E3,Normal_GTEX,1,2,2,1,1,0,1,1,4,1,3,0,2,5,0,2,0,0
GTEX-13PDP-0226-SM-5K7W9,Normal_GTEX,1,2,2,1,1,0,1,1,4,1,1,0,2,0,5,3,6,6
GTEX-YJ8O-1226-SM-5P9JE,Normal_GTEX,1,0,2,1,3,2,2,4,2,2,1,3,3,4,3,4,7,7
GTEX-11P7K-2226-SM-5GU56,Normal_GTEX,1,2,2,1,1,0,1,1,4,1,1,0,2,0,3,3,6,6
GTEX-X585-0011-R1B-SM-46MVE,Normal_GTEX,3,1,0,3,2,3,4,3,0,5,4,5,6,3,6,7,4,4
GTEX-12696-1426-SM-5EGJ6,Normal_GTEX,1,2,2,1,1,0,1,1,4,1,3,0,1,5,5,1,0,0
GTEX-REY6-0526-SM-2TF5M,Normal_GTEX,1,0,2,1,3,2,1,4,2,1,2,2,2,1,2,3,3,3
GTEX-13N2G-0011-R5a-SM-5MR33,Normal_GTEX,3,1,0,3,2,3,4,3,0,5,4,5,6,3,6,7,4,4
GTEX-WEY5-0008-SM-4LMKC,Normal_GTEX,3,2,2,4,1,0,5,1,3,6,1,4,7,0,0,8,5,5
GTEX-OXRP-0326-SM-33HBJ,Normal_GTEX,1,0,2,1,3,2,1,4,2,1,2,2,2,1,2,3,3,3
GTEX-YEC4-1026-SM-5P9FW,Normal_GTEX,1,0,2,1,3,2,2,4,2,2,2,3,3,1,3,4,3,7
GTEX-WWYW-0926-SM-3NB2Z,Normal_GTEX,1,0,2,1,3,2,2,4,2,3,2,2,4,1,2,5,3,3
GTEX-12WSK-0226-SM-5BC62,Normal_GTEX,1,0,2,1,3,2,2,4,2,3,2,2,4,1,2,5,3,3
GTEX-14C5O-2826-SM-5RQI6,Normal_GTEX,1,2,2,1,1,2,1,1,2,1,3,2,1,5,2,1,0,3
GTEX-ZP4G-0826-SM-4WWF3,Normal_GTEX,1,0,2,1,3,2,2,4,2,2,1,3,3,4,3,4,7,7
GTEX-12WSI-0005-SM-5O99K,Normal_GTEX,3,1,0,4,2,3,5,2,3,6,5,4,7,2,4,8,1,1
GTEX-13NYS-0626-SM-5L3F1,Normal_GTEX,1,0,2,1,3,2,2,4,2,2,1,3,3,4,3,4,7,7
GTEX-13OW8-1626-SM-5L3HW,Normal_GTEX,1,2,2,1,1,0,1,1,4,1,3,0,1,5,0,1,0,0
GTEX-13FLV-0326-SM-5N9DJ,Normal_GTEX,1,0,2,1,3,2,2,4,2,3,2,2,4,1,2,5,3,3
GTEX-ZYFD-1526-SM-5NQ7T,Normal_GTEX,1,0,2,1,3,2,2,4,2,3,2,2,4,1,2,5,3,3
GTEX-13G51-2526-SM-5LZYK,Normal_GTEX,1,0,2,1,3,2,2,4,2,2,1,3,3,4,3,4,7,7
GTEX-Y111-2626-SM-4TT24,Normal_GTEX,1,0,2,1,3,1,2,4,1,3,2,1,4,1,3,5,3,2
GTEX-QV44-0826-SM-2S1RG,Normal_GTEX,1,0,2,1,3,2,1,4,2,1,2,2,2,1,2,3,3,3
GTEX-RVPU-0011-R6A-SM-2XCAC,Normal_GTEX,3,1,0,3,2,3,4,3,0,5,4,5,6,3,6,7,4,4
GTEX-PWN1-1526-SM-48TDA,Normal_GTEX,1,0,2,1,3,2,2,4,2,3,2,2,4,1,2,5,3,3
GTEX-111YS-1926-SM-5GICC,Normal_GTEX,1,0,2,1,3,2,1,4,2,1,2,0,2,0,5,3,3,6
GTEX-XLM4-2026-SM-4AT4X,Normal_GTEX,1,2,2,1,1,0,1,1,4,1,3,0,2,5,0,2,0,0
GTEX-ZAJG-2626-SM-5S2NU,Normal_GTEX,1,2,2,1,1,0,1,1,4,1,3,0,1,5,5,1,0,0
GTEX-13112-2826-SM-5DUWH,Normal_GTEX,1,0,2,1,3,2,2,4,2,2,1,3,3,4,3,4,7,7
GTEX-XUZC-1026-SM-4BOPY,Normal_GTEX,1,2,2,1,1,0,1,1,4,1,3,0,1,5,0,1,0,5
GTEX-XOTO-0006-SM-4B64T,Normal_GTEX,3,1,0,4,2,3,5,2,3,6,5,4,7,2,4,8,1,1
GTEX-ZG7Y-1826-SM-4WWD3,Normal_GTEX,1,2,2,1,1,0,1,1,4,1,3,0,1,5,5,1,0,0
GTEX-S33H-1626-SM-4AD68,Normal_GTEX,1,0,2,1,3,2,2,4,2,3,2,2,4,1,2,5,3,3
GTEX-13X6I-0011-R11a-SM-5P9HN,Normal_GTEX,3,1,0,3,2,3,4,3,0,5,4,5,6,3,6,7,4,4
TCGA-E9-A1N6-11,Normal_TCGA,1,0,1,1,0,1,1,0,1,1,0,1,2,6,1,3,2,2
GTEX-13S7M-3126-SM-5RQJQ,Normal_GTEX,3,1,0,3,2,3,4,3,0,5,4,5,6,3,6,7,4,4
GTEX-ZVT4-0326-SM-51MS5,Normal_GTEX,1,2,2,1,1,0,1,1,4,1,1,4,2,0,0,2,6,6
GTEX-145MI-0826-SM-5SI95,Normal_GTEX,1,2,2,1,1,0,1,1,4,1,1,0,2,0,5,3,6,6
GTEX-ZYFD-0326-SM-5NQ8I,Normal_GTEX,1,2,2,1,1,0,1,1,4,1,1,4,2,0,0,2,6,6
GTEX-R55C-1926-SM-2TF4K,Normal_GTEX,1,2,2,1,1,0,1,1,4,1,1,0,2,0,3,3,6,6
GTEX-11PRG-0005-SM-5NQ6X,Normal_GTEX,3,1,0,4,2,3,5,2,3,6,5,4,7,2,4,8,1,1
GTEX-13113-1726-SM-5GCOO,Normal_GTEX,1,0,2,1,3,2,1,4,2,1,1,0,2,0,5,3,6,6
GTEX-Y5LM-1626-SM-4VDTB,Normal_GTEX,1,0,2,1,3,2,2,4,2,3,2,2,4,1,2,5,3,3
TCGA-E9-A1R3-01,LumA,2,0,1,2,0,1,3,0,1,4,0,1,5,6,1,6,2,2
TCGA-E2-A1LG-01,Basal,2,0,1,2,0,1,3,0,1,4,0,1,5,6,1,6,2,2
GTEX-X5EB-2326-SM-46MW5,Normal_GTEX,1,2,2,1,1,0,1,1,4,1,1,4,2,0,0,2,6,6
GTEX-Y8LW-1026-SM-5IFJY,Normal_GTEX,1,0,2,1,3,2,2,4,2,3,2,2,4,1,2,5,3,3
GTEX-S341-0526-SM-4AD5U,Normal_GTEX,1,0,2,1,3,2,2,4,2,2,1,3,3,4,3,4,7,7
GTEX-ZDXO-0011-R3a-SM-4WKFS,Normal_GTEX,3,1,0,3,2,3,4,3,0,5,4,5,6,3,6,7,4,4
GTEX-111FC-2926-SM-5GZY7,Normal_GTEX,1,0,2,1,3,1,2,4,1,3,2,3,4,4,3,5,7,7
GTEX-117YW-0426-SM-5GZZZ,Normal_GTEX,1,2,2,1,1,0,1,1,4,1,3,0,2,5,0,2,0,0
GTEX-ZVZP-0006-SM-51MSW,Normal_GTEX,3,1,0,4,2,3,5,2,3,6,5,4,7,2,4,8,1,1
GTEX-12WSL-0326-SM-5CVMK,Normal_GTEX,1,2,0,1,1,3,2,1,4,3,2,2,4,1,2,5,5,5
GTEX-ZUA1-2626-SM-5NQ92,Normal_GTEX,1,0,2,1,3,2,2,4,2,2,1,3,3,4,3,4,7,7
GTEX-1122O-0826-SM-5GICV,Normal_GTEX,1,2,2,1,1,0,1,1,4,1,3,0,2,5,0,2,0,0
GTEX-13RTJ-0011-R3a-SM-5PNX7,Normal_GTEX,3,1,0,3,2,3,4,3,0,5,4,5,6,3,6,7,4,4
GTEX-11EQ9-1726-SM-5HL6U,Normal_GTEX,1,0,2,1,3,2,1,4,2,1,3,2,1,5,2,1,0,3
GTEX-PVOW-0126-SM-2XCFA,Normal_GTEX,1,0,2,1,3,2,2,4,2,2,1,3,3,4,3,4,7,7
GTEX-139D8-2326-SM-5IFGE,Normal_GTEX,1,0,2,1,3,2,2,4,2,3,2,2,4,1,5,5,3,3
GTEX-139UC-0011-R4a-SM-5K7XM,Normal_GTEX,3,1,0,3,2,3,4,3,0,5,4,5,6,3,6,7,4,4
GTEX-XQ3S-1126-SM-4BOPK,Normal_GTEX,1,0,2,1,3,2,2,4,2,2,1,3,3,4,3,4,7,7
GTEX-1399S-1426-SM-5PNYQ,Normal_GTEX,1,2,2,1,1,0,1,1,4,1,3,0,2,0,5,3,6,6
GTEX-11P7K-0126-SM-5986E,Normal_GTEX,1,2,0,1,1,3,2,1,4,3,2,2,4,1,2,5,5,5
GTEX-1212Z-2826-SM-59HJ5,Normal_GTEX,1,2,2,1,1,0,1,1,4,1,3,0,1,5,0,1,0,0
GTEX-Y114-1126-SM-4TT7V,Normal_GTEX,1,2,2,1,1,0,1,1,4,1,3,0,1,5,5,1,0,0
GTEX-14B4R-0006-SM-5O9A7,Normal_GTEX,3,1,0,4,2,3,5,2,3,6,5,4,7,2,4,8,1,1
GTEX-Y5V5-2426-SM-5IFJA,Normal_GTEX,1,2,2,1,1,0,1,1,4,1,1,0,2,0,5,3,6,6
TCGA-E2-A1LK-01,Basal,2,0,1,2,0,1,3,0,1,4,0,1,5,6,1,6,2,2
GTEX-X5EB-2426-SM-4E3HX,Normal_GTEX,1,2,2,1,1,0,1,1,4,1,1,0,2,0,5,3,6,6
GTEX-X261-0011-R8A-SM-4E3I5,Normal_GTEX,3,1,0,3,2,3,4,3,0,5,4,5,6,3,6,7,4,4
GTEX-12126-0926-SM-5FQTW,Normal_GTEX,3,1,0,3,2,3,4,3,0,5,4,5,6,3,6,7,4,4
GTEX-11DXX-2126-SM-5PNYR,Normal_GTEX,1,0,2,1,3,2,2,4,2,2,1,3,3,4,3,4,7,7
GTEX-11PRG-0926-SM-5EGI8,Normal_GTEX,1,0,2,1,3,2,2,4,2,3,2,2,4,1,2,5,3,3
GTEX-OXRN-1726-SM-3NM9B,Normal_GTEX,1,0,2,1,3,2,2,4,2,2,1,3,3,4,3,4,7,7
GTEX-13JUV-2326-SM-5IJCE,Normal_GTEX,1,2,2,1,1,0,1,1,4,1,1,4,2,0,0,2,6,6
GTEX-11ONC-1926-SM-5GU75,Normal_GTEX,1,0,2,1,3,0,1,4,4,1,2,0,1,1,5,1,3,0
GTEX-113JC-0006-SM-5O997,Normal_GTEX,3,1,0,4,2,3,5,2,3,6,5,4,7,2,4,8,1,1
GTEX-13X6K-0426-SM-5O9DZ,Normal_GTEX,1,2,2,1,1,0,1,1,4,1,1,0,2,0,3,3,6,6
GTEX-13PL7-0726-SM-5KM1S,Normal_GTEX,1,2,2,1,1,0,1,1,4,1,3,0,2,5,0,2,0,0
GTEX-13O21-1026-SM-5IJDU,Normal_GTEX,1,0,2,1,3,2,2,4,2,3,2,2,4,1,2,5,3,3
GTEX-13QJ3-1926-SM-5QGQM,Normal_GTEX,1,2,2,1,1,0,1,1,4,1,3,0,1,5,5,1,0,0
GTEX-ZPU1-0726-SM-5HL6O,Normal_GTEX,1,2,2,1,1,0,1,1,4,1,3,0,2,5,0,2,0,0
GTEX-Y8E4-2226-SM-5LU94,Normal_GTEX,1,0,0,1,3,2,2,3,2,3,4,5,4,3,6,5,4,4
GTEX-X4XY-0926-SM-4E3JD,Normal_GTEX,1,2,2,1,1,0,1,1,4,1,1,0,2,0,5,3,6,6
GTEX-111YS-2426-SM-5GZZQ,Normal_GTEX,1,2,2,1,1,0,1,1,4,1,1,0,2,0,5,3,6,6
TCGA-B6-A0RT-01,Basal,2,0,1,2,0,1,3,0,1,4,0,1,5,6,1,6,2,2
TCGA-BH-A0HB-01,LumA,2,0,1,2,0,1,3,0,1,4,0,1,5,6,1,6,2,2
GTEX-PLZ6-0526-SM-3P61C,Normal_GTEX,1,0,2,1,3,2,2,4,2,2,1,3,3,4,3,4,7,7
GTEX-QCQG-0226-SM-48U28,Normal_GTEX,1,1,0,1,2,3,2,4,3,3,2,2,4,1,2,5,3,3
TCGA-C8-A3M7-01,LumA,2,0,1,2,0,1,3,0,1,4,0,1,5,6,1,6,2,2
GTEX-VUSH-0526-SM-3NB2J,Normal_GTEX,1,2,2,1,1,0,1,1,4,1,3,0,1,5,0,1,0,0
GTEX-X8HC-0008-SM-46MU6,Normal_GTEX,3,2,2,4,1,0,5,1,3,6,1,4,7,0,0,8,5,5
GTEX-14ASI-0011-R8b-SM-5S2UB,Normal_GTEX,3,1,0,3,2,3,4,3,0,5,4,5,6,3,6,7,4,4
GTEX-X4LF-0002-SM-4QASG,Normal_GTEX,3,1,0,4,2,3,5,2,3,6,5,4,7,2,4,8,1,1
GTEX-14A5I-2826-SM-5SIBF,Normal_GTEX,3,1,0,3,2,3,4,3,0,5,4,5,6,3,6,7,4,4
GTEX-14E7W-1326-SM-5RQIV,Normal_GTEX,1,0,2,1,3,2,2,4,2,3,2,2,4,1,2,5,3,3
TCGA-A2-A25E-01,LumB,2,0,1,2,0,1,3,0,1,4,0,1,5,6,1,6,2,2
GTEX-12WSL-2626-SM-5GCNV,Normal_GTEX,1,2,2,1,1,0,1,1,4,1,3,0,1,5,0,1,0,0
GTEX-113JC-0126-SM-5EGJW,Normal_GTEX,1,0,2,1,3,2,1,4,2,1,2,2,2,1,2,3,3,3
GTEX-147F3-0726-SM-5NQ9U,Normal_GTEX,1,0,2,1,3,2,2,4,2,3,2,2,4,1,2,5,3,3
GTEX-12WSA-0011-R2a-SM-57WDK,Normal_GTEX,3,1,0,3,2,3,4,3,0,5,4,5,6,3,6,7,4,4
GTEX-U8T8-1126-SM-4DXUE,Normal_GTEX,1,0,0,1,3,2,2,3,2,3,4,5,4,3,6,5,4,4
GTEX-V1D1-0926-SM-4JBHQ,Normal_GTEX,1,0,2,1,3,2,1,4,2,1,2,2,2,1,2,3,3,3
TCGA-A8-A07C-01,Basal,2,0,1,2,0,1,3,0,1,4,0,1,5,6,1,6,2,2
GTEX-P78B-0826-SM-3NMCA,Normal_GTEX,1,2,2,1,1,0,1,1,4,1,3,0,1,5,0,1,0,0
GTEX-WFON-0326-SM-3GIKX,Normal_GTEX,1,2,2,1,1,0,1,1,4,1,3,0,2,5,0,2,0,0
GTEX-ZXES-1226-SM-5NQ8G,Normal_GTEX,1,2,2,1,1,0,1,1,4,1,3,0,1,5,5,1,0,0
GTEX-XQ3S-1426-SM-4BOPR,Normal_GTEX,1,0,2,1,3,2,2,4,2,2,1,3,3,4,3,4,7,7
GTEX-13VXT-1726-SM-5IFF5,Normal_GTEX,1,0,2,1,3,1,2,4,1,3,2,1,4,1,3,5,3,2
GTEX-ZC5H-2626-SM-5J2MG,Normal_GTEX,1,0,2,1,3,2,1,4,2,1,1,0,2,6,5,3,2,6
GTEX-14E1K-0426-SM-5S2PF,Normal_GTEX,1,2,2,1,1,0,1,1,4,1,3,0,2,0,5,3,6,6
GTEX-POMQ-0126-SM-48TD6,Normal_GTEX,1,1,0,1,2,3,2,2,3,3,2,2,4,1,2,5,3,3
GTEX-QXCU-1926-SM-48FE4,Normal_GTEX,1,0,2,1,3,2,2,4,2,3,2,2,4,1,2,5,3,3
GTEX-12WS9-1526-SM-5FQT4,Normal_GTEX,1,0,2,1,3,2,2,4,2,2,1,3,3,4,3,4,7,7
GTEX-13N2G-0526-SM-5MR5L,Normal_GTEX,1,2,2,1,1,0,1,1,4,1,3,0,1,5,0,1,0,0
GTEX-U8XE-2026-SM-3DB8S,Normal_GTEX,1,0,2,1,3,2,2,4,2,3,2,2,4,1,2,5,3,3
GTEX-13S86-1626-SM-5Q5C5,Normal_GTEX,1,0,2,1,3,2,2,4,2,3,2,2,4,1,2,5,3,3
GTEX-139TT-0726-SM-5K7XW,Normal_GTEX,1,0,2,1,3,2,2,4,2,3,2,2,4,1,2,5,3,3
GTEX-14ICL-0326-SM-5S2OS,Normal_GTEX,1,2,2,1,1,0,1,1,4,1,3,0,1,5,0,1,0,0
GTEX-NPJ7-0011-R1a-SM-3GACT,Normal_GTEX,3,1,0,3,2,3,4,3,0,5,4,5,6,3,6,7,4,4
GTEX-12WSN-0226-SM-5DUXH,Normal_GTEX,1,2,2,1,1,0,1,1,4,1,3,0,2,5,0,2,0,0
GTEX-UPIC-0526-SM-4WWCQ,Normal_GTEX,1,2,2,1,1,0,1,1,4,1,3,0,1,5,0,1,0,0
GTEX-14A6H-2826-SM-5QGPM,Normal_GTEX,1,2,2,1,1,0,1,1,4,1,1,4,2,0,0,2,6,6
GTEX-13N2G-0011-R6b-SM-5MR3P,Normal_GTEX,3,1,0,3,2,3,4,3,0,5,4,5,6,3,6,7,4,4
GTEX-WQUQ-1826-SM-4OOSD,Normal_GTEX,1,2,2,1,1,0,1,1,4,1,3,0,1,5,5,1,0,0
GTEX-11TUW-3026-SM-5EGKM,Normal_GTEX,1,1,0,1,2,3,2,3,0,3,4,5,4,3,6,5,4,4
GTEX-NPJ8-1826-SM-2YUNC,Normal_GTEX,1,2,2,1,1,0,1,1,4,1,3,0,1,5,0,1,0,0
GTEX-1212Z-1026-SM-5EGJ8,Normal_GTEX,1,0,2,1,3,2,2,4,2,3,2,2,4,1,2,5,3,3
GTEX-NPJ7-0011-R4a-SM-2I3GJ,Normal_GTEX,3,1,0,3,2,3,4,3,0,5,4,5,6,3,6,7,4,4
GTEX-X261-0526-SM-4PQYS,Normal_GTEX,1,2,2,1,1,0,1,1,4,1,3,0,1,5,0,1,0,0
GTEX-12ZZX-2126-SM-5LZVL,Normal_GTEX,1,2,2,1,1,0,1,1,4,1,3,0,1,5,5,1,0,0
TCGA-E9-A245-01,LumA,2,0,1,2,0,1,3,0,1,4,0,1,5,6,1,6,2,2
GTEX-S3XE-2026-SM-3K2B5,Normal_GTEX,1,2,2,1,1,0,1,1,4,1,1,4,2,0,0,2,6,6
TCGA-A7-A0DB-11,Normal_TCGA,1,2,1,1,0,1,1,0,1,1,0,1,2,0,1,3,6,2
GTEX-ZYFG-0226-SM-5GIDT,Normal_GTEX,1,0,2,1,3,2,2,4,2,3,2,2,4,1,2,5,3,3
GTEX-XYKS-2526-SM-4BOPX,Normal_GTEX,1,2,2,1,1,0,1,1,4,1,1,0,2,0,3,3,6,6
TCGA-B6-A0X0-01,LumA,2,0,1,2,0,1,3,0,1,4,0,1,5,6,1,6,2,2
GTEX-NL3H-0011-R6a-SM-2I3G8,Normal_GTEX,3,1,0,3,2,3,4,3,0,5,4,5,6,3,6,7,4,4
GTEX-13N2G-0226-SM-5K7VF,Normal_GTEX,1,0,2,1,3,2,2,4,2,2,1,3,3,4,3,4,7,7
GTEX-W5WG-1826-SM-4KL2Y,Normal_GTEX,1,0,2,1,3,2,2,4,2,2,1,3,3,4,3,4,7,7
GTEX-XUJ4-2626-SM-4BOQ3,Normal_GTEX,1,2,2,1,1,0,1,1,4,1,1,4,2,0,0,2,6,6
GTEX-UJMC-1926-SM-3GADS,Normal_GTEX,1,2,2,1,1,0,1,1,4,1,1,0,2,0,3,3,6,6
GTEX-14753-2526-SM-5LU97,Normal_GTEX,1,2,2,1,1,0,1,1,4,1,2,0,2,0,5,3,6,6
GTEX-11VI4-1226-SM-5EQMP,Normal_GTEX,1,2,2,1,1,0,1,1,4,1,3,0,2,5,5,3,0,6
GTEX-ZAB4-0626-SM-5CVN3,Normal_GTEX,1,0,2,1,3,2,2,4,2,3,2,2,4,1,2,5,3,3
GTEX-ZAB4-0011-R10a-SM-4SOKH,Normal_GTEX,3,1,0,3,2,3,4,3,0,5,4,5,6,3,6,7,4,4
GTEX-R55E-2726-SM-48FCX,Normal_GTEX,1,1,0,1,2,3,2,3,0,3,4,5,4,3,6,5,4,4
GTEX-1192X-2326-SM-5987X,Normal_GTEX,1,0,2,1,3,2,1,4,2,1,1,0,2,0,5,3,6,6
GTEX-11GS4-0826-SM-5986J,Normal_GTEX,1,0,2,1,3,2,1,4,2,1,2,2,2,1,2,3,3,3
GTEX-QXCU-0008-SM-48FCH,Normal_GTEX,3,2,2,4,1,0,5,2,3,6,5,4,7,2,0,8,5,5
GTEX-13SLW-0011-R11a-SM-5SI8Q,Normal_GTEX,3,1,0,3,2,3,4,3,0,5,4,5,6,3,6,7,4,4
GTEX-13OW6-0826-SM-5L3GA,Normal_GTEX,1,0,2,1,3,2,2,4,2,3,2,2,4,1,2,5,3,3
TCGA-AR-A2LM-01,LumA,2,0,1,2,0,1,3,0,1,4,0,1,5,6,1,6,2,2
GTEX-WHSB-0002-SM-4M1ZR,Normal_GTEX,3,1,0,4,2,3,5,2,3,6,5,4,7,2,4,8,1,1
GTEX-SNMC-1426-SM-2XCFM,Normal_GTEX,1,2,2,1,1,0,1,1,4,1,1,4,2,0,0,2,6,6
GTEX-X3Y1-1926-SM-4PQZO,Normal_GTEX,1,0,2,1,3,1,2,4,1,3,2,1,4,1,3,5,3,2
GTEX-V955-2626-SM-3NM9F,Normal_GTEX,1,2,2,1,1,0,1,1,4,1,3,0,1,5,0,1,0,0
GTEX-XXEK-1626-SM-4BRUZ,Normal_GTEX,1,0,2,1,3,2,2,4,2,2,1,3,3,4,3,4,7,7
GTEX-139TS-1726-SM-5IJG5,Normal_GTEX,1,0,0,1,3,2,2,3,2,3,4,5,4,3,6,5,4,4
GTEX-U412-1826-SM-4DXTJ,Normal_GTEX,1,0,2,1,3,2,1,4,2,1,2,0,2,0,5,3,3,6
GTEX-11DXY-0526-SM-5EGGQ,Normal_GTEX,1,0,2,1,3,2,2,4,2,3,2,2,4,1,2,5,3,3
GTEX-11WQK-3026-SM-5EQL6,Normal_GTEX,3,1,0,3,2,3,4,3,0,5,4,5,6,3,6,7,4,4
GTEX-1399R-0226-SM-5IJGG,Normal_GTEX,1,1,0,1,2,3,2,4,3,3,2,2,4,1,2,5,3,3
GTEX-PVOW-0726-SM-2XCF5,Normal_GTEX,1,2,2,1,1,0,1,1,4,1,3,0,1,5,0,1,0,0
GTEX-ZYT6-1426-SM-5E43U,Normal_GTEX,1,2,2,1,1,0,1,1,4,1,1,0,2,0,3,3,6,6
GTEX-13QBU-2226-SM-5K7WI,Normal_GTEX,1,2,2,1,1,0,1,1,4,1,3,0,1,5,0,1,0,0
GTEX-XUW1-1126-SM-4BONZ,Normal_GTEX,1,2,2,1,1,0,1,1,4,1,3,0,1,5,0,1,0,0
GTEX-11TTK-0226-SM-5N9EC,Normal_GTEX,1,2,2,1,1,0,1,1,4,1,1,0,2,0,5,3,6,6
TCGA-A8-A06Q-01,LumB,2,0,1,2,0,1,3,0,1,4,0,1,5,6,1,6,2,2
GTEX-1117F-2426-SM-5EGGH,Normal_GTEX,1,2,2,1,1,0,1,1,4,1,3,0,1,5,5,1,0,0
GTEX-131XW-0011-R6b-SM-5K7XY,Normal_GTEX,3,1,0,3,2,3,4,3,0,5,4,5,6,3,6,7,4,4
GTEX-12696-0626-SM-5EGGD,Normal_GTEX,1,1,0,1,2,3,2,3,4,3,2,2,4,1,2,5,4,5
TCGA-E9-A1R0-01,LumA,2,0,1,2,0,1,3,0,1,4,0,1,5,6,1,6,2,2
GTEX-13113-1326-SM-5GCOI,Normal_GTEX,1,0,2,1,3,2,2,4,2,3,2,2,4,1,2,5,3,3
GTEX-1122O-0526-SM-5N9DM,Normal_GTEX,1,1,0,1,2,3,2,4,3,3,2,2,4,1,2,5,3,3
GTEX-145LT-1726-SM-5QGP3,Normal_GTEX,1,0,2,1,3,2,2,4,2,2,1,3,3,4,3,4,7,7
GTEX-ZYFD-2226-SM-5E43P,Normal_GTEX,1,2,2,1,1,0,1,1,4,1,3,0,1,5,5,1,0,0
GTEX-13X6H-1526-SM-5Q5E2,Normal_GTEX,1,2,2,1,1,0,1,1,4,1,3,0,1,5,5,1,0,0
GTEX-Y3IK-2126-SM-4YCDS,Normal_GTEX,1,2,2,1,1,0,1,1,4,1,3,0,1,5,5,1,0,0
GTEX-13X6K-0326-SM-5Q5D6,Normal_GTEX,1,2,2,1,1,0,1,1,4,1,1,4,2,0,0,2,6,6
GTEX-111FC-1426-SM-5N9C7,Normal_GTEX,1,2,2,1,1,0,1,1,4,1,2,0,2,0,5,3,6,6
GTEX-N7MT-1126-SM-2YUNQ,Normal_GTEX,3,1,0,3,2,3,4,3,0,5,4,5,6,3,6,7,4,4
GTEX-SNOS-1626-SM-3NMA4,Normal_GTEX,1,2,2,1,1,0,1,1,4,1,1,0,2,0,3,3,6,6
GTEX-WEY5-0626-SM-4LMIA,Normal_GTEX,1,2,2,1,1,0,1,1,4,1,3,0,1,5,5,1,0,0
GTEX-WYJK-0926-SM-4ONCF,Normal_GTEX,1,2,2,1,1,0,1,1,4,1,3,0,1,5,0,1,0,0
GTEX-1122O-2426-SM-5GIDN,Normal_GTEX,1,2,2,1,1,0,1,1,4,1,1,4,2,0,0,2,6,6
GTEX-WHSB-2126-SM-4M1XF,Normal_GTEX,1,0,0,1,3,2,2,3,2,3,4,5,4,3,6,5,4,4
TCGA-BH-A0DZ-01,LumA,2,0,1,2,0,1,3,0,1,4,0,1,5,6,1,6,2,2
GTEX-14E7W-1926-SM-5S2R9,Normal_GTEX,1,2,2,1,1,0,1,1,4,1,3,0,1,5,5,1,0,0
GTEX-1477Z-1626-SM-5SIA8,Normal_GTEX,1,2,2,1,1,0,1,1,4,1,1,4,2,0,0,2,6,6
GTEX-WL46-2926-SM-3LK82,Normal_GTEX,3,1,0,3,2,3,4,3,0,5,4,5,6,3,6,7,4,4
GTEX-12BJ1-0326-SM-5FQUB,Normal_GTEX,1,2,2,1,1,0,1,1,4,1,3,0,2,5,0,2,0,0
GTEX-ZTTD-0008-SM-51MQV,Normal_GTEX,3,2,2,4,1,0,5,1,3,6,5,4,7,2,0,8,5,5
GTEX-13CF2-3226-SM-5IFF6,Normal_GTEX,1,1,0,1,2,3,2,3,0,3,4,5,4,3,6,5,4,4
GTEX-14AS3-1526-SM-5Q5ED,Normal_GTEX,1,0,2,1,3,2,2,4,2,2,1,3,3,4,3,4,7,7
GTEX-1117F-0226-SM-5GZZ7,Normal_GTEX,1,2,2,1,1,0,1,1,4,1,1,0,2,0,5,3,6,6
GTEX-W5X1-2626-SM-4LMI8,Normal_GTEX,1,2,2,1,1,0,1,1,4,1,1,0,2,0,5,3,6,6
GTEX-14B4R-0426-SM-5Q5EI,Normal_GTEX,1,2,2,1,1,0,1,1,4,1,3,0,1,5,5,1,0,0
GTEX-V955-1126-SM-4JBH3,Normal_GTEX,1,0,2,1,3,2,2,4,2,2,1,3,3,4,3,4,7,7
GTEX-13OVG-0426-SM-5KM2T,Normal_GTEX,1,2,2,1,1,0,1,1,4,1,3,0,2,5,0,2,0,0
GTEX-11LCK-0526-SM-5A5M9,Normal_GTEX,1,0,2,1,3,2,1,4,2,1,2,2,2,1,2,3,3,3
TCGA-AN-A0XP-01,LumA,2,0,1,2,0,1,3,0,1,4,0,1,5,6,1,6,2,2
GTEX-ZVT4-0008-SM-57WCA,Normal_GTEX,3,2,2,4,1,0,5,1,3,6,1,4,7,2,0,8,5,5
GTEX-YECK-2826-SM-5IFHF,Normal_GTEX,1,2,2,1,1,0,1,1,4,1,3,0,1,5,5,1,0,0
GTEX-OIZI-1326-SM-3NB1B,Normal_GTEX,1,2,2,1,1,0,1,1,4,1,3,0,1,5,5,1,0,0
GTEX-ZC5H-0008-SM-4WAX8,Normal_GTEX,3,2,2,4,1,0,5,1,3,6,1,4,7,2,0,8,5,5
GTEX-ZDXO-2926-SM-4WKFM,Normal_GTEX,3,1,0,3,2,3,4,3,0,5,4,5,6,3,6,7,4,4
GTEX-OXRL-0426-SM-3NM97,Normal_GTEX,1,2,2,1,1,0,1,1,4,1,3,0,1,5,0,1,0,0
GTEX-YEC3-2526-SM-5CVLS,Normal_GTEX,1,0,2,1,3,2,2,4,2,2,1,3,3,4,3,4,7,7
GTEX-11P7K-1226-SM-5HL4X,Normal_GTEX,1,2,2,1,1,0,1,1,4,1,3,0,1,5,5,1,0,0
GTEX-13112-2726-SM-5DUW5,Normal_GTEX,1,2,2,1,1,0,1,1,4,1,1,0,2,0,5,3,6,6
GTEX-T6MO-0003-SM-3NMAG,Normal_GTEX,3,1,0,4,2,3,5,2,3,6,5,4,7,2,4,8,1,1
TCGA-E2-A1IN-01,LumA,2,0,1,2,0,1,3,0,1,4,0,1,5,6,1,6,2,2
GTEX-ZTPG-2026-SM-5O999,Normal_GTEX,1,2,2,1,1,0,1,1,4,1,3,0,1,5,5,1,0,0
GTEX-RVPU-0005-SM-2TF6L,Normal_GTEX,3,1,0,4,2,3,5,2,3,6,5,4,7,2,4,8,1,1
GTEX-1211K-2326-SM-5FQU7,Normal_GTEX,1,2,2,1,1,0,1,1,4,1,1,0,2,0,3,3,6,6
TCGA-E2-A1L7-01,LumB,2,0,1,2,0,1,3,0,1,4,0,1,5,6,1,6,2,2
GTEX-11P81-1026-SM-5GU54,Normal_GTEX,1,2,2,1,1,0,1,1,4,1,3,0,1,5,5,1,0,0
GTEX-ZF28-2526-SM-57WFH,Normal_GTEX,1,2,2,1,1,0,1,1,4,1,3,0,1,5,5,1,0,0
GTEX-1399T-0011-R4b-SM-5DUVX,Normal_GTEX,3,1,0,3,2,3,4,3,0,5,4,5,6,3,6,7,4,4
TCGA-A8-A095-01,LumB,2,0,1,2,0,1,3,0,1,4,0,1,5,6,1,6,2,2
GTEX-13S86-0126-SM-5S2PI,Normal_GTEX,1,1,0,1,2,3,2,2,3,3,2,2,4,1,2,5,3,3
GTEX-13U4I-1526-SM-5IFFF,Normal_GTEX,1,0,2,1,3,2,2,4,2,3,2,2,4,1,2,5,3,3
GTEX-12ZZW-0011-R7a-SM-5DUWC,Normal_GTEX,3,1,0,3,2,3,4,3,0,5,4,5,6,3,6,7,4,4
GTEX-13X6K-2726-SM-5O9DG,Normal_GTEX,1,2,2,1,1,0,1,1,4,1,3,0,1,5,5,1,0,0
GTEX-1122O-1126-SM-5NQ8X,Normal_GTEX,1,2,2,1,1,0,1,1,4,1,3,0,1,5,0,1,0,0
GTEX-QDT8-0626-SM-48TYW,Normal_GTEX,1,0,2,1,3,2,1,4,2,1,1,0,2,5,5,3,6,6
GTEX-139T6-1326-SM-5IFFO,Normal_GTEX,1,0,2,1,3,2,2,4,2,3,2,2,4,1,2,5,3,3
GTEX-PLZ6-0726-SM-3P619,Normal_GTEX,1,0,2,1,3,2,2,4,2,3,2,2,4,1,2,5,3,3
GTEX-OOBJ-2026-SM-3NB1R,Normal_GTEX,1,0,2,1,3,2,1,4,2,1,2,2,1,1,2,1,3,3
GTEX-12BJ1-1926-SM-5HL9Z,Normal_GTEX,1,0,2,1,3,2,2,4,2,3,2,2,4,1,2,5,3,3
GTEX-11DXY-0006-SM-5NQ8N,Normal_GTEX,3,1,0,4,2,3,5,2,3,6,5,4,7,2,4,8,1,1
GTEX-14BIM-2726-SM-5Q5EG,Normal_GTEX,1,2,2,1,1,0,1,1,4,1,3,0,2,5,0,2,0,0
GTEX-RU72-1426-SM-46MUF,Normal_GTEX,1,0,2,1,3,2,2,4,2,3,2,2,4,1,2,5,3,3
GTEX-Y9LG-1426-SM-5IFJZ,Normal_GTEX,1,2,2,1,1,0,1,1,4,1,1,0,2,0,5,3,6,6
GTEX-13FTW-1626-SM-5KM4N,Normal_GTEX,1,0,2,1,3,2,2,4,2,2,1,3,3,4,3,4,7,7
GTEX-XQ8I-2426-SM-4WAXY,Normal_GTEX,1,2,2,1,1,0,1,1,4,1,1,0,2,0,5,3,6,6
GTEX-111FC-0426-SM-5N9CV,Normal_GTEX,1,2,2,1,1,0,1,1,4,1,3,0,1,5,0,1,0,0
GTEX-XXEK-1926-SM-4BRVD,Normal_GTEX,1,2,2,1,1,0,1,1,4,1,3,0,1,5,5,1,0,0
GTEX-13OVI-1326-SM-5IJBO,Normal_GTEX,1,2,2,1,1,0,1,1,4,1,1,0,2,0,5,3,6,6
GTEX-13OW8-2426-SM-5L3ID,Normal_GTEX,1,2,2,1,1,0,1,1,4,1,3,0,1,5,5,1,0,0
GTEX-1211K-0126-SM-59HJE,Normal_GTEX,1,1,0,1,2,3,2,1,4,3,2,2,4,1,2,5,5,5
GTEX-PLZ6-0626-SM-5K7WJ,Normal_GTEX,1,2,2,1,1,0,1,1,4,1,3,0,1,5,5,1,0,0
GTEX-R55F-0005-SM-2TF4W,Normal_GTEX,3,1,0,4,2,3,5,2,3,6,5,4,7,2,4,8,1,1
GTEX-1445S-0011-R2b-SM-5PNUH,Normal_GTEX,3,1,0,3,2,3,4,3,0,5,4,5,6,3,6,7,4,4
GTEX-139T8-0126-SM-5K7XZ,Normal_GTEX,1,0,2,1,3,2,2,4,2,2,1,3,3,4,3,4,7,7
TCGA-BH-A0EA-01,LumA,2,0,1,2,0,1,3,0,1,4,0,1,5,6,1,6,2,2
GTEX-TMMY-2226-SM-4DXTN,Normal_GTEX,1,2,2,1,1,0,1,1,4,1,3,0,1,5,5,1,0,0
GTEX-11DXZ-0426-SM-5987Y,Normal_GTEX,1,2,2,1,1,0,1,1,4,1,3,0,1,5,0,1,0,0
GTEX-R55E-0011-R11A-SM-2TC6I,Normal_GTEX,3,1,0,3,2,3,4,3,0,5,4,5,6,3,6,7,4,4
GTEX-11DXZ-0006-SM-5LZZH,Normal_GTEX,3,1,0,4,2,3,5,2,3,6,5,4,7,2,4,8,1,1
GTEX-QMR6-1326-SM-32PLB,Normal_GTEX,3,1,0,3,2,3,4,3,0,5,4,5,6,3,6,7,4,4
GTEX-UJHI-0426-SM-3DB8Y,Normal_GTEX,1,2,2,1,1,0,1,1,4,1,3,0,2,5,0,2,0,0
GTEX-147F4-0011-R8b-SM-5S2UN,Normal_GTEX,3,1,0,3,2,3,4,3,0,5,4,5,6,3,6,7,4,4
GTEX-139TS-0011-R10a-SM-5K7TU,Normal_GTEX,3,1,0,3,2,3,4,3,0,5,4,5,6,3,6,7,4,4
TCGA-E2-A15A-01,LumB,2,0,1,2,0,1,3,0,1,4,0,1,5,6,1,6,2,2
GTEX-Y5V6-2326-SM-4VDSA,Normal_GTEX,1,0,2,1,3,2,2,4,2,2,1,3,3,4,3,4,7,7
GTEX-12WSB-0011-R7b-SM-5GU6V,Normal_GTEX,3,1,0,3,2,3,4,3,0,5,4,5,6,3,6,7,4,4
GTEX-13IVO-0011-R11b-SM-5LZXQ,Normal_GTEX,3,1,0,3,2,3,4,3,0,5,4,5,6,3,6,7,4,4
TCGA-E9-A2JT-01,LumA,2,0,1,2,0,1,3,0,1,4,0,1,5,6,1,6,2,2
GTEX-13CF3-1026-SM-5LZWY,Normal_GTEX,1,0,2,1,3,2,2,4,2,3,2,2,4,1,2,5,3,3
GTEX-ZF28-0005-SM-4WKH3,Normal_GTEX,3,1,0,4,2,3,5,2,3,6,5,4,7,2,4,8,1,1
GTEX-11DYG-1526-SM-5A5JS,Normal_GTEX,1,0,2,1,3,2,2,4,2,2,1,3,3,4,3,4,7,7
GTEX-Y3IK-0001-SM-4WWE1,Normal_GTEX,3,1,0,4,2,3,5,2,3,6,5,4,7,2,4,8,1,1
GTEX-131XW-0726-SM-5EGK3,Normal_GTEX,1,0,2,1,3,2,1,4,2,1,1,0,2,6,5,3,2,6
GTEX-1212Z-0011-R1b-SM-5BC72,Normal_GTEX,3,1,0,3,2,3,4,3,0,5,4,5,6,3,6,7,4,4
TCGA-BH-A0HQ-01,LumA,2,0,1,2,0,1,3,0,1,4,0,1,5,6,1,6,2,2
TCGA-E2-A3DX-01,LumA,2,0,1,2,0,1,3,0,1,4,0,1,5,6,1,6,2,2
GTEX-13VXT-0005-SM-5N9F3,Normal_GTEX,3,1,0,4,2,3,5,2,3,6,5,4,7,2,4,8,1,1
GTEX-ZAB5-2626-SM-5KM3Y,Normal_GTEX,1,0,2,1,3,2,2,4,2,2,1,0,3,4,3,4,7,7
GTEX-111CU-1426-SM-5GZYP,Normal_GTEX,1,0,2,1,3,2,2,4,2,3,2,2,4,1,2,5,3,3
GTEX-Q2AG-0011-R2A-SM-2HMIT,Normal_GTEX,3,1,0,3,2,3,4,3,0,5,4,5,6,3,6,7,4,4
GTEX-SE5C-1126-SM-4BRWZ,Normal_GTEX,1,0,2,1,3,2,2,4,2,2,1,3,3,4,3,4,7,7
GTEX-YB5K-2426-SM-5IFHP,Normal_GTEX,1,2,2,1,1,0,1,1,4,1,1,0,2,0,3,3,6,6
GTEX-VUSG-2526-SM-4KL1V,Normal_GTEX,1,0,2,1,3,2,2,4,2,2,1,3,3,4,3,4,7,7
GTEX-QDT8-2526-SM-48TYX,Normal_GTEX,1,0,2,1,3,2,2,4,2,2,1,3,3,4,3,4,7,7
GTEX-11H98-0011-R5b-SM-57WCF,Normal_GTEX,3,1,0,3,2,3,4,3,0,5,4,5,6,3,6,7,4,4
GTEX-P4QT-0126-SM-2I3FL,Normal_GTEX,1,0,2,1,3,2,2,4,2,2,1,3,3,4,3,4,7,7
GTEX-POMQ-0006-SM-33HBY,Normal_GTEX,3,1,2,4,2,3,5,2,3,6,5,4,7,2,4,8,1,1
GTEX-1211K-1126-SM-5EGGB,Normal_GTEX,1,0,2,1,3,2,2,4,2,3,2,2,4,1,2,5,3,3
GTEX-ZV7C-2426-SM-5NQ7Q,Normal_GTEX,1,2,2,1,1,0,1,1,4,1,1,4,2,0,0,2,6,6
GTEX-ZTX8-0008-SM-4YCDV,Normal_GTEX,3,2,2,4,1,0,5,2,3,6,5,4,7,2,0,8,5,5
GTEX-SIU7-0001-SM-3NMAW,Normal_GTEX,3,1,0,4,2,3,5,2,3,6,5,4,7,2,4,8,1,1
GTEX-1445S-1226-SM-5O9BF,Normal_GTEX,1,2,2,1,1,0,1,1,4,1,3,0,2,5,0,2,0,0
GTEX-WFJO-1126-SM-4LVLZ,Normal_GTEX,1,2,2,1,1,0,1,1,4,1,3,0,1,5,5,1,0,0
GTEX-WY7C-0626-SM-4ONCT,Normal_GTEX,1,2,2,1,1,0,1,1,4,1,3,0,1,5,0,1,0,0
GTEX-11P7K-0826-SM-5BC5F,Normal_GTEX,1,2,2,1,1,0,1,1,4,1,3,0,2,0,5,3,6,6
TCGA-B6-A0I2-01,Basal,2,0,1,2,0,1,3,2,1,4,5,1,5,6,1,6,1,2
GTEX-11OF3-2526-SM-5P9JL,Normal_GTEX,1,2,2,1,1,0,1,1,4,1,1,4,2,0,0,2,6,6
GTEX-11XUK-2226-SM-5CVLL,Normal_GTEX,1,2,2,1,1,0,1,1,4,1,1,4,2,0,0,2,6,6
GTEX-145LS-2726-SM-5Q5D8,Normal_GTEX,1,2,2,1,1,0,1,1,4,1,3,0,1,5,5,1,0,0
GTEX-XQ8I-0006-SM-4BOQ5,Normal_GTEX,3,1,0,4,2,3,5,2,3,6,5,4,7,2,4,8,1,1
GTEX-ZV68-0011-R7a-SM-51MT4,Normal_GTEX,3,1,0,3,2,3,4,3,0,5,4,5,6,3,6,7,4,4
GTEX-X4XX-0726-SM-4QARS,Normal_GTEX,1,0,0,1,3,3,2,3,2,3,2,5,4,1,6,5,4,4
GTEX-Y8LW-2126-SM-4VBRX,Normal_GTEX,1,2,2,1,1,0,1,1,4,1,1,0,2,0,3,3,6,6
GTEX-12ZZY-0011-R10b-SM-5HL7W,Normal_GTEX,3,1,0,3,2,3,4,3,0,5,4,5,6,3,6,7,4,4
TCGA-A7-A0CH-11,Normal_TCGA,1,0,1,1,0,1,1,0,1,1,0,1,2,6,1,3,2,2
GTEX-ZZ64-0726-SM-5GZX4,Normal_GTEX,1,0,2,1,3,2,2,4,2,3,2,2,4,1,2,5,3,3
GTEX-13S86-2326-SM-5RQK1,Normal_GTEX,1,2,2,1,1,0,1,1,4,1,1,4,2,0,0,2,6,6
GTEX-14753-0326-SM-5QGQB,Normal_GTEX,1,2,2,1,1,0,1,1,4,1,1,0,2,0,5,3,6,6
GTEX-ZDXO-2326-SM-5LU9W,Normal_GTEX,1,2,2,1,1,0,1,1,4,1,3,0,2,0,5,3,6,6
GTEX-12WSK-2026-SM-5CVNB,Normal_GTEX,1,2,2,1,1,0,1,1,4,1,3,0,1,5,5,1,0,0
GTEX-1313W-0826-SM-5EQ4T,Normal_GTEX,1,0,2,1,1,2,1,1,2,1,1,0,2,0,5,3,6,6
GTEX-12WSC-0011-R5b-SM-5CVNS,Normal_GTEX,3,1,0,3,2,3,4,3,0,5,4,5,6,3,6,7,4,4
TCGA-EW-A1PF-01,LumA,2,0,1,2,0,1,3,0,1,4,0,1,5,6,1,6,2,2
GTEX-OHPL-0526-SM-2HMIX,Normal_GTEX,1,0,2,1,3,2,2,4,2,3,2,2,4,1,2,5,3,3
GTEX-11GSO-2926-SM-5HL73,Normal_GTEX,3,1,0,3,2,3,4,3,0,5,4,5,6,3,6,7,4,4
GTEX-117YW-1426-SM-5EGGO,Normal_GTEX,1,0,2,1,3,2,1,4,2,1,2,2,1,1,2,1,3,3
GTEX-SIU8-0226-SM-2XCDS,Normal_GTEX,1,2,2,1,1,0,1,1,4,1,1,0,2,0,5,3,6,6
GTEX-13O3O-0011-R10a-SM-5LUA9,Normal_GTEX,3,1,0,3,2,3,4,3,0,5,4,5,6,3,6,7,4,4
GTEX-PLZ4-0226-SM-5SI7M,Normal_GTEX,1,2,2,1,1,0,1,1,4,1,1,0,2,0,5,3,6,6
TCGA-A8-A084-01,LumB,2,0,1,2,0,1,3,0,1,4,0,1,5,6,1,6,2,2
GTEX-12WSF-0011-R1a-SM-5DUVI,Normal_GTEX,3,1,0,3,2,3,4,3,0,5,4,5,6,3,6,7,4,4
GTEX-QV31-1426-SM-2S1QD,Normal_GTEX,1,2,2,1,1,0,1,1,4,1,1,4,2,0,0,2,6,6
GTEX-13PVQ-1326-SM-5LU4J,Normal_GTEX,1,2,2,1,1,0,1,1,4,1,3,0,2,5,0,2,0,0
GTEX-132NY-1426-SM-5J1MJ,Normal_GTEX,1,2,2,1,1,0,1,1,4,1,3,0,2,5,0,2,0,0
GTEX-146FH-0826-SM-5SI8T,Normal_GTEX,1,0,2,1,1,2,1,1,4,1,1,0,2,0,5,3,6,6
GTEX-11ZTS-2326-SM-5EQMY,Normal_GTEX,1,2,2,1,1,0,1,1,4,1,3,0,1,5,5,1,0,0
GTEX-13X6J-1326-SM-5QGOV,Normal_GTEX,1,2,2,1,1,0,1,1,4,1,3,0,1,5,0,1,0,0
GTEX-139UC-3026-SM-5IJE4,Normal_GTEX,1,1,0,1,2,3,2,3,0,3,4,5,4,3,6,5,4,4
GTEX-13U4I-1926-SM-5LU39,Normal_GTEX,1,2,2,1,1,0,1,1,4,1,3,0,1,5,5,1,0,0
GTEX-N7MS-0007-SM-26GME,Normal_GTEX,3,1,0,4,2,3,5,2,3,6,5,4,7,2,4,8,1,1
GTEX-13OVJ-1026-SM-5IFGI,Normal_GTEX,1,0,2,1,3,2,2,4,2,3,2,2,4,1,2,5,3,3
GTEX-N7MS-0007-SM-26GMV,Normal_GTEX,3,1,0,4,2,3,5,2,3,6,5,4,7,2,4,8,1,1
GTEX-OXRK-1326-SM-3NB1A,Normal_GTEX,1,0,2,1,3,2,2,4,2,2,1,3,3,4,3,4,7,7
GTEX-TKQ1-0326-SM-4DXSM,Normal_GTEX,1,0,2,1,3,2,2,4,2,2,1,3,3,4,3,4,7,7
GTEX-WHWD-0726-SM-4OORX,Normal_GTEX,1,0,2,1,3,2,2,4,2,3,2,2,4,1,2,5,3,3
GTEX-13111-2326-SM-5LZUQ,Normal_GTEX,1,0,2,1,3,1,2,4,1,3,2,1,4,1,3,5,3,2
GTEX-Q2AI-1726-SM-2S1PZ,Normal_GTEX,1,2,2,1,1,0,1,1,4,1,3,0,1,0,0,1,6,0
GTEX-X4LF-0126-SM-4QAS7,Normal_GTEX,1,2,2,1,2,3,2,1,4,3,2,2,4,1,2,5,5,5
GTEX-139TS-2826-SM-5J1OO,Normal_GTEX,1,0,2,1,3,2,2,4,2,2,1,3,3,4,3,4,7,7
GTEX-1497J-0126-SM-5Q5BK,Normal_GTEX,1,0,2,1,3,2,1,4,2,1,2,2,2,1,2,3,3,3
GTEX-QCQG-0006-SM-5SI8M,Normal_GTEX,3,1,0,4,2,3,5,2,3,6,5,4,7,2,4,8,1,1
GTEX-Q734-0826-SM-48U1G,Normal_GTEX,1,2,2,1,1,0,1,1,4,1,3,0,1,5,5,1,0,0
GTEX-12WSM-0011-R7b-SM-5EGLD,Normal_GTEX,3,1,0,3,2,3,4,3,0,5,4,5,6,3,6,7,4,4
GTEX-1269C-0826-SM-5N9EM,Normal_GTEX,1,2,2,1,1,0,1,1,4,1,3,0,2,5,0,2,0,0
GTEX-PLZ6-1526-SM-2S1OC,Normal_GTEX,1,2,2,1,1,0,1,1,4,1,1,4,2,0,0,2,6,6
GTEX-Y5LM-1426-SM-5RQJL,Normal_GTEX,1,2,2,1,3,0,1,1,4,1,3,0,1,5,5,1,3,3
GTEX-14E6D-0005-SM-5N9D7,Normal_GTEX,3,1,0,4,2,3,5,2,3,6,5,4,7,2,4,8,1,1
TCGA-AR-A252-01,LumA,2,0,1,2,0,1,3,0,1,4,0,1,5,6,1,6,2,2
GTEX-1314G-2026-SM-5LZUM,Normal_GTEX,1,0,2,1,3,1,2,4,1,3,2,1,4,1,3,5,3,2
GTEX-RNOR-0005-SM-2TF4Z,Normal_GTEX,3,1,0,4,2,3,5,2,3,6,5,4,7,2,4,8,1,1
GTEX-R55E-0126-SM-2TC5Y,Normal_GTEX,1,0,2,1,3,2,2,4,2,2,1,3,3,4,3,4,7,7
GTEX-139UC-3126-SM-5J1OY,Normal_GTEX,3,1,0,3,2,3,4,3,0,5,4,5,6,3,6,7,4,4
GTEX-P44H-0008-SM-48TDW,Normal_GTEX,3,2,2,4,1,0,5,1,3,6,1,4,7,0,0,8,5,5
GTEX-11WQC-0626-SM-5EQMF,Normal_GTEX,1,0,2,1,3,2,2,4,2,3,2,2,4,1,2,5,3,3
GTEX-ZT9W-1726-SM-51MS3,Normal_GTEX,1,2,2,1,1,0,1,1,4,1,3,0,1,5,5,1,0,0
GTEX-11GSP-0011-R10a-SM-5NQ7J,Normal_GTEX,3,1,0,3,2,3,4,3,0,5,4,5,6,3,6,7,4,4
GTEX-YFC4-1426-SM-5IFJG,Normal_GTEX,1,0,2,1,3,2,1,4,2,1,1,0,2,6,5,3,2,6
GTEX-ZF28-0011-R8a-SM-4WWFW,Normal_GTEX,3,1,0,3,2,3,4,3,0,5,4,5,6,3,6,7,4,4
GTEX-RVPU-0011-R3A-SM-2XCAE,Normal_GTEX,3,1,0,3,2,3,4,3,0,5,4,5,6,3,6,7,4,4
GTEX-SUCS-1626-SM-32PLS,Normal_GTEX,1,2,2,1,1,0,1,1,4,1,1,4,2,0,0,2,6,6
GTEX-11VI4-1126-SM-5EQMD,Normal_GTEX,1,0,2,1,3,2,2,4,2,2,1,3,3,4,3,4,7,7
GTEX-QLQ7-0426-SM-4R1JU,Normal_GTEX,1,2,2,1,1,0,1,1,4,1,3,0,1,5,0,1,0,0
GTEX-139TU-1926-SM-5J2OC,Normal_GTEX,1,2,2,1,1,0,1,1,4,1,3,0,2,5,0,2,0,0
GTEX-RNOR-0011-R3A-SM-2TF5J,Normal_GTEX,3,1,0,3,2,3,4,3,0,5,4,5,6,3,6,7,4,4
GTEX-13OVJ-0011-R2b-SM-5L3GP,Normal_GTEX,3,1,0,3,2,3,4,3,0,5,4,5,6,3,6,7,4,4
TCGA-AR-A24L-01,LumA,2,0,1,2,0,1,3,0,1,4,0,1,5,6,1,6,2,2
GTEX-QMR6-0011-R5A-SM-32PKT,Normal_GTEX,3,1,0,3,2,3,4,3,0,5,4,5,6,3,6,7,4,4
GTEX-13VXT-0726-SM-5SIAD,Normal_GTEX,1,2,2,1,1,0,1,1,4,1,3,0,2,5,0,2,0,0
GTEX-11P82-1926-SM-5Q5AU,Normal_GTEX,1,2,2,1,1,0,1,1,4,1,1,0,1,0,3,1,6,6
GTEX-11I78-0626-SM-5A5LZ,Normal_GTEX,1,0,2,1,3,2,2,4,2,3,2,2,4,1,2,5,3,3
GTEX-XMD2-1026-SM-4WWE8,Normal_GTEX,1,0,2,1,3,2,2,4,2,3,2,2,4,1,2,5,3,3
GTEX-145MO-1126-SM-5NQBX,Normal_GTEX,1,2,2,1,1,0,1,1,4,1,3,0,2,5,0,2,0,0
GTEX-X4EO-0326-SM-3P5YO,Normal_GTEX,1,0,2,1,3,2,2,4,2,2,1,3,3,4,3,4,7,7
GTEX-WHWD-0526-SM-4OORW,Normal_GTEX,1,2,2,1,1,0,1,1,4,1,3,0,1,5,0,1,0,0
GTEX-12C56-0006-SM-5N9E9,Normal_GTEX,3,1,0,4,2,3,5,2,3,6,5,4,7,2,4,8,1,1
GTEX-T6MO-1426-SM-4DM73,Normal_GTEX,1,0,2,1,3,2,1,4,2,1,2,0,1,1,5,1,3,3
GTEX-13111-1826-SM-5GCP1,Normal_GTEX,1,0,2,1,3,2,2,4,2,2,1,0,3,0,3,4,6,6
GTEX-13113-0426-SM-5GCOD,Normal_GTEX,1,0,2,1,3,2,2,4,2,3,2,2,4,1,2,5,3,3
GTEX-S7SF-0426-SM-3K2B7,Normal_GTEX,1,0,2,1,3,2,2,4,2,3,2,2,4,1,2,5,3,3
TCGA-AN-A0XR-01,LumB,2,0,1,2,0,1,3,0,1,4,0,1,5,6,1,6,2,2
GTEX-14ABY-0626-SM-5Q5C9,Normal_GTEX,1,0,0,1,3,2,2,3,2,3,4,5,4,3,6,5,4,4
GTEX-13CF3-0226-SM-5J1NW,Normal_GTEX,1,1,0,1,2,3,2,4,3,3,2,2,4,1,2,5,3,3
GTEX-O5YT-1726-SM-3NMD7,Normal_GTEX,1,2,2,1,1,0,1,1,4,1,1,0,2,0,3,3,6,6
GTEX-ZVZO-0226-SM-5A5LA,Normal_GTEX,1,2,2,1,1,0,1,1,4,1,1,0,2,0,5,3,6,6
TCGA-BH-A18V-01,Basal,2,0,1,2,0,1,3,0,1,4,0,1,5,6,1,6,2,2
TCGA-BH-A0BQ-01,LumA,2,0,1,2,0,1,3,0,1,4,0,1,5,6,1,6,2,2
GTEX-12WSL-2726-SM-5CVNL,Normal_GTEX,1,2,2,1,1,0,1,1,4,1,1,4,2,0,0,2,6,6
GTEX-ZVP2-0426-SM-57WC2,Normal_GTEX,1,0,2,1,3,2,1,4,2,1,2,2,2,1,2,3,3,3
GTEX-145MN-0726-SM-5NQBH,Normal_GTEX,1,2,2,1,1,0,1,1,4,1,3,0,2,5,0,2,0,0
GTEX-11WQC-0011-R11b-SM-57WD6,Normal_GTEX,3,1,0,3,2,3,4,3,0,5,4,5,6,3,6,7,4,4
TCGA-B6-A0WY-01,LumA,2,0,1,2,0,1,3,0,1,4,0,1,5,6,1,6,2,2
GTEX-11DXX-0326-SM-5PNWC,Normal_GTEX,1,2,2,1,1,0,1,1,4,1,3,0,2,5,0,2,0,0
GTEX-X8HC-1626-SM-46MWE,Normal_GTEX,1,2,2,1,1,0,1,1,4,1,3,0,2,5,0,2,0,0
GTEX-XXEK-0626-SM-4BRWE,Normal_GTEX,1,0,2,1,3,2,2,4,2,3,2,2,4,1,2,5,3,3
GTEX-11DXW-1026-SM-5H11K,Normal_GTEX,3,1,0,3,2,3,4,3,0,5,4,5,6,3,6,7,4,4
GTEX-ZE9C-0011-R2a-SM-4WKGH,Normal_GTEX,3,1,0,3,2,3,4,3,0,5,4,5,6,3,6,7,4,4
GTEX-13O1R-2326-SM-5IJF9,Normal_GTEX,1,1,0,1,2,3,2,2,4,3,2,2,4,1,2,5,5,5
GTEX-132Q8-1826-SM-5EGIY,Normal_GTEX,1,0,2,1,3,2,2,4,2,2,1,3,3,4,3,4,7,7
GTEX-14BMU-2426-SM-5RQIJ,Normal_GTEX,1,2,2,1,1,0,1,1,4,1,3,0,1,5,0,1,0,0
GTEX-Y5V5-0006-SM-4V6FE,Normal_GTEX,3,1,0,4,2,3,5,2,3,6,5,4,7,2,4,8,1,1
GTEX-146FR-0526-SM-5Q5EX,Normal_GTEX,1,2,2,1,1,0,1,1,4,1,3,0,1,5,5,1,0,0
GTEX-14753-0011-R8b-SM-5S2U1,Normal_GTEX,3,1,0,3,2,3,4,3,0,5,4,5,6,3,6,7,4,4
GTEX-ZDXO-0008-SM-4E3HR,Normal_GTEX,3,2,2,4,1,0,5,2,3,6,5,4,7,2,0,8,5,5
GTEX-Z93S-0005-SM-4RGLW,Normal_GTEX,3,1,0,4,2,3,5,2,3,6,1,4,7,0,4,8,6,1
GTEX-13FHP-3026-SM-5IJBS,Normal_GTEX,3,1,0,3,2,3,4,3,0,5,4,5,6,3,6,7,4,4
GTEX-13VXU-0011-R7b-SM-5SI72,Normal_GTEX,3,1,0,3,2,3,4,3,0,5,4,5,6,3,6,7,4,4
GTEX-131XF-1926-SM-5DUW4,Normal_GTEX,1,0,2,1,3,2,1,4,2,1,2,2,1,1,2,1,3,3
GTEX-145MN-1526-SM-5SI9T,Normal_GTEX,1,0,2,1,3,2,2,4,2,2,1,3,3,4,3,4,7,7
GTEX-ZU9S-1826-SM-5NQ9E,Normal_GTEX,1,0,2,1,3,2,2,4,2,2,1,3,3,4,3,4,7,7
GTEX-13VXU-0526-SM-5K7V1,Normal_GTEX,1,2,2,1,1,0,1,1,4,1,3,0,1,5,0,1,0,0
GTEX-ZLFU-1426-SM-4WWEU,Normal_GTEX,1,2,2,1,1,0,1,1,4,1,3,0,1,5,5,1,0,0
GTEX-PWCY-2126-SM-48TEC,Normal_GTEX,1,2,2,1,1,0,1,1,4,1,1,0,2,0,3,3,6,6
GTEX-13O3O-1826-SM-5IFGW,Normal_GTEX,1,0,2,1,3,2,2,4,2,3,2,2,4,1,2,5,3,3
GTEX-12ZZX-0526-SM-5DUW6,Normal_GTEX,1,2,2,1,1,0,1,1,4,1,3,0,1,5,0,1,0,0
GTEX-14DAR-1926-SM-5S2NQ,Normal_GTEX,1,2,2,1,1,0,1,1,4,1,1,0,2,0,5,3,6,6
GTEX-YFCO-1226-SM-5LUAT,Normal_GTEX,1,0,2,1,3,2,2,4,2,2,1,3,3,4,3,4,7,7
TCGA-BH-A0C0-01,LumB,2,0,1,2,0,1,3,0,1,4,0,1,5,6,1,6,2,2
GTEX-133LE-2326-SM-5K7W3,Normal_GTEX,1,0,2,1,3,2,2,4,2,2,1,3,3,4,3,4,7,7
GTEX-12WSE-0011-R7a-SM-5PNWF,Normal_GTEX,3,1,0,3,2,3,4,3,0,5,4,5,6,3,6,7,4,4
GTEX-OHPM-2626-SM-33HC5,Normal_GTEX,1,0,2,1,3,2,1,4,2,1,2,2,2,1,2,3,3,3
GTEX-Q2AI-1426-SM-2S1P5,Normal_GTEX,1,2,2,1,1,0,1,1,4,1,1,0,2,0,5,3,6,6
GTEX-12KS4-0926-SM-5BC5S,Normal_GTEX,1,0,2,1,3,2,2,4,2,2,1,3,3,4,3,4,7,7
TCGA-A8-A09I-01,LumB,2,0,1,2,0,1,3,0,1,4,0,1,5,6,1,6,2,2
GTEX-X4XY-0226-SM-4E3IZ,Normal_GTEX,1,0,2,1,3,2,2,4,2,2,1,3,3,4,3,4,7,7
GTEX-12WSG-0005-SM-5NQA2,Normal_GTEX,3,1,0,4,2,3,5,2,3,6,5,4,7,2,4,8,1,1
GTEX-12WSM-0326-SM-5LZVI,Normal_GTEX,1,2,2,1,1,0,1,1,4,1,1,4,2,0,0,2,6,6
GTEX-ZDYS-0002-SM-4WKGR,Normal_GTEX,3,0,2,4,3,2,5,4,2,6,2,2,7,1,2,8,3,3
GTEX-147F4-1026-SM-5Q5F9,Normal_GTEX,1,2,2,1,1,0,1,1,4,1,3,0,1,5,0,1,0,0
GTEX-X585-3026-SM-46MWF,Normal_GTEX,3,1,0,3,2,3,4,3,0,5,4,5,6,3,6,7,4,4
GTEX-W5X1-0226-SM-5CHTO,Normal_GTEX,3,1,0,4,2,3,5,2,3,6,5,4,7,2,4,8,1,1
GTEX-14C5O-0226-SM-5SI6O,Normal_GTEX,1,2,2,1,1,0,1,1,4,1,1,0,1,0,5,1,6,6
GTEX-1497J-2326-SM-5NQBK,Normal_GTEX,1,2,2,1,1,0,1,1,4,1,1,0,2,0,5,3,6,6
GTEX-WEY5-1026-SM-4LMK9,Normal_GTEX,1,2,2,1,1,0,1,1,4,1,3,0,1,5,5,1,0,0
TCGA-D8-A27L-01,LumA,2,0,1,2,0,1,3,0,1,4,0,1,5,6,1,6,2,2
GTEX-12WSF-0011-R10a-SM-5LZVH,Normal_GTEX,3,1,0,3,2,3,4,3,0,5,4,5,6,3,6,7,4,4
GTEX-QCQG-0526-SM-48U2A,Normal_GTEX,1,0,2,1,3,2,2,4,2,3,2,2,4,1,2,5,3,3
GTEX-ZF2S-2526-SM-5CVNT,Normal_GTEX,1,2,2,1,1,0,1,1,4,1,1,0,2,0,3,3,6,6
GTEX-11WQK-0008-SM-5SI6T,Normal_GTEX,3,2,2,4,1,0,5,1,3,6,5,4,7,2,0,8,5,5
TCGA-D8-A1X5-01,LumB,2,0,1,2,0,1,3,0,1,4,0,1,5,6,1,6,2,2
GTEX-131YS-2926-SM-5EGKI,Normal_GTEX,1,2,2,1,1,0,1,1,4,1,3,0,1,5,5,1,0,0
GTEX-13FTW-1326-SM-5LZZD,Normal_GTEX,1,0,0,1,3,2,2,3,2,3,4,5,4,3,6,5,4,4
GTEX-ZVT2-2026-SM-5NQ8Q,Normal_GTEX,1,0,2,1,3,2,2,4,2,3,2,2,4,1,2,5,3,3
GTEX-ZC5H-0526-SM-5HL9E,Normal_GTEX,1,2,2,1,1,0,1,1,4,1,1,0,2,0,3,3,6,6
GTEX-11PRG-0008-SM-5S2N5,Normal_GTEX,3,2,2,4,1,0,5,1,3,6,1,4,7,0,0,8,5,5
GTEX-TMMY-0926-SM-4WKH4,Normal_GTEX,1,0,2,1,3,2,2,4,2,3,2,2,4,1,2,5,3,3
GTEX-11TT1-2226-SM-5GU6B,Normal_GTEX,1,0,0,1,3,2,2,3,2,3,4,5,4,3,6,5,4,4
GTEX-13O21-1926-SM-5MR39,Normal_GTEX,1,0,2,1,3,1,2,4,1,3,2,1,4,1,3,5,3,2
GTEX-14BMV-0326-SM-5RQHW,Normal_GTEX,1,2,2,1,1,0,1,1,4,1,1,4,2,0,0,2,6,6
GTEX-14C39-2626-SM-5S2QD,Normal_GTEX,1,2,2,1,1,0,1,1,4,1,3,0,1,5,0,1,0,0
GTEX-WYBS-1926-SM-3NM8N,Normal_GTEX,1,0,2,1,3,2,1,4,2,1,2,2,2,1,2,3,3,3
TCGA-C8-A12O-01,LumA,2,0,1,2,0,1,3,0,1,4,0,1,5,6,1,6,2,2
GTEX-WEY5-0726-SM-4LMID,Normal_GTEX,1,2,2,1,1,0,1,1,4,1,3,0,1,5,5,1,0,0
GTEX-ZYY3-0826-SM-5E44R,Normal_GTEX,1,0,2,1,3,2,2,4,2,3,2,2,4,1,2,5,3,3
GTEX-ZF2S-2326-SM-4WWCE,Normal_GTEX,1,0,2,1,3,2,2,4,2,2,1,3,3,4,3,4,7,7
GTEX-ZP4G-0926-SM-4WWF4,Normal_GTEX,1,2,2,1,1,0,1,1,4,1,3,0,1,5,5,1,0,0
GTEX-WOFM-2126-SM-4OOSR,Normal_GTEX,1,0,2,1,3,1,2,4,1,3,1,3,4,4,3,5,7,7
GTEX-ZE9C-0011-R4a-SM-4WKH6,Normal_GTEX,3,1,0,3,2,3,4,3,0,5,4,5,6,3,6,7,4,4
GTEX-117YW-1826-SM-5PNY5,Normal_GTEX,1,0,2,1,3,2,2,4,2,3,2,2,4,1,2,5,3,3
GTEX-WFON-1226-SM-3TW8F,Normal_GTEX,1,2,2,1,1,0,1,1,4,1,2,0,2,0,5,3,6,6
GTEX-14BIN-0011-R11a-SM-5SI79,Normal_GTEX,3,1,0,3,2,3,4,3,0,5,4,5,6,3,6,7,4,4
GTEX-12ZZX-2926-SM-5GCOQ,Normal_GTEX,3,1,0,3,2,3,4,3,0,5,4,5,6,3,6,7,4,4
GTEX-1399S-2126-SM-5J2MH,Normal_GTEX,1,2,2,1,1,0,1,1,4,1,3,0,1,5,0,1,0,0
GTEX-117YX-1426-SM-5H12H,Normal_GTEX,1,2,2,1,1,0,1,1,4,1,1,0,2,0,5,3,6,6
GTEX-WFJO-0926-SM-4LVM2,Normal_GTEX,1,0,2,1,3,2,2,4,2,3,2,2,4,1,2,5,3,3
GTEX-11ONC-1126-SM-5GU6G,Normal_GTEX,1,2,2,1,1,0,1,1,4,1,3,0,1,5,0,1,0,0
GTEX-144GM-2226-SM-5O9B5,Normal_GTEX,1,2,2,1,1,0,1,1,4,1,3,0,1,5,0,1,0,0
GTEX-WVJS-0126-SM-4MVOT,Normal_GTEX,1,0,2,1,3,2,2,4,2,2,1,3,3,4,3,4,7,7
GTEX-ZT9X-0526-SM-5GCOP,Normal_GTEX,1,0,2,1,3,2,2,4,2,2,1,3,3,4,3,4,7,7
GTEX-ZF29-1926-SM-5S2P1,Normal_GTEX,1,0,2,1,3,2,1,4,2,1,1,0,2,0,5,3,6,6
GTEX-PWN1-1626-SM-2S1OL,Normal_GTEX,1,2,2,1,1,0,1,1,4,1,1,4,2,0,0,2,6,6
TCGA-AO-A0JD-01,LumB,2,0,1,2,0,1,3,0,1,4,0,1,5,6,1,6,2,2
GTEX-13O3Q-0326-SM-5L3FE,Normal_GTEX,1,2,2,1,1,0,1,1,4,1,3,0,2,5,0,2,0,0
GTEX-145LV-2526-SM-5S2VA,Normal_GTEX,1,2,2,1,1,0,1,1,4,1,1,0,2,0,3,3,6,6
GTEX-1313W-0226-SM-5LZV7,Normal_GTEX,1,2,2,1,1,0,1,1,4,1,1,0,2,0,5,3,6,6
GTEX-O5YV-0226-SM-48TBY,Normal_GTEX,1,2,2,1,1,0,1,1,4,1,1,0,2,0,5,3,6,6
GTEX-12WSD-1826-SM-5GCOA,Normal_GTEX,1,0,2,1,3,2,2,4,2,2,1,3,3,4,3,4,7,7
GTEX-13JVG-0226-SM-5J1MW,Normal_GTEX,1,2,2,1,1,0,1,1,4,1,1,0,2,0,5,3,6,6
GTEX-13FLV-0426-SM-5KLZA,Normal_GTEX,1,0,2,1,3,2,2,4,2,3,2,2,4,1,2,5,3,3
GTEX-113IC-0426-SM-5HL5O,Normal_GTEX,1,2,2,1,1,0,1,1,4,1,3,0,1,5,0,1,6,0
GTEX-YEC3-1226-SM-5IFI8,Normal_GTEX,1,2,2,1,1,0,1,1,4,1,1,0,2,0,5,3,6,6
GTEX-11EQ9-1826-SM-5Q5AJ,Normal_GTEX,1,0,2,1,1,0,1,1,4,1,1,0,2,0,5,3,6,6
GTEX-Z93S-1326-SM-5CVMR,Normal_GTEX,1,2,2,1,1,0,1,1,4,1,1,4,2,0,0,2,6,6
GTEX-117YW-1926-SM-5H121,Normal_GTEX,1,0,2,1,3,2,2,4,2,2,1,3,3,4,3,4,7,7
GTEX-QDVJ-0626-SM-48U1T,Normal_GTEX,1,2,2,1,1,0,1,1,4,1,3,0,1,5,0,1,0,0
GTEX-Y8DK-0011-R11A-SM-4SOK2,Normal_GTEX,3,1,0,3,2,3,4,3,0,5,4,5,6,3,6,7,4,4
TCGA-A8-A083-01,LumA,2,0,1,2,0,1,3,0,1,4,0,1,5,6,1,6,2,2
GTEX-139TT-2226-SM-5LZWO,Normal_GTEX,1,0,0,1,3,2,2,3,2,3,4,5,4,3,6,5,4,4
GTEX-144GO-2026-SM-5O99P,Normal_GTEX,1,0,2,1,3,2,2,4,2,2,1,3,3,4,3,4,7,7
GTEX-146FQ-1226-SM-5QGQ4,Normal_GTEX,1,0,2,1,3,2,2,4,2,3,2,2,4,1,2,5,3,3
GTEX-12WSH-0226-SM-5GCOG,Normal_GTEX,1,0,2,1,3,2,1,4,2,1,2,2,2,1,2,3,3,3
GTEX-PLZ4-2726-SM-3P61A,Normal_GTEX,1,2,2,1,3,2,2,4,2,2,1,3,3,4,3,4,7,7
GTEX-ZEX8-2226-SM-57WC6,Normal_GTEX,1,0,2,1,3,2,1,1,2,1,1,0,2,0,5,3,6,6
GTEX-QLQW-1526-SM-2S1QV,Normal_GTEX,1,2,2,1,1,0,1,1,4,1,3,0,2,0,0,3,6,0
GTEX-1399Q-2426-SM-5J2MO,Normal_GTEX,1,2,2,1,1,0,1,1,4,1,1,4,2,0,0,2,6,6
GTEX-XUZC-1126-SM-4BOPZ,Normal_GTEX,1,2,2,1,1,0,1,1,4,1,1,0,2,0,5,3,6,6
GTEX-YFCO-0826-SM-5LUAG,Normal_GTEX,1,0,2,1,3,2,2,4,2,3,2,2,4,1,2,5,3,3
TCGA-A2-A0YI-01,LumA,2,0,1,2,0,1,3,0,1,4,0,1,5,6,1,6,2,2
GTEX-RNOR-1226-SM-48FDQ,Normal_GTEX,1,0,2,1,3,2,2,4,2,2,1,3,3,4,3,4,7,7
GTEX-XUJ4-0226-SM-4BOP8,Normal_GTEX,1,1,0,1,2,3,2,4,3,3,2,2,4,1,2,5,3,3
GTEX-WFON-1026-SM-4LVMD,Normal_GTEX,1,2,2,1,1,0,1,1,4,1,3,0,1,5,5,1,0,0
GTEX-SE5C-1026-SM-4BRUG,Normal_GTEX,1,2,2,1,1,0,1,1,4,1,3,0,1,5,5,1,0,0
GTEX-1497J-0326-SM-5Q5CN,Normal_GTEX,1,0,2,1,3,2,2,4,2,3,2,2,4,1,2,5,3,3
GTEX-QV31-0126-SM-447BP,Normal_GTEX,1,1,0,1,2,3,2,4,3,3,2,2,4,1,2,5,3,3
GTEX-14A5H-0726-SM-5Q5DW,Normal_GTEX,1,0,2,1,3,0,1,4,4,1,2,2,2,1,2,3,3,3
GTEX-13113-1626-SM-5EQ4I,Normal_GTEX,1,0,2,1,3,2,2,4,2,2,1,3,3,4,3,4,7,7
GTEX-WZTO-2926-SM-3NM9I,Normal_GTEX,3,1,0,3,2,3,4,3,0,5,4,5,6,3,6,7,4,4
GTEX-11P82-0326-SM-5HL51,Normal_GTEX,1,2,2,1,1,0,1,1,4,1,3,0,2,5,5,3,0,6
GTEX-WWYW-0011-R5A-SM-3NB3E,Normal_GTEX,3,1,0,3,2,3,4,3,0,5,4,5,6,3,6,7,4,4
GTEX-VJYA-0226-SM-4KL1Q,Normal_GTEX,1,2,2,1,1,0,1,1,4,1,3,0,1,5,0,1,0,0
GTEX-PWCY-1026-SM-48TD4,Normal_GTEX,1,0,2,1,3,2,2,4,2,3,2,2,4,1,2,5,3,3
GTEX-XUZC-1326-SM-4BRV2,Normal_GTEX,1,0,2,1,3,2,2,4,2,3,2,2,4,1,2,5,3,3
GTEX-ZYFC-0726-SM-5E448,Normal_GTEX,1,2,2,1,1,0,1,1,4,1,3,0,1,5,0,1,0,0
GTEX-S32W-1526-SM-4AD6Z,Normal_GTEX,1,2,2,1,1,0,1,1,4,1,3,0,1,5,5,1,0,0
GTEX-SNMC-0426-SM-4DM5Y,Normal_GTEX,1,2,2,1,1,0,1,1,4,1,3,0,1,5,5,1,0,0
GTEX-WHSB-0326-SM-5GICB,Normal_GTEX,1,0,2,1,3,2,2,4,2,3,2,2,4,1,2,5,3,3
GTEX-117YW-0008-SM-5QGRD,Normal_GTEX,3,2,2,4,1,0,5,2,3,6,5,4,7,2,0,8,5,5
GTEX-13U4I-0426-SM-5LU4W,Normal_GTEX,1,2,2,1,1,0,1,1,4,1,3,0,1,5,0,1,0,0
GTEX-13CF3-0826-SM-5LZYZ,Normal_GTEX,1,2,2,1,1,0,1,1,4,1,3,0,1,0,0,1,6,0
GTEX-NPJ8-0007-SM-26GMW,Normal_GTEX,3,1,0,4,2,3,5,2,3,6,5,4,7,2,4,8,1,1
GTEX-12WSM-1326-SM-5GCP9,Normal_GTEX,1,0,0,1,3,2,2,4,2,3,2,5,4,1,6,5,3,4
GTEX-13QJC-0011-R2b-SM-5PNUN,Normal_GTEX,3,1,0,3,2,3,4,3,0,5,4,5,6,3,6,7,4,4
GTEX-R55G-1026-SM-48FDI,Normal_GTEX,1,0,2,1,3,2,2,4,2,2,1,3,3,4,3,4,7,7
GTEX-13SLX-0011-R10a-SM-5P9HV,Normal_GTEX,3,1,0,3,2,3,4,3,0,5,4,5,6,3,6,7,4,4
GTEX-11GSP-2226-SM-5HL5Q,Normal_GTEX,1,2,2,1,1,0,1,1,4,1,3,0,1,5,5,1,0,0
GTEX-12BJ1-0826-SM-5EQ5P,Normal_GTEX,1,2,2,1,1,0,1,1,4,1,3,0,2,0,5,3,6,6
GTEX-147JS-2626-SM-5S2UX,Normal_GTEX,1,2,2,1,1,0,1,1,4,1,3,0,1,5,5,1,0,0
GTEX-12WSD-0626-SM-5GCMW,Normal_GTEX,1,0,2,1,3,2,2,4,2,2,1,3,3,4,3,4,7,7
GTEX-YFCO-0326-SM-4W1ZP,Normal_GTEX,1,0,2,1,3,2,1,4,2,1,2,2,2,1,2,3,3,3
GTEX-ZDYS-2026-SM-5HL5L,Normal_GTEX,1,0,2,1,3,2,2,4,2,2,1,3,3,4,3,4,7,7
GTEX-P4PP-0226-SM-2S1NN,Normal_GTEX,1,2,2,1,1,0,1,1,4,1,1,0,2,0,5,3,6,6
GTEX-NFK9-0726-SM-2HMJW,Normal_GTEX,1,0,2,1,3,2,1,4,2,1,2,2,2,1,2,3,3,3
GTEX-VUSG-2226-SM-4KKZO,Normal_GTEX,1,0,2,1,3,2,1,4,2,1,2,0,2,5,5,3,3,6
GTEX-YJ8A-1126-SM-5IFJU,Normal_GTEX,1,0,2,1,3,2,1,4,2,1,2,2,1,1,2,1,3,3
GTEX-U3ZM-0426-SM-59HKR,Normal_GTEX,1,0,2,1,3,2,2,4,2,3,2,2,4,1,2,5,3,3
GTEX-145MH-3126-SM-5S2QT,Normal_GTEX,1,1,0,1,2,3,2,3,0,3,4,5,4,3,6,5,4,4
GTEX-ZVT3-2626-SM-5GU5L,Normal_GTEX,1,2,2,1,1,0,1,1,4,1,3,0,1,5,0,1,5,5
TCGA-A2-A0CW-01,LumB,2,0,1,2,0,1,3,0,1,4,0,1,5,6,1,6,2,2
GTEX-NPJ8-2026-SM-3TW91,Normal_GTEX,1,2,2,1,1,0,1,1,4,1,3,0,1,5,5,1,0,0
GTEX-ZEX8-1426-SM-4WKHQ,Normal_GTEX,1,0,2,1,3,2,2,4,2,2,1,3,3,4,3,4,7,7
TCGA-A8-A092-01,LumB,2,0,1,2,0,1,3,0,1,4,0,1,5,6,1,6,2,2
GTEX-OHPL-2526-SM-3MJGT,Normal_GTEX,1,0,2,1,3,2,2,4,2,2,2,3,3,4,3,4,7,7
GTEX-OHPJ-1326-SM-3MJHG,Normal_GTEX,1,2,2,1,1,0,1,1,4,1,3,0,1,5,5,1,0,0
GTEX-117YW-1526-SM-5EGGP,Normal_GTEX,1,0,0,1,3,2,2,3,2,3,4,5,4,3,6,5,4,4
GTEX-13W3W-2126-SM-5K7UX,Normal_GTEX,1,2,2,1,1,0,1,1,4,1,3,0,2,0,5,3,6,6
GTEX-RVPV-0011-R11A-SM-2TF6F,Normal_GTEX,3,1,0,3,2,3,4,3,0,5,4,5,6,3,6,7,4,4
GTEX-13VXT-0226-SM-5LU9Q,Normal_GTEX,1,2,2,1,1,0,1,1,4,1,1,0,2,0,5,3,6,6
GTEX-XBED-2026-SM-4AT5D,Normal_GTEX,1,0,0,1,3,2,2,3,2,3,4,5,4,3,6,5,4,4
GTEX-ZTTD-0001-SM-4YCD5,Normal_GTEX,3,1,0,4,2,3,5,2,3,6,5,4,7,2,4,8,1,1
GTEX-WHSB-1226-SM-4M1XR,Normal_GTEX,1,0,2,1,3,2,2,4,2,3,2,2,4,1,2,5,3,3
GTEX-XBEC-0006-SM-4AT5T,Normal_GTEX,3,1,0,4,2,3,5,2,3,6,5,4,7,2,4,8,1,1
GTEX-117XS-0005-SM-5PNU6,Normal_GTEX,3,1,0,4,2,3,5,2,3,6,5,4,7,2,4,8,1,1
GTEX-1211K-1226-SM-5EQ4N,Normal_GTEX,1,2,2,1,1,0,1,1,4,1,3,0,2,0,5,3,6,6
TCGA-BH-A18Q-01,Basal,2,0,1,2,0,1,3,0,1,4,0,1,5,6,1,6,2,2
GTEX-V1D1-2026-SM-3GAF4,Normal_GTEX,1,0,2,1,3,2,2,4,2,2,1,3,3,4,3,4,7,7
GTEX-ZQUD-1526-SM-51MRE,Normal_GTEX,1,2,2,1,1,0,1,1,4,1,3,0,2,5,0,2,0,0
GTEX-12WSH-0326-SM-5GCNH,Normal_GTEX,1,0,0,1,3,2,2,3,2,3,4,5,4,3,6,5,4,4
GTEX-ZYWO-0926-SM-5E43J,Normal_GTEX,1,2,2,1,1,0,1,1,4,1,3,0,1,5,5,1,0,0
GTEX-OHPL-1026-SM-3MJGI,Normal_GTEX,1,0,2,1,3,2,2,4,2,3,2,2,4,1,2,5,3,3
GTEX-WYBS-1626-SM-4ONCA,Normal_GTEX,1,2,2,1,1,0,1,1,4,1,3,0,1,5,5,1,0,0
GTEX-14H4A-1626-SM-5SI69,Normal_GTEX,1,0,2,1,3,2,2,4,2,2,1,3,3,4,3,4,7,7
TCGA-AO-A12B-01,LumA,2,0,1,2,0,1,3,0,1,4,0,1,5,6,1,6,2,2
TCGA-AN-A0FJ-01,Basal,2,0,1,2,0,1,3,0,1,4,0,1,5,6,1,6,2,2
GTEX-ZG7Y-0006-SM-4WWEA,Normal_GTEX,3,1,0,4,2,3,5,2,3,6,5,4,7,2,4,8,1,1
GTEX-NFK9-1526-SM-3LK7B,Normal_GTEX,1,0,2,1,3,2,2,4,2,3,2,2,4,1,2,5,3,3
GTEX-ZVT3-2826-SM-5GU6A,Normal_GTEX,1,2,2,1,1,0,1,1,4,1,3,0,1,5,5,1,0,0
GTEX-12WSA-0011-R7b-SM-5GU5U,Normal_GTEX,3,1,0,3,2,3,4,3,0,5,4,5,6,3,6,7,4,4
GTEX-YEC3-1726-SM-5IFIK,Normal_GTEX,1,0,0,1,3,2,2,3,2,3,4,5,4,3,6,5,4,4
GTEX-Q734-0126-SM-48U1E,Normal_GTEX,1,2,0,1,1,3,2,1,4,3,2,2,4,1,2,5,5,5
GTEX-1269C-3126-SM-5EGI6,Normal_GTEX,3,1,0,3,2,3,4,3,0,5,4,5,6,3,6,7,4,4
GTEX-11WQK-0011-R10a-SM-5BC6R,Normal_GTEX,3,1,0,3,2,3,4,3,0,5,4,5,6,3,6,7,4,4
TCGA-GI-A2C8-01,LumA,2,0,1,2,0,1,3,0,1,4,0,1,5,6,1,6,2,2
GTEX-11DXW-0826-SM-5H118,Normal_GTEX,1,0,2,1,3,2,2,4,2,2,1,3,3,4,3,4,7,7
GTEX-11LCK-1926-SM-5A5KE,Normal_GTEX,1,2,2,1,1,0,1,1,4,1,3,0,1,5,5,1,0,0
GTEX-11VI4-1626-SM-5EQKO,Normal_GTEX,1,0,2,1,3,2,2,4,2,3,2,2,4,1,2,5,3,3
GTEX-146FH-1126-SM-5NQAT,Normal_GTEX,1,2,2,1,1,0,1,1,4,1,3,0,2,5,0,2,0,0
GTEX-11ZUS-0726-SM-59886,Normal_GTEX,1,2,2,1,1,0,1,1,4,1,1,0,2,0,5,3,6,6
GTEX-144GM-0926-SM-5O994,Normal_GTEX,1,2,2,1,1,0,1,1,4,1,1,0,2,0,5,3,6,6
GTEX-11DXX-1626-SM-5H11H,Normal_GTEX,1,0,2,1,3,2,2,4,2,3,2,2,4,1,2,5,3,3
GTEX-11GSO-0226-SM-5A5LV,Normal_GTEX,1,2,2,1,1,0,1,1,4,1,2,0,2,0,5,3,6,6
GTEX-13111-0526-SM-5LZVF,Normal_GTEX,1,2,2,1,1,0,1,1,4,1,3,0,1,5,0,1,0,0
GTEX-146FR-0126-SM-5Q5F3,Normal_GTEX,1,0,2,1,3,2,2,4,2,3,2,2,4,1,2,5,3,3
GTEX-11EQ9-1026-SM-5H134,Normal_GTEX,1,0,2,1,3,2,2,4,2,3,2,2,4,1,2,5,3,3
GTEX-WOFM-1926-SM-4OOSP,Normal_GTEX,1,0,2,1,3,2,2,4,2,3,2,2,4,1,2,5,3,3
TCGA-AO-A12F-01,Basal,2,0,1,2,0,1,3,0,1,4,0,1,5,6,1,6,2,2
TCGA-BH-A1FD-01,LumB,2,0,1,2,0,1,3,0,1,4,0,1,5,6,1,6,2,2
GTEX-OIZI-0126-SM-3NB13,Normal_GTEX,1,0,0,1,3,2,2,3,2,3,4,5,4,3,6,5,4,4
TCGA-EW-A1P6-01,LumA,2,0,1,2,0,1,3,0,1,4,0,1,5,6,1,6,2,2
GTEX-12BJ1-2626-SM-5FQUF,Normal_GTEX,1,2,2,1,1,0,1,1,4,1,1,0,2,0,3,3,6,6
GTEX-N7MS-0225-SM-4E3HO,Normal_GTEX,1,0,2,1,3,2,2,4,2,2,1,3,3,4,3,4,7,7
GTEX-ZZPU-0526-SM-5E44U,Normal_GTEX,1,0,2,1,3,2,2,4,2,3,2,2,4,1,2,5,3,3
GTEX-11ZVC-0126-SM-5986G,Normal_GTEX,1,0,2,1,3,2,1,4,2,1,2,2,2,1,2,3,3,3
TCGA-E2-A14X-01,Basal,2,0,1,2,0,1,3,0,1,4,0,1,5,6,1,6,2,2
GTEX-ZDTS-0001-SM-4WAXW,Normal_GTEX,3,1,0,4,2,3,5,2,3,6,5,4,7,2,4,8,1,1
GTEX-13OVJ-0011-R1b-SM-5L3I6,Normal_GTEX,3,1,0,3,2,3,4,3,0,5,4,5,6,3,6,7,4,4
GTEX-13CF3-0626-SM-5J1NO,Normal_GTEX,1,2,2,1,1,0,1,1,4,1,3,0,1,5,0,1,0,0
GTEX-132QS-1826-SM-5IFFN,Normal_GTEX,1,0,2,1,3,2,2,4,2,3,2,2,4,1,2,5,3,3
GTEX-13FTW-0426-SM-5K7X2,Normal_GTEX,1,2,2,1,1,0,1,1,4,1,3,0,2,0,5,3,6,6
GTEX-13O3P-1026-SM-5N9E7,Normal_GTEX,1,0,2,1,3,2,2,4,2,3,2,2,4,1,2,5,3,3
TCGA-A8-A09Q-01,LumB,2,0,1,2,0,1,3,0,1,4,0,1,5,6,1,6,2,2
TCGA-AC-A2FF-01,LumA,2,0,1,2,0,1,3,0,1,4,0,1,5,6,1,6,2,2
GTEX-Y9LG-0126-SM-5Q59W,Normal_GTEX,1,1,2,1,2,3,2,1,4,3,2,2,4,1,2,5,3,5
GTEX-139TS-0011-R2b-SM-5J1MX,Normal_GTEX,3,1,0,3,2,3,4,3,0,5,4,5,6,3,6,7,4,4
TCGA-BH-A0BW-11,Normal_TCGA,2,0,1,2,0,1,3,0,1,4,0,1,5,6,1,6,2,2
GTEX-1192X-1526-SM-5H11I,Normal_GTEX,1,2,2,1,1,0,1,1,4,1,1,0,2,0,5,3,6,6
GTEX-PWN1-1426-SM-48TDF,Normal_GTEX,1,0,2,1,3,2,2,4,2,3,2,2,4,1,2,5,3,3
GTEX-131XE-1426-SM-5HL7V,Normal_GTEX,1,0,2,1,3,2,2,4,2,2,1,3,3,4,3,4,7,7
GTEX-XBEW-0002-SM-4AT5O,Normal_GTEX,3,1,0,4,2,3,5,2,3,6,5,4,7,2,4,8,1,1
GTEX-POMQ-2126-SM-2S1OJ,Normal_GTEX,1,2,2,1,1,0,1,1,4,1,3,0,1,5,0,1,0,0
GTEX-S4Q7-0226-SM-4AD5O,Normal_GTEX,1,2,2,1,1,3,2,1,4,3,2,2,4,1,2,5,5,5
GTEX-144GN-2326-SM-5LU4F,Normal_GTEX,1,0,2,1,3,2,2,4,2,2,1,3,3,4,3,4,7,7
GTEX-R55E-0826-SM-2TC5M,Normal_GTEX,1,0,2,1,3,2,1,4,2,1,2,2,2,1,2,3,3,3
GTEX-14DAR-1426-SM-5RQIR,Normal_GTEX,1,0,2,1,3,2,2,4,2,3,2,2,4,1,2,5,3,3
GTEX-XPVG-0626-SM-4B65B,Normal_GTEX,1,1,0,1,2,3,2,4,3,3,2,2,4,1,2,5,3,3
GTEX-1399S-0326-SM-5IFFS,Normal_GTEX,1,0,2,1,3,2,2,4,2,3,2,2,4,1,2,5,3,3
GTEX-11ZVC-2526-SM-5FQTE,Normal_GTEX,1,0,2,1,3,2,2,4,2,2,1,3,3,4,3,4,7,7
GTEX-WYJK-1626-SM-3NM9J,Normal_GTEX,1,0,2,1,3,2,1,4,2,1,2,2,2,1,2,3,3,3
GTEX-13PVR-0426-SM-5RQK2,Normal_GTEX,1,0,2,1,3,2,2,4,2,2,1,3,3,4,3,4,7,7
GTEX-1339X-1126-SM-5J2OI,Normal_GTEX,1,2,2,1,1,0,1,1,4,1,3,0,1,5,5,1,0,0
GTEX-13QIC-1426-SM-5LU4V,Normal_GTEX,1,2,2,1,1,0,1,1,4,1,1,0,2,0,3,3,6,6
GTEX-RU72-0226-SM-46MUD,Normal_GTEX,1,2,2,1,1,0,1,1,4,1,3,0,1,5,0,1,0,0
GTEX-S32W-1326-SM-4AD5Q,Normal_GTEX,1,0,2,1,3,2,1,4,2,1,2,0,1,1,5,1,3,3
GTEX-X585-0226-SM-4QAS2,Normal_GTEX,1,0,2,1,3,2,2,4,2,2,1,3,3,4,3,4,7,7
GTEX-ZTSS-0826-SM-5985L,Normal_GTEX,1,2,2,1,1,0,1,1,4,1,3,0,1,5,5,1,0,0
GTEX-13JVG-1326-SM-5N9F8,Normal_GTEX,1,2,2,1,1,0,1,1,4,1,3,0,2,5,0,2,0,0
TCGA-AN-A0AM-01,LumB,2,0,1,2,0,1,3,0,1,4,0,1,5,6,1,6,2,2
GTEX-R55D-1026-SM-3GAEQ,Normal_GTEX,1,2,2,1,1,0,1,1,4,1,3,0,1,5,0,1,0,0
GTEX-1399S-0926-SM-5PNVQ,Normal_GTEX,1,2,2,1,1,0,1,1,4,1,3,0,1,5,0,1,0,0
GTEX-11OF3-0011-R6b-SM-57WBG,Normal_GTEX,3,1,0,3,2,3,4,3,0,5,4,5,6,3,6,7,4,4
GTEX-13FHO-0011-R3b-SM-5K7YA,Normal_GTEX,3,1,0,3,2,3,4,3,0,5,4,5,6,3,6,7,4,4
GTEX-13S7M-0005-SM-5NQ76,Normal_GTEX,3,1,0,4,2,3,5,2,3,6,5,4,7,2,4,8,1,1
GTEX-RU72-0011-R5A-SM-2TF6U,Normal_GTEX,3,1,0,3,2,3,4,3,0,5,4,5,6,3,6,7,4,4
TCGA-D8-A1XD-01,LumA,2,0,1,2,0,1,3,0,1,4,0,1,5,6,1,6,2,2
GTEX-14ICL-0006-SM-5SIAB,Normal_GTEX,3,1,0,4,2,3,5,2,3,6,5,4,7,2,4,8,1,1
GTEX-PWN1-0626-SM-48TDT,Normal_GTEX,1,0,2,1,3,2,2,4,2,2,1,3,3,4,3,4,7,7
GTEX-11P81-2526-SM-5GU6H,Normal_GTEX,1,2,2,1,1,0,1,1,4,1,1,4,2,0,0,2,6,6
GTEX-XOTO-0226-SM-4B66H,Normal_GTEX,1,2,2,1,1,0,1,1,4,1,1,0,2,0,5,3,6,6
GTEX-1212Z-2726-SM-5EQ59,Normal_GTEX,1,2,2,1,3,0,1,3,4,1,1,0,2,0,3,3,6,6
TCGA-D8-A27R-01,LumB,2,0,1,2,0,1,3,0,1,4,0,1,5,6,1,6,2,2
GTEX-YJ8O-1826-SM-5HL82,Normal_GTEX,1,0,2,1,3,2,2,4,2,3,2,2,4,1,2,5,3,3
GTEX-132QS-1126-SM-5P9GC,Normal_GTEX,1,0,2,1,3,2,1,4,2,1,2,2,1,1,2,1,3,3
GTEX-13OVL-0011-R1a-SM-5L3H5,Normal_GTEX,3,1,0,3,2,3,4,3,0,5,4,5,6,3,6,7,4,4
GTEX-ZVZP-2626-SM-51MR4,Normal_GTEX,1,2,2,1,1,0,1,1,4,1,1,0,2,0,3,3,6,6
GTEX-1192X-2926-SM-5N9BA,Normal_GTEX,1,0,2,1,3,2,2,4,2,2,1,3,3,4,3,4,7,7
GTEX-ZQUD-0826-SM-57WDQ,Normal_GTEX,1,0,2,1,3,2,2,4,2,3,2,2,4,1,2,5,3,3
GTEX-ZC5H-1626-SM-5HL7L,Normal_GTEX,1,2,2,1,1,0,1,1,4,1,1,0,2,0,5,3,6,6
GTEX-U3ZM-0226-SM-4DXTA,Normal_GTEX,1,1,2,1,2,3,2,3,4,3,2,2,4,1,2,5,5,5
GTEX-ZYW4-0626-SM-59HJR,Normal_GTEX,1,0,2,1,3,2,2,4,2,2,1,3,3,4,3,4,7,7
GTEX-TML8-0005-SM-32QPA,Normal_GTEX,3,1,0,4,2,3,5,2,3,6,5,4,7,2,4,8,1,1
GTEX-Y3IK-2326-SM-4WWDT,Normal_GTEX,1,0,2,1,3,2,1,4,2,1,1,0,2,0,5,3,6,6
TCGA-AQ-A1H2-01,LumA,2,0,1,2,0,1,3,0,1,4,0,1,5,6,1,6,2,2
GTEX-X4XX-0011-R11A-SM-46MWQ,Normal_GTEX,3,1,0,3,2,3,4,3,0,5,4,5,6,3,6,7,4,4
GTEX-ZF28-0011-R5a-SM-4WWCZ,Normal_GTEX,3,1,0,3,2,3,4,3,0,5,4,5,6,3,6,7,4,4
TCGA-AR-A24O-01,LumA,2,0,1,2,0,1,3,0,1,4,0,1,5,6,1,6,2,2
GTEX-ZWKS-0626-SM-5GIDV,Normal_GTEX,1,0,2,1,3,2,2,4,2,2,1,3,3,4,3,4,7,7
GTEX-O5YV-0526-SM-26GMJ,Normal_GTEX,1,0,2,1,3,2,2,4,2,3,2,2,4,1,2,5,3,3
GTEX-QEG4-0426-SM-33HC3,Normal_GTEX,1,2,2,1,1,0,1,1,4,1,3,0,2,5,0,2,0,0
GTEX-OHPM-2126-SM-3LK75,Normal_GTEX,1,0,0,1,3,2,2,3,2,3,4,5,4,3,6,5,4,4
GTEX-ZAB5-1226-SM-5P9FY,Normal_GTEX,1,0,2,1,3,2,2,4,2,2,1,3,3,4,3,4,7,7
GTEX-14753-0726-SM-5QGQO,Normal_GTEX,1,0,2,1,3,2,2,4,2,2,1,3,3,4,3,4,7,7
GTEX-S341-1026-SM-4AD71,Normal_GTEX,1,2,2,1,1,0,1,1,4,1,3,0,1,5,5,1,0,0
GTEX-NPJ7-0011-R9a-SM-2TC5R,Normal_GTEX,3,1,0,3,2,3,4,3,0,5,4,5,6,3,6,7,4,4
GTEX-NPJ7-0006-SM-3GACR,Normal_GTEX,3,1,2,4,2,2,5,2,2,6,5,2,7,2,2,8,1,3
GTEX-TKQ2-1326-SM-4DXT9,Normal_GTEX,1,0,2,1,3,2,2,4,2,3,2,2,4,1,2,5,3,3
GTEX-11NUK-1326-SM-5P9GN,Normal_GTEX,1,0,2,1,3,2,2,4,2,2,1,3,3,4,3,4,7,7
GTEX-13OW6-0011-R10a-SM-5L3HE,Normal_GTEX,3,1,0,3,2,3,4,3,0,5,4,5,6,3,6,7,4,4
GTEX-XUJ4-2026-SM-4BOOW,Normal_GTEX,1,0,2,1,3,2,2,4,2,3,2,2,4,1,2,5,3,3
TCGA-A8-A0AD-01,LumA,2,0,1,2,0,1,3,0,1,4,0,1,5,6,1,6,2,2
GTEX-ZYFG-0826-SM-5BC5T,Normal_GTEX,1,0,2,1,3,2,2,4,2,3,2,2,4,1,2,5,3,3
GTEX-T6MN-0011-R1A-SM-32QOY,Normal_GTEX,3,1,0,3,2,3,4,3,0,5,4,5,6,3,6,7,4,4
GTEX-RVPV-1226-SM-2TF73,Normal_GTEX,1,0,2,1,3,2,1,4,2,1,2,2,2,1,2,3,3,3
GTEX-X4LF-1726-SM-3NMBZ,Normal_GTEX,1,2,2,1,1,0,1,1,4,1,1,0,2,0,5,3,6,6
GTEX-Y114-1426-SM-4TT6W,Normal_GTEX,1,0,2,1,3,2,2,4,2,3,2,2,4,1,2,5,3,3
TCGA-A7-A3J1-01,LumA,2,0,1,2,0,1,3,0,1,4,0,1,5,6,1,6,2,2
GTEX-13PL6-0326-SM-5IJCP,Normal_GTEX,1,2,2,1,1,0,1,1,4,1,1,4,2,0,0,2,6,6
GTEX-Y5LM-0726-SM-4VBRP,Normal_GTEX,1,0,2,1,3,2,2,4,2,3,2,2,4,1,2,5,3,3
GTEX-14ABY-2126-SM-5QGQZ,Normal_GTEX,1,0,2,1,0,2,1,0,2,1,0,0,2,6,5,3,2,6
GTEX-YEC3-2526-SM-4YCDN,Normal_GTEX,1,0,2,1,3,2,2,4,2,2,1,3,3,4,3,4,7,7
TCGA-BH-A0H5-11,Normal_TCGA,1,0,1,1,0,1,1,0,1,1,0,1,2,6,1,3,2,2
GTEX-ZAJG-2926-SM-5HL8P,Normal_GTEX,1,0,2,1,3,2,2,4,2,2,1,3,3,4,3,4,7,7
GTEX-X4EP-1426-SM-4PQZP,Normal_GTEX,1,2,2,1,1,0,1,1,4,1,3,0,1,5,0,1,0,0
GTEX-13111-1326-SM-5GCNO,Normal_GTEX,1,0,2,1,3,2,1,4,2,1,3,2,1,5,2,1,0,3
GTEX-XUZC-0726-SM-4BOPH,Normal_GTEX,1,0,2,1,3,2,2,4,2,3,2,2,4,1,2,5,3,3
GTEX-S32W-1626-SM-4AD6G,Normal_GTEX,1,2,2,1,1,0,1,1,4,1,3,0,1,5,5,1,0,0
GTEX-PX3G-1026-SM-48TZW,Normal_GTEX,1,0,2,1,3,2,2,4,2,3,2,2,4,1,2,5,3,3
GTEX-SE5C-1526-SM-4BRWU,Normal_GTEX,1,0,2,1,3,2,2,4,2,3,2,2,4,1,2,5,3,3
GTEX-WFON-1926-SM-3LK7L,Normal_GTEX,1,0,2,1,3,2,2,4,2,2,1,3,3,4,3,4,7,7
GTEX-QXCU-0926-SM-48FEP,Normal_GTEX,1,2,2,1,1,0,1,1,4,1,3,0,1,5,0,1,0,0
GTEX-12KS4-0826-SM-5BC5R,Normal_GTEX,1,2,2,1,1,0,1,1,4,1,1,4,2,0,0,2,6,6
GTEX-ZTPG-0006-SM-4YCFG,Normal_GTEX,3,1,0,4,2,3,5,2,3,6,5,4,7,2,4,8,1,1
GTEX-RVPU-0011-R7A-SM-2XCAB,Normal_GTEX,3,1,0,3,2,3,4,3,0,5,4,5,6,3,6,7,4,4
GTEX-R55C-0226-SM-48FEO,Normal_GTEX,1,1,2,1,2,2,2,3,2,3,2,2,4,1,2,5,3,5
GTEX-11GSP-0011-R7b-SM-57WC3,Normal_GTEX,3,1,0,3,2,3,4,3,0,5,4,5,6,3,6,7,4,4
GTEX-11UD2-0826-SM-5EQKS,Normal_GTEX,1,2,2,1,1,0,1,1,4,1,3,0,1,5,0,1,0,0
GTEX-12584-0126-SM-5EGKQ,Normal_GTEX,1,0,2,1,3,2,2,4,2,2,1,3,3,4,3,4,7,7
GTEX-YBZK-0426-SM-59HLM,Normal_GTEX,1,2,2,1,1,0,1,1,4,1,1,0,2,0,3,3,6,6
TCGA-D8-A1JH-01,LumA,2,0,1,2,0,1,3,0,1,4,0,1,5,6,1,6,2,2
GTEX-XAJ8-0526-SM-47JYK,Normal_GTEX,1,0,2,1,3,2,2,4,2,3,2,2,4,1,2,5,3,3
GTEX-VUSG-2426-SM-4KKZG,Normal_GTEX,1,2,2,1,1,0,1,1,4,1,1,0,2,0,5,3,6,6
GTEX-146FH-0426-SM-5QGPS,Normal_GTEX,1,2,2,1,1,0,1,1,4,1,3,0,1,5,0,1,0,0
GTEX-UPJH-0626-SM-4IHJN,Normal_GTEX,1,2,2,1,1,0,1,1,4,1,1,0,2,0,3,3,6,6
GTEX-ZAJG-0826-SM-5PNVA,Normal_GTEX,1,2,2,1,1,0,1,1,4,1,3,0,2,5,0,2,0,0
GTEX-S95S-0002-SM-3NM8K,Normal_GTEX,3,1,0,4,2,3,5,2,3,6,5,4,7,2,4,8,1,1
GTEX-PLZ4-0126-SM-5SI8O,Normal_GTEX,1,0,2,1,3,2,2,4,2,2,1,3,3,4,3,4,7,7
GTEX-ZDYS-0226-SM-5HL4K,Normal_GTEX,1,2,2,1,1,0,1,1,4,1,3,0,2,5,0,2,0,0
TCGA-BH-A1FR-01,LumA,2,0,1,2,0,1,3,0,1,4,0,1,5,6,1,6,2,2
GTEX-XBED-2526-SM-47JYD,Normal_GTEX,1,2,2,1,1,0,1,1,4,1,1,0,2,0,3,3,6,6
GTEX-12ZZX-0011-R6a-SM-5HL8L,Normal_GTEX,3,1,0,3,2,3,4,3,0,5,4,5,6,3,6,7,4,4
GTEX-11ILO-0008-SM-5QGR9,Normal_GTEX,3,2,2,4,1,0,5,1,3,6,5,4,7,2,0,8,5,5
GTEX-ZF29-0626-SM-4WKHD,Normal_GTEX,1,1,0,1,2,3,2,4,3,3,2,2,4,1,2,5,3,3
GTEX-13O21-0926-SM-5IFGT,Normal_GTEX,1,0,2,1,3,2,2,4,2,3,2,2,4,1,2,5,3,3
GTEX-W5WG-0826-SM-4RGNE,Normal_GTEX,1,0,2,1,3,2,2,4,2,3,2,2,4,1,2,5,3,3
GTEX-NPJ7-0008-SM-4E3JS,Normal_GTEX,3,2,2,4,1,0,5,1,3,6,5,4,7,2,0,8,5,5
GTEX-QMRM-0126-SM-4R1K9,Normal_GTEX,1,2,0,1,1,3,2,1,4,3,2,2,4,1,2,5,5,5
GTEX-13O61-0626-SM-5L3D1,Normal_GTEX,1,2,2,1,1,0,1,1,4,1,3,0,1,5,0,1,0,0
GTEX-131XW-0011-R10a-SM-5DUVA,Normal_GTEX,3,1,0,3,2,3,4,3,0,5,4,5,6,3,6,7,4,4
GTEX-S341-0826-SM-4AD73,Normal_GTEX,1,2,2,1,1,0,1,1,4,1,2,0,1,5,5,1,3,0
GTEX-ZYW4-1626-SM-5GIE6,Normal_GTEX,1,2,2,1,1,0,1,1,4,1,3,0,1,5,5,1,0,0
GTEX-ZU9S-1926-SM-5NQBP,Normal_GTEX,1,0,2,1,3,2,1,4,2,1,3,0,2,5,5,3,3,6
GTEX-1192X-2726-SM-5N9DN,Normal_GTEX,1,0,2,1,3,2,2,4,2,2,1,3,3,4,3,4,7,7
GTEX-UTHO-0011-R6A-SM-3GIJW,Normal_GTEX,3,1,0,3,2,3,4,3,0,5,4,5,6,3,6,7,4,4
GTEX-NFK9-0326-SM-3MJGV,Normal_GTEX,1,2,2,1,1,0,1,1,4,1,1,0,1,0,5,1,6,6
GTEX-ZLWG-0726-SM-5S2NG,Normal_GTEX,1,2,2,1,1,0,1,1,4,1,3,0,2,0,5,3,6,6
GTEX-OOBK-1026-SM-48TC2,Normal_GTEX,1,0,2,1,3,2,2,4,2,3,2,2,4,1,2,5,3,3
GTEX-WFG8-0826-SM-4LVN5,Normal_GTEX,1,2,2,1,1,0,1,1,4,1,3,0,1,5,0,1,0,0
GTEX-WYVS-1926-SM-4SOIC,Normal_GTEX,1,0,2,1,3,2,2,4,2,3,2,2,4,1,2,5,3,3
TCGA-A8-A06U-01,LumA,2,0,1,2,0,1,3,0,1,4,0,1,5,6,1,6,2,2
TCGA-BH-A0BT-01,LumA,2,0,1,2,0,1,3,0,1,4,0,1,5,6,1,6,2,2
GTEX-XUZC-0226-SM-4BOO7,Normal_GTEX,1,2,2,1,1,3,2,1,4,3,2,2,4,1,2,5,5,5
GTEX-13VXU-3026-SM-5LU3K,Normal_GTEX,3,1,0,3,2,3,4,3,0,5,4,5,6,3,6,7,4,4
GTEX-Y114-2426-SM-4TT8A,Normal_GTEX,1,0,2,1,3,2,2,4,2,2,1,3,3,4,3,4,7,7
GTEX-131XF-2126-SM-5DUWS,Normal_GTEX,1,0,2,1,3,2,2,4,2,2,1,3,3,4,3,4,7,7
GTEX-13SLX-0326-SM-5Q5E4,Normal_GTEX,1,2,2,1,1,0,1,1,4,1,1,4,2,0,0,2,6,6
GTEX-13W3W-1526-SM-5LU5I,Normal_GTEX,1,2,2,1,1,0,1,1,4,1,3,0,1,5,0,1,5,5
GTEX-P4PP-1726-SM-2S1NS,Normal_GTEX,1,2,2,1,1,0,1,1,4,1,1,0,2,0,3,3,6,6
GTEX-13113-0726-SM-5LZUF,Normal_GTEX,1,0,2,1,3,2,2,4,2,3,2,2,4,1,2,5,3,3
GTEX-ZT9W-1426-SM-4YCD2,Normal_GTEX,1,2,2,1,1,0,1,1,4,1,3,0,1,5,5,1,0,0
GTEX-13CF2-0426-SM-5KM1H,Normal_GTEX,1,2,2,1,1,0,1,1,4,1,3,0,2,5,0,2,0,0
GTEX-WY7C-0326-SM-4OND5,Normal_GTEX,1,2,0,1,1,3,2,1,4,3,2,2,4,1,2,5,5,5
GTEX-T2IS-0011-R2A-SM-32QPF,Normal_GTEX,3,1,0,3,2,3,4,3,0,5,4,5,6,3,6,7,4,4
GTEX-RWS6-2126-SM-2XCAV,Normal_GTEX,1,2,2,1,1,0,1,1,4,1,1,4,2,0,0,2,6,6
GTEX-12ZZZ-0626-SM-5DUXI,Normal_GTEX,1,0,2,1,3,2,2,4,2,2,1,3,3,4,3,4,7,7
GTEX-13NZA-1426-SM-5KM4Y,Normal_GTEX,1,0,2,1,3,2,2,4,2,3,2,2,4,1,2,5,3,3
GTEX-YB5K-0326-SM-5IFJQ,Normal_GTEX,1,2,2,1,1,0,1,1,4,1,3,0,1,5,0,1,0,0
GTEX-11DXW-0226-SM-5H122,Normal_GTEX,1,0,2,1,3,2,2,4,2,2,1,3,3,4,3,4,7,7
GTEX-131XH-2926-SM-5LZU4,Normal_GTEX,3,1,0,3,2,3,4,3,0,5,4,5,6,3,6,7,4,4
GTEX-RU72-0006-SM-2TF65,Normal_GTEX,3,1,0,4,2,3,5,2,3,6,5,4,7,2,4,8,1,1
GTEX-117YX-0326-SM-5GICL,Normal_GTEX,1,2,2,1,1,0,1,1,4,1,3,0,1,5,5,1,0,0
GTEX-13VXT-0426-SM-5LU57,Normal_GTEX,1,2,2,1,1,0,1,1,4,1,1,0,2,0,3,3,6,6
GTEX-11DYG-1326-SM-5N9DO,Normal_GTEX,1,0,2,1,3,2,2,4,2,2,1,3,3,4,3,4,7,7
TCGA-E9-A1RI-01,LumA,2,0,1,2,0,1,3,0,1,4,0,1,5,6,1,6,2,2
GTEX-132QS-0005-SM-5LZXK,Normal_GTEX,3,1,0,4,2,3,5,2,3,6,5,4,7,2,4,8,1,1
GTEX-WHSB-0926-SM-4M1XJ,Normal_GTEX,1,0,2,1,3,2,2,4,2,3,2,2,4,1,2,5,3,3
GTEX-ZTX8-1126-SM-51MRM,Normal_GTEX,1,0,0,1,3,2,2,3,2,3,4,5,4,3,6,5,4,4
GTEX-145ME-0126-SM-5S2QM,Normal_GTEX,1,0,2,1,3,2,1,4,4,1,2,2,2,1,2,3,3,3
GTEX-13JUV-0226-SM-5IJCC,Normal_GTEX,1,2,2,1,1,0,1,1,4,1,3,0,2,5,0,2,0,0
GTEX-TSE9-1226-SM-4DXTM,Normal_GTEX,1,0,2,1,3,2,2,4,2,2,1,3,3,4,3,4,7,7
GTEX-139UC-0011-R5b-SM-5K7VY,Normal_GTEX,3,1,0,3,2,3,4,3,0,5,4,5,6,3,6,7,4,4
TCGA-AR-A255-01,LumA,2,0,1,2,0,1,3,0,1,4,0,1,5,6,1,6,2,2
GTEX-13OW6-2726-SM-5J2OE,Normal_GTEX,1,0,2,1,3,2,2,4,2,2,1,3,3,4,3,4,7,7
GTEX-ZDTS-0926-SM-4WAXG,Normal_GTEX,1,0,2,1,3,2,1,4,2,1,2,2,2,1,2,3,3,3
GTEX-13113-0626-SM-5GCP2,Normal_GTEX,1,2,2,1,1,0,1,1,4,1,3,0,2,5,5,3,0,6
GTEX-11GS4-2626-SM-5A5LD,Normal_GTEX,1,2,2,1,1,0,1,1,4,1,1,0,2,0,5,3,6,6
GTEX-X4EO-0926-SM-3P5Z2,Normal_GTEX,1,0,2,1,3,2,2,4,2,3,2,2,4,1,2,5,3,3
GTEX-YJ89-0126-SM-4TT3X,Normal_GTEX,1,0,2,1,3,2,2,4,2,2,1,3,3,4,3,4,7,7
GTEX-QDT8-0011-R5A-SM-32PKN,Normal_GTEX,3,1,0,3,2,3,4,3,0,5,4,5,6,3,6,7,4,4
GTEX-13G51-0011-R10b-SM-5LZYF,Normal_GTEX,3,1,0,3,2,3,4,3,0,5,4,5,6,3,6,7,4,4
GTEX-111YS-1526-SM-5GZYW,Normal_GTEX,1,0,2,1,3,2,2,4,2,2,1,3,3,4,3,4,7,7
GTEX-131XG-1326-SM-5DUX4,Normal_GTEX,1,2,2,1,1,3,2,1,4,3,2,2,4,1,2,5,5,5
GTEX-11EM3-1826-SM-5A5KO,Normal_GTEX,1,2,2,1,1,0,1,1,4,1,3,0,1,5,5,1,0,0
GTEX-WHSE-3126-SM-3P5ZI,Normal_GTEX,1,1,0,1,2,3,2,3,0,3,4,5,4,3,6,5,4,4
GTEX-11O72-1326-SM-5BC5A,Normal_GTEX,1,0,2,1,3,2,2,4,2,3,2,2,4,1,2,5,3,3
GTEX-13N2G-2626-SM-5J1OT,Normal_GTEX,1,0,2,1,3,2,2,4,2,2,1,3,3,4,3,4,7,7
TCGA-A2-A0ES-01,LumA,1,0,1,1,0,1,1,0,1,1,0,1,2,6,1,3,2,2
GTEX-11NSD-0126-SM-5987F,Normal_GTEX,1,0,2,1,3,2,1,4,2,1,2,2,2,1,2,3,3,3
GTEX-11DXW-1126-SM-5H12Q,Normal_GTEX,3,1,0,3,2,3,4,3,0,5,4,5,6,3,6,7,4,4
GTEX-145LS-0011-R2a-SM-5PNZI,Normal_GTEX,3,1,0,3,2,3,4,3,0,5,4,5,6,3,6,7,4,4
GTEX-11NSD-2226-SM-5986V,Normal_GTEX,1,0,2,1,3,2,2,4,2,2,1,3,3,4,3,4,7,7
GTEX-13CF3-0926-SM-5LZZC,Normal_GTEX,1,0,2,1,3,2,1,4,2,1,2,2,2,1,2,3,3,3
GTEX-1212Z-2526-SM-5EGKP,Normal_GTEX,1,0,2,1,3,2,2,4,2,2,1,3,3,4,3,4,7,7
GTEX-QV44-1226-SM-4R1KE,Normal_GTEX,1,0,2,1,3,2,2,4,2,3,2,2,4,1,2,5,3,3
GTEX-UPK5-1626-SM-4JBHI,Normal_GTEX,1,1,0,1,2,3,2,4,3,3,2,2,4,1,2,5,3,3
GTEX-WL46-0011-R10A-SM-3MJFQ,Normal_GTEX,3,1,0,3,2,3,4,3,0,5,4,5,6,3,6,7,4,4
GTEX-W5WG-0006-SM-3GIJT,Normal_GTEX,3,1,0,4,2,3,5,2,3,6,5,4,7,2,4,8,1,1
GTEX-QLQW-0526-SM-4R1KS,Normal_GTEX,1,0,2,1,3,2,2,4,2,2,1,3,3,4,3,4,7,7
GTEX-132AR-0526-SM-5J2MJ,Normal_GTEX,1,2,2,1,1,0,1,1,4,1,2,0,2,0,5,3,6,6
TCGA-AN-A03X-01,LumA,2,2,1,2,0,1,3,0,1,4,0,1,5,6,1,6,2,2
GTEX-TML8-1526-SM-4DXUX,Normal_GTEX,1,0,2,1,3,2,2,4,2,2,1,3,3,4,3,4,7,7
GTEX-13PL6-1026-SM-5L3E5,Normal_GTEX,1,0,2,1,3,2,1,4,2,1,2,2,2,1,2,3,3,3
GTEX-QMRM-0926-SM-447BR,Normal_GTEX,1,2,2,1,1,0,1,1,4,1,3,0,1,5,5,1,0,0
GTEX-R55D-1226-SM-48FE9,Normal_GTEX,1,2,2,1,1,0,1,1,4,1,3,0,1,5,5,1,0,0
TCGA-E2-A14Q-01,LumA,2,0,1,2,0,1,3,0,1,4,0,1,5,6,1,6,2,2
GTEX-XUJ4-0326-SM-4BOP9,Normal_GTEX,1,2,2,1,1,0,1,1,4,1,3,0,1,5,0,1,0,0
GTEX-12WS9-0011-R6a-SM-5P9EW,Normal_GTEX,3,1,0,3,2,3,4,3,0,5,4,5,6,3,6,7,4,4
GTEX-Y8LW-0126-SM-4VBS1,Normal_GTEX,1,1,0,1,2,3,2,2,3,3,2,2,4,1,2,5,3,3
GTEX-12ZZY-0126-SM-5LZV2,Normal_GTEX,1,0,0,1,3,2,2,3,2,3,4,5,4,3,6,5,4,4
GTEX-ZDYS-0526-SM-5L3EE,Normal_GTEX,1,2,2,1,1,0,1,1,4,1,3,0,1,5,0,1,0,0
GTEX-ZEX8-0004-SM-4WKFQ,Normal_GTEX,3,1,0,4,2,3,5,2,3,6,5,4,7,2,4,8,1,1
GTEX-N7MT-1026-SM-3TW8T,Normal_GTEX,1,1,0,1,2,3,2,3,0,3,4,5,4,1,6,5,4,4
GTEX-13O3Q-0526-SM-5KM18,Normal_GTEX,1,0,2,1,3,2,2,4,2,3,2,2,4,1,2,5,3,3
GTEX-13O3P-0626-SM-5L3D5,Normal_GTEX,1,2,2,1,1,0,1,1,4,1,1,4,2,0,0,2,6,6
GTEX-ZLWG-2426-SM-57WG6,Normal_GTEX,1,2,2,1,1,0,1,1,4,1,3,0,1,5,0,1,0,0
GTEX-ZPU1-0826-SM-57WG2,Normal_GTEX,1,0,2,1,3,2,2,4,2,3,2,2,4,1,2,5,3,3
GTEX-13O61-1826-SM-5KM4I,Normal_GTEX,1,2,2,1,1,0,1,1,4,1,1,0,2,0,5,3,6,6
GTEX-ZYVF-0626-SM-5E43Q,Normal_GTEX,1,2,2,1,1,0,1,1,4,1,1,4,2,0,0,2,6,6
GTEX-ZYFC-0926-SM-5GZWW,Normal_GTEX,1,0,2,1,3,2,1,4,2,1,2,2,2,1,2,3,3,3
GTEX-YJ8A-0726-SM-5Q5A6,Normal_GTEX,1,2,2,1,1,0,1,1,4,1,1,0,2,0,3,3,6,6
GTEX-14DAQ-1826-SM-5S2VV,Normal_GTEX,1,1,0,1,2,3,2,3,4,3,4,2,4,3,2,5,4,5
GTEX-WZTO-1726-SM-4PQYV,Normal_GTEX,1,2,2,1,1,0,1,1,4,1,3,0,2,5,5,3,0,0
GTEX-131XF-2026-SM-5DUWG,Normal_GTEX,1,2,2,1,1,0,1,1,4,1,2,0,1,1,0,1,3,6
GTEX-147GR-0011-R7a-SM-5S2RP,Normal_GTEX,3,1,0,3,2,3,4,3,0,5,4,5,6,3,6,7,4,4
GTEX-XBED-0226-SM-47JY8,Normal_GTEX,1,0,2,1,3,2,2,4,2,3,2,2,4,1,2,5,3,3
GTEX-13PL6-3126-SM-5LUAR,Normal_GTEX,3,1,0,3,2,3,4,3,0,5,4,5,6,3,6,7,4,4
GTEX-12WSH-0011-R11a-SM-5LZVM,Normal_GTEX,3,1,0,3,2,3,4,3,0,5,4,5,6,3,6,7,4,4
GTEX-S4Q7-0726-SM-4AD5F,Normal_GTEX,1,0,2,1,3,2,2,4,2,3,2,2,4,1,2,5,3,3
GTEX-14BMU-1826-SM-5RQII,Normal_GTEX,1,2,2,1,1,0,1,1,4,1,3,0,1,5,5,1,0,0
GTEX-S4P3-1226-SM-4AD4Y,Normal_GTEX,1,0,2,1,3,2,2,4,2,3,2,2,4,1,2,5,3,3
GTEX-XBED-1426-SM-4AT4G,Normal_GTEX,1,0,2,1,3,2,2,4,2,3,2,2,4,1,2,5,3,3
TCGA-A2-A0ET-01,LumA,2,0,1,2,0,1,3,0,1,4,0,1,5,6,1,6,2,2
GTEX-13SLX-0011-R2b-SM-5S2VP,Normal_GTEX,3,1,0,3,2,3,4,3,0,5,4,5,6,3,6,7,4,4
GTEX-13NZB-0826-SM-5K7X5,Normal_GTEX,1,2,2,1,1,0,1,1,4,1,3,0,2,0,5,3,6,6
GTEX-WY7C-0526-SM-3NB3D,Normal_GTEX,1,2,2,1,1,0,1,1,4,1,3,0,2,5,0,2,0,0
GTEX-OXRL-0226-SM-3NB18,Normal_GTEX,1,0,2,1,3,0,1,4,4,1,1,0,2,0,5,3,6,6
GTEX-13JVG-3026-SM-5IJEV,Normal_GTEX,1,1,0,1,2,3,2,3,0,3,4,5,4,3,6,5,4,4
GTEX-UJHI-1226-SM-4IHLR,Normal_GTEX,1,2,2,1,1,0,1,1,4,1,3,0,1,5,0,1,5,5
GTEX-S3XE-0526-SM-4AD4G,Normal_GTEX,1,0,2,1,3,2,2,4,2,3,2,2,4,1,2,5,3,3
GTEX-WHSE-0011-R4A-SM-3P5ZN,Normal_GTEX,3,1,0,3,2,3,4,3,0,5,4,5,6,3,6,7,4,4
TCGA-AO-A12A-01,LumA,2,0,1,2,0,1,3,0,1,4,0,1,5,6,1,6,2,2
GTEX-148VJ-2926-SM-5Q5DA,Normal_GTEX,1,1,0,1,2,3,2,3,0,3,4,5,4,3,6,5,4,4
GTEX-111VG-2226-SM-5N9DU,Normal_GTEX,1,2,2,1,1,0,1,1,4,1,2,0,1,1,5,1,3,0
TCGA-BH-A1EW-11,Normal_TCGA,1,0,1,1,0,1,1,0,1,1,0,1,2,6,1,3,2,2
TCGA-D8-A1X7-01,LumB,2,0,1,2,0,1,3,0,1,4,0,1,5,6,1,6,2,2
GTEX-12C56-1226-SM-5FQSU,Normal_GTEX,1,0,2,1,3,2,2,4,2,2,1,3,3,4,3,4,7,7
GTEX-Y3I4-0008-SM-4TT21,Normal_GTEX,3,2,2,4,1,0,5,1,3,6,1,4,7,2,0,8,5,5
GTEX-13QIC-1226-SM-5K7YR,Normal_GTEX,1,2,2,1,1,0,1,1,4,1,1,4,2,0,0,2,6,6
GTEX-V1D1-2626-SM-4JBJH,Normal_GTEX,1,2,2,1,1,0,1,1,4,1,3,0,1,5,0,1,0,0
TCGA-A8-A08B-01,Her2,2,0,1,2,0,1,3,0,1,4,0,1,5,6,1,6,2,2
GTEX-U8XE-1826-SM-4E3HV,Normal_GTEX,1,2,2,1,1,0,1,1,4,1,3,0,1,5,5,1,0,0
GTEX-13IVO-0726-SM-5LZYV,Normal_GTEX,1,0,2,1,3,2,2,4,2,2,1,3,3,4,3,4,7,7
GTEX-1212Z-0326-SM-5FQSJ,Normal_GTEX,1,0,0,1,3,2,2,3,2,3,4,5,4,3,6,5,4,4
GTEX-11NUK-2426-SM-5BC4U,Normal_GTEX,1,0,2,1,3,2,2,4,2,3,2,2,4,1,2,5,3,3
GTEX-145ME-0926-SM-5O9AR,Normal_GTEX,1,0,2,1,3,2,2,4,2,3,2,2,4,1,2,5,3,3
TCGA-AN-A0FS-01,LumA,2,0,1,2,0,1,3,0,1,4,0,1,5,6,1,6,2,2
GTEX-ZEX8-2326-SM-5S2MN,Normal_GTEX,1,2,2,1,1,0,1,1,4,1,1,0,2,0,5,3,6,6
GTEX-13FHO-2726-SM-5K7VG,Normal_GTEX,1,2,2,1,1,0,1,1,4,1,3,0,1,5,5,1,0,0
GTEX-11EMC-1926-SM-5A5JU,Normal_GTEX,1,0,2,1,3,2,2,4,2,2,1,3,3,4,3,4,7,7
TCGA-BH-A0DH-11,Normal_TCGA,1,0,1,1,0,1,1,0,1,1,0,1,2,6,1,3,2,2
GTEX-XXEK-2026-SM-4BRVE,Normal_GTEX,1,2,2,1,1,0,1,1,4,1,3,0,2,5,0,2,0,0
TCGA-E9-A226-01,LumB,2,0,1,2,0,1,3,0,1,4,0,1,5,6,1,6,2,2
GTEX-OHPM-0126-SM-2YUN9,Normal_GTEX,1,0,2,1,3,2,2,4,2,2,1,3,3,4,3,4,7,7
GTEX-13U4I-0006-SM-5N9CI,Normal_GTEX,3,1,0,4,2,3,5,2,3,6,5,4,7,2,2,8,1,2
GTEX-YECK-1426-SM-5IFHE,Normal_GTEX,1,2,2,1,1,0,1,1,4,1,1,0,2,0,5,3,6,6
TCGA-E9-A1NF-01,LumB,2,0,1,2,0,1,3,0,1,4,0,1,5,6,1,6,2,2
GTEX-YEC3-0002-SM-4W1YI,Normal_GTEX,3,1,0,4,2,3,5,2,3,6,5,4,7,2,4,8,1,1
GTEX-SUCS-0326-SM-32PLL,Normal_GTEX,1,2,2,1,1,0,1,1,4,1,3,0,2,5,0,2,0,0
GTEX-O5YW-1426-SM-3MJHF,Normal_GTEX,1,0,2,1,3,2,2,4,2,3,2,2,4,1,2,5,3,3
GTEX-PWCY-2026-SM-5Q5BF,Normal_GTEX,1,2,2,1,1,0,1,1,4,1,1,4,2,0,0,2,6,6
TCGA-B6-A0RH-01,Her2,2,0,1,2,0,1,3,0,1,4,0,1,5,6,1,6,2,2
GTEX-Y5V5-0626-SM-4VBPX,Normal_GTEX,1,2,2,1,1,0,1,1,4,1,3,0,2,5,0,2,0,0
GTEX-ZVTK-0008-SM-57WDA,Normal_GTEX,3,2,2,4,1,0,5,1,3,6,1,4,7,0,0,8,5,5
GTEX-13QJ3-1026-SM-5QGQU,Normal_GTEX,1,0,2,1,3,2,2,4,2,3,2,2,4,1,2,5,3,3
TCGA-BH-A0DL-01,Basal,2,0,1,2,0,1,3,0,1,4,0,1,5,6,1,6,2,2
GTEX-13SLX-1226-SM-5S2Q6,Normal_GTEX,1,1,2,1,3,2,2,4,2,3,2,2,4,1,2,5,3,3
GTEX-12WSL-1026-SM-5CVNJ,Normal_GTEX,1,0,2,1,3,2,2,4,2,3,2,2,4,1,2,5,3,3
GTEX-12ZZW-0011-R3a-SM-5DUWW,Normal_GTEX,3,1,0,3,2,3,4,3,0,5,4,5,6,3,6,7,4,4
GTEX-YFC4-0126-SM-5CVLY,Normal_GTEX,1,0,2,1,3,2,2,4,2,2,1,3,3,4,3,4,7,7
GTEX-13X6K-0011-R2b-SM-5P9K3,Normal_GTEX,3,1,0,3,2,3,4,3,0,5,4,5,6,3,6,7,4,4
GTEX-ZTPG-1526-SM-51MTF,Normal_GTEX,1,2,2,1,1,0,1,1,4,1,3,0,1,5,5,1,0,0
GTEX-ZYFD-0126-SM-5GIDL,Normal_GTEX,1,0,2,1,3,2,2,4,2,2,1,3,3,4,3,4,7,7
GTEX-147F4-0626-SM-5LUAK,Normal_GTEX,1,0,0,1,3,2,2,4,2,3,4,5,4,3,6,5,4,4
GTEX-YFC4-2926-SM-5IFJ8,Normal_GTEX,1,2,2,1,1,0,1,1,4,1,3,0,1,5,5,1,0,0
GTEX-13X6I-0011-R10a-SM-5PNWI,Normal_GTEX,3,1,0,3,2,3,4,3,0,5,4,5,6,3,6,7,4,4
GTEX-ZEX8-0826-SM-4WKHK,Normal_GTEX,1,0,2,1,3,2,2,4,2,3,2,2,4,1,2,5,3,3
GTEX-131XF-2826-SM-5EGKH,Normal_GTEX,1,0,2,1,3,1,2,4,1,3,2,1,4,1,3,5,3,2
GTEX-14BIM-0011-R11b-SM-5S2RN,Normal_GTEX,3,1,0,3,2,3,4,3,0,5,4,5,6,3,6,7,4,4
GTEX-11EMC-2926-SM-5EQ4F,Normal_GTEX,1,0,2,1,3,2,2,4,2,2,1,3,3,4,3,4,7,7
TCGA-B6-A0RV-01,LumA,2,0,1,2,0,1,3,0,1,4,0,1,5,6,1,6,2,2
GTEX-1122O-0003-SM-5Q5DL,Normal_GTEX,3,1,0,4,2,3,5,2,3,6,5,4,7,2,4,8,1,1
GTEX-SIU7-1826-SM-2XCE2,Normal_GTEX,1,2,2,1,1,0,1,1,4,1,1,0,2,0,5,2,6,6
GTEX-RVPU-0008-SM-3NM8B,Normal_GTEX,3,2,2,4,1,0,5,1,3,6,3,4,7,2,0,8,5,5
GTEX-11ZTS-0326-SM-5EQKP,Normal_GTEX,1,2,2,1,1,0,1,1,4,1,3,0,1,5,0,1,0,0
GTEX-RM2N-0326-SM-48FD8,Normal_GTEX,1,0,2,1,3,2,2,4,2,3,2,2,4,1,2,5,3,3
GTEX-11NSD-0926-SM-5N9DR,Normal_GTEX,1,2,2,1,1,0,1,1,4,1,1,0,2,0,5,3,6,6
GTEX-13N1W-0326-SM-5IJDJ,Normal_GTEX,1,2,2,1,1,0,1,1,4,1,3,0,1,5,0,1,0,0
GTEX-O5YT-0926-SM-48TDG,Normal_GTEX,1,1,0,1,2,3,2,4,3,3,2,2,4,1,2,5,3,3
TCGA-D8-A27F-01,Basal,2,0,1,2,0,1,3,0,1,4,0,1,5,6,1,6,2,2
GTEX-ZGAY-1326-SM-5S2NS,Normal_GTEX,1,2,2,1,1,0,1,1,4,1,3,0,2,5,5,3,0,6
GTEX-13VXU-2726-SM-5LU4N,Normal_GTEX,1,0,2,1,3,2,2,4,2,3,2,2,4,1,2,5,3,3
GTEX-YEC4-1726-SM-4W21E,Normal_GTEX,1,0,2,1,3,2,2,4,2,3,2,2,4,1,2,5,3,3
GTEX-13OW8-2326-SM-5L3I9,Normal_GTEX,1,0,2,1,3,2,2,4,2,2,1,3,3,4,3,4,7,7
GTEX-R55F-0011-R8A-SM-2TF4F,Normal_GTEX,3,1,0,3,2,3,4,3,0,5,4,5,6,3,6,7,4,4
GTEX-13D11-0326-SM-5LZXX,Normal_GTEX,1,0,2,1,3,2,2,4,2,3,2,2,4,1,2,5,3,3
GTEX-11UD1-0011-R2b-SM-5BC6O,Normal_GTEX,3,1,0,3,2,3,4,3,0,5,4,5,6,3,6,7,4,4
GTEX-ZZPU-1226-SM-5N9CK,Normal_GTEX,1,2,0,1,1,3,2,1,4,3,2,2,4,1,2,5,5,5
GTEX-131XH-0126-SM-5LZUY,Normal_GTEX,1,0,2,1,3,2,2,4,2,2,1,3,3,4,3,4,7,7
GTEX-11DZ1-0926-SM-5EQ5R,Normal_GTEX,1,2,2,1,1,0,1,1,4,1,1,4,2,0,0,2,6,6
GTEX-11EM3-0926-SM-5A5KK,Normal_GTEX,1,2,2,1,1,0,1,1,4,1,3,0,1,5,5,1,0,0
GTEX-U4B1-0006-SM-3DB8E,Normal_GTEX,3,1,0,4,2,3,5,2,3,6,5,4,7,2,4,8,1,1
GTEX-147F4-0011-R6b-SM-5S2UP,Normal_GTEX,3,1,0,3,2,3,4,3,0,5,4,5,6,3,6,7,4,4
TCGA-E9-A1RB-01,LumB,2,0,1,2,0,1,3,0,1,4,0,1,5,6,1,6,2,2
GTEX-13D11-1326-SM-5IJFY,Normal_GTEX,1,0,2,1,3,2,2,4,2,2,1,3,3,4,3,4,7,7
GTEX-12126-1126-SM-5P9GP,Normal_GTEX,1,1,0,1,2,3,2,3,0,3,4,5,4,3,6,5,4,4
GTEX-13FTW-1126-SM-5J2NV,Normal_GTEX,1,0,2,1,3,2,2,4,2,3,2,2,4,1,2,5,3,3
GTEX-WFG7-0926-SM-4LMK7,Normal_GTEX,1,2,2,1,1,0,1,1,4,1,3,0,1,5,0,1,0,0
GTEX-XUZC-1426-SM-4BRV3,Normal_GTEX,1,0,2,1,3,2,2,4,2,3,2,2,4,1,2,5,3,3
GTEX-WHPG-2426-SM-3NMBQ,Normal_GTEX,1,0,2,1,3,2,2,4,2,2,1,3,3,4,3,4,7,7
GTEX-RWS6-0326-SM-2XCAP,Normal_GTEX,1,2,2,1,1,0,1,1,4,1,3,0,2,5,0,2,0,0
GTEX-XUZC-0926-SM-4BOQF,Normal_GTEX,1,2,2,1,1,0,1,1,4,1,3,0,1,5,5,1,0,0
GTEX-OHPK-1726-SM-48TC4,Normal_GTEX,1,2,2,1,1,0,1,1,4,1,1,0,2,0,3,3,6,6
GTEX-QEG4-0526-SM-48TZD,Normal_GTEX,1,0,2,1,3,2,2,4,2,3,2,2,4,1,2,5,3,3
GTEX-13NYB-0926-SM-5IFFA,Normal_GTEX,1,0,2,1,3,2,2,4,2,2,1,3,3,4,3,4,7,7
GTEX-12WSL-2126-SM-5GCNG,Normal_GTEX,1,0,2,1,3,1,2,4,1,3,2,1,4,1,3,5,3,2
GTEX-113IC-0526-SM-5HL76,Normal_GTEX,1,2,2,1,1,0,1,1,4,1,1,0,2,0,3,3,6,6
GTEX-131XW-0626-SM-5PNVD,Normal_GTEX,1,0,2,1,3,2,2,4,2,2,1,3,3,4,3,4,7,7
GTEX-W5X1-0426-SM-3GILB,Normal_GTEX,1,0,2,1,3,2,1,4,2,1,2,2,2,1,2,3,3,3
GTEX-11ZTS-0005-SM-5NQ8A,Normal_GTEX,3,1,0,4,2,3,5,2,3,6,5,4,7,2,4,8,1,1
GTEX-145MF-1526-SM-5LU95,Normal_GTEX,1,2,2,1,1,0,1,1,4,1,3,0,1,5,5,1,0,0
GTEX-X585-0011-R11B-SM-46MUZ,Normal_GTEX,3,1,0,3,2,3,4,3,0,5,4,5,6,3,6,7,4,4
GTEX-Z93S-1726-SM-5HL8G,Normal_GTEX,1,0,0,1,3,2,2,3,2,3,4,5,4,3,6,5,4,4
GTEX-OHPM-1426-SM-3TW8Y,Normal_GTEX,1,0,2,1,3,2,2,4,2,3,2,2,4,1,2,5,3,3
GTEX-11WQC-2726-SM-5CVLG,Normal_GTEX,1,2,2,1,1,0,1,1,4,1,3,0,1,5,0,1,0,0
GTEX-RWS6-0626-SM-2XCAS,Normal_GTEX,1,0,2,1,3,2,1,4,2,1,2,2,2,1,2,3,3,3
TCGA-AO-A1KR-01,Basal,2,0,1,2,0,1,3,0,1,4,0,1,5,6,1,6,2,2
GTEX-13OVI-1026-SM-5L3EM,Normal_GTEX,1,2,2,1,1,0,1,1,4,1,3,0,1,5,5,1,0,0
TCGA-AN-A0AL-01,Basal,2,0,1,2,0,1,3,0,1,4,0,1,5,6,1,6,2,2
GTEX-13SLX-3126-SM-5S2Q5,Normal_GTEX,3,1,0,3,2,3,4,3,0,5,4,5,6,3,6,7,4,4
TCGA-E2-A1LI-01,Basal,2,0,1,2,0,1,3,0,1,4,0,1,5,6,1,6,2,2
GTEX-13QJC-0726-SM-5RQJK,Normal_GTEX,1,0,2,1,3,2,2,4,2,3,2,2,4,1,2,5,3,3
GTEX-11WQK-0005-SM-5O9AV,Normal_GTEX,3,1,0,4,2,3,5,2,3,6,5,4,7,2,4,8,1,1
GTEX-YJ8A-1526-SM-5P9FT,Normal_GTEX,1,0,2,1,3,2,2,4,2,3,2,2,4,1,2,5,3,3
GTEX-11NV4-0011-R6a-SM-57WD5,Normal_GTEX,3,1,0,3,2,3,4,3,0,5,4,5,6,3,6,7,4,4
GTEX-11DXZ-2226-SM-5EGH2,Normal_GTEX,1,0,2,1,3,2,2,4,2,2,1,0,3,0,3,4,6,6
GTEX-13CZV-0011-R7b-SM-5LZXH,Normal_GTEX,3,1,0,3,2,3,4,3,0,5,4,5,6,3,6,7,4,4
GTEX-XYKS-1126-SM-4BRWP,Normal_GTEX,1,2,2,1,1,0,1,1,4,1,3,0,1,5,5,1,0,0
GTEX-ZE7O-1126-SM-57WC8,Normal_GTEX,1,0,2,1,3,2,1,4,2,1,2,2,2,1,2,3,3,3
GTEX-YEC3-1326-SM-4WWEL,Normal_GTEX,1,0,2,1,3,2,2,4,2,2,1,3,3,4,3,4,7,7
GTEX-13W3W-0005-SM-5SI9Y,Normal_GTEX,3,1,0,4,2,3,5,2,3,6,5,4,7,2,4,8,1,1
GTEX-SUCS-0008-SM-4DM53,Normal_GTEX,3,2,2,4,1,0,5,2,3,6,5,4,7,2,0,8,5,5
GTEX-145LU-0011-R10a-SM-5PNWJ,Normal_GTEX,3,1,0,3,2,3,4,3,0,5,4,5,6,3,6,7,4,4
GTEX-ZAB4-0011-R2a-SM-4RGNP,Normal_GTEX,3,1,0,3,2,3,4,3,0,5,4,5,6,3,6,7,4,4
GTEX-RM2N-0006-SM-2TF5H,Normal_GTEX,3,1,0,4,2,3,5,2,3,6,5,4,7,2,4,8,1,1
TCGA-E9-A3Q9-01,LumA,2,0,1,2,0,1,3,0,1,4,0,1,5,6,1,6,2,2
GTEX-Z93S-2426-SM-5HL8N,Normal_GTEX,1,2,2,1,1,0,1,1,4,1,3,0,1,5,5,1,0,0
GTEX-11VI4-0726-SM-5GU5B,Normal_GTEX,1,0,2,1,3,2,2,4,2,2,1,3,3,4,3,4,7,7
GTEX-13N2G-0726-SM-5MR38,Normal_GTEX,1,0,2,1,3,2,1,4,2,1,2,2,2,1,2,3,3,3
GTEX-13113-0526-SM-5GCN2,Normal_GTEX,1,2,2,1,1,0,1,1,4,1,3,0,1,5,0,1,0,0
GTEX-XGQ4-1726-SM-4RH4G,Normal_GTEX,1,2,2,1,1,0,1,1,4,1,2,0,2,0,5,3,6,6
GTEX-12WSB-2226-SM-5GCOS,Normal_GTEX,1,2,2,1,3,0,1,1,4,1,2,0,1,1,0,1,5,5
GTEX-QMRM-1426-SM-4R1K8,Normal_GTEX,1,0,2,1,3,2,1,4,2,1,2,2,1,1,2,1,3,3
TCGA-BH-A0B5-11,Normal_TCGA,1,2,1,1,1,1,1,1,1,1,0,1,2,0,1,3,6,2
GTEX-ZZPU-1326-SM-5GZWS,Normal_GTEX,1,0,2,1,3,2,1,4,2,1,2,2,2,1,2,3,3,3
GTEX-12WSM-0226-SM-5LZV6,Normal_GTEX,1,2,2,1,1,0,1,1,4,1,1,0,2,0,5,3,6,6
GTEX-U8XE-1726-SM-4E3IF,Normal_GTEX,1,0,2,1,3,2,2,4,2,2,1,3,3,4,3,4,7,7
GTEX-X585-0002-SM-46MVA,Normal_GTEX,3,1,0,4,2,3,5,2,3,6,5,4,7,2,4,8,1,1
GTEX-12696-1526-SM-5EGL6,Normal_GTEX,1,2,2,1,1,0,1,1,4,1,3,0,1,5,5,1,0,0
GTEX-11GSP-1826-SM-5N9DQ,Normal_GTEX,1,0,2,1,3,2,2,4,2,2,1,3,3,4,3,4,7,7
GTEX-11O72-2926-SM-5BC4V,Normal_GTEX,3,1,0,3,2,3,4,3,0,5,4,5,6,3,6,7,4,4
GTEX-P4PQ-0326-SM-2HMJ8,Normal_GTEX,1,2,2,1,1,0,1,1,4,1,3,0,2,5,0,2,0,0
GTEX-12WSH-0011-R10a-SM-5LZUS,Normal_GTEX,3,1,0,3,2,3,4,3,0,5,4,5,6,3,6,7,4,4
GTEX-13FXS-0011-R6b-SM-5L3F7,Normal_GTEX,3,1,0,3,2,3,4,3,0,5,4,5,6,3,6,7,4,4
GTEX-1313W-0011-R4b-SM-5KLZV,Normal_GTEX,3,1,0,3,2,3,4,3,0,5,4,5,6,3,6,7,4,4
GTEX-1477Z-2826-SM-5SI9J,Normal_GTEX,1,1,0,1,2,3,2,3,0,3,4,5,4,3,6,5,4,4
GTEX-13OW7-0826-SM-5L3EL,Normal_GTEX,1,0,2,1,3,2,1,4,2,1,2,2,2,1,2,3,3,3
TCGA-B6-A0WW-01,LumB,2,0,1,2,0,1,3,0,1,4,0,1,5,6,1,6,2,2
GTEX-Y8DK-0011-R6A-SM-4V6EG,Normal_GTEX,3,1,0,3,2,3,4,3,0,5,4,5,6,3,6,7,4,4
GTEX-ZYW4-2126-SM-59HJ9,Normal_GTEX,1,0,2,1,3,2,2,4,2,3,2,2,4,1,2,5,3,3
TCGA-AR-A1AI-01,Basal,2,0,1,2,0,1,3,0,1,4,0,1,5,6,1,6,2,2
GTEX-P4PP-1626-SM-2HMJF,Normal_GTEX,1,2,2,1,1,0,1,1,4,1,1,4,2,0,0,2,6,6
GTEX-ZU9S-0226-SM-5E441,Normal_GTEX,1,0,2,1,3,2,2,4,2,2,1,3,3,4,3,4,7,7
GTEX-11P7K-1826-SM-5HL5A,Normal_GTEX,1,2,2,1,1,0,1,1,4,1,3,0,1,5,5,1,0,0
GTEX-13113-2026-SM-5LZU3,Normal_GTEX,1,2,2,1,1,0,1,1,4,1,1,0,2,0,3,3,6,6
GTEX-X5EB-0526-SM-46MVP,Normal_GTEX,1,0,2,1,3,2,2,4,2,3,2,2,4,1,2,5,3,3
GTEX-11DXY-1626-SM-5H12L,Normal_GTEX,1,2,2,1,1,3,2,1,4,3,2,2,4,1,2,5,3,5
GTEX-ZF29-1626-SM-4WKFJ,Normal_GTEX,1,0,2,1,3,2,2,4,2,3,2,2,4,1,2,5,3,3
GTEX-11O72-2726-SM-5HL6K,Normal_GTEX,1,0,2,1,3,2,1,4,2,1,2,2,1,1,2,1,3,3
TCGA-BH-A18R-01,Her2,2,0,1,2,0,1,3,0,1,4,0,1,5,6,1,6,2,2
TCGA-BH-A18N-11,Normal_TCGA,1,0,1,1,0,1,1,0,1,1,0,1,2,6,1,3,2,2
GTEX-13FTW-1526-SM-5LZXC,Normal_GTEX,1,2,2,1,1,0,1,1,4,1,3,0,1,5,5,1,0,0
TCGA-D8-A1JL-01,Basal,2,0,1,2,0,1,3,0,1,4,0,1,5,6,1,6,2,2
GTEX-R55E-0011-R7A-SM-2TC5Z,Normal_GTEX,3,1,0,3,2,3,4,3,0,5,4,5,6,3,6,7,4,4
GTEX-11O72-0326-SM-5986D,Normal_GTEX,1,2,2,1,1,0,1,1,4,1,1,4,2,0,0,2,6,6
GTEX-13VXT-0126-SM-5LU4I,Normal_GTEX,1,0,2,1,3,2,2,4,2,2,1,3,3,4,3,4,7,7
GTEX-14C38-0826-SM-5S2U8,Normal_GTEX,1,0,2,1,3,2,1,4,2,1,2,2,2,1,2,3,3,3
GTEX-11P82-0826-SM-5P9GU,Normal_GTEX,1,0,2,1,3,2,2,4,2,3,2,2,4,1,2,5,3,3
GTEX-11EMC-0006-SM-5O9DN,Normal_GTEX,3,1,0,4,2,3,5,2,3,6,5,4,7,2,4,8,1,1
GTEX-OXRK-0426-SM-3NB2E,Normal_GTEX,1,2,2,1,1,0,1,1,4,1,1,0,2,0,3,3,6,6
GTEX-13FTW-0626-SM-5IFEX,Normal_GTEX,1,0,2,1,3,2,1,4,2,1,2,2,2,1,2,3,3,3
GTEX-131YS-0011-R1a-SM-5DUXC,Normal_GTEX,3,1,0,3,2,3,4,3,0,5,4,5,6,3,6,7,4,4
GTEX-QESD-0826-SM-47J4G,Normal_GTEX,1,0,2,1,3,2,2,4,2,2,1,3,3,4,3,4,7,7
TCGA-A7-A0DB-01,LumA,2,0,1,2,0,1,3,0,1,4,0,1,5,6,1,6,2,2
GTEX-WFON-2226-SM-3TW8W,Normal_GTEX,1,2,2,1,1,0,1,1,4,1,1,0,2,0,5,3,6,6
GTEX-13RTK-1826-SM-5S2P3,Normal_GTEX,1,2,2,1,1,0,1,1,4,1,3,0,1,5,0,1,0,0
GTEX-YF7O-1326-SM-4W1ZR,Normal_GTEX,1,0,2,1,3,2,2,4,2,3,2,2,4,1,2,5,3,3
GTEX-OIZI-0005-SM-2XCED,Normal_GTEX,3,1,0,4,2,3,5,2,3,6,5,4,7,2,4,8,1,1
GTEX-13OW6-0011-R7b-SM-5L3H4,Normal_GTEX,3,1,0,3,2,3,4,3,0,5,4,5,6,3,6,7,4,4
GTEX-R55E-0006-SM-2TC5G,Normal_GTEX,3,1,0,4,2,3,5,2,3,6,5,4,7,2,4,8,1,1
GTEX-V955-1826-SM-4JBIL,Normal_GTEX,1,0,2,1,3,2,1,4,2,1,3,2,1,5,2,1,3,3
GTEX-14BMU-1126-SM-5RQJ8,Normal_GTEX,1,0,2,1,3,2,2,4,2,3,2,2,4,1,2,5,3,3
GTEX-13OVG-0326-SM-5KM57,Normal_GTEX,1,0,2,1,3,2,2,4,2,3,2,2,4,1,2,5,3,3
GTEX-ZVT3-3026-SM-5E43N,Normal_GTEX,3,1,0,3,2,3,4,3,0,5,4,5,6,3,6,7,4,4
GTEX-ZYW4-2226-SM-5GZYG,Normal_GTEX,1,2,2,1,1,0,1,1,4,1,2,0,2,0,5,3,6,6
GTEX-PW2O-1926-SM-2S1OB,Normal_GTEX,1,2,2,1,1,0,1,1,4,1,3,0,1,5,0,1,0,0
GTEX-131YS-1426-SM-5IJF7,Normal_GTEX,1,0,2,1,3,2,2,4,2,2,1,3,3,4,3,4,7,7
GTEX-Q2AH-1126-SM-48TZM,Normal_GTEX,1,0,2,1,3,2,2,4,2,3,2,2,4,1,2,5,3,3
GTEX-11OC5-0004-SM-5S2O6,Normal_GTEX,3,1,0,4,2,3,5,2,3,6,5,4,7,2,4,8,1,1
GTEX-X4XY-0006-SM-46MV2,Normal_GTEX,3,1,0,4,2,3,5,2,3,6,5,4,7,2,4,8,1,1
GTEX-P4PQ-1526-SM-3NMCK,Normal_GTEX,1,2,2,1,1,0,1,1,4,1,3,0,1,5,5,1,0,0
GTEX-11TUW-2726-SM-5EQLC,Normal_GTEX,1,0,2,1,3,2,2,4,2,2,1,3,3,4,3,4,7,7
GTEX-13X6J-0011-R10b-SM-5PNWA,Normal_GTEX,3,1,0,3,2,3,4,3,0,5,4,5,6,3,6,7,4,4
GTEX-PX3G-1626-SM-2S1PT,Normal_GTEX,1,2,2,1,1,0,1,1,4,1,1,4,2,0,0,2,6,6
GTEX-11TTK-0126-SM-5987B,Normal_GTEX,1,0,2,1,3,2,2,4,2,2,1,3,3,4,3,4,7,7
GTEX-11I78-0008-SM-5Q5DI,Normal_GTEX,3,2,2,4,1,0,5,2,3,6,5,4,7,2,0,8,5,5
GTEX-ZAB4-2126-SM-5HL8U,Normal_GTEX,1,0,2,1,3,2,2,4,2,2,1,3,3,4,3,4,7,7
GTEX-R55D-0006-SM-3GIJS,Normal_GTEX,3,1,0,4,2,3,5,2,3,6,5,4,7,2,4,8,1,1
GTEX-QMRM-1526-SM-4R1K6,Normal_GTEX,1,0,0,1,3,2,2,3,2,3,4,5,4,3,6,5,4,4
GTEX-11GSP-3126-SM-5A5LL,Normal_GTEX,3,1,0,3,2,3,4,3,0,5,4,5,6,3,6,7,4,4
GTEX-13FH7-1526-SM-5J2N6,Normal_GTEX,1,2,2,1,1,0,1,1,4,1,3,0,1,5,5,1,0,0
GTEX-11EM3-0005-SM-5N9DK,Normal_GTEX,3,1,0,4,2,3,5,2,3,6,5,4,7,2,4,8,1,1
GTEX-Y8E5-0526-SM-57WBY,Normal_GTEX,1,2,2,1,1,0,1,1,4,1,1,0,2,0,3,3,6,6
TCGA-BH-A209-11,Normal_TCGA,1,0,1,1,0,1,1,0,1,1,0,1,2,6,1,3,2,2
GTEX-13PL6-0011-R5b-SM-5O9BI,Normal_GTEX,3,1,0,3,2,3,4,3,0,5,4,5,6,3,6,7,4,4
GTEX-11WQC-0011-R8b-SM-57WCH,Normal_GTEX,3,1,0,3,2,3,4,3,0,5,4,5,6,3,6,7,4,4
GTEX-YB5E-2426-SM-5IFIV,Normal_GTEX,1,2,2,1,1,0,1,1,4,1,3,0,1,5,0,1,0,0
GTEX-P4PQ-1626-SM-2HMKK,Normal_GTEX,1,2,2,1,1,0,1,1,4,1,1,4,2,0,0,2,6,6
TCGA-EW-A1OW-01,Basal,2,0,1,2,0,1,3,0,1,4,0,1,5,6,1,6,2,2
GTEX-13OVJ-0011-R4b-SM-5P9H5,Normal_GTEX,3,1,0,3,2,3,4,3,0,5,4,5,6,3,6,7,4,4
GTEX-XBEC-0626-SM-4QARY,Normal_GTEX,1,2,2,1,1,0,1,1,4,1,1,4,2,0,0,2,6,6
TCGA-B6-A2IU-01,LumA,2,0,1,2,0,1,3,0,1,4,0,1,5,6,1,6,2,2
TCGA-C8-A137-01,Her2,2,0,1,2,0,1,3,0,1,4,0,1,5,6,1,6,2,2
GTEX-R55C-0726-SM-48FCN,Normal_GTEX,1,2,2,1,1,0,1,1,4,1,3,0,1,5,5,1,0,0
GTEX-14753-0126-SM-5S2TX,Normal_GTEX,1,2,2,1,1,0,1,1,4,1,1,0,2,0,3,3,6,6
GTEX-U3ZH-0002-SM-3NMDD,Normal_GTEX,3,1,0,4,2,3,5,2,3,6,5,4,7,2,4,8,1,1
GTEX-13PL7-1026-SM-5MR5C,Normal_GTEX,1,2,0,1,1,3,2,1,4,3,2,2,4,1,2,5,5,5
GTEX-13RTJ-0011-R2a-SM-5PNW9,Normal_GTEX,3,1,0,3,2,3,4,3,0,5,4,5,6,3,6,7,4,4
GTEX-SE5C-0008-SM-4B64J,Normal_GTEX,3,2,2,4,1,0,5,1,3,6,1,4,7,0,0,8,5,5
GTEX-13N11-0726-SM-5L3DP,Normal_GTEX,1,2,2,1,1,0,1,1,4,1,3,0,2,5,0,2,0,0
GTEX-OHPM-0226-SM-3LK61,Normal_GTEX,1,2,2,1,1,0,1,1,4,1,1,0,2,0,5,3,6,6
TCGA-E2-A1LB-11,Normal_TCGA,1,0,1,1,0,1,1,0,1,1,0,1,2,6,1,3,2,2
GTEX-11O72-3026-SM-5986R,Normal_GTEX,1,1,0,1,2,3,2,3,0,3,4,5,4,3,6,5,4,4
GTEX-X4EP-3226-SM-3P5YR,Normal_GTEX,1,1,0,1,2,3,2,3,0,3,4,5,4,3,6,5,4,4
GTEX-13FLW-0011-R7b-SM-5L3EZ,Normal_GTEX,3,1,0,3,2,3,4,3,0,5,4,5,6,3,6,7,4,4
GTEX-XMD1-0011-R1A-SM-4AT4C,Normal_GTEX,3,1,0,3,2,3,4,3,0,5,4,5,6,3,6,7,4,4
GTEX-TKQ1-0626-SM-4DXTS,Normal_GTEX,1,2,2,1,1,0,1,1,4,1,3,0,1,5,5,1,0,0
GTEX-Q734-2226-SM-3GAD9,Normal_GTEX,1,2,2,1,1,0,1,1,4,1,3,0,1,5,5,1,0,0
GTEX-S7PM-0011-R6A-SM-3NM8F,Normal_GTEX,3,1,0,3,2,3,4,3,0,5,4,5,6,3,6,7,4,4
TCGA-BH-A18H-01,LumA,2,0,1,2,0,1,3,0,1,4,0,1,5,6,1,6,2,2
GTEX-ZLV1-1426-SM-4WWES,Normal_GTEX,1,0,2,1,3,2,1,4,2,1,1,0,2,0,5,3,6,6
GTEX-N7MS-2326-SM-2HMLD,Normal_GTEX,1,0,2,1,3,2,1,4,2,1,2,2,2,1,2,3,3,3
GTEX-113IC-0226-SM-5HL5C,Normal_GTEX,1,2,2,1,1,0,1,1,4,1,1,0,2,0,5,3,6,6
GTEX-P4PP-0626-SM-3NM9X,Normal_GTEX,1,0,2,1,3,2,2,4,2,2,1,3,3,4,3,4,7,7
TCGA-A8-A08R-01,Basal,2,0,1,2,0,1,3,0,1,4,0,1,5,6,1,6,2,2
GTEX-ZTSS-0005-SM-4YCDR,Normal_GTEX,3,1,0,4,2,3,5,2,3,6,5,4,7,2,4,8,1,1
TCGA-BH-A0C1-01,LumA,2,0,1,2,0,1,3,0,1,4,0,1,5,6,1,6,2,2
GTEX-SSA3-0226-SM-32QPN,Normal_GTEX,1,2,2,1,1,0,1,1,4,1,1,0,2,0,5,3,6,6
GTEX-11ZTS-0008-SM-5S2VC,Normal_GTEX,3,2,2,4,1,0,5,2,3,6,5,4,7,2,0,8,5,5
GTEX-QDVN-2026-SM-3GAEP,Normal_GTEX,1,0,2,1,3,2,2,4,2,2,1,3,3,4,3,4,7,7
GTEX-YECK-0005-SM-4W217,Normal_GTEX,3,1,0,4,2,3,5,2,3,6,5,4,7,2,4,8,1,1
GTEX-139UW-0011-R11a-SM-5IJGN,Normal_GTEX,3,1,0,3,2,3,4,3,0,5,4,5,6,3,6,7,4,4
GTEX-RN64-1026-SM-48FDX,Normal_GTEX,1,0,2,1,3,2,2,4,2,2,1,3,3,4,3,4,7,7
GTEX-13W46-1226-SM-5SIAS,Normal_GTEX,1,2,2,1,1,0,1,1,4,1,3,0,2,0,5,3,6,6
GTEX-13PL6-2926-SM-5L3I2,Normal_GTEX,1,0,2,1,3,2,1,4,2,1,1,0,2,5,5,3,0,6
GTEX-13QBU-0826-SM-5IJBU,Normal_GTEX,1,2,2,1,1,0,1,1,4,1,3,0,1,5,5,1,0,0
GTEX-QVJO-0006-SM-2S1RC,Normal_GTEX,3,1,0,4,2,3,5,2,3,6,5,4,7,2,4,8,1,1
GTEX-Y3I4-1626-SM-4TT7W,Normal_GTEX,1,0,2,1,3,0,2,4,4,3,2,2,4,1,2,5,3,3
GTEX-132Q8-0006-SM-5NQA4,Normal_GTEX,3,1,0,4,2,3,5,2,3,6,5,4,7,2,4,8,1,1
GTEX-139T6-1026-SM-5IJGC,Normal_GTEX,1,0,2,1,3,2,2,4,2,3,2,2,4,1,2,5,3,3
GTEX-11ILO-0726-SM-5HL5I,Normal_GTEX,1,0,2,1,3,2,2,4,2,3,2,2,4,1,2,5,3,3
GTEX-Q734-1026-SM-48U16,Normal_GTEX,1,0,2,1,3,2,2,4,2,3,2,2,4,1,2,5,3,3
GTEX-Y114-2526-SM-4TT8M,Normal_GTEX,1,2,2,1,1,0,1,1,4,1,1,4,2,0,0,2,6,6
GTEX-145LS-1226-SM-5Q5D9,Normal_GTEX,1,0,2,1,3,2,2,4,2,3,2,2,4,1,2,5,3,3
GTEX-ZF2S-2026-SM-5E461,Normal_GTEX,1,0,1,1,3,1,1,0,1,1,0,1,2,6,5,3,2,6
GTEX-1269C-2526-SM-5EGJ3,Normal_GTEX,1,0,2,1,3,2,2,4,2,2,1,3,3,4,3,4,7,7
GTEX-1313W-3026-SM-5LZUZ,Normal_GTEX,3,1,0,3,2,3,4,3,0,5,4,5,6,3,6,7,4,4
GTEX-133LE-1426-SM-5IFH1,Normal_GTEX,1,0,2,1,3,2,2,4,2,3,2,2,4,1,2,5,3,3
GTEX-ZDYS-0426-SM-5IJEQ,Normal_GTEX,1,0,2,1,3,2,2,4,2,3,2,2,4,1,2,5,3,3
GTEX-139UC-3226-SM-5N9EZ,Normal_GTEX,3,1,0,3,2,3,4,3,0,5,4,5,6,3,6,7,4,4
GTEX-WL46-3026-SM-3LK7Z,Normal_GTEX,1,1,0,1,2,3,2,3,0,3,4,5,4,3,6,5,4,4
GTEX-13OVH-1026-SM-5J2NP,Normal_GTEX,1,0,2,1,3,2,2,4,2,3,2,2,4,1,2,5,3,3
GTEX-11DXY-0826-SM-5EGGR,Normal_GTEX,1,2,2,1,1,0,1,1,4,1,3,0,2,5,0,2,0,0
GTEX-YEC4-1226-SM-5CVLX,Normal_GTEX,1,2,2,1,1,0,1,1,4,1,3,0,1,5,5,1,0,0
GTEX-X585-1826-SM-4QAS3,Normal_GTEX,1,1,0,1,2,3,2,4,3,3,2,2,4,1,2,5,3,3
GTEX-QDT8-0426-SM-32PKZ,Normal_GTEX,1,2,2,1,1,0,1,1,4,1,3,0,1,0,0,1,6,0
GTEX-11ILO-0226-SM-5N9D3,Normal_GTEX,1,2,2,1,1,0,1,1,4,1,1,0,2,0,5,3,6,6
GTEX-ZYW4-0126-SM-5E44A,Normal_GTEX,1,0,2,1,3,2,2,4,2,2,1,3,3,4,3,4,7,7
GTEX-13PLJ-0005-SM-5NQ99,Normal_GTEX,3,1,0,4,2,3,5,2,3,6,5,4,7,2,4,8,1,1
GTEX-ZZPU-0126-SM-5E446,Normal_GTEX,1,1,0,1,2,3,2,4,3,3,2,2,4,1,2,5,3,3
GTEX-WXYG-0226-SM-3NB2Y,Normal_GTEX,1,0,2,1,3,2,1,4,2,1,2,2,2,1,2,3,3,3
GTEX-X15G-2126-SM-4PQZR,Normal_GTEX,1,0,2,1,3,1,2,4,1,3,1,1,4,1,3,5,3,2
GTEX-WL46-0011-R9A-SM-3MJFP,Normal_GTEX,3,1,0,3,2,3,4,3,0,5,4,5,6,3,6,7,4,4
GTEX-13FH7-0826-SM-5J2NW,Normal_GTEX,1,2,2,1,1,0,1,1,4,1,3,0,2,5,0,2,0,0
GTEX-144GN-1226-SM-5O991,Normal_GTEX,1,0,2,1,3,2,2,4,2,3,2,2,4,1,2,5,3,3
GTEX-11VI4-0326-SM-5EQ6L,Normal_GTEX,1,2,2,1,1,0,1,1,4,1,3,0,1,5,5,1,0,0
GTEX-14ICL-0426-SM-5RQJ3,Normal_GTEX,1,0,2,1,3,2,1,4,2,1,2,2,2,1,2,3,3,3
GTEX-11ZU8-0011-R4a-SM-5BC6Y,Normal_GTEX,3,1,0,3,2,3,4,3,0,5,4,5,6,3,6,7,4,4
GTEX-NL3H-0011-R3a-SM-2I3GL,Normal_GTEX,3,1,0,3,2,3,4,3,0,5,4,5,6,3,6,7,4,4
GTEX-N7MT-0011-R1a-SM-5SI7S,Normal_GTEX,3,1,0,3,2,3,4,3,0,5,4,5,6,3,6,7,4,4
GTEX-12WSK-0926-SM-5CVNQ,Normal_GTEX,1,0,2,1,3,2,1,4,2,1,2,2,2,1,2,3,3,3
GTEX-131XE-1526-SM-5KM1A,Normal_GTEX,1,2,2,1,1,0,1,1,4,1,3,0,1,5,5,1,0,0
GTEX-WHSB-0226-SM-4M1XE,Normal_GTEX,1,2,2,1,1,0,1,1,4,1,3,0,1,5,0,1,0,0
GTEX-13X6H-1326-SM-5LU42,Normal_GTEX,1,0,2,1,3,2,2,4,2,2,1,3,3,4,3,4,7,7
GTEX-13N1W-0011-R6a-SM-5MR43,Normal_GTEX,3,1,0,3,2,3,4,3,0,5,4,5,6,3,6,7,4,4
GTEX-13FLV-0011-R3b-SM-5LZYP,Normal_GTEX,3,1,0,3,2,3,4,3,0,5,4,5,6,3,6,7,4,4
GTEX-X4XY-0326-SM-46MVZ,Normal_GTEX,1,2,2,1,1,0,1,1,4,1,1,0,2,0,5,3,6,6
GTEX-ZDTS-2726-SM-5L3E2,Normal_GTEX,1,2,2,1,1,0,1,1,4,1,3,0,1,5,5,1,0,0
GTEX-T5JC-0011-R6A-SM-5SI89,Normal_GTEX,3,1,0,3,2,3,4,3,0,5,4,5,6,3,6,7,4,4
GTEX-13O21-2926-SM-5J1OU,Normal_GTEX,1,2,2,1,1,0,1,1,4,1,3,0,1,5,0,1,0,0
GTEX-NPJ8-0011-R8a-SM-2HMLG,Normal_GTEX,3,1,0,3,2,3,4,3,0,5,4,5,6,3,6,7,4,4
GTEX-1445S-0011-R10a-SM-5PNWB,Normal_GTEX,3,1,0,3,2,3,4,3,0,5,4,5,6,3,6,7,4,4
TCGA-BH-A202-01,LumB,2,0,1,2,0,1,3,0,1,4,0,1,5,6,1,6,2,2
GTEX-145ME-0826-SM-5O9AF,Normal_GTEX,1,2,2,1,1,0,1,1,4,1,3,0,1,5,5,1,0,0
GTEX-PWO3-1526-SM-48TCM,Normal_GTEX,1,0,2,1,3,2,2,4,2,2,1,3,3,4,3,4,7,7
GTEX-UJMC-1226-SM-4IHLI,Normal_GTEX,1,0,2,1,3,2,2,4,2,3,2,2,4,1,2,5,3,3
GTEX-WFG8-2426-SM-3GILL,Normal_GTEX,1,2,2,1,1,0,1,1,4,1,1,4,2,0,0,2,6,6
GTEX-X4XY-1526-SM-4QASE,Normal_GTEX,1,2,2,1,1,0,1,1,4,1,3,0,1,5,0,1,0,0
GTEX-WFJO-0826-SM-4LVM5,Normal_GTEX,1,0,2,1,3,2,2,4,2,2,1,3,3,4,3,4,7,7
GTEX-T2IS-2926-SM-32QPO,Normal_GTEX,3,1,0,3,2,3,4,3,0,5,4,5,6,3,6,7,4,4
GTEX-NPJ8-1626-SM-2HMIY,Normal_GTEX,1,2,2,1,1,0,1,1,4,1,1,4,2,0,0,2,6,6
GTEX-QESD-1426-SM-2S1R9,Normal_GTEX,1,0,2,1,3,2,2,4,2,2,1,3,3,4,3,4,7,7
GTEX-PLZ6-0826-SM-3P61K,Normal_GTEX,1,2,2,1,1,0,1,1,4,1,3,0,1,5,5,1,0,0
GTEX-13FTY-0526-SM-5L3EV,Normal_GTEX,1,0,2,1,3,2,2,4,2,2,1,3,3,4,3,4,7,7
GTEX-131XW-0011-R11a-SM-5DUV9,Normal_GTEX,3,1,0,3,2,3,4,3,0,5,4,5,6,3,6,7,4,4
GTEX-RNOR-0008-SM-48FEY,Normal_GTEX,3,2,2,4,1,0,5,1,3,6,1,4,7,0,0,8,5,5
GTEX-Y5V6-0226-SM-4V6G7,Normal_GTEX,1,0,2,1,3,2,2,4,2,3,2,2,4,1,2,5,3,3
GTEX-QDVN-1926-SM-48TZ8,Normal_GTEX,1,0,0,1,3,3,2,3,2,3,2,5,4,1,6,5,3,4
GTEX-111YS-2326-SM-5987L,Normal_GTEX,1,2,2,1,1,0,1,1,4,1,1,4,2,0,0,2,6,6
GTEX-131XG-2526-SM-5HL7F,Normal_GTEX,1,2,2,1,1,0,1,1,4,1,1,0,2,0,3,3,6,6
GTEX-13RTJ-2226-SM-5S2Q1,Normal_GTEX,1,0,2,1,3,2,2,4,2,3,2,2,4,1,2,5,3,3
GTEX-S7PM-0526-SM-3NM92,Normal_GTEX,1,2,2,1,1,0,1,1,4,1,1,4,2,0,0,2,6,6
GTEX-SIU7-1626-SM-4BRUK,Normal_GTEX,1,0,2,1,3,2,1,4,2,1,1,0,2,1,5,3,3,6
GTEX-PWOO-1726-SM-48TDC,Normal_GTEX,1,2,2,1,1,0,1,1,4,1,3,0,1,5,0,1,0,0
GTEX-TKQ2-0926-SM-4DXU5,Normal_GTEX,1,2,2,1,1,0,1,1,4,1,3,0,1,5,5,1,0,0
GTEX-OOBJ-0826-SM-3NB2K,Normal_GTEX,1,0,2,1,3,2,2,4,2,3,2,2,4,1,2,5,3,3
GTEX-11P82-0926-SM-5986X,Normal_GTEX,1,0,2,1,3,1,2,4,1,3,2,1,4,1,3,5,3,2
GTEX-R55G-0226-SM-48FEI,Normal_GTEX,1,1,0,1,2,3,2,4,3,3,2,2,4,1,2,5,3,3
GTEX-132AR-1826-SM-5EGHR,Normal_GTEX,1,0,2,1,3,2,2,4,2,3,2,2,4,1,2,5,3,3
GTEX-ZPU1-0926-SM-57WDO,Normal_GTEX,1,0,2,1,3,2,2,4,2,3,2,2,4,1,2,5,3,3
GTEX-WYVS-1326-SM-4ONCQ,Normal_GTEX,1,0,2,1,3,2,2,4,2,3,2,2,4,1,5,5,3,3
GTEX-14BIN-0926-SM-5S2OZ,Normal_GTEX,1,2,2,1,1,0,1,1,4,1,3,0,1,5,0,1,0,0
GTEX-14E6E-2226-SM-5SI6F,Normal_GTEX,1,2,2,1,1,0,1,1,4,1,1,0,2,0,3,3,6,6
GTEX-144GN-0426-SM-5O9AP,Normal_GTEX,1,0,2,1,3,2,2,4,2,3,2,2,4,1,2,5,3,3
TCGA-C8-A12V-01,Basal,2,0,1,2,0,1,3,0,1,4,0,1,5,6,1,6,2,2
GTEX-ZP4G-1726-SM-4WWCM,Normal_GTEX,1,0,2,1,3,2,2,4,2,3,2,2,4,1,2,5,3,3
TCGA-A7-A26E-01,LumA,2,0,1,2,0,1,3,0,1,4,0,1,5,6,1,6,2,2
GTEX-P78B-1326-SM-3P611,Normal_GTEX,1,0,2,1,3,2,2,4,2,3,2,2,4,1,2,5,3,3
GTEX-XV7Q-1126-SM-4BRVS,Normal_GTEX,1,0,2,1,3,2,2,4,2,2,1,3,3,4,3,4,7,7
GTEX-11EMC-0826-SM-59862,Normal_GTEX,1,2,2,1,1,0,1,1,4,1,3,0,2,5,0,2,0,0
GTEX-12WSM-1826-SM-5BC64,Normal_GTEX,1,0,2,1,3,1,2,4,1,3,2,1,4,1,3,5,3,2
TCGA-AO-A03N-01,LumB,2,0,1,2,0,1,3,0,1,4,0,1,5,6,1,6,2,2
GTEX-ZYVF-1626-SM-5N9EH,Normal_GTEX,1,1,0,1,2,3,2,1,4,3,2,2,4,1,2,5,5,5
GTEX-YEC3-2426-SM-5IFJR,Normal_GTEX,1,0,2,1,3,2,2,4,2,3,2,2,4,1,2,5,3,3
GTEX-QVJO-1325-SM-2S1QX,Normal_GTEX,3,1,0,3,2,3,4,3,0,5,4,5,6,3,6,7,4,4
GTEX-XMD1-0011-R3B-SM-4AT5R,Normal_GTEX,3,1,0,3,2,3,4,3,0,5,4,5,6,3,6,7,4,4
GTEX-YBZK-0008-SM-59HL6,Normal_GTEX,3,2,2,4,1,0,5,2,3,6,5,4,7,2,0,8,5,5
GTEX-1212Z-0006-SM-5NQ8M,Normal_GTEX,3,1,0,4,2,3,5,2,3,6,5,4,7,2,4,8,1,1
GTEX-11ZUS-1326-SM-5FQUC,Normal_GTEX,1,2,2,1,1,0,1,1,4,1,3,0,1,5,0,1,0,0
GTEX-13OVI-2126-SM-5KM3U,Normal_GTEX,1,2,2,1,1,0,1,1,4,1,3,0,1,5,5,1,0,0
TCGA-BH-A0HO-01,LumA,2,0,1,2,0,1,3,0,1,4,0,1,5,6,1,6,2,2
GTEX-ZE7O-0011-R10a-SM-57WAZ,Normal_GTEX,3,1,0,3,2,3,4,3,0,5,4,5,6,3,6,7,4,4
GTEX-S4UY-1326-SM-4AD4X,Normal_GTEX,1,2,2,1,1,0,1,1,4,1,2,0,1,1,5,1,3,0
TCGA-AR-A1AN-01,LumA,2,0,1,2,0,1,3,0,1,4,0,1,5,6,1,6,2,2
GTEX-11LCK-0326-SM-5A5M7,Normal_GTEX,1,2,2,1,1,0,1,1,4,1,2,0,2,0,5,3,6,6
GTEX-PVOW-0426-SM-5N9DW,Normal_GTEX,1,2,2,1,1,0,1,1,4,1,3,0,2,5,0,2,0,0
GTEX-Y114-0726-SM-4TT6U,Normal_GTEX,1,1,0,1,2,3,2,4,3,3,2,2,4,1,2,5,3,3
TCGA-A8-A09X-01,Her2,2,0,1,2,0,1,3,0,1,4,0,1,5,6,1,6,2,2
GTEX-11P81-2226-SM-5PNYI,Normal_GTEX,1,0,2,1,3,2,2,4,2,2,1,3,3,4,3,4,7,7
GTEX-11DXW-0626-SM-5N9ER,Normal_GTEX,1,0,2,1,3,2,1,4,2,1,1,0,2,0,5,3,6,6
GTEX-Y111-1926-SM-4SOIS,Normal_GTEX,1,0,2,1,3,2,1,4,2,1,2,2,2,1,2,3,3,3
GTEX-11I78-1126-SM-5A5K5,Normal_GTEX,1,0,2,1,3,2,2,4,2,3,2,2,4,1,2,5,3,3
GTEX-U8XE-0826-SM-4E3J1,Normal_GTEX,1,2,2,1,1,0,1,1,4,1,1,0,2,0,5,3,6,6
GTEX-WEY5-0326-SM-4LMI7,Normal_GTEX,1,2,2,1,1,0,1,1,4,1,3,0,1,0,5,1,6,6
TCGA-AR-A254-01,Her2,2,0,1,2,0,1,3,0,1,4,0,1,5,6,1,6,2,2
GTEX-ZF28-1426-SM-5S2OG,Normal_GTEX,1,2,2,1,1,0,1,1,4,1,3,0,2,0,5,3,6,6
GTEX-O5YT-1326-SM-3MJGR,Normal_GTEX,1,2,2,1,1,3,2,1,4,3,2,2,4,1,2,5,5,5
GTEX-XV7Q-2226-SM-4BRVY,Normal_GTEX,1,2,2,1,1,0,1,1,4,1,3,0,1,5,5,1,0,0
GTEX-OXRL-0526-SM-2I3EZ,Normal_GTEX,1,0,2,1,3,2,2,4,2,3,2,2,4,1,2,5,3,3
GTEX-TKQ1-0426-SM-4DXT4,Normal_GTEX,1,2,2,1,1,0,1,1,4,1,3,0,1,5,5,1,0,0
GTEX-13G51-3026-SM-5IJB8,Normal_GTEX,3,1,0,3,2,3,4,3,0,5,4,5,6,3,6,7,4,4
GTEX-WHWD-0008-SM-4OOSU,Normal_GTEX,3,2,2,4,1,0,5,1,3,6,1,4,7,0,0,8,5,5
GTEX-W5X1-0008-SM-4LMKA,Normal_GTEX,3,2,2,4,1,0,5,1,3,6,1,4,7,0,0,8,5,5
GTEX-ZG7Y-1126-SM-4WWEZ,Normal_GTEX,1,0,2,1,3,2,2,4,2,2,1,3,3,4,3,4,7,7
GTEX-13FHP-0011-R11b-SM-5LZXP,Normal_GTEX,3,1,0,3,2,3,4,3,0,5,4,5,6,3,6,7,4,4
GTEX-WZTO-0006-SM-3NM9T,Normal_GTEX,3,1,0,4,2,3,5,2,3,6,5,4,7,2,4,8,1,1
GTEX-QLQ7-1526-SM-2S1QA,Normal_GTEX,1,2,2,1,1,0,1,1,4,1,1,0,2,0,5,3,6,6
GTEX-VUSG-1426-SM-3GIJN,Normal_GTEX,1,2,2,1,1,0,1,1,4,1,1,0,2,0,5,3,6,6
GTEX-131XE-1926-SM-5IFER,Normal_GTEX,1,0,2,1,3,2,2,4,2,3,2,2,4,1,2,5,3,3
GTEX-13N11-2726-SM-5L3ER,Normal_GTEX,1,2,2,1,1,0,1,1,4,1,1,4,2,0,0,2,6,6
GTEX-11LCK-0005-SM-5O98U,Normal_GTEX,3,1,0,4,2,3,5,2,3,6,5,4,7,2,4,8,1,1
GTEX-WWYW-0011-R11A-SM-3NB38,Normal_GTEX,3,1,0,3,2,3,4,3,0,5,4,5,6,3,6,7,4,4
GTEX-XUJ4-0626-SM-4BOOO,Normal_GTEX,1,2,2,1,1,0,1,1,4,1,3,0,2,5,0,2,0,0
TCGA-D8-A27E-01,LumA,2,0,1,2,0,1,3,0,1,4,0,1,5,6,1,6,2,2
GTEX-Q2AI-0426-SM-48U13,Normal_GTEX,1,0,2,1,3,2,2,4,2,3,2,2,4,1,2,5,3,3
GTEX-ZYW4-0226-SM-5E44M,Normal_GTEX,1,2,2,1,1,0,1,1,4,1,1,0,2,0,5,3,6,6
GTEX-OOBJ-0006-SM-2I3F4,Normal_GTEX,3,1,0,4,2,3,5,2,3,6,5,4,7,2,4,8,1,1
GTEX-POYW-0008-SM-48TE4,Normal_GTEX,3,2,2,4,1,0,5,2,3,6,5,4,7,2,0,8,5,5
GTEX-14ABY-0011-R5b-SM-5SI7B,Normal_GTEX,3,1,0,3,2,3,4,3,0,5,4,5,6,3,6,7,4,4
GTEX-12696-1926-SM-5EGJT,Normal_GTEX,1,2,2,1,1,0,1,1,4,1,3,0,1,5,5,1,0,0
TCGA-AC-A3HN-01,LumA,2,0,1,2,0,1,3,0,1,4,0,1,5,6,1,6,2,2
GTEX-ZTX8-0002-SM-4YCEU,Normal_GTEX,3,1,0,4,2,3,5,2,3,6,5,4,7,2,4,8,1,1
TCGA-A1-A0SF-01,LumA,2,0,1,2,0,1,3,0,1,4,0,1,5,6,1,6,2,2
GTEX-13FHO-0826-SM-5L3E8,Normal_GTEX,1,0,2,1,3,2,1,4,2,1,1,0,2,5,5,3,3,6
GTEX-1192X-0326-SM-5H11U,Normal_GTEX,1,2,2,1,1,0,1,1,4,1,1,0,2,0,3,3,6,6
TCGA-EW-A1J5-01,LumA,2,0,1,2,0,1,3,0,1,4,0,1,5,6,1,6,2,2
GTEX-WY7C-1126-SM-3NB3A,Normal_GTEX,1,2,2,1,1,0,1,1,4,1,3,0,2,5,0,2,0,0
GTEX-XPVG-2726-SM-4B66W,Normal_GTEX,1,0,2,1,3,0,1,4,4,1,1,0,2,0,5,3,6,6
GTEX-T2IS-2026-SM-4DM6W,Normal_GTEX,1,2,2,1,1,0,1,3,4,1,4,0,1,3,0,1,5,5
TCGA-D8-A27T-01,LumA,2,0,1,2,0,1,3,0,1,4,0,1,5,6,1,6,2,2
GTEX-ZTPG-0426-SM-5O98K,Normal_GTEX,1,2,2,1,1,0,1,1,4,1,3,0,1,5,0,1,0,0
GTEX-14753-1726-SM-5NQ9X,Normal_GTEX,1,1,0,1,2,3,2,1,4,3,2,2,4,1,2,5,5,5
GTEX-ZXG5-0011-R6a-SM-57WBZ,Normal_GTEX,3,1,0,3,2,3,4,3,0,5,4,5,6,3,6,7,4,4
GTEX-X4EP-3026-SM-3P5YP,Normal_GTEX,3,1,0,3,2,3,4,3,0,5,4,5,6,3,6,7,4,4
TCGA-B6-A1KN-01,LumB,2,0,1,2,0,1,3,0,1,4,0,1,5,6,1,6,2,2
GTEX-RU1J-0526-SM-46MUT,Normal_GTEX,1,2,2,1,1,0,1,1,4,1,3,0,1,5,5,1,0,0
GTEX-QEG5-1226-SM-447AR,Normal_GTEX,1,2,2,1,1,0,1,1,4,1,3,0,1,5,0,1,0,0
GTEX-RN64-0726-SM-48FCV,Normal_GTEX,1,2,2,1,1,0,1,1,4,1,3,0,1,5,0,1,0,0
GTEX-WVJS-0226-SM-4MVOU,Normal_GTEX,1,2,2,1,1,0,1,1,4,1,1,0,2,0,5,3,6,6
GTEX-139T4-0008-SM-5S2WF,Normal_GTEX,3,2,2,4,1,0,5,1,3,6,5,4,7,2,0,8,5,5
GTEX-XUZC-0005-SM-4BOQ8,Normal_GTEX,3,1,0,4,2,3,5,2,3,6,5,4,7,2,4,8,1,1
GTEX-13QJ3-0226-SM-5S2PU,Normal_GTEX,1,0,0,1,3,3,2,3,2,3,4,5,4,3,6,5,4,4
GTEX-Y3IK-2526-SM-4WWDM,Normal_GTEX,1,2,2,1,1,0,1,1,4,1,1,0,2,0,5,3,6,6
GTEX-RUSQ-1826-SM-2TF6E,Normal_GTEX,1,2,2,1,1,0,1,1,4,1,1,0,2,0,3,3,6,6
GTEX-11EM3-1226-SM-5N9DD,Normal_GTEX,1,0,2,1,3,2,2,4,2,2,1,3,3,4,3,4,7,7
GTEX-13OW7-0011-R8b-SM-5L3HR,Normal_GTEX,3,1,0,3,2,3,4,3,0,5,4,5,6,3,6,7,4,4
GTEX-Q2AG-3026-SM-48U1L,Normal_GTEX,1,1,0,1,2,3,2,3,0,3,4,5,4,3,6,5,4,4
TCGA-D8-A1JC-01,LumB,2,0,1,2,0,1,3,0,1,4,0,1,5,6,1,6,2,2
GTEX-14A5H-0826-SM-5QGPJ,Normal_GTEX,1,0,2,1,3,2,2,4,2,2,1,3,3,4,3,4,7,7
GTEX-TMMY-1926-SM-4DXUU,Normal_GTEX,1,0,2,1,3,2,2,4,2,2,1,3,3,4,3,4,7,7
GTEX-11GSO-0005-SM-5O9CA,Normal_GTEX,3,1,0,4,2,3,5,2,3,6,5,4,7,2,4,8,1,1
GTEX-OXRO-1726-SM-3LK6C,Normal_GTEX,1,2,2,1,3,0,1,4,4,1,1,4,2,0,0,2,6,6
GTEX-13RTJ-0011-R8b-SM-5O9DL,Normal_GTEX,3,1,0,3,2,3,4,3,0,5,4,5,6,3,6,7,4,4
GTEX-145MO-0826-SM-5NQBL,Normal_GTEX,1,0,2,1,3,2,1,4,2,1,2,0,2,0,5,3,3,6
GTEX-11WQC-2326-SM-5EQKE,Normal_GTEX,1,0,0,1,3,2,2,3,2,3,4,5,4,3,6,5,4,4
GTEX-13NZB-0226-SM-5KM1T,Normal_GTEX,1,2,2,1,1,0,1,1,4,1,3,0,2,5,0,2,0,0
GTEX-12ZZZ-0011-R4b-SM-5DUV7,Normal_GTEX,3,1,0,3,2,3,4,3,0,5,4,5,6,3,6,7,4,4
GTEX-145LT-1826-SM-5QGP4,Normal_GTEX,1,2,2,1,1,0,1,1,4,1,1,0,2,0,5,3,6,6
GTEX-ZVTK-0526-SM-5GZWT,Normal_GTEX,1,2,2,1,1,0,1,1,4,1,1,0,2,0,5,3,6,6
GTEX-13CZV-0011-R3a-SM-5KM27,Normal_GTEX,3,1,0,3,2,3,4,3,0,5,4,5,6,3,6,7,4,4
TCGA-AC-A23E-01,LumA,2,0,1,2,0,1,3,0,1,4,0,1,5,6,1,6,2,2
GTEX-ZAK1-1126-SM-5PNXU,Normal_GTEX,1,2,2,1,1,0,1,1,4,1,3,0,2,5,0,2,0,0
GTEX-11ZTS-1026-SM-5LU8O,Normal_GTEX,1,2,2,1,1,0,1,1,4,1,3,0,1,5,0,1,0,0
GTEX-Q2AH-0226-SM-48U1I,Normal_GTEX,1,1,0,1,2,3,2,4,3,3,2,2,4,1,2,5,3,3
GTEX-11DZ1-2726-SM-5A5KH,Normal_GTEX,1,0,2,1,3,2,1,4,2,1,2,2,2,1,2,3,3,3
GTEX-148VJ-1526-SM-5Q5DU,Normal_GTEX,1,2,2,1,1,0,1,1,4,1,3,0,2,5,0,2,0,0
GTEX-145MF-2626-SM-5O98S,Normal_GTEX,1,1,0,1,2,3,2,3,0,3,4,5,4,3,6,5,4,4
GTEX-OHPK-1826-SM-2YUMR,Normal_GTEX,1,2,2,1,1,0,1,1,4,1,3,0,1,5,0,1,0,0
GTEX-QDVN-1226-SM-48TZ5,Normal_GTEX,1,0,2,1,3,2,2,4,2,3,2,2,4,1,2,5,3,3
GTEX-13D11-2326-SM-5IJCY,Normal_GTEX,1,2,2,1,1,0,1,1,4,1,1,0,2,0,5,3,6,6
GTEX-XXEK-2426-SM-4BRUS,Normal_GTEX,1,2,2,1,1,0,1,1,4,1,1,0,2,0,5,3,6,6
GTEX-N7MS-0011-R11A-SM-2HMJS,Normal_GTEX,3,1,0,3,2,3,4,3,0,5,4,5,6,3,6,7,4,4
TCGA-EW-A1OZ-01,LumB,2,0,1,2,0,1,3,0,1,4,0,1,5,6,1,6,2,2
GTEX-13PVQ-1426-SM-5J1O4,Normal_GTEX,1,2,2,1,1,0,1,1,4,1,3,0,1,5,0,1,0,0
GTEX-Y9LG-0008-SM-4VBRJ,Normal_GTEX,3,2,2,4,1,0,5,1,3,6,1,4,7,5,0,8,5,5
GTEX-ZAK1-0726-SM-5HL8Q,Normal_GTEX,1,0,2,1,3,2,1,4,2,1,2,2,2,1,2,3,3,3
GTEX-148VJ-1126-SM-5NQBZ,Normal_GTEX,1,2,2,1,1,0,1,1,4,1,3,0,1,5,5,1,0,0
TCGA-A8-A09W-01,LumB,2,0,1,2,0,1,3,0,1,4,0,1,5,6,1,6,2,2
GTEX-WK11-0008-SM-4OOSX,Normal_GTEX,3,2,2,4,1,0,5,1,3,6,1,4,7,0,0,8,5,5
GTEX-V1D1-0326-SM-4JBIY,Normal_GTEX,1,2,2,1,1,0,1,1,4,1,3,0,1,5,0,1,0,0
GTEX-11ZTT-1826-SM-5CVLN,Normal_GTEX,1,2,2,1,1,0,1,1,4,1,3,0,1,5,0,1,5,5
GTEX-145MF-0426-SM-5LU9T,Normal_GTEX,1,2,2,1,1,0,1,1,4,1,3,0,1,5,0,1,0,0
TCGA-B6-A0IM-01,LumA,2,0,1,2,0,1,3,0,1,4,0,1,5,6,1,6,2,2
GTEX-ZE9C-0726-SM-4WKGA,Normal_GTEX,1,2,2,1,1,0,1,1,4,1,3,0,1,5,0,1,0,0
GTEX-12WSE-0011-R10b-SM-5P9JV,Normal_GTEX,3,1,0,3,2,3,4,3,0,5,4,5,6,3,6,7,4,4
GTEX-OHPM-1826-SM-2YUNF,Normal_GTEX,1,2,2,1,1,0,1,1,4,1,3,0,1,5,0,1,0,0
GTEX-QESD-0226-SM-447BH,Normal_GTEX,1,0,2,1,3,2,2,4,2,3,2,2,4,1,2,5,3,3
GTEX-ZVT2-2526-SM-51MT1,Normal_GTEX,1,0,2,1,3,2,2,4,2,2,1,3,3,4,3,4,7,7
TCGA-BH-A0B8-11,Normal_TCGA,1,2,1,1,1,1,1,1,1,1,1,1,2,0,1,3,6,2
GTEX-1313W-3226-SM-5LZUU,Normal_GTEX,1,1,0,1,2,3,2,3,0,3,4,5,4,3,6,5,4,4
GTEX-12ZZX-3026-SM-5GCP3,Normal_GTEX,1,1,0,1,2,3,2,3,0,3,4,5,4,3,6,5,4,4
GTEX-ZVT2-0826-SM-5GIEO,Normal_GTEX,1,2,0,1,1,3,2,1,4,3,2,2,4,1,2,5,5,5
TCGA-E2-A1IG-01,LumA,2,0,1,2,0,1,3,0,1,4,0,1,5,6,1,6,2,2
GTEX-12696-0526-SM-5EQ3Z,Normal_GTEX,1,2,2,1,1,0,1,1,4,1,3,0,1,5,0,1,0,0
GTEX-Y5V6-2626-SM-5IFIX,Normal_GTEX,1,2,2,1,1,0,1,1,4,1,1,4,2,0,0,2,6,6
TCGA-BH-A1F0-01,Basal,2,0,1,2,0,1,3,0,1,4,0,1,5,6,1,6,2,2
GTEX-11NSD-1026-SM-5N9BE,Normal_GTEX,1,0,0,1,3,2,2,3,2,3,4,5,4,3,6,5,4,4
GTEX-146FR-1026-SM-5NQ9T,Normal_GTEX,1,2,2,1,1,0,1,1,4,1,3,0,1,5,0,1,0,0
GTEX-145MN-1926-SM-5SIAI,Normal_GTEX,1,2,2,1,1,0,1,1,4,1,1,0,2,0,5,3,6,6
GTEX-T5JW-0326-SM-4DM6J,Normal_GTEX,1,0,2,1,3,0,1,4,4,1,3,0,1,5,5,1,0,0
GTEX-13SLW-0011-R5b-SM-5SI6Z,Normal_GTEX,3,1,0,3,2,3,4,3,0,5,4,5,6,3,6,7,4,4
GTEX-14753-0011-R10b-SM-5S2WE,Normal_GTEX,3,1,0,3,2,3,4,3,0,5,4,5,6,3,6,7,4,4
GTEX-13OVI-1426-SM-5L3EY,Normal_GTEX,1,0,2,1,3,2,2,4,2,2,1,3,3,4,3,4,7,7
GTEX-14AS3-0626-SM-5QGQD,Normal_GTEX,1,0,2,1,3,2,2,4,2,2,1,3,3,4,3,4,7,7
GTEX-YF7O-2026-SM-4W1YE,Normal_GTEX,1,0,0,1,3,2,2,3,2,3,4,5,4,3,6,5,4,4
GTEX-Q2AI-0008-SM-48U2H,Normal_GTEX,3,2,2,4,1,0,5,2,3,6,1,4,7,2,0,8,5,5
GTEX-ZV6S-1426-SM-59HKX,Normal_GTEX,1,2,2,1,1,0,1,1,4,1,3,0,1,5,0,1,0,0
GTEX-13OW5-0011-R1b-SM-5L3GE,Normal_GTEX,3,1,0,3,2,3,4,3,0,5,4,5,6,3,6,7,4,4
GTEX-111VG-2426-SM-5GZXD,Normal_GTEX,1,0,2,1,3,2,2,4,2,2,1,3,3,4,3,4,7,7
GTEX-YEC3-1326-SM-5PNXV,Normal_GTEX,1,0,2,1,3,2,2,4,2,2,1,3,3,4,3,4,7,7
GTEX-PWOO-0008-SM-48TDU,Normal_GTEX,3,2,2,4,1,0,5,1,3,6,1,4,7,0,0,8,5,5
GTEX-QDVN-2126-SM-5SI7X,Normal_GTEX,1,0,2,1,3,2,2,4,2,2,1,3,3,4,3,4,7,7
GTEX-Y111-0926-SM-4SOIU,Normal_GTEX,1,2,2,1,1,0,1,1,4,1,2,0,2,0,5,3,6,6
GTEX-13OVJ-1326-SM-5K7Z9,Normal_GTEX,1,2,2,1,1,0,1,1,4,1,3,0,1,5,5,1,0,0
TCGA-E9-A1ND-11,Normal_TCGA,1,0,1,1,0,1,1,0,1,1,0,1,2,6,1,3,2,2
GTEX-S95S-0426-SM-4B64I,Normal_GTEX,1,0,2,1,3,2,2,4,2,2,1,3,3,4,3,4,7,7
TCGA-EW-A1PD-01,LumA,2,0,1,2,0,1,3,0,1,4,0,1,5,6,1,6,2,2
GTEX-1211K-1026-SM-5EQ4B,Normal_GTEX,1,2,2,1,1,0,1,1,4,1,3,0,1,5,5,1,0,0
GTEX-Q2AH-2026-SM-2S1PX,Normal_GTEX,1,2,2,1,1,0,1,1,4,1,3,0,1,5,0,1,0,0
TCGA-D8-A1J8-01,LumB,2,0,1,2,0,1,3,0,1,4,0,1,5,6,1,6,2,2
GTEX-REY6-0326-SM-2TF5A,Normal_GTEX,1,2,2,1,1,0,1,1,4,1,1,0,2,0,5,3,6,6
GTEX-132Q8-1426-SM-5EGK7,Normal_GTEX,1,0,2,1,3,2,1,4,2,1,2,0,2,1,5,3,3,6
GTEX-ZVZP-2726-SM-5GZXZ,Normal_GTEX,1,2,2,1,1,0,1,1,4,1,3,0,1,5,0,1,0,0
GTEX-12C56-2026-SM-5FQSI,Normal_GTEX,1,2,2,1,1,0,1,1,4,1,3,0,1,5,0,1,0,0
GTEX-X8HC-1426-SM-46MWC,Normal_GTEX,1,0,2,1,3,0,1,4,4,1,3,0,1,5,5,1,0,0
TCGA-AR-A24N-01,LumB,2,0,1,2,0,1,3,0,1,4,0,1,5,6,1,6,2,2
GTEX-ZYY3-0626-SM-5NQ6W,Normal_GTEX,1,0,2,1,3,2,2,4,2,3,2,2,4,1,2,5,3,3
GTEX-ZXG5-0005-SM-57WCN,Normal_GTEX,3,1,0,4,2,3,5,2,3,6,5,4,7,2,4,8,1,1
GTEX-R3RS-1326-SM-48FE7,Normal_GTEX,1,0,2,1,3,2,2,4,2,2,1,3,3,4,3,4,7,7
GTEX-117YX-1926-SM-5GIEC,Normal_GTEX,1,0,2,1,3,2,2,4,2,2,1,3,3,4,3,4,7,7
GTEX-11P82-0008-SM-5S2MS,Normal_GTEX,3,2,2,4,1,0,5,1,3,6,1,4,7,0,0,8,5,5
GTEX-14ABY-0011-R4b-SM-5S2VN,Normal_GTEX,3,1,0,3,2,3,4,3,0,5,4,5,6,3,6,7,4,4
GTEX-WRHU-0226-SM-3MJFV,Normal_GTEX,1,0,2,1,3,2,2,4,2,3,2,2,4,1,2,5,3,3
GTEX-ZEX8-0426-SM-4WWEN,Normal_GTEX,1,2,2,1,1,0,1,1,4,1,3,0,2,5,0,2,0,0
GTEX-11NSD-1426-SM-5HL67,Normal_GTEX,1,0,2,1,3,2,2,4,2,3,2,2,4,1,2,5,3,3
GTEX-13W3W-1326-SM-5LU4T,Normal_GTEX,1,1,0,1,2,3,2,1,4,3,2,2,4,1,2,5,5,5
GTEX-S341-0626-SM-4AD5T,Normal_GTEX,1,0,2,1,3,2,2,4,2,3,2,2,4,1,2,5,3,3
GTEX-14C38-1526-SM-5RQJ7,Normal_GTEX,1,0,2,1,3,2,2,4,2,3,2,2,4,1,2,5,3,3
GTEX-O5YV-0526-SM-26GN1,Normal_GTEX,3,0,2,4,0,1,5,0,2,6,2,2,7,1,2,8,3,3
GTEX-WOFL-0008-SM-4OOSZ,Normal_GTEX,3,2,2,4,1,0,5,1,3,6,1,4,7,0,0,8,5,5
GTEX-1211K-1926-SM-5EQLB,Normal_GTEX,1,0,2,1,3,2,1,4,2,1,1,0,2,0,5,3,6,6
GTEX-ZXES-0726-SM-5E451,Normal_GTEX,1,2,2,1,1,0,1,1,4,1,3,0,1,5,5,1,0,0
GTEX-WYJK-2326-SM-4ONDN,Normal_GTEX,1,0,2,1,3,2,2,4,2,3,2,2,4,1,2,5,3,3
GTEX-OOBJ-0326-SM-5SI84,Normal_GTEX,1,2,2,1,1,0,1,1,4,1,3,0,2,5,0,2,0,0
GTEX-Y3IK-0126-SM-4WWE9,Normal_GTEX,1,1,0,1,2,3,2,2,3,3,5,2,4,2,2,5,1,3
GTEX-145LU-0426-SM-5O9AH,Normal_GTEX,1,0,2,1,3,2,1,4,2,1,2,2,2,1,2,3,3,3
GTEX-12ZZY-1126-SM-5DUWQ,Normal_GTEX,1,2,2,1,1,0,1,1,4,1,3,0,2,5,0,2,0,0
GTEX-ZYY3-1926-SM-5GZXS,Normal_GTEX,1,0,2,1,3,2,1,4,2,1,2,2,2,1,2,3,3,3
TCGA-A2-A0EQ-01,Her2,2,0,1,2,0,1,3,0,1,4,0,1,5,6,1,6,2,2
TCGA-C8-A131-01,Basal,2,0,1,2,0,1,3,0,1,4,0,1,5,6,1,6,2,2
GTEX-NL3H-0011-R10A-SM-2I3E9,Normal_GTEX,3,1,0,3,2,3,4,3,0,5,4,5,6,3,6,7,4,4
GTEX-11EQ9-2326-SM-5HL5H,Normal_GTEX,1,2,2,1,1,0,1,1,4,1,1,0,2,0,3,3,6,6
GTEX-XGQ4-0626-SM-4AT56,Normal_GTEX,1,2,2,1,1,0,1,1,4,1,3,0,1,5,0,1,0,0
GTEX-X8HC-0726-SM-46MWG,Normal_GTEX,1,0,2,1,3,2,1,4,2,1,2,0,2,1,2,3,3,3
GTEX-14E6E-0726-SM-5S2R3,Normal_GTEX,1,0,2,1,3,2,2,4,2,2,1,3,3,4,3,4,7,7
GTEX-WH7G-0826-SM-4LVMR,Normal_GTEX,1,0,2,1,3,2,2,4,2,3,2,2,4,1,2,5,3,3
GTEX-14E1K-0926-SM-5S2U4,Normal_GTEX,1,2,2,1,1,0,1,1,4,1,3,0,2,0,5,3,6,6
GTEX-132AR-1526-SM-5KM1L,Normal_GTEX,1,0,2,1,3,0,1,4,4,1,3,0,1,5,5,1,0,0
GTEX-131YS-0526-SM-5EGKJ,Normal_GTEX,1,2,2,1,1,0,1,1,4,1,1,4,2,0,0,2,6,6
GTEX-X15G-0005-SM-3NMDA,Normal_GTEX,3,1,0,4,2,3,5,2,3,6,5,4,7,2,4,8,1,1
GTEX-13OVL-1426-SM-5IJC1,Normal_GTEX,1,2,2,1,1,0,1,1,4,1,1,4,2,0,0,2,6,6
GTEX-111FC-2526-SM-5GZXU,Normal_GTEX,1,0,2,1,3,2,2,4,2,2,1,3,3,4,3,4,7,7
TCGA-AR-A24M-01,LumA,2,0,1,2,0,1,3,0,1,4,0,1,5,6,1,6,2,2
GTEX-WY7C-1326-SM-4ONCX,Normal_GTEX,1,2,2,1,1,0,1,1,4,1,3,0,1,5,5,1,0,0
GTEX-ZY6K-0226-SM-5SIAY,Normal_GTEX,1,0,2,1,3,2,1,4,2,1,2,2,2,1,2,3,3,3
GTEX-ZUA1-0005-SM-4YCEV,Normal_GTEX,3,1,0,4,2,3,5,2,3,6,5,4,7,2,4,8,1,1
GTEX-ZC5H-2326-SM-4WAYT,Normal_GTEX,1,0,2,1,3,0,2,4,4,3,2,2,4,1,2,5,3,3
GTEX-1399T-2826-SM-5KLYZ,Normal_GTEX,1,0,2,1,3,2,2,4,2,2,1,3,3,4,3,4,7,7
GTEX-13O21-1826-SM-5MR5M,Normal_GTEX,1,2,2,1,1,0,1,1,4,1,1,0,2,0,3,3,6,6
GTEX-145LU-2626-SM-5LU9Z,Normal_GTEX,3,1,0,3,2,3,4,3,0,5,4,5,6,3,6,7,4,4
TCGA-BH-A1FJ-01,LumB,2,0,1,2,0,1,3,0,1,4,0,1,5,6,1,6,2,2
GTEX-YEC3-0526-SM-4YCF2,Normal_GTEX,1,2,2,1,1,0,1,1,4,1,3,0,1,5,0,1,0,0
GTEX-WH7G-0426-SM-3NMBJ,Normal_GTEX,1,2,2,1,1,0,1,1,4,1,3,0,2,5,0,2,0,0
GTEX-Y8E4-1126-SM-5IFIA,Normal_GTEX,1,2,2,1,1,0,1,1,4,1,3,0,1,5,0,1,0,0
GTEX-WHSE-0011-R6A-SM-3P5ZP,Normal_GTEX,3,1,0,3,2,3,4,3,0,5,4,5,6,3,6,7,4,4
GTEX-145MN-2226-SM-5SIAU,Normal_GTEX,1,0,2,1,3,2,2,4,2,2,1,3,3,4,3,4,7,7
GTEX-NPJ8-0011-R5a-SM-2HMJY,Normal_GTEX,3,1,0,3,2,3,4,3,0,5,4,5,6,3,6,7,4,4
GTEX-13OW6-0011-R8a-SM-5L3GF,Normal_GTEX,3,1,0,3,2,3,4,3,0,5,4,5,6,3,6,7,4,4
GTEX-U4B1-1226-SM-4DXT7,Normal_GTEX,1,2,2,1,1,0,1,1,4,1,1,0,1,5,0,1,0,0
GTEX-O5YW-0008-SM-4E3IE,Normal_GTEX,3,2,2,4,1,0,5,1,3,6,3,4,7,5,0,8,5,5
GTEX-QMRM-0008-SM-447B1,Normal_GTEX,3,2,2,4,1,0,5,1,3,6,1,4,7,0,0,8,5,5
GTEX-XXEK-0426-SM-4BRVW,Normal_GTEX,1,2,2,1,1,0,1,1,4,1,3,0,1,5,5,1,0,0
GTEX-13D11-1126-SM-5KLYS,Normal_GTEX,1,2,2,1,1,0,1,1,4,1,3,0,1,5,0,1,0,5
GTEX-11DYG-0006-SM-5NQB2,Normal_GTEX,3,1,0,4,2,3,5,2,3,6,5,4,7,2,4,8,1,1
GTEX-N7MS-0526-SM-4E3JP,Normal_GTEX,1,2,2,1,1,0,1,1,4,1,1,0,2,0,3,3,6,6
GTEX-ZDXO-0011-R7a-SM-4WWCU,Normal_GTEX,3,1,0,3,2,3,4,3,0,5,4,5,6,3,6,7,4,4
GTEX-U3ZN-1126-SM-4DXUL,Normal_GTEX,1,0,2,1,3,2,1,4,2,1,2,0,1,1,5,1,3,3
GTEX-NPJ8-0011-R11A-SM-2YUMS,Normal_GTEX,3,1,0,3,2,3,4,3,0,5,4,5,6,3,6,7,4,4
GTEX-ZF29-1326-SM-4WWB6,Normal_GTEX,1,0,2,1,3,2,2,4,2,2,1,3,3,4,3,4,7,7
GTEX-YB5E-0726-SM-4VDSH,Normal_GTEX,1,0,2,1,3,2,2,4,2,3,2,2,4,1,2,5,3,3
GTEX-U8XE-0426-SM-3DB91,Normal_GTEX,1,2,2,1,1,0,1,1,4,1,1,0,2,0,5,3,6,6
GTEX-139TS-0011-R6a-SM-5J2OB,Normal_GTEX,3,1,0,3,2,3,4,3,0,5,4,5,6,3,6,7,4,4
GTEX-YJ8O-2726-SM-5IFJ7,Normal_GTEX,1,2,2,1,1,0,1,1,4,1,3,0,1,5,0,1,0,0
GTEX-QESD-1526-SM-2S1QT,Normal_GTEX,1,2,2,1,1,0,1,1,4,1,1,0,2,0,5,3,6,6
GTEX-XV7Q-1426-SM-4BRWA,Normal_GTEX,1,2,2,1,1,0,1,1,4,1,3,0,1,5,0,1,5,5
GTEX-11NUK-2926-SM-5A5MD,Normal_GTEX,3,1,0,3,2,3,4,3,0,5,4,5,6,3,6,7,4,4
GTEX-13NZB-2626-SM-5J2M7,Normal_GTEX,1,2,2,1,1,0,1,1,4,1,1,4,2,0,0,2,6,6
GTEX-RWSA-1326-SM-47JX9,Normal_GTEX,1,2,2,1,1,0,1,1,4,1,3,0,1,5,5,1,0,0
GTEX-ZGAY-1226-SM-4YCF4,Normal_GTEX,1,2,2,1,1,0,1,1,4,1,3,0,1,5,3,1,6,6
GTEX-Y114-0126-SM-4TT8K,Normal_GTEX,1,2,2,1,1,0,1,1,4,1,3,0,2,5,0,2,0,0
GTEX-ZV68-0526-SM-59HKI,Normal_GTEX,1,2,2,1,1,0,1,1,4,1,1,4,2,0,0,2,6,6
GTEX-13OVL-0226-SM-5L3E9,Normal_GTEX,1,0,2,1,3,2,2,4,2,2,1,3,3,4,3,4,7,7
GTEX-11ZTS-1126-SM-5LU9X,Normal_GTEX,1,0,2,1,3,2,1,4,2,1,2,2,2,1,2,3,3,3
GTEX-REY6-2126-SM-48FD9,Normal_GTEX,1,0,2,1,3,2,1,4,2,1,2,2,1,1,2,1,3,3
GTEX-131XW-0011-R9a-SM-5N9EO,Normal_GTEX,3,1,0,3,2,3,4,3,0,5,4,5,6,3,6,7,4,4
GTEX-YF7O-2426-SM-5IFJL,Normal_GTEX,1,2,2,1,1,0,1,1,4,1,1,0,2,0,5,3,6,6
GTEX-YEC3-2026-SM-4WWFL,Normal_GTEX,1,0,2,1,3,0,1,4,4,1,2,0,1,1,5,1,3,0
GTEX-145LU-0011-R1a-SM-5Q5CE,Normal_GTEX,3,1,0,3,2,3,4,3,0,5,4,5,6,3,6,7,4,4
GTEX-WYJK-1026-SM-3NM8W,Normal_GTEX,1,2,2,1,1,0,1,1,4,1,3,0,2,5,0,2,0,0
GTEX-13QBU-0626-SM-5J2OG,Normal_GTEX,1,0,2,1,3,2,1,4,2,1,2,2,2,1,2,3,3,3
GTEX-YEC3-1426-SM-5PNXW,Normal_GTEX,1,2,2,1,1,0,1,1,4,1,3,0,1,5,5,1,0,0
GTEX-WFON-0626-SM-4LVLX,Normal_GTEX,1,0,2,1,3,2,2,4,2,3,2,2,4,1,2,5,3,3
GTEX-WHSB-0008-SM-4M1ZP,Normal_GTEX,3,2,2,4,1,0,5,1,3,6,1,4,7,0,0,8,5,5
GTEX-WYBS-1226-SM-3NM9N,Normal_GTEX,1,2,2,1,1,0,1,1,4,1,3,0,2,5,0,2,0,0
GTEX-13OW7-0626-SM-5K7UD,Normal_GTEX,1,2,2,1,1,0,1,1,4,1,3,0,1,5,0,1,0,0
GTEX-XQ8I-0826-SM-4BOOE,Normal_GTEX,1,2,2,1,1,0,1,1,4,1,3,0,1,5,0,1,0,0
GTEX-145LS-0011-R4b-SM-5S2UT,Normal_GTEX,3,1,0,3,2,3,4,3,0,5,4,5,6,3,6,7,4,4
GTEX-XPT6-0326-SM-4B66V,Normal_GTEX,1,2,2,1,1,0,1,1,4,1,3,0,1,5,0,1,0,0
GTEX-ZF28-0011-R10a-SM-4WWEH,Normal_GTEX,3,1,0,3,2,3,4,3,0,5,4,5,6,3,6,7,4,4
GTEX-PSDG-0826-SM-48TCZ,Normal_GTEX,1,2,2,1,1,0,1,1,4,1,3,0,1,5,0,1,0,0
GTEX-XYKS-0926-SM-4BRVG,Normal_GTEX,1,2,0,1,1,3,2,1,4,3,2,2,4,1,2,5,5,5
GTEX-132Q8-0626-SM-5L3F3,Normal_GTEX,1,2,2,1,1,0,1,1,4,1,1,4,2,0,0,2,6,6
GTEX-11GS4-2126-SM-5A5KR,Normal_GTEX,1,0,2,1,3,2,1,4,2,1,2,0,2,1,5,3,3,6
GTEX-14C38-2626-SM-5RQI4,Normal_GTEX,1,2,2,1,1,0,1,4,4,1,2,0,1,1,5,1,3,0
TCGA-AR-A1AK-01,LumA,2,0,1,2,0,1,3,0,1,4,0,1,5,6,1,6,2,2
GTEX-13N2G-0126-SM-5N9DV,Normal_GTEX,1,0,0,1,3,2,2,3,2,3,4,5,4,3,6,5,4,4
GTEX-ZDYS-1926-SM-5HL59,Normal_GTEX,1,0,2,1,3,2,2,4,2,3,2,2,4,1,2,5,3,3
GTEX-XXEK-0005-SM-4BRWJ,Normal_GTEX,3,1,0,4,2,3,5,2,3,6,5,4,7,2,4,8,1,1
GTEX-TSE9-2726-SM-4DXSQ,Normal_GTEX,1,2,2,1,1,0,1,1,4,1,3,0,1,5,5,1,0,0
GTEX-PWCY-0226-SM-48TD8,Normal_GTEX,1,2,2,1,1,3,2,1,4,3,2,2,4,1,2,5,5,5
TCGA-E2-A1IF-01,LumA,2,0,1,2,0,1,3,0,1,4,0,1,5,6,1,6,2,2
TCGA-E2-A1L8-01,LumA,2,0,1,2,0,1,3,0,1,4,0,1,5,6,1,6,2,2
GTEX-Y3IK-1426-SM-4YCES,Normal_GTEX,1,0,2,1,3,2,2,4,2,3,2,2,4,1,2,5,3,3
GTEX-12WSN-0726-SM-5GCMS,Normal_GTEX,1,0,2,1,3,2,1,4,2,1,2,2,2,1,2,3,3,3
GTEX-12WSB-0006-SM-5O998,Normal_GTEX,3,1,0,4,2,3,5,2,3,6,5,4,7,2,4,8,1,1
TCGA-AO-A0JE-01,Her2,2,0,1,2,0,1,3,0,1,4,0,1,5,6,1,6,2,2
GTEX-139T6-1726-SM-5PNZ3,Normal_GTEX,1,2,2,1,1,0,1,1,4,1,1,0,2,0,3,3,6,6
GTEX-ZVT4-1026-SM-57WC4,Normal_GTEX,1,0,2,1,1,2,1,1,4,1,1,0,2,0,5,3,6,6
GTEX-13NYB-0426-SM-5IJDD,Normal_GTEX,1,2,2,1,1,0,1,1,4,1,3,0,1,5,0,1,0,0
GTEX-11NUK-0826-SM-5HL4U,Normal_GTEX,1,0,2,1,3,2,2,4,2,3,2,2,4,1,2,5,3,3
GTEX-VUSG-2626-SM-4KKZI,Normal_GTEX,1,2,2,1,1,0,1,1,4,1,1,4,2,0,0,2,6,6
GTEX-ZF29-1226-SM-4WKH1,Normal_GTEX,1,2,2,1,1,0,1,1,4,1,3,0,1,5,5,1,0,0
GTEX-WL46-0426-SM-3TW8J,Normal_GTEX,1,2,2,1,1,0,1,1,4,1,1,0,2,0,3,3,6,6
GTEX-13N11-2526-SM-5K7UE,Normal_GTEX,1,0,2,1,3,2,2,4,2,2,1,3,3,4,3,4,7,7
TCGA-E2-A158-01,Basal,2,0,1,2,0,1,3,0,1,4,0,1,5,6,1,6,2,2
GTEX-144GO-0011-R1a-SM-5PNWO,Normal_GTEX,3,1,0,3,2,3,4,3,0,5,4,5,6,3,6,7,4,4
GTEX-S4Q7-1026-SM-4AD75,Normal_GTEX,1,0,2,1,3,2,1,4,2,1,2,2,1,1,2,1,3,3
GTEX-P44H-1126-SM-48TBU,Normal_GTEX,1,0,2,1,3,2,2,4,2,3,2,2,4,1,2,5,3,3
GTEX-ZYT6-2826-SM-5GICX,Normal_GTEX,1,2,2,1,1,0,1,1,4,1,3,0,1,5,5,1,0,0
GTEX-ZLFU-0926-SM-5P9F8,Normal_GTEX,1,0,2,1,3,2,2,4,2,3,2,2,4,1,2,5,3,3
GTEX-U412-0006-SM-3DB8J,Normal_GTEX,3,1,0,4,2,3,5,2,3,6,5,4,7,2,4,8,1,1
GTEX-QLQ7-0005-SM-2S1QP,Normal_GTEX,3,1,0,4,2,3,5,2,3,6,5,4,7,2,4,8,1,1
GTEX-V1D1-2226-SM-3NMAX,Normal_GTEX,1,0,2,1,3,2,2,4,2,2,1,3,3,4,3,4,7,7
GTEX-1399Q-2326-SM-5KM2X,Normal_GTEX,1,0,2,1,3,2,2,4,2,2,1,3,3,4,3,4,7,7
GTEX-NPJ8-0011-R7a-SM-2HMJV,Normal_GTEX,3,1,0,3,2,3,4,3,0,5,4,5,6,3,6,7,4,4
TCGA-D8-A27I-01,LumA,2,0,1,2,0,1,3,0,1,4,0,1,5,6,1,6,2,2
GTEX-146FH-0326-SM-5QGPT,Normal_GTEX,1,2,2,1,1,0,1,1,4,1,1,0,2,0,3,3,6,6
GTEX-PLZ5-1826-SM-3NB22,Normal_GTEX,1,2,2,1,1,0,1,1,4,1,1,0,2,0,5,3,6,6
GTEX-ZYFG-2026-SM-5E43Y,Normal_GTEX,1,0,2,1,3,2,2,4,2,3,2,2,4,1,2,5,3,3
GTEX-YJ8O-0826-SM-5CVM3,Normal_GTEX,1,2,2,1,1,0,1,1,4,1,3,0,2,5,0,2,0,0
GTEX-13NZ8-0226-SM-5J2OK,Normal_GTEX,1,0,2,1,3,2,1,4,2,1,2,2,2,1,2,3,3,3
GTEX-ZYFG-2526-SM-5GIEK,Normal_GTEX,1,2,2,1,1,0,1,1,4,1,1,0,2,0,3,3,6,6
GTEX-X4EP-0011-R10B-SM-4QASJ,Normal_GTEX,3,1,0,3,2,3,4,3,0,5,4,5,6,3,6,7,4,4
GTEX-ZP4G-2226-SM-57WFB,Normal_GTEX,1,2,2,1,1,0,1,1,4,1,1,0,2,0,3,3,6,6
GTEX-NPJ8-0011-R9a-SM-2YUN5,Normal_GTEX,3,1,0,3,2,3,4,3,0,5,4,5,6,3,6,7,4,4
GTEX-ZQUD-1026-SM-4YCEZ,Normal_GTEX,1,0,2,1,3,2,2,4,2,3,2,2,4,1,2,5,3,3
GTEX-14ICL-1826-SM-5RQIY,Normal_GTEX,1,2,2,1,1,0,1,1,4,1,3,0,1,5,0,1,0,0
GTEX-ZVZQ-2626-SM-59HLB,Normal_GTEX,1,2,2,1,1,0,1,1,4,1,3,0,1,5,5,1,0,0
GTEX-11NSD-0005-SM-5LZZ5,Normal_GTEX,3,1,0,4,2,3,5,2,3,6,5,4,7,2,4,8,1,1
GTEX-13W3W-1126-SM-5L3DO,Normal_GTEX,1,2,2,1,1,0,1,1,4,1,3,0,2,5,5,3,0,6
GTEX-ZYWO-1326-SM-5SI8X,Normal_GTEX,1,0,2,1,3,2,2,4,2,3,2,2,4,1,2,5,3,3
TCGA-BH-A0H3-01,LumA,2,0,1,2,0,1,3,0,1,4,0,1,5,6,1,6,2,2
GTEX-ZPU1-1226-SM-5HL71,Normal_GTEX,1,2,2,1,1,0,1,1,4,1,1,0,2,0,5,3,6,6
GTEX-WFJO-0626-SM-4LVMC,Normal_GTEX,1,0,2,1,3,2,2,4,2,3,2,2,4,1,2,5,3,3
TCGA-AR-A0TX-01,Her2,2,0,1,2,0,1,3,0,1,4,0,1,5,6,1,6,2,2
GTEX-11ILO-0526-SM-5N9DF,Normal_GTEX,1,2,2,1,1,0,1,1,4,1,3,0,1,5,0,1,0,0
GTEX-QV31-0226-SM-447BO,Normal_GTEX,1,0,2,1,3,2,2,4,2,3,2,2,4,1,2,5,3,3
GTEX-UPK5-2126-SM-4JBJK,Normal_GTEX,1,2,2,1,1,0,1,1,4,1,3,0,1,5,5,1,0,0
GTEX-R53T-1226-SM-48FCT,Normal_GTEX,1,0,2,1,3,2,2,4,2,3,2,2,4,1,2,5,3,3
GTEX-1212Z-2126-SM-5FQTM,Normal_GTEX,1,0,2,1,3,2,2,4,2,2,1,3,3,4,3,4,7,7
GTEX-11ONC-1426-SM-5N9F4,Normal_GTEX,1,2,2,1,1,0,1,1,4,1,3,0,1,5,5,1,0,0
GTEX-SE5C-0626-SM-4IHLJ,Normal_GTEX,1,2,2,1,1,0,1,1,4,1,3,0,2,5,0,2,0,0
GTEX-13S86-0005-SM-5NQ7I,Normal_GTEX,3,1,0,4,2,3,5,2,3,6,5,4,7,2,4,8,1,1
GTEX-WFG7-1026-SM-4LMK8,Normal_GTEX,1,2,2,1,1,0,1,1,4,1,3,0,1,5,5,1,0,0
GTEX-145MH-0011-R11a-SM-5P9HQ,Normal_GTEX,3,1,0,3,2,3,4,3,0,5,4,5,6,3,6,7,4,4
GTEX-ZF29-1526-SM-4WKF7,Normal_GTEX,1,0,2,1,3,2,2,4,2,3,2,2,4,1,2,5,3,3
TCGA-A8-A07L-01,LumB,2,0,1,2,0,1,3,0,1,4,0,1,5,6,1,6,2,2
GTEX-OXRP-0226-SM-3NB14,Normal_GTEX,1,2,2,1,1,0,1,1,4,1,1,0,2,0,5,3,6,6
TCGA-A2-A0SV-01,LumB,2,0,1,2,0,1,3,0,1,4,0,1,5,6,1,6,2,2
TCGA-E9-A1RD-01,LumA,2,0,1,2,0,1,3,0,1,4,0,1,5,6,1,6,2,2
GTEX-QVUS-0011-R6A-SM-3GACX,Normal_GTEX,3,1,0,3,2,3,4,3,0,5,4,5,6,3,6,7,4,4
GTEX-QLQ7-0926-SM-447BC,Normal_GTEX,1,0,2,1,3,2,2,4,2,2,1,3,3,4,3,4,7,7
GTEX-139T6-0726-SM-5PNVK,Normal_GTEX,1,2,2,1,1,0,1,1,4,1,3,0,1,5,5,1,0,0
GTEX-ZT9W-2126-SM-51MSF,Normal_GTEX,1,0,2,1,3,2,2,4,2,2,1,3,3,4,3,4,7,7
GTEX-WVLH-0011-R7A-SM-3MJFB,Normal_GTEX,3,1,0,3,2,3,4,3,0,5,4,5,6,3,6,7,4,4
GTEX-VJYA-0126-SM-4KL1P,Normal_GTEX,1,1,0,1,2,3,2,2,3,3,2,2,4,1,2,5,3,3
GTEX-144GL-0011-R4a-SM-5PNUI,Normal_GTEX,3,1,0,3,2,3,4,3,0,5,4,5,6,3,6,7,4,4
GTEX-1445S-0011-R3a-SM-5P9HY,Normal_GTEX,3,1,0,3,2,3,4,3,0,5,4,5,6,3,6,7,4,4
GTEX-T2IS-0426-SM-32QPE,Normal_GTEX,1,2,2,1,1,0,1,1,4,1,3,0,2,5,0,2,0,0
GTEX-SE5C-0006-SM-4BRW5,Normal_GTEX,3,1,0,4,2,3,5,2,3,6,5,4,7,2,4,8,1,1
GTEX-PWOO-1026-SM-48TCN,Normal_GTEX,1,2,2,1,1,0,1,1,4,1,3,0,1,5,5,1,0,0
GTEX-ZPU1-1726-SM-4WWFV,Normal_GTEX,1,2,2,1,1,0,1,1,4,1,3,0,1,5,5,1,0,0
GTEX-SUCS-0526-SM-4DM56,Normal_GTEX,1,2,0,1,1,3,2,1,4,3,2,2,4,1,2,5,5,5
GTEX-14ABY-0011-R11a-SM-5SI7C,Normal_GTEX,3,1,0,3,2,3,4,3,0,5,4,5,6,3,6,7,4,4
GTEX-ZC5H-0126-SM-4WAYL,Normal_GTEX,1,2,2,1,1,0,1,1,4,1,1,0,2,0,5,3,6,6
TCGA-A2-A04U-01,Basal,2,0,1,2,0,1,3,0,1,4,0,1,5,6,1,6,2,2
GTEX-P78B-0726-SM-2S1O2,Normal_GTEX,1,2,2,1,1,0,1,1,4,1,3,0,1,0,0,1,0,0
GTEX-ZF29-0126-SM-4WKGZ,Normal_GTEX,1,2,2,1,1,0,1,1,4,1,3,0,1,5,0,1,0,0
GTEX-ZY6K-1626-SM-5GZWV,Normal_GTEX,1,0,2,1,3,2,1,4,2,1,1,0,2,0,5,3,6,6
GTEX-11ZUS-1226-SM-5FQU8,Normal_GTEX,1,2,2,1,1,0,1,1,4,1,1,0,2,0,3,3,6,6
GTEX-13OW6-0011-R4a-SM-5O9DX,Normal_GTEX,3,1,0,3,2,3,4,3,0,5,4,5,6,3,6,7,4,4
GTEX-ZVT3-0011-R8b-SM-57WDJ,Normal_GTEX,3,1,0,3,2,3,4,3,0,5,4,5,6,3,6,7,4,4
TCGA-AN-A0FT-01,LumA,2,0,1,2,0,1,3,0,1,4,0,1,5,6,1,6,2,2
TCGA-BH-A1FG-11,Normal_TCGA,1,0,1,1,0,1,1,0,1,1,0,1,2,6,1,3,2,2
TCGA-A7-A26J-01,LumA,2,0,1,2,0,1,3,0,1,4,0,1,5,6,1,6,2,2
GTEX-S4P3-0626-SM-4AD59,Normal_GTEX,1,0,2,1,3,2,2,4,2,3,2,2,4,1,2,5,3,3
GTEX-ZPIC-1726-SM-57WF2,Normal_GTEX,1,0,2,1,3,2,2,4,2,2,1,3,3,4,3,4,7,7
GTEX-Y5V5-0326-SM-5RQJG,Normal_GTEX,1,0,2,1,3,2,1,4,2,1,2,2,2,1,2,3,3,3
GTEX-YB5K-0126-SM-5IFJ2,Normal_GTEX,1,2,2,1,1,0,1,1,4,1,3,0,2,5,0,2,0,0
GTEX-R53T-0226-SM-48FEH,Normal_GTEX,1,1,0,1,2,3,2,3,4,3,2,2,4,1,2,5,5,5
GTEX-QVJO-0011-R4A-SM-2S1QL,Normal_GTEX,3,1,0,3,2,3,4,3,0,5,4,5,6,3,6,7,4,4
GTEX-113JC-1926-SM-5N9GE,Normal_GTEX,1,0,2,1,3,2,2,4,2,2,1,3,3,4,3,4,7,7
GTEX-ZDTS-1826-SM-5S2N6,Normal_GTEX,1,2,2,1,1,0,1,1,4,1,2,0,2,0,5,3,6,6
GTEX-S32W-0926-SM-4AD5X,Normal_GTEX,1,0,2,1,3,2,2,4,2,2,1,3,3,4,3,4,7,7
GTEX-1399S-0526-SM-5IJG8,Normal_GTEX,1,0,2,1,3,2,2,4,2,3,2,2,4,1,2,5,3,3
GTEX-TML8-1126-SM-4DXSS,Normal_GTEX,1,0,2,1,3,2,2,4,2,2,1,3,3,4,3,4,7,7
GTEX-X4EP-0011-R5A-SM-3P628,Normal_GTEX,3,1,0,3,2,3,4,3,0,5,4,5,6,3,6,7,4,4
GTEX-ZV6S-0008-SM-4YCF9,Normal_GTEX,3,2,2,4,1,0,5,1,3,6,1,4,7,2,0,8,5,5
GTEX-OIZH-0526-SM-2HMKV,Normal_GTEX,1,0,2,1,3,2,2,4,2,3,2,2,4,1,2,5,3,3
GTEX-RU72-3126-SM-46MUB,Normal_GTEX,1,1,0,1,2,3,2,3,0,3,4,5,4,3,6,5,4,4
GTEX-XAJ8-0426-SM-47JYJ,Normal_GTEX,1,2,2,1,1,0,1,1,4,1,3,0,1,5,5,1,0,0
GTEX-131YS-0005-SM-5NQAS,Normal_GTEX,3,1,0,4,2,3,5,2,3,6,5,4,7,2,4,8,1,1
GTEX-WVLH-0011-R2A-SM-3MJFJ,Normal_GTEX,3,1,0,3,2,3,4,3,0,5,4,5,6,3,6,7,4,4
GTEX-13O3O-0011-R4b-SM-5KM3F,Normal_GTEX,3,1,0,3,2,3,4,3,0,5,4,5,6,3,6,7,4,4
GTEX-11DXW-1226-SM-5H133,Normal_GTEX,1,1,0,1,2,3,2,3,0,3,4,5,4,3,6,5,4,4
GTEX-T5JC-0726-SM-4DM55,Normal_GTEX,1,0,0,1,3,2,2,3,2,3,4,5,4,3,6,5,4,4
GTEX-X4LF-0008-SM-4QAST,Normal_GTEX,3,2,2,4,1,0,5,1,3,6,1,4,7,0,0,8,5,5
GTEX-QV31-1526-SM-2S1QB,Normal_GTEX,1,2,2,1,1,0,1,1,4,1,1,0,2,4,3,3,6,6
GTEX-U8XE-0526-SM-3DB8R,Normal_GTEX,1,2,2,1,1,0,1,1,4,1,1,0,2,0,3,3,6,6
GTEX-S33H-2426-SM-2XCB2,Normal_GTEX,1,2,2,1,1,0,1,1,4,1,3,0,1,5,0,1,0,0
GTEX-113JC-0926-SM-5H114,Normal_GTEX,1,2,2,1,1,0,1,1,4,1,3,0,1,5,5,1,0,0
TCGA-E9-A1NE-01,LumA,2,0,1,2,0,1,3,0,1,4,0,1,5,6,1,6,2,2
GTEX-11P7K-1626-SM-5GU63,Normal_GTEX,1,0,2,1,3,2,2,4,2,3,2,2,4,1,2,5,3,3
GTEX-11OC5-0126-SM-5HL6A,Normal_GTEX,1,0,2,1,3,2,2,4,2,2,1,3,3,4,3,4,7,7
GTEX-QVJO-0226-SM-2S1R2,Normal_GTEX,1,2,2,1,1,0,1,1,4,1,1,0,2,0,5,3,6,6
GTEX-13OVJ-0011-R11a-SM-5P9H8,Normal_GTEX,3,1,0,3,2,3,4,3,0,5,4,5,6,3,6,7,4,4
TCGA-AO-A0JM-01,LumB,2,0,1,2,0,1,3,0,1,4,0,1,5,6,1,6,2,2
GTEX-13OVJ-1226-SM-5L3HA,Normal_GTEX,1,0,2,1,3,2,2,4,2,2,1,3,3,4,3,4,7,7
GTEX-QDVN-2426-SM-2S1Q4,Normal_GTEX,1,2,2,1,1,0,1,1,4,1,1,4,2,0,0,2,6,6
GTEX-XYKS-2126-SM-4E3IB,Normal_GTEX,1,0,2,1,3,2,2,4,2,2,1,3,3,4,3,4,7,7
GTEX-11ONC-2126-SM-5HL6E,Normal_GTEX,1,0,2,1,3,0,1,4,4,1,1,0,2,0,5,3,6,6
GTEX-X4XX-0011-R7A-SM-46MWR,Normal_GTEX,3,1,0,3,2,3,4,3,0,5,4,5,6,3,6,7,4,4
TCGA-E2-A1B4-01,LumA,2,0,1,2,0,1,3,0,1,4,0,1,5,6,1,6,2,2
GTEX-T5JW-1326-SM-4DM5G,Normal_GTEX,1,0,2,1,3,2,2,4,2,2,1,3,3,4,3,4,7,7
GTEX-11GS4-2726-SM-5A5LE,Normal_GTEX,1,0,2,1,3,2,2,4,2,2,1,3,3,4,3,4,7,7
GTEX-14BMU-0006-SM-5MR3T,Normal_GTEX,3,1,0,4,2,3,5,2,3,6,5,4,7,2,4,8,1,1
GTEX-NFK9-1326-SM-3LK5I,Normal_GTEX,1,2,2,1,1,0,1,1,4,1,3,0,1,5,0,1,0,0
GTEX-12WSB-0011-R5b-SM-5GU67,Normal_GTEX,3,1,0,3,2,3,4,3,0,5,4,5,6,3,6,7,4,4
GTEX-11ONC-0011-R9b-SM-5NQ8J,Normal_GTEX,3,1,0,3,2,3,4,3,0,5,4,5,6,3,6,7,4,4
GTEX-XQ3S-1626-SM-4WAYN,Normal_GTEX,1,2,2,1,1,0,1,1,4,1,1,0,2,0,5,3,6,6
GTEX-13O21-1726-SM-5MR5A,Normal_GTEX,1,2,2,1,1,0,1,1,4,1,1,4,2,0,0,2,6,6
GTEX-Y3I4-1226-SM-4TT8N,Normal_GTEX,1,0,2,1,3,2,2,4,2,2,1,3,3,4,3,4,7,7
GTEX-Y5V6-0526-SM-4VBRV,Normal_GTEX,1,0,2,1,3,2,1,4,2,1,2,2,2,1,2,3,3,3
GTEX-YB5E-2226-SM-5IFJ5,Normal_GTEX,1,2,2,1,1,0,1,1,4,1,1,4,2,0,0,2,6,6
GTEX-ZAB4-0826-SM-5LU9D,Normal_GTEX,1,0,2,1,3,2,2,4,2,3,2,2,4,1,2,5,3,3
GTEX-12WSL-0226-SM-5CVMJ,Normal_GTEX,1,0,2,1,3,2,2,4,2,3,2,2,4,1,2,5,3,3
TCGA-BH-A0BR-01,LumA,2,0,1,2,0,1,3,0,1,4,0,1,5,6,1,6,2,2
GTEX-11TUW-1126-SM-5EQKJ,Normal_GTEX,1,2,2,1,1,0,1,1,4,1,3,0,2,5,0,2,0,0
GTEX-YJ8A-1726-SM-5P9IQ,Normal_GTEX,1,0,2,1,3,0,1,4,4,1,2,2,1,1,2,1,3,3
GTEX-13JUV-0011-R10b-SM-5LZXR,Normal_GTEX,3,1,0,3,2,3,4,3,0,5,4,5,6,3,6,7,4,4
GTEX-OIZG-1326-SM-2HMIQ,Normal_GTEX,1,2,2,1,1,0,1,1,4,1,1,4,2,0,0,2,6,6
GTEX-13OW6-0011-R1a-SM-5L3HQ,Normal_GTEX,3,1,0,3,2,3,4,3,0,5,4,5,6,3,6,7,4,4
GTEX-133LE-1826-SM-5J1MV,Normal_GTEX,1,0,2,1,3,2,2,4,2,2,1,3,3,4,3,4,7,7
GTEX-T8EM-0526-SM-4DM64,Normal_GTEX,1,0,2,1,3,2,2,4,2,2,1,3,3,4,3,4,7,7
GTEX-T6MO-1126-SM-4DM5D,Normal_GTEX,1,2,2,1,1,0,1,1,4,1,3,0,1,5,0,1,0,0
GTEX-11EMC-0526-SM-5EGJN,Normal_GTEX,1,1,0,1,2,3,2,3,4,3,2,2,4,1,2,5,5,5
TCGA-BH-A0H9-01,LumA,2,0,1,2,0,1,3,0,1,4,0,1,5,6,1,6,2,2
GTEX-V955-0726-SM-3GAFG,Normal_GTEX,1,2,2,1,1,0,1,1,4,1,3,0,2,5,0,2,0,0
GTEX-T6MO-0826-SM-4DM51,Normal_GTEX,1,2,2,1,1,0,1,1,4,1,3,0,1,5,5,1,0,0
GTEX-11DXW-0426-SM-5H12E,Normal_GTEX,1,2,2,1,1,0,1,1,4,1,1,0,2,0,3,3,6,6
GTEX-11DYG-3126-SM-5A5L6,Normal_GTEX,1,1,0,1,2,3,2,3,0,3,4,5,4,3,6,5,4,4
GTEX-R55D-0926-SM-3GAEU,Normal_GTEX,1,0,2,1,3,2,2,4,2,3,2,2,4,1,2,5,3,3
GTEX-131XF-1126-SM-5HL8J,Normal_GTEX,1,2,2,1,1,0,1,1,4,1,3,0,1,5,5,1,0,0
GTEX-1399U-1126-SM-5L3DB,Normal_GTEX,1,0,2,1,3,2,2,4,2,2,1,3,3,4,3,4,7,7
GTEX-111CU-0126-SM-5GZWZ,Normal_GTEX,1,1,2,1,2,3,2,1,4,3,2,2,4,1,2,5,3,5
GTEX-13OW6-2526-SM-5IJEC,Normal_GTEX,1,0,2,1,3,2,2,4,2,3,2,2,4,1,2,5,3,3
GTEX-145MI-0626-SM-5SI8S,Normal_GTEX,1,0,2,1,3,2,2,4,2,2,1,3,3,4,3,4,7,7
GTEX-1212Z-0726-SM-5EGI5,Normal_GTEX,1,2,2,1,1,0,1,1,4,1,3,0,2,5,0,2,0,0
TCGA-B6-A0IJ-01,Basal,2,0,1,2,0,1,3,0,1,4,0,1,5,6,1,6,2,2
GTEX-133LE-0626-SM-5IFFJ,Normal_GTEX,1,0,2,1,3,2,2,4,2,2,1,3,3,4,3,4,7,7
GTEX-111CU-0726-SM-5GZYD,Normal_GTEX,1,0,2,1,3,2,2,4,2,2,1,3,3,4,3,4,7,7
GTEX-ZTX8-1326-SM-4YCEL,Normal_GTEX,1,0,2,1,3,2,2,4,2,2,1,3,3,4,3,4,7,7
GTEX-13OW5-3126-SM-5MR3Y,Normal_GTEX,3,1,0,3,2,3,4,3,0,5,4,5,6,3,6,7,4,4
GTEX-RWSA-2426-SM-47JXR,Normal_GTEX,1,0,0,1,3,2,2,3,2,3,4,5,4,3,6,5,4,4
GTEX-O5YW-0126-SM-3LK6D,Normal_GTEX,1,0,2,1,3,2,2,4,2,2,1,3,3,4,3,4,7,7
GTEX-12WSD-1026-SM-5EQ42,Normal_GTEX,1,2,2,1,1,0,1,1,4,1,3,0,1,5,0,1,0,0
GTEX-PSDG-1426-SM-48TD1,Normal_GTEX,1,2,2,1,1,0,1,1,4,1,3,0,1,5,5,1,0,0
GTEX-XYKS-1726-SM-4E3IO,Normal_GTEX,1,2,2,1,1,0,1,1,4,1,3,0,1,5,0,1,5,5
GTEX-12WSE-2926-SM-5RQJ9,Normal_GTEX,3,1,0,3,2,3,4,3,0,5,4,5,6,3,6,7,4,4
GTEX-TSE9-2926-SM-5CHQO,Normal_GTEX,3,1,0,4,2,3,5,2,3,6,5,4,7,2,4,8,1,1
GTEX-WYJK-1226-SM-4ONCP,Normal_GTEX,1,2,2,1,1,0,1,1,4,1,3,0,1,5,0,1,0,0
TCGA-AC-A2QH-01,Basal,3,1,1,4,2,1,5,2,1,6,5,1,7,2,1,8,5,2
GTEX-YF7O-0004-SM-4W1ZT,Normal_GTEX,3,1,0,4,2,3,5,2,3,6,5,4,7,2,4,8,1,1
TCGA-A2-A1FW-01,LumB,2,0,1,2,0,1,3,0,1,4,0,1,5,6,1,6,2,2
GTEX-14AS3-1726-SM-5RQJV,Normal_GTEX,1,0,2,1,3,2,2,4,2,2,1,3,3,4,3,4,7,7
GTEX-13NYB-1326-SM-5K7Y1,Normal_GTEX,1,2,2,1,1,0,1,1,4,1,3,0,1,5,5,1,0,0
GTEX-U8T8-0126-SM-3DB94,Normal_GTEX,1,0,2,1,3,2,2,4,2,2,1,3,3,4,3,4,7,7
GTEX-13S7M-3026-SM-5S2QQ,Normal_GTEX,3,1,0,3,2,3,4,3,0,5,4,5,6,3,6,7,4,4
GTEX-ZTTD-0526-SM-57WDV,Normal_GTEX,1,2,2,1,1,0,1,1,4,1,3,0,1,5,0,1,0,0
GTEX-X4EP-0005-SM-3P5ZE,Normal_GTEX,3,1,0,4,2,3,5,2,3,6,5,4,7,2,4,8,1,1
GTEX-WYVS-0926-SM-4SOJV,Normal_GTEX,1,0,2,1,3,2,2,4,2,3,2,2,4,1,2,5,3,3
GTEX-OXRO-0226-SM-3LK6F,Normal_GTEX,1,2,2,1,1,0,1,1,4,1,1,0,2,0,5,3,6,6
GTEX-14DAQ-0126-SM-5S2MQ,Normal_GTEX,1,0,2,1,3,2,2,4,2,2,1,3,3,4,3,4,7,7
TCGA-E9-A243-01,Basal,2,0,1,2,0,1,3,0,1,4,0,1,5,6,1,6,2,2
GTEX-12WSA-1126-SM-5EGKU,Normal_GTEX,1,2,2,1,1,0,1,1,4,1,3,0,2,5,0,2,0,0
GTEX-TKQ2-1526-SM-4DXUN,Normal_GTEX,1,0,0,1,3,2,2,3,2,3,4,5,4,3,6,5,4,4
GTEX-ZPCL-0006-SM-4WWAS,Normal_GTEX,3,1,0,4,2,3,5,2,3,6,5,4,7,2,4,8,1,1
GTEX-U3ZG-0006-SM-47JWX,Normal_GTEX,3,1,0,4,2,3,5,2,3,6,5,4,7,2,4,8,1,1
GTEX-13JUV-3026-SM-5K7WX,Normal_GTEX,3,1,0,3,2,3,4,3,0,5,4,5,6,3,6,7,4,4
GTEX-11LCK-0726-SM-5PNYC,Normal_GTEX,1,2,2,1,1,0,1,1,4,1,3,0,1,5,0,1,0,0
GTEX-12ZZX-0011-R11a-SM-5DUVJ,Normal_GTEX,3,1,0,3,2,3,4,3,0,5,4,5,6,3,6,7,4,4
GTEX-Y8LW-0826-SM-4WWDO,Normal_GTEX,1,0,2,1,3,2,2,4,2,3,2,2,4,1,2,5,3,3
GTEX-Y3IK-2026-SM-4YCDG,Normal_GTEX,1,2,2,1,1,0,1,1,4,1,3,0,1,5,0,1,5,5
GTEX-ZDYS-0008-SM-4E3IX,Normal_GTEX,3,2,2,4,1,0,5,1,3,6,1,4,7,2,0,8,5,5
GTEX-P78B-2226-SM-3P5ZZ,Normal_GTEX,1,0,2,1,3,2,2,4,2,2,1,3,3,4,3,4,7,7
GTEX-13NYC-2826-SM-5K7WR,Normal_GTEX,3,1,0,3,2,3,4,3,0,5,4,5,6,3,6,7,4,4
GTEX-OXRN-1326-SM-3LK5V,Normal_GTEX,1,2,2,1,1,0,1,1,4,1,1,4,2,0,0,2,6,6
GTEX-12WSL-0926-SM-5N9EK,Normal_GTEX,1,2,2,1,1,0,1,1,4,1,3,0,1,5,0,1,0,0
GTEX-S3XE-1926-SM-3K2B3,Normal_GTEX,1,2,2,1,1,0,1,1,4,1,1,0,2,0,3,3,6,6
GTEX-X5EB-1726-SM-4E3J7,Normal_GTEX,1,0,2,1,3,1,2,4,1,3,2,1,4,1,3,5,3,2
GTEX-1212Z-0526-SM-5FQSQ,Normal_GTEX,1,2,2,1,1,0,1,1,4,1,3,0,2,0,5,3,6,6
GTEX-13D11-0526-SM-5LZYM,Normal_GTEX,1,2,2,1,1,0,1,1,4,1,2,0,2,0,5,3,6,6
TCGA-A2-A0EO-01,LumA,2,0,1,2,0,1,3,0,1,4,0,1,5,6,1,6,2,2
GTEX-13U4I-1026-SM-5LU3G,Normal_GTEX,1,2,2,1,1,0,1,1,4,1,3,0,1,5,0,1,0,0
GTEX-13O3O-0011-R5b-SM-5KM44,Normal_GTEX,3,1,0,3,2,3,4,3,0,5,4,5,6,3,6,7,4,4
GTEX-14A5H-0326-SM-5RQIB,Normal_GTEX,1,2,2,1,1,0,1,1,4,1,1,4,2,0,0,2,6,6
GTEX-13PVQ-0126-SM-5SIB4,Normal_GTEX,1,0,2,1,3,2,2,4,2,2,1,3,3,4,3,4,7,7
GTEX-WHSE-0526-SM-4SOJ6,Normal_GTEX,1,2,2,1,1,0,1,1,4,1,1,4,2,0,0,2,6,6
GTEX-13QBU-0126-SM-5LU3V,Normal_GTEX,1,2,2,1,1,0,1,1,4,1,3,0,1,5,0,1,0,0
GTEX-PX3G-2026-SM-48U1H,Normal_GTEX,1,2,2,1,1,0,1,1,4,1,3,0,1,5,5,1,0,0
TCGA-AN-A049-01,LumA,2,0,1,2,0,1,3,0,1,4,0,1,5,6,1,6,2,2
GTEX-ZP4G-2126-SM-57WEA,Normal_GTEX,1,2,2,1,1,0,1,1,4,1,3,0,1,5,0,1,0,0
GTEX-Y114-1626-SM-4TT7I,Normal_GTEX,1,2,2,1,1,0,1,1,4,1,3,0,1,5,5,1,0,0
GTEX-ZUA1-0008-SM-4YCEW,Normal_GTEX,3,2,2,4,1,0,5,1,3,6,1,4,7,0,0,8,5,5
GTEX-YEC4-1326-SM-5IFHG,Normal_GTEX,1,0,2,1,3,2,2,4,2,3,2,2,4,1,2,5,3,3
GTEX-12ZZX-0126-SM-5EGK9,Normal_GTEX,1,0,2,1,3,2,2,4,2,2,1,3,3,4,3,4,7,7
GTEX-YEC3-0326-SM-5IFJJ,Normal_GTEX,1,2,2,1,1,0,1,1,4,1,3,0,1,0,0,1,6,0
GTEX-11GS4-0326-SM-5N9F7,Normal_GTEX,1,2,2,1,1,0,1,1,4,1,3,0,1,5,0,1,0,0
GTEX-13FTW-2626-SM-5K7WL,Normal_GTEX,1,0,2,1,3,2,2,4,2,2,1,3,3,4,3,4,7,7
GTEX-13N11-2826-SM-5KM4Z,Normal_GTEX,1,2,2,1,1,0,1,1,4,1,1,0,2,0,3,3,6,6
GTEX-1339X-1426-SM-5K7YO,Normal_GTEX,1,2,2,1,1,0,1,1,4,1,3,0,1,5,5,1,0,0
GTEX-PW2O-1226-SM-48TCH,Normal_GTEX,1,0,2,1,3,2,2,4,2,3,2,2,4,1,2,5,3,3
GTEX-ZDTT-0426-SM-4WKFL,Normal_GTEX,1,0,2,1,3,2,2,4,2,2,1,3,3,4,3,4,7,7
GTEX-145LS-0011-R5a-SM-5SI65,Normal_GTEX,3,1,0,3,2,3,4,3,0,5,4,5,6,3,6,7,4,4
GTEX-TKQ1-0003-SM-3NMAE,Normal_GTEX,3,1,0,4,2,3,5,2,3,6,5,4,7,2,4,8,1,1
GTEX-S7SF-2026-SM-3K2AS,Normal_GTEX,1,2,2,1,1,0,1,1,4,1,1,4,2,0,0,2,6,6
GTEX-PLZ5-0926-SM-4RGM9,Normal_GTEX,1,0,2,1,3,2,2,4,2,2,1,3,3,4,3,4,7,7
GTEX-13JVG-0011-R10b-SM-5KM2P,Normal_GTEX,3,1,0,3,2,3,4,3,0,5,4,5,6,3,6,7,4,4
GTEX-ZTX8-1626-SM-51MRY,Normal_GTEX,1,2,2,1,1,0,1,1,4,1,1,4,2,0,0,2,6,6
GTEX-12WSD-0826-SM-5GCNE,Normal_GTEX,1,0,2,1,3,2,2,4,2,3,2,2,4,1,2,5,3,3
GTEX-131XH-0011-R8a-SM-5EGLL,Normal_GTEX,3,1,0,3,2,3,4,3,0,5,4,5,6,3,6,7,4,4
GTEX-ZEX8-1026-SM-4WKHE,Normal_GTEX,1,0,2,1,3,2,2,4,2,3,2,2,4,1,2,5,3,3
GTEX-1122O-0926-SM-5N9C9,Normal_GTEX,1,2,2,1,1,0,1,1,4,1,1,0,2,0,5,3,6,6
GTEX-ZDTT-0926-SM-5J2MS,Normal_GTEX,1,0,2,1,3,2,2,4,2,3,2,2,4,1,2,5,3,3
GTEX-12BJ1-0003-SM-5SI6V,Normal_GTEX,3,1,0,4,2,3,5,2,3,6,5,4,7,2,4,8,1,1
GTEX-13SLX-3026-SM-5RQJU,Normal_GTEX,1,1,0,1,2,3,2,3,0,3,4,5,4,3,6,5,4,4
GTEX-NFK9-2026-SM-3LK5K,Normal_GTEX,1,0,2,1,3,2,2,4,2,3,2,2,4,1,2,5,3,3
GTEX-1122O-0226-SM-5N9DA,Normal_GTEX,1,0,2,1,3,2,1,4,2,1,2,2,2,1,2,3,3,3
GTEX-146FH-1026-SM-5RQIF,Normal_GTEX,1,2,2,1,1,0,1,1,4,1,3,0,2,5,0,2,0,0
GTEX-11P7K-0626-SM-5985Z,Normal_GTEX,1,0,2,1,3,2,1,4,2,1,2,2,1,1,2,1,3,3
GTEX-13S86-1126-SM-5RQJX,Normal_GTEX,1,0,2,1,3,2,1,4,2,1,2,2,2,1,2,3,3,3
TCGA-A2-A04V-01,LumA,2,0,1,2,0,1,3,0,1,4,0,1,5,6,1,6,2,2
GTEX-13113-0006-SM-5NQ7X,Normal_GTEX,3,1,0,4,2,3,5,2,3,6,5,4,7,2,4,8,1,1
GTEX-12C56-0626-SM-5EGGC,Normal_GTEX,1,0,2,1,3,2,2,4,2,3,2,2,4,1,2,5,3,3
GTEX-139TT-0011-R5b-SM-5K7W8,Normal_GTEX,3,1,0,3,2,3,4,3,0,5,4,5,6,3,6,7,4,4
GTEX-11WQC-0006-SM-5LZVP,Normal_GTEX,3,1,0,4,2,3,5,2,3,6,5,4,7,2,4,8,1,1
GTEX-QEG5-1026-SM-4R1KT,Normal_GTEX,1,2,2,1,1,0,1,1,4,1,3,0,1,5,0,1,0,0
GTEX-QDVJ-0826-SM-48U1S,Normal_GTEX,1,2,2,1,1,0,1,1,4,1,3,0,1,5,5,1,0,0
GTEX-P4QS-2626-SM-2I3EV,Normal_GTEX,1,0,2,1,3,2,1,4,2,1,2,2,2,1,2,3,3,3
TCGA-E2-A14T-01,LumA,2,0,1,2,0,1,3,0,1,4,0,1,5,6,1,6,2,2
GTEX-UPIC-0226-SM-3GADO,Normal_GTEX,1,0,2,1,3,2,1,4,2,1,2,2,2,1,2,3,3,3
GTEX-YFCO-0005-SM-4W1ZI,Normal_GTEX,3,1,0,4,2,3,5,2,3,6,5,4,7,2,4,8,1,1
GTEX-1445S-3026-SM-5O9BR,Normal_GTEX,3,1,0,3,2,3,4,3,0,5,4,5,6,3,6,7,4,4
GTEX-ZC5H-0226-SM-4WAY9,Normal_GTEX,1,0,2,1,3,2,2,4,2,2,1,3,3,4,3,4,7,7
GTEX-Y5V5-1326-SM-4V6G9,Normal_GTEX,1,1,0,1,2,3,2,3,4,3,2,2,4,1,2,5,5,5
GTEX-VJYA-1826-SM-4KL1W,Normal_GTEX,1,2,2,1,1,0,1,1,4,1,3,0,1,0,0,1,6,0
GTEX-R3RS-0008-SM-48FF1,Normal_GTEX,3,2,2,4,1,0,5,4,3,6,1,4,7,4,0,8,5,5
GTEX-139T4-0226-SM-5HL5S,Normal_GTEX,1,0,2,1,3,2,2,4,2,2,1,3,3,4,3,4,7,7
GTEX-ZVP2-1526-SM-5NQ82,Normal_GTEX,1,0,2,1,3,2,2,4,2,3,2,2,4,1,2,5,3,3
GTEX-RU72-3026-SM-5SI7Y,Normal_GTEX,3,1,0,3,2,3,4,3,0,5,4,5,6,3,6,7,4,4
GTEX-ZVT2-0926-SM-5GICE,Normal_GTEX,1,2,2,1,1,0,1,1,4,1,3,0,2,5,0,2,0,0
GTEX-WOFL-0826-SM-3MJG1,Normal_GTEX,1,0,2,1,1,0,1,1,4,1,1,0,2,0,5,3,6,6
GTEX-N7MS-2425-SM-26GMD,Normal_GTEX,3,1,0,3,2,3,4,3,0,5,4,5,6,3,6,7,4,4
GTEX-13U4I-1226-SM-5LU5M,Normal_GTEX,1,2,2,1,1,0,1,1,4,1,3,0,1,5,5,1,0,0
TCGA-E2-A1LL-01,Basal,2,0,1,2,0,1,3,0,1,4,0,1,5,6,1,6,2,2
GTEX-139YR-0326-SM-5J1MC,Normal_GTEX,1,2,2,1,1,0,1,1,4,1,1,0,2,0,5,3,6,6
GTEX-1399R-2626-SM-5KLZ7,Normal_GTEX,1,2,2,1,1,0,1,1,4,1,1,0,2,0,5,3,6,6
TCGA-EW-A1P4-01,Basal,2,0,1,2,0,1,3,0,1,4,0,1,5,6,1,6,2,2
GTEX-N7MT-1226-SM-26GMT,Normal_GTEX,3,1,0,4,2,3,5,3,0,6,4,5,7,3,6,8,4,4
GTEX-TSE9-0005-SM-4DXUF,Normal_GTEX,3,1,0,4,2,3,5,2,3,6,5,4,7,2,4,8,1,1
GTEX-XOT4-1426-SM-4B65T,Normal_GTEX,1,0,2,1,3,2,2,4,2,3,2,2,4,1,2,5,3,3
GTEX-ZDXO-2726-SM-4WKFA,Normal_GTEX,1,2,2,1,1,0,1,1,4,1,3,0,1,5,0,1,0,0
GTEX-13OW7-0226-SM-5MR3N,Normal_GTEX,1,2,2,1,1,0,1,1,4,1,1,0,2,0,5,3,6,6
GTEX-12BJ1-2226-SM-5BC6G,Normal_GTEX,1,0,2,1,3,2,2,4,2,2,1,3,3,4,3,4,7,7
GTEX-N7MT-1226-SM-26GMC,Normal_GTEX,3,1,0,3,2,3,4,3,0,5,4,5,6,3,6,7,4,4
GTEX-ZUA1-2926-SM-59HL3,Normal_GTEX,3,1,0,3,2,3,4,3,0,5,4,5,6,3,6,7,4,4
GTEX-OOBK-2126-SM-3LK5T,Normal_GTEX,1,0,0,1,3,2,2,3,2,3,4,5,4,3,6,5,4,4
GTEX-12WSM-2126-SM-5GCOC,Normal_GTEX,3,1,0,3,2,3,4,3,0,5,4,5,6,3,6,7,4,4
GTEX-WK11-2426-SM-3NMAA,Normal_GTEX,1,2,2,1,1,0,1,1,4,1,1,0,2,0,5,3,6,6
GTEX-ZAB4-0008-SM-4RGM6,Normal_GTEX,3,2,2,4,3,0,5,4,3,6,1,4,7,4,0,8,5,5
GTEX-131XF-0006-SM-5P9HK,Normal_GTEX,3,1,0,4,2,3,5,2,3,6,5,4,7,2,4,8,1,1
GTEX-T5JW-1826-SM-3GAE1,Normal_GTEX,1,2,2,1,1,0,1,1,4,1,1,4,2,0,0,2,6,6
GTEX-1445S-0011-R4a-SM-5PNWN,Normal_GTEX,3,1,0,3,2,3,4,3,0,5,4,5,6,3,6,7,4,4
GTEX-145MO-0426-SM-5QGP6,Normal_GTEX,1,2,2,1,1,0,1,1,4,1,1,0,2,0,5,3,6,6
GTEX-P4QS-0008-SM-48TDY,Normal_GTEX,3,2,2,4,1,0,5,1,3,6,3,4,7,5,0,8,5,5
GTEX-145MO-2826-SM-5LU96,Normal_GTEX,1,0,2,1,3,2,2,4,2,2,1,3,3,4,3,4,7,7
GTEX-13X6K-0226-SM-5QGPB,Normal_GTEX,1,2,2,1,1,0,1,1,4,1,1,0,2,0,5,3,6,6
GTEX-11LCK-1726-SM-5S2OQ,Normal_GTEX,1,0,2,1,3,2,2,4,2,2,1,3,3,4,3,4,7,7
TCGA-A2-A0T4-01,LumA,2,0,1,2,0,1,3,0,1,4,0,1,5,6,1,6,2,2
GTEX-ZV7C-0426-SM-51MQY,Normal_GTEX,1,2,2,1,1,0,1,1,4,1,3,0,1,5,0,1,0,0
TCGA-BH-A0W3-01,LumB,2,0,1,2,0,1,3,0,1,4,0,1,5,6,1,6,2,2
GTEX-YEC3-1026-SM-5IFI5,Normal_GTEX,1,2,2,1,1,0,1,1,4,1,1,0,2,0,5,3,6,6
GTEX-ZE9C-0011-R7a-SM-4WWCX,Normal_GTEX,3,1,0,3,2,3,4,3,0,5,4,5,6,3,6,7,4,4
GTEX-XQ3S-1726-SM-4BOOD,Normal_GTEX,1,2,0,1,1,3,2,1,4,3,2,2,4,1,2,5,5,5
GTEX-QEG5-1326-SM-4R1JS,Normal_GTEX,1,2,2,1,1,0,1,1,4,1,3,0,1,5,5,1,0,0
GTEX-13FTY-0726-SM-5J2OH,Normal_GTEX,1,0,2,1,3,2,1,4,2,1,2,2,2,1,2,3,3,3
TCGA-A8-A08G-01,LumB,2,0,1,2,0,1,3,0,1,4,0,1,5,6,1,6,2,2
GTEX-1313W-0011-R6a-SM-5K7XO,Normal_GTEX,3,1,0,3,2,3,4,3,0,5,4,5,6,3,6,7,4,4
GTEX-13O21-1226-SM-5J2MK,Normal_GTEX,1,0,0,1,3,2,2,3,2,3,4,5,4,3,6,5,4,4
GTEX-ZF29-0826-SM-5S2NP,Normal_GTEX,1,2,2,1,1,0,1,1,4,1,2,0,2,0,5,3,6,6
GTEX-13FTY-0326-SM-5L3DN,Normal_GTEX,1,2,2,1,1,0,1,3,4,1,1,0,2,0,3,3,6,6
GTEX-111FC-0626-SM-5N9CU,Normal_GTEX,1,2,2,1,1,0,1,1,4,1,3,0,2,5,0,2,0,0
GTEX-Y9LG-0626-SM-4WWDH,Normal_GTEX,1,0,2,1,3,2,2,4,2,2,1,3,3,4,3,4,7,7
GTEX-13PL7-0326-SM-5IJEK,Normal_GTEX,1,2,2,1,1,0,1,1,4,1,3,0,1,5,5,1,0,0
TCGA-EW-A1IX-01,LumA,2,0,1,2,0,1,3,0,1,4,0,1,5,6,1,6,2,2
GTEX-139T4-0826-SM-5N9GF,Normal_GTEX,1,1,0,1,2,3,2,3,0,3,4,5,4,3,6,5,4,4
GTEX-145MH-2326-SM-5O9AW,Normal_GTEX,1,0,0,1,3,2,2,3,2,3,4,5,4,3,6,5,4,4
TCGA-E9-A1NG-11,Normal_TCGA,1,0,1,1,0,1,1,0,1,1,0,1,2,6,1,3,2,2
GTEX-11GS4-0526-SM-5A5KQ,Normal_GTEX,1,2,2,1,1,0,1,1,4,1,3,0,2,5,0,2,0,0
GTEX-ZXG5-2126-SM-59HKD,Normal_GTEX,1,0,2,1,3,2,2,4,2,2,1,3,3,4,3,4,7,7
GTEX-XV7Q-1826-SM-4BRUV,Normal_GTEX,1,0,2,1,3,2,2,4,2,2,1,3,3,4,3,4,7,7
TCGA-A1-A0SH-01,LumA,2,0,1,2,0,1,3,0,1,4,0,1,5,6,1,6,2,2
GTEX-ZQUD-1426-SM-57WER,Normal_GTEX,1,0,2,1,3,2,2,4,2,2,1,3,3,4,3,4,7,7
GTEX-ZTPG-1326-SM-51MSQ,Normal_GTEX,1,2,2,1,1,0,1,1,4,1,3,0,2,5,0,2,0,0
TCGA-C8-A1HG-01,LumB,2,1,1,2,0,1,3,0,1,4,0,1,5,6,1,6,2,2
GTEX-TSE9-0008-SM-4DXT8,Normal_GTEX,3,2,2,4,1,0,5,1,3,6,1,4,7,0,0,8,5,5
GTEX-13O3P-1226-SM-5J2O8,Normal_GTEX,1,0,2,1,3,2,1,4,2,1,2,2,1,1,2,1,3,3
GTEX-13RTL-0011-R9a-SM-5Q5BR,Normal_GTEX,3,1,0,3,2,3,4,3,0,5,4,5,6,3,6,7,4,4
TCGA-E2-A10E-01,LumA,2,0,1,2,0,1,3,0,1,4,0,1,5,6,1,6,2,2
GTEX-12WSC-0326-SM-5EQ5E,Normal_GTEX,1,2,2,1,1,0,1,1,4,1,1,4,2,0,0,2,6,6
GTEX-XXEK-0326-SM-4BRVV,Normal_GTEX,1,0,2,1,3,2,2,4,2,2,1,3,3,4,3,4,7,7
GTEX-O5YT-0526-SM-32PK8,Normal_GTEX,1,0,2,1,3,2,2,4,2,3,2,2,4,1,2,5,3,3
GTEX-145MF-0626-SM-5LUAI,Normal_GTEX,1,0,2,1,3,2,2,4,2,2,1,3,3,4,3,4,7,7
GTEX-ZEX8-0326-SM-4WKGS,Normal_GTEX,1,2,2,1,1,0,1,1,4,1,3,0,2,5,0,2,0,0
GTEX-P4PQ-0526-SM-2HMKR,Normal_GTEX,1,0,2,1,3,2,2,4,2,3,2,2,4,1,2,5,3,3
GTEX-TMKS-0426-SM-3DB85,Normal_GTEX,1,2,2,1,1,0,1,1,4,1,1,0,2,0,3,3,6,6
GTEX-13U4I-0126-SM-5LU38,Normal_GTEX,1,0,2,1,3,2,2,4,2,2,1,3,3,4,3,4,7,7
GTEX-13PVR-1726-SM-5Q5EC,Normal_GTEX,1,2,2,1,1,0,1,1,4,1,3,0,1,5,5,1,0,0
GTEX-13VXT-0326-SM-5LU4U,Normal_GTEX,1,2,2,1,1,0,1,1,4,1,1,4,2,0,0,2,6,6
GTEX-O5YT-0007-SM-32PK7,Normal_GTEX,3,1,0,4,2,3,5,2,3,6,5,4,7,2,4,8,1,1
TCGA-D8-A27N-01,LumB,2,0,1,2,0,1,3,0,1,4,0,1,5,6,1,6,2,2
GTEX-13N1W-0926-SM-5MR36,Normal_GTEX,1,2,2,1,1,0,1,1,4,1,3,0,2,5,0,2,0,0
GTEX-146FH-2126-SM-5SI9U,Normal_GTEX,1,2,2,1,1,0,2,1,4,3,3,0,4,5,5,5,0,0
GTEX-13X6J-0011-R7b-SM-5PNUC,Normal_GTEX,3,1,0,3,2,3,4,3,0,5,4,5,6,3,6,7,4,4
GTEX-13FHO-1626-SM-5IJGB,Normal_GTEX,1,2,2,1,1,0,1,1,4,1,3,0,1,5,0,1,0,0
GTEX-12WSD-0326-SM-59HKP,Normal_GTEX,1,0,2,1,1,0,1,1,4,1,1,0,2,0,3,3,6,6
GTEX-145LS-0011-R1b-SM-5PNUP,Normal_GTEX,3,1,0,3,2,3,4,3,0,5,4,5,6,3,6,7,4,4
GTEX-11DZ1-2426-SM-5GZZX,Normal_GTEX,1,0,2,1,3,2,2,4,2,2,1,3,3,4,3,4,7,7
GTEX-13NYB-0011-R5a-SM-5MR45,Normal_GTEX,3,1,0,3,2,3,4,3,0,5,4,5,6,3,6,7,4,4
TCGA-A2-A0CS-01,LumA,2,0,1,2,0,1,3,0,1,4,0,1,5,6,1,6,2,2
GTEX-ZPU1-0626-SM-4YCDM,Normal_GTEX,1,2,2,1,1,0,1,1,4,1,3,0,2,5,0,2,0,0
GTEX-QVUS-0011-R10A-SM-3GIK3,Normal_GTEX,3,1,0,3,2,3,4,3,0,5,4,5,6,3,6,7,4,4
GTEX-UJHI-0726-SM-3DB92,Normal_GTEX,1,0,2,1,3,2,2,4,2,3,2,2,4,1,2,5,3,3
TCGA-A1-A0SG-01,LumA,2,0,1,2,0,1,3,0,1,4,0,1,5,6,1,6,2,2
GTEX-SUCS-1126-SM-4DM61,Normal_GTEX,1,2,2,1,1,0,1,1,4,1,3,0,1,5,5,1,0,0
GTEX-V1D1-2126-SM-4JBH4,Normal_GTEX,1,0,0,1,3,2,2,3,2,3,4,5,4,3,6,5,4,4
GTEX-14ASI-0326-SM-5S2VH,Normal_GTEX,1,2,2,1,1,0,1,1,4,1,1,0,2,0,3,3,6,6
GTEX-Q2AG-2926-SM-2HMJ3,Normal_GTEX,3,1,0,3,2,3,4,3,0,5,4,5,6,3,6,7,4,4
GTEX-ZE9C-1126-SM-4WWBD,Normal_GTEX,1,0,2,1,3,2,2,4,2,2,1,3,3,4,3,4,7,7
GTEX-XGQ4-0126-SM-4AT4H,Normal_GTEX,1,1,0,1,2,3,2,4,3,3,2,2,4,1,2,5,3,3
GTEX-XMK1-1026-SM-4B65H,Normal_GTEX,1,0,2,1,3,2,1,4,2,1,2,2,1,1,2,1,3,3
GTEX-13PVR-0226-SM-5RQJI,Normal_GTEX,1,2,0,1,1,3,2,1,4,3,2,2,4,1,2,5,5,5
GTEX-11I78-1426-SM-5PNVY,Normal_GTEX,1,2,2,1,1,0,1,1,4,1,3,0,1,5,5,1,0,0
GTEX-11DXY-1126-SM-5987W,Normal_GTEX,1,2,2,1,1,0,1,1,4,1,3,0,1,5,0,1,0,0
TCGA-E9-A22A-01,LumB,2,0,1,2,0,1,3,0,1,4,0,1,5,6,1,6,2,2
GTEX-13FHP-0926-SM-5L3EC,Normal_GTEX,1,0,2,1,3,2,1,4,2,1,2,2,2,1,2,3,3,3
GTEX-ZYFD-2026-SM-5E459,Normal_GTEX,1,2,2,1,1,0,1,1,4,1,3,0,2,5,0,2,0,0
GTEX-ZTX8-1426-SM-5DUVO,Normal_GTEX,1,0,2,1,3,2,2,4,2,2,1,3,3,4,3,4,7,7
GTEX-13X6J-0426-SM-5O9D3,Normal_GTEX,1,0,2,1,3,0,1,4,4,1,1,0,2,0,3,3,6,6
GTEX-13X6I-2926-SM-5Q5C3,Normal_GTEX,3,1,0,3,2,3,4,3,0,5,4,5,6,3,6,7,4,4
GTEX-S341-1126-SM-4AD6T,Normal_GTEX,1,2,2,1,1,0,1,1,4,1,3,0,1,5,5,1,0,0
GTEX-13PVR-0526-SM-5S2OB,Normal_GTEX,1,2,2,1,1,0,1,1,4,1,3,0,2,0,5,3,6,6
GTEX-ZTPG-2326-SM-57WFL,Normal_GTEX,1,2,2,1,1,0,1,1,4,1,1,0,2,0,5,3,6,6
GTEX-146FR-2026-SM-5NQAI,Normal_GTEX,1,2,2,1,1,0,1,1,4,1,3,0,1,5,5,1,0,0
GTEX-XBEW-0008-SM-4AT3Y,Normal_GTEX,3,2,2,4,1,0,5,1,3,6,1,4,7,0,0,8,5,5
GTEX-13NYB-0626-SM-5MR47,Normal_GTEX,1,0,2,1,3,2,2,4,2,3,2,2,4,1,2,5,3,3
GTEX-11DXX-0826-SM-5GZZP,Normal_GTEX,1,2,2,1,1,0,1,1,4,1,3,0,1,5,0,1,0,0
GTEX-14BIN-1126-SM-5RQJZ,Normal_GTEX,1,0,2,1,3,2,2,4,2,2,1,3,3,4,3,4,7,7
TCGA-E2-A1BD-01,LumA,2,0,1,2,0,1,3,0,1,4,0,1,5,6,1,6,2,2
GTEX-13W3W-2526-SM-5SI9P,Normal_GTEX,1,2,2,1,1,0,1,1,4,1,1,0,2,0,5,3,6,6
GTEX-T5JW-0926-SM-4DM5K,Normal_GTEX,1,0,2,1,3,2,2,4,2,3,2,2,4,1,2,5,3,3
TCGA-E2-A14Z-01,LumA,2,0,1,2,0,1,3,0,1,4,0,1,5,6,1,6,2,2
GTEX-11DZ1-0008-SM-5QGR3,Normal_GTEX,3,2,2,4,1,0,5,2,3,6,5,4,7,2,0,8,5,5
GTEX-13FTY-0011-R9b-SM-5KM2U,Normal_GTEX,3,1,0,3,2,3,4,3,0,5,4,5,6,3,6,7,4,4
GTEX-ZZ64-1626-SM-5E43W,Normal_GTEX,1,2,2,1,1,0,1,1,4,1,1,0,2,0,5,3,6,6
GTEX-S341-0726-SM-4AD5R,Normal_GTEX,1,2,2,1,1,0,1,1,4,1,3,0,1,5,0,1,5,5
GTEX-13FTZ-0526-SM-5IJCW,Normal_GTEX,1,0,2,1,3,2,2,4,2,3,2,2,4,1,2,5,3,3
GTEX-QDT8-0526-SM-4LMJR,Normal_GTEX,1,2,2,1,1,0,1,1,4,1,1,4,2,0,0,2,6,6
GTEX-14BIM-3226-SM-5RQIQ,Normal_GTEX,1,1,0,1,2,3,2,3,0,3,4,5,4,3,6,5,4,4
GTEX-11ZVC-0011-R3a-SM-5BC6V,Normal_GTEX,3,1,0,3,2,3,4,3,0,5,4,5,6,3,6,7,4,4
GTEX-NPJ8-1726-SM-2YUNB,Normal_GTEX,1,2,2,1,1,0,1,1,4,1,1,0,2,0,3,3,6,6
TCGA-A2-A1G4-01,LumB,2,0,1,2,0,1,3,0,1,4,0,1,5,6,1,6,2,2
GTEX-13FTW-1726-SM-5KM2B,Normal_GTEX,1,0,2,1,3,2,2,4,2,3,2,2,4,1,2,5,3,3
GTEX-RVPV-0006-SM-2TF6Q,Normal_GTEX,3,1,0,4,2,3,5,2,3,6,5,4,7,2,4,8,1,1
GTEX-13NYS-3126-SM-5KLYV,Normal_GTEX,3,1,0,3,2,3,4,3,0,5,4,5,6,3,6,7,4,4
GTEX-14E1K-0006-SM-5N9DY,Normal_GTEX,3,1,0,4,2,3,5,2,3,6,5,4,7,2,4,8,1,1
GTEX-PSDG-1026-SM-48TCV,Normal_GTEX,1,2,2,1,1,0,1,1,4,1,3,0,1,5,0,1,0,0
GTEX-S4Q7-0006-SM-3K2AT,Normal_GTEX,3,1,0,4,2,3,5,2,3,6,5,4,7,2,4,8,1,1
GTEX-1122O-1726-SM-5GICM,Normal_GTEX,1,0,2,1,3,2,2,4,2,2,1,3,3,4,3,4,7,7
GTEX-13OW7-0526-SM-5J1N2,Normal_GTEX,1,2,2,1,1,0,1,1,4,1,1,0,2,0,3,3,6,6
GTEX-1497J-0826-SM-5NQAJ,Normal_GTEX,1,0,2,1,3,2,2,4,2,3,2,2,4,1,2,5,3,3
GTEX-RUSQ-1726-SM-2TF68,Normal_GTEX,1,2,2,1,1,0,1,1,4,1,1,4,2,0,0,2,6,6
GTEX-11GSP-1226-SM-5985M,Normal_GTEX,1,2,2,1,1,0,1,1,4,1,3,0,2,5,0,2,0,0
TCGA-E9-A1RF-01,LumA,2,0,1,2,0,1,3,0,1,4,0,1,5,6,1,6,2,2
GTEX-13S7M-0011-R10b-SM-5PNZB,Normal_GTEX,3,1,0,3,2,3,4,3,0,5,4,5,6,3,6,7,4,4
GTEX-ZVZQ-0626-SM-59HJU,Normal_GTEX,1,0,2,1,3,2,1,4,2,1,2,2,2,1,2,3,3,3
GTEX-T5JW-1126-SM-4DM5V,Normal_GTEX,1,0,2,1,3,2,2,4,2,3,2,2,4,1,2,5,3,3
GTEX-12ZZX-1126-SM-5EGKB,Normal_GTEX,1,0,2,1,3,2,1,4,2,1,1,0,2,6,5,3,6,6
TCGA-D8-A1XQ-01,Basal,2,0,1,2,0,1,3,0,1,4,0,1,5,6,1,6,2,2
GTEX-R55G-2326-SM-2TC61,Normal_GTEX,1,2,2,1,1,0,1,1,4,1,1,4,2,0,0,2,6,6
TCGA-BH-A0BZ-11,Normal_TCGA,1,0,1,1,0,1,1,0,1,1,0,1,2,6,1,3,2,2
GTEX-13CZV-0011-R4b-SM-5J2NY,Normal_GTEX,3,1,0,3,2,3,4,3,0,5,4,5,6,3,6,7,4,4
GTEX-ZVZO-0326-SM-5HL4N,Normal_GTEX,1,2,2,1,1,0,1,1,4,1,1,4,2,0,0,2,6,6
GTEX-QEG5-1126-SM-5SI88,Normal_GTEX,1,0,2,1,3,2,2,4,2,3,2,2,4,1,2,5,3,3
GTEX-131YS-0011-R7a-SM-5IJDA,Normal_GTEX,3,1,0,3,2,3,4,3,0,5,4,5,6,3,6,7,4,4
GTEX-1477Z-0011-R10b-SM-5S2RF,Normal_GTEX,3,1,0,3,2,3,4,3,0,5,4,5,6,3,6,7,4,4
GTEX-NPJ8-0326-SM-2D7VV,Normal_GTEX,1,0,2,1,3,2,2,4,2,3,2,2,4,1,2,5,3,3
GTEX-11DXZ-2126-SM-59881,Normal_GTEX,1,0,0,1,3,2,2,3,2,3,4,5,4,3,6,5,4,4
GTEX-ZYWO-2626-SM-5E43V,Normal_GTEX,1,2,2,1,1,0,1,1,4,1,1,4,2,0,0,2,6,6
GTEX-13NYS-0011-R4b-SM-5MR3O,Normal_GTEX,3,1,0,3,2,3,4,3,0,5,4,5,6,3,6,7,4,4
GTEX-ZYFD-0426-SM-5E45X,Normal_GTEX,1,2,2,1,1,0,1,1,4,1,1,0,2,0,3,3,6,6
GTEX-X4XX-2926-SM-3NMB1,Normal_GTEX,3,1,0,3,2,3,4,3,0,5,4,5,6,3,6,7,4,4
GTEX-PWCY-0526-SM-5P9HG,Normal_GTEX,1,2,2,1,1,0,1,1,4,1,3,0,2,5,0,2,0,0
GTEX-ZDTT-0326-SM-4WKF9,Normal_GTEX,1,2,2,1,1,0,1,1,4,1,3,0,2,5,0,2,0,0
TCGA-E9-A1RB-11,Normal_TCGA,1,0,1,1,0,1,1,0,1,1,0,1,2,6,1,3,2,2
GTEX-11EM3-1126-SM-5A5KM,Normal_GTEX,1,2,2,1,1,0,1,1,4,1,3,0,2,5,5,3,0,6
GTEX-S4Q7-0426-SM-3K2BJ,Normal_GTEX,1,0,2,1,3,2,2,4,2,3,2,2,4,1,2,5,3,3
GTEX-NPJ8-1526-SM-2D7VU,Normal_GTEX,3,1,0,3,2,3,4,3,0,5,4,5,6,3,6,7,4,4
GTEX-11NUK-2726-SM-5A5MC,Normal_GTEX,1,0,2,1,3,2,2,4,2,2,1,3,3,4,3,4,7,7
GTEX-13OVG-0526-SM-5K7YD,Normal_GTEX,1,2,2,1,1,0,1,1,4,1,3,0,2,5,0,2,0,0
GTEX-ZA64-0526-SM-5HL9I,Normal_GTEX,1,2,2,1,1,0,1,1,4,1,3,0,1,5,5,1,0,0
GTEX-TMZS-0326-SM-3DB9P,Normal_GTEX,1,2,2,1,1,0,1,1,4,1,1,4,2,0,0,2,6,6
GTEX-WVLH-0011-R6A-SM-3MJFZ,Normal_GTEX,3,1,0,3,2,3,4,3,0,5,4,5,6,3,6,7,4,4
GTEX-QEL4-1126-SM-4R1JJ,Normal_GTEX,1,2,2,1,1,0,1,1,4,1,3,0,1,5,0,1,0,0
GTEX-WHWD-1026-SM-4OORZ,Normal_GTEX,1,2,2,1,1,0,1,1,4,1,3,0,1,5,5,1,0,0
GTEX-13OW6-2226-SM-5N9FL,Normal_GTEX,1,2,2,1,1,0,1,1,4,1,3,0,1,5,5,1,0,0
GTEX-14A5I-2926-SM-5Q5CQ,Normal_GTEX,3,1,0,3,2,3,4,3,0,5,4,5,6,3,6,7,4,4
TCGA-AR-A1AH-01,Basal,2,0,1,2,0,1,3,0,1,4,0,1,5,6,1,6,2,2
GTEX-QLQW-1026-SM-447A9,Normal_GTEX,1,0,0,1,3,2,2,3,2,3,4,5,4,3,6,5,4,4
GTEX-13111-1626-SM-5EGJY,Normal_GTEX,1,0,2,1,3,2,2,4,2,2,1,3,3,4,3,4,7,7
GTEX-144FL-2326-SM-5LUAC,Normal_GTEX,1,0,2,1,3,2,1,4,2,1,2,2,2,1,2,3,3,3
GTEX-ZPIC-0826-SM-4WWFJ,Normal_GTEX,1,2,2,1,1,0,1,1,4,1,3,0,2,5,0,2,0,0
GTEX-XQ3S-2426-SM-4WAYB,Normal_GTEX,1,2,2,1,1,0,1,1,4,1,3,0,2,0,5,3,6,6
GTEX-O5YT-0726-SM-3MJHA,Normal_GTEX,1,2,2,1,1,0,1,1,4,1,3,0,1,5,5,1,0,0
GTEX-WFON-2126-SM-3LK7O,Normal_GTEX,1,0,2,1,3,2,2,4,2,2,1,3,3,4,3,4,7,7
TCGA-A2-A0YC-01,LumA,2,0,1,2,0,1,3,0,1,4,0,1,5,6,1,6,2,2
GTEX-13U4I-2426-SM-5LU34,Normal_GTEX,1,2,2,1,1,0,1,1,4,1,3,0,1,5,5,1,0,0
GTEX-13IVO-0126-SM-5J1NG,Normal_GTEX,1,0,2,1,3,2,2,4,2,2,1,3,3,4,3,4,7,7
GTEX-13PLJ-0011-R11b-SM-5O9BS,Normal_GTEX,3,1,0,3,2,3,4,3,0,5,4,5,6,3,6,7,4,4
GTEX-111YS-1226-SM-5EGGJ,Normal_GTEX,1,0,2,1,3,2,2,4,2,3,2,2,4,1,2,5,3,3
GTEX-PLZ6-0326-SM-3P61J,Normal_GTEX,1,2,2,1,1,0,1,1,4,1,3,0,1,5,0,1,0,0
TCGA-BH-A1EN-01,Her2,2,0,1,2,0,1,3,0,1,4,0,1,5,6,1,6,2,2
GTEX-P4PP-0726-SM-3NM9S,Normal_GTEX,1,2,2,1,1,0,1,1,4,1,3,0,1,5,5,1,0,0
GTEX-11TTK-2826-SM-5GU5K,Normal_GTEX,3,1,0,3,2,3,4,3,0,5,4,5,6,3,6,7,4,4
GTEX-PWCY-2026-SM-5SI8R,Normal_GTEX,1,2,2,1,1,0,1,1,4,1,1,4,2,0,0,2,6,6
GTEX-11EM3-2426-SM-59861,Normal_GTEX,1,0,2,1,3,2,2,4,2,2,1,3,3,4,3,4,7,7
GTEX-13SLX-0011-R9b-SM-5SI6X,Normal_GTEX,3,1,0,3,2,3,4,3,0,5,4,5,6,3,6,7,4,4
GTEX-13OVH-1126-SM-5K7YP,Normal_GTEX,1,2,2,1,1,0,1,1,4,1,3,0,2,0,5,3,6,6
GTEX-146FH-1726-SM-5QGQ2,Normal_GTEX,1,0,2,1,3,2,2,4,2,2,1,3,3,4,3,4,7,7
GTEX-1192X-0426-SM-5GIEE,Normal_GTEX,1,2,2,1,1,0,1,1,4,1,1,4,2,0,0,2,6,6
GTEX-UPIC-0326-SM-4IHJ9,Normal_GTEX,1,2,2,1,1,0,1,1,4,1,3,0,1,5,0,1,0,0
GTEX-13OVL-0126-SM-5L3GJ,Normal_GTEX,1,0,2,1,3,2,2,4,2,2,1,3,3,4,3,4,7,7
GTEX-RM2N-0426-SM-2TF4T,Normal_GTEX,1,0,2,1,3,2,2,4,2,3,2,2,4,1,2,5,3,3
GTEX-RN64-0626-SM-2TC5V,Normal_GTEX,1,0,2,1,3,2,1,4,2,1,2,2,2,1,2,3,3,3
TCGA-BH-A0EB-01,LumA,2,0,1,2,0,1,3,0,1,4,0,1,5,6,1,6,2,2
GTEX-WRHK-0526-SM-4MVOF,Normal_GTEX,1,0,2,1,3,2,2,4,2,2,1,3,3,4,3,4,7,7
GTEX-WFG7-0001-SM-3P61S,Normal_GTEX,3,1,0,4,2,3,5,2,3,6,5,4,7,2,4,8,1,1
GTEX-11ZVC-2726-SM-5FQSZ,Normal_GTEX,1,2,2,1,1,0,1,1,4,1,1,4,2,0,0,2,6,6
GTEX-PWOO-0006-SM-2I3E3,Normal_GTEX,3,1,0,4,2,3,5,2,3,6,5,4,7,2,4,8,1,1
GTEX-XK95-0226-SM-4AT58,Normal_GTEX,1,0,2,1,3,2,2,4,2,2,1,3,3,4,3,4,7,7
GTEX-XMD1-2926-SM-4AT42,Normal_GTEX,3,1,0,3,2,3,4,3,0,5,4,5,6,3,6,7,4,4
GTEX-ZVZO-0426-SM-5HL4Z,Normal_GTEX,1,2,2,1,1,0,1,1,4,1,3,0,1,0,5,1,6,0
GTEX-WY7C-0726-SM-4ONCB,Normal_GTEX,1,0,2,1,3,2,2,4,2,3,2,2,4,1,2,5,3,3
GTEX-X585-0011-R5A-SM-46MVI,Normal_GTEX,3,1,0,3,2,3,4,3,0,5,4,5,6,3,6,7,4,4
GTEX-X4EP-0626-SM-3P621,Normal_GTEX,1,0,2,1,3,2,2,4,2,2,1,3,3,4,3,4,7,7
GTEX-1399T-0011-R8b-SM-5IJD8,Normal_GTEX,3,1,0,3,2,3,4,3,0,5,4,5,6,3,6,7,4,4
GTEX-ZVT2-0526-SM-5E455,Normal_GTEX,1,2,2,1,1,0,1,1,4,1,3,0,1,5,0,1,0,0
GTEX-SSA3-0326-SM-32QPS,Normal_GTEX,1,2,2,1,1,0,1,1,4,1,1,4,2,0,0,2,6,6
GTEX-13O1R-0011-R9b-SM-5KM33,Normal_GTEX,3,1,0,3,2,3,4,3,0,5,4,5,6,3,6,7,4,4
TCGA-D8-A27P-01,LumA,2,0,1,2,0,1,3,0,1,4,0,1,5,6,1,6,2,2
GTEX-ZVT3-0326-SM-5GU6U,Normal_GTEX,1,2,2,1,1,0,1,1,4,1,1,0,2,0,3,3,6,6
GTEX-WL46-0926-SM-3LK7T,Normal_GTEX,1,2,2,1,1,0,1,1,4,1,3,0,2,5,0,2,0,0
GTEX-113IC-0008-SM-5QGRF,Normal_GTEX,3,2,2,4,1,0,5,1,3,6,5,4,7,2,0,8,5,5
GTEX-ZV68-0006-SM-4YCEJ,Normal_GTEX,3,1,0,4,2,3,5,2,3,6,5,4,7,2,4,8,1,1
GTEX-13JVG-0011-R4a-SM-5MR4C,Normal_GTEX,3,1,0,3,2,3,4,3,0,5,4,5,6,3,6,7,4,4
GTEX-XGQ4-0826-SM-4AT4T,Normal_GTEX,1,0,2,1,3,2,2,4,2,3,2,2,4,1,2,5,3,3
TCGA-A8-A0A6-01,LumA,2,0,1,2,0,1,3,0,1,4,0,1,5,6,1,6,2,2
GTEX-X4EP-0011-R11B-SM-4QASK,Normal_GTEX,3,1,0,3,2,3,4,3,0,5,4,5,6,3,6,7,4,4
TCGA-E2-A15J-01,LumA,2,0,1,2,0,1,3,0,1,4,0,1,5,6,1,6,2,2
GTEX-12WSJ-1326-SM-5GCOB,Normal_GTEX,1,2,2,1,1,0,1,1,4,1,3,0,1,5,5,1,0,0
GTEX-131XH-0226-SM-5LZVB,Normal_GTEX,1,2,2,1,1,0,1,1,4,1,3,0,2,5,0,2,0,0
GTEX-ZYFG-1526-SM-5GZYM,Normal_GTEX,1,0,2,1,3,2,2,4,2,2,1,3,3,4,3,4,7,7
GTEX-TSE9-0726-SM-3DB8C,Normal_GTEX,1,0,2,1,3,2,2,4,2,3,2,2,4,1,2,5,3,3
GTEX-13OW6-0626-SM-5L3IB,Normal_GTEX,1,2,2,1,1,0,1,1,4,1,1,4,2,0,0,2,6,6
GTEX-O5YV-0526-SM-2D7VZ,Normal_GTEX,1,0,2,1,3,2,2,4,2,3,2,2,4,1,2,5,3,3
GTEX-117YX-1526-SM-5H12T,Normal_GTEX,1,0,2,1,3,2,1,4,2,1,2,2,1,1,2,1,3,3
TCGA-AR-A1AV-01,LumA,2,0,1,2,0,1,3,0,1,4,0,1,5,6,1,6,2,2
GTEX-UJHI-1026-SM-4IHJP,Normal_GTEX,1,2,2,1,1,0,1,1,4,1,3,0,1,5,5,1,0,0
GTEX-11PRG-2026-SM-5GU5F,Normal_GTEX,1,2,2,1,1,0,1,1,4,1,2,0,1,5,5,1,0,0
GTEX-YJ89-0011-R5a-SM-4V6GM,Normal_GTEX,3,1,0,3,2,3,4,3,0,5,4,5,6,3,6,7,4,4
GTEX-13JUV-0526-SM-5K7XE,Normal_GTEX,1,0,2,1,3,2,2,4,2,3,2,2,4,1,2,5,3,3
GTEX-TML8-1926-SM-32QOS,Normal_GTEX,1,0,2,1,3,2,2,4,2,2,1,3,3,4,3,4,7,7
GTEX-14BIM-0011-R4b-SM-5S2RK,Normal_GTEX,3,1,0,3,2,3,4,3,0,5,4,5,6,3,6,7,4,4
GTEX-13NZB-2526-SM-5J1OM,Normal_GTEX,1,0,2,1,3,2,2,4,2,2,1,3,3,4,3,4,7,7
GTEX-111YS-0726-SM-5GZY8,Normal_GTEX,1,0,2,1,3,2,1,4,2,1,2,2,2,1,2,3,3,3
TCGA-A1-A0SQ-01,LumA,2,0,1,2,0,1,3,0,1,4,0,1,5,6,1,6,2,2
GTEX-X15G-0926-SM-4PQZE,Normal_GTEX,1,2,2,1,1,0,1,1,4,1,3,0,1,5,5,1,0,0
TCGA-AQ-A04J-01,Basal,2,0,1,2,0,1,3,0,1,4,0,1,5,6,1,6,2,2
GTEX-11ZTT-0008-SM-5S2TZ,Normal_GTEX,3,2,2,4,1,0,5,1,3,6,3,4,7,5,0,8,5,5
GTEX-S341-0226-SM-5S2VG,Normal_GTEX,1,0,2,1,3,2,1,4,2,1,2,2,2,1,2,3,3,3
TCGA-E2-A1LH-11,Normal_TCGA,1,0,1,1,0,1,1,0,1,1,0,1,2,6,1,3,2,2
GTEX-13SLW-0011-R8b-SM-5SI64,Normal_GTEX,3,1,0,3,2,3,4,3,0,5,4,5,6,3,6,7,4,4
GTEX-ZDXO-1326-SM-57WBS,Normal_GTEX,1,0,2,1,3,2,2,4,2,3,2,2,4,1,2,5,3,3
GTEX-133LE-2026-SM-5K7WM,Normal_GTEX,1,2,2,1,1,0,1,1,4,1,1,4,2,0,0,2,6,6
GTEX-11VI4-0226-SM-5GU6C,Normal_GTEX,1,0,2,1,3,2,1,4,2,1,2,2,2,1,2,3,3,3
GTEX-X4LF-0526-SM-3NMB6,Normal_GTEX,1,0,2,1,3,2,2,4,2,3,2,2,4,1,2,5,3,3
TCGA-A7-A26H-01,LumA,2,0,1,2,0,1,3,0,1,4,0,1,5,6,1,6,2,2
GTEX-13OVG-0826-SM-5L3D8,Normal_GTEX,1,2,2,1,1,0,1,1,4,1,3,0,1,5,0,1,0,0
GTEX-14E6E-1826-SM-5S2R7,Normal_GTEX,1,0,2,1,3,2,2,4,2,2,1,3,3,4,3,4,7,7
TCGA-BH-A0E0-11,Normal_TCGA,1,0,1,1,0,1,1,0,1,1,0,1,2,6,1,3,2,2
GTEX-13QIC-0011-R8b-SM-5O9CV,Normal_GTEX,3,1,0,3,2,3,4,3,0,5,4,5,6,3,6,7,4,4
GTEX-12696-1226-SM-5FQSM,Normal_GTEX,1,2,2,1,1,0,1,1,4,1,3,0,2,5,0,2,0,0
GTEX-N7MS-0011-R8a-SM-2YUMK,Normal_GTEX,3,1,0,3,2,3,4,3,0,5,4,5,6,3,6,7,4,4
GTEX-ZLWG-0826-SM-59888,Normal_GTEX,1,0,2,1,3,2,2,4,2,2,1,3,3,4,3,4,7,7
GTEX-1117F-0426-SM-5EGHI,Normal_GTEX,1,2,2,1,1,0,1,1,4,1,1,4,2,0,0,2,6,6
TCGA-A8-A08H-01,Normal,2,0,1,2,0,1,3,0,1,4,0,1,5,6,1,6,2,2
GTEX-T5JC-1926-SM-4DM6Q,Normal_GTEX,1,2,2,1,1,0,1,1,4,1,3,0,1,5,5,1,0,0
TCGA-BH-A18P-11,Normal_TCGA,1,0,1,1,0,1,1,0,1,1,0,1,2,6,1,3,2,2
GTEX-ZLWG-2526-SM-57WDS,Normal_GTEX,1,2,2,1,1,0,1,1,4,1,1,0,2,0,3,3,6,6
GTEX-ZLV1-1826-SM-5FQU5,Normal_GTEX,1,2,2,1,1,0,1,1,4,1,1,0,2,0,5,3,6,6
GTEX-ZTPG-0526-SM-5O98W,Normal_GTEX,1,2,2,1,1,0,1,1,4,1,1,0,2,0,3,3,6,6
GTEX-OIZI-0426-SM-2XCEF,Normal_GTEX,1,2,2,1,1,0,1,1,4,1,1,0,2,0,3,3,6,6
GTEX-111CU-0326-SM-5GZXO,Normal_GTEX,1,0,2,1,3,2,2,4,2,3,2,2,4,1,2,5,3,3
GTEX-13NZ8-2126-SM-5L3EO,Normal_GTEX,1,2,2,1,1,0,1,1,4,1,1,4,2,0,0,2,6,6
GTEX-13O1R-1026-SM-5KM2L,Normal_GTEX,1,2,2,1,1,0,1,1,4,1,3,0,1,5,0,1,0,0
GTEX-13YAN-0526-SM-5O9BE,Normal_GTEX,1,2,2,1,1,0,1,1,4,1,1,4,2,0,0,2,6,6
GTEX-ZAK1-0226-SM-5CVMX,Normal_GTEX,1,2,2,1,1,0,1,1,4,1,1,0,2,0,5,3,6,6
GTEX-ZYW4-0826-SM-5GIDG,Normal_GTEX,1,2,2,1,1,0,1,1,4,1,1,0,2,0,5,3,6,6
GTEX-11PRG-2226-SM-5GU5R,Normal_GTEX,2,1,2,2,2,1,3,2,1,4,2,2,5,1,2,6,3,3
GTEX-R55C-1426-SM-48FED,Normal_GTEX,1,0,0,1,3,2,2,3,2,3,4,5,4,3,6,5,4,4
GTEX-13W3W-2426-SM-5LU5B,Normal_GTEX,1,0,2,1,3,2,2,4,2,2,1,3,3,4,3,4,7,7
TCGA-BH-A18M-11,Normal_TCGA,1,0,1,1,0,1,1,0,1,1,0,1,2,6,1,3,2,2
GTEX-ZA64-0226-SM-5HL9C,Normal_GTEX,1,1,0,1,2,3,2,1,4,3,2,2,4,1,2,5,5,5
GTEX-14753-2426-SM-5LU8U,Normal_GTEX,1,2,2,1,1,0,1,1,4,1,1,0,2,0,5,3,6,6
GTEX-RWSA-0226-SM-2XCBA,Normal_GTEX,1,2,2,1,1,0,1,1,4,1,1,0,2,0,5,3,6,6
GTEX-PWCY-0526-SM-5PNU8,Normal_GTEX,1,2,2,1,1,0,1,1,4,1,3,0,2,5,0,2,0,0
GTEX-13NYB-0011-R10a-SM-5KM43,Normal_GTEX,3,1,0,3,2,3,4,3,0,5,4,5,6,3,6,7,4,4
GTEX-14BIN-3326-SM-5Q5E6,Normal_GTEX,3,1,0,3,2,3,4,3,0,5,4,5,6,3,6,7,4,4
GTEX-NPJ8-0011-R10A-SM-2YUMO,Normal_GTEX,3,1,0,3,2,3,4,3,0,5,4,5,6,3,6,7,4,4
GTEX-W5WG-0926-SM-4RTX9,Normal_GTEX,1,2,2,1,1,0,1,1,4,1,3,0,1,5,0,1,5,5
TCGA-AR-A24S-01,LumB,2,0,1,2,0,1,3,0,1,4,0,1,5,6,1,6,2,2
GTEX-14DAR-0326-SM-5S2PS,Normal_GTEX,1,1,0,1,2,3,2,4,3,3,2,2,4,1,2,5,3,3
GTEX-131YS-2326-SM-5IJFJ,Normal_GTEX,1,2,2,1,1,0,1,1,4,1,3,0,1,5,5,1,0,0
GTEX-1313W-0011-R5b-SM-5L3EP,Normal_GTEX,3,1,0,3,2,3,4,3,0,5,4,5,6,3,6,7,4,4
TCGA-BH-A0B3-11,Normal_TCGA,1,0,1,1,0,1,1,0,1,1,0,1,2,6,1,3,2,2
GTEX-ZC5H-1326-SM-5HL7E,Normal_GTEX,1,0,2,1,3,2,2,4,2,2,1,3,3,4,3,4,7,7
TCGA-E2-A15K-01,LumB,2,0,1,2,0,1,3,0,1,4,0,1,5,6,1,6,2,2
GTEX-ZF3C-1426-SM-4WWCD,Normal_GTEX,1,2,2,1,1,0,1,1,4,1,3,0,1,5,0,1,0,0
GTEX-QVJO-0011-R10A-SM-2S1QJ,Normal_GTEX,3,1,0,3,2,3,4,3,0,5,4,5,6,3,6,7,4,4
GTEX-PSDG-0626-SM-2S1OE,Normal_GTEX,1,2,2,1,1,0,1,1,4,1,1,0,2,0,3,3,6,6
TCGA-AO-A12G-01,LumA,2,0,1,2,0,1,3,0,1,4,0,1,5,6,1,6,2,2
GTEX-ZE9C-0006-SM-4WKG2,Normal_GTEX,3,1,0,4,2,3,5,2,3,6,5,4,7,2,4,8,1,1
GTEX-13YAN-2026-SM-5Q5EY,Normal_GTEX,1,2,2,1,1,0,1,1,4,1,3,0,1,5,5,1,0,0
GTEX-XXEK-2526-SM-4BRUR,Normal_GTEX,1,2,2,1,1,0,1,1,4,1,1,0,2,0,3,3,6,6
GTEX-Q2AG-0011-R4A-SM-2HMKA,Normal_GTEX,3,1,0,3,2,3,4,3,0,5,4,5,6,3,6,7,4,4
GTEX-11TT1-2526-SM-5EGIB,Normal_GTEX,1,0,2,1,3,2,2,4,2,2,1,3,3,4,3,4,7,7
TCGA-BH-A0HA-01,LumA,2,0,1,2,0,1,3,0,1,4,0,1,5,6,1,6,2,2
GTEX-1477Z-0626-SM-5NQB7,Normal_GTEX,1,0,2,1,3,2,2,4,2,3,2,2,4,1,2,5,3,3
GTEX-ZVZP-1826-SM-5GZXB,Normal_GTEX,1,0,2,1,3,2,2,4,2,3,2,2,4,1,2,5,3,3
GTEX-12BJ1-2026-SM-5FQUH,Normal_GTEX,1,2,2,1,1,0,1,1,4,1,3,0,1,5,5,1,0,0
GTEX-RVPU-0011-R4A-SM-2TF6X,Normal_GTEX,3,1,0,3,2,3,4,3,0,5,4,5,6,3,6,7,4,4
GTEX-XMK1-2226-SM-4B673,Normal_GTEX,1,0,2,1,1,0,1,1,4,1,1,0,2,0,5,3,6,6
GTEX-YB5K-2026-SM-4VDT3,Normal_GTEX,1,0,2,1,3,2,2,4,2,2,1,3,3,4,3,4,7,7
GTEX-QEG5-0008-SM-4R1KL,Normal_GTEX,3,2,2,4,1,0,5,1,3,6,3,4,7,5,0,8,5,5
GTEX-11ZU8-1126-SM-5EQ5K,Normal_GTEX,1,2,2,1,1,0,1,1,4,1,3,0,1,5,5,1,0,0
GTEX-OOBJ-0008-SM-3NB26,Normal_GTEX,3,2,2,4,1,0,5,1,3,6,1,4,7,2,0,8,5,5
GTEX-XMK1-1126-SM-4IHJ8,Normal_GTEX,1,2,2,1,1,0,1,1,4,1,1,0,2,0,5,3,6,6
GTEX-W5X1-2226-SM-5CHTP,Normal_GTEX,3,1,0,4,2,3,5,2,3,6,5,4,7,2,4,8,1,1
GTEX-Q2AH-0726-SM-2I3EA,Normal_GTEX,1,0,2,1,3,2,1,4,2,1,2,2,2,1,2,3,3,3
GTEX-YF7O-1726-SM-5IFJ9,Normal_GTEX,1,0,2,1,3,2,2,4,2,3,2,2,4,1,2,5,3,3
GTEX-OHPL-0126-SM-2HMJ7,Normal_GTEX,1,0,2,1,3,2,2,4,2,2,1,3,3,4,3,4,7,7
GTEX-13S86-0926-SM-5SI6I,Normal_GTEX,1,2,2,1,1,0,1,1,4,1,3,0,2,0,5,3,6,6
GTEX-WRHK-1026-SM-4MVOD,Normal_GTEX,1,0,2,1,3,2,2,4,2,3,2,2,4,1,2,5,3,3
GTEX-ZYVF-0826-SM-5E447,Normal_GTEX,1,2,2,1,1,0,1,1,4,1,3,0,1,5,0,1,0,0
GTEX-11ZUS-0006-SM-5O9AJ,Normal_GTEX,3,1,0,4,2,3,5,2,3,6,5,4,7,2,4,8,1,1
GTEX-14E7W-0006-SM-5N9GG,Normal_GTEX,3,1,0,4,2,3,5,2,3,6,5,4,7,2,4,8,1,1
GTEX-WHSE-0008-SM-4M1ZO,Normal_GTEX,3,2,2,4,1,0,5,1,3,6,1,4,7,0,0,8,5,5
GTEX-13W46-1826-SM-5K7VA,Normal_GTEX,1,2,2,1,1,0,1,1,4,1,3,0,1,5,0,1,0,0
GTEX-13NZB-2126-SM-5MR4Y,Normal_GTEX,1,0,2,1,3,2,1,4,2,1,3,0,2,5,5,3,0,6
GTEX-146FQ-0326-SM-5NQAX,Normal_GTEX,1,2,2,1,1,0,1,1,4,1,1,4,2,0,0,2,6,6
GTEX-ZF29-2226-SM-4WWB9,Normal_GTEX,1,2,2,1,1,0,1,1,4,1,1,0,2,0,5,3,6,6
GTEX-TSE9-3126-SM-4DXSY,Normal_GTEX,1,1,0,1,2,3,2,3,0,3,4,5,4,3,6,5,4,4
GTEX-12WSB-0426-SM-5BC6H,Normal_GTEX,1,2,2,1,1,0,1,1,4,1,1,0,2,0,3,3,6,6
GTEX-WY7C-1926-SM-4ONCI,Normal_GTEX,1,2,2,1,1,0,1,1,4,1,3,0,1,5,5,1,0,0
GTEX-XUJ4-0726-SM-4BOOP,Normal_GTEX,1,0,2,1,3,2,1,4,2,1,2,2,2,1,2,3,3,3
GTEX-R3RS-1026-SM-3GADF,Normal_GTEX,1,0,2,1,3,2,2,4,2,3,2,2,4,1,2,5,3,3
GTEX-WRHU-0008-SM-4MVPB,Normal_GTEX,3,2,2,4,1,0,5,1,3,6,1,4,7,2,0,8,5,5
GTEX-QLQ7-0126-SM-4R1JW,Normal_GTEX,1,2,0,1,1,3,2,1,4,3,2,2,4,1,2,5,5,5
GTEX-11EM3-0526-SM-5H12N,Normal_GTEX,1,2,2,1,1,0,1,1,4,1,3,0,1,5,0,1,0,0
TCGA-E2-A153-01,LumA,2,0,1,2,0,1,3,0,1,4,0,1,5,6,1,6,2,2
GTEX-13FTW-0926-SM-5J2NJ,Normal_GTEX,1,2,2,1,1,0,1,1,4,1,3,0,1,5,0,1,0,0
GTEX-RWSA-0008-SM-47JYX,Normal_GTEX,3,2,2,4,1,0,5,2,3,6,5,4,7,2,0,8,5,5
GTEX-11ZTT-2126-SM-5CVLO,Normal_GTEX,1,0,2,1,3,2,2,4,2,2,1,3,3,4,3,4,7,7
GTEX-XV7Q-2926-SM-4BRUL,Normal_GTEX,1,2,2,1,1,0,1,1,4,1,1,4,2,0,0,2,6,6
TCGA-D8-A1JJ-01,LumB,2,0,1,2,0,1,3,0,1,4,0,1,5,6,1,6,2,2
GTEX-139TS-2626-SM-5J1MT,Normal_GTEX,1,2,2,1,1,0,1,1,4,1,1,4,2,0,0,2,6,6
GTEX-OOBK-0226-SM-2YUMF,Normal_GTEX,1,2,2,1,1,0,1,1,4,1,1,0,2,0,5,3,6,6
GTEX-WY7C-0826-SM-4ONCG,Normal_GTEX,1,2,2,1,1,0,1,1,4,1,3,0,1,5,5,1,0,0
GTEX-13112-0426-SM-5PNVC,Normal_GTEX,1,2,2,1,1,0,1,1,4,1,3,0,2,5,0,2,0,0
GTEX-145MO-2626-SM-5QGPD,Normal_GTEX,1,2,2,1,1,0,1,1,4,1,3,0,1,5,5,1,0,0
GTEX-12BJ1-2126-SM-5BC5O,Normal_GTEX,1,0,2,1,3,2,2,4,2,3,2,2,4,1,2,5,3,3
GTEX-WHSE-0011-R7A-SM-3P5YZ,Normal_GTEX,3,1,0,3,2,3,4,3,0,5,4,5,6,3,6,7,4,4
GTEX-WYVS-0006-SM-3NMA7,Normal_GTEX,3,1,0,4,2,3,5,2,3,6,5,4,7,2,4,8,1,1
GTEX-UPIC-0826-SM-3GADQ,Normal_GTEX,1,0,2,1,3,2,2,4,2,3,2,2,4,1,2,5,3,3
GTEX-11DXX-1426-SM-5GIDU,Normal_GTEX,1,2,2,1,1,0,1,1,4,1,2,0,1,1,0,1,5,5
GTEX-1269C-0003-SM-5S2PB,Normal_GTEX,3,1,0,4,2,3,5,2,3,6,5,4,7,2,4,8,1,1
GTEX-XGQ4-1826-SM-4AT6F,Normal_GTEX,1,0,2,1,3,2,1,4,2,1,2,2,1,1,2,1,3,3
GTEX-P78B-1926-SM-3P616,Normal_GTEX,1,2,2,1,1,0,1,1,4,1,2,0,1,1,0,1,5,5
GTEX-OXRN-1426-SM-3LK5U,Normal_GTEX,1,2,2,1,1,0,1,1,4,1,1,0,2,0,3,3,6,6
GTEX-Z9EW-0926-SM-5CVMM,Normal_GTEX,1,0,2,1,3,2,2,4,2,3,2,2,4,1,2,5,3,3
GTEX-P44G-0011-R10A-SM-2I3FF,Normal_GTEX,3,1,0,3,2,3,4,3,0,5,4,5,6,3,6,7,4,4
GTEX-P4PP-0126-SM-3LK69,Normal_GTEX,1,0,2,1,3,2,2,4,2,2,1,3,3,4,3,4,7,7
GTEX-S341-1526-SM-4AD6K,Normal_GTEX,1,0,2,1,3,2,1,4,2,1,1,0,2,0,5,3,6,6
GTEX-13NYS-0326-SM-5MR4L,Normal_GTEX,1,2,2,1,1,0,1,1,4,1,1,4,2,0,0,2,6,6
GTEX-13N11-2926-SM-5K7VD,Normal_GTEX,1,2,2,1,1,0,1,1,4,1,3,0,1,5,0,1,0,0
GTEX-XUJ4-1726-SM-4BONW,Normal_GTEX,1,2,2,1,1,0,1,1,4,1,3,0,2,0,5,3,6,6
GTEX-11ZU8-2526-SM-5EQKI,Normal_GTEX,1,0,2,1,3,2,2,4,2,2,1,3,3,4,3,4,7,7
GTEX-11EMC-2826-SM-5PNY6,Normal_GTEX,1,2,2,1,1,0,1,1,4,1,1,0,2,0,5,3,6,6
GTEX-YFC4-0011-R1a-SM-4V6EH,Normal_GTEX,3,1,0,3,2,3,4,3,0,5,4,5,6,3,6,7,4,4
GTEX-YECK-1926-SM-4W21H,Normal_GTEX,1,0,2,1,3,2,2,4,2,3,2,2,4,1,2,5,3,3
GTEX-ZXES-1426-SM-5NQ8S,Normal_GTEX,1,0,2,1,3,2,2,4,2,3,2,2,4,1,2,5,3,3
GTEX-11GS4-2926-SM-5A5LF,Normal_GTEX,1,2,2,1,1,0,1,1,4,1,3,0,1,5,0,1,0,0
GTEX-1399S-2426-SM-5K7U3,Normal_GTEX,1,2,2,1,1,0,1,1,4,1,1,0,2,0,3,3,6,6
GTEX-WEY5-2326-SM-3GIKK,Normal_GTEX,1,0,2,1,3,2,2,4,2,2,1,3,3,4,3,4,7,7
TCGA-C8-A12T-01,Her2,2,0,1,2,0,1,3,0,1,4,0,1,5,6,1,6,2,2
GTEX-WFON-1526-SM-4LVMP,Normal_GTEX,1,2,2,1,1,0,1,1,4,1,3,0,1,5,5,1,0,0
GTEX-1399R-0626-SM-5K7UZ,Normal_GTEX,1,2,2,1,1,0,1,1,4,1,3,0,1,5,0,1,0,0
GTEX-131XH-0011-R10a-SM-5EGLJ,Normal_GTEX,3,1,0,3,2,3,4,3,0,5,4,5,6,3,6,7,4,4
GTEX-XPVG-2126-SM-4B667,Normal_GTEX,1,0,2,1,3,2,2,4,2,2,1,3,3,4,3,4,7,7
GTEX-RTLS-0526-SM-2TF64,Normal_GTEX,1,2,2,1,1,0,1,1,4,1,1,4,2,0,0,2,6,6
TCGA-A8-A079-01,LumB,2,0,1,2,0,1,3,0,1,4,0,1,5,6,1,6,2,2
GTEX-Y8E5-0006-SM-47JWQ,Normal_GTEX,3,1,0,4,2,3,5,2,3,6,5,4,7,2,4,8,1,1
TCGA-BH-A204-01,LumB,2,1,1,2,0,1,3,0,1,4,0,1,5,6,1,6,2,2
GTEX-13G51-0526-SM-5IJCQ,Normal_GTEX,1,2,2,1,1,0,1,1,4,1,1,0,2,0,5,3,6,6
TCGA-BH-A0B4-01,LumA,2,0,1,2,0,1,3,0,1,4,0,1,5,6,1,6,2,2
GTEX-XGQ4-2526-SM-4AT57,Normal_GTEX,1,2,2,1,1,0,1,1,4,1,1,0,2,0,3,3,6,6
GTEX-147JS-1226-SM-5RQK4,Normal_GTEX,1,0,2,1,3,2,2,4,2,3,2,2,4,1,2,5,3,3
GTEX-S4Q7-0626-SM-4AD5M,Normal_GTEX,1,0,2,1,3,2,2,4,2,2,1,3,3,4,3,4,7,7
GTEX-13QBU-0926-SM-5K7WQ,Normal_GTEX,1,2,2,1,1,0,1,1,4,1,3,0,1,5,5,1,0,0
GTEX-SIU7-0226-SM-4BRX2,Normal_GTEX,1,2,2,1,1,0,1,1,4,1,3,0,1,0,0,1,6,0
GTEX-X638-0008-SM-47JZ7,Normal_GTEX,3,2,2,4,1,0,5,1,3,6,1,4,7,0,0,8,5,5
GTEX-13N2G-0011-R2a-SM-5MR4Q,Normal_GTEX,3,1,0,3,2,3,4,3,0,5,4,5,6,3,6,7,4,4
GTEX-ZYWO-2826-SM-5GIDY,Normal_GTEX,1,2,2,1,1,0,1,1,4,1,3,0,1,5,0,1,0,0
GTEX-1128S-2726-SM-5H12C,Normal_GTEX,3,1,0,3,2,3,4,3,0,5,4,5,6,3,6,7,4,4
GTEX-QEG5-0726-SM-4R1JQ,Normal_GTEX,1,0,2,1,3,2,1,4,2,1,2,0,2,1,5,3,3,6
TCGA-GM-A2DM-01,LumA,2,0,1,2,0,1,3,0,1,4,0,1,5,6,1,6,2,2
GTEX-YB5E-1826-SM-5IFI4,Normal_GTEX,1,0,2,1,3,2,1,4,2,1,2,2,1,1,2,1,3,3
GTEX-ZZPU-0926-SM-5GZYT,Normal_GTEX,1,2,2,1,1,0,1,1,4,1,3,0,2,5,0,2,0,0
GTEX-145LU-1326-SM-5LU9N,Normal_GTEX,1,0,2,1,3,2,2,4,2,3,2,2,4,1,2,5,3,3
GTEX-131XF-0726-SM-5GIE5,Normal_GTEX,1,2,2,1,1,0,1,1,4,1,2,0,2,0,5,3,6,6
GTEX-11ZVC-0011-R4a-SM-5BC6Z,Normal_GTEX,3,1,0,3,2,3,4,3,0,5,4,5,6,3,6,7,4,4
GTEX-11GSO-0011-R3b-SM-57WB2,Normal_GTEX,3,1,0,3,2,3,4,3,0,5,4,5,6,3,6,7,4,4
GTEX-131XF-1226-SM-5HL8V,Normal_GTEX,1,0,2,1,3,2,2,4,2,3,2,2,4,1,2,5,3,3
TCGA-D8-A1XL-01,LumB,2,0,1,2,0,1,3,0,1,4,0,1,5,6,1,6,2,2
GTEX-ZDTT-1026-SM-5KM19,Normal_GTEX,1,1,0,1,2,3,2,4,3,3,2,2,4,1,2,5,3,3
GTEX-ZE9C-2526-SM-5IJDR,Normal_GTEX,1,0,2,1,3,2,2,4,2,2,1,3,3,4,3,4,7,7
GTEX-11TT1-1526-SM-5EQKU,Normal_GTEX,1,2,2,1,1,0,1,1,4,1,3,0,1,5,0,1,0,0
GTEX-XBED-0526-SM-47JY3,Normal_GTEX,1,2,2,1,1,0,1,1,4,1,3,0,2,5,0,2,0,0
GTEX-11ZUS-2626-SM-5FQUR,Normal_GTEX,1,0,2,1,3,2,2,4,2,2,1,3,3,4,3,4,7,7
GTEX-WVLH-2926-SM-3MJG5,Normal_GTEX,3,1,0,3,2,3,4,3,0,5,4,5,6,3,6,7,4,4
TCGA-E9-A1N9-11,Normal_TCGA,1,0,1,1,0,1,1,0,1,1,0,1,2,6,1,3,2,2
GTEX-146FR-1626-SM-5Q5DS,Normal_GTEX,1,2,2,1,1,0,1,1,4,1,3,0,1,5,0,1,0,0
GTEX-145MN-1726-SM-5SIA6,Normal_GTEX,1,0,2,1,3,2,2,4,2,3,2,2,4,1,2,5,3,3
GTEX-ZE7O-3026-SM-51MS4,Normal_GTEX,1,2,2,1,1,0,1,1,4,1,3,0,1,5,5,1,0,0
TCGA-D8-A27H-01,Basal,2,0,1,2,0,1,3,0,1,4,0,1,5,6,1,6,2,2
GTEX-13FTZ-0226-SM-5K7X6,Normal_GTEX,1,2,2,1,1,0,1,1,4,1,3,0,2,5,0,2,0,0
GTEX-ZXG5-0008-SM-57WDB,Normal_GTEX,3,2,2,4,1,0,5,1,3,6,1,4,7,0,0,8,5,5
GTEX-12WSH-2526-SM-5CVNH,Normal_GTEX,1,2,2,1,1,0,1,1,4,1,1,4,2,0,0,2,6,6
GTEX-YEC3-1926-SM-4WWF5,Normal_GTEX,1,2,2,1,1,0,1,1,4,1,3,0,1,5,5,1,0,0
GTEX-RVPU-0011-R8A-SM-5SI8I,Normal_GTEX,3,1,0,3,2,3,4,3,0,5,4,5,6,3,6,7,4,4
GTEX-U3ZH-0326-SM-4WWDX,Normal_GTEX,1,2,2,1,1,0,1,1,4,1,3,0,2,5,0,2,0,0
GTEX-12ZZX-0011-R3b-SM-5EGLH,Normal_GTEX,3,1,0,3,2,3,4,3,0,5,4,5,6,3,6,7,4,4
GTEX-11OF3-0826-SM-5BC51,Normal_GTEX,1,2,2,1,1,0,1,1,4,1,2,0,2,0,5,3,6,6
GTEX-1313W-0011-R2a-SM-5EGLF,Normal_GTEX,3,1,0,3,2,3,4,3,0,5,4,5,6,3,6,7,4,4
GTEX-12WSM-0008-SM-5S2VD,Normal_GTEX,3,2,2,4,1,0,5,1,3,6,1,4,7,0,0,8,5,5
GTEX-13O3Q-0011-R1b-SM-5KM3L,Normal_GTEX,3,1,0,3,2,3,4,3,0,5,4,5,6,3,6,7,4,4
GTEX-11DXZ-2426-SM-5N9DT,Normal_GTEX,1,2,2,1,1,0,1,1,4,1,1,4,2,0,0,2,6,6
GTEX-11EI6-2626-SM-5PNVT,Normal_GTEX,1,2,2,1,1,0,1,1,4,1,3,0,1,5,5,1,0,0
TCGA-BH-A18J-01,LumA,2,0,1,2,0,1,3,0,1,4,0,1,5,6,1,6,2,2
GTEX-YF7O-1926-SM-4W1YQ,Normal_GTEX,1,0,2,1,3,2,1,4,2,1,2,2,1,1,2,1,3,3
GTEX-T5JC-1226-SM-4DM7C,Normal_GTEX,1,2,2,1,1,0,1,1,4,1,3,0,1,5,5,1,0,0
GTEX-11OC5-0426-SM-5Q5AR,Normal_GTEX,1,2,2,1,1,0,1,1,4,1,3,0,1,5,0,1,0,0
GTEX-W5WG-1526-SM-4LMIG,Normal_GTEX,1,2,2,1,1,0,1,1,4,1,3,0,1,5,5,1,0,0
GTEX-12696-2426-SM-5EQ6H,Normal_GTEX,1,0,2,1,3,2,2,4,2,2,1,3,3,4,3,4,7,7
GTEX-XLM4-3026-SM-4AT6L,Normal_GTEX,3,1,0,3,2,3,4,3,0,5,4,5,6,3,6,7,4,4
GTEX-P4PQ-2626-SM-5SI7K,Normal_GTEX,1,0,2,1,3,2,1,4,2,1,2,2,2,1,2,3,3,3
GTEX-ZLFU-0826-SM-4WWBP,Normal_GTEX,1,2,0,1,1,3,2,1,4,3,2,2,4,1,2,5,5,5
GTEX-PX3G-3026-SM-48TZR,Normal_GTEX,1,2,2,1,1,0,1,1,4,1,3,0,1,5,0,1,0,0
GTEX-ZAJG-0126-SM-5HL94,Normal_GTEX,1,0,2,1,3,2,2,4,2,2,1,3,3,4,3,4,7,7
TCGA-AR-A0TZ-01,LumA,2,0,1,2,0,1,3,0,1,4,0,1,5,6,1,6,2,2
GTEX-WEY5-2026-SM-3GILE,Normal_GTEX,1,2,2,1,1,0,1,1,4,1,1,4,2,0,0,2,6,6
GTEX-ZF2S-1026-SM-4WWB1,Normal_GTEX,1,2,2,1,1,0,1,1,4,1,3,0,2,5,0,2,0,0
GTEX-PLZ6-0426-SM-5IJDW,Normal_GTEX,1,0,2,1,3,2,2,4,2,3,2,2,4,1,2,5,3,3
GTEX-131XW-2226-SM-5PNY1,Normal_GTEX,1,2,2,1,1,0,1,1,4,1,3,0,1,5,0,1,0,0
GTEX-14DAQ-1426-SM-5RQJD,Normal_GTEX,1,0,2,1,3,2,2,4,2,2,1,3,3,4,3,4,7,7
GTEX-13S86-0226-SM-5S2PJ,Normal_GTEX,1,2,2,1,1,0,1,1,4,1,3,0,2,5,0,2,0,0
TCGA-AO-A0J7-01,LumB,2,0,1,2,0,1,3,0,1,4,0,1,5,6,1,6,2,2
GTEX-146FR-1826-SM-5QGPF,Normal_GTEX,1,2,2,1,1,0,1,1,4,1,1,0,2,0,5,3,6,6
TCGA-D8-A1XY-01,LumA,2,0,1,2,0,1,3,0,1,4,0,1,5,6,1,6,2,2
GTEX-12WSI-0011-R11b-SM-5P9EZ,Normal_GTEX,3,1,0,3,2,3,4,3,0,5,4,5,6,3,6,7,4,4
GTEX-OXRO-2026-SM-2YUMZ,Normal_GTEX,1,2,2,1,1,0,1,1,4,1,3,0,2,5,0,2,0,0
GTEX-N7MS-0011-R4a-SM-2HMKW,Normal_GTEX,3,1,0,3,2,3,4,3,0,5,4,5,6,3,6,7,4,4
GTEX-XLM4-0426-SM-4AT54,Normal_GTEX,1,2,2,1,1,0,1,1,4,1,3,0,1,5,0,1,0,0
GTEX-ZTTD-1726-SM-57WEL,Normal_GTEX,1,1,0,1,2,3,2,4,3,3,2,2,4,1,2,5,3,3
GTEX-132NY-2726-SM-5PNY2,Normal_GTEX,1,2,2,1,1,0,1,1,4,1,3,0,1,5,5,1,0,0
GTEX-13OW5-2326-SM-5L3HO,Normal_GTEX,1,0,2,1,3,2,2,4,2,2,1,3,3,4,3,4,7,7
GTEX-131YS-3026-SM-5EGHY,Normal_GTEX,3,1,0,3,2,3,4,3,0,5,4,5,6,3,6,7,4,4
GTEX-WHWD-0426-SM-3LK83,Normal_GTEX,1,2,2,1,1,0,1,1,4,1,3,0,2,5,0,2,0,0
GTEX-11LCK-2226-SM-5HL4Q,Normal_GTEX,1,0,2,1,3,2,2,4,2,2,1,3,3,4,3,4,7,7
GTEX-TML8-1326-SM-4DXTO,Normal_GTEX,1,0,2,1,3,2,2,4,2,3,2,2,4,1,2,5,3,3
GTEX-139YR-2226-SM-5IFFW,Normal_GTEX,1,0,2,1,3,2,2,4,2,3,2,2,4,1,2,5,3,3
GTEX-139TU-1326-SM-5LZXW,Normal_GTEX,1,2,2,1,1,0,1,1,4,1,3,0,1,5,5,1,0,0
GTEX-1399S-0006-SM-5NQ7U,Normal_GTEX,3,1,0,4,2,3,5,2,3,6,5,4,7,2,4,8,1,1
GTEX-148VJ-2626-SM-5QGPI,Normal_GTEX,1,2,2,1,1,0,1,1,4,1,3,0,1,5,5,1,0,0
GTEX-YF7O-0008-SM-4W1ZS,Normal_GTEX,3,2,2,4,1,0,5,2,3,6,3,4,7,2,0,8,5,5
GTEX-12WSN-1826-SM-5LZUT,Normal_GTEX,1,2,2,1,1,0,1,1,4,1,3,0,1,5,5,1,0,0
GTEX-Q2AG-1326-SM-43V8K,Normal_GTEX,1,0,2,1,3,2,2,4,2,2,1,3,3,4,3,4,7,7
GTEX-OHPK-1326-SM-3MJGN,Normal_GTEX,1,1,0,1,2,3,2,1,4,3,2,2,4,1,2,5,3,5
GTEX-PLZ6-1726-SM-2S1O6,Normal_GTEX,1,2,2,1,1,0,1,1,4,1,1,0,2,0,3,3,6,6
GTEX-ZVP2-2226-SM-5GU6Q,Normal_GTEX,1,2,2,1,1,0,1,1,4,1,3,0,1,5,0,1,0,0
TCGA-A2-A0YH-01,LumB,2,0,1,2,0,1,3,0,1,4,0,1,5,6,1,6,2,2
GTEX-XXEK-1826-SM-4BRVC,Normal_GTEX,1,2,2,1,1,0,1,1,4,1,3,0,1,5,5,1,0,0
GTEX-131XW-0526-SM-5PNXZ,Normal_GTEX,1,2,2,1,1,0,1,1,4,1,1,0,2,0,5,3,6,6
TCGA-D8-A13Y-01,LumB,2,0,1,2,0,1,3,0,1,4,0,1,5,6,1,6,2,2
GTEX-11EM3-0626-SM-5H12Z,Normal_GTEX,1,2,2,1,1,0,1,1,4,1,3,0,2,5,0,2,0,0
GTEX-ZPIC-1626-SM-57WEB,Normal_GTEX,1,2,2,1,1,0,1,1,4,1,3,0,1,5,5,1,0,0
GTEX-11EMC-3026-SM-5EQ4R,Normal_GTEX,1,2,2,1,1,0,1,1,4,1,3,0,1,5,0,1,0,0
GTEX-YB5E-2326-SM-5IFIJ,Normal_GTEX,1,2,2,1,1,0,1,1,4,1,1,0,2,0,3,3,6,6
GTEX-147F3-0126-SM-5NQBJ,Normal_GTEX,1,1,0,1,2,3,2,4,3,3,2,2,4,1,2,5,3,3
GTEX-RUSQ-0326-SM-47JWS,Normal_GTEX,1,2,2,1,1,0,1,1,4,1,3,0,1,5,0,1,0,0
GTEX-11I78-2326-SM-5Q5AH,Normal_GTEX,1,2,2,1,1,0,1,1,4,1,3,0,1,5,0,1,0,0
GTEX-WYVS-2326-SM-3NMAI,Normal_GTEX,1,2,2,1,1,0,1,1,4,1,1,4,2,0,0,2,6,6
GTEX-PW2O-0126-SM-48TC8,Normal_GTEX,1,1,0,1,2,3,2,2,3,3,2,2,4,1,2,5,3,3
TCGA-E2-A10A-01,LumA,2,0,1,2,0,1,3,0,1,4,0,1,5,6,1,6,2,2
GTEX-U3ZN-0726-SM-4DXT5,Normal_GTEX,1,2,2,1,1,0,1,1,4,1,3,0,1,5,5,1,0,0
GTEX-13O3O-0926-SM-5KM1F,Normal_GTEX,1,0,2,1,3,2,1,4,2,1,2,2,2,1,2,3,3,3
GTEX-13113-1826-SM-5LZW4,Normal_GTEX,1,2,2,1,1,0,1,1,4,1,1,0,2,0,5,3,6,6
GTEX-1211K-2026-SM-5EQ4Z,Normal_GTEX,1,0,2,1,3,2,2,4,2,2,1,3,3,4,3,4,7,7
GTEX-11P81-0226-SM-5HL5M,Normal_GTEX,1,0,2,1,3,2,2,4,2,3,2,2,4,1,2,5,3,3
GTEX-13JUV-0011-R1a-SM-5LZY4,Normal_GTEX,3,1,0,3,2,3,4,3,0,5,4,5,6,3,6,7,4,4
GTEX-131XE-2226-SM-5PNYX,Normal_GTEX,1,2,2,1,1,0,1,1,4,1,3,0,1,5,5,1,0,0
GTEX-139UW-2826-SM-5L3E7,Normal_GTEX,1,0,2,1,3,2,2,4,2,2,1,3,3,4,3,4,7,7
GTEX-1399T-0011-R2b-SM-5DUXM,Normal_GTEX,3,1,0,3,2,3,4,3,0,5,4,5,6,3,6,7,4,4
GTEX-11ZVC-2626-SM-5FQTA,Normal_GTEX,1,2,2,1,1,0,1,1,4,1,1,0,2,0,5,3,6,6
GTEX-ZA64-1026-SM-5HL8R,Normal_GTEX,1,0,2,1,3,2,2,4,2,2,1,3,3,4,3,4,7,7
GTEX-ZTX8-0006-SM-4YCE4,Normal_GTEX,3,1,0,4,2,3,5,2,3,6,5,4,7,2,4,8,1,1
TCGA-C8-A12P-01,Her2,2,0,1,2,0,1,3,0,1,4,0,1,5,6,1,6,2,2
GTEX-ZG7Y-0003-SM-4WWEJ,Normal_GTEX,3,1,0,4,2,3,5,2,3,6,5,4,7,2,4,8,1,1
GTEX-145LS-1826-SM-5LUAZ,Normal_GTEX,1,0,2,1,3,2,2,4,2,2,1,3,3,4,3,4,7,7
TCGA-BH-A0BJ-11,Normal_TCGA,1,0,1,1,0,1,1,0,1,1,0,1,2,6,1,3,2,2
GTEX-ZGAY-1026-SM-4WWBR,Normal_GTEX,1,0,2,1,3,2,1,4,2,1,2,2,2,1,2,3,3,3
GTEX-ZUA1-0626-SM-4YCCW,Normal_GTEX,1,2,2,1,1,0,1,1,4,1,3,0,1,5,0,1,0,0
GTEX-XXEK-1426-SM-4BRW1,Normal_GTEX,1,2,2,1,1,0,1,1,4,1,3,0,2,0,5,3,6,6
GTEX-YB5E-0005-SM-4VDSO,Normal_GTEX,3,1,0,4,2,3,5,2,3,6,5,4,7,2,4,8,1,1
GTEX-145ME-0626-SM-5O99Q,Normal_GTEX,1,2,2,1,1,0,1,1,4,1,3,0,1,5,5,1,0,0
GTEX-XV7Q-2526-SM-4BRV9,Normal_GTEX,1,2,2,1,3,2,2,4,2,2,1,3,3,4,3,4,7,7
GTEX-YJ8O-2426-SM-5HL7S,Normal_GTEX,1,2,2,1,1,0,1,1,4,1,1,0,2,0,5,3,6,6
GTEX-TKQ1-1326-SM-4DXU7,Normal_GTEX,1,2,2,1,1,0,1,1,4,1,1,0,2,0,3,3,6,6
GTEX-YEC4-2426-SM-57WFO,Normal_GTEX,1,2,2,1,1,0,1,1,4,1,1,0,2,0,5,3,6,6
GTEX-SIU7-0926-SM-4BRX1,Normal_GTEX,1,0,2,1,3,2,2,4,2,3,2,2,4,1,2,5,3,3
GTEX-X4XY-0826-SM-4E3JM,Normal_GTEX,1,0,2,1,3,2,1,4,2,1,2,2,2,1,2,3,3,3
TCGA-D8-A1JI-01,LumB,2,0,1,2,0,1,3,0,1,4,0,1,5,6,1,6,2,2
GTEX-12584-0326-SM-59HK2,Normal_GTEX,1,2,2,1,1,0,1,1,4,1,1,0,2,0,3,3,6,6
GTEX-RUSQ-2126-SM-47JXK,Normal_GTEX,1,0,0,1,3,2,2,3,2,3,4,5,4,3,6,5,4,4
GTEX-13O61-2526-SM-5J1O8,Normal_GTEX,1,2,2,1,1,0,1,1,4,1,3,0,1,5,0,1,0,0
GTEX-XOTO-0011-R7B-SM-4B64R,Normal_GTEX,3,1,0,3,2,3,4,3,0,5,4,5,6,3,6,7,4,4
GTEX-ZVZP-2526-SM-57WBR,Normal_GTEX,1,2,2,1,1,0,1,1,4,1,1,4,2,0,0,2,6,6
GTEX-117XS-2726-SM-5N9BL,Normal_GTEX,1,0,2,1,3,2,2,4,2,2,1,3,3,4,3,4,7,7
GTEX-12WSD-0011-R10b-SM-5GU79,Normal_GTEX,3,1,0,3,2,3,4,3,0,5,4,5,6,3,6,7,4,4
GTEX-13X6H-1426-SM-5SI91,Normal_GTEX,1,2,2,1,1,0,1,1,4,1,3,0,1,5,5,1,0,0
GTEX-N7MS-0011-R6a-SM-2HMJ4,Normal_GTEX,3,1,0,3,2,3,4,3,0,5,4,5,6,3,6,7,4,4
GTEX-UPK5-2026-SM-4JBIM,Normal_GTEX,1,0,0,1,3,3,2,4,2,3,2,2,4,1,2,5,3,3
GTEX-XK95-0005-SM-4AT4S,Normal_GTEX,3,1,0,4,2,3,5,2,3,6,5,4,7,2,4,8,1,1
GTEX-OXRK-0526-SM-2YUMW,Normal_GTEX,1,2,2,1,1,0,1,1,4,1,3,0,1,5,0,1,0,0
GTEX-11TT1-2326-SM-5GU6N,Normal_GTEX,1,2,2,1,1,0,1,1,4,1,1,4,2,0,0,2,6,6
GTEX-14ICL-1926-SM-5RQIZ,Normal_GTEX,1,2,2,1,1,0,1,1,4,1,1,4,2,0,0,2,6,6
GTEX-13NYB-1026-SM-5IFH3,Normal_GTEX,1,0,2,1,3,2,2,4,2,3,2,2,4,1,2,5,3,3
GTEX-ZT9X-0326-SM-51MTE,Normal_GTEX,1,0,2,1,3,2,2,4,2,3,2,2,4,1,2,5,3,3
GTEX-T8EM-0126-SM-4DM5R,Normal_GTEX,1,0,0,1,3,2,2,3,2,3,4,5,4,3,6,5,4,4
GTEX-Y8LW-2026-SM-4V6G8,Normal_GTEX,1,2,2,1,1,0,1,1,4,1,1,4,2,0,0,2,6,6
GTEX-11TT1-1126-SM-5P9GV,Normal_GTEX,1,0,2,1,3,2,1,4,2,1,2,2,2,1,2,3,3,3
GTEX-YJ8O-2626-SM-5HL8H,Normal_GTEX,1,2,2,1,1,0,1,1,4,1,1,0,2,0,3,3,6,6
GTEX-X15G-0426-SM-4PQZ6,Normal_GTEX,1,2,2,1,1,0,1,1,4,1,3,0,2,5,0,2,0,0
GTEX-WQUQ-1426-SM-3MJFD,Normal_GTEX,1,2,2,1,1,0,1,1,4,1,3,0,2,5,0,2,0,0
GTEX-WY7C-2826-SM-3NB3Q,Normal_GTEX,1,2,2,1,1,0,1,1,4,1,3,0,1,5,0,1,0,0
TCGA-D8-A1Y0-01,LumA,2,0,1,2,0,1,3,0,1,4,0,1,5,6,1,6,2,2
GTEX-WOFM-0005-SM-3MJF3,Normal_GTEX,3,1,0,4,2,3,5,2,3,6,5,4,7,2,4,8,1,1
GTEX-13S7M-0011-R5b-SM-5P9HS,Normal_GTEX,3,1,0,3,2,3,4,3,0,5,4,5,6,3,6,7,4,4
GTEX-13OVI-0626-SM-5IJCN,Normal_GTEX,1,2,2,1,1,0,1,1,4,1,3,0,1,5,0,1,0,0
TCGA-EW-A1PG-01,Normal,2,0,1,2,0,1,3,0,1,4,0,1,5,6,1,6,2,2
TCGA-E9-A1RH-01,Her2,2,0,1,2,0,1,3,0,1,4,0,1,5,6,1,6,2,2
GTEX-S3XE-0926-SM-4AD4S,Normal_GTEX,1,0,2,1,3,2,2,4,2,2,1,3,3,4,3,4,7,7
GTEX-ZAB5-2126-SM-5K7UN,Normal_GTEX,1,2,2,1,1,0,1,1,4,1,1,4,2,0,0,2,6,6
GTEX-ZP4G-0626-SM-4WWF1,Normal_GTEX,1,2,2,1,1,0,1,1,4,1,3,0,1,5,0,1,5,5
GTEX-VUSG-0006-SM-3GIK9,Normal_GTEX,3,1,0,4,2,3,5,2,3,6,5,4,7,2,4,8,1,1
GTEX-P4QT-1726-SM-2S1NQ,Normal_GTEX,1,2,2,1,1,0,1,1,4,1,1,0,2,0,3,3,6,6
GTEX-12126-0011-R10b-SM-5BC6T,Normal_GTEX,3,1,0,3,2,3,4,3,0,5,4,5,6,3,6,7,4,4
GTEX-14C39-1726-SM-5RQIL,Normal_GTEX,1,0,2,1,3,2,2,4,2,2,1,3,3,4,3,4,7,7
GTEX-OIZI-0726-SM-2XCEI,Normal_GTEX,1,0,2,1,3,2,1,4,2,1,2,2,2,1,2,3,3,3
GTEX-ZYFD-1026-SM-5E43Z,Normal_GTEX,1,2,2,1,1,0,1,1,4,1,3,0,1,5,5,1,0,6
GTEX-QVJO-0011-R1A-SM-2S1QI,Normal_GTEX,3,1,0,3,2,3,4,3,0,5,4,5,6,3,6,7,4,4
TCGA-AR-A2LH-01,Normal,2,0,1,2,0,1,3,0,1,4,0,1,5,6,1,6,2,2
GTEX-11ZTS-0826-SM-5EQ49,Normal_GTEX,1,2,2,1,1,0,1,1,4,1,3,0,1,5,0,1,0,0
GTEX-UPK5-0008-SM-4IHJD,Normal_GTEX,3,2,2,4,1,0,5,1,3,6,1,4,7,0,0,8,5,5
GTEX-11O72-1026-SM-5986B,Normal_GTEX,1,2,2,1,1,0,1,1,4,1,3,0,2,5,0,2,0,0
GTEX-13SLX-1726-SM-5Q5E5,Normal_GTEX,1,0,2,1,3,2,2,4,2,2,1,3,3,4,3,4,7,7
GTEX-XMD1-0011-R2B-SM-4AT5N,Normal_GTEX,3,1,0,3,2,3,4,3,0,5,4,5,6,3,6,7,4,4
GTEX-13FH7-1426-SM-5IFIC,Normal_GTEX,1,0,2,1,3,2,2,4,2,3,2,2,4,1,2,5,3,3
GTEX-Y8E4-0226-SM-4VBQ3,Normal_GTEX,1,2,2,1,1,0,1,1,4,1,3,0,1,5,0,1,0,0
GTEX-RU72-0011-R11A-SM-2TF6J,Normal_GTEX,3,1,0,3,2,3,4,3,0,5,4,5,6,3,6,7,4,4
GTEX-11UD1-0011-R3a-SM-5BC6S,Normal_GTEX,3,1,0,3,2,3,4,3,0,5,4,5,6,3,6,7,4,4
GTEX-11VI4-0006-SM-5N9D8,Normal_GTEX,3,1,0,4,2,3,5,2,3,6,5,4,7,2,4,8,1,1
TCGA-BH-A0AZ-11,Normal_TCGA,1,0,1,1,0,1,1,0,1,1,0,1,2,6,1,3,2,2
GTEX-WVJS-0826-SM-4MVNR,Normal_GTEX,1,0,2,1,3,2,2,4,2,3,2,2,4,1,2,5,3,3
GTEX-NFK9-0008-SM-4E3JE,Normal_GTEX,3,2,2,4,1,0,5,2,3,6,5,4,7,2,0,8,5,5
GTEX-XOTO-0011-R1B-SM-4B65C,Normal_GTEX,3,1,0,3,2,3,4,3,0,5,4,5,6,3,6,7,4,4
GTEX-1211K-0226-SM-59HJY,Normal_GTEX,1,2,2,1,1,0,1,1,4,1,3,0,2,5,0,2,0,0
GTEX-WL46-0726-SM-3LK5Z,Normal_GTEX,1,2,2,1,1,0,1,1,4,1,3,0,2,5,0,2,0,0
GTEX-Q2AI-1126-SM-48U19,Normal_GTEX,1,0,2,1,3,2,1,4,2,1,2,2,1,1,2,1,3,3
GTEX-13O3O-0011-R1b-SM-5KM2K,Normal_GTEX,3,1,0,3,2,3,4,3,0,5,4,5,6,3,6,7,4,4
GTEX-ZF2S-1926-SM-4WWAN,Normal_GTEX,1,0,2,1,3,2,2,4,2,3,2,2,4,1,2,5,3,3
GTEX-14753-0011-R5a-SM-5S2VW,Normal_GTEX,3,1,0,3,2,3,4,3,0,5,4,5,6,3,6,7,4,4
GTEX-VUSG-1026-SM-4KKZN,Normal_GTEX,1,2,2,1,1,0,1,1,4,1,3,0,1,5,5,1,0,0
GTEX-12WSN-0926-SM-5GCN1,Normal_GTEX,1,2,0,1,2,3,2,1,4,3,2,2,4,1,2,5,5,5
GTEX-Y9LG-1826-SM-4VBQC,Normal_GTEX,1,0,2,1,3,2,1,4,2,1,2,2,1,1,2,1,3,3
GTEX-13S7M-2226-SM-5S2WB,Normal_GTEX,1,2,2,1,1,0,1,1,4,1,3,0,1,5,0,1,0,0
GTEX-13RTJ-0626-SM-5S2NB,Normal_GTEX,1,2,2,1,1,0,1,1,4,1,3,0,1,5,0,1,0,0
GTEX-QXCU-1726-SM-2TC6L,Normal_GTEX,1,2,2,1,1,0,1,1,4,1,1,4,2,0,0,2,6,6
GTEX-132AR-1126-SM-5P9GA,Normal_GTEX,1,0,2,1,3,2,1,4,2,1,2,2,2,1,2,3,3,3
GTEX-14A5I-1326-SM-5SIAQ,Normal_GTEX,1,2,2,1,1,0,1,1,4,1,3,0,1,5,0,1,0,0
GTEX-13FTX-2026-SM-5L3D6,Normal_GTEX,1,2,2,1,1,0,1,1,4,1,1,4,2,0,0,2,6,6
GTEX-12WS9-2826-SM-5FQU9,Normal_GTEX,3,1,0,3,2,3,4,3,0,5,4,5,6,3,6,7,4,4
GTEX-ZLFU-2026-SM-4WWG2,Normal_GTEX,1,0,0,1,3,2,2,4,2,3,2,5,4,1,6,5,3,4
GTEX-145LS-0011-R3a-SM-5S2VJ,Normal_GTEX,3,1,0,3,2,3,4,3,0,5,4,5,6,3,6,7,4,4
GTEX-YJ8O-1026-SM-5CVM5,Normal_GTEX,1,2,2,1,1,0,1,1,4,1,4,0,1,3,0,1,5,5
TCGA-AO-A03L-01,LumA,2,0,1,2,0,1,3,0,1,4,0,1,5,6,1,6,2,2
GTEX-12WSE-0005-SM-5NQAE,Normal_GTEX,3,1,0,4,2,3,5,2,3,6,5,4,7,2,4,8,1,1
GTEX-SUCS-0426-SM-5CHT6,Normal_GTEX,3,1,0,4,2,3,5,2,3,6,5,4,7,2,4,8,1,1
GTEX-R55E-0011-R8A-SM-2TC66,Normal_GTEX,3,1,0,3,2,3,4,3,0,5,4,5,6,3,6,7,4,4
GTEX-111FC-1126-SM-5GZWU,Normal_GTEX,1,0,2,1,3,2,2,4,2,3,2,2,4,1,2,5,3,3
GTEX-WRHK-1426-SM-3MJF9,Normal_GTEX,1,0,2,1,3,2,2,4,2,2,1,3,3,4,3,4,7,7
GTEX-111FC-0126-SM-5N9DL,Normal_GTEX,1,0,2,1,3,2,2,4,2,2,1,3,3,4,3,4,7,7
GTEX-WFG8-0326-SM-4LVN4,Normal_GTEX,1,0,2,1,3,2,2,4,2,3,2,2,4,1,2,5,3,3
GTEX-S4UY-0726-SM-4AD6X,Normal_GTEX,1,0,2,1,3,2,1,4,2,1,1,0,2,0,5,3,6,6
GTEX-1399S-1226-SM-5J1O6,Normal_GTEX,1,0,2,1,3,2,1,4,2,1,3,3,1,5,5,1,0,7
GTEX-QMRM-0005-SM-3NB2A,Normal_GTEX,3,1,0,4,2,3,5,2,3,6,5,4,7,2,4,8,1,1
GTEX-Z9EW-0326-SM-5CVM8,Normal_GTEX,1,2,2,1,1,0,1,1,4,1,3,0,1,5,5,1,0,0
GTEX-YB5E-2126-SM-5IFI7,Normal_GTEX,1,2,2,1,1,0,1,1,4,1,1,0,2,0,5,3,6,6
GTEX-XYKS-1226-SM-4BRVI,Normal_GTEX,1,0,2,1,3,2,2,4,2,3,2,2,4,1,2,5,3,3
GTEX-QCQG-1826-SM-2S1P2,Normal_GTEX,1,2,2,1,1,0,1,1,4,1,1,0,2,0,5,3,6,6
GTEX-OXRK-1726-SM-3NB16,Normal_GTEX,1,0,2,1,3,2,2,4,2,3,2,2,4,1,2,5,3,3
GTEX-QVJO-1826-SM-447C9,Normal_GTEX,1,2,2,1,1,0,1,1,4,1,1,0,2,0,5,3,6,6
GTEX-QV31-1326-SM-2S1QE,Normal_GTEX,1,2,2,1,1,0,1,1,4,1,1,0,2,0,5,3,6,6
GTEX-11GS4-2026-SM-5N9CP,Normal_GTEX,1,0,0,1,3,2,2,3,2,3,4,5,4,3,6,5,4,4
GTEX-PLZ5-1126-SM-3P613,Normal_GTEX,1,0,2,1,3,2,2,4,2,3,2,2,4,1,2,5,3,3
GTEX-14BIM-0011-R5b-SM-5S2RM,Normal_GTEX,3,1,0,3,2,3,4,3,0,5,4,5,6,3,6,7,4,4
GTEX-R55G-0626-SM-48FDB,Normal_GTEX,1,2,2,1,1,0,1,1,4,1,3,0,1,5,0,1,0,0
GTEX-14BMU-0126-SM-5S2Q9,Normal_GTEX,1,2,2,1,1,3,2,1,4,3,2,2,4,1,2,5,5,5
GTEX-ZZPU-2226-SM-5EGIV,Normal_GTEX,1,0,2,1,3,2,2,4,2,2,1,3,3,4,3,4,7,7
GTEX-ZF28-0011-R7a-SM-4WKF5,Normal_GTEX,3,1,0,3,2,3,4,3,0,5,4,5,6,3,6,7,4,4
GTEX-14A6H-1326-SM-5NQBC,Normal_GTEX,1,0,2,1,3,2,2,4,2,2,1,3,3,4,3,4,7,7
GTEX-RVPU-0011-R8A-SM-2TF74,Normal_GTEX,3,1,0,3,2,3,4,3,0,5,4,5,6,3,6,7,4,4
GTEX-X5EB-0004-SM-46MWA,Normal_GTEX,3,1,0,4,2,3,5,2,3,6,5,4,7,2,4,8,1,1
GTEX-ZTPG-0826-SM-5DUVC,Normal_GTEX,1,0,2,1,3,2,1,4,2,1,2,2,2,1,2,3,3,3
GTEX-12KS4-0005-SM-5SI94,Normal_GTEX,3,1,0,4,2,3,5,2,3,6,5,4,7,2,4,8,1,1
GTEX-Z93S-2626-SM-57WBX,Normal_GTEX,1,2,2,1,1,0,1,1,4,1,3,0,1,5,5,1,0,0
GTEX-145MH-2726-SM-5QGQ6,Normal_GTEX,1,2,2,1,1,0,1,1,4,1,3,0,1,5,5,1,0,0
GTEX-XBEW-1426-SM-4AT4J,Normal_GTEX,1,2,2,1,1,0,1,1,4,1,3,0,1,5,5,1,0,0
GTEX-13O3O-2726-SM-5KM35,Normal_GTEX,1,2,2,1,1,0,1,1,4,1,3,0,1,5,0,1,5,5
GTEX-13FHP-0126-SM-5IJBG,Normal_GTEX,1,0,2,1,3,2,2,4,2,2,1,3,3,4,3,4,7,7
GTEX-11ZTT-0926-SM-5EQMS,Normal_GTEX,1,2,2,1,1,0,1,1,4,1,3,0,1,5,5,1,0,0
GTEX-WI4N-0926-SM-3LK7K,Normal_GTEX,1,0,2,1,3,0,1,4,4,1,2,0,2,1,2,3,3,3
GTEX-1339X-1726-SM-5P9J9,Normal_GTEX,1,2,2,1,1,0,1,1,4,1,3,0,1,5,5,1,0,0
GTEX-PWOO-2026-SM-48TDE,Normal_GTEX,1,0,2,1,3,2,2,4,2,2,1,3,3,4,3,4,7,7
GTEX-UTHO-0008-SM-4JBID,Normal_GTEX,3,2,2,4,1,0,5,1,3,6,1,4,7,0,0,8,5,5
GTEX-12WSI-2126-SM-5GCMV,Normal_GTEX,1,0,0,1,3,2,2,3,2,3,4,5,4,3,6,5,4,4
GTEX-ZAB5-1526-SM-5HL9P,Normal_GTEX,1,2,2,1,1,0,1,1,4,1,3,0,1,5,5,1,0,0
GTEX-WI4N-0008-SM-4OOSV,Normal_GTEX,3,2,2,4,1,0,5,1,3,6,1,4,7,0,0,8,5,5
GTEX-11LCK-1026-SM-5A5KB,Normal_GTEX,1,0,2,1,3,2,2,4,2,2,1,3,3,4,3,4,7,7
GTEX-RU72-1326-SM-2TF6T,Normal_GTEX,1,2,2,1,1,0,1,1,4,1,1,4,2,0,0,2,6,6
GTEX-13OVL-2926-SM-5IFG3,Normal_GTEX,1,0,2,1,3,1,2,4,1,3,2,1,4,1,1,5,3,2
GTEX-N7MS-0126-SM-3TW8O,Normal_GTEX,1,0,0,1,3,2,2,3,2,3,4,5,4,3,6,5,4,4
GTEX-X88G-0004-SM-47JZ6,Normal_GTEX,3,1,0,4,2,3,5,2,3,6,5,4,7,2,4,8,1,1
GTEX-R55G-2426-SM-2TC5I,Normal_GTEX,1,2,2,1,1,0,1,1,4,1,1,0,2,0,5,3,6,6
TCGA-EW-A1IY-01,LumB,2,0,1,2,0,1,3,0,1,4,0,1,5,6,1,6,2,2
GTEX-OHPM-0526-SM-2YUMJ,Normal_GTEX,1,0,2,1,3,2,2,4,2,3,2,2,4,1,2,5,3,3
GTEX-ZLWG-0426-SM-4WWFA,Normal_GTEX,1,0,0,1,3,3,2,4,3,3,2,2,4,1,2,5,3,3
GTEX-ZDTS-1226-SM-4WKGL,Normal_GTEX,1,2,2,1,1,0,1,1,4,1,3,0,2,5,0,2,0,0
GTEX-Y114-2126-SM-4TT8B,Normal_GTEX,1,0,2,1,3,2,2,4,2,2,1,3,3,4,3,4,7,7
GTEX-WZTO-0126-SM-3NM95,Normal_GTEX,1,0,2,1,3,2,2,4,2,2,1,3,3,4,3,4,7,7
GTEX-ZA64-1626-SM-5CVME,Normal_GTEX,1,0,0,1,3,2,2,3,2,3,4,5,4,3,6,5,4,4
GTEX-ZYFC-1626-SM-5N9EU,Normal_GTEX,1,0,2,1,3,2,2,4,2,2,1,3,3,4,3,4,7,7
GTEX-ZDXO-0126-SM-5S2ND,Normal_GTEX,1,2,2,1,1,0,1,1,4,1,1,0,2,0,5,3,6,6
GTEX-WQUQ-0006-SM-3MJF4,Normal_GTEX,3,1,0,4,2,3,5,2,3,6,5,4,7,2,4,8,1,1
GTEX-13VXU-0006-SM-5N9FF,Normal_GTEX,3,1,0,4,2,3,5,2,3,6,5,4,7,2,4,8,1,1
GTEX-ZTPG-2626-SM-57WFX,Normal_GTEX,1,0,2,1,3,2,2,4,2,3,2,2,4,1,2,5,3,3
GTEX-13NZB-2226-SM-5MR5B,Normal_GTEX,1,2,2,1,1,0,1,1,4,1,3,0,1,5,0,1,0,0
GTEX-12WSK-0626-SM-5LZUJ,Normal_GTEX,1,2,2,1,1,0,1,1,4,1,3,0,2,5,0,2,0,0
TCGA-A2-A0CL-01,Normal,2,0,1,2,0,1,3,0,1,4,0,1,5,6,1,6,2,2
GTEX-12ZZY-0011-R5a-SM-5EGL9,Normal_GTEX,3,1,0,3,2,3,4,3,0,5,4,5,6,3,6,7,4,4
GTEX-XPT6-0226-SM-4B65L,Normal_GTEX,1,2,2,1,1,0,1,1,4,1,3,0,2,5,0,2,0,0
GTEX-RNOR-0011-R9A-SM-2TF52,Normal_GTEX,3,1,0,3,2,3,4,3,4,5,4,5,6,3,6,7,4,4
GTEX-XV7Q-1726-SM-4BRUU,Normal_GTEX,1,2,2,1,1,0,1,1,4,1,3,0,2,0,5,3,6,6
GTEX-NPJ8-1526-SM-26GMH,Normal_GTEX,3,1,0,3,2,3,4,3,0,5,4,5,6,3,6,7,4,4
TCGA-A2-A0D0-01,Basal,2,0,1,2,0,1,3,2,1,4,5,1,5,2,1,6,2,2
GTEX-Z93S-0126-SM-5HL7M,Normal_GTEX,1,0,2,1,3,2,2,4,2,2,1,3,3,4,3,4,7,7
GTEX-145ME-1726-SM-5Q5EU,Normal_GTEX,1,0,2,1,3,2,2,4,2,2,1,3,3,4,3,4,7,7
GTEX-Q2AH-1826-SM-2S1Q2,Normal_GTEX,1,2,2,1,1,0,1,1,4,1,1,4,2,0,0,2,6,6
GTEX-12WSK-0006-SM-5NQA1,Normal_GTEX,3,1,0,4,2,3,5,2,3,6,5,4,7,2,4,8,1,1
GTEX-13RTJ-2826-SM-5QGQH,Normal_GTEX,1,2,2,1,1,0,1,1,4,1,1,0,2,0,3,3,6,6
GTEX-13VXU-0011-R6a-SM-5SI71,Normal_GTEX,3,1,0,3,2,3,4,3,0,5,4,5,6,3,6,7,4,4
GTEX-SNOS-1726-SM-32PLN,Normal_GTEX,1,2,2,1,1,0,1,1,4,1,3,0,1,5,0,1,0,0
GTEX-NPJ8-1526-SM-26GMY,Normal_GTEX,3,1,0,4,2,3,5,3,0,6,4,5,7,3,6,8,4,4
GTEX-ZWKS-0126-SM-5SIAA,Normal_GTEX,1,0,2,1,3,2,2,4,2,2,1,3,3,4,3,4,7,7
TCGA-A8-A08S-01,LumB,2,0,1,2,0,1,3,0,1,4,0,1,5,6,1,6,2,2
GTEX-145LS-0126-SM-5QGP1,Normal_GTEX,1,0,2,1,3,2,2,4,2,2,1,3,3,4,3,4,7,7
GTEX-144GN-0626-SM-5O9B2,Normal_GTEX,1,0,2,1,3,2,2,4,2,2,1,3,3,4,3,4,7,7
GTEX-11DYG-0426-SM-5987J,Normal_GTEX,1,2,2,1,1,0,1,1,4,1,1,0,2,0,3,3,6,6
GTEX-13OW8-1726-SM-5L3GO,Normal_GTEX,1,0,2,1,3,2,2,4,2,3,2,2,4,1,2,5,3,3
GTEX-Y8DK-0126-SM-4TT3L,Normal_GTEX,1,0,2,1,3,2,2,4,2,2,1,3,3,4,3,4,7,7
GTEX-XBED-0926-SM-48TCE,Normal_GTEX,1,2,2,1,1,0,1,1,4,1,3,0,1,5,5,1,0,0
GTEX-11P7K-1526-SM-5EGI7,Normal_GTEX,1,0,2,1,3,2,2,4,2,3,2,2,4,1,2,5,3,3
GTEX-ZP4G-0326-SM-4YCEF,Normal_GTEX,1,1,0,1,2,3,2,4,3,3,2,2,4,1,2,5,3,3
GTEX-YFC4-2826-SM-5P9FR,Normal_GTEX,1,2,2,1,1,0,1,1,4,1,3,0,1,5,5,1,0,0
GTEX-14H4A-0006-SM-5N9E3,Normal_GTEX,3,1,0,4,2,3,5,2,3,6,5,4,7,2,4,8,1,1
GTEX-12WSD-3226-SM-5HL9G,Normal_GTEX,1,1,0,1,2,3,2,3,0,3,4,5,4,3,6,5,4,4
GTEX-13FLV-0926-SM-5L3DZ,Normal_GTEX,1,2,2,1,1,0,1,1,4,1,3,0,2,5,0,2,0,0
GTEX-12WSF-0011-R3a-SM-5DUW7,Normal_GTEX,3,1,0,3,2,3,4,3,0,5,4,5,6,3,6,7,4,4
TCGA-E9-A1R7-01,LumB,2,0,1,2,0,1,3,0,1,4,0,1,5,6,1,6,2,2
GTEX-R55F-1726-SM-2TF4R,Normal_GTEX,1,0,2,1,3,2,1,4,2,1,3,0,2,5,5,3,3,6
GTEX-12WSD-0011-R7b-SM-5PNWE,Normal_GTEX,3,1,0,3,2,3,4,3,0,5,4,5,6,3,6,7,4,4
GTEX-12WSM-0626-SM-5GCOK,Normal_GTEX,1,2,2,1,1,0,1,1,4,1,2,0,2,0,5,3,6,6
TCGA-E9-A249-01,LumB,2,0,1,2,0,1,3,0,1,4,0,1,5,6,1,6,2,2
GTEX-ZF3C-0005-SM-4WWAR,Normal_GTEX,3,1,0,4,2,3,5,2,3,6,5,4,7,2,4,8,1,1
GTEX-XQ8I-1626-SM-4BOOI,Normal_GTEX,1,2,2,1,1,0,1,1,4,1,3,0,1,5,5,1,0,0
GTEX-12WSA-1626-SM-5EGJV,Normal_GTEX,1,2,2,1,1,0,1,1,4,1,2,0,2,0,5,3,6,6
GTEX-13111-0005-SM-5NQ7Z,Normal_GTEX,3,1,0,4,2,3,5,2,3,6,5,4,7,2,4,8,1,1
GTEX-117YW-0005-SM-5NQ8Z,Normal_GTEX,3,1,0,4,2,3,5,2,3,6,5,4,7,2,4,8,1,1
GTEX-11DXZ-1626-SM-5GIDI,Normal_GTEX,1,2,2,1,1,0,1,1,4,1,3,0,1,5,5,1,0,0
TCGA-B6-A0I6-01,Basal,2,0,1,2,0,1,3,0,1,4,0,1,5,6,1,6,2,2
GTEX-Y9LG-1626-SM-5IFHM,Normal_GTEX,1,0,2,1,3,2,2,4,2,3,2,2,4,1,2,5,3,3
GTEX-S4P3-0326-SM-4AD6P,Normal_GTEX,1,2,2,1,1,0,1,1,4,1,3,0,1,5,0,1,0,0
GTEX-12WSH-0008-SM-5S2V1,Normal_GTEX,3,2,2,4,1,0,5,1,3,6,1,4,7,0,0,8,5,5
GTEX-146FQ-0426-SM-5NQBA,Normal_GTEX,1,2,2,1,1,0,1,1,4,1,1,0,2,0,3,3,6,6
GTEX-14BIM-0011-R3b-SM-5S2RL,Normal_GTEX,3,1,0,3,2,3,4,3,0,5,4,5,6,3,6,7,4,4
GTEX-Y5V6-2726-SM-4VDSC,Normal_GTEX,1,2,2,1,1,0,1,1,4,1,1,0,2,0,3,3,6,6
TCGA-BH-A0DP-01,LumA,2,0,1,2,0,1,3,0,1,4,0,1,5,6,1,6,2,2
GTEX-13G51-0011-R1a-SM-5LZYR,Normal_GTEX,3,1,0,3,2,3,4,3,0,5,4,5,6,3,6,7,4,4
TCGA-BH-A1F5-01,LumA,2,0,1,2,0,1,3,0,1,4,0,1,5,6,1,6,2,2
GTEX-OXRP-0526-SM-2I3EW,Normal_GTEX,1,0,2,1,3,2,2,4,2,3,2,2,4,1,2,5,3,3
TCGA-A7-A0DC-11,Normal_TCGA,1,0,1,1,0,1,1,0,1,1,0,1,2,6,1,3,2,2
GTEX-13FLW-0011-R1b-SM-5LZX2,Normal_GTEX,3,1,0,3,2,3,4,3,0,5,4,5,6,3,6,7,4,4
GTEX-11VI4-0626-SM-5EQLO,Normal_GTEX,1,2,2,1,1,0,1,1,4,1,3,0,1,5,5,1,0,0
GTEX-146FR-0626-SM-5RQJ1,Normal_GTEX,1,2,2,1,1,0,1,1,4,1,3,0,2,5,0,2,0,0
GTEX-QEG5-0926-SM-2TC64,Normal_GTEX,1,2,2,1,1,0,1,1,4,1,3,0,2,5,0,2,0,0
GTEX-Y5V6-1126-SM-4VDTD,Normal_GTEX,1,2,2,1,1,0,1,1,4,1,3,0,1,5,5,1,0,0
GTEX-13OW6-0011-R11a-SM-5L3H2,Normal_GTEX,3,1,0,3,2,3,4,3,0,5,4,5,6,3,6,7,4,4
GTEX-NPJ8-0011-R6a-SM-2HMKB,Normal_GTEX,3,1,0,3,2,3,4,3,0,5,4,5,6,3,6,7,4,4
GTEX-13N2G-2726-SM-5J1MG,Normal_GTEX,1,2,2,1,1,0,1,1,4,1,1,0,2,0,5,3,6,6
GTEX-ZDXO-3026-SM-5J1N5,Normal_GTEX,1,0,2,1,3,2,2,4,2,2,1,3,3,4,3,4,7,7
GTEX-13NZ9-2626-SM-5L3FK,Normal_GTEX,1,0,2,1,3,2,2,4,2,2,1,3,3,4,3,4,7,7
GTEX-144FL-1526-SM-5Q5CA,Normal_GTEX,1,0,2,1,3,2,2,4,2,3,2,2,4,1,2,5,3,3
GTEX-11NV4-1426-SM-5BC4W,Normal_GTEX,1,2,2,1,1,0,1,1,4,1,2,0,2,0,5,3,6,6
GTEX-S95S-1326-SM-2XCDK,Normal_GTEX,1,2,2,1,1,0,1,1,4,1,1,0,2,0,5,3,6,6
TCGA-BH-A0WA-01,Basal,2,0,1,2,0,1,3,0,1,4,0,1,5,6,1,6,2,2
GTEX-11ZVC-0011-R1b-SM-5BC6M,Normal_GTEX,3,1,0,3,2,3,4,3,0,5,4,5,6,3,6,7,4,4
TCGA-A8-A08F-01,LumB,2,0,1,2,0,1,3,0,1,4,0,1,5,6,1,6,2,2
GTEX-ZYT6-0526-SM-5GIEA,Normal_GTEX,1,0,2,1,3,2,2,4,2,3,2,2,4,1,2,5,3,3
GTEX-WWYW-3026-SM-3NB36,Normal_GTEX,3,1,0,3,2,3,4,3,0,5,4,5,6,3,6,7,4,4
GTEX-QMR6-0011-R8A-SM-32PKJ,Normal_GTEX,3,1,0,3,2,3,4,3,0,5,4,5,6,3,6,7,4,4
GTEX-W5WG-1026-SM-4LMIF,Normal_GTEX,1,2,2,1,1,0,1,1,4,1,3,0,1,5,3,1,0,0
GTEX-11ZVC-2826-SM-5FQTC,Normal_GTEX,1,2,2,1,1,0,1,1,4,1,1,0,2,0,3,3,6,6
GTEX-13FHO-1226-SM-5L3EF,Normal_GTEX,1,2,2,1,1,0,1,1,4,1,3,0,2,5,0,2,0,0
GTEX-R53T-0426-SM-48FEM,Normal_GTEX,1,0,2,1,3,2,2,4,2,3,2,2,4,1,2,5,3,3
GTEX-146FH-1926-SM-5Q5B2,Normal_GTEX,1,2,2,1,1,0,1,1,4,1,3,0,1,5,5,1,0,0
GTEX-13RTJ-0011-R9a-SM-5Q5AY,Normal_GTEX,3,1,0,3,2,3,4,3,0,5,4,5,6,3,6,7,4,4
GTEX-T2IS-0926-SM-4DM5B,Normal_GTEX,1,2,2,1,1,0,1,1,4,1,3,0,1,5,5,1,0,0
GTEX-13NYS-0011-R1b-SM-5MR55,Normal_GTEX,3,1,0,3,2,3,4,3,0,5,4,5,6,3,6,7,4,4
GTEX-U3ZH-1126-SM-4DXUG,Normal_GTEX,1,2,2,1,1,0,1,1,4,1,3,0,1,5,5,1,0,0
GTEX-OHPN-0011-R8A-SM-33HBT,Normal_GTEX,3,1,0,3,2,3,4,3,0,5,4,5,6,3,6,7,4,4
GTEX-Y8LW-1226-SM-4WWDP,Normal_GTEX,1,2,2,1,1,0,1,1,4,1,3,0,1,5,5,1,0,0
GTEX-13O3Q-0011-R2b-SM-5KM3K,Normal_GTEX,3,1,0,3,2,3,4,3,0,5,4,5,6,3,6,7,4,4
GTEX-R55G-1126-SM-48FDG,Normal_GTEX,1,2,2,1,1,0,1,1,4,1,3,0,1,5,5,1,0,0
GTEX-WI4N-1426-SM-3LK7H,Normal_GTEX,1,0,2,1,3,2,1,4,2,1,1,0,2,0,5,3,6,6
GTEX-132AR-2026-SM-5IJG4,Normal_GTEX,1,2,2,1,1,0,1,1,4,1,3,0,2,5,0,2,0,0
GTEX-S95S-0226-SM-4B656,Normal_GTEX,1,2,2,1,1,0,1,1,4,1,3,0,1,5,0,1,0,0
GTEX-R55F-0008-SM-48FE6,Normal_GTEX,3,2,2,4,1,0,5,2,3,6,5,4,7,2,0,8,5,5
GTEX-TMMY-1026-SM-4DXTI,Normal_GTEX,1,2,2,1,1,0,1,1,4,1,3,0,1,5,0,1,0,0
GTEX-Y111-1726-SM-4SOIQ,Normal_GTEX,1,2,2,1,1,0,1,1,4,1,3,0,1,5,5,1,0,0
GTEX-OHPL-2026-SM-3TW8R,Normal_GTEX,1,2,2,1,1,0,1,1,4,1,3,0,1,5,5,1,0,0
GTEX-OHPL-0526-SM-4M1XS,Normal_GTEX,1,0,2,1,3,2,2,4,2,3,2,2,4,1,2,5,3,3
GTEX-VUSG-0003-SM-3NMDK,Normal_GTEX,3,1,0,4,2,3,5,2,3,6,5,4,7,2,4,8,1,1
TCGA-E9-A22G-01,Basal,2,0,1,2,0,1,3,0,1,4,0,1,5,6,1,6,2,2
GTEX-13OVI-2426-SM-5KM4J,Normal_GTEX,1,2,2,1,1,0,1,1,4,1,3,0,1,5,5,1,0,0
GTEX-13X6K-0011-R6a-SM-5P9K6,Normal_GTEX,3,1,0,3,2,3,4,3,0,5,4,5,6,3,6,7,4,4
GTEX-12WS9-0726-SM-5FQT7,Normal_GTEX,1,0,2,1,3,2,1,4,2,1,2,2,2,1,2,3,3,3
GTEX-X5EB-0726-SM-46MVR,Normal_GTEX,1,0,2,1,3,2,1,4,2,1,2,2,2,1,2,3,3,3
GTEX-13FH7-0426-SM-5KM4M,Normal_GTEX,1,2,2,1,1,0,1,1,4,1,3,0,1,5,0,1,0,0
GTEX-O5YV-1026-SM-3LK72,Normal_GTEX,1,0,2,1,3,2,2,4,2,2,1,3,3,4,3,4,7,7
GTEX-RM2N-1926-SM-48FCU,Normal_GTEX,1,0,2,1,3,2,2,4,2,3,2,2,4,1,2,5,3,3
GTEX-132QS-0326-SM-5IJFN,Normal_GTEX,1,0,2,1,3,2,1,4,2,1,2,2,2,1,2,3,3,3
GTEX-OXRK-0826-SM-2HMK7,Normal_GTEX,1,2,2,1,1,0,1,1,4,1,3,0,2,5,0,2,0,0
TCGA-AN-A0XL-01,LumA,2,0,1,2,0,1,3,0,1,4,0,1,5,6,1,6,2,2
GTEX-Y8DK-0011-R1A-SM-4RGLO,Normal_GTEX,3,1,0,3,2,3,4,3,0,5,4,5,6,3,6,7,4,4
TCGA-E9-A1ND-01,Basal,2,0,1,2,0,1,3,0,1,4,0,1,5,6,1,6,2,2
GTEX-NL3G-0226-SM-4RGLU,Normal_GTEX,1,2,2,1,1,0,1,1,4,1,1,0,2,0,5,3,6,6
GTEX-QDVJ-1226-SM-48U1V,Normal_GTEX,1,0,2,1,3,2,2,4,2,3,2,2,4,1,2,5,3,3
GTEX-RU72-0626-SM-46MUI,Normal_GTEX,1,0,2,1,3,2,1,4,2,1,1,0,2,5,5,3,0,6
GTEX-14BMU-1326-SM-5RQIH,Normal_GTEX,1,2,2,1,1,0,1,1,4,1,3,0,1,5,5,1,0,0
GTEX-T6MN-0726-SM-32PML,Normal_GTEX,1,0,2,1,3,2,1,4,2,1,1,0,2,0,5,3,3,6
GTEX-13VXT-1126-SM-5LU3A,Normal_GTEX,1,2,2,1,1,0,1,1,4,1,3,0,2,5,0,2,0,0
GTEX-ZY6K-1726-SM-5GZX8,Normal_GTEX,1,0,0,1,3,2,2,4,2,3,2,5,4,1,6,5,4,4
GTEX-131YS-0011-R11b-SM-5EGLM,Normal_GTEX,3,1,0,3,2,3,4,3,0,5,4,5,6,3,6,7,4,4
GTEX-X4XX-3026-SM-3NMB2,Normal_GTEX,3,1,0,3,2,3,4,3,0,5,4,5,6,3,6,7,4,4
GTEX-111CU-1926-SM-5GZYZ,Normal_GTEX,1,0,2,1,3,2,2,4,2,2,1,3,3,4,3,4,7,7
GTEX-11GSP-1126-SM-5A5LM,Normal_GTEX,1,2,2,1,1,0,1,1,4,1,3,0,1,5,0,1,0,0
GTEX-RWS6-0008-SM-47JYV,Normal_GTEX,3,2,2,4,1,0,5,1,3,6,1,4,7,0,0,8,5,5
GTEX-U3ZM-1626-SM-4DXSK,Normal_GTEX,1,0,0,1,3,2,2,3,2,3,4,5,4,3,6,5,4,4
GTEX-11ONC-3026-SM-5985W,Normal_GTEX,3,1,0,3,2,3,4,3,0,5,4,5,6,3,6,7,4,4
GTEX-14A5H-0226-SM-5S2VK,Normal_GTEX,1,2,2,1,1,0,1,1,4,1,3,0,1,5,0,1,0,0
GTEX-REY6-1726-SM-48FDL,Normal_GTEX,1,2,2,1,1,3,2,1,4,3,2,2,4,1,2,5,5,5
TCGA-GM-A2DC-01,LumA,2,0,1,2,0,1,3,0,1,4,0,1,5,6,1,6,2,2
GTEX-UPK5-0726-SM-4IHL7,Normal_GTEX,1,0,2,1,3,2,2,4,2,3,2,4,4,4,1,5,3,2
GTEX-ZAJG-0526-SM-5S2MT,Normal_GTEX,1,2,2,1,1,0,1,1,4,1,1,4,2,0,0,2,6,6
GTEX-12WSJ-1426-SM-5GCON,Normal_GTEX,1,2,2,1,1,0,1,1,4,1,3,0,1,5,5,1,0,0
GTEX-T6MO-0526-SM-4DM6R,Normal_GTEX,1,0,2,1,3,2,2,4,2,2,1,3,3,4,3,4,7,7
GTEX-Y3I4-0826-SM-4TT2A,Normal_GTEX,1,0,2,1,3,2,2,4,2,3,2,2,4,1,2,5,3,3
GTEX-11DXX-0126-SM-5EGH7,Normal_GTEX,1,1,0,1,2,3,2,3,4,3,2,2,4,1,2,5,5,5
GTEX-13CF3-2326-SM-5IFGL,Normal_GTEX,1,2,2,1,1,0,1,1,4,1,1,0,2,0,5,3,6,6
GTEX-X4EO-2726-SM-4E3HS,Normal_GTEX,1,2,2,1,1,0,1,1,4,1,3,0,1,5,5,1,0,0
GTEX-X261-1726-SM-4PQYT,Normal_GTEX,1,0,2,1,3,2,2,4,2,3,2,2,4,1,2,5,3,3
GTEX-146FR-2426-SM-5NQAU,Normal_GTEX,1,0,2,1,3,2,1,4,2,1,1,3,1,5,3,1,7,7
GTEX-11UD1-0126-SM-5PNYG,Normal_GTEX,1,0,2,1,3,2,2,4,2,2,1,3,3,4,3,4,7,7
GTEX-12WSK-1526-SM-5CVNO,Normal_GTEX,1,0,2,1,3,2,2,4,2,3,2,2,4,1,5,5,3,3
GTEX-O5YT-2126-SM-3MJGD,Normal_GTEX,1,0,0,1,3,2,2,3,2,3,4,5,4,3,6,5,4,4
GTEX-13NZA-0011-R9b-SM-5MR5I,Normal_GTEX,3,1,0,3,2,3,4,3,0,5,4,5,6,3,6,7,4,4
GTEX-11P81-0006-SM-5NQ7A,Normal_GTEX,3,1,0,4,2,3,5,2,3,6,5,4,7,2,4,8,1,1
GTEX-P44H-0326-SM-2XCES,Normal_GTEX,1,2,2,1,3,0,1,4,4,1,1,0,2,0,5,3,6,6
GTEX-SIU8-0926-SM-2XCDO,Normal_GTEX,1,0,2,1,3,2,2,4,2,3,2,2,4,1,2,5,3,3
GTEX-ZVZQ-0011-R3a-SM-57WC7,Normal_GTEX,3,1,0,3,2,3,4,3,0,5,4,5,6,3,6,7,4,4
GTEX-12696-0005-SM-5LZYS,Normal_GTEX,3,1,0,4,2,3,5,2,3,6,5,4,7,2,4,8,1,1
GTEX-QDVJ-2026-SM-2S1PD,Normal_GTEX,1,2,2,1,1,0,1,1,4,1,1,0,2,0,3,3,6,6
GTEX-14BIN-0011-R9a-SM-5SI76,Normal_GTEX,3,1,0,3,2,3,4,3,0,5,4,5,6,3,6,7,4,4
GTEX-QEG5-1426-SM-447AS,Normal_GTEX,1,0,2,1,3,2,2,4,2,2,1,3,3,4,3,4,7,7
GTEX-13RTJ-2526-SM-5S2Q3,Normal_GTEX,1,2,2,1,1,0,1,1,4,1,1,0,2,0,5,3,6,6
TCGA-AN-A04C-01,Her2,2,0,1,2,0,1,3,0,1,4,0,1,5,6,1,6,2,2
GTEX-Q734-0526-SM-2I3EH,Normal_GTEX,1,0,2,1,3,2,1,4,2,1,2,2,2,1,2,3,3,3
GTEX-Y8DK-0426-SM-4TT3Q,Normal_GTEX,1,2,2,1,1,0,1,1,4,1,1,0,2,0,3,3,6,6
GTEX-QLQW-0626-SM-447A6,Normal_GTEX,1,2,2,1,1,0,1,1,4,1,3,0,1,5,5,1,0,0
GTEX-XYKS-0008-SM-4BRW6,Normal_GTEX,3,2,2,4,1,0,5,1,3,6,1,4,7,4,0,8,5,5
GTEX-144GL-0726-SM-5LU4P,Normal_GTEX,1,0,0,1,3,2,2,3,2,3,4,5,4,3,6,5,4,4
GTEX-XGQ4-1626-SM-4AT6J,Normal_GTEX,1,2,2,1,1,0,1,1,4,1,3,0,1,5,5,1,0,0
GTEX-145ME-1826-SM-5SI9G,Normal_GTEX,1,0,2,1,3,2,2,4,2,2,1,3,3,4,3,4,7,7
GTEX-139T6-0426-SM-5IJEM,Normal_GTEX,1,0,2,1,3,2,2,4,2,3,2,2,4,1,2,5,3,3
GTEX-ZT9W-0003-SM-4YCE6,Normal_GTEX,3,1,0,4,2,3,5,2,3,6,5,4,7,2,4,8,1,1
GTEX-XQ8I-2126-SM-4BOOM,Normal_GTEX,1,0,2,1,3,2,2,4,2,3,2,2,4,1,2,5,3,3
GTEX-W5X1-1126-SM-5CHTH,Normal_GTEX,3,1,0,4,2,3,5,2,3,6,5,4,7,2,4,8,1,1
GTEX-Y5LM-0326-SM-4VBRN,Normal_GTEX,1,1,0,1,2,3,2,4,3,3,2,2,4,1,2,5,3,3
GTEX-139TT-0011-R7b-SM-5J2MN,Normal_GTEX,3,1,0,3,2,3,4,3,0,5,4,5,6,3,6,7,4,4
GTEX-14BMU-2126-SM-5S2TS,Normal_GTEX,1,2,2,1,1,0,1,1,4,1,1,0,2,0,5,3,6,6
GTEX-14BMU-1226-SM-5S2OR,Normal_GTEX,1,0,2,1,3,2,2,4,2,2,1,3,3,4,3,4,7,7
GTEX-WZTO-0326-SM-4PQYZ,Normal_GTEX,1,0,0,1,3,2,2,3,2,3,4,5,4,3,6,5,4,4
GTEX-WH7G-0726-SM-5EGIX,Normal_GTEX,1,0,2,1,3,2,2,4,2,3,2,2,4,1,2,5,3,3
GTEX-TMMY-0926-SM-4TT1Z,Normal_GTEX,1,0,2,1,3,2,2,4,2,3,2,2,4,1,2,5,3,3
GTEX-11OF3-0011-R11a-SM-57WCR,Normal_GTEX,3,1,0,3,2,3,4,3,0,5,4,5,6,3,6,7,4,4
GTEX-11OF3-1326-SM-5N9FJ,Normal_GTEX,1,0,2,1,3,2,2,4,2,3,2,2,4,1,2,5,3,3
GTEX-SE5C-1326-SM-4BRUH,Normal_GTEX,1,2,2,1,1,0,1,1,4,1,3,0,1,5,5,1,0,0
GTEX-11I78-0126-SM-5HL6F,Normal_GTEX,1,0,2,1,3,2,2,4,2,3,2,2,4,1,2,5,3,3
GTEX-11P81-2326-SM-59875,Normal_GTEX,1,0,2,1,3,2,2,4,2,2,1,3,3,4,3,4,7,7
GTEX-ZQUD-0005-SM-4YCE5,Normal_GTEX,3,1,0,4,2,3,5,2,3,6,5,4,7,2,4,8,1,1
GTEX-1314G-1626-SM-5EQ67,Normal_GTEX,1,2,2,1,1,0,1,1,4,1,1,0,2,0,5,3,6,6
GTEX-PX3G-0008-SM-48U2L,Normal_GTEX,3,2,2,4,1,0,5,2,3,6,5,4,7,2,0,8,5,5
GTEX-YF7O-0726-SM-4W213,Normal_GTEX,1,0,2,1,3,2,1,4,2,1,2,2,2,1,2,3,3,3
GTEX-132AR-1026-SM-5PNVL,Normal_GTEX,1,2,2,1,1,0,1,1,4,1,1,4,2,0,0,2,6,6
GTEX-Y9LG-0726-SM-4VDS3,Normal_GTEX,1,0,2,1,3,2,2,4,2,3,2,2,4,1,2,5,3,3
GTEX-145MF-2726-SM-5O995,Normal_GTEX,3,1,0,3,2,3,4,3,0,5,4,5,6,3,6,7,4,4
GTEX-WL46-2026-SM-3LK7U,Normal_GTEX,1,2,2,1,1,0,1,1,4,1,3,0,2,0,5,3,6,6
GTEX-T6MO-2026-SM-33HB4,Normal_GTEX,1,2,2,1,1,0,1,1,4,1,1,0,2,0,3,3,6,6
GTEX-11EQ9-0426-SM-5A5JY,Normal_GTEX,1,1,0,1,2,3,2,4,3,3,2,2,4,1,2,5,3,3
GTEX-U8XE-1126-SM-3DB8W,Normal_GTEX,1,2,2,1,1,0,1,1,4,1,3,0,2,5,0,2,0,0
GTEX-11O72-0526-SM-5Q5AO,Normal_GTEX,1,2,2,1,1,0,1,1,4,1,1,0,2,0,3,3,6,6
GTEX-13G51-0011-R11b-SM-5J2NE,Normal_GTEX,3,1,0,3,2,3,4,3,0,5,4,5,6,3,6,7,4,4
GTEX-X4EP-1026-SM-4QAS5,Normal_GTEX,1,0,2,1,3,2,2,4,2,3,2,2,4,1,2,5,3,3
GTEX-ZXG5-0426-SM-5GICT,Normal_GTEX,1,2,2,1,1,0,1,1,4,1,1,0,2,5,3,3,7,6
GTEX-11OF3-0726-SM-5BC4Z,Normal_GTEX,1,0,2,1,3,2,2,4,2,3,2,2,4,1,2,5,3,3
GTEX-13O3Q-0011-R5b-SM-5P9H4,Normal_GTEX,3,1,0,3,2,3,4,3,0,5,4,5,6,3,6,7,4,4
GTEX-X4XY-0011-R10B-SM-46MWS,Normal_GTEX,3,1,0,3,2,3,4,3,0,5,4,5,6,3,6,7,4,4
GTEX-1313W-3126-SM-5LZUI,Normal_GTEX,3,1,0,3,2,3,4,3,0,5,4,5,6,3,6,7,4,4
GTEX-13FXS-0011-R11a-SM-5L3DM,Normal_GTEX,3,1,0,3,2,3,4,3,0,5,4,5,6,3,6,7,4,4
GTEX-WEY5-2026-SM-5SI8D,Normal_GTEX,1,2,2,1,1,0,1,1,4,1,1,4,2,0,0,2,6,6
GTEX-13FHO-0011-R5b-SM-5LZZ3,Normal_GTEX,3,1,0,3,2,3,4,3,0,5,4,5,6,3,6,7,4,4
GTEX-Y8E4-1926-SM-4VBPW,Normal_GTEX,1,2,2,1,1,0,1,1,4,1,3,0,1,5,5,1,0,0
GTEX-11EQ9-0926-SM-5HL6I,Normal_GTEX,1,2,2,1,1,0,1,1,4,1,3,0,1,5,5,1,0,0
TCGA-BH-A203-11,Normal_TCGA,1,0,1,1,0,1,1,0,1,1,0,1,2,6,1,3,2,2
GTEX-WH7G-0726-SM-3NMBM,Normal_GTEX,1,0,2,1,3,2,2,4,2,3,2,2,4,1,2,5,3,3
GTEX-11TT1-1726-SM-5EQLJ,Normal_GTEX,1,0,2,1,3,2,2,4,2,3,2,2,4,1,2,5,3,3
GTEX-147JS-1126-SM-5RQIW,Normal_GTEX,1,0,2,1,3,2,2,4,2,3,2,2,4,1,2,5,3,3
GTEX-YEC3-0926-SM-5Q5AC,Normal_GTEX,1,2,2,1,1,0,1,1,4,1,3,0,2,0,5,3,6,6
GTEX-12ZZX-1726-SM-5BC63,Normal_GTEX,1,2,2,1,1,0,1,1,4,1,2,0,2,0,5,3,6,6
GTEX-11I78-1726-SM-5A5M3,Normal_GTEX,1,0,2,1,3,2,2,4,2,3,2,2,4,1,2,5,3,3
GTEX-U412-0226-SM-3NMC8,Normal_GTEX,1,2,2,1,1,0,1,1,4,1,3,0,1,5,0,1,0,0
GTEX-11ZUS-0926-SM-5FQSY,Normal_GTEX,1,2,2,1,1,0,1,1,4,1,3,0,1,5,5,1,0,0
GTEX-WY7C-1626-SM-4ONC8,Normal_GTEX,1,2,2,1,1,0,1,1,4,1,3,0,1,5,5,1,0,0
GTEX-1445S-0011-R7b-SM-5PNUG,Normal_GTEX,3,1,0,3,2,3,4,3,0,5,4,5,6,3,6,7,4,4
GTEX-XLM4-0726-SM-4AT64,Normal_GTEX,1,0,2,1,3,2,1,4,2,1,2,2,2,1,2,3,3,3
TCGA-A2-A04W-01,Her2,2,0,1,2,0,1,3,0,1,4,0,1,5,6,1,6,2,2
GTEX-SSA3-0326-SM-47JWY,Normal_GTEX,1,2,2,1,1,0,1,1,4,1,1,4,2,0,0,2,6,6
GTEX-S4Q7-0326-SM-3K2B1,Normal_GTEX,1,0,2,1,3,2,1,4,2,1,2,2,2,1,2,3,3,3
GTEX-WHSB-1326-SM-3LK6W,Normal_GTEX,1,0,2,1,3,2,2,4,2,2,1,3,3,4,3,4,7,7
GTEX-139YR-0226-SM-5IFEM,Normal_GTEX,1,0,2,1,3,2,2,4,2,3,2,2,4,1,2,5,3,3
GTEX-RU72-0011-R6A-SM-2TF71,Normal_GTEX,3,1,0,3,2,3,4,3,0,5,4,5,6,3,6,7,4,4
GTEX-NFK9-0426-SM-2YUNK,Normal_GTEX,1,2,2,1,1,0,1,1,4,1,1,0,2,0,3,3,6,6
GTEX-UTHO-0011-R10A-SM-3GIJQ,Normal_GTEX,3,1,0,3,2,3,4,3,0,5,4,5,6,3,6,7,4,4
GTEX-VJYA-2026-SM-4KL1K,Normal_GTEX,1,0,2,1,3,2,2,4,2,3,2,2,4,1,2,5,3,3
GTEX-WOFM-0001-SM-4OOT2,Normal_GTEX,3,1,0,4,2,3,5,2,3,6,5,4,7,2,4,8,1,1
GTEX-U8XE-2126-SM-5CHRC,Normal_GTEX,3,1,0,4,2,3,5,2,3,6,5,4,7,2,4,8,1,1
GTEX-1399U-1326-SM-5IJET,Normal_GTEX,1,2,2,1,1,0,1,1,4,1,3,0,1,5,5,1,0,0
GTEX-13OW7-3126-SM-5L3HB,Normal_GTEX,1,1,0,1,2,3,2,3,0,3,4,5,4,3,6,5,4,4
TCGA-AN-A0G0-01,Basal,2,0,1,2,0,1,3,0,1,4,0,1,5,6,1,6,2,2
GTEX-11ZTS-1326-SM-5EQMA,Normal_GTEX,1,2,2,1,1,0,1,1,4,1,1,0,2,0,5,3,6,6
TCGA-AQ-A04L-01,LumA,2,0,1,2,0,1,3,0,1,4,0,1,5,6,1,6,2,2
GTEX-NPJ7-2926-SM-3MJGQ,Normal_GTEX,1,1,0,1,2,3,2,3,0,3,4,5,4,3,6,5,4,4
GTEX-WY7C-2626-SM-3NB2P,Normal_GTEX,1,2,2,1,1,0,1,1,4,1,1,0,2,0,3,3,6,6
GTEX-ZTX8-1026-SM-5EGHD,Normal_GTEX,1,0,2,1,3,2,1,4,2,1,2,2,1,1,2,1,3,3
GTEX-QEL4-0926-SM-3GAD1,Normal_GTEX,1,2,2,1,1,0,1,1,4,1,3,0,2,5,0,2,0,0
GTEX-139TS-0126-SM-5K7XJ,Normal_GTEX,1,0,2,1,3,2,1,4,2,1,2,2,2,1,2,3,3,3
GTEX-145MH-1026-SM-5Q5CI,Normal_GTEX,1,2,2,1,1,0,1,1,4,1,3,0,1,5,0,1,0,0
GTEX-13O3O-0726-SM-5J1N7,Normal_GTEX,1,0,2,1,3,2,2,4,2,3,2,2,4,1,2,5,3,3
GTEX-NFK9-1226-SM-3LK79,Normal_GTEX,1,2,2,1,1,0,1,1,4,1,3,0,1,5,5,1,0,0
GTEX-14A5H-0426-SM-5QGQF,Normal_GTEX,1,0,2,1,3,2,2,4,2,2,1,3,3,4,3,4,7,7
GTEX-WH7G-0526-SM-3NMBI,Normal_GTEX,1,0,2,1,3,2,1,4,2,1,2,2,2,1,2,3,3,3
GTEX-XXEK-2226-SM-4BRUM,Normal_GTEX,1,0,2,1,3,2,2,4,2,2,1,3,3,4,3,4,7,7
GTEX-13OVI-1226-SM-5J2ME,Normal_GTEX,1,2,2,1,1,3,2,1,4,3,2,2,4,1,2,5,5,5
GTEX-RUSQ-0526-SM-2TF72,Normal_GTEX,1,2,2,1,1,0,1,1,4,1,3,0,2,5,0,2,0,0
GTEX-T5JW-1426-SM-4DM5Q,Normal_GTEX,1,2,2,1,1,0,1,1,4,1,3,0,1,5,5,1,0,0
GTEX-12WSC-0005-SM-5MR3H,Normal_GTEX,3,1,0,4,2,3,5,2,3,6,5,4,7,2,4,8,1,1
TCGA-BH-A0RX-01,Basal,2,0,1,2,0,1,3,0,1,4,0,1,5,6,1,6,2,2
GTEX-NPJ8-1226-SM-3MJHM,Normal_GTEX,1,2,0,1,3,3,1,1,4,1,2,2,1,1,2,1,3,6
TCGA-A2-A3KD-01,LumA,2,0,1,2,0,1,3,0,1,4,0,1,5,6,1,6,2,2
GTEX-13G51-0426-SM-5K7Z5,Normal_GTEX,1,0,2,1,3,2,2,4,2,3,2,2,4,1,2,5,3,3
TCGA-D8-A1JM-01,Basal,2,0,1,2,0,1,3,0,1,4,0,1,5,6,1,6,2,2
GTEX-ZYT6-2126-SM-5GZZ4,Normal_GTEX,1,2,2,1,1,0,1,1,4,1,2,0,2,0,5,3,6,6
GTEX-117YW-0826-SM-5H11O,Normal_GTEX,1,2,2,1,1,0,1,1,4,1,2,0,2,0,5,3,6,6
GTEX-ZAB5-1826-SM-5HL7C,Normal_GTEX,1,0,2,1,3,2,2,4,2,2,1,3,3,4,3,4,7,7
GTEX-ZV6S-2126-SM-4YCEM,Normal_GTEX,1,2,2,1,1,0,1,1,4,1,1,4,2,0,0,2,6,6
GTEX-ZF2S-1726-SM-57WFT,Normal_GTEX,1,0,2,1,3,0,1,4,4,1,2,0,1,1,5,1,3,0
GTEX-ZVZQ-1526-SM-5N9G6,Normal_GTEX,1,0,2,1,3,2,2,4,2,3,2,2,4,1,2,5,3,3
GTEX-11ZTT-2426-SM-5EQLS,Normal_GTEX,1,0,2,1,3,2,2,4,2,2,1,3,3,4,3,4,7,7
GTEX-1399U-0526-SM-5K7YM,Normal_GTEX,1,2,2,1,1,0,1,1,4,1,3,0,2,5,0,2,0,0
GTEX-X15G-0526-SM-3NMB7,Normal_GTEX,1,0,2,1,3,2,1,4,2,1,2,0,2,1,2,3,3,3
GTEX-S7SF-0626-SM-4AD4V,Normal_GTEX,1,0,2,1,3,2,2,4,2,3,2,2,4,1,2,5,3,3
GTEX-S341-1326-SM-4AD72,Normal_GTEX,1,0,2,1,3,2,1,4,2,1,2,0,1,1,5,1,3,3
GTEX-13OW8-1526-SM-5K7V2,Normal_GTEX,1,2,2,1,1,0,1,1,4,1,1,0,2,0,3,3,6,6
GTEX-11ZTS-0126-SM-5EQ6M,Normal_GTEX,1,0,2,1,3,2,2,4,2,2,1,3,3,4,3,4,7,7
GTEX-12ZZW-1726-SM-5DUVD,Normal_GTEX,1,0,2,1,3,2,2,4,2,2,1,3,3,4,3,4,7,7
GTEX-ZF3C-1126-SM-57WEG,Normal_GTEX,1,2,2,1,1,0,1,1,4,1,3,0,2,5,0,2,0,0
GTEX-ZVT2-1226-SM-5GU5H,Normal_GTEX,1,2,2,1,1,0,1,1,4,1,3,0,1,5,5,1,0,0
GTEX-T6MN-2026-SM-4DM7L,Normal_GTEX,1,0,0,1,3,2,2,3,2,3,4,5,4,3,6,5,4,4
GTEX-T5JW-0126-SM-4DM6K,Normal_GTEX,1,1,0,1,2,3,2,4,3,3,2,2,4,1,2,5,3,3
GTEX-QLQ7-1926-SM-2S1R6,Normal_GTEX,1,2,2,1,1,0,1,1,4,1,3,0,1,0,0,1,6,0
GTEX-Q2AH-0926-SM-48TZK,Normal_GTEX,1,0,2,1,3,2,2,4,2,3,2,2,4,1,2,5,3,3
GTEX-145MH-0011-R8a-SM-5PNUL,Normal_GTEX,3,1,0,3,2,3,4,3,0,5,4,5,6,3,6,7,4,4
TCGA-GM-A2DO-01,LumB,2,0,1,2,0,1,3,0,1,4,0,1,5,6,1,6,2,2
GTEX-13113-1426-SM-5EGHU,Normal_GTEX,1,0,2,1,3,2,2,4,2,3,2,2,4,1,2,5,3,3
GTEX-ZPU1-1926-SM-57WDT,Normal_GTEX,1,0,2,1,3,2,2,4,2,3,2,2,4,1,2,5,3,3
GTEX-145LS-0526-SM-5LU8Y,Normal_GTEX,1,2,2,1,1,0,1,1,4,1,1,4,2,0,0,2,6,6
GTEX-12WSJ-0326-SM-5GCMT,Normal_GTEX,1,0,2,1,3,2,1,4,2,1,2,2,2,1,2,3,3,3
GTEX-SE5C-0426-SM-4BRUI,Normal_GTEX,1,2,2,1,1,0,1,1,4,1,3,0,1,5,0,1,0,0
TCGA-A2-A0T1-01,Her2,2,0,1,2,0,1,3,0,1,4,0,1,5,6,1,6,2,2
GTEX-R55G-0326-SM-48FDM,Normal_GTEX,1,0,2,1,3,2,2,4,2,3,2,2,4,1,2,5,3,3
GTEX-S341-1426-SM-4AD6U,Normal_GTEX,1,2,2,1,1,0,1,1,4,1,3,0,1,5,5,1,0,0
GTEX-WHSE-0826-SM-4SOJU,Normal_GTEX,1,2,2,1,1,0,1,1,4,1,3,0,2,5,0,2,0,0
GTEX-NPJ8-0011-R4a-SM-2HML3,Normal_GTEX,3,1,0,3,2,3,4,3,0,5,4,5,6,3,6,7,4,4
GTEX-ZYFG-1626-SM-5GZYY,Normal_GTEX,1,0,2,1,3,2,2,4,2,3,2,2,4,1,2,5,3,3
GTEX-12C56-1726-SM-5EQ61,Normal_GTEX,1,0,2,1,3,2,2,4,2,2,1,3,3,4,3,4,7,7
GTEX-ZYY3-3126-SM-5SI9L,Normal_GTEX,3,1,0,3,2,3,4,3,0,5,4,5,6,3,6,7,4,4
GTEX-139UW-0326-SM-5J1ML,Normal_GTEX,1,0,2,1,3,2,2,4,2,2,1,3,3,4,3,4,7,7
GTEX-ZT9W-2726-SM-57WG8,Normal_GTEX,1,2,2,1,1,0,1,1,4,1,3,0,1,5,0,1,0,0
GTEX-WWYW-0005-SM-3NB3K,Normal_GTEX,3,1,0,4,2,3,5,2,3,6,5,4,7,2,4,8,1,1
GTEX-WYJK-1126-SM-3NM9Z,Normal_GTEX,1,2,2,1,1,0,1,1,4,1,3,0,2,5,0,2,0,0
GTEX-XAJ8-0006-SM-46MVM,Normal_GTEX,3,1,0,4,2,3,5,2,3,6,5,4,7,2,4,8,1,1
GTEX-UJMC-1826-SM-3GADT,Normal_GTEX,1,2,2,1,1,0,1,1,4,1,1,4,2,0,0,2,6,6
GTEX-14AS3-2226-SM-5S2OX,Normal_GTEX,1,2,2,1,1,0,1,1,4,1,1,0,2,0,3,3,6,6
GTEX-13OVL-3226-SM-5L3H8,Normal_GTEX,1,1,0,1,2,3,2,3,0,3,4,5,4,3,6,5,4,4
TCGA-BH-A1ET-01,LumA,2,0,1,2,0,1,3,0,1,4,0,1,5,6,1,6,2,2
GTEX-V1D1-0008-SM-4JBIJ,Normal_GTEX,3,2,2,4,1,0,5,2,3,6,5,4,7,2,0,8,5,5
TCGA-BH-A0EI-01,LumA,2,0,1,2,0,1,3,0,1,4,0,1,5,6,1,6,2,2
TCGA-BH-A0GY-01,LumA,2,0,1,2,0,1,3,0,1,4,0,1,5,6,1,6,2,2
GTEX-11XUK-0005-SM-5LU9F,Normal_GTEX,3,1,0,4,2,3,5,2,3,6,5,4,7,2,4,8,1,1
GTEX-XBEW-0626-SM-4QASP,Normal_GTEX,1,0,2,1,3,2,2,4,2,2,1,3,3,4,3,4,7,7
GTEX-139T8-0726-SM-5L3D2,Normal_GTEX,1,2,2,1,1,0,1,1,4,1,2,0,1,1,0,1,6,6
GTEX-ZLV1-0126-SM-4WWBZ,Normal_GTEX,1,0,2,1,3,2,1,4,2,1,2,2,2,1,2,3,3,3
GTEX-13O3O-0326-SM-5K7W2,Normal_GTEX,1,2,2,1,1,0,1,1,4,1,1,0,2,0,3,3,6,6
GTEX-T5JC-1526-SM-4DM68,Normal_GTEX,1,0,2,1,3,2,2,4,2,3,2,2,4,1,2,5,3,3
GTEX-XBED-0826-SM-47JYC,Normal_GTEX,1,0,2,1,3,2,2,4,2,3,2,2,4,1,2,5,3,3
GTEX-XMD2-0326-SM-4YCD6,Normal_GTEX,1,2,2,1,1,0,1,1,4,1,1,0,2,0,3,3,6,6
GTEX-11ONC-0526-SM-5BC57,Normal_GTEX,1,0,2,1,3,2,2,4,2,3,2,2,4,1,2,5,3,3
GTEX-QV44-0008-SM-447AX,Normal_GTEX,3,2,2,4,1,0,5,1,3,6,1,4,7,0,0,8,5,5
GTEX-139TT-0011-R11b-SM-5LZV1,Normal_GTEX,3,1,0,3,2,3,4,3,0,5,4,5,6,3,6,7,4,4
GTEX-ZDTS-1326-SM-4WKGX,Normal_GTEX,1,2,2,1,1,0,1,1,4,1,3,0,2,5,0,2,0,0
GTEX-13FLV-1426-SM-5J1N4,Normal_GTEX,1,2,2,1,1,0,1,1,4,1,3,0,1,5,0,1,0,0
GTEX-11EMC-0926-SM-59863,Normal_GTEX,1,2,2,1,1,0,1,1,4,1,3,0,1,5,0,1,0,0
GTEX-14ICL-0926-SM-5S2TU,Normal_GTEX,1,2,2,1,1,0,1,1,4,1,3,0,2,5,5,3,0,6
GTEX-147F3-0226-SM-5NQBV,Normal_GTEX,1,2,2,1,1,0,1,1,4,1,1,4,2,0,0,2,6,6
GTEX-PVOW-0426-SM-2XCF8,Normal_GTEX,1,2,2,1,1,0,1,1,4,1,3,0,2,5,0,2,0,0
GTEX-OXRK-0126-SM-3NB1E,Normal_GTEX,1,1,0,1,2,3,2,1,4,3,2,2,4,1,2,5,5,5
GTEX-ZTX8-1826-SM-5N9E5,Normal_GTEX,1,2,2,1,1,0,1,1,4,1,3,0,1,5,0,1,0,0
GTEX-145ME-1126-SM-5SIAT,Normal_GTEX,1,2,2,1,1,0,1,1,4,1,3,0,1,5,5,1,0,0
GTEX-ZF29-2126-SM-4WWB8,Normal_GTEX,1,0,2,1,3,2,2,4,2,2,1,3,3,4,3,4,7,7
GTEX-ZF28-0726-SM-4WKFU,Normal_GTEX,1,0,2,1,3,2,2,4,2,3,2,2,4,1,2,5,3,3
GTEX-14A6H-0126-SM-5QGPK,Normal_GTEX,1,0,2,1,3,2,2,4,2,2,1,3,3,4,3,4,7,7
GTEX-12C56-0426-SM-5FQU1,Normal_GTEX,1,2,2,1,1,0,1,1,4,1,3,0,1,5,5,1,0,0
TCGA-D8-A147-01,Basal,2,0,1,2,0,1,3,0,1,4,0,1,5,6,1,6,2,2
TCGA-E2-A1IL-01,LumA,2,0,1,2,0,1,3,0,1,4,0,1,5,6,1,6,2,2
GTEX-Y3I4-0126-SM-4TT26,Normal_GTEX,1,1,0,1,2,3,2,4,3,3,2,2,4,1,2,5,3,3
GTEX-117YX-1626-SM-5GZZG,Normal_GTEX,1,0,2,1,3,2,2,4,2,2,1,3,3,4,3,4,7,7
GTEX-SN8G-0926-SM-4DM5I,Normal_GTEX,1,0,2,1,3,2,2,4,2,3,2,2,4,1,2,5,3,3
GTEX-XMD2-0008-SM-4WWE7,Normal_GTEX,3,2,2,4,1,0,5,1,3,6,1,4,7,4,0,8,5,5
GTEX-111YS-1626-SM-5GZZ9,Normal_GTEX,1,2,2,1,1,0,1,1,4,1,3,0,1,5,5,1,0,0
GTEX-ZYFC-0426-SM-5GICQ,Normal_GTEX,1,0,2,1,3,2,2,4,2,2,1,3,3,4,3,4,7,7
TCGA-C8-A27B-01,Basal,2,0,1,2,0,1,3,0,1,4,0,1,5,6,1,6,2,2
GTEX-WFG8-1326-SM-4LVN3,Normal_GTEX,1,0,2,1,3,2,2,4,2,3,2,2,4,1,2,5,3,3
GTEX-1399U-0926-SM-5IFHA,Normal_GTEX,1,0,2,1,3,2,2,4,2,3,2,2,4,1,2,5,3,3
GTEX-11NV4-0526-SM-5N9BF,Normal_GTEX,1,2,2,1,1,0,1,1,4,1,3,0,1,5,0,1,0,0
GTEX-145LU-0011-R11b-SM-5P9JX,Normal_GTEX,3,1,0,3,2,3,4,3,0,5,4,5,6,3,6,7,4,4
GTEX-139TU-1226-SM-5J2NL,Normal_GTEX,1,0,2,1,3,2,2,4,2,2,1,3,3,4,3,4,7,7
TCGA-AN-A0AS-01,LumA,2,0,1,2,0,1,3,0,1,4,0,1,5,6,1,6,2,2
GTEX-XGQ4-2326-SM-4AT53,Normal_GTEX,1,2,2,1,1,0,1,1,4,1,1,4,2,0,0,2,6,6
GTEX-RWSA-0126-SM-2XCBB,Normal_GTEX,1,0,2,1,3,2,2,4,2,2,1,3,3,4,3,4,7,7
GTEX-14C39-1626-SM-5S2P4,Normal_GTEX,1,2,2,1,1,0,1,1,4,1,3,0,1,5,5,1,0,0
GTEX-RM2N-0926-SM-48FD1,Normal_GTEX,1,0,2,1,3,2,2,4,2,3,2,2,4,1,2,5,3,3
GTEX-ZV6S-0826-SM-5NQ6Z,Normal_GTEX,1,1,0,1,2,3,2,4,3,3,2,2,4,1,2,5,3,3
GTEX-13N11-1126-SM-5KM41,Normal_GTEX,1,2,2,1,1,0,1,1,4,1,3,0,1,5,5,1,0,0
GTEX-R53T-1126-SM-48FD4,Normal_GTEX,1,0,2,1,3,2,2,4,2,2,1,3,3,4,3,4,7,7
TCGA-A8-A06R-01,LumB,2,0,1,2,0,1,3,0,1,4,0,1,5,6,1,6,2,2
GTEX-117YX-0826-SM-5H11J,Normal_GTEX,1,2,2,1,1,0,1,1,4,1,3,0,1,5,5,1,0,0
GTEX-RM2N-1726-SM-2TF55,Normal_GTEX,1,2,2,1,1,0,1,1,4,1,1,0,2,0,5,3,6,6
GTEX-YEC3-0426-SM-4YCEP,Normal_GTEX,1,2,2,1,1,0,1,1,4,1,3,0,2,5,0,2,0,0
GTEX-S4P3-0008-SM-3NM8R,Normal_GTEX,3,2,2,4,1,0,5,1,3,6,1,4,7,0,0,8,5,5
GTEX-OHPN-0005-SM-2YUML,Normal_GTEX,3,1,0,4,2,3,5,2,3,6,5,4,7,2,4,8,1,1
TCGA-AO-A1KP-01,LumB,2,0,1,2,0,1,3,0,1,4,0,1,5,6,1,6,2,2
GTEX-WRHK-0226-SM-4MVOH,Normal_GTEX,1,0,2,1,3,2,2,4,2,3,2,2,4,1,2,5,3,3
TCGA-BH-A1FB-01,LumA,2,0,1,2,0,1,3,0,1,4,0,1,5,6,1,6,2,2
GTEX-OHPK-2626-SM-2HMK9,Normal_GTEX,1,0,2,1,3,2,1,4,2,1,2,2,2,1,2,3,3,3
GTEX-Y5LM-1726-SM-4VDSX,Normal_GTEX,1,0,2,1,3,2,1,4,2,1,1,0,2,0,5,3,6,6
GTEX-13OW7-2926-SM-5MR3Z,Normal_GTEX,3,1,0,3,2,3,4,3,0,5,4,5,6,3,6,7,4,4
GTEX-R55G-1626-SM-48FF4,Normal_GTEX,1,2,2,1,1,0,1,1,4,1,3,0,1,5,5,1,0,0
GTEX-12WSA-2926-SM-5EQ4D,Normal_GTEX,3,1,0,3,2,3,4,3,0,5,4,5,6,3,6,7,4,4
GTEX-11DXZ-1726-SM-5H12M,Normal_GTEX,1,0,2,1,3,2,2,4,2,3,2,2,4,1,2,5,3,3
GTEX-OHPJ-0626-SM-2YUMY,Normal_GTEX,1,2,2,1,1,0,1,1,4,1,3,0,1,5,0,1,0,0
GTEX-Y111-0226-SM-4SOIW,Normal_GTEX,1,2,2,1,1,0,1,1,4,1,1,0,2,0,5,3,6,6
GTEX-111YS-0926-SM-5EGGI,Normal_GTEX,1,0,2,1,3,2,2,4,2,2,1,3,3,4,3,4,7,7
GTEX-13FHP-0826-SM-5K7V5,Normal_GTEX,1,2,2,1,1,0,1,1,4,1,3,0,2,5,0,2,0,0
TCGA-BH-A18L-01,LumB,2,0,1,2,0,1,3,0,1,4,0,1,5,6,1,6,2,2
GTEX-X5EB-2026-SM-4E3KA,Normal_GTEX,1,0,0,1,3,2,2,3,2,3,4,5,4,3,6,5,4,4
GTEX-WXYG-1426-SM-4ONCK,Normal_GTEX,1,2,2,1,1,0,1,1,4,1,3,0,1,5,0,1,5,5
GTEX-12WSK-0826-SM-5CVNP,Normal_GTEX,1,0,2,1,3,2,2,4,2,3,2,2,4,1,2,5,3,3
GTEX-11GSP-0226-SM-5A5KV,Normal_GTEX,1,2,2,1,1,0,1,1,4,1,3,0,1,5,0,1,5,5
TCGA-E9-A1RC-01,LumA,2,0,1,2,0,1,3,0,1,4,0,1,5,6,1,6,2,2
GTEX-ZUA1-0426-SM-5NQAF,Normal_GTEX,1,2,2,1,1,0,1,1,4,1,3,0,1,0,0,1,6,0
GTEX-OXRO-1926-SM-2S1O3,Normal_GTEX,1,2,2,1,1,0,1,1,4,1,3,0,1,0,0,1,6,0
GTEX-131YS-2426-SM-5J2OD,Normal_GTEX,1,0,2,1,3,2,2,4,2,2,1,3,3,4,3,4,7,7
GTEX-POYW-1326-SM-48TCG,Normal_GTEX,1,0,2,1,3,2,2,4,2,2,1,3,3,4,3,4,7,7
GTEX-Y5V5-0926-SM-4VBPZ,Normal_GTEX,1,0,2,1,3,2,2,4,2,3,2,2,4,1,2,5,3,3
GTEX-148VI-1726-SM-5S2W9,Normal_GTEX,1,2,2,1,1,0,1,1,4,1,1,0,2,0,5,3,6,6
GTEX-11LCK-0226-SM-5A5M6,Normal_GTEX,1,0,2,1,3,2,2,4,2,3,2,2,4,1,2,5,3,3
TCGA-A2-A0CT-01,LumA,2,0,1,2,0,1,3,0,1,4,0,1,5,6,1,6,2,2
GTEX-WEY5-0001-SM-3P61Z,Normal_GTEX,3,1,0,4,2,3,5,2,3,6,5,4,7,2,4,8,1,1
GTEX-ZXES-0008-SM-57WCX,Normal_GTEX,3,2,2,4,1,0,5,1,3,6,5,4,7,2,0,8,5,5
GTEX-SJXC-0008-SM-4DM7G,Normal_GTEX,3,2,2,4,1,0,5,1,3,6,1,4,7,2,0,8,5,5
GTEX-12WSG-1426-SM-5FQUK,Normal_GTEX,1,2,2,1,1,0,1,1,4,1,3,0,1,5,0,1,5,5
GTEX-XV7Q-2626-SM-4BRVA,Normal_GTEX,1,2,2,1,1,0,1,1,4,1,1,0,2,0,5,3,6,6
GTEX-XUJ4-0926-SM-4BOPA,Normal_GTEX,1,2,2,1,1,0,1,1,4,1,3,0,1,5,5,1,0,0
GTEX-13FLV-2326-SM-5K7UK,Normal_GTEX,1,2,2,1,1,0,1,1,4,1,1,0,2,0,3,3,6,6
GTEX-12WSD-0011-R4b-SM-5LZUA,Normal_GTEX,3,1,0,3,2,3,4,3,0,5,4,5,6,3,6,7,4,4
GTEX-12WSD-2326-SM-59HKQ,Normal_GTEX,1,0,2,1,3,2,2,4,2,3,2,2,4,1,2,5,3,3
GTEX-13S7M-0011-R9a-SM-5O9DW,Normal_GTEX,3,1,0,3,2,3,4,3,0,5,4,5,6,3,6,7,4,4
GTEX-XUZC-1726-SM-4BRWS,Normal_GTEX,1,0,2,1,3,2,2,4,2,2,1,3,3,4,3,4,7,7
TCGA-GM-A3NY-01,LumA,2,0,1,2,0,1,3,0,1,4,0,1,5,6,1,6,2,2
GTEX-XYKS-1326-SM-4BRUN,Normal_GTEX,1,0,2,1,1,1,1,1,1,1,1,0,2,0,5,3,6,6
TCGA-AR-A2LO-01,LumA,2,0,1,2,0,1,3,0,1,4,0,1,5,6,1,6,2,2
GTEX-13W3W-1726-SM-5LU4A,Normal_GTEX,1,2,2,1,1,0,1,1,4,1,3,0,1,5,5,1,0,0
GTEX-14ASI-0011-R6a-SM-5S2UZ,Normal_GTEX,3,1,0,3,2,3,4,3,0,5,4,5,6,3,6,7,4,4
GTEX-13OW8-1426-SM-5IJDT,Normal_GTEX,1,2,2,1,1,0,1,1,4,1,1,4,2,0,0,2,6,6
GTEX-X4EO-2426-SM-4QASD,Normal_GTEX,1,2,2,1,1,0,1,1,4,1,3,0,1,5,0,1,0,0
GTEX-13OVL-0011-R5b-SM-5L3FU,Normal_GTEX,3,1,0,3,2,3,4,3,0,5,4,5,6,3,6,7,4,4
GTEX-PWCY-2026-SM-2S1NF,Normal_GTEX,1,2,2,1,1,0,1,1,4,1,1,4,2,0,0,2,6,6
GTEX-ZLFU-1826-SM-4WWBV,Normal_GTEX,1,2,2,1,3,2,2,4,2,2,1,3,3,4,3,4,7,7
GTEX-12WSK-1926-SM-5LZVK,Normal_GTEX,1,2,2,1,1,0,1,1,4,1,3,0,1,5,0,1,5,5
GTEX-SNMC-0526-SM-4DM69,Normal_GTEX,1,0,2,1,3,2,2,4,2,2,1,3,3,4,3,4,7,7
GTEX-13FHP-3126-SM-5KLYX,Normal_GTEX,1,1,0,1,2,3,2,3,0,3,4,5,4,3,6,5,4,4
GTEX-YFC4-0226-SM-57WD2,Normal_GTEX,1,2,2,1,1,0,1,1,4,1,1,0,2,0,5,3,6,6
TCGA-AO-A0JI-01,LumA,2,0,1,2,0,1,3,0,1,4,0,1,5,6,1,6,2,2
GTEX-12WSL-2026-SM-5GCML,Normal_GTEX,1,0,2,1,3,2,2,4,2,2,1,3,3,4,3,4,7,7
GTEX-1313W-0011-R7b-SM-5DUWL,Normal_GTEX,3,1,0,3,2,3,4,3,0,5,4,5,6,3,6,7,4,4
GTEX-T5JC-1826-SM-4DM6E,Normal_GTEX,1,2,2,1,1,0,1,1,4,1,3,0,1,5,5,1,0,0
GTEX-YF7O-0826-SM-4W21F,Normal_GTEX,1,2,2,1,1,0,1,1,4,1,3,0,1,5,5,1,0,0
TCGA-AO-A0JL-01,Basal,2,0,1,2,0,1,3,0,1,4,0,1,5,6,1,6,2,2
GTEX-144GL-0011-R6a-SM-5P9HW,Normal_GTEX,3,1,0,3,2,3,4,3,0,5,4,5,6,3,6,7,4,4
GTEX-OHPL-0626-SM-3MJGJ,Normal_GTEX,1,0,2,1,3,2,2,4,2,2,1,3,3,4,3,4,7,7
GTEX-OXRP-2326-SM-2S1NL,Normal_GTEX,1,2,2,1,1,0,1,1,4,1,1,4,2,0,0,2,6,6
GTEX-11OF3-2626-SM-5GU7F,Normal_GTEX,1,0,2,1,3,2,2,4,2,2,1,3,3,4,3,4,7,7
TCGA-BH-A1FJ-11,Normal_TCGA,1,0,1,1,0,1,1,0,1,1,0,1,2,6,1,3,2,2
GTEX-YF7O-1526-SM-5IFI6,Normal_GTEX,1,0,2,1,3,2,2,4,2,2,1,3,3,4,3,4,7,7
GTEX-11DXZ-1826-SM-5H12Y,Normal_GTEX,1,2,2,1,1,0,1,1,4,1,3,0,1,5,5,1,0,0
GTEX-PX3G-0526-SM-2I3EM,Normal_GTEX,1,0,2,1,3,2,2,4,2,3,2,2,4,1,2,5,3,3
GTEX-1313W-1426-SM-5KLZU,Normal_GTEX,1,2,2,1,1,0,1,1,4,1,3,0,2,5,0,2,0,0
GTEX-ZAB4-1526-SM-5CVN7,Normal_GTEX,1,0,2,1,3,2,2,4,2,3,2,2,4,1,2,5,3,3
GTEX-PWN1-2526-SM-48TDS,Normal_GTEX,1,0,2,1,3,2,2,4,2,2,1,3,3,4,3,4,7,7
GTEX-WHSB-0326-SM-5FQSD,Normal_GTEX,1,0,2,1,3,2,2,4,2,3,2,2,4,1,2,5,3,3
GTEX-ZAB5-0426-SM-5CVMI,Normal_GTEX,1,0,2,1,3,2,2,4,2,3,2,2,4,1,2,5,3,3
GTEX-R55F-1326-SM-2TF5F,Normal_GTEX,3,1,0,3,2,3,4,3,0,5,4,5,6,3,6,7,4,4
GTEX-ZP4G-0008-SM-4E3I4,Normal_GTEX,3,2,2,4,1,0,5,2,3,6,5,4,7,2,0,8,5,5
GTEX-13RTK-0426-SM-5RQHT,Normal_GTEX,1,2,2,1,1,0,1,1,4,1,3,0,1,5,5,1,0,0
GTEX-1477Z-0011-R3b-SM-5PNX9,Normal_GTEX,3,1,0,3,2,3,4,3,0,5,4,5,6,3,6,7,4,4
GTEX-12ZZX-1026-SM-5LZUW,Normal_GTEX,1,2,2,1,1,0,1,1,4,1,3,0,1,5,0,1,0,0
GTEX-13X6I-0011-R8a-SM-5PNZF,Normal_GTEX,3,1,0,3,2,3,4,3,0,5,4,5,6,3,6,7,4,4
GTEX-ZYFG-0326-SM-5E45Z,Normal_GTEX,1,2,2,1,1,0,1,1,4,1,3,0,1,5,0,1,0,0
GTEX-12C56-1926-SM-5FQUG,Normal_GTEX,1,2,2,1,1,0,1,1,4,1,1,4,2,0,0,2,6,6
GTEX-XYKS-0826-SM-4BRVF,Normal_GTEX,1,0,2,1,3,2,1,4,2,1,2,0,2,1,2,2,3,3
GTEX-12WSK-1026-SM-5CVNR,Normal_GTEX,1,2,2,1,1,0,1,1,4,1,2,0,2,0,5,3,6,6
GTEX-QCQG-0726-SM-48U1Z,Normal_GTEX,1,2,2,1,1,0,1,1,4,1,3,0,1,5,5,1,0,0
GTEX-WEY5-2226-SM-3GILQ,Normal_GTEX,1,2,2,1,1,0,1,1,4,1,1,0,2,0,3,3,6,6
GTEX-11ZVC-0526-SM-5N9G1,Normal_GTEX,1,2,2,1,1,0,1,1,4,1,3,0,2,5,0,2,0,0
GTEX-XYKS-0526-SM-4BRW2,Normal_GTEX,1,0,2,1,3,2,2,4,2,3,2,2,4,1,2,5,3,3
GTEX-ZF3C-1626-SM-4WWB4,Normal_GTEX,1,0,2,1,3,2,2,4,2,2,1,3,3,4,3,4,7,7
GTEX-WH7G-0726-SM-5EQ6C,Normal_GTEX,1,0,2,1,3,2,2,4,2,3,2,2,4,1,2,5,3,3
GTEX-YEC3-0726-SM-4YCD1,Normal_GTEX,1,2,2,1,1,0,1,1,4,1,3,0,2,5,0,2,0,0
GTEX-131XE-0326-SM-5LZVO,Normal_GTEX,1,0,2,1,3,2,2,4,2,3,2,2,4,1,2,5,3,3
GTEX-ZF2S-0006-SM-4WKHF,Normal_GTEX,3,1,0,4,2,3,5,2,3,6,5,4,7,2,4,8,1,1
GTEX-ZEX8-0526-SM-4WKH5,Normal_GTEX,1,0,2,1,3,2,2,4,2,3,2,2,4,1,2,5,3,3
GTEX-117YX-0226-SM-5EGH6,Normal_GTEX,1,0,2,1,3,2,2,4,2,3,2,2,4,1,2,5,3,3
GTEX-X15G-0726-SM-4PQZ5,Normal_GTEX,1,0,2,1,3,2,2,4,2,3,2,2,4,1,2,5,3,3
GTEX-146FH-2626-SM-5Q5E1,Normal_GTEX,1,0,2,1,3,2,2,4,2,2,1,3,3,4,3,4,7,7
GTEX-14E6C-1026-SM-5SI6P,Normal_GTEX,1,2,2,1,1,0,1,1,4,1,1,0,2,0,3,3,6,6
GTEX-ZDTS-0526-SM-4WKH9,Normal_GTEX,1,2,2,1,1,0,1,1,4,1,1,4,2,0,0,2,6,6
GTEX-144GN-0826-SM-5LU5G,Normal_GTEX,1,0,2,1,3,2,2,4,2,3,2,2,4,1,2,5,3,3
GTEX-13IVO-0626-SM-5LZYJ,Normal_GTEX,1,2,2,1,1,0,1,1,4,1,1,4,2,0,0,2,6,6
GTEX-OIZH-1826-SM-2YUNP,Normal_GTEX,1,2,2,1,1,0,1,1,4,1,3,0,1,5,0,1,0,0
GTEX-12ZZX-2826-SM-5BC6K,Normal_GTEX,3,1,0,3,2,3,4,3,0,5,4,5,6,3,6,7,4,4
TCGA-GM-A2DH-01,Her2,2,0,1,2,0,1,3,0,1,4,0,1,5,6,1,6,2,2
GTEX-12WSK-1126-SM-5LZV8,Normal_GTEX,1,0,2,1,3,2,2,4,2,2,1,3,3,4,3,4,7,7
GTEX-1497J-0726-SM-5Q5D1,Normal_GTEX,1,0,2,1,3,2,2,4,2,3,2,2,4,1,2,5,3,3
TCGA-BH-A1ES-01,LumA,2,0,1,2,0,1,3,0,1,4,0,1,5,6,1,6,2,2
GTEX-PVOW-0008-SM-48TE8,Normal_GTEX,3,2,2,4,1,0,5,1,3,6,1,4,7,0,0,8,5,5
GTEX-11NUK-0005-SM-5MR5F,Normal_GTEX,3,1,0,4,2,3,5,2,3,6,5,4,7,2,4,8,1,1
GTEX-111CU-0926-SM-5EGIK,Normal_GTEX,1,0,2,1,3,2,2,4,2,3,2,2,4,1,2,5,3,3
GTEX-1128S-0326-SM-5GZZF,Normal_GTEX,1,2,2,1,1,0,1,1,4,1,3,0,1,5,0,1,0,0
GTEX-1192W-2326-SM-5N9BS,Normal_GTEX,1,2,2,1,1,0,1,1,4,1,2,0,1,0,0,1,6,6
GTEX-11WQK-2926-SM-5EQKT,Normal_GTEX,1,0,2,1,3,2,2,4,2,3,2,3,4,1,3,5,3,7
GTEX-ZDTT-0226-SM-4WKHM,Normal_GTEX,1,2,2,1,1,0,1,1,4,1,3,0,1,5,0,1,0,0
TCGA-AO-A03M-01,LumA,2,0,1,2,0,1,3,0,1,4,0,1,5,6,1,6,2,2
GTEX-UPJH-0826-SM-4WKFD,Normal_GTEX,1,0,2,1,3,2,2,4,2,3,2,2,4,1,2,5,3,3
GTEX-11WQC-2826-SM-5GU7A,Normal_GTEX,1,2,2,1,1,0,1,1,4,1,1,0,2,0,3,3,6,6
GTEX-132QS-0826-SM-5K7WV,Normal_GTEX,1,2,2,1,1,0,1,1,4,1,2,0,2,0,5,3,6,6
GTEX-ZDYS-0126-SM-5HL6X,Normal_GTEX,1,2,2,1,1,0,1,1,4,1,3,0,1,5,0,1,0,0
GTEX-11ZUS-0226-SM-5FQT8,Normal_GTEX,1,2,2,1,1,0,1,1,4,1,3,0,2,5,0,2,0,0
GTEX-11TTK-0426-SM-5EQLT,Normal_GTEX,1,2,2,1,1,0,1,1,4,1,1,0,2,0,3,3,6,6
TCGA-BH-A18M-01,LumA,2,0,1,2,0,1,3,0,1,4,0,1,5,6,1,6,2,2
GTEX-QDT8-1326-SM-48TYY,Normal_GTEX,1,2,2,1,1,0,1,1,4,1,3,0,1,5,5,1,0,0
GTEX-14BMU-1926-SM-5S2QC,Normal_GTEX,1,0,2,1,3,2,2,4,2,2,1,3,3,4,3,4,7,7
GTEX-ZAB4-3126-SM-57WCJ,Normal_GTEX,1,1,0,1,2,3,2,3,0,3,4,5,4,3,6,5,4,4
GTEX-OHPM-1026-SM-3LK74,Normal_GTEX,1,0,2,1,3,2,2,4,2,3,2,2,4,1,2,5,3,3
TCGA-A8-A09M-01,LumB,2,0,1,2,0,1,3,0,1,4,0,1,5,6,1,6,2,2
GTEX-131YS-0426-SM-5EQ4J,Normal_GTEX,1,2,2,1,1,0,1,1,4,1,3,0,1,0,0,1,6,0
GTEX-S4Z8-2126-SM-4AD5H,Normal_GTEX,1,0,0,1,3,2,2,4,2,3,2,5,4,1,6,5,3,4
GTEX-11EM3-0226-SM-5985Y,Normal_GTEX,1,2,2,1,1,0,1,1,4,1,3,0,1,5,0,1,0,0
GTEX-13OVI-0726-SM-5L3DD,Normal_GTEX,1,2,2,1,1,0,1,1,4,1,3,0,1,5,0,1,5,5
GTEX-13VXU-0126-SM-5SI9F,Normal_GTEX,1,0,2,1,3,2,2,4,2,2,1,3,3,4,3,4,7,7
GTEX-WY7C-1726-SM-4ONCC,Normal_GTEX,1,0,2,1,3,2,2,4,2,3,2,2,4,1,2,5,3,3
GTEX-12WSB-0226-SM-5GCOR,Normal_GTEX,1,2,2,1,1,0,1,1,4,1,1,0,2,0,5,3,6,6
GTEX-13G51-0826-SM-5K7VB,Normal_GTEX,1,2,2,1,1,0,1,1,4,1,2,0,1,0,0,1,6,6
GTEX-QEG5-0626-SM-2S1PP,Normal_GTEX,1,2,2,1,1,0,1,1,4,1,3,0,1,0,0,1,6,0
GTEX-145MN-0126-SM-5RQHY,Normal_GTEX,1,1,0,1,2,3,2,4,3,3,2,2,4,1,2,5,3,3
GTEX-145MF-1026-SM-5Q5EQ,Normal_GTEX,1,2,2,1,1,0,1,1,4,1,2,0,2,0,5,3,6,6
GTEX-RU1J-0826-SM-46MUU,Normal_GTEX,1,2,2,1,1,0,1,1,4,1,3,0,1,5,0,1,5,5
GTEX-13X6J-0011-R5b-SM-5PNWT,Normal_GTEX,3,1,0,3,2,3,4,3,0,5,4,5,6,3,6,7,4,4
GTEX-NPJ8-0011-R1a-SM-5SI8B,Normal_GTEX,3,1,0,3,2,3,4,3,0,5,4,5,6,3,6,7,4,4
TCGA-EW-A1OV-01,Her2,2,0,1,2,0,1,3,0,1,4,0,1,5,6,1,6,2,2
GTEX-ZUA1-0826-SM-4YCDL,Normal_GTEX,1,2,2,1,1,0,1,1,4,1,3,0,2,5,0,2,0,0
GTEX-YJ89-0008-SM-4RGM4,Normal_GTEX,3,2,2,4,1,0,5,1,3,6,3,4,7,5,0,8,5,5
GTEX-13CZU-0005-SM-5LU8K,Normal_GTEX,3,1,0,4,2,3,5,2,3,6,5,4,7,2,4,8,1,1
GTEX-T6MO-0626-SM-4DM6P,Normal_GTEX,1,2,2,1,1,0,1,1,4,1,3,0,1,5,5,1,0,0
GTEX-PLZ4-0006-SM-2S1NY,Normal_GTEX,3,1,0,4,2,3,5,2,3,6,5,4,7,2,4,8,1,1
TCGA-A1-A0SN-01,LumB,2,0,1,2,0,1,3,0,1,4,0,1,5,6,1,6,2,2
GTEX-XYKS-2426-SM-4AT43,Normal_GTEX,1,2,2,1,1,0,1,1,4,1,1,4,2,0,0,2,6,6
GTEX-Q734-1126-SM-48TZY,Normal_GTEX,1,0,2,1,3,2,2,4,2,3,2,2,4,1,2,5,3,3
GTEX-XLM4-0011-R8A-SM-4AT44,Normal_GTEX,3,1,0,3,2,3,4,3,0,5,4,5,6,3,6,7,4,4
GTEX-RVPU-1526-SM-47JXQ,Normal_GTEX,1,2,2,1,1,0,1,1,4,1,3,0,1,0,0,1,6,0
GTEX-ZYWO-0126-SM-5GZWQ,Normal_GTEX,1,1,2,1,2,3,2,1,4,3,2,2,4,1,2,5,5,5
GTEX-PW2O-0826-SM-48TC5,Normal_GTEX,1,0,2,1,3,2,2,4,2,3,2,2,4,1,2,5,3,3
GTEX-X3Y1-2026-SM-3P5YM,Normal_GTEX,1,0,2,1,3,2,2,4,2,2,1,3,3,4,3,4,7,7
GTEX-TMMY-0005-SM-33HBN,Normal_GTEX,3,2,0,4,1,3,5,2,3,6,5,4,7,2,4,8,1,1
GTEX-131XF-0126-SM-5DUVF,Normal_GTEX,1,2,0,1,1,3,2,1,4,3,2,2,4,1,2,5,5,5
GTEX-Y5LM-0226-SM-4VBRM,Normal_GTEX,1,2,2,1,1,0,1,1,4,1,3,0,1,5,0,1,0,0
GTEX-139UW-0011-R9b-SM-5LZYT,Normal_GTEX,3,1,0,3,2,3,4,3,0,5,4,5,6,3,6,7,4,4
GTEX-117YX-1226-SM-5H11S,Normal_GTEX,1,0,2,1,3,2,1,4,2,1,2,2,2,1,2,3,3,3
GTEX-ZVTK-0626-SM-5GU6Y,Normal_GTEX,1,2,2,1,1,0,1,1,4,1,1,4,2,0,0,2,6,6
GTEX-13RTJ-0011-R1a-SM-5O9D9,Normal_GTEX,3,1,0,3,2,3,4,3,0,5,4,5,6,3,6,7,4,4
GTEX-111VG-0326-SM-5GZX7,Normal_GTEX,1,2,2,1,1,0,1,1,4,1,3,0,2,5,0,2,0,0
GTEX-QDVJ-1326-SM-48U1X,Normal_GTEX,1,0,2,1,3,2,2,4,2,3,2,2,4,1,2,5,3,3
GTEX-TMKS-0126-SM-3DB7S,Normal_GTEX,1,0,2,1,3,2,2,4,2,2,1,3,3,4,3,4,7,7
GTEX-12WSA-0226-SM-5BC5V,Normal_GTEX,1,0,2,1,3,2,2,4,2,2,1,3,3,4,3,4,7,7
GTEX-T6MN-1126-SM-4DM71,Normal_GTEX,1,2,2,1,1,0,1,1,4,1,3,0,1,5,0,1,0,0
GTEX-WRHU-1326-SM-4E3K7,Normal_GTEX,1,2,2,1,1,0,1,1,4,1,3,0,1,5,0,1,0,0
TCGA-BH-A18F-01,LumA,2,0,1,2,0,1,3,0,1,4,0,1,5,6,1,6,2,2
GTEX-14A6H-2626-SM-5NQBO,Normal_GTEX,1,2,2,1,1,0,1,1,4,1,1,0,2,0,3,3,6,6
GTEX-S95S-1026-SM-4B64M,Normal_GTEX,1,0,2,1,3,2,1,4,2,1,2,2,1,1,2,1,3,3
GTEX-145MN-1026-SM-5NQ9G,Normal_GTEX,1,0,2,1,3,2,2,4,2,2,1,3,3,4,3,4,7,7
GTEX-148VJ-0426-SM-5S2V8,Normal_GTEX,1,2,2,1,1,0,1,1,4,1,3,0,1,5,0,1,0,0
GTEX-11WQK-3226-SM-5EGI3,Normal_GTEX,1,1,0,1,2,3,2,3,0,3,4,5,4,3,6,5,4,4
GTEX-YEC4-0726-SM-5CVLV,Normal_GTEX,1,2,2,1,1,0,1,1,4,1,3,0,1,5,0,1,0,0
GTEX-ZUA1-0011-R5b-SM-51MTG,Normal_GTEX,3,1,0,3,2,3,4,3,0,5,4,5,6,3,6,7,4,4
GTEX-13FHO-0526-SM-5K7VS,Normal_GTEX,1,2,2,1,1,0,1,1,4,1,1,0,2,0,3,3,6,6
GTEX-ZT9W-1226-SM-57WE4,Normal_GTEX,1,2,2,1,1,0,1,1,4,1,3,0,1,5,5,1,0,0
GTEX-139TS-0005-SM-5NQC1,Normal_GTEX,3,1,0,4,2,3,5,2,3,6,5,4,7,2,4,8,1,1
GTEX-WZTO-0001-SM-4PQZY,Normal_GTEX,3,1,0,4,2,3,5,2,3,6,5,4,7,2,4,8,1,1
GTEX-X15G-0826-SM-4PQZD,Normal_GTEX,1,0,2,1,3,2,2,4,2,2,1,3,3,4,3,4,7,7
GTEX-13N1W-1926-SM-5IJCH,Normal_GTEX,1,2,2,1,1,0,1,1,4,1,3,0,1,5,5,1,0,0
GTEX-1269C-0926-SM-5FQSR,Normal_GTEX,1,0,2,1,3,2,2,4,2,3,2,2,4,1,2,5,3,3
GTEX-145MG-0826-SM-5Q5C2,Normal_GTEX,1,0,2,1,3,2,1,4,2,1,2,2,2,1,2,3,3,3
GTEX-144GM-0826-SM-5O98R,Normal_GTEX,1,0,2,1,3,2,1,4,2,1,2,2,1,1,2,1,3,3
GTEX-11LCK-0926-SM-5A5KA,Normal_GTEX,1,2,2,1,1,0,1,1,4,1,3,0,2,5,0,2,0,0
TCGA-A2-A0CM-01,Basal,2,0,1,2,0,1,3,0,1,4,0,1,5,6,1,6,2,2
GTEX-11GSO-2826-SM-5HL6Q,Normal_GTEX,1,1,0,1,3,3,2,3,0,3,2,5,4,1,6,5,3,4
GTEX-SNOS-0003-SM-3NMAO,Normal_GTEX,3,1,0,4,2,3,5,2,3,6,5,4,7,2,4,8,1,1
GTEX-145LT-0926-SM-5LU9C,Normal_GTEX,1,0,2,1,3,2,2,4,2,3,2,2,4,1,2,5,3,3
GTEX-11ZUS-2926-SM-5FQSL,Normal_GTEX,3,1,0,3,2,3,4,3,0,5,4,5,6,3,6,7,4,4
GTEX-1313W-2826-SM-5P9G1,Normal_GTEX,1,2,2,1,1,0,1,1,4,1,3,0,1,5,5,1,0,0
GTEX-RTLS-1326-SM-46MUN,Normal_GTEX,1,0,2,1,3,2,2,4,2,3,2,2,4,1,2,5,3,3
GTEX-S33H-0008-SM-4AD6C,Normal_GTEX,3,2,2,4,1,0,5,1,3,6,1,4,7,0,0,8,5,5
GTEX-13O3Q-0626-SM-5IJG1,Normal_GTEX,1,0,2,1,3,2,1,4,2,1,2,2,2,1,2,3,3,3
GTEX-117YW-2626-SM-5GZZH,Normal_GTEX,1,0,2,1,3,2,2,4,2,2,1,3,3,4,3,4,7,7
GTEX-11EQ9-1926-SM-5PNVV,Normal_GTEX,1,0,0,1,3,2,2,3,2,3,4,5,4,3,6,5,4,4
GTEX-11EI6-0426-SM-5EQ43,Normal_GTEX,1,2,2,1,1,0,1,1,4,1,1,0,2,0,3,3,6,6
GTEX-117XS-3026-SM-5N9CA,Normal_GTEX,3,1,0,3,2,3,4,3,0,5,4,5,6,3,6,7,4,4
GTEX-13NYS-0011-R5a-SM-5MR4D,Normal_GTEX,3,1,0,3,2,3,4,3,0,5,4,5,6,3,6,7,4,4
GTEX-14E6C-0926-SM-5S2V9,Normal_GTEX,1,2,2,1,1,0,1,1,4,1,3,0,1,5,5,1,0,0
TCGA-AR-A0TW-01,LumA,2,0,1,2,0,1,3,0,1,4,0,1,5,6,1,6,2,2
GTEX-11TTK-2726-SM-5GU58,Normal_GTEX,1,0,2,1,3,2,2,4,2,2,1,3,3,4,3,4,7,7
GTEX-ZVZP-0004-SM-51MS8,Normal_GTEX,3,1,0,4,2,3,5,2,3,6,5,4,7,2,4,8,1,1
GTEX-13OVJ-2726-SM-5IJG6,Normal_GTEX,3,1,0,3,2,3,4,3,0,5,4,5,6,3,6,7,4,4
GTEX-Z93S-0011-R5b-SM-4RGNI,Normal_GTEX,3,1,0,3,2,3,4,3,0,5,4,5,6,3,6,7,4,4
GTEX-ZDTS-0006-SM-4WAYZ,Normal_GTEX,3,1,0,4,2,3,5,2,3,6,5,4,7,2,4,8,1,1
GTEX-OHPM-0008-SM-4E3IP,Normal_GTEX,3,2,2,4,1,0,5,2,3,6,5,4,7,2,0,8,5,5
GTEX-QDT8-3026-SM-32PKB,Normal_GTEX,3,1,0,3,2,3,4,3,0,5,4,5,6,3,6,7,4,4
GTEX-WWYW-0426-SM-3NB31,Normal_GTEX,1,2,2,1,1,0,1,1,4,1,3,0,1,5,0,1,0,0
GTEX-ZT9W-2226-SM-57WFU,Normal_GTEX,1,0,0,1,3,2,2,3,2,3,4,5,4,3,6,5,4,4
GTEX-Q2AH-1926-SM-2S1PN,Normal_GTEX,1,2,2,1,1,0,1,1,4,1,1,0,2,0,3,3,6,6
TCGA-BH-A0W5-01,LumA,2,0,1,2,0,1,3,0,1,4,0,1,5,6,1,6,2,2
GTEX-NPJ8-0011-R3a-SM-2HMIW,Normal_GTEX,3,1,0,3,2,3,4,3,0,5,4,5,6,3,6,7,4,4
GTEX-13IVO-0226-SM-5LZXU,Normal_GTEX,1,2,2,1,1,0,1,1,4,1,1,0,2,0,5,3,6,6
GTEX-YB5E-1526-SM-5IFIE,Normal_GTEX,1,0,2,1,3,2,2,4,2,3,2,2,4,1,2,5,3,3
GTEX-ZT9W-2026-SM-51MRA,Normal_GTEX,1,2,2,1,1,0,1,1,4,1,1,0,2,0,5,3,6,6
TCGA-AR-A24K-01,LumB,2,0,1,2,0,1,3,0,1,4,0,1,5,6,1,6,2,2
GTEX-WFJO-2026-SM-4LVM3,Normal_GTEX,1,0,2,1,3,1,2,4,2,2,1,3,3,4,3,4,7,7
GTEX-13OVH-0011-R4a-SM-5KM3W,Normal_GTEX,3,1,0,3,2,3,4,3,0,5,4,5,6,3,6,7,4,4
GTEX-QV44-0426-SM-4R1KF,Normal_GTEX,1,0,2,1,3,2,2,4,2,3,2,2,4,1,2,5,3,3
GTEX-XMK1-2026-SM-4B65K,Normal_GTEX,1,0,0,1,3,2,2,3,2,3,4,5,4,3,6,5,4,4
GTEX-UPK5-1526-SM-4JBJA,Normal_GTEX,1,2,2,1,1,0,1,1,4,1,3,0,1,5,0,1,0,0
TCGA-BH-A0HY-01,LumB,2,0,1,2,0,1,3,0,1,4,0,1,5,6,1,6,2,2
GTEX-131YS-1226-SM-5K7VE,Normal_GTEX,1,2,2,1,1,0,1,1,4,1,3,0,1,5,0,1,0,0
GTEX-OOBJ-1826-SM-3NB1C,Normal_GTEX,1,2,2,1,1,0,1,1,4,1,3,0,1,5,0,1,0,0
TCGA-A2-A0EU-01,LumA,2,0,1,2,0,1,3,0,1,4,0,1,5,6,1,6,2,2
GTEX-11ONC-2926-SM-5P9JM,Normal_GTEX,3,1,0,3,2,3,4,3,0,5,4,5,6,3,6,7,4,4
GTEX-13VXU-0626-SM-5L3F9,Normal_GTEX,1,0,2,1,3,2,2,4,2,2,1,3,3,4,3,4,7,7
GTEX-1399R-1226-SM-5P9GF,Normal_GTEX,1,0,2,1,3,2,2,4,2,3,2,2,4,1,2,5,3,3
GTEX-13O61-1226-SM-5KM21,Normal_GTEX,1,2,2,1,1,0,1,1,4,1,3,0,1,5,5,1,0,0
GTEX-WWYW-0011-R7A-SM-3NB3H,Normal_GTEX,3,1,0,3,2,3,4,3,0,5,4,5,6,3,6,7,4,4
GTEX-RNOR-2226-SM-2TF5O,Normal_GTEX,3,1,0,3,2,3,4,3,0,5,4,5,6,3,6,7,4,4
GTEX-PSDG-1326-SM-48TD2,Normal_GTEX,1,0,2,1,3,2,2,4,2,2,1,3,3,4,3,4,7,7
GTEX-OIZH-1426-SM-3NB1O,Normal_GTEX,1,0,2,1,3,2,2,4,2,3,2,2,4,1,2,5,3,3
GTEX-WHSE-0011-R3A-SM-3P5ZM,Normal_GTEX,3,1,0,3,2,3,4,3,0,5,4,5,6,3,6,7,4,4
GTEX-P4QT-1626-SM-2S1NP,Normal_GTEX,1,2,2,1,1,0,1,1,4,1,1,4,2,0,0,2,6,6
GTEX-13OVL-0426-SM-5IFG6,Normal_GTEX,1,0,0,1,3,2,2,3,2,3,4,5,4,3,6,5,4,4
GTEX-131XG-0926-SM-5LZW5,Normal_GTEX,1,2,2,1,1,0,1,1,4,1,3,0,1,5,5,1,0,0
GTEX-14E6C-0126-SM-5RQIP,Normal_GTEX,1,0,2,1,3,2,2,4,2,2,1,3,3,4,3,4,7,7
GTEX-SNMC-0926-SM-4DM5U,Normal_GTEX,1,0,2,1,3,2,1,4,2,1,2,2,1,1,2,1,3,3
GTEX-ZV6S-1826-SM-5NQ8D,Normal_GTEX,1,2,2,1,1,0,1,1,4,1,1,0,2,0,5,3,6,6
GTEX-131XH-0011-R6a-SM-5KM2G,Normal_GTEX,3,1,0,3,2,3,4,3,0,5,4,5,6,3,6,7,4,4
GTEX-145LT-1226-SM-5Q5BZ,Normal_GTEX,1,2,2,1,1,0,1,1,4,1,3,0,1,5,5,1,0,0
GTEX-UPK5-2326-SM-3P5Z8,Normal_GTEX,1,0,2,1,3,2,1,4,2,1,1,0,2,0,5,3,6,6
GTEX-12WS9-0011-R10a-SM-57WBV,Normal_GTEX,3,1,0,3,2,3,4,3,0,5,4,5,6,3,6,7,4,4
GTEX-XBED-1926-SM-47JYP,Normal_GTEX,1,0,2,1,3,2,2,4,2,2,1,3,3,4,3,4,7,7
GTEX-SIU8-0326-SM-2XCDR,Normal_GTEX,1,2,2,1,1,0,1,1,4,1,1,0,2,0,3,3,6,6
GTEX-ZVT3-0126-SM-5GU6I,Normal_GTEX,1,0,2,1,3,2,2,4,2,2,1,3,3,4,3,4,7,7
GTEX-QXCU-0006-SM-2TC5K,Normal_GTEX,3,1,0,4,2,3,5,2,3,6,5,4,7,2,4,8,1,1
GTEX-131YS-0011-R10b-SM-5EQ5N,Normal_GTEX,3,1,0,3,2,3,4,3,0,5,4,5,6,3,6,7,4,4
GTEX-QDVN-0726-SM-4B64L,Normal_GTEX,1,0,2,1,3,2,2,4,2,3,2,2,4,1,2,5,3,3
GTEX-ZF2S-3026-SM-4WWCH,Normal_GTEX,1,0,2,1,3,2,2,4,2,3,2,2,4,1,2,5,3,3
GTEX-WL46-0526-SM-3LK7W,Normal_GTEX,1,2,2,1,1,0,1,1,4,1,3,0,1,5,0,1,0,0
GTEX-V955-2026-SM-3GAFA,Normal_GTEX,1,2,2,1,1,0,1,1,4,1,1,0,2,0,5,3,6,6
GTEX-XV7Q-2126-SM-4BRVX,Normal_GTEX,1,0,2,1,3,2,2,4,2,3,2,2,4,1,2,5,3,3
GTEX-ZE7O-0126-SM-57WC1,Normal_GTEX,1,0,2,1,3,2,2,4,2,2,1,3,3,4,3,4,7,7
TCGA-BH-A0E7-01,LumA,2,0,1,2,0,1,3,0,1,4,0,1,5,6,1,6,2,2
GTEX-13PVQ-1526-SM-5IFEQ,Normal_GTEX,1,0,2,1,3,2,2,4,2,3,2,2,4,1,2,5,3,3
GTEX-R53T-1026-SM-48FCO,Normal_GTEX,1,2,2,1,1,0,1,1,4,1,3,0,1,5,5,1,0,0
GTEX-ZYT6-1626-SM-5E45R,Normal_GTEX,1,2,2,1,1,0,1,1,4,1,1,4,2,0,0,2,6,6
GTEX-1122O-0326-SM-5H124,Normal_GTEX,1,1,0,1,2,3,2,3,4,3,2,2,4,1,2,5,5,5
GTEX-ZXG5-1626-SM-59HJK,Normal_GTEX,1,2,2,1,1,0,1,1,4,1,2,0,2,0,5,3,6,6
GTEX-13VXU-0011-R3b-SM-5O9CU,Normal_GTEX,3,1,0,3,2,3,4,3,0,5,4,5,6,3,6,7,4,4
GTEX-11I78-2226-SM-5PNYA,Normal_GTEX,1,0,2,1,3,2,1,1,2,1,1,0,2,0,5,3,6,6
GTEX-11ZUS-0526-SM-59884,Normal_GTEX,1,2,2,1,1,0,1,1,4,1,3,0,1,0,0,1,6,0
GTEX-11P81-1426-SM-5P9JN,Normal_GTEX,1,2,2,1,1,0,1,1,4,1,3,0,1,5,5,1,0,0
GTEX-WEY5-1426-SM-4LMJ3,Normal_GTEX,1,2,2,1,1,0,1,1,4,1,3,0,1,5,5,1,0,0
GTEX-W5WG-2426-SM-4LMI6,Normal_GTEX,1,0,2,1,3,2,2,4,2,3,2,2,4,1,2,5,3,3
GTEX-Y3IK-2826-SM-4WWDW,Normal_GTEX,1,2,2,1,1,0,1,1,4,1,3,0,1,5,0,1,0,0
GTEX-11ZTT-1726-SM-5EQL4,Normal_GTEX,1,2,2,1,1,0,1,1,4,1,3,0,1,5,5,1,0,0
GTEX-XBEC-1026-SM-4QASM,Normal_GTEX,1,0,2,1,3,2,2,4,2,3,2,2,4,1,2,5,3,3
GTEX-11EQ9-0008-SM-5Q5DK,Normal_GTEX,3,2,2,4,1,0,5,1,3,6,3,4,7,5,0,8,5,5
GTEX-139YR-0526-SM-5L3DG,Normal_GTEX,1,2,2,1,1,0,1,1,4,1,3,0,2,5,0,2,0,0
GTEX-111YS-0006-SM-5NQBE,Normal_GTEX,3,1,0,4,2,3,5,2,3,6,5,4,7,2,4,8,1,1
TCGA-BH-A0EE-01,Her2,2,0,1,2,0,1,3,0,1,4,0,1,5,6,1,6,2,2
GTEX-TML8-0926-SM-4DXSJ,Normal_GTEX,1,2,2,1,1,0,1,1,4,1,2,0,1,1,0,1,5,5
GTEX-ZQG8-0008-SM-4YCE7,Normal_GTEX,3,2,2,4,1,0,5,2,3,6,5,4,7,2,0,8,5,5
GTEX-12ZZX-1226-SM-5EGHS,Normal_GTEX,1,0,2,1,3,2,1,4,2,1,2,2,2,1,2,3,3,3
TCGA-BH-A1FE-01,LumA,2,0,1,2,0,1,3,0,1,4,0,1,5,6,1,6,2,2
GTEX-Q2AH-0326-SM-48U1K,Normal_GTEX,1,2,2,1,1,0,1,1,4,1,3,0,1,5,0,1,0,0
GTEX-Y3IK-1126-SM-51MSV,Normal_GTEX,1,0,2,1,3,2,2,4,2,2,1,3,3,4,3,4,7,7
GTEX-11NUK-2626-SM-5A5MB,Normal_GTEX,1,0,0,1,3,2,2,3,2,3,4,5,4,3,6,5,4,4
TCGA-AC-A2FB-01,LumA,2,0,1,2,0,1,3,0,1,4,0,1,5,6,1,6,2,2
GTEX-OHPM-2626-SM-5SI7I,Normal_GTEX,1,0,2,1,3,2,1,4,2,1,2,2,2,1,2,3,3,3
GTEX-ZP4G-2326-SM-57WEM,Normal_GTEX,1,2,2,1,1,0,1,1,4,1,1,0,2,0,5,3,6,6
GTEX-1445S-0626-SM-5LU3C,Normal_GTEX,1,2,2,1,1,0,1,1,4,1,1,4,2,0,0,2,6,6
GTEX-RU72-0326-SM-2TF5T,Normal_GTEX,1,2,2,1,1,0,1,1,4,1,3,0,2,5,0,2,0,0
TCGA-C8-A12L-01,Her2,2,0,1,2,0,1,3,0,1,4,0,1,5,6,1,6,2,2
GTEX-ZYWO-0226-SM-5GZX3,Normal_GTEX,1,1,0,1,2,3,2,4,3,3,2,2,4,1,2,5,3,3
TCGA-C8-A1HN-01,LumB,2,0,1,2,0,1,3,0,1,4,0,1,5,6,1,6,2,2
GTEX-ZAB5-0926-SM-5CVMV,Normal_GTEX,1,0,2,1,3,2,2,4,2,2,1,3,3,4,3,4,7,7
GTEX-14753-0926-SM-5Q5BI,Normal_GTEX,1,0,2,1,3,2,1,4,2,1,2,2,2,1,2,3,3,3
GTEX-12BJ1-0006-SM-5SIB5,Normal_GTEX,3,1,0,4,2,3,5,2,3,6,5,4,7,2,4,8,1,1
TCGA-AN-A04D-01,Basal,2,0,1,2,0,1,3,0,1,4,0,1,5,6,1,6,2,2
GTEX-14ABY-0726-SM-5Q5DF,Normal_GTEX,1,0,2,1,3,2,1,4,2,1,2,2,1,1,2,1,3,3
GTEX-POMQ-2326-SM-5S2VS,Normal_GTEX,1,2,2,1,1,0,1,1,4,1,1,0,2,0,5,3,6,6
GTEX-13OVJ-1826-SM-5KM2D,Normal_GTEX,1,2,2,1,1,0,1,1,4,1,3,0,1,5,5,1,0,0
GTEX-PLZ5-0006-SM-2S1NZ,Normal_GTEX,3,1,0,4,2,3,5,2,3,6,5,4,7,2,4,8,1,1
GTEX-RU1J-1326-SM-46MUL,Normal_GTEX,1,0,2,1,3,2,2,4,2,3,2,2,4,1,2,5,3,3
GTEX-OXRO-0011-R9A-SM-5S2W3,Normal_GTEX,3,1,0,3,2,3,4,3,0,5,4,5,6,3,6,7,4,4
GTEX-13111-1526-SM-5EGJX,Normal_GTEX,1,0,0,1,3,2,2,3,2,3,4,5,4,3,6,5,4,4
GTEX-P4PP-3026-SM-3P61O,Normal_GTEX,1,2,2,1,1,0,1,1,4,1,3,0,1,5,0,1,0,0
GTEX-13X6J-0011-R3b-SM-5P9K5,Normal_GTEX,3,1,0,3,2,3,4,3,0,5,4,5,6,3,6,7,4,4
GTEX-PLZ4-1626-SM-3P618,Normal_GTEX,1,0,2,1,3,2,2,4,2,2,1,3,3,4,3,4,7,7
GTEX-WHSB-0626-SM-4M1XP,Normal_GTEX,1,2,2,1,1,2,1,1,2,1,3,2,1,5,2,1,0,3
GTEX-OIZI-1026-SM-3NB1K,Normal_GTEX,1,0,2,1,3,2,2,4,2,3,2,2,4,1,2,5,3,3
GTEX-PWN1-2626-SM-2I3FH,Normal_GTEX,1,0,2,1,3,2,1,4,2,1,2,2,2,1,2,3,3,3
GTEX-147F4-0006-SM-5O99T,Normal_GTEX,3,1,0,4,2,3,5,2,3,6,5,4,7,2,4,8,1,1
GTEX-13RTK-0326-SM-5RQHS,Normal_GTEX,1,0,2,1,3,2,1,4,2,1,2,2,2,1,2,3,3,3
GTEX-1399U-1026-SM-5J1OC,Normal_GTEX,1,0,2,1,3,2,2,4,2,2,1,3,3,4,3,4,7,7
GTEX-YJ8O-0226-SM-5S2NL,Normal_GTEX,1,2,2,1,1,0,1,1,4,1,3,0,1,5,0,1,0,0
GTEX-Y3I4-0726-SM-4TT7M,Normal_GTEX,1,2,2,1,1,0,1,1,4,1,2,0,2,0,5,3,6,6
TCGA-GM-A2D9-01,LumA,2,0,1,2,0,1,3,0,1,4,0,1,5,6,1,6,2,2
GTEX-13O1R-0726-SM-5IJEI,Normal_GTEX,1,0,0,1,3,2,2,3,2,3,4,5,4,3,6,5,4,4
GTEX-RWSA-1726-SM-47JX7,Normal_GTEX,1,1,0,1,2,3,2,1,4,3,2,2,4,1,2,5,5,5
GTEX-Q2AG-0626-SM-2S1PV,Normal_GTEX,1,2,2,1,1,0,1,1,4,1,1,0,2,0,3,3,6,6
GTEX-11O72-2326-SM-5BC7H,Normal_GTEX,1,0,2,1,3,2,1,4,2,1,2,2,2,1,2,3,3,3
GTEX-ZG7Y-0926-SM-5EQ6O,Normal_GTEX,1,2,2,1,1,0,1,1,4,1,3,0,2,5,0,2,0,0
GTEX-11ONC-0011-R8b-SM-5NQ87,Normal_GTEX,3,1,0,3,2,3,4,3,0,5,4,5,6,3,6,7,4,4
GTEX-12126-0011-R11a-SM-5BC6X,Normal_GTEX,3,1,0,3,2,3,4,3,0,5,4,5,6,3,6,7,4,4
TCGA-AO-A1KO-01,Normal,1,0,1,1,0,1,1,0,1,1,0,1,2,6,1,3,2,2
GTEX-WOFM-0126-SM-3MJFE,Normal_GTEX,1,0,2,1,3,2,2,4,2,3,2,2,4,1,2,5,3,3
GTEX-13X6K-0526-SM-5LU51,Normal_GTEX,1,2,2,1,1,0,1,1,4,1,3,0,1,5,0,1,0,0
TCGA-B6-A0IK-01,Her2,2,0,1,2,0,1,3,0,1,4,0,1,5,6,1,6,2,2
GTEX-X261-3226-SM-3NMC3,Normal_GTEX,1,1,0,1,3,3,2,3,0,3,4,5,4,3,6,5,4,4
GTEX-TMZS-0126-SM-3DB9Q,Normal_GTEX,1,0,2,1,3,2,2,4,2,2,1,3,3,4,3,4,7,7
GTEX-RU72-0011-R7A-SM-2TF5U,Normal_GTEX,3,1,0,3,2,3,4,3,0,5,4,5,6,3,6,7,4,4
GTEX-ZV7C-2026-SM-5NQ8F,Normal_GTEX,1,0,0,1,3,2,2,3,2,3,4,5,4,3,6,5,4,4
GTEX-131YS-0326-SM-5PNYW,Normal_GTEX,1,2,2,1,1,0,1,1,4,1,1,0,2,0,3,3,6,6
GTEX-PLZ6-1426-SM-5S2TR,Normal_GTEX,1,0,2,1,3,2,2,4,2,2,1,3,3,4,3,4,7,7
GTEX-WXYG-1226-SM-4ONCJ,Normal_GTEX,1,0,2,1,3,2,2,4,2,2,1,3,3,4,3,4,7,7
GTEX-11H98-0011-R11b-SM-5NQ6U,Normal_GTEX,3,1,0,3,2,3,4,3,0,5,4,5,6,3,6,7,4,4
GTEX-ZV6S-1626-SM-5NQ81,Normal_GTEX,1,2,2,1,1,0,1,1,4,1,3,0,2,0,5,3,6,6
GTEX-SN8G-0001-SM-3NM8L,Normal_GTEX,3,1,0,4,2,3,5,2,3,6,5,4,7,2,4,8,1,1
GTEX-P4PP-1026-SM-3NM9O,Normal_GTEX,1,0,2,1,3,2,2,4,2,3,2,2,4,1,2,5,3,3
GTEX-U3ZH-0926-SM-4DXU4,Normal_GTEX,1,0,2,1,3,2,1,4,2,1,2,2,1,1,2,1,3,3
GTEX-ZTSS-0726-SM-51MSN,Normal_GTEX,1,2,2,1,1,0,1,1,4,1,3,0,1,5,5,1,0,0
GTEX-OXRN-2626-SM-48TBX,Normal_GTEX,1,1,0,1,2,3,2,3,0,3,2,5,4,1,6,5,3,4
GTEX-11LCK-1126-SM-5A5KC,Normal_GTEX,1,2,2,1,1,0,1,1,4,1,1,0,2,0,5,3,6,6
TCGA-BH-A0DO-11,Normal_TCGA,1,0,1,1,0,1,1,0,1,1,0,1,2,6,1,3,2,2
GTEX-WH7G-0626-SM-4LVMO,Normal_GTEX,1,2,2,1,1,0,1,1,4,1,3,0,1,5,0,1,0,0
GTEX-R55D-1826-SM-48FEF,Normal_GTEX,1,0,2,1,3,2,2,4,2,3,2,2,4,1,2,5,3,3
GTEX-146FR-1326-SM-5SIAJ,Normal_GTEX,1,0,2,1,3,2,2,4,2,2,1,3,3,4,3,4,7,7
GTEX-131XE-0126-SM-5LZVC,Normal_GTEX,1,0,2,1,3,2,1,4,2,1,2,2,2,1,2,3,3,3
GTEX-WZTO-0011-R11A-SM-4E3K9,Normal_GTEX,3,1,0,3,2,3,4,3,0,5,4,5,6,3,6,7,4,4
GTEX-YB5E-0226-SM-5IFHI,Normal_GTEX,1,2,0,1,1,3,2,1,4,3,2,2,4,1,2,5,3,5
GTEX-14BIM-3126-SM-5Q5C7,Normal_GTEX,3,1,0,3,2,3,4,3,0,5,4,5,6,3,6,7,4,4
GTEX-QCQG-0426-SM-48U29,Normal_GTEX,1,0,2,1,3,2,2,4,2,3,2,2,4,1,2,5,3,3
GTEX-11TUW-0926-SM-5EQMW,Normal_GTEX,1,2,2,1,1,0,1,1,4,1,3,0,1,5,0,1,0,0
GTEX-X3Y1-1726-SM-4PQZL,Normal_GTEX,1,0,2,1,3,2,2,4,2,3,2,2,4,1,2,5,3,3
GTEX-R55G-0006-SM-2TC6O,Normal_GTEX,3,1,0,4,2,3,5,2,3,6,5,4,7,2,4,8,1,1
GTEX-WWYW-0826-SM-3NB2X,Normal_GTEX,1,0,2,1,3,2,1,4,2,1,2,2,2,1,2,3,3,3
GTEX-YEC3-2526-101809-SM-5CVLT,Normal_GTEX,1,0,2,1,3,2,2,4,2,2,1,3,3,4,3,4,7,7
GTEX-X261-0005-SM-4PQYX,Normal_GTEX,3,1,0,4,2,3,5,2,3,6,5,4,7,2,4,8,1,1
GTEX-ZAB4-0011-R3a-SM-4RGNQ,Normal_GTEX,3,1,0,3,2,3,4,3,0,5,4,5,6,3,6,7,4,4
GTEX-ZYFG-1226-SM-5GIC7,Normal_GTEX,1,2,2,1,1,0,1,1,4,1,3,0,1,5,5,1,0,0
TCGA-AR-A0TP-01,Basal,2,0,1,2,0,1,3,0,1,4,0,1,5,6,1,6,2,2
GTEX-PVOW-1626-SM-48TC9,Normal_GTEX,1,0,2,1,3,2,2,4,2,2,1,3,3,4,3,4,7,7
GTEX-P4QR-0326-SM-5SI8P,Normal_GTEX,1,0,2,1,3,2,2,4,2,2,1,3,3,4,3,4,7,7
GTEX-13OVL-0011-R8a-SM-5L3HH,Normal_GTEX,3,1,0,3,2,3,4,3,0,5,4,5,6,3,6,7,4,4
GTEX-12WSJ-1526-SM-5GCNI,Normal_GTEX,1,2,2,1,1,0,1,1,4,1,3,0,1,5,5,1,0,0
GTEX-14ABY-0011-R9a-SM-5PNZK,Normal_GTEX,3,1,0,3,2,3,4,3,0,5,4,5,6,3,6,7,4,4
TCGA-BH-A0DK-11,Normal_TCGA,1,0,1,1,0,1,1,0,1,1,0,1,2,6,1,3,2,2
GTEX-RM2N-1826-SM-2TF5B,Normal_GTEX,1,2,2,1,1,0,1,1,4,1,3,0,1,5,0,1,0,0
GTEX-11P82-1326-SM-5HL62,Normal_GTEX,1,2,2,1,1,0,1,1,4,1,1,0,2,0,5,3,6,6
GTEX-ZYFG-1726-SM-5GZZB,Normal_GTEX,1,2,2,1,1,0,1,1,4,1,3,0,1,5,0,1,5,5
GTEX-ZPIC-0926-SM-4WWFK,Normal_GTEX,1,0,2,1,3,2,2,4,2,3,2,2,4,1,2,5,3,3
GTEX-YEC4-1826-SM-4W1YP,Normal_GTEX,1,0,2,1,3,2,2,4,2,2,1,3,3,4,3,4,7,7
GTEX-XUJ4-0005-SM-4BOQ6,Normal_GTEX,3,1,0,4,2,3,5,2,3,6,5,4,7,2,4,8,1,1
GTEX-11EQ9-2426-SM-5HL5T,Normal_GTEX,1,0,2,1,3,2,2,4,2,2,1,3,3,4,3,4,7,7
TCGA-A2-A0EY-01,LumB,2,0,1,2,0,1,3,0,1,4,0,1,5,6,1,6,2,2
GTEX-UPIC-0002-SM-3NMDC,Normal_GTEX,3,1,0,4,2,3,5,2,3,6,5,4,7,2,4,8,1,1
GTEX-YFC4-1526-SM-5IFJS,Normal_GTEX,1,0,2,1,3,2,2,4,2,3,2,2,4,1,2,5,3,3
GTEX-WYVS-1426-SM-4ONCV,Normal_GTEX,1,0,2,1,3,2,2,4,2,2,1,3,3,4,3,4,7,7
GTEX-14E6E-1526-SM-5RQIG,Normal_GTEX,1,0,2,1,3,2,2,4,2,3,2,2,4,1,2,5,3,3
GTEX-139UW-0426-SM-5K7V4,Normal_GTEX,1,2,2,1,1,0,1,1,4,1,3,0,1,5,0,1,0,0
GTEX-11OF3-3026-SM-5GU52,Normal_GTEX,1,1,0,1,2,3,2,3,0,3,4,5,4,3,6,5,4,4
GTEX-RN64-0326-SM-2TC5J,Normal_GTEX,1,2,2,1,1,0,1,1,4,1,1,4,2,0,0,2,6,6
TCGA-A8-A06O-01,LumB,2,0,1,2,0,1,3,0,1,4,0,1,5,6,1,6,2,2
GTEX-NL4W-0011-R8a-SM-2I3G4,Normal_GTEX,3,1,0,3,2,3,4,3,0,5,4,5,6,3,6,7,4,4
GTEX-P78B-1626-SM-5SI85,Normal_GTEX,1,2,2,1,1,0,1,1,4,1,1,4,2,0,0,2,6,6
GTEX-W5WG-1426-SM-4KKZP,Normal_GTEX,1,0,2,1,3,2,1,4,2,1,2,2,2,1,2,3,3,3
GTEX-13OW8-1826-SM-5L3H1,Normal_GTEX,1,2,2,1,1,0,1,1,4,1,3,0,1,5,0,1,0,0
GTEX-TKQ2-1226-SM-4DXSV,Normal_GTEX,1,2,2,1,1,0,1,1,4,1,3,0,1,5,5,1,0,0
GTEX-WYBS-0926-SM-3NM94,Normal_GTEX,1,0,2,1,3,2,1,4,2,1,1,0,2,4,5,3,7,6
TCGA-D8-A27W-01,LumB,2,0,1,2,0,1,3,0,1,4,0,1,5,6,1,6,2,2
GTEX-X15G-1526-SM-4PQZM,Normal_GTEX,1,2,2,1,1,0,1,1,4,1,3,0,1,5,5,1,0,0
GTEX-S32W-2326-SM-2XCAW,Normal_GTEX,1,2,2,1,1,0,1,1,4,1,1,4,2,0,0,2,6,6
GTEX-13112-0226-SM-5P9IV,Normal_GTEX,1,0,0,1,3,2,2,3,2,3,4,5,4,3,6,5,4,4
GTEX-13N1W-3126-SM-5IFHB,Normal_GTEX,1,1,0,1,2,3,2,3,0,3,2,5,4,1,6,5,3,4
GTEX-11GSO-0011-R2a-SM-57WDF,Normal_GTEX,3,1,0,3,2,3,4,3,0,5,4,5,6,3,6,7,4,4
GTEX-13CF2-2626-SM-5LZZA,Normal_GTEX,1,2,2,1,1,0,1,1,4,1,1,0,2,0,5,3,6,6
GTEX-PWOO-1326-SM-48TCJ,Normal_GTEX,1,0,2,1,3,2,2,4,2,3,2,2,4,1,2,5,3,3
GTEX-NL3H-0011-R1a-SM-48TDJ,Normal_GTEX,3,1,0,3,2,3,4,3,0,5,4,5,6,3,6,7,4,4
GTEX-11OF3-1826-SM-5987N,Normal_GTEX,1,0,0,1,3,2,2,3,2,3,4,5,4,3,6,5,4,4
GTEX-WFG8-0126-SM-5CHTB,Normal_GTEX,3,1,0,4,2,3,5,2,3,6,5,4,7,2,4,8,1,1
TCGA-A8-A091-01,LumA,2,0,1,2,0,1,3,0,1,4,0,1,5,6,1,6,2,2
TCGA-D8-A1XT-01,Her2,2,0,1,2,0,1,3,0,1,4,0,1,5,6,1,6,2,2
GTEX-X62O-2226-SM-46MW3,Normal_GTEX,1,0,2,1,3,2,2,4,2,2,1,3,3,4,3,4,7,7
GTEX-13CF2-2726-SM-5LZWW,Normal_GTEX,1,2,2,1,1,0,1,1,4,1,1,4,2,0,0,2,6,6
GTEX-111CU-0626-SM-5EGHL,Normal_GTEX,1,2,2,1,1,0,1,1,4,1,3,0,1,5,5,1,0,0
GTEX-QCQG-1726-SM-3GIJ9,Normal_GTEX,1,0,2,1,3,2,2,4,2,2,1,3,3,4,3,4,7,7
GTEX-OOBJ-2626-SM-2I3F6,Normal_GTEX,1,0,2,1,3,2,1,4,2,1,2,2,2,1,2,3,3,3
GTEX-S95S-1426-SM-2XCDM,Normal_GTEX,1,2,2,1,1,0,1,1,4,1,1,4,2,0,0,2,6,6
GTEX-SIU7-1126-SM-2XCDW,Normal_GTEX,1,0,2,1,3,2,1,4,2,1,2,2,2,1,2,3,3,3
GTEX-139TU-0626-SM-5KM3X,Normal_GTEX,1,0,2,1,3,2,1,4,2,1,1,0,2,0,5,3,6,6
GTEX-12BJ1-0226-SM-5LUA2,Normal_GTEX,1,2,2,1,1,0,1,1,4,1,3,0,2,5,0,2,0,0
GTEX-12WSC-0826-SM-5EQ5Q,Normal_GTEX,1,0,2,1,3,2,1,4,2,1,2,2,2,1,2,3,3,3
GTEX-S95S-0326-SM-4B66U,Normal_GTEX,1,2,2,1,1,0,1,1,4,1,3,0,1,5,5,1,0,0
GTEX-XPT6-2126-SM-4B66P,Normal_GTEX,1,2,2,1,1,0,1,1,4,1,1,0,2,0,3,3,6,6
GTEX-145LV-0326-SM-5Q5BW,Normal_GTEX,1,2,2,1,1,0,1,1,4,1,3,0,2,5,0,2,0,0
GTEX-X585-0426-SM-4E3JZ,Normal_GTEX,1,2,2,1,1,0,1,1,4,1,1,0,2,0,3,3,6,6
GTEX-X261-0011-R10B-SM-4E3JT,Normal_GTEX,3,1,0,3,2,3,4,3,0,5,4,5,6,3,6,7,4,4
GTEX-RVPU-2226-SM-2XCAQ,Normal_GTEX,1,0,2,1,3,2,2,4,2,2,1,3,3,4,3,4,7,7
GTEX-QEG4-1126-SM-2S1P7,Normal_GTEX,1,2,2,1,1,0,1,1,4,1,1,0,2,0,3,3,6,6
GTEX-QVUS-0626-SM-447CC,Normal_GTEX,1,0,2,1,3,2,2,4,2,2,1,3,3,4,3,4,7,7
GTEX-139T8-0626-SM-5KLZX,Normal_GTEX,1,0,2,1,3,2,2,4,2,2,1,3,3,4,3,4,7,7
GTEX-P4QS-1326-SM-3NMCD,Normal_GTEX,1,1,0,1,2,3,2,1,4,3,2,2,4,1,2,5,5,5
GTEX-ZVE2-2826-SM-5GU51,Normal_GTEX,1,0,2,1,3,2,2,4,2,2,1,3,3,4,3,4,7,7
GTEX-ZT9W-0926-SM-57WFS,Normal_GTEX,1,0,2,1,3,2,2,4,2,3,2,2,4,1,2,5,3,3
TCGA-A8-A08P-01,LumB,2,0,1,2,0,1,3,0,1,4,0,1,5,6,1,6,2,2
GTEX-ZYT6-0126-SM-5E45J,Normal_GTEX,1,2,2,1,1,0,1,1,4,1,1,0,2,0,5,3,6,6
GTEX-ZVT3-0926-SM-5GICK,Normal_GTEX,1,0,2,1,3,2,2,4,2,3,2,2,4,1,2,5,3,3
GTEX-ZT9W-1126-SM-57WDR,Normal_GTEX,1,0,2,1,3,2,2,4,2,2,1,3,3,4,3,4,7,7
GTEX-13O1R-2526-SM-5N9FW,Normal_GTEX,1,0,2,1,3,2,2,4,2,3,2,2,4,1,2,5,3,3
TCGA-D8-A1X8-01,LumA,2,0,1,2,0,1,3,0,1,4,0,1,5,6,1,6,2,2
GTEX-117XS-0426-SM-5GZZN,Normal_GTEX,1,2,2,1,1,0,1,1,4,1,3,0,1,5,0,1,0,0
GTEX-X585-1226-SM-46MW7,Normal_GTEX,1,0,2,1,3,2,2,4,2,2,1,3,3,4,3,4,7,7
GTEX-RVPU-2426-SM-2XCAR,Normal_GTEX,1,2,2,1,1,0,1,1,4,1,1,4,2,0,0,2,6,6
GTEX-145MH-0626-SM-5NQAK,Normal_GTEX,1,0,2,1,3,2,2,4,2,3,2,2,4,1,2,5,3,3
TCGA-C8-A1HM-01,LumB,2,0,1,2,0,1,3,0,1,4,0,1,5,6,1,6,2,2
GTEX-ZP4G-1226-SM-4WWCJ,Normal_GTEX,1,0,2,1,3,2,2,4,2,3,2,2,4,1,2,5,3,3
GTEX-WHWD-0226-SM-4OORT,Normal_GTEX,1,2,2,1,1,0,1,1,4,1,3,0,1,5,0,1,0,0
GTEX-ZP4G-1626-SM-57WGD,Normal_GTEX,1,0,2,1,3,2,2,4,2,3,2,2,4,1,2,5,3,3
GTEX-11ZTS-0011-R3a-SM-5BC78,Normal_GTEX,3,1,0,3,2,3,4,3,0,5,4,5,6,3,6,7,4,4
GTEX-VUSG-2826-SM-4KKZM,Normal_GTEX,1,2,2,1,1,0,1,1,4,1,3,0,1,5,0,1,0,0
GTEX-XLM4-0011-R6A-SM-4AT4B,Normal_GTEX,3,1,0,3,2,3,4,3,0,5,4,5,6,3,6,7,4,4
GTEX-12WSB-0011-R11b-SM-57WBJ,Normal_GTEX,3,1,0,3,2,3,4,3,0,5,4,5,6,3,6,7,4,4
GTEX-Y5LM-0626-SM-4V6G4,Normal_GTEX,1,0,2,1,3,2,1,4,2,1,2,2,2,1,2,3,3,3
GTEX-P78B-0008-SM-48TE1,Normal_GTEX,3,2,2,4,1,0,5,1,3,6,1,4,7,0,0,8,5,5
GTEX-P4QS-2126-SM-3NMCF,Normal_GTEX,1,0,0,1,3,2,2,3,2,3,4,5,4,3,6,5,4,4
GTEX-13OVG-2226-SM-5K7V8,Normal_GTEX,1,2,2,1,1,0,1,1,4,1,1,0,2,0,3,3,6,6
TCGA-AO-A0J5-01,LumA,2,0,1,2,0,1,3,0,1,4,0,1,5,6,1,6,2,2
GTEX-1477Z-1526-SM-5SI9V,Normal_GTEX,1,2,2,1,1,0,1,1,4,1,1,0,2,0,3,3,6,6
TCGA-A8-A08T-01,LumA,2,0,1,2,0,1,3,0,1,4,0,1,5,6,1,6,2,2
TCGA-AC-A2BK-01,Basal,2,0,1,2,0,1,3,0,1,4,0,1,5,6,1,6,2,2
GTEX-Y8E4-2026-SM-5IFJB,Normal_GTEX,1,0,2,1,3,2,2,4,2,2,1,3,3,4,3,4,7,7
GTEX-14BMV-1426-SM-5S2WA,Normal_GTEX,1,2,2,1,1,0,1,1,4,1,3,0,1,5,5,1,0,0
GTEX-XV7Q-2326-SM-4BRVZ,Normal_GTEX,1,2,2,1,1,0,1,1,4,1,1,0,2,0,5,3,6,6
GTEX-PX3G-0426-SM-48U1C,Normal_GTEX,1,2,2,1,1,0,1,1,4,1,3,0,1,5,0,1,0,0
GTEX-N7MT-0011-R6a-SM-2I3G3,Normal_GTEX,3,1,0,3,2,3,4,3,0,5,4,5,6,3,6,7,4,4
GTEX-139TT-0126-SM-5K7Y5,Normal_GTEX,1,0,2,1,3,2,2,4,2,2,1,3,3,4,3,4,7,7
GTEX-T5JC-2326-SM-32PMR,Normal_GTEX,3,1,0,3,2,3,4,3,0,5,4,5,6,3,6,7,4,4
GTEX-13O1R-1326-SM-5IJF5,Normal_GTEX,1,0,2,1,3,2,2,4,2,2,1,3,3,4,3,4,7,7
GTEX-13FH7-1626-SM-5J2O9,Normal_GTEX,1,2,2,1,1,0,1,1,4,1,3,0,1,5,5,1,0,0
GTEX-131XG-2126-SM-5DUXG,Normal_GTEX,1,0,2,1,3,2,2,4,2,2,1,3,3,4,3,4,7,7
GTEX-ZVT2-1726-SM-51MRO,Normal_GTEX,1,2,2,1,1,0,1,1,4,1,3,0,1,5,5,1,0,0
GTEX-ZTPG-0726-SM-5DUXP,Normal_GTEX,1,2,2,1,1,0,1,1,4,1,3,0,1,5,0,1,0,0
GTEX-R45C-0008-SM-48FF2,Normal_GTEX,3,2,2,4,1,0,5,1,3,6,1,4,7,2,0,8,5,5
GTEX-1192X-1026-SM-5H12P,Normal_GTEX,1,0,2,1,3,2,2,4,2,3,2,2,4,1,2,5,3,3
GTEX-13QBU-1826-SM-5IJG3,Normal_GTEX,1,0,2,1,3,2,2,4,2,3,2,2,4,1,2,5,3,3
GTEX-13O3Q-2826-SM-5KM2N,Normal_GTEX,1,2,2,1,1,0,1,1,4,1,1,0,2,0,5,3,6,6
GTEX-YFC4-1026-SM-5RQJM,Normal_GTEX,1,2,2,1,1,0,1,1,4,1,1,4,2,0,0,2,6,6
TCGA-A2-A0YM-01,Basal,2,0,1,2,0,1,3,0,1,4,0,1,5,6,1,6,2,2
GTEX-11GSP-1326-SM-5A5KY,Normal_GTEX,1,2,2,1,1,0,1,1,4,1,3,0,2,5,0,2,0,0
GTEX-QDVN-0006-SM-48U1R,Normal_GTEX,3,1,0,4,2,3,5,2,3,6,5,4,7,2,4,8,1,1
TCGA-A1-A0SO-01,Basal,2,0,1,2,0,1,3,0,1,4,0,1,5,6,1,6,2,2
GTEX-13O21-3026-SM-5J2NI,Normal_GTEX,1,0,2,1,3,2,2,4,2,3,2,2,4,1,2,5,3,3
GTEX-SE5C-1226-SM-4BRWV,Normal_GTEX,1,0,2,1,3,2,2,4,2,2,1,3,3,4,3,4,7,7
GTEX-145MH-0011-R5a-SM-5P9JT,Normal_GTEX,3,1,0,3,2,3,4,3,0,5,4,5,6,3,6,7,4,4
TCGA-AO-A129-01,Basal,2,0,1,2,0,1,3,0,1,4,0,1,5,6,1,6,2,2
GTEX-OXRK-1826-SM-2HMJE,Normal_GTEX,1,2,2,1,1,0,1,1,4,1,1,4,2,0,0,2,6,6
GTEX-WOFM-1626-SM-3MJFX,Normal_GTEX,1,2,2,1,1,0,1,1,4,1,1,0,2,0,3,3,6,6
GTEX-WYVS-1526-SM-4OND4,Normal_GTEX,1,2,2,1,1,0,1,1,4,1,3,0,1,5,0,1,5,5
GTEX-11DXZ-1926-SM-5GZZL,Normal_GTEX,1,2,2,1,1,0,1,1,4,1,1,0,2,0,5,3,6,6
TCGA-BH-A1FN-11,Normal_TCGA,1,0,1,1,0,1,1,0,1,1,0,1,2,6,1,3,2,2
TCGA-A8-A08I-01,LumB,2,0,1,2,0,1,3,0,1,4,0,1,5,6,1,6,2,2
GTEX-1192X-3026-SM-5N9BM,Normal_GTEX,1,1,0,1,2,3,2,3,0,3,2,5,4,1,6,5,3,4
TCGA-C8-A130-01,LumB,2,0,1,2,0,1,3,0,1,4,0,1,5,6,1,6,2,2
GTEX-13NYB-0126-SM-5J1MD,Normal_GTEX,1,0,2,1,3,2,2,4,2,2,1,3,3,4,3,4,7,7
GTEX-144FL-0626-SM-5LU43,Normal_GTEX,1,0,2,1,3,2,2,4,2,2,1,3,3,4,3,4,7,7
GTEX-1269C-1826-SM-5N9E1,Normal_GTEX,1,2,2,1,1,0,1,1,4,1,3,0,1,5,0,1,5,5
GTEX-OIZH-2026-SM-3NB1M,Normal_GTEX,1,0,2,1,3,2,1,4,2,1,2,2,1,1,2,1,3,3
GTEX-13N1W-0726-SM-5MR57,Normal_GTEX,1,0,2,1,3,2,2,4,2,3,2,2,4,1,2,5,3,3
TCGA-C8-A1HI-01,LumA,2,0,1,2,0,1,3,0,1,4,0,1,5,6,1,6,2,2
GTEX-13NZ8-3026-SM-5L3D4,Normal_GTEX,3,1,0,3,2,3,4,3,0,5,4,5,6,3,6,7,4,4
GTEX-13PL7-2626-SM-5IFH4,Normal_GTEX,1,0,2,1,3,2,2,4,2,3,2,2,4,1,2,5,3,3
GTEX-SUCS-0626-SM-5CHQE,Normal_GTEX,3,1,0,4,2,3,5,2,3,6,5,4,7,2,4,8,1,1
GTEX-OOBJ-2126-SM-3NB1N,Normal_GTEX,1,0,0,1,3,2,2,3,2,3,4,5,4,3,6,5,4,4
GTEX-QEL4-1926-SM-4R1JI,Normal_GTEX,1,0,2,1,3,2,2,4,2,3,2,2,4,1,2,5,3,3
GTEX-13O3O-0426-SM-5KM2Y,Normal_GTEX,1,2,2,1,1,0,1,1,4,1,3,0,1,5,0,1,0,0
GTEX-12WS9-0126-SM-5EGL7,Normal_GTEX,1,0,2,1,3,2,2,4,2,2,1,3,3,4,3,4,7,7
GTEX-ZYVF-2226-SM-5GIDD,Normal_GTEX,1,0,2,1,3,2,2,4,2,2,1,3,3,4,3,4,7,7
GTEX-13OVH-3026-SM-5MR4N,Normal_GTEX,3,1,0,3,2,3,4,3,0,5,4,5,6,3,6,7,4,4
TCGA-AO-A1KT-01,LumB,2,0,1,2,0,1,3,0,1,4,0,1,5,6,1,6,2,2
GTEX-WFJO-0326-SM-3GIL3,Normal_GTEX,1,0,2,1,3,2,2,4,2,3,2,2,4,1,2,5,3,3
GTEX-YJ89-0011-R11a-SM-4SOKA,Normal_GTEX,3,1,0,3,2,3,4,3,0,5,4,5,6,3,6,7,4,4
GTEX-13N1W-0011-R10b-SM-5MR4H,Normal_GTEX,3,1,0,3,2,3,4,3,0,5,4,5,6,3,6,7,4,4
GTEX-PVOW-0006-SM-3NMB8,Normal_GTEX,3,1,0,4,2,3,5,2,3,6,5,4,7,2,4,8,1,1
GTEX-U8XE-0008-SM-4E3K4,Normal_GTEX,3,2,2,4,1,0,5,1,3,6,1,4,7,0,0,8,5,5
TCGA-C8-A12W-01,LumB,2,0,1,2,0,1,3,0,1,4,0,1,5,6,1,6,2,2
GTEX-11VI4-0426-SM-5EGHZ,Normal_GTEX,1,0,2,1,3,2,2,4,2,3,2,2,4,1,2,5,3,3
GTEX-XQ3S-0926-SM-4BOPI,Normal_GTEX,1,0,2,1,3,2,2,4,2,3,2,2,4,1,2,5,3,3
GTEX-145MI-3126-SM-5Q5CF,Normal_GTEX,3,1,0,3,2,3,4,3,0,5,4,5,6,3,6,7,4,4
TCGA-E9-A247-01,LumA,2,0,1,2,0,1,3,0,1,4,0,1,5,6,1,6,2,2
TCGA-AQ-A1H3-01,LumA,2,0,1,2,0,1,3,0,1,4,0,1,5,6,1,6,2,2
GTEX-WXYG-0005-SM-3NB3M,Normal_GTEX,3,1,0,4,2,3,5,2,3,6,5,4,7,2,4,8,1,1
TCGA-B6-A1KI-01,LumA,2,0,1,2,0,1,3,0,1,4,0,1,5,6,1,6,2,2
GTEX-Y5V5-1026-SM-5LUAH,Normal_GTEX,1,0,2,1,3,2,2,4,2,3,2,2,4,1,2,5,3,3
GTEX-WYVS-2426-SM-3NMA9,Normal_GTEX,1,2,2,1,1,0,1,1,4,1,1,0,2,0,3,3,6,6
GTEX-13OW8-0011-R10a-SM-5L3H6,Normal_GTEX,3,1,0,3,2,3,4,3,0,5,4,5,6,3,6,7,4,4
GTEX-11LCK-2326-SM-5HL53,Normal_GTEX,1,0,0,1,3,2,2,3,2,3,4,5,4,3,6,5,4,4
GTEX-ZYFD-0526-SM-5E442,Normal_GTEX,1,2,2,1,1,0,1,1,4,1,3,0,1,5,0,1,0,0
GTEX-12ZZY-0226-SM-5LZVE,Normal_GTEX,1,0,2,1,3,2,2,4,2,2,1,3,3,4,3,4,7,7
TCGA-EW-A1J1-01,LumA,2,0,1,2,0,1,3,0,1,4,0,1,5,6,1,6,2,2
GTEX-13113-1226-SM-5EGHT,Normal_GTEX,1,0,2,1,3,2,2,4,2,3,2,2,4,1,2,5,3,3
GTEX-S4UY-1626-SM-4AD55,Normal_GTEX,1,0,2,1,3,2,2,4,2,3,2,2,4,1,2,5,3,3
GTEX-13OW8-0011-R8a-SM-5L3G5,Normal_GTEX,3,1,0,3,2,3,4,3,0,5,4,5,6,3,6,7,4,4
GTEX-QLQW-1626-SM-4R1K1,Normal_GTEX,1,0,2,1,3,2,2,4,2,3,2,2,4,1,2,5,3,3
GTEX-11LCK-0426-SM-5A5M8,Normal_GTEX,1,0,2,1,3,2,2,4,2,3,2,2,4,1,2,5,3,3
GTEX-13OW5-0926-SM-5L3GZ,Normal_GTEX,1,2,2,1,1,0,1,1,4,1,3,0,2,5,0,2,0,0
GTEX-WYJK-0426-SM-3NM9G,Normal_GTEX,1,2,2,1,1,0,1,1,4,1,3,0,1,5,0,1,0,0
GTEX-N7MS-1126-SM-3LK5E,Normal_GTEX,1,2,2,1,1,0,1,1,4,1,3,0,1,5,5,1,0,0
GTEX-ZVP2-1426-SM-5NQ7P,Normal_GTEX,1,2,2,1,1,0,1,1,4,1,3,0,1,5,5,1,0,0
GTEX-ZV68-0226-SM-59HJF,Normal_GTEX,1,2,2,1,1,0,1,1,4,1,1,0,2,0,5,3,6,6
GTEX-NFK9-0226-SM-2HMKQ,Normal_GTEX,1,0,2,1,3,2,2,4,2,2,1,3,3,4,3,4,7,7
GTEX-Y114-0426-SM-4TT6V,Normal_GTEX,1,2,2,1,1,0,1,1,4,1,3,0,1,5,0,1,0,0
GTEX-QV31-0008-SM-447AT,Normal_GTEX,3,2,2,4,1,0,5,1,3,6,1,4,7,4,0,8,5,5
GTEX-ZLFU-1026-SM-5EQMZ,Normal_GTEX,1,2,2,1,1,0,1,1,4,1,3,0,1,5,5,1,0,0
GTEX-11EQ8-1326-SM-5EGJQ,Normal_GTEX,1,2,2,1,1,0,1,1,4,1,3,0,2,5,0,2,0,0
GTEX-13PVR-0926-SM-5S2RB,Normal_GTEX,1,2,2,1,1,0,1,1,4,1,3,0,2,5,0,2,0,0
GTEX-QDVJ-1426-SM-48U1Y,Normal_GTEX,1,0,2,1,3,2,2,4,2,3,2,2,4,1,2,5,3,3
TCGA-B6-A0RN-01,LumA,2,0,1,2,0,1,3,0,1,4,0,1,5,6,1,6,2,2
GTEX-QVUS-0011-R8A-SM-3GAD7,Normal_GTEX,3,1,0,3,2,3,4,3,0,5,4,5,6,3,6,7,4,4
GTEX-P4PP-0226-SM-5S2VR,Normal_GTEX,1,2,2,1,1,0,1,1,4,1,1,0,2,0,5,3,6,6
GTEX-WL46-0008-SM-4OOSW,Normal_GTEX,3,2,2,4,1,0,5,1,3,6,1,4,7,0,0,8,5,5
GTEX-PWCY-1826-SM-5SI7U,Normal_GTEX,1,0,2,1,3,2,2,4,2,2,1,3,3,4,3,4,7,7
GTEX-UTHO-1026-SM-3GAF7,Normal_GTEX,1,2,2,1,1,0,1,1,4,1,1,0,2,0,5,3,6,6
GTEX-P44H-0011-R4A-SM-2XCEW,Normal_GTEX,3,1,0,3,2,3,4,3,0,5,4,5,6,3,6,7,4,4
GTEX-11ONC-2226-SM-5HL6D,Normal_GTEX,1,0,0,1,3,2,2,4,2,3,4,5,4,3,6,5,4,4
GTEX-P78B-1726-SM-3P5ZV,Normal_GTEX,1,0,2,1,3,2,1,4,2,1,2,2,1,1,2,1,3,3
GTEX-13CF2-0006-SM-5O99L,Normal_GTEX,3,1,0,4,2,3,5,2,3,6,5,4,7,2,4,8,1,1
GTEX-14A5H-1626-SM-5SIAN,Normal_GTEX,1,2,2,1,1,0,1,1,4,1,3,0,1,5,5,1,0,0
GTEX-11GS4-1026-SM-5N9DE,Normal_GTEX,1,2,2,1,1,0,1,1,4,1,2,0,2,0,5,3,6,6
GTEX-UPJH-0926-SM-4IHKA,Normal_GTEX,1,2,2,1,1,0,1,1,4,1,3,0,1,5,0,1,0,0
GTEX-Y8DK-0326-SM-4TT3P,Normal_GTEX,1,2,2,1,1,0,1,1,4,1,1,4,2,0,0,2,6,6
GTEX-X3Y1-0926-SM-3P5YT,Normal_GTEX,1,2,2,1,1,0,1,1,4,1,2,0,2,1,5,3,6,6
GTEX-RU72-0011-R2A-SM-2TF6O,Normal_GTEX,3,1,0,3,2,3,4,3,0,5,4,5,6,3,6,7,4,4
GTEX-S4Q7-1326-SM-4AD74,Normal_GTEX,1,2,2,1,1,0,1,1,4,1,3,0,1,5,0,1,0,0
GTEX-X585-0011-R8A-SM-46MUX,Normal_GTEX,3,1,0,3,2,3,4,3,0,5,4,5,6,3,6,7,4,4
GTEX-ZPIC-2426-SM-5DUW1,Normal_GTEX,1,2,2,1,1,0,1,1,4,1,3,0,1,5,0,1,0,0
GTEX-ZYFD-3126-SM-5E44O,Normal_GTEX,1,1,2,1,2,3,1,4,0,1,2,2,2,1,2,2,3,4
GTEX-148VJ-0006-SM-5NQB1,Normal_GTEX,3,1,0,4,2,3,5,2,3,6,5,4,7,2,4,8,1,1
GTEX-13O1R-0826-SM-5J2MB,Normal_GTEX,1,0,2,1,3,2,1,4,2,1,2,2,2,1,2,3,3,3
GTEX-X15G-1726-SM-4PQZN,Normal_GTEX,1,2,2,1,1,0,1,1,4,1,3,0,1,5,0,1,5,5
GTEX-145MH-0011-R3b-SM-5P9JQ,Normal_GTEX,3,1,0,3,2,3,4,3,0,5,4,5,6,3,6,7,4,4
GTEX-11GS4-2526-SM-5A5KT,Normal_GTEX,1,2,2,1,1,0,1,1,4,1,1,4,2,0,0,2,6,6
GTEX-12ZZZ-1726-SM-59HK5,Normal_GTEX,1,2,2,1,1,0,1,1,4,1,3,0,2,5,0,2,0,0
GTEX-1399U-1826-SM-5PNZ1,Normal_GTEX,1,0,2,1,3,2,1,4,2,1,1,0,2,0,5,3,6,6
GTEX-139TS-1426-SM-5IFJD,Normal_GTEX,1,0,2,1,3,2,2,4,2,3,2,2,4,1,2,5,3,3
GTEX-144FL-2726-SM-5O98Z,Normal_GTEX,1,0,2,1,3,2,2,4,2,2,1,3,3,4,3,4,7,7
GTEX-U4B1-1426-SM-4DXTX,Normal_GTEX,1,0,2,1,3,2,1,4,2,1,2,2,1,1,2,1,3,3
GTEX-Y8LW-0326-SM-4VBQ9,Normal_GTEX,1,0,2,1,3,2,2,4,2,3,2,2,4,1,2,5,3,3
GTEX-XUZC-0126-SM-4BOO6,Normal_GTEX,1,0,2,1,3,2,1,4,2,1,2,2,2,1,2,3,3,3
GTEX-11ZUS-0011-R8a-SM-5BC73,Normal_GTEX,3,1,0,3,2,3,4,3,0,5,4,5,6,3,6,7,4,4
GTEX-14753-1926-SM-5NQAA,Normal_GTEX,1,2,2,1,1,0,1,1,4,1,3,0,1,5,5,1,0,0
GTEX-NPJ7-1326-SM-3MJHO,Normal_GTEX,1,2,2,1,1,0,1,1,4,1,3,0,1,5,0,1,0,0
TCGA-BH-A0BL-01,Basal,2,0,1,2,0,1,3,0,1,4,0,1,5,6,1,6,2,2
GTEX-13FTX-0326-SM-5J2NG,Normal_GTEX,1,0,2,1,3,2,2,4,2,3,2,2,4,1,2,5,3,3
GTEX-146FH-2526-SM-5Q5BP,Normal_GTEX,1,2,2,1,1,0,1,1,4,1,3,0,1,5,0,1,5,5
GTEX-1117F-1326-SM-5EGHH,Normal_GTEX,1,2,2,1,1,0,1,1,4,1,1,0,2,0,5,3,6,6
GTEX-148VJ-0726-SM-5LU8J,Normal_GTEX,1,0,2,1,3,2,1,4,2,1,2,2,2,1,2,3,3,3
GTEX-ZPIC-1026-SM-59HKZ,Normal_GTEX,1,2,2,1,1,0,1,1,4,1,3,0,1,5,0,1,0,0
GTEX-WQUQ-0126-SM-4OOSS,Normal_GTEX,1,2,0,1,2,3,2,1,4,3,2,2,4,1,2,5,5,5
TCGA-BH-A0BA-11,Normal_TCGA,1,0,1,1,0,1,1,0,1,1,0,1,2,6,1,3,2,2
GTEX-XUYS-0426-SM-47JX3,Normal_GTEX,1,2,2,1,1,0,1,1,4,1,3,0,1,5,0,1,0,0
GTEX-Y5LM-0005-SM-4V6EJ,Normal_GTEX,3,1,0,4,2,3,5,2,3,6,5,4,7,2,4,8,1,1
TCGA-AN-A0XV-01,LumA,2,0,1,2,0,1,3,0,1,4,0,1,5,6,1,6,2,2
GTEX-11EI6-0008-SM-5QGR7,Normal_GTEX,3,2,2,4,1,0,5,1,3,6,5,4,7,2,0,8,5,5
GTEX-ZYFC-0626-SM-5GIDR,Normal_GTEX,1,2,2,1,1,0,1,1,4,1,1,0,2,0,3,3,6,6
GTEX-OHPN-2926-SM-3LK65,Normal_GTEX,1,2,2,1,1,0,1,1,4,1,1,0,2,0,3,3,6,6
GTEX-NPJ8-2626-SM-2D7W2,Normal_GTEX,3,1,0,3,2,3,4,3,0,5,4,5,6,3,6,7,4,4
GTEX-Y8E5-0226-SM-57WCM,Normal_GTEX,1,2,2,1,1,0,1,1,4,1,1,0,2,0,5,3,6,6
GTEX-YFC4-0011-R4a-SM-4RGLQ,Normal_GTEX,3,1,0,3,2,3,4,3,0,5,4,5,6,3,6,7,4,4
GTEX-R53T-0826-SM-48FCP,Normal_GTEX,1,2,2,1,1,0,1,1,4,1,3,0,1,5,0,1,0,0
GTEX-ZPCL-2026-SM-57WFD,Normal_GTEX,1,2,2,1,1,0,1,1,4,1,1,4,2,0,0,2,6,6
GTEX-11WQC-2626-SM-5CVLF,Normal_GTEX,1,2,2,1,1,0,1,1,4,1,1,4,2,0,0,2,6,6
GTEX-XV7Q-0326-SM-4BRVM,Normal_GTEX,1,0,2,1,3,2,1,4,2,1,2,0,2,1,2,3,3,3
GTEX-ZT9X-0004-SM-4YCDT,Normal_GTEX,3,1,0,4,2,3,5,2,3,6,5,4,7,2,4,8,1,1
GTEX-13NZA-0011-R8b-SM-5KM2Q,Normal_GTEX,3,1,0,3,2,3,4,3,0,5,4,5,6,3,6,7,4,4
GTEX-11GS4-1426-SM-5N9D2,Normal_GTEX,1,2,2,1,1,0,1,1,4,1,3,0,1,5,5,1,0,0
GTEX-Y8DK-0011-R5B-SM-4RTW6,Normal_GTEX,3,1,0,3,2,3,4,3,0,5,4,5,6,3,6,7,4,4
GTEX-14B4R-1426-SM-5Q5CG,Normal_GTEX,1,0,2,1,3,1,2,4,1,3,2,1,4,1,3,5,3,2
GTEX-ZDXO-0326-SM-4WKHJ,Normal_GTEX,1,2,2,1,1,0,1,1,4,1,1,4,2,0,0,2,6,6
GTEX-Y9LG-2326-SM-4VDS1,Normal_GTEX,1,2,2,1,1,0,1,1,4,1,3,0,1,5,0,1,0,0
GTEX-T2IS-0826-SM-4DM6L,Normal_GTEX,1,0,2,1,3,2,2,4,2,2,1,3,3,4,3,4,7,7
GTEX-11ZTS-0011-R1a-SM-5BC71,Normal_GTEX,3,1,0,3,2,3,4,3,0,5,4,5,6,3,6,7,4,4
TCGA-AR-A2LQ-01,Normal,2,0,1,2,0,1,3,0,1,4,0,1,5,6,1,6,2,2
GTEX-VUSG-0326-SM-3GIJ7,Normal_GTEX,1,0,2,1,3,2,2,4,2,3,2,2,4,1,2,5,3,3
GTEX-UJHI-1126-SM-4IHLN,Normal_GTEX,1,0,2,1,3,2,2,4,2,3,2,2,4,1,2,5,3,3
GTEX-11DXZ-1426-SM-5H12A,Normal_GTEX,1,2,2,1,1,0,1,1,4,1,3,0,2,0,5,3,6,6
GTEX-SNMC-1026-SM-4DM7K,Normal_GTEX,1,0,0,1,3,2,2,3,2,3,4,5,4,3,6,5,4,4
GTEX-12WS9-3026-SM-5EGIE,Normal_GTEX,1,1,0,1,2,3,2,3,0,3,4,5,4,3,6,5,4,4
GTEX-PLZ6-0626-SM-3P61B,Normal_GTEX,1,2,2,1,1,0,1,1,4,1,3,0,1,5,5,1,0,0
GTEX-YF7O-2226-SM-5CVN8,Normal_GTEX,1,0,2,1,3,1,2,4,1,3,2,1,4,1,3,5,3,2
GTEX-13FH7-1926-SM-5J2OL,Normal_GTEX,1,2,2,1,1,0,1,1,4,1,3,0,2,0,5,3,6,6
GTEX-ZLFU-0626-SM-4WWBO,Normal_GTEX,1,0,2,1,3,2,1,4,2,1,2,2,2,1,2,3,3,3
GTEX-12696-0926-SM-5FQTV,Normal_GTEX,1,0,2,1,3,2,2,4,2,3,2,2,4,1,2,5,3,3
GTEX-13VXT-0526-SM-5SI9O,Normal_GTEX,1,2,2,1,1,0,1,1,4,1,3,0,1,5,0,1,0,0
TCGA-AO-A03P-01,LumB,2,0,1,2,0,1,3,0,1,4,0,1,5,6,1,6,2,2
GTEX-QEG4-1226-SM-2S1P6,Normal_GTEX,1,2,2,1,1,0,1,1,4,1,3,0,1,5,0,1,0,0
GTEX-YJ89-0011-R9a-SM-4SOK7,Normal_GTEX,3,1,0,3,2,3,4,3,0,5,4,5,6,3,6,7,4,4
GTEX-12ZZW-2326-SM-5DUW2,Normal_GTEX,1,2,2,1,1,0,1,1,4,1,2,0,2,0,5,3,6,6
GTEX-139T6-0626-SM-5IFF9,Normal_GTEX,1,0,2,1,3,2,2,4,2,2,1,3,3,4,3,4,7,7
GTEX-139TU-0726-SM-5L3EK,Normal_GTEX,1,0,2,1,3,2,2,4,2,2,1,3,3,4,3,4,7,7
GTEX-139TU-0011-R5b-SM-5L3E1,Normal_GTEX,3,1,0,3,2,3,4,3,0,5,4,5,6,3,6,7,4,4
GTEX-RTLS-0726-SM-46MV4,Normal_GTEX,1,2,2,1,1,0,1,1,4,1,3,0,1,5,0,1,0,0
GTEX-13O21-1126-SM-5N9EV,Normal_GTEX,1,0,2,1,3,2,1,4,2,1,2,2,1,1,2,1,3,3
GTEX-XQ3S-1326-SM-4BOPQ,Normal_GTEX,1,2,2,1,1,0,1,1,4,1,1,0,2,0,5,3,6,6
GTEX-PX3G-0226-SM-2S1OU,Normal_GTEX,1,2,2,1,1,0,1,1,4,1,1,0,2,0,5,3,6,6
TCGA-B6-A0X7-01,LumA,2,0,1,2,0,1,3,0,1,4,0,1,5,6,1,6,2,2
GTEX-SSA3-0002-SM-3P61R,Normal_GTEX,3,1,0,4,2,3,5,2,3,6,5,4,7,2,4,8,1,1
GTEX-WXYG-1626-SM-4ONCR,Normal_GTEX,1,0,2,1,3,2,2,4,2,3,2,2,4,1,2,5,3,3
GTEX-NL3H-0011-R11A-SM-2I3E6,Normal_GTEX,3,1,0,3,2,3,4,3,0,5,4,5,6,3,6,7,4,4
GTEX-N7MS-0011-R2a-SM-2HML6,Normal_GTEX,3,1,0,3,2,3,4,3,0,5,4,5,6,3,6,7,4,4
GTEX-QMRM-1126-SM-447BN,Normal_GTEX,1,0,2,1,3,2,2,4,2,3,2,2,4,1,2,5,3,3
GTEX-139D8-0226-SM-5KLZO,Normal_GTEX,1,0,2,1,3,2,2,4,2,2,1,3,3,4,3,4,7,7
GTEX-13OVJ-0726-SM-5KM1W,Normal_GTEX,1,0,2,1,3,2,2,4,2,3,2,2,4,1,2,5,3,3
GTEX-13FTY-0011-R1a-SM-5LZXE,Normal_GTEX,3,1,0,3,2,3,4,3,0,5,4,5,6,3,6,7,4,4
GTEX-S95S-0726-SM-4B64H,Normal_GTEX,1,0,2,1,3,2,2,4,2,3,2,2,4,1,2,5,3,3
GTEX-13O61-1526-SM-5KM3P,Normal_GTEX,1,2,2,1,1,0,1,1,4,1,3,0,1,5,5,1,0,0
GTEX-ZTPG-2226-SM-57WF9,Normal_GTEX,1,0,2,1,3,2,2,4,2,2,1,3,3,4,3,4,7,7
GTEX-13FXS-0226-SM-5IJCK,Normal_GTEX,1,0,2,1,3,2,2,4,2,2,1,3,3,4,3,4,7,7
GTEX-PLZ4-0726-SM-2TC6Q,Normal_GTEX,1,0,2,1,3,2,2,4,2,3,2,2,4,1,2,5,3,3
GTEX-OHPL-0326-SM-33HC8,Normal_GTEX,1,2,2,1,1,0,1,1,4,1,3,0,2,5,0,2,0,0
GTEX-S7SE-0005-SM-2XCEA,Normal_GTEX,3,1,0,4,2,3,5,2,3,6,5,4,7,2,4,8,1,1
GTEX-12WSF-0011-R4b-SM-5HL88,Normal_GTEX,3,1,0,3,2,3,4,3,0,5,4,5,6,3,6,7,4,4
GTEX-12ZZY-0426-SM-5LZW3,Normal_GTEX,1,2,2,1,1,0,1,1,4,1,1,0,2,0,3,3,6,6
GTEX-RVPV-0008-SM-47JYW,Normal_GTEX,3,2,2,4,1,0,5,2,3,6,5,4,7,2,0,8,5,5
GTEX-PWCY-2226-SM-2S1OP,Normal_GTEX,1,2,2,1,1,0,1,1,4,1,3,0,1,5,0,1,0,0
GTEX-11DXX-1126-SM-5GZZK,Normal_GTEX,1,0,2,1,3,2,2,4,2,2,1,3,3,4,3,4,7,7
GTEX-S4Z8-2026-SM-3K2A9,Normal_GTEX,1,2,2,1,1,0,1,1,4,1,3,0,1,5,0,1,0,0
GTEX-O5YW-1526-SM-3MJGL,Normal_GTEX,1,0,2,1,3,2,2,4,2,3,2,2,4,1,2,5,3,3
GTEX-11ZTS-0011-R2b-SM-5BC75,Normal_GTEX,3,1,0,3,2,3,4,3,0,5,4,5,6,3,6,7,4,4
GTEX-T5JC-0011-R11A-SM-32PMB,Normal_GTEX,3,1,0,3,2,3,4,3,0,5,4,5,6,3,6,7,4,4
GTEX-PWCY-1726-SM-48TD3,Normal_GTEX,1,0,2,1,3,2,2,4,2,2,1,3,3,4,3,4,7,7
GTEX-13OVI-1926-SM-5IJCG,Normal_GTEX,1,2,2,1,1,0,1,1,4,1,2,0,1,0,5,1,3,3
GTEX-13VXT-1426-SM-5LU4B,Normal_GTEX,1,0,2,1,3,2,2,4,2,3,2,2,4,1,2,5,3,3
GTEX-1399R-1926-SM-5K7X8,Normal_GTEX,1,2,2,1,1,0,1,1,4,1,3,0,2,5,0,2,0,0
GTEX-1399T-3026-SM-5KLZC,Normal_GTEX,3,1,0,3,2,3,4,3,0,5,4,5,6,3,6,7,4,4
GTEX-P44G-0526-SM-2XCD1,Normal_GTEX,1,2,2,1,1,0,1,1,4,1,1,4,2,0,0,2,6,6
GTEX-14BIM-0006-SM-5O9AA,Normal_GTEX,3,1,0,4,2,3,5,2,2,6,5,4,7,2,2,8,1,1
GTEX-12WS9-0011-R2a-SM-5CVNE,Normal_GTEX,3,1,0,3,2,3,4,3,0,5,4,5,6,3,6,7,4,4
GTEX-P4QR-0426-SM-2S1NV,Normal_GTEX,1,2,2,1,1,0,1,1,4,1,1,0,2,0,5,3,6,6
GTEX-Y3I4-2226-SM-4TT7O,Normal_GTEX,1,2,2,1,1,0,1,1,4,1,1,0,2,0,5,3,6,6
GTEX-PWOO-0726-SM-2I3EB,Normal_GTEX,1,0,2,1,3,2,2,4,2,3,2,2,4,1,2,5,3,3
GTEX-139T8-0011-R1a-SM-5HL75,Normal_GTEX,3,1,0,3,2,3,4,3,0,5,4,5,6,3,6,7,4,4
GTEX-WYJK-2426-SM-4ONDQ,Normal_GTEX,1,0,2,1,3,2,2,4,2,3,2,2,4,1,2,5,3,3
GTEX-ZV7C-0008-SM-57WCL,Normal_GTEX,3,2,2,4,1,0,5,2,3,6,5,4,7,2,0,8,5,5
GTEX-X4XX-0011-R4B-SM-46MWL,Normal_GTEX,3,1,0,3,2,3,4,3,0,5,4,5,6,3,6,7,4,4
GTEX-RWS6-0001-SM-3NMAL,Normal_GTEX,3,1,0,4,2,3,5,2,3,6,5,4,7,2,4,8,1,1
GTEX-13O1R-1226-SM-5J1NU,Normal_GTEX,1,2,2,1,1,0,1,1,4,1,3,0,2,5,0,2,0,0
TCGA-A8-A07B-01,LumA,2,0,1,2,0,1,3,0,1,4,0,1,5,6,1,6,2,2
GTEX-145MH-1226-SM-5RQJT,Normal_GTEX,1,2,2,1,1,0,1,1,4,1,3,0,1,5,5,1,0,0
GTEX-ZLWG-0226-SM-4WWC6,Normal_GTEX,1,2,2,1,1,0,1,1,4,1,3,0,1,5,0,1,0,0
TCGA-A8-A086-01,LumA,2,0,1,2,0,1,3,0,1,4,0,1,5,6,1,6,2,2
GTEX-13X6I-0926-SM-5LUAB,Normal_GTEX,1,2,2,1,1,0,1,1,4,1,3,0,1,5,0,1,0,0
GTEX-ZE7O-2726-SM-51MT5,Normal_GTEX,1,0,2,1,3,2,2,4,2,2,1,3,3,4,3,4,7,7
GTEX-NPJ8-2626-SM-26GMZ,Normal_GTEX,3,1,0,4,2,3,5,3,0,6,4,5,7,3,6,8,4,4
GTEX-T5JC-2426-SM-3NMDB,Normal_GTEX,3,1,0,3,2,3,4,3,0,5,4,5,6,3,6,7,4,4
GTEX-XXEK-0004-SM-4BRWO,Normal_GTEX,3,1,0,4,2,3,5,2,3,6,5,4,7,2,4,8,1,1
GTEX-11ZUS-0011-R11b-SM-5BC7B,Normal_GTEX,3,1,0,3,2,3,4,3,0,5,4,5,6,3,6,7,4,4
GTEX-Y5V5-2126-SM-4WWFO,Normal_GTEX,1,0,2,1,3,2,1,4,2,1,1,0,2,0,5,3,6,6
GTEX-OXRK-0626-SM-2HMJ5,Normal_GTEX,1,0,2,1,3,2,1,4,2,1,2,2,2,1,2,3,3,3
TCGA-BH-A1FU-01,Normal,2,0,1,2,0,1,3,0,1,4,0,1,5,6,1,6,2,2
GTEX-13RTJ-3126-SM-5S2Q4,Normal_GTEX,3,1,0,3,2,3,4,3,0,5,4,5,6,3,6,7,4,4
GTEX-11OF3-0006-SM-5O9CM,Normal_GTEX,3,1,0,4,2,3,5,2,3,6,5,4,7,2,4,8,1,1
GTEX-TMMY-1226-SM-4DXT6,Normal_GTEX,1,2,2,1,1,0,1,1,4,1,3,0,1,5,5,1,0,0
GTEX-YECK-1326-SM-4W1ZF,Normal_GTEX,1,2,2,1,1,0,1,1,4,1,3,0,1,5,0,1,0,0
GTEX-XBED-1526-SM-4AT5W,Normal_GTEX,1,0,2,1,3,2,2,4,2,3,2,2,4,1,2,5,3,3
GTEX-QLQ7-1826-SM-2S1R5,Normal_GTEX,1,2,2,1,1,0,1,1,4,1,1,0,2,0,3,3,6,6
GTEX-UJMC-1326-SM-4IHLS,Normal_GTEX,1,0,2,1,3,2,2,4,2,3,2,2,4,1,2,5,3,3
GTEX-U412-2026-SM-4DXSI,Normal_GTEX,1,0,2,1,3,2,1,4,2,1,2,2,1,1,2,1,3,3
TCGA-B6-A0RI-01,LumA,2,0,1,2,0,1,3,0,1,4,0,1,5,6,1,6,2,2
TCGA-E9-A248-01,Her2,2,0,1,2,0,1,3,0,1,4,0,1,5,6,1,6,2,2
TCGA-A7-A26I-01,Basal,2,0,1,2,0,1,3,0,1,4,0,1,5,6,1,6,2,2
GTEX-ZVE1-0008-SM-51MS9,Normal_GTEX,3,2,2,4,1,0,5,1,3,6,1,4,7,2,0,8,5,5
GTEX-13S86-0626-SM-5Q5E7,Normal_GTEX,1,0,2,1,3,2,2,4,2,3,2,2,4,1,2,5,3,3
GTEX-Y111-0326-SM-4SOIX,Normal_GTEX,1,2,2,1,1,0,1,1,4,1,1,4,2,0,0,2,6,6
GTEX-WFG7-0005-SM-3GIKM,Normal_GTEX,3,1,0,4,2,3,5,2,3,6,5,4,7,2,4,8,1,1
GTEX-11TUW-2326-SM-5EQMO,Normal_GTEX,1,2,2,1,1,0,1,1,4,1,3,0,1,5,5,1,0,0
GTEX-139YR-2126-SM-5KM11,Normal_GTEX,1,0,2,1,3,2,2,4,2,3,2,2,4,1,2,5,3,3
GTEX-WFON-0126-SM-4LVM9,Normal_GTEX,1,1,0,1,2,3,2,4,3,3,2,2,4,1,2,5,3,3
GTEX-ZAJG-2826-SM-5HL8D,Normal_GTEX,1,2,2,1,1,0,1,1,4,1,3,0,1,5,5,1,0,0
TCGA-E2-A14W-01,LumB,2,0,1,2,0,1,3,0,1,4,0,1,5,6,1,6,2,2
GTEX-13CZV-0011-R9a-SM-5LZXT,Normal_GTEX,3,1,0,3,2,3,4,3,0,5,4,5,6,3,6,7,4,4
GTEX-11EM3-0426-SM-5N9BZ,Normal_GTEX,1,2,2,1,1,0,1,1,4,1,3,0,2,5,0,2,0,0
GTEX-13G51-3226-SM-5IFG7,Normal_GTEX,1,1,0,1,2,3,2,3,0,3,4,5,4,3,6,5,4,4
GTEX-XGQ4-1026-SM-4AT4L,Normal_GTEX,1,2,2,1,1,0,1,1,4,1,2,0,2,0,5,3,6,6
GTEX-14DAR-2226-SM-5S2VT,Normal_GTEX,1,2,2,1,1,0,1,1,4,1,1,0,2,0,3,3,6,6
GTEX-NPJ8-0007-SM-2D7VX,Normal_GTEX,3,1,0,4,2,3,5,2,3,6,5,4,7,2,4,8,1,1
GTEX-POYW-0526-SM-2XCEY,Normal_GTEX,1,2,2,1,1,0,1,1,4,1,1,4,2,0,0,2,6,6
GTEX-1497J-0226-SM-5QGPU,Normal_GTEX,1,0,2,1,3,2,2,4,2,2,1,3,3,4,3,4,7,7
GTEX-YEC4-1426-SM-5IFHS,Normal_GTEX,1,0,2,1,3,2,2,4,2,3,2,2,4,1,2,5,3,3
GTEX-Y8E4-0826-SM-4VBRS,Normal_GTEX,1,2,2,1,1,0,1,1,4,1,1,0,2,0,3,3,6,6
GTEX-P44H-2626-SM-2XCET,Normal_GTEX,3,1,0,3,2,3,4,3,0,5,4,5,6,3,6,7,4,4
GTEX-13OW8-0326-SM-5L3FB,Normal_GTEX,1,2,2,1,1,0,1,1,4,1,2,0,2,0,5,3,6,6
GTEX-1399S-2326-SM-5K7YV,Normal_GTEX,1,0,2,1,3,2,2,4,2,2,1,3,3,4,3,4,7,7
GTEX-RTLS-0626-SM-2TF6G,Normal_GTEX,1,0,2,1,3,2,1,4,2,1,2,2,2,1,2,3,3,3
GTEX-T8EM-1826-SM-4DM7F,Normal_GTEX,1,0,2,1,3,2,1,4,2,1,2,2,1,1,2,1,3,3
TCGA-BH-A0HK-11,Normal_TCGA,1,0,1,1,0,1,1,0,1,1,0,1,2,6,1,3,2,2
GTEX-ZDYS-1126-SM-5K7UB,Normal_GTEX,1,2,2,1,1,0,1,1,4,1,1,0,2,0,5,3,6,6
GTEX-Y8E4-2426-SM-4WWDN,Normal_GTEX,1,0,2,1,3,2,2,4,2,3,2,2,4,1,2,5,3,3
GTEX-WFON-0126-SM-5CHTF,Normal_GTEX,3,1,0,4,2,3,5,2,3,6,5,4,7,2,4,8,1,1
GTEX-POMQ-1426-SM-3P61D,Normal_GTEX,1,2,2,1,1,0,1,1,4,1,2,0,1,1,0,1,5,5
GTEX-XMK1-1326-SM-4B65Q,Normal_GTEX,1,0,2,1,3,2,2,4,2,2,1,3,3,4,3,4,7,7
GTEX-X4XX-0626-SM-3NMC1,Normal_GTEX,1,2,2,1,1,0,1,1,4,1,1,4,2,0,0,2,6,6
GTEX-ZDXO-2426-SM-5S2NJ,Normal_GTEX,1,2,2,1,1,0,1,1,4,1,1,0,2,0,5,3,6,6
GTEX-132AR-0426-SM-5IFH8,Normal_GTEX,1,0,2,1,3,2,2,4,2,3,2,2,4,1,2,5,3,3
GTEX-1269C-1026-SM-5N9EY,Normal_GTEX,1,0,2,1,3,2,2,4,2,2,1,3,3,4,3,4,7,7
GTEX-XMK1-0126-SM-4B65F,Normal_GTEX,1,1,0,1,2,3,2,4,3,3,2,2,4,1,2,5,3,3
TCGA-B6-A0I1-01,Basal,2,0,1,2,0,1,3,0,1,4,0,1,5,6,1,6,2,2
GTEX-YJ8A-0526-SM-5IFHT,Normal_GTEX,1,2,2,1,1,0,1,1,4,1,1,0,2,0,5,3,6,6
GTEX-RUSQ-0226-SM-47JWT,Normal_GTEX,1,1,2,1,2,3,2,1,4,3,2,2,4,1,2,5,5,5
GTEX-ZF28-0126-SM-4WKGK,Normal_GTEX,1,0,2,1,3,2,2,4,2,2,1,3,3,4,3,4,7,7
GTEX-T5JW-1726-SM-3GADN,Normal_GTEX,1,2,2,1,1,0,1,1,4,1,1,0,2,0,5,3,6,6
TCGA-GM-A2DI-01,LumA,2,0,1,2,0,1,3,0,1,4,0,1,5,6,1,6,2,2
GTEX-ZDTT-2726-SM-4WKF8,Normal_GTEX,1,0,2,1,3,2,2,4,2,2,1,3,3,4,3,4,7,7
GTEX-13CZV-0011-R5a-SM-5K7XA,Normal_GTEX,3,1,0,3,2,3,4,3,0,5,4,5,6,3,6,7,4,4
GTEX-131XF-2526-SM-5EQ68,Normal_GTEX,1,2,2,1,1,0,1,1,4,1,3,0,1,5,0,1,0,0
GTEX-ZLFU-1726-SM-4WWBU,Normal_GTEX,1,0,2,1,3,2,1,4,2,1,2,2,1,1,2,1,3,3
GTEX-T8EM-1026-SM-3DB7M,Normal_GTEX,1,0,2,1,3,2,2,4,2,2,1,3,3,4,3,4,7,7
TCGA-EW-A1PE-01,LumA,2,0,1,2,0,1,3,0,1,4,0,1,5,6,1,6,2,2
GTEX-13OW6-0011-R5a-SM-5O9BK,Normal_GTEX,3,1,0,3,2,3,4,3,0,5,4,5,6,3,6,7,4,4
TCGA-BH-A1F2-01,LumB,2,0,1,2,0,1,3,0,1,4,0,1,5,6,1,6,2,2
GTEX-Q2AH-1226-SM-48TZL,Normal_GTEX,1,0,2,1,3,2,2,4,2,3,2,2,4,1,2,5,3,3
GTEX-WQUQ-2626-SM-4MVNP,Normal_GTEX,1,0,2,1,3,2,1,4,2,1,2,2,1,1,2,1,3,3
GTEX-U8XE-2026-SM-5CHQF,Normal_GTEX,3,1,0,4,2,3,5,2,3,6,5,4,7,2,4,8,1,1
GTEX-U3ZN-1026-SM-4DXTC,Normal_GTEX,1,2,2,1,1,0,1,1,4,1,3,0,1,5,0,1,5,5
GTEX-12696-3126-SM-5FQUX,Normal_GTEX,1,1,0,1,2,3,2,3,0,3,2,5,4,1,6,5,3,4
GTEX-13OW6-2626-SM-5IFF2,Normal_GTEX,1,0,2,1,3,2,2,4,2,3,2,2,4,1,2,5,3,3
GTEX-WHSE-0526-SM-5GZZD,Normal_GTEX,1,2,2,1,1,0,1,1,4,1,1,4,2,0,0,2,6,6
TCGA-BH-A0BD-01,LumB,2,0,1,2,0,1,3,0,1,4,0,1,5,6,1,6,2,2
GTEX-13NZA-0826-SM-5K7WS,Normal_GTEX,1,2,2,1,1,0,1,1,4,1,3,0,2,5,0,2,0,0
GTEX-WVLH-1426-SM-4MVNX,Normal_GTEX,1,0,2,1,3,2,2,4,2,2,1,3,3,4,3,4,7,7
GTEX-13VXU-1026-SM-5KLZE,Normal_GTEX,1,2,2,1,1,0,1,1,4,1,2,0,2,0,5,3,6,6
GTEX-12WSM-0011-R6b-SM-5EQ6N,Normal_GTEX,3,1,0,3,2,3,4,3,0,5,4,5,6,3,6,7,4,4
GTEX-ZAKK-0426-SM-5EGHB,Normal_GTEX,1,2,2,1,1,0,1,1,4,1,3,0,1,0,0,1,6,0
GTEX-WFG8-0926-SM-3GIKJ,Normal_GTEX,1,0,2,1,3,2,2,4,2,3,2,2,4,1,2,5,3,3
GTEX-XYKS-1526-SM-4BRUP,Normal_GTEX,1,0,2,1,3,2,2,4,2,2,1,3,3,4,3,4,7,7
GTEX-ZE9C-0008-SM-4E3K6,Normal_GTEX,3,2,2,4,1,0,5,1,3,6,1,4,7,2,0,8,5,5
GTEX-WHSB-1626-SM-3LK6J,Normal_GTEX,1,0,2,1,3,2,1,4,2,1,2,2,2,1,2,3,3,3
GTEX-X3Y1-0006-SM-3P5ZG,Normal_GTEX,3,1,0,4,2,3,5,2,3,6,5,4,7,2,4,8,1,1
GTEX-12KS4-0126-SM-5Q5A5,Normal_GTEX,1,2,2,1,1,0,1,1,4,1,1,0,2,0,5,3,6,6
GTEX-ZTTD-0006-SM-51MSJ,Normal_GTEX,3,1,0,4,2,3,5,2,3,6,5,4,7,2,4,8,1,1
GTEX-ZT9X-0926-SM-5O9C4,Normal_GTEX,1,2,2,1,1,0,1,1,4,1,3,0,2,0,5,3,6,6
GTEX-13N1W-0011-R5b-SM-5MR5Q,Normal_GTEX,3,1,0,3,2,3,4,3,0,5,4,5,6,3,6,7,4,4
GTEX-13O21-0626-SM-5IJDI,Normal_GTEX,1,0,2,1,3,2,2,4,2,2,1,3,3,4,3,4,7,7
GTEX-131XG-1726-SM-5LZUR,Normal_GTEX,1,0,2,1,3,2,2,4,2,3,2,2,4,1,2,5,3,3
TCGA-A7-A0DA-01,Basal,2,0,1,2,0,1,3,0,1,4,0,1,5,6,1,6,2,2
GTEX-P4PP-2426-SM-3P61L,Normal_GTEX,1,2,2,1,1,0,1,1,4,1,3,0,1,5,0,1,5,5
GTEX-14A5H-0006-SM-5O9AI,Normal_GTEX,3,1,0,4,2,3,5,2,3,6,5,4,7,2,4,8,1,1
GTEX-13PVR-0326-SM-5RQJY,Normal_GTEX,1,1,0,1,2,3,2,4,3,3,2,2,4,1,2,5,3,3
GTEX-ZZPT-3026-SM-5GZXH,Normal_GTEX,3,1,0,3,2,3,4,3,0,5,4,5,6,3,6,7,4,4
GTEX-13YAN-2126-SM-5Q5C4,Normal_GTEX,1,0,2,1,3,2,2,4,2,3,2,2,4,1,2,5,3,3
GTEX-VJYA-1026-SM-4KL21,Normal_GTEX,1,0,2,1,3,2,2,4,2,3,2,2,4,1,2,5,3,3
TCGA-A2-A25C-01,LumB,2,0,1,2,0,1,3,0,1,4,0,1,5,6,1,6,2,2
GTEX-12ZZY-0011-R6b-SM-5EGLA,Normal_GTEX,3,1,0,3,2,3,4,3,0,5,4,5,6,3,6,7,4,4
GTEX-W5WG-2726-SM-4LMIC,Normal_GTEX,1,2,2,1,1,0,1,1,4,1,3,0,1,5,5,1,0,0
GTEX-12ZZX-2726-SM-5N9FT,Normal_GTEX,1,2,2,1,1,0,1,1,4,1,3,0,1,5,5,1,0,0
GTEX-ZA64-1226-SM-5HL7B,Normal_GTEX,1,0,2,1,3,2,2,4,2,3,2,2,4,1,2,5,3,3
GTEX-WFG8-2526-SM-3GILR,Normal_GTEX,1,2,2,1,1,0,1,1,4,1,1,0,2,0,3,3,6,6
GTEX-139YR-0126-SM-5IJEY,Normal_GTEX,1,2,0,1,1,3,2,1,4,3,2,2,4,1,2,5,5,5
GTEX-145MI-0011-R4b-SM-5PNZH,Normal_GTEX,3,1,0,3,2,3,4,3,0,5,4,5,6,3,6,7,4,4
GTEX-XMD2-0226-SM-4WWEE,Normal_GTEX,1,2,2,1,1,0,1,1,4,1,1,0,2,0,5,3,6,6
GTEX-ZUA1-0002-SM-4YCF7,Normal_GTEX,3,1,0,4,2,3,5,2,3,6,5,4,7,2,4,8,1,1
GTEX-1399R-0006-SM-5N9FR,Normal_GTEX,3,1,0,4,2,3,5,2,3,6,5,4,7,2,4,8,1,1
GTEX-13QIC-0011-R11b-SM-5O9BU,Normal_GTEX,3,1,0,3,2,3,4,3,0,5,4,5,6,3,6,7,4,4
GTEX-X62O-0826-SM-46MW8,Normal_GTEX,1,2,2,1,1,0,1,1,4,1,3,0,2,5,0,2,0,0
TCGA-E2-A14V-01,Her2,2,0,1,2,0,1,3,0,1,4,0,1,5,6,1,6,2,2
GTEX-ZY6K-1526-SM-5GZXE,Normal_GTEX,1,0,2,1,3,2,1,4,2,1,2,2,1,1,2,1,3,3
TCGA-BH-A1F8-11,Normal_TCGA,1,0,1,1,0,1,1,0,1,1,0,1,2,6,1,3,2,2
GTEX-11XUK-0126-SM-5CVLK,Normal_GTEX,1,2,2,1,1,3,2,1,4,3,2,2,4,1,2,5,5,5
GTEX-XLM4-3126-SM-4AT6M,Normal_GTEX,1,1,0,1,2,3,2,3,0,3,4,5,4,3,6,5,4,4
GTEX-1192W-0005-SM-5NQBQ,Normal_GTEX,3,1,0,4,2,3,5,2,3,6,5,4,7,2,4,8,1,1
GTEX-12BJ1-1526-SM-5LUAQ,Normal_GTEX,1,2,2,1,1,0,1,1,4,1,3,0,1,5,5,1,0,0
GTEX-Y8E5-0002-SM-57WD9,Normal_GTEX,3,1,0,4,2,3,5,2,3,6,5,4,7,2,4,8,1,1
GTEX-ZVZP-1726-SM-5GZWY,Normal_GTEX,1,0,2,1,3,2,2,4,2,3,2,2,4,1,2,5,3,3
GTEX-WVLH-0011-R1A-SM-4MVOK,Normal_GTEX,3,1,0,3,2,3,4,3,0,5,4,5,6,3,6,7,4,4
GTEX-13OVI-0326-SM-5K7X1,Normal_GTEX,1,2,2,1,1,0,1,1,4,1,3,0,2,5,0,2,0,0
GTEX-ZQUD-0526-SM-57WG4,Normal_GTEX,1,2,2,1,1,0,1,1,4,1,3,0,2,0,5,3,6,6
TCGA-B6-A0WX-01,Basal,2,0,1,2,0,1,3,0,1,4,0,1,5,6,1,6,2,2
GTEX-13NZ9-0526-SM-5J1OX,Normal_GTEX,1,2,2,1,1,0,1,1,4,1,1,0,2,0,5,3,6,6
GTEX-13OVJ-0011-R5a-SM-5P9H7,Normal_GTEX,3,1,0,3,2,3,4,3,0,5,4,5,6,3,6,7,4,4
GTEX-14DAQ-2326-SM-5S2QX,Normal_GTEX,1,0,2,1,3,2,2,4,2,2,1,3,3,4,3,4,7,7
TCGA-BH-A0BV-11,Normal_TCGA,1,0,1,1,0,1,1,0,1,1,0,1,2,6,1,3,2,2
GTEX-11GSP-3226-SM-5986O,Normal_GTEX,3,1,0,3,2,3,4,3,0,5,4,5,6,3,6,7,4,4
GTEX-13NYS-0011-R8a-SM-5MR5H,Normal_GTEX,3,1,0,3,2,3,4,3,0,5,4,5,6,3,6,7,4,4
GTEX-Y3IK-0226-SM-51MRJ,Normal_GTEX,1,1,0,1,2,3,2,3,4,3,2,2,4,1,2,5,5,5
GTEX-WHSB-0426-SM-4M1XI,Normal_GTEX,1,0,2,1,3,2,2,4,2,2,1,3,3,4,3,4,7,7
GTEX-ZPIC-2326-SM-57WDW,Normal_GTEX,1,0,2,1,3,2,2,4,2,3,2,2,4,1,2,5,3,3
TCGA-BH-A0DV-01,LumA,2,0,1,2,0,1,3,0,1,4,0,1,5,6,1,6,2,2
GTEX-PX3G-0226-SM-3NB2C,Normal_GTEX,1,2,2,1,1,0,1,1,4,1,1,0,2,0,5,3,6,6
GTEX-13OW6-3026-SM-5J2MI,Normal_GTEX,3,1,0,3,2,3,4,3,0,5,4,5,6,3,6,7,4,4
GTEX-11EI6-0126-SM-5985R,Normal_GTEX,1,0,2,1,3,2,2,4,2,2,1,3,3,4,3,4,7,7
GTEX-ZE7O-0011-R7a-SM-57WCU,Normal_GTEX,3,1,0,3,2,3,4,3,0,5,4,5,6,3,6,7,4,4
GTEX-11ZTT-1626-SM-5EQKR,Normal_GTEX,1,2,2,1,1,0,1,1,4,1,3,0,1,5,5,1,0,0
GTEX-14BIL-0226-SM-5SI9E,Normal_GTEX,1,2,2,1,1,0,1,1,4,1,1,0,2,0,5,3,6,6
TCGA-A8-A09V-01,LumA,2,0,1,2,0,1,3,0,1,4,0,1,5,6,1,6,2,2
GTEX-111YS-0826-SM-5GZYK,Normal_GTEX,1,2,2,1,1,0,1,1,4,1,3,0,1,5,5,1,0,0
GTEX-ZTPG-1426-SM-51MT3,Normal_GTEX,1,0,2,1,3,2,2,4,2,3,2,2,4,1,2,5,3,3
GTEX-13O3O-2326-SM-5IJD6,Normal_GTEX,1,0,2,1,3,2,2,4,2,2,1,3,3,4,3,4,7,7
TCGA-BH-A0HP-01,LumA,2,0,1,2,0,1,3,0,1,4,0,1,5,6,1,6,2,2
TCGA-B6-A0I8-01,LumA,2,0,1,2,0,1,3,0,1,4,0,1,5,6,1,6,2,2
GTEX-1313W-0926-SM-5EQ56,Normal_GTEX,1,0,2,1,3,2,2,4,2,3,2,2,4,1,2,5,3,3
GTEX-12WSJ-0726-SM-5GCN6,Normal_GTEX,1,2,2,1,1,0,1,1,4,1,3,0,1,5,5,1,0,0
GTEX-12WSC-0526-SM-5BC5X,Normal_GTEX,1,2,2,1,1,0,1,1,4,1,3,0,1,5,0,1,0,0
GTEX-UTHO-3126-SM-3P5ZB,Normal_GTEX,1,1,0,1,2,3,2,3,0,3,2,5,4,1,6,5,3,4
GTEX-13NYB-0826-SM-5MR4V,Normal_GTEX,1,2,2,1,1,0,1,1,4,1,3,0,1,5,5,1,0,0
GTEX-SNMC-0826-SM-4DM66,Normal_GTEX,1,0,2,1,3,0,2,4,2,2,2,2,3,1,2,4,3,3
GTEX-Y3IK-0008-SM-4WWDZ,Normal_GTEX,3,2,2,4,1,0,5,1,3,6,1,4,7,2,0,8,5,5
GTEX-1211K-2226-SM-5FQU6,Normal_GTEX,1,2,2,1,1,0,1,1,4,1,1,0,2,0,5,3,6,6
GTEX-ZUA1-0011-R3a-SM-4YCEE,Normal_GTEX,3,1,0,3,2,3,4,3,0,5,4,5,6,3,6,7,4,4
GTEX-Y3I4-0626-SM-4TT7A,Normal_GTEX,1,2,2,1,1,0,1,1,4,1,3,0,2,5,0,2,0,0
GTEX-ZYFC-1026-SM-5GZX9,Normal_GTEX,1,2,2,1,1,0,1,1,4,1,3,0,2,5,0,2,0,0
GTEX-12584-0726-SM-5FQTK,Normal_GTEX,1,0,2,1,3,2,2,4,2,2,1,3,3,4,3,4,7,7
GTEX-ZC5H-1526-SM-5HL9Y,Normal_GTEX,1,0,2,1,3,2,2,4,2,2,1,3,3,4,3,4,7,7
GTEX-13FTW-1926-SM-5K7Y4,Normal_GTEX,1,2,2,1,1,0,1,1,4,1,3,0,1,5,5,1,0,0
GTEX-147F4-2826-SM-5NQBN,Normal_GTEX,1,0,2,1,3,2,1,4,2,1,1,0,2,0,5,3,6,6
GTEX-11DXX-1726-SM-5H11T,Normal_GTEX,1,0,2,1,3,2,2,4,2,2,1,3,3,4,3,4,7,7
GTEX-14BMV-0005-SM-5NQ6Y,Normal_GTEX,3,1,0,4,2,3,5,2,3,6,5,4,7,2,4,8,1,1
GTEX-111YS-1026-SM-5GZYE,Normal_GTEX,1,2,2,1,1,0,1,1,4,1,3,0,1,5,5,1,0,0
GTEX-XMD1-0011-R6A-SM-4AT5K,Normal_GTEX,3,1,0,3,2,3,4,3,0,5,4,5,6,3,6,7,4,4
GTEX-ZVTK-0326-SM-51MRR,Normal_GTEX,1,0,2,1,3,2,1,4,2,1,1,0,2,0,5,3,6,6
GTEX-11UD2-0926-SM-5CVL6,Normal_GTEX,1,2,2,1,1,0,1,1,4,1,3,0,2,5,0,2,0,0
GTEX-11WQC-2526-SM-5CVLE,Normal_GTEX,1,0,2,1,3,2,2,4,2,2,1,3,3,4,3,4,7,7
GTEX-13VXT-1026-SM-5LU37,Normal_GTEX,1,2,2,1,1,0,1,1,4,1,3,0,2,5,0,2,0,0
GTEX-12WSL-2826-SM-5LZWL,Normal_GTEX,1,2,2,1,1,0,1,1,4,1,1,0,2,0,3,3,6,6
TCGA-E9-A1N8-01,Basal,2,0,1,2,0,1,3,0,1,4,0,1,5,6,1,6,2,2
GTEX-11EI6-0326-SM-5EQ6G,Normal_GTEX,1,2,2,1,1,0,1,1,4,1,1,4,2,0,0,2,6,6
GTEX-T6MN-0008-SM-4DM7H,Normal_GTEX,3,2,2,4,1,0,5,1,3,6,1,4,7,0,0,8,5,5
GTEX-XAJ8-0926-SM-47JXZ,Normal_GTEX,1,2,2,1,1,0,1,1,4,1,1,0,2,0,5,3,6,6
TCGA-AR-A24Q-01,Basal,2,0,1,2,0,1,3,0,1,4,0,1,5,6,1,6,2,2
TCGA-AR-A0U0-01,Basal,2,0,1,2,0,1,3,0,1,4,0,1,5,6,1,6,2,2
GTEX-XUW1-0426-SM-4BOOT,Normal_GTEX,1,0,2,1,3,2,2,4,2,2,1,3,3,4,3,4,7,7
GTEX-13X6K-0011-R10a-SM-5P9JR,Normal_GTEX,3,1,0,3,2,3,4,3,0,5,4,5,6,3,6,7,4,4
GTEX-WEY5-0926-SM-4LMI4,Normal_GTEX,1,0,2,1,3,2,2,4,2,2,1,3,3,4,3,4,7,7
GTEX-11GSO-1926-SM-5A5K3,Normal_GTEX,1,0,2,1,3,0,1,4,4,1,2,0,2,0,5,3,6,6
GTEX-13VXT-1226-SM-5LU3M,Normal_GTEX,1,0,2,1,3,2,2,4,2,3,2,2,4,1,2,5,3,3
GTEX-14DAQ-1626-SM-5S2R1,Normal_GTEX,1,2,2,1,1,0,1,1,4,1,3,0,1,5,5,1,0,0
GTEX-Y5V6-0326-SM-4VBRW,Normal_GTEX,1,2,2,1,1,0,1,1,4,1,3,0,1,5,0,1,0,0
GTEX-13PVQ-1826-SM-5L3GU,Normal_GTEX,1,2,2,1,1,0,1,1,4,1,3,0,1,5,5,1,0,0
GTEX-13NYS-0726-SM-5J1OR,Normal_GTEX,1,2,2,1,1,0,1,1,4,1,2,0,2,0,5,3,6,6
GTEX-OIZG-0426-SM-3LK5W,Normal_GTEX,1,2,2,1,1,0,1,1,4,1,3,0,1,5,0,1,0,0
GTEX-X4LF-0826-SM-4QASC,Normal_GTEX,1,2,2,1,1,0,1,1,4,1,3,0,1,5,5,1,0,0
GTEX-139TU-1126-SM-5J1NY,Normal_GTEX,1,2,2,1,1,0,1,1,4,1,3,0,1,5,0,1,0,0
GTEX-11EQ9-2126-SM-5PNVW,Normal_GTEX,1,2,2,1,1,0,1,1,4,1,1,4,2,0,0,2,6,6
GTEX-RU72-0526-SM-2TF5Z,Normal_GTEX,1,0,2,1,3,2,2,4,2,3,2,2,4,1,2,5,3,3
TCGA-BH-A0AU-11,Normal_TCGA,1,0,1,1,0,1,1,0,1,1,0,1,2,6,1,3,2,2
GTEX-ZF28-0011-R1a-SM-4WWD1,Normal_GTEX,3,1,0,3,2,3,4,3,0,5,4,5,6,3,6,7,4,4
GTEX-14A6H-2326-SM-5Q5B5,Normal_GTEX,1,0,0,1,3,2,2,3,2,3,4,5,4,3,6,5,4,4
GTEX-S32W-0826-SM-4AD5Z,Normal_GTEX,1,0,2,1,3,2,2,4,2,3,2,2,4,1,2,5,3,3
GTEX-11EQ8-0926-SM-5H12V,Normal_GTEX,1,0,2,1,3,2,2,4,2,2,1,3,3,4,3,4,7,7
GTEX-ZF28-0011-R6a-SM-4WKHI,Normal_GTEX,3,1,0,3,2,3,4,3,0,5,4,5,6,3,6,7,4,4
TCGA-B6-A0RG-01,LumA,2,0,1,2,0,1,3,0,1,4,0,1,5,6,1,6,2,2
GTEX-ZZPU-2126-SM-5EGIU,Normal_GTEX,1,2,2,1,1,0,1,1,4,1,3,0,1,5,0,1,5,5
GTEX-S32W-1926-SM-4AD63,Normal_GTEX,1,0,2,1,3,2,2,4,2,3,2,2,4,1,2,5,3,3
GTEX-Y114-1226-SM-4TT88,Normal_GTEX,1,2,2,1,1,0,1,1,4,1,3,0,1,5,5,1,0,0
GTEX-SNOS-0826-SM-4DM5N,Normal_GTEX,1,0,2,1,3,2,2,4,2,3,2,2,4,1,2,5,3,3
TCGA-A7-A0CE-01,Basal,2,0,1,2,0,1,3,0,1,4,0,1,5,6,1,6,2,2
GTEX-131XH-0011-R2b-SM-5DUVY,Normal_GTEX,3,1,0,3,2,3,4,3,0,5,4,5,6,3,6,7,4,4
GTEX-13RTJ-0011-R11a-SM-5O9CK,Normal_GTEX,3,1,0,3,2,3,4,3,0,5,4,5,6,3,6,7,4,4
GTEX-Y114-0226-SM-4TT8W,Normal_GTEX,1,2,2,1,1,0,1,1,4,1,3,0,2,5,0,2,0,0
GTEX-13SLW-0126-SM-5SI6C,Normal_GTEX,1,0,2,1,3,2,2,4,2,2,1,3,3,4,3,4,7,7
GTEX-O5YV-0426-SM-3LK66,Normal_GTEX,1,2,2,1,1,0,1,1,4,1,3,0,1,5,0,1,0,0
GTEX-X3Y1-1126-SM-4PQZ9,Normal_GTEX,1,2,2,1,1,0,1,1,4,1,3,0,1,5,5,1,0,0
GTEX-Y3IK-2226-SM-4YCD4,Normal_GTEX,1,0,2,1,3,2,2,4,2,2,1,3,3,4,3,4,7,7
GTEX-Q2AG-0326-SM-48U1O,Normal_GTEX,1,0,2,1,3,2,1,4,2,1,1,0,2,0,5,3,6,6
GTEX-V955-0926-SM-4JBJ8,Normal_GTEX,1,2,2,1,1,0,1,1,4,1,3,0,1,5,0,1,0,0
GTEX-1313W-0006-SM-5O9B1,Normal_GTEX,3,1,0,4,2,3,5,2,3,6,5,4,7,2,4,8,1,1
GTEX-13OW5-0011-R4b-SM-5L3HS,Normal_GTEX,3,1,0,3,2,3,4,3,0,5,4,5,6,3,6,7,4,4
GTEX-13OW6-0226-SM-5J1NB,Normal_GTEX,1,2,2,1,1,0,1,1,4,1,1,0,2,0,3,3,6,6
GTEX-W5X1-2526-SM-3GILC,Normal_GTEX,1,0,2,1,3,2,2,4,2,2,1,3,3,4,3,4,7,7
GTEX-1313W-0626-SM-5EQ4H,Normal_GTEX,1,0,2,1,3,2,2,4,2,2,1,3,3,4,3,4,7,7
GTEX-RVPV-0011-R5A-SM-2TF69,Normal_GTEX,3,1,0,3,2,3,4,3,0,5,4,5,6,3,6,7,4,4
GTEX-YEC3-2026-SM-5CVLQ,Normal_GTEX,1,2,2,1,1,0,1,1,4,1,3,0,1,5,5,1,0,0
GTEX-Y114-1326-SM-4TT9A,Normal_GTEX,1,2,2,1,1,0,1,1,4,1,3,0,2,5,5,3,0,6
GTEX-11ZTS-1526-SM-5N9G7,Normal_GTEX,1,2,2,1,1,0,1,1,4,1,3,0,1,5,5,1,0,0
GTEX-XUW1-1926-SM-4BOP1,Normal_GTEX,1,0,2,1,3,2,2,4,2,3,2,2,4,1,2,5,3,3
GTEX-12WSF-0011-R7b-SM-5HL99,Normal_GTEX,3,1,0,3,2,3,4,3,0,5,4,5,6,3,6,7,4,4
GTEX-148VJ-2226-SM-5NQ9M,Normal_GTEX,1,0,2,1,3,2,2,4,2,3,2,2,4,1,2,5,3,3
TCGA-AC-A2FO-01,LumA,2,0,1,2,0,1,3,0,1,4,0,1,5,6,1,6,2,2
GTEX-WZTO-1626-SM-4PQYR,Normal_GTEX,1,2,2,1,1,0,1,1,4,1,3,0,1,5,0,1,0,0
GTEX-ZVT2-0001-SM-57WCK,Normal_GTEX,3,1,0,4,2,3,5,2,3,6,5,4,7,2,4,8,1,1
GTEX-U3ZN-0426-SM-4DXSH,Normal_GTEX,1,2,2,1,1,0,1,1,4,1,3,0,1,5,0,1,0,0
GTEX-QMRM-0226-SM-4R1K7,Normal_GTEX,1,1,0,1,2,3,2,4,3,3,2,2,4,1,2,5,3,3
GTEX-12696-0326-SM-5EGL4,Normal_GTEX,1,0,2,1,3,2,1,4,2,1,2,2,2,1,2,3,3,3
GTEX-RU72-2626-SM-4TT75,Normal_GTEX,1,0,2,1,3,0,1,4,4,1,3,0,1,5,5,1,0,0
GTEX-WY7C-2126-SM-3NB2R,Normal_GTEX,1,0,2,1,3,2,2,4,2,2,1,3,3,4,3,4,7,7
GTEX-WXYG-0004-SM-4MVOS,Normal_GTEX,3,1,0,4,2,3,5,2,3,6,5,4,7,2,4,8,1,1
GTEX-OXRK-0008-SM-3NB28,Normal_GTEX,3,2,2,4,1,0,5,1,3,6,1,4,7,2,0,8,5,5
GTEX-1117F-2226-SM-5N9CH,Normal_GTEX,1,2,2,1,1,0,1,1,4,1,3,0,1,5,0,1,0,5
GTEX-12BJ1-0426-SM-5FQSO,Normal_GTEX,1,0,2,1,3,2,1,4,2,1,2,2,2,1,2,3,3,3
GTEX-NPJ8-0426-SM-2HMK6,Normal_GTEX,1,2,2,1,1,0,1,1,4,1,3,0,2,5,0,2,0,0
GTEX-WZTO-0011-R1B-SM-3NMAR,Normal_GTEX,3,1,0,3,2,3,4,3,0,5,4,5,6,3,6,7,4,4
TCGA-C8-A12Y-01,LumA,2,0,1,2,0,1,3,0,1,4,0,1,5,6,1,6,2,2
GTEX-QDVN-0826-SM-48TZ2,Normal_GTEX,1,0,2,1,3,2,2,4,2,3,2,2,4,1,2,5,3,3
GTEX-WL46-0011-R1A-SM-3LK6M,Normal_GTEX,3,1,0,3,2,3,4,3,0,5,4,5,6,3,6,7,4,4
TCGA-B6-A0X4-01,LumA,2,0,1,2,0,1,3,0,1,4,0,1,5,6,1,6,2,2
TCGA-BH-A1FB-11,Normal_TCGA,1,0,1,1,0,1,1,0,1,1,0,1,2,6,1,3,2,2
GTEX-11DXX-2626-SM-5Q5A3,Normal_GTEX,1,2,2,1,1,0,1,1,4,1,3,0,1,5,0,1,0,0
GTEX-13RTJ-2426-SM-5S2Q2,Normal_GTEX,1,0,2,1,3,2,2,4,2,2,1,3,3,4,3,4,7,7
GTEX-11TUW-2626-SM-5EQKZ,Normal_GTEX,1,2,2,1,1,0,1,1,4,1,1,0,2,0,5,3,6,6
GTEX-14BMU-0226-SM-5S2QA,Normal_GTEX,1,0,2,1,3,2,1,4,2,1,2,2,2,1,2,3,3,3
GTEX-13PL6-0826-SM-5IJBI,Normal_GTEX,1,2,2,1,1,0,1,1,4,1,3,0,2,5,0,2,0,0
TCGA-A7-A13G-11,Normal_TCGA,1,2,1,1,0,1,1,0,1,1,0,1,2,0,1,3,6,2
GTEX-13O3P-0526-SM-5K7UT,Normal_GTEX,1,2,2,1,1,0,1,1,4,1,3,0,1,5,0,1,0,0
GTEX-YEC3-0826-SM-5P9JF,Normal_GTEX,1,0,2,1,3,2,1,4,2,1,2,2,2,1,2,3,3,3
GTEX-XUJ4-1526-SM-4BONU,Normal_GTEX,1,2,2,1,1,0,1,1,4,1,3,0,1,5,5,1,0,0
GTEX-11O72-1126-SM-5N9E2,Normal_GTEX,1,2,2,1,1,0,1,1,4,1,3,0,2,5,0,2,0,0
GTEX-UTHO-2926-SM-3P5Z9,Normal_GTEX,3,1,0,3,2,3,4,3,0,5,4,5,6,3,6,7,4,4
GTEX-XUW1-0826-SM-4BOP6,Normal_GTEX,1,2,2,1,1,0,1,1,4,1,1,4,2,0,0,2,6,6
GTEX-ZG7Y-0326-SM-4WWEY,Normal_GTEX,1,0,2,1,3,2,2,4,2,3,2,2,4,1,2,5,3,3
GTEX-11TUW-1926-SM-5BC58,Normal_GTEX,1,0,2,1,3,0,2,4,4,3,2,0,4,1,2,5,3,3
GTEX-YB5K-1826-SM-5IFJC,Normal_GTEX,1,0,2,1,3,2,2,4,2,3,2,2,4,1,2,5,3,3
TCGA-AC-A2BM-01,LumB,2,0,1,2,0,1,3,0,1,4,0,1,5,6,1,6,2,2
GTEX-12WSL-0005-SM-5NQAD,Normal_GTEX,3,1,0,4,2,3,5,2,3,6,5,4,7,2,4,8,1,1
GTEX-YEC3-2326-SM-5IFJF,Normal_GTEX,1,2,2,1,1,0,1,1,4,1,3,0,1,5,5,1,0,0
GTEX-QMRM-1226-SM-447C6,Normal_GTEX,1,0,2,1,3,2,2,4,2,3,2,2,4,1,2,5,3,3
GTEX-ZYFG-0626-SM-5GZYA,Normal_GTEX,1,0,2,1,3,2,1,4,2,1,2,2,2,1,2,3,3,3
GTEX-QESD-0326-SM-47J4F,Normal_GTEX,1,2,2,1,1,0,1,1,4,1,3,0,1,5,0,1,0,0
GTEX-WFG7-1526-SM-4LVMG,Normal_GTEX,1,0,2,1,3,2,2,4,2,3,2,2,4,1,2,5,3,3
GTEX-YF7O-0626-SM-4W21R,Normal_GTEX,1,0,2,1,3,2,2,4,2,3,2,2,4,1,2,5,3,3
GTEX-QVJO-3126-SM-4R1KC,Normal_GTEX,1,2,2,1,1,0,1,1,4,1,3,0,1,5,0,1,5,5
GTEX-ZP4G-1026-SM-4YCE1,Normal_GTEX,1,2,2,1,1,2,1,1,2,1,1,3,1,4,3,1,7,7
GTEX-12WSE-0011-R1b-SM-5GU4V,Normal_GTEX,3,1,0,3,2,3,4,3,0,5,4,5,6,3,6,7,4,4
GTEX-ZE9C-0011-R6a-SM-4WWCW,Normal_GTEX,3,1,0,3,2,3,4,3,0,5,4,5,6,3,6,7,4,4
GTEX-132NY-1726-SM-5EGKK,Normal_GTEX,1,2,2,1,1,0,1,1,4,1,3,0,2,5,0,2,0,0
GTEX-S341-1626-SM-3K2B8,Normal_GTEX,1,2,2,1,1,0,1,1,4,1,1,0,2,0,5,3,6,6
GTEX-13FH7-2026-SM-5IJCR,Normal_GTEX,1,0,2,1,3,2,2,4,2,2,1,3,3,4,3,4,7,7
GTEX-13O61-1326-SM-5KM31,Normal_GTEX,1,0,2,1,3,2,2,4,2,3,2,2,4,1,2,5,3,3
GTEX-144GL-0011-R1a-SM-5PNZ5,Normal_GTEX,3,1,0,3,2,3,4,3,0,5,4,5,6,3,6,7,4,4
GTEX-Q2AH-1526-SM-48TZG,Normal_GTEX,1,0,0,1,3,2,2,3,2,3,4,5,4,3,6,5,4,4
TCGA-E2-A15G-01,LumA,2,0,1,2,0,1,3,0,1,4,0,1,5,6,1,6,2,2
TCGA-D8-A146-01,LumA,2,0,1,2,0,1,3,0,1,4,0,1,5,6,1,6,2,2
TCGA-C8-A12U-01,LumB,2,0,1,2,0,1,3,0,1,4,0,1,5,6,1,6,2,2
GTEX-WXYG-1326-SM-4ONCN,Normal_GTEX,1,2,2,1,1,0,1,1,4,1,3,0,1,5,5,1,0,0
GTEX-13O3Q-0011-R8b-SM-5KM2J,Normal_GTEX,3,1,0,3,2,3,4,3,0,5,4,5,6,3,6,7,4,4
GTEX-ZVZP-1026-SM-5GICI,Normal_GTEX,1,0,2,1,3,2,1,4,2,1,2,2,2,1,2,3,3,3
GTEX-13O1R-1526-SM-5J1O7,Normal_GTEX,1,2,2,1,1,0,1,1,4,1,3,0,1,5,5,1,0,0
TCGA-B6-A0WT-01,LumA,2,0,1,2,0,1,3,0,1,4,0,1,5,6,1,6,2,2
GTEX-WH7G-1326-SM-4LVMS,Normal_GTEX,1,0,2,1,3,2,2,4,2,3,2,2,4,1,2,5,3,3
GTEX-ZVZP-0226-SM-5NQ73,Normal_GTEX,1,2,2,1,1,0,1,1,4,1,3,0,2,5,0,2,0,0
GTEX-PWO3-0011-R2A-SM-2S1OX,Normal_GTEX,3,1,0,3,2,3,4,3,0,5,4,5,6,3,6,7,4,4
GTEX-ZP4G-1326-SM-5EGIW,Normal_GTEX,1,2,2,1,1,0,1,1,4,1,3,0,2,0,5,3,6,6
GTEX-XMK1-0005-SM-4B665,Normal_GTEX,3,1,0,4,2,3,5,2,3,6,5,4,7,2,4,8,1,1
GTEX-QVUS-0426-SM-48FE3,Normal_GTEX,1,2,2,1,1,0,1,1,4,1,3,0,1,5,0,1,0,0
GTEX-11LCK-1326-SM-5Q5AN,Normal_GTEX,1,2,2,1,1,0,1,1,4,1,1,0,2,0,3,3,6,6
GTEX-11LCK-1626-SM-5PNYB,Normal_GTEX,1,2,2,1,1,0,1,1,4,1,3,0,1,5,5,1,0,0
GTEX-U4B1-0008-SM-4DXUW,Normal_GTEX,3,2,2,4,1,0,5,1,3,6,1,4,7,0,0,8,5,5
GTEX-144FL-0426-SM-5O9A1,Normal_GTEX,1,2,2,1,1,0,1,1,4,1,1,0,2,0,3,3,6,6
GTEX-13O3P-0126-SM-5KM4S,Normal_GTEX,1,0,2,1,3,2,2,4,2,2,1,3,3,4,3,4,7,7
GTEX-WYJK-1426-SM-3NM8V,Normal_GTEX,1,2,2,1,1,0,1,1,4,1,2,0,2,0,5,3,6,6
GTEX-TSE9-2826-SM-4DXTF,Normal_GTEX,1,2,2,1,1,0,1,1,4,1,3,0,1,5,5,1,0,0
GTEX-Y3IK-1326-SM-4YCD8,Normal_GTEX,1,2,2,1,1,0,1,1,4,1,3,0,1,5,5,1,0,0
TCGA-C8-A27A-01,LumB,2,0,1,2,0,1,3,0,1,4,0,1,5,6,1,6,2,2
GTEX-Y3I4-1126-SM-4TT7Y,Normal_GTEX,1,2,2,1,1,0,1,1,4,1,3,0,1,5,5,1,0,0
GTEX-12WS9-0226-SM-5EQ4X,Normal_GTEX,1,2,2,1,1,0,1,1,4,1,1,0,2,0,5,3,6,6
GTEX-12C56-1526-SM-5FQUQ,Normal_GTEX,1,0,2,1,3,2,2,4,2,2,1,3,3,4,3,4,7,7
GTEX-NFK9-2226-SM-3MJGP,Normal_GTEX,1,0,2,1,3,2,1,4,2,1,2,2,1,1,2,1,3,3
GTEX-12ZZY-2926-SM-5DUXO,Normal_GTEX,3,1,0,3,2,3,4,3,0,5,4,5,6,3,6,7,4,4
GTEX-11OF3-3126-SM-5GU5E,Normal_GTEX,3,1,0,3,2,3,4,3,0,5,4,5,6,3,6,7,4,4
GTEX-WI4N-0726-SM-3TW93,Normal_GTEX,1,2,2,1,1,0,1,1,4,1,3,0,2,5,0,2,0,0
GTEX-146FH-0926-SM-5SI96,Normal_GTEX,1,2,2,1,1,0,1,1,4,1,3,0,1,5,0,1,0,0
GTEX-XV7Q-0526-SM-4BRWR,Normal_GTEX,1,2,2,1,1,0,1,1,4,1,3,0,1,5,0,1,0,0
GTEX-WHPG-0006-SM-3NMBV,Normal_GTEX,3,1,0,4,2,3,5,2,3,6,5,4,7,2,4,8,1,1
GTEX-RWS6-0005-SM-2XCAN,Normal_GTEX,3,1,0,4,2,3,5,2,3,6,5,4,7,2,4,8,1,1
GTEX-R55G-0008-SM-48FEX,Normal_GTEX,3,2,2,4,1,0,5,1,3,6,3,4,7,5,0,8,5,5
GTEX-144GM-2026-SM-5LU3D,Normal_GTEX,1,2,2,1,1,0,1,1,4,1,1,4,2,0,0,2,6,6
GTEX-Z93S-0011-R6b-SM-4RGNJ,Normal_GTEX,3,1,0,3,2,3,4,3,0,5,4,5,6,3,6,7,4,4
TCGA-A8-A081-01,LumB,2,0,1,2,0,1,3,0,1,4,0,1,5,6,1,6,2,2
GTEX-12WSL-1626-SM-5GCMU,Normal_GTEX,1,2,2,1,1,0,1,1,4,1,3,0,1,5,5,1,0,0
GTEX-Y5LM-0426-SM-4VBRO,Normal_GTEX,1,0,2,1,3,2,2,4,2,3,2,2,4,1,2,5,3,3
GTEX-YECK-0226-SM-4W215,Normal_GTEX,1,2,2,1,1,0,1,1,4,1,1,0,2,0,5,3,6,6
GTEX-145ME-2026-SM-5SIA5,Normal_GTEX,1,2,2,1,1,0,1,1,4,1,1,4,2,0,0,2,6,6
GTEX-ZTX8-0526-SM-59HLD,Normal_GTEX,1,0,2,1,3,2,2,4,2,3,2,2,4,1,2,5,3,3
TCGA-AO-A03O-01,LumB,2,0,1,2,0,1,3,0,1,4,0,1,5,6,1,6,2,2
GTEX-W5WG-2026-SM-4LMIB,Normal_GTEX,1,0,2,1,3,2,2,4,2,3,2,2,4,1,2,5,3,3
GTEX-11DYG-0126-SM-59883,Normal_GTEX,1,0,2,1,3,2,2,4,2,2,1,3,3,4,3,4,7,7
GTEX-11ZUS-0326-SM-5EQ4W,Normal_GTEX,1,2,2,1,1,0,1,1,4,1,3,0,2,5,0,2,0,0
TCGA-A7-A13F-11,Normal_TCGA,1,0,1,1,0,1,1,0,1,1,0,1,2,6,1,3,2,2
GTEX-ZLFU-0126-SM-5EQMN,Normal_GTEX,1,2,2,1,1,0,1,1,4,1,3,0,1,5,0,1,0,0
GTEX-11EI6-2226-SM-5EGJM,Normal_GTEX,1,0,0,1,3,2,2,3,2,3,4,5,4,3,6,5,4,4
GTEX-OOBK-0726-SM-3LK5Q,Normal_GTEX,1,2,2,1,1,0,1,1,4,1,3,0,1,5,5,1,0,0
GTEX-139UC-0011-R11a-SM-5KM3J,Normal_GTEX,3,1,0,3,2,3,4,3,0,5,4,5,6,3,6,7,4,4
GTEX-13OVH-1826-SM-5K7YW,Normal_GTEX,1,2,2,1,1,0,1,1,4,1,3,0,1,5,5,1,0,0
GTEX-V955-1926-SM-4KL1L,Normal_GTEX,1,0,0,1,3,2,2,3,2,3,4,5,4,3,6,5,4,4
GTEX-PLZ5-0826-SM-4E3JR,Normal_GTEX,1,2,2,1,1,0,1,1,4,1,3,0,1,5,5,1,0,0
GTEX-PWCY-0326-SM-43IRU,Normal_GTEX,1,2,2,1,1,0,1,1,4,1,3,0,1,5,0,1,0,0
GTEX-QXCU-0326-SM-2TC63,Normal_GTEX,1,0,2,1,3,2,1,4,2,1,2,2,2,1,2,3,3,3
GTEX-X4EO-2926-SM-4E3JH,Normal_GTEX,1,0,2,1,3,2,2,4,2,2,1,3,3,4,3,4,7,7
GTEX-SIU7-1526-SM-4BRWQ,Normal_GTEX,1,2,0,1,3,3,1,4,4,1,2,0,1,1,2,1,3,5
GTEX-QDVN-2326-SM-2S1PF,Normal_GTEX,1,2,2,1,1,0,1,1,4,1,3,0,1,5,0,1,0,0
TCGA-D8-A1XW-01,Normal,2,0,1,2,0,1,3,0,1,4,0,1,5,6,1,6,2,2
GTEX-TKQ1-0526-SM-4DXTG,Normal_GTEX,1,2,2,1,1,0,1,1,4,1,3,0,1,5,5,1,0,0
GTEX-13G51-0011-R2b-SM-5LZXS,Normal_GTEX,3,1,0,3,2,3,4,3,0,5,4,5,6,3,6,7,4,4
GTEX-OIZI-0226-SM-2XCEE,Normal_GTEX,1,2,2,1,1,0,1,1,4,1,1,0,2,0,5,3,6,6
GTEX-RU1J-1926-SM-2TF6S,Normal_GTEX,1,2,2,1,1,0,1,1,4,1,3,0,1,0,0,1,6,0
GTEX-QESD-1626-SM-2S1RB,Normal_GTEX,1,2,2,1,1,0,1,1,4,1,1,4,2,0,0,2,6,6
GTEX-ZYVF-0926-SM-5E44J,Normal_GTEX,1,0,2,1,3,2,2,4,2,2,1,3,3,4,3,4,7,7
GTEX-XPVG-0826-SM-4B654,Normal_GTEX,1,2,2,1,1,0,1,1,4,1,3,0,2,5,0,2,0,0
GTEX-OOBK-1626-SM-2HMKG,Normal_GTEX,1,1,2,1,2,0,1,1,4,1,1,4,2,0,0,2,6,6
GTEX-131XF-0826-SM-5GICG,Normal_GTEX,1,0,2,1,3,2,2,4,2,2,1,3,3,4,3,4,7,7
TCGA-E2-A15L-01,LumA,2,0,1,2,0,1,3,0,1,4,0,1,5,6,1,6,2,2
GTEX-ZF3C-0326-SM-4WWBF,Normal_GTEX,1,2,2,1,1,0,1,1,4,1,1,4,2,0,0,2,6,6
GTEX-T2IS-0008-SM-4DM75,Normal_GTEX,3,2,2,4,1,0,5,1,3,6,1,4,7,2,0,8,5,5
GTEX-O5YV-2026-SM-26GN2,Normal_GTEX,1,2,2,1,1,0,1,2,4,1,5,4,2,2,0,2,1,6
GTEX-YJ89-0011-R6a-SM-4V6GN,Normal_GTEX,3,1,0,3,2,3,4,3,0,5,4,5,6,3,6,7,4,4
GTEX-145LV-1026-SM-5O9AE,Normal_GTEX,1,2,2,1,1,0,1,1,4,1,2,0,2,0,5,3,6,6
GTEX-XUZC-0426-SM-4BOPE,Normal_GTEX,1,0,2,1,3,2,2,4,2,2,1,3,3,4,3,4,7,7
GTEX-ZDXO-0011-R11a-SM-4WWD9,Normal_GTEX,3,1,0,3,2,3,4,3,0,5,4,5,6,3,6,7,4,4
TCGA-E2-A105-01,LumA,2,0,1,2,0,1,3,0,1,4,0,1,5,6,1,6,2,2
GTEX-111CU-0526-SM-5EGHK,Normal_GTEX,1,0,2,1,3,2,2,4,2,3,2,2,4,1,2,5,3,3
GTEX-11DXX-1226-SM-5GICD,Normal_GTEX,1,2,2,1,1,0,1,1,4,1,3,0,1,5,5,1,0,0
GTEX-Q2AI-0226-SM-48U1D,Normal_GTEX,1,2,0,1,1,3,2,1,4,3,2,2,4,1,2,5,5,5
GTEX-QEG4-0226-SM-2S1PY,Normal_GTEX,1,0,2,1,3,2,2,4,2,2,1,3,3,4,3,4,7,7
GTEX-WH7G-2326-SM-3NMBC,Normal_GTEX,1,0,2,1,3,2,2,4,2,2,1,3,3,4,3,4,7,7
GTEX-T5JC-0005-SM-4DM7B,Normal_GTEX,3,1,0,4,2,3,5,2,3,6,5,4,7,2,4,8,1,1
GTEX-SNOS-0726-SM-4DM5Z,Normal_GTEX,1,2,2,1,1,0,1,1,4,1,3,0,1,5,5,1,0,0
GTEX-WZTO-0426-SM-3NM99,Normal_GTEX,1,0,2,1,3,2,2,4,2,3,2,2,4,1,2,5,3,3
GTEX-13O61-2126-SM-5IJEO,Normal_GTEX,1,0,2,1,3,2,2,4,2,3,2,2,4,1,2,5,3,3
GTEX-13RTK-0726-SM-5Q5EN,Normal_GTEX,1,2,2,1,1,0,1,1,4,1,3,0,2,5,5,3,0,6
GTEX-YB5E-0826-SM-4VDRZ,Normal_GTEX,1,2,2,1,1,0,1,1,4,1,3,0,1,5,5,1,0,0
GTEX-14BIL-0011-R9a-SM-5SI7A,Normal_GTEX,3,1,0,3,2,3,4,3,0,5,4,5,6,3,6,7,4,4
GTEX-WHWD-0005-SM-3LK7D,Normal_GTEX,3,1,0,4,2,3,5,2,3,6,5,4,7,2,4,8,1,1
GTEX-13FTX-1126-SM-5N9EN,Normal_GTEX,1,2,2,1,1,0,1,1,4,1,1,0,2,0,5,3,6,6
GTEX-13W3W-2726-SM-5SIAE,Normal_GTEX,1,2,2,1,1,0,1,1,4,1,1,0,2,0,3,3,6,6
TCGA-E2-A15H-01,LumA,2,0,1,2,0,1,3,0,1,4,0,1,5,6,1,6,2,2
GTEX-Z93S-0011-R2a-SM-4RGNG,Normal_GTEX,3,1,0,3,2,3,4,3,0,5,4,5,6,3,6,7,4,4
GTEX-YEC3-1926-SM-5IFIT,Normal_GTEX,1,2,2,1,1,0,1,1,4,1,3,0,1,5,5,1,0,0
TCGA-BH-A1EV-11,Normal_TCGA,1,0,1,1,0,1,1,0,1,1,0,1,2,6,1,3,2,2
GTEX-WHPG-1526-SM-4M1ZK,Normal_GTEX,1,2,0,1,1,3,2,1,4,3,2,2,4,1,2,5,5,5
GTEX-UJMC-0326-SM-3GAE2,Normal_GTEX,1,0,2,1,3,2,1,4,2,1,2,2,2,1,2,3,3,3
GTEX-O5YW-0006-SM-3LK6E,Normal_GTEX,3,1,0,4,2,3,5,2,3,6,5,4,7,2,4,8,1,1
GTEX-12696-1326-SM-5FQTJ,Normal_GTEX,1,0,2,1,3,2,2,4,2,2,1,3,3,4,3,4,7,7
GTEX-S4P3-0426-SM-4AD56,Normal_GTEX,1,0,2,1,3,2,2,4,2,2,1,3,3,4,3,4,7,7
GTEX-V1D1-1726-SM-4JBHB,Normal_GTEX,1,0,2,1,3,2,2,4,2,3,2,2,4,1,2,5,3,3
GTEX-12ZZZ-0011-R5a-SM-5EQ4M,Normal_GTEX,3,1,0,3,2,3,4,3,0,5,4,5,6,3,6,7,4,4
GTEX-XUZC-1626-SM-4BRVP,Normal_GTEX,1,0,2,1,3,2,1,4,2,1,1,0,2,6,5,3,3,6
GTEX-RNOR-2426-SM-48FDY,Normal_GTEX,1,1,0,1,2,3,2,3,0,3,4,5,4,3,6,5,4,4
TCGA-BH-A18S-01,LumA,2,0,1,2,0,1,3,0,1,4,0,1,5,6,1,6,2,2
GTEX-Y8E4-0626-SM-4WWDL,Normal_GTEX,1,0,2,1,3,2,2,4,2,2,1,3,3,4,3,4,7,7
GTEX-14ICL-1126-SM-5S2RE,Normal_GTEX,1,0,2,1,3,2,2,4,2,3,2,2,4,1,2,5,3,3
GTEX-13OW8-0011-R7a-SM-5L3FP,Normal_GTEX,3,1,0,3,2,3,4,3,0,5,4,5,6,3,6,7,4,4
TCGA-AR-A1AO-01,Normal,2,0,1,2,0,1,3,0,1,4,0,1,5,6,1,6,2,2
GTEX-XUYS-0226-SM-47JX1,Normal_GTEX,1,2,2,1,1,0,1,1,4,1,1,0,2,0,5,3,6,6
GTEX-11OF3-1926-SM-59889,Normal_GTEX,1,2,2,1,1,0,1,1,4,1,1,0,2,0,5,3,6,6
GTEX-1399R-0826-SM-5IJEL,Normal_GTEX,1,0,2,1,3,2,2,4,2,2,1,3,3,4,3,4,7,7
TCGA-AC-A23G-01,LumA,2,0,1,2,0,1,3,0,1,4,0,1,5,6,1,6,2,2
GTEX-13FHP-0011-R6b-SM-5LZY6,Normal_GTEX,3,1,0,3,2,3,4,3,0,5,4,5,6,3,6,7,4,4
GTEX-WYVS-0326-SM-3NM9V,Normal_GTEX,1,0,2,1,3,2,1,4,2,1,2,2,2,1,2,3,3,3
GTEX-ZT9W-0008-SM-4YCDJ,Normal_GTEX,3,2,2,4,1,0,5,1,3,6,3,4,7,2,0,8,5,5
TCGA-BH-A18R-11,Normal_TCGA,1,0,1,1,0,1,1,0,1,1,0,1,2,6,1,3,2,2
GTEX-13S7M-0011-R11b-SM-5P9HU,Normal_GTEX,3,1,0,3,2,3,4,3,0,5,4,5,6,3,6,7,4,4
GTEX-ZAK1-2526-SM-5S2N7,Normal_GTEX,1,2,2,1,1,0,1,1,4,1,3,0,1,5,5,1,0,0
GTEX-TSE9-3026-SM-3DB76,Normal_GTEX,3,1,0,3,2,3,4,3,0,5,4,5,6,3,6,7,4,4
GTEX-XOTO-0126-SM-4B66N,Normal_GTEX,1,0,2,1,3,2,2,4,2,2,1,3,3,4,3,4,7,7
GTEX-WZTO-1026-SM-3NM9P,Normal_GTEX,1,2,2,1,1,0,1,1,4,1,1,0,2,0,3,3,6,6
GTEX-RNOR-0726-SM-2TF5I,Normal_GTEX,1,0,2,1,3,2,2,4,2,3,2,2,4,1,2,5,3,3
GTEX-QLQW-0005-SM-2S1RA,Normal_GTEX,3,1,0,4,2,3,5,2,3,6,5,4,7,2,4,8,1,1
GTEX-OHPK-0326-SM-2HMJO,Normal_GTEX,1,2,2,1,1,0,1,1,4,1,3,0,2,5,0,2,0,0
GTEX-WI4N-2726-SM-3LK7Y,Normal_GTEX,1,0,2,1,3,2,2,4,2,2,1,3,3,4,3,4,7,7
GTEX-12WSC-3026-SM-5GCNF,Normal_GTEX,3,1,0,3,2,3,4,3,0,5,4,5,6,3,6,7,4,4
GTEX-139YR-1826-SM-5LZXA,Normal_GTEX,1,2,2,1,1,0,1,1,4,1,3,0,1,5,5,1,0,0
GTEX-13N1W-0226-SM-5K7W6,Normal_GTEX,1,2,2,1,1,0,1,1,4,1,1,0,2,0,5,3,6,6
GTEX-11UD1-0226-SM-5EQKL,Normal_GTEX,1,2,2,1,1,0,1,1,4,1,1,0,2,0,5,3,6,6
TCGA-AN-A0FV-01,Her2,2,0,1,2,0,1,3,0,1,4,0,1,5,6,1,6,2,2
GTEX-XAJ8-1226-SM-47JYS,Normal_GTEX,1,2,2,1,1,0,1,1,4,1,3,0,1,5,0,1,0,0
GTEX-145LV-2126-SM-5LU8N,Normal_GTEX,1,0,2,1,3,2,2,4,2,2,1,3,3,4,3,4,7,7
GTEX-ZYT6-0426-SM-5GID3,Normal_GTEX,1,0,2,1,3,2,1,4,2,1,2,2,2,1,2,3,3,3
GTEX-12WSL-2426-SM-5GCN7,Normal_GTEX,1,2,2,1,1,0,1,1,4,1,1,0,1,0,0,1,6,6
GTEX-ZQG8-0001-SM-4YCDH,Normal_GTEX,3,1,0,4,2,3,5,2,3,6,5,4,7,2,4,8,1,1
GTEX-1117F-3026-SM-5GZYU,Normal_GTEX,1,0,2,1,3,2,2,4,2,3,1,3,4,4,3,5,7,7
GTEX-QVUS-0011-R4A-SM-3GAE7,Normal_GTEX,3,1,0,3,2,3,4,3,0,5,4,5,6,3,6,7,4,4
GTEX-11P82-1626-SM-59879,Normal_GTEX,1,0,2,1,3,2,2,4,2,2,1,3,3,4,3,4,7,7
GTEX-S4Q7-0926-SM-4AD5D,Normal_GTEX,1,0,2,1,3,0,2,4,4,2,2,0,3,1,2,4,3,3
GTEX-11UD1-0011-R5b-SM-5P9FP,Normal_GTEX,3,1,0,3,2,3,4,3,0,5,4,5,6,3,6,7,4,4
GTEX-11ZU8-0126-SM-5EQ58,Normal_GTEX,1,0,2,1,3,2,2,4,2,2,1,3,3,4,3,4,7,7
GTEX-V955-2526-SM-4JBJG,Normal_GTEX,1,2,2,1,1,0,1,1,4,1,1,0,2,0,3,3,6,6
GTEX-13FLW-1426-SM-5K7YE,Normal_GTEX,3,1,0,3,2,3,4,3,0,5,4,5,6,3,6,7,4,4
GTEX-11OF3-1726-SM-5GU5Q,Normal_GTEX,1,0,2,1,3,2,1,4,2,1,2,2,1,1,2,1,3,3
GTEX-12WSL-0426-SM-5GCNX,Normal_GTEX,1,0,2,1,3,2,2,4,2,3,2,2,4,1,2,5,3,3
GTEX-WCDI-0002-SM-3P61U,Normal_GTEX,3,1,0,4,2,3,5,2,3,6,5,4,7,2,4,8,1,1
GTEX-SN8G-1526-SM-4DM79,Normal_GTEX,1,0,2,1,3,2,1,4,2,1,2,2,2,1,2,3,3,3
GTEX-13JVG-0011-R7b-SM-5MR3Q,Normal_GTEX,3,1,0,3,2,3,4,3,0,5,4,5,6,3,6,7,4,4
GTEX-ZF2S-1126-SM-4WKHH,Normal_GTEX,1,2,2,1,1,0,1,1,4,1,3,0,1,5,5,1,0,0
GTEX-145MH-0011-R7a-SM-5PNWH,Normal_GTEX,3,1,0,3,2,3,4,3,0,5,4,5,6,3,6,7,4,4
GTEX-13O3P-0926-SM-5IFFI,Normal_GTEX,1,2,2,1,1,0,1,1,4,1,2,0,2,1,5,3,6,6
GTEX-13QBU-1726-SM-5IJFQ,Normal_GTEX,1,0,2,1,3,2,2,4,2,2,1,3,3,4,3,4,7,7
GTEX-13FXS-2826-SM-5LZYC,Normal_GTEX,1,0,2,1,3,2,1,4,2,1,2,2,1,1,2,1,3,3
GTEX-139TS-0011-R7a-SM-5K7X7,Normal_GTEX,3,1,0,3,2,3,4,3,0,5,4,5,6,3,6,7,4,4
GTEX-X585-0005-SM-46MV3,Normal_GTEX,3,1,0,4,2,3,5,2,3,6,5,4,7,2,4,8,1,1
GTEX-13U4I-0626-SM-5LU5L,Normal_GTEX,1,2,2,1,1,0,1,1,4,1,3,0,2,5,0,2,0,0
GTEX-WFG8-1826-SM-4LVM4,Normal_GTEX,1,0,2,1,3,2,1,4,2,1,2,2,1,1,2,1,3,3
GTEX-11WQK-2626-SM-5EQ4K,Normal_GTEX,1,2,2,1,1,0,1,1,4,1,3,0,1,5,5,1,0,0
TCGA-AR-A24Z-01,LumB,2,0,1,2,0,1,3,0,1,4,0,1,5,6,1,6,2,2
GTEX-ZF29-0226-SM-4WKHO,Normal_GTEX,1,2,2,1,1,0,1,1,4,1,3,0,2,5,0,2,0,0
GTEX-11LCK-0008-SM-5Q5BB,Normal_GTEX,3,2,2,4,1,0,5,1,3,6,3,4,7,5,0,8,5,5
GTEX-147F3-1926-SM-5SIB9,Normal_GTEX,1,0,2,1,3,2,2,4,2,3,2,2,4,1,2,5,3,3
GTEX-S32W-1026-SM-4AD5W,Normal_GTEX,1,2,2,1,1,0,1,1,4,1,3,0,1,5,5,1,0,0
GTEX-13OW6-0426-SM-5L3HM,Normal_GTEX,1,0,2,1,3,2,2,4,2,2,1,3,3,4,3,4,7,7
GTEX-ZPU1-0426-SM-4WWCA,Normal_GTEX,1,0,2,1,3,2,1,4,2,1,2,2,2,1,2,3,3,3
GTEX-WVLH-0626-SM-3MJG7,Normal_GTEX,1,0,2,1,3,2,1,4,2,1,2,2,2,1,2,3,3,3
TCGA-D8-A145-01,LumA,2,0,1,2,0,1,3,0,1,4,0,1,5,6,1,6,2,2
GTEX-11EQ8-2626-SM-5N9BO,Normal_GTEX,1,2,2,1,2,0,1,1,4,1,3,0,1,5,5,1,0,0
GTEX-117YW-2826-SM-5H116,Normal_GTEX,1,1,0,1,2,3,2,3,0,3,4,5,4,3,6,5,4,4
GTEX-13X6I-1026-SM-5LU4C,Normal_GTEX,1,0,2,1,3,2,2,4,2,2,1,3,3,4,3,4,7,7
GTEX-131YS-1626-SM-5HL6C,Normal_GTEX,1,0,2,1,3,2,2,4,2,3,2,2,4,1,2,5,3,3
GTEX-X15G-2526-SM-4PQZT,Normal_GTEX,1,2,2,1,1,0,1,1,4,1,1,0,2,0,3,3,6,6
TCGA-D8-A1XB-01,LumA,2,0,1,2,0,1,3,0,1,4,0,1,5,6,1,6,2,2
GTEX-11GSO-2626-SM-5Q5AK,Normal_GTEX,1,2,2,1,1,0,1,1,4,1,1,0,2,0,3,3,6,6
GTEX-111CU-1226-SM-5EGIN,Normal_GTEX,1,2,2,1,1,0,1,1,4,1,3,0,1,5,5,1,0,0
GTEX-ZVP2-1626-SM-5GU5D,Normal_GTEX,1,0,2,1,3,2,2,4,2,3,2,2,4,1,2,5,3,3
GTEX-11EQ9-0726-SM-5A5K2,Normal_GTEX,1,0,2,1,3,2,2,4,2,2,1,3,3,4,3,4,7,7
TCGA-A2-A0YL-01,LumA,2,0,1,2,0,1,3,0,1,4,0,1,5,6,1,6,2,2
GTEX-S341-0426-SM-4AD5L,Normal_GTEX,1,2,2,1,1,0,1,1,4,1,3,0,1,5,5,1,0,0
GTEX-11VI4-0826-SM-5GU5N,Normal_GTEX,1,2,2,1,1,0,1,1,4,1,3,0,1,5,5,1,0,0
GTEX-13OW5-2926-SM-5IJF2,Normal_GTEX,1,1,0,1,2,3,2,3,0,3,4,5,4,3,6,5,4,4
GTEX-ZVZQ-0011-R1a-SM-57WBU,Normal_GTEX,3,1,0,3,2,3,4,3,0,5,4,5,6,3,6,7,4,4
GTEX-XOT4-0626-SM-4B66L,Normal_GTEX,1,0,2,1,3,2,2,4,2,2,1,3,3,4,3,4,7,7
GTEX-WK11-0326-SM-4OOS6,Normal_GTEX,1,0,0,1,3,2,2,3,2,3,4,5,4,3,6,5,4,4
GTEX-WHSE-0006-SM-3NMBW,Normal_GTEX,3,1,0,4,2,3,5,2,3,6,5,4,7,2,4,8,1,1
GTEX-14C5O-1326-SM-5S2UW,Normal_GTEX,1,2,2,1,1,0,1,1,4,1,3,0,2,5,0,2,0,0
GTEX-14A6H-2026-SM-5Q5DD,Normal_GTEX,1,0,2,1,3,2,2,4,2,2,1,3,3,4,3,4,7,7
GTEX-QMR6-0011-R10A-SM-32PKO,Normal_GTEX,3,1,0,3,2,3,4,3,0,5,4,5,6,3,6,7,4,4
GTEX-RUSQ-0006-SM-2TF6P,Normal_GTEX,3,1,0,4,2,3,5,2,3,6,5,4,7,2,4,8,1,1
TCGA-BH-A1FH-11,Normal_TCGA,1,0,1,1,0,1,1,0,1,1,0,1,2,6,1,3,2,2
GTEX-11P81-2026-SM-5P9GT,Normal_GTEX,1,0,2,1,3,1,2,4,1,3,2,1,4,1,3,5,3,2
GTEX-13YAN-0926-SM-5O9C3,Normal_GTEX,1,0,2,1,3,2,1,4,2,1,2,2,2,1,2,3,3,3
GTEX-X4XX-0126-SM-3NMC2,Normal_GTEX,1,0,2,1,3,2,2,4,2,2,1,3,3,4,3,4,7,7
TCGA-E9-A1RI-11,Normal_TCGA,1,0,1,1,0,1,1,0,1,1,0,1,2,0,1,3,6,2
GTEX-WL46-0011-R11A-SM-3MJFT,Normal_GTEX,3,1,0,3,2,3,4,3,0,5,4,5,6,3,6,7,4,4
GTEX-13D11-0426-SM-5LZYA,Normal_GTEX,1,1,0,1,2,3,2,3,4,3,2,2,4,1,2,5,5,5
GTEX-14AS3-0326-SM-5Q5DB,Normal_GTEX,1,0,2,1,3,2,2,4,2,3,2,2,4,1,2,5,3,3
GTEX-113IC-0126-SM-5HL6T,Normal_GTEX,1,0,2,1,3,2,2,4,2,2,1,3,3,4,3,4,7,7
GTEX-11P7K-2126-SM-5GU7G,Normal_GTEX,1,0,2,1,3,2,2,4,2,2,1,3,3,4,3,4,7,7
GTEX-11I78-0005-SM-5N9GB,Normal_GTEX,3,1,0,4,2,3,5,2,3,6,5,4,7,2,4,8,1,1
GTEX-11EQ9-0002-SM-5QGQ1,Normal_GTEX,3,1,0,4,2,3,5,2,3,6,5,4,7,2,4,8,1,1
GTEX-WRHK-1626-SM-3MJFH,Normal_GTEX,1,2,2,1,1,0,1,1,4,1,1,4,2,0,0,2,6,6
GTEX-PWCY-0526-SM-2I3ER,Normal_GTEX,1,2,2,1,1,0,1,1,4,1,3,0,2,5,0,2,0,0
GTEX-13OW8-1226-SM-5K7XD,Normal_GTEX,1,2,2,1,1,0,1,1,4,1,1,0,2,0,5,3,6,6
GTEX-VUSG-1226-SM-4KKZF,Normal_GTEX,1,0,2,1,3,2,2,4,2,2,1,3,3,4,3,4,7,7
TCGA-C8-A12Q-01,Her2,2,0,1,2,0,1,3,0,1,4,0,1,5,6,1,6,2,2
GTEX-12ZZY-0926-SM-5EQ6I,Normal_GTEX,1,0,2,1,3,2,2,4,2,3,2,2,4,1,2,5,3,3
GTEX-12WSD-0011-R6b-SM-5P9JU,Normal_GTEX,3,1,0,3,2,3,4,3,0,5,4,5,6,3,6,7,4,4
GTEX-ZV7C-1526-SM-5NQ72,Normal_GTEX,1,0,2,1,3,2,2,4,2,3,2,2,4,1,2,5,3,3
TCGA-BH-A0HI-01,LumA,2,0,1,2,0,1,3,0,1,4,0,1,5,6,1,6,2,2
GTEX-14ASI-0826-SM-5Q5EB,Normal_GTEX,1,2,2,1,1,0,1,1,4,1,3,0,2,5,0,2,0,0
GTEX-13OW6-1826-SM-5N9F9,Normal_GTEX,1,0,2,1,3,2,2,4,2,3,2,2,4,1,2,5,3,3
GTEX-WFG7-0326-SM-3GILI,Normal_GTEX,1,0,2,1,3,2,1,4,2,1,2,2,2,1,2,3,3,3
GTEX-144GO-2726-SM-5O9A2,Normal_GTEX,1,0,2,1,3,2,2,4,2,2,1,3,3,4,3,4,7,7
GTEX-1399T-0826-SM-5IFES,Normal_GTEX,1,0,2,1,3,2,2,4,2,3,2,2,4,1,2,5,3,3
GTEX-XQ8I-0926-SM-4BOOF,Normal_GTEX,1,0,2,1,3,2,2,4,2,2,1,3,3,4,3,4,7,7
GTEX-XV7Q-1326-SM-4BRWM,Normal_GTEX,1,0,2,1,3,2,2,4,2,3,2,2,4,1,2,5,3,3
GTEX-YEC4-1026-101814-SM-5P9FX,Normal_GTEX,1,0,2,1,3,2,2,4,2,2,1,3,3,4,3,4,7,7
GTEX-117YX-2626-SM-5EQ53,Normal_GTEX,1,2,2,1,1,0,1,1,4,1,3,0,1,5,0,1,0,0
GTEX-Y5V5-1626-SM-4VDSG,Normal_GTEX,1,0,2,1,3,2,2,4,2,2,1,3,3,4,3,4,7,7
GTEX-12WSC-1126-SM-5EQ4G,Normal_GTEX,1,2,2,1,1,0,1,1,4,1,3,0,2,5,0,2,0,0
GTEX-X15G-1126-SM-4PQZG,Normal_GTEX,1,0,2,1,3,2,2,4,2,3,2,2,4,1,2,5,3,3
GTEX-131XE-2726-SM-5P9G7,Normal_GTEX,1,2,2,1,1,0,1,1,4,1,1,4,2,0,0,2,6,6
TCGA-A2-A0EW-01,LumA,2,0,1,2,0,1,3,0,1,4,0,1,5,6,1,6,2,2
TCGA-A2-A0D2-01,Basal,2,0,1,2,0,1,3,0,1,4,0,1,5,6,1,6,2,2
GTEX-VUSH-0008-SM-47JWK,Normal_GTEX,3,2,2,4,1,0,5,1,3,6,1,4,7,0,0,8,5,5
GTEX-13NZ9-1226-SM-5MR3J,Normal_GTEX,1,2,2,1,1,0,1,1,4,1,3,0,1,5,0,1,0,0
GTEX-ZPCL-0008-SM-4WWAU,Normal_GTEX,3,2,2,4,1,0,5,1,3,6,1,4,7,2,0,8,5,5
GTEX-13X6J-0011-R4b-SM-5P9K4,Normal_GTEX,3,1,0,3,2,3,4,3,0,5,4,5,6,3,6,7,4,4
GTEX-Y3I4-0326-SM-4TT28,Normal_GTEX,1,2,2,1,1,0,1,1,4,1,3,0,1,5,0,1,0,0
GTEX-13PDP-1226-SM-5K7TW,Normal_GTEX,1,2,2,1,1,0,1,1,4,1,2,0,2,0,5,3,6,6
TCGA-EW-A1J3-01,LumA,2,0,1,2,0,1,3,0,1,4,0,1,5,6,1,6,2,2
GTEX-1399R-1126-SM-5IFIO,Normal_GTEX,1,0,2,1,3,2,2,4,2,3,2,2,4,1,2,5,3,3
GTEX-SNOS-0326-SM-4DM6C,Normal_GTEX,1,2,2,1,1,0,1,1,4,1,3,0,1,5,0,1,0,0
GTEX-11GSP-0011-R11b-SM-5NQ7V,Normal_GTEX,3,1,0,3,2,3,4,3,0,5,4,5,6,3,6,7,4,4
GTEX-146FQ-0526-SM-5LU9I,Normal_GTEX,1,2,2,1,1,0,1,1,4,1,3,0,1,0,5,1,6,6
GTEX-11GS4-0626-SM-5A5LC,Normal_GTEX,1,2,2,1,1,0,1,1,4,1,3,0,1,5,0,1,0,0
GTEX-RTLS-1226-SM-46MUP,Normal_GTEX,1,2,2,1,1,0,1,1,4,1,3,0,1,5,5,1,0,0
GTEX-YECK-0926-SM-4W214,Normal_GTEX,1,0,2,1,3,2,2,4,2,3,2,2,4,1,2,5,3,3
GTEX-XUYS-0008-SM-47JYZ,Normal_GTEX,3,2,2,4,1,0,5,1,3,6,1,4,7,2,0,8,5,5
GTEX-X4EP-0011-R4B-SM-3P627,Normal_GTEX,3,1,0,3,2,3,4,3,0,5,4,5,6,3,6,7,4,4
TCGA-EW-A1P3-01,LumA,2,0,1,2,0,1,3,0,1,4,0,1,5,6,1,6,2,2
GTEX-XQ8I-1526-SM-4BOOH,Normal_GTEX,1,0,2,1,3,2,2,4,2,2,1,3,3,4,3,4,7,7
GTEX-11TTK-2426-SM-5PNYO,Normal_GTEX,1,2,2,1,1,0,1,1,4,1,3,0,1,5,5,1,0,0
GTEX-Y111-0008-SM-4SOJ3,Normal_GTEX,3,2,2,4,1,0,5,1,3,6,1,4,7,0,0,8,5,5
GTEX-ZY6K-1326-SM-5GZWP,Normal_GTEX,1,2,2,1,1,0,1,1,4,1,3,0,1,5,5,1,0,0
GTEX-XAJ8-0126-SM-47JYG,Normal_GTEX,1,1,0,1,2,3,2,4,3,3,2,2,4,1,2,5,3,3
GTEX-131XH-0426-SM-5DUWU,Normal_GTEX,1,0,2,1,3,2,2,4,2,3,2,2,4,1,2,5,3,3
GTEX-12WSE-0926-SM-5S2VX,Normal_GTEX,1,2,2,1,1,0,1,1,4,1,3,0,2,5,0,2,0,0
TCGA-BH-A1EY-01,LumA,2,0,1,2,0,1,3,0,1,4,0,1,5,6,1,6,2,2
GTEX-Y5V6-0426-SM-4VBRZ,Normal_GTEX,1,2,2,1,1,0,1,1,4,1,3,0,1,5,0,1,0,0
TCGA-A2-A259-01,LumA,2,0,1,2,0,1,3,0,1,4,0,1,5,6,1,6,2,2
GTEX-132QS-0926-SM-5P9GB,Normal_GTEX,1,0,2,1,3,2,2,4,2,3,2,2,4,1,2,5,3,3
TCGA-E2-A1B1-01,LumA,2,0,1,2,0,1,3,0,1,4,0,1,5,6,1,6,2,2
GTEX-ZF3C-2326-SM-5S2MZ,Normal_GTEX,1,0,2,1,1,2,1,1,2,1,1,0,2,0,5,3,6,6
GTEX-QV44-2026-SM-2S1RD,Normal_GTEX,1,2,2,1,1,0,1,1,4,1,1,4,2,0,0,2,6,6
GTEX-11DXZ-0226-SM-5EGGZ,Normal_GTEX,1,1,0,1,2,3,2,1,4,3,2,2,4,1,2,5,3,5
GTEX-WK11-2726-SM-3NMAQ,Normal_GTEX,1,0,2,1,3,2,2,4,2,2,1,3,3,4,3,4,7,7
GTEX-WWYW-3226-SM-3NB3B,Normal_GTEX,1,1,0,1,2,3,2,3,0,3,4,5,4,3,6,5,4,4
GTEX-QMR6-0008-SM-447AV,Normal_GTEX,3,2,2,4,1,0,5,1,3,6,1,4,7,2,0,8,5,5
GTEX-XQ3S-0426-SM-4BOOA,Normal_GTEX,1,2,2,1,1,0,1,1,4,1,1,4,2,0,0,2,6,6
GTEX-WYBS-1126-SM-3NMAM,Normal_GTEX,1,0,2,1,3,2,2,4,2,3,2,2,4,1,2,5,3,3
GTEX-P4QS-0626-SM-3NMD1,Normal_GTEX,1,0,2,1,3,2,2,4,2,2,1,3,3,4,3,4,7,7
GTEX-X4EP-0826-SM-3P5YK,Normal_GTEX,1,2,2,1,1,0,1,1,4,1,3,0,1,5,0,1,0,0
GTEX-13N2G-0826-SM-5IJE6,Normal_GTEX,1,0,2,1,3,2,2,4,2,3,2,2,4,1,2,5,3,3
GTEX-X15G-2326-SM-4PQZS,Normal_GTEX,1,2,2,1,1,0,1,1,4,1,1,0,2,0,5,3,6,6
TCGA-BH-A1F0-11,Normal_TCGA,1,0,1,1,0,1,1,0,1,1,0,1,2,6,1,3,2,2
GTEX-ZAB4-0726-SM-5HL8I,Normal_GTEX,1,2,2,1,1,0,1,1,4,1,3,0,1,5,0,1,0,0
GTEX-XGQ4-0426-SM-4AT4I,Normal_GTEX,1,0,2,1,3,2,1,4,2,1,2,2,2,1,2,3,3,3
GTEX-RM2N-1126-SM-48FCY,Normal_GTEX,1,0,2,1,3,2,1,4,2,1,2,2,1,1,2,1,3,3
TCGA-AR-A2LR-01,Basal,2,0,1,2,0,1,3,0,1,4,0,1,5,6,1,6,2,2
TCGA-D8-A1XF-01,LumB,2,0,1,2,0,1,3,0,1,4,0,1,5,6,1,6,2,2
GTEX-S7SF-1426-SM-4AT5A,Normal_GTEX,1,0,2,1,3,2,2,4,2,2,1,3,3,4,3,4,7,7
TCGA-A7-A0D9-11,Normal_TCGA,1,0,1,1,0,1,1,0,1,1,0,1,2,0,1,3,6,2
GTEX-Q734-1826-SM-2I3EL,Normal_GTEX,1,2,2,1,1,0,1,1,4,1,1,0,2,0,5,3,6,6
GTEX-WVLH-0011-R10A-SM-3MJFM,Normal_GTEX,3,1,0,3,2,3,4,3,0,5,4,5,6,3,6,7,4,4
GTEX-12WSN-2526-SM-5LZU8,Normal_GTEX,1,2,2,1,1,0,1,1,4,1,1,4,2,0,0,2,6,6
GTEX-PW2O-0008-SM-48TEB,Normal_GTEX,3,2,2,4,1,0,5,1,3,6,3,4,7,0,0,8,5,5
GTEX-117XS-0726-SM-5H131,Normal_GTEX,1,2,2,1,1,0,1,1,4,1,3,0,2,5,0,2,0,0
GTEX-147F4-0126-SM-5QGPV,Normal_GTEX,1,2,2,1,1,0,1,1,4,1,3,0,1,5,0,1,0,0
GTEX-XMD1-0526-SM-4AT4Z,Normal_GTEX,1,2,2,1,1,0,1,1,4,1,1,0,2,0,3,3,6,6
GTEX-QDVN-0426-SM-48TZ6,Normal_GTEX,1,2,0,1,1,3,2,1,4,3,2,2,4,1,2,5,5,5
GTEX-S3XE-1726-SM-3K2AM,Normal_GTEX,1,0,2,1,3,2,2,4,2,2,1,3,3,4,3,4,7,7
GTEX-1399S-0226-SM-5IFFG,Normal_GTEX,1,1,0,1,2,3,2,4,3,3,2,2,4,1,2,5,3,3
GTEX-ZVTK-0426-SM-51MRS,Normal_GTEX,1,0,2,1,3,2,2,4,2,2,1,3,3,4,3,4,7,7
GTEX-Q2AG-0011-R1A-SM-2HMJI,Normal_GTEX,3,1,0,3,2,3,4,3,0,5,4,5,6,3,6,7,4,4
GTEX-11WQK-0326-SM-5EQL1,Normal_GTEX,1,2,2,1,1,0,1,1,4,1,3,0,1,5,0,1,0,0
TCGA-AR-A0U4-01,Basal,2,0,1,2,0,1,3,0,1,4,0,1,5,6,1,6,2,2
TCGA-C8-A26X-01,Her2,2,0,1,2,0,1,3,0,1,4,0,1,5,6,1,6,2,2
GTEX-13FTZ-0126-SM-5K7V3,Normal_GTEX,1,2,2,1,1,0,1,1,4,1,3,0,1,5,0,1,0,0
GTEX-144GL-0526-SM-5LU41,Normal_GTEX,1,2,2,1,1,0,1,1,4,1,3,0,1,5,0,1,0,0
GTEX-SJXC-0005-SM-2XCE7,Normal_GTEX,3,1,0,4,2,3,5,2,3,6,5,4,7,2,4,8,1,1
GTEX-ZDYS-0826-SM-4WWCR,Normal_GTEX,1,0,2,1,3,2,2,4,2,2,1,3,3,4,3,4,7,7
GTEX-X15G-1926-SM-4PQZQ,Normal_GTEX,1,0,2,1,3,2,2,4,2,2,1,3,3,4,3,4,7,7
GTEX-U3ZN-1926-SM-4DXSG,Normal_GTEX,1,0,2,1,3,2,1,4,2,1,1,0,2,0,5,3,6,6
TCGA-E9-A1N6-01,LumB,2,0,1,2,0,1,3,0,1,4,0,1,5,6,1,6,2,2
GTEX-13CF2-1826-SM-5N9GK,Normal_GTEX,1,2,2,1,1,0,1,1,4,1,3,0,1,5,5,1,0,0
GTEX-131XE-0626-SM-5HL98,Normal_GTEX,1,2,2,1,1,0,1,1,4,1,3,0,2,5,0,2,0,0
GTEX-13D11-2226-SM-5IFEO,Normal_GTEX,1,0,2,1,3,2,2,4,2,3,2,2,4,1,2,5,3,3
GTEX-QDVN-1026-SM-48TZA,Normal_GTEX,1,0,2,1,3,2,2,4,2,2,1,3,3,4,3,4,7,7
GTEX-R55G-2526-SM-2TC6D,Normal_GTEX,1,0,2,1,3,2,2,4,2,2,1,3,3,4,3,4,7,7
GTEX-X261-3126-SM-4PQZC,Normal_GTEX,3,1,0,3,2,3,4,3,0,5,4,5,6,3,6,7,4,4
TCGA-A8-A08C-01,LumA,2,0,1,2,0,1,3,0,1,4,0,1,5,6,1,6,2,2
TCGA-BH-A0H7-01,LumA,2,0,1,2,0,1,3,0,1,4,0,1,5,6,1,6,2,2
TCGA-BH-A0E1-01,LumA,2,0,1,2,0,1,3,0,1,4,0,1,5,6,1,6,2,2
GTEX-X3Y1-0426-SM-3P5Z4,Normal_GTEX,1,2,2,1,1,0,1,1,4,1,3,0,2,5,0,2,0,0
GTEX-Z93S-2926-SM-57WB9,Normal_GTEX,3,1,0,3,2,3,4,3,0,5,4,5,6,3,6,7,4,4
GTEX-14AS3-0226-SM-5Q5B6,Normal_GTEX,1,0,2,1,3,2,1,4,2,1,2,2,2,1,2,3,3,3
GTEX-YECK-0326-SM-4W1YS,Normal_GTEX,1,0,2,1,3,2,2,4,2,2,1,3,3,4,3,4,7,7
GTEX-13OVI-1726-SM-5L3DW,Normal_GTEX,1,2,2,1,1,0,1,1,4,1,1,4,2,0,0,2,6,6
GTEX-WHPG-0004-SM-3NMDO,Normal_GTEX,3,1,0,4,2,3,5,2,3,6,5,4,7,2,4,8,1,1
GTEX-13PL7-2526-SM-5IFGR,Normal_GTEX,1,0,2,1,3,2,2,4,2,3,2,2,4,1,2,5,3,3
GTEX-13OVJ-0011-R6b-SM-5L3GH,Normal_GTEX,3,1,0,3,2,3,4,3,0,5,4,5,6,3,6,7,4,4
GTEX-UPJH-0726-SM-4IHJW,Normal_GTEX,1,2,2,1,1,0,1,1,4,1,3,0,1,5,0,1,0,0
GTEX-14H4A-0226-SM-5SI6Q,Normal_GTEX,1,2,2,1,1,3,2,1,4,3,2,2,4,1,2,5,5,5
GTEX-1399T-2626-SM-5L3E4,Normal_GTEX,1,2,2,1,1,0,1,1,4,1,3,0,1,5,0,1,0,0
GTEX-13O21-2226-SM-5MR3L,Normal_GTEX,1,0,2,1,3,2,1,4,2,1,2,2,2,1,2,3,3,3
GTEX-11TT1-2426-SM-5EQMK,Normal_GTEX,1,2,2,1,1,0,1,1,4,1,1,0,2,0,5,3,6,6
GTEX-RU72-2226-SM-46MUE,Normal_GTEX,1,2,2,1,1,0,1,1,4,1,3,0,1,5,0,1,5,5
GTEX-13IVO-0011-R10a-SM-5LZY3,Normal_GTEX,3,1,0,3,2,3,4,3,0,5,4,5,6,3,6,7,4,4
GTEX-11DZ1-2926-SM-5A5KI,Normal_GTEX,3,1,0,3,2,3,4,3,0,5,4,5,6,3,6,7,4,4
GTEX-WRHU-1226-SM-4E3IJ,Normal_GTEX,1,2,2,1,1,0,1,1,4,1,3,0,2,5,0,2,0,0
TCGA-BH-A28Q-01,LumA,2,0,1,2,0,1,3,0,1,4,0,1,5,6,1,6,2,2
GTEX-P4QR-0226-SM-3NMCH,Normal_GTEX,1,0,0,1,3,2,2,4,2,3,2,5,4,1,6,5,3,4
GTEX-T5JC-1726-SM-4DM6U,Normal_GTEX,1,0,2,1,3,2,2,4,2,2,1,3,3,4,3,4,7,7
GTEX-SE5C-0726-SM-4BRWY,Normal_GTEX,1,0,2,1,3,2,1,4,2,1,2,2,2,1,2,3,3,3
GTEX-13QJC-0626-SM-5S2O9,Normal_GTEX,1,2,2,1,1,0,1,1,4,1,3,0,1,5,0,1,0,0
GTEX-13VXT-1526-SM-5LU3J,Normal_GTEX,1,2,2,1,1,0,1,1,4,1,3,0,1,5,0,1,0,5
GTEX-1339X-2426-SM-5KLYU,Normal_GTEX,1,2,2,1,1,0,1,1,4,1,5,4,2,0,0,2,6,6
GTEX-WHSE-0726-SM-4RTXA,Normal_GTEX,1,2,2,1,1,0,1,1,4,1,3,0,2,0,0,2,6,0
GTEX-S95S-0008-SM-4AT5M,Normal_GTEX,3,2,2,4,1,0,5,1,3,6,1,4,7,0,0,8,5,5
GTEX-S95S-1126-SM-4B64E,Normal_GTEX,1,0,0,1,3,2,2,3,2,3,4,5,4,3,6,5,4,4
GTEX-Y3IK-0826-SM-51MT8,Normal_GTEX,1,2,2,1,1,0,1,1,4,1,3,0,2,5,0,2,0,0
GTEX-Q734-0626-SM-2I3EF,Normal_GTEX,1,0,2,1,3,2,2,4,2,3,2,2,4,1,2,5,3,3
GTEX-QEL4-1026-SM-4R1JK,Normal_GTEX,1,2,2,1,1,0,1,1,4,1,3,0,1,5,0,1,0,0
GTEX-SIU8-0008-SM-4BRUC,Normal_GTEX,3,2,2,4,1,0,5,1,3,6,1,4,7,4,0,8,5,5
GTEX-Y5V5-2326-SM-4V6GA,Normal_GTEX,1,0,2,1,3,2,2,4,2,2,1,3,3,4,3,4,7,7
GTEX-14E6C-0226-SM-5S2N3,Normal_GTEX,1,2,2,1,1,0,1,1,4,1,1,0,2,0,5,3,6,6
GTEX-13X6I-0011-R7b-SM-5PNWP,Normal_GTEX,3,1,0,3,2,3,4,3,0,5,4,5,6,3,6,7,4,4
GTEX-111YS-2126-SM-5EGGM,Normal_GTEX,1,2,2,1,1,0,1,1,4,1,1,0,2,0,3,3,6,6
GTEX-117YX-2226-SM-5EGJJ,Normal_GTEX,1,2,2,1,1,0,1,1,4,1,1,0,2,0,5,3,6,6
GTEX-OOBK-0126-SM-2YUND,Normal_GTEX,1,0,2,1,3,2,2,4,2,2,1,3,3,4,3,4,7,7
TCGA-A2-A1FX-01,LumB,2,0,1,2,0,1,3,0,1,4,0,1,5,6,1,6,2,2
GTEX-13D11-1426-SM-5K7Y9,Normal_GTEX,1,2,2,1,1,0,1,1,4,1,3,0,1,5,0,1,0,0
GTEX-RVPU-0011-R9A-SM-3NM8E,Normal_GTEX,3,1,0,3,2,3,4,3,0,5,4,5,6,3,6,7,4,4
GTEX-11UD2-0626-SM-5GU6L,Normal_GTEX,1,0,2,1,3,0,1,4,4,1,2,2,2,1,2,3,3,3
GTEX-ZYFD-0226-SM-5NQ86,Normal_GTEX,1,2,2,1,1,0,1,1,4,1,1,0,2,0,5,3,6,6
GTEX-ZYW4-1126-SM-5SI99,Normal_GTEX,1,0,2,1,3,2,1,4,2,1,2,2,2,1,2,3,3,3
TCGA-E2-A10F-01,LumA,2,0,1,2,0,1,3,0,1,4,0,1,5,6,1,6,2,2
GTEX-TMMY-0226-SM-33HBA,Normal_GTEX,1,0,2,1,3,2,2,4,2,2,1,3,3,4,3,4,7,7
GTEX-WVLH-3126-SM-3MJGA,Normal_GTEX,1,1,0,1,2,3,2,3,0,3,4,5,4,3,6,5,4,4
GTEX-XBED-0003-SM-47JWP,Normal_GTEX,3,1,0,4,2,3,5,2,3,6,5,4,7,2,4,8,1,1
GTEX-13NZA-0011-R1b-SM-5LUAF,Normal_GTEX,3,1,0,3,2,3,4,3,0,5,4,5,6,3,6,7,4,4
GTEX-13W46-0526-SM-5IJBD,Normal_GTEX,1,2,2,1,1,0,1,1,4,1,1,0,2,0,3,3,6,6
GTEX-13NZA-0011-R5b-SM-5KM4K,Normal_GTEX,3,1,0,3,2,3,4,3,0,5,4,5,6,3,6,7,4,4
GTEX-11GSP-1726-SM-5A5LI,Normal_GTEX,1,2,2,1,1,0,1,1,4,1,3,0,1,5,5,1,0,0
GTEX-11EM3-2126-SM-5H11M,Normal_GTEX,1,2,2,1,1,0,1,1,4,1,1,4,2,0,0,2,6,6
TCGA-BH-A0BS-11,Normal_TCGA,1,0,1,1,0,1,1,0,1,1,0,1,2,6,1,3,2,2
GTEX-11TUW-0008-SM-5SI6S,Normal_GTEX,3,2,2,4,1,0,5,1,3,6,1,4,7,0,0,8,5,5
GTEX-12WSC-0226-SM-5EQ52,Normal_GTEX,1,2,2,1,1,0,1,1,4,1,1,0,2,0,5,3,6,6
GTEX-14BMU-0926-SM-5S2QB,Normal_GTEX,1,0,2,1,3,2,2,4,2,2,1,3,3,4,3,4,7,7
GTEX-132NY-0626-SM-5L3D9,Normal_GTEX,1,2,2,1,1,0,1,1,4,1,3,0,1,5,0,1,0,0
GTEX-13O3P-0326-SM-5K7VM,Normal_GTEX,1,2,2,1,1,0,1,1,4,1,1,0,2,0,3,3,6,6
GTEX-ZDTT-1126-SM-4WKFW,Normal_GTEX,1,0,2,1,3,2,2,4,2,3,2,2,4,1,2,5,3,3
GTEX-OHPL-1326-SM-3MJGG,Normal_GTEX,1,2,2,1,1,3,2,1,4,3,2,2,4,1,2,5,5,5
TCGA-A1-A0SE-01,LumA,2,0,1,2,0,1,3,0,1,4,0,1,5,6,1,6,2,2
GTEX-13OVH-2926-SM-5IJFH,Normal_GTEX,3,1,0,3,2,3,4,3,0,5,4,5,6,3,6,7,4,4
GTEX-ZZPT-1426-SM-5N9C5,Normal_GTEX,1,0,2,1,3,2,2,4,2,2,1,3,3,4,3,4,7,7
GTEX-XBEC-0326-SM-4AT4M,Normal_GTEX,1,2,2,1,1,0,1,1,4,1,1,0,2,0,5,3,6,6
GTEX-ZAB4-0926-SM-5CVN4,Normal_GTEX,1,2,2,1,1,0,1,1,4,1,3,0,2,5,0,2,0,0
GTEX-PLZ5-0926-SM-3TW8L,Normal_GTEX,1,0,2,1,3,2,2,4,2,2,1,3,3,4,3,4,7,7
GTEX-13NZA-3126-SM-5IJFU,Normal_GTEX,1,1,0,1,2,3,2,3,0,3,2,2,4,1,2,5,4,4
GTEX-1399R-1326-SM-5PNYS,Normal_GTEX,1,0,2,1,3,2,2,4,2,2,1,3,3,4,3,4,7,7
GTEX-Q2AH-1726-SM-2S1OT,Normal_GTEX,1,2,2,1,1,0,1,1,4,1,1,0,2,0,5,3,6,6
GTEX-133LE-1526-SM-5IFEN,Normal_GTEX,1,0,2,1,3,2,2,4,2,3,2,2,4,1,2,5,3,3
GTEX-PSDG-1526-SM-48TCY,Normal_GTEX,1,0,2,1,3,2,2,4,2,3,2,2,4,1,2,5,3,3
GTEX-YF7O-0126-SM-5IFIR,Normal_GTEX,1,1,2,1,2,3,2,3,4,3,2,2,4,1,2,5,3,5
GTEX-ZVP2-0008-SM-51MSL,Normal_GTEX,3,2,2,4,1,0,5,2,3,6,5,4,7,2,0,8,5,5
TCGA-E2-A1B5-01,LumA,2,0,1,2,0,1,3,0,1,4,0,1,5,6,1,6,2,2
GTEX-R55G-2126-SM-2TC67,Normal_GTEX,1,2,2,1,1,0,1,1,4,1,1,0,2,0,3,3,6,6
GTEX-13O3Q-2426-SM-5IJBR,Normal_GTEX,1,0,2,1,3,2,2,4,2,2,1,3,3,4,3,4,7,7
GTEX-P44H-0011-R1A-SM-3NM8J,Normal_GTEX,3,1,0,3,2,3,4,3,0,5,4,5,6,3,6,7,4,4
GTEX-12C56-0226-SM-5N9FB,Normal_GTEX,1,2,2,1,1,0,1,1,4,1,3,0,1,5,0,1,0,0
GTEX-QLQ7-0326-SM-4R1JV,Normal_GTEX,1,2,2,1,1,0,1,1,4,1,3,0,1,5,0,1,0,0
GTEX-1399S-1526-SM-5P9JC,Normal_GTEX,1,2,2,1,1,0,1,1,4,1,3,0,1,5,5,1,0,0
GTEX-11DXY-2726-SM-5GID2,Normal_GTEX,1,2,2,1,1,0,1,1,4,1,1,4,2,0,0,2,6,6
TCGA-BH-A0DE-01,LumA,2,0,1,2,0,1,3,0,1,4,0,1,5,6,1,6,2,2
GTEX-T5JC-0226-SM-32PMA,Normal_GTEX,1,2,2,1,1,0,1,1,4,1,3,0,1,5,0,1,0,0
GTEX-12ZZX-0626-SM-5EQ46,Normal_GTEX,1,2,2,1,1,0,1,1,4,1,3,0,1,5,0,1,0,0
GTEX-SJXC-2026-SM-4DM6N,Normal_GTEX,1,0,2,1,3,2,1,4,2,1,2,2,1,1,2,1,3,3
TCGA-E2-A14P-01,Her2,2,0,1,2,0,1,3,0,1,4,0,1,5,6,1,6,2,2
GTEX-13CIG-0011-R5b-SM-5L3F2,Normal_GTEX,3,1,0,3,2,3,4,3,0,5,4,5,6,3,6,7,4,4
GTEX-Q2AI-0326-SM-2I3EK,Normal_GTEX,1,0,2,1,3,2,1,4,2,1,2,2,2,1,2,3,3,3
TCGA-E9-A227-01,LumA,2,0,1,2,0,1,3,0,1,4,0,1,5,6,1,6,2,2
GTEX-147F3-1726-SM-5SIAW,Normal_GTEX,1,0,2,1,3,2,2,4,2,2,1,3,3,4,3,4,7,7
GTEX-139UW-0126-SM-5KM1B,Normal_GTEX,1,0,2,1,3,2,1,4,2,1,2,2,2,1,2,3,3,3
GTEX-QESD-0726-SM-4R1KQ,Normal_GTEX,1,2,2,1,1,0,1,1,4,1,3,0,1,5,5,1,0,0
GTEX-OXRK-1626-SM-3NB17,Normal_GTEX,1,0,2,1,3,2,2,4,2,3,2,2,4,1,2,5,3,3
GTEX-13OW5-0011-R11b-SM-5L3GG,Normal_GTEX,3,1,0,3,2,3,4,3,0,5,4,5,6,3,6,7,4,4
GTEX-139YR-1626-SM-5IJGK,Normal_GTEX,1,2,2,1,1,0,1,1,4,1,3,0,1,5,5,1,0,0
GTEX-13JVG-0011-R6a-SM-5MR3E,Normal_GTEX,3,1,0,3,2,3,4,3,0,5,4,5,6,3,6,7,4,4
GTEX-11ZU8-0011-R3a-SM-5BC6U,Normal_GTEX,3,1,0,3,2,3,4,3,0,5,4,5,6,3,6,7,4,4
TCGA-A8-A07O-01,Basal,2,1,1,2,0,1,3,0,1,4,0,1,5,6,1,6,2,2
GTEX-132Q8-0011-R2b-SM-5EQ5Z,Normal_GTEX,3,1,0,3,2,3,4,3,0,5,4,5,6,3,6,7,4,4
GTEX-Q2AI-0826-SM-48TZO,Normal_GTEX,1,0,2,1,3,2,2,4,2,3,2,2,4,1,2,5,3,3
GTEX-12584-2126-SM-5FQUM,Normal_GTEX,1,2,2,1,1,0,1,1,4,1,2,0,2,0,5,3,6,6
GTEX-13CF3-1226-SM-5LZXN,Normal_GTEX,1,0,2,1,3,2,2,4,2,3,2,2,4,1,2,5,3,3
GTEX-XLM4-0005-SM-4AT4P,Normal_GTEX,3,1,0,4,2,3,5,2,3,6,5,4,7,2,4,8,1,1
GTEX-13W3W-0726-SM-5IJDQ,Normal_GTEX,1,0,2,1,3,2,2,4,2,2,1,3,3,4,3,4,7,7
GTEX-WHWD-0126-SM-4OORS,Normal_GTEX,1,1,0,1,2,3,2,4,3,3,2,2,4,1,2,5,3,3
GTEX-S4Z8-0626-SM-4AD6J,Normal_GTEX,1,2,2,1,1,0,1,1,4,1,3,0,1,5,0,1,0,0
TCGA-BH-A18T-01,Basal,2,0,1,2,0,1,3,0,1,4,0,1,5,6,1,6,2,2
GTEX-PWCY-0008-SM-48TE9,Normal_GTEX,3,2,2,4,1,0,5,1,3,6,1,4,7,0,0,8,5,5
GTEX-R53T-0726-SM-48FCS,Normal_GTEX,1,2,2,1,1,0,1,1,4,1,3,0,1,5,0,1,0,0
GTEX-12WSC-2826-SM-5BC5Y,Normal_GTEX,1,0,2,1,3,2,2,4,2,2,1,3,3,4,3,4,7,7
GTEX-YFC4-3026-SM-5IFJK,Normal_GTEX,3,1,0,3,2,3,4,3,0,5,4,5,6,3,6,7,4,4
GTEX-WEY5-0006-SM-3GIKG,Normal_GTEX,3,1,0,4,2,3,5,2,3,6,5,4,7,2,4,8,1,1
GTEX-X3Y1-1326-SM-4PQZB,Normal_GTEX,1,0,2,1,3,2,2,4,2,2,1,3,3,4,3,4,7,7
GTEX-145MH-2926-SM-5Q5D2,Normal_GTEX,3,1,0,3,2,3,4,3,0,5,4,5,6,3,6,7,4,4
GTEX-13D11-2626-SM-5IJDB,Normal_GTEX,1,2,2,1,1,0,1,1,4,1,1,0,2,0,3,3,6,6
GTEX-13JUV-0011-R6b-SM-5LZYG,Normal_GTEX,3,1,0,3,2,3,4,3,0,5,4,5,6,3,6,7,4,4
GTEX-YFC4-3226-SM-5CVM2,Normal_GTEX,1,1,0,1,2,3,2,3,0,3,4,5,4,3,6,5,4,4
GTEX-13NZA-1726-SM-5J1NA,Normal_GTEX,1,0,2,1,3,2,2,4,2,3,2,2,4,1,2,5,3,3
GTEX-1211K-2126-SM-59HJZ,Normal_GTEX,1,2,2,1,1,0,1,1,4,1,1,4,2,0,0,2,6,6
GTEX-Y5V5-2726-SM-4VDS2,Normal_GTEX,1,2,2,1,1,0,1,1,4,1,3,0,1,5,0,1,0,0
GTEX-13OW7-1926-SM-5LUB4,Normal_GTEX,1,2,2,1,1,0,1,1,4,1,3,0,1,5,5,1,0,0
GTEX-ZTPG-0226-SM-5O99I,Normal_GTEX,1,2,2,1,1,0,1,1,4,1,1,0,2,0,5,3,6,6
GTEX-147F4-0226-SM-5QGPW,Normal_GTEX,1,0,2,1,3,2,2,4,2,2,1,3,3,4,3,4,7,7
TCGA-AO-A0JA-01,LumA,2,0,1,2,0,1,3,0,1,4,0,1,5,6,1,6,2,2
GTEX-11ZTS-0526-SM-5CVL9,Normal_GTEX,1,2,2,1,1,0,1,1,4,1,1,4,2,0,0,2,6,6
GTEX-RM2N-0726-SM-48FD5,Normal_GTEX,1,0,2,1,3,2,2,4,2,2,1,3,3,4,3,4,7,7
GTEX-UJMC-0626-SM-4IHJQ,Normal_GTEX,1,2,2,1,1,0,1,1,4,1,3,0,1,5,0,1,0,0
GTEX-W5X1-2826-SM-3GILM,Normal_GTEX,1,2,2,1,1,0,1,1,4,1,1,0,2,0,3,3,6,6
GTEX-139T8-0006-SM-5NQ6V,Normal_GTEX,3,1,0,4,2,3,5,2,3,6,5,4,7,2,4,8,1,1
GTEX-13G51-2326-SM-5LZXV,Normal_GTEX,1,0,2,1,3,2,1,4,2,1,2,2,1,1,2,1,3,3
TCGA-BH-A0BM-11,Normal_TCGA,1,0,1,1,0,1,1,0,1,1,0,1,2,6,1,3,2,2
GTEX-UPK5-0326-SM-3GAF3,Normal_GTEX,1,2,2,1,1,0,1,1,4,1,3,0,2,5,0,2,0,0
GTEX-13NYB-2526-SM-5K7Z6,Normal_GTEX,1,0,2,1,3,2,2,4,2,2,1,3,3,4,3,4,7,7
GTEX-1399R-2226-SM-5P9JB,Normal_GTEX,1,0,2,1,3,2,2,4,2,3,2,2,4,1,2,5,3,3
GTEX-139D8-2426-SM-5KM3A,Normal_GTEX,1,2,2,1,1,0,1,1,4,1,3,0,1,5,0,1,5,5
GTEX-X261-2426-SM-4PQZU,Normal_GTEX,1,0,2,1,3,1,2,4,1,3,2,1,4,1,3,5,3,2
GTEX-139TU-0126-SM-5K7WH,Normal_GTEX,1,0,2,1,3,2,2,4,2,2,1,3,3,4,3,4,7,7
GTEX-RUSQ-0426-SM-47JWR,Normal_GTEX,1,2,2,1,1,0,1,1,4,1,3,0,1,5,0,1,0,0
GTEX-X261-0126-SM-3NMD6,Normal_GTEX,1,0,2,1,3,2,2,4,2,2,1,3,3,4,3,4,7,7
GTEX-XPVG-0006-SM-4B65Z,Normal_GTEX,3,1,0,4,2,3,5,2,3,6,5,4,7,2,4,8,1,1
GTEX-T6MN-0011-R5A-SM-32QPD,Normal_GTEX,3,1,0,3,2,3,4,3,0,5,4,5,6,3,6,7,4,4
GTEX-12WSK-0126-SM-5GCO7,Normal_GTEX,1,1,0,1,2,3,2,2,3,3,2,2,4,1,2,5,3,3
GTEX-139TT-0011-R3b-SM-5K7VL,Normal_GTEX,3,1,0,3,2,3,4,3,0,5,4,5,6,3,6,7,4,4
GTEX-WHSE-0626-SM-4RGNF,Normal_GTEX,1,0,2,1,3,2,1,4,2,1,2,2,2,1,2,3,3,3
GTEX-13FH7-0526-SM-5IJF8,Normal_GTEX,1,0,2,1,3,2,2,4,2,2,1,3,3,4,3,4,7,7
GTEX-QEG5-0126-SM-4R1JR,Normal_GTEX,1,0,0,1,3,2,2,3,2,3,4,5,4,3,6,5,4,4
GTEX-WHWD-0826-SM-3LK6R,Normal_GTEX,1,2,2,1,1,0,1,1,4,1,3,0,2,0,5,3,6,6
GTEX-X3Y1-2626-SM-4PQZI,Normal_GTEX,1,0,0,1,3,2,2,3,2,3,4,5,4,3,6,5,4,4
GTEX-146FH-1226-SM-5NQB6,Normal_GTEX,1,0,2,1,3,2,2,4,2,3,2,2,4,1,2,5,3,3
GTEX-WY7C-2026-SM-4ONCM,Normal_GTEX,1,0,2,1,3,2,1,4,2,1,2,2,1,1,2,1,3,3
GTEX-ZVT3-0726-SM-5GICN,Normal_GTEX,1,0,2,1,3,2,1,4,2,1,2,2,2,1,2,3,3,3
GTEX-13CF2-0011-R11b-SM-5LZXO,Normal_GTEX,3,1,0,3,2,3,4,3,0,5,4,5,6,3,6,7,4,4
GTEX-14C39-0005-SM-5NQBR,Normal_GTEX,3,1,0,4,2,3,5,2,3,6,5,4,7,2,4,8,1,1
GTEX-YBZK-0326-SM-59HLN,Normal_GTEX,1,2,2,1,1,0,1,1,4,1,1,4,2,0,0,2,6,6
GTEX-WHWD-0003-SM-4M1ZS,Normal_GTEX,3,1,0,4,2,3,5,2,3,6,5,4,7,2,4,8,1,1
GTEX-144GL-3026-SM-5Q5CW,Normal_GTEX,3,1,0,3,2,3,4,3,0,5,4,5,6,3,6,7,4,4
GTEX-RU72-0126-SM-2TF6Z,Normal_GTEX,1,0,2,1,3,2,1,4,2,1,2,2,2,1,2,3,3,3
TCGA-B6-A0IO-01,LumA,2,0,1,2,0,1,3,0,1,4,0,1,5,6,1,6,2,2
GTEX-QDVJ-0008-SM-48U2E,Normal_GTEX,3,2,2,4,1,0,5,1,3,6,1,4,7,0,0,8,5,5
GTEX-SNMC-1526-SM-2XCFN,Normal_GTEX,1,2,2,1,1,0,1,1,4,1,3,0,1,5,0,1,0,0
GTEX-OXRP-0006-SM-2I3FN,Normal_GTEX,3,1,0,4,2,3,5,2,3,6,5,4,7,2,4,8,1,1
TCGA-E9-A1QZ-01,LumA,2,0,1,2,0,1,3,0,1,4,0,1,5,6,1,6,2,2
GTEX-13JVG-0426-SM-5MR59,Normal_GTEX,1,2,2,1,1,0,1,1,4,1,3,0,1,5,0,1,0,0
TCGA-AC-A2B8-01,LumA,2,0,1,2,0,1,3,0,1,4,0,1,5,6,1,6,2,2
GTEX-R55D-0126-SM-48FEL,Normal_GTEX,1,0,0,1,3,2,2,3,2,3,4,5,4,3,6,5,4,4
GTEX-XPVG-0926-SM-4B651,Normal_GTEX,1,2,2,1,1,0,1,1,4,1,3,0,1,5,0,1,0,0
GTEX-N7MS-1225-SM-3LK5G,Normal_GTEX,1,2,2,1,1,0,1,1,4,1,3,0,1,5,5,1,0,0
GTEX-12WSM-1726-SM-5BC6J,Normal_GTEX,1,2,2,1,1,0,1,1,4,1,1,0,2,0,5,3,6,6
GTEX-Y3IK-0926-SM-51MQU,Normal_GTEX,1,2,2,1,1,0,1,1,4,1,3,0,1,5,0,1,0,0
GTEX-ZA64-0926-SM-5HL7H,Normal_GTEX,1,2,2,1,1,0,1,1,4,1,1,0,2,0,5,3,6,6
GTEX-11O72-0126-SM-59887,Normal_GTEX,1,0,2,1,3,2,2,4,2,2,1,3,3,4,3,4,7,7
GTEX-ZDXO-1926-SM-5E45Q,Normal_GTEX,1,2,2,1,1,0,1,1,4,1,1,0,2,0,3,3,6,6
GTEX-X4EO-0004-SM-4QARM,Normal_GTEX,3,1,0,4,2,3,5,2,3,6,5,4,7,2,4,8,1,1
GTEX-QDT8-2926-SM-32PKC,Normal_GTEX,3,1,0,3,2,3,4,3,0,5,4,5,6,3,6,7,4,4
TCGA-E2-A1LH-01,Basal,2,0,1,2,0,1,3,0,1,4,0,1,5,6,1,6,2,2
GTEX-13NZ9-0626-SM-5IJCO,Normal_GTEX,1,2,2,1,1,0,1,1,4,1,1,4,2,0,0,2,6,6
GTEX-XBEC-0726-SM-4QARZ,Normal_GTEX,1,0,2,1,3,2,2,4,2,2,1,3,3,4,3,4,7,7
GTEX-11GSP-2726-SM-5A5LJ,Normal_GTEX,1,2,2,1,1,0,1,1,4,1,1,4,2,0,0,2,6,6
GTEX-PWCY-0426-SM-48TCW,Normal_GTEX,1,2,2,1,1,0,1,1,4,1,3,0,1,5,0,1,0,0
GTEX-13W46-0226-SM-5SIAG,Normal_GTEX,1,0,2,1,3,2,2,4,2,2,1,3,3,4,3,4,7,7
GTEX-11NV4-0011-R7a-SM-57WDH,Normal_GTEX,3,1,0,3,2,3,4,3,0,5,4,5,6,3,6,7,4,4
GTEX-S7SF-1626-SM-3K2AY,Normal_GTEX,1,0,2,1,3,2,2,4,2,2,1,3,3,4,3,4,7,7
GTEX-WY7C-0926-SM-3NB34,Normal_GTEX,1,2,2,1,1,0,1,1,4,1,2,0,2,0,5,3,6,6
GTEX-Y5LM-1526-SM-4VDTA,Normal_GTEX,1,0,2,1,3,2,2,4,2,3,2,2,4,1,2,5,3,3
GTEX-YF7O-0926-SM-5IFIF,Normal_GTEX,1,0,2,1,3,2,2,4,2,2,1,3,3,4,3,4,7,7
GTEX-Q734-0006-SM-2I3FJ,Normal_GTEX,3,1,0,4,2,3,5,2,3,6,5,4,7,2,4,8,1,1
GTEX-WFG8-1526-SM-5CHSI,Normal_GTEX,3,1,0,4,2,3,5,2,3,6,5,4,7,2,4,8,1,1
GTEX-139YR-2526-SM-5IJC6,Normal_GTEX,1,2,2,1,1,0,1,1,4,1,1,4,2,0,0,2,6,6
GTEX-ZTPG-1026-SM-5DUWP,Normal_GTEX,1,0,2,1,3,2,2,4,2,3,2,2,4,1,2,5,3,3
GTEX-14ASI-0011-R1b-SM-5S2TY,Normal_GTEX,3,1,0,3,2,3,4,3,0,5,4,5,6,3,6,7,4,4
GTEX-14E7W-1226-SM-5RQIU,Normal_GTEX,1,2,2,1,1,0,1,1,4,1,3,0,2,5,0,2,0,0
GTEX-Y5V6-1326-SM-4VDTF,Normal_GTEX,1,0,2,1,3,2,2,4,2,3,2,2,4,1,2,5,3,3
GTEX-ZAB4-0011-R11a-SM-4SOKI,Normal_GTEX,3,1,0,3,2,3,4,3,0,5,4,5,6,3,6,7,4,4
GTEX-WFJO-0002-SM-3P61X,Normal_GTEX,3,1,0,4,2,3,5,2,3,6,5,4,7,2,4,8,1,1
GTEX-139UW-1126-SM-5IJEJ,Normal_GTEX,1,0,2,1,3,2,2,4,2,2,1,3,3,4,3,4,7,7
GTEX-11EM3-1926-SM-5987U,Normal_GTEX,1,2,2,1,1,0,1,1,4,1,3,0,1,5,5,1,0,0
GTEX-1212Z-1826-SM-5FQSH,Normal_GTEX,1,2,2,1,1,0,1,1,4,1,3,0,1,5,5,1,0,0
GTEX-WZTO-2826-SM-3NM8P,Normal_GTEX,3,1,0,3,2,3,4,3,0,5,4,5,6,3,6,7,4,4
GTEX-ZTX8-1726-SM-51MSB,Normal_GTEX,1,2,2,1,1,0,1,1,4,1,1,0,2,0,3,3,6,6
GTEX-13O3O-1426-SM-5KM2S,Normal_GTEX,1,2,2,1,1,0,1,1,4,1,3,0,2,5,0,2,0,0
GTEX-RTLS-0008-SM-48FET,Normal_GTEX,3,2,2,4,1,0,5,1,3,6,1,4,7,4,0,8,5,5
GTEX-XQ8I-1326-SM-4BOPV,Normal_GTEX,1,2,2,1,1,0,1,1,4,1,3,0,1,5,0,1,0,0
GTEX-T5JW-0005-SM-3GADE,Normal_GTEX,3,1,0,4,2,3,5,2,3,6,5,4,7,2,4,8,1,1
GTEX-13PVQ-2226-SM-5L3G9,Normal_GTEX,1,2,2,1,1,0,1,1,4,1,1,0,2,0,5,3,6,6
GTEX-131XG-0526-SM-5DUWF,Normal_GTEX,1,2,2,1,1,0,1,1,4,1,3,0,2,5,0,2,0,0
GTEX-145MO-0126-SM-5S2QU,Normal_GTEX,1,0,0,1,3,2,2,3,2,3,4,5,4,3,6,5,4,4
GTEX-12WSJ-0226-SM-5GCP7,Normal_GTEX,1,0,2,1,3,2,2,4,2,3,2,2,4,1,2,5,3,3
GTEX-W5X1-0826-SM-3GILN,Normal_GTEX,1,2,2,1,1,0,1,1,4,1,3,0,2,5,0,2,0,0
GTEX-ZF2S-0126-SM-4WKFO,Normal_GTEX,1,1,0,1,2,3,2,3,4,3,2,2,4,1,2,5,5,5
GTEX-ZF29-1126-SM-4WKGO,Normal_GTEX,1,0,2,1,3,2,2,4,2,3,2,2,4,1,2,5,3,3
GTEX-111FC-1326-SM-5N9D9,Normal_GTEX,1,1,0,1,2,3,2,4,3,3,2,2,4,1,2,5,3,3
TCGA-EW-A1OY-01,LumB,2,0,1,2,0,1,3,0,1,4,0,1,5,6,1,6,2,2
GTEX-ZXES-1626-SM-5NQ7L,Normal_GTEX,1,2,2,1,1,0,1,1,4,1,1,0,2,0,5,3,6,6
GTEX-13FTY-0426-SM-5IJC2,Normal_GTEX,1,2,2,1,1,0,1,1,4,1,3,0,1,5,0,1,0,0
GTEX-13111-2226-SM-5LZUE,Normal_GTEX,1,2,2,1,1,0,1,1,4,1,1,4,2,0,0,2,6,6
GTEX-V1D1-1926-SM-4JBGX,Normal_GTEX,1,0,2,1,3,2,1,4,2,1,2,2,1,1,2,1,3,3
GTEX-XLM4-0011-R2B-SM-4AT5Z,Normal_GTEX,3,1,0,3,2,3,4,3,0,5,4,5,6,3,6,7,4,4
GTEX-UJHI-0226-SM-4IHJL,Normal_GTEX,1,2,2,1,1,0,1,1,4,1,3,0,1,5,0,1,0,0
GTEX-13OVH-3126-SM-5MR4Z,Normal_GTEX,1,1,0,1,2,3,2,3,0,3,4,5,4,3,6,5,4,4
GTEX-U3ZH-0008-SM-4DXT2,Normal_GTEX,3,2,2,4,1,0,5,1,3,6,1,4,7,0,0,8,5,5
GTEX-WWTW-0626-SM-4MVNS,Normal_GTEX,1,2,2,1,1,0,1,1,4,1,1,4,2,0,0,2,6,6
TCGA-A2-A0CQ-01,LumA,2,0,1,2,0,1,3,0,1,4,0,1,5,6,1,6,2,2
GTEX-13111-0726-SM-5DUVE,Normal_GTEX,1,0,2,1,3,2,2,4,2,3,2,2,4,1,2,5,3,3
GTEX-ZPU1-2726-SM-4WWFT,Normal_GTEX,1,2,2,1,1,0,1,1,4,1,3,0,1,5,0,1,0,0
GTEX-Q2AI-1226-SM-48U14,Normal_GTEX,1,0,0,1,3,2,2,3,2,3,4,5,4,3,6,5,4,4
GTEX-131XE-1026-SM-5EGKE,Normal_GTEX,1,2,2,1,1,0,1,1,4,1,3,0,1,5,5,1,0,0
GTEX-QDT8-0011-R9A-SM-32PKH,Normal_GTEX,3,1,0,3,2,3,4,3,0,5,4,5,6,3,6,7,4,4
GTEX-ZEX8-1926-SM-4WKFR,Normal_GTEX,1,0,2,1,3,2,2,4,2,3,2,2,4,1,2,5,3,3
TCGA-AR-A1AL-01,LumA,2,0,1,2,0,1,3,0,1,4,0,1,5,6,1,6,2,2
GTEX-WFON-0426-SM-3GIL4,Normal_GTEX,1,0,2,1,3,2,2,4,2,3,2,2,4,1,2,5,3,3
TCGA-BH-A18L-11,Normal_TCGA,1,0,1,1,0,1,1,0,1,1,0,1,2,6,1,3,2,2
GTEX-11EMC-2626-SM-59864,Normal_GTEX,1,2,2,1,1,0,1,1,4,1,1,4,2,0,0,2,6,6
GTEX-12WSH-2826-SM-5GCP5,Normal_GTEX,1,2,2,1,1,0,1,1,4,1,3,0,1,5,0,1,0,0
TCGA-E9-A22B-01,LumA,2,0,1,2,0,1,3,0,1,4,0,1,5,6,1,6,2,2
TCGA-C8-A26Z-01,LumA,2,0,1,2,0,1,3,0,1,4,0,1,5,6,1,6,2,2
GTEX-ZYFD-2926-SM-5GID9,Normal_GTEX,3,1,0,3,2,3,4,3,0,5,4,5,6,3,6,7,4,4
GTEX-QCQG-1326-SM-48U24,Normal_GTEX,1,2,2,1,1,0,1,1,4,1,3,0,1,5,5,1,5,0
GTEX-X585-0011-R4B-SM-46MVH,Normal_GTEX,3,1,0,3,2,3,4,3,0,5,4,5,6,3,6,7,4,4
GTEX-QV44-1825-SM-447CF,Normal_GTEX,1,2,2,1,1,0,1,1,4,1,1,0,2,0,5,3,6,6
GTEX-QMR6-0011-R6A-SM-32PKP,Normal_GTEX,3,1,0,3,2,3,4,3,0,5,4,5,6,3,6,7,4,4
TCGA-E2-A1IH-01,LumA,2,0,1,2,0,1,3,0,1,4,0,1,5,6,1,6,2,2
GTEX-U4B1-0826-SM-4DXTW,Normal_GTEX,1,0,2,1,3,2,2,4,2,2,1,3,3,4,3,4,7,7
GTEX-Y3IK-1726-SM-4YCCR,Normal_GTEX,1,0,2,1,3,2,2,4,2,3,2,2,4,1,2,5,3,3
GTEX-13112-0011-R1b-SM-5HL7K,Normal_GTEX,3,1,0,3,2,3,4,3,0,5,4,5,6,3,6,7,4,4
GTEX-Z93S-0011-R3b-SM-4RGNH,Normal_GTEX,3,1,0,3,2,3,4,3,0,5,4,5,6,3,6,7,4,4
GTEX-OXRP-0326-SM-5SI7J,Normal_GTEX,1,0,2,1,3,2,1,4,2,1,2,2,2,1,2,3,3,3
GTEX-13PL7-2126-SM-5L3HZ,Normal_GTEX,1,2,2,1,1,0,1,1,4,1,3,0,1,5,0,1,0,0
GTEX-13OW8-2726-SM-5L3FZ,Normal_GTEX,1,2,2,1,1,0,1,1,4,1,3,0,1,5,5,1,0,0
GTEX-Z93T-0126-SM-5HL5N,Normal_GTEX,1,0,2,1,3,2,2,4,2,2,1,3,3,4,3,4,7,7
GTEX-PSDG-0005-SM-3GADC,Normal_GTEX,3,1,0,4,2,3,5,2,3,6,5,4,7,2,4,8,1,1
GTEX-PVOW-1026-SM-5NQ7M,Normal_GTEX,1,0,2,1,3,2,2,4,2,3,2,2,4,1,2,5,3,3
GTEX-O5YT-1626-SM-32PK6,Normal_GTEX,1,2,2,1,1,0,1,1,4,1,1,4,2,0,0,2,6,6
GTEX-13OW6-0005-SM-5NQ9Z,Normal_GTEX,3,1,0,4,2,3,5,2,3,6,5,4,7,2,4,8,1,1
GTEX-ZXES-0926-SM-5E43O,Normal_GTEX,1,2,2,1,1,0,1,1,4,1,3,0,2,0,5,3,6,6
GTEX-V1D1-0006-SM-3NMCE,Normal_GTEX,3,1,0,4,2,3,5,2,3,6,5,4,7,2,4,8,1,1
GTEX-13O21-0126-SM-5IJE8,Normal_GTEX,1,2,0,1,1,3,2,1,4,3,2,2,4,1,2,5,5,5
GTEX-11EQ9-1326-SM-5985X,Normal_GTEX,1,0,2,1,3,2,2,4,2,3,2,2,4,1,2,5,3,3
GTEX-13PVQ-2126-SM-5L3FW,Normal_GTEX,1,0,2,1,3,2,2,4,2,3,2,2,4,1,2,5,3,3
GTEX-13NZ9-0726-SM-5J1ME,Normal_GTEX,1,2,2,1,1,0,1,1,4,1,1,0,2,0,3,3,6,6
GTEX-13D11-1926-SM-5IFGB,Normal_GTEX,1,0,2,1,3,2,2,4,2,2,1,3,3,4,3,4,7,7
GTEX-11I78-0526-SM-5986A,Normal_GTEX,1,0,2,1,3,2,1,4,2,1,2,2,2,1,2,3,3,3
TCGA-BH-A1EU-11,Normal_TCGA,1,0,1,1,0,1,1,0,1,1,0,1,2,6,1,3,2,2
TCGA-E2-A14S-01,LumB,2,0,1,2,0,1,3,0,1,4,0,1,5,6,1,6,2,2
GTEX-147JS-0726-SM-5S2UL,Normal_GTEX,1,2,2,1,1,0,1,1,4,1,3,0,1,5,0,1,0,0
GTEX-T5JC-0011-R10A-SM-32PM2,Normal_GTEX,3,1,0,3,2,3,4,3,0,5,4,5,6,3,6,7,4,4
GTEX-11EQ9-0626-SM-5A5K1,Normal_GTEX,1,0,2,1,3,2,1,4,2,1,2,2,2,1,2,3,3,3
GTEX-13PVR-1126-SM-5S2NX,Normal_GTEX,1,2,2,1,1,0,1,1,4,1,3,0,1,5,0,1,0,0
GTEX-11GSP-0326-SM-5A5KW,Normal_GTEX,1,1,0,1,2,3,2,1,4,3,2,2,4,1,2,5,5,5
GTEX-S33H-2226-SM-5S2UF,Normal_GTEX,1,2,2,1,1,0,1,1,4,1,1,4,2,0,0,2,6,6
GTEX-POYW-0526-SM-5KM2H,Normal_GTEX,1,2,2,1,1,0,1,1,4,1,1,4,2,0,0,2,6,6
GTEX-X585-0011-R2B-SM-46MVF,Normal_GTEX,3,1,0,3,2,3,4,3,0,5,4,5,6,3,6,7,4,4
GTEX-PWCY-2326-SM-2I3EQ,Normal_GTEX,1,0,2,1,3,2,1,4,2,1,2,2,2,1,2,3,3,3
GTEX-13NZ8-0326-SM-5L3DF,Normal_GTEX,1,0,2,1,3,2,2,4,2,3,2,2,4,1,2,5,3,3
GTEX-13OW7-0326-SM-5J1MP,Normal_GTEX,1,2,2,1,1,0,1,1,4,1,1,4,2,0,0,2,6,6
TCGA-A8-A07E-01,LumA,2,0,1,2,0,1,3,0,1,4,0,1,5,6,1,6,2,2
GTEX-11DXX-0226-SM-5P9HL,Normal_GTEX,1,0,2,1,3,2,1,4,2,1,2,2,2,1,2,3,3,3
GTEX-13O21-1426-SM-5K7XI,Normal_GTEX,1,0,2,1,3,2,2,4,2,2,1,3,3,4,3,4,7,7
GTEX-WEY5-1526-SM-4LMJF,Normal_GTEX,1,0,2,1,3,0,2,4,4,3,2,0,4,1,5,5,3,0
TCGA-C8-A1HO-01,LumA,2,0,1,2,0,1,3,0,1,4,0,1,5,6,1,6,2,2
GTEX-SUCS-0926-SM-4DM4Z,Normal_GTEX,1,0,2,1,3,2,2,4,2,3,2,2,4,1,2,5,3,3
TCGA-A2-A1FZ-01,LumA,2,0,1,2,0,1,3,0,1,4,0,1,5,6,1,6,2,2
TCGA-D8-A27M-01,Basal,2,0,1,2,0,1,3,0,1,4,0,1,5,6,1,6,2,2
GTEX-S4UY-1226-SM-4AD51,Normal_GTEX,1,2,2,1,1,0,1,1,4,1,3,0,1,5,5,1,0,0
TCGA-E9-A228-01,LumB,2,0,1,2,0,1,3,0,1,4,0,1,5,6,1,6,2,2
GTEX-ZA64-0426-SM-5HL96,Normal_GTEX,1,0,2,1,3,2,1,4,2,1,2,2,2,1,2,3,3,3
GTEX-WEY5-0426-SM-3GIKT,Normal_GTEX,1,2,2,1,1,0,1,1,4,1,3,0,2,5,0,2,0,0
GTEX-ZPU1-0006-SM-4WWAT,Normal_GTEX,3,1,0,4,2,3,5,2,3,6,5,4,7,2,4,8,1,1
GTEX-WL46-0011-R3A-SM-3TW8E,Normal_GTEX,3,1,0,3,2,3,4,3,0,5,4,5,6,3,6,7,4,4
TCGA-AR-A1AW-01,LumB,2,0,1,2,0,1,3,0,1,4,0,1,5,6,1,6,2,2
GTEX-11ILO-2026-SM-5N9CQ,Normal_GTEX,1,2,2,1,1,2,1,1,2,1,2,2,1,1,2,1,3,3
GTEX-XBEW-1126-SM-4QARW,Normal_GTEX,1,0,2,1,3,2,2,4,2,2,1,3,3,4,3,4,7,7
GTEX-WHSE-0126-SM-3NMBT,Normal_GTEX,1,0,2,1,3,2,2,4,2,2,1,3,3,4,3,4,7,7
GTEX-13NYC-0326-SM-5K7WP,Normal_GTEX,1,0,2,1,3,2,2,4,2,2,1,3,3,4,3,4,7,7
GTEX-ZY6K-1926-SM-5GZXW,Normal_GTEX,1,2,2,1,1,0,1,1,4,1,3,0,1,5,0,1,0,0
GTEX-11P7K-0526-SM-5BC5I,Normal_GTEX,1,0,2,1,3,2,2,4,2,3,2,2,4,1,2,5,3,3
TCGA-EW-A1P8-01,Basal,2,0,1,2,0,1,3,0,1,4,0,1,5,6,1,6,2,2
GTEX-11ZTT-2626-SM-5EQKK,Normal_GTEX,1,2,2,1,1,0,1,1,4,1,1,4,2,0,0,2,6,6
GTEX-13X6I-0011-R1b-SM-5PNZC,Normal_GTEX,3,1,0,3,2,3,4,3,0,5,4,5,6,3,6,7,4,4
GTEX-14B4R-1326-SM-5Q5EZ,Normal_GTEX,1,0,2,1,3,2,2,4,2,2,1,3,3,4,3,4,7,7
TCGA-BH-A0H6-01,LumA,2,0,1,2,0,1,3,0,1,4,0,1,5,6,1,6,2,2
GTEX-NPJ8-0126-SM-2YUNR,Normal_GTEX,1,0,2,1,3,2,2,4,2,2,1,3,3,4,3,4,7,7
GTEX-R55E-0011-R5A-SM-2TC5N,Normal_GTEX,3,1,0,3,2,3,4,3,0,5,4,5,6,3,6,7,4,4
GTEX-WFG7-1226-SM-4LMK2,Normal_GTEX,1,2,2,1,1,0,1,1,4,1,3,0,1,5,5,1,0,0
GTEX-YEC4-0626-SM-5CVLU,Normal_GTEX,1,0,2,1,3,2,1,4,2,1,2,2,2,1,2,3,3,3
GTEX-YEC3-0426-SM-5IFK1,Normal_GTEX,1,2,2,1,1,0,1,1,4,1,3,0,2,5,0,2,0,0
GTEX-13111-0626-SM-5LZVR,Normal_GTEX,1,2,2,1,1,0,1,1,4,1,2,0,2,0,5,3,6,6
GTEX-12126-0326-SM-5PNW3,Normal_GTEX,1,0,2,1,3,2,2,4,2,2,1,3,3,4,3,4,7,7
GTEX-WVLH-3026-SM-3MJG9,Normal_GTEX,3,1,0,3,2,3,4,3,0,5,4,5,6,3,6,7,4,4
GTEX-12WSK-2226-SM-5GCO5,Normal_GTEX,1,2,2,1,1,2,1,1,4,1,1,0,2,0,5,3,6,6
GTEX-145LS-2926-SM-5O99G,Normal_GTEX,1,2,2,1,1,0,1,1,4,1,3,0,1,5,5,1,0,0
GTEX-145MO-2426-SM-5NQ9W,Normal_GTEX,1,2,2,1,1,0,1,1,4,1,3,2,1,5,5,1,3,3
GTEX-12WSG-0726-SM-5EGIG,Normal_GTEX,1,1,2,1,2,3,2,4,4,3,2,2,4,1,2,5,5,5
GTEX-13OW5-0011-R5b-SM-5L3FR,Normal_GTEX,3,1,0,3,2,3,4,3,0,5,4,5,6,3,6,7,4,4
TCGA-D8-A1JF-01,Her2,2,0,1,2,0,1,3,0,1,4,0,1,5,6,1,6,2,2
GTEX-148VJ-1026-SM-5LU98,Normal_GTEX,1,0,2,1,3,2,2,4,2,2,1,3,3,4,3,4,7,7
GTEX-S7PM-0008-SM-3NM9Q,Normal_GTEX,3,2,2,4,1,0,5,4,3,6,1,4,7,4,0,8,5,5
GTEX-OXRK-0226-SM-3NB2G,Normal_GTEX,1,0,2,1,3,2,2,4,2,2,1,3,3,4,3,4,7,7
GTEX-Y8DK-0826-SM-4TT3T,Normal_GTEX,3,1,0,3,2,3,4,3,0,5,4,5,6,3,6,7,4,4
TCGA-C8-A273-01,LumA,2,0,1,2,0,1,3,0,1,4,0,1,5,6,1,6,2,2
GTEX-1192X-0226-SM-5H12D,Normal_GTEX,1,0,2,1,3,2,2,4,2,2,1,3,3,4,3,4,7,7
GTEX-ZE9C-1426-SM-4WKGM,Normal_GTEX,1,0,2,1,3,2,2,4,2,3,2,2,4,1,2,5,3,3
GTEX-1313W-1026-SM-5EQ5I,Normal_GTEX,1,2,2,1,1,0,1,1,4,1,3,0,1,5,0,1,0,0
GTEX-ZUA1-0011-R11b-SM-51MTI,Normal_GTEX,3,1,0,3,2,3,4,3,0,5,4,5,6,3,6,7,4,4
GTEX-XBEC-0426-SM-4QART,Normal_GTEX,1,2,2,1,1,0,1,4,4,1,1,0,2,0,3,3,6,6
GTEX-11NUK-1726-SM-5A5L2,Normal_GTEX,1,2,2,1,1,0,1,1,4,1,3,0,1,5,5,1,0,0
TCGA-C8-A132-01,LumA,2,0,1,2,0,1,3,0,1,4,0,1,5,6,1,6,2,2
GTEX-RTLS-0926-SM-2TF5X,Normal_GTEX,1,0,2,1,3,2,2,4,2,3,2,2,4,1,2,5,3,3
GTEX-ZE9C-2826-SM-5S2MO,Normal_GTEX,1,2,2,1,1,0,1,1,4,1,1,0,2,0,5,3,6,6
GTEX-T6MO-1726-SM-33HB8,Normal_GTEX,1,2,2,1,1,0,1,1,4,1,1,0,2,0,5,3,6,6
GTEX-13CF2-0011-R1a-SM-5LZY1,Normal_GTEX,3,1,0,3,2,3,4,3,0,5,4,5,6,3,6,7,4,4
GTEX-WH7G-1726-SM-4LVKY,Normal_GTEX,1,0,2,1,3,2,1,4,2,1,2,2,1,1,2,1,3,3
GTEX-ZVZP-0626-SM-59HL5,Normal_GTEX,1,0,2,1,3,2,2,4,2,3,2,2,4,1,2,5,3,3
GTEX-146FH-1826-SM-5QGQ7,Normal_GTEX,1,0,2,1,3,2,2,4,2,3,2,2,4,1,2,5,3,3
GTEX-145LT-0426-SM-5LUAP,Normal_GTEX,1,0,0,1,3,2,2,3,2,3,4,5,4,3,6,5,4,4
GTEX-14BIM-0326-SM-5SI9B,Normal_GTEX,1,2,2,1,1,0,1,1,4,1,1,4,2,0,0,2,6,6
GTEX-12WSH-3126-SM-5LZW8,Normal_GTEX,3,1,0,3,2,3,4,3,0,5,4,5,6,3,6,7,4,4
GTEX-XOT4-0526-SM-4B66O,Normal_GTEX,1,2,2,1,1,0,1,1,4,1,1,4,2,0,0,2,6,6
GTEX-ZYFD-2126-SM-5E43D,Normal_GTEX,1,2,2,1,1,0,1,1,4,1,3,0,1,5,0,1,0,0
GTEX-X8HC-0626-SM-4E3HQ,Normal_GTEX,1,0,2,1,3,2,2,4,2,2,1,3,3,4,3,4,7,7
GTEX-11DXY-2626-SM-5GIE7,Normal_GTEX,1,0,2,1,3,2,2,4,2,2,1,3,3,4,3,4,7,7
GTEX-XBEC-1326-SM-4AT69,Normal_GTEX,1,2,2,1,1,0,1,1,4,1,3,0,2,5,0,2,0,0
GTEX-ZYT6-0926-SM-5GIEM,Normal_GTEX,1,2,2,1,1,0,1,1,4,1,3,0,2,5,0,2,0,0
GTEX-PLZ4-0226-SM-2S1NW,Normal_GTEX,1,2,2,1,1,0,1,1,4,1,1,0,2,0,5,3,6,6
GTEX-13FHP-2426-SM-5KLZ5,Normal_GTEX,1,0,2,1,3,2,1,4,2,1,2,2,1,1,2,1,3,3
GTEX-13O21-2426-SM-5MR4A,Normal_GTEX,1,0,2,1,3,2,2,4,2,3,2,2,4,1,2,5,3,3
GTEX-XMK1-0326-SM-4B652,Normal_GTEX,1,0,2,1,3,2,2,4,2,3,2,2,4,1,2,5,3,3
GTEX-ZV7C-0926-SM-59HL1,Normal_GTEX,1,2,2,1,1,0,1,1,4,1,2,0,2,0,5,3,6,6
GTEX-12696-3026-SM-5FQTU,Normal_GTEX,3,1,0,3,2,3,4,3,0,5,4,5,6,3,6,7,4,4
GTEX-Y3I4-0226-SM-4TT27,Normal_GTEX,1,0,2,1,3,2,1,4,2,1,2,2,2,1,2,3,3,3
GTEX-ZAB4-1426-SM-5CVN6,Normal_GTEX,1,2,2,1,1,0,1,1,4,1,2,0,2,0,5,3,6,6
GTEX-YEC4-0326-SM-4W216,Normal_GTEX,1,2,2,1,1,0,1,1,4,1,3,0,2,5,0,2,0,0
TCGA-A8-A075-01,LumB,2,0,1,2,0,1,3,0,1,4,0,1,5,6,1,6,2,2
GTEX-P4QT-2426-SM-3NMCL,Normal_GTEX,1,2,2,1,1,0,1,1,4,1,3,0,1,5,0,1,5,5
GTEX-131XG-0126-SM-5K7UJ,Normal_GTEX,1,2,2,1,1,0,1,1,4,1,1,0,2,0,5,3,6,6
GTEX-11DYG-1226-SM-5N9DC,Normal_GTEX,1,2,2,1,1,0,1,1,4,1,3,0,1,5,0,1,0,0
GTEX-13SLX-0126-SM-5S2MM,Normal_GTEX,1,2,2,1,1,0,1,1,4,1,1,0,2,0,3,3,6,6
TCGA-A1-A0SD-01,LumA,2,0,1,2,0,1,3,0,1,4,0,1,5,6,1,6,2,2
GTEX-131XG-0006-SM-5O9CE,Normal_GTEX,3,1,0,4,2,3,5,2,3,6,5,4,7,2,4,8,1,1
GTEX-13FTY-0226-SM-5IJBW,Normal_GTEX,1,2,2,1,1,0,1,1,4,1,1,4,2,0,0,2,6,6
GTEX-132AR-2726-SM-5PNVN,Normal_GTEX,1,0,2,1,3,2,2,4,2,3,2,2,4,1,2,5,3,3
GTEX-12WSD-2126-SM-5LZWK,Normal_GTEX,1,1,0,1,2,3,2,1,4,3,2,2,4,1,2,5,3,5
GTEX-Y3I4-0526-SM-4TT6X,Normal_GTEX,1,2,2,1,1,0,1,1,4,1,3,0,2,5,0,2,0,0
GTEX-WFG8-1126-SM-4LVN1,Normal_GTEX,1,2,2,1,1,0,1,1,4,1,3,0,1,5,5,1,0,0
GTEX-13FTW-1026-SM-5L3E3,Normal_GTEX,1,2,2,1,1,0,1,1,4,1,3,0,2,5,0,2,0,0
GTEX-QMRM-0626-SM-447BQ,Normal_GTEX,1,2,2,1,1,0,1,1,4,1,3,0,1,5,0,1,0,0
GTEX-WL46-0011-R6A-SM-3LK6X,Normal_GTEX,3,1,0,3,2,3,4,3,0,5,4,5,6,3,6,7,4,4
GTEX-139UC-0011-R9a-SM-5K7W7,Normal_GTEX,3,1,0,3,2,3,4,3,4,5,4,0,6,3,6,7,4,4
GTEX-N7MS-0011-R10A-SM-2HMJK,Normal_GTEX,3,1,0,3,2,3,4,3,0,5,4,5,6,3,6,7,4,4
GTEX-XK95-0426-SM-4AT4R,Normal_GTEX,1,2,2,1,1,0,1,1,4,1,1,0,2,0,5,3,6,6
GTEX-WK11-2526-SM-3NM9Y,Normal_GTEX,1,2,2,1,1,0,1,1,4,1,1,4,2,0,0,2,6,6
GTEX-11DYG-1026-SM-5A5JQ,Normal_GTEX,1,2,2,1,1,0,1,1,4,1,3,0,2,5,0,2,0,0
GTEX-ZLV1-0526-SM-4WWD4,Normal_GTEX,1,0,2,1,3,2,2,4,2,2,1,3,3,4,3,4,7,7
GTEX-S4Z8-1826-SM-3K2BH,Normal_GTEX,1,2,2,1,1,0,1,1,4,1,1,4,2,0,0,2,6,6
GTEX-X88G-0326-SM-47JZ4,Normal_GTEX,1,2,2,1,1,0,1,1,4,1,1,4,2,0,0,2,6,6
GTEX-OOBJ-1626-SM-2I3F7,Normal_GTEX,1,2,2,1,1,0,1,1,4,1,1,4,2,0,0,2,6,6
GTEX-13OW6-0726-SM-5L3FX,Normal_GTEX,1,0,2,1,3,2,1,4,2,1,2,2,2,1,2,3,3,3
GTEX-QDT8-0226-SM-32PL4,Normal_GTEX,1,2,2,1,1,0,1,1,4,1,1,0,2,0,5,3,6,6
GTEX-ZAK1-1226-SM-5Q5AA,Normal_GTEX,1,2,2,1,1,0,1,1,4,1,3,0,1,5,0,1,0,0
GTEX-U8T8-0326-SM-3DB93,Normal_GTEX,1,2,2,1,1,0,1,1,4,1,3,0,1,5,0,1,0,0
GTEX-13SLX-0011-R11b-SM-5O9C8,Normal_GTEX,3,1,0,3,2,3,4,3,0,5,4,5,6,3,6,7,4,4
GTEX-147GR-0011-R2b-SM-5S2RQ,Normal_GTEX,3,1,0,3,2,3,4,3,0,5,4,5,6,3,6,7,4,4
GTEX-145MG-3026-SM-5RQJA,Normal_GTEX,3,1,0,3,2,3,4,3,0,5,4,5,6,3,6,7,4,4
GTEX-13O3O-0011-R11b-SM-5KM4G,Normal_GTEX,3,1,0,3,2,3,4,3,0,5,4,5,6,3,6,7,4,4
GTEX-WXYG-0926-SM-3NB2O,Normal_GTEX,1,2,2,1,1,0,1,1,4,1,3,0,2,5,5,3,0,6
GTEX-YFC4-0011-R5a-SM-4RGLR,Normal_GTEX,3,1,0,3,2,3,4,3,0,5,4,5,6,3,6,7,4,4
GTEX-VJYA-1226-SM-3GIJ6,Normal_GTEX,1,0,2,1,3,2,1,4,2,1,3,2,1,5,2,1,3,3
GTEX-WRHK-0826-SM-3MJFG,Normal_GTEX,1,2,2,1,1,0,1,1,4,1,3,0,2,0,5,3,6,6
GTEX-NL3G-0008-SM-4E3JX,Normal_GTEX,3,2,2,4,1,0,5,2,3,6,5,4,7,2,0,8,5,5
GTEX-QV31-0526-SM-447C3,Normal_GTEX,1,0,2,1,3,2,2,4,2,2,1,3,3,4,3,4,7,7
GTEX-13PVQ-0011-R9b-SM-5LU3B,Normal_GTEX,3,1,0,3,2,3,4,3,0,5,4,5,6,3,6,7,4,4
GTEX-12WSD-0011-R2a-SM-5LZWB,Normal_GTEX,3,1,0,3,2,3,4,3,0,5,4,5,6,3,6,7,4,4
GTEX-13FTX-1226-SM-5IFGN,Normal_GTEX,1,0,2,1,3,2,2,4,2,3,2,2,4,1,2,5,3,3
GTEX-11ZTT-1026-SM-5EQKF,Normal_GTEX,1,0,2,1,3,2,1,4,2,1,2,2,2,1,2,3,3,3
GTEX-13CF3-2126-SM-5IFJP,Normal_GTEX,1,2,2,1,1,0,1,1,4,1,1,0,2,0,5,3,6,6
TCGA-BH-A0B7-11,Normal_TCGA,1,0,1,1,0,1,1,0,1,1,0,1,2,6,1,3,2,2
GTEX-WFG7-1826-SM-3GIL1,Normal_GTEX,1,0,2,1,3,2,1,4,2,1,2,2,1,1,2,1,3,3
GTEX-12WSB-0011-R1b-SM-5P9EY,Normal_GTEX,3,1,0,3,2,3,4,3,0,5,4,5,6,3,6,7,4,4
GTEX-ZDXO-1426-SM-4WKHG,Normal_GTEX,1,1,0,1,2,3,2,3,0,3,4,5,4,3,6,5,4,4
GTEX-XAJ8-0726-SM-47JY5,Normal_GTEX,1,2,2,1,1,0,1,1,4,1,3,0,1,5,5,1,0,0
GTEX-ZYWO-1626-SM-5E44H,Normal_GTEX,1,0,2,1,3,2,2,4,2,3,2,2,4,1,2,5,3,3
GTEX-ZQUD-0226-SM-4YCEB,Normal_GTEX,1,2,2,1,1,0,1,1,4,1,3,0,1,5,0,1,0,0
GTEX-XBEW-0006-SM-4AT4E,Normal_GTEX,3,1,0,4,2,3,5,2,3,6,5,4,7,2,4,8,1,1
GTEX-XGQ4-0926-SM-4AT4U,Normal_GTEX,1,2,2,1,1,0,1,1,4,1,1,0,2,0,5,3,6,6
GTEX-P4QS-0426-SM-3NMCQ,Normal_GTEX,1,2,2,1,1,0,1,1,4,1,3,0,1,5,0,1,0,0
GTEX-12ZZW-0011-R4a-SM-5DUX9,Normal_GTEX,3,1,0,3,2,3,4,3,0,5,4,5,6,3,6,7,4,4
GTEX-P44G-2326-SM-2XCCZ,Normal_GTEX,1,2,2,1,1,0,1,1,4,1,1,0,2,0,5,3,6,6
GTEX-11DXY-1026-SM-5987V,Normal_GTEX,1,2,2,1,1,0,1,1,4,1,3,0,2,5,0,2,0,0
GTEX-ZZ64-0626-SM-5GZWR,Normal_GTEX,1,2,2,1,1,0,1,1,4,1,3,0,2,0,5,3,6,6
GTEX-13OVJ-2326-SM-5IJGA,Normal_GTEX,1,2,2,1,1,0,1,1,4,1,3,0,1,5,5,1,0,0
GTEX-147GR-2826-SM-5RQK8,Normal_GTEX,1,2,2,1,1,0,1,1,4,1,3,0,1,5,5,1,0,0
TCGA-AR-A256-01,Basal,2,0,1,2,0,1,3,0,1,4,0,1,5,6,1,6,2,2
GTEX-QEG5-1126-SM-33HC2,Normal_GTEX,1,0,2,1,3,2,2,4,2,3,2,2,4,1,2,5,3,3
GTEX-132AR-2226-SM-5J2NT,Normal_GTEX,1,0,2,1,3,2,2,4,2,2,1,3,3,4,3,4,7,7
GTEX-PWCY-1426-SM-48TCT,Normal_GTEX,1,0,2,1,3,0,1,1,4,1,3,0,1,5,5,1,0,0
GTEX-WQUQ-1526-SM-4OOSM,Normal_GTEX,1,2,2,1,1,0,1,1,4,1,3,0,1,5,0,1,0,0
GTEX-11EMC-3126-SM-5EGJP,Normal_GTEX,1,0,0,1,3,3,2,3,0,3,4,5,4,3,6,5,4,4
GTEX-U4B1-0626-SM-3DB8L,Normal_GTEX,1,0,2,1,3,2,1,4,2,1,2,2,2,1,2,3,3,3
GTEX-1269C-2826-SM-5EQ5O,Normal_GTEX,1,2,2,1,1,0,1,1,4,1,3,0,1,5,0,1,0,0
GTEX-PWN1-1826-SM-2S1PE,Normal_GTEX,1,2,2,1,1,0,1,1,4,1,3,0,1,0,0,1,6,0
GTEX-Q2AI-0626-SM-48TZU,Normal_GTEX,1,0,2,1,3,2,2,4,2,2,1,3,3,4,3,4,7,7
TCGA-A2-A0T3-01,LumB,2,0,1,2,0,1,3,0,1,4,0,1,5,6,1,6,2,2
GTEX-XUW1-1826-SM-4BOQD,Normal_GTEX,1,2,2,1,1,0,1,1,4,1,3,0,1,5,5,1,0,0
GTEX-131XH-0626-SM-5LZWH,Normal_GTEX,1,0,2,1,3,2,2,4,2,3,2,2,4,1,2,5,3,3
GTEX-QVJO-1626-SM-2S1QW,Normal_GTEX,1,0,2,1,3,2,2,4,2,2,1,3,3,4,3,4,7,7
GTEX-131XF-0926-SM-5BC69,Normal_GTEX,1,2,2,1,1,0,1,1,4,1,3,0,1,5,5,1,0,0
GTEX-Z93S-0226-SM-5HL7R,Normal_GTEX,1,2,2,1,1,0,1,1,4,1,1,0,2,0,5,3,6,6
GTEX-1399T-1526-SM-5P9J6,Normal_GTEX,1,0,0,1,3,2,2,4,2,3,2,5,4,1,6,5,3,4
GTEX-ZE7O-0011-R5a-SM-57WBO,Normal_GTEX,3,1,0,3,2,3,4,3,0,5,4,5,6,3,6,7,4,4
GTEX-ZDTT-0008-SM-4E3K5,Normal_GTEX,3,2,2,4,1,0,5,1,3,6,1,4,7,5,0,8,5,5
GTEX-13FTW-0326-SM-5K7UW,Normal_GTEX,1,0,2,1,3,2,2,4,2,2,1,3,3,4,3,4,7,7
GTEX-139TS-2126-SM-5K7XC,Normal_GTEX,1,0,2,1,3,2,2,4,2,2,1,3,3,4,3,4,7,7
GTEX-ZF2S-0004-SM-4WKFE,Normal_GTEX,3,1,0,4,2,3,5,2,3,6,5,4,7,2,4,8,1,1
GTEX-11ZTS-1226-SM-5EQMQ,Normal_GTEX,1,0,2,1,3,2,2,4,2,3,2,2,4,1,2,5,3,3
GTEX-WZTO-0011-R3B-SM-3NMC6,Normal_GTEX,3,1,0,3,2,3,4,3,0,5,4,5,6,3,6,7,4,4
GTEX-ZXES-0626-SM-5E45P,Normal_GTEX,1,0,2,1,3,2,2,4,2,2,1,3,3,4,3,4,7,7
GTEX-13VXU-0011-R4b-SM-5O9CI,Normal_GTEX,3,1,0,3,2,3,4,3,0,5,4,5,6,3,6,7,4,4
GTEX-WOFM-0626-SM-4OOS3,Normal_GTEX,1,0,2,1,3,2,2,4,2,2,1,3,3,4,3,4,7,7
GTEX-1313W-0526-SM-5P9FZ,Normal_GTEX,1,2,2,1,1,0,1,1,4,1,1,4,2,0,0,2,6,6
GTEX-11DXX-0726-SM-5H12X,Normal_GTEX,1,1,0,1,2,3,2,4,3,3,2,2,4,1,2,5,3,3
GTEX-Q734-0008-SM-48U2I,Normal_GTEX,3,2,2,4,1,0,5,1,3,6,1,4,7,0,0,8,5,5
GTEX-ZTSS-0008-SM-4YCE8,Normal_GTEX,3,2,2,4,1,0,5,1,3,6,5,4,7,2,0,8,5,5
GTEX-WY7C-0006-SM-3NB3L,Normal_GTEX,3,1,0,4,2,3,5,2,3,6,5,4,7,2,4,8,1,1
GTEX-111YS-2226-SM-5987P,Normal_GTEX,1,2,2,1,1,0,1,1,4,1,3,0,1,5,0,1,0,0
GTEX-ZUA1-0326-SM-5NQA3,Normal_GTEX,1,2,2,1,1,0,1,1,4,1,1,4,2,0,0,2,6,6
GTEX-13FTX-0226-SM-5K7TX,Normal_GTEX,1,2,2,1,1,0,1,1,4,1,3,0,1,5,0,1,0,0
GTEX-11EQ8-2826-SM-5N9C1,Normal_GTEX,3,1,0,3,2,3,4,3,0,5,4,5,6,3,6,7,4,4
GTEX-ZP4G-2026-SM-57WEH,Normal_GTEX,1,0,2,1,3,0,1,4,4,1,1,4,2,4,0,2,7,6
GTEX-ZYFG-0526-SM-5GZXX,Normal_GTEX,1,2,2,1,1,0,1,1,4,1,3,0,2,5,0,2,0,0
GTEX-PLZ4-0006-SM-5SI8L,Normal_GTEX,3,1,0,4,2,3,5,2,3,6,5,4,7,2,4,8,1,1
GTEX-12WSB-2926-SM-59HKL,Normal_GTEX,1,0,2,1,3,2,2,4,2,2,1,3,3,4,3,4,7,7
GTEX-11P7K-1126-SM-5HL4L,Normal_GTEX,1,0,2,1,3,2,2,4,2,2,1,3,3,4,3,4,7,7
GTEX-ZLV1-2126-SM-4WWD2,Normal_GTEX,1,2,2,1,1,0,1,1,4,1,1,4,2,0,0,2,6,6
GTEX-11DXX-2726-SM-5PNXO,Normal_GTEX,1,2,2,1,1,0,1,1,4,1,1,4,2,0,0,2,6,6
GTEX-QVUS-2926-SM-3GIJB,Normal_GTEX,3,1,0,3,2,3,4,3,0,5,4,5,6,3,6,7,4,4
GTEX-YEC4-0426-SM-4W1ZH,Normal_GTEX,1,2,2,1,1,0,1,1,4,1,3,0,1,5,0,1,0,0
GTEX-1128S-2626-SM-5H11Z,Normal_GTEX,1,0,0,1,3,3,2,3,0,3,4,5,4,3,6,5,4,4
GTEX-13JVG-0926-SM-5IJE1,Normal_GTEX,1,0,2,1,3,2,1,4,2,1,2,2,2,1,2,3,3,3
GTEX-1339X-0726-SM-5L3FF,Normal_GTEX,1,2,2,1,1,0,1,1,4,1,2,0,2,0,5,3,6,6
GTEX-11DYG-1426-SM-5A5JR,Normal_GTEX,1,2,2,1,1,0,1,1,4,1,3,0,1,5,5,1,0,0
GTEX-X5EB-1826-SM-4E3K8,Normal_GTEX,1,0,2,1,3,2,1,4,2,1,2,2,1,1,2,1,3,3
GTEX-OHPJ-0008-SM-4E3JG,Normal_GTEX,3,2,2,4,1,0,5,2,3,6,5,4,7,2,0,8,5,5
GTEX-11P81-0826-SM-5P9GR,Normal_GTEX,1,0,2,1,3,2,2,4,2,2,1,3,3,4,3,4,7,7
GTEX-ZF3C-0001-SM-4WWAW,Normal_GTEX,3,1,0,4,2,3,5,2,3,6,5,4,7,2,4,8,1,1
GTEX-Y3I4-1926-SM-4TT8L,Normal_GTEX,1,0,2,1,3,1,2,4,1,3,2,1,4,1,3,5,3,2
GTEX-WFG8-1226-SM-5CHTQ,Normal_GTEX,3,1,0,4,2,3,5,2,3,6,5,4,7,2,4,8,1,1
GTEX-139T4-0326-SM-5K7XN,Normal_GTEX,1,2,2,1,1,0,1,1,4,1,1,4,2,0,0,2,6,6
GTEX-ZDYS-1226-SM-5IJF3,Normal_GTEX,1,0,2,1,3,2,1,4,2,1,2,2,1,1,2,1,3,3
GTEX-147F4-0926-SM-5Q5EO,Normal_GTEX,1,0,2,1,3,2,2,4,2,3,2,2,4,1,2,5,3,3
GTEX-X3Y1-0226-SM-3P5Z5,Normal_GTEX,1,2,2,1,1,0,1,1,4,1,3,0,2,5,0,2,0,0
GTEX-11DXX-1826-SM-5H126,Normal_GTEX,1,0,2,1,3,2,2,4,2,3,2,2,4,1,2,5,3,3
GTEX-ZP4G-1426-SM-4WWCL,Normal_GTEX,1,0,2,1,3,2,2,4,2,2,1,3,3,4,3,4,7,7
GTEX-T5JW-0726-SM-4DM6D,Normal_GTEX,1,0,2,1,3,2,2,4,2,2,1,3,3,4,3,4,7,7
TCGA-A7-A0CD-01,LumA,2,0,1,2,0,1,3,0,1,4,0,1,5,6,1,6,2,2
GTEX-P44H-0011-R3A-SM-2XCEQ,Normal_GTEX,3,1,0,3,2,3,4,3,0,5,4,5,6,3,6,7,4,4
TCGA-BH-A1F2-11,Normal_TCGA,1,0,1,1,0,1,1,0,1,1,0,1,2,6,1,3,2,2
GTEX-XOTO-0726-SM-4B659,Normal_GTEX,1,0,2,1,3,2,2,4,2,2,1,3,3,4,3,4,7,7
GTEX-WVLH-0011-R4A-SM-3MJFS,Normal_GTEX,3,1,0,3,2,3,4,3,0,5,4,5,6,3,6,7,4,4
GTEX-XOTO-3026-SM-4B65M,Normal_GTEX,3,1,0,3,2,3,4,3,0,5,4,5,6,3,6,7,4,4
GTEX-P4QS-2026-SM-3NMCG,Normal_GTEX,1,2,2,1,1,0,1,4,4,1,2,2,1,1,2,1,3,3
GTEX-13FHO-1026-SM-5KM1Q,Normal_GTEX,1,0,2,1,3,2,2,4,2,3,2,2,4,1,2,5,3,3
GTEX-OHPL-2426-SM-48TDN,Normal_GTEX,1,2,2,1,1,0,1,1,4,1,3,0,1,5,0,1,0,5
GTEX-13SLW-0011-R3b-SM-5SI6Y,Normal_GTEX,3,1,0,3,2,3,4,3,0,5,4,5,6,3,6,7,4,4
GTEX-RWSA-2026-SM-47JX8,Normal_GTEX,1,0,2,1,3,2,1,4,2,1,2,2,1,1,2,1,3,3
GTEX-12WSG-2126-SM-5EGJ7,Normal_GTEX,1,2,2,1,1,0,1,1,4,1,3,0,1,5,5,1,0,0
GTEX-144GN-0326-SM-5O9AD,Normal_GTEX,1,2,2,1,1,0,1,1,4,1,3,0,1,5,0,1,0,0
TCGA-A8-A07I-01,Her2,2,0,1,2,0,1,3,0,1,4,0,1,5,6,1,6,2,2
TCGA-BH-A208-01,Normal,2,0,1,2,0,1,3,0,1,4,0,1,5,6,1,6,2,2
TCGA-BH-A1F6-01,Basal,2,0,1,2,0,1,3,0,1,4,0,1,5,6,1,6,2,2
GTEX-QDVN-0626-SM-2I3FP,Normal_GTEX,1,0,2,1,3,2,1,4,2,1,2,2,2,1,2,3,3,3
GTEX-11GSP-0008-SM-5Q5DM,Normal_GTEX,3,2,2,4,1,0,5,2,3,6,5,4,7,2,0,8,5,5
GTEX-13JVG-0011-R5a-SM-5MR4O,Normal_GTEX,3,1,0,3,2,3,4,3,0,5,4,5,6,3,6,7,4,4
GTEX-14753-0526-SM-5QGPR,Normal_GTEX,1,2,2,1,1,0,1,1,4,1,1,4,2,0,0,2,6,6
GTEX-111FC-3126-SM-5GZZ2,Normal_GTEX,3,1,0,3,2,3,4,3,0,5,4,5,6,3,6,7,4,4
GTEX-X4XY-0008-SM-46MVL,Normal_GTEX,3,2,2,4,1,0,5,1,3,6,1,4,7,0,0,8,5,5
GTEX-11DYG-0926-SM-5EGGW,Normal_GTEX,1,2,2,1,1,0,1,1,4,1,3,0,1,5,0,1,0,0
GTEX-OHPM-0726-SM-3LK7A,Normal_GTEX,1,2,2,1,1,0,1,1,4,1,3,0,1,5,5,1,0,0
TCGA-E2-A1IK-01,LumA,2,0,1,2,0,1,3,0,1,4,0,1,5,6,1,6,2,2
GTEX-1117F-3226-SM-5N9CT,Normal_GTEX,3,1,0,3,2,3,4,3,0,5,4,5,6,3,6,7,4,4
GTEX-13FTY-2826-SM-5J2ML,Normal_GTEX,1,1,0,1,2,3,2,3,0,3,4,5,4,3,6,5,4,4
GTEX-XBEC-1526-SM-4AT68,Normal_GTEX,1,0,2,1,3,2,2,4,2,3,2,2,4,1,2,5,3,3
GTEX-TMMY-1326-SM-4DXU9,Normal_GTEX,1,0,2,1,3,2,2,4,2,3,2,2,4,1,2,5,3,3
GTEX-11XUK-2426-SM-5GU72,Normal_GTEX,1,2,2,1,1,0,1,1,4,1,3,0,1,5,0,1,0,0
TCGA-AR-A24X-01,LumA,2,0,1,2,0,1,3,0,1,4,0,1,5,6,1,6,2,2
GTEX-ZYT6-2726-SM-5GICP,Normal_GTEX,1,0,0,1,3,2,2,3,2,3,4,5,4,3,6,5,4,4
GTEX-13OVG-0226-SM-5LU93,Normal_GTEX,1,0,2,1,3,2,1,4,2,1,2,2,2,1,2,3,3,3
GTEX-131XH-2726-SM-5GCO2,Normal_GTEX,1,2,2,1,1,0,1,1,4,1,1,4,2,0,0,2,6,6
GTEX-11ONC-2726-SM-5N9DZ,Normal_GTEX,1,2,2,1,1,0,1,1,4,1,3,0,1,5,0,1,0,0
GTEX-RM2N-1326-SM-48FCW,Normal_GTEX,1,0,0,1,3,2,2,3,2,3,4,5,4,3,6,5,4,4
GTEX-13JUV-0011-R7b-SM-5LZZG,Normal_GTEX,3,1,0,3,2,3,4,3,0,5,4,5,6,3,6,7,4,4
GTEX-OIZG-1126-SM-2HMIU,Normal_GTEX,1,2,2,1,1,0,1,1,4,1,3,0,2,5,0,2,0,0
GTEX-Y114-0006-SM-4TT76,Normal_GTEX,3,1,0,4,2,3,5,2,3,6,5,4,7,2,4,8,1,1
GTEX-13OVG-0926-SM-5J2OJ,Normal_GTEX,1,2,2,1,1,0,1,1,4,1,3,0,1,5,5,1,0,0
GTEX-145MI-0011-R5a-SM-5Q5B4,Normal_GTEX,3,1,0,3,2,3,4,3,0,5,4,5,6,3,6,7,4,4
GTEX-13JVG-3226-SM-5IJGJ,Normal_GTEX,3,1,0,3,2,3,4,3,0,5,4,5,6,3,6,7,4,4
TCGA-E2-A1IE-01,LumA,2,0,1,2,0,1,3,0,1,4,0,1,5,6,1,6,2,2
TCGA-A7-A2KD-01,LumB,2,0,1,2,0,1,3,0,1,4,0,1,5,6,1,6,2,2
GTEX-WHSE-0011-R11A-SM-3P5YY,Normal_GTEX,3,1,0,3,2,3,4,3,0,5,4,5,6,3,6,7,4,4
GTEX-13JVG-0011-R8a-SM-5KM3E,Normal_GTEX,3,1,0,3,2,3,4,3,0,5,4,5,6,3,6,7,4,4
GTEX-WHWD-0926-SM-4OORY,Normal_GTEX,1,0,2,1,3,2,2,4,2,2,1,3,3,4,3,4,7,7
GTEX-1339X-0626-SM-5IJER,Normal_GTEX,1,0,2,1,3,2,2,4,2,3,2,2,4,1,2,5,3,3
GTEX-13W3W-1226-SM-5LU4H,Normal_GTEX,1,0,2,1,3,2,1,4,2,1,1,0,2,0,5,3,6,6
GTEX-13OVG-1326-SM-5K7Y3,Normal_GTEX,1,2,2,1,1,0,1,1,4,1,2,0,2,0,5,3,6,6
GTEX-13FLW-2126-SM-5N9FD,Normal_GTEX,1,0,0,1,3,2,2,3,2,3,4,5,4,3,6,5,4,4
GTEX-QDT8-0011-R9A-SM-5SI8J,Normal_GTEX,3,1,0,3,2,3,4,3,0,5,4,5,6,3,6,7,4,4
GTEX-ZLV1-2026-SM-5EQMB,Normal_GTEX,1,2,2,1,1,0,1,1,4,1,1,0,2,0,3,3,6,6
GTEX-WY7C-2526-SM-3NB2N,Normal_GTEX,1,2,2,1,1,0,1,1,4,1,1,4,2,0,0,2,6,6
GTEX-WL46-0126-SM-3TW8I,Normal_GTEX,1,0,2,1,3,2,1,4,2,1,2,2,2,1,2,3,3,3
GTEX-13OW5-0011-R6b-SM-5O9BW,Normal_GTEX,3,1,0,3,2,3,4,3,0,5,4,5,6,3,6,7,4,4
GTEX-11NUK-0726-SM-5A5ME,Normal_GTEX,1,2,2,1,1,0,1,1,4,1,3,0,1,5,0,1,0,0
GTEX-145MN-0226-SM-5QGPY,Normal_GTEX,1,2,0,1,1,3,2,1,4,3,2,2,4,1,2,5,3,5
GTEX-111CU-1126-SM-5EGIM,Normal_GTEX,1,0,2,1,3,2,2,4,2,2,1,3,3,4,3,4,7,7
GTEX-ZQUD-2126-SM-51MSY,Normal_GTEX,1,0,2,1,3,1,2,4,1,3,2,1,4,1,3,5,3,2
TCGA-AR-A24T-01,LumA,2,0,1,2,0,1,3,0,1,4,0,1,5,6,1,6,2,2
GTEX-Q734-0726-SM-48TZP,Normal_GTEX,1,2,2,1,1,0,1,1,4,1,3,0,1,5,0,1,5,5
GTEX-OXRO-0011-R9A-SM-3NB1X,Normal_GTEX,3,1,0,3,2,3,4,3,0,5,4,5,6,3,6,7,4,4
GTEX-14BIL-0426-SM-5SIA3,Normal_GTEX,1,2,2,1,1,0,1,1,4,1,1,0,2,0,3,3,6,6
GTEX-UPIC-0626-SM-4IHK2,Normal_GTEX,1,2,2,1,1,0,1,1,4,1,3,0,1,5,5,1,0,0
GTEX-1122O-1426-SM-5H11R,Normal_GTEX,1,2,2,1,1,0,1,1,4,1,3,0,1,5,5,1,0,0
GTEX-U8XE-0126-SM-4E3I3,Normal_GTEX,1,0,0,1,3,2,2,3,2,3,4,5,4,3,6,5,4,4
GTEX-13PL6-0926-SM-5KLYY,Normal_GTEX,1,2,2,1,1,0,1,1,4,1,3,0,2,5,5,3,6,6
GTEX-RU1J-0626-SM-4WAWY,Normal_GTEX,1,0,2,1,3,2,1,4,2,1,1,0,2,6,5,3,2,6
TCGA-BH-A0DZ-11,Normal_TCGA,1,0,1,1,0,1,1,0,1,1,0,1,2,6,1,3,2,2
GTEX-RNOR-2326-SM-2TF4I,Normal_GTEX,3,1,0,3,2,3,4,3,0,5,4,5,6,3,6,7,4,4
GTEX-WL46-2826-SM-3LK81,Normal_GTEX,3,1,0,3,2,3,4,3,0,5,4,5,6,3,6,7,4,4
TCGA-E9-A1N5-11,Normal_TCGA,1,0,1,1,0,1,1,0,1,1,0,1,2,6,1,3,2,2
GTEX-S4UY-1426-SM-4AD6Y,Normal_GTEX,1,2,2,1,1,0,1,1,4,1,3,0,1,5,5,1,0,0
GTEX-YJ89-0011-R1a-SM-4RGLS,Normal_GTEX,3,1,0,3,2,3,4,3,0,5,4,5,6,3,6,7,4,4
GTEX-XUW1-0226-SM-4BOOS,Normal_GTEX,1,2,2,1,1,0,1,1,4,1,3,0,1,5,5,1,0,0
GTEX-12KS4-1526-SM-5EQ6E,Normal_GTEX,1,2,2,1,1,0,1,1,4,1,1,0,2,0,5,3,6,6
GTEX-13NYB-0011-R6b-SM-5MR51,Normal_GTEX,3,1,0,3,2,3,4,3,0,5,4,5,6,3,6,7,4,4
GTEX-11WQK-0011-R8a-SM-5BC7C,Normal_GTEX,3,1,0,3,2,3,4,3,0,5,4,5,6,3,6,7,4,4
GTEX-W5WG-2226-SM-4LMI3,Normal_GTEX,1,2,2,1,1,0,1,1,4,1,3,0,1,5,0,1,0,0
GTEX-ZAB4-2226-SM-5HL97,Normal_GTEX,1,0,2,1,3,2,1,4,2,1,2,2,1,1,2,1,3,3
GTEX-OIZH-3026-SM-3NB1G,Normal_GTEX,1,2,2,1,1,0,1,1,4,1,3,0,1,5,0,1,0,0
GTEX-PX3G-0326-SM-2I3EO,Normal_GTEX,1,2,2,1,1,0,1,1,4,1,3,0,2,5,0,2,0,0
GTEX-ZPIC-1126-SM-5BC7F,Normal_GTEX,1,0,2,1,1,2,1,1,2,1,1,0,2,0,5,3,6,6
GTEX-14DAR-2026-SM-5S2O3,Normal_GTEX,1,0,2,1,3,2,2,4,2,2,1,3,3,4,3,4,7,7
GTEX-WL46-0011-R2A-SM-3LK6O,Normal_GTEX,3,1,0,3,2,3,4,3,0,5,4,5,6,3,6,7,4,4
GTEX-RU72-0011-R8A-SM-2TF61,Normal_GTEX,3,1,0,3,2,3,4,3,0,5,4,5,6,3,6,7,4,4
TCGA-E2-A150-01,Basal,2,0,1,2,0,1,3,0,1,4,0,1,5,6,1,6,2,2
GTEX-12WSN-0826-SM-5GCOF,Normal_GTEX,1,0,2,1,3,2,2,4,2,3,2,2,4,1,2,5,3,3
TCGA-AR-A251-01,Basal,2,0,1,2,0,1,3,0,1,4,0,1,5,6,1,6,2,2
TCGA-BH-A0B1-01,LumA,2,0,1,2,0,1,3,0,1,4,0,1,5,6,1,6,2,2
GTEX-OXRP-0126-SM-48TDI,Normal_GTEX,1,0,2,1,3,2,2,4,2,2,1,3,3,4,3,4,7,7
GTEX-SNOS-0526-SM-4DM54,Normal_GTEX,1,0,2,1,3,2,2,4,2,2,2,2,3,1,2,4,3,3
GTEX-13O3P-1126-SM-5L3FG,Normal_GTEX,1,2,2,1,1,0,1,1,4,1,3,0,1,5,0,1,0,0
GTEX-11P81-0008-SM-5S2OT,Normal_GTEX,3,2,2,4,1,0,5,2,3,6,5,4,7,2,0,8,5,5
GTEX-139D8-2526-SM-5N9G3,Normal_GTEX,1,2,2,1,1,0,1,1,4,1,3,0,1,5,5,1,0,0
GTEX-13N2G-0011-R11a-SM-5MR3F,Normal_GTEX,3,1,0,3,2,3,4,3,0,5,4,5,6,3,6,7,4,4
GTEX-ZAK1-0626-SM-5HL8E,Normal_GTEX,1,0,2,1,3,2,2,4,2,2,1,3,3,4,3,4,7,7
GTEX-12WSM-1426-SM-5GCPA,Normal_GTEX,1,2,2,1,1,0,1,1,4,1,3,0,1,5,5,1,0,0
GTEX-13OW6-3126-SM-5L3IA,Normal_GTEX,1,1,0,1,2,3,2,3,0,3,4,5,4,3,6,5,4,4
GTEX-ZVZQ-0011-R6b-SM-57WAY,Normal_GTEX,3,1,0,3,2,3,4,3,0,5,4,5,6,3,6,7,4,4
GTEX-148VJ-0326-SM-5QGQE,Normal_GTEX,1,2,2,1,1,0,1,1,4,1,1,4,2,0,0,2,6,6
GTEX-12WS9-0826-SM-59HJX,Normal_GTEX,1,2,2,1,1,0,1,1,4,1,3,0,2,5,0,2,0,0
GTEX-ZVT3-0011-R5a-SM-51MSI,Normal_GTEX,3,1,0,3,2,3,4,3,0,5,4,5,6,3,6,7,4,4
GTEX-ZPCL-1726-SM-57WEO,Normal_GTEX,1,0,2,1,3,2,2,4,2,3,2,2,4,1,2,5,3,3
GTEX-REY6-0726-SM-2TF4M,Normal_GTEX,1,2,2,1,1,0,1,1,4,1,3,0,1,5,0,1,0,0
GTEX-XPVG-2026-SM-4B65E,Normal_GTEX,1,0,2,1,3,2,1,4,2,1,2,2,1,1,2,1,3,3
GTEX-U3ZM-0526-SM-4DXTB,Normal_GTEX,1,0,2,1,3,2,2,4,2,2,1,3,3,4,3,4,7,7
GTEX-13112-3126-SM-5IFGP,Normal_GTEX,1,1,0,1,2,3,2,3,0,3,4,5,4,3,6,5,4,4
GTEX-WRHU-2826-SM-3MJG8,Normal_GTEX,1,0,2,1,3,2,2,4,2,2,1,3,3,4,3,4,7,7
GTEX-11NUK-1226-SM-5P9GM,Normal_GTEX,1,0,2,1,3,2,2,4,2,3,2,2,4,1,2,5,3,3
GTEX-11ZVC-0326-SM-5CVLC,Normal_GTEX,1,2,2,1,1,0,1,1,4,1,3,0,1,5,0,1,0,0
GTEX-12ZZZ-3126-SM-5LZU6,Normal_GTEX,3,1,0,3,2,3,4,3,0,5,4,5,6,3,6,7,4,4
TCGA-D8-A1JE-01,LumB,2,0,1,2,0,1,3,0,1,4,0,1,5,6,1,6,2,2
GTEX-145LT-1026-SM-5LU9O,Normal_GTEX,1,0,2,1,3,2,2,4,2,3,2,2,4,1,2,5,3,3
GTEX-OOBK-0005-SM-2YUMG,Normal_GTEX,3,1,0,4,2,3,5,2,3,6,5,4,7,2,4,8,1,1
GTEX-13PLJ-0126-SM-5L3HU,Normal_GTEX,1,2,2,1,1,0,1,1,4,1,1,0,2,0,5,3,6,6
GTEX-YFC4-0926-SM-5S2U7,Normal_GTEX,1,2,2,1,1,0,1,1,4,1,3,0,1,5,0,1,0,0
GTEX-WH7G-1526-SM-4LVMX,Normal_GTEX,1,2,2,1,1,0,1,1,4,1,3,0,1,5,5,1,0,0
GTEX-PLZ5-1526-SM-3P5ZX,Normal_GTEX,1,0,0,1,3,2,2,3,2,3,4,5,4,3,6,5,4,4
GTEX-ZDTS-0826-SM-4WKHL,Normal_GTEX,1,0,2,1,3,2,2,4,2,2,1,3,3,4,3,4,7,7
GTEX-W5WG-1726-SM-4LMI5,Normal_GTEX,1,0,2,1,3,2,2,4,2,3,2,2,4,1,2,5,3,3
TCGA-A2-A0CP-01,LumA,2,0,1,2,0,1,3,0,1,4,0,1,5,6,1,6,2,2
GTEX-RVPU-0011-R4A-SM-5SI8K,Normal_GTEX,3,1,0,3,2,3,4,3,0,5,4,5,6,3,6,7,4,4
GTEX-WXYG-1726-SM-4ONCU,Normal_GTEX,1,2,2,1,1,0,1,1,4,1,3,0,1,5,5,1,0,0
GTEX-SNMC-1626-SM-4DM52,Normal_GTEX,1,2,2,1,1,0,1,1,4,1,1,0,2,0,3,3,6,6
GTEX-13NZA-0011-R10b-SM-5KM54,Normal_GTEX,3,1,0,3,2,3,4,3,0,5,4,5,6,3,6,7,4,4
GTEX-N7MT-0226-SM-48TC3,Normal_GTEX,1,2,2,1,1,0,1,1,4,1,3,0,1,5,5,1,0,0
GTEX-117YX-2326-SM-5H12W,Normal_GTEX,1,0,2,1,3,2,2,4,2,2,1,3,3,4,3,4,7,7
GTEX-14BIL-2926-SM-5SIAF,Normal_GTEX,1,1,0,1,2,3,2,3,0,3,4,5,4,3,6,5,4,4
GTEX-12WSJ-1226-SM-5LU91,Normal_GTEX,1,2,2,1,1,0,1,1,4,1,3,0,1,5,0,1,5,5
GTEX-144FL-0326-SM-5O99O,Normal_GTEX,1,2,2,1,1,0,1,1,4,1,1,4,2,0,0,2,6,6
GTEX-ZAB4-1026-SM-5HL7T,Normal_GTEX,1,2,2,1,1,0,1,1,4,1,3,0,2,5,0,2,0,0
GTEX-XMD1-0011-R5A-SM-4AT47,Normal_GTEX,3,1,0,3,2,3,4,3,0,5,4,5,6,3,6,7,4,4
GTEX-14ABY-0011-R6a-SM-5PNWR,Normal_GTEX,3,1,0,3,2,3,4,3,0,5,4,5,6,3,6,7,4,4
GTEX-145ME-0726-SM-5O9A3,Normal_GTEX,1,2,2,1,1,0,1,1,4,1,3,0,2,5,5,3,0,6
GTEX-YF7O-0426-SM-5P9FS,Normal_GTEX,1,2,2,1,1,0,1,1,4,1,3,0,2,5,0,2,0,0
GTEX-YEC4-0226-SM-4W1YG,Normal_GTEX,1,2,2,1,1,0,1,1,4,1,3,0,2,5,0,2,0,0
TCGA-AC-A2FM-11,Normal_TCGA,1,0,1,1,0,1,1,0,1,1,0,1,2,6,1,3,2,2
GTEX-12ZZY-0726-SM-5EQ66,Normal_GTEX,1,0,2,1,3,2,2,4,2,2,1,3,3,4,3,4,7,7
GTEX-WOFM-1126-SM-4OOSB,Normal_GTEX,1,0,0,1,3,2,2,3,2,3,4,5,4,3,6,5,4,4
GTEX-WWYW-0011-R10A-SM-3NB35,Normal_GTEX,3,1,0,3,2,3,4,3,0,5,4,5,6,3,6,7,4,4
GTEX-R55E-0426-SM-2TC65,Normal_GTEX,1,2,2,1,1,0,1,1,4,1,1,0,2,0,3,3,6,6
GTEX-Y5V6-0008-SM-4V6FV,Normal_GTEX,3,2,2,4,1,0,5,2,3,6,5,4,7,2,0,8,5,5
TCGA-C8-A274-01,LumB,2,0,1,2,0,1,3,0,1,4,0,1,5,6,1,6,2,2
GTEX-14BMV-0126-SM-5S2PO,Normal_GTEX,1,0,2,1,3,2,2,4,2,2,1,3,3,4,3,4,7,7
TCGA-AO-A0JC-01,LumA,2,0,1,2,0,1,3,0,1,4,0,1,5,6,1,6,2,2
GTEX-REY6-0826-SM-2TF4S,Normal_GTEX,1,2,2,1,1,0,1,1,4,1,1,4,2,0,0,2,6,6
GTEX-RWSA-1426-SM-47JXA,Normal_GTEX,1,0,2,1,3,2,2,4,2,3,2,2,4,1,2,5,3,3
GTEX-PVOW-0426-SM-5MR5R,Normal_GTEX,1,2,2,1,1,0,1,1,4,1,3,0,2,5,0,2,0,0
GTEX-T6MN-0011-R2A-SM-32QOW,Normal_GTEX,3,1,0,3,2,3,4,3,0,5,4,5,6,3,6,7,4,4
GTEX-P78B-0626-SM-5S2W4,Normal_GTEX,1,2,2,1,1,0,1,1,4,1,1,0,2,0,3,3,6,6
GTEX-WHSB-0526-SM-4M1XM,Normal_GTEX,1,2,2,1,1,0,1,1,4,1,3,0,1,5,5,1,0,0
GTEX-QCQG-0008-SM-48U2G,Normal_GTEX,3,2,2,4,1,0,5,1,3,6,1,4,7,2,0,8,5,5
GTEX-NL4W-0011-R11A-SM-2I3DW,Normal_GTEX,3,1,0,3,2,3,4,3,0,5,4,5,6,3,6,7,4,4
GTEX-X3Y1-0008-SM-4PR12,Normal_GTEX,3,2,2,4,1,0,5,1,3,6,1,4,7,0,0,8,5,5
GTEX-13O21-0726-SM-5L3EG,Normal_GTEX,1,2,2,1,1,0,1,1,4,1,3,0,1,5,5,1,0,0
GTEX-UPIC-1526-SM-4IHLU,Normal_GTEX,1,2,2,1,1,0,1,1,4,1,3,0,1,5,5,1,0,0
GTEX-ZV68-0326-SM-59HJG,Normal_GTEX,1,2,2,1,1,0,1,1,4,1,1,0,2,0,3,3,6,6
GTEX-11EMC-1426-SM-5N9E4,Normal_GTEX,1,2,2,1,1,0,1,1,4,1,3,0,1,5,5,1,0,0
GTEX-13SLW-0326-SM-5RQK5,Normal_GTEX,1,2,2,1,1,0,1,1,4,1,1,4,2,0,0,2,6,6
GTEX-ZZ64-1326-SM-5E444,Normal_GTEX,1,2,2,1,1,0,1,1,4,1,3,0,1,5,0,1,0,0
GTEX-13O61-2026-SM-5J2M6,Normal_GTEX,1,0,0,1,3,2,2,3,2,3,4,5,4,3,6,5,4,4
GTEX-11ZTS-3026-SM-5EQM7,Normal_GTEX,1,0,2,1,3,2,2,4,2,2,1,3,3,4,3,4,7,7
GTEX-1313W-0011-R3a-SM-5EGLI,Normal_GTEX,3,1,0,3,2,3,4,3,0,5,4,5,6,3,6,7,4,4
GTEX-RU1J-1726-SM-2TF5S,Normal_GTEX,1,2,2,1,1,0,1,1,4,1,1,4,2,0,0,2,6,6
GTEX-11EQ9-2026-SM-5P9JI,Normal_GTEX,1,0,2,1,3,1,2,4,1,3,2,1,4,1,3,5,3,2
GTEX-ZYT6-1326-SM-5E453,Normal_GTEX,1,0,2,1,3,2,2,4,2,3,2,2,4,1,2,5,3,3
GTEX-11WQK-2326-SM-5GU4Z,Normal_GTEX,1,2,2,1,1,0,1,1,4,1,3,0,1,5,5,1,0,0
GTEX-139TT-0326-SM-5IJC3,Normal_GTEX,1,2,2,1,1,0,1,1,4,1,1,0,2,0,3,3,6,6
GTEX-12WSD-0126-SM-59HKN,Normal_GTEX,1,0,2,1,3,2,2,4,2,2,1,3,3,4,3,4,7,7
GTEX-13VXU-0011-R5a-SM-5O9D7,Normal_GTEX,3,1,0,3,2,3,4,3,0,5,4,5,6,3,6,7,4,4
GTEX-146FH-1626-SM-5NQ9H,Normal_GTEX,1,2,2,1,1,0,1,1,4,1,3,0,1,5,5,1,0,0
TCGA-AR-A0U2-01,LumB,2,0,1,2,0,1,3,0,1,4,0,1,5,6,1,6,2,2
GTEX-WH7G-1626-SM-4LVMY,Normal_GTEX,1,0,2,1,3,2,2,4,2,3,2,2,4,1,2,5,3,3
GTEX-WYVS-0726-SM-4ONDO,Normal_GTEX,1,0,2,1,3,2,2,4,2,2,1,3,3,4,3,4,7,7
GTEX-XXEK-0126-SM-4BRVU,Normal_GTEX,1,1,0,1,2,3,2,2,3,3,2,2,4,1,2,5,3,3
GTEX-S4UY-0008-SM-3NM8H,Normal_GTEX,3,2,2,4,1,0,5,2,3,6,5,4,7,2,0,8,5,5
GTEX-N7MT-0126-SM-26GMS,Normal_GTEX,3,2,2,4,1,1,5,2,2,6,5,2,7,2,2,8,1,3
GTEX-X4XY-0526-SM-46MW1,Normal_GTEX,1,2,2,1,1,0,1,1,4,1,3,0,1,5,0,1,0,0
GTEX-WWTW-0008-SM-4MVPE,Normal_GTEX,3,2,2,4,1,0,5,1,3,6,3,4,7,5,0,8,5,5
GTEX-TSE9-0226-SM-3DB84,Normal_GTEX,1,2,2,1,1,0,1,1,4,1,1,0,2,0,5,3,6,6
GTEX-N7MT-0126-SM-26GMB,Normal_GTEX,1,2,2,1,1,2,2,1,2,3,2,2,4,1,2,5,3,3
GTEX-12WSD-0011-R1b-SM-5LZVY,Normal_GTEX,3,1,0,3,2,3,4,3,0,5,4,5,6,3,6,7,4,4
GTEX-P4QT-0226-SM-3LK68,Normal_GTEX,1,2,2,1,1,0,1,1,4,1,1,0,2,0,5,3,6,6
GTEX-P44H-0011-R3A-SM-5SI8A,Normal_GTEX,3,1,0,3,2,3,4,3,0,5,4,5,6,3,6,7,4,4
GTEX-13JVG-0726-SM-5KM16,Normal_GTEX,1,0,2,1,3,2,2,4,2,2,1,3,3,4,3,4,7,7
GTEX-Y5V5-2626-SM-5IFJM,Normal_GTEX,1,2,2,1,1,0,1,1,4,1,1,0,2,0,3,3,6,6
GTEX-P4PP-2026-SM-3P61N,Normal_GTEX,1,0,2,1,3,0,1,4,4,1,3,0,1,5,5,1,5,0
GTEX-XLM4-0226-SM-4AT4N,Normal_GTEX,1,2,2,1,1,0,1,1,4,1,1,0,2,0,5,3,6,6
GTEX-OHPL-0726-SM-3TW8U,Normal_GTEX,1,2,2,1,1,0,1,1,4,1,3,0,1,5,5,1,0,0
GTEX-XBEW-0226-SM-4AT6A,Normal_GTEX,1,0,2,1,3,2,2,4,2,3,2,2,4,1,2,5,3,3
GTEX-TSE9-0011-R10A-SM-3DB7O,Normal_GTEX,3,1,0,3,2,3,4,3,0,5,4,5,6,3,6,7,4,4
GTEX-X638-0003-SM-47JZ1,Normal_GTEX,3,1,0,4,2,3,5,2,3,6,5,4,7,2,4,8,1,1
TCGA-B6-A0IH-01,LumA,2,0,1,2,0,1,3,0,1,4,0,1,5,6,1,6,2,2
GTEX-S341-0008-SM-4AD6D,Normal_GTEX,3,2,2,4,1,0,5,1,3,6,1,4,7,0,0,8,5,5
GTEX-U8XE-0226-SM-4E3J3,Normal_GTEX,1,0,2,1,3,2,2,4,2,2,1,3,3,4,3,4,7,7
GTEX-U3ZM-1126-SM-4DXUB,Normal_GTEX,1,0,2,1,3,2,2,4,2,3,2,2,4,1,2,5,3,3
GTEX-1445S-0011-R6b-SM-5PNUF,Normal_GTEX,3,1,0,3,2,3,4,3,0,5,4,5,6,3,6,7,4,4
GTEX-13OW7-0426-SM-5K7VK,Normal_GTEX,1,0,2,1,3,2,2,4,2,2,1,3,3,4,3,4,7,7
GTEX-QCQG-1226-SM-48U23,Normal_GTEX,1,0,2,1,3,2,2,4,2,2,1,3,3,4,3,4,7,7
GTEX-WXYG-2226-SM-4E3IM,Normal_GTEX,1,0,2,1,3,2,1,4,2,1,1,0,2,0,5,3,6,6
TCGA-EW-A1PB-01,Basal,2,0,1,2,0,1,3,2,1,4,0,1,5,6,1,6,1,2
TCGA-BH-A0E9-01,LumA,2,0,1,2,0,1,3,0,1,4,0,1,5,6,1,6,2,2
GTEX-OOBJ-0926-SM-48TDO,Normal_GTEX,1,1,0,1,2,3,2,4,3,3,2,2,4,1,2,5,3,3
GTEX-11WQC-0008-SM-5SI6R,Normal_GTEX,3,2,2,4,1,0,5,1,3,6,1,4,7,0,0,8,5,5
GTEX-SIU7-0526-SM-3NM8I,Normal_GTEX,1,0,2,1,3,2,2,4,2,3,2,2,4,1,2,5,3,3
GTEX-13G51-1026-SM-5K7YQ,Normal_GTEX,1,2,2,1,1,0,1,1,4,1,3,0,1,5,5,1,0,0
GTEX-ZV68-0011-R2a-SM-4YCDK,Normal_GTEX,3,1,0,3,2,3,4,3,0,5,4,5,6,3,6,7,4,4
TCGA-E9-A1NH-01,LumA,2,0,1,2,0,1,3,0,1,4,0,1,5,6,1,6,2,2
GTEX-11DXX-1026-SM-5H11E,Normal_GTEX,1,2,2,1,1,0,1,1,4,1,3,0,1,5,5,1,0,0
GTEX-XLM4-0011-R9A-SM-4AT45,Normal_GTEX,3,1,0,3,2,3,4,3,0,5,4,5,6,3,6,7,4,4
GTEX-13113-1926-SM-5LZWG,Normal_GTEX,1,0,2,1,3,2,2,4,2,2,1,3,3,4,3,4,7,7
GTEX-13JUV-0011-R11a-SM-5LZYH,Normal_GTEX,3,1,0,3,2,3,4,3,0,5,4,5,6,3,6,7,4,4
GTEX-13OVL-0626-SM-5KM13,Normal_GTEX,1,0,2,1,3,2,2,4,2,3,2,2,4,1,2,5,3,3
TCGA-EW-A2FW-01,LumB,2,0,1,2,0,1,3,0,1,4,0,1,5,6,1,6,2,2
GTEX-UTHO-0006-SM-3NMCC,Normal_GTEX,3,1,0,4,2,3,5,2,3,6,5,4,7,2,4,8,1,1
TCGA-A2-A04Y-01,LumB,2,0,1,2,0,1,3,0,1,4,0,1,5,6,1,6,2,2
GTEX-ZYW4-0926-SM-59HJS,Normal_GTEX,1,2,2,1,1,0,1,1,4,1,3,0,2,5,0,2,0,0
GTEX-139D8-1626-SM-5IJFZ,Normal_GTEX,1,2,2,1,1,0,1,1,4,1,1,0,2,0,5,3,6,6
GTEX-131YS-3226-SM-5IFGV,Normal_GTEX,1,1,0,1,2,3,2,3,0,3,4,5,4,3,6,5,4,4
GTEX-S7PM-0426-SM-3NM91,Normal_GTEX,1,2,2,1,1,0,1,1,4,1,1,0,1,5,0,1,0,0
GTEX-QEL4-0326-SM-3GAE5,Normal_GTEX,1,2,2,1,1,0,1,1,4,1,1,0,2,0,5,3,6,6
GTEX-1339X-2726-SM-5PNYU,Normal_GTEX,1,2,2,1,1,0,1,1,4,1,1,0,2,0,3,3,6,6
GTEX-ZPCL-1126-SM-4WWFE,Normal_GTEX,1,0,2,1,3,2,2,4,2,2,1,3,3,4,3,4,7,7
TCGA-A7-A3IY-01,LumA,2,0,1,2,0,1,3,0,1,4,0,1,5,6,1,6,2,2
GTEX-XXEK-1126-SM-4BRUX,Normal_GTEX,1,0,2,1,3,2,2,4,2,3,2,2,4,1,2,5,3,3
GTEX-NFK9-1726-SM-3TW8P,Normal_GTEX,1,2,0,1,1,3,2,1,4,3,2,2,4,1,2,5,5,5
GTEX-ZDYS-2426-SM-4WKGI,Normal_GTEX,1,0,2,1,3,2,2,4,2,2,1,3,3,4,3,4,7,7
GTEX-131XE-2526-SM-5EQ57,Normal_GTEX,1,2,2,1,1,0,1,1,4,1,1,0,2,0,3,3,6,6
TCGA-AO-A0J8-01,LumA,2,0,1,2,0,1,3,0,1,4,0,1,5,6,1,6,2,2
GTEX-S7PM-0011-R5A-SM-3NM8G,Normal_GTEX,3,1,0,3,2,3,4,3,0,5,4,5,6,3,6,7,4,4
GTEX-W5WG-2526-SM-4SOJ2,Normal_GTEX,1,2,2,1,1,0,1,1,4,1,1,0,2,0,5,3,6,6
GTEX-XQ3S-0526-SM-4BOQA,Normal_GTEX,1,2,2,1,1,0,1,1,4,1,3,0,2,5,0,2,0,0
GTEX-ZVT4-1326-SM-5NQ8E,Normal_GTEX,1,2,2,1,1,0,1,1,4,1,3,0,2,5,0,2,0,0
GTEX-146FH-0226-SM-5QGPQ,Normal_GTEX,1,2,2,1,1,0,1,1,4,1,1,0,2,0,5,3,6,6
GTEX-13OVG-0626-SM-5IFEP,Normal_GTEX,1,0,2,1,3,2,2,4,2,2,1,3,3,4,3,4,7,7
GTEX-ZDYS-1726-SM-5HL4Y,Normal_GTEX,1,2,2,1,1,0,1,1,4,1,1,4,2,0,0,2,6,6
GTEX-13OVJ-0326-SM-5L3GL,Normal_GTEX,1,2,2,1,1,0,1,1,4,1,1,0,2,0,5,3,6,6
GTEX-WWYW-1326-SM-3NB2S,Normal_GTEX,1,2,2,1,1,0,1,1,4,1,3,0,2,5,0,2,0,0
GTEX-13FXS-0011-R1a-SM-5K7U6,Normal_GTEX,3,1,0,3,2,3,4,3,0,5,4,5,6,3,6,7,4,4
GTEX-13QBU-0326-SM-5LU3F,Normal_GTEX,1,2,2,1,1,0,1,1,4,1,3,0,1,5,0,1,0,0
GTEX-144GL-0011-R11b-SM-5P9F6,Normal_GTEX,3,1,0,3,2,3,4,3,0,5,4,5,6,3,6,7,4,4
GTEX-146FH-0126-SM-5QGPP,Normal_GTEX,1,0,2,1,3,2,2,4,2,2,1,3,3,4,3,4,7,7
GTEX-ZP4G-0006-SM-4WWE6,Normal_GTEX,3,1,0,4,2,3,5,2,3,6,5,4,7,2,4,8,1,1
TCGA-BH-A0DQ-11,Normal_TCGA,1,0,1,1,0,1,1,0,1,1,0,1,2,6,1,3,2,2
GTEX-WHPG-1026-SM-3NMBA,Normal_GTEX,1,2,2,1,1,0,1,1,4,1,3,0,2,5,0,2,0,0
GTEX-P4QS-0926-SM-48TBS,Normal_GTEX,1,1,0,1,2,3,2,4,3,3,2,2,4,1,2,5,3,3
GTEX-ZTSS-1926-SM-57WEW,Normal_GTEX,1,0,2,1,3,2,2,4,2,2,1,3,3,4,3,4,7,7
GTEX-11NSD-1726-SM-5N9C3,Normal_GTEX,1,0,2,1,3,2,2,4,2,3,2,2,4,1,2,5,3,3
GTEX-RTLS-0326-SM-2TF6A,Normal_GTEX,1,2,2,1,1,0,1,1,4,1,1,0,2,0,3,3,6,6
GTEX-T2YK-2226-SM-32QPT,Normal_GTEX,1,0,2,1,3,2,1,4,2,1,2,0,2,0,5,3,6,6
GTEX-X4XX-0011-R5A-SM-46MWN,Normal_GTEX,3,1,0,3,2,3,4,3,0,5,4,5,6,3,6,7,4,4
GTEX-YBZK-0226-SM-59HLO,Normal_GTEX,1,2,2,1,1,0,1,1,4,1,3,0,1,0,0,1,6,0
GTEX-XUZC-2126-SM-4BRW8,Normal_GTEX,1,2,2,1,1,0,1,1,4,1,1,4,2,0,0,2,6,6
GTEX-YB5K-0003-SM-4VDSN,Normal_GTEX,3,1,0,4,2,3,5,2,3,6,5,4,7,2,4,8,1,1
GTEX-148VI-1226-SM-5RQJR,Normal_GTEX,1,2,2,1,1,0,1,1,4,1,3,0,1,5,5,1,0,0
GTEX-XQ3S-0006-SM-4BOQ4,Normal_GTEX,3,1,0,4,2,3,5,2,3,6,5,4,7,2,4,8,1,1
GTEX-X5EB-0826-SM-46MVS,Normal_GTEX,1,2,2,1,1,0,1,2,4,1,5,4,1,2,0,1,5,5
TCGA-AO-A12E-01,LumA,2,0,1,2,0,1,3,0,1,4,0,1,5,6,1,6,2,2
GTEX-133LE-2226-SM-5IFGU,Normal_GTEX,1,2,2,1,1,0,1,1,4,1,3,0,1,5,0,1,0,0
GTEX-ZVT2-0626-SM-5GICR,Normal_GTEX,1,0,2,1,3,2,2,4,2,2,1,3,3,4,3,4,7,7
TCGA-A2-A1G0-01,LumA,2,0,1,2,0,1,3,0,1,4,0,1,5,6,1,6,2,2
GTEX-QESD-0008-SM-447B2,Normal_GTEX,3,2,2,4,1,0,5,1,3,6,1,4,7,0,0,8,5,5
GTEX-145LU-0011-R9b-SM-5SI66,Normal_GTEX,3,1,0,3,2,3,4,3,0,5,4,5,6,3,6,7,4,4
GTEX-U412-0326-SM-5DUVP,Normal_GTEX,1,2,2,1,1,0,1,1,4,1,1,4,2,0,0,2,6,6
GTEX-13OW6-0011-R2a-SM-5L3HG,Normal_GTEX,3,1,0,3,2,3,4,3,0,5,4,5,6,3,6,7,4,4
GTEX-14DAQ-3026-SM-5S2QZ,Normal_GTEX,3,1,0,3,2,3,4,3,0,5,4,5,6,3,6,7,4,4
TCGA-BH-A0DG-01,LumA,2,0,1,2,0,1,3,0,1,4,0,1,5,6,1,6,2,2
TCGA-E2-A1IO-01,LumA,2,0,1,2,0,1,3,0,1,4,0,1,5,6,1,6,2,2
GTEX-1399U-2426-SM-5K7XB,Normal_GTEX,1,2,2,1,1,0,1,1,4,1,1,0,2,0,5,3,6,6
GTEX-ZT9W-2426-SM-57WFJ,Normal_GTEX,1,2,2,1,1,0,1,1,4,1,1,0,2,0,5,3,6,6
GTEX-1399R-0926-SM-5J2N8,Normal_GTEX,1,2,2,1,1,0,1,1,4,1,3,0,1,5,5,1,0,0
GTEX-WHWD-1426-SM-4OORU,Normal_GTEX,1,0,2,1,3,2,2,4,2,3,2,2,4,1,2,5,3,3
GTEX-13FHO-0011-R1b-SM-5KLZG,Normal_GTEX,3,1,0,3,2,3,4,3,0,5,4,5,6,3,6,7,4,4
GTEX-131XE-0826-SM-5HL9W,Normal_GTEX,1,0,2,1,3,2,2,4,2,3,2,2,4,1,2,5,3,3
GTEX-13N1W-0011-R4a-SM-5MR52,Normal_GTEX,3,1,0,3,2,3,4,3,0,5,4,5,6,3,6,7,4,4
TCGA-D8-A1XZ-01,LumB,2,0,1,2,0,1,3,0,1,4,0,1,5,6,1,6,2,2
GTEX-ZTX8-0726-SM-59HL9,Normal_GTEX,1,2,2,1,1,0,1,1,4,1,3,0,2,5,5,3,0,6
GTEX-ZVT3-0006-SM-51MT9,Normal_GTEX,3,1,0,4,2,3,5,2,3,6,5,4,7,2,4,8,1,1
GTEX-X4EP-0011-R1A-SM-3P624,Normal_GTEX,3,1,0,3,2,3,4,3,0,5,4,5,6,3,6,7,4,4
TCGA-AR-A0TY-01,LumB,2,0,1,2,0,1,3,0,1,4,0,1,5,6,1,6,2,2
GTEX-111CU-1026-SM-5EGIL,Normal_GTEX,1,2,2,1,1,0,1,1,4,1,2,0,2,0,5,3,6,6
TCGA-A2-A0SW-01,LumB,2,0,1,2,0,1,3,0,1,4,0,1,5,6,1,6,2,2
GTEX-R55E-1026-SM-2TC5S,Normal_GTEX,1,2,2,1,1,0,1,1,4,1,3,0,2,5,0,2,0,0
GTEX-12WS9-0011-R4b-SM-5P9EU,Normal_GTEX,3,1,0,3,2,3,4,3,0,5,4,5,6,3,6,7,4,4
GTEX-13RTJ-0011-R10b-SM-5O9CW,Normal_GTEX,3,1,0,3,2,3,4,3,0,5,4,5,6,3,6,7,4,4
TCGA-D8-A1X6-01,LumB,2,0,1,2,0,1,3,0,1,4,0,1,5,6,1,6,2,2
GTEX-13S7M-0011-R6b-SM-5O9D8,Normal_GTEX,3,1,0,3,2,3,4,3,0,5,4,5,6,3,6,7,4,4
GTEX-13NYS-1626-SM-5J2MU,Normal_GTEX,1,0,2,1,3,2,2,4,2,3,2,2,4,1,2,5,3,3
GTEX-TKQ2-0004-SM-3NMAC,Normal_GTEX,3,1,0,4,2,3,5,2,3,6,5,4,7,2,4,8,1,1
TCGA-BH-A18U-11,Normal_TCGA,1,0,1,1,0,1,1,0,1,1,0,1,2,6,1,3,2,2
GTEX-RUSQ-0003-SM-2XCEB,Normal_GTEX,3,1,0,4,2,3,5,3,3,6,4,4,7,3,4,8,4,1
GTEX-XQ3S-1026-SM-4BOPJ,Normal_GTEX,1,2,2,1,1,0,1,1,4,1,3,0,1,5,5,1,0,0
GTEX-S32W-0126-SM-4AD61,Normal_GTEX,1,1,0,1,2,3,2,3,4,3,2,2,4,1,2,5,5,5
GTEX-ZTSS-0926-SM-59865,Normal_GTEX,1,0,2,1,3,2,2,4,2,3,2,2,4,1,2,5,3,3
GTEX-X4EO-0126-SM-3P5YN,Normal_GTEX,1,2,2,1,3,0,1,4,4,1,1,0,2,0,3,3,6,6
GTEX-13O3O-0011-R6b-SM-5P9GY,Normal_GTEX,3,1,0,3,2,3,4,3,0,5,4,5,6,3,6,7,4,4
GTEX-Q2AI-1326-SM-2S1PL,Normal_GTEX,1,0,2,1,3,2,2,4,2,2,1,3,3,4,3,4,7,7
TCGA-EW-A1OX-01,LumB,2,0,1,2,0,1,3,0,1,4,0,1,5,6,1,6,2,2
GTEX-12WSH-0011-R9b-SM-5LZUG,Normal_GTEX,3,1,0,3,2,3,4,3,0,5,4,5,6,3,6,7,4,4
GTEX-ZVE2-0326-SM-57WFC,Normal_GTEX,1,2,2,1,1,0,1,1,4,1,1,0,2,0,5,3,6,6
GTEX-S32W-0326-SM-2XCBI,Normal_GTEX,1,0,2,1,3,2,2,4,2,3,2,2,4,1,2,5,3,3
GTEX-ZF2S-0326-SM-4WKGD,Normal_GTEX,1,1,0,1,2,3,2,4,3,3,2,2,4,1,2,5,3,3
GTEX-UTHO-2426-SM-4JBHD,Normal_GTEX,1,0,2,1,3,2,2,4,2,3,2,2,4,1,2,5,3,3
GTEX-WYBS-0008-SM-4ONDX,Normal_GTEX,3,2,2,4,1,0,5,2,3,6,5,4,7,2,0,8,5,5
GTEX-Y5LM-1826-SM-4VDT9,Normal_GTEX,1,0,2,1,3,2,2,4,2,2,1,3,3,4,3,4,7,7
GTEX-11NUK-1026-SM-5HL5J,Normal_GTEX,1,0,2,1,3,2,1,4,2,1,2,2,2,1,2,3,3,3
GTEX-YJ8O-2826-SM-5CVM4,Normal_GTEX,1,2,2,1,1,0,1,1,4,1,1,4,2,0,0,2,6,6
GTEX-ZA64-1426-SM-5CVMC,Normal_GTEX,1,2,2,1,1,0,1,1,4,1,3,0,1,5,5,1,0,0
TCGA-BH-A0HW-01,LumB,2,0,1,2,0,1,3,0,1,4,0,1,5,6,1,6,2,2
GTEX-12126-1026-SM-5P9JJ,Normal_GTEX,3,1,0,3,2,3,4,3,0,5,4,5,6,3,6,7,4,4
TCGA-BH-A0BP-01,LumA,2,0,1,2,0,1,3,0,1,4,0,1,5,6,1,6,2,2
GTEX-WZTO-1126-SM-3NM93,Normal_GTEX,1,2,2,1,1,0,1,1,4,1,3,0,1,5,0,1,0,0
GTEX-WHSE-1626-SM-4M1XL,Normal_GTEX,1,2,2,1,1,0,1,1,4,1,3,0,1,5,5,1,0,0
GTEX-X5EB-0426-SM-46MVY,Normal_GTEX,1,0,2,1,3,2,2,4,2,3,2,2,4,1,2,5,3,3
GTEX-ZVT2-1326-SM-5E45H,Normal_GTEX,1,0,2,1,3,2,2,4,2,2,1,3,3,4,3,4,7,7
GTEX-147JS-1026-SM-5S2MP,Normal_GTEX,1,2,2,1,1,0,1,1,4,1,3,0,2,0,5,3,6,6
GTEX-ZVE1-0726-SM-51MRN,Normal_GTEX,1,0,2,1,3,2,2,4,2,2,1,3,3,4,3,4,7,7
GTEX-WXYG-0126-SM-4OND7,Normal_GTEX,1,1,0,1,2,3,2,4,3,3,2,2,4,1,2,5,3,3
GTEX-QEL4-2126-SM-447AE,Normal_GTEX,1,0,2,1,3,2,1,4,2,1,2,0,2,1,5,3,3,6
GTEX-145MO-3126-SM-5S2RT,Normal_GTEX,1,1,0,1,2,3,2,3,0,3,4,5,4,3,6,5,4,4
GTEX-WWYW-3126-SM-3NB39,Normal_GTEX,3,1,0,3,2,3,4,3,0,5,4,5,6,3,6,7,4,4
GTEX-11LCK-1226-SM-5Q5AM,Normal_GTEX,1,2,2,1,1,0,1,1,4,1,1,4,2,0,0,2,6,6
GTEX-XBED-1626-SM-47JYN,Normal_GTEX,1,0,2,1,3,2,1,4,2,1,2,0,2,0,5,3,3,6
GTEX-13CF2-0011-R5a-SM-5LZWS,Normal_GTEX,3,1,0,3,2,3,4,3,0,5,4,5,6,3,6,7,4,4
GTEX-13O3P-1426-SM-5L3DT,Normal_GTEX,1,2,2,1,1,0,1,1,4,1,3,0,2,5,0,2,0,0
GTEX-ZV68-0008-SM-4YCCV,Normal_GTEX,3,2,2,4,1,0,5,1,3,6,3,4,7,2,0,8,5,5
GTEX-VUSG-0426-SM-3GIKD,Normal_GTEX,1,0,2,1,3,2,1,4,2,1,2,2,2,1,2,3,3,3
GTEX-14BMV-2326-SM-5RQJ4,Normal_GTEX,1,0,2,1,3,2,1,4,2,1,2,2,1,1,2,1,3,3
GTEX-11TT1-0005-SM-5NQ8Y,Normal_GTEX,3,1,0,4,2,3,5,2,3,6,5,4,7,2,4,8,1,1
GTEX-12WSG-0326-SM-5FQU3,Normal_GTEX,1,0,2,1,3,2,2,4,2,3,2,2,4,1,2,5,3,3
GTEX-QEG4-0626-SM-2S1OY,Normal_GTEX,1,2,2,1,1,0,1,1,4,1,1,4,2,0,0,2,6,6
GTEX-13VXU-2926-SM-5LU5C,Normal_GTEX,3,1,0,3,2,3,4,3,0,5,4,5,6,3,6,7,4,4
GTEX-145LU-0526-SM-5O9AT,Normal_GTEX,1,0,2,1,3,2,2,4,2,3,2,2,4,1,2,5,3,3
GTEX-131XE-2426-SM-5EQ5V,Normal_GTEX,1,2,2,1,1,0,1,1,4,1,1,0,2,0,5,3,6,6
GTEX-ZAB4-0011-R8b-SM-4SOKF,Normal_GTEX,3,1,0,3,2,3,4,3,0,5,4,5,6,3,6,7,4,4
GTEX-13OVJ-0926-SM-5K7U1,Normal_GTEX,1,2,2,1,1,0,1,1,4,1,1,0,2,0,5,3,6,6
GTEX-XQ3S-0126-SM-4BOO9,Normal_GTEX,1,2,2,1,1,0,1,1,4,1,3,0,1,5,0,1,0,0
GTEX-11DXZ-0726-SM-5N9C4,Normal_GTEX,1,0,2,1,3,2,2,4,2,3,2,2,4,1,2,5,3,3
GTEX-13NYB-3026-SM-5IJD7,Normal_GTEX,3,1,0,3,2,3,4,3,0,5,4,5,6,3,6,7,4,4
GTEX-131XE-1226-SM-5EGKF,Normal_GTEX,1,2,2,1,1,0,1,1,4,1,3,0,1,5,5,1,0,0
GTEX-WEY5-2126-SM-3GILK,Normal_GTEX,1,2,2,1,1,0,1,1,4,1,3,0,1,5,0,1,0,0
GTEX-ZDTT-0006-SM-4WKFP,Normal_GTEX,3,1,0,4,2,3,5,2,3,6,5,4,7,2,4,8,1,1
GTEX-113JC-0008-SM-5QGR6,Normal_GTEX,3,2,2,4,1,0,5,1,3,6,5,4,7,2,0,8,5,5
GTEX-13111-1926-SM-5GCOL,Normal_GTEX,1,2,2,1,1,0,1,1,4,1,3,0,1,5,5,1,0,0
GTEX-ZV6S-0226-SM-59HJT,Normal_GTEX,1,0,2,1,3,2,1,4,2,1,2,2,2,1,2,3,3,3
GTEX-11NSD-0426-SM-5N9CR,Normal_GTEX,1,1,0,1,2,3,2,4,3,3,2,2,4,1,2,5,3,3
GTEX-13PVQ-1026-SM-5KM3M,Normal_GTEX,1,2,2,1,1,0,1,1,4,1,1,0,2,0,5,3,6,6
GTEX-QCQG-0126-SM-48U27,Normal_GTEX,1,2,0,1,1,3,2,1,4,3,2,2,4,1,2,5,5,5
TCGA-AO-A03T-01,Normal,2,0,1,2,0,1,3,0,1,4,0,1,5,6,1,6,2,2
TCGA-E2-A15M-11,Normal_TCGA,1,0,1,1,0,1,1,0,1,1,0,1,2,6,1,3,2,2
GTEX-132NY-0726-SM-5KLZM,Normal_GTEX,1,2,2,1,1,0,1,1,4,1,1,4,2,0,0,2,6,6
GTEX-11ZTS-1426-SM-5EQMM,Normal_GTEX,1,0,2,1,3,2,2,4,2,3,2,2,4,1,2,5,3,3
TCGA-B6-A1KF-01,Basal,2,0,1,2,0,1,3,0,1,4,0,1,5,6,1,6,2,2
TCGA-D8-A1Y3-01,LumB,2,0,1,2,0,1,3,0,1,4,0,1,5,6,1,6,2,2
GTEX-ZVZQ-0008-SM-51MSK,Normal_GTEX,3,2,2,4,1,0,5,2,3,6,5,4,7,2,0,8,5,5
GTEX-11DXZ-0526-SM-5GU7J,Normal_GTEX,1,2,2,1,1,0,1,1,4,1,3,0,1,5,0,1,0,0
GTEX-OHPN-0226-SM-48TBV,Normal_GTEX,1,2,2,1,1,0,1,1,4,1,1,0,2,0,5,3,6,6
GTEX-Y114-2726-SM-4TT9B,Normal_GTEX,1,2,2,1,1,0,1,1,4,1,3,0,1,5,0,1,0,0
GTEX-12WSG-0226-SM-5EGIF,Normal_GTEX,1,0,2,1,3,2,1,4,2,1,2,2,2,1,2,3,3,3
GTEX-ZZPU-1426-SM-5GZZ6,Normal_GTEX,1,0,2,1,3,2,2,4,2,3,2,2,4,1,2,5,3,3
TCGA-A8-A0A2-01,LumA,2,0,1,2,0,1,3,0,1,4,0,1,5,6,1,6,2,2
GTEX-SNOS-0008-SM-4DM6I,Normal_GTEX,3,2,2,4,3,0,5,4,3,6,1,4,7,4,0,8,5,5
GTEX-13CIG-0011-R8b-SM-5LZX5,Normal_GTEX,3,1,0,3,2,3,4,3,0,5,4,5,6,3,6,7,4,4
GTEX-YJ8A-0826-SM-5Q5A7,Normal_GTEX,1,2,2,1,1,0,1,1,4,1,3,0,1,5,0,1,0,0
GTEX-UTHO-0011-R5A-SM-3GIJD,Normal_GTEX,3,1,0,3,2,3,4,3,0,5,4,5,6,3,6,7,4,4
GTEX-ZF2S-1426-SM-57WET,Normal_GTEX,1,0,2,1,3,2,2,4,2,3,2,2,4,1,2,5,3,3
GTEX-13O3O-0011-R8b-SM-5LUAL,Normal_GTEX,3,1,0,3,2,3,4,3,0,5,4,5,6,3,6,7,4,4
GTEX-S4P3-1626-SM-3K2AZ,Normal_GTEX,1,2,2,1,1,0,1,1,4,1,1,4,2,0,0,2,6,6
GTEX-XMD1-0006-SM-4AT4Q,Normal_GTEX,3,1,2,4,2,3,5,2,2,6,5,2,7,2,2,8,1,3
GTEX-VJWN-0626-SM-3NMAN,Normal_GTEX,1,2,2,1,1,0,1,1,4,1,1,0,1,0,0,1,6,0
GTEX-11NV4-2026-SM-5N9DG,Normal_GTEX,1,2,2,1,1,0,1,1,4,1,1,0,2,0,5,3,6,6
GTEX-11DZ1-0126-SM-5985Q,Normal_GTEX,1,0,2,1,3,2,2,4,2,2,1,3,3,4,3,4,7,7
GTEX-W5WG-2326-SM-3GIJH,Normal_GTEX,1,2,2,1,1,0,1,1,4,1,1,0,2,0,3,3,6,6
GTEX-QV44-0926-SM-2S1RH,Normal_GTEX,1,0,2,1,3,2,2,4,2,3,2,2,4,1,2,5,3,3
GTEX-X4XX-0011-R3B-SM-46MWK,Normal_GTEX,3,1,0,3,2,3,4,3,0,5,4,5,6,3,6,7,4,4
GTEX-NPJ7-0011-R2a-SM-2I3GF,Normal_GTEX,3,1,0,3,2,3,4,3,0,5,4,5,6,3,6,7,4,4
GTEX-YB5K-2226-SM-4WWG1,Normal_GTEX,1,2,2,1,1,0,1,1,4,1,1,0,2,0,5,3,6,6
TCGA-B6-A1KC-01,LumB,2,1,1,2,0,1,3,0,1,4,0,1,5,6,1,6,2,2
GTEX-ZY6K-0826-SM-5A5L7,Normal_GTEX,1,2,2,1,1,0,1,1,4,1,3,0,1,5,5,1,0,0
GTEX-13W3W-2226-SM-5LU4M,Normal_GTEX,1,0,2,1,3,2,2,4,2,3,2,2,4,1,2,5,3,3
GTEX-ZVT2-1826-SM-5NQ8W,Normal_GTEX,1,0,2,1,3,2,1,4,2,1,3,0,2,5,5,3,0,6
GTEX-ZYWO-2226-SM-5GZXR,Normal_GTEX,1,0,2,1,3,2,2,4,2,2,1,3,3,4,3,4,7,7
GTEX-ZE9C-0011-R3a-SM-4WKGT,Normal_GTEX,3,1,0,3,2,3,4,3,0,5,4,5,6,3,6,7,4,4
GTEX-WQUQ-1926-SM-4OOSA,Normal_GTEX,1,0,2,1,3,2,2,4,2,3,2,2,4,1,2,5,3,3
GTEX-13OVG-0726-SM-5IJBY,Normal_GTEX,1,2,2,1,1,0,1,1,4,1,3,0,1,0,0,1,6,0
GTEX-ZYWO-2026-SM-5GIDA,Normal_GTEX,1,2,2,1,1,0,1,1,4,1,1,0,1,5,3,1,0,7
GTEX-U8T8-0426-SM-3DB8X,Normal_GTEX,1,2,2,1,1,0,1,1,4,1,1,0,2,0,3,3,6,6
GTEX-13OW5-0626-SM-5J2N2,Normal_GTEX,1,0,2,1,3,2,1,4,2,1,2,2,2,1,2,3,3,3
GTEX-132NY-0526-SM-5EQ4V,Normal_GTEX,1,2,2,1,1,0,1,1,4,1,1,0,2,0,3,3,6,6
GTEX-UJMC-0426-SM-4IHJF,Normal_GTEX,1,2,2,1,1,0,1,1,4,1,3,0,1,5,0,1,0,0
GTEX-13QJC-0011-R8b-SM-5S2U6,Normal_GTEX,3,1,0,3,2,3,4,3,0,5,4,5,6,3,6,7,4,4
GTEX-12WS9-0011-R3a-SM-5CVNF,Normal_GTEX,3,1,0,3,2,3,4,3,0,5,4,5,6,3,6,7,4,4
GTEX-11DXX-1326-SM-5GIDZ,Normal_GTEX,1,0,2,1,3,2,2,4,2,3,2,2,4,1,2,5,3,3
GTEX-XV7Q-0226-SM-4BRVL,Normal_GTEX,1,1,2,1,2,3,2,1,4,3,2,2,4,1,2,5,5,5
GTEX-QLQW-1326-SM-2S1QS,Normal_GTEX,1,2,2,1,1,0,1,1,4,1,1,4,2,0,0,2,6,6
GTEX-13SLW-2826-SM-5Q5ES,Normal_GTEX,1,2,2,1,1,0,1,1,4,1,3,0,1,5,5,1,0,0
GTEX-TSE9-1326-SM-5CHR5,Normal_GTEX,3,1,0,4,2,3,5,2,3,6,5,4,7,2,4,8,1,1
GTEX-ZUA1-0011-R6b-SM-4YCDD,Normal_GTEX,3,1,0,3,2,3,4,3,0,5,4,5,6,3,6,7,4,4
GTEX-1128S-1626-SM-5H12O,Normal_GTEX,1,0,2,1,3,2,2,4,2,3,2,2,4,1,2,5,3,3
GTEX-OHPK-0426-SM-3MJH3,Normal_GTEX,1,2,2,1,1,0,1,1,4,1,3,0,1,5,0,1,0,0
GTEX-ZDTS-1426-SM-5K7WC,Normal_GTEX,1,2,2,1,1,0,1,1,4,1,3,0,1,5,0,1,0,0
GTEX-UJHI-1426-SM-3DB9C,Normal_GTEX,1,0,2,1,1,2,1,1,2,1,1,0,2,0,5,3,6,6
GTEX-11NV4-1326-SM-5HL6V,Normal_GTEX,1,0,2,1,3,2,2,4,2,3,2,2,4,1,2,5,3,3
GTEX-14AS3-1126-SM-5Q5CR,Normal_GTEX,1,2,2,1,1,0,1,1,4,1,3,0,1,5,5,1,0,0
GTEX-132QS-0726-SM-5IJE9,Normal_GTEX,1,0,2,1,3,2,2,4,2,3,2,2,4,1,2,5,3,3
GTEX-13OW6-1626-SM-5IJD5,Normal_GTEX,1,2,2,1,1,0,1,1,4,1,3,0,1,5,5,1,0,0
GTEX-P4QS-1726-SM-3NB1V,Normal_GTEX,1,2,2,1,1,0,1,1,4,1,1,0,2,0,3,3,6,6
GTEX-YB5E-0426-SM-5IFHR,Normal_GTEX,1,1,0,1,2,3,2,4,3,3,2,2,4,1,2,5,3,3
GTEX-ZLFU-0526-SM-4WWBN,Normal_GTEX,1,1,0,1,2,3,2,4,3,3,2,2,4,1,2,5,3,3
GTEX-11P81-2426-SM-5GU65,Normal_GTEX,1,2,2,1,1,0,1,1,4,1,1,0,2,0,5,3,6,6
TCGA-D8-A1JT-01,LumB,2,0,1,2,0,1,3,0,1,4,0,1,5,6,1,6,2,2
GTEX-Q2AI-0926-SM-48U1F,Normal_GTEX,1,0,2,1,3,2,2,4,2,3,2,2,4,1,2,5,3,3
GTEX-ZLWG-0008-SM-4E3J4,Normal_GTEX,3,2,2,4,1,0,5,1,3,6,1,4,7,2,0,8,5,5
TCGA-A2-A04P-01,Basal,2,0,1,2,0,1,3,0,1,4,0,1,5,6,1,6,2,2
GTEX-ZE9C-1326-SM-5S2OW,Normal_GTEX,1,2,2,1,1,0,1,1,4,1,1,0,2,0,5,3,6,6
TCGA-BH-A18K-01,LumA,2,0,1,2,0,1,3,0,1,4,0,1,5,6,1,6,2,2
GTEX-WHPG-2226-SM-3NMBO,Normal_GTEX,1,2,2,1,1,0,1,1,4,1,1,4,2,0,0,2,6,6
GTEX-Y9LG-1926-SM-5IFHY,Normal_GTEX,1,2,2,1,1,0,1,1,4,1,1,4,2,0,0,2,6,6
GTEX-WWTW-0002-SM-4MVNH,Normal_GTEX,3,1,0,4,2,3,5,2,3,6,5,4,7,2,4,8,1,1
GTEX-SNOS-1226-SM-4DM5H,Normal_GTEX,1,0,2,1,3,2,2,4,2,3,2,2,4,1,2,5,3,3
GTEX-13PVQ-0011-R7a-SM-5L3G3,Normal_GTEX,3,1,0,3,2,3,4,3,0,5,4,5,6,3,6,7,4,4
GTEX-13NYS-0011-R3b-SM-5MR41,Normal_GTEX,3,1,0,3,2,3,4,3,0,5,4,5,6,3,6,7,4,4
GTEX-T8EM-1226-SM-4DM5J,Normal_GTEX,1,0,2,1,3,2,2,4,2,3,2,2,4,1,2,5,3,3
GTEX-U8XE-1526-SM-4E3HT,Normal_GTEX,1,0,2,1,3,2,2,4,2,3,2,2,4,1,2,5,3,3
GTEX-13OW5-0826-SM-5J1NE,Normal_GTEX,1,2,2,1,1,0,1,1,4,1,3,0,1,5,0,1,0,0
GTEX-ZYT6-1126-SM-5GZYR,Normal_GTEX,1,0,2,1,3,2,2,4,2,2,1,3,3,4,3,4,7,7
GTEX-XOTO-0526-SM-4B662,Normal_GTEX,1,2,2,1,1,0,1,1,4,1,1,4,2,0,0,2,6,6
TCGA-BH-A18Q-11,Normal_TCGA,1,0,1,1,0,1,1,0,1,1,0,1,2,6,1,3,2,2
GTEX-WXYG-0826-SM-4ONC7,Normal_GTEX,1,0,2,1,3,2,2,4,2,3,2,2,4,1,2,5,3,3
TCGA-A7-A13E-01,Basal,2,0,1,2,0,1,3,0,1,4,0,1,5,6,1,6,2,2
GTEX-PWOO-1226-SM-48TCO,Normal_GTEX,1,0,2,1,3,2,2,4,2,3,2,2,4,1,2,5,3,3
GTEX-111VG-1626-SM-5EGIO,Normal_GTEX,1,0,2,1,3,2,2,4,2,2,1,3,3,4,3,4,7,7
GTEX-RM2N-1426-SM-2TF4H,Normal_GTEX,1,0,2,1,3,2,2,4,2,2,1,3,3,4,3,4,7,7
GTEX-14E6C-2626-SM-5RQJP,Normal_GTEX,1,0,2,1,3,2,1,4,4,1,2,0,2,1,2,3,3,3
GTEX-145MI-0326-SM-5Q5EV,Normal_GTEX,1,2,2,1,1,0,1,1,4,1,1,4,2,0,0,2,6,6
GTEX-YFCO-0926-SM-5LUA5,Normal_GTEX,1,1,0,1,2,3,2,4,3,3,2,2,4,1,2,5,3,3
TCGA-A8-A096-01,LumB,2,0,1,2,0,1,3,0,1,4,0,1,5,6,1,6,2,2
GTEX-13X6K-0011-R7b-SM-5P9K7,Normal_GTEX,3,1,0,3,2,3,4,3,0,5,4,5,6,3,6,7,4,4
GTEX-11DXZ-2026-SM-5987S,Normal_GTEX,1,0,2,1,3,2,2,4,2,2,1,3,3,4,3,4,7,7
TCGA-E2-A1LS-01,Basal,2,0,1,2,0,1,3,0,1,4,0,1,5,6,1,6,2,2
GTEX-113IC-0006-SM-5NQ9C,Normal_GTEX,3,1,0,4,2,3,5,2,3,6,5,4,7,2,4,8,1,1
GTEX-SSA3-0008-SM-47JWJ,Normal_GTEX,3,2,2,4,1,0,5,1,3,6,1,4,7,4,0,8,5,5
GTEX-ZPCL-2426-SM-57WFP,Normal_GTEX,1,2,2,1,1,0,1,1,4,1,1,0,2,0,3,3,6,6
GTEX-13G51-2626-SM-5LZYW,Normal_GTEX,1,2,2,1,1,0,1,1,4,1,1,0,2,0,5,3,6,6
GTEX-13RTJ-0726-SM-5QGQN,Normal_GTEX,1,2,2,1,1,0,1,1,4,1,3,0,2,5,0,2,0,0
GTEX-1399T-0011-R5b-SM-5IJDK,Normal_GTEX,3,1,0,3,2,3,4,3,0,5,4,5,6,3,6,7,4,4
GTEX-XYKS-2926-SM-4E3IA,Normal_GTEX,1,2,2,1,1,0,1,1,4,1,3,0,2,5,0,3,0,0
GTEX-UPK5-0003-SM-3NMDI,Normal_GTEX,3,1,0,4,2,3,5,2,3,6,5,4,7,2,4,8,1,1
GTEX-YB5E-1626-SM-5IFIQ,Normal_GTEX,1,0,2,1,3,2,2,4,2,3,2,2,4,1,2,5,3,3
GTEX-SIU8-0626-SM-2XCDN,Normal_GTEX,1,0,2,1,3,2,1,4,2,1,2,2,2,1,2,3,3,3
GTEX-11NSD-0526-SM-5A5LT,Normal_GTEX,1,0,2,1,3,2,2,4,2,3,2,2,4,1,2,5,3,3
TCGA-A2-A0CX-01,Her2,2,0,1,2,0,1,3,0,1,4,0,1,5,6,1,6,2,2
GTEX-11DXW-0726-SM-5H12J,Normal_GTEX,1,2,2,1,1,0,1,1,4,1,1,4,2,0,0,2,6,6
GTEX-11ZU8-1526-SM-5EGHX,Normal_GTEX,1,0,2,1,3,2,2,4,2,2,1,3,3,4,3,4,7,7
GTEX-145MH-3026-SM-5Q5DZ,Normal_GTEX,3,1,0,3,2,3,4,3,0,5,4,5,6,3,6,7,4,4
GTEX-REY6-1026-SM-2TF4Y,Normal_GTEX,1,2,2,1,1,0,1,1,4,1,3,0,2,5,0,2,0,0
GTEX-ZQG8-1326-SM-51MQW,Normal_GTEX,1,2,2,1,1,0,1,1,4,1,1,0,2,0,3,3,6,6
GTEX-12WSB-2426-SM-5EGJC,Normal_GTEX,1,0,2,1,3,2,2,4,2,2,1,3,3,4,3,4,7,7
GTEX-Y8DK-0011-R10A-SM-4SOK1,Normal_GTEX,3,1,0,3,2,3,4,3,0,5,4,5,6,3,6,7,4,4
GTEX-R45C-0926-SM-3GAD4,Normal_GTEX,1,2,2,1,1,0,1,1,4,1,3,0,2,5,0,2,0,0
GTEX-117YW-0226-SM-5N9CM,Normal_GTEX,1,2,2,1,1,0,1,1,4,1,3,0,1,5,0,1,0,0
GTEX-WFG8-0006-SM-3GIKS,Normal_GTEX,3,1,0,4,2,3,5,2,3,6,5,4,7,2,4,8,1,1
GTEX-13W3W-1826-SM-5IJDE,Normal_GTEX,1,2,2,1,1,0,1,1,4,1,3,0,1,5,5,1,0,0
GTEX-13OW8-0011-R1a-SM-5L3HI,Normal_GTEX,3,1,0,3,2,3,4,3,0,5,4,5,6,3,6,7,4,4
GTEX-14753-0011-R6b-SM-5S2UD,Normal_GTEX,3,1,0,3,2,3,4,3,0,5,4,5,6,3,6,7,4,4
GTEX-13QJC-0526-SM-5RQKB,Normal_GTEX,1,0,2,1,3,2,2,4,2,3,2,2,4,1,2,5,3,3
TCGA-AC-A2FF-11,Normal_TCGA,1,0,1,1,0,1,1,0,1,1,0,1,2,6,1,3,2,2
GTEX-13X6K-0011-R5b-SM-5PNUE,Normal_GTEX,3,1,0,3,2,3,4,3,0,5,4,5,6,3,6,7,4,4
GTEX-PX3G-1826-SM-2S1PK,Normal_GTEX,1,2,2,1,1,0,1,1,4,1,1,0,2,0,0,2,6,6
GTEX-WOFL-0126-SM-3MJG2,Normal_GTEX,1,0,2,1,3,2,2,4,2,2,1,3,3,4,3,4,7,7
GTEX-11VI4-0126-SM-5GU6Z,Normal_GTEX,1,1,0,1,2,3,2,4,3,3,2,2,4,1,2,5,3,3
GTEX-ZGAY-2226-SM-4YCCX,Normal_GTEX,1,0,2,1,3,2,2,4,2,2,1,3,3,4,3,4,7,7
GTEX-NL3H-0011-R7a-SM-2I3G5,Normal_GTEX,3,1,0,3,2,3,4,3,0,5,4,5,6,3,6,7,4,4
GTEX-ZDTT-0126-SM-4WKHA,Normal_GTEX,1,1,0,1,2,3,2,1,4,3,2,2,4,1,2,5,5,5
GTEX-12126-0526-SM-5PNW4,Normal_GTEX,1,2,2,1,1,0,1,1,4,1,1,4,2,0,0,2,6,6
GTEX-NFK9-0526-SM-2YUNL,Normal_GTEX,1,2,2,1,1,0,1,1,4,1,3,0,1,5,0,1,0,0
GTEX-ZDXO-0011-R5a-SM-4WKG5,Normal_GTEX,3,1,0,3,2,3,4,3,0,5,4,5,6,3,6,7,4,4
GTEX-X4EP-0011-R3A-SM-3P626,Normal_GTEX,3,1,0,3,2,3,4,3,0,5,4,5,6,3,6,7,4,4
TCGA-A1-A0SM-01,LumA,2,0,1,2,0,1,3,0,1,4,0,1,5,6,1,6,2,2
GTEX-RN64-0126-SM-2TC68,Normal_GTEX,1,0,2,1,3,2,2,4,2,2,1,3,3,4,3,4,7,7
GTEX-131XG-0226-SM-5IFG1,Normal_GTEX,1,0,2,1,3,2,1,4,2,1,2,2,2,1,2,3,3,3
GTEX-11I78-0226-SM-5HL6R,Normal_GTEX,1,2,2,1,1,0,1,1,4,1,3,0,2,0,5,3,6,6
GTEX-O5YV-1826-SM-2YUNI,Normal_GTEX,1,2,2,1,1,0,1,1,4,1,1,0,2,0,3,3,6,6
TCGA-A2-A0EM-01,LumA,2,0,1,2,0,1,3,0,1,4,0,1,5,6,1,6,2,2
GTEX-111YS-2026-SM-5EGGL,Normal_GTEX,1,0,0,1,3,2,2,3,2,3,4,5,4,3,6,5,4,4
GTEX-13N2G-0011-R3b-SM-5MR5G,Normal_GTEX,3,1,0,3,2,3,4,3,0,5,4,5,6,3,6,7,4,4
GTEX-T2IS-3026-SM-32QPM,Normal_GTEX,3,1,0,3,2,3,4,3,0,5,4,5,6,3,6,7,4,4
GTEX-13N1W-0526-SM-5MR4I,Normal_GTEX,1,2,2,1,1,0,1,1,4,1,1,4,2,0,0,2,6,6
GTEX-14BIN-0011-R6a-SM-5S2RH,Normal_GTEX,3,1,0,3,2,3,4,3,0,5,4,5,6,3,6,7,4,4
GTEX-13OVH-0426-SM-5K7UC,Normal_GTEX,1,2,2,1,1,0,1,1,4,1,3,0,1,5,0,1,0,0
GTEX-13OVH-0011-R3a-SM-5KM49,Normal_GTEX,3,1,0,3,2,3,4,3,0,5,4,5,6,3,6,7,4,4
GTEX-Q2AH-1726-SM-3NB2B,Normal_GTEX,1,2,2,1,1,0,1,1,4,1,1,0,2,0,5,3,6,6
GTEX-P44G-0011-R4A-SM-2I3FB,Normal_GTEX,3,1,0,3,2,3,4,3,0,5,4,5,6,3,6,7,4,4
TCGA-AQ-A04H-01,LumB,2,0,1,2,0,1,3,0,1,4,0,1,5,6,1,6,2,2
GTEX-13D11-0226-SM-5LZXL,Normal_GTEX,1,0,2,1,3,2,1,4,2,1,2,2,2,1,2,3,3,3
GTEX-13PDP-0011-R6b-SM-5O9D5,Normal_GTEX,3,1,0,3,2,3,4,3,0,5,4,5,6,3,6,7,4,4
GTEX-145LV-1226-SM-5S2QH,Normal_GTEX,1,0,2,1,3,2,1,4,2,1,2,2,1,1,2,1,3,3
GTEX-1122O-0626-SM-5N9B9,Normal_GTEX,1,2,2,1,1,0,1,1,4,1,3,0,2,5,0,2,0,0
GTEX-X4LF-0226-SM-4QAS8,Normal_GTEX,1,1,0,1,2,3,2,4,3,3,2,2,4,1,2,5,3,3
GTEX-NPJ8-0011-R1a-SM-2HMLC,Normal_GTEX,3,1,0,3,2,3,4,3,0,5,4,5,6,3,6,7,4,4
GTEX-WWYW-0008-SM-4MVPF,Normal_GTEX,3,2,2,4,1,0,5,1,3,6,1,4,7,0,0,8,5,5
TCGA-A2-A0T5-01,LumA,2,0,1,2,0,1,3,0,1,4,0,1,5,6,1,6,2,2
GTEX-1122O-1826-SM-5EGIP,Normal_GTEX,1,2,2,1,1,0,1,1,4,1,3,0,1,5,5,1,0,0
GTEX-PLZ4-0126-SM-2S1OG,Normal_GTEX,1,2,2,1,1,2,2,1,2,2,1,3,3,4,3,4,7,7
GTEX-145MH-1526-SM-5LUAU,Normal_GTEX,1,2,2,1,1,0,1,1,4,1,3,0,1,5,0,1,0,0
GTEX-Y9LG-0526-SM-4VBRY,Normal_GTEX,1,0,2,1,3,2,2,4,2,3,2,2,4,1,2,5,3,3
GTEX-N7MS-0011-R7a-SM-2HMKN,Normal_GTEX,3,1,0,3,2,3,4,3,0,5,4,5,6,3,6,7,4,4
GTEX-111FC-1926-SM-5GZYC,Normal_GTEX,1,0,0,1,3,2,2,3,2,3,4,5,4,3,6,5,4,4
GTEX-Y5V6-2026-SM-5IFHO,Normal_GTEX,1,0,2,1,3,2,2,4,2,3,2,2,4,1,2,5,3,3
GTEX-Y5V6-1226-SM-4VDTE,Normal_GTEX,1,2,2,1,1,0,1,1,4,1,3,0,2,0,5,3,6,6
TCGA-AR-A24V-01,LumA,2,0,1,2,0,1,3,0,1,4,0,1,5,6,1,6,2,2
GTEX-Y111-2926-SM-4TT25,Normal_GTEX,1,1,0,1,2,3,2,3,0,3,4,5,4,3,6,5,4,4
GTEX-13SLW-0011-R2b-SM-5O9C6,Normal_GTEX,3,1,0,3,2,3,4,3,0,5,4,5,6,3,6,7,4,4
GTEX-11EI6-0626-SM-5985T,Normal_GTEX,1,0,2,1,3,2,1,4,2,1,1,0,2,0,5,3,6,6
GTEX-U3ZN-0008-SM-4DXTL,Normal_GTEX,3,2,2,4,1,0,5,1,3,6,1,4,7,0,0,8,5,5
GTEX-14BIN-1226-SM-5S2OM,Normal_GTEX,1,2,2,1,1,0,1,1,4,1,2,0,2,0,5,3,6,6
GTEX-WI4N-1826-SM-4OOSF,Normal_GTEX,1,0,2,1,3,2,2,4,2,3,2,2,4,1,2,5,3,3
GTEX-14DAR-0726-SM-5RQIA,Normal_GTEX,1,2,2,1,1,0,1,1,4,1,3,0,1,5,5,1,0,0
GTEX-ZZPU-2726-SM-5NQ8O,Normal_GTEX,1,2,2,1,1,0,1,1,4,1,1,0,2,0,5,3,6,6
GTEX-ZAJG-3026-SM-5HL92,Normal_GTEX,3,1,0,3,2,3,4,3,0,5,4,5,6,3,6,7,4,4
TCGA-BH-A1FE-11,Normal_TCGA,1,0,1,1,0,1,1,0,1,1,0,1,2,6,1,3,2,2
GTEX-ZTSS-1026-SM-5985N,Normal_GTEX,1,2,2,1,1,0,1,1,4,1,2,0,2,0,5,3,6,6
GTEX-ZC5H-2226-SM-4WAWS,Normal_GTEX,1,0,2,1,3,2,2,4,2,2,1,3,3,4,3,4,7,7
GTEX-12WSB-0626-SM-59HJO,Normal_GTEX,1,2,2,1,1,0,1,1,4,1,1,0,2,0,5,3,6,6
GTEX-13S7M-1826-SM-5RQK6,Normal_GTEX,1,0,2,1,3,2,2,4,2,3,2,2,4,1,2,5,3,3
GTEX-SIU8-0426-SM-4BRUE,Normal_GTEX,1,2,2,1,1,0,1,1,4,1,3,0,1,5,0,1,0,0
TCGA-A1-A0SI-01,LumB,2,0,1,2,0,1,3,0,1,4,0,1,5,6,1,6,2,2
GTEX-12WSM-0526-SM-5GCO8,Normal_GTEX,1,2,2,1,1,0,1,1,4,1,3,0,1,5,0,1,0,0
TCGA-B6-A0RQ-01,Normal,1,0,1,1,0,1,1,0,1,1,0,1,2,6,1,3,2,2
GTEX-UTHO-2726-SM-4JBH9,Normal_GTEX,1,0,2,1,3,2,1,4,2,1,2,2,1,1,2,1,3,3
GTEX-RTLS-0226-SM-2TF5E,Normal_GTEX,1,2,2,1,1,0,1,1,4,1,1,0,2,0,5,3,6,6
GTEX-12WSD-1326-SM-5GCNU,Normal_GTEX,1,2,2,1,1,0,1,1,4,1,3,0,1,5,0,1,0,0
GTEX-13VXT-1926-SM-5K7UO,Normal_GTEX,1,0,2,1,3,2,2,4,2,2,1,3,3,4,3,4,7,7
GTEX-XOTO-0826-SM-4B65O,Normal_GTEX,1,0,2,1,3,2,2,4,2,3,2,2,4,1,2,5,3,3
TCGA-B6-A0RP-01,LumA,2,0,1,2,0,1,3,0,1,4,0,1,5,6,1,6,2,2
GTEX-U3ZN-0006-SM-3DB7Y,Normal_GTEX,3,1,0,4,2,3,5,2,3,6,5,4,7,2,4,8,1,1
GTEX-13OW8-0005-SM-5NQAC,Normal_GTEX,3,1,0,4,2,3,5,2,3,6,5,4,7,2,4,8,1,1
GTEX-R55E-1126-SM-48FDZ,Normal_GTEX,1,2,2,1,1,0,1,1,4,1,3,0,1,5,0,1,0,0
GTEX-S341-1226-SM-4AD5S,Normal_GTEX,1,0,2,1,3,2,2,4,2,2,1,3,3,4,3,4,7,7
TCGA-BH-A0AW-01,Her2,2,0,1,2,0,1,3,0,1,4,0,1,5,6,1,6,2,2
GTEX-11GSP-0126-SM-5A5KU,Normal_GTEX,1,0,2,1,3,0,1,4,4,1,2,0,2,1,2,3,3,6
GTEX-117XS-2226-SM-5GIE1,Normal_GTEX,1,2,2,1,1,0,1,1,4,1,3,0,1,5,5,1,0,0
GTEX-QEG4-0126-SM-48TZE,Normal_GTEX,1,0,0,1,3,2,2,3,2,3,4,5,4,3,6,5,4,4
GTEX-Z93T-0226-SM-5HL5Z,Normal_GTEX,1,2,2,1,1,0,1,1,4,1,1,0,2,0,5,3,6,6
GTEX-WCDI-0008-SM-47JYE,Normal_GTEX,3,2,2,4,1,0,5,2,3,6,5,4,7,2,0,8,5,5
TCGA-E9-A1N9-01,Basal,2,0,1,2,0,1,3,0,1,4,0,1,5,6,1,6,2,2
GTEX-WYVS-1126-SM-4SOJX,Normal_GTEX,1,2,2,1,1,0,1,1,4,1,3,0,1,5,5,1,0,0
GTEX-11OC5-0006-SM-5N9FA,Normal_GTEX,3,1,0,4,2,3,5,2,3,6,5,4,7,2,4,8,1,1
GTEX-XUW1-2326-SM-4BOO5,Normal_GTEX,1,0,2,1,3,2,1,4,2,1,1,0,2,0,5,3,6,6
GTEX-XYKS-2226-SM-4E3IU,Normal_GTEX,1,0,2,1,3,2,2,4,2,3,2,2,4,1,2,5,3,3
GTEX-ZVT4-0126-SM-51MS1,Normal_GTEX,1,0,2,1,3,2,2,4,2,2,1,3,3,4,3,4,7,7
GTEX-XQ8I-1426-SM-4BOPW,Normal_GTEX,1,2,2,1,1,0,1,1,4,1,2,0,2,0,5,3,6,6
GTEX-1399S-0126-SM-5IJCF,Normal_GTEX,1,0,2,1,3,2,2,4,2,2,1,3,3,4,3,4,7,7
GTEX-111VG-2326-SM-5N9BK,Normal_GTEX,1,2,2,1,1,0,1,1,4,1,1,0,2,0,5,3,6,6
GTEX-WHSE-0011-R5A-SM-3P5ZO,Normal_GTEX,3,1,0,3,2,3,4,3,0,5,4,5,6,3,6,7,4,4
GTEX-PSDG-0226-SM-33HC1,Normal_GTEX,1,0,2,1,3,2,2,4,2,2,1,3,3,4,3,4,7,7
GTEX-OOBK-0425-SM-3LK5O,Normal_GTEX,1,2,2,1,1,0,1,1,4,1,3,0,1,5,0,1,0,0
TCGA-BH-A18V-11,Normal_TCGA,1,0,1,1,0,1,1,0,1,1,0,1,2,6,1,3,2,2
GTEX-13FTX-1526-SM-5K7VJ,Normal_GTEX,1,0,2,1,3,2,2,4,2,2,1,3,3,4,3,4,7,7
GTEX-SIU8-0826-SM-2XCDQ,Normal_GTEX,1,2,2,1,1,0,1,1,4,1,3,0,2,5,0,2,0,0
GTEX-WXYG-2026-SM-4E3IY,Normal_GTEX,1,0,2,1,3,2,2,4,2,2,1,3,3,4,3,4,7,7
GTEX-11EM3-2226-SM-5H11Y,Normal_GTEX,1,2,2,1,1,0,1,1,4,1,3,0,1,5,0,1,0,0
GTEX-131YS-2226-SM-5P9G8,Normal_GTEX,1,2,2,1,1,0,1,1,4,1,3,0,1,5,0,1,5,5
GTEX-U3ZH-1526-SM-4DXV1,Normal_GTEX,1,0,0,1,3,2,2,3,2,3,4,5,4,3,6,5,4,4
GTEX-Y8E4-1226-SM-5IFIM,Normal_GTEX,1,2,2,1,1,0,1,1,4,1,2,0,2,1,5,3,6,6
GTEX-11ZUS-0011-R9b-SM-5BC76,Normal_GTEX,3,1,0,3,2,3,4,3,0,5,4,5,6,3,6,7,4,4
GTEX-11TT1-1426-SM-5EGIA,Normal_GTEX,1,2,2,1,1,0,1,1,4,1,3,0,2,5,0,2,0,0
GTEX-Z9EW-0426-SM-5CVM9,Normal_GTEX,1,0,2,1,3,2,2,4,2,3,2,2,4,1,2,5,3,3
TCGA-BH-A0GZ-01,LumA,2,0,1,2,0,1,3,0,1,4,0,1,5,6,1,6,2,2
GTEX-WL46-0326-SM-3LK6Y,Normal_GTEX,1,2,2,1,1,0,1,1,4,1,1,0,2,0,5,3,6,6
GTEX-S3XE-1526-SM-4AD5A,Normal_GTEX,1,0,0,1,3,2,2,3,2,3,4,5,4,3,6,5,4,4
TCGA-E2-A152-01,Her2,2,0,1,2,0,1,3,0,1,4,0,1,5,6,1,6,2,2
GTEX-R53T-1826-SM-3GIJX,Normal_GTEX,1,2,2,1,1,0,1,1,4,1,1,4,2,0,0,2,6,6
GTEX-1212Z-0626-SM-5FQTB,Normal_GTEX,1,2,2,1,1,0,1,1,4,1,3,0,2,5,0,2,0,0
GTEX-13N11-0126-SM-5KM2Z,Normal_GTEX,1,1,0,1,2,3,2,4,3,3,2,2,4,1,2,5,3,3
GTEX-11NUK-0426-SM-5HL5V,Normal_GTEX,1,2,2,1,1,0,1,1,4,1,1,0,2,0,3,3,6,6
GTEX-QVJO-0326-SM-2S1R1,Normal_GTEX,1,2,2,1,1,0,1,1,4,1,1,0,2,0,3,3,6,6
GTEX-13PVQ-0626-SM-5LU47,Normal_GTEX,1,0,2,1,3,2,2,4,2,2,1,3,3,4,3,4,7,7
GTEX-11I78-1826-SM-5A5M4,Normal_GTEX,1,1,0,1,2,3,2,1,4,3,2,2,4,1,2,5,3,5
GTEX-WYVS-0626-SM-4SOJY,Normal_GTEX,1,2,2,1,1,0,1,1,4,1,3,0,2,0,5,3,6,6
GTEX-132AR-0226-SM-5IJBE,Normal_GTEX,1,2,2,1,1,0,1,1,4,1,1,0,2,0,5,3,6,6
GTEX-W5X1-0826-SM-5CHT7,Normal_GTEX,3,1,0,4,2,3,5,2,3,6,5,4,7,2,4,8,1,1
GTEX-RU72-2926-SM-2TF66,Normal_GTEX,3,1,0,3,2,3,4,3,0,5,4,5,6,3,6,7,4,4
GTEX-WYJK-1926-SM-4ONDP,Normal_GTEX,1,0,2,1,3,2,2,4,2,2,1,3,3,4,3,4,7,7
GTEX-Q2AG-0011-R6A-SM-2HML7,Normal_GTEX,3,1,0,3,2,3,4,3,0,5,4,5,6,3,6,7,4,4
GTEX-ZZPU-0426-SM-5GZYH,Normal_GTEX,1,0,2,1,3,2,2,4,2,3,2,2,4,1,2,5,3,3
GTEX-13FTW-2326-SM-5K7YS,Normal_GTEX,1,2,2,1,1,0,1,1,4,1,1,4,2,0,0,2,6,6
TCGA-BH-A0BT-11,Normal_TCGA,1,0,1,1,0,1,1,0,1,1,0,1,2,6,1,3,2,2
TCGA-BH-A0C0-11,Normal_TCGA,1,0,1,1,0,1,1,0,1,1,0,1,2,6,1,3,2,2
GTEX-11EQ8-1426-SM-5EGJR,Normal_GTEX,1,0,0,1,3,2,2,3,2,3,4,5,4,3,6,5,4,4
GTEX-XBED-1326-SM-4AT4F,Normal_GTEX,1,2,2,1,1,0,1,1,4,1,1,0,2,0,5,3,6,6
GTEX-WYJK-0726-SM-4ONC9,Normal_GTEX,1,0,0,1,3,3,2,4,3,3,2,2,4,1,2,5,3,3
GTEX-13X6H-2526-SM-5QGOT,Normal_GTEX,1,2,2,1,1,0,1,1,4,1,3,0,1,5,0,1,0,0
GTEX-11EI6-2926-SM-5985U,Normal_GTEX,3,1,0,3,2,3,4,3,0,5,4,5,6,3,6,7,4,4
GTEX-Y8DK-0004-SM-4RGM7,Normal_GTEX,3,1,0,4,2,3,5,2,3,6,5,4,7,2,4,8,1,1
GTEX-13NYB-0326-SM-5IJDP,Normal_GTEX,1,2,2,1,1,0,1,1,4,1,3,0,2,5,0,2,0,0
GTEX-R55F-0011-R5A-SM-2TF5L,Normal_GTEX,3,1,0,3,2,3,4,3,0,5,4,5,6,3,6,7,4,4
GTEX-12BJ1-1026-SM-5EGJA,Normal_GTEX,1,0,2,1,3,2,2,4,2,3,2,2,4,1,2,5,3,3
GTEX-WY7C-2226-SM-4ONCS,Normal_GTEX,1,0,0,1,3,2,2,3,2,3,4,5,4,3,6,5,4,4
GTEX-145LU-0726-SM-5QGP2,Normal_GTEX,1,2,2,1,1,0,1,1,4,1,1,0,2,0,3,3,6,6
GTEX-SUCS-1926-SM-32PM3,Normal_GTEX,1,0,2,1,3,2,2,4,2,2,1,3,3,4,3,4,7,7
GTEX-OXRP-0226-SM-48TDH,Normal_GTEX,1,2,2,1,1,0,1,1,4,1,1,0,2,0,5,3,6,6
TCGA-BH-A0BF-01,LumB,2,0,1,2,0,1,3,0,1,4,0,1,5,6,1,6,2,2
GTEX-YEC4-2226-SM-5IFJT,Normal_GTEX,1,2,2,1,1,0,1,1,4,1,1,4,2,0,0,2,6,6
GTEX-131XW-1126-SM-5EGK4,Normal_GTEX,1,0,2,1,3,2,2,4,2,3,2,2,4,1,2,5,3,3
GTEX-117YX-0526-SM-5EGJH,Normal_GTEX,1,2,2,1,1,0,1,1,4,1,3,0,1,5,5,1,0,0
GTEX-1192X-0008-SM-5Q5B7,Normal_GTEX,3,2,2,4,1,0,5,2,3,6,5,4,7,2,0,8,5,5
GTEX-13FXS-0011-R10a-SM-5J2MA,Normal_GTEX,3,1,0,3,2,3,4,3,0,5,4,5,6,3,6,7,4,4
GTEX-S7SF-1026-SM-4AD4I,Normal_GTEX,1,2,2,1,1,0,1,1,4,1,3,0,1,5,5,1,0,0
GTEX-12KS4-2426-SM-5LU8P,Normal_GTEX,1,0,2,1,3,2,1,4,2,1,2,2,1,1,2,1,3,3
GTEX-11WQK-1026-SM-5EQLX,Normal_GTEX,1,0,2,1,3,2,2,4,2,2,1,3,3,4,3,4,7,7
GTEX-11P7K-2326-SM-5EGKZ,Normal_GTEX,1,2,2,1,1,0,1,1,4,1,3,0,1,5,0,1,0,0
GTEX-131XG-2226-SM-5DUXS,Normal_GTEX,1,2,2,1,1,0,1,1,4,1,3,0,1,5,0,1,0,0
GTEX-XBEW-0126-SM-4AT66,Normal_GTEX,1,0,2,1,3,2,1,4,2,1,2,2,2,1,2,3,3,3
GTEX-PSDG-0008-SM-48TE5,Normal_GTEX,3,2,2,4,1,0,5,2,3,6,5,4,7,2,0,8,5,5
GTEX-13O3Q-0011-R4a-SM-5P9H2,Normal_GTEX,3,1,0,3,2,3,4,3,0,5,4,5,6,3,6,7,4,4
GTEX-1477Z-1126-SM-5P9GK,Normal_GTEX,1,2,2,1,1,0,1,1,4,1,3,0,2,5,0,2,0,0
GTEX-ZF28-0226-SM-5S2OE,Normal_GTEX,1,2,2,1,1,0,1,1,4,1,1,0,2,0,5,3,6,6
GTEX-139TU-0006-SM-5LZVN,Normal_GTEX,3,1,0,4,2,3,5,2,3,6,5,4,7,2,4,8,1,1
GTEX-QCQG-0326-SM-2I3ES,Normal_GTEX,1,0,2,1,3,2,2,4,2,3,2,2,4,1,2,5,3,3
GTEX-SNOS-0926-SM-4DM7A,Normal_GTEX,1,0,2,1,3,2,2,4,2,3,2,2,4,1,2,5,3,3
GTEX-11ZUS-2126-SM-5N9E6,Normal_GTEX,1,0,2,1,3,2,1,4,2,1,2,2,1,1,2,1,3,3
GTEX-ZDTT-0526-SM-5HL4M,Normal_GTEX,1,2,2,1,1,0,1,1,4,1,3,0,2,0,5,3,6,6
GTEX-ZTX8-0226-SM-5E44D,Normal_GTEX,1,0,2,1,3,2,2,4,2,2,1,3,3,4,3,4,7,7
GTEX-S4Q7-0008-SM-3NM8A,Normal_GTEX,3,2,2,4,1,0,5,1,3,6,1,4,7,0,0,8,5,5
GTEX-YJ89-0726-SM-5P9F7,Normal_GTEX,1,0,2,1,3,2,1,4,2,1,2,2,2,1,2,3,3,3
GTEX-NPJ8-0326-SM-26GMG,Normal_GTEX,1,0,2,1,3,2,2,4,2,3,2,2,4,1,2,5,3,3
GTEX-Y5V5-0126-SM-5S2NW,Normal_GTEX,1,0,2,1,3,2,2,4,2,2,1,3,3,4,3,4,7,7
GTEX-WZTO-2126-SM-4PQYW,Normal_GTEX,1,2,2,1,3,0,1,4,4,1,3,2,1,5,5,1,0,3
TCGA-BH-A0DT-11,Normal_TCGA,1,0,1,1,0,1,1,0,1,1,0,1,2,6,1,3,2,2
GTEX-ZAB4-1926-SM-57WD8,Normal_GTEX,1,2,2,1,1,0,1,1,4,1,3,0,1,5,0,1,0,0
TCGA-A8-A06N-01,LumB,2,0,1,2,0,1,3,0,1,4,0,1,5,6,1,6,2,2
TCGA-D8-A27K-01,LumA,2,0,1,2,0,1,3,0,1,4,0,1,5,6,1,6,2,2
GTEX-117YX-2426-SM-5GZZJ,Normal_GTEX,1,2,2,1,1,0,1,1,4,1,1,0,2,0,3,3,6,6
GTEX-S7PM-0006-SM-3NM8C,Normal_GTEX,3,1,0,4,2,3,5,2,3,6,5,4,7,2,4,8,1,1
GTEX-T2YK-0226-SM-4DM5O,Normal_GTEX,1,2,2,1,1,0,1,1,4,1,1,4,2,0,0,2,6,6
TCGA-BH-A0HX-01,LumA,2,0,1,2,0,1,3,0,1,4,0,1,5,6,1,6,2,2
GTEX-V955-1026-SM-4JBHO,Normal_GTEX,1,2,2,1,1,0,1,1,4,1,3,0,1,5,5,1,0,0
GTEX-145MN-2626-SM-5NQAH,Normal_GTEX,1,2,2,1,1,0,1,1,4,1,1,0,2,0,5,3,6,6
GTEX-WHPG-1226-SM-4M1ZI,Normal_GTEX,1,2,2,1,1,0,1,1,4,1,3,0,1,5,5,1,0,0
GTEX-1122O-0726-SM-5GIEV,Normal_GTEX,1,0,2,1,3,2,2,4,2,3,2,2,4,1,2,5,3,3
GTEX-14BMV-1026-SM-5SI6B,Normal_GTEX,1,2,2,1,1,0,1,1,4,1,3,0,2,5,0,2,0,0
GTEX-PWN1-1726-SM-2S1O9,Normal_GTEX,1,2,2,1,1,0,1,1,4,1,1,0,2,0,3,3,6,6
GTEX-132QS-1426-SM-5P9GE,Normal_GTEX,1,0,2,1,3,2,2,4,2,2,1,3,3,4,3,4,7,7
GTEX-WH7G-2026-SM-3NMBL,Normal_GTEX,1,0,2,1,3,2,2,4,2,2,1,3,3,4,3,4,7,7
GTEX-11VI4-1726-SM-5CVLH,Normal_GTEX,1,0,2,1,3,2,2,4,2,2,1,3,3,4,3,4,7,7
GTEX-XBEW-0826-SM-4QASQ,Normal_GTEX,1,2,2,1,1,0,1,1,4,1,3,0,1,5,0,1,0,0
GTEX-YJ8O-1126-SM-5P9IS,Normal_GTEX,1,2,2,1,1,0,1,1,4,1,3,0,1,5,5,1,0,0
GTEX-X585-3126-SM-4QASH,Normal_GTEX,1,1,0,1,2,3,2,3,0,3,4,5,4,3,6,5,4,4
GTEX-XPVG-0526-SM-4B65N,Normal_GTEX,1,0,2,1,3,2,2,4,2,3,2,2,4,1,2,5,3,3
GTEX-132Q8-2926-SM-5IFFP,Normal_GTEX,3,1,0,3,2,3,4,3,0,5,4,5,6,3,6,7,4,4
GTEX-ZPU1-2326-SM-57WEP,Normal_GTEX,1,0,2,1,3,2,2,4,2,2,1,3,3,4,3,4,7,7
GTEX-WRHK-0626-SM-4MVOE,Normal_GTEX,1,0,2,1,3,2,2,4,2,3,2,2,4,1,2,5,3,3
GTEX-NL3H-0011-R5a-SM-2I3GB,Normal_GTEX,3,1,0,3,2,3,4,3,0,5,4,5,6,3,6,7,4,4
TCGA-A2-A0T6-01,LumA,2,0,1,2,0,1,3,0,1,4,0,1,5,6,1,6,2,2
GTEX-1399T-0011-R11a-SM-5J2O1,Normal_GTEX,3,1,0,3,2,3,4,3,0,5,4,5,6,3,6,7,4,4
GTEX-ZAB4-2926-SM-57WCV,Normal_GTEX,3,1,0,3,2,3,4,3,0,5,4,5,6,3,6,7,4,4
GTEX-ZF29-2626-SM-4WWBA,Normal_GTEX,1,2,2,1,1,0,1,1,4,1,1,0,2,0,3,3,6,6
GTEX-T6MN-0126-SM-32PLP,Normal_GTEX,1,0,2,1,3,2,2,4,2,2,1,3,3,4,3,4,7,7
GTEX-RTLS-0826-SM-2TF5Q,Normal_GTEX,1,2,2,1,1,0,1,1,4,1,3,0,2,5,0,2,0,0
GTEX-X4LF-0426-SM-3NMB5,Normal_GTEX,1,0,2,1,3,2,1,4,2,1,2,2,2,1,2,3,3,3
GTEX-Y5V6-1726-SM-4VDSZ,Normal_GTEX,1,0,0,1,3,2,2,3,2,3,4,5,4,3,6,5,4,4
GTEX-Y8LW-0426-SM-4VBQ6,Normal_GTEX,1,2,2,1,1,0,1,1,4,1,3,0,1,5,0,1,0,0
GTEX-QLQ7-1726-SM-2S1QQ,Normal_GTEX,1,2,2,1,1,0,1,1,4,1,1,4,2,0,0,2,6,6
GTEX-X5EB-0006-SM-46MV5,Normal_GTEX,3,1,0,4,2,3,5,2,3,6,5,4,7,2,4,8,1,1
TCGA-E2-A15I-01,LumA,2,0,1,2,0,1,3,0,1,4,0,1,5,6,1,6,2,2
GTEX-13N1W-0011-R9b-SM-5MR4R,Normal_GTEX,3,1,0,3,2,3,4,3,0,5,4,5,6,3,6,7,4,4
GTEX-XOT4-0826-SM-4B66Y,Normal_GTEX,1,2,2,1,1,0,1,1,4,1,1,0,2,0,5,3,6,6
GTEX-WZTO-0826-SM-3NM8Q,Normal_GTEX,1,2,2,1,1,0,1,1,4,1,1,4,2,0,0,2,6,6
GTEX-139T6-1626-SM-5PNYZ,Normal_GTEX,1,2,2,1,1,0,1,1,4,1,3,0,2,0,5,3,6,6
GTEX-YF7O-0005-SM-4W1ZU,Normal_GTEX,3,1,0,4,2,3,5,2,3,6,5,4,7,2,4,8,1,1
GTEX-ZVP2-1326-SM-57WCE,Normal_GTEX,1,0,2,1,3,2,2,4,2,2,1,3,3,4,3,4,7,7
GTEX-T2IS-0226-SM-32QPH,Normal_GTEX,1,0,2,1,1,0,1,1,4,1,1,0,2,0,5,3,6,6
GTEX-13VXT-1626-SM-5IJES,Normal_GTEX,1,2,2,1,1,0,1,1,4,1,3,0,1,5,5,1,0,0
GTEX-ZLWG-0626-SM-4WWFR,Normal_GTEX,1,0,2,1,3,2,2,4,2,3,2,2,4,1,2,5,3,3
GTEX-WHPG-0326-SM-4M1XV,Normal_GTEX,1,0,2,1,3,2,2,4,2,3,2,2,4,1,2,5,3,3
GTEX-13OVL-0011-R9a-SM-5P9GX,Normal_GTEX,3,1,0,3,2,3,4,3,0,5,4,5,6,3,6,7,4,4
GTEX-12WSK-0426-SM-5GCNS,Normal_GTEX,1,2,2,1,1,0,1,1,4,1,3,0,1,5,0,1,0,0
GTEX-TSE9-2526-SM-4DXUS,Normal_GTEX,1,2,2,1,3,2,2,4,2,2,1,3,3,4,3,4,7,7
GTEX-ZYFC-0526-SM-5GIDF,Normal_GTEX,1,2,2,1,1,0,1,1,4,1,1,4,2,0,0,2,6,6
GTEX-POMQ-0826-SM-3P61H,Normal_GTEX,1,0,2,1,3,2,2,4,2,3,2,2,4,1,2,5,3,3
GTEX-12ZZZ-0226-SM-59HKU,Normal_GTEX,1,2,2,1,1,0,1,1,4,1,1,4,2,0,0,2,6,6
GTEX-11VI4-1926-SM-5CVLI,Normal_GTEX,1,2,2,1,1,0,1,1,4,1,1,4,2,0,0,2,6,6
GTEX-13FXS-0011-R8a-SM-5J1MN,Normal_GTEX,3,1,0,3,2,3,4,3,0,5,4,5,6,3,6,7,4,4
GTEX-WQUQ-1326-SM-3MJFF,Normal_GTEX,1,2,2,1,1,0,1,1,4,1,3,0,2,5,0,2,0,0
GTEX-ZAB4-0011-R9a-SM-4SOKG,Normal_GTEX,3,1,0,3,2,3,4,3,0,5,4,5,6,3,6,7,4,4
GTEX-12WSK-2126-SM-5CVNC,Normal_GTEX,1,0,2,1,3,2,2,4,2,2,1,3,3,4,3,4,7,7
GTEX-S7SE-0011-R2A-SM-2XCDC,Normal_GTEX,3,1,0,3,2,3,4,3,0,5,4,5,6,3,6,7,4,4
GTEX-WHPG-2126-SM-4M1ZM,Normal_GTEX,1,2,2,1,1,0,1,1,4,1,1,0,2,0,5,3,6,6
GTEX-12696-2726-SM-5FQUL,Normal_GTEX,1,2,2,1,1,0,1,1,4,1,3,0,1,5,0,1,0,0
GTEX-X585-1026-SM-46MW6,Normal_GTEX,1,0,2,1,3,2,2,4,2,3,2,2,4,1,2,5,3,3
GTEX-P4PP-0326-SM-5S2TQ,Normal_GTEX,1,2,2,1,1,0,1,1,4,1,3,0,2,5,0,2,0,0
GTEX-139TT-0011-R1a-SM-5LZVD,Normal_GTEX,3,1,0,3,2,3,4,3,0,5,4,5,6,3,6,7,4,4
GTEX-11NV4-0826-SM-5BC4S,Normal_GTEX,1,2,2,1,1,0,1,1,4,1,3,0,2,5,0,2,0,0
GTEX-ZXES-0004-SM-57WCW,Normal_GTEX,3,1,0,4,2,3,5,2,3,6,5,4,7,2,4,8,1,1
GTEX-S4UY-0926-SM-4AD6O,Normal_GTEX,1,0,2,1,3,0,2,4,2,2,2,2,3,1,2,4,3,3
GTEX-QDVN-0726-SM-2I3FO,Normal_GTEX,1,0,2,1,3,2,2,4,2,3,2,2,4,1,2,5,3,3
TCGA-E9-A1NF-11,Normal_TCGA,1,2,1,1,1,1,1,1,1,1,1,0,2,0,1,3,6,2
GTEX-XAJ8-0008-SM-46MU7,Normal_GTEX,3,2,2,4,1,0,5,1,3,6,1,4,7,0,0,8,5,5
GTEX-14BMU-2026-SM-5S2W6,Normal_GTEX,1,2,2,1,1,0,1,1,4,1,1,4,2,0,0,2,6,6
GTEX-ZP4G-0726-SM-4WWF2,Normal_GTEX,1,2,2,1,1,0,1,1,4,1,3,0,1,5,5,1,0,0
TCGA-AN-A0FD-01,LumA,2,0,1,2,0,1,3,0,1,4,0,1,5,6,1,6,2,2
TCGA-AN-A0AK-01,LumB,2,0,1,2,0,1,3,0,1,4,0,1,5,6,1,6,2,2
GTEX-Y111-0426-SM-4TT3K,Normal_GTEX,1,2,2,1,1,0,1,1,4,1,3,0,1,5,0,1,0,0
GTEX-Y5V6-0003-SM-4V6FX,Normal_GTEX,3,1,0,4,2,3,5,2,3,6,5,4,7,2,4,8,1,1
GTEX-11GSO-2526-SM-5PNVX,Normal_GTEX,1,2,2,1,1,0,1,1,4,1,1,4,2,0,0,2,6,6
GTEX-X8HC-2326-SM-4QAS4,Normal_GTEX,1,2,2,1,1,0,1,1,4,1,3,0,2,0,5,3,6,6
GTEX-1269C-0626-SM-5FQSS,Normal_GTEX,1,0,2,1,3,2,2,4,2,3,2,2,4,1,2,5,3,3
TCGA-D8-A1JS-01,LumA,2,0,1,2,0,1,3,0,1,4,0,1,5,6,1,6,2,2
GTEX-X3Y1-0726-SM-3P5YU,Normal_GTEX,1,0,2,1,3,2,2,4,2,3,2,2,4,1,2,5,3,3
GTEX-ZT9X-0226-SM-51MT2,Normal_GTEX,1,0,2,1,3,2,1,4,2,1,2,2,2,1,2,3,3,3
TCGA-AO-A1KS-01,LumB,2,0,1,2,0,1,3,0,1,4,0,1,5,6,1,6,2,2
GTEX-QLQ7-1126-SM-4R1KN,Normal_GTEX,1,2,2,1,1,0,1,1,4,1,3,0,1,5,5,1,0,0
GTEX-117YX-0626-SM-5EGJI,Normal_GTEX,1,2,2,1,1,0,1,1,4,1,3,0,2,5,0,2,0,0
TCGA-AR-A24U-01,Her2,2,0,1,2,0,1,3,0,1,4,0,1,5,6,1,6,2,2
GTEX-12696-2926-SM-5FQTG,Normal_GTEX,3,1,0,3,2,3,4,3,0,5,4,5,6,3,6,7,4,4
GTEX-U8T8-2326-SM-3DB96,Normal_GTEX,1,0,2,1,3,2,1,4,2,1,2,2,2,1,2,3,3,3
GTEX-UJHI-0926-SM-4IHKF,Normal_GTEX,1,2,2,1,1,0,1,1,4,1,3,0,1,5,5,1,0,0
GTEX-ZC5H-0826-SM-5N9FH,Normal_GTEX,1,0,2,1,3,2,2,4,2,3,2,2,4,1,2,5,3,3
TCGA-A8-A085-01,LumB,2,0,1,2,0,1,3,0,1,4,0,1,5,6,1,6,2,2
GTEX-S3XE-0826-SM-4AD4U,Normal_GTEX,1,2,2,1,1,0,1,1,4,1,3,0,1,5,5,1,0,0
GTEX-117YW-2226-SM-5N9DB,Normal_GTEX,1,0,2,1,3,2,2,4,2,3,2,2,4,1,2,5,3,3
GTEX-N7MT-0011-R10A-SM-2I3E1,Normal_GTEX,3,1,0,3,2,3,4,3,0,5,4,5,6,3,6,7,4,4
GTEX-Z9EW-2026-SM-5CVMQ,Normal_GTEX,1,2,2,1,1,0,1,1,4,1,1,0,2,0,3,3,6,6
GTEX-OXRO-0326-SM-33HBM,Normal_GTEX,1,0,2,1,3,2,2,4,2,3,2,2,4,1,2,5,3,3
GTEX-Y5LM-1226-SM-4VDT6,Normal_GTEX,1,2,2,1,1,0,1,1,4,1,3,0,1,5,5,1,0,0
GTEX-14AS3-1626-SM-5S2OY,Normal_GTEX,1,0,2,1,3,1,1,4,1,1,3,0,2,5,5,3,0,6
GTEX-13NYS-0011-R10a-SM-5MR4S,Normal_GTEX,3,1,0,3,2,3,4,3,0,5,4,5,6,3,6,7,4,4
GTEX-13FXS-0726-SM-5LZXJ,Normal_GTEX,1,0,2,1,3,2,1,4,2,1,2,2,2,1,2,3,3,3
GTEX-12WSL-1526-SM-5GCP8,Normal_GTEX,1,0,2,1,3,2,2,4,2,2,1,3,3,4,3,4,7,7
GTEX-PWN1-0008-SM-48TEA,Normal_GTEX,3,2,2,4,1,0,5,1,3,6,1,4,7,0,0,8,5,5
GTEX-OXRK-0326-SM-2YUMQ,Normal_GTEX,1,2,2,1,1,0,1,1,4,1,1,0,2,0,5,3,6,6
GTEX-WRHU-0326-SM-3MJFY,Normal_GTEX,1,0,2,1,3,2,1,4,2,1,1,0,2,0,5,3,6,6
GTEX-13W46-0826-SM-5LU3H,Normal_GTEX,1,2,2,1,1,0,1,1,4,1,1,0,2,0,5,3,6,6
GTEX-ZYFG-1326-SM-5GICJ,Normal_GTEX,1,0,2,1,3,2,2,4,2,3,2,2,4,1,2,5,3,3
GTEX-OHPL-3026-SM-3MJGS,Normal_GTEX,1,2,2,1,1,0,1,1,4,1,3,0,1,5,0,1,0,0
GTEX-13VXU-0926-SM-5IFFH,Normal_GTEX,1,0,2,1,3,2,2,4,2,3,2,2,4,1,2,5,3,3
GTEX-111YS-0426-SM-5987O,Normal_GTEX,1,2,2,1,1,0,1,1,4,1,3,0,2,5,0,2,0,0
GTEX-WYVS-2026-SM-4PQZ4,Normal_GTEX,1,0,2,1,3,1,2,4,1,3,2,1,4,1,3,5,3,2
GTEX-11NSD-0326-SM-5A5LS,Normal_GTEX,1,0,2,1,3,2,2,4,2,3,2,2,4,1,2,5,3,3
TCGA-GI-A2C8-11,Normal_TCGA,1,2,2,1,1,0,1,1,4,1,1,4,2,0,0,2,6,6
GTEX-13PVR-1026-SM-5QGQW,Normal_GTEX,1,2,2,1,1,0,1,1,4,1,3,0,2,5,0,2,0,0
GTEX-OOBJ-3026-SM-3NB1D,Normal_GTEX,1,2,2,1,1,0,1,1,4,1,3,0,1,5,0,1,0,0
GTEX-148VJ-0626-SM-5LUAW,Normal_GTEX,1,0,2,1,3,2,2,4,2,2,1,3,3,4,3,4,7,7
GTEX-13X6H-0626-SM-5LU53,Normal_GTEX,1,0,2,1,3,2,2,4,2,3,2,2,4,1,2,5,3,3
GTEX-XOT4-1126-SM-4B66E,Normal_GTEX,1,2,2,1,1,0,1,1,4,1,3,0,2,5,0,2,0,0
GTEX-WHPG-1426-SM-3NMBB,Normal_GTEX,1,0,2,1,3,2,2,4,2,3,2,2,4,1,2,5,3,3
GTEX-11NV4-0011-R5a-SM-5NQ88,Normal_GTEX,3,1,0,3,2,3,4,3,0,5,4,5,6,3,6,7,4,4
TCGA-BH-A0C3-01,LumB,2,0,1,2,0,1,3,0,1,4,0,1,5,6,1,6,2,2
GTEX-131YS-0126-SM-5KM1M,Normal_GTEX,1,0,2,1,3,2,2,4,2,2,1,3,3,4,3,4,7,7
GTEX-S7SE-0726-SM-2XCD7,Normal_GTEX,1,0,2,1,3,2,1,4,2,1,2,2,2,1,2,3,3,3
GTEX-QLQW-0726-SM-447AA,Normal_GTEX,1,0,2,1,3,2,2,4,2,3,2,2,4,1,2,5,3,3
GTEX-13CF2-0011-R3b-SM-5LZZ6,Normal_GTEX,3,1,0,3,2,3,4,3,0,5,4,5,6,3,6,7,4,4
GTEX-X62O-0005-SM-46MV1,Normal_GTEX,3,1,0,4,2,3,5,2,3,6,5,4,7,2,4,8,1,1
TCGA-AO-A1KQ-01,LumB,2,0,1,2,0,1,3,0,1,4,0,1,5,6,1,6,2,2
GTEX-XOT4-0008-SM-4B664,Normal_GTEX,3,2,2,4,1,0,5,1,3,6,1,4,7,0,0,8,5,5
GTEX-ZF28-3126-SM-4WKFC,Normal_GTEX,1,1,0,1,2,3,2,3,0,3,4,5,4,3,6,5,4,4
GTEX-11TTK-0008-SM-5S2RU,Normal_GTEX,3,2,2,4,1,0,5,1,3,6,1,4,7,2,0,8,5,5
GTEX-ZYY3-1226-SM-5EQKM,Normal_GTEX,1,2,2,1,1,0,1,1,4,1,3,0,1,5,0,1,0,0
GTEX-NFK9-1026-SM-2HMK1,Normal_GTEX,1,0,2,1,3,2,2,4,2,3,2,2,4,1,2,5,3,3
GTEX-ZVZQ-0011-R4b-SM-57WCZ,Normal_GTEX,3,1,0,3,2,3,4,3,0,5,4,5,6,3,6,7,4,4
GTEX-OOBK-3125-SM-3LK5R,Normal_GTEX,1,1,0,1,2,3,2,3,4,3,2,2,4,1,2,5,4,5
GTEX-QVJO-1926-SM-2S1QZ,Normal_GTEX,1,2,2,1,1,0,1,1,4,1,3,0,2,5,0,2,0,0
GTEX-W5WG-0626-SM-4SOID,Normal_GTEX,1,1,0,1,2,3,2,4,3,3,2,2,4,1,2,5,3,3
GTEX-13RTJ-0011-R4b-SM-5PNX1,Normal_GTEX,3,1,0,3,2,3,4,3,0,5,4,5,6,3,6,7,4,4
GTEX-OOBK-0526-SM-2HMJJ,Normal_GTEX,1,0,2,1,3,2,2,4,2,3,2,2,4,1,2,5,3,3
GTEX-YB5E-0926-SM-4WWDQ,Normal_GTEX,1,0,2,1,3,2,2,4,2,2,1,3,3,4,3,4,7,7
GTEX-1211K-1526-SM-5FQU4,Normal_GTEX,1,0,2,1,3,2,2,4,2,2,1,3,3,4,3,4,7,7
TCGA-BH-A0DL-11,Normal_TCGA,1,0,1,1,0,1,1,0,1,1,0,1,2,6,1,3,2,2
GTEX-ZF2S-1826-SM-4WKFF,Normal_GTEX,1,2,2,1,1,0,1,1,4,1,3,0,1,5,5,1,0,0
TCGA-BH-A18J-11,Normal_TCGA,1,0,1,1,0,1,1,0,1,1,0,1,2,6,1,3,2,2
GTEX-U8T8-1226-SM-4E3IH,Normal_GTEX,1,0,2,1,3,0,2,4,2,3,2,2,4,1,2,5,3,0
GTEX-14A5I-2126-SM-5NQA8,Normal_GTEX,1,1,0,1,2,3,2,3,4,3,2,2,4,1,2,5,5,5
GTEX-X5EB-2226-SM-46MW4,Normal_GTEX,1,0,2,1,3,2,2,4,2,2,1,3,3,4,3,4,7,7
GTEX-NL3G-0526-SM-4RTWW,Normal_GTEX,1,0,2,1,3,2,2,4,2,3,2,2,4,1,2,5,3,3
GTEX-13FH7-2326-SM-5KM1E,Normal_GTEX,1,2,2,1,1,0,1,1,4,1,3,0,1,5,0,1,0,0
TCGA-E9-A1N3-01,LumA,2,0,1,2,0,1,3,0,1,4,0,1,5,6,1,6,2,2
GTEX-OIZI-0626-SM-2XCEH,Normal_GTEX,1,2,2,1,1,0,1,1,4,1,1,4,2,0,0,2,6,6
GTEX-144GM-1926-SM-5LUAN,Normal_GTEX,1,2,2,1,1,0,1,1,4,1,1,0,2,0,5,3,6,6
GTEX-13NYS-0011-R11b-SM-5MR4P,Normal_GTEX,3,1,0,3,2,3,4,3,0,5,4,5,6,3,6,7,4,4
GTEX-ZTX8-0326-SM-59HLA,Normal_GTEX,1,2,2,1,1,0,1,1,4,1,2,0,1,1,5,1,3,0
GTEX-X5EB-1626-SM-4E3IV,Normal_GTEX,1,0,2,1,3,2,2,4,2,3,2,2,4,1,2,5,3,3
GTEX-11DXZ-2326-SM-5EGGV,Normal_GTEX,1,0,2,1,3,2,2,4,2,2,1,3,3,4,3,4,7,7
GTEX-13111-2026-SM-5GCMN,Normal_GTEX,1,2,2,1,1,0,1,1,4,1,1,0,2,0,3,3,6,6
GTEX-11EQ9-2226-SM-5987H,Normal_GTEX,1,2,2,1,1,0,1,1,4,1,3,0,1,5,0,1,0,0
GTEX-T6MN-0011-R10A-SM-32QP7,Normal_GTEX,3,1,0,3,2,3,4,3,0,5,4,5,6,3,6,7,4,4
GTEX-ZYFG-1926-SM-5GID5,Normal_GTEX,1,2,2,1,1,0,1,1,4,1,3,0,1,5,5,1,0,0
GTEX-139TT-0426-SM-5IJFA,Normal_GTEX,1,2,2,1,1,0,1,1,4,1,1,4,2,0,0,2,6,6
GTEX-ZVZP-1626-SM-5GIDJ,Normal_GTEX,1,2,2,1,1,0,1,1,4,1,3,0,1,5,5,1,0,0
TCGA-AO-A0J2-01,Her2,2,0,1,2,0,1,3,0,1,4,0,1,5,6,1,6,2,2
GTEX-ZQG8-2126-SM-4YCF1,Normal_GTEX,1,0,2,1,3,2,2,4,2,2,1,3,3,4,3,4,7,2
TCGA-A2-A0T2-01,Basal,2,0,1,2,0,1,3,0,1,4,0,1,5,6,1,6,2,2
GTEX-ZTSS-0004-SM-4YCCS,Normal_GTEX,3,1,0,4,2,3,5,2,3,6,5,4,7,2,4,8,1,1
GTEX-VJYA-0926-SM-4KL1N,Normal_GTEX,1,0,2,1,3,2,2,4,2,3,2,2,4,1,2,5,3,3
GTEX-13SLX-0926-SM-5S2NM,Normal_GTEX,1,2,2,1,1,0,1,1,4,1,3,0,2,5,0,2,0,0
GTEX-NPJ8-0011-R1a-SM-33HCB,Normal_GTEX,3,1,0,3,2,3,4,3,0,5,4,5,6,3,6,7,4,4
GTEX-PLZ4-1326-SM-2S1O7,Normal_GTEX,1,2,2,1,1,0,1,1,4,1,3,0,1,0,0,1,6,0
GTEX-13QBU-1026-SM-5LU3R,Normal_GTEX,1,0,2,1,3,2,2,4,2,2,1,3,3,4,3,4,7,7
GTEX-T2IS-1026-SM-32QP1,Normal_GTEX,1,2,2,1,1,0,1,1,4,1,3,0,1,5,0,1,0,0
GTEX-XOTO-2126-SM-4B64U,Normal_GTEX,1,0,2,1,3,2,2,4,2,2,1,3,3,4,3,4,7,7
GTEX-132QS-1626-SM-5K7YZ,Normal_GTEX,1,2,2,1,1,0,1,1,4,1,3,0,1,5,5,1,0,0
TCGA-BH-A0B5-01,LumA,2,0,1,2,0,1,3,0,1,4,0,1,5,6,1,6,2,2
GTEX-WY7C-0126-SM-4ONCO,Normal_GTEX,1,1,0,1,2,3,2,4,3,3,2,2,4,1,2,5,3,3
GTEX-T2IS-2226-SM-4DM65,Normal_GTEX,1,2,2,1,1,0,1,1,4,1,3,0,1,5,5,1,0,0
GTEX-14E6E-1226-SM-5S2R5,Normal_GTEX,1,1,0,1,2,3,2,4,3,3,2,2,4,1,2,5,3,3
GTEX-S32W-0726-SM-2XCBL,Normal_GTEX,1,0,2,1,3,2,1,4,2,1,2,2,2,1,2,3,3,3
GTEX-11ONC-0008-SM-5S2MG,Normal_GTEX,3,2,2,4,1,0,5,1,3,6,1,4,7,0,0,8,5,5
TCGA-BH-A18N-01,LumA,2,0,1,2,0,1,3,0,1,4,0,1,5,6,1,6,2,2
TCGA-B6-A0RO-01,LumA,2,0,1,2,0,1,3,0,1,4,0,1,5,6,1,6,2,2
GTEX-REY6-0926-SM-48FDA,Normal_GTEX,1,2,2,1,1,0,1,1,4,1,3,0,1,5,0,1,0,0
GTEX-ZAK1-0126-SM-5IJD3,Normal_GTEX,1,0,2,1,3,2,2,4,2,2,1,3,3,4,3,4,7,7
GTEX-XV7Q-0005-SM-4BRWI,Normal_GTEX,3,0,2,4,2,1,5,4,1,6,2,2,7,1,2,8,3,2
GTEX-14DAR-1526-SM-5RQIX,Normal_GTEX,1,0,2,1,3,2,2,4,2,3,2,2,4,1,2,5,3,3
GTEX-13JUV-2826-SM-5LZWU,Normal_GTEX,1,2,2,1,1,0,1,1,4,1,1,0,2,0,5,3,6,6
GTEX-131XG-1026-SM-5GCMX,Normal_GTEX,1,0,2,1,3,2,2,4,2,2,1,3,3,4,3,4,7,7
GTEX-VUSG-2326-SM-4KL1U,Normal_GTEX,1,0,2,1,3,2,2,4,2,2,1,3,3,4,3,4,7,7
GTEX-WEY5-0826-SM-4LMIH,Normal_GTEX,1,2,2,1,1,0,1,1,4,1,3,0,1,5,5,1,0,0
GTEX-13SLW-0011-R4b-SM-5S2W2,Normal_GTEX,3,1,0,3,2,3,4,3,0,5,4,5,6,3,6,7,4,4
GTEX-Y114-0326-SM-4TT99,Normal_GTEX,1,2,2,1,1,0,1,1,4,1,3,0,1,5,0,1,0,0
GTEX-13X6I-0626-SM-5QGP9,Normal_GTEX,1,0,2,1,3,2,2,4,2,2,1,3,3,4,3,4,7,7
GTEX-Y5LM-0826-SM-4VDSW,Normal_GTEX,1,2,2,1,1,0,1,1,4,1,3,0,2,0,5,3,6,6
TCGA-E9-A295-01,LumA,2,0,1,2,0,1,3,0,1,4,0,1,5,6,1,6,2,2
GTEX-X4XX-0005-SM-3NMCS,Normal_GTEX,3,1,0,4,2,3,5,2,3,6,5,4,7,2,4,8,1,1
GTEX-13FLV-1126-SM-5J2NO,Normal_GTEX,1,0,2,1,3,2,2,4,2,2,1,3,3,4,3,4,7,7
GTEX-P44G-1126-SM-3NM9D,Normal_GTEX,1,0,2,1,3,2,2,4,2,3,2,2,4,1,2,5,3,3
GTEX-PVOW-2526-SM-2XCF7,Normal_GTEX,3,1,0,3,2,3,4,3,0,5,4,5,6,3,6,7,4,4
GTEX-OHPN-0011-R10A-SM-5S2U3,Normal_GTEX,3,1,0,3,2,3,4,3,0,5,4,5,6,3,6,7,4,4
GTEX-NPJ7-1726-SM-2YUNA,Normal_GTEX,1,2,2,1,1,0,1,1,4,1,1,0,2,0,3,3,6,6
GTEX-139T6-1526-SM-5P9G6,Normal_GTEX,1,0,2,1,3,2,1,4,2,1,2,2,1,1,2,1,3,3
GTEX-WFJO-0726-SM-4LVM8,Normal_GTEX,1,2,2,1,1,0,1,1,4,1,3,0,1,5,5,1,0,0
GTEX-RNOR-0926-SM-2TF56,Normal_GTEX,1,0,2,1,3,2,1,4,2,1,2,2,2,1,2,3,3,3
GTEX-ZLFU-0226-SM-4WWFH,Normal_GTEX,1,2,2,1,1,0,1,1,4,1,3,0,2,5,0,2,0,0
GTEX-13FHP-0011-R5b-SM-5LZY2,Normal_GTEX,3,1,0,3,2,3,4,3,0,5,4,5,6,3,6,7,4,4
TCGA-E2-A1IU-01,LumA,2,0,1,2,0,1,3,0,1,4,0,1,5,6,1,6,2,2
GTEX-139T8-0011-R3b-SM-5HL4R,Normal_GTEX,3,1,0,3,2,3,4,3,0,5,4,5,6,3,6,7,4,4
TCGA-E9-A1N5-01,LumA,2,0,1,2,0,1,3,0,1,4,0,1,5,6,1,6,2,2
GTEX-ZV7C-1626-SM-5NQ7E,Normal_GTEX,1,0,2,1,3,2,2,4,2,3,2,2,4,1,2,5,3,3
GTEX-U8XE-0726-SM-3DB8O,Normal_GTEX,1,2,2,1,1,0,1,1,4,1,1,4,2,0,0,2,6,6
GTEX-11DYG-2026-SM-5EGGX,Normal_GTEX,1,2,2,1,1,0,1,1,4,1,2,0,2,0,5,3,6,6
GTEX-SNOS-0006-SM-32PLH,Normal_GTEX,3,1,0,4,2,3,5,2,3,6,5,4,7,2,4,8,1,1
GTEX-X261-2326-SM-4PQYU,Normal_GTEX,1,0,0,1,3,2,2,3,2,3,4,5,4,3,6,5,4,4
GTEX-ZE7O-0011-R11a-SM-57WBC,Normal_GTEX,3,1,0,3,2,3,4,3,0,5,4,5,6,3,6,7,4,4
TCGA-E2-A1IJ-01,LumA,2,0,1,2,0,1,3,0,1,4,0,1,5,6,1,6,2,2
GTEX-RVPU-2326-SM-2TF6R,Normal_GTEX,1,2,2,1,1,0,1,1,4,1,1,0,2,0,5,3,6,6
GTEX-Y3I4-0006-SM-4TT1E,Normal_GTEX,3,1,0,4,2,3,5,2,3,6,5,4,7,2,4,8,1,1
GTEX-11XUK-0226-SM-5EQLW,Normal_GTEX,1,0,2,1,3,2,1,4,2,1,2,2,2,1,2,3,3,3
GTEX-N7MT-0011-R11A-SM-2I3DZ,Normal_GTEX,3,1,0,3,2,3,4,3,0,5,4,5,6,3,6,7,4,4
GTEX-13OW6-1426-SM-5L3EU,Normal_GTEX,1,2,2,1,1,0,1,1,4,1,3,0,1,5,5,1,0,0
GTEX-NL4W-0011-R5a-SM-2I3GD,Normal_GTEX,3,1,0,3,2,3,4,3,0,5,4,5,6,3,6,7,4,4
GTEX-147GR-0011-R10b-SM-5S2UM,Normal_GTEX,3,1,0,3,2,3,4,3,0,5,4,5,6,3,6,7,4,4
GTEX-13SLW-0626-SM-5Q5ER,Normal_GTEX,1,0,2,1,3,2,2,4,2,2,1,3,3,4,3,4,7,7
GTEX-QXCU-0826-SM-2TC6F,Normal_GTEX,1,2,2,1,1,0,1,1,4,1,3,0,2,5,0,2,0,0
GTEX-Z9EW-0626-SM-5HL95,Normal_GTEX,1,2,2,1,1,0,1,1,4,1,3,0,1,5,5,1,0,0
GTEX-NPJ8-2426-SM-3MJHL,Normal_GTEX,1,2,2,1,1,0,1,1,4,1,3,0,1,5,5,1,0,0
GTEX-WYJK-1326-SM-3NB2T,Normal_GTEX,1,0,2,1,3,2,1,4,2,1,1,0,2,0,5,3,3,6
GTEX-ZVZQ-0011-R8a-SM-51MR5,Normal_GTEX,3,1,0,3,2,3,4,3,0,5,4,5,6,3,6,7,4,4
GTEX-XGQ4-0008-SM-4AT3Z,Normal_GTEX,3,2,2,4,1,0,5,1,3,6,1,4,7,0,0,8,5,5
GTEX-132AR-2526-SM-5PNVM,Normal_GTEX,1,2,2,1,1,0,1,1,4,1,3,0,1,5,5,1,0,0
TCGA-BH-A209-01,LumB,2,0,1,2,0,1,3,0,1,4,0,1,5,6,1,6,2,2
GTEX-XBEC-1826-SM-4QASN,Normal_GTEX,1,2,2,1,1,0,1,1,4,1,2,0,2,0,5,3,6,6
GTEX-Z9EW-1726-SM-5CVMO,Normal_GTEX,1,2,2,1,1,0,1,1,4,1,1,4,2,0,0,2,6,6
TCGA-C8-A26W-01,LumB,2,0,1,2,0,1,3,0,1,4,0,1,5,6,1,6,2,2
GTEX-Y5LM-1126-SM-4VDT5,Normal_GTEX,1,2,2,1,1,0,1,1,4,1,3,0,1,5,5,1,0,0
GTEX-ZZ64-1726-SM-5GZYB,Normal_GTEX,1,0,2,1,3,2,2,4,2,2,1,3,3,4,3,4,7,7
GTEX-13CIG-0011-R3b-SM-5K7XF,Normal_GTEX,3,1,0,3,2,3,4,3,0,5,4,5,6,3,6,7,4,4
GTEX-13SLX-0011-R5a-SM-5O9BV,Normal_GTEX,3,1,0,3,2,3,4,3,0,5,4,5,6,3,6,7,4,4
GTEX-ZTSS-1426-SM-5985P,Normal_GTEX,1,0,2,1,3,2,2,4,2,2,1,3,3,4,3,4,7,7
TCGA-E2-A1AZ-01,Basal,2,0,1,2,0,1,3,0,1,4,0,1,5,6,1,6,2,2
GTEX-132Q8-1726-SM-5EGK8,Normal_GTEX,1,2,2,1,1,0,1,1,4,1,2,0,2,0,5,3,6,6
GTEX-11NUK-1426-SM-5HL68,Normal_GTEX,1,2,2,1,1,0,1,1,4,1,3,0,1,5,5,1,0,0
GTEX-T5JW-2026-SM-4DM63,Normal_GTEX,1,0,2,1,0,2,1,0,2,1,0,1,2,6,5,3,2,6
GTEX-ZLWG-1226-SM-4WWFS,Normal_GTEX,1,2,2,1,1,0,1,1,4,1,3,0,1,5,5,1,0,0
GTEX-111CU-1826-SM-5GZYN,Normal_GTEX,1,2,2,1,1,0,1,1,4,1,1,0,2,0,5,3,6,6
TCGA-AN-A0FK-01,LumA,2,0,1,2,0,1,3,0,1,4,0,1,5,6,1,6,2,2
GTEX-T5JC-2526-SM-4DM6G,Normal_GTEX,1,1,0,1,2,3,2,3,0,3,4,5,4,3,6,5,4,4
GTEX-14A5I-2426-SM-5Q5CP,Normal_GTEX,1,2,2,1,1,0,1,1,4,1,3,0,1,5,5,1,0,0
GTEX-13U4I-2126-SM-5LU55,Normal_GTEX,1,2,2,1,1,0,1,1,4,1,3,0,1,5,0,1,5,5
GTEX-13PVQ-0011-R5b-SM-5O9DI,Normal_GTEX,3,1,0,3,2,3,4,3,0,5,4,5,6,3,6,7,4,4
GTEX-11XUK-1626-SM-5GU5O,Normal_GTEX,1,2,2,1,1,0,1,1,4,1,3,0,1,5,0,1,5,5
GTEX-ZF29-1826-SM-4WKG8,Normal_GTEX,1,2,2,1,3,2,2,1,2,3,3,2,4,5,5,5,3,3
GTEX-RU72-0011-R11A-SM-5SI8G,Normal_GTEX,3,1,0,3,2,3,4,3,0,5,4,5,6,3,6,7,4,4
GTEX-S7SE-0011-R6A-SM-2XCD9,Normal_GTEX,3,1,0,3,2,3,4,3,0,5,4,5,6,3,6,7,4,4
GTEX-13PVQ-0526-SM-5LU8Q,Normal_GTEX,1,2,2,1,1,0,1,1,4,1,3,0,1,5,0,1,0,0
TCGA-E9-A1RD-11,Normal_TCGA,1,0,1,1,0,1,1,0,1,1,0,1,2,6,1,3,2,2
GTEX-132AR-0826-SM-5EGK6,Normal_GTEX,1,2,2,1,1,0,1,1,4,1,1,0,2,0,5,3,6,6
GTEX-13O1R-0526-SM-5K7XU,Normal_GTEX,1,2,2,1,1,0,1,1,4,1,1,4,2,0,0,2,6,6
GTEX-12WSA-0011-R4a-SM-57WB7,Normal_GTEX,3,1,0,3,2,3,4,3,0,5,4,5,6,3,6,7,4,4
GTEX-12WSH-0011-R1a-SM-5GU5V,Normal_GTEX,3,1,0,3,2,3,4,3,0,5,4,5,6,3,6,7,4,4
GTEX-145MI-0011-R11a-SM-5P9JZ,Normal_GTEX,3,1,0,3,2,3,4,3,0,5,4,5,6,3,6,7,4,4
GTEX-WYVS-2526-SM-3NMAT,Normal_GTEX,1,2,2,1,1,0,1,1,4,1,3,0,1,5,0,1,0,0
TCGA-E2-A1BC-11,Normal_TCGA,1,2,2,1,1,0,1,1,4,1,1,0,2,0,5,3,6,6
GTEX-ZYVF-2826-SM-5GIDK,Normal_GTEX,1,2,2,1,1,0,1,1,4,1,3,0,1,5,5,1,0,0
GTEX-YFC4-0006-SM-4RGLV,Normal_GTEX,3,1,0,4,2,3,5,2,3,6,5,4,7,2,4,8,1,1
GTEX-OXRL-0726-SM-3NM9A,Normal_GTEX,1,2,2,1,1,0,1,1,4,1,3,0,1,5,5,1,0,0
GTEX-ZYFG-0426-SM-5E43M,Normal_GTEX,1,2,2,1,1,0,1,1,4,1,3,0,2,5,0,2,0,0
GTEX-WRHU-0726-SM-3MJFL,Normal_GTEX,1,2,2,1,1,0,1,1,4,1,3,0,1,0,0,1,6,0
GTEX-PWOO-2326-SM-2S1PQ,Normal_GTEX,1,2,2,1,1,0,1,1,4,1,1,4,2,0,0,2,6,6
GTEX-12WSF-0011-R5a-SM-5HL8K,Normal_GTEX,3,1,0,3,2,3,4,3,0,5,4,5,6,3,6,7,4,4
TCGA-D8-A1XO-01,LumA,2,0,1,2,0,1,3,0,1,4,0,1,5,6,1,6,2,2
GTEX-YEC3-0826-SM-4WWFP,Normal_GTEX,1,0,2,1,3,2,1,4,2,1,2,2,2,1,2,3,3,3
GTEX-PVOW-0011-R3A-SM-32PKX,Normal_GTEX,3,1,0,3,2,3,4,3,0,5,4,5,6,3,6,7,4,4
GTEX-145LS-3126-SM-5Q5BY,Normal_GTEX,3,1,0,3,2,3,4,3,0,5,4,5,6,3,6,7,4,4
GTEX-113JC-2826-SM-5EGIT,Normal_GTEX,1,1,0,1,2,3,2,3,0,3,4,5,4,3,6,5,4,4
GTEX-14753-0226-SM-5Q5CH,Normal_GTEX,1,2,2,1,1,0,1,1,4,1,3,0,1,5,0,1,0,0
TCGA-BH-A1FR-11,Normal_TCGA,1,0,1,1,0,1,1,0,1,1,0,1,2,6,1,3,2,2
GTEX-SE5C-0326-SM-4BRWX,Normal_GTEX,1,0,2,1,3,2,2,4,2,3,2,2,4,1,2,5,3,3
GTEX-147F3-0426-SM-5SI8V,Normal_GTEX,1,2,2,1,1,0,1,1,4,1,3,0,1,5,0,1,0,0
GTEX-XBED-1026-SM-48TCB,Normal_GTEX,1,0,2,1,3,2,2,4,2,2,1,3,3,4,3,4,7,7
GTEX-ZQUD-0003-SM-4YCD3,Normal_GTEX,3,1,0,4,2,3,5,2,3,6,5,4,7,2,4,8,1,1
GTEX-13FTX-0926-SM-5IFF7,Normal_GTEX,1,2,2,1,1,0,1,1,4,1,2,0,1,1,0,1,5,5
GTEX-Y5LM-0003-SM-4V6G1,Normal_GTEX,3,1,0,4,2,3,5,2,3,6,5,4,7,2,4,8,1,1
TCGA-D8-A27G-01,LumA,2,0,1,2,0,1,3,0,1,4,0,1,5,6,1,6,2,2
GTEX-ZVP2-2126-SM-5GU6E,Normal_GTEX,1,2,2,1,1,0,1,1,4,1,1,4,2,0,0,2,6,6
GTEX-XPVG-1326-SM-4B65P,Normal_GTEX,1,2,2,1,1,0,1,1,4,1,3,0,1,5,5,1,0,0
GTEX-1399S-1926-SM-5J2M5,Normal_GTEX,1,0,2,1,3,2,2,4,2,3,2,2,4,1,2,5,3,3
GTEX-13FH7-1026-SM-5IJGF,Normal_GTEX,1,0,2,1,3,2,2,4,2,3,2,2,4,1,2,5,3,3
GTEX-131XE-0926-SM-5HL7J,Normal_GTEX,1,2,2,1,1,0,1,4,4,1,3,0,1,5,5,1,0,0
GTEX-12ZZX-0326-SM-5DUVH,Normal_GTEX,1,2,2,1,1,0,1,1,4,1,1,4,2,0,0,2,6,6
GTEX-QVJO-0011-R6A-SM-2S1QN,Normal_GTEX,3,1,0,3,2,3,4,3,0,5,4,5,6,3,6,7,4,4
TCGA-AR-A0TT-01,LumB,2,0,1,2,0,1,3,0,1,4,0,1,5,6,1,6,2,2
TCGA-A8-A0A4-01,LumA,2,0,1,2,0,1,3,0,1,4,0,1,5,6,1,6,2,2
GTEX-12WSK-0326-SM-5GCOJ,Normal_GTEX,1,1,0,1,2,3,2,1,4,3,2,2,4,1,2,5,5,5
GTEX-139UC-0005-SM-5PNU7,Normal_GTEX,3,1,0,4,2,3,5,2,3,6,5,4,7,2,4,8,1,1
GTEX-WYVS-1926-SM-4PQZ2,Normal_GTEX,1,0,2,1,3,2,2,4,2,3,2,2,4,1,2,5,3,3
GTEX-PSDG-0426-SM-2S1OF,Normal_GTEX,1,2,2,1,1,0,1,1,4,1,1,4,2,0,0,2,6,6
GTEX-R3RS-0126-SM-3GIJL,Normal_GTEX,1,0,2,1,3,2,2,4,2,2,1,3,3,4,3,4,7,7
GTEX-XBEC-1226-SM-4AT65,Normal_GTEX,1,2,2,1,1,0,1,1,4,1,3,0,2,5,0,2,0,0
GTEX-12126-0826-SM-5FQTZ,Normal_GTEX,1,0,2,1,3,2,2,4,2,2,1,3,3,4,3,4,7,7
GTEX-XQ8I-0426-SM-4BOPO,Normal_GTEX,1,0,2,1,3,2,2,4,2,2,1,3,3,4,3,4,7,7
GTEX-11WQK-1526-SM-5EGKN,Normal_GTEX,1,2,2,1,1,0,1,1,4,1,2,0,2,0,5,3,6,6
GTEX-P4QT-0626-SM-3NMCP,Normal_GTEX,1,0,2,1,3,2,2,4,2,2,1,3,3,4,3,4,7,7
GTEX-145LS-0011-R8b-SM-5PNXA,Normal_GTEX,3,1,0,3,2,3,4,3,0,5,4,5,6,3,6,7,4,4
GTEX-13OW8-2926-SM-5L3FV,Normal_GTEX,3,1,0,3,2,3,4,3,0,5,4,5,6,3,6,7,4,4
GTEX-UTHO-0426-SM-5SI7N,Normal_GTEX,1,2,2,1,1,0,1,1,4,1,1,0,1,0,5,1,6,6
GTEX-12ZZW-0005-SM-5O9BY,Normal_GTEX,3,1,0,4,2,3,5,2,3,6,5,4,7,2,4,8,1,1
GTEX-PLZ6-1426-SM-2S1OQ,Normal_GTEX,1,0,2,1,3,2,2,4,2,2,1,3,3,4,3,4,7,7
GTEX-13CF3-1426-SM-5K7YY,Normal_GTEX,1,2,2,1,1,0,1,1,4,1,3,0,1,5,5,1,0,0
TCGA-BH-A0DQ-01,LumA,2,0,1,2,0,1,3,0,1,4,0,1,5,6,1,6,2,2
GTEX-XMK1-0926-SM-4B66X,Normal_GTEX,1,2,2,1,1,0,1,1,4,1,2,0,2,0,5,3,6,6
GTEX-ZVT3-0011-R7a-SM-57WCO,Normal_GTEX,3,1,0,3,2,3,4,3,0,5,4,5,6,3,6,7,4,4
GTEX-ZLWG-0526-SM-4WWFB,Normal_GTEX,1,0,2,1,3,2,1,4,2,1,2,2,2,1,2,3,3,3
GTEX-144GM-0226-SM-5Q5CB,Normal_GTEX,1,0,2,1,3,2,1,4,2,1,2,2,2,1,2,3,3,3
GTEX-QMR6-0011-R4A-SM-32PKU,Normal_GTEX,3,1,0,3,2,3,4,3,0,5,4,5,6,3,6,7,4,4
GTEX-11ZUS-1826-SM-5FQTR,Normal_GTEX,1,2,2,1,1,0,1,1,4,1,3,0,2,0,5,3,6,6
GTEX-Z9EW-0826-SM-5HL9T,Normal_GTEX,1,2,2,1,1,0,1,1,4,1,2,0,2,0,5,3,6,6
GTEX-P44H-0011-R6A-SM-2XCF3,Normal_GTEX,3,1,0,3,2,3,4,3,0,5,4,5,6,3,6,7,4,4
GTEX-132AR-2126-SM-5K7XG,Normal_GTEX,1,2,2,1,1,0,1,1,4,1,3,0,1,5,0,1,0,0
GTEX-13CZV-0006-SM-5P9IN,Normal_GTEX,3,1,0,4,2,3,5,2,3,6,5,4,7,2,4,8,1,1
GTEX-13NZ8-1626-SM-5IJBC,Normal_GTEX,1,2,2,1,1,0,1,1,4,1,3,0,1,5,0,1,0,0
GTEX-11TUW-0226-SM-5LU8X,Normal_GTEX,1,0,2,1,3,0,1,4,4,1,2,2,2,1,2,3,3,3
GTEX-1399S-0826-SM-5KM23,Normal_GTEX,1,2,2,1,1,0,1,1,4,1,3,0,2,5,0,2,0,0
GTEX-13O61-0005-SM-5O9AU,Normal_GTEX,3,1,0,4,2,3,5,2,3,6,5,4,7,2,4,8,1,1
GTEX-S3XE-0326-SM-4AD6L,Normal_GTEX,1,2,2,1,1,0,1,1,4,1,3,0,1,5,0,1,0,0
GTEX-YEC3-1426-101806-SM-5PNXX,Normal_GTEX,1,2,2,1,1,0,1,1,4,1,3,0,1,5,5,1,0,0
GTEX-13OW7-0126-SM-5MR3B,Normal_GTEX,1,0,2,1,3,2,2,4,2,2,1,3,3,4,3,4,7,7
GTEX-13PL7-1226-SM-5SIAR,Normal_GTEX,1,2,2,1,1,0,1,1,4,1,3,0,2,0,5,3,6,6
GTEX-13O61-1626-SM-5KM3T,Normal_GTEX,1,2,2,1,1,0,1,1,4,1,3,0,1,5,5,1,0,0
GTEX-P44G-0011-R7A-SM-2I3F9,Normal_GTEX,3,1,0,3,2,3,4,3,0,5,4,5,6,3,6,7,4,4
GTEX-ZLWG-1026-SM-4WWC4,Normal_GTEX,1,2,2,1,1,0,1,1,4,1,3,0,1,5,5,1,0,0
GTEX-S33H-0326-SM-4AD6N,Normal_GTEX,1,0,2,1,1,0,1,1,4,1,1,0,2,0,5,3,6,6
GTEX-ZDXO-3126-SM-5IJDF,Normal_GTEX,1,0,2,1,3,2,2,4,2,2,1,3,3,4,3,4,7,7
GTEX-S32W-0426-SM-4AD6H,Normal_GTEX,1,2,2,1,1,0,1,1,4,1,3,0,1,5,0,1,0,0
GTEX-13OW6-1126-SM-5L3HL,Normal_GTEX,1,2,2,1,1,0,1,1,4,1,3,0,2,5,0,2,0,0
TCGA-BH-A0BC-11,Normal_TCGA,1,0,1,1,0,1,1,0,1,1,0,1,2,6,1,3,2,2
TCGA-GI-A2C9-01,Basal,2,0,1,2,0,1,3,0,1,4,0,1,5,6,1,6,2,2
GTEX-VUSG-1526-SM-4KKZH,Normal_GTEX,1,2,0,1,1,3,2,1,4,3,2,2,4,1,2,5,5,5
GTEX-R55F-0011-R6A-SM-2TF4L,Normal_GTEX,3,1,0,3,2,3,4,3,0,5,4,5,6,3,6,7,4,4
GTEX-P4PQ-0626-SM-3NMCU,Normal_GTEX,1,0,2,1,3,2,2,4,2,2,1,3,3,4,3,4,7,7
GTEX-YEC4-2326-SM-5IFHV,Normal_GTEX,1,2,2,1,1,0,1,1,4,1,3,0,1,5,0,1,0,0
GTEX-XMD2-0926-SM-4WWEF,Normal_GTEX,1,0,2,1,3,2,1,4,2,1,1,0,2,0,5,3,6,6
GTEX-YJ89-0011-R8b-SM-4SOK8,Normal_GTEX,3,1,0,3,2,3,4,3,0,5,4,5,6,3,6,7,4,4
GTEX-XBEW-0726-SM-4QARX,Normal_GTEX,1,2,2,1,1,0,1,1,4,1,1,0,2,0,5,3,6,6
TCGA-A7-A3IZ-01,LumA,2,0,1,2,0,1,3,0,1,4,0,1,5,6,1,6,2,2
GTEX-12WSM-0005-SM-5NQB3,Normal_GTEX,3,1,0,4,2,3,5,2,3,6,5,4,7,2,4,8,1,1
GTEX-11DXY-3026-SM-5N9CB,Normal_GTEX,1,1,0,1,2,3,2,3,0,3,4,5,4,3,6,5,4,4
GTEX-12WSJ-1826-SM-5GCNY,Normal_GTEX,1,0,2,1,3,2,2,4,2,2,1,3,3,4,3,4,7,7
GTEX-RU72-1126-SM-2TF6H,Normal_GTEX,1,2,2,1,1,0,1,1,4,1,1,0,2,0,3,3,6,6
GTEX-12WSC-0926-SM-5EQ63,Normal_GTEX,1,2,2,1,1,0,1,1,4,1,3,0,1,5,0,1,0,0
TCGA-AO-A12D-01,Her2,2,0,1,2,0,1,3,0,1,4,0,1,5,6,1,6,2,2
GTEX-ZE9C-2126-SM-4WKGY,Normal_GTEX,1,2,2,1,1,0,1,1,4,1,3,0,1,5,5,1,0,0
GTEX-ZVT2-1626-SM-51MRC,Normal_GTEX,1,0,2,1,3,2,2,4,2,3,2,2,4,1,2,5,3,3
GTEX-13OW8-1326-SM-5J1OW,Normal_GTEX,1,0,2,1,3,2,2,4,2,2,1,3,3,4,3,4,7,7
GTEX-11EQ8-0526-SM-5N9BC,Normal_GTEX,1,2,2,1,1,0,1,1,4,1,1,4,2,0,0,2,6,6
GTEX-TSE9-0011-R1A-SM-3DB7E,Normal_GTEX,3,1,0,3,2,3,4,3,0,5,4,5,6,3,6,7,4,4
GTEX-XQ8I-0226-SM-4BOPM,Normal_GTEX,1,2,2,1,1,0,1,1,4,1,3,0,2,5,0,2,0,0
GTEX-12ZZW-0011-R6a-SM-5DUVZ,Normal_GTEX,3,1,0,3,2,3,4,3,0,5,4,5,6,3,6,7,4,4
GTEX-XPVG-2526-SM-4B66D,Normal_GTEX,1,2,2,1,1,0,1,1,4,1,1,4,2,0,0,2,6,6
GTEX-QLQ7-0008-SM-447AW,Normal_GTEX,3,2,2,4,1,0,5,1,3,6,1,4,7,0,0,8,5,5
GTEX-WY7C-0008-SM-4ONDW,Normal_GTEX,3,2,2,4,1,0,5,1,3,6,1,4,7,0,0,8,5,5
GTEX-13113-2126-SM-5EQ4U,Normal_GTEX,1,2,2,1,1,0,1,1,4,1,3,0,1,5,0,1,0,0
GTEX-XGQ4-1226-SM-4AT67,Normal_GTEX,1,0,2,1,3,2,2,4,2,3,2,2,4,1,2,5,3,3
GTEX-RU72-1026-SM-46MUG,Normal_GTEX,1,2,2,1,1,0,1,1,4,1,1,0,2,0,5,3,6,6
TCGA-EW-A1PC-01,LumB,2,0,1,2,0,1,3,0,1,4,0,1,5,6,1,6,2,2
GTEX-S4Z8-0226-SM-4AD5K,Normal_GTEX,1,1,0,1,2,3,2,4,3,3,2,2,4,1,2,5,3,3
GTEX-11UD2-2826-SM-5GU6X,Normal_GTEX,1,0,0,1,3,2,2,3,2,3,4,5,4,3,6,5,4,4
GTEX-N7MS-0011-R1a-SM-2HMJG,Normal_GTEX,3,1,0,3,2,3,4,3,0,5,4,5,6,3,6,7,4,4
GTEX-139T6-0826-SM-5J1O2,Normal_GTEX,1,2,2,1,1,0,1,1,4,1,3,0,1,5,5,1,0,0
TCGA-E2-A1LA-01,LumA,2,0,1,2,0,1,3,0,1,4,0,1,5,6,1,6,2,2
GTEX-139D8-1426-SM-5IJEX,Normal_GTEX,1,2,2,1,1,0,1,1,4,1,3,0,1,5,5,1,0,0
GTEX-Y8E4-0126-SM-4VBQ2,Normal_GTEX,1,0,2,1,3,2,1,4,2,1,2,2,2,1,2,3,3,3
GTEX-13CF2-2826-SM-5LZX9,Normal_GTEX,1,2,2,1,1,0,1,1,4,1,1,0,2,0,3,3,6,6
GTEX-U3ZM-1526-SM-3DB9D,Normal_GTEX,1,0,2,1,3,2,2,4,2,2,1,3,3,4,3,4,7,7
GTEX-QEL4-1526-SM-447AB,Normal_GTEX,1,2,2,1,1,0,1,1,4,1,3,0,1,5,5,1,0,0
GTEX-Q2AG-0011-R3A-SM-2HMJ9,Normal_GTEX,3,1,0,3,2,3,4,3,0,5,4,5,6,3,6,7,4,4
GTEX-T6MN-0011-R6A-SM-5CHQD,Normal_GTEX,3,1,0,4,2,3,5,2,3,6,5,4,7,2,4,8,1,1
TCGA-D8-A143-01,Basal,2,0,1,2,0,1,3,0,1,4,0,1,5,6,1,6,2,2
GTEX-ZT9W-0526-SM-57WFG,Normal_GTEX,1,2,2,1,1,0,1,1,4,1,3,0,2,5,0,2,0,0
GTEX-14A5I-1726-SM-5QGQ5,Normal_GTEX,1,0,2,1,3,2,2,4,2,3,2,2,4,1,2,5,3,3
GTEX-12WSB-3026-SM-59HKM,Normal_GTEX,3,1,0,3,2,3,4,3,0,5,4,5,6,3,6,7,4,4
GTEX-WFG8-1726-SM-4LVM6,Normal_GTEX,1,2,2,1,1,0,1,1,4,1,3,0,1,5,5,1,0,0
GTEX-Y8LW-0005-SM-4V6EV,Normal_GTEX,3,1,0,4,2,3,5,2,3,6,5,4,7,2,4,8,1,1
GTEX-ZAB4-0126-SM-5CVMG,Normal_GTEX,1,0,0,1,3,2,2,4,2,3,2,5,4,1,6,5,3,4
GTEX-RU1J-0226-SM-2TF5Y,Normal_GTEX,1,0,2,1,3,2,1,4,2,1,2,2,2,1,2,3,3,3
GTEX-13O61-2426-SM-5J1NV,Normal_GTEX,1,2,2,1,1,0,1,1,4,1,1,0,2,0,5,3,6,6
TCGA-B6-A0I5-01,LumA,2,0,1,2,0,1,3,0,1,4,0,1,5,6,1,6,2,2
GTEX-ZVT3-2726-SM-5GU5X,Normal_GTEX,1,2,2,1,1,0,2,1,4,2,1,3,3,4,3,4,7,7
GTEX-ZTPG-0008-SM-4YCEK,Normal_GTEX,3,2,2,4,1,0,5,1,3,6,3,4,7,5,0,8,5,5
TCGA-AR-A24R-01,LumB,2,0,1,2,0,1,3,0,1,4,0,1,5,6,1,6,2,2
GTEX-ZF3C-0526-SM-4WWBG,Normal_GTEX,1,2,2,1,1,0,1,1,4,1,3,0,1,5,0,1,0,0
GTEX-11TUW-1326-SM-5EQKV,Normal_GTEX,1,0,2,1,3,2,2,4,2,2,1,3,3,4,3,4,7,7
GTEX-14E6C-0326-SM-5Q5EE,Normal_GTEX,1,2,2,1,1,0,1,1,4,1,3,0,2,5,0,2,0,0
GTEX-UJHI-1526-SM-3DB99,Normal_GTEX,1,0,2,1,3,2,2,4,2,2,1,3,3,4,3,4,7,7
GTEX-1399Q-1126-SM-5P9JA,Normal_GTEX,1,0,2,1,3,2,2,4,2,2,1,3,3,4,3,4,7,7
GTEX-1128S-0826-SM-5GZZI,Normal_GTEX,1,0,2,1,3,2,2,4,2,3,2,2,4,1,2,5,3,3
GTEX-ZVP2-1826-SM-5GU62,Normal_GTEX,1,2,2,1,1,0,1,1,4,1,1,0,2,0,5,3,6,6
GTEX-11UD2-0126-SM-5EQL2,Normal_GTEX,1,2,2,1,1,0,1,1,4,1,1,0,2,0,5,3,6,6
GTEX-PVOW-0626-SM-2XCF6,Normal_GTEX,1,2,2,1,1,0,1,1,4,1,1,0,2,0,3,3,6,6
GTEX-S33H-1826-SM-4AD65,Normal_GTEX,1,0,2,1,3,2,1,4,2,1,2,2,1,1,2,1,3,3
GTEX-Z93S-2826-SM-57WBL,Normal_GTEX,3,1,0,3,2,3,4,3,0,5,4,5,6,3,6,7,4,4
GTEX-TSE9-0626-SM-3DB8B,Normal_GTEX,1,0,2,1,3,2,1,4,2,1,2,2,2,1,2,3,3,3
GTEX-ZE9C-3026-SM-4WKHB,Normal_GTEX,3,1,0,3,2,3,4,3,0,5,4,5,6,3,6,7,4,4
GTEX-PX3G-0926-SM-48U12,Normal_GTEX,1,1,0,1,2,3,2,2,3,3,2,2,4,1,2,5,3,3
GTEX-12WSJ-0005-SM-5LU8S,Normal_GTEX,3,1,0,4,2,3,5,2,3,6,5,4,7,2,4,8,1,1
GTEX-WI4N-0626-SM-3TW8Z,Normal_GTEX,1,2,2,1,1,0,1,1,4,1,3,0,2,5,0,2,0,0
GTEX-ZF28-0011-R3a-SM-4WWDA,Normal_GTEX,3,1,0,3,2,3,4,3,0,5,4,5,6,3,6,7,4,4
GTEX-O5YV-1126-SM-3LK73,Normal_GTEX,1,1,0,1,2,3,2,3,4,3,2,2,4,1,2,5,5,5
GTEX-117YW-2426-SM-5Q5AE,Normal_GTEX,1,2,2,1,1,0,1,1,4,1,1,4,2,0,0,2,6,6
GTEX-XMD3-0008-SM-4AT4V,Normal_GTEX,3,2,2,4,1,0,5,1,3,6,1,4,7,0,0,8,5,5
GTEX-ZV68-0126-SM-59HKS,Normal_GTEX,1,0,2,1,3,2,2,4,2,2,1,3,3,4,3,4,7,7
GTEX-13SLX-0011-R6a-SM-5PNX4,Normal_GTEX,3,1,0,3,2,3,4,3,0,5,4,5,6,3,6,7,4,4
TCGA-A2-A0YF-01,LumA,2,0,1,2,0,1,3,0,1,4,0,1,5,6,1,6,2,2
GTEX-13N1W-0011-R3a-SM-5MR5E,Normal_GTEX,3,1,0,3,2,3,4,3,0,5,4,5,6,3,6,7,4,4
GTEX-X15G-1626-SM-3NMB3,Normal_GTEX,1,0,2,1,3,2,1,4,2,1,1,0,2,0,5,3,6,6
GTEX-POMQ-1926-SM-3NB1Y,Normal_GTEX,1,2,2,1,1,0,1,1,4,1,1,4,2,0,0,2,6,6
GTEX-Q2AH-0526-SM-2I3ED,Normal_GTEX,1,2,2,1,1,0,1,1,4,1,3,0,2,5,0,2,0,0
GTEX-X4XX-1126-SM-3NMBY,Normal_GTEX,1,2,2,1,1,0,1,1,4,1,3,0,2,5,0,2,0,0
GTEX-11ZVC-0726-SM-5FQT9,Normal_GTEX,1,0,2,1,3,2,2,4,2,3,2,2,4,1,2,5,3,3
GTEX-XOTO-0011-R3A-SM-4B64W,Normal_GTEX,3,1,0,3,2,3,4,3,0,5,4,5,6,3,6,7,4,4
GTEX-R55C-0626-SM-2TF4Q,Normal_GTEX,1,0,2,1,3,2,1,4,2,1,2,2,2,1,2,3,3,3
TCGA-BH-A0DS-01,LumA,2,0,1,2,0,1,3,0,1,4,0,1,5,6,1,6,2,2
GTEX-YFCO-2026-SM-4W21Q,Normal_GTEX,1,2,2,1,1,0,1,1,4,1,1,0,2,0,5,3,6,6
TCGA-E9-A1R5-01,LumA,2,0,1,2,0,1,3,0,1,4,0,1,5,6,1,6,2,2
GTEX-WZTO-1526-SM-4PQYQ,Normal_GTEX,1,2,2,1,1,0,1,1,4,1,3,0,1,5,5,1,0,0
GTEX-WYVS-0226-SM-4ONDK,Normal_GTEX,1,2,0,1,1,3,2,1,4,3,2,2,4,1,2,5,5,5
GTEX-ZV68-0011-R10a-SM-51MT7,Normal_GTEX,3,1,0,3,2,3,4,3,0,5,4,5,6,3,6,7,4,4
GTEX-14C38-0006-SM-5NQBF,Normal_GTEX,3,1,0,4,2,3,5,2,3,6,5,4,7,2,4,8,1,1
GTEX-132AR-1326-SM-5K7YC,Normal_GTEX,1,2,2,1,1,0,1,1,4,1,3,0,1,5,0,1,0,0
GTEX-X62O-0126-SM-4E3JN,Normal_GTEX,1,0,2,1,3,2,2,4,2,2,1,3,3,4,3,4,7,7
GTEX-ZLWG-0004-SM-4WWD5,Normal_GTEX,3,1,0,4,2,3,5,2,3,6,5,4,7,2,4,8,1,1
TCGA-E2-A159-01,Basal,2,0,1,2,0,1,3,0,1,4,0,1,5,6,1,6,2,2
GTEX-12WSA-0005-SM-5O9BM,Normal_GTEX,3,1,0,4,2,3,5,2,3,6,5,4,7,2,4,8,1,1
GTEX-13112-1426-SM-5EGH8,Normal_GTEX,1,0,2,1,3,2,2,4,2,3,2,2,4,1,2,5,3,3
TCGA-A8-A0A7-01,Her2,2,0,1,2,0,1,3,0,1,4,0,1,5,6,1,6,2,2
TCGA-B6-A0X5-01,LumB,2,0,1,2,0,1,3,0,1,4,0,1,5,6,1,6,2,2
GTEX-11P7K-0226-SM-5986Z,Normal_GTEX,1,0,2,1,3,2,1,4,2,1,2,2,2,1,2,3,3,3
GTEX-ZVT2-2426-SM-57WCQ,Normal_GTEX,1,2,2,1,1,0,1,1,4,1,1,4,2,0,0,2,6,6
GTEX-146FQ-0126-SM-5NQA9,Normal_GTEX,1,0,2,1,3,2,2,4,2,2,1,3,3,4,3,4,7,7
GTEX-13SLX-0011-R4a-SM-5O9BJ,Normal_GTEX,3,1,0,3,2,3,4,3,0,5,4,5,6,3,6,7,4,4
GTEX-13W46-1926-SM-5J2MF,Normal_GTEX,1,0,2,1,3,2,2,4,2,2,1,3,3,4,3,4,7,7
TCGA-BH-A18K-11,Normal_TCGA,1,0,1,1,0,1,1,0,1,1,0,1,2,6,1,3,2,2
GTEX-147F4-0011-R10b-SM-5S2WC,Normal_GTEX,3,1,0,3,2,3,4,3,0,5,4,5,6,3,6,7,4,4
GTEX-13FHP-0526-SM-5K7UY,Normal_GTEX,1,2,2,1,1,0,1,1,4,1,1,4,2,0,0,2,6,6
GTEX-1399R-2026-SM-5K7WN,Normal_GTEX,1,0,2,1,3,2,2,4,2,3,2,2,4,1,2,5,3,3
GTEX-11EM3-0001-SM-5Q5BD,Normal_GTEX,3,1,0,4,2,3,5,2,3,6,5,4,7,2,4,8,1,1
TCGA-B6-A0RE-01,Basal,2,0,1,2,0,1,3,0,1,4,0,1,5,6,1,6,2,2
GTEX-ZF2S-2126-SM-4WWAY,Normal_GTEX,1,2,2,1,1,0,1,1,4,1,1,4,2,0,0,2,6,6
GTEX-YEC3-1426-SM-4WWEM,Normal_GTEX,1,2,2,1,1,0,1,1,4,1,3,0,1,5,5,1,0,0
GTEX-13QJ3-1726-SM-5RQK9,Normal_GTEX,1,0,2,1,3,2,2,4,2,2,1,3,3,4,3,4,7,7
GTEX-144GM-1226-SM-5LU52,Normal_GTEX,1,0,2,1,3,2,2,4,2,3,2,2,4,1,2,5,3,3
GTEX-12WSD-0226-SM-59HKO,Normal_GTEX,1,2,2,1,1,0,1,1,4,1,1,0,2,0,5,3,6,6
GTEX-RN64-2326-SM-48FDW,Normal_GTEX,1,0,0,1,3,2,2,3,2,3,4,5,4,3,6,5,4,4
GTEX-13N1W-0126-SM-5K7VT,Normal_GTEX,1,0,2,1,3,2,2,4,2,2,1,3,3,4,3,4,7,7
GTEX-WZTO-0011-R7B-SM-4E3IS,Normal_GTEX,3,1,0,3,2,3,4,3,0,5,4,5,6,3,6,7,4,4
GTEX-WHSE-3026-SM-3P5ZH,Normal_GTEX,3,1,0,3,2,3,4,3,0,5,4,5,6,3,6,7,4,4
TCGA-EW-A1PH-01,Basal,2,0,1,2,0,1,3,0,1,4,0,1,5,6,1,6,2,2
GTEX-WZTO-0011-R10B-SM-4E3KB,Normal_GTEX,3,1,0,3,2,3,4,3,0,5,4,5,6,3,6,7,4,4
GTEX-12ZZY-1326-SM-5GCNW,Normal_GTEX,1,2,2,1,1,0,1,1,4,1,3,0,1,5,0,1,0,0
GTEX-11TTK-0826-SM-5N9EG,Normal_GTEX,1,0,2,1,3,2,1,4,2,1,2,2,2,1,2,3,3,3
GTEX-11UD1-0326-SM-5EQKX,Normal_GTEX,1,2,2,1,1,0,1,1,4,1,1,4,2,0,0,2,6,6
GTEX-1212Z-0826-SM-5EQ51,Normal_GTEX,1,2,2,1,1,0,1,1,4,1,3,0,1,5,0,1,0,0
GTEX-12WSM-2226-SM-5DUVS,Normal_GTEX,1,1,0,1,2,3,2,3,0,3,4,5,4,3,6,5,4,4
GTEX-PLZ6-1126-SM-3P5ZR,Normal_GTEX,1,0,2,1,3,2,1,4,2,1,2,2,1,1,2,1,3,3
GTEX-YEC3-0626-SM-5IFHZ,Normal_GTEX,1,0,2,1,3,2,2,4,2,3,2,2,4,1,2,5,3,3
GTEX-11TT1-0726-SM-5GU5A,Normal_GTEX,1,0,2,1,3,2,2,4,2,3,2,2,4,1,2,5,3,3
GTEX-13NYB-1726-SM-5N9G2,Normal_GTEX,1,0,2,1,3,2,2,4,2,3,2,2,4,1,2,5,3,3
GTEX-13X6J-1626-SM-5Q5CV,Normal_GTEX,1,2,2,1,1,0,1,1,4,1,3,0,1,5,5,1,0,0
GTEX-12WSL-1126-SM-5CVNK,Normal_GTEX,1,2,2,1,1,0,1,1,4,1,2,0,2,0,5,3,6,6
GTEX-145MI-0011-R10a-SM-5PNZD,Normal_GTEX,3,1,0,3,2,3,4,3,0,5,4,5,6,3,6,7,4,4
GTEX-X8HC-1026-SM-46MWH,Normal_GTEX,1,2,2,1,1,0,1,1,4,1,3,0,2,5,0,2,0,0
GTEX-13FTX-1026-SM-5J2O5,Normal_GTEX,1,2,2,1,1,0,1,1,4,1,3,0,1,5,5,1,0,0
TCGA-BH-A0DH-01,LumA,2,0,1,2,0,1,3,0,1,4,0,1,5,6,1,6,2,2
GTEX-13NYB-0011-R2a-SM-5MR3C,Normal_GTEX,3,1,0,3,2,3,4,3,0,5,4,5,6,3,6,7,4,4
GTEX-11TT1-2726-SM-5LU8L,Normal_GTEX,1,2,2,1,1,0,1,1,4,1,3,0,1,5,0,1,0,0
GTEX-ZDTT-0004-SM-4WKG3,Normal_GTEX,3,1,0,4,2,3,5,2,3,6,5,4,7,2,4,8,1,1
GTEX-13QBU-0426-SM-5J2O4,Normal_GTEX,1,2,2,1,1,0,1,1,4,1,3,0,2,5,0,2,0,0
GTEX-Q2AH-0826-SM-48TZN,Normal_GTEX,1,0,2,1,3,2,2,4,2,2,1,3,3,4,3,4,7,7
GTEX-131XG-1226-SM-5EGH9,Normal_GTEX,1,0,2,1,3,2,2,4,2,3,2,2,4,1,2,5,3,3
GTEX-13OVJ-0006-SM-5O98T,Normal_GTEX,3,1,0,4,2,3,5,2,3,6,5,4,7,2,4,8,1,1
GTEX-13NZ9-1126-SM-5MR37,Normal_GTEX,1,0,2,1,3,2,1,4,2,1,2,2,2,1,2,3,3,3
GTEX-ZDYS-1626-SM-4WKGB,Normal_GTEX,1,2,2,1,1,0,1,1,4,1,3,0,1,5,0,1,0,0
GTEX-ZUA1-0011-R1a-SM-4YCE2,Normal_GTEX,3,1,0,3,2,3,4,3,0,5,4,5,6,3,6,7,4,4
TCGA-E9-A22H-01,LumB,2,0,1,2,0,1,3,0,1,4,0,1,5,6,1,6,2,2
GTEX-RU1J-0426-SM-46MUK,Normal_GTEX,1,2,2,1,1,0,1,1,4,1,3,0,1,5,5,1,0,0
TCGA-E2-A155-01,LumB,2,0,1,2,0,1,3,0,1,4,0,1,5,6,1,6,2,2
TCGA-E2-A1IG-11,Normal_TCGA,1,0,1,1,0,1,1,0,1,1,0,1,2,6,1,3,2,2
GTEX-SNOS-0226-SM-32PLR,Normal_GTEX,1,0,2,1,3,2,1,4,2,1,2,2,2,1,2,3,3,3
TCGA-B6-A0X1-01,Basal,2,0,1,2,0,1,3,0,1,4,0,1,5,6,1,6,2,2
GTEX-NL3G-0007-SM-4SOIF,Normal_GTEX,3,1,0,4,2,3,5,2,3,6,5,4,7,2,4,8,1,1
GTEX-12ZZZ-0011-R3b-SM-5DUXK,Normal_GTEX,3,1,0,3,2,3,4,3,0,5,4,5,6,3,6,7,4,4
GTEX-13N11-1726-SM-5J1OJ,Normal_GTEX,1,0,2,1,3,2,1,4,2,1,1,0,2,0,5,3,6,6
GTEX-13D11-0926-SM-5J2NC,Normal_GTEX,1,0,2,1,3,2,2,4,2,2,1,3,3,4,3,4,7,7
GTEX-14DAR-0226-SM-5S2PR,Normal_GTEX,1,0,2,1,3,2,2,4,2,3,2,2,4,1,2,5,3,3
GTEX-OIZH-0005-SM-2HMJN,Normal_GTEX,3,1,0,4,2,3,5,2,3,6,5,4,7,2,4,8,1,1
GTEX-UPJH-0001-SM-3NMDE,Normal_GTEX,3,1,0,4,2,3,5,2,3,6,5,4,7,2,4,8,1,1
GTEX-ZPU1-1326-SM-57WE1,Normal_GTEX,1,2,2,1,1,0,1,1,4,1,3,0,1,5,5,1,0,0
GTEX-11H98-0426-SM-5HL55,Normal_GTEX,1,2,2,1,1,0,1,1,4,1,1,0,2,0,3,3,6,6
GTEX-R55C-0826-SM-48FCL,Normal_GTEX,1,0,2,1,3,2,2,4,2,2,1,3,3,4,3,4,7,7
TCGA-A8-A07U-01,Basal,2,0,1,2,0,1,3,0,1,4,0,1,5,6,1,6,2,2
GTEX-WI4N-2226-SM-4OOS9,Normal_GTEX,1,2,2,1,1,0,1,1,4,1,3,0,1,5,5,1,0,0
GTEX-13112-0126-SM-5P9IU,Normal_GTEX,1,0,2,1,3,2,2,4,2,2,1,3,3,4,3,4,7,7
GTEX-13CF3-1626-SM-5IFG9,Normal_GTEX,1,0,2,1,3,2,2,4,2,2,1,3,3,4,3,4,7,7
TCGA-A1-A0SP-01,Basal,2,0,1,2,0,1,3,0,1,4,0,1,5,6,1,6,2,2
GTEX-13O3O-0011-R7b-SM-5P9GZ,Normal_GTEX,3,1,0,3,2,3,4,3,0,5,4,5,6,3,6,7,4,4
GTEX-WVLH-0011-R8A-SM-3MJFC,Normal_GTEX,3,1,0,3,2,3,4,3,0,5,4,5,6,3,6,7,4,4
GTEX-139UC-0426-SM-5K7UR,Normal_GTEX,1,2,2,1,1,0,1,1,4,1,3,0,2,5,0,2,0,0
GTEX-XPVG-0726-SM-4B658,Normal_GTEX,1,2,2,1,1,0,1,1,4,1,3,0,2,5,0,2,0,0
GTEX-ZAK1-0526-SM-5K7X4,Normal_GTEX,1,2,2,1,1,0,1,1,4,1,1,4,2,0,0,2,6,6
GTEX-13RTK-1626-SM-5QGQS,Normal_GTEX,1,2,2,1,1,0,1,1,4,1,1,4,2,0,0,2,6,6
GTEX-11EI6-0526-SM-5985S,Normal_GTEX,1,2,2,1,1,0,1,1,4,1,3,0,1,5,0,1,0,0
GTEX-T6MN-0826-SM-32PM4,Normal_GTEX,1,0,2,1,3,2,2,4,2,3,2,2,4,1,2,5,3,3
GTEX-131XH-0011-R4b-SM-5DUWB,Normal_GTEX,3,1,0,3,2,3,4,3,0,5,4,5,6,3,6,7,4,4
GTEX-147GR-0011-R9a-SM-5S2UY,Normal_GTEX,3,1,0,3,2,3,4,3,0,5,4,5,6,3,6,7,4,4
GTEX-X4XY-0626-SM-4E3IN,Normal_GTEX,1,2,2,1,1,0,1,1,4,1,1,4,2,0,0,2,6,6
GTEX-ZQG8-0726-SM-5P9H9,Normal_GTEX,1,2,2,1,1,0,1,1,4,1,1,0,2,0,5,3,6,6
GTEX-S4P3-0526-SM-4AD58,Normal_GTEX,1,2,2,1,1,0,1,1,4,1,3,0,1,5,5,1,0,0
GTEX-13O3Q-3026-SM-5IJGD,Normal_GTEX,3,1,0,3,2,3,4,3,0,5,4,5,6,3,6,7,4,4
GTEX-W5X1-1026-SM-5CHSO,Normal_GTEX,3,1,0,4,2,3,5,2,3,6,5,4,7,2,4,8,1,1
GTEX-11XUK-2026-SM-5EQLF,Normal_GTEX,1,0,2,1,3,2,2,4,2,2,1,3,3,4,3,4,7,7
GTEX-ZVT3-0011-R6a-SM-51MSU,Normal_GTEX,3,1,0,3,2,3,4,3,0,5,4,5,6,3,6,7,4,4
GTEX-11O72-0226-SM-59869,Normal_GTEX,1,2,2,1,1,0,1,1,4,1,1,0,2,0,5,3,6,6
GTEX-145MI-1126-SM-5O9AK,Normal_GTEX,1,0,2,1,3,2,1,4,2,1,2,0,2,1,2,3,3,3
GTEX-X4EP-0011-R8B-SM-4QASL,Normal_GTEX,3,1,0,3,2,3,4,3,0,5,4,5,6,3,6,7,4,4
GTEX-147GR-2926-SM-5RQIN,Normal_GTEX,1,1,0,1,2,3,2,3,0,3,2,5,4,1,6,5,4,4
GTEX-OXRL-0626-SM-3NM9C,Normal_GTEX,1,0,2,1,3,2,2,4,2,2,1,3,3,4,3,4,7,7
GTEX-12WSI-0426-SM-5EQ5J,Normal_GTEX,1,2,2,1,1,0,1,1,4,1,3,0,2,5,0,2,0,0
GTEX-Y8LW-1926-SM-4WWFZ,Normal_GTEX,1,2,2,1,1,0,1,1,4,1,1,0,2,0,5,3,6,6
GTEX-145LS-1326-SM-5Q5EP,Normal_GTEX,1,2,2,1,1,0,1,1,4,1,3,0,2,5,0,2,0,0
TCGA-BH-A0DG-11,Normal_TCGA,1,0,1,1,0,1,1,0,1,1,0,1,2,6,1,3,2,2
GTEX-YF7O-1826-SM-5IFIU,Normal_GTEX,1,0,2,1,3,2,2,4,2,3,2,2,4,1,2,5,3,3
GTEX-12696-1826-SM-5EGJS,Normal_GTEX,1,2,2,1,1,0,1,1,4,1,2,0,2,0,5,3,6,6
GTEX-YJ89-2926-SM-5P9IT,Normal_GTEX,3,1,0,3,2,3,4,3,0,5,4,5,6,3,6,7,4,4
GTEX-ZAK1-2926-SM-5HL9S,Normal_GTEX,3,1,0,3,2,3,4,3,0,5,4,5,6,3,6,7,4,4
GTEX-QV44-0626-SM-4R1KJ,Normal_GTEX,1,2,2,1,1,0,1,1,4,1,3,0,1,5,0,1,0,0
GTEX-11TUW-3126-SM-5GU4Y,Normal_GTEX,3,1,0,3,2,3,4,3,0,5,4,5,6,3,6,7,4,4
GTEX-ZTTD-1126-SM-51MRP,Normal_GTEX,1,0,2,1,3,2,2,4,2,3,2,2,4,1,2,5,3,3
TCGA-A8-A07F-01,LumA,2,0,1,2,0,1,3,0,1,4,0,1,5,6,1,6,2,2
GTEX-11EMC-0726-SM-5EGJO,Normal_GTEX,1,2,2,1,1,0,1,1,4,1,3,0,2,5,0,2,0,0
GTEX-RTLS-0426-SM-2TF5K,Normal_GTEX,1,2,2,1,1,0,1,1,4,1,3,0,1,5,0,1,0,0
TCGA-E2-A1LB-01,Her2,2,0,1,2,0,1,3,0,1,4,0,1,5,6,1,6,2,2
GTEX-XLM4-0011-R11A-SM-4AT46,Normal_GTEX,3,1,0,3,2,3,4,3,0,5,4,5,6,3,6,7,4,4
GTEX-Y114-0626-SM-4TT98,Normal_GTEX,1,0,2,1,3,2,1,4,2,1,2,2,2,1,2,3,3,3
GTEX-ZF3C-1326-SM-5A5MF,Normal_GTEX,1,2,2,1,1,0,1,1,4,1,3,0,1,5,0,1,0,0
GTEX-T5JC-0011-R1A-SM-32PM6,Normal_GTEX,3,1,0,3,2,3,4,3,0,5,4,5,6,3,6,7,4,4
GTEX-ZLV1-1126-SM-4WWBW,Normal_GTEX,1,0,2,1,3,2,2,4,2,3,2,2,4,1,2,5,3,3
TCGA-BH-A0AV-01,Basal,2,0,1,2,0,1,3,0,1,4,0,1,5,6,1,6,2,2
GTEX-ZLFU-2126-SM-4WWEV,Normal_GTEX,1,2,2,1,1,0,1,1,4,1,1,0,2,0,5,3,6,6
GTEX-13FHO-2826-SM-5K7ZA,Normal_GTEX,1,0,2,1,3,2,1,4,2,1,2,2,1,1,2,1,3,3
GTEX-ZAJG-1626-SM-5HL7I,Normal_GTEX,1,2,2,1,1,0,1,1,4,1,3,0,2,5,5,3,6,6
GTEX-144GN-2426-SM-5LU4R,Normal_GTEX,1,2,2,1,1,0,1,1,4,1,1,4,2,0,0,2,6,6
TCGA-EW-A2FR-01,Her2,2,0,1,2,0,1,3,0,1,4,0,1,5,6,1,6,2,2
TCGA-C8-A133-01,LumA,2,0,1,2,0,1,3,0,1,4,0,1,5,6,1,6,2,2
GTEX-ZUA1-1526-SM-59HLS,Normal_GTEX,1,2,2,1,1,0,1,1,4,1,1,0,2,0,5,3,6,6
TCGA-AO-A12C-01,LumA,2,0,1,2,0,1,3,0,1,4,0,1,5,6,1,6,2,2
GTEX-13JVG-0126-SM-5L3D3,Normal_GTEX,1,2,2,1,1,0,1,1,4,1,1,4,2,0,0,2,6,6
GTEX-13QIC-0011-R4a-SM-5PNX8,Normal_GTEX,3,1,0,3,2,3,4,3,0,5,4,5,6,3,6,7,4,4
GTEX-13CF2-0011-R2a-SM-5L3DC,Normal_GTEX,3,1,0,3,2,3,4,3,0,5,4,5,6,3,6,7,4,4
GTEX-O5YV-2026-SM-2D7VS,Normal_GTEX,1,2,2,1,1,0,1,1,4,1,1,4,2,0,0,2,6,6
GTEX-ZVT2-2126-SM-5NQ93,Normal_GTEX,1,0,2,1,3,2,2,4,2,3,2,2,4,1,2,5,3,3
GTEX-11WQK-2426-SM-5GU5C,Normal_GTEX,1,2,2,1,1,0,1,1,4,1,1,0,2,0,5,3,6,6
TCGA-A8-A09N-01,LumB,2,0,1,2,0,1,3,0,1,4,0,1,5,6,1,6,2,2
GTEX-144GL-0326-SM-5QGOY,Normal_GTEX,1,2,2,1,1,0,1,1,4,1,1,4,2,0,0,2,6,6
GTEX-WEY5-0226-SM-3GIKN,Normal_GTEX,1,2,2,1,1,0,1,1,4,1,3,0,2,5,0,2,0,0
GTEX-WYVS-1626-SM-3NM9R,Normal_GTEX,1,0,2,1,3,2,2,4,2,2,1,3,3,4,3,4,7,7
GTEX-R55D-1526-SM-48FEJ,Normal_GTEX,1,2,2,1,1,0,1,1,4,1,3,0,1,5,5,1,0,0
GTEX-ZYFG-0926-SM-5BC5U,Normal_GTEX,1,2,0,1,1,3,2,1,4,3,2,2,4,1,2,5,5,5
GTEX-N7MS-0011-R5a-SM-2HMK8,Normal_GTEX,3,1,0,3,2,3,4,3,0,5,4,5,6,3,6,7,4,4
TCGA-A2-A0SU-01,LumA,2,0,1,2,0,1,3,0,1,4,0,1,5,6,1,6,2,2
GTEX-XBEC-0526-SM-4QARU,Normal_GTEX,1,2,2,1,1,0,1,1,4,1,3,0,1,5,0,1,0,0
GTEX-WH7G-0005-SM-3NMBX,Normal_GTEX,3,1,0,4,2,3,5,2,3,6,5,4,7,2,4,8,1,1
GTEX-1269C-0005-SM-5N9CJ,Normal_GTEX,3,1,0,4,2,3,5,2,3,6,5,4,7,2,4,8,1,1
GTEX-WFON-0926-SM-4LVMK,Normal_GTEX,1,2,2,1,1,0,1,1,4,1,3,0,1,5,5,1,0,0
GTEX-ZDXO-0011-R2b-SM-4WKFG,Normal_GTEX,3,1,0,3,2,3,4,3,0,5,4,5,6,3,6,7,4,4
GTEX-P4QT-1526-SM-3NMCT,Normal_GTEX,1,2,2,1,1,0,1,1,4,1,3,0,1,5,5,1,0,0
GTEX-11DXX-2426-SM-5GZZW,Normal_GTEX,1,0,2,1,3,2,2,4,2,2,1,3,3,4,3,4,7,7
GTEX-12WSC-0126-SM-5EQ4P,Normal_GTEX,1,0,2,1,3,2,2,4,2,2,1,3,3,4,3,4,7,7
GTEX-13G51-0011-R7b-SM-5LZXG,Normal_GTEX,3,1,0,3,2,3,4,3,0,5,4,5,6,3,6,7,4,4
TCGA-AO-A12H-01,LumA,2,0,1,2,0,1,3,0,1,4,0,1,5,6,1,6,2,2
GTEX-145MO-0526-SM-5Q5F7,Normal_GTEX,1,2,2,1,1,0,1,1,4,1,1,0,2,0,3,3,6,6
GTEX-ZVZQ-0006-SM-51MR8,Normal_GTEX,3,1,0,4,2,3,5,2,3,6,5,4,7,2,4,8,1,1
GTEX-O5YT-0008-SM-4E3IQ,Normal_GTEX,3,2,2,4,1,0,5,2,3,6,5,4,7,2,0,8,5,5
GTEX-QV44-0126-SM-4R1KH,Normal_GTEX,1,1,0,1,2,3,2,2,3,3,2,2,4,1,2,5,3,3
GTEX-WFG7-0726-SM-3GIKO,Normal_GTEX,1,2,2,1,1,0,1,1,4,1,3,0,2,5,0,2,0,0
GTEX-ZT9W-1026-SM-57WG5,Normal_GTEX,1,2,2,1,1,0,1,1,4,1,3,0,2,0,5,3,6,6
GTEX-11GSP-1626-SM-5986N,Normal_GTEX,1,2,2,1,1,0,1,1,4,1,3,0,1,5,5,1,0,0
GTEX-X585-0011-R3B-SM-46MVG,Normal_GTEX,3,1,0,3,2,3,4,3,0,5,4,5,6,3,6,7,4,4
GTEX-ZV7C-0826-SM-59HK8,Normal_GTEX,1,2,2,1,1,0,1,1,4,1,2,0,2,0,5,3,6,6
GTEX-NPJ8-2126-SM-3MJGK,Normal_GTEX,1,0,2,1,3,2,2,4,2,3,2,2,4,1,2,5,3,3
GTEX-14A5I-1226-SM-5NQBW,Normal_GTEX,1,2,2,1,1,0,1,1,4,1,3,0,2,5,0,2,0,0
GTEX-11EQ9-2526-SM-5HL66,Normal_GTEX,1,2,2,1,1,0,1,1,4,1,1,0,2,0,5,3,6,6
GTEX-Y5LM-1326-SM-5RQIS,Normal_GTEX,1,0,2,1,3,2,2,4,2,3,2,2,4,1,2,5,3,3
GTEX-12584-0426-SM-5FQTT,Normal_GTEX,1,2,2,1,1,0,1,1,4,1,3,0,1,5,0,1,0,0
GTEX-13FLV-0011-R5a-SM-5LZWT,Normal_GTEX,3,1,0,3,2,3,4,3,0,5,4,5,6,3,6,7,4,4
GTEX-S3XE-1226-SM-4AD4L,Normal_GTEX,1,0,2,1,3,0,2,4,4,2,2,2,3,1,2,4,3,3
GTEX-12ZZZ-2026-SM-5LZWJ,Normal_GTEX,1,0,2,1,3,2,1,4,2,1,2,2,1,1,2,1,3,3
GTEX-OHPL-0008-SM-4E3I9,Normal_GTEX,3,2,2,4,1,0,5,1,3,6,3,4,7,5,0,8,5,5
GTEX-R55D-1426-SM-48FEN,Normal_GTEX,1,0,2,1,3,2,2,4,2,3,2,2,4,1,2,5,3,3
GTEX-O5YT-0126-SM-48TBW,Normal_GTEX,1,0,2,1,3,2,2,4,2,2,1,3,3,4,3,4,7,7
GTEX-145ME-1026-SM-5O9B4,Normal_GTEX,1,0,2,1,3,2,2,4,2,3,2,2,4,1,2,5,3,3
TCGA-BH-A0DI-01,LumA,2,0,1,2,0,1,3,0,1,4,0,1,5,6,1,6,2,2
GTEX-T2YK-0326-SM-4DM7D,Normal_GTEX,1,2,2,1,1,0,1,1,4,1,1,0,2,0,3,3,6,6
GTEX-Y8E4-0326-SM-4VBRR,Normal_GTEX,1,2,2,1,1,0,1,1,4,1,3,0,2,5,0,2,0,0
TCGA-E9-A229-01,LumA,2,0,1,2,0,1,3,0,1,4,0,1,5,6,1,6,2,2
GTEX-ZF29-0002-SM-4WKF2,Normal_GTEX,3,1,0,4,2,3,5,2,3,6,5,4,7,2,4,8,1,1
GTEX-XBEW-1326-SM-4AT63,Normal_GTEX,1,0,2,1,3,2,2,4,2,2,1,3,3,4,3,4,7,7
TCGA-A2-A04N-01,LumA,2,0,1,2,0,1,3,0,1,4,0,1,5,6,1,6,2,2
GTEX-U3ZM-0426-SM-3DB73,Normal_GTEX,1,0,2,1,3,2,2,4,2,3,2,2,4,1,2,5,3,3
GTEX-ZVT3-1626-SM-5GU66,Normal_GTEX,1,0,2,1,3,2,2,4,2,3,2,2,4,1,2,5,3,3
GTEX-XQ3S-1226-SM-4BOPP,Normal_GTEX,1,2,2,1,1,0,1,1,4,1,3,0,1,5,5,1,0,0
GTEX-147F4-2626-SM-5Q5CS,Normal_GTEX,1,0,2,1,3,2,2,4,2,3,2,2,4,1,2,5,3,3
GTEX-13OVG-1626-SM-5J1NF,Normal_GTEX,1,0,2,1,3,2,2,4,2,2,1,3,3,4,3,4,7,7
GTEX-11NSD-0226-SM-5A5LR,Normal_GTEX,1,2,0,1,1,3,2,1,4,3,2,2,4,1,2,5,5,5
GTEX-13QBU-1526-SM-5LU3W,Normal_GTEX,1,2,2,1,1,0,1,1,4,1,3,0,1,5,0,1,5,5
GTEX-13FHP-2926-SM-5IJG9,Normal_GTEX,3,1,0,3,2,3,4,3,0,5,4,5,6,3,6,7,4,4
GTEX-OIZG-0726-SM-33HBL,Normal_GTEX,1,0,2,1,3,2,2,4,2,2,1,3,3,4,3,4,7,7
GTEX-YB5K-1626-SM-5IFIN,Normal_GTEX,1,0,2,1,3,2,1,4,2,1,1,0,2,0,5,3,6,6
GTEX-14A6H-0006-SM-5NQ7W,Normal_GTEX,3,1,0,4,2,3,5,2,3,6,5,4,7,2,4,8,1,1
GTEX-ZLV1-0626-SM-4WWF6,Normal_GTEX,1,2,2,1,1,0,1,1,4,1,3,0,1,5,5,1,0,0
GTEX-13D11-0826-SM-5KLZJ,Normal_GTEX,1,0,2,1,3,2,2,4,2,3,2,2,4,1,2,5,3,3
GTEX-14AS3-0426-SM-5QGQK,Normal_GTEX,1,2,2,1,1,0,1,1,4,1,3,0,2,0,5,3,6,6
GTEX-PWN1-2026-SM-48TD9,Normal_GTEX,1,2,2,1,1,0,1,1,4,1,3,0,1,5,5,1,0,0
GTEX-12WSD-0005-SM-5N9FZ,Normal_GTEX,3,1,0,4,2,3,5,2,3,6,5,4,7,2,4,8,1,1
GTEX-12WSC-0011-R3a-SM-5P9F1,Normal_GTEX,3,1,0,3,2,3,4,3,0,5,4,5,6,3,6,7,4,4
GTEX-WFON-1126-SM-5CHTG,Normal_GTEX,3,1,0,4,2,3,5,2,3,6,5,4,7,2,4,8,1,1
GTEX-13N11-1826-SM-5IJDS,Normal_GTEX,1,2,2,1,1,0,1,1,4,1,1,0,2,0,5,3,6,6
TCGA-B6-A0RM-01,LumA,2,0,1,2,0,1,3,0,1,4,0,1,5,6,1,6,2,2
GTEX-11ILO-0626-SM-5A5LO,Normal_GTEX,1,0,2,1,3,2,2,4,2,2,1,3,3,4,3,4,7,7
GTEX-12WSA-0011-R10b-SM-5P9ET,Normal_GTEX,3,1,0,3,2,3,4,3,0,5,4,5,6,3,6,7,4,4
TCGA-BH-A0E0-01,Basal,2,0,1,2,0,1,3,0,1,4,0,1,5,6,1,6,2,2
GTEX-ZAB5-0826-SM-5P9FU,Normal_GTEX,1,0,2,1,3,2,2,4,2,3,2,2,4,1,2,5,3,3
TCGA-A2-A0YE-01,Basal,2,0,1,2,0,1,3,0,1,4,0,1,5,6,1,6,2,2
GTEX-11O72-2826-SM-5HL6W,Normal_GTEX,3,1,0,3,2,3,4,3,0,5,4,5,6,3,6,7,4,4
GTEX-PX3G-2526-SM-48TZV,Normal_GTEX,1,0,2,1,3,2,2,4,2,2,1,3,3,4,3,4,7,7
GTEX-1192X-1126-SM-5EGGU,Normal_GTEX,1,0,2,1,3,2,1,4,2,1,2,2,2,1,2,3,3,3
GTEX-RUSQ-0826-SM-47JWW,Normal_GTEX,1,0,2,1,3,2,2,4,2,2,1,3,3,4,3,4,7,7
GTEX-XMD3-2326-SM-4AT5H,Normal_GTEX,1,2,2,1,1,0,1,1,4,1,3,0,1,5,0,1,5,5
GTEX-13N11-0626-SM-5J1OL,Normal_GTEX,1,2,2,1,1,0,1,1,4,1,3,0,1,5,0,1,0,0
GTEX-SJXC-1226-SM-4DM78,Normal_GTEX,1,0,2,1,3,2,2,4,2,3,2,2,4,1,2,5,3,3
GTEX-S4UY-1026-SM-4AD53,Normal_GTEX,1,0,2,1,3,2,2,4,2,2,1,3,3,4,3,4,7,7
GTEX-11EI6-3026-SM-5GZZO,Normal_GTEX,3,1,0,3,2,3,4,3,0,5,4,5,6,3,6,7,4,4
TCGA-AQ-A0Y5-01,LumA,2,0,1,2,0,1,3,0,1,4,0,1,5,6,1,6,2,2
TCGA-A2-A0D3-01,LumA,2,0,1,2,0,1,3,0,1,4,0,1,5,6,1,6,2,2
GTEX-YJ8A-1226-SM-5IFHH,Normal_GTEX,1,2,2,1,1,0,1,1,4,1,3,0,1,5,5,1,0,0
GTEX-11GSO-2326-SM-5A5LX,Normal_GTEX,1,2,2,1,1,0,1,1,4,1,1,0,2,0,5,3,6,6
GTEX-PWOO-2526-SM-2S1PG,Normal_GTEX,1,2,2,1,1,0,1,1,4,1,1,0,2,0,3,3,6,6
GTEX-OXRL-0008-SM-3NB29,Normal_GTEX,3,2,2,4,1,0,5,1,3,6,1,4,7,2,0,8,5,5
GTEX-ZF2S-0426-SM-4WKGP,Normal_GTEX,1,0,2,1,3,3,2,4,2,3,2,2,4,1,2,5,3,3
GTEX-148VJ-0011-R9b-SM-5SI77,Normal_GTEX,3,1,0,3,2,3,4,3,0,5,4,5,6,3,6,7,4,4
GTEX-QEG4-0326-SM-5S2UQ,Normal_GTEX,1,2,2,1,1,0,1,1,4,1,1,0,2,0,5,3,6,6
GTEX-R55E-0726-SM-48FCZ,Normal_GTEX,1,0,0,1,3,2,2,3,2,3,4,5,4,3,6,5,4,4
GTEX-ZPU1-1426-SM-4WWFU,Normal_GTEX,1,0,2,1,3,2,2,4,2,2,1,3,3,4,3,4,7,7
GTEX-ZPIC-0008-SM-4E3JF,Normal_GTEX,3,2,2,4,1,0,5,1,3,6,1,4,7,2,0,8,5,5
GTEX-ZGAY-0006-SM-4WWAQ,Normal_GTEX,3,1,0,4,2,3,5,2,3,6,5,4,7,2,4,8,1,1
GTEX-131XG-2026-SM-5GCN5,Normal_GTEX,1,0,2,1,1,0,1,1,4,1,3,0,1,5,5,1,0,0
GTEX-WHWD-0326-SM-3LK6L,Normal_GTEX,1,2,2,1,1,0,1,1,4,1,3,0,2,5,0,2,0,0
GTEX-13NYB-2426-SM-5IFF4,Normal_GTEX,1,0,2,1,3,1,2,4,1,3,2,1,4,1,3,5,3,2
TCGA-BH-A1FM-11,Normal_TCGA,1,0,1,1,0,1,1,0,1,1,0,1,2,6,1,3,2,2
GTEX-11P7K-2026-SM-5GU74,Normal_GTEX,1,2,2,1,1,0,1,1,4,1,1,0,2,0,5,3,6,6
GTEX-U3ZM-0426-SM-57WG1,Normal_GTEX,1,0,2,1,3,2,2,4,2,3,2,2,4,1,2,5,3,3
GTEX-P4PP-0426-SM-3NM9H,Normal_GTEX,1,2,2,1,1,0,1,1,4,1,3,0,1,5,0,1,0,0
GTEX-YECK-0008-SM-4W1ZG,Normal_GTEX,3,2,2,4,1,0,5,2,3,6,5,4,7,2,0,8,5,5
GTEX-12ZZX-2426-SM-5GCOE,Normal_GTEX,1,0,2,1,3,2,2,4,2,2,1,3,3,4,3,4,7,7
GTEX-13S86-0826-SM-5SI6J,Normal_GTEX,1,0,2,1,3,2,2,4,2,2,1,3,3,4,3,4,7,7
GTEX-N7MT-1226-SM-2D7W4,Normal_GTEX,3,1,0,3,2,3,4,3,0,5,4,5,6,3,6,7,4,4
GTEX-1117F-0526-SM-5EGHJ,Normal_GTEX,1,2,2,1,1,0,1,1,4,1,1,0,1,0,0,1,6,6
GTEX-1399U-2126-SM-5IFEZ,Normal_GTEX,1,0,2,1,3,2,2,4,2,3,2,2,4,1,2,5,3,3
GTEX-TKQ2-0226-SM-4DM6V,Normal_GTEX,1,1,0,1,2,3,2,1,4,3,2,2,4,1,2,5,5,5
GTEX-148VJ-1626-SM-5QGPH,Normal_GTEX,1,2,2,1,1,0,2,1,4,3,2,0,4,0,5,5,6,6
GTEX-13FHP-0326-SM-5K7U2,Normal_GTEX,1,2,2,1,1,0,1,1,4,1,1,0,2,0,3,3,6,6
GTEX-1211K-1426-SM-5FQTF,Normal_GTEX,1,2,2,1,1,0,1,1,4,1,3,0,1,5,5,1,0,0
GTEX-13D11-1726-SM-5IFGQ,Normal_GTEX,1,2,2,1,1,0,1,1,4,1,3,0,2,5,0,2,0,0
GTEX-139TU-0826-SM-5IJFG,Normal_GTEX,1,0,2,1,3,2,2,4,2,3,2,2,4,1,2,5,3,3
GTEX-WYJK-0008-SM-4ONDV,Normal_GTEX,3,2,2,4,1,0,5,1,3,6,3,4,7,5,0,8,5,5
TCGA-BH-A1EX-01,LumA,2,0,1,2,0,1,3,0,1,4,0,1,5,6,1,6,2,2
GTEX-WXYG-0008-SM-4ONDU,Normal_GTEX,3,2,2,4,1,0,5,1,3,6,1,4,7,2,0,8,5,5
GTEX-13S86-0326-SM-5SI6K,Normal_GTEX,1,2,2,1,1,0,1,1,4,1,3,0,2,5,0,2,0,0
GTEX-111FC-3026-SM-5GZYJ,Normal_GTEX,3,1,0,3,2,3,4,3,0,5,4,5,6,3,6,7,4,4
TCGA-A7-A0CG-01,LumA,2,0,1,2,0,1,3,0,1,4,0,1,5,6,1,6,2,2
GTEX-XQ8I-1926-SM-4BOOK,Normal_GTEX,1,0,2,1,3,2,2,4,2,3,2,2,4,1,2,5,3,3
GTEX-T6MN-0011-R10A-SM-5CHQC,Normal_GTEX,3,1,0,4,2,3,5,2,3,6,5,4,7,2,4,8,1,1
GTEX-11WQK-0011-R11a-SM-5BC6W,Normal_GTEX,3,1,0,3,2,3,4,3,0,5,4,5,6,3,6,7,4,4
GTEX-ZY6K-1826-SM-5GZXK,Normal_GTEX,1,0,2,1,3,2,2,4,2,2,1,3,3,4,3,4,7,7
GTEX-13JVG-1126-SM-5KM2M,Normal_GTEX,1,2,2,1,1,0,1,1,4,1,3,0,2,5,0,2,0,0
GTEX-12WSC-0011-R7b-SM-5LU9L,Normal_GTEX,3,1,0,3,2,3,4,3,0,5,4,5,6,3,6,7,4,4
GTEX-ZZ64-0126-SM-5GZXA,Normal_GTEX,1,0,2,1,3,2,1,4,2,1,2,2,2,1,2,3,3,3
GTEX-11TT1-0126-SM-5LUAA,Normal_GTEX,1,2,2,1,1,3,2,1,4,3,2,2,4,1,2,5,5,5
TCGA-GM-A2DN-01,LumA,2,0,1,2,0,1,3,0,1,4,0,1,5,6,1,6,2,2
GTEX-R53T-1526-SM-48FEK,Normal_GTEX,1,0,2,1,3,2,1,1,4,1,1,0,2,0,5,3,6,6
GTEX-U4B1-0926-SM-4DXUV,Normal_GTEX,1,2,2,1,1,0,1,1,4,1,3,0,1,5,5,1,0,0
GTEX-VJYA-0001-SM-3NMDJ,Normal_GTEX,3,1,0,4,2,3,5,2,3,6,5,4,7,2,4,8,1,1
GTEX-131XH-2526-SM-5GCND,Normal_GTEX,1,2,2,1,1,0,1,1,4,1,1,0,2,0,3,3,6,6
GTEX-13O3O-1126-SM-5KM4Q,Normal_GTEX,1,2,2,1,1,0,1,1,4,1,3,0,1,5,0,1,0,0
GTEX-ZF3C-0226-SM-4WWB3,Normal_GTEX,1,2,2,1,1,0,1,1,4,1,1,0,2,0,5,3,6,6
GTEX-12WSD-2026-SM-5HL7D,Normal_GTEX,1,2,2,1,1,0,1,1,4,1,3,0,1,5,5,1,0,0
GTEX-Q734-0226-SM-48U1A,Normal_GTEX,1,1,0,1,2,3,2,2,3,3,2,2,4,1,2,5,3,3
GTEX-ZYW4-1026-SM-5SI8W,Normal_GTEX,1,2,2,1,1,0,1,1,4,1,2,0,2,0,5,3,6,6
GTEX-PWN1-0226-SM-2S1OZ,Normal_GTEX,1,2,2,1,1,0,1,1,4,1,1,0,2,0,5,3,6,6
GTEX-Q2AH-0005-SM-5SI7G,Normal_GTEX,3,1,0,4,2,3,5,2,3,6,5,4,7,2,4,8,1,1
GTEX-12WSH-3026-SM-5CVNI,Normal_GTEX,3,1,0,3,2,3,4,3,0,5,4,5,6,3,6,7,4,4
TCGA-BH-A1FC-11,Normal_TCGA,1,0,1,1,0,1,1,0,1,1,0,1,2,6,1,3,2,2
GTEX-13YAN-0326-SM-5O9DF,Normal_GTEX,1,0,2,1,3,2,2,4,2,2,1,3,3,4,3,4,7,7
TCGA-BH-A0BO-01,LumA,2,0,1,2,0,1,3,0,1,4,0,1,5,6,1,6,2,2
GTEX-QDVN-2126-SM-33HBS,Normal_GTEX,1,0,2,1,3,2,2,4,2,2,1,3,3,4,3,4,7,7
GTEX-11OC5-0526-SM-5N9EE,Normal_GTEX,1,2,2,1,1,0,1,1,4,1,1,0,2,0,3,3,6,6
GTEX-XLM4-0011-R4B-SM-4AT5C,Normal_GTEX,3,1,0,3,2,3,4,3,0,5,4,5,6,3,6,7,4,4
GTEX-13OVJ-0011-R8b-SM-5L3FS,Normal_GTEX,3,1,0,3,2,3,4,3,0,5,4,5,6,3,6,7,4,4
GTEX-OXRK-0326-SM-3NB3R,Normal_GTEX,1,2,2,1,1,0,1,1,4,1,1,0,2,0,5,3,6,6
GTEX-132AR-1926-SM-5EGK5,Normal_GTEX,1,2,2,1,1,0,1,1,4,1,3,0,2,5,0,2,0,0
GTEX-13OW5-0011-R8a-SM-5L3GQ,Normal_GTEX,3,1,0,3,2,3,4,3,0,5,4,5,6,3,6,7,4,4
GTEX-WYVS-1026-SM-4SOJW,Normal_GTEX,1,2,2,1,1,0,1,1,4,1,3,0,1,5,5,1,0,0
GTEX-1399R-2126-SM-5K7WZ,Normal_GTEX,1,2,2,1,1,0,1,1,4,1,3,0,1,5,5,1,0,0
TCGA-A8-A06T-01,LumA,2,0,1,2,0,1,3,0,1,4,0,1,5,6,1,6,2,2
GTEX-13O61-0926-SM-5IFFE,Normal_GTEX,1,0,2,1,3,2,2,4,2,2,2,1,3,1,3,4,3,2
GTEX-X4XX-0011-R10B-SM-46MWO,Normal_GTEX,3,1,0,3,2,3,4,3,0,5,4,5,6,3,6,7,4,4
GTEX-SJXC-0526-SM-2XCFG,Normal_GTEX,1,2,2,1,1,0,1,1,4,1,1,4,2,0,0,2,6,6
GTEX-145MG-3126-SM-5Q5D3,Normal_GTEX,3,1,0,3,2,3,4,3,0,5,4,5,6,3,6,7,4,4
GTEX-13NYC-2626-SM-5K7VN,Normal_GTEX,1,0,2,1,3,2,2,4,2,2,1,3,3,4,3,4,7,7
GTEX-ZVP2-0526-SM-51MSC,Normal_GTEX,1,1,0,1,2,3,2,4,3,3,2,2,4,1,2,5,3,3
GTEX-R53T-2026-SM-3GIJF,Normal_GTEX,1,2,2,1,1,0,1,1,4,1,3,0,1,5,0,1,0,0
GTEX-11TTK-0326-SM-5BC5N,Normal_GTEX,1,2,2,1,1,0,1,1,4,1,1,4,2,0,0,2,6,6
GTEX-WOFM-2026-SM-4OOSQ,Normal_GTEX,1,0,2,1,3,2,2,4,2,3,2,2,4,1,2,5,3,3
GTEX-Y3I4-2126-SM-4TT7C,Normal_GTEX,1,0,2,1,3,2,2,4,2,2,1,3,3,4,3,4,7,7
TCGA-C8-A278-01,Her2,2,0,1,2,0,1,3,0,1,4,0,1,5,6,1,6,2,2
GTEX-OXRL-0326-SM-4MVNY,Normal_GTEX,1,2,2,1,1,0,1,1,4,1,3,0,2,5,0,2,0,0
GTEX-13FTW-2226-SM-5J1OH,Normal_GTEX,1,2,2,1,1,0,1,1,4,1,3,0,1,5,0,1,0,0
GTEX-1122O-1926-SM-5EGIQ,Normal_GTEX,1,0,2,1,3,2,2,4,2,3,2,2,4,1,2,5,3,3
TCGA-BH-A0H7-11,Normal_TCGA,1,0,1,1,0,1,1,0,1,1,0,1,2,6,1,3,2,2
GTEX-ZPU1-1526-SM-4YCFF,Normal_GTEX,1,0,2,1,3,2,2,4,2,2,3,4,3,4,2,4,7,0
GTEX-ZVZQ-0426-SM-59HLT,Normal_GTEX,1,0,2,1,3,2,2,4,2,2,1,3,3,4,3,4,7,7
GTEX-VUSG-0526-SM-4KL22,Normal_GTEX,1,2,2,1,1,0,1,1,4,1,3,0,1,5,0,1,0,0
GTEX-R3RS-0726-SM-3GIJR,Normal_GTEX,1,0,2,1,3,2,1,4,2,1,2,2,2,1,2,3,3,3
GTEX-O5YW-3026-SM-3MJHI,Normal_GTEX,1,2,2,1,1,0,1,1,4,1,3,0,1,5,0,1,0,0
GTEX-QLQW-1226-SM-2S1Q9,Normal_GTEX,1,2,2,1,1,0,1,1,4,1,1,0,2,0,5,3,6,6
GTEX-11OF3-0126-SM-5PNYF,Normal_GTEX,1,0,2,1,3,2,2,4,2,2,1,3,3,4,3,4,7,7
GTEX-13NZ8-0011-R8b-SM-5KM48,Normal_GTEX,3,1,0,3,2,3,4,3,0,5,4,5,6,3,6,7,4,4
GTEX-12WSH-0011-R2a-SM-5GU68,Normal_GTEX,3,1,0,3,2,3,4,3,0,5,4,5,6,3,6,7,4,4
GTEX-13O21-1526-SM-5K7W4,Normal_GTEX,1,2,2,1,1,0,1,1,4,1,1,0,2,0,5,3,6,6
GTEX-RVPV-1726-SM-2TF5W,Normal_GTEX,1,0,2,1,3,2,2,4,2,3,2,2,4,1,2,5,3,3
GTEX-14BMV-3126-SM-5S2UV,Normal_GTEX,1,1,0,1,2,3,2,3,0,3,4,5,4,3,6,5,4,4
GTEX-131YS-0011-R3b-SM-5DUXB,Normal_GTEX,3,1,0,3,2,3,4,3,0,5,4,5,6,3,6,7,4,4
GTEX-11H98-0226-SM-5NQ89,Normal_GTEX,1,2,2,1,1,0,1,1,4,1,1,0,2,0,5,3,6,6
GTEX-XXEK-0926-SM-4BRWH,Normal_GTEX,1,2,2,1,1,0,1,1,4,1,3,0,2,5,0,2,0,0
GTEX-XBED-0126-SM-47JY7,Normal_GTEX,1,0,2,1,3,2,1,4,2,1,2,2,2,1,2,3,3,3
GTEX-ZAJG-0626-SM-5HL8X,Normal_GTEX,1,0,2,1,3,2,1,4,2,1,1,0,2,5,5,3,3,6
GTEX-13S86-2426-SM-5S2MX,Normal_GTEX,1,2,2,1,1,0,1,1,4,1,1,0,2,0,3,3,6,6
GTEX-12ZZX-0226-SM-5DUXU,Normal_GTEX,1,2,2,1,1,0,1,1,4,1,1,0,2,0,5,3,6,6
TCGA-D8-A1Y2-01,LumB,2,0,1,2,0,1,3,0,1,4,0,1,5,6,1,6,2,2
GTEX-Q2AH-0626-SM-48TZJ,Normal_GTEX,1,2,2,1,1,0,1,1,4,1,3,0,1,5,0,1,6,0
GTEX-ZAB5-0226-SM-5CVMH,Normal_GTEX,1,2,2,1,1,0,1,1,4,1,3,0,2,5,0,2,0,0
GTEX-11I78-1626-SM-5A5M2,Normal_GTEX,1,2,2,1,1,0,1,1,4,1,3,0,2,5,5,3,6,6
GTEX-13111-0226-SM-5EQ55,Normal_GTEX,1,0,2,1,3,2,1,4,2,1,2,2,2,1,2,3,3,3
GTEX-RTLS-0006-SM-2TF58,Normal_GTEX,3,1,0,4,2,3,5,2,3,6,5,4,7,2,4,8,1,1
GTEX-12ZZZ-3026-SM-5BC67,Normal_GTEX,3,1,0,3,2,3,4,3,0,5,4,5,6,3,6,7,4,4
GTEX-R55G-0826-SM-2TC5U,Normal_GTEX,1,0,2,1,3,2,2,4,2,3,2,2,4,1,2,5,3,3
GTEX-N7MS-1626-SM-3LK5F,Normal_GTEX,1,0,2,1,3,2,2,4,2,3,2,2,4,1,2,5,3,3
GTEX-11P82-0006-SM-5N9FY,Normal_GTEX,3,1,0,4,2,3,5,2,3,6,5,4,7,2,4,8,1,1
GTEX-SUCS-1426-SM-4DM5W,Normal_GTEX,1,0,2,1,3,2,2,4,2,3,2,2,4,1,2,5,3,3
GTEX-1399U-0226-SM-5P9J2,Normal_GTEX,1,1,0,1,2,3,2,1,4,3,2,2,4,1,2,5,5,5
GTEX-ZYT6-0226-SM-5NQ6T,Normal_GTEX,1,0,2,1,3,2,2,4,2,2,1,3,3,4,3,4,7,7
GTEX-ZYW4-1526-SM-5SIBA,Normal_GTEX,1,2,2,1,1,2,2,4,2,3,2,2,4,1,2,5,3,3
GTEX-13O61-1126-SM-5L3FI,Normal_GTEX,1,2,2,1,1,0,1,1,4,1,3,0,1,5,5,1,0,0
GTEX-ZQUD-0008-SM-4YCCU,Normal_GTEX,3,2,2,4,1,0,5,2,3,6,5,4,7,2,0,8,5,5
GTEX-13OW5-0326-SM-5L3HK,Normal_GTEX,1,2,2,1,1,0,1,1,4,1,1,4,2,0,0,2,6,6
GTEX-S341-1926-SM-3K2BA,Normal_GTEX,1,2,2,1,1,0,1,1,4,1,1,0,2,0,3,3,6,6
GTEX-13OVJ-0226-SM-5L3GK,Normal_GTEX,1,2,2,1,1,0,1,1,4,1,1,4,2,0,0,2,6,6
GTEX-11EQ8-0826-SM-5N9FG,Normal_GTEX,1,0,2,1,3,2,1,4,2,1,2,2,2,1,2,3,3,3
GTEX-POYW-0826-SM-2XCEM,Normal_GTEX,1,0,2,1,3,2,1,4,2,1,2,2,2,1,2,3,3,3
GTEX-13D11-2026-SM-5IJBK,Normal_GTEX,1,2,2,1,1,0,1,1,4,1,3,0,1,5,5,1,0,0
GTEX-XMD1-0011-R8A-SM-4AT48,Normal_GTEX,3,1,0,3,2,3,4,3,0,5,4,5,6,3,6,7,4,4
TCGA-A8-A06P-01,LumA,2,0,1,2,0,1,3,0,1,4,0,1,5,6,1,6,2,2
GTEX-QDT8-0011-R11A-SM-32PKD,Normal_GTEX,3,1,0,3,2,3,4,3,0,5,4,5,6,3,6,7,4,4
GTEX-145LS-0011-R6b-SM-5PNWL,Normal_GTEX,3,1,0,3,2,3,4,3,0,5,4,5,6,3,6,7,4,4
GTEX-NPJ8-1326-SM-3LK6B,Normal_GTEX,1,2,2,1,1,0,1,1,4,1,3,0,1,5,0,1,0,0
GTEX-QLQW-0126-SM-447BK,Normal_GTEX,1,1,0,1,2,3,2,4,3,3,2,2,4,1,2,5,3,3
GTEX-13FH7-0726-SM-5J2NK,Normal_GTEX,1,2,2,1,1,0,1,1,4,1,3,0,1,5,5,1,0,0
GTEX-Y8LW-0008-SM-4V6G5,Normal_GTEX,3,2,2,4,1,0,5,1,3,6,1,4,7,0,0,8,5,5
TCGA-E9-A1NA-01,LumB,2,0,1,2,0,1,3,0,1,4,0,1,5,6,1,6,2,2
GTEX-11OF3-0011-R8b-SM-57WCS,Normal_GTEX,3,1,0,3,2,3,4,3,0,5,4,5,6,3,6,7,4,4
TCGA-AR-A0TQ-01,LumB,2,0,1,2,0,1,3,0,1,4,0,1,5,6,1,6,2,2
GTEX-T2IS-1926-SM-4DM74,Normal_GTEX,1,0,2,1,3,2,2,4,2,2,1,3,3,4,3,4,7,7
GTEX-XQ8I-0126-SM-4BOPL,Normal_GTEX,1,2,2,1,1,0,1,1,4,1,3,0,2,5,0,2,0,0
GTEX-U3ZM-0926-SM-4DXSW,Normal_GTEX,1,0,2,1,3,2,1,4,2,1,2,2,1,1,2,1,3,3
GTEX-PVOW-0011-R1A-SM-32PL6,Normal_GTEX,3,1,0,3,2,3,4,3,0,5,4,5,6,3,6,7,4,4
GTEX-YEC4-1926-SM-5IFHJ,Normal_GTEX,1,2,2,1,1,0,1,1,4,1,3,0,1,5,5,1,0,0
GTEX-13FH7-0926-SM-5J2MR,Normal_GTEX,1,2,2,1,1,0,1,1,4,1,3,0,2,5,0,2,0,0
GTEX-1339X-1026-SM-5IFH5,Normal_GTEX,1,0,2,1,3,2,2,4,2,3,2,2,4,1,2,5,3,3
GTEX-V1D1-1126-SM-4JBHT,Normal_GTEX,1,2,2,1,1,0,1,1,4,1,3,0,1,5,5,1,0,0
GTEX-131XE-0526-SM-5K7YT,Normal_GTEX,1,2,2,1,1,0,1,1,4,1,3,0,2,5,0,2,0,0
GTEX-WHWD-1526-SM-4OORV,Normal_GTEX,1,2,2,1,1,0,1,1,4,1,3,0,1,5,5,1,0,0
GTEX-X4EO-0008-SM-4QASS,Normal_GTEX,3,2,2,4,1,0,5,1,3,6,1,4,7,0,0,8,5,5
GTEX-P4QT-1626-SM-5S2UR,Normal_GTEX,1,2,2,1,1,0,1,1,4,1,1,4,2,0,0,2,6,6
GTEX-WHWD-1826-SM-3LK6I,Normal_GTEX,1,0,2,1,3,2,2,4,2,2,1,3,3,4,3,4,7,7
GTEX-YB5E-1926-SM-5IFIG,Normal_GTEX,1,0,0,1,3,2,2,3,2,3,4,5,4,3,6,5,4,4
GTEX-11ILO-0126-SM-5A5LN,Normal_GTEX,1,0,2,1,3,2,2,4,2,2,1,3,3,4,3,4,7,7
GTEX-ZF2S-2426-SM-5DUXV,Normal_GTEX,1,2,2,1,1,0,1,1,4,1,3,0,1,5,0,1,0,0
GTEX-ZE9C-2726-SM-57WB5,Normal_GTEX,1,0,2,1,3,2,2,4,2,2,1,3,3,4,3,4,7,7
GTEX-S7SF-1926-SM-4AT5B,Normal_GTEX,1,0,2,1,3,2,2,4,2,3,2,2,4,1,2,5,3,3
GTEX-OIZH-0226-SM-2YUMH,Normal_GTEX,1,2,2,1,1,0,1,1,4,1,1,0,2,0,5,3,6,6
TCGA-BH-A0AY-11,Normal_TCGA,1,0,1,1,0,1,1,0,1,1,0,1,2,6,1,3,2,2
GTEX-Q2AG-1126-SM-48U1P,Normal_GTEX,1,0,2,1,3,2,2,4,2,3,2,2,4,1,2,5,3,3
GTEX-VUSH-0004-SM-3P61T,Normal_GTEX,3,1,0,4,2,3,5,2,3,6,5,4,7,2,4,8,1,1
GTEX-WI4N-0005-SM-3LK7E,Normal_GTEX,1,0,2,1,3,2,2,4,2,3,2,2,4,1,2,5,3,2
GTEX-SE5C-0526-SM-2XCE1,Normal_GTEX,1,0,2,1,3,2,2,4,2,3,2,2,4,1,2,5,3,3
GTEX-QCQG-1626-SM-48U26,Normal_GTEX,1,0,2,1,3,2,2,4,2,3,2,2,4,1,2,5,3,3
GTEX-Y9LG-1726-SM-4VBQE,Normal_GTEX,1,0,0,1,3,2,2,4,2,3,4,5,4,3,6,5,4,4
GTEX-13VXU-0826-SM-5KLZ2,Normal_GTEX,1,0,2,1,3,2,1,4,2,1,2,2,2,1,2,3,3,3
GTEX-OIZH-0926-SM-48TBR,Normal_GTEX,1,1,0,1,2,3,2,4,3,3,2,2,4,1,2,5,3,3
GTEX-QVJO-0011-R8A-SM-447C7,Normal_GTEX,3,1,0,3,2,3,4,3,0,5,4,5,6,3,6,7,4,4
GTEX-ZPIC-2026-SM-57WG3,Normal_GTEX,1,2,2,1,1,0,1,1,4,1,3,0,1,5,5,1,0,0
GTEX-ZXES-0826-SM-5E43C,Normal_GTEX,1,0,2,1,3,2,1,4,2,1,1,0,2,6,5,3,2,6
GTEX-VJYA-0626-SM-4KL1S,Normal_GTEX,1,2,2,1,1,0,1,1,4,1,3,0,1,5,5,1,0,0
GTEX-XMD2-1326-SM-4YCET,Normal_GTEX,1,0,2,1,3,2,2,4,2,2,1,3,3,4,3,4,7,7
GTEX-132NY-1226-SM-5PNVF,Normal_GTEX,1,0,2,1,3,2,2,4,2,3,2,2,4,1,2,5,3,3
GTEX-NFK9-1126-SM-3LK78,Normal_GTEX,1,0,2,1,3,2,2,4,2,2,1,3,3,4,3,4,7,7
GTEX-TML8-1226-SM-32QON,Normal_GTEX,1,0,2,1,1,2,1,1,2,1,1,0,2,0,5,3,6,6
GTEX-S4P3-1526-SM-3K2AV,Normal_GTEX,1,2,2,1,1,0,1,1,4,1,1,0,2,0,5,3,6,6
GTEX-WFG7-2026-SM-5SI7P,Normal_GTEX,1,0,2,1,3,2,2,4,2,2,1,3,3,4,3,4,7,7
TCGA-D8-A142-01,Basal,2,0,1,2,0,1,3,0,1,4,0,1,5,6,1,6,2,2
GTEX-ZVT4-0226-SM-51MSD,Normal_GTEX,1,2,2,1,1,0,1,1,4,1,1,0,2,0,5,3,6,6
GTEX-QV31-0826-SM-4R1KR,Normal_GTEX,1,0,2,1,3,2,2,4,2,3,2,2,4,1,2,5,3,3
GTEX-RM2N-1626-SM-2TF5N,Normal_GTEX,1,2,2,1,1,0,1,1,4,1,1,4,2,0,0,2,6,6
GTEX-145ME-1926-SM-5SI9S,Normal_GTEX,1,2,2,1,1,0,1,1,4,1,1,0,2,0,5,3,6,6
GTEX-WRHK-0001-SM-4WWDD,Normal_GTEX,3,1,0,4,2,3,5,2,3,6,5,4,7,2,4,8,1,1
GTEX-13FHO-2026-SM-5J1OA,Normal_GTEX,1,2,2,1,1,0,1,1,4,1,2,0,2,0,5,3,6,6
GTEX-12KS4-1026-SM-5FQTD,Normal_GTEX,1,0,2,1,3,2,2,4,2,2,1,0,3,4,5,4,7,0
GTEX-TML8-1426-SM-4DXUT,Normal_GTEX,1,2,2,1,1,0,1,1,4,1,3,0,1,5,5,1,0,0
GTEX-Y9LG-1026-SM-5IFJN,Normal_GTEX,1,0,2,1,3,2,2,4,2,3,2,2,4,1,2,5,3,3
GTEX-QVUS-0006-SM-3GAE8,Normal_GTEX,3,1,0,4,2,3,5,2,3,6,5,4,7,2,4,8,1,1
TCGA-BH-A0DT-01,LumA,2,0,1,2,0,1,3,0,1,4,0,1,5,6,1,6,2,2
GTEX-13O3Q-2126-SM-5KM4C,Normal_GTEX,1,2,2,1,1,0,1,1,4,1,3,0,1,5,5,1,0,0
GTEX-WYJK-0126-SM-3NMAB,Normal_GTEX,1,0,2,1,3,2,2,4,2,2,1,3,3,4,3,4,7,7
TCGA-BH-A0DX-01,LumA,2,0,1,2,0,1,3,0,1,4,0,1,5,6,1,6,2,2
GTEX-13G51-2726-SM-5LZZ9,Normal_GTEX,1,2,2,1,1,0,1,1,4,1,1,4,2,0,0,2,6,6
GTEX-QVJO-0011-R5A-SM-2S1QM,Normal_GTEX,3,1,0,3,2,3,4,3,0,5,4,5,6,3,6,7,4,4
TCGA-B6-A0RU-01,Basal,2,0,1,2,0,1,3,0,1,4,0,1,5,6,1,6,2,2
GTEX-Q2AG-0926-SM-48U1Q,Normal_GTEX,1,2,2,1,1,0,1,1,4,1,3,0,1,5,0,1,0,0
GTEX-WYBS-2426-SM-4ONDI,Normal_GTEX,1,2,2,1,1,0,1,1,4,1,3,0,1,5,0,1,5,5
GTEX-ZYW4-1326-SM-5E45N,Normal_GTEX,1,0,2,1,3,2,2,4,2,2,1,3,3,4,3,4,7,7
GTEX-XQ3S-1526-SM-4BOOC,Normal_GTEX,1,0,2,1,3,2,2,4,2,2,1,3,3,4,3,4,7,7
TCGA-BH-A18U-01,LumB,2,0,1,2,0,1,3,0,1,4,0,1,5,6,1,6,2,2
GTEX-WWYW-1126-SM-3NB2Q,Normal_GTEX,1,2,2,1,1,0,1,1,4,1,3,0,2,5,0,2,0,0
GTEX-13PDP-0126-SM-5L3HD,Normal_GTEX,1,0,2,1,3,2,2,4,2,2,1,3,3,4,3,4,7,7
GTEX-1313W-1126-SM-5EQ5U,Normal_GTEX,1,2,2,1,1,0,1,1,4,1,3,0,2,5,0,2,0,0
TCGA-EW-A1J6-01,LumB,2,0,1,2,0,1,3,0,1,4,0,1,5,6,1,6,2,2
GTEX-VUSG-1726-SM-4KKZL,Normal_GTEX,1,0,2,1,3,2,2,4,2,3,2,2,4,1,2,5,3,3
GTEX-YB5K-2126-SM-4WWDJ,Normal_GTEX,1,0,2,1,3,2,2,4,2,2,1,3,3,4,3,4,7,7
GTEX-147F3-0626-SM-5NQ9I,Normal_GTEX,1,2,2,1,1,0,1,1,4,1,1,0,2,0,5,3,6,6
GTEX-WZTO-0011-R6B-SM-4E3J6,Normal_GTEX,3,1,0,3,2,3,4,3,0,5,4,5,6,3,6,7,4,4
GTEX-VUSH-0326-SM-3NB2I,Normal_GTEX,1,2,2,1,1,0,1,1,4,1,1,4,2,0,0,2,6,6
GTEX-11OC5-0326-SM-5PNW5,Normal_GTEX,1,2,2,1,1,0,1,1,4,1,1,4,2,0,0,2,6,6
GTEX-XPVG-2926-SM-4B66G,Normal_GTEX,1,2,2,1,1,0,1,1,4,1,3,0,1,5,0,1,0,0
GTEX-ZLV1-0826-SM-4WWEQ,Normal_GTEX,1,0,2,1,3,2,2,4,2,3,2,2,4,1,2,5,3,3
GTEX-13O3O-3026-SM-5KM42,Normal_GTEX,3,1,0,3,2,3,4,3,0,5,4,5,6,3,6,7,4,4
GTEX-11NV4-0008-SM-5Q5BA,Normal_GTEX,3,2,2,4,1,0,5,1,3,6,5,4,7,2,0,8,5,5
GTEX-XLM4-0004-SM-4AT5I,Normal_GTEX,3,1,0,4,2,3,5,2,3,6,5,4,7,2,4,8,1,1
GTEX-13FH7-2226-SM-5IJD4,Normal_GTEX,1,2,2,1,1,0,1,1,4,1,1,0,2,0,5,3,6,6
GTEX-11TT1-1826-SM-5EQLV,Normal_GTEX,1,0,2,1,3,2,2,4,2,2,1,3,3,4,3,4,7,7
GTEX-ZLWG-1126-SM-4WWFQ,Normal_GTEX,1,0,2,1,3,2,2,4,2,2,1,3,3,4,3,4,7,7
GTEX-13X6J-0011-R6a-SM-5PNUB,Normal_GTEX,3,1,0,3,2,3,4,3,0,5,4,5,6,3,6,7,4,4
GTEX-QEG5-1826-SM-4R1JP,Normal_GTEX,1,2,2,1,1,3,2,1,4,3,2,2,4,1,2,5,5,5
GTEX-PWOO-0626-SM-48TZH,Normal_GTEX,1,0,2,1,3,2,2,4,2,3,2,2,4,1,2,5,3,3
GTEX-13G51-1226-SM-5K7Z3,Normal_GTEX,1,0,2,1,3,2,1,4,2,1,2,2,2,1,2,3,3,3
GTEX-14BIM-2626-SM-5S2OF,Normal_GTEX,1,2,2,1,1,0,1,1,4,1,3,0,1,5,0,1,0,0
TCGA-E2-A106-01,LumA,2,0,1,2,0,1,3,0,1,4,0,1,5,6,1,6,2,2
GTEX-ZP4G-1526-SM-57WE5,Normal_GTEX,1,2,2,1,1,0,1,1,4,1,3,0,1,5,5,1,0,0
GTEX-UJHI-0008-SM-4IHL1,Normal_GTEX,3,2,2,4,1,0,5,1,3,6,1,4,7,0,0,8,5,5
GTEX-P78B-2526-SM-3P5ZY,Normal_GTEX,1,2,2,1,1,0,1,1,4,1,3,0,1,5,5,1,0,0
GTEX-ZYFD-3026-SM-5E44C,Normal_GTEX,3,1,0,3,2,3,4,3,0,5,4,5,6,3,6,7,4,4
GTEX-Z9EW-0126-SM-5CVM6,Normal_GTEX,1,2,2,1,1,0,1,1,4,1,3,0,1,5,0,1,0,0
GTEX-S32W-2526-SM-2XCB8,Normal_GTEX,1,2,2,1,1,0,1,1,4,1,1,0,2,4,3,3,6,6
GTEX-13QIC-0011-R3a-SM-5P9HT,Normal_GTEX,3,1,0,3,2,3,4,3,0,5,4,5,6,3,6,7,4,4
GTEX-13NZ8-0011-R1b-SM-5KM3V,Normal_GTEX,3,1,0,3,2,3,4,3,0,5,4,5,6,3,6,7,4,4
GTEX-ZVE2-0226-SM-59HJB,Normal_GTEX,1,0,2,1,3,2,2,4,2,2,1,3,3,4,3,4,7,7
GTEX-14BMV-3026-SM-5S2PQ,Normal_GTEX,3,1,0,3,2,3,4,3,0,5,4,5,6,3,6,7,4,4
GTEX-QDVN-2226-SM-2S1PM,Normal_GTEX,1,2,2,1,1,0,1,1,4,1,1,0,2,0,3,3,6,6
GTEX-13NYS-0011-R6b-SM-5MR3R,Normal_GTEX,3,1,0,3,2,3,4,3,0,5,4,5,6,3,6,7,4,4
GTEX-13OW8-0011-R11a-SM-5L3GT,Normal_GTEX,3,1,0,3,2,3,4,3,0,5,4,5,6,3,6,7,4,4
GTEX-ZZPT-0926-SM-5GICZ,Normal_GTEX,1,2,2,1,1,0,1,1,4,1,3,0,2,5,0,2,0,0
GTEX-ZLV1-1526-SM-4WWBC,Normal_GTEX,1,0,2,1,3,2,2,4,2,2,1,3,3,4,3,4,7,7
GTEX-13QIC-1626-SM-5K7TZ,Normal_GTEX,1,2,2,1,1,0,1,1,4,1,3,0,1,5,0,1,0,0
GTEX-Y9LG-2226-SM-4VDS9,Normal_GTEX,1,2,2,1,1,0,1,1,4,1,1,0,2,0,3,3,6,6
GTEX-13O3Q-2726-SM-5KM51,Normal_GTEX,1,2,2,1,1,0,1,1,4,1,1,4,2,0,0,2,6,6
GTEX-1314G-1326-SM-5BC6E,Normal_GTEX,1,0,2,1,3,2,2,4,2,2,1,3,3,4,3,4,7,7
GTEX-13NZ9-1026-SM-5MR5K,Normal_GTEX,1,0,2,1,3,2,1,4,2,1,3,0,2,5,5,3,0,6
GTEX-13SLX-1326-SM-5S2QS,Normal_GTEX,1,0,2,1,3,2,2,4,2,3,2,2,4,1,2,5,3,3
GTEX-132AR-2826-SM-5IJFV,Normal_GTEX,1,2,2,1,1,0,1,1,4,1,3,0,1,5,5,1,0,0
TCGA-E2-A1BC-01,LumA,2,0,1,2,0,1,3,0,1,4,0,1,5,6,1,6,2,2
TCGA-AN-A0XU-01,Basal,2,0,1,2,0,1,3,0,1,4,0,1,5,6,1,6,2,2
GTEX-139TS-3126-SM-5LZWX,Normal_GTEX,3,1,0,3,2,3,4,3,0,5,4,5,6,3,6,7,4,4
GTEX-NPJ8-2226-SM-3TW8D,Normal_GTEX,1,0,2,1,3,2,2,4,2,3,2,2,4,1,2,5,3,3
TCGA-C8-A1HE-01,LumA,2,0,1,2,0,1,3,0,1,4,0,1,5,6,1,6,2,2
GTEX-13YAN-1026-SM-5O9CF,Normal_GTEX,1,0,2,1,3,2,2,4,2,3,2,2,4,1,2,5,3,3
GTEX-11DXY-1326-SM-5987Z,Normal_GTEX,1,2,2,1,1,0,1,1,4,1,3,0,1,5,5,1,0,0
GTEX-WHPG-1626-SM-4M1ZL,Normal_GTEX,1,2,2,1,1,0,1,1,4,1,3,0,1,5,5,1,0,0
GTEX-13FXS-0006-SM-5O99X,Normal_GTEX,3,1,0,4,2,3,5,2,3,6,5,4,7,2,4,8,1,1
GTEX-13U4I-0926-SM-5LU5A,Normal_GTEX,1,2,2,1,1,0,1,1,4,1,3,0,1,5,0,1,0,0
GTEX-YEC4-1526-SM-4W1YU,Normal_GTEX,1,0,0,1,3,2,2,3,2,3,4,5,4,3,6,5,4,4
GTEX-PWOO-2426-SM-2S1OV,Normal_GTEX,1,2,2,1,1,0,1,1,4,1,3,0,1,5,0,1,0,0
TCGA-BH-A0W7-01,LumA,2,0,1,2,0,1,3,0,1,4,0,1,5,6,1,6,2,2
GTEX-13112-0526-SM-5EQ4S,Normal_GTEX,1,2,2,1,1,0,1,1,4,1,3,0,2,5,0,2,0,0
GTEX-SUCS-1326-SM-4DM5T,Normal_GTEX,1,0,0,1,3,2,2,3,2,3,4,5,4,3,6,5,4,4
GTEX-XOTO-0011-R6B-SM-4B65X,Normal_GTEX,3,1,0,3,2,3,4,3,0,5,4,5,6,3,6,7,4,4
GTEX-X261-0226-SM-3NMD2,Normal_GTEX,1,2,2,1,1,0,1,1,4,1,1,0,2,0,5,3,6,6
TCGA-E2-A15C-01,LumA,2,0,1,2,0,1,3,0,1,4,0,1,5,6,1,6,2,2
GTEX-13O1R-2426-SM-5KLZZ,Normal_GTEX,1,2,2,1,1,0,1,1,4,1,3,0,1,5,5,1,0,0
GTEX-132AR-1626-SM-5EGHP,Normal_GTEX,1,0,2,1,3,2,2,4,2,2,1,3,3,4,3,4,7,7
GTEX-11H98-0126-SM-5EGHG,Normal_GTEX,1,0,2,1,3,2,2,4,2,2,1,3,3,4,3,4,7,7
GTEX-11GS4-1826-SM-5HL4T,Normal_GTEX,1,2,2,1,1,0,1,1,4,1,3,0,1,5,5,1,0,0
GTEX-XOTO-0326-SM-4B66K,Normal_GTEX,1,2,2,1,3,0,1,4,4,1,1,0,2,0,3,3,6,6
GTEX-XOTO-2826-SM-4B65I,Normal_GTEX,1,0,2,1,3,2,1,4,2,1,2,2,1,1,2,1,3,3
GTEX-12584-0826-SM-5FQSK,Normal_GTEX,1,0,2,1,3,2,1,4,2,1,2,2,2,1,2,3,3,3
GTEX-RNOR-0011-R7A-SM-2TF4V,Normal_GTEX,3,1,0,3,2,3,4,3,0,5,4,5,6,3,6,7,4,4
GTEX-SIU8-0926-SM-5SI87,Normal_GTEX,1,0,2,1,3,2,2,4,2,3,2,2,4,1,2,5,3,3
GTEX-TKQ2-0008-SM-4DM5L,Normal_GTEX,3,2,2,4,1,0,5,1,3,6,1,4,7,0,0,8,5,5
GTEX-QLQW-1426-SM-2S1QU,Normal_GTEX,1,2,2,1,1,0,1,1,4,1,1,0,2,0,3,3,6,6
GTEX-WFG8-1626-SM-4LVMB,Normal_GTEX,1,0,2,1,3,2,2,4,2,3,2,2,4,1,2,5,3,3
GTEX-13FTW-2026-SM-5IJE2,Normal_GTEX,1,0,2,1,3,2,2,4,2,3,2,2,4,1,2,5,3,3
GTEX-QVJO-0526-SM-447CE,Normal_GTEX,1,2,2,1,1,0,1,1,4,1,3,0,1,5,0,1,0,0
GTEX-X4XX-0011-R6B-SM-46MWP,Normal_GTEX,3,1,0,3,2,3,4,3,0,5,4,5,6,3,6,7,4,4
GTEX-11ZU8-0008-SM-5S2VO,Normal_GTEX,3,2,2,4,1,0,5,2,3,6,5,4,7,2,0,8,5,5
GTEX-1399U-0005-SM-5NQ8K,Normal_GTEX,3,1,0,4,2,3,5,2,3,6,5,4,7,2,4,8,1,1
GTEX-QV44-1026-SM-447CG,Normal_GTEX,1,2,2,1,1,0,1,1,4,1,3,0,1,5,5,1,0,0
GTEX-XYKS-0005-SM-4BRUD,Normal_GTEX,3,1,0,4,2,3,5,2,3,6,5,4,7,2,4,8,1,1
GTEX-T5JW-1526-SM-4DM5E,Normal_GTEX,1,2,2,1,1,0,1,1,4,1,3,0,1,5,5,1,0,0
GTEX-13OVI-2326-SM-5KM47,Normal_GTEX,1,0,2,1,3,1,2,4,1,3,2,1,4,1,3,5,3,2
GTEX-Y5LM-0526-SM-4V6G3,Normal_GTEX,1,0,2,1,3,2,2,4,2,3,2,2,4,1,2,5,3,3
GTEX-WRHK-1126-SM-4MVOJ,Normal_GTEX,1,2,2,1,1,2,2,1,2,3,3,2,4,5,5,5,0,3
GTEX-S4Q7-1226-SM-4AD5I,Normal_GTEX,1,0,0,1,3,2,2,3,2,3,4,5,4,3,6,5,4,4
GTEX-1399R-2326-SM-5PNYT,Normal_GTEX,1,2,2,1,1,0,1,1,4,1,3,0,1,5,0,1,0,0
TCGA-AR-A0U3-01,LumA,2,0,1,2,0,1,3,0,1,4,0,1,5,6,1,6,2,2
GTEX-131XE-0006-SM-5P9F9,Normal_GTEX,3,1,0,4,2,3,5,2,3,6,5,4,7,2,4,8,1,1
GTEX-13O3Q-0011-R11b-SM-5KM2W,Normal_GTEX,3,1,0,3,2,3,4,3,0,5,4,5,6,3,6,7,4,4
GTEX-13N11-0826-SM-5IJFP,Normal_GTEX,1,2,0,1,1,3,2,1,4,3,2,2,4,1,2,5,5,5
GTEX-T2IS-0126-SM-4DM6O,Normal_GTEX,1,0,2,1,3,2,2,4,2,2,1,3,3,4,3,4,7,7
GTEX-12KS4-2126-SM-5FQUT,Normal_GTEX,1,0,2,1,3,2,2,4,2,2,1,3,3,4,3,4,7,7
GTEX-11EQ9-1526-SM-5PNY7,Normal_GTEX,1,2,2,1,1,2,2,1,2,3,2,2,4,1,2,5,3,3
GTEX-145MH-0011-R1b-SM-5PNWY,Normal_GTEX,3,1,0,3,2,3,4,3,0,5,4,5,6,3,6,7,4,4
GTEX-Z93S-0826-SM-5HL7Y,Normal_GTEX,1,2,2,1,1,0,1,1,4,1,1,0,2,0,3,3,6,6
GTEX-11P81-1626-SM-5BC52,Normal_GTEX,1,2,2,1,1,0,1,1,4,1,3,0,1,5,5,1,0,0
GTEX-ZVP2-0126-SM-5NQ7D,Normal_GTEX,1,2,0,1,1,3,2,1,4,3,2,2,4,1,2,5,5,5
GTEX-SNMC-0226-SM-4DM6F,Normal_GTEX,1,2,2,1,1,0,1,1,4,1,3,0,1,5,0,1,0,0
GTEX-YFCO-0426-SM-4W1Z7,Normal_GTEX,1,0,2,1,3,2,2,4,2,3,2,2,4,1,2,5,3,3
TCGA-BH-A0DK-01,LumA,2,0,1,2,0,1,3,0,1,4,0,1,5,6,1,6,2,2
GTEX-X261-0008-SM-4PR11,Normal_GTEX,3,2,2,4,1,0,5,1,3,6,3,4,7,5,0,8,5,5
GTEX-Y5LM-2126-SM-4VDSY,Normal_GTEX,1,2,2,1,1,0,1,1,4,1,1,4,2,0,0,2,6,6
GTEX-ZE7O-3126-SM-5HL5X,Normal_GTEX,3,1,0,3,2,3,4,3,0,5,4,5,6,3,6,7,4,4
GTEX-13G51-3126-SM-5IJG7,Normal_GTEX,3,1,0,3,2,3,4,3,0,5,4,5,6,3,6,7,4,4
GTEX-P4QS-0226-SM-3NB1U,Normal_GTEX,1,2,2,1,1,0,1,1,4,1,1,0,2,0,5,3,6,6
GTEX-WRHK-0005-SM-3MJF5,Normal_GTEX,3,1,0,4,2,3,5,2,3,6,5,4,7,2,4,8,1,1
GTEX-WHPG-0626-SM-3NMBD,Normal_GTEX,1,2,2,1,1,0,1,1,4,1,2,0,2,0,5,3,6,6
GTEX-OXRL-2126-SM-3NM98,Normal_GTEX,1,0,0,1,3,2,2,3,2,3,4,5,4,3,6,5,4,4
TCGA-A2-A04R-01,LumB,2,0,1,2,0,1,3,0,1,4,0,1,5,6,1,6,2,2
GTEX-OXRP-2426-SM-2S1NR,Normal_GTEX,1,2,2,1,1,0,1,1,4,1,3,0,1,0,0,1,6,0
GTEX-NL3H-0006-SM-2I3FW,Normal_GTEX,3,1,0,4,2,3,5,2,3,6,5,4,7,2,4,8,1,1
GTEX-ZF29-2026-SM-4WWB7,Normal_GTEX,1,0,2,1,3,2,2,4,2,3,2,2,4,1,2,5,3,3
GTEX-ZYT6-2326-SM-5GZY3,Normal_GTEX,1,0,2,1,3,2,2,4,2,2,1,3,3,4,3,4,7,7
GTEX-WFON-0226-SM-3GIKR,Normal_GTEX,1,2,2,1,1,0,1,1,4,1,3,0,2,5,0,2,0,0
GTEX-13NZB-0626-SM-5IFH6,Normal_GTEX,1,0,2,1,3,2,2,4,2,3,2,2,4,1,2,5,3,3
GTEX-OIZG-0526-SM-2HMLF,Normal_GTEX,1,0,2,1,3,2,2,4,2,3,2,2,4,1,2,5,3,3
GTEX-12WSG-0426-SM-5FQSE,Normal_GTEX,1,2,2,1,1,0,1,1,4,1,1,0,2,0,5,3,6,6
GTEX-RU72-0008-SM-46MV8,Normal_GTEX,3,2,2,4,1,0,5,1,3,6,1,4,7,0,0,8,5,5
GTEX-Y5V5-0426-SM-4VBPU,Normal_GTEX,1,2,2,1,1,0,1,1,4,1,3,0,1,5,0,1,0,0
GTEX-11VI4-1026-SM-5EQM1,Normal_GTEX,1,2,2,1,1,0,1,1,4,1,3,0,1,5,0,1,5,5
TCGA-HN-A2NL-01,Basal,2,1,1,2,0,1,3,0,1,4,0,1,5,6,1,6,2,2
GTEX-13FH7-0326-SM-5J1MR,Normal_GTEX,1,2,2,1,1,0,1,1,4,1,3,0,1,5,0,1,0,0
GTEX-11OF3-2426-SM-5Q5AS,Normal_GTEX,1,2,2,1,1,0,1,1,4,1,1,0,2,0,5,3,6,6
GTEX-1497J-2126-SM-5NQB8,Normal_GTEX,1,2,2,1,1,0,1,1,4,1,3,0,1,5,5,1,0,0
GTEX-XUJ4-2126-SM-4BOOX,Normal_GTEX,1,2,2,1,1,0,1,1,4,1,3,0,1,5,5,1,0,0
GTEX-PSDG-0526-SM-2S1OH,Normal_GTEX,1,2,2,1,1,0,1,1,4,1,3,0,1,5,0,1,0,0
GTEX-12WSL-2326-SM-5DUXQ,Normal_GTEX,1,0,0,1,3,2,2,3,2,3,4,5,4,3,6,5,4,4
GTEX-1477Z-0011-R5b-SM-5PNUO,Normal_GTEX,3,1,0,3,2,3,4,3,0,5,4,5,6,3,6,7,4,4
TCGA-D8-A1XU-01,LumA,2,0,1,2,0,1,3,0,1,4,0,1,5,6,1,6,2,2
GTEX-RVPV-0011-R3A-SM-2TF63,Normal_GTEX,3,1,0,3,2,3,4,3,0,5,4,5,6,3,6,7,4,4
GTEX-X585-1426-SM-4E3JO,Normal_GTEX,1,2,2,1,1,0,1,1,4,1,3,0,1,5,5,1,0,6
GTEX-ZUA1-0726-SM-4YCD9,Normal_GTEX,1,2,2,1,1,0,1,1,4,1,3,0,2,5,0,2,0,0
GTEX-12WSN-0126-SM-5DUX5,Normal_GTEX,1,1,0,1,2,3,2,4,3,3,2,2,4,1,2,5,3,3
GTEX-13O61-0726-SM-5J2MD,Normal_GTEX,1,0,2,1,3,2,2,4,2,3,2,2,4,1,2,5,3,3
GTEX-13X6J-3126-SM-5Q5EJ,Normal_GTEX,1,1,0,1,2,3,2,3,0,3,4,5,4,3,6,5,4,4
TCGA-BH-A1EO-01,LumA,2,0,1,2,0,1,3,0,1,4,0,1,5,6,1,6,2,2
GTEX-Y5V5-0226-SM-5S2N8,Normal_GTEX,1,2,2,1,1,0,1,1,4,1,1,0,2,0,5,3,6,6
GTEX-13OVJ-0826-SM-5J1OK,Normal_GTEX,1,0,2,1,3,2,2,4,2,2,1,3,3,4,3,4,7,7
GTEX-12WSH-1526-SM-5BC5W,Normal_GTEX,1,0,2,1,3,2,2,4,2,2,1,3,3,4,3,4,7,7
GTEX-14E1K-0326-SM-5S2PE,Normal_GTEX,1,0,2,1,3,2,2,4,2,3,2,2,4,1,2,5,3,3
GTEX-13PVQ-0926-SM-5IJFD,Normal_GTEX,1,0,2,1,3,2,2,4,2,3,2,2,4,1,2,5,3,3
GTEX-13FXS-3026-SM-5LZYO,Normal_GTEX,3,1,0,3,2,3,4,3,0,5,4,5,6,3,6,7,4,4
GTEX-11EQ9-0826-SM-5986Y,Normal_GTEX,1,2,2,1,1,0,1,1,4,1,3,0,1,5,5,1,0,0
GTEX-12696-0226-SM-5EGL3,Normal_GTEX,1,0,0,1,3,2,2,3,2,3,4,5,4,3,6,5,4,4
GTEX-QDVN-1126-SM-48TZ7,Normal_GTEX,1,2,2,1,1,0,1,1,4,1,3,0,1,5,5,1,0,0
GTEX-TMMY-0926-SM-33HBG,Normal_GTEX,1,0,2,1,3,2,2,4,2,3,2,2,4,1,2,5,3,3
GTEX-UJHI-0626-SM-3DB8T,Normal_GTEX,1,0,2,1,3,2,2,4,2,3,2,2,4,1,2,5,3,3
TCGA-B6-A0IN-01,LumB,2,0,1,2,0,1,3,0,1,4,0,1,5,6,1,6,2,2
GTEX-V955-0826-SM-5SI82,Normal_GTEX,1,2,2,1,1,0,1,1,4,1,3,0,2,5,0,2,0,0
GTEX-WY7C-2326-SM-3NB2U,Normal_GTEX,1,0,2,1,3,2,2,4,2,2,1,3,3,4,3,4,7,7
GTEX-X261-0326-SM-3NMD4,Normal_GTEX,1,2,2,1,1,0,1,1,4,1,1,4,2,0,0,2,6,6
GTEX-ZVP2-0326-SM-57WBP,Normal_GTEX,1,0,2,1,3,2,2,4,2,2,1,3,3,4,3,4,7,7
GTEX-XUYS-0126-SM-47JWZ,Normal_GTEX,1,0,2,1,3,2,2,4,2,2,1,3,3,4,3,4,7,7
GTEX-Y5V6-0005-SM-4V6FD,Normal_GTEX,3,1,0,4,2,3,5,2,3,6,5,4,7,2,4,8,1,1
GTEX-145MI-0526-SM-5O9A8,Normal_GTEX,1,0,2,1,3,2,2,4,2,2,1,3,3,4,3,4,7,7
TCGA-A2-A3KC-01,LumA,2,0,1,2,0,1,3,0,1,4,0,1,5,6,1,6,2,2
GTEX-WYVS-1226-SM-4ONCL,Normal_GTEX,1,2,2,1,1,0,1,1,4,1,3,0,1,5,5,1,0,0
GTEX-13X6K-3026-SM-5QGPA,Normal_GTEX,1,1,0,1,2,3,2,3,0,3,4,5,4,3,6,5,4,4
GTEX-1313W-0326-SM-5LZU5,Normal_GTEX,1,2,2,1,1,0,1,1,4,1,1,0,2,0,3,3,6,6
GTEX-1497J-2726-SM-5SI9W,Normal_GTEX,1,0,2,1,3,2,2,4,2,2,1,3,3,4,3,4,7,7
GTEX-R55G-0926-SM-48FDN,Normal_GTEX,1,2,2,1,1,0,1,1,4,1,3,0,1,5,5,1,0,0
GTEX-QDVN-0326-SM-2I3FS,Normal_GTEX,1,2,2,1,1,0,1,1,4,1,3,0,2,5,0,2,0,0
GTEX-WFON-1426-SM-4LVMT,Normal_GTEX,1,0,2,1,3,2,2,4,2,3,2,2,4,1,2,5,3,3
GTEX-WFG8-0001-SM-4LVN8,Normal_GTEX,3,1,0,4,2,3,5,2,3,6,5,4,7,2,4,8,1,1
TCGA-E9-A1NA-11,Normal_TCGA,1,0,1,1,0,1,1,0,1,1,0,1,2,6,1,3,2,2
GTEX-YEC4-0526-SM-4W21U,Normal_GTEX,1,0,2,1,3,2,2,4,2,3,2,2,4,1,2,5,3,3
TCGA-AN-A0FF-01,LumB,2,0,1,2,0,1,3,0,1,4,0,1,5,6,1,6,2,2
GTEX-ZDXO-0011-R10a-SM-4WWD8,Normal_GTEX,3,1,0,3,2,3,4,3,0,5,4,5,6,3,6,7,4,4
GTEX-ZYFD-2526-SM-5E45L,Normal_GTEX,1,0,2,1,3,2,1,4,2,1,2,2,1,1,2,1,3,3
TCGA-A8-A097-01,LumA,2,0,1,2,0,1,3,0,1,4,0,1,5,6,1,6,2,2
GTEX-XUW1-1026-SM-4BONY,Normal_GTEX,1,0,2,1,3,2,1,4,2,1,2,2,2,1,2,3,3,3
GTEX-OXRP-0926-SM-48TC1,Normal_GTEX,1,0,2,1,3,2,2,4,2,2,1,3,3,4,3,4,7,7
GTEX-PX3G-1526-SM-48U11,Normal_GTEX,1,0,2,1,3,2,2,4,2,3,2,2,4,1,2,5,3,3
GTEX-13NZ9-0126-SM-5K7XV,Normal_GTEX,1,2,2,1,1,0,1,1,4,1,3,0,2,5,0,2,0,0
GTEX-ZDYS-1526-SM-4WKFY,Normal_GTEX,1,2,2,1,1,0,1,1,4,1,1,0,2,0,3,3,6,6
GTEX-13W46-0626-SM-5LU3N,Normal_GTEX,1,2,2,1,1,0,1,1,4,1,3,0,1,5,0,1,0,0
GTEX-ZYW4-0426-SM-5GZYS,Normal_GTEX,1,2,2,1,1,0,1,1,4,1,3,0,1,5,0,1,0,0
TCGA-B6-A0IP-01,LumA,2,0,1,2,0,1,3,0,1,4,0,1,5,6,1,6,2,2
GTEX-12KS4-0326-SM-5EQ41,Normal_GTEX,1,0,2,1,3,2,2,4,2,2,1,3,3,4,3,4,7,7
GTEX-XBEW-1026-SM-4QARV,Normal_GTEX,1,2,2,1,1,0,1,1,4,1,1,4,2,0,0,2,6,6
GTEX-WH7G-1026-SM-4LVML,Normal_GTEX,1,2,2,1,1,0,1,1,4,1,3,0,1,5,5,1,0,0
GTEX-144GO-0011-R6b-SM-5S2V7,Normal_GTEX,3,1,0,3,2,3,4,3,0,5,4,5,6,3,6,7,4,4
GTEX-11P82-1026-SM-5BC5J,Normal_GTEX,1,0,2,1,3,2,2,4,2,3,2,2,4,1,2,5,3,3
GTEX-SJXC-0126-SM-2XCFF,Normal_GTEX,1,0,2,1,3,2,2,4,2,2,1,3,3,4,3,4,7,7
TCGA-A2-A04X-01,Her2,2,0,1,2,0,1,3,0,1,4,0,1,5,6,1,6,2,2
GTEX-13PLJ-0011-R3a-SM-5O9DT,Normal_GTEX,3,1,0,3,2,3,4,3,0,5,4,5,6,3,6,7,4,4
GTEX-11GSO-0626-SM-5A5LW,Normal_GTEX,1,0,2,1,3,2,1,4,2,1,2,2,2,1,2,3,3,3
GTEX-XUJ4-2726-SM-4BOQ1,Normal_GTEX,1,2,2,1,1,0,1,1,4,1,1,0,2,0,3,3,6,6
GTEX-132AR-2326-SM-5IJDY,Normal_GTEX,1,2,2,1,1,0,1,1,4,1,3,0,1,5,5,1,0,0
GTEX-XUW1-1526-SM-4BOOY,Normal_GTEX,1,2,2,1,1,0,1,1,4,1,3,0,1,5,5,1,0,0
GTEX-13QIC-2926-SM-5J2NF,Normal_GTEX,3,1,0,3,2,3,4,3,0,5,4,5,6,3,6,7,4,4
GTEX-12WSD-0926-SM-5GCNL,Normal_GTEX,1,0,2,1,3,2,1,4,2,1,2,2,2,1,2,3,3,3
GTEX-146FQ-0726-SM-5LUA7,Normal_GTEX,1,0,2,1,3,2,1,4,2,1,2,2,2,1,2,3,3,3
GTEX-P4QS-1026-SM-3NMCW,Normal_GTEX,1,0,2,1,3,2,2,4,2,3,2,2,4,1,2,5,3,3
TCGA-A8-A094-01,Her2,2,0,1,2,0,1,3,0,1,4,0,1,5,6,1,6,2,2
GTEX-12KS4-0626-SM-5PNY4,Normal_GTEX,1,2,2,1,1,0,1,1,4,1,3,0,1,5,0,1,0,0
GTEX-RNOR-1326-SM-48FDE,Normal_GTEX,1,2,2,1,1,0,1,1,4,1,3,0,1,5,5,1,0,0
GTEX-1399T-2726-SM-5K7XK,Normal_GTEX,1,2,2,1,1,0,1,1,4,1,1,0,2,0,5,3,6,6
TCGA-C8-A12Z-01,Her2,2,0,1,2,0,1,3,0,1,4,0,1,5,6,1,6,2,2
GTEX-ZAK1-0426-SM-5J1MS,Normal_GTEX,1,2,2,1,1,0,1,1,4,1,3,0,1,5,0,1,0,0
GTEX-11NV4-1926-SM-5N9D4,Normal_GTEX,1,0,2,1,3,1,2,4,1,3,2,1,4,1,3,5,3,2
GTEX-1399S-0426-SM-5IFG5,Normal_GTEX,1,2,0,1,1,3,2,1,4,3,2,2,4,1,2,5,5,5
GTEX-WOFM-0326-SM-4OOSL,Normal_GTEX,1,0,2,1,3,2,1,4,2,1,2,2,1,1,2,1,3,3
GTEX-YFC4-0826-SM-5CVM1,Normal_GTEX,1,2,2,1,1,0,1,1,4,1,1,0,2,0,3,3,6,6
GTEX-11DXX-0526-SM-5PNVR,Normal_GTEX,1,2,2,1,1,0,1,1,4,1,3,0,2,5,0,2,0,0
GTEX-145MI-0011-R8b-SM-5PNZ9,Normal_GTEX,3,1,0,3,2,3,4,3,0,5,4,5,6,3,6,7,4,4
GTEX-ZC5H-2026-SM-5CVN2,Normal_GTEX,1,2,2,1,1,0,1,1,4,1,3,0,1,5,0,1,0,5
GTEX-12ZZX-0011-R7b-SM-5DUVV,Normal_GTEX,3,1,0,3,2,3,4,3,0,5,4,5,6,3,6,7,4,4
GTEX-11XUK-2126-SM-5EQLR,Normal_GTEX,1,0,2,1,3,0,1,4,4,1,1,0,2,0,5,3,6,6
GTEX-111FC-3326-SM-5GZYV,Normal_GTEX,3,1,0,3,2,3,4,3,0,5,4,5,6,3,6,7,4,4
GTEX-13W3W-0626-SM-5LU45,Normal_GTEX,1,2,2,1,1,0,1,1,4,1,3,0,2,5,0,3,0,0
GTEX-WYVS-0008-SM-4ONDY,Normal_GTEX,3,2,2,4,1,0,5,1,3,6,1,4,7,0,0,8,5,5
GTEX-WFG8-0126-SM-4LVMH,Normal_GTEX,1,2,0,1,1,3,2,1,4,3,2,2,4,1,2,5,5,5
GTEX-ZE7O-2426-SM-57WD7,Normal_GTEX,1,0,2,1,3,2,2,4,2,2,1,3,3,4,3,4,7,7
GTEX-X3Y1-0326-SM-4PQZ7,Normal_GTEX,1,2,2,1,1,0,1,1,4,1,3,0,1,5,0,1,0,0
GTEX-13FTX-0726-SM-5N9BI,Normal_GTEX,1,0,2,1,3,2,2,4,2,3,2,2,4,1,2,5,3,3
GTEX-ZLV1-1226-SM-4WWBX,Normal_GTEX,1,0,2,1,3,2,2,4,2,3,2,2,4,1,2,5,3,3
TCGA-BH-A1EN-11,Normal_TCGA,1,0,1,1,0,1,1,0,1,1,0,1,2,6,1,3,2,2
GTEX-PWCY-1926-SM-3NB25,Normal_GTEX,1,2,2,1,1,0,1,1,4,1,1,0,2,0,5,3,6,6
GTEX-WHSE-1026-SM-57WAX,Normal_GTEX,1,2,2,1,1,0,1,1,4,1,1,0,2,0,3,3,6,6
GTEX-13O3O-1526-SM-5KM1C,Normal_GTEX,1,2,2,1,1,0,1,1,4,1,3,0,2,5,0,2,0,0
GTEX-OXRP-2526-SM-2S1NO,Normal_GTEX,1,2,2,1,1,0,1,1,4,1,1,0,2,0,3,3,6,6
GTEX-WHSB-0326-SM-3LK6K,Normal_GTEX,1,0,2,1,3,2,2,4,2,3,2,2,4,1,2,5,3,3
GTEX-13OVJ-2626-SM-5IJFT,Normal_GTEX,1,1,0,1,2,3,2,3,0,3,4,5,4,3,6,5,4,4
GTEX-PWN1-0006-SM-5SI7T,Normal_GTEX,3,1,0,4,2,3,5,2,3,6,5,4,7,2,4,8,1,1
GTEX-ZY6K-0526-SM-5GZY9,Normal_GTEX,1,2,2,1,1,0,1,1,4,1,3,0,1,5,5,1,0,0
GTEX-RTLS-2326-SM-46MUH,Normal_GTEX,1,2,2,1,1,0,1,1,4,1,3,0,1,5,0,1,5,5
GTEX-148VI-0006-SM-5O9A6,Normal_GTEX,3,1,0,4,2,3,5,2,3,6,5,4,7,2,4,8,1,1
GTEX-11TT1-1926-SM-5PNYN,Normal_GTEX,1,2,2,1,1,0,1,1,4,1,3,0,2,0,5,3,6,6
TCGA-A8-A082-01,LumB,2,0,1,2,0,1,3,0,1,4,0,1,5,6,1,6,2,2
GTEX-131XF-2626-SM-5EQ6K,Normal_GTEX,1,0,2,1,3,2,2,4,2,2,1,3,3,4,3,4,7,7
GTEX-Z93S-0011-R10a-SM-4RGNM,Normal_GTEX,3,1,0,3,2,3,4,3,0,5,4,5,6,3,6,7,4,4
GTEX-U3ZN-1626-SM-4DXTZ,Normal_GTEX,1,0,2,1,3,2,2,4,2,2,1,3,3,4,3,4,7,7
GTEX-139T8-0826-SM-5L3DE,Normal_GTEX,1,0,2,1,3,2,1,4,2,1,1,0,2,6,5,3,2,6
GTEX-145MO-1526-SM-5QGQC,Normal_GTEX,1,2,2,1,1,0,1,1,4,1,3,0,1,5,5,1,0,0
GTEX-12WSN-1326-SM-5GCNT,Normal_GTEX,1,0,2,1,3,0,1,1,4,1,1,0,2,0,5,3,6,6
TCGA-E9-A22D-01,LumB,2,0,1,2,0,1,3,0,1,4,0,1,5,6,1,6,2,2
GTEX-XBED-2326-SM-47JYR,Normal_GTEX,1,2,2,1,1,0,1,1,4,1,1,0,2,0,5,3,6,6
GTEX-13OW8-2226-SM-5K7Z4,Normal_GTEX,1,2,2,1,1,0,1,1,4,1,3,0,1,5,5,1,0,0
GTEX-ZYWO-1926-SM-5E456,Normal_GTEX,1,2,2,1,1,0,1,1,4,1,3,0,1,5,0,1,5,5
GTEX-YFC4-0011-R6b-SM-4V6E1,Normal_GTEX,3,1,0,3,2,3,4,3,0,5,4,5,6,3,6,7,4,4
GTEX-13OW7-0011-R11a-SM-5O9DY,Normal_GTEX,3,1,0,3,2,3,4,3,0,5,4,5,6,3,6,7,4,4
GTEX-POMQ-0426-SM-3P61G,Normal_GTEX,1,2,2,1,1,0,1,1,4,1,3,0,1,5,0,1,0,0
TCGA-B6-A0WS-01,LumA,2,0,1,2,0,1,3,0,1,4,0,1,5,6,1,6,2,2
GTEX-T2IS-0011-R11A-SM-32QPC,Normal_GTEX,3,1,0,3,2,3,4,3,0,5,4,5,6,3,6,7,4,4
GTEX-12ZZW-3026-SM-5LZW7,Normal_GTEX,1,1,0,1,2,3,2,3,0,3,4,5,4,3,6,5,4,4
TCGA-AR-A2LK-01,LumB,2,0,1,2,0,1,3,0,1,4,0,1,5,6,1,6,2,2
GTEX-ZVP2-0626-SM-51MSO,Normal_GTEX,1,0,2,1,3,2,2,4,2,3,2,2,4,1,2,5,3,3
GTEX-XOTO-0011-R5A-SM-4B657,Normal_GTEX,3,1,0,3,2,3,4,3,0,5,4,5,6,3,6,7,4,4
GTEX-146FR-1726-SM-5Q5DT,Normal_GTEX,1,2,2,1,1,0,1,1,4,1,1,4,2,0,0,2,6,6
GTEX-WFON-0526-SM-4LVLY,Normal_GTEX,1,2,2,1,1,0,1,1,4,1,3,0,1,5,0,1,0,0
GTEX-ZYVF-0226-SM-5GIEG,Normal_GTEX,1,2,2,1,1,0,1,1,4,1,1,0,2,0,5,3,6,6
GTEX-WFG7-1326-SM-4LMK1,Normal_GTEX,1,0,2,1,3,2,2,4,2,3,2,2,4,1,2,5,3,3
TCGA-C8-A138-01,Her2,2,0,1,2,0,1,3,0,1,4,0,1,5,6,1,6,2,2
GTEX-139T4-0011-R9b-SM-5HL6S,Normal_GTEX,3,1,0,3,2,3,4,3,0,5,4,5,6,3,6,7,4,4
TCGA-A8-A07G-01,LumA,2,0,1,2,0,1,3,0,1,4,0,1,5,6,1,6,2,2
GTEX-13VXU-0011-R11b-SM-5O9DJ,Normal_GTEX,3,1,0,3,2,3,4,3,0,5,4,5,6,3,6,7,4,4
GTEX-ZT9X-1926-SM-57WE7,Normal_GTEX,1,2,2,1,1,0,1,1,4,1,1,0,2,0,5,3,6,6
GTEX-139TS-0011-R5b-SM-5J2MZ,Normal_GTEX,3,1,0,3,2,3,4,3,0,5,4,5,6,3,6,7,4,4
GTEX-11OF3-0011-R5a-SM-57WB4,Normal_GTEX,3,1,0,3,2,3,4,3,0,5,4,5,6,3,6,7,4,4
GTEX-Q2AG-0011-R7A-SM-2HMJP,Normal_GTEX,3,1,0,3,2,3,4,3,0,5,4,5,6,3,6,7,4,4
GTEX-1117F-0626-SM-5N9CS,Normal_GTEX,1,2,2,1,1,0,1,1,4,1,3,0,1,5,0,1,0,0
GTEX-13X6K-2826-SM-5O9DS,Normal_GTEX,3,1,0,3,2,3,4,3,0,5,4,5,6,3,6,7,4,4
TCGA-BH-A0B7-01,Her2,2,0,1,2,0,1,3,0,1,4,0,1,5,6,1,6,2,2
GTEX-13RTJ-2926-SM-5Q5DE,Normal_GTEX,1,1,0,1,2,3,2,3,0,3,4,5,4,3,6,5,4,4
GTEX-SJXC-0726-SM-2XCFJ,Normal_GTEX,1,0,2,1,3,2,1,4,2,1,2,2,2,1,2,3,3,3
GTEX-OIZG-0008-SM-4E3J2,Normal_GTEX,3,2,2,4,1,0,5,2,3,6,5,4,7,2,0,8,5,5
GTEX-12WSK-2726-SM-5CVND,Normal_GTEX,1,2,2,1,1,0,1,1,4,1,3,0,1,5,0,1,0,0
GTEX-XPVG-2626-SM-4B669,Normal_GTEX,1,0,2,1,3,2,2,4,2,2,1,3,3,4,3,4,7,7
GTEX-12ZZY-1526-SM-5LZWF,Normal_GTEX,1,2,2,1,1,0,1,1,4,1,3,0,1,5,5,1,0,0
GTEX-Q2AH-0426-SM-2I3EP,Normal_GTEX,1,0,2,1,3,2,2,4,2,3,2,2,4,1,2,5,3,3
TCGA-E9-A1RC-11,Normal_TCGA,1,2,1,1,0,1,1,0,1,1,0,1,2,0,1,3,6,2
GTEX-139TT-2126-SM-5LZWC,Normal_GTEX,1,0,2,1,3,2,2,4,2,2,1,3,3,4,3,4,7,7
GTEX-SJXC-0326-SM-2XCFI,Normal_GTEX,1,2,2,1,1,2,1,4,2,1,1,0,2,0,3,3,6,6
GTEX-Y3I4-1726-SM-4TT89,Normal_GTEX,1,0,2,1,3,2,2,4,2,2,1,3,3,4,3,4,7,7
GTEX-PSDG-0426-SM-5SI86,Normal_GTEX,1,2,2,1,1,0,1,1,4,1,1,4,2,0,0,2,6,6
GTEX-REY6-2426-SM-48FF5,Normal_GTEX,1,2,2,1,1,0,1,1,4,1,1,0,2,0,5,3,6,6
GTEX-ZAB5-1126-SM-5Q5AD,Normal_GTEX,1,2,2,1,1,0,1,1,4,1,3,0,2,0,5,3,6,6
GTEX-11ONC-0926-SM-5BC5E,Normal_GTEX,1,2,2,1,1,0,1,1,4,1,3,0,1,5,0,1,0,0
GTEX-13OVH-0526-SM-5L3E6,Normal_GTEX,1,0,2,1,3,2,2,4,2,2,1,3,3,4,3,4,7,7
GTEX-QCQG-0006-SM-2S1OW,Normal_GTEX,3,2,0,4,1,3,5,2,3,6,5,4,7,2,4,8,1,1
TCGA-A2-A0EX-01,LumA,2,0,1,2,0,1,3,0,1,4,0,1,5,6,1,6,2,2
GTEX-12WSN-1426-SM-5GCO6,Normal_GTEX,1,0,2,1,3,2,1,4,2,1,1,3,2,4,3,3,7,7
GTEX-OOBJ-0226-SM-2YUMM,Normal_GTEX,1,2,2,1,1,0,1,1,4,1,1,0,1,0,5,1,6,6
TCGA-D8-A1XR-01,LumB,2,0,1,2,0,1,3,0,1,4,0,1,5,6,1,6,2,2
GTEX-13QBU-1326-SM-5LU4K,Normal_GTEX,1,2,2,1,1,0,1,1,4,1,3,0,2,5,5,3,0,6
GTEX-139TT-2726-SM-5IJFM,Normal_GTEX,1,1,0,1,2,3,2,3,0,3,4,5,4,3,6,5,4,4
GTEX-ZXG5-0126-SM-5GIEU,Normal_GTEX,1,0,2,1,3,2,2,4,2,2,1,3,3,4,3,4,7,7
GTEX-1399T-0011-R1b-SM-5DUWN,Normal_GTEX,3,1,0,3,2,3,4,3,0,5,4,5,6,3,6,7,4,4
GTEX-XLM4-2926-SM-4AT59,Normal_GTEX,3,1,0,3,2,3,4,3,0,5,4,5,6,3,6,7,4,4
GTEX-12KS4-0426-SM-5EQMC,Normal_GTEX,1,2,2,1,1,0,1,1,4,1,1,0,2,0,5,3,6,6
GTEX-U3ZH-1426-SM-4DXSR,Normal_GTEX,1,0,2,1,3,2,1,4,2,1,1,0,2,0,5,3,3,6
GTEX-WYBS-0326-SM-3NM8S,Normal_GTEX,1,2,2,1,1,0,1,1,4,1,1,0,2,0,3,3,6,6
GTEX-P4QT-2626-SM-2I3FM,Normal_GTEX,1,0,2,1,3,2,1,4,2,1,2,2,2,1,2,3,3,3
TCGA-BH-A18P-01,Her2,2,0,1,2,0,1,3,0,1,4,0,1,5,6,1,6,2,2
TCGA-E9-A22E-01,LumB,2,0,1,2,0,1,3,0,1,4,0,1,5,6,1,6,2,2
GTEX-WY7C-1526-SM-4OND2,Normal_GTEX,1,2,2,1,1,0,1,1,4,1,3,0,1,5,0,1,0,0
GTEX-131XH-0011-R3b-SM-5DUWM,Normal_GTEX,3,1,0,3,2,3,4,3,0,5,4,5,6,3,6,7,4,4
TCGA-BH-A0B3-01,Basal,2,0,1,2,0,1,3,0,1,4,0,1,5,6,1,6,2,2
GTEX-1192X-3226-SM-5987D,Normal_GTEX,3,1,0,3,2,3,4,3,0,5,4,5,6,3,6,7,4,4
GTEX-13FTZ-0726-SM-5IFFY,Normal_GTEX,1,0,2,1,3,2,2,4,2,3,2,2,4,1,2,5,3,3
GTEX-RWS6-0226-SM-2XCA9,Normal_GTEX,1,0,2,1,3,2,2,4,2,3,2,2,4,1,2,5,3,3
GTEX-QEG4-2226-SM-4R1JM,Normal_GTEX,1,0,2,1,3,2,1,4,2,1,2,2,1,1,2,1,3,3
GTEX-SN8G-0226-SM-4DM6B,Normal_GTEX,1,2,2,1,1,0,1,1,4,1,1,0,2,0,5,3,6,6
GTEX-12WSI-1526-SM-5GCNM,Normal_GTEX,1,2,2,1,1,0,1,1,4,1,2,0,2,0,5,3,6,6
TCGA-E2-A15O-01,LumA,2,0,1,2,0,1,3,0,1,4,0,1,5,6,1,6,2,2
GTEX-YJ8A-1426-SM-5PNV7,Normal_GTEX,1,2,2,1,1,0,1,1,4,1,3,0,1,5,5,1,0,0
GTEX-SN8G-0008-SM-4DM4X,Normal_GTEX,3,2,2,4,1,0,5,1,3,6,1,4,7,0,0,8,5,5
GTEX-12C56-0526-SM-5FQST,Normal_GTEX,1,2,2,1,1,0,1,1,4,1,3,0,1,5,5,1,0,0
GTEX-NL4W-0008-SM-4E3I2,Normal_GTEX,3,2,2,4,1,0,5,2,3,6,5,4,7,2,0,8,5,5
GTEX-13O61-1726-SM-5KM46,Normal_GTEX,1,0,2,1,3,2,1,4,2,1,2,2,1,1,2,1,3,3
GTEX-ZVZQ-0011-R5b-SM-57WDC,Normal_GTEX,3,1,0,3,2,3,4,3,0,5,4,5,6,3,6,7,4,4
GTEX-TKQ1-0126-SM-33HB3,Normal_GTEX,1,0,2,1,3,2,1,4,2,1,2,2,2,1,2,3,3,3
GTEX-139YR-1726-SM-5IFFK,Normal_GTEX,1,0,2,1,3,2,2,4,2,2,1,3,3,4,3,4,7,7
GTEX-X15G-1326-SM-4PQZJ,Normal_GTEX,1,0,2,1,3,2,2,4,2,3,2,2,4,1,2,5,3,3
GTEX-13X6K-0011-R8b-SM-5PNZ4,Normal_GTEX,3,1,0,3,2,3,4,3,0,5,4,5,6,3,6,7,4,4
GTEX-13W3W-1626-SM-5LU35,Normal_GTEX,1,0,2,1,3,2,2,4,2,2,1,3,3,4,3,4,7,7
GTEX-ZT9W-0426-SM-57WF4,Normal_GTEX,1,2,2,1,1,0,1,1,4,1,3,0,1,5,0,1,0,0
GTEX-11UD2-0426-SM-5EQ5W,Normal_GTEX,1,2,2,1,1,0,1,1,4,1,1,0,2,0,3,3,6,6
GTEX-ZYFD-0626-SM-5E44E,Normal_GTEX,1,0,2,1,3,2,2,4,2,2,1,3,3,4,3,4,7,7
GTEX-131XE-0726-SM-5HL9K,Normal_GTEX,1,0,2,1,3,2,2,4,2,3,2,2,4,1,2,5,3,3
GTEX-12ZZZ-0011-R6b-SM-5EQ5B,Normal_GTEX,3,1,0,3,2,3,4,3,0,5,4,5,6,3,6,7,4,4
GTEX-YEC4-1126-SM-5CVLW,Normal_GTEX,1,2,2,1,1,0,1,1,4,1,3,0,1,5,5,1,0,0
GTEX-13NYC-0826-SM-5N9FP,Normal_GTEX,1,2,2,1,1,0,1,1,4,1,3,0,1,5,0,1,0,0
TCGA-E2-A15K-11,Normal_TCGA,1,0,1,1,0,1,1,0,1,1,0,1,2,6,1,3,2,2
GTEX-P4PP-2526-SM-3P61P,Normal_GTEX,1,0,2,1,3,2,2,4,2,2,1,3,3,4,3,4,7,7
TCGA-A2-A25D-01,LumA,2,0,1,2,0,1,3,0,1,4,0,1,5,6,1,6,2,2
GTEX-11DXY-0226-SM-5H123,Normal_GTEX,1,0,0,1,3,2,2,3,2,3,4,5,4,3,6,5,4,4
GTEX-WFJO-0005-SM-3GIKY,Normal_GTEX,3,1,0,4,2,3,5,2,3,6,5,4,7,2,4,8,1,1
GTEX-QVJO-1226-SM-4R1KA,Normal_GTEX,1,1,0,1,2,3,2,3,0,3,4,5,4,3,6,5,4,4
GTEX-QDT8-0126-SM-48TZ1,Normal_GTEX,1,0,2,1,3,2,2,4,2,2,1,3,3,4,3,4,7,7
GTEX-13G51-0011-R6b-SM-5LZX4,Normal_GTEX,3,1,0,3,2,3,4,3,0,5,4,5,6,3,6,7,4,4
GTEX-139YR-1526-SM-5IFJ1,Normal_GTEX,1,0,2,1,3,2,2,4,2,3,2,2,4,1,2,5,3,3
GTEX-S32W-1126-SM-4AD5V,Normal_GTEX,1,2,2,1,1,0,1,1,4,1,3,0,1,5,5,1,0,0
GTEX-13PLJ-1726-SM-5L3FT,Normal_GTEX,1,1,0,1,2,3,2,3,0,3,4,5,4,3,6,5,4,4
GTEX-YFC4-0011-R10a-SM-4SOK5,Normal_GTEX,3,1,0,3,2,3,4,3,0,5,4,5,6,3,6,7,4,4
TCGA-BH-A18G-01,Basal,2,0,1,2,0,1,3,0,1,4,0,1,5,6,1,6,2,2
GTEX-11ZVC-0426-SM-5CVLD,Normal_GTEX,1,2,2,1,1,0,1,1,4,1,3,0,2,5,0,2,0,0
TCGA-B6-A0IA-01,LumA,2,0,1,2,0,1,3,0,1,4,0,1,5,6,1,6,2,2
GTEX-11P7K-0726-SM-5EGKX,Normal_GTEX,1,0,2,1,3,2,1,4,2,1,3,0,2,5,5,3,0,6
GTEX-ZQG8-1026-SM-51MR9,Normal_GTEX,1,2,2,1,1,0,1,1,4,1,3,0,2,0,5,3,6,6
TCGA-A8-A090-01,LumA,2,0,1,2,0,1,3,0,1,4,0,1,5,6,1,6,2,2
GTEX-148VI-1626-SM-5SI6E,Normal_GTEX,1,0,2,1,3,2,2,4,2,2,1,3,3,4,3,4,7,7
GTEX-117YW-2726-SM-5GZZT,Normal_GTEX,1,0,2,1,3,2,2,4,2,2,1,3,3,4,3,4,7,7
TCGA-AN-A0XT-01,LumA,2,0,1,2,0,1,3,0,1,4,0,1,5,6,1,6,2,2
GTEX-13VXU-1126-SM-5LU3U,Normal_GTEX,1,2,2,1,1,0,1,1,4,1,3,0,1,5,5,1,0,0
GTEX-131XF-0626-SM-5GIDS,Normal_GTEX,1,2,2,1,1,0,1,1,4,1,3,0,1,5,0,1,0,0
GTEX-13112-0011-R4b-SM-5DUXL,Normal_GTEX,3,1,0,3,2,3,4,3,0,5,4,5,6,3,6,7,4,4
GTEX-ZLFU-1526-SM-4WWBT,Normal_GTEX,1,0,2,1,3,2,2,4,2,3,2,2,4,1,2,5,3,3
GTEX-144GO-0126-SM-5LUAO,Normal_GTEX,1,0,2,1,3,2,1,4,2,1,2,2,2,1,2,3,3,3
GTEX-1313W-1626-SM-5J1OE,Normal_GTEX,1,2,2,1,1,0,1,1,4,1,2,0,2,0,5,3,6,6
GTEX-1122O-2126-SM-5EGIR,Normal_GTEX,1,0,2,1,3,2,2,4,2,2,1,3,3,4,3,4,7,7
GTEX-1313W-0011-R1b-SM-5EQ4A,Normal_GTEX,3,1,0,3,2,3,4,3,0,5,4,5,6,3,6,7,4,4
GTEX-13NZA-0526-SM-5L3D7,Normal_GTEX,1,2,2,1,1,0,1,1,4,1,1,4,2,0,0,2,6,6
GTEX-Y8LW-0626-SM-4VDS8,Normal_GTEX,1,2,2,1,1,0,1,1,4,1,3,0,1,5,5,1,0,0
GTEX-WI4N-2026-SM-4OOS7,Normal_GTEX,1,0,2,1,3,3,2,2,2,3,2,2,4,1,2,5,5,3
GTEX-QMRM-0826-SM-3NB33,Normal_GTEX,1,0,2,1,3,2,2,4,2,3,2,2,4,1,2,5,3,3
GTEX-R55E-0008-SM-48FCG,Normal_GTEX,3,2,2,4,1,0,5,2,3,6,5,4,7,2,0,8,5,5
TCGA-A2-A0YK-01,Normal,2,0,1,2,0,1,3,0,1,4,0,1,5,6,1,6,2,2
GTEX-1399R-0426-SM-5IJE3,Normal_GTEX,1,0,2,1,3,2,2,4,2,3,2,2,4,1,2,5,3,3
GTEX-YFCO-1626-SM-4W1Z3,Normal_GTEX,1,2,2,1,1,0,1,1,4,1,3,0,1,0,0,1,6,6
TCGA-A8-A09K-01,LumA,2,0,1,2,0,1,3,0,1,4,0,1,5,6,1,6,2,2
GTEX-OOBK-2626-SM-2HMKY,Normal_GTEX,1,0,2,1,3,2,1,4,2,1,2,2,2,1,2,3,3,3
TCGA-A2-A1FV-01,LumA,2,0,1,2,0,1,3,0,1,4,0,1,5,6,1,6,2,2
GTEX-OHPJ-0006-SM-3LK6G,Normal_GTEX,3,1,0,4,2,3,5,2,3,6,5,4,7,2,4,8,1,1
GTEX-1117F-2826-SM-5GZXL,Normal_GTEX,1,0,2,1,1,2,1,1,2,1,1,0,2,0,5,3,6,6
GTEX-11ZTS-3326-SM-5LU9Y,Normal_GTEX,1,0,0,1,2,3,2,3,0,3,4,5,4,3,6,5,4,4
GTEX-VJYA-0726-SM-4KL1T,Normal_GTEX,1,0,2,1,3,2,2,4,2,2,1,3,3,4,3,4,7,7
GTEX-ZA64-2126-SM-5Q5A8,Normal_GTEX,1,2,2,1,1,0,1,1,4,1,1,0,2,0,3,3,6,6
GTEX-Q2AG-2826-SM-2HMJQ,Normal_GTEX,3,1,0,3,2,3,4,3,0,5,4,5,6,3,6,7,4,4
GTEX-XV7Q-0426-SM-4BRVN,Normal_GTEX,1,0,2,1,3,2,2,4,2,3,2,2,4,1,2,5,3,3
