"ID","Description","GeneRatio","BgRatio","RichFactor","FoldEnrichment","zScore","pvalue","p.adjust","qvalue","geneID","Count"
"GO:0071495","cellular response to endogenous stimulus","51/287","346/3645",0.147398843930636,1.87201667640128,4.9838099025905,3.74127766088517e-06,0.0100490717971376,0.00997936588703475,"ENSG00000145147/ENSG00000119681/ENSG00000185070/ENSG00000170962/ENSG00000019991/ENSG00000183160/ENSG00000017427/ENSG00000166147/ENSG00000106819/ENSG00000138615/ENSG00000133116/ENSG00000082175/ENSG00000179388/ENSG00000138722/ENSG00000167244/ENSG00000156427/ENSG00000106483/ENSG00000006128/ENSG00000168477/ENSG00000173376/ENSG00000169184/ENSG00000170801/ENSG00000180875/ENSG00000120738/ENSG00000090539/ENSG00000150594/ENSG00000165816/ENSG00000073282/ENSG00000186868/ENSG00000126895/ENSG00000064300/ENSG00000120129/ENSG00000170345/ENSG00000266524/ENSG00000169083/ENSG00000183888/ENSG00000178568/ENSG00000091831/ENSG00000180730/ENSG00000141449/ENSG00000125740/ENSG00000171236/ENSG00000070193/ENSG00000151892/ENSG00000069702/ENSG00000181092/ENSG00000184811/ENSG00000176194/ENSG00000008196/ENSG00000144891/ENSG00000134240",51
"GO:0009719","response to endogenous stimulus","57/287","427/3645",0.133489461358314,1.69536267125803,4.47014980154824,2.17913807950207e-05,0.0292658244077128,0.0290628204918855,"ENSG00000145147/ENSG00000107562/ENSG00000119681/ENSG00000185070/ENSG00000170962/ENSG00000019991/ENSG00000183160/ENSG00000017427/ENSG00000166147/ENSG00000106819/ENSG00000138615/ENSG00000133116/ENSG00000082175/ENSG00000179388/ENSG00000138722/ENSG00000167244/ENSG00000156427/ENSG00000106483/ENSG00000277586/ENSG00000006128/ENSG00000168477/ENSG00000173376/ENSG00000169184/ENSG00000170801/ENSG00000180875/ENSG00000120738/ENSG00000090539/ENSG00000150594/ENSG00000165816/ENSG00000073282/ENSG00000186868/ENSG00000126895/ENSG00000064300/ENSG00000120129/ENSG00000170345/ENSG00000128564/ENSG00000266524/ENSG00000169083/ENSG00000183888/ENSG00000178568/ENSG00000091831/ENSG00000180730/ENSG00000141449/ENSG00000113739/ENSG00000125740/ENSG00000171236/ENSG00000070193/ENSG00000151892/ENSG00000069702/ENSG00000160182/ENSG00000181092/ENSG00000184811/ENSG00000176194/ENSG00000157150/ENSG00000008196/ENSG00000144891/ENSG00000134240",57
"GO:0003073","regulation of systemic arterial blood pressure","13/287","49/3645",0.26530612244898,3.36948019625969,4.88125019292388,6.72043651199015e-05,0.0593325698807954,0.0589210064184408,"ENSG00000133116/ENSG00000163751/ENSG00000006128/ENSG00000145536/ENSG00000100448/ENSG00000169252/ENSG00000126895/ENSG00000092009/ENSG00000169083/ENSG00000145244/ENSG00000186204/ENSG00000144891/ENSG00000124205",13
"GO:0003013","circulatory system process","37/287","250/3645",0.148,1.87965156794425,4.21260348585081,8.83582574546469e-05,0.0593325698807954,0.0589210064184408,"ENSG00000131016/ENSG00000149575/ENSG00000145147/ENSG00000107562/ENSG00000136546/ENSG00000165124/ENSG00000177098/ENSG00000170624/ENSG00000135914/ENSG00000133116/ENSG00000118777/ENSG00000163751/ENSG00000183044/ENSG00000049540/ENSG00000006128/ENSG00000145536/ENSG00000100448/ENSG00000160808/ENSG00000150594/ENSG00000153253/ENSG00000169252/ENSG00000103257/ENSG00000126895/ENSG00000152779/ENSG00000152049/ENSG00000092009/ENSG00000169083/ENSG00000145244/ENSG00000171385/ENSG00000003989/ENSG00000181092/ENSG00000126562/ENSG00000186204/ENSG00000050438/ENSG00000106688/ENSG00000144891/ENSG00000124205",37
"GO:0071363","cellular response to growth factor stimulus","33/287","219/3645",0.150684931506849,1.91375113359744,4.07705052478137,0.000154250167819512,0.0828631901526421,0.0822884053167672,"ENSG00000145147/ENSG00000119681/ENSG00000185070/ENSG00000170962/ENSG00000019991/ENSG00000183160/ENSG00000166147/ENSG00000106819/ENSG00000138615/ENSG00000133116/ENSG00000179388/ENSG00000138722/ENSG00000156427/ENSG00000106483/ENSG00000006128/ENSG00000168477/ENSG00000173376/ENSG00000170801/ENSG00000180875/ENSG00000120738/ENSG00000090539/ENSG00000186868/ENSG00000064300/ENSG00000170345/ENSG00000266524/ENSG00000178568/ENSG00000180730/ENSG00000171236/ENSG00000070193/ENSG00000151892/ENSG00000069702/ENSG00000176194/ENSG00000008196",33
"GO:0030198","extracellular matrix organization","25/287","154/3645",0.162337662337662,2.06174487533373,3.93545903512999,0.000318126382645318,0.099035082779217,0.0983481207675416,"ENSG00000196569/ENSG00000187955/ENSG00000106823/ENSG00000185070/ENSG00000143341/ENSG00000166482/ENSG00000091986/ENSG00000038295/ENSG00000103196/ENSG00000171812/ENSG00000143387/ENSG00000049540/ENSG00000132031/ENSG00000154175/ENSG00000168477/ENSG00000173376/ENSG00000145536/ENSG00000100448/ENSG00000185761/ENSG00000197565/ENSG00000092009/ENSG00000187720/ENSG00000166106/ENSG00000069702/ENSG00000171819",25
"GO:0043062","extracellular structure organization","25/287","154/3645",0.162337662337662,2.06174487533373,3.93545903512999,0.000318126382645318,0.099035082779217,0.0983481207675416,"ENSG00000196569/ENSG00000187955/ENSG00000106823/ENSG00000185070/ENSG00000143341/ENSG00000166482/ENSG00000091986/ENSG00000038295/ENSG00000103196/ENSG00000171812/ENSG00000143387/ENSG00000049540/ENSG00000132031/ENSG00000154175/ENSG00000168477/ENSG00000173376/ENSG00000145536/ENSG00000100448/ENSG00000185761/ENSG00000197565/ENSG00000092009/ENSG00000187720/ENSG00000166106/ENSG00000069702/ENSG00000171819",25
"GO:0045229","external encapsulating structure organization","25/287","154/3645",0.162337662337662,2.06174487533373,3.93545903512999,0.000318126382645318,0.099035082779217,0.0983481207675416,"ENSG00000196569/ENSG00000187955/ENSG00000106823/ENSG00000185070/ENSG00000143341/ENSG00000166482/ENSG00000091986/ENSG00000038295/ENSG00000103196/ENSG00000171812/ENSG00000143387/ENSG00000049540/ENSG00000132031/ENSG00000154175/ENSG00000168477/ENSG00000173376/ENSG00000145536/ENSG00000100448/ENSG00000185761/ENSG00000197565/ENSG00000092009/ENSG00000187720/ENSG00000166106/ENSG00000069702/ENSG00000171819",25
"GO:0070848","response to growth factor","33/287","230/3645",0.143478260869565,1.82222390546887,3.76572368568254,0.000395764753767507,0.099035082779217,0.0983481207675416,"ENSG00000145147/ENSG00000119681/ENSG00000185070/ENSG00000170962/ENSG00000019991/ENSG00000183160/ENSG00000166147/ENSG00000106819/ENSG00000138615/ENSG00000133116/ENSG00000179388/ENSG00000138722/ENSG00000156427/ENSG00000106483/ENSG00000006128/ENSG00000168477/ENSG00000173376/ENSG00000170801/ENSG00000180875/ENSG00000120738/ENSG00000090539/ENSG00000186868/ENSG00000064300/ENSG00000170345/ENSG00000266524/ENSG00000178568/ENSG00000180730/ENSG00000171236/ENSG00000070193/ENSG00000151892/ENSG00000069702/ENSG00000176194/ENSG00000008196",33
"GO:0008015","blood circulation","32/287","221/3645",0.144796380090498,1.8389644788497,3.76151344913289,0.000411991185026177,0.099035082779217,0.0983481207675416,"ENSG00000131016/ENSG00000149575/ENSG00000145147/ENSG00000107562/ENSG00000136546/ENSG00000165124/ENSG00000177098/ENSG00000170624/ENSG00000135914/ENSG00000133116/ENSG00000163751/ENSG00000183044/ENSG00000049540/ENSG00000006128/ENSG00000145536/ENSG00000100448/ENSG00000160808/ENSG00000150594/ENSG00000153253/ENSG00000169252/ENSG00000126895/ENSG00000152049/ENSG00000092009/ENSG00000169083/ENSG00000145244/ENSG00000171385/ENSG00000181092/ENSG00000126562/ENSG00000186204/ENSG00000106688/ENSG00000144891/ENSG00000124205",32
"GO:0009266","response to temperature stimulus","11/287","44/3645",0.25,3.17508710801394,4.24307998370438,0.000433146970321556,0.099035082779217,0.0983481207675416,"ENSG00000149575/ENSG00000107562/ENSG00000017427/ENSG00000006128/ENSG00000169252/ENSG00000186868/ENSG00000064300/ENSG00000128564/ENSG00000166819/ENSG00000176194/ENSG00000134240",11
"GO:0003044","regulation of systemic arterial blood pressure mediated by a chemical signal","8/287","25/3645",0.32,4.06411149825784,4.49376202877399,0.00044245010921467,0.099035082779217,0.0983481207675416,"ENSG00000163751/ENSG00000100448/ENSG00000169252/ENSG00000126895/ENSG00000092009/ENSG00000145244/ENSG00000144891/ENSG00000124205",8
"GO:0008217","regulation of blood pressure","16/287","82/3645",0.195121951219512,2.47811676723039,3.95728697054621,0.000506130807868948,0.104574411533538,0.103849025679345,"ENSG00000133116/ENSG00000163751/ENSG00000183044/ENSG00000006128/ENSG00000145536/ENSG00000100448/ENSG00000169252/ENSG00000126895/ENSG00000092009/ENSG00000169083/ENSG00000145244/ENSG00000181092/ENSG00000126562/ENSG00000186204/ENSG00000144891/ENSG00000124205",16
"GO:0001990","regulation of systemic arterial blood pressure by hormone","7/287","21/3645",0.333333333333333,4.23344947735192,4.34381598304917,0.000772926258518448,0.148291423598611,0.147262792412462,"ENSG00000163751/ENSG00000100448/ENSG00000126895/ENSG00000092009/ENSG00000145244/ENSG00000144891/ENSG00000124205",7
"GO:0090287","regulation of cellular response to growth factor stimulus","18/287","104/3645",0.173076923076923,2.19813722862503,3.62368180799425,0.00103547997881092,0.185419948205743,0.184133773074167,"ENSG00000145147/ENSG00000166147/ENSG00000106819/ENSG00000138615/ENSG00000138722/ENSG00000156427/ENSG00000106483/ENSG00000168477/ENSG00000170801/ENSG00000180875/ENSG00000090539/ENSG00000064300/ENSG00000180730/ENSG00000171236/ENSG00000070193/ENSG00000069702/ENSG00000176194/ENSG00000008196",18
"GO:0009725","response to hormone","32/287","235/3645",0.136170212765957,1.72940914819483,3.37922986040105,0.0012254268568765,0.205718533598143,0.204291556271386,"ENSG00000145147/ENSG00000107562/ENSG00000017427/ENSG00000166147/ENSG00000133116/ENSG00000082175/ENSG00000167244/ENSG00000106483/ENSG00000277586/ENSG00000006128/ENSG00000169184/ENSG00000120738/ENSG00000150594/ENSG00000165816/ENSG00000073282/ENSG00000126895/ENSG00000120129/ENSG00000170345/ENSG00000128564/ENSG00000169083/ENSG00000183888/ENSG00000091831/ENSG00000141449/ENSG00000113739/ENSG00000125740/ENSG00000069702/ENSG00000160182/ENSG00000181092/ENSG00000184811/ENSG00000157150/ENSG00000144891/ENSG00000134240",32
"GO:0001938","positive regulation of endothelial cell proliferation","8/287","31/3645",0.258064516129032,3.27750927278858,3.72251720157084,0.00212672823244593,0.336023060726457,0.33369221925808,"ENSG00000107562/ENSG00000135914/ENSG00000179388/ENSG00000167244/ENSG00000113296/ENSG00000171236/ENSG00000070193/ENSG00000144891",8
"GO:0030336","negative regulation of cell migration","16/287","95/3645",0.168421052631579,2.13900605171465,3.28823951734871,0.00261499260879075,0.376483716882226,0.373872217964322,"ENSG00000174348/ENSG00000145147/ENSG00000107562/ENSG00000138722/ENSG00000196090/ENSG00000090539/ENSG00000134830/ENSG00000166780/ENSG00000064300/ENSG00000120129/ENSG00000067798/ENSG00000178568/ENSG00000137033/ENSG00000069702/ENSG00000181092/ENSG00000276644",16
"GO:0043603","amide metabolic process","18/287","113/3645",0.15929203539823,2.02306435200888,3.22939830605231,0.00273957307514741,0.376483716882226,0.373872217964322,"ENSG00000017427/ENSG00000141338/ENSG00000262655/ENSG00000163106/ENSG00000163751/ENSG00000148488/ENSG00000100448/ENSG00000168350/ENSG00000152779/ENSG00000092009/ENSG00000171954/ENSG00000134201/ENSG00000145244/ENSG00000168004/ENSG00000106688/ENSG00000197977/ENSG00000133321/ENSG00000134240",18
"GO:0050886","endocrine process","10/287","47/3645",0.212765957446809,2.70220179405441,3.43335871024317,0.00294346911933237,0.376483716882226,0.373872217964322,"ENSG00000163751/ENSG00000006128/ENSG00000100448/ENSG00000126895/ENSG00000092009/ENSG00000119147/ENSG00000145244/ENSG00000126562/ENSG00000144891/ENSG00000124205",10
"GO:0060271","cilium assembly","10/287","47/3645",0.212765957446809,2.70220179405441,3.43335871024317,0.00294346911933237,0.376483716882226,0.373872217964322,"ENSG00000145536/ENSG00000162543/ENSG00000197748/ENSG00000173210/ENSG00000034239/ENSG00000112981/ENSG00000004838/ENSG00000163879/ENSG00000171811/ENSG00000178965",10
"GO:0007167","enzyme-linked receptor protein signaling pathway","38/287","314/3645",0.121019108280255,1.53698484209592,2.90957342248642,0.00391669102137282,0.453258650934067,0.450114598685945,"ENSG00000119681/ENSG00000185070/ENSG00000170962/ENSG00000165124/ENSG00000019991/ENSG00000183160/ENSG00000017427/ENSG00000166147/ENSG00000106819/ENSG00000138615/ENSG00000133116/ENSG00000116194/ENSG00000138722/ENSG00000167244/ENSG00000156427/ENSG00000106483/ENSG00000168477/ENSG00000196090/ENSG00000170801/ENSG00000180875/ENSG00000120738/ENSG00000090539/ENSG00000150594/ENSG00000165816/ENSG00000064300/ENSG00000197565/ENSG00000170345/ENSG00000266524/ENSG00000169083/ENSG00000178568/ENSG00000180730/ENSG00000171236/ENSG00000070193/ENSG00000151892/ENSG00000069702/ENSG00000181092/ENSG00000176194/ENSG00000008196",38
"GO:0051591","response to cAMP","8/287","34/3645",0.235294117647059,2.98831727813076,3.40487511528124,0.00397728509700838,0.453258650934067,0.450114598685945,"ENSG00000079337/ENSG00000120129/ENSG00000170345/ENSG00000128564/ENSG00000125740/ENSG00000167588/ENSG00000181092/ENSG00000134240",8
"GO:2000146","negative regulation of cell motility","16/287","100/3645",0.16,2.03205574912892,3.05903766468095,0.00444694390483292,0.453258650934067,0.450114598685945,"ENSG00000174348/ENSG00000145147/ENSG00000107562/ENSG00000138722/ENSG00000196090/ENSG00000090539/ENSG00000134830/ENSG00000166780/ENSG00000064300/ENSG00000120129/ENSG00000067798/ENSG00000178568/ENSG00000137033/ENSG00000069702/ENSG00000181092/ENSG00000276644",16
"GO:0030512","negative regulation of transforming growth factor beta receptor signaling pathway","6/287","21/3645",0.285714285714286,3.62867098058736,3.53135655887972,0.00445412628056691,0.453258650934067,0.450114598685945,"ENSG00000166147/ENSG00000106819/ENSG00000138615/ENSG00000170801/ENSG00000069702/ENSG00000176194",6
"GO:0055021","regulation of cardiac muscle tissue growth","6/287","21/3645",0.285714285714286,3.62867098058736,3.53135655887972,0.00445412628056691,0.453258650934067,0.450114598685945,"ENSG00000187955/ENSG00000017427/ENSG00000169946/ENSG00000178568/ENSG00000069702/ENSG00000164530",6
"GO:0007179","transforming growth factor beta receptor signaling pathway","10/287","50/3645",0.2,2.54006968641115,3.20527808373791,0.00472884557796446,0.453258650934067,0.450114598685945,"ENSG00000119681/ENSG00000166147/ENSG00000106819/ENSG00000138615/ENSG00000170801/ENSG00000170345/ENSG00000266524/ENSG00000171236/ENSG00000069702/ENSG00000176194",10
"GO:0035265","organ growth","11/287","58/3645",0.189655172413793,2.40868677159678,3.16120406260375,0.00476099180871491,0.453258650934067,0.450114598685945,"ENSG00000187955/ENSG00000173068/ENSG00000017427/ENSG00000169946/ENSG00000167244/ENSG00000169083/ENSG00000178568/ENSG00000091831/ENSG00000070193/ENSG00000069702/ENSG00000164530",11
"GO:0141091","transforming growth factor beta receptor superfamily signaling pathway","17/287","110/3645",0.154545454545455,1.96278112131771,2.99722251236734,0.00491440561829311,0.453258650934067,0.450114598685945,"ENSG00000119681/ENSG00000183160/ENSG00000166147/ENSG00000106819/ENSG00000138615/ENSG00000106483/ENSG00000170801/ENSG00000180875/ENSG00000120738/ENSG00000090539/ENSG00000170345/ENSG00000266524/ENSG00000171236/ENSG00000070193/ENSG00000069702/ENSG00000176194/ENSG00000008196",17
"GO:0141193","nuclear receptor-mediated signaling pathway","9/287","43/3645",0.209302325581395,2.6582124625233,3.19736587128357,0.00530055948285864,0.453258650934067,0.450114598685945,"ENSG00000017427/ENSG00000082175/ENSG00000169184/ENSG00000073282/ENSG00000169083/ENSG00000183888/ENSG00000091831/ENSG00000141449/ENSG00000214456",9
"GO:0043434","response to peptide hormone","17/287","111/3645",0.153153153153153,1.94509840851304,2.95593605787073,0.00539907825115983,0.453258650934067,0.450114598685945,"ENSG00000107562/ENSG00000017427/ENSG00000166147/ENSG00000133116/ENSG00000167244/ENSG00000277586/ENSG00000120738/ENSG00000165816/ENSG00000170345/ENSG00000128564/ENSG00000113739/ENSG00000069702/ENSG00000160182/ENSG00000181092/ENSG00000184811/ENSG00000144891/ENSG00000134240",17
"GO:0035930","corticosteroid hormone secretion","4/287","10/3645",0.4,5.0801393728223,3.77670077476786,0.00539995414366721,0.453258650934067,0.450114598685945,"ENSG00000006128/ENSG00000119147/ENSG00000126562/ENSG00000144891",4
"GO:0046660","female sex differentiation","9/287","44/3645",0.204545454545455,2.59779854292049,3.1169266695017,0.00621549308548416,0.491168948655139,0.487761929651653,"ENSG00000145147/ENSG00000169946/ENSG00000082175/ENSG00000073282/ENSG00000128564/ENSG00000091831/ENSG00000070193/ENSG00000276644/ENSG00000183117",9
"GO:0001935","endothelial cell proliferation","10/287","52/3645",0.192307692307692,2.44237469847226,3.0622521300482,0.00632912334229952,0.491168948655139,0.487761929651653,"ENSG00000107562/ENSG00000135914/ENSG00000171812/ENSG00000179388/ENSG00000167244/ENSG00000113296/ENSG00000064300/ENSG00000171236/ENSG00000070193/ENSG00000144891",10
"GO:1901698","response to nitrogen compound","33/287","272/3645",0.121323529411765,1.54085109653618,2.71046486855148,0.00686247851636825,0.491168948655139,0.487761929651653,"ENSG00000145147/ENSG00000107562/ENSG00000017427/ENSG00000166147/ENSG00000135914/ENSG00000133116/ENSG00000079337/ENSG00000167244/ENSG00000183044/ENSG00000277494/ENSG00000277586/ENSG00000165646/ENSG00000120738/ENSG00000150594/ENSG00000165816/ENSG00000162543/ENSG00000169252/ENSG00000103257/ENSG00000064300/ENSG00000120129/ENSG00000170345/ENSG00000128564/ENSG00000266524/ENSG00000113739/ENSG00000125740/ENSG00000167588/ENSG00000069702/ENSG00000160182/ENSG00000181092/ENSG00000184811/ENSG00000106688/ENSG00000144891/ENSG00000134240",33
"GO:0040013","negative regulation of locomotion","16/287","105/3645",0.152380952380952,1.93529118964659,2.84269096050965,0.00721806280978469,0.491168948655139,0.487761929651653,"ENSG00000174348/ENSG00000145147/ENSG00000107562/ENSG00000138722/ENSG00000196090/ENSG00000090539/ENSG00000134830/ENSG00000166780/ENSG00000064300/ENSG00000120129/ENSG00000067798/ENSG00000178568/ENSG00000137033/ENSG00000069702/ENSG00000181092/ENSG00000276644",16
"GO:0009755","hormone-mediated signaling pathway","9/287","45/3645",0.2,2.54006968641115,3.03868138757404,0.00724741532858858,0.491168948655139,0.487761929651653,"ENSG00000017427/ENSG00000082175/ENSG00000169184/ENSG00000073282/ENSG00000169083/ENSG00000183888/ENSG00000091831/ENSG00000141449/ENSG00000181092",9
"GO:0030518","nuclear receptor-mediated steroid hormone signaling pathway","6/287","23/3645",0.260869565217391,3.31313437357976,3.25297214141888,0.00724766812751518,0.491168948655139,0.487761929651653,"ENSG00000017427/ENSG00000082175/ENSG00000073282/ENSG00000169083/ENSG00000183888/ENSG00000091831",6
"GO:0043401","steroid hormone receptor signaling pathway","6/287","23/3645",0.260869565217391,3.31313437357976,3.25297214141888,0.00724766812751518,0.491168948655139,0.487761929651653,"ENSG00000017427/ENSG00000082175/ENSG00000073282/ENSG00000169083/ENSG00000183888/ENSG00000091831",6
"GO:0046620","regulation of organ growth","7/287","30/3645",0.233333333333333,2.96341463414634,3.15651812050939,0.0073145040752813,0.491168948655139,0.487761929651653,"ENSG00000187955/ENSG00000017427/ENSG00000169946/ENSG00000167244/ENSG00000178568/ENSG00000069702/ENSG00000164530",7
"GO:0033143","regulation of intracellular steroid hormone receptor signaling pathway","4/287","11/3645",0.363636363636364,4.61830852074755,3.51317078535943,0.00796636444593111,0.520779866307019,0.517167449630437,"ENSG00000017427/ENSG00000073282/ENSG00000169083/ENSG00000183888",4
"GO:0010543","regulation of platelet activation","5/287","17/3645",0.294117647058824,3.73539659766346,3.30446312985348,0.00820875954817543,0.520779866307019,0.517167449630437,"ENSG00000165124/ENSG00000187800/ENSG00000138722/ENSG00000100448/ENSG00000174175",5
"GO:0032870","cellular response to hormone stimulus","21/287","154/3645",0.136363636363636,1.73186569528033,2.71273027061926,0.00833713114341095,0.520779866307019,0.517167449630437,"ENSG00000145147/ENSG00000017427/ENSG00000166147/ENSG00000082175/ENSG00000167244/ENSG00000169184/ENSG00000150594/ENSG00000165816/ENSG00000073282/ENSG00000126895/ENSG00000120129/ENSG00000170345/ENSG00000169083/ENSG00000183888/ENSG00000091831/ENSG00000141449/ENSG00000125740/ENSG00000181092/ENSG00000184811/ENSG00000144891/ENSG00000134240",21
"GO:0060420","regulation of heart growth","6/287","24/3645",0.25,3.17508710801394,3.12505596535751,0.00903936321450598,0.551812036230979,0.547984363290865,"ENSG00000187955/ENSG00000017427/ENSG00000169946/ENSG00000178568/ENSG00000069702/ENSG00000164530",6
"GO:0001936","regulation of endothelial cell proliferation","9/287","47/3645",0.191489361702128,2.43198161464897,2.88832179988054,0.00969918697260932,0.578933693520636,0.574917889791626,"ENSG00000107562/ENSG00000135914/ENSG00000179388/ENSG00000167244/ENSG00000113296/ENSG00000064300/ENSG00000171236/ENSG00000070193/ENSG00000144891",9
"GO:0007178","cell surface receptor protein serine/threonine kinase signaling pathway","17/287","118/3645",0.144067796610169,1.82971121478769,2.67827409493086,0.00999167860694512,0.583427146483795,0.579380173684186,"ENSG00000119681/ENSG00000183160/ENSG00000166147/ENSG00000106819/ENSG00000138615/ENSG00000106483/ENSG00000170801/ENSG00000180875/ENSG00000120738/ENSG00000090539/ENSG00000170345/ENSG00000266524/ENSG00000171236/ENSG00000070193/ENSG00000069702/ENSG00000176194/ENSG00000008196",17
"GO:0060603","mammary gland duct morphogenesis","5/287","18/3645",0.277777777777778,3.52787456445993,3.14273513894288,0.0106489652412516,0.590939487905541,0.586840405358248,"ENSG00000082175/ENSG00000169083/ENSG00000091831/ENSG00000070193/ENSG00000183117",5
"GO:0044782","cilium organization","10/287","56/3645",0.178571428571429,2.2679193628671,2.7950443611307,0.0107662170006694,0.590939487905541,0.586840405358248,"ENSG00000145536/ENSG00000162543/ENSG00000197748/ENSG00000173210/ENSG00000034239/ENSG00000112981/ENSG00000004838/ENSG00000163879/ENSG00000171811/ENSG00000178965",10
"GO:1902475","L-alpha-amino acid transmembrane transport","6/287","25/3645",0.24,3.04808362369338,3.00367673472066,0.0111269266699804,0.590939487905541,0.586840405358248,"ENSG00000162383/ENSG00000169507/ENSG00000139209/ENSG00000103257/ENSG00000003989/ENSG00000106688",6
"GO:0009409","response to cold","4/287","12/3645",0.333333333333333,4.23344947735192,3.27954647841776,0.0112203700235229,0.590939487905541,0.586840405358248,"ENSG00000169252/ENSG00000128564/ENSG00000166819/ENSG00000176194",4
"GO:0099625","ventricular cardiac muscle cell membrane repolarization","4/287","12/3645",0.333333333333333,4.23344947735192,3.27954647841776,0.0112203700235229,0.590939487905541,0.586840405358248,"ENSG00000149575/ENSG00000177098/ENSG00000152049/ENSG00000171385",4
"GO:0050679","positive regulation of epithelial cell proliferation","12/287","74/3645",0.162162162162162,2.05951596195499,2.69164775718923,0.0117663654401623,0.607778030236076,0.603562146262576,"ENSG00000107562/ENSG00000017427/ENSG00000135914/ENSG00000179388/ENSG00000167244/ENSG00000113296/ENSG00000073282/ENSG00000169083/ENSG00000178568/ENSG00000171236/ENSG00000070193/ENSG00000144891",12
"GO:0017015","regulation of transforming growth factor beta receptor signaling pathway","7/287","33/3645",0.212121212121212,2.6940133037694,2.85752278777556,0.0125237057844347,0.627112027602971,0.622762032349386,"ENSG00000166147/ENSG00000106819/ENSG00000138615/ENSG00000170801/ENSG00000171236/ENSG00000069702/ENSG00000176194",7
"GO:0030334","regulation of cell migration","36/287","316/3645",0.113924050632911,1.44687513782914,2.42975577734594,0.0129293645367627,0.627112027602971,0.622762032349386,"ENSG00000196569/ENSG00000174348/ENSG00000131016/ENSG00000145147/ENSG00000107562/ENSG00000185070/ENSG00000170962/ENSG00000166086/ENSG00000019991/ENSG00000154721/ENSG00000017427/ENSG00000168329/ENSG00000138722/ENSG00000156427/ENSG00000006128/ENSG00000168477/ENSG00000196090/ENSG00000113296/ENSG00000090539/ENSG00000276409/ENSG00000150594/ENSG00000134830/ENSG00000166780/ENSG00000153993/ENSG00000064300/ENSG00000120129/ENSG00000067798/ENSG00000178568/ENSG00000137033/ENSG00000174175/ENSG00000070193/ENSG00000069702/ENSG00000181092/ENSG00000276644/ENSG00000012171/ENSG00000124205",36
"GO:0090288","negative regulation of cellular response to growth factor stimulus","8/287","41/3645",0.195121951219512,2.47811676723039,2.78226227618175,0.0129300477323827,0.627112027602971,0.622762032349386,"ENSG00000145147/ENSG00000166147/ENSG00000138722/ENSG00000170801/ENSG00000180875/ENSG00000090539/ENSG00000064300/ENSG00000180730",8
"GO:2000145","regulation of cell motility","37/287","327/3645",0.113149847094801,1.43704248313781,2.4213029276314,0.0130745620051252,0.627112027602971,0.622762032349386,"ENSG00000196569/ENSG00000174348/ENSG00000131016/ENSG00000145147/ENSG00000107562/ENSG00000185070/ENSG00000170962/ENSG00000166086/ENSG00000019991/ENSG00000154721/ENSG00000017427/ENSG00000168329/ENSG00000138722/ENSG00000156427/ENSG00000006128/ENSG00000168477/ENSG00000196090/ENSG00000113296/ENSG00000090539/ENSG00000276409/ENSG00000150594/ENSG00000134830/ENSG00000166780/ENSG00000153993/ENSG00000064300/ENSG00000120129/ENSG00000067798/ENSG00000034239/ENSG00000178568/ENSG00000137033/ENSG00000174175/ENSG00000070193/ENSG00000069702/ENSG00000181092/ENSG00000276644/ENSG00000012171/ENSG00000124205",37
"GO:0042698","ovulation cycle","6/287","26/3645",0.230769230769231,2.93084963816671,2.88822234852815,0.0135338238998936,0.63775177184411,0.63332797345024,"ENSG00000145147/ENSG00000082175/ENSG00000120738/ENSG00000074410/ENSG00000266524/ENSG00000091831",6
"GO:0045444","fat cell differentiation","12/287","76/3645",0.157894736842105,2.00531817348249,2.58896895242269,0.0144419542641941,0.659416214218711,0.654842139291536,"ENSG00000079102/ENSG00000169946/ENSG00000172260/ENSG00000169252/ENSG00000109906/ENSG00000266524/ENSG00000171236/ENSG00000070193/ENSG00000170323/ENSG00000181092/ENSG00000176194/ENSG00000008196",12
"GO:1903844","regulation of cellular response to transforming growth factor beta stimulus","7/287","34/3645",0.205882352941176,2.61477761836442,2.76521065825618,0.0147394444811748,0.659416214218711,0.654842139291536,"ENSG00000166147/ENSG00000106819/ENSG00000138615/ENSG00000170801/ENSG00000171236/ENSG00000069702/ENSG00000176194",7
"GO:0043124","negative regulation of canonical NF-kappaB signal transduction","4/287","13/3645",0.307692307692308,3.90779951755562,3.07010340279005,0.015221074192688,0.659416214218711,0.654842139291536,"ENSG00000091831/ENSG00000069702/ENSG00000181092/ENSG00000169900",4
"GO:0048009","insulin-like growth factor receptor signaling pathway","4/287","13/3645",0.307692307692308,3.90779951755562,3.07010340279005,0.015221074192688,0.659416214218711,0.654842139291536,"ENSG00000017427/ENSG00000138615/ENSG00000167244/ENSG00000169083",4
"GO:0060444","branching involved in mammary gland duct morphogenesis","4/287","13/3645",0.307692307692308,3.90779951755562,3.07010340279005,0.015221074192688,0.659416214218711,0.654842139291536,"ENSG00000082175/ENSG00000169083/ENSG00000091831/ENSG00000183117",4
"GO:0045776","negative regulation of blood pressure","5/287","20/3645",0.25,3.17508710801394,2.85119836480735,0.0169224663755092,0.710214760697152,0.705288319005598,"ENSG00000133116/ENSG00000183044/ENSG00000006128/ENSG00000169252/ENSG00000181092",5
"GO:0060740","prostate gland epithelium morphogenesis","5/287","20/3645",0.25,3.17508710801394,2.85119836480735,0.0169224663755092,0.710214760697152,0.705288319005598,"ENSG00000017427/ENSG00000073282/ENSG00000169083/ENSG00000091831/ENSG00000070193",5
"GO:0048545","response to steroid hormone","13/287","87/3645",0.149425287356322,1.89775321398534,2.47744150792128,0.0172798153964472,0.714055140843956,0.70910206015542,"ENSG00000145147/ENSG00000017427/ENSG00000082175/ENSG00000277586/ENSG00000073282/ENSG00000120129/ENSG00000170345/ENSG00000169083/ENSG00000183888/ENSG00000091831/ENSG00000125740/ENSG00000181092/ENSG00000134240",13
"GO:0048145","regulation of fibroblast proliferation","6/287","28/3645",0.214285714285714,2.72150323544052,2.6730211259558,0.0193936827144653,0.716866256107717,0.711893675971688,"ENSG00000170962/ENSG00000017427/ENSG00000064300/ENSG00000091831/ENSG00000070193/ENSG00000276644",6
"GO:0055017","cardiac muscle tissue growth","6/287","28/3645",0.214285714285714,2.72150323544052,2.6730211259558,0.0193936827144653,0.716866256107717,0.711893675971688,"ENSG00000187955/ENSG00000017427/ENSG00000169946/ENSG00000178568/ENSG00000069702/ENSG00000164530",6
"GO:0003333","amino acid transmembrane transport","7/287","36/3645",0.194444444444444,2.46951219512195,2.59012539817736,0.0199844388040053,0.716866256107717,0.711893675971688,"ENSG00000162383/ENSG00000169507/ENSG00000139209/ENSG00000103257/ENSG00000003989/ENSG00000106688/ENSG00000099960",7
"GO:0006006","glucose metabolic process","7/287","36/3645",0.194444444444444,2.46951219512195,2.59012539817736,0.0199844388040053,0.716866256107717,0.711893675971688,"ENSG00000017427/ENSG00000166147/ENSG00000167244/ENSG00000167588/ENSG00000181092/ENSG00000008196/ENSG00000160180",7
"GO:0008306","associative learning","7/287","36/3645",0.194444444444444,2.46951219512195,2.59012539817736,0.0199844388040053,0.716866256107717,0.711893675971688,"ENSG00000079337/ENSG00000006128/ENSG00000170345/ENSG00000158258/ENSG00000106688/ENSG00000172425/ENSG00000183117",7
"GO:0003081","regulation of systemic arterial blood pressure by renin-angiotensin","4/287","14/3645",0.285714285714286,3.62867098058736,2.88055990077342,0.0200167420730003,0.716866256107717,0.711893675971688,"ENSG00000163751/ENSG00000100448/ENSG00000092009/ENSG00000144891",4
"GO:0035929","steroid hormone secretion","4/287","14/3645",0.285714285714286,3.62867098058736,2.88055990077342,0.0200167420730003,0.716866256107717,0.711893675971688,"ENSG00000006128/ENSG00000119147/ENSG00000126562/ENSG00000144891",4
"GO:0044058","regulation of digestive system process","4/287","14/3645",0.285714285714286,3.62867098058736,2.88055990077342,0.0200167420730003,0.716866256107717,0.711893675971688,"ENSG00000050628/ENSG00000172260/ENSG00000070193/ENSG00000126562",4
"GO:0055023","positive regulation of cardiac muscle tissue growth","4/287","14/3645",0.285714285714286,3.62867098058736,2.88055990077342,0.0200167420730003,0.716866256107717,0.711893675971688,"ENSG00000017427/ENSG00000169946/ENSG00000178568/ENSG00000069702",4
"GO:2000278","regulation of DNA biosynthetic process","4/287","14/3645",0.285714285714286,3.62867098058736,2.88055990077342,0.0200167420730003,0.716866256107717,0.711893675971688,"ENSG00000019991/ENSG00000120129/ENSG00000181092/ENSG00000276644",4
"GO:0046622","positive regulation of organ growth","5/287","21/3645",0.238095238095238,3.0238924838228,2.71889713471027,0.0208188226551787,0.72622542404948,0.721187923557386,"ENSG00000017427/ENSG00000169946/ENSG00000167244/ENSG00000178568/ENSG00000069702",5
"GO:0048806","genitalia development","5/287","21/3645",0.238095238095238,3.0238924838228,2.71889713471027,0.0208188226551787,0.72622542404948,0.721187923557386,"ENSG00000073282/ENSG00000169083/ENSG00000091831/ENSG00000141449/ENSG00000070193",5
"GO:0010817","regulation of hormone levels","26/287","220/3645",0.118181818181818,1.50095026924295,2.24060578775564,0.0215826658459543,0.74321846746453,0.738063093841407,"ENSG00000164220/ENSG00000079337/ENSG00000143387/ENSG00000163751/ENSG00000183044/ENSG00000006128/ENSG00000165646/ENSG00000120738/ENSG00000100448/ENSG00000150594/ENSG00000103257/ENSG00000231852/ENSG00000128564/ENSG00000092009/ENSG00000119147/ENSG00000196616/ENSG00000091831/ENSG00000170011/ENSG00000113739/ENSG00000145244/ENSG00000181092/ENSG00000126562/ENSG00000008196/ENSG00000144891/ENSG00000124205/ENSG00000124302",26
"GO:0090101","negative regulation of transmembrane receptor protein serine/threonine kinase signaling pathway","8/287","45/3645",0.177777777777778,2.25783972125436,2.48181896134441,0.0221909449344861,0.754492127772527,0.749258553817292,"ENSG00000166147/ENSG00000106819/ENSG00000138615/ENSG00000170801/ENSG00000180875/ENSG00000090539/ENSG00000069702/ENSG00000176194",8
"GO:0046545","development of primary female sexual characteristics","7/287","37/3645",0.189189189189189,2.40276862228082,2.50693703978876,0.0230428917947084,0.773665092007335,0.768298523786725,"ENSG00000145147/ENSG00000169946/ENSG00000082175/ENSG00000128564/ENSG00000091831/ENSG00000276644/ENSG00000183117",7
"GO:0040012","regulation of locomotion","37/287","341/3645",0.108504398826979,1.37804367151338,2.14332943902686,0.0242136145064817,0.785899063765935,0.780447633962801,"ENSG00000196569/ENSG00000174348/ENSG00000131016/ENSG00000145147/ENSG00000107562/ENSG00000185070/ENSG00000170962/ENSG00000166086/ENSG00000019991/ENSG00000154721/ENSG00000017427/ENSG00000168329/ENSG00000138722/ENSG00000156427/ENSG00000006128/ENSG00000168477/ENSG00000196090/ENSG00000113296/ENSG00000090539/ENSG00000276409/ENSG00000150594/ENSG00000134830/ENSG00000166780/ENSG00000153993/ENSG00000064300/ENSG00000120129/ENSG00000067798/ENSG00000034239/ENSG00000178568/ENSG00000137033/ENSG00000174175/ENSG00000070193/ENSG00000069702/ENSG00000181092/ENSG00000276644/ENSG00000012171/ENSG00000124205",37
"GO:0044344","cellular response to fibroblast growth factor stimulus","8/287","46/3645",0.173913043478261,2.20875624905317,2.41166239478929,0.025093135684263,0.785899063765935,0.780447633962801,"ENSG00000185070/ENSG00000133116/ENSG00000179388/ENSG00000156427/ENSG00000173376/ENSG00000064300/ENSG00000180730/ENSG00000070193",8
"GO:0060512","prostate gland morphogenesis","5/287","22/3645",0.227272727272727,2.88644282546722,2.59424272247048,0.0252574357641866,0.785899063765935,0.780447633962801,"ENSG00000017427/ENSG00000073282/ENSG00000169083/ENSG00000091831/ENSG00000070193",5
"GO:0085029","extracellular matrix assembly","5/287","22/3645",0.227272727272727,2.88644282546722,2.59424272247048,0.0252574357641866,0.785899063765935,0.780447633962801,"ENSG00000166482/ENSG00000049540/ENSG00000168477/ENSG00000187720/ENSG00000069702",5
"GO:0050995","negative regulation of lipid catabolic process","4/287","15/3645",0.266666666666667,3.38675958188153,2.70763910891895,0.025644606795616,0.785899063765935,0.780447633962801,"ENSG00000150594/ENSG00000176194/ENSG00000214456/ENSG00000187288",4
"GO:0071711","basement membrane organization","4/287","15/3645",0.266666666666667,3.38675958188153,2.70763910891895,0.025644606795616,0.785899063765935,0.780447633962801,"ENSG00000196569/ENSG00000185070/ENSG00000143341/ENSG00000092009",4
"GO:0090022","regulation of neutrophil chemotaxis","4/287","15/3645",0.266666666666667,3.38675958188153,2.70763910891895,0.025644606795616,0.785899063765935,0.780447633962801,"ENSG00000145147/ENSG00000166086/ENSG00000113296/ENSG00000134830",4
"GO:0003018","vascular process in circulatory system","15/287","111/3645",0.135135135135135,1.71626330162916,2.2402201729937,0.0258569886574494,0.785899063765935,0.780447633962801,"ENSG00000131016/ENSG00000145147/ENSG00000165124/ENSG00000135914/ENSG00000118777/ENSG00000150594/ENSG00000169252/ENSG00000103257/ENSG00000126895/ENSG00000152779/ENSG00000003989/ENSG00000050438/ENSG00000106688/ENSG00000144891/ENSG00000124205",15
"GO:0032868","response to insulin","9/287","55/3645",0.163636363636364,2.0782388343364,2.35526010949589,0.0260405869974565,0.785899063765935,0.780447633962801,"ENSG00000017427/ENSG00000167244/ENSG00000120738/ENSG00000165816/ENSG00000170345/ENSG00000128564/ENSG00000181092/ENSG00000184811/ENSG00000134240",9
"GO:0010648","negative regulation of cell communication","41/287","388/3645",0.105670103092784,1.3420471281296,2.08344825416861,0.026895288807061,0.793854348744679,0.7883477366928,"ENSG00000144642/ENSG00000145147/ENSG00000107562/ENSG00000019991/ENSG00000184985/ENSG00000046889/ENSG00000017427/ENSG00000166147/ENSG00000106819/ENSG00000138615/ENSG00000269113/ENSG00000168329/ENSG00000155886/ENSG00000198932/ENSG00000138722/ENSG00000106483/ENSG00000196090/ENSG00000170801/ENSG00000180875/ENSG00000120738/ENSG00000090539/ENSG00000150594/ENSG00000073282/ENSG00000169252/ENSG00000186868/ENSG00000064300/ENSG00000120129/ENSG00000169083/ENSG00000112981/ENSG00000112319/ENSG00000091831/ENSG00000180730/ENSG00000070193/ENSG00000069702/ENSG00000181092/ENSG00000176194/ENSG00000132554/ENSG00000120875/ENSG00000133256/ENSG00000214456/ENSG00000169900",41
"GO:0023057","negative regulation of signaling","41/287","388/3645",0.105670103092784,1.3420471281296,2.08344825416861,0.026895288807061,0.793854348744679,0.7883477366928,"ENSG00000144642/ENSG00000145147/ENSG00000107562/ENSG00000019991/ENSG00000184985/ENSG00000046889/ENSG00000017427/ENSG00000166147/ENSG00000106819/ENSG00000138615/ENSG00000269113/ENSG00000168329/ENSG00000155886/ENSG00000198932/ENSG00000138722/ENSG00000106483/ENSG00000196090/ENSG00000170801/ENSG00000180875/ENSG00000120738/ENSG00000090539/ENSG00000150594/ENSG00000073282/ENSG00000169252/ENSG00000186868/ENSG00000064300/ENSG00000120129/ENSG00000169083/ENSG00000112981/ENSG00000112319/ENSG00000091831/ENSG00000180730/ENSG00000070193/ENSG00000069702/ENSG00000181092/ENSG00000176194/ENSG00000132554/ENSG00000120875/ENSG00000133256/ENSG00000214456/ENSG00000169900",41
"GO:0071560","cellular response to transforming growth factor beta stimulus","11/287","74/3645",0.148648648648649,1.88788963179207,2.25563957680728,0.028396735749225,0.829061219808894,0.823310393461511,"ENSG00000119681/ENSG00000170962/ENSG00000166147/ENSG00000106819/ENSG00000138615/ENSG00000170801/ENSG00000170345/ENSG00000266524/ENSG00000171236/ENSG00000069702/ENSG00000176194",11
"GO:0051384","response to glucocorticoid","7/287","39/3645",0.179487179487179,2.27954971857411,2.34836930169018,0.0300980799377943,0.835233466652719,0.829439826193514,"ENSG00000145147/ENSG00000277586/ENSG00000120129/ENSG00000170345/ENSG00000125740/ENSG00000181092/ENSG00000134240",7
"GO:0060135","maternal process involved in female pregnancy","5/287","23/3645",0.217391304347826,2.76094531131647,2.47642597235268,0.0302601489965954,0.835233466652719,0.829439826193514,"ENSG00000082175/ENSG00000169083/ENSG00000091831/ENSG00000113739/ENSG00000183117",5
"GO:0048511","rhythmic process","11/287","75/3645",0.146666666666667,1.86271777003484,2.20675974892427,0.0310341612421365,0.835233466652719,0.829439826193514,"ENSG00000145147/ENSG00000017427/ENSG00000082175/ENSG00000179388/ENSG00000120738/ENSG00000074410/ENSG00000064300/ENSG00000266524/ENSG00000091831/ENSG00000181092/ENSG00000133256",11
"GO:0015807","L-amino acid transport","6/287","31/3645",0.193548387096774,2.45813195459144,2.38327077214521,0.0310888253581656,0.835233466652719,0.829439826193514,"ENSG00000162383/ENSG00000169507/ENSG00000139209/ENSG00000103257/ENSG00000003989/ENSG00000106688",6
"GO:0071774","response to fibroblast growth factor","8/287","48/3645",0.166666666666667,2.11672473867596,2.27659786124743,0.0316734942024686,0.835233466652719,0.829439826193514,"ENSG00000185070/ENSG00000133116/ENSG00000179388/ENSG00000156427/ENSG00000173376/ENSG00000064300/ENSG00000180730/ENSG00000070193",8
"GO:0009968","negative regulation of signal transduction","37/287","348/3645",0.10632183908046,1.3503244022588,2.00858550689921,0.0320893113804856,0.835233466652719,0.829439826193514,"ENSG00000144642/ENSG00000145147/ENSG00000107562/ENSG00000019991/ENSG00000046889/ENSG00000017427/ENSG00000166147/ENSG00000106819/ENSG00000138615/ENSG00000269113/ENSG00000168329/ENSG00000198932/ENSG00000138722/ENSG00000106483/ENSG00000196090/ENSG00000170801/ENSG00000180875/ENSG00000120738/ENSG00000090539/ENSG00000073282/ENSG00000169252/ENSG00000064300/ENSG00000120129/ENSG00000169083/ENSG00000112981/ENSG00000112319/ENSG00000091831/ENSG00000180730/ENSG00000070193/ENSG00000069702/ENSG00000181092/ENSG00000176194/ENSG00000132554/ENSG00000120875/ENSG00000133256/ENSG00000214456/ENSG00000169900",37
"GO:0002691","regulation of cellular extravasation","4/287","16/3645",0.25,3.17508710801394,2.54878350674553,0.0321309922042231,0.835233466652719,0.829439826193514,"ENSG00000107562/ENSG00000170962/ENSG00000166086/ENSG00000174175",4
"GO:0016486","peptide hormone processing","4/287","16/3645",0.25,3.17508710801394,2.54878350674553,0.0321309922042231,0.835233466652719,0.829439826193514,"ENSG00000163751/ENSG00000100448/ENSG00000092009/ENSG00000145244",4
"GO:0060632","regulation of microtubule-based movement","4/287","16/3645",0.25,3.17508710801394,2.54878350674553,0.0321309922042231,0.835233466652719,0.829439826193514,"ENSG00000006128/ENSG00000197748/ENSG00000162722/ENSG00000034239",4
"GO:0140448","signaling receptor ligand precursor processing","4/287","16/3645",0.25,3.17508710801394,2.54878350674553,0.0321309922042231,0.835233466652719,0.829439826193514,"ENSG00000163751/ENSG00000100448/ENSG00000092009/ENSG00000145244",4
"GO:1902622","regulation of neutrophil migration","4/287","16/3645",0.25,3.17508710801394,2.54878350674553,0.0321309922042231,0.835233466652719,0.829439826193514,"ENSG00000145147/ENSG00000166086/ENSG00000113296/ENSG00000134830",4
"GO:0090092","regulation of transmembrane receptor protein serine/threonine kinase signaling pathway","12/287","85/3645",0.141176470588235,1.79299036687846,2.16243051919952,0.0325079782926415,0.835233466652719,0.829439826193514,"ENSG00000166147/ENSG00000106819/ENSG00000138615/ENSG00000106483/ENSG00000170801/ENSG00000180875/ENSG00000090539/ENSG00000171236/ENSG00000070193/ENSG00000069702/ENSG00000176194/ENSG00000008196",12
"GO:0060348","bone development","10/287","67/3645",0.149253731343284,1.89557439284414,2.16276178483114,0.0348945596150776,0.835233466652719,0.829439826193514,"ENSG00000173068/ENSG00000183160/ENSG00000106809/ENSG00000017427/ENSG00000166147/ENSG00000156427/ENSG00000106483/ENSG00000109906/ENSG00000164946/ENSG00000136457",10
"GO:0046683","response to organophosphorus","8/287","49/3645",0.163265306122449,2.07352627462135,2.2115189413172,0.0353696706878404,0.835233466652719,0.829439826193514,"ENSG00000079337/ENSG00000120129/ENSG00000170345/ENSG00000128564/ENSG00000125740/ENSG00000167588/ENSG00000181092/ENSG00000134240",8
"GO:0008543","fibroblast growth factor receptor signaling pathway","6/287","32/3645",0.1875,2.38131533101045,2.29415959684741,0.0358265959667797,0.835233466652719,0.829439826193514,"ENSG00000185070/ENSG00000133116/ENSG00000156427/ENSG00000064300/ENSG00000180730/ENSG00000070193",6
"GO:0060419","heart growth","6/287","32/3645",0.1875,2.38131533101045,2.29415959684741,0.0358265959667797,0.835233466652719,0.829439826193514,"ENSG00000187955/ENSG00000017427/ENSG00000169946/ENSG00000178568/ENSG00000069702/ENSG00000164530",6
"GO:0061180","mammary gland epithelium development","6/287","32/3645",0.1875,2.38131533101045,2.29415959684741,0.0358265959667797,0.835233466652719,0.829439826193514,"ENSG00000082175/ENSG00000169083/ENSG00000178568/ENSG00000091831/ENSG00000070193/ENSG00000183117",6
"GO:0048146","positive regulation of fibroblast proliferation","5/287","24/3645",0.208333333333333,2.64590592334495,2.36475500462275,0.0358445663076715,0.835233466652719,0.829439826193514,"ENSG00000170962/ENSG00000017427/ENSG00000064300/ENSG00000091831/ENSG00000070193",5
"GO:0060443","mammary gland morphogenesis","5/287","24/3645",0.208333333333333,2.64590592334495,2.36475500462275,0.0358445663076715,0.835233466652719,0.829439826193514,"ENSG00000082175/ENSG00000169083/ENSG00000091831/ENSG00000070193/ENSG00000183117",5
"GO:0061756","leukocyte adhesion to vascular endothelial cell","5/287","24/3645",0.208333333333333,2.64590592334495,2.36475500462275,0.0358445663076715,0.835233466652719,0.829439826193514,"ENSG00000107562/ENSG00000154721/ENSG00000168329/ENSG00000174175/ENSG00000171236",5
"GO:0048871","multicellular organismal-level homeostasis","27/287","241/3645",0.112033195020747,1.42286061271994,1.98564116128933,0.0358939606596598,0.835233466652719,0.829439826193514,"ENSG00000196569/ENSG00000187955/ENSG00000166086/ENSG00000183160/ENSG00000154721/ENSG00000168329/ENSG00000071967/ENSG00000050628/ENSG00000175857/ENSG00000143387/ENSG00000183044/ENSG00000130045/ENSG00000120738/ENSG00000115896/ENSG00000169252/ENSG00000126895/ENSG00000162722/ENSG00000128564/ENSG00000170323/ENSG00000069702/ENSG00000160182/ENSG00000181092/ENSG00000126562/ENSG00000176194/ENSG00000186204/ENSG00000106688/ENSG00000160180",27
"GO:0001822","kidney development","16/287","126/3645",0.126984126984127,1.61274265803883,2.04617861726598,0.0365746748461368,0.835233466652719,0.829439826193514,"ENSG00000145147/ENSG00000170962/ENSG00000166147/ENSG00000074047/ENSG00000145536/ENSG00000120738/ENSG00000109906/ENSG00000178568/ENSG00000141449/ENSG00000070193/ENSG00000151892/ENSG00000181092/ENSG00000126562/ENSG00000008196/ENSG00000144891/ENSG00000134240",16
"GO:0071559","response to transforming growth factor beta","11/287","77/3645",0.142857142857143,1.81433549029368,2.11118401504356,0.0368253827855107,0.835233466652719,0.829439826193514,"ENSG00000119681/ENSG00000170962/ENSG00000166147/ENSG00000106819/ENSG00000138615/ENSG00000170801/ENSG00000170345/ENSG00000266524/ENSG00000171236/ENSG00000069702/ENSG00000176194",11
"GO:0048609","multicellular organismal reproductive process","24/287","210/3645",0.114285714285714,1.45146839223494,1.96998724198997,0.0380020789608425,0.835233466652719,0.829439826193514,"ENSG00000145147/ENSG00000166086/ENSG00000183160/ENSG00000154721/ENSG00000017427/ENSG00000082175/ENSG00000163106/ENSG00000013297/ENSG00000167244/ENSG00000183044/ENSG00000006128/ENSG00000145536/ENSG00000120738/ENSG00000074410/ENSG00000073282/ENSG00000109906/ENSG00000197748/ENSG00000266524/ENSG00000169083/ENSG00000112981/ENSG00000163879/ENSG00000091831/ENSG00000113739/ENSG00000183117",24
"GO:0001975","response to amphetamine","3/287","10/3645",0.3,3.81010452961672,2.60111799731023,0.0382481986814463,0.835233466652719,0.829439826193514,"ENSG00000165646/ENSG00000125740/ENSG00000106688",3
"GO:0001991","regulation of systemic arterial blood pressure by circulatory renin-angiotensin","3/287","10/3645",0.3,3.81010452961672,2.60111799731023,0.0382481986814463,0.835233466652719,0.829439826193514,"ENSG00000163751/ENSG00000100448/ENSG00000092009",3
"GO:0003352","regulation of cilium movement","3/287","10/3645",0.3,3.81010452961672,2.60111799731023,0.0382481986814463,0.835233466652719,0.829439826193514,"ENSG00000006128/ENSG00000197748/ENSG00000034239",3
"GO:0016048","detection of temperature stimulus","3/287","10/3645",0.3,3.81010452961672,2.60111799731023,0.0382481986814463,0.835233466652719,0.829439826193514,"ENSG00000107562/ENSG00000006128/ENSG00000064300",3
"GO:0034390","smooth muscle cell apoptotic process","3/287","10/3645",0.3,3.81010452961672,2.60111799731023,0.0382481986814463,0.835233466652719,0.829439826193514,"ENSG00000017427/ENSG00000103257/ENSG00000091831",3
"GO:0034391","regulation of smooth muscle cell apoptotic process","3/287","10/3645",0.3,3.81010452961672,2.60111799731023,0.0382481986814463,0.835233466652719,0.829439826193514,"ENSG00000017427/ENSG00000103257/ENSG00000091831",3
"GO:0010906","regulation of glucose metabolic process","4/287","17/3645",0.235294117647059,2.98831727813076,2.40196289695104,0.0394916791753147,0.835233466652719,0.829439826193514,"ENSG00000017427/ENSG00000167244/ENSG00000181092/ENSG00000160180",4
"GO:0031069","hair follicle morphogenesis","4/287","17/3645",0.235294117647059,2.98831727813076,2.40196289695104,0.0394916791753147,0.835233466652719,0.829439826193514,"ENSG00000074047/ENSG00000073282/ENSG00000064300/ENSG00000070193",4
"GO:0035137","hindlimb morphogenesis","4/287","17/3645",0.235294117647059,2.98831727813076,2.40196289695104,0.0394916791753147,0.835233466652719,0.829439826193514,"ENSG00000073282/ENSG00000109906/ENSG00000144218/ENSG00000008196",4
"GO:0060421","positive regulation of heart growth","4/287","17/3645",0.235294117647059,2.98831727813076,2.40196289695104,0.0394916791753147,0.835233466652719,0.829439826193514,"ENSG00000017427/ENSG00000169946/ENSG00000178568/ENSG00000069702",4
"GO:0090025","regulation of monocyte chemotaxis","4/287","17/3645",0.235294117647059,2.98831727813076,2.40196289695104,0.0394916791753147,0.835233466652719,0.829439826193514,"ENSG00000145147/ENSG00000107562/ENSG00000168329/ENSG00000120129",4
"GO:0050673","epithelial cell proliferation","19/287","159/3645",0.119496855345912,1.51765169942805,1.95102260611841,0.041665577781025,0.841314730895186,0.835478907429714,"ENSG00000107562/ENSG00000019991/ENSG00000017427/ENSG00000135914/ENSG00000082175/ENSG00000171812/ENSG00000179388/ENSG00000167244/ENSG00000113296/ENSG00000073282/ENSG00000064300/ENSG00000169083/ENSG00000178568/ENSG00000091831/ENSG00000171236/ENSG00000070193/ENSG00000069702/ENSG00000276644/ENSG00000144891",19
"GO:0019318","hexose metabolic process","7/287","42/3645",0.166666666666667,2.11672473867596,2.12778840462721,0.043193634083368,0.841314730895186,0.835478907429714,"ENSG00000017427/ENSG00000166147/ENSG00000167244/ENSG00000167588/ENSG00000181092/ENSG00000008196/ENSG00000160180",7
"GO:2001234","negative regulation of apoptotic signaling pathway","8/287","51/3645",0.156862745098039,1.99221151875384,2.08588375981801,0.0436135210928931,0.841314730895186,0.835478907429714,"ENSG00000107562/ENSG00000019991/ENSG00000017427/ENSG00000168329/ENSG00000169083/ENSG00000112981/ENSG00000112319/ENSG00000070193",8
"GO:0008284","positive regulation of cell population proliferation","33/287","313/3645",0.105431309904153,1.3390143714308,1.83369697330759,0.0463505741868248,0.841314730895186,0.835478907429714,"ENSG00000107562/ENSG00000170962/ENSG00000183160/ENSG00000017427/ENSG00000180660/ENSG00000135914/ENSG00000169946/ENSG00000168329/ENSG00000179388/ENSG00000167244/ENSG00000156427/ENSG00000006128/ENSG00000168477/ENSG00000120738/ENSG00000113296/ENSG00000090539/ENSG00000276409/ENSG00000150594/ENSG00000073282/ENSG00000103257/ENSG00000126895/ENSG00000064300/ENSG00000169083/ENSG00000178568/ENSG00000091831/ENSG00000171236/ENSG00000090534/ENSG00000070193/ENSG00000069702/ENSG00000008196/ENSG00000144891/ENSG00000145777/ENSG00000124205",33
"GO:0030148","sphingolipid biosynthetic process","6/287","34/3645",0.176470588235294,2.24123795859807,2.12554620123113,0.0466333527628993,0.841314730895186,0.835478907429714,"ENSG00000141338/ENSG00000118777/ENSG00000148488/ENSG00000168350/ENSG00000171954/ENSG00000197977",6
"GO:0045123","cellular extravasation","6/287","34/3645",0.176470588235294,2.24123795859807,2.12554620123113,0.0466333527628993,0.841314730895186,0.835478907429714,"ENSG00000107562/ENSG00000170962/ENSG00000166086/ENSG00000154721/ENSG00000168329/ENSG00000174175",6
"GO:0002042","cell migration involved in sprouting angiogenesis","4/287","18/3645",0.222222222222222,2.82229965156794,2.26554166459976,0.0477324545850469,0.841314730895186,0.835478907429714,"ENSG00000145147/ENSG00000179388/ENSG00000138722/ENSG00000069702",4
"GO:0006112","energy reserve metabolic process","4/287","18/3645",0.222222222222222,2.82229965156794,2.26554166459976,0.0477324545850469,0.841314730895186,0.835478907429714,"ENSG00000017427/ENSG00000133116/ENSG00000167244/ENSG00000119938",4
"GO:0099622","cardiac muscle cell membrane repolarization","4/287","18/3645",0.222222222222222,2.82229965156794,2.26554166459976,0.0477324545850469,0.841314730895186,0.835478907429714,"ENSG00000149575/ENSG00000177098/ENSG00000152049/ENSG00000171385",4
"GO:0003341","cilium movement","8/287","52/3645",0.153846153846154,1.95389975877781,2.02518913515591,0.0481745771861535,0.841314730895186,0.835478907429714,"ENSG00000006128/ENSG00000197748/ENSG00000034239/ENSG00000112981/ENSG00000004838/ENSG00000163879/ENSG00000171811/ENSG00000131044",8
"GO:0030168","platelet activation","7/287","43/3645",0.162790697674419,2.06749858196256,2.05835115267249,0.048264924290277,0.841314730895186,0.835478907429714,"ENSG00000165124/ENSG00000187800/ENSG00000164220/ENSG00000138722/ENSG00000100448/ENSG00000150594/ENSG00000174175",7
"GO:0002686","negative regulation of leukocyte migration","5/287","26/3645",0.192307692307692,2.44237469847226,2.15754699730764,0.0488073458164278,0.841314730895186,0.835478907429714,"ENSG00000145147/ENSG00000107562/ENSG00000134830/ENSG00000120129/ENSG00000137033",5
"GO:2001237","negative regulation of extrinsic apoptotic signaling pathway","5/287","26/3645",0.192307692307692,2.44237469847226,2.15754699730764,0.0488073458164278,0.841314730895186,0.835478907429714,"ENSG00000019991/ENSG00000017427/ENSG00000169083/ENSG00000112319/ENSG00000070193",5
"GO:0003085","negative regulation of systemic arterial blood pressure","3/287","11/3645",0.272727272727273,3.46373139056066,2.39214237665462,0.0496038865197644,0.841314730895186,0.835478907429714,"ENSG00000133116/ENSG00000006128/ENSG00000169252",3
"GO:0005977","glycogen metabolic process","3/287","11/3645",0.272727272727273,3.46373139056066,2.39214237665462,0.0496038865197644,0.841314730895186,0.835478907429714,"ENSG00000017427/ENSG00000167244/ENSG00000119938",3
"GO:0010559","regulation of glycoprotein biosynthetic process","3/287","11/3645",0.272727272727273,3.46373139056066,2.39214237665462,0.0496038865197644,0.841314730895186,0.835478907429714,"ENSG00000017427/ENSG00000078596/ENSG00000137033",3
"GO:0030947","regulation of vascular endothelial growth factor receptor signaling pathway","3/287","11/3645",0.272727272727273,3.46373139056066,2.39214237665462,0.0496038865197644,0.841314730895186,0.835478907429714,"ENSG00000138722/ENSG00000156427/ENSG00000070193",3
"GO:0032881","regulation of polysaccharide metabolic process","3/287","11/3645",0.272727272727273,3.46373139056066,2.39214237665462,0.0496038865197644,0.841314730895186,0.835478907429714,"ENSG00000017427/ENSG00000167244/ENSG00000119938",3
"GO:0043567","regulation of insulin-like growth factor receptor signaling pathway","3/287","11/3645",0.272727272727273,3.46373139056066,2.39214237665462,0.0496038865197644,0.841314730895186,0.835478907429714,"ENSG00000017427/ENSG00000138615/ENSG00000169083",3
"GO:0050951","sensory perception of temperature stimulus","3/287","11/3645",0.272727272727273,3.46373139056066,2.39214237665462,0.0496038865197644,0.841314730895186,0.835478907429714,"ENSG00000107562/ENSG00000006128/ENSG00000150594",3
"GO:0051450","myoblast proliferation","3/287","11/3645",0.272727272727273,3.46373139056066,2.39214237665462,0.0496038865197644,0.841314730895186,0.835478907429714,"ENSG00000019991/ENSG00000017427/ENSG00000170345",3
"GO:0060572","morphogenesis of an epithelial bud","3/287","11/3645",0.272727272727273,3.46373139056066,2.39214237665462,0.0496038865197644,0.841314730895186,0.835478907429714,"ENSG00000073282/ENSG00000169083/ENSG00000070193",3
"GO:0060601","lateral sprouting from an epithelium","3/287","11/3645",0.272727272727273,3.46373139056066,2.39214237665462,0.0496038865197644,0.841314730895186,0.835478907429714,"ENSG00000073282/ENSG00000169083/ENSG00000070193",3
"GO:0097254","renal tubular secretion","3/287","11/3645",0.272727272727273,3.46373139056066,2.39214237665462,0.0496038865197644,0.841314730895186,0.835478907429714,"ENSG00000118777/ENSG00000145244/ENSG00000144891",3
"GO:2000831","regulation of steroid hormone secretion","3/287","11/3645",0.272727272727273,3.46373139056066,2.39214237665462,0.0496038865197644,0.841314730895186,0.835478907429714,"ENSG00000006128/ENSG00000119147/ENSG00000144891",3
"GO:0001894","tissue homeostasis","11/287","81/3645",0.135802469135802,1.72473867595819,1.92816806924427,0.0506014978391963,0.841314730895186,0.835478907429714,"ENSG00000196569/ENSG00000187955/ENSG00000166086/ENSG00000183160/ENSG00000154721/ENSG00000143387/ENSG00000130045/ENSG00000169252/ENSG00000160182/ENSG00000106688/ENSG00000160180",11
"GO:0060249","anatomical structure homeostasis","11/287","81/3645",0.135802469135802,1.72473867595819,1.92816806924427,0.0506014978391963,0.841314730895186,0.835478907429714,"ENSG00000196569/ENSG00000187955/ENSG00000166086/ENSG00000183160/ENSG00000154721/ENSG00000143387/ENSG00000130045/ENSG00000169252/ENSG00000160182/ENSG00000106688/ENSG00000160180",11
"GO:0043491","phosphatidylinositol 3-kinase/protein kinase B signal transduction","13/287","101/3645",0.128712871287129,1.63469831303688,1.89091044543669,0.0513347319847125,0.841314730895186,0.835478907429714,"ENSG00000170962/ENSG00000019991/ENSG00000046889/ENSG00000017427/ENSG00000168329/ENSG00000187800/ENSG00000079337/ENSG00000167244/ENSG00000150594/ENSG00000178568/ENSG00000137033/ENSG00000174175/ENSG00000090534",13
"GO:0030509","BMP signaling pathway","9/287","62/3645",0.145161290322581,1.84359896594358,1.95838586557446,0.0514305811877874,0.841314730895186,0.835478907429714,"ENSG00000183160/ENSG00000166147/ENSG00000106483/ENSG00000170801/ENSG00000180875/ENSG00000120738/ENSG00000090539/ENSG00000069702/ENSG00000008196",9
"GO:0072001","renal system development","16/287","132/3645",0.121212121212121,1.53943617358252,1.84534572639133,0.0526565800976111,0.841314730895186,0.835478907429714,"ENSG00000145147/ENSG00000170962/ENSG00000166147/ENSG00000074047/ENSG00000145536/ENSG00000120738/ENSG00000109906/ENSG00000178568/ENSG00000141449/ENSG00000070193/ENSG00000151892/ENSG00000181092/ENSG00000126562/ENSG00000008196/ENSG00000144891/ENSG00000134240",16
"GO:0008585","female gonad development","6/287","35/3645",0.171428571428571,2.17720258835241,2.04560330251851,0.0527185931440036,0.841314730895186,0.835478907429714,"ENSG00000145147/ENSG00000169946/ENSG00000082175/ENSG00000128564/ENSG00000091831/ENSG00000183117",6
"GO:0048144","fibroblast proliferation","6/287","35/3645",0.171428571428571,2.17720258835241,2.04560330251851,0.0527185931440036,0.841314730895186,0.835478907429714,"ENSG00000170962/ENSG00000017427/ENSG00000064300/ENSG00000091831/ENSG00000070193/ENSG00000276644",6
"GO:0086002","cardiac muscle cell action potential involved in contraction","6/287","35/3645",0.171428571428571,2.17720258835241,2.04560330251851,0.0527185931440036,0.841314730895186,0.835478907429714,"ENSG00000149575/ENSG00000136546/ENSG00000177098/ENSG00000153253/ENSG00000152049/ENSG00000171385",6
"GO:0002688","regulation of leukocyte chemotaxis","8/287","53/3645",0.150943396226415,1.91703372559332,1.96582505220889,0.0530358671910358,0.841314730895186,0.835478907429714,"ENSG00000145147/ENSG00000107562/ENSG00000166086/ENSG00000168329/ENSG00000113296/ENSG00000134830/ENSG00000120129/ENSG00000124205",8
"GO:0006865","amino acid transport","8/287","53/3645",0.150943396226415,1.91703372559332,1.96582505220889,0.0530358671910358,0.841314730895186,0.835478907429714,"ENSG00000162383/ENSG00000183044/ENSG00000169507/ENSG00000139209/ENSG00000103257/ENSG00000003989/ENSG00000106688/ENSG00000099960",8
"GO:0071383","cellular response to steroid hormone stimulus","7/287","44/3645",0.159090909090909,2.02050997782705,1.99077335529903,0.0537004445034928,0.841314730895186,0.835478907429714,"ENSG00000017427/ENSG00000082175/ENSG00000073282/ENSG00000169083/ENSG00000183888/ENSG00000091831/ENSG00000134240",7
"GO:0086003","cardiac muscle cell contraction","7/287","44/3645",0.159090909090909,2.02050997782705,1.99077335529903,0.0537004445034928,0.841314730895186,0.835478907429714,"ENSG00000149575/ENSG00000136546/ENSG00000177098/ENSG00000170624/ENSG00000153253/ENSG00000152049/ENSG00000171385",7
"GO:0050878","regulation of body fluid levels","17/287","143/3645",0.118881118881119,1.50983163178285,1.81813660905916,0.0544616285529887,0.841314730895186,0.835478907429714,"ENSG00000165124/ENSG00000187800/ENSG00000116194/ENSG00000164220/ENSG00000124491/ENSG00000138722/ENSG00000172260/ENSG00000100448/ENSG00000150594/ENSG00000126895/ENSG00000178568/ENSG00000174175/ENSG00000070193/ENSG00000126562/ENSG00000186204/ENSG00000159307/ENSG00000171819",17
"GO:0050920","regulation of chemotaxis","11/287","82/3645",0.134146341463415,1.70370527747089,1.88399440922256,0.0545258621773904,0.841314730895186,0.835478907429714,"ENSG00000145147/ENSG00000107562/ENSG00000170962/ENSG00000166086/ENSG00000168329/ENSG00000156427/ENSG00000113296/ENSG00000134830/ENSG00000120129/ENSG00000070193/ENSG00000124205",11
"GO:0007169","cell surface receptor protein tyrosine kinase signaling pathway","23/287","207/3645",0.111111111111111,1.41114982578397,1.78041864526321,0.0546715667382721,0.841314730895186,0.835478907429714,"ENSG00000185070/ENSG00000170962/ENSG00000165124/ENSG00000019991/ENSG00000017427/ENSG00000138615/ENSG00000133116/ENSG00000116194/ENSG00000138722/ENSG00000167244/ENSG00000156427/ENSG00000168477/ENSG00000196090/ENSG00000150594/ENSG00000165816/ENSG00000064300/ENSG00000197565/ENSG00000169083/ENSG00000178568/ENSG00000180730/ENSG00000070193/ENSG00000151892/ENSG00000181092",23
"GO:0007548","sex differentiation","12/287","92/3645",0.130434782608696,1.65656718678988,1.86451237759107,0.0549386133269291,0.841314730895186,0.835478907429714,"ENSG00000145147/ENSG00000169946/ENSG00000082175/ENSG00000073282/ENSG00000128564/ENSG00000169083/ENSG00000091831/ENSG00000141449/ENSG00000070193/ENSG00000151892/ENSG00000276644/ENSG00000183117",12
"GO:0002548","monocyte chemotaxis","5/287","27/3645",0.185185185185185,2.35191637630662,2.06104377658073,0.0561993766785114,0.841314730895186,0.835478907429714,"ENSG00000145147/ENSG00000107562/ENSG00000168329/ENSG00000100448/ENSG00000120129",5
"GO:0032722","positive regulation of chemokine production","5/287","27/3645",0.185185185185185,2.35191637630662,2.06104377658073,0.0561993766785114,0.841314730895186,0.835478907429714,"ENSG00000115602/ENSG00000120738/ENSG00000137033/ENSG00000181092/ENSG00000145777",5
"GO:0045669","positive regulation of osteoblast differentiation","5/287","27/3645",0.185185185185185,2.35191637630662,2.06104377658073,0.0561993766785114,0.841314730895186,0.835478907429714,"ENSG00000019991/ENSG00000183160/ENSG00000017427/ENSG00000073282/ENSG00000266524",5
"GO:0045778","positive regulation of ossification","5/287","27/3645",0.185185185185185,2.35191637630662,2.06104377658073,0.0561993766785114,0.841314730895186,0.835478907429714,"ENSG00000183160/ENSG00000133116/ENSG00000006128/ENSG00000169252/ENSG00000109906",5
"GO:0015804","neutral amino acid transport","4/287","19/3645",0.210526315789474,2.67375756464332,2.13818481064543,0.0568497922095779,0.841314730895186,0.835478907429714,"ENSG00000162383/ENSG00000139209/ENSG00000103257/ENSG00000106688",4
"GO:0048730","epidermis morphogenesis","4/287","19/3645",0.210526315789474,2.67375756464332,2.13818481064543,0.0568497922095779,0.841314730895186,0.835478907429714,"ENSG00000074047/ENSG00000073282/ENSG00000064300/ENSG00000070193",4
"GO:0050901","leukocyte tethering or rolling","4/287","19/3645",0.210526315789474,2.67375756464332,2.13818481064543,0.0568497922095779,0.841314730895186,0.835478907429714,"ENSG00000107562/ENSG00000154721/ENSG00000168329/ENSG00000174175",4
"GO:0001503","ossification","17/287","144/3645",0.118055555555556,1.49934668989547,1.78721644783342,0.0575057855966504,0.841314730895186,0.835478907429714,"ENSG00000019991/ENSG00000183160/ENSG00000017427/ENSG00000106819/ENSG00000074047/ENSG00000038427/ENSG00000133116/ENSG00000167244/ENSG00000156427/ENSG00000006128/ENSG00000169184/ENSG00000090539/ENSG00000073282/ENSG00000169252/ENSG00000109906/ENSG00000137809/ENSG00000266524",17
"GO:0014074","response to purine-containing compound","8/287","54/3645",0.148148148148148,1.8815331010453,1.90773298332817,0.0582018704511021,0.841314730895186,0.835478907429714,"ENSG00000079337/ENSG00000120129/ENSG00000170345/ENSG00000128564/ENSG00000125740/ENSG00000167588/ENSG00000181092/ENSG00000134240",8
"GO:0034612","response to tumor necrosis factor","8/287","54/3645",0.148148148148148,1.8815331010453,1.90773298332817,0.0582018704511021,0.841314730895186,0.835478907429714,"ENSG00000131016/ENSG00000131080/ENSG00000170345/ENSG00000170323/ENSG00000167588/ENSG00000181092/ENSG00000144218/ENSG00000169900",8
"GO:0032869","cellular response to insulin stimulus","6/287","36/3645",0.166666666666667,2.11672473867596,1.9683110613298,0.0592654240120032,0.841314730895186,0.835478907429714,"ENSG00000017427/ENSG00000167244/ENSG00000165816/ENSG00000181092/ENSG00000184811/ENSG00000134240",6
"GO:0051147","regulation of muscle cell differentiation","6/287","36/3645",0.166666666666667,2.11672473867596,1.9683110613298,0.0592654240120032,0.841314730895186,0.835478907429714,"ENSG00000196569/ENSG00000183160/ENSG00000017427/ENSG00000167244/ENSG00000164530/ENSG00000112183",6
"GO:0040011","locomotion","41/287","411/3645",0.0997566909975669,1.26694473409802,1.67943054564059,0.0600037465245343,0.841314730895186,0.835478907429714,"ENSG00000196569/ENSG00000174348/ENSG00000131016/ENSG00000145147/ENSG00000107562/ENSG00000185070/ENSG00000170962/ENSG00000166086/ENSG00000019991/ENSG00000154721/ENSG00000017427/ENSG00000168329/ENSG00000179388/ENSG00000138722/ENSG00000156427/ENSG00000277586/ENSG00000006128/ENSG00000168477/ENSG00000196090/ENSG00000113296/ENSG00000090539/ENSG00000276409/ENSG00000100448/ENSG00000150594/ENSG00000134830/ENSG00000166780/ENSG00000153993/ENSG00000064300/ENSG00000120129/ENSG00000067798/ENSG00000034239/ENSG00000178568/ENSG00000137033/ENSG00000174175/ENSG00000070193/ENSG00000069702/ENSG00000181092/ENSG00000276644/ENSG00000012171/ENSG00000144891/ENSG00000124205",41
"GO:0051897","positive regulation of phosphatidylinositol 3-kinase/protein kinase B signal transduction","10/287","74/3645",0.135135135135135,1.71626330162916,1.81963139642532,0.0623976254069402,0.841314730895186,0.835478907429714,"ENSG00000170962/ENSG00000019991/ENSG00000017427/ENSG00000168329/ENSG00000167244/ENSG00000150594/ENSG00000178568/ENSG00000137033/ENSG00000174175/ENSG00000090534",10
"GO:0002689","negative regulation of leukocyte chemotaxis","3/287","12/3645",0.25,3.17508710801394,2.20609578572445,0.0623983920185117,0.841314730895186,0.835478907429714,"ENSG00000145147/ENSG00000134830/ENSG00000120129",3
"GO:0009062","fatty acid catabolic process","3/287","12/3645",0.25,3.17508710801394,2.20609578572445,0.0623983920185117,0.841314730895186,0.835478907429714,"ENSG00000181092/ENSG00000186204/ENSG00000214456",3
"GO:0009595","detection of biotic stimulus","3/287","12/3645",0.25,3.17508710801394,2.20609578572445,0.0623983920185117,0.841314730895186,0.835478907429714,"ENSG00000179954/ENSG00000224389/ENSG00000276644",3
"GO:0010039","response to iron ion","3/287","12/3645",0.25,3.17508710801394,2.20609578572445,0.0623983920185117,0.841314730895186,0.835478907429714,"ENSG00000071967/ENSG00000183044/ENSG00000160182",3
"GO:0030539","male genitalia development","3/287","12/3645",0.25,3.17508710801394,2.20609578572445,0.0623983920185117,0.841314730895186,0.835478907429714,"ENSG00000169083/ENSG00000141449/ENSG00000070193",3
"GO:0031649","heat generation","3/287","12/3645",0.25,3.17508710801394,2.20609578572445,0.0623983920185117,0.841314730895186,0.835478907429714,"ENSG00000050628/ENSG00000183044/ENSG00000169252",3
"GO:0044042","glucan metabolic process","3/287","12/3645",0.25,3.17508710801394,2.20609578572445,0.0623983920185117,0.841314730895186,0.835478907429714,"ENSG00000017427/ENSG00000167244/ENSG00000119938",3
"GO:0051646","mitochondrion localization","3/287","12/3645",0.25,3.17508710801394,2.20609578572445,0.0623983920185117,0.841314730895186,0.835478907429714,"ENSG00000277586/ENSG00000186868/ENSG00000214456",3
"GO:0060045","positive regulation of cardiac muscle cell proliferation","3/287","12/3645",0.25,3.17508710801394,2.20609578572445,0.0623983920185117,0.841314730895186,0.835478907429714,"ENSG00000169946/ENSG00000178568/ENSG00000069702",3
"GO:0060292","long-term synaptic depression","3/287","12/3645",0.25,3.17508710801394,2.20609578572445,0.0623983920185117,0.841314730895186,0.835478907429714,"ENSG00000184985/ENSG00000155886/ENSG00000186868",3
"GO:0086013","membrane repolarization during cardiac muscle cell action potential","3/287","12/3645",0.25,3.17508710801394,2.20609578572445,0.0623983920185117,0.841314730895186,0.835478907429714,"ENSG00000149575/ENSG00000152049/ENSG00000171385",3
"GO:0099170","postsynaptic modulation of chemical synaptic transmission","3/287","12/3645",0.25,3.17508710801394,2.20609578572445,0.0623983920185117,0.841314730895186,0.835478907429714,"ENSG00000017427/ENSG00000277586/ENSG00000106688",3
"GO:0120163","negative regulation of cold-induced thermogenesis","3/287","12/3645",0.25,3.17508710801394,2.20609578572445,0.0623983920185117,0.841314730895186,0.835478907429714,"ENSG00000115896/ENSG00000181092/ENSG00000176194",3
"GO:1903018","regulation of glycoprotein metabolic process","3/287","12/3645",0.25,3.17508710801394,2.20609578572445,0.0623983920185117,0.841314730895186,0.835478907429714,"ENSG00000017427/ENSG00000078596/ENSG00000137033",3
"GO:0007599","hemostasis","12/287","94/3645",0.127659574468085,1.62132107643265,1.78399841114508,0.0629010957423203,0.841314730895186,0.835478907429714,"ENSG00000165124/ENSG00000187800/ENSG00000116194/ENSG00000164220/ENSG00000124491/ENSG00000138722/ENSG00000100448/ENSG00000150594/ENSG00000126895/ENSG00000174175/ENSG00000159307/ENSG00000171819",12
"GO:0048878","chemical homeostasis","32/287","311/3645",0.102893890675241,1.30678826310541,1.65358271538927,0.0650757696558244,0.841314730895186,0.835478907429714,"ENSG00000107562/ENSG00000136546/ENSG00000017427/ENSG00000166147/ENSG00000170624/ENSG00000135914/ENSG00000155886/ENSG00000071967/ENSG00000133116/ENSG00000277494/ENSG00000106483/ENSG00000172260/ENSG00000074410/ENSG00000276409/ENSG00000150594/ENSG00000115896/ENSG00000126895/ENSG00000064300/ENSG00000128564/ENSG00000092009/ENSG00000113739/ENSG00000145244/ENSG00000170323/ENSG00000181092/ENSG00000126562/ENSG00000186204/ENSG00000050438/ENSG00000110169/ENSG00000106688/ENSG00000144891/ENSG00000183117/ENSG00000124205",32
"GO:0022600","digestive system process","7/287","46/3645",0.152173913043478,1.93266171792153,1.86080956680289,0.0656812832397515,0.841314730895186,0.835478907429714,"ENSG00000050628/ENSG00000172260/ENSG00000150594/ENSG00000070193/ENSG00000160182/ENSG00000126562/ENSG00000160180",7
"GO:0062013","positive regulation of small molecule metabolic process","7/287","46/3645",0.152173913043478,1.93266171792153,1.86080956680289,0.0656812832397515,0.841314730895186,0.835478907429714,"ENSG00000017427/ENSG00000167244/ENSG00000277494/ENSG00000167588/ENSG00000181092/ENSG00000214456/ENSG00000144891",7
"GO:1905039","carboxylic acid transmembrane transport","7/287","46/3645",0.152173913043478,1.93266171792153,1.86080956680289,0.0656812832397515,0.841314730895186,0.835478907429714,"ENSG00000162383/ENSG00000169507/ENSG00000139209/ENSG00000103257/ENSG00000152779/ENSG00000003989/ENSG00000106688",7
"GO:0010232","vascular transport","6/287","37/3645",0.162162162162162,2.05951596195499,1.89349816290705,0.0662762366992215,0.841314730895186,0.835478907429714,"ENSG00000118777/ENSG00000103257/ENSG00000152779/ENSG00000003989/ENSG00000050438/ENSG00000106688",6
"GO:0046467","membrane lipid biosynthetic process","6/287","37/3645",0.162162162162162,2.05951596195499,1.89349816290705,0.0662762366992215,0.841314730895186,0.835478907429714,"ENSG00000141338/ENSG00000118777/ENSG00000148488/ENSG00000168350/ENSG00000171954/ENSG00000197977",6
"GO:0150104","transport across blood-brain barrier","6/287","37/3645",0.162162162162162,2.05951596195499,1.89349816290705,0.0662762366992215,0.841314730895186,0.835478907429714,"ENSG00000118777/ENSG00000103257/ENSG00000152779/ENSG00000003989/ENSG00000050438/ENSG00000106688",6
"GO:0034394","protein localization to cell surface","4/287","20/3645",0.2,2.54006968641115,2.01879003162972,0.0668316236680951,0.841314730895186,0.835478907429714,"ENSG00000166086/ENSG00000277494/ENSG00000178568/ENSG00000070193",4
"GO:0035082","axoneme assembly","4/287","20/3645",0.2,2.54006968641115,2.01879003162972,0.0668316236680951,0.841314730895186,0.835478907429714,"ENSG00000197748/ENSG00000034239/ENSG00000004838/ENSG00000171811",4
"GO:0035272","exocrine system development","4/287","20/3645",0.2,2.54006968641115,2.01879003162972,0.0668316236680951,0.841314730895186,0.835478907429714,"ENSG00000019991/ENSG00000017427/ENSG00000167244/ENSG00000070193",4
"GO:0035633","maintenance of blood-brain barrier","4/287","20/3645",0.2,2.54006968641115,2.01879003162972,0.0668316236680951,0.841314730895186,0.835478907429714,"ENSG00000196569/ENSG00000166086/ENSG00000154721/ENSG00000106688",4
"GO:0050994","regulation of lipid catabolic process","4/287","20/3645",0.2,2.54006968641115,2.01879003162972,0.0668316236680951,0.841314730895186,0.835478907429714,"ENSG00000150594/ENSG00000176194/ENSG00000214456/ENSG00000187288",4
"GO:0070373","negative regulation of ERK1 and ERK2 cascade","4/287","20/3645",0.2,2.54006968641115,2.01879003162972,0.0668316236680951,0.841314730895186,0.835478907429714,"ENSG00000017427/ENSG00000120129/ENSG00000181092/ENSG00000120875",4
"GO:0089718","amino acid import across plasma membrane","4/287","20/3645",0.2,2.54006968641115,2.01879003162972,0.0668316236680951,0.841314730895186,0.835478907429714,"ENSG00000139209/ENSG00000103257/ENSG00000003989/ENSG00000106688",4
"GO:0120031","plasma membrane bounded cell projection assembly","12/287","95/3645",0.126315789473684,1.60425453878599,1.74444521166704,0.0671549869798574,0.841314730895186,0.835478907429714,"ENSG00000145147/ENSG00000145536/ENSG00000162543/ENSG00000197748/ENSG00000145934/ENSG00000173210/ENSG00000034239/ENSG00000112981/ENSG00000004838/ENSG00000163879/ENSG00000171811/ENSG00000178965",12
"GO:0044703","multi-organism reproductive process","10/287","75/3645",0.133333333333333,1.69337979094077,1.77360739109826,0.0672227737399869,0.841314730895186,0.835478907429714,"ENSG00000082175/ENSG00000006128/ENSG00000150594/ENSG00000170345/ENSG00000169083/ENSG00000091831/ENSG00000113739/ENSG00000125740/ENSG00000145244/ENSG00000183117",10
"GO:0044706","multi-multicellular organism process","10/287","75/3645",0.133333333333333,1.69337979094077,1.77360739109826,0.0672227737399869,0.841314730895186,0.835478907429714,"ENSG00000082175/ENSG00000006128/ENSG00000150594/ENSG00000170345/ENSG00000169083/ENSG00000091831/ENSG00000113739/ENSG00000125740/ENSG00000145244/ENSG00000183117",10
"GO:0019221","cytokine-mediated signaling pathway","17/287","147/3645",0.115646258503401,1.46874777785679,1.69581227031457,0.067342765131223,0.841314730895186,0.835478907429714,"ENSG00000145147/ENSG00000107562/ENSG00000168329/ENSG00000115602/ENSG00000131080/ENSG00000180875/ENSG00000120738/ENSG00000276409/ENSG00000100448/ENSG00000137033/ENSG00000090534/ENSG00000213088/ENSG00000181092/ENSG00000110169/ENSG00000106688/ENSG00000145777/ENSG00000169900",17
"GO:0051094","positive regulation of developmental process","44/287","450/3645",0.0977777777777778,1.2418118466899,1.60154146002999,0.0686139508721267,0.853227185382094,0.847308730555404,"ENSG00000196569/ENSG00000145147/ENSG00000107562/ENSG00000185070/ENSG00000019991/ENSG00000183160/ENSG00000017427/ENSG00000169946/ENSG00000168329/ENSG00000074047/ENSG00000148848/ENSG00000133116/ENSG00000079337/ENSG00000179388/ENSG00000167244/ENSG00000156427/ENSG00000106483/ENSG00000277586/ENSG00000168477/ENSG00000173114/ENSG00000073282/ENSG00000169252/ENSG00000109906/ENSG00000186868/ENSG00000103257/ENSG00000064300/ENSG00000121871/ENSG00000170345/ENSG00000092009/ENSG00000266524/ENSG00000169083/ENSG00000178568/ENSG00000158258/ENSG00000103528/ENSG00000171236/ENSG00000090534/ENSG00000070193/ENSG00000069702/ENSG00000181092/ENSG00000184564/ENSG00000144891/ENSG00000133321/ENSG00000124205/ENSG00000112183",44
"GO:0030879","mammary gland development","8/287","56/3645",0.142857142857143,1.81433549029368,1.79514871913233,0.0694612423154794,0.859782934835841,0.853819005711495,"ENSG00000017427/ENSG00000074047/ENSG00000082175/ENSG00000169083/ENSG00000178568/ENSG00000091831/ENSG00000070193/ENSG00000183117",8
"GO:0034097","response to cytokine","27/287","257/3645",0.105058365758755,1.33427785083854,1.62477133623583,0.0702190973333974,0.861941452118457,0.855962550326516,"ENSG00000131016/ENSG00000145147/ENSG00000107562/ENSG00000168329/ENSG00000115602/ENSG00000131080/ENSG00000196090/ENSG00000180875/ENSG00000120738/ENSG00000276409/ENSG00000100448/ENSG00000126895/ENSG00000120129/ENSG00000170345/ENSG00000137033/ENSG00000174175/ENSG00000090534/ENSG00000213088/ENSG00000170323/ENSG00000167588/ENSG00000181092/ENSG00000157150/ENSG00000144218/ENSG00000110169/ENSG00000106688/ENSG00000145777/ENSG00000169900",27
"GO:0099537","trans-synaptic signaling","31/287","302/3645",0.102649006622517,1.30367815031036,1.61078885207386,0.0705473767991388,0.861941452118457,0.855962550326516,"ENSG00000196569/ENSG00000131016/ENSG00000149575/ENSG00000125869/ENSG00000184985/ENSG00000017427/ENSG00000135914/ENSG00000168329/ENSG00000155886/ENSG00000162383/ENSG00000179388/ENSG00000183044/ENSG00000277586/ENSG00000006128/ENSG00000165646/ENSG00000150594/ENSG00000170743/ENSG00000115896/ENSG00000169252/ENSG00000186868/ENSG00000064300/ENSG00000121871/ENSG00000145934/ENSG00000128564/ENSG00000078053/ENSG00000158258/ENSG00000143412/ENSG00000171385/ENSG00000181092/ENSG00000050438/ENSG00000106688",31
"GO:0007565","female pregnancy","9/287","66/3645",0.136363636363636,1.73186569528033,1.75393016006338,0.0714764284869538,0.861941452118457,0.855962550326516,"ENSG00000082175/ENSG00000150594/ENSG00000170345/ENSG00000169083/ENSG00000091831/ENSG00000113739/ENSG00000125740/ENSG00000145244/ENSG00000183117",9
"GO:0016051","carbohydrate biosynthetic process","7/287","47/3645",0.148936170212766,1.89154125583809,1.79824797915528,0.072231605774877,0.861941452118457,0.855962550326516,"ENSG00000017427/ENSG00000167244/ENSG00000148488/ENSG00000119938/ENSG00000167588/ENSG00000181092/ENSG00000124302",7
"GO:0001755","neural crest cell migration","5/287","29/3645",0.172413793103448,2.18971524690616,1.88025867913951,0.0728076044916001,0.861941452118457,0.855962550326516,"ENSG00000135914/ENSG00000153993/ENSG00000178568/ENSG00000012171/ENSG00000124205",5
"GO:0014855","striated muscle cell proliferation","5/287","29/3645",0.172413793103448,2.18971524690616,1.88025867913951,0.0728076044916001,0.861941452118457,0.855962550326516,"ENSG00000019991/ENSG00000169946/ENSG00000170345/ENSG00000178568/ENSG00000069702",5
"GO:0043534","blood vessel endothelial cell migration","5/287","29/3645",0.172413793103448,2.18971524690616,1.88025867913951,0.0728076044916001,0.861941452118457,0.855962550326516,"ENSG00000145147/ENSG00000179388/ENSG00000138722/ENSG00000156427/ENSG00000069702",5
"GO:0061614","miRNA transcription","5/287","29/3645",0.172413793103448,2.18971524690616,1.88025867913951,0.0728076044916001,0.861941452118457,0.855962550326516,"ENSG00000120738/ENSG00000064300/ENSG00000170345/ENSG00000169083/ENSG00000091831",5
"GO:1902893","regulation of miRNA transcription","5/287","29/3645",0.172413793103448,2.18971524690616,1.88025867913951,0.0728076044916001,0.861941452118457,0.855962550326516,"ENSG00000120738/ENSG00000064300/ENSG00000170345/ENSG00000169083/ENSG00000091831",5
"GO:0033555","multicellular organismal response to stress","6/287","38/3645",0.157894736842105,2.00531817348249,1.82100881157375,0.0737511538190239,0.861941452118457,0.855962550326516,"ENSG00000006128/ENSG00000113296/ENSG00000150594/ENSG00000153253/ENSG00000106688/ENSG00000134240",6
"GO:0042310","vasoconstriction","6/287","38/3645",0.157894736842105,2.00531817348249,1.82100881157375,0.0737511538190239,0.861941452118457,0.855962550326516,"ENSG00000165124/ENSG00000135914/ENSG00000150594/ENSG00000126895/ENSG00000144891/ENSG00000124205",6
"GO:2000241","regulation of reproductive process","8/287","57/3645",0.140350877192982,1.78250504309554,1.74055656816395,0.0755588315896201,0.861941452118457,0.855962550326516,"ENSG00000017427/ENSG00000169946/ENSG00000163106/ENSG00000006128/ENSG00000120129/ENSG00000169083/ENSG00000034239/ENSG00000091831",8
"GO:0002685","regulation of leukocyte migration","12/287","97/3645",0.123711340206186,1.57117712561514,1.66668932860632,0.076217477871688,0.861941452118457,0.855962550326516,"ENSG00000145147/ENSG00000107562/ENSG00000170962/ENSG00000166086/ENSG00000154721/ENSG00000168329/ENSG00000113296/ENSG00000134830/ENSG00000120129/ENSG00000137033/ENSG00000174175/ENSG00000124205",12
"GO:0000271","polysaccharide biosynthetic process","3/287","13/3645",0.230769230769231,2.93084963816671,2.03862336747161,0.0765515873662587,0.861941452118457,0.855962550326516,"ENSG00000017427/ENSG00000167244/ENSG00000119938",3
"GO:0002021","response to dietary excess","3/287","13/3645",0.230769230769231,2.93084963816671,2.03862336747161,0.0765515873662587,0.861941452118457,0.855962550326516,"ENSG00000169252/ENSG00000128564/ENSG00000126562",3
"GO:0010842","retina layer formation","3/287","13/3645",0.230769230769231,2.93084963816671,2.03862336747161,0.0765515873662587,0.861941452118457,0.855962550326516,"ENSG00000165323/ENSG00000008196/ENSG00000106688",3
"GO:0033622","integrin activation","3/287","13/3645",0.230769230769231,2.93084963816671,2.03862336747161,0.0765515873662587,0.861941452118457,0.855962550326516,"ENSG00000107562/ENSG00000166086/ENSG00000174175",3
"GO:0051385","response to mineralocorticoid","3/287","13/3645",0.230769230769231,2.93084963816671,2.03862336747161,0.0765515873662587,0.861941452118457,0.855962550326516,"ENSG00000277586/ENSG00000170345/ENSG00000125740",3
"GO:0097623","potassium ion export across plasma membrane","3/287","13/3645",0.230769230769231,2.93084963816671,2.03862336747161,0.0765515873662587,0.861941452118457,0.855962550326516,"ENSG00000152049/ENSG00000171385/ENSG00000126562",3
"GO:0007517","muscle organ development","14/287","118/3645",0.11864406779661,1.50682100041339,1.63599760010653,0.0774356591228165,0.861941452118457,0.855962550326516,"ENSG00000196569/ENSG00000017427/ENSG00000170624/ENSG00000169946/ENSG00000179388/ENSG00000167244/ENSG00000049540/ENSG00000172260/ENSG00000120738/ENSG00000160808/ENSG00000137809/ENSG00000170345/ENSG00000069702/ENSG00000112183",14
"GO:0007626","locomotory behavior","10/287","77/3645",0.12987012987013,1.64939590026698,1.68357422760003,0.0775722575599128,0.861941452118457,0.855962550326516,"ENSG00000107562/ENSG00000046889/ENSG00000163106/ENSG00000183044/ENSG00000172260/ENSG00000134121/ENSG00000165646/ENSG00000120738/ENSG00000184564/ENSG00000106688",10
"GO:0048754","branching morphogenesis of an epithelial tube","10/287","77/3645",0.12987012987013,1.64939590026698,1.68357422760003,0.0775722575599128,0.861941452118457,0.855962550326516,"ENSG00000145147/ENSG00000017427/ENSG00000074047/ENSG00000082175/ENSG00000145536/ENSG00000169083/ENSG00000091831/ENSG00000141449/ENSG00000070193/ENSG00000183117",10
"GO:0050432","catecholamine secretion","4/287","21/3645",0.19047619047619,2.41911398705824,1.90643771054082,0.077658165082899,0.861941452118457,0.855962550326516,"ENSG00000107562/ENSG00000183044/ENSG00000165646/ENSG00000150594",4
"GO:0050873","brown fat cell differentiation","4/287","21/3645",0.19047619047619,2.41911398705824,1.90643771054082,0.077658165082899,0.861941452118457,0.855962550326516,"ENSG00000169252/ENSG00000171236/ENSG00000170323/ENSG00000181092",4
"GO:0140353","lipid export from cell","4/287","21/3645",0.19047619047619,2.41911398705824,1.90643771054082,0.077658165082899,0.861941452118457,0.855962550326516,"ENSG00000006128/ENSG00000119147/ENSG00000126562/ENSG00000144891",4
"GO:1901652","response to peptide","27/287","260/3645",0.103846153846154,1.31888233717502,1.55965157641826,0.0786053118724742,0.864282315223926,0.858287175913089,"ENSG00000131016/ENSG00000145147/ENSG00000107562/ENSG00000168329/ENSG00000115602/ENSG00000131080/ENSG00000196090/ENSG00000180875/ENSG00000120738/ENSG00000276409/ENSG00000100448/ENSG00000126895/ENSG00000120129/ENSG00000170345/ENSG00000137033/ENSG00000174175/ENSG00000090534/ENSG00000213088/ENSG00000170323/ENSG00000167588/ENSG00000181092/ENSG00000157150/ENSG00000144218/ENSG00000110169/ENSG00000106688/ENSG00000145777/ENSG00000169900",27
"GO:0005996","monosaccharide metabolic process","7/287","48/3645",0.145833333333333,1.85213414634146,1.7371933367904,0.0791561614091906,0.864282315223926,0.858287175913089,"ENSG00000017427/ENSG00000166147/ENSG00000167244/ENSG00000167588/ENSG00000181092/ENSG00000008196/ENSG00000160180",7
"GO:0031960","response to corticosteroid","7/287","48/3645",0.145833333333333,1.85213414634146,1.7371933367904,0.0791561614091906,0.864282315223926,0.858287175913089,"ENSG00000145147/ENSG00000277586/ENSG00000120129/ENSG00000170345/ENSG00000125740/ENSG00000181092/ENSG00000134240",7
"GO:1903825","organic acid transmembrane transport","7/287","48/3645",0.145833333333333,1.85213414634146,1.7371933367904,0.0791561614091906,0.864282315223926,0.858287175913089,"ENSG00000162383/ENSG00000169507/ENSG00000139209/ENSG00000103257/ENSG00000152779/ENSG00000003989/ENSG00000106688",7
"GO:0061138","morphogenesis of a branching epithelium","12/287","98/3645",0.122448979591837,1.55514470596601,1.62846501484676,0.0810289094308636,0.867272229178514,0.861256350173749,"ENSG00000145147/ENSG00000019991/ENSG00000017427/ENSG00000074047/ENSG00000082175/ENSG00000145536/ENSG00000073282/ENSG00000169083/ENSG00000091831/ENSG00000141449/ENSG00000070193/ENSG00000183117",12
"GO:0072359","circulatory system development","39/287","398/3645",0.0979899497487437,1.24450650464868,1.51070823142372,0.0817094101711035,0.867272229178514,0.861256350173749,"ENSG00000187955/ENSG00000145147/ENSG00000107562/ENSG00000185070/ENSG00000170962/ENSG00000166086/ENSG00000165124/ENSG00000017427/ENSG00000166147/ENSG00000170624/ENSG00000135914/ENSG00000169946/ENSG00000168329/ENSG00000074047/ENSG00000148848/ENSG00000079337/ENSG00000171812/ENSG00000179388/ENSG00000138722/ENSG00000156427/ENSG00000049540/ENSG00000173376/ENSG00000120738/ENSG00000113296/ENSG00000160808/ENSG00000064300/ENSG00000092009/ENSG00000178568/ENSG00000141449/ENSG00000171236/ENSG00000070193/ENSG00000069702/ENSG00000008196/ENSG00000159307/ENSG00000171819/ENSG00000106688/ENSG00000144891/ENSG00000164530/ENSG00000112183",39
"GO:0022612","gland morphogenesis","8/287","58/3645",0.137931034482759,1.75177219752493,1.68703602027478,0.0819695596039095,0.867272229178514,0.861256350173749,"ENSG00000019991/ENSG00000017427/ENSG00000082175/ENSG00000073282/ENSG00000169083/ENSG00000091831/ENSG00000070193/ENSG00000183117",8
"GO:0010586","miRNA metabolic process","5/287","30/3645",0.166666666666667,2.11672473867596,1.79532219631457,0.0820130849632698,0.867272229178514,0.861256350173749,"ENSG00000120738/ENSG00000064300/ENSG00000170345/ENSG00000169083/ENSG00000091831",5
"GO:0019229","regulation of vasoconstriction","5/287","30/3645",0.166666666666667,2.11672473867596,1.79532219631457,0.0820130849632698,0.867272229178514,0.861256350173749,"ENSG00000165124/ENSG00000150594/ENSG00000126895/ENSG00000144891/ENSG00000124205",5
"GO:0030850","prostate gland development","5/287","30/3645",0.166666666666667,2.11672473867596,1.79532219631457,0.0820130849632698,0.867272229178514,0.861256350173749,"ENSG00000017427/ENSG00000073282/ENSG00000169083/ENSG00000091831/ENSG00000070193",5
"GO:0090497","mesenchymal cell migration","5/287","30/3645",0.166666666666667,2.11672473867596,1.79532219631457,0.0820130849632698,0.867272229178514,0.861256350173749,"ENSG00000135914/ENSG00000153993/ENSG00000178568/ENSG00000012171/ENSG00000124205",5
"GO:2000628","regulation of miRNA metabolic process","5/287","30/3645",0.166666666666667,2.11672473867596,1.79532219631457,0.0820130849632698,0.867272229178514,0.861256350173749,"ENSG00000120738/ENSG00000064300/ENSG00000170345/ENSG00000169083/ENSG00000091831",5
"GO:0099536","synaptic signaling","31/287","307/3645",0.100977198697068,1.28244560714569,1.51164785715083,0.0837892494641227,0.868611429246215,0.862586260810405,"ENSG00000196569/ENSG00000131016/ENSG00000149575/ENSG00000125869/ENSG00000184985/ENSG00000017427/ENSG00000135914/ENSG00000168329/ENSG00000155886/ENSG00000162383/ENSG00000179388/ENSG00000183044/ENSG00000277586/ENSG00000006128/ENSG00000165646/ENSG00000150594/ENSG00000170743/ENSG00000115896/ENSG00000169252/ENSG00000186868/ENSG00000064300/ENSG00000121871/ENSG00000145934/ENSG00000128564/ENSG00000078053/ENSG00000158258/ENSG00000143412/ENSG00000171385/ENSG00000181092/ENSG00000050438/ENSG00000106688",31
"GO:0048638","regulation of developmental growth","13/287","109/3645",0.119266055045872,1.51472045519931,1.59484446337731,0.0840336384031358,0.868611429246215,0.862586260810405,"ENSG00000187955/ENSG00000107562/ENSG00000017427/ENSG00000169946/ENSG00000167244/ENSG00000169252/ENSG00000186868/ENSG00000169083/ENSG00000178568/ENSG00000103528/ENSG00000113739/ENSG00000069702/ENSG00000164530",13
"GO:0030031","cell projection assembly","12/287","99/3645",0.121212121212121,1.53943617358252,1.5906626526854,0.0860284862078681,0.868611429246215,0.862586260810405,"ENSG00000145147/ENSG00000145536/ENSG00000162543/ENSG00000197748/ENSG00000145934/ENSG00000173210/ENSG00000034239/ENSG00000112981/ENSG00000004838/ENSG00000163879/ENSG00000171811/ENSG00000178965",12
"GO:0060485","mesenchyme development","14/287","120/3645",0.116666666666667,1.48170731707317,1.56849844406925,0.0863518773626901,0.868611429246215,0.862586260810405,"ENSG00000173068/ENSG00000019991/ENSG00000017427/ENSG00000135914/ENSG00000169946/ENSG00000168477/ENSG00000153993/ENSG00000178568/ENSG00000171236/ENSG00000070193/ENSG00000069702/ENSG00000012171/ENSG00000124205/ENSG00000112183",14
"GO:1990868","response to chemokine","7/287","49/3645",0.142857142857143,1.81433549029368,1.67757269099587,0.086453909862749,0.868611429246215,0.862586260810405,"ENSG00000145147/ENSG00000107562/ENSG00000168329/ENSG00000276409/ENSG00000120129/ENSG00000090534/ENSG00000213088",7
"GO:1990869","cellular response to chemokine","7/287","49/3645",0.142857142857143,1.81433549029368,1.67757269099587,0.086453909862749,0.868611429246215,0.862586260810405,"ENSG00000145147/ENSG00000107562/ENSG00000168329/ENSG00000276409/ENSG00000120129/ENSG00000090534/ENSG00000213088",7
"GO:0001659","temperature homeostasis","8/287","59/3645",0.135593220338983,1.72208114332959,1.63454414258634,0.0886931197351766,0.868611429246215,0.862586260810405,"ENSG00000050628/ENSG00000183044/ENSG00000120738/ENSG00000115896/ENSG00000169252/ENSG00000170323/ENSG00000181092/ENSG00000176194",8
"GO:0032720","negative regulation of tumor necrosis factor production","4/287","22/3645",0.181818181818182,2.30915426037377,1.8003534836656,0.0893027715981684,0.868611429246215,0.862586260810405,"ENSG00000017427/ENSG00000134830/ENSG00000181092/ENSG00000176194",4
"GO:0050805","negative regulation of synaptic transmission","4/287","22/3645",0.181818181818182,2.30915426037377,1.8003534836656,0.0893027715981684,0.868611429246215,0.862586260810405,"ENSG00000184985/ENSG00000155886/ENSG00000186868/ENSG00000181092",4
"GO:1903053","regulation of extracellular matrix organization","4/287","22/3645",0.181818181818182,2.30915426037377,1.8003534836656,0.0893027715981684,0.868611429246215,0.862586260810405,"ENSG00000196569/ENSG00000168477/ENSG00000069702/ENSG00000171819",4
"GO:0009895","negative regulation of catabolic process","9/287","69/3645",0.130434782608696,1.65656718678988,1.60951397221662,0.0893126472357471,0.868611429246215,0.862586260810405,"ENSG00000019991/ENSG00000150594/ENSG00000103257/ENSG00000176194/ENSG00000157150/ENSG00000214456/ENSG00000172425/ENSG00000187288/ENSG00000112183",9
"GO:0009628","response to abiotic stimulus","31/287","309/3645",0.100323624595469,1.27414498832922,1.47243562423176,0.089535495031599,0.868611429246215,0.862586260810405,"ENSG00000131016/ENSG00000149575/ENSG00000107562/ENSG00000136546/ENSG00000166482/ENSG00000017427/ENSG00000155886/ENSG00000183044/ENSG00000006128/ENSG00000173376/ENSG00000120738/ENSG00000169252/ENSG00000186868/ENSG00000103257/ENSG00000064300/ENSG00000120129/ENSG00000170345/ENSG00000128564/ENSG00000166819/ENSG00000113739/ENSG00000115255/ENSG00000125740/ENSG00000069702/ENSG00000181092/ENSG00000124249/ENSG00000176194/ENSG00000133256/ENSG00000184564/ENSG00000106688/ENSG00000172425/ENSG00000134240",31
"GO:0001539","cilium or flagellum-dependent cell motility","6/287","40/3645",0.15,1.90505226480836,1.68244473436877,0.0900827488517866,0.868611429246215,0.862586260810405,"ENSG00000006128/ENSG00000197748/ENSG00000034239/ENSG00000163879/ENSG00000171811/ENSG00000131044",6
"GO:0006109","regulation of carbohydrate metabolic process","6/287","40/3645",0.15,1.90505226480836,1.68244473436877,0.0900827488517866,0.868611429246215,0.862586260810405,"ENSG00000017427/ENSG00000167244/ENSG00000119938/ENSG00000167588/ENSG00000181092/ENSG00000160180",6
"GO:0043604","amide biosynthetic process","6/287","40/3645",0.15,1.90505226480836,1.68244473436877,0.0900827488517866,0.868611429246215,0.862586260810405,"ENSG00000141338/ENSG00000148488/ENSG00000168350/ENSG00000171954/ENSG00000106688/ENSG00000197977",6
"GO:0060285","cilium-dependent cell motility","6/287","40/3645",0.15,1.90505226480836,1.68244473436877,0.0900827488517866,0.868611429246215,0.862586260810405,"ENSG00000006128/ENSG00000197748/ENSG00000034239/ENSG00000163879/ENSG00000171811/ENSG00000131044",6
"GO:0060294","cilium movement involved in cell motility","6/287","40/3645",0.15,1.90505226480836,1.68244473436877,0.0900827488517866,0.868611429246215,0.862586260810405,"ENSG00000006128/ENSG00000197748/ENSG00000034239/ENSG00000163879/ENSG00000171811/ENSG00000131044",6
"GO:0014812","muscle cell migration","5/287","31/3645",0.161290322580645,2.04844329549286,1.7136475574324,0.0918062118104052,0.868611429246215,0.862586260810405,"ENSG00000145147/ENSG00000170962/ENSG00000017427/ENSG00000113296/ENSG00000181092",5
"GO:0015837","amine transport","5/287","31/3645",0.161290322580645,2.04844329549286,1.7136475574324,0.0918062118104052,0.868611429246215,0.862586260810405,"ENSG00000107562/ENSG00000183044/ENSG00000165646/ENSG00000150594/ENSG00000103257",5
"GO:0021954","central nervous system neuron development","5/287","31/3645",0.161290322580645,2.04844329549286,1.7136475574324,0.0918062118104052,0.868611429246215,0.862586260810405,"ENSG00000145147/ENSG00000074047/ENSG00000173376/ENSG00000186868/ENSG00000172425",5
"GO:0043200","response to amino acid","5/287","31/3645",0.161290322580645,2.04844329549286,1.7136475574324,0.0918062118104052,0.868611429246215,0.862586260810405,"ENSG00000170962/ENSG00000103257/ENSG00000197565/ENSG00000266524/ENSG00000134240",5
"GO:0007041","lysosomal transport","3/287","14/3645",0.214285714285714,2.72150323544052,1.88646400621565,0.0919701815371474,0.868611429246215,0.862586260810405,"ENSG00000198932/ENSG00000254245/ENSG00000169252",3
"GO:0009583","detection of light stimulus","3/287","14/3645",0.214285714285714,2.72150323544052,1.88646400621565,0.0919701815371474,0.868611429246215,0.862586260810405,"ENSG00000155886/ENSG00000115255/ENSG00000133256",3
"GO:0014046","dopamine secretion","3/287","14/3645",0.214285714285714,2.72150323544052,1.88646400621565,0.0919701815371474,0.868611429246215,0.862586260810405,"ENSG00000107562/ENSG00000183044/ENSG00000165646",3
"GO:0033574","response to testosterone","3/287","14/3645",0.214285714285714,2.72150323544052,1.88646400621565,0.0919701815371474,0.868611429246215,0.862586260810405,"ENSG00000120129/ENSG00000169083/ENSG00000134240",3
"GO:0035116","embryonic hindlimb morphogenesis","3/287","14/3645",0.214285714285714,2.72150323544052,1.88646400621565,0.0919701815371474,0.868611429246215,0.862586260810405,"ENSG00000073282/ENSG00000109906/ENSG00000144218",3
"GO:0045923","positive regulation of fatty acid metabolic process","3/287","14/3645",0.214285714285714,2.72150323544052,1.88646400621565,0.0919701815371474,0.868611429246215,0.862586260810405,"ENSG00000277494/ENSG00000181092/ENSG00000214456",3
"GO:0048010","vascular endothelial growth factor receptor signaling pathway","3/287","14/3645",0.214285714285714,2.72150323544052,1.88646400621565,0.0919701815371474,0.868611429246215,0.862586260810405,"ENSG00000138722/ENSG00000156427/ENSG00000070193",3
"GO:0086011","membrane repolarization during action potential","3/287","14/3645",0.214285714285714,2.72150323544052,1.88646400621565,0.0919701815371474,0.868611429246215,0.862586260810405,"ENSG00000149575/ENSG00000152049/ENSG00000171385",3
"GO:0098801","regulation of renal system process","3/287","14/3645",0.214285714285714,2.72150323544052,1.88646400621565,0.0919701815371474,0.868611429246215,0.862586260810405,"ENSG00000145244/ENSG00000181092/ENSG00000144891",3
"GO:0009914","hormone transport","15/287","132/3645",0.113636363636364,1.44322141273361,1.51620669856316,0.0926524789453213,0.868611429246215,0.862586260810405,"ENSG00000164220/ENSG00000079337/ENSG00000183044/ENSG00000006128/ENSG00000165646/ENSG00000150594/ENSG00000103257/ENSG00000128564/ENSG00000119147/ENSG00000170011/ENSG00000181092/ENSG00000126562/ENSG00000008196/ENSG00000144891/ENSG00000124205",15
"GO:0050678","regulation of epithelial cell proliferation","15/287","132/3645",0.113636363636364,1.44322141273361,1.51620669856316,0.0926524789453213,0.868611429246215,0.862586260810405,"ENSG00000107562/ENSG00000017427/ENSG00000135914/ENSG00000082175/ENSG00000179388/ENSG00000167244/ENSG00000113296/ENSG00000073282/ENSG00000064300/ENSG00000169083/ENSG00000178568/ENSG00000171236/ENSG00000070193/ENSG00000069702/ENSG00000144891",15
"GO:0015850","organic hydroxy compound transport","11/287","90/3645",0.122222222222222,1.55226480836237,1.55073864077316,0.0932603774981544,0.868611429246215,0.862586260810405,"ENSG00000107562/ENSG00000141338/ENSG00000183044/ENSG00000006128/ENSG00000165646/ENSG00000150594/ENSG00000119147/ENSG00000181092/ENSG00000126562/ENSG00000165269/ENSG00000144891",11
"GO:0044057","regulation of system process","24/287","231/3645",0.103896103896104,1.31951672021358,1.46675510270585,0.09333018504889,0.868611429246215,0.862586260810405,"ENSG00000149575/ENSG00000165124/ENSG00000154721/ENSG00000177098/ENSG00000017427/ENSG00000050628/ENSG00000183044/ENSG00000172260/ENSG00000006128/ENSG00000160808/ENSG00000150594/ENSG00000169252/ENSG00000126895/ENSG00000152049/ENSG00000119147/ENSG00000145244/ENSG00000070193/ENSG00000171385/ENSG00000181092/ENSG00000126562/ENSG00000106688/ENSG00000144891/ENSG00000164530/ENSG00000124205",24
"GO:0007268","chemical synaptic transmission","30/287","299/3645",0.100334448160535,1.27428245137683,1.44697302443132,0.0937815765008944,0.868611429246215,0.862586260810405,"ENSG00000196569/ENSG00000131016/ENSG00000149575/ENSG00000125869/ENSG00000184985/ENSG00000017427/ENSG00000135914/ENSG00000168329/ENSG00000155886/ENSG00000162383/ENSG00000179388/ENSG00000183044/ENSG00000277586/ENSG00000006128/ENSG00000165646/ENSG00000150594/ENSG00000170743/ENSG00000115896/ENSG00000169252/ENSG00000186868/ENSG00000064300/ENSG00000121871/ENSG00000128564/ENSG00000078053/ENSG00000158258/ENSG00000143412/ENSG00000171385/ENSG00000181092/ENSG00000050438/ENSG00000106688",30
"GO:0098916","anterograde trans-synaptic signaling","30/287","299/3645",0.100334448160535,1.27428245137683,1.44697302443132,0.0937815765008944,0.868611429246215,0.862586260810405,"ENSG00000196569/ENSG00000131016/ENSG00000149575/ENSG00000125869/ENSG00000184985/ENSG00000017427/ENSG00000135914/ENSG00000168329/ENSG00000155886/ENSG00000162383/ENSG00000179388/ENSG00000183044/ENSG00000277586/ENSG00000006128/ENSG00000165646/ENSG00000150594/ENSG00000170743/ENSG00000115896/ENSG00000169252/ENSG00000186868/ENSG00000064300/ENSG00000121871/ENSG00000128564/ENSG00000078053/ENSG00000158258/ENSG00000143412/ENSG00000171385/ENSG00000181092/ENSG00000050438/ENSG00000106688",30
"GO:0007596","blood coagulation","11/287","91/3645",0.120879120879121,1.53520695332542,1.51137946823633,0.0990401920400204,0.891385218056339,0.885202078047875,"ENSG00000165124/ENSG00000187800/ENSG00000116194/ENSG00000164220/ENSG00000124491/ENSG00000138722/ENSG00000100448/ENSG00000150594/ENSG00000174175/ENSG00000159307/ENSG00000171819",11
"GO:0050817","coagulation","11/287","91/3645",0.120879120879121,1.53520695332542,1.51137946823633,0.0990401920400204,0.891385218056339,0.885202078047875,"ENSG00000165124/ENSG00000187800/ENSG00000116194/ENSG00000164220/ENSG00000124491/ENSG00000138722/ENSG00000100448/ENSG00000150594/ENSG00000174175/ENSG00000159307/ENSG00000171819",11
"GO:0005975","carbohydrate metabolic process","13/287","112/3645",0.116071428571429,1.47414758586361,1.48984306223367,0.0990864367910436,0.891385218056339,0.885202078047875,"ENSG00000017427/ENSG00000166147/ENSG00000154330/ENSG00000133116/ENSG00000167244/ENSG00000148488/ENSG00000119938/ENSG00000167588/ENSG00000160182/ENSG00000181092/ENSG00000008196/ENSG00000160180/ENSG00000124302",13
"GO:0022414","reproductive process","37/287","382/3645",0.0968586387434555,1.2301384606965,1.38963945151391,0.100830154142675,0.891385218056339,0.885202078047875,"ENSG00000145147/ENSG00000166086/ENSG00000183160/ENSG00000154721/ENSG00000017427/ENSG00000169946/ENSG00000082175/ENSG00000163106/ENSG00000013297/ENSG00000167244/ENSG00000183044/ENSG00000006128/ENSG00000145536/ENSG00000120738/ENSG00000074410/ENSG00000150594/ENSG00000073282/ENSG00000109906/ENSG00000197748/ENSG00000120129/ENSG00000170345/ENSG00000128564/ENSG00000266524/ENSG00000169083/ENSG00000034239/ENSG00000112981/ENSG00000163879/ENSG00000091831/ENSG00000141449/ENSG00000113739/ENSG00000125740/ENSG00000145244/ENSG00000070193/ENSG00000131044/ENSG00000151892/ENSG00000276644/ENSG00000183117",37
"GO:0033002","muscle cell proliferation","10/287","81/3645",0.123456790123457,1.56794425087108,1.5110163234943,0.101094041165275,0.891385218056339,0.885202078047875,"ENSG00000170962/ENSG00000019991/ENSG00000106809/ENSG00000017427/ENSG00000169946/ENSG00000049540/ENSG00000170345/ENSG00000178568/ENSG00000069702/ENSG00000181092",10
"GO:0007265","Ras protein signal transduction","4/287","23/3645",0.173913043478261,2.20875624905317,1.69987980328648,0.101732797409026,0.891385218056339,0.885202078047875,"ENSG00000017427/ENSG00000079337/ENSG00000150594/ENSG00000070193",4
"GO:0014823","response to activity","4/287","23/3645",0.173913043478261,2.20875624905317,1.69987980328648,0.101732797409026,0.891385218056339,0.885202078047875,"ENSG00000133116/ENSG00000103257/ENSG00000170345/ENSG00000181092",4
"GO:0030514","negative regulation of BMP signaling pathway","4/287","23/3645",0.173913043478261,2.20875624905317,1.69987980328648,0.101732797409026,0.891385218056339,0.885202078047875,"ENSG00000166147/ENSG00000170801/ENSG00000180875/ENSG00000090539",4
"GO:0055078","sodium ion homeostasis","4/287","23/3645",0.173913043478261,2.20875624905317,1.69987980328648,0.101732797409026,0.891385218056339,0.885202078047875,"ENSG00000136546/ENSG00000145244/ENSG00000186204/ENSG00000144891",4
"GO:0071230","cellular response to amino acid stimulus","4/287","23/3645",0.173913043478261,2.20875624905317,1.69987980328648,0.101732797409026,0.891385218056339,0.885202078047875,"ENSG00000170962/ENSG00000103257/ENSG00000197565/ENSG00000134240",4
"GO:1902895","positive regulation of miRNA transcription","4/287","23/3645",0.173913043478261,2.20875624905317,1.69987980328648,0.101732797409026,0.891385218056339,0.885202078047875,"ENSG00000120738/ENSG00000064300/ENSG00000170345/ENSG00000169083",4
"GO:1903556","negative regulation of tumor necrosis factor superfamily cytokine production","4/287","23/3645",0.173913043478261,2.20875624905317,1.69987980328648,0.101732797409026,0.891385218056339,0.885202078047875,"ENSG00000017427/ENSG00000134830/ENSG00000181092/ENSG00000176194",4
"GO:2000242","negative regulation of reproductive process","4/287","23/3645",0.173913043478261,2.20875624905317,1.69987980328648,0.101732797409026,0.891385218056339,0.885202078047875,"ENSG00000017427/ENSG00000169946/ENSG00000163106/ENSG00000120129",4
"GO:0071356","cellular response to tumor necrosis factor","7/287","51/3645",0.137254901960784,1.74318507890961,1.56236614606489,0.1021579339471,0.891385218056339,0.885202078047875,"ENSG00000131016/ENSG00000131080/ENSG00000170345/ENSG00000170323/ENSG00000167588/ENSG00000181092/ENSG00000169900",7
"GO:0048608","reproductive structure development","12/287","102/3645",0.117647058823529,1.49415863906538,1.47968982902014,0.102160508326645,0.891385218056339,0.885202078047875,"ENSG00000145147/ENSG00000017427/ENSG00000169946/ENSG00000082175/ENSG00000073282/ENSG00000128564/ENSG00000169083/ENSG00000091831/ENSG00000141449/ENSG00000070193/ENSG00000151892/ENSG00000183117",12
"GO:0061458","reproductive system development","12/287","102/3645",0.117647058823529,1.49415863906538,1.47968982902014,0.102160508326645,0.891385218056339,0.885202078047875,"ENSG00000145147/ENSG00000017427/ENSG00000169946/ENSG00000082175/ENSG00000073282/ENSG00000128564/ENSG00000169083/ENSG00000091831/ENSG00000141449/ENSG00000070193/ENSG00000151892/ENSG00000183117",12
"GO:0001101","response to acid chemical","5/287","32/3645",0.15625,1.98442944250871,1.63499108585034,0.102172807337003,0.891385218056339,0.885202078047875,"ENSG00000170962/ENSG00000103257/ENSG00000197565/ENSG00000266524/ENSG00000134240",5
"GO:0071772","response to BMP","9/287","71/3645",0.126760563380282,1.60990332237326,1.51705975012939,0.102545805055625,0.891385218056339,0.885202078047875,"ENSG00000183160/ENSG00000166147/ENSG00000106483/ENSG00000170801/ENSG00000180875/ENSG00000120738/ENSG00000090539/ENSG00000069702/ENSG00000008196",9
"GO:0071773","cellular response to BMP stimulus","9/287","71/3645",0.126760563380282,1.60990332237326,1.51705975012939,0.102545805055625,0.891385218056339,0.885202078047875,"ENSG00000183160/ENSG00000166147/ENSG00000106483/ENSG00000170801/ENSG00000180875/ENSG00000120738/ENSG00000090539/ENSG00000069702/ENSG00000008196",9
"GO:0009581","detection of external stimulus","6/287","42/3645",0.142857142857143,1.81433549029368,1.55162105191447,0.108218041967686,0.905130356563903,0.898851872686026,"ENSG00000107562/ENSG00000155886/ENSG00000006128/ENSG00000064300/ENSG00000115255/ENSG00000133256",6
"GO:0009582","detection of abiotic stimulus","6/287","42/3645",0.142857142857143,1.81433549029368,1.55162105191447,0.108218041967686,0.905130356563903,0.898851872686026,"ENSG00000107562/ENSG00000155886/ENSG00000006128/ENSG00000064300/ENSG00000115255/ENSG00000133256",6
"GO:0030510","regulation of BMP signaling pathway","6/287","42/3645",0.142857142857143,1.81433549029368,1.55162105191447,0.108218041967686,0.905130356563903,0.898851872686026,"ENSG00000166147/ENSG00000106483/ENSG00000170801/ENSG00000180875/ENSG00000090539/ENSG00000008196",6
"GO:0048515","spermatid differentiation","6/287","42/3645",0.142857142857143,1.81433549029368,1.55162105191447,0.108218041967686,0.905130356563903,0.898851872686026,"ENSG00000166086/ENSG00000183160/ENSG00000154721/ENSG00000197748/ENSG00000112981/ENSG00000163879",6
"GO:0007034","vacuolar transport","3/287","15/3645",0.2,2.54006968641115,1.74711895787179,0.10855157522253,0.905130356563903,0.898851872686026,"ENSG00000198932/ENSG00000254245/ENSG00000169252",3
"GO:0031100","animal organ regeneration","3/287","15/3645",0.2,2.54006968641115,1.74711895787179,0.10855157522253,0.905130356563903,0.898851872686026,"ENSG00000107562/ENSG00000103257/ENSG00000069702",3
"GO:0042908","xenobiotic transport","3/287","15/3645",0.2,2.54006968641115,1.74711895787179,0.10855157522253,0.905130356563903,0.898851872686026,"ENSG00000141338/ENSG00000118777/ENSG00000103257",3
"GO:0044458","motile cilium assembly","3/287","15/3645",0.2,2.54006968641115,1.74711895787179,0.10855157522253,0.905130356563903,0.898851872686026,"ENSG00000197748/ENSG00000004838/ENSG00000163879",3
"GO:0048265","response to pain","3/287","15/3645",0.2,2.54006968641115,1.74711895787179,0.10855157522253,0.905130356563903,0.898851872686026,"ENSG00000006128/ENSG00000113296/ENSG00000153253",3
"GO:0051954","positive regulation of amine transport","3/287","15/3645",0.2,2.54006968641115,1.74711895787179,0.10855157522253,0.905130356563903,0.898851872686026,"ENSG00000107562/ENSG00000183044/ENSG00000103257",3
"GO:0060412","ventricular septum morphogenesis","3/287","15/3645",0.2,2.54006968641115,1.74711895787179,0.10855157522253,0.905130356563903,0.898851872686026,"ENSG00000145147/ENSG00000169946/ENSG00000069702",3
"GO:0060571","morphogenesis of an epithelial fold","3/287","15/3645",0.2,2.54006968641115,1.74711895787179,0.10855157522253,0.905130356563903,0.898851872686026,"ENSG00000073282/ENSG00000169083/ENSG00000070193",3
"GO:0086010","membrane depolarization during action potential","3/287","15/3645",0.2,2.54006968641115,1.74711895787179,0.10855157522253,0.905130356563903,0.898851872686026,"ENSG00000149575/ENSG00000177098/ENSG00000153253",3
"GO:0030522","intracellular receptor signaling pathway","9/287","72/3645",0.125,1.58754355400697,1.47190436315847,0.109561487766453,0.905130356563903,0.898851872686026,"ENSG00000017427/ENSG00000082175/ENSG00000169184/ENSG00000073282/ENSG00000169083/ENSG00000183888/ENSG00000091831/ENSG00000141449/ENSG00000214456",9
"GO:0045137","development of primary sexual characteristics","9/287","72/3645",0.125,1.58754355400697,1.47190436315847,0.109561487766453,0.905130356563903,0.898851872686026,"ENSG00000145147/ENSG00000169946/ENSG00000082175/ENSG00000128564/ENSG00000169083/ENSG00000091831/ENSG00000151892/ENSG00000276644/ENSG00000183117",9
"GO:0051606","detection of stimulus","9/287","72/3645",0.125,1.58754355400697,1.47190436315847,0.109561487766453,0.905130356563903,0.898851872686026,"ENSG00000107562/ENSG00000155886/ENSG00000179954/ENSG00000006128/ENSG00000064300/ENSG00000224389/ENSG00000115255/ENSG00000276644/ENSG00000133256",9
"GO:0006629","lipid metabolic process","32/287","327/3645",0.0978593272171254,1.24284755298405,1.34542410336569,0.109903997589583,0.905130356563903,0.898851872686026,"ENSG00000135914/ENSG00000166428/ENSG00000141338/ENSG00000118777/ENSG00000163106/ENSG00000277494/ENSG00000168477/ENSG00000148488/ENSG00000120738/ENSG00000150594/ENSG00000115896/ENSG00000102010/ENSG00000168350/ENSG00000231852/ENSG00000196616/ENSG00000171954/ENSG00000166819/ENSG00000091831/ENSG00000182836/ENSG00000181092/ENSG00000176194/ENSG00000186204/ENSG00000170509/ENSG00000168004/ENSG00000214456/ENSG00000197977/ENSG00000144891/ENSG00000133321/ENSG00000134240/ENSG00000187288/ENSG00000186377/ENSG00000170099",32
"GO:0048639","positive regulation of developmental growth","8/287","62/3645",0.129032258064516,1.63875463639429,1.48284682886679,0.110723411480872,0.905130356563903,0.898851872686026,"ENSG00000107562/ENSG00000017427/ENSG00000169946/ENSG00000167244/ENSG00000186868/ENSG00000178568/ENSG00000103528/ENSG00000069702",8
"GO:0048762","mesenchymal cell differentiation","11/287","93/3645",0.118279569892473,1.5021917500281,1.43405020599105,0.111226802114237,0.905130356563903,0.898851872686026,"ENSG00000019991/ENSG00000017427/ENSG00000135914/ENSG00000168477/ENSG00000153993/ENSG00000178568/ENSG00000171236/ENSG00000070193/ENSG00000069702/ENSG00000012171/ENSG00000124205",11
"GO:0051896","regulation of phosphatidylinositol 3-kinase/protein kinase B signal transduction","11/287","93/3645",0.118279569892473,1.5021917500281,1.43405020599105,0.111226802114237,0.905130356563903,0.898851872686026,"ENSG00000170962/ENSG00000019991/ENSG00000017427/ENSG00000168329/ENSG00000079337/ENSG00000167244/ENSG00000150594/ENSG00000178568/ENSG00000137033/ENSG00000174175/ENSG00000090534",11
"GO:0010876","lipid localization","14/287","125/3645",0.112,1.42243902439024,1.40487437929793,0.111396295890713,0.905130356563903,0.898851872686026,"ENSG00000154262/ENSG00000154258/ENSG00000141338/ENSG00000118777/ENSG00000006128/ENSG00000154263/ENSG00000119147/ENSG00000170323/ENSG00000181092/ENSG00000126562/ENSG00000176194/ENSG00000214456/ENSG00000144891/ENSG00000187288",14
"GO:2000026","regulation of multicellular organismal development","44/287","468/3645",0.094017094017094,1.19404985258644,1.31436934920487,0.112279563869782,0.905130356563903,0.898851872686026,"ENSG00000196569/ENSG00000187955/ENSG00000145147/ENSG00000107562/ENSG00000185070/ENSG00000183160/ENSG00000154721/ENSG00000017427/ENSG00000166147/ENSG00000106819/ENSG00000169946/ENSG00000168329/ENSG00000074047/ENSG00000148848/ENSG00000133116/ENSG00000079337/ENSG00000143387/ENSG00000179388/ENSG00000156427/ENSG00000106483/ENSG00000277586/ENSG00000172260/ENSG00000113296/ENSG00000173114/ENSG00000073282/ENSG00000169252/ENSG00000109906/ENSG00000186868/ENSG00000103257/ENSG00000064300/ENSG00000121871/ENSG00000170345/ENSG00000092009/ENSG00000178568/ENSG00000158258/ENSG00000171236/ENSG00000090534/ENSG00000070193/ENSG00000069702/ENSG00000181092/ENSG00000184564/ENSG00000171819/ENSG00000133321/ENSG00000164530",44
"GO:0060326","cell chemotaxis","15/287","136/3645",0.110294117647059,1.4007737241238,1.39240892035335,0.112289606146582,0.905130356563903,0.898851872686026,"ENSG00000145147/ENSG00000107562/ENSG00000170962/ENSG00000166086/ENSG00000019991/ENSG00000168329/ENSG00000179388/ENSG00000156427/ENSG00000113296/ENSG00000276409/ENSG00000100448/ENSG00000134830/ENSG00000120129/ENSG00000144891/ENSG00000124205",15
"GO:0002455","humoral immune response mediated by circulating immunoglobulin","5/287","33/3645",0.151515151515152,1.92429521697814,1.55913453528966,0.113095627217306,0.905130356563903,0.898851872686026,"ENSG00000112936/ENSG00000244731/ENSG00000224389/ENSG00000039537/ENSG00000110169",5
"GO:0001649","osteoblast differentiation","10/287","83/3645",0.120481927710843,1.53016246169346,1.42820598728626,0.114262224642856,0.905130356563903,0.898851872686026,"ENSG00000019991/ENSG00000183160/ENSG00000017427/ENSG00000074047/ENSG00000038427/ENSG00000167244/ENSG00000090539/ENSG00000073282/ENSG00000137809/ENSG00000266524",10
"GO:0043255","regulation of carbohydrate biosynthetic process","4/287","24/3645",0.166666666666667,2.11672473867596,1.604454043888,0.114910443629297,0.905130356563903,0.898851872686026,"ENSG00000017427/ENSG00000167244/ENSG00000119938/ENSG00000181092",4
"GO:0050919","negative chemotaxis","4/287","24/3645",0.166666666666667,2.11672473867596,1.604454043888,0.114910443629297,0.905130356563903,0.898851872686026,"ENSG00000145147/ENSG00000185070/ENSG00000153993/ENSG00000012171",4
"GO:0051153","regulation of striated muscle cell differentiation","4/287","24/3645",0.166666666666667,2.11672473867596,1.604454043888,0.114910443629297,0.905130356563903,0.898851872686026,"ENSG00000183160/ENSG00000017427/ENSG00000164530/ENSG00000112183",4
"GO:0071229","cellular response to acid chemical","4/287","24/3645",0.166666666666667,2.11672473867596,1.604454043888,0.114910443629297,0.905130356563903,0.898851872686026,"ENSG00000170962/ENSG00000103257/ENSG00000197565/ENSG00000134240",4
"GO:0071622","regulation of granulocyte chemotaxis","4/287","24/3645",0.166666666666667,2.11672473867596,1.604454043888,0.114910443629297,0.905130356563903,0.898851872686026,"ENSG00000145147/ENSG00000166086/ENSG00000113296/ENSG00000134830",4
"GO:0086091","regulation of heart rate by cardiac conduction","4/287","24/3645",0.166666666666667,2.11672473867596,1.604454043888,0.114910443629297,0.905130356563903,0.898851872686026,"ENSG00000149575/ENSG00000177098/ENSG00000152049/ENSG00000171385",4
"GO:2000630","positive regulation of miRNA metabolic process","4/287","24/3645",0.166666666666667,2.11672473867596,1.604454043888,0.114910443629297,0.905130356563903,0.898851872686026,"ENSG00000120738/ENSG00000064300/ENSG00000170345/ENSG00000169083",4
"GO:0045834","positive regulation of lipid metabolic process","6/287","43/3645",0.13953488372093,1.7721416416822,1.48884379336694,0.117940169158617,0.92250548434677,0.916106476989739,"ENSG00000135914/ENSG00000277494/ENSG00000181092/ENSG00000170509/ENSG00000214456/ENSG00000144891",6
"GO:0050921","positive regulation of chemotaxis","8/287","63/3645",0.126984126984127,1.61274265803883,1.43408662959369,0.118676259984193,0.92250548434677,0.916106476989739,"ENSG00000145147/ENSG00000107562/ENSG00000170962/ENSG00000168329/ENSG00000156427/ENSG00000113296/ENSG00000070193/ENSG00000124205",8
"GO:0002027","regulation of heart rate","7/287","53/3645",0.132075471698113,1.67740450989416,1.45213716667578,0.119308309013029,0.92250548434677,0.916106476989739,"ENSG00000149575/ENSG00000177098/ENSG00000006128/ENSG00000152049/ENSG00000171385/ENSG00000106688/ENSG00000124205",7
"GO:0007200","phospholipase C-activating G protein-coupled receptor signaling pathway","7/287","53/3645",0.132075471698113,1.67740450989416,1.45213716667578,0.119308309013029,0.92250548434677,0.916106476989739,"ENSG00000135914/ENSG00000168329/ENSG00000050628/ENSG00000150594/ENSG00000134830/ENSG00000091831/ENSG00000144891",7
"GO:0070252","actin-mediated cell contraction","7/287","53/3645",0.132075471698113,1.67740450989416,1.45213716667578,0.119308309013029,0.92250548434677,0.916106476989739,"ENSG00000149575/ENSG00000136546/ENSG00000177098/ENSG00000170624/ENSG00000153253/ENSG00000152049/ENSG00000171385",7
"GO:0046879","hormone secretion","14/287","127/3645",0.110236220472441,1.40003840983292,1.34136021767886,0.122515600581038,0.92250548434677,0.916106476989739,"ENSG00000164220/ENSG00000079337/ENSG00000183044/ENSG00000006128/ENSG00000165646/ENSG00000150594/ENSG00000128564/ENSG00000119147/ENSG00000170011/ENSG00000181092/ENSG00000126562/ENSG00000008196/ENSG00000144891/ENSG00000124205",14
"GO:0006749","glutathione metabolic process","3/287","16/3645",0.1875,2.38131533101045,1.61863574121815,0.126187094380601,0.92250548434677,0.916106476989739,"ENSG00000163106/ENSG00000134201/ENSG00000106688",3
"GO:0007588","excretion","3/287","16/3645",0.1875,2.38131533101045,1.61863574121815,0.126187094380601,0.92250548434677,0.916106476989739,"ENSG00000118777/ENSG00000145244/ENSG00000144891",3
"GO:0010656","negative regulation of muscle cell apoptotic process","3/287","16/3645",0.1875,2.38131533101045,1.61863574121815,0.126187094380601,0.92250548434677,0.916106476989739,"ENSG00000017427/ENSG00000103257/ENSG00000091831",3
"GO:0014075","response to amine","3/287","16/3645",0.1875,2.38131533101045,1.61863574121815,0.126187094380601,0.92250548434677,0.916106476989739,"ENSG00000165646/ENSG00000125740/ENSG00000106688",3
"GO:0032941","secretion by tissue","3/287","16/3645",0.1875,2.38131533101045,1.61863574121815,0.126187094380601,0.92250548434677,0.916106476989739,"ENSG00000172260/ENSG00000070193/ENSG00000126562",3
"GO:0033280","response to vitamin D","3/287","16/3645",0.1875,2.38131533101045,1.61863574121815,0.126187094380601,0.92250548434677,0.916106476989739,"ENSG00000133116/ENSG00000169184/ENSG00000113739",3
"GO:0043405","regulation of MAP kinase activity","3/287","16/3645",0.1875,2.38131533101045,1.61863574121815,0.126187094380601,0.92250548434677,0.916106476989739,"ENSG00000156427/ENSG00000120129/ENSG00000181092",3
"GO:0045453","bone resorption","3/287","16/3645",0.1875,2.38131533101045,1.61863574121815,0.126187094380601,0.92250548434677,0.916106476989739,"ENSG00000183160/ENSG00000143387/ENSG00000169252",3
"GO:0060043","regulation of cardiac muscle cell proliferation","3/287","16/3645",0.1875,2.38131533101045,1.61863574121815,0.126187094380601,0.92250548434677,0.916106476989739,"ENSG00000169946/ENSG00000178568/ENSG00000069702",3
"GO:0072329","monocarboxylic acid catabolic process","3/287","16/3645",0.1875,2.38131533101045,1.61863574121815,0.126187094380601,0.92250548434677,0.916106476989739,"ENSG00000181092/ENSG00000186204/ENSG00000214456",3
"GO:0072348","sulfur compound transport","3/287","16/3645",0.1875,2.38131533101045,1.61863574121815,0.126187094380601,0.92250548434677,0.916106476989739,"ENSG00000118777/ENSG00000103257/ENSG00000106688",3
"GO:0098771","inorganic ion homeostasis","19/287","183/3645",0.103825136612022,1.31861541097847,1.29276200034877,0.126358504026544,0.92250548434677,0.916106476989739,"ENSG00000107562/ENSG00000136546/ENSG00000170624/ENSG00000135914/ENSG00000155886/ENSG00000071967/ENSG00000133116/ENSG00000106483/ENSG00000074410/ENSG00000276409/ENSG00000115896/ENSG00000113739/ENSG00000145244/ENSG00000126562/ENSG00000186204/ENSG00000110169/ENSG00000106688/ENSG00000144891/ENSG00000124205",19
"GO:0001944","vasculature development","27/287","274/3645",0.0985401459854015,1.25149418856024,1.2653586717893,0.126711498111577,0.92250548434677,0.916106476989739,"ENSG00000145147/ENSG00000107562/ENSG00000170962/ENSG00000166086/ENSG00000165124/ENSG00000017427/ENSG00000170624/ENSG00000169946/ENSG00000168329/ENSG00000148848/ENSG00000079337/ENSG00000171812/ENSG00000179388/ENSG00000138722/ENSG00000156427/ENSG00000173376/ENSG00000120738/ENSG00000113296/ENSG00000064300/ENSG00000092009/ENSG00000171236/ENSG00000070193/ENSG00000069702/ENSG00000008196/ENSG00000171819/ENSG00000106688/ENSG00000144891",27
"GO:0002040","sprouting angiogenesis","6/287","44/3645",0.136363636363636,1.73186569528033,1.42769669819769,0.128083283577847,0.92250548434677,0.916106476989739,"ENSG00000145147/ENSG00000179388/ENSG00000138722/ENSG00000064300/ENSG00000069702/ENSG00000144891",6
"GO:0086001","cardiac muscle cell action potential","6/287","44/3645",0.136363636363636,1.73186569528033,1.42769669819769,0.128083283577847,0.92250548434677,0.916106476989739,"ENSG00000149575/ENSG00000136546/ENSG00000177098/ENSG00000153253/ENSG00000152049/ENSG00000171385",6
"GO:0001818","negative regulation of cytokine production","10/287","85/3645",0.117647058823529,1.49415863906538,1.3475368265159,0.128351826529666,0.92250548434677,0.916106476989739,"ENSG00000019991/ENSG00000017427/ENSG00000168329/ENSG00000115602/ENSG00000179954/ENSG00000134830/ENSG00000067798/ENSG00000137033/ENSG00000181092/ENSG00000176194",10
"GO:0016042","lipid catabolic process","10/287","85/3645",0.117647058823529,1.49415863906538,1.3475368265159,0.128351826529666,0.92250548434677,0.916106476989739,"ENSG00000277494/ENSG00000150594/ENSG00000166819/ENSG00000182836/ENSG00000181092/ENSG00000176194/ENSG00000186204/ENSG00000214456/ENSG00000133321/ENSG00000187288",10
"GO:0060537","muscle tissue development","16/287","150/3645",0.106666666666667,1.35470383275261,1.29681405075192,0.1283997884131,0.92250548434677,0.916106476989739,"ENSG00000187955/ENSG00000017427/ENSG00000170624/ENSG00000154330/ENSG00000169946/ENSG00000167244/ENSG00000049540/ENSG00000120738/ENSG00000160808/ENSG00000170345/ENSG00000178568/ENSG00000141449/ENSG00000069702/ENSG00000008196/ENSG00000164530/ENSG00000112183",16
"GO:0007613","memory","7/287","54/3645",0.12962962962963,1.64634146341463,1.39875283955484,0.128409267947784,0.92250548434677,0.916106476989739,"ENSG00000155886/ENSG00000006128/ENSG00000186868/ENSG00000170345/ENSG00000106688/ENSG00000172425/ENSG00000183117",7
"GO:0046661","male sex differentiation","7/287","54/3645",0.12962962962963,1.64634146341463,1.39875283955484,0.128409267947784,0.92250548434677,0.916106476989739,"ENSG00000169946/ENSG00000169083/ENSG00000091831/ENSG00000141449/ENSG00000070193/ENSG00000151892/ENSG00000183117",7
"GO:0006940","regulation of smooth muscle contraction","4/287","25/3645",0.16,2.03205574912892,1.51359144066734,0.12879358027924,0.92250548434677,0.916106476989739,"ENSG00000183044/ENSG00000150594/ENSG00000169252/ENSG00000124205",4
"GO:0014910","regulation of smooth muscle cell migration","4/287","25/3645",0.16,2.03205574912892,1.51359144066734,0.12879358027924,0.92250548434677,0.916106476989739,"ENSG00000145147/ENSG00000170962/ENSG00000017427/ENSG00000181092",4
"GO:0043467","regulation of generation of precursor metabolites and energy","4/287","25/3645",0.16,2.03205574912892,1.51359144066734,0.12879358027924,0.92250548434677,0.916106476989739,"ENSG00000017427/ENSG00000167244/ENSG00000119938/ENSG00000167588",4
"GO:0048286","lung alveolus development","4/287","25/3645",0.16,2.03205574912892,1.51359144066734,0.12879358027924,0.92250548434677,0.916106476989739,"ENSG00000017427/ENSG00000166147/ENSG00000082175/ENSG00000070193",4
"GO:0050772","positive regulation of axonogenesis","4/287","25/3645",0.16,2.03205574912892,1.51359144066734,0.12879358027924,0.92250548434677,0.916106476989739,"ENSG00000145147/ENSG00000107562/ENSG00000277586/ENSG00000186868",4
"GO:0051937","catecholamine transport","4/287","25/3645",0.16,2.03205574912892,1.51359144066734,0.12879358027924,0.92250548434677,0.916106476989739,"ENSG00000107562/ENSG00000183044/ENSG00000165646/ENSG00000150594",4
"GO:0071897","DNA biosynthetic process","4/287","25/3645",0.16,2.03205574912892,1.51359144066734,0.12879358027924,0.92250548434677,0.916106476989739,"ENSG00000019991/ENSG00000120129/ENSG00000181092/ENSG00000276644",4
"GO:0086009","membrane repolarization","4/287","25/3645",0.16,2.03205574912892,1.51359144066734,0.12879358027924,0.92250548434677,0.916106476989739,"ENSG00000149575/ENSG00000177098/ENSG00000152049/ENSG00000171385",4
"GO:0001763","morphogenesis of a branching structure","12/287","107/3645",0.11214953271028,1.42433814191279,1.30231136789656,0.132801358664229,0.948304534712255,0.941726570898168,"ENSG00000145147/ENSG00000019991/ENSG00000017427/ENSG00000074047/ENSG00000082175/ENSG00000145536/ENSG00000073282/ENSG00000169083/ENSG00000091831/ENSG00000141449/ENSG00000070193/ENSG00000183117",12
"GO:1903522","regulation of blood circulation","13/287","118/3645",0.110169491525424,1.39919092895529,1.28857210183175,0.133814649559435,0.948304534712255,0.941726570898168,"ENSG00000149575/ENSG00000165124/ENSG00000177098/ENSG00000006128/ENSG00000160808/ENSG00000150594/ENSG00000126895/ENSG00000152049/ENSG00000145244/ENSG00000171385/ENSG00000106688/ENSG00000144891/ENSG00000124205",13
"GO:0006091","generation of precursor metabolites and energy","8/287","65/3645",0.123076923076923,1.56311980702225,1.33907762999361,0.135467879460778,0.948304534712255,0.941726570898168,"ENSG00000017427/ENSG00000133116/ENSG00000167244/ENSG00000128564/ENSG00000119938/ENSG00000167588/ENSG00000181092/ENSG00000134240",8
"GO:0051052","regulation of DNA metabolic process","8/287","65/3645",0.123076923076923,1.56311980702225,1.33907762999361,0.135467879460778,0.948304534712255,0.941726570898168,"ENSG00000019991/ENSG00000074047/ENSG00000120129/ENSG00000112319/ENSG00000070193/ENSG00000181092/ENSG00000276644/ENSG00000176194",8
"GO:0014032","neural crest cell development","5/287","35/3645",0.142857142857143,1.81433549029368,1.41505581518828,0.136527314539318,0.948304534712255,0.941726570898168,"ENSG00000135914/ENSG00000153993/ENSG00000178568/ENSG00000012171/ENSG00000124205",5
"GO:0051965","positive regulation of synapse assembly","5/287","35/3645",0.142857142857143,1.81433549029368,1.41505581518828,0.136527314539318,0.948304534712255,0.941726570898168,"ENSG00000185070/ENSG00000173114/ENSG00000121871/ENSG00000158258/ENSG00000184564",5
"GO:1905954","positive regulation of lipid localization","5/287","35/3645",0.142857142857143,1.81433549029368,1.41505581518828,0.136527314539318,0.948304534712255,0.941726570898168,"ENSG00000141338/ENSG00000006128/ENSG00000119147/ENSG00000181092/ENSG00000214456",5
"GO:1901699","cellular response to nitrogen compound","18/287","174/3645",0.103448275862069,1.3138291481437,1.24002483119982,0.137532791658723,0.948304534712255,0.941726570898168,"ENSG00000145147/ENSG00000017427/ENSG00000166147/ENSG00000135914/ENSG00000079337/ENSG00000167244/ENSG00000120738/ENSG00000165816/ENSG00000169252/ENSG00000103257/ENSG00000064300/ENSG00000170345/ENSG00000167588/ENSG00000181092/ENSG00000184811/ENSG00000106688/ENSG00000144891/ENSG00000134240",18
"GO:0097529","myeloid leukocyte migration","11/287","97/3645",0.11340206185567,1.44024569848055,1.28463269048481,0.138068779219351,0.948304534712255,0.941726570898168,"ENSG00000145147/ENSG00000107562/ENSG00000170962/ENSG00000166086/ENSG00000168329/ENSG00000113296/ENSG00000100448/ENSG00000134830/ENSG00000120129/ENSG00000169347/ENSG00000124205",11
"GO:0006939","smooth muscle contraction","6/287","45/3645",0.133333333333333,1.69337979094077,1.36809410888515,0.138633815512432,0.948304534712255,0.941726570898168,"ENSG00000135914/ENSG00000050628/ENSG00000183044/ENSG00000150594/ENSG00000169252/ENSG00000124205",6
"GO:0014706","striated muscle tissue development","15/287","141/3645",0.106382978723404,1.35110089702721,1.24293733446375,0.140095561631837,0.948304534712255,0.941726570898168,"ENSG00000187955/ENSG00000017427/ENSG00000170624/ENSG00000154330/ENSG00000169946/ENSG00000167244/ENSG00000049540/ENSG00000120738/ENSG00000160808/ENSG00000170345/ENSG00000178568/ENSG00000141449/ENSG00000069702/ENSG00000164530/ENSG00000112183",15
"GO:0006869","lipid transport","13/287","119/3645",0.109243697478992,1.38743302198928,1.2560841845559,0.140191898722426,0.948304534712255,0.941726570898168,"ENSG00000154262/ENSG00000154258/ENSG00000141338/ENSG00000118777/ENSG00000006128/ENSG00000154263/ENSG00000119147/ENSG00000170323/ENSG00000181092/ENSG00000126562/ENSG00000176194/ENSG00000144891/ENSG00000187288",13
"GO:0071375","cellular response to peptide hormone stimulus","9/287","76/3645",0.118421052631579,1.50398863011187,1.29790841362562,0.14021729394343,0.948304534712255,0.941726570898168,"ENSG00000017427/ENSG00000166147/ENSG00000167244/ENSG00000165816/ENSG00000170345/ENSG00000181092/ENSG00000184811/ENSG00000144891/ENSG00000134240",9
"GO:0061061","muscle structure development","22/287","220/3645",0.1,1.27003484320557,1.20778781793341,0.141035150891517,0.948304534712255,0.941726570898168,"ENSG00000196569/ENSG00000187955/ENSG00000183160/ENSG00000017427/ENSG00000170624/ENSG00000154330/ENSG00000169946/ENSG00000148848/ENSG00000179388/ENSG00000167244/ENSG00000049540/ENSG00000172260/ENSG00000120738/ENSG00000160808/ENSG00000137809/ENSG00000170345/ENSG00000141449/ENSG00000166106/ENSG00000070193/ENSG00000069702/ENSG00000164530/ENSG00000112183",22
"GO:0003300","cardiac muscle hypertrophy","4/287","26/3645",0.153846153846154,1.95389975877781,1.42687164608713,0.143336531999751,0.948304534712255,0.941726570898168,"ENSG00000187955/ENSG00000017427/ENSG00000135914/ENSG00000164530",4
"GO:0006958","complement activation, classical pathway","4/287","26/3645",0.153846153846154,1.95389975877781,1.42687164608713,0.143336531999751,0.948304534712255,0.941726570898168,"ENSG00000112936/ENSG00000244731/ENSG00000224389/ENSG00000039537",4
"GO:0014909","smooth muscle cell migration","4/287","26/3645",0.153846153846154,1.95389975877781,1.42687164608713,0.143336531999751,0.948304534712255,0.941726570898168,"ENSG00000145147/ENSG00000170962/ENSG00000017427/ENSG00000181092",4
"GO:0019915","lipid storage","4/287","26/3645",0.153846153846154,1.95389975877781,1.42687164608713,0.143336531999751,0.948304534712255,0.941726570898168,"ENSG00000172260/ENSG00000176194/ENSG00000214456/ENSG00000187288",4
"GO:0170062","nutrient storage","4/287","26/3645",0.153846153846154,1.95389975877781,1.42687164608713,0.143336531999751,0.948304534712255,0.941726570898168,"ENSG00000172260/ENSG00000176194/ENSG00000214456/ENSG00000187288",4
"GO:2001233","regulation of apoptotic signaling pathway","10/287","87/3645",0.114942528735632,1.45981016460411,1.26889302071932,0.143340016136896,0.948304534712255,0.941726570898168,"ENSG00000107562/ENSG00000019991/ENSG00000017427/ENSG00000168329/ENSG00000073282/ENSG00000064300/ENSG00000169083/ENSG00000112981/ENSG00000112319/ENSG00000070193",10
"GO:0002687","positive regulation of leukocyte migration","8/287","66/3645",0.121212121212121,1.53943617358252,1.2927691246864,0.144294286491651,0.948304534712255,0.941726570898168,"ENSG00000107562/ENSG00000170962/ENSG00000166086/ENSG00000154721/ENSG00000168329/ENSG00000113296/ENSG00000174175/ENSG00000124205",8
"GO:0060048","cardiac muscle contraction","8/287","66/3645",0.121212121212121,1.53943617358252,1.2927691246864,0.144294286491651,0.948304534712255,0.941726570898168,"ENSG00000149575/ENSG00000136546/ENSG00000177098/ENSG00000170624/ENSG00000160808/ENSG00000153253/ENSG00000152049/ENSG00000171385",8
"GO:0000768","syncytium formation by plasma membrane fusion","3/287","17/3645",0.176470588235294,2.24123795859807,1.4994626640486,0.144764683353163,0.948304534712255,0.941726570898168,"ENSG00000148848/ENSG00000079337/ENSG00000166106",3
"GO:0002931","response to ischemia","3/287","17/3645",0.176470588235294,2.24123795859807,1.4994626640486,0.144764683353163,0.948304534712255,0.941726570898168,"ENSG00000168329/ENSG00000173376/ENSG00000120738",3
"GO:0007271","synaptic transmission, cholinergic","3/287","17/3645",0.176470588235294,2.24123795859807,1.4994626640486,0.144764683353163,0.948304534712255,0.941726570898168,"ENSG00000196569/ENSG00000006128/ENSG00000143412",3
"GO:0030225","macrophage differentiation","3/287","17/3645",0.176470588235294,2.24123795859807,1.4994626640486,0.144764683353163,0.948304534712255,0.941726570898168,"ENSG00000115602/ENSG00000137033/ENSG00000181092",3
"GO:0045428","regulation of nitric oxide biosynthetic process","3/287","17/3645",0.176470588235294,2.24123795859807,1.4994626640486,0.144764683353163,0.948304534712255,0.941726570898168,"ENSG00000017427/ENSG00000168329/ENSG00000091831",3
"GO:0046031","ADP metabolic process","3/287","17/3645",0.176470588235294,2.24123795859807,1.4994626640486,0.144764683353163,0.948304534712255,0.941726570898168,"ENSG00000017427/ENSG00000154027/ENSG00000167588",3
"GO:0051098","regulation of binding","3/287","17/3645",0.176470588235294,2.24123795859807,1.4994626640486,0.144764683353163,0.948304534712255,0.941726570898168,"ENSG00000017427/ENSG00000180875/ENSG00000181092",3
"GO:0051149","positive regulation of muscle cell differentiation","3/287","17/3645",0.176470588235294,2.24123795859807,1.4994626640486,0.144764683353163,0.948304534712255,0.941726570898168,"ENSG00000196569/ENSG00000017427/ENSG00000112183",3
"GO:0099171","presynaptic modulation of chemical synaptic transmission","3/287","17/3645",0.176470588235294,2.24123795859807,1.4994626640486,0.144764683353163,0.948304534712255,0.941726570898168,"ENSG00000125869/ENSG00000150594/ENSG00000064300",3
"GO:0120178","steroid hormone biosynthetic process","3/287","17/3645",0.176470588235294,2.24123795859807,1.4994626640486,0.144764683353163,0.948304534712255,0.941726570898168,"ENSG00000120738/ENSG00000231852/ENSG00000170099",3
"GO:0140253","cell-cell fusion","3/287","17/3645",0.176470588235294,2.24123795859807,1.4994626640486,0.144764683353163,0.948304534712255,0.941726570898168,"ENSG00000148848/ENSG00000079337/ENSG00000166106",3
"GO:0070925","organelle assembly","16/287","153/3645",0.104575163398693,1.32814101250256,1.21215706841019,0.145239647467514,0.948304534712255,0.941726570898168,"ENSG00000154330/ENSG00000172260/ENSG00000145536/ENSG00000162543/ENSG00000186868/ENSG00000197748/ENSG00000121871/ENSG00000197769/ENSG00000169083/ENSG00000173210/ENSG00000034239/ENSG00000112981/ENSG00000004838/ENSG00000163879/ENSG00000171811/ENSG00000178965",16
"GO:0003014","renal system process","7/287","56/3645",0.125,1.58754355400697,1.29520089813314,0.147619270547233,0.948304534712255,0.941726570898168,"ENSG00000118777/ENSG00000126895/ENSG00000145244/ENSG00000181092/ENSG00000126562/ENSG00000186204/ENSG00000144891",7
"GO:0030048","actin filament-based movement","7/287","56/3645",0.125,1.58754355400697,1.29520089813314,0.147619270547233,0.948304534712255,0.941726570898168,"ENSG00000149575/ENSG00000136546/ENSG00000177098/ENSG00000170624/ENSG00000153253/ENSG00000152049/ENSG00000171385",7
"GO:0043122","regulation of canonical NF-kappaB signal transduction","7/287","56/3645",0.125,1.58754355400697,1.29520089813314,0.147619270547233,0.948304534712255,0.941726570898168,"ENSG00000135914/ENSG00000168329/ENSG00000131080/ENSG00000091831/ENSG00000069702/ENSG00000181092/ENSG00000169900",7
"GO:0071345","cellular response to cytokine stimulus","23/287","233/3645",0.0987124463519313,1.25368246325014,1.1699133099412,0.148411641577136,0.948304534712255,0.941726570898168,"ENSG00000131016/ENSG00000145147/ENSG00000107562/ENSG00000168329/ENSG00000115602/ENSG00000131080/ENSG00000196090/ENSG00000180875/ENSG00000120738/ENSG00000276409/ENSG00000100448/ENSG00000120129/ENSG00000170345/ENSG00000137033/ENSG00000090534/ENSG00000213088/ENSG00000170323/ENSG00000167588/ENSG00000181092/ENSG00000110169/ENSG00000106688/ENSG00000145777/ENSG00000169900",23
"GO:0001667","ameboidal-type cell migration","9/287","77/3645",0.116883116883117,1.48445631024028,1.2559644401565,0.148508548758895,0.948304534712255,0.941726570898168,"ENSG00000131016/ENSG00000135914/ENSG00000006128/ENSG00000153993/ENSG00000178568/ENSG00000171236/ENSG00000070193/ENSG00000012171/ENSG00000124205",9
"GO:0046486","glycerolipid metabolic process","9/287","77/3645",0.116883116883117,1.48445631024028,1.2559644401565,0.148508548758895,0.948304534712255,0.941726570898168,"ENSG00000135914/ENSG00000277494/ENSG00000168477/ENSG00000115896/ENSG00000102010/ENSG00000168004/ENSG00000214456/ENSG00000133321/ENSG00000187288",9
"GO:0015695","organic cation transport","5/287","36/3645",0.138888888888889,1.76393728222997,1.34649672448224,0.148988909785659,0.948304534712255,0.941726570898168,"ENSG00000150594/ENSG00000139209/ENSG00000103257/ENSG00000003989/ENSG00000106688",5
"GO:0055006","cardiac cell development","5/287","36/3645",0.138888888888889,1.76393728222997,1.34649672448224,0.148988909785659,0.948304534712255,0.941726570898168,"ENSG00000187955/ENSG00000017427/ENSG00000170624/ENSG00000069702/ENSG00000164530",5
"GO:0007601","visual perception","6/287","46/3645",0.130434782608696,1.65656718678988,1.30995673881649,0.149576695353334,0.948304534712255,0.941726570898168,"ENSG00000143341/ENSG00000130045/ENSG00000112319/ENSG00000115255/ENSG00000133256/ENSG00000184564",6
"GO:0007623","circadian rhythm","6/287","46/3645",0.130434782608696,1.65656718678988,1.30995673881649,0.149576695353334,0.948304534712255,0.941726570898168,"ENSG00000017427/ENSG00000179388/ENSG00000120738/ENSG00000064300/ENSG00000181092/ENSG00000133256",6
"GO:0035264","multicellular organism growth","6/287","46/3645",0.130434782608696,1.65656718678988,1.30995673881649,0.149576695353334,0.948304534712255,0.941726570898168,"ENSG00000017427/ENSG00000167244/ENSG00000169252/ENSG00000169083/ENSG00000113739/ENSG00000184564",6
"GO:1990266","neutrophil migration","6/287","46/3645",0.130434782608696,1.65656718678988,1.30995673881649,0.149576695353334,0.948304534712255,0.941726570898168,"ENSG00000145147/ENSG00000166086/ENSG00000113296/ENSG00000134830/ENSG00000169347/ENSG00000124205",6
"GO:0048585","negative regulation of response to stimulus","41/287","445/3645",0.0921348314606742,1.17014446227929,1.11972821453458,0.152542705021099,0.948304534712255,0.941726570898168,"ENSG00000144642/ENSG00000145147/ENSG00000107562/ENSG00000019991/ENSG00000046889/ENSG00000017427/ENSG00000166147/ENSG00000106819/ENSG00000138615/ENSG00000269113/ENSG00000168329/ENSG00000198932/ENSG00000115602/ENSG00000138722/ENSG00000106483/ENSG00000196090/ENSG00000170801/ENSG00000180875/ENSG00000120738/ENSG00000090539/ENSG00000150594/ENSG00000134830/ENSG00000073282/ENSG00000169252/ENSG00000064300/ENSG00000120129/ENSG00000169083/ENSG00000112981/ENSG00000112319/ENSG00000091831/ENSG00000180730/ENSG00000137033/ENSG00000070193/ENSG00000069702/ENSG00000181092/ENSG00000176194/ENSG00000132554/ENSG00000120875/ENSG00000133256/ENSG00000214456/ENSG00000169900",41
"GO:0000226","microtubule cytoskeleton organization","14/287","132/3645",0.106060606060606,1.3470066518847,1.187067670735,0.153011348458,0.948304534712255,0.941726570898168,"ENSG00000169515/ENSG00000277586/ENSG00000186868/ENSG00000197748/ENSG00000166780/ENSG00000067798/ENSG00000120262/ENSG00000034239/ENSG00000004838/ENSG00000171811/ENSG00000070193/ENSG00000131044/ENSG00000166510/ENSG00000198930",14
"GO:0050867","positive regulation of cell activation","13/287","121/3645",0.107438016528926,1.36450024476632,1.19196182425695,0.153436378233574,0.948304534712255,0.941726570898168,"ENSG00000165124/ENSG00000017427/ENSG00000074047/ENSG00000187800/ENSG00000115602/ENSG00000179388/ENSG00000167244/ENSG00000006128/ENSG00000109906/ENSG00000137033/ENSG00000174175/ENSG00000070193/ENSG00000145777",13
"GO:0006935","chemotaxis","19/287","189/3645",0.100529100529101,1.27675460428074,1.14216455009543,0.157398844101458,0.948304534712255,0.941726570898168,"ENSG00000145147/ENSG00000107562/ENSG00000185070/ENSG00000170962/ENSG00000166086/ENSG00000019991/ENSG00000168329/ENSG00000179388/ENSG00000156427/ENSG00000113296/ENSG00000276409/ENSG00000100448/ENSG00000134830/ENSG00000153993/ENSG00000120129/ENSG00000070193/ENSG00000012171/ENSG00000144891/ENSG00000124205",19
"GO:0042330","taxis","19/287","189/3645",0.100529100529101,1.27675460428074,1.14216455009543,0.157398844101458,0.948304534712255,0.941726570898168,"ENSG00000145147/ENSG00000107562/ENSG00000185070/ENSG00000170962/ENSG00000166086/ENSG00000019991/ENSG00000168329/ENSG00000179388/ENSG00000156427/ENSG00000113296/ENSG00000276409/ENSG00000100448/ENSG00000134830/ENSG00000153993/ENSG00000120129/ENSG00000070193/ENSG00000012171/ENSG00000144891/ENSG00000124205",19
"GO:0032886","regulation of microtubule-based process","7/287","57/3645",0.12280701754386,1.5596919127086,1.24494460886721,0.157707732001299,0.948304534712255,0.941726570898168,"ENSG00000006128/ENSG00000186868/ENSG00000197748/ENSG00000166780/ENSG00000162722/ENSG00000067798/ENSG00000034239",7
"GO:0071675","regulation of mononuclear cell migration","7/287","57/3645",0.12280701754386,1.5596919127086,1.24494460886721,0.157707732001299,0.948304534712255,0.941726570898168,"ENSG00000145147/ENSG00000107562/ENSG00000170962/ENSG00000166086/ENSG00000154721/ENSG00000168329/ENSG00000120129",7
"GO:0001578","microtubule bundle formation","4/287","27/3645",0.148148148148148,1.8815331010453,1.34392802957455,0.158490819881706,0.948304534712255,0.941726570898168,"ENSG00000197748/ENSG00000034239/ENSG00000004838/ENSG00000171811",4
"GO:0003229","ventricular cardiac muscle tissue development","4/287","27/3645",0.148148148148148,1.8815331010453,1.34392802957455,0.158490819881706,0.948304534712255,0.941726570898168,"ENSG00000187955/ENSG00000169946/ENSG00000160808/ENSG00000069702",4
"GO:0042446","hormone biosynthetic process","4/287","27/3645",0.148148148148148,1.8815331010453,1.34392802957455,0.158490819881706,0.948304534712255,0.941726570898168,"ENSG00000120738/ENSG00000231852/ENSG00000113739/ENSG00000124302",4
"GO:0046889","positive regulation of lipid biosynthetic process","4/287","27/3645",0.148148148148148,1.8815331010453,1.34392802957455,0.158490819881706,0.948304534712255,0.941726570898168,"ENSG00000135914/ENSG00000277494/ENSG00000170509/ENSG00000214456",4
"GO:0043010","camera-type eye development","11/287","100/3645",0.11,1.39703832752613,1.17683099895474,0.160284714421965,0.948304534712255,0.941726570898168,"ENSG00000180660/ENSG00000166147/ENSG00000171812/ENSG00000165323/ENSG00000170345/ENSG00000070193/ENSG00000133256/ENSG00000184564/ENSG00000008196/ENSG00000171819/ENSG00000106688",11
"GO:1901700","response to oxygen-containing compound","44/287","483/3645",0.0910973084886128,1.15696755902785,1.08266057904462,0.160374828166025,0.948304534712255,0.941726570898168,"ENSG00000131016/ENSG00000145147/ENSG00000107562/ENSG00000170962/ENSG00000019991/ENSG00000017427/ENSG00000166147/ENSG00000135914/ENSG00000168329/ENSG00000133116/ENSG00000079337/ENSG00000167244/ENSG00000183044/ENSG00000277494/ENSG00000277586/ENSG00000006128/ENSG00000169184/ENSG00000120738/ENSG00000100448/ENSG00000150594/ENSG00000165816/ENSG00000169252/ENSG00000186868/ENSG00000103257/ENSG00000064300/ENSG00000120129/ENSG00000170345/ENSG00000128564/ENSG00000092009/ENSG00000266524/ENSG00000169083/ENSG00000091831/ENSG00000113739/ENSG00000174175/ENSG00000125740/ENSG00000070193/ENSG00000167588/ENSG00000069702/ENSG00000160182/ENSG00000181092/ENSG00000184811/ENSG00000106688/ENSG00000144891/ENSG00000134240",44
"GO:0070098","chemokine-mediated signaling pathway","6/287","47/3645",0.127659574468085,1.62132107643265,1.25321106879265,0.160895488950181,0.948304534712255,0.941726570898168,"ENSG00000145147/ENSG00000107562/ENSG00000168329/ENSG00000276409/ENSG00000090534/ENSG00000213088",6
"GO:0035239","tube morphogenesis","31/287","329/3645",0.0942249240121581,1.19668936593838,1.09335540182569,0.161642533662647,0.948304534712255,0.941726570898168,"ENSG00000145147/ENSG00000166086/ENSG00000017427/ENSG00000170624/ENSG00000169946/ENSG00000168329/ENSG00000074047/ENSG00000148848/ENSG00000082175/ENSG00000079337/ENSG00000171812/ENSG00000179388/ENSG00000138722/ENSG00000156427/ENSG00000173376/ENSG00000145536/ENSG00000113296/ENSG00000073282/ENSG00000064300/ENSG00000092009/ENSG00000169083/ENSG00000091831/ENSG00000141449/ENSG00000171236/ENSG00000070193/ENSG00000069702/ENSG00000126562/ENSG00000008196/ENSG00000106688/ENSG00000144891/ENSG00000183117",31
"GO:0001959","regulation of cytokine-mediated signaling pathway","5/287","37/3645",0.135135135135135,1.71626330162916,1.28005928602533,0.161912764955415,0.948304534712255,0.941726570898168,"ENSG00000145147/ENSG00000181092/ENSG00000110169/ENSG00000145777/ENSG00000169900",5
"GO:0030317","flagellated sperm motility","5/287","37/3645",0.135135135135135,1.71626330162916,1.28005928602533,0.161912764955415,0.948304534712255,0.941726570898168,"ENSG00000006128/ENSG00000197748/ENSG00000034239/ENSG00000163879/ENSG00000131044",5
"GO:0032602","chemokine production","5/287","37/3645",0.135135135135135,1.71626330162916,1.28005928602533,0.161912764955415,0.948304534712255,0.941726570898168,"ENSG00000115602/ENSG00000120738/ENSG00000137033/ENSG00000181092/ENSG00000145777",5
"GO:0032642","regulation of chemokine production","5/287","37/3645",0.135135135135135,1.71626330162916,1.28005928602533,0.161912764955415,0.948304534712255,0.941726570898168,"ENSG00000115602/ENSG00000120738/ENSG00000137033/ENSG00000181092/ENSG00000145777",5
"GO:0097722","sperm motility","5/287","37/3645",0.135135135135135,1.71626330162916,1.28005928602533,0.161912764955415,0.948304534712255,0.941726570898168,"ENSG00000006128/ENSG00000197748/ENSG00000034239/ENSG00000163879/ENSG00000131044",5
"GO:0007612","learning","8/287","68/3645",0.117647058823529,1.49415863906538,1.20240608430157,0.162771524271595,0.948304534712255,0.941726570898168,"ENSG00000155886/ENSG00000079337/ENSG00000006128/ENSG00000170345/ENSG00000158258/ENSG00000106688/ENSG00000172425/ENSG00000183117",8
"GO:1901654","response to ketone","8/287","68/3645",0.117647058823529,1.49415863906538,1.20240608430157,0.162771524271595,0.948304534712255,0.941726570898168,"ENSG00000145147/ENSG00000277586/ENSG00000120129/ENSG00000170345/ENSG00000169083/ENSG00000125740/ENSG00000069702/ENSG00000134240",8
"GO:0006518","peptide metabolic process","3/287","18/3645",0.166666666666667,2.11672473867596,1.38834819025664,0.164171129106786,0.948304534712255,0.941726570898168,"ENSG00000092009/ENSG00000072657/ENSG00000106688",3
"GO:0006949","syncytium formation","3/287","18/3645",0.166666666666667,2.11672473867596,1.38834819025664,0.164171129106786,0.948304534712255,0.941726570898168,"ENSG00000148848/ENSG00000079337/ENSG00000166106",3
"GO:0015872","dopamine transport","3/287","18/3645",0.166666666666667,2.11672473867596,1.38834819025664,0.164171129106786,0.948304534712255,0.941726570898168,"ENSG00000107562/ENSG00000183044/ENSG00000165646",3
"GO:0042982","amyloid precursor protein metabolic process","3/287","18/3645",0.166666666666667,2.11672473867596,1.38834819025664,0.164171129106786,0.948304534712255,0.941726570898168,"ENSG00000017427/ENSG00000262655/ENSG00000078596",3
"GO:0045599","negative regulation of fat cell differentiation","3/287","18/3645",0.166666666666667,2.11672473867596,1.38834819025664,0.164171129106786,0.948304534712255,0.941726570898168,"ENSG00000079102/ENSG00000169946/ENSG00000181092",3
"GO:0050433","regulation of catecholamine secretion","3/287","18/3645",0.166666666666667,2.11672473867596,1.38834819025664,0.164171129106786,0.948304534712255,0.941726570898168,"ENSG00000107562/ENSG00000183044/ENSG00000150594",3
"GO:0051148","negative regulation of muscle cell differentiation","3/287","18/3645",0.166666666666667,2.11672473867596,1.38834819025664,0.164171129106786,0.948304534712255,0.941726570898168,"ENSG00000183160/ENSG00000167244/ENSG00000164530",3
"GO:0080164","regulation of nitric oxide metabolic process","3/287","18/3645",0.166666666666667,2.11672473867596,1.38834819025664,0.164171129106786,0.948304534712255,0.941726570898168,"ENSG00000017427/ENSG00000168329/ENSG00000091831",3
"GO:0019216","regulation of lipid metabolic process","10/287","90/3645",0.111111111111111,1.41114982578397,1.1544931205756,0.167438141744848,0.948304534712255,0.941726570898168,"ENSG00000135914/ENSG00000277494/ENSG00000120738/ENSG00000150594/ENSG00000181092/ENSG00000176194/ENSG00000170509/ENSG00000214456/ENSG00000144891/ENSG00000187288",10
"GO:0007018","microtubule-based movement","11/287","101/3645",0.108910891089109,1.38320626487736,1.14165850787644,0.168069113600278,0.948304534712255,0.941726570898168,"ENSG00000277586/ENSG00000006128/ENSG00000186868/ENSG00000197748/ENSG00000162722/ENSG00000034239/ENSG00000112981/ENSG00000004838/ENSG00000163879/ENSG00000171811/ENSG00000131044",11
"GO:0042445","hormone metabolic process","11/287","101/3645",0.108910891089109,1.38320626487736,1.14165850787644,0.168069113600278,0.948304534712255,0.941726570898168,"ENSG00000143387/ENSG00000163751/ENSG00000120738/ENSG00000100448/ENSG00000231852/ENSG00000092009/ENSG00000196616/ENSG00000091831/ENSG00000113739/ENSG00000145244/ENSG00000124302",11
"GO:0060538","skeletal muscle organ development","7/287","58/3645",0.120689655172414,1.53280067283431,1.19564667283179,0.168103167428392,0.948304534712255,0.941726570898168,"ENSG00000167244/ENSG00000049540/ENSG00000172260/ENSG00000120738/ENSG00000160808/ENSG00000170345/ENSG00000112183",7
"GO:0030335","positive regulation of cell migration","19/287","191/3645",0.0994764397905759,1.26338544612073,1.09304257167011,0.168607498481612,0.948304534712255,0.941726570898168,"ENSG00000131016/ENSG00000107562/ENSG00000170962/ENSG00000166086/ENSG00000019991/ENSG00000154721/ENSG00000017427/ENSG00000168329/ENSG00000156427/ENSG00000006128/ENSG00000113296/ENSG00000276409/ENSG00000150594/ENSG00000153993/ENSG00000174175/ENSG00000070193/ENSG00000069702/ENSG00000012171/ENSG00000124205",19
"GO:0009611","response to wounding","21/287","214/3645",0.0981308411214953,1.24629587417369,1.08553405134173,0.168779405780319,0.948304534712255,0.941726570898168,"ENSG00000165124/ENSG00000017427/ENSG00000168329/ENSG00000187800/ENSG00000116194/ENSG00000164220/ENSG00000124491/ENSG00000115602/ENSG00000138722/ENSG00000277586/ENSG00000173376/ENSG00000100448/ENSG00000150594/ENSG00000119147/ENSG00000137033/ENSG00000174175/ENSG00000171236/ENSG00000070193/ENSG00000159307/ENSG00000171819/ENSG00000106688",21
"GO:0007610","behavior","24/287","249/3645",0.0963855421686747,1.22412996935477,1.0710396558437,0.170234108627936,0.948304534712255,0.941726570898168,"ENSG00000107562/ENSG00000046889/ENSG00000135914/ENSG00000168329/ENSG00000155886/ENSG00000079337/ENSG00000163106/ENSG00000183044/ENSG00000172260/ENSG00000006128/ENSG00000134121/ENSG00000165646/ENSG00000120738/ENSG00000113296/ENSG00000153253/ENSG00000186868/ENSG00000170345/ENSG00000158258/ENSG00000125740/ENSG00000276644/ENSG00000184564/ENSG00000106688/ENSG00000172425/ENSG00000183117",24
"GO:0006665","sphingolipid metabolic process","6/287","48/3645",0.125,1.58754355400697,1.19778881233338,0.172572535741751,0.948304534712255,0.941726570898168,"ENSG00000141338/ENSG00000118777/ENSG00000148488/ENSG00000168350/ENSG00000171954/ENSG00000197977",6
"GO:0030278","regulation of ossification","6/287","48/3645",0.125,1.58754355400697,1.19778881233338,0.172572535741751,0.948304534712255,0.941726570898168,"ENSG00000183160/ENSG00000133116/ENSG00000006128/ENSG00000169252/ENSG00000109906/ENSG00000266524",6
"GO:0050953","sensory perception of light stimulus","6/287","48/3645",0.125,1.58754355400697,1.19778881233338,0.172572535741751,0.948304534712255,0.941726570898168,"ENSG00000143341/ENSG00000130045/ENSG00000112319/ENSG00000115255/ENSG00000133256/ENSG00000184564",6
"GO:0002028","regulation of sodium ion transport","4/287","28/3645",0.142857142857143,1.81433549029368,1.26443908112294,0.174205854112527,0.948304534712255,0.941726570898168,"ENSG00000149575/ENSG00000177098/ENSG00000169252/ENSG00000126562",4
"GO:0003407","neural retina development","4/287","28/3645",0.142857142857143,1.81433549029368,1.26443908112294,0.174205854112527,0.948304534712255,0.941726570898168,"ENSG00000165323/ENSG00000170345/ENSG00000008196/ENSG00000106688",4
"GO:0014896","muscle hypertrophy","4/287","28/3645",0.142857142857143,1.81433549029368,1.26443908112294,0.174205854112527,0.948304534712255,0.941726570898168,"ENSG00000187955/ENSG00000017427/ENSG00000135914/ENSG00000164530",4
"GO:0014897","striated muscle hypertrophy","4/287","28/3645",0.142857142857143,1.81433549029368,1.26443908112294,0.174205854112527,0.948304534712255,0.941726570898168,"ENSG00000187955/ENSG00000017427/ENSG00000135914/ENSG00000164530",4
"GO:0015844","monoamine transport","4/287","28/3645",0.142857142857143,1.81433549029368,1.26443908112294,0.174205854112527,0.948304534712255,0.941726570898168,"ENSG00000107562/ENSG00000183044/ENSG00000165646/ENSG00000150594",4
"GO:0050832","defense response to fungus","4/287","28/3645",0.142857142857143,1.81433549029368,1.26443908112294,0.174205854112527,0.948304534712255,0.941726570898168,"ENSG00000168329/ENSG00000006128/ENSG00000100448/ENSG00000145777",4
"GO:0051952","regulation of amine transport","4/287","28/3645",0.142857142857143,1.81433549029368,1.26443908112294,0.174205854112527,0.948304534712255,0.941726570898168,"ENSG00000107562/ENSG00000183044/ENSG00000150594/ENSG00000103257",4
"GO:0060986","endocrine hormone secretion","4/287","28/3645",0.142857142857143,1.81433549029368,1.26443908112294,0.174205854112527,0.948304534712255,0.941726570898168,"ENSG00000006128/ENSG00000119147/ENSG00000126562/ENSG00000144891",4
"GO:0006956","complement activation","5/287","38/3645",0.131578947368421,1.67109847790207,1.21561140933129,0.175270584824565,0.948304534712255,0.941726570898168,"ENSG00000112936/ENSG00000244731/ENSG00000224389/ENSG00000039537/ENSG00000243649",5
"GO:0014902","myotube differentiation","5/287","38/3645",0.131578947368421,1.67109847790207,1.21561140933129,0.175270584824565,0.948304534712255,0.941726570898168,"ENSG00000183160/ENSG00000017427/ENSG00000148848/ENSG00000166106/ENSG00000112183",5
"GO:0048864","stem cell development","5/287","38/3645",0.131578947368421,1.67109847790207,1.21561140933129,0.175270584824565,0.948304534712255,0.941726570898168,"ENSG00000135914/ENSG00000153993/ENSG00000178568/ENSG00000012171/ENSG00000124205",5
"GO:0050829","defense response to Gram-negative bacterium","5/287","38/3645",0.131578947368421,1.67109847790207,1.21561140933129,0.175270584824565,0.948304534712255,0.941726570898168,"ENSG00000179954/ENSG00000006128/ENSG00000100448/ENSG00000174175/ENSG00000145777",5
"GO:0060759","regulation of response to cytokine stimulus","5/287","38/3645",0.131578947368421,1.67109847790207,1.21561140933129,0.175270584824565,0.948304534712255,0.941726570898168,"ENSG00000145147/ENSG00000181092/ENSG00000110169/ENSG00000145777/ENSG00000169900",5
"GO:0070371","ERK1 and ERK2 cascade","12/287","113/3645",0.106194690265487,1.34870956800592,1.1007343633969,0.175513977333138,0.948304534712255,0.941726570898168,"ENSG00000131016/ENSG00000170962/ENSG00000017427/ENSG00000135914/ENSG00000156427/ENSG00000120129/ENSG00000178568/ENSG00000090534/ENSG00000070193/ENSG00000181092/ENSG00000126562/ENSG00000120875",12
"GO:0006814","sodium ion transport","10/287","91/3645",0.10989010989011,1.39564268484129,1.11726170019216,0.175882333066432,0.948304534712255,0.941726570898168,"ENSG00000149575/ENSG00000136546/ENSG00000177098/ENSG00000155886/ENSG00000169507/ENSG00000153253/ENSG00000169252/ENSG00000139209/ENSG00000126562/ENSG00000050438",10
"GO:0046883","regulation of hormone secretion","11/287","102/3645",0.107843137254902,1.36964541914327,1.10685218027284,0.176036087864124,0.948304534712255,0.941726570898168,"ENSG00000164220/ENSG00000079337/ENSG00000183044/ENSG00000006128/ENSG00000150594/ENSG00000119147/ENSG00000170011/ENSG00000181092/ENSG00000008196/ENSG00000144891/ENSG00000124205",11
"GO:0032640","tumor necrosis factor production","7/287","59/3645",0.11864406779661,1.50682100041339,1.14726898108088,0.17879298154094,0.948304534712255,0.941726570898168,"ENSG00000131016/ENSG00000017427/ENSG00000168329/ENSG00000134830/ENSG00000137033/ENSG00000181092/ENSG00000176194",7
"GO:0032680","regulation of tumor necrosis factor production","7/287","59/3645",0.11864406779661,1.50682100041339,1.14726898108088,0.17879298154094,0.948304534712255,0.941726570898168,"ENSG00000131016/ENSG00000017427/ENSG00000168329/ENSG00000134830/ENSG00000137033/ENSG00000181092/ENSG00000176194",7
"GO:0097191","extrinsic apoptotic signaling pathway","7/287","59/3645",0.11864406779661,1.50682100041339,1.14726898108088,0.17879298154094,0.948304534712255,0.941726570898168,"ENSG00000019991/ENSG00000017427/ENSG00000064300/ENSG00000169083/ENSG00000112319/ENSG00000137033/ENSG00000070193",7
"GO:0008406","gonad development","8/287","70/3645",0.114285714285714,1.45146839223494,1.11488002364652,0.182290625618779,0.948304534712255,0.941726570898168,"ENSG00000145147/ENSG00000169946/ENSG00000082175/ENSG00000128564/ENSG00000169083/ENSG00000091831/ENSG00000151892/ENSG00000183117",8
"GO:0006704","glucocorticoid biosynthetic process","2/287","10/3645",0.2,2.54006968641115,1.4255352198526,0.183083024268417,0.948304534712255,0.941726570898168,"ENSG00000231852/ENSG00000170099",2
"GO:0008340","determination of adult lifespan","2/287","10/3645",0.2,2.54006968641115,1.4255352198526,0.183083024268417,0.948304534712255,0.941726570898168,"ENSG00000133116/ENSG00000073282",2
"GO:0019433","triglyceride catabolic process","2/287","10/3645",0.2,2.54006968641115,1.4255352198526,0.183083024268417,0.948304534712255,0.941726570898168,"ENSG00000277494/ENSG00000214456",2
"GO:0021952","central nervous system projection neuron axonogenesis","2/287","10/3645",0.2,2.54006968641115,1.4255352198526,0.183083024268417,0.948304534712255,0.941726570898168,"ENSG00000145147/ENSG00000074047",2
"GO:0021955","central nervous system neuron axonogenesis","2/287","10/3645",0.2,2.54006968641115,1.4255352198526,0.183083024268417,0.948304534712255,0.941726570898168,"ENSG00000145147/ENSG00000074047",2
"GO:0031112","positive regulation of microtubule polymerization or depolymerization","2/287","10/3645",0.2,2.54006968641115,1.4255352198526,0.183083024268417,0.948304534712255,0.941726570898168,"ENSG00000186868/ENSG00000067798",2
"GO:0034205","amyloid-beta formation","2/287","10/3645",0.2,2.54006968641115,1.4255352198526,0.183083024268417,0.948304534712255,0.941726570898168,"ENSG00000017427/ENSG00000262655",2
"GO:0035767","endothelial cell chemotaxis","2/287","10/3645",0.2,2.54006968641115,1.4255352198526,0.183083024268417,0.948304534712255,0.941726570898168,"ENSG00000179388/ENSG00000156427",2
"GO:0040037","negative regulation of fibroblast growth factor receptor signaling pathway","2/287","10/3645",0.2,2.54006968641115,1.4255352198526,0.183083024268417,0.948304534712255,0.941726570898168,"ENSG00000064300/ENSG00000180730",2
"GO:0043470","regulation of carbohydrate catabolic process","2/287","10/3645",0.2,2.54006968641115,1.4255352198526,0.183083024268417,0.948304534712255,0.941726570898168,"ENSG00000017427/ENSG00000167588",2
"GO:0045739","positive regulation of DNA repair","2/287","10/3645",0.2,2.54006968641115,1.4255352198526,0.183083024268417,0.948304534712255,0.941726570898168,"ENSG00000112319/ENSG00000070193",2
"GO:0071875","adrenergic receptor signaling pathway","2/287","10/3645",0.2,2.54006968641115,1.4255352198526,0.183083024268417,0.948304534712255,0.941726570898168,"ENSG00000150594/ENSG00000169252",2
"GO:0072332","intrinsic apoptotic signaling pathway by p53 class mediator","2/287","10/3645",0.2,2.54006968641115,1.4255352198526,0.183083024268417,0.948304534712255,0.941726570898168,"ENSG00000131080/ENSG00000073282",2
"GO:0120316","sperm flagellum assembly","2/287","10/3645",0.2,2.54006968641115,1.4255352198526,0.183083024268417,0.948304534712255,0.941726570898168,"ENSG00000197748/ENSG00000163879",2
"GO:1902991","regulation of amyloid precursor protein catabolic process","2/287","10/3645",0.2,2.54006968641115,1.4255352198526,0.183083024268417,0.948304534712255,0.941726570898168,"ENSG00000017427/ENSG00000262655",2
"GO:1903236","regulation of leukocyte tethering or rolling","2/287","10/3645",0.2,2.54006968641115,1.4255352198526,0.183083024268417,0.948304534712255,0.941726570898168,"ENSG00000107562/ENSG00000174175",2
"GO:1903975","regulation of glial cell migration","2/287","10/3645",0.2,2.54006968641115,1.4255352198526,0.183083024268417,0.948304534712255,0.941726570898168,"ENSG00000168329/ENSG00000166780",2
"GO:0001774","microglial cell activation","3/287","19/3645",0.157894736842105,2.00531817348249,1.28426965398907,0.184293879775012,0.948304534712255,0.941726570898168,"ENSG00000168329/ENSG00000186868/ENSG00000137033",3
"GO:0007585","respiratory gaseous exchange by respiratory system","3/287","19/3645",0.157894736842105,2.00531817348249,1.28426965398907,0.184293879775012,0.948304534712255,0.941726570898168,"ENSG00000049540/ENSG00000197748/ENSG00000276644",3
"GO:0008286","insulin receptor signaling pathway","3/287","19/3645",0.157894736842105,2.00531817348249,1.28426965398907,0.184293879775012,0.948304534712255,0.941726570898168,"ENSG00000017427/ENSG00000167244/ENSG00000165816",3
"GO:0016236","macroautophagy","3/287","19/3645",0.157894736842105,2.00531817348249,1.28426965398907,0.184293879775012,0.948304534712255,0.941726570898168,"ENSG00000143387/ENSG00000169252/ENSG00000197769",3
"GO:0017158","regulation of calcium ion-dependent exocytosis","3/287","19/3645",0.157894736842105,2.00531817348249,1.28426965398907,0.184293879775012,0.948304534712255,0.941726570898168,"ENSG00000150594/ENSG00000170743/ENSG00000103528",3
"GO:0022602","ovulation cycle process","3/287","19/3645",0.157894736842105,2.00531817348249,1.28426965398907,0.184293879775012,0.948304534712255,0.941726570898168,"ENSG00000145147/ENSG00000082175/ENSG00000091831",3
"GO:0031646","positive regulation of nervous system process","3/287","19/3645",0.157894736842105,2.00531817348249,1.28426965398907,0.184293879775012,0.948304534712255,0.941726570898168,"ENSG00000017427/ENSG00000183044/ENSG00000006128",3
"GO:0042220","response to cocaine","3/287","19/3645",0.157894736842105,2.00531817348249,1.28426965398907,0.184293879775012,0.948304534712255,0.941726570898168,"ENSG00000183044/ENSG00000125740/ENSG00000106688",3
"GO:0044060","regulation of endocrine process","3/287","19/3645",0.157894736842105,2.00531817348249,1.28426965398907,0.184293879775012,0.948304534712255,0.941726570898168,"ENSG00000006128/ENSG00000119147/ENSG00000144891",3
"GO:0046488","phosphatidylinositol metabolic process","3/287","19/3645",0.157894736842105,2.00531817348249,1.28426965398907,0.184293879775012,0.948304534712255,0.941726570898168,"ENSG00000135914/ENSG00000115896/ENSG00000102010",3
"GO:0050922","negative regulation of chemotaxis","3/287","19/3645",0.157894736842105,2.00531817348249,1.28426965398907,0.184293879775012,0.948304534712255,0.941726570898168,"ENSG00000145147/ENSG00000134830/ENSG00000120129",3
"GO:0060038","cardiac muscle cell proliferation","3/287","19/3645",0.157894736842105,2.00531817348249,1.28426965398907,0.184293879775012,0.948304534712255,0.941726570898168,"ENSG00000169946/ENSG00000178568/ENSG00000069702",3
"GO:0070293","renal absorption","3/287","19/3645",0.157894736842105,2.00531817348249,1.28426965398907,0.184293879775012,0.948304534712255,0.941726570898168,"ENSG00000126895/ENSG00000181092/ENSG00000126562",3
"GO:1904646","cellular response to amyloid-beta","3/287","19/3645",0.157894736842105,2.00531817348249,1.28426965398907,0.184293879775012,0.948304534712255,0.941726570898168,"ENSG00000017427/ENSG00000169252/ENSG00000064300",3
"GO:2000648","positive regulation of stem cell proliferation","3/287","19/3645",0.157894736842105,2.00531817348249,1.28426965398907,0.184293879775012,0.948304534712255,0.941726570898168,"ENSG00000073282/ENSG00000090534/ENSG00000070193",3
"GO:0006886","intracellular protein transport","10/287","92/3645",0.108695652173913,1.38047265565823,1.08046212190124,0.184522947425504,0.948304534712255,0.941726570898168,"ENSG00000184985/ENSG00000079337/ENSG00000277494/ENSG00000064300/ENSG00000197769/ENSG00000170011/ENSG00000137033/ENSG00000181092/ENSG00000184811/ENSG00000147041",10
"GO:0001656","metanephros development","6/287","49/3645",0.122448979591837,1.55514470596601,1.14362644067453,0.184589088189984,0.948304534712255,0.941726570898168,"ENSG00000166147/ENSG00000120738/ENSG00000141449/ENSG00000070193/ENSG00000181092/ENSG00000008196",6
"GO:0040017","positive regulation of locomotion","20/287","206/3645",0.0970873786407767,1.23304353709279,1.00657090331225,0.188819507089293,0.948304534712255,0.941726570898168,"ENSG00000131016/ENSG00000145147/ENSG00000107562/ENSG00000170962/ENSG00000166086/ENSG00000019991/ENSG00000154721/ENSG00000017427/ENSG00000168329/ENSG00000156427/ENSG00000006128/ENSG00000113296/ENSG00000276409/ENSG00000150594/ENSG00000153993/ENSG00000174175/ENSG00000070193/ENSG00000069702/ENSG00000012171/ENSG00000124205",20
"GO:0008610","lipid biosynthetic process","16/287","160/3645",0.1,1.27003484320557,1.02109980322478,0.189007843055442,0.948304534712255,0.941726570898168,"ENSG00000135914/ENSG00000141338/ENSG00000118777/ENSG00000163106/ENSG00000277494/ENSG00000148488/ENSG00000120738/ENSG00000102010/ENSG00000168350/ENSG00000231852/ENSG00000171954/ENSG00000170509/ENSG00000214456/ENSG00000197977/ENSG00000134240/ENSG00000170099",16
"GO:0001655","urogenital system development","5/287","39/3645",0.128205128205128,1.62824979898151,1.15303260225425,0.189032718424813,0.948304534712255,0.941726570898168,"ENSG00000017427/ENSG00000073282/ENSG00000169083/ENSG00000091831/ENSG00000070193",5
"GO:0014033","neural crest cell differentiation","5/287","39/3645",0.128205128205128,1.62824979898151,1.15303260225425,0.189032718424813,0.948304534712255,0.941726570898168,"ENSG00000135914/ENSG00000153993/ENSG00000178568/ENSG00000012171/ENSG00000124205",5
"GO:0031400","negative regulation of protein modification process","5/287","39/3645",0.128205128205128,1.62824979898151,1.15303260225425,0.189032718424813,0.948304534712255,0.941726570898168,"ENSG00000145147/ENSG00000186868/ENSG00000120129/ENSG00000181092/ENSG00000172425",5
"GO:0048284","organelle fusion","5/287","39/3645",0.128205128205128,1.62824979898151,1.15303260225425,0.189032718424813,0.948304534712255,0.941726570898168,"ENSG00000254245/ENSG00000170743/ENSG00000184811/ENSG00000176194/ENSG00000187288",5
"GO:0097696","cell surface receptor signaling pathway via STAT","5/287","39/3645",0.128205128205128,1.62824979898151,1.15303260225425,0.189032718424813,0.948304534712255,0.941726570898168,"ENSG00000017427/ENSG00000196090/ENSG00000178568/ENSG00000090534/ENSG00000145777",5
"GO:0007249","canonical NF-kappaB signal transduction","7/287","60/3645",0.116666666666667,1.48170731707317,1.09977558734654,0.1897637957235,0.948304534712255,0.941726570898168,"ENSG00000135914/ENSG00000168329/ENSG00000131080/ENSG00000091831/ENSG00000069702/ENSG00000181092/ENSG00000169900",7
"GO:0071706","tumor necrosis factor superfamily cytokine production","7/287","60/3645",0.116666666666667,1.48170731707317,1.09977558734654,0.1897637957235,0.948304534712255,0.941726570898168,"ENSG00000131016/ENSG00000017427/ENSG00000168329/ENSG00000134830/ENSG00000137033/ENSG00000181092/ENSG00000176194",7
"GO:1903555","regulation of tumor necrosis factor superfamily cytokine production","7/287","60/3645",0.116666666666667,1.48170731707317,1.09977558734654,0.1897637957235,0.948304534712255,0.941726570898168,"ENSG00000131016/ENSG00000017427/ENSG00000168329/ENSG00000134830/ENSG00000137033/ENSG00000181092/ENSG00000176194",7
"GO:0006641","triglyceride metabolic process","4/287","29/3645",0.137931034482759,1.75177219752493,1.18812144570551,0.190429574051875,0.948304534712255,0.941726570898168,"ENSG00000277494/ENSG00000168477/ENSG00000214456/ENSG00000187288",4
"GO:0007266","Rho protein signal transduction","4/287","29/3645",0.137931034482759,1.75177219752493,1.18812144570551,0.190429574051875,0.948304534712255,0.941726570898168,"ENSG00000137727/ENSG00000150594/ENSG00000064300/ENSG00000144891",4
"GO:0007589","body fluid secretion","4/287","29/3645",0.137931034482759,1.75177219752493,1.18812144570551,0.190429574051875,0.948304534712255,0.941726570898168,"ENSG00000172260/ENSG00000178568/ENSG00000070193/ENSG00000126562",4
"GO:0009144","purine nucleoside triphosphate metabolic process","4/287","29/3645",0.137931034482759,1.75177219752493,1.18812144570551,0.190429574051875,0.948304534712255,0.941726570898168,"ENSG00000017427/ENSG00000154027/ENSG00000112981/ENSG00000167588",4
"GO:0009205","purine ribonucleoside triphosphate metabolic process","4/287","29/3645",0.137931034482759,1.75177219752493,1.18812144570551,0.190429574051875,0.948304534712255,0.941726570898168,"ENSG00000017427/ENSG00000154027/ENSG00000112981/ENSG00000167588",4
"GO:0010506","regulation of autophagy","4/287","29/3645",0.137931034482759,1.75177219752493,1.18812144570551,0.190429574051875,0.948304534712255,0.941726570898168,"ENSG00000019991/ENSG00000169252/ENSG00000186868/ENSG00000103257",4
"GO:0032370","positive regulation of lipid transport","4/287","29/3645",0.137931034482759,1.75177219752493,1.18812144570551,0.190429574051875,0.948304534712255,0.941726570898168,"ENSG00000141338/ENSG00000006128/ENSG00000119147/ENSG00000181092",4
"GO:0051781","positive regulation of cell division","4/287","29/3645",0.137931034482759,1.75177219752493,1.18812144570551,0.190429574051875,0.948304534712255,0.941726570898168,"ENSG00000170962/ENSG00000135914/ENSG00000167244/ENSG00000113296",4
"GO:0060047","heart contraction","12/287","115/3645",0.104347826086957,1.3252537494319,1.03603318342667,0.19109227311247,0.948304534712255,0.941726570898168,"ENSG00000149575/ENSG00000136546/ENSG00000177098/ENSG00000170624/ENSG00000006128/ENSG00000160808/ENSG00000153253/ENSG00000152049/ENSG00000145244/ENSG00000171385/ENSG00000106688/ENSG00000124205",12
"GO:0051046","regulation of secretion","21/287","218/3645",0.0963302752293578,1.22342805996867,0.99448605056334,0.191120470068075,0.948304534712255,0.941726570898168,"ENSG00000107562/ENSG00000017427/ENSG00000164220/ENSG00000079337/ENSG00000050628/ENSG00000183044/ENSG00000172260/ENSG00000006128/ENSG00000150594/ENSG00000170743/ENSG00000119147/ENSG00000103528/ENSG00000170011/ENSG00000145244/ENSG00000070193/ENSG00000181092/ENSG00000126562/ENSG00000008196/ENSG00000050438/ENSG00000144891/ENSG00000124205",21
"GO:0001934","positive regulation of protein phosphorylation","8/287","71/3645",0.112676056338028,1.4310251754429,1.07212228720522,0.192416952039497,0.948304534712255,0.941726570898168,"ENSG00000017427/ENSG00000166147/ENSG00000156427/ENSG00000113296/ENSG00000178568/ENSG00000090534/ENSG00000070193/ENSG00000181092",8
"GO:0035725","sodium ion transmembrane transport","8/287","71/3645",0.112676056338028,1.4310251754429,1.07212228720522,0.192416952039497,0.948304534712255,0.941726570898168,"ENSG00000149575/ENSG00000136546/ENSG00000177098/ENSG00000155886/ENSG00000153253/ENSG00000139209/ENSG00000126562/ENSG00000050438",8
"GO:0051146","striated muscle cell differentiation","11/287","104/3645",0.105769230769231,1.34330608415974,1.03830511399019,0.192498695798704,0.948304534712255,0.941726570898168,"ENSG00000187955/ENSG00000183160/ENSG00000017427/ENSG00000170624/ENSG00000154330/ENSG00000148848/ENSG00000167244/ENSG00000141449/ENSG00000166106/ENSG00000164530/ENSG00000112183",11
"GO:0007420","brain development","22/287","230/3645",0.0956521739130435,1.21481593697925,0.983840845011118,0.193138126763596,0.948304534712255,0.941726570898168,"ENSG00000145147/ENSG00000107562/ENSG00000196159/ENSG00000017427/ENSG00000168329/ENSG00000074047/ENSG00000183044/ENSG00000277586/ENSG00000172260/ENSG00000173376/ENSG00000197748/ENSG00000166780/ENSG00000126895/ENSG00000153993/ENSG00000170345/ENSG00000092009/ENSG00000266524/ENSG00000112981/ENSG00000178568/ENSG00000070193/ENSG00000106688/ENSG00000171798",22
"GO:0030323","respiratory tube development","9/287","82/3645",0.109756097560976,1.39394068156709,1.05467738469309,0.193437588170299,0.948304534712255,0.941726570898168,"ENSG00000017427/ENSG00000166147/ENSG00000103196/ENSG00000169946/ENSG00000074047/ENSG00000082175/ENSG00000156427/ENSG00000070193/ENSG00000134240",9
"GO:0030324","lung development","9/287","82/3645",0.109756097560976,1.39394068156709,1.05467738469309,0.193437588170299,0.948304534712255,0.941726570898168,"ENSG00000017427/ENSG00000166147/ENSG00000103196/ENSG00000169946/ENSG00000074047/ENSG00000082175/ENSG00000156427/ENSG00000070193/ENSG00000134240",9
"GO:0043085","positive regulation of catalytic activity","9/287","82/3645",0.109756097560976,1.39394068156709,1.05467738469309,0.193437588170299,0.948304534712255,0.941726570898168,"ENSG00000017427/ENSG00000166147/ENSG00000079337/ENSG00000156427/ENSG00000126895/ENSG00000091831/ENSG00000181092/ENSG00000214456/ENSG00000133321",9
"GO:0006914","autophagy","6/287","50/3645",0.12,1.52404181184669,1.09066475971534,0.196925451174921,0.948304534712255,0.941726570898168,"ENSG00000019991/ENSG00000143387/ENSG00000169252/ENSG00000186868/ENSG00000103257/ENSG00000197769",6
"GO:0045667","regulation of osteoblast differentiation","6/287","50/3645",0.12,1.52404181184669,1.09066475971534,0.196925451174921,0.948304534712255,0.941726570898168,"ENSG00000019991/ENSG00000183160/ENSG00000017427/ENSG00000090539/ENSG00000073282/ENSG00000266524",6
"GO:0061919","process utilizing autophagic mechanism","6/287","50/3645",0.12,1.52404181184669,1.09066475971534,0.196925451174921,0.948304534712255,0.941726570898168,"ENSG00000019991/ENSG00000143387/ENSG00000169252/ENSG00000186868/ENSG00000103257/ENSG00000197769",6
"GO:0003015","heart process","12/287","116/3645",0.103448275862069,1.3138291481437,1.00412141638963,0.199115246032789,0.948304534712255,0.941726570898168,"ENSG00000149575/ENSG00000136546/ENSG00000177098/ENSG00000170624/ENSG00000006128/ENSG00000160808/ENSG00000153253/ENSG00000152049/ENSG00000145244/ENSG00000171385/ENSG00000106688/ENSG00000124205",12
"GO:0070372","regulation of ERK1 and ERK2 cascade","11/287","105/3645",0.104761904761905,1.33051269288203,1.00454858849303,0.200984018922712,0.948304534712255,0.941726570898168,"ENSG00000131016/ENSG00000170962/ENSG00000017427/ENSG00000135914/ENSG00000156427/ENSG00000120129/ENSG00000178568/ENSG00000090534/ENSG00000070193/ENSG00000181092/ENSG00000120875",11
"GO:0007189","adenylate cyclase-activating G protein-coupled receptor signaling pathway","7/287","61/3645",0.114754098360656,1.45741703318673,1.05313255071613,0.201001527281957,0.948304534712255,0.941726570898168,"ENSG00000107562/ENSG00000079337/ENSG00000050628/ENSG00000150594/ENSG00000169252/ENSG00000126895/ENSG00000106018",7
"GO:0033500","carbohydrate homeostasis","8/287","72/3645",0.111111111111111,1.41114982578397,1.03000572188406,0.202773885073627,0.948304534712255,0.941726570898168,"ENSG00000017427/ENSG00000166147/ENSG00000150594/ENSG00000064300/ENSG00000128564/ENSG00000092009/ENSG00000181092/ENSG00000183117",8
"GO:0042593","glucose homeostasis","8/287","72/3645",0.111111111111111,1.41114982578397,1.03000572188406,0.202773885073627,0.948304534712255,0.941726570898168,"ENSG00000017427/ENSG00000166147/ENSG00000150594/ENSG00000064300/ENSG00000128564/ENSG00000092009/ENSG00000181092/ENSG00000183117",8
"GO:0062012","regulation of small molecule metabolic process","9/287","83/3645",0.108433734939759,1.37714621552412,1.01599513736478,0.203067024274989,0.948304534712255,0.941726570898168,"ENSG00000017427/ENSG00000167244/ENSG00000277494/ENSG00000120738/ENSG00000167588/ENSG00000181092/ENSG00000214456/ENSG00000144891/ENSG00000160180",9
"GO:0007286","spermatid development","5/287","40/3645",0.125,1.58754355400697,1.09221267885634,0.203168428363816,0.948304534712255,0.941726570898168,"ENSG00000166086/ENSG00000154721/ENSG00000197748/ENSG00000112981/ENSG00000163879",5
"GO:0021987","cerebral cortex development","5/287","40/3645",0.125,1.58754355400697,1.09221267885634,0.203168428363816,0.948304534712255,0.941726570898168,"ENSG00000145147/ENSG00000196159/ENSG00000277586/ENSG00000166780/ENSG00000170345",5
"GO:0071677","positive regulation of mononuclear cell migration","5/287","40/3645",0.125,1.58754355400697,1.09221267885634,0.203168428363816,0.948304534712255,0.941726570898168,"ENSG00000107562/ENSG00000170962/ENSG00000166086/ENSG00000154721/ENSG00000168329",5
"GO:0050801","monoatomic ion homeostasis","19/287","197/3645",0.0964467005076142,1.22490670156883,0.948727889196382,0.204680012260094,0.948304534712255,0.941726570898168,"ENSG00000107562/ENSG00000136546/ENSG00000170624/ENSG00000135914/ENSG00000155886/ENSG00000071967/ENSG00000133116/ENSG00000074410/ENSG00000276409/ENSG00000115896/ENSG00000113739/ENSG00000145244/ENSG00000126562/ENSG00000186204/ENSG00000050438/ENSG00000110169/ENSG00000106688/ENSG00000144891/ENSG00000124205",19
"GO:0002269","leukocyte activation involved in inflammatory response","3/287","20/3645",0.15,1.90505226480836,1.18638169845208,0.205022513205644,0.948304534712255,0.941726570898168,"ENSG00000168329/ENSG00000186868/ENSG00000137033",3
"GO:0006809","nitric oxide biosynthetic process","3/287","20/3645",0.15,1.90505226480836,1.18638169845208,0.205022513205644,0.948304534712255,0.941726570898168,"ENSG00000017427/ENSG00000168329/ENSG00000091831",3
"GO:0009135","purine nucleoside diphosphate metabolic process","3/287","20/3645",0.15,1.90505226480836,1.18638169845208,0.205022513205644,0.948304534712255,0.941726570898168,"ENSG00000017427/ENSG00000154027/ENSG00000167588",3
"GO:0009179","purine ribonucleoside diphosphate metabolic process","3/287","20/3645",0.15,1.90505226480836,1.18638169845208,0.205022513205644,0.948304534712255,0.941726570898168,"ENSG00000017427/ENSG00000154027/ENSG00000167588",3
"GO:0033209","tumor necrosis factor-mediated signaling pathway","3/287","20/3645",0.15,1.90505226480836,1.18638169845208,0.205022513205644,0.948304534712255,0.941726570898168,"ENSG00000131080/ENSG00000181092/ENSG00000169900",3
"GO:0040014","regulation of multicellular organism growth","3/287","20/3645",0.15,1.90505226480836,1.18638169845208,0.205022513205644,0.948304534712255,0.941726570898168,"ENSG00000167244/ENSG00000169252/ENSG00000113739",3
"GO:0046323","D-glucose import","3/287","20/3645",0.15,1.90505226480836,1.18638169845208,0.205022513205644,0.948304534712255,0.941726570898168,"ENSG00000017427/ENSG00000181092/ENSG00000184811",3
"GO:0050731","positive regulation of peptidyl-tyrosine phosphorylation","3/287","20/3645",0.15,1.90505226480836,1.18638169845208,0.205022513205644,0.948304534712255,0.941726570898168,"ENSG00000113296/ENSG00000178568/ENSG00000070193",3
"GO:0055010","ventricular cardiac muscle tissue morphogenesis","3/287","20/3645",0.15,1.90505226480836,1.18638169845208,0.205022513205644,0.948304534712255,0.941726570898168,"ENSG00000169946/ENSG00000160808/ENSG00000069702",3
"GO:0061900","glial cell activation","3/287","20/3645",0.15,1.90505226480836,1.18638169845208,0.205022513205644,0.948304534712255,0.941726570898168,"ENSG00000168329/ENSG00000186868/ENSG00000137033",3
"GO:0072384","organelle transport along microtubule","3/287","20/3645",0.15,1.90505226480836,1.18638169845208,0.205022513205644,0.948304534712255,0.941726570898168,"ENSG00000277586/ENSG00000186868/ENSG00000162722",3
"GO:0086005","ventricular cardiac muscle cell action potential","3/287","20/3645",0.15,1.90505226480836,1.18638169845208,0.205022513205644,0.948304534712255,0.941726570898168,"ENSG00000149575/ENSG00000152049/ENSG00000171385",3
"GO:1901568","fatty acid derivative metabolic process","3/287","20/3645",0.15,1.90505226480836,1.18638169845208,0.205022513205644,0.948304534712255,0.941726570898168,"ENSG00000186204/ENSG00000197977/ENSG00000134240",3
"GO:0003006","developmental process involved in reproduction","23/287","244/3645",0.0942622950819672,1.19716399154624,0.93198513523475,0.206152580013671,0.948304534712255,0.941726570898168,"ENSG00000145147/ENSG00000166086/ENSG00000183160/ENSG00000154721/ENSG00000017427/ENSG00000169946/ENSG00000082175/ENSG00000013297/ENSG00000167244/ENSG00000073282/ENSG00000109906/ENSG00000197748/ENSG00000128564/ENSG00000169083/ENSG00000112981/ENSG00000163879/ENSG00000091831/ENSG00000141449/ENSG00000113739/ENSG00000070193/ENSG00000151892/ENSG00000276644/ENSG00000183117",23
"GO:0003151","outflow tract morphogenesis","4/287","30/3645",0.133333333333333,1.69337979094077,1.11472423421716,0.20710903391166,0.948304534712255,0.941726570898168,"ENSG00000169946/ENSG00000049540/ENSG00000141449/ENSG00000069702",4
"GO:0009620","response to fungus","4/287","30/3645",0.133333333333333,1.69337979094077,1.11472423421716,0.20710903391166,0.948304534712255,0.941726570898168,"ENSG00000168329/ENSG00000006128/ENSG00000100448/ENSG00000145777",4
"GO:0150076","neuroinflammatory response","4/287","30/3645",0.133333333333333,1.69337979094077,1.11472423421716,0.20710903391166,0.948304534712255,0.941726570898168,"ENSG00000017427/ENSG00000168329/ENSG00000186868/ENSG00000137033",4
"GO:0051248","negative regulation of protein metabolic process","11/287","106/3645",0.10377358490566,1.31796068634541,0.971126630672424,0.209631327697793,0.948304534712255,0.941726570898168,"ENSG00000145147/ENSG00000017427/ENSG00000262655/ENSG00000253250/ENSG00000078596/ENSG00000186868/ENSG00000120129/ENSG00000181092/ENSG00000157150/ENSG00000172425/ENSG00000112183",11
"GO:2000147","positive regulation of cell motility","19/287","198/3645",0.095959595959596,1.21872030408616,0.925104601307169,0.21103162112747,0.948304534712255,0.941726570898168,"ENSG00000131016/ENSG00000107562/ENSG00000170962/ENSG00000166086/ENSG00000019991/ENSG00000154721/ENSG00000017427/ENSG00000168329/ENSG00000156427/ENSG00000006128/ENSG00000113296/ENSG00000276409/ENSG00000150594/ENSG00000153993/ENSG00000174175/ENSG00000070193/ENSG00000069702/ENSG00000012171/ENSG00000124205",19
"GO:0007264","small GTPase-mediated signal transduction","10/287","95/3645",0.105263157894737,1.33687878232166,0.972548058826207,0.211559785787086,0.948304534712255,0.941726570898168,"ENSG00000145147/ENSG00000137727/ENSG00000046889/ENSG00000017427/ENSG00000079337/ENSG00000150594/ENSG00000064300/ENSG00000070193/ENSG00000144891/ENSG00000171798",10
"GO:0031099","regeneration","7/287","62/3645",0.112903225806452,1.433910306845,1.00730779215911,0.212491469293004,0.948304534712255,0.941726570898168,"ENSG00000107562/ENSG00000017427/ENSG00000277586/ENSG00000103257/ENSG00000178568/ENSG00000070193/ENSG00000069702",7
"GO:0002825","regulation of T-helper 1 type immune response","2/287","11/3645",0.181818181818182,2.30915426037377,1.2711139679498,0.212745054879229,0.948304534712255,0.941726570898168,"ENSG00000115602/ENSG00000137033",2
"GO:0006509","membrane protein ectodomain proteolysis","2/287","11/3645",0.181818181818182,2.30915426037377,1.2711139679498,0.212745054879229,0.948304534712255,0.941726570898168,"ENSG00000150594/ENSG00000157150",2
"GO:0007620","copulation","2/287","11/3645",0.181818181818182,2.30915426037377,1.2711139679498,0.212745054879229,0.948304534712255,0.941726570898168,"ENSG00000183044/ENSG00000006128",2
"GO:0010634","positive regulation of epithelial cell migration","2/287","11/3645",0.181818181818182,2.30915426037377,1.2711139679498,0.212745054879229,0.948304534712255,0.941726570898168,"ENSG00000006128/ENSG00000070193",2
"GO:0014856","skeletal muscle cell proliferation","2/287","11/3645",0.181818181818182,2.30915426037377,1.2711139679498,0.212745054879229,0.948304534712255,0.941726570898168,"ENSG00000019991/ENSG00000170345",2
"GO:0021884","forebrain neuron development","2/287","11/3645",0.181818181818182,2.30915426037377,1.2711139679498,0.212745054879229,0.948304534712255,0.941726570898168,"ENSG00000145147/ENSG00000173376",2
"GO:0030277","maintenance of gastrointestinal epithelium","2/287","11/3645",0.181818181818182,2.30915426037377,1.2711139679498,0.212745054879229,0.948304534712255,0.941726570898168,"ENSG00000160182/ENSG00000160180",2
"GO:0032107","regulation of response to nutrient levels","2/287","11/3645",0.181818181818182,2.30915426037377,1.2711139679498,0.212745054879229,0.948304534712255,0.941726570898168,"ENSG00000166147/ENSG00000169184",2
"GO:0032332","positive regulation of chondrocyte differentiation","2/287","11/3645",0.181818181818182,2.30915426037377,1.2711139679498,0.212745054879229,0.948304534712255,0.941726570898168,"ENSG00000156427/ENSG00000109906",2
"GO:0032692","negative regulation of interleukin-1 production","2/287","11/3645",0.181818181818182,2.30915426037377,1.2711139679498,0.212745054879229,0.948304534712255,0.941726570898168,"ENSG00000017427/ENSG00000168329",2
"GO:0032753","positive regulation of interleukin-4 production","2/287","11/3645",0.181818181818182,2.30915426037377,1.2711139679498,0.212745054879229,0.948304534712255,0.941726570898168,"ENSG00000103257/ENSG00000137033",2
"GO:0034110","regulation of homotypic cell-cell adhesion","2/287","11/3645",0.181818181818182,2.30915426037377,1.2711139679498,0.212745054879229,0.948304534712255,0.941726570898168,"ENSG00000138722/ENSG00000100448",2
"GO:0038066","p38MAPK cascade","2/287","11/3645",0.181818181818182,2.30915426037377,1.2711139679498,0.212745054879229,0.948304534712255,0.941726570898168,"ENSG00000019991/ENSG00000120129",2
"GO:0043116","negative regulation of vascular permeability","2/287","11/3645",0.181818181818182,2.30915426037377,1.2711139679498,0.212745054879229,0.948304534712255,0.941726570898168,"ENSG00000131016/ENSG00000145147",2
"GO:0044342","type B pancreatic cell proliferation","2/287","11/3645",0.181818181818182,2.30915426037377,1.2711139679498,0.212745054879229,0.948304534712255,0.941726570898168,"ENSG00000017427/ENSG00000276644",2
"GO:0045747","positive regulation of Notch signaling pathway","2/287","11/3645",0.181818181818182,2.30915426037377,1.2711139679498,0.212745054879229,0.948304534712255,0.941726570898168,"ENSG00000073282/ENSG00000070193",2
"GO:0045773","positive regulation of axon extension","2/287","11/3645",0.181818181818182,2.30915426037377,1.2711139679498,0.212745054879229,0.948304534712255,0.941726570898168,"ENSG00000107562/ENSG00000186868",2
"GO:0046337","phosphatidylethanolamine metabolic process","2/287","11/3645",0.181818181818182,2.30915426037377,1.2711139679498,0.212745054879229,0.948304534712255,0.941726570898168,"ENSG00000168004/ENSG00000133321",2
"GO:0060004","reflex","2/287","11/3645",0.181818181818182,2.30915426037377,1.2711139679498,0.212745054879229,0.948304534712255,0.941726570898168,"ENSG00000184564/ENSG00000106688",2
"GO:0060392","negative regulation of SMAD protein signal transduction","2/287","11/3645",0.181818181818182,2.30915426037377,1.2711139679498,0.212745054879229,0.948304534712255,0.941726570898168,"ENSG00000138615/ENSG00000069702",2
"GO:0070977","bone maturation","2/287","11/3645",0.181818181818182,2.30915426037377,1.2711139679498,0.212745054879229,0.948304534712255,0.941726570898168,"ENSG00000017427/ENSG00000109906",2
"GO:0072111","cell proliferation involved in kidney development","2/287","11/3645",0.181818181818182,2.30915426037377,1.2711139679498,0.212745054879229,0.948304534712255,0.941726570898168,"ENSG00000170962/ENSG00000120738",2
"GO:0072527","pyrimidine-containing compound metabolic process","2/287","11/3645",0.181818181818182,2.30915426037377,1.2711139679498,0.212745054879229,0.948304534712255,0.941726570898168,"ENSG00000154027/ENSG00000112981",2
"GO:0099623","regulation of cardiac muscle cell membrane repolarization","2/287","11/3645",0.181818181818182,2.30915426037377,1.2711139679498,0.212745054879229,0.948304534712255,0.941726570898168,"ENSG00000177098/ENSG00000152049",2
"GO:1903578","regulation of ATP metabolic process","2/287","11/3645",0.181818181818182,2.30915426037377,1.2711139679498,0.212745054879229,0.948304534712255,0.941726570898168,"ENSG00000017427/ENSG00000167588",2
"GO:2000378","negative regulation of reactive oxygen species metabolic process","2/287","11/3645",0.181818181818182,2.30915426037377,1.2711139679498,0.212745054879229,0.948304534712255,0.941726570898168,"ENSG00000165646/ENSG00000214456",2
"GO:0051402","neuron apoptotic process","9/287","84/3645",0.107142857142857,1.36075161772026,0.977803821111197,0.212891896661016,0.948304534712255,0.941726570898168,"ENSG00000168329/ENSG00000277586/ENSG00000134121/ENSG00000173376/ENSG00000120738/ENSG00000073282/ENSG00000064300/ENSG00000008196/ENSG00000106688",9
"GO:0045597","positive regulation of cell differentiation","27/287","293/3645",0.0921501706484642,1.17033927530889,0.88876386119961,0.215746856050437,0.955568735289024,0.948940382969153,"ENSG00000196569/ENSG00000145147/ENSG00000107562/ENSG00000019991/ENSG00000183160/ENSG00000017427/ENSG00000168329/ENSG00000074047/ENSG00000179388/ENSG00000156427/ENSG00000106483/ENSG00000277586/ENSG00000168477/ENSG00000073282/ENSG00000109906/ENSG00000186868/ENSG00000103257/ENSG00000170345/ENSG00000266524/ENSG00000169083/ENSG00000171236/ENSG00000090534/ENSG00000181092/ENSG00000144891/ENSG00000133321/ENSG00000124205/ENSG00000112183",27
"GO:0008285","negative regulation of cell population proliferation","22/287","234/3645",0.094017094017094,1.19404985258644,0.896954003744487,0.216409986994151,0.955568735289024,0.948940382969153,"ENSG00000174348/ENSG00000106809/ENSG00000017427/ENSG00000163106/ENSG00000106483/ENSG00000172260/ENSG00000169184/ENSG00000109906/ENSG00000126895/ENSG00000064300/ENSG00000120129/ENSG00000169083/ENSG00000119147/ENSG00000178568/ENSG00000137033/ENSG00000070193/ENSG00000069702/ENSG00000160182/ENSG00000181092/ENSG00000276644/ENSG00000008196/ENSG00000133321",22
"GO:0009894","regulation of catabolic process","14/287","141/3645",0.099290780141844,1.26102750389206,0.924067220153474,0.21695079538111,0.955568735289024,0.948940382969153,"ENSG00000019991/ENSG00000017427/ENSG00000150594/ENSG00000169252/ENSG00000186868/ENSG00000103257/ENSG00000137033/ENSG00000167588/ENSG00000176194/ENSG00000157150/ENSG00000214456/ENSG00000172425/ENSG00000187288/ENSG00000112183",14
"GO:0030593","neutrophil chemotaxis","5/287","41/3645",0.121951219512195,1.54882297951899,1.03305063988856,0.217646148853047,0.955568735289024,0.948940382969153,"ENSG00000145147/ENSG00000166086/ENSG00000113296/ENSG00000134830/ENSG00000124205",5
"GO:0042116","macrophage activation","5/287","41/3645",0.121951219512195,1.54882297951899,1.03305063988856,0.217646148853047,0.955568735289024,0.948940382969153,"ENSG00000168329/ENSG00000115602/ENSG00000186868/ENSG00000137033/ENSG00000126562",5
"GO:0007519","skeletal muscle tissue development","6/287","52/3645",0.115384615384615,1.46542481908336,0.988126140263625,0.222474916895999,0.955568735289024,0.948940382969153,"ENSG00000167244/ENSG00000049540/ENSG00000120738/ENSG00000160808/ENSG00000170345/ENSG00000112183",6
"GO:0097305","response to alcohol","9/287","85/3645",0.105882352941176,1.34474277515884,0.940089980174098,0.222903220755518,0.955568735289024,0.948940382969153,"ENSG00000145147/ENSG00000183044/ENSG00000277586/ENSG00000150594/ENSG00000170345/ENSG00000125740/ENSG00000069702/ENSG00000181092/ENSG00000134240",9
"GO:0060322","head development","23/287","247/3645",0.0931174089068826,1.18262353820762,0.868927073003096,0.223605423504659,0.955568735289024,0.948940382969153,"ENSG00000145147/ENSG00000107562/ENSG00000196159/ENSG00000017427/ENSG00000103196/ENSG00000168329/ENSG00000074047/ENSG00000183044/ENSG00000277586/ENSG00000172260/ENSG00000173376/ENSG00000197748/ENSG00000166780/ENSG00000126895/ENSG00000153993/ENSG00000170345/ENSG00000092009/ENSG00000266524/ENSG00000112981/ENSG00000178568/ENSG00000070193/ENSG00000106688/ENSG00000171798",23
"GO:0072006","nephron development","8/287","74/3645",0.108108108108108,1.37301064130332,0.947615035661412,0.224134860508485,0.955568735289024,0.948940382969153,"ENSG00000170962/ENSG00000145536/ENSG00000120738/ENSG00000178568/ENSG00000141449/ENSG00000181092/ENSG00000126562/ENSG00000008196",8
"GO:0009141","nucleoside triphosphate metabolic process","4/287","31/3645",0.129032258064516,1.63875463639429,1.04402434271959,0.224190933482217,0.955568735289024,0.948940382969153,"ENSG00000017427/ENSG00000154027/ENSG00000112981/ENSG00000167588",4
"GO:0009953","dorsal/ventral pattern formation","4/287","31/3645",0.129032258064516,1.63875463639429,1.04402434271959,0.224190933482217,0.955568735289024,0.948940382969153,"ENSG00000038295/ENSG00000074047/ENSG00000180875/ENSG00000090539",4
"GO:0032611","interleukin-1 beta production","4/287","31/3645",0.129032258064516,1.63875463639429,1.04402434271959,0.224190933482217,0.955568735289024,0.948940382969153,"ENSG00000017427/ENSG00000168329/ENSG00000120738/ENSG00000169900",4
"GO:0032651","regulation of interleukin-1 beta production","4/287","31/3645",0.129032258064516,1.63875463639429,1.04402434271959,0.224190933482217,0.955568735289024,0.948940382969153,"ENSG00000017427/ENSG00000168329/ENSG00000120738/ENSG00000169900",4
"GO:0035150","regulation of tube size","7/287","63/3645",0.111111111111111,1.41114982578397,0.962270963480412,0.224218370456605,0.955568735289024,0.948940382969153,"ENSG00000165124/ENSG00000135914/ENSG00000150594/ENSG00000169252/ENSG00000126895/ENSG00000144891/ENSG00000124205",7
"GO:0035296","regulation of tube diameter","7/287","63/3645",0.111111111111111,1.41114982578397,0.962270963480412,0.224218370456605,0.955568735289024,0.948940382969153,"ENSG00000165124/ENSG00000135914/ENSG00000150594/ENSG00000169252/ENSG00000126895/ENSG00000144891/ENSG00000124205",7
"GO:0097746","blood vessel diameter maintenance","7/287","63/3645",0.111111111111111,1.41114982578397,0.962270963480412,0.224218370456605,0.955568735289024,0.948940382969153,"ENSG00000165124/ENSG00000135914/ENSG00000150594/ENSG00000169252/ENSG00000126895/ENSG00000144891/ENSG00000124205",7
"GO:0005976","polysaccharide metabolic process","3/287","21/3645",0.142857142857143,1.81433549029368,1.09397828637137,0.226249904559435,0.955568735289024,0.948940382969153,"ENSG00000017427/ENSG00000167244/ENSG00000119938",3
"GO:0009185","ribonucleoside diphosphate metabolic process","3/287","21/3645",0.142857142857143,1.81433549029368,1.09397828637137,0.226249904559435,0.955568735289024,0.948940382969153,"ENSG00000017427/ENSG00000154027/ENSG00000167588",3
"GO:0010657","muscle cell apoptotic process","3/287","21/3645",0.142857142857143,1.81433549029368,1.09397828637137,0.226249904559435,0.955568735289024,0.948940382969153,"ENSG00000017427/ENSG00000103257/ENSG00000091831",3
"GO:0010660","regulation of muscle cell apoptotic process","3/287","21/3645",0.142857142857143,1.81433549029368,1.09397828637137,0.226249904559435,0.955568735289024,0.948940382969153,"ENSG00000017427/ENSG00000103257/ENSG00000091831",3
"GO:0010837","regulation of keratinocyte proliferation","3/287","21/3645",0.142857142857143,1.81433549029368,1.09397828637137,0.226249904559435,0.955568735289024,0.948940382969153,"ENSG00000073282/ENSG00000171236/ENSG00000070193",3
"GO:0043277","apoptotic cell clearance","3/287","21/3645",0.142857142857143,1.81433549029368,1.09397828637137,0.226249904559435,0.955568735289024,0.948940382969153,"ENSG00000187800/ENSG00000244731/ENSG00000224389",3
"GO:0043535","regulation of blood vessel endothelial cell migration","3/287","21/3645",0.142857142857143,1.81433549029368,1.09397828637137,0.226249904559435,0.955568735289024,0.948940382969153,"ENSG00000138722/ENSG00000156427/ENSG00000069702",3
"GO:0051053","negative regulation of DNA metabolic process","3/287","21/3645",0.142857142857143,1.81433549029368,1.09397828637137,0.226249904559435,0.955568735289024,0.948940382969153,"ENSG00000120129/ENSG00000181092/ENSG00000276644",3
"GO:0071320","cellular response to cAMP","3/287","21/3645",0.142857142857143,1.81433549029368,1.09397828637137,0.226249904559435,0.955568735289024,0.948940382969153,"ENSG00000079337/ENSG00000167588/ENSG00000181092",3
"GO:0071825","protein-lipid complex organization","3/287","21/3645",0.142857142857143,1.81433549029368,1.09397828637137,0.226249904559435,0.955568735289024,0.948940382969153,"ENSG00000277494/ENSG00000254245/ENSG00000144891",3
"GO:0141161","regulation of cAMP/PKA signal transduction","3/287","21/3645",0.142857142857143,1.81433549029368,1.09397828637137,0.226249904559435,0.955568735289024,0.948940382969153,"ENSG00000169252/ENSG00000181092/ENSG00000133256",3
"GO:1902532","negative regulation of intracellular signal transduction","15/287","154/3645",0.0974025974025974,1.23704692520024,0.878637123853153,0.228172801329643,0.955568735289024,0.948940382969153,"ENSG00000145147/ENSG00000107562/ENSG00000046889/ENSG00000017427/ENSG00000138615/ENSG00000073282/ENSG00000120129/ENSG00000112981/ENSG00000091831/ENSG00000069702/ENSG00000181092/ENSG00000120875/ENSG00000133256/ENSG00000214456/ENSG00000169900",15
"GO:0043410","positive regulation of MAPK cascade","16/287","166/3645",0.0963855421686747,1.22412996935477,0.864005581436723,0.231090606390113,0.955568735289024,0.948940382969153,"ENSG00000131016/ENSG00000170962/ENSG00000019991/ENSG00000017427/ENSG00000135914/ENSG00000133116/ENSG00000167244/ENSG00000156427/ENSG00000131080/ENSG00000150594/ENSG00000169252/ENSG00000169083/ENSG00000178568/ENSG00000090534/ENSG00000070193/ENSG00000124205",16
"GO:0045471","response to ethanol","5/287","42/3645",0.119047619047619,1.5119462419114,0.975453699201731,0.232433730864583,0.955568735289024,0.948940382969153,"ENSG00000183044/ENSG00000170345/ENSG00000125740/ENSG00000181092/ENSG00000134240",5
"GO:0051130","positive regulation of cellular component organization","29/287","320/3645",0.090625,1.15096907665505,0.826526818558696,0.232618383204566,0.955568735289024,0.948940382969153,"ENSG00000145147/ENSG00000107562/ENSG00000185070/ENSG00000017427/ENSG00000269113/ENSG00000079337/ENSG00000167244/ENSG00000277494/ENSG00000106483/ENSG00000277586/ENSG00000172260/ENSG00000006128/ENSG00000168477/ENSG00000173376/ENSG00000173114/ENSG00000170743/ENSG00000169252/ENSG00000186868/ENSG00000121871/ENSG00000145934/ENSG00000244731/ENSG00000162722/ENSG00000224389/ENSG00000067798/ENSG00000169083/ENSG00000004838/ENSG00000158258/ENSG00000184564/ENSG00000124205",29
"GO:0006259","DNA metabolic process","12/287","120/3645",0.1,1.27003484320557,0.879266758881498,0.232655642381503,0.955568735289024,0.948940382969153,"ENSG00000019991/ENSG00000074047/ENSG00000166428/ENSG00000091651/ENSG00000150594/ENSG00000120129/ENSG00000112981/ENSG00000112319/ENSG00000070193/ENSG00000181092/ENSG00000276644/ENSG00000176194",12
"GO:0002684","positive regulation of immune system process","30/287","332/3645",0.0903614457831325,1.1476218462701,0.824705219455374,0.232721297563699,0.955568735289024,0.948940382969153,"ENSG00000107562/ENSG00000170962/ENSG00000166086/ENSG00000154721/ENSG00000017427/ENSG00000168329/ENSG00000074047/ENSG00000115602/ENSG00000179388/ENSG00000167244/ENSG00000006128/ENSG00000113296/ENSG00000100448/ENSG00000134830/ENSG00000112936/ENSG00000109906/ENSG00000102010/ENSG00000103257/ENSG00000244731/ENSG00000224389/ENSG00000170345/ENSG00000039537/ENSG00000091831/ENSG00000243649/ENSG00000137033/ENSG00000174175/ENSG00000070193/ENSG00000110169/ENSG00000145777/ENSG00000124205",30
"GO:0003012","muscle system process","17/287","178/3645",0.0955056179775281,1.21295462553341,0.851549590933523,0.233545210417799,0.955568735289024,0.948940382969153,"ENSG00000187955/ENSG00000149575/ENSG00000136546/ENSG00000177098/ENSG00000017427/ENSG00000170624/ENSG00000135914/ENSG00000050628/ENSG00000183044/ENSG00000160808/ENSG00000150594/ENSG00000153253/ENSG00000169252/ENSG00000152049/ENSG00000171385/ENSG00000164530/ENSG00000124205",17
"GO:1905952","regulation of lipid localization","6/287","53/3645",0.113207547169811,1.43777529419499,0.938449281142663,0.235645122157655,0.955568735289024,0.948940382969153,"ENSG00000141338/ENSG00000006128/ENSG00000119147/ENSG00000181092/ENSG00000214456/ENSG00000144891",6
"GO:0010562","positive regulation of phosphorus metabolic process","10/287","98/3645",0.102040816326531,1.29595392163834,0.868153117944437,0.240121719412005,0.955568735289024,0.948940382969153,"ENSG00000017427/ENSG00000166147/ENSG00000135914/ENSG00000156427/ENSG00000113296/ENSG00000178568/ENSG00000090534/ENSG00000070193/ENSG00000167588/ENSG00000181092",10
"GO:0045937","positive regulation of phosphate metabolic process","10/287","98/3645",0.102040816326531,1.29595392163834,0.868153117944437,0.240121719412005,0.955568735289024,0.948940382969153,"ENSG00000017427/ENSG00000166147/ENSG00000135914/ENSG00000156427/ENSG00000113296/ENSG00000178568/ENSG00000090534/ENSG00000070193/ENSG00000167588/ENSG00000181092",10
"GO:0006639","acylglycerol metabolic process","4/287","32/3645",0.125,1.58754355400697,0.975822574853275,0.241622094360105,0.955568735289024,0.948940382969153,"ENSG00000277494/ENSG00000168477/ENSG00000214456/ENSG00000187288",4
"GO:0008654","phospholipid biosynthetic process","4/287","32/3645",0.125,1.58754355400697,0.975822574853275,0.241622094360105,0.955568735289024,0.948940382969153,"ENSG00000135914/ENSG00000141338/ENSG00000102010/ENSG00000134240",4
"GO:0060688","regulation of morphogenesis of a branching structure","4/287","32/3645",0.125,1.58754355400697,0.975822574853275,0.241622094360105,0.955568735289024,0.948940382969153,"ENSG00000019991/ENSG00000169083/ENSG00000091831/ENSG00000070193",4
"GO:0001958","endochondral ossification","2/287","12/3645",0.166666666666667,2.11672473867596,1.13264509303113,0.242814387451372,0.955568735289024,0.948940382969153,"ENSG00000183160/ENSG00000156427",2
"GO:0001961","positive regulation of cytokine-mediated signaling pathway","2/287","12/3645",0.166666666666667,2.11672473867596,1.13264509303113,0.242814387451372,0.955568735289024,0.948940382969153,"ENSG00000110169/ENSG00000145777",2
"GO:0006140","regulation of nucleotide metabolic process","2/287","12/3645",0.166666666666667,2.11672473867596,1.13264509303113,0.242814387451372,0.955568735289024,0.948940382969153,"ENSG00000017427/ENSG00000167588",2
"GO:0006367","transcription initiation at RNA polymerase II promoter","2/287","12/3645",0.166666666666667,2.11672473867596,1.13264509303113,0.242814387451372,0.955568735289024,0.948940382969153,"ENSG00000120738/ENSG00000091831",2
"GO:0006929","substrate-dependent cell migration","2/287","12/3645",0.166666666666667,2.11672473867596,1.13264509303113,0.242814387451372,0.955568735289024,0.948940382969153,"ENSG00000145147/ENSG00000137809",2
"GO:0007435","salivary gland morphogenesis","2/287","12/3645",0.166666666666667,2.11672473867596,1.13264509303113,0.242814387451372,0.955568735289024,0.948940382969153,"ENSG00000019991/ENSG00000070193",2
"GO:0010507","negative regulation of autophagy","2/287","12/3645",0.166666666666667,2.11672473867596,1.13264509303113,0.242814387451372,0.955568735289024,0.948940382969153,"ENSG00000019991/ENSG00000103257",2
"GO:0010830","regulation of myotube differentiation","2/287","12/3645",0.166666666666667,2.11672473867596,1.13264509303113,0.242814387451372,0.955568735289024,0.948940382969153,"ENSG00000183160/ENSG00000112183",2
"GO:0014059","regulation of dopamine secretion","2/287","12/3645",0.166666666666667,2.11672473867596,1.13264509303113,0.242814387451372,0.955568735289024,0.948940382969153,"ENSG00000107562/ENSG00000183044",2
"GO:0015740","C4-dicarboxylate transport","2/287","12/3645",0.166666666666667,2.11672473867596,1.13264509303113,0.242814387451372,0.955568735289024,0.948940382969153,"ENSG00000183044/ENSG00000106688",2
"GO:0031114","regulation of microtubule depolymerization","2/287","12/3645",0.166666666666667,2.11672473867596,1.13264509303113,0.242814387451372,0.955568735289024,0.948940382969153,"ENSG00000166780/ENSG00000067798",2
"GO:0032373","positive regulation of sterol transport","2/287","12/3645",0.166666666666667,2.11672473867596,1.13264509303113,0.242814387451372,0.955568735289024,0.948940382969153,"ENSG00000141338/ENSG00000181092",2
"GO:0032376","positive regulation of cholesterol transport","2/287","12/3645",0.166666666666667,2.11672473867596,1.13264509303113,0.242814387451372,0.955568735289024,0.948940382969153,"ENSG00000141338/ENSG00000181092",2
"GO:0032570","response to progesterone","2/287","12/3645",0.166666666666667,2.11672473867596,1.13264509303113,0.242814387451372,0.955568735289024,0.948940382969153,"ENSG00000170345/ENSG00000125740",2
"GO:0032633","interleukin-4 production","2/287","12/3645",0.166666666666667,2.11672473867596,1.13264509303113,0.242814387451372,0.955568735289024,0.948940382969153,"ENSG00000103257/ENSG00000137033",2
"GO:0032673","regulation of interleukin-4 production","2/287","12/3645",0.166666666666667,2.11672473867596,1.13264509303113,0.242814387451372,0.955568735289024,0.948940382969153,"ENSG00000103257/ENSG00000137033",2
"GO:0036075","replacement ossification","2/287","12/3645",0.166666666666667,2.11672473867596,1.13264509303113,0.242814387451372,0.955568735289024,0.948940382969153,"ENSG00000183160/ENSG00000156427",2
"GO:0042987","amyloid precursor protein catabolic process","2/287","12/3645",0.166666666666667,2.11672473867596,1.13264509303113,0.242814387451372,0.955568735289024,0.948940382969153,"ENSG00000017427/ENSG00000262655",2
"GO:0043032","positive regulation of macrophage activation","2/287","12/3645",0.166666666666667,2.11672473867596,1.13264509303113,0.242814387451372,0.955568735289024,0.948940382969153,"ENSG00000115602/ENSG00000137033",2
"GO:0045606","positive regulation of epidermal cell differentiation","2/287","12/3645",0.166666666666667,2.11672473867596,1.13264509303113,0.242814387451372,0.955568735289024,0.948940382969153,"ENSG00000106483/ENSG00000133321",2
"GO:0045684","positive regulation of epidermis development","2/287","12/3645",0.166666666666667,2.11672473867596,1.13264509303113,0.242814387451372,0.955568735289024,0.948940382969153,"ENSG00000106483/ENSG00000133321",2
"GO:0046461","neutral lipid catabolic process","2/287","12/3645",0.166666666666667,2.11672473867596,1.13264509303113,0.242814387451372,0.955568735289024,0.948940382969153,"ENSG00000277494/ENSG00000214456",2
"GO:0046464","acylglycerol catabolic process","2/287","12/3645",0.166666666666667,2.11672473867596,1.13264509303113,0.242814387451372,0.955568735289024,0.948940382969153,"ENSG00000277494/ENSG00000214456",2
"GO:0046578","regulation of Ras protein signal transduction","2/287","12/3645",0.166666666666667,2.11672473867596,1.13264509303113,0.242814387451372,0.955568735289024,0.948940382969153,"ENSG00000017427/ENSG00000070193",2
"GO:0046626","regulation of insulin receptor signaling pathway","2/287","12/3645",0.166666666666667,2.11672473867596,1.13264509303113,0.242814387451372,0.955568735289024,0.948940382969153,"ENSG00000167244/ENSG00000165816",2
"GO:0048485","sympathetic nervous system development","2/287","12/3645",0.166666666666667,2.11672473867596,1.13264509303113,0.242814387451372,0.955568735289024,0.948940382969153,"ENSG00000073282/ENSG00000008196",2
"GO:0051154","negative regulation of striated muscle cell differentiation","2/287","12/3645",0.166666666666667,2.11672473867596,1.13264509303113,0.242814387451372,0.955568735289024,0.948940382969153,"ENSG00000183160/ENSG00000164530",2
"GO:0051155","positive regulation of striated muscle cell differentiation","2/287","12/3645",0.166666666666667,2.11672473867596,1.13264509303113,0.242814387451372,0.955568735289024,0.948940382969153,"ENSG00000017427/ENSG00000112183",2
"GO:0051496","positive regulation of stress fiber assembly","2/287","12/3645",0.166666666666667,2.11672473867596,1.13264509303113,0.242814387451372,0.955568735289024,0.948940382969153,"ENSG00000079337/ENSG00000006128",2
"GO:0060065","uterus development","2/287","12/3645",0.166666666666667,2.11672473867596,1.13264509303113,0.242814387451372,0.955568735289024,0.948940382969153,"ENSG00000091831/ENSG00000141449",2
"GO:0060445","branching involved in salivary gland morphogenesis","2/287","12/3645",0.166666666666667,2.11672473867596,1.13264509303113,0.242814387451372,0.955568735289024,0.948940382969153,"ENSG00000019991/ENSG00000070193",2
"GO:0060760","positive regulation of response to cytokine stimulus","2/287","12/3645",0.166666666666667,2.11672473867596,1.13264509303113,0.242814387451372,0.955568735289024,0.948940382969153,"ENSG00000110169/ENSG00000145777",2
"GO:0086012","membrane depolarization during cardiac muscle cell action potential","2/287","12/3645",0.166666666666667,2.11672473867596,1.13264509303113,0.242814387451372,0.955568735289024,0.948940382969153,"ENSG00000149575/ENSG00000177098",2
"GO:0090199","regulation of release of cytochrome c from mitochondria","2/287","12/3645",0.166666666666667,2.11672473867596,1.13264509303113,0.242814387451372,0.955568735289024,0.948940382969153,"ENSG00000019991/ENSG00000017427",2
"GO:1900542","regulation of purine nucleotide metabolic process","2/287","12/3645",0.166666666666667,2.11672473867596,1.13264509303113,0.242814387451372,0.955568735289024,0.948940382969153,"ENSG00000017427/ENSG00000167588",2
"GO:1903350","response to dopamine","2/287","12/3645",0.166666666666667,2.11672473867596,1.13264509303113,0.242814387451372,0.955568735289024,0.948940382969153,"ENSG00000135914/ENSG00000106688",2
"GO:1903351","cellular response to dopamine","2/287","12/3645",0.166666666666667,2.11672473867596,1.13264509303113,0.242814387451372,0.955568735289024,0.948940382969153,"ENSG00000135914/ENSG00000106688",2
"GO:1904035","regulation of epithelial cell apoptotic process","2/287","12/3645",0.166666666666667,2.11672473867596,1.13264509303113,0.242814387451372,0.955568735289024,0.948940382969153,"ENSG00000106483/ENSG00000091831",2
"GO:0022412","cellular process involved in reproduction in multicellular organism","9/287","87/3645",0.103448275862069,1.3138291481437,0.866043524985331,0.243447635658989,0.955568735289024,0.948940382969153,"ENSG00000166086/ENSG00000183160/ENSG00000154721/ENSG00000017427/ENSG00000167244/ENSG00000109906/ENSG00000197748/ENSG00000112981/ENSG00000163879",9
"GO:0022411","cellular component disassembly","11/287","110/3645",0.1,1.27003484320557,0.840642273990183,0.245719547057459,0.955568735289024,0.948940382969153,"ENSG00000168329/ENSG00000143387/ENSG00000100448/ENSG00000169252/ENSG00000166780/ENSG00000162722/ENSG00000067798/ENSG00000092009/ENSG00000197769/ENSG00000166106/ENSG00000176194",11
"GO:0035295","tube development","35/287","395/3645",0.0886075949367089,1.12534732942266,0.771190621614029,0.24690085057489,0.955568735289024,0.948940382969153,"ENSG00000145147/ENSG00000166086/ENSG00000017427/ENSG00000166147/ENSG00000170624/ENSG00000103196/ENSG00000169946/ENSG00000168329/ENSG00000074047/ENSG00000148848/ENSG00000082175/ENSG00000079337/ENSG00000171812/ENSG00000179388/ENSG00000138722/ENSG00000156427/ENSG00000173376/ENSG00000145536/ENSG00000113296/ENSG00000090539/ENSG00000073282/ENSG00000064300/ENSG00000092009/ENSG00000169083/ENSG00000091831/ENSG00000141449/ENSG00000171236/ENSG00000070193/ENSG00000069702/ENSG00000126562/ENSG00000008196/ENSG00000106688/ENSG00000144891/ENSG00000134240/ENSG00000183117",35
"GO:0009887","animal organ morphogenesis","34/287","383/3645",0.0887728459530026,1.12744607490834,0.77067923893558,0.247388153632049,0.955568735289024,0.948940382969153,"ENSG00000145147/ENSG00000185070/ENSG00000019991/ENSG00000183160/ENSG00000017427/ENSG00000166147/ENSG00000106819/ENSG00000135914/ENSG00000169946/ENSG00000074047/ENSG00000082175/ENSG00000171812/ENSG00000167244/ENSG00000156427/ENSG00000106483/ENSG00000049540/ENSG00000165323/ENSG00000145536/ENSG00000160808/ENSG00000073282/ENSG00000064300/ENSG00000164946/ENSG00000169083/ENSG00000136457/ENSG00000178568/ENSG00000091831/ENSG00000141449/ENSG00000070193/ENSG00000069702/ENSG00000126562/ENSG00000184564/ENSG00000008196/ENSG00000106688/ENSG00000183117",34
"GO:0120161","regulation of cold-induced thermogenesis","5/287","43/3645",0.116279069767442,1.47678470140183,0.919336434061402,0.247498673194315,0.955568735289024,0.948940382969153,"ENSG00000115896/ENSG00000169252/ENSG00000170323/ENSG00000181092/ENSG00000176194",5
"GO:0008637","apoptotic mitochondrial changes","3/287","22/3645",0.136363636363636,1.73186569528033,1.00646424486073,0.247873136079635,0.955568735289024,0.948940382969153,"ENSG00000019991/ENSG00000017427/ENSG00000178568",3
"GO:0010821","regulation of mitochondrion organization","3/287","22/3645",0.136363636363636,1.73186569528033,1.00646424486073,0.247873136079635,0.955568735289024,0.948940382969153,"ENSG00000019991/ENSG00000017427/ENSG00000186868",3
"GO:0022029","telencephalon cell migration","3/287","22/3645",0.136363636363636,1.73186569528033,1.00646424486073,0.247873136079635,0.955568735289024,0.948940382969153,"ENSG00000145147/ENSG00000107562/ENSG00000166780",3
"GO:0030501","positive regulation of bone mineralization","3/287","22/3645",0.136363636363636,1.73186569528033,1.00646424486073,0.247873136079635,0.955568735289024,0.948940382969153,"ENSG00000183160/ENSG00000133116/ENSG00000169252",3
"GO:0035914","skeletal muscle cell differentiation","3/287","22/3645",0.136363636363636,1.73186569528033,1.00646424486073,0.247873136079635,0.955568735289024,0.948940382969153,"ENSG00000120738/ENSG00000170345/ENSG00000112183",3
"GO:0045913","positive regulation of carbohydrate metabolic process","3/287","22/3645",0.136363636363636,1.73186569528033,1.00646424486073,0.247873136079635,0.955568735289024,0.948940382969153,"ENSG00000017427/ENSG00000167244/ENSG00000167588",3
"GO:0046513","ceramide biosynthetic process","3/287","22/3645",0.136363636363636,1.73186569528033,1.00646424486073,0.247873136079635,0.955568735289024,0.948940382969153,"ENSG00000148488/ENSG00000168350/ENSG00000171954",3
"GO:0061515","myeloid cell development","3/287","22/3645",0.136363636363636,1.73186569528033,1.00646424486073,0.247873136079635,0.955568735289024,0.948940382969153,"ENSG00000166147/ENSG00000162722/ENSG00000090534",3
"GO:0110110","positive regulation of animal organ morphogenesis","3/287","22/3645",0.136363636363636,1.73186569528033,1.00646424486073,0.247873136079635,0.955568735289024,0.948940382969153,"ENSG00000064300/ENSG00000169083/ENSG00000070193",3
"GO:0032103","positive regulation of response to external stimulus","17/287","180/3645",0.0944444444444444,1.19947735191638,0.802357680047184,0.247970748697596,0.955568735289024,0.948940382969153,"ENSG00000145147/ENSG00000107562/ENSG00000170962/ENSG00000168329/ENSG00000115602/ENSG00000050628/ENSG00000156427/ENSG00000006128/ENSG00000113296/ENSG00000091831/ENSG00000137033/ENSG00000070193/ENSG00000170323/ENSG00000110169/ENSG00000144891/ENSG00000145777/ENSG00000124205",17
"GO:0007586","digestion","7/287","65/3645",0.107692307692308,1.36772983114447,0.87444764795394,0.248319797926932,0.955568735289024,0.948940382969153,"ENSG00000050628/ENSG00000172260/ENSG00000150594/ENSG00000070193/ENSG00000160182/ENSG00000126562/ENSG00000160180",7
"GO:0009896","positive regulation of catabolic process","7/287","65/3645",0.107692307692308,1.36772983114447,0.87444764795394,0.248319797926932,0.955568735289024,0.948940382969153,"ENSG00000017427/ENSG00000150594/ENSG00000169252/ENSG00000137033/ENSG00000167588/ENSG00000214456/ENSG00000112183",7
"GO:0006643","membrane lipid metabolic process","6/287","54/3645",0.111111111111111,1.41114982578397,0.889772695781518,0.249049603933889,0.957006060323927,0.950367737924063,"ENSG00000141338/ENSG00000118777/ENSG00000148488/ENSG00000168350/ENSG00000171954/ENSG00000197977",6
"GO:0007017","microtubule-based process","18/287","192/3645",0.09375,1.19065766550523,0.793407648570196,0.249635305671748,0.957656505938103,0.951013671688347,"ENSG00000169515/ENSG00000277586/ENSG00000006128/ENSG00000186868/ENSG00000197748/ENSG00000166780/ENSG00000162722/ENSG00000067798/ENSG00000120262/ENSG00000034239/ENSG00000112981/ENSG00000004838/ENSG00000163879/ENSG00000171811/ENSG00000070193/ENSG00000131044/ENSG00000166510/ENSG00000198930",18
"GO:0042060","wound healing","15/287","157/3645",0.0955414012738854,1.2134090858652,0.799032198186358,0.251318789305401,0.957656505938103,0.951013671688347,"ENSG00000165124/ENSG00000017427/ENSG00000187800/ENSG00000116194/ENSG00000164220/ENSG00000124491/ENSG00000138722/ENSG00000173376/ENSG00000100448/ENSG00000150594/ENSG00000174175/ENSG00000171236/ENSG00000070193/ENSG00000159307/ENSG00000171819",15
"GO:0042692","muscle cell differentiation","13/287","134/3645",0.0970149253731343,1.23212335534869,0.800286720908493,0.253866618110579,0.957656505938103,0.951013671688347,"ENSG00000196569/ENSG00000187955/ENSG00000183160/ENSG00000017427/ENSG00000170624/ENSG00000154330/ENSG00000148848/ENSG00000167244/ENSG00000141449/ENSG00000166106/ENSG00000070193/ENSG00000164530/ENSG00000112183",13
"GO:0007417","central nervous system development","30/287","336/3645",0.0892857142857143,1.13395968143355,0.753329800604006,0.254225370244978,0.957656505938103,0.951013671688347,"ENSG00000145147/ENSG00000107562/ENSG00000196159/ENSG00000017427/ENSG00000168329/ENSG00000074047/ENSG00000038427/ENSG00000183044/ENSG00000277586/ENSG00000172260/ENSG00000173376/ENSG00000090539/ENSG00000109906/ENSG00000186868/ENSG00000197748/ENSG00000166780/ENSG00000126895/ENSG00000153993/ENSG00000064300/ENSG00000170345/ENSG00000092009/ENSG00000266524/ENSG00000119147/ENSG00000112981/ENSG00000178568/ENSG00000070193/ENSG00000106688/ENSG00000172425/ENSG00000124302/ENSG00000171798",30
"GO:0002237","response to molecule of bacterial origin","11/287","111/3645",0.0990990990990991,1.25859308786138,0.808788403239639,0.255084119964469,0.957656505938103,0.951013671688347,"ENSG00000131016/ENSG00000168329/ENSG00000179954/ENSG00000006128/ENSG00000100448/ENSG00000103257/ENSG00000224389/ENSG00000170345/ENSG00000174175/ENSG00000070193/ENSG00000134240",11
"GO:0055080","monoatomic cation homeostasis","18/287","193/3645",0.0932642487046632,1.18448845480313,0.769843134397215,0.256773932519663,0.957656505938103,0.951013671688347,"ENSG00000107562/ENSG00000136546/ENSG00000170624/ENSG00000135914/ENSG00000155886/ENSG00000071967/ENSG00000133116/ENSG00000276409/ENSG00000115896/ENSG00000113739/ENSG00000145244/ENSG00000126562/ENSG00000186204/ENSG00000050438/ENSG00000110169/ENSG00000106688/ENSG00000144891/ENSG00000124205",18
"GO:0042327","positive regulation of phosphorylation","8/287","77/3645",0.103896103896104,1.31951672021358,0.828354652712968,0.257615794221567,0.957656505938103,0.951013671688347,"ENSG00000017427/ENSG00000166147/ENSG00000156427/ENSG00000113296/ENSG00000178568/ENSG00000090534/ENSG00000070193/ENSG00000181092",8
"GO:0045927","positive regulation of growth","8/287","77/3645",0.103896103896104,1.31951672021358,0.828354652712968,0.257615794221567,0.957656505938103,0.951013671688347,"ENSG00000107562/ENSG00000017427/ENSG00000169946/ENSG00000167244/ENSG00000186868/ENSG00000178568/ENSG00000103528/ENSG00000069702",8
"GO:0043408","regulation of MAPK cascade","20/287","217/3645",0.0921658986175115,1.17053902599592,0.757221654587128,0.258864512702328,0.957656505938103,0.951013671688347,"ENSG00000131016/ENSG00000170962/ENSG00000019991/ENSG00000017427/ENSG00000135914/ENSG00000133116/ENSG00000167244/ENSG00000156427/ENSG00000168477/ENSG00000131080/ENSG00000150594/ENSG00000169252/ENSG00000120129/ENSG00000169083/ENSG00000178568/ENSG00000090534/ENSG00000070193/ENSG00000181092/ENSG00000120875/ENSG00000124205",20
"GO:0006638","neutral lipid metabolic process","4/287","33/3645",0.121212121212121,1.53943617358252,0.909940409046705,0.259349882931525,0.957656505938103,0.951013671688347,"ENSG00000277494/ENSG00000168477/ENSG00000214456/ENSG00000187288",4
"GO:0008344","adult locomotory behavior","4/287","33/3645",0.121212121212121,1.53943617358252,0.909940409046705,0.259349882931525,0.957656505938103,0.951013671688347,"ENSG00000107562/ENSG00000046889/ENSG00000134121/ENSG00000184564",4
"GO:0042594","response to starvation","4/287","33/3645",0.121212121212121,1.53943617358252,0.909940409046705,0.259349882931525,0.957656505938103,0.951013671688347,"ENSG00000103257/ENSG00000170345/ENSG00000197769/ENSG00000134240",4
"GO:0043279","response to alkaloid","4/287","33/3645",0.121212121212121,1.53943617358252,0.909940409046705,0.259349882931525,0.957656505938103,0.951013671688347,"ENSG00000183044/ENSG00000150594/ENSG00000125740/ENSG00000106688",4
"GO:0031640","killing of cells of another organism","7/287","66/3645",0.106060606060606,1.3470066518847,0.831608089309426,0.260661807758236,0.957656505938103,0.951013671688347,"ENSG00000107562/ENSG00000006128/ENSG00000100448/ENSG00000112936/ENSG00000244731/ENSG00000039537/ENSG00000243649",7
"GO:0141060","disruption of anatomical structure in another organism","7/287","66/3645",0.106060606060606,1.3470066518847,0.831608089309426,0.260661807758236,0.957656505938103,0.951013671688347,"ENSG00000107562/ENSG00000006128/ENSG00000100448/ENSG00000112936/ENSG00000244731/ENSG00000039537/ENSG00000243649",7
"GO:0141061","disruption of cell in another organism","7/287","66/3645",0.106060606060606,1.3470066518847,0.831608089309426,0.260661807758236,0.957656505938103,0.951013671688347,"ENSG00000107562/ENSG00000006128/ENSG00000100448/ENSG00000112936/ENSG00000244731/ENSG00000039537/ENSG00000243649",7
"GO:0106106","cold-induced thermogenesis","5/287","44/3645",0.113636363636364,1.44322141273361,0.864620041096349,0.262808338529759,0.957656505938103,0.951013671688347,"ENSG00000115896/ENSG00000169252/ENSG00000170323/ENSG00000181092/ENSG00000176194",5
"GO:2001236","regulation of extrinsic apoptotic signaling pathway","5/287","44/3645",0.113636363636364,1.44322141273361,0.864620041096349,0.262808338529759,0.957656505938103,0.951013671688347,"ENSG00000019991/ENSG00000017427/ENSG00000169083/ENSG00000112319/ENSG00000070193",5
"GO:0007281","germ cell development","8/287","78/3645",0.102564102564103,1.3025998391852,0.78968561363187,0.269110148171814,0.957656505938103,0.951013671688347,"ENSG00000166086/ENSG00000154721/ENSG00000017427/ENSG00000167244/ENSG00000109906/ENSG00000197748/ENSG00000112981/ENSG00000163879",8
"GO:0001933","negative regulation of protein phosphorylation","3/287","23/3645",0.130434782608696,1.65656718678988,0.923333634220278,0.269794186880227,0.957656505938103,0.951013671688347,"ENSG00000145147/ENSG00000120129/ENSG00000181092",3
"GO:0009132","nucleoside diphosphate metabolic process","3/287","23/3645",0.130434782608696,1.65656718678988,0.923333634220278,0.269794186880227,0.957656505938103,0.951013671688347,"ENSG00000017427/ENSG00000154027/ENSG00000167588",3
"GO:0009408","response to heat","3/287","23/3645",0.130434782608696,1.65656718678988,0.923333634220278,0.269794186880227,0.957656505938103,0.951013671688347,"ENSG00000149575/ENSG00000017427/ENSG00000186868",3
"GO:0014009","glial cell proliferation","3/287","23/3645",0.130434782608696,1.65656718678988,0.923333634220278,0.269794186880227,0.957656505938103,0.951013671688347,"ENSG00000172260/ENSG00000103257/ENSG00000137033",3
"GO:0021885","forebrain cell migration","3/287","23/3645",0.130434782608696,1.65656718678988,0.923333634220278,0.269794186880227,0.957656505938103,0.951013671688347,"ENSG00000145147/ENSG00000107562/ENSG00000166780",3
"GO:0045576","mast cell activation","3/287","23/3645",0.130434782608696,1.65656718678988,0.923333634220278,0.269794186880227,0.957656505938103,0.951013671688347,"ENSG00000179639/ENSG00000165646/ENSG00000145777",3
"GO:0045604","regulation of epidermal cell differentiation","3/287","23/3645",0.130434782608696,1.65656718678988,0.923333634220278,0.269794186880227,0.957656505938103,0.951013671688347,"ENSG00000106483/ENSG00000073282/ENSG00000133321",3
"GO:0045840","positive regulation of mitotic nuclear division","3/287","23/3645",0.130434782608696,1.65656718678988,0.923333634220278,0.269794186880227,0.957656505938103,0.951013671688347,"ENSG00000017427/ENSG00000167244/ENSG00000124205",3
"GO:0046209","nitric oxide metabolic process","3/287","23/3645",0.130434782608696,1.65656718678988,0.923333634220278,0.269794186880227,0.957656505938103,0.951013671688347,"ENSG00000017427/ENSG00000168329/ENSG00000091831",3
"GO:0060395","SMAD protein signal transduction","3/287","23/3645",0.130434782608696,1.65656718678988,0.923333634220278,0.269794186880227,0.957656505938103,0.951013671688347,"ENSG00000138615/ENSG00000170345/ENSG00000069702",3
"GO:0072210","metanephric nephron development","3/287","23/3645",0.130434782608696,1.65656718678988,0.923333634220278,0.269794186880227,0.957656505938103,0.951013671688347,"ENSG00000120738/ENSG00000181092/ENSG00000008196",3
"GO:0141156","cAMP/PKA signal transduction","3/287","23/3645",0.130434782608696,1.65656718678988,0.923333634220278,0.269794186880227,0.957656505938103,0.951013671688347,"ENSG00000169252/ENSG00000181092/ENSG00000133256",3
"GO:2001057","reactive nitrogen species metabolic process","3/287","23/3645",0.130434782608696,1.65656718678988,0.923333634220278,0.269794186880227,0.957656505938103,0.951013671688347,"ENSG00000017427/ENSG00000168329/ENSG00000091831",3
"GO:0001905","activation of membrane attack complex","2/287","13/3645",0.153846153846154,1.95389975877781,1.00714333215317,0.273043987466847,0.957656505938103,0.951013671688347,"ENSG00000244731/ENSG00000243649",2
"GO:0002639","positive regulation of immunoglobulin production","2/287","13/3645",0.153846153846154,1.95389975877781,1.00714333215317,0.273043987466847,0.957656505938103,0.951013671688347,"ENSG00000137033/ENSG00000110169",2
"GO:0003071","renal system process involved in regulation of systemic arterial blood pressure","2/287","13/3645",0.153846153846154,1.95389975877781,1.00714333215317,0.273043987466847,0.957656505938103,0.951013671688347,"ENSG00000186204/ENSG00000144891",2
"GO:0003351","epithelial cilium movement involved in extracellular fluid movement","2/287","13/3645",0.153846153846154,1.95389975877781,1.00714333215317,0.273043987466847,0.957656505938103,0.951013671688347,"ENSG00000197748/ENSG00000112981",2
"GO:0006661","phosphatidylinositol biosynthetic process","2/287","13/3645",0.153846153846154,1.95389975877781,1.00714333215317,0.273043987466847,0.957656505938103,0.951013671688347,"ENSG00000135914/ENSG00000102010",2
"GO:0006858","extracellular transport","2/287","13/3645",0.153846153846154,1.95389975877781,1.00714333215317,0.273043987466847,0.957656505938103,0.951013671688347,"ENSG00000197748/ENSG00000112981",2
"GO:0007431","salivary gland development","2/287","13/3645",0.153846153846154,1.95389975877781,1.00714333215317,0.273043987466847,0.957656505938103,0.951013671688347,"ENSG00000019991/ENSG00000070193",2
"GO:0007520","myoblast fusion","2/287","13/3645",0.153846153846154,1.95389975877781,1.00714333215317,0.273043987466847,0.957656505938103,0.951013671688347,"ENSG00000148848/ENSG00000166106",2
"GO:0007617","mating behavior","2/287","13/3645",0.153846153846154,1.95389975877781,1.00714333215317,0.273043987466847,0.957656505938103,0.951013671688347,"ENSG00000183044/ENSG00000006128",2
"GO:0009152","purine ribonucleotide biosynthetic process","2/287","13/3645",0.153846153846154,1.95389975877781,1.00714333215317,0.273043987466847,0.957656505938103,0.951013671688347,"ENSG00000154027/ENSG00000112981",2
"GO:0009260","ribonucleotide biosynthetic process","2/287","13/3645",0.153846153846154,1.95389975877781,1.00714333215317,0.273043987466847,0.957656505938103,0.951013671688347,"ENSG00000154027/ENSG00000112981",2
"GO:0010828","positive regulation of D-glucose transmembrane transport","2/287","13/3645",0.153846153846154,1.95389975877781,1.00714333215317,0.273043987466847,0.957656505938103,0.951013671688347,"ENSG00000017427/ENSG00000181092",2
"GO:0015813","L-glutamate transmembrane transport","2/287","13/3645",0.153846153846154,1.95389975877781,1.00714333215317,0.273043987466847,0.957656505938103,0.951013671688347,"ENSG00000162383/ENSG00000106688",2
"GO:0021696","cerebellar cortex morphogenesis","2/287","13/3645",0.153846153846154,1.95389975877781,1.00714333215317,0.273043987466847,0.957656505938103,0.951013671688347,"ENSG00000074047/ENSG00000171798",2
"GO:0033081","regulation of T cell differentiation in thymus","2/287","13/3645",0.153846153846154,1.95389975877781,1.00714333215317,0.273043987466847,0.957656505938103,0.951013671688347,"ENSG00000074047/ENSG00000179388",2
"GO:0033619","membrane protein proteolysis","2/287","13/3645",0.153846153846154,1.95389975877781,1.00714333215317,0.273043987466847,0.957656505938103,0.951013671688347,"ENSG00000150594/ENSG00000157150",2
"GO:0034694","response to prostaglandin","2/287","13/3645",0.153846153846154,1.95389975877781,1.00714333215317,0.273043987466847,0.957656505938103,0.951013671688347,"ENSG00000069702/ENSG00000134240",2
"GO:0042181","ketone biosynthetic process","2/287","13/3645",0.153846153846154,1.95389975877781,1.00714333215317,0.273043987466847,0.957656505938103,0.951013671688347,"ENSG00000120738/ENSG00000231852",2
"GO:0043536","positive regulation of blood vessel endothelial cell migration","2/287","13/3645",0.153846153846154,1.95389975877781,1.00714333215317,0.273043987466847,0.957656505938103,0.951013671688347,"ENSG00000156427/ENSG00000069702",2
"GO:0046390","ribose phosphate biosynthetic process","2/287","13/3645",0.153846153846154,1.95389975877781,1.00714333215317,0.273043987466847,0.957656505938103,0.951013671688347,"ENSG00000154027/ENSG00000112981",2
"GO:0050891","multicellular organismal-level water homeostasis","2/287","13/3645",0.153846153846154,1.95389975877781,1.00714333215317,0.273043987466847,0.957656505938103,0.951013671688347,"ENSG00000126895/ENSG00000186204",2
"GO:0050926","regulation of positive chemotaxis","2/287","13/3645",0.153846153846154,1.95389975877781,1.00714333215317,0.273043987466847,0.957656505938103,0.951013671688347,"ENSG00000107562/ENSG00000070193",2
"GO:0050927","positive regulation of positive chemotaxis","2/287","13/3645",0.153846153846154,1.95389975877781,1.00714333215317,0.273043987466847,0.957656505938103,0.951013671688347,"ENSG00000107562/ENSG00000070193",2
"GO:0051953","negative regulation of amine transport","2/287","13/3645",0.153846153846154,1.95389975877781,1.00714333215317,0.273043987466847,0.957656505938103,0.951013671688347,"ENSG00000183044/ENSG00000150594",2
"GO:0051955","regulation of amino acid transport","2/287","13/3645",0.153846153846154,1.95389975877781,1.00714333215317,0.273043987466847,0.957656505938103,0.951013671688347,"ENSG00000183044/ENSG00000103257",2
"GO:0060343","trabecula formation","2/287","13/3645",0.153846153846154,1.95389975877781,1.00714333215317,0.273043987466847,0.957656505938103,0.951013671688347,"ENSG00000136457/ENSG00000069702",2
"GO:0060479","lung cell differentiation","2/287","13/3645",0.153846153846154,1.95389975877781,1.00714333215317,0.273043987466847,0.957656505938103,0.951013671688347,"ENSG00000017427/ENSG00000070193",2
"GO:0060487","lung epithelial cell differentiation","2/287","13/3645",0.153846153846154,1.95389975877781,1.00714333215317,0.273043987466847,0.957656505938103,0.951013671688347,"ENSG00000017427/ENSG00000070193",2
"GO:0062149","detection of stimulus involved in sensory perception of pain","2/287","13/3645",0.153846153846154,1.95389975877781,1.00714333215317,0.273043987466847,0.957656505938103,0.951013671688347,"ENSG00000107562/ENSG00000006128",2
"GO:0090026","positive regulation of monocyte chemotaxis","2/287","13/3645",0.153846153846154,1.95389975877781,1.00714333215317,0.273043987466847,0.957656505938103,0.951013671688347,"ENSG00000107562/ENSG00000168329",2
"GO:0090049","regulation of cell migration involved in sprouting angiogenesis","2/287","13/3645",0.153846153846154,1.95389975877781,1.00714333215317,0.273043987466847,0.957656505938103,0.951013671688347,"ENSG00000138722/ENSG00000069702",2
"GO:0120255","olefinic compound biosynthetic process","2/287","13/3645",0.153846153846154,1.95389975877781,1.00714333215317,0.273043987466847,0.957656505938103,0.951013671688347,"ENSG00000120738/ENSG00000231852",2
"GO:1902808","positive regulation of cell cycle G1/S phase transition","2/287","13/3645",0.153846153846154,1.95389975877781,1.00714333215317,0.273043987466847,0.957656505938103,0.951013671688347,"ENSG00000073282/ENSG00000070193",2
"GO:1990090","cellular response to nerve growth factor stimulus","2/287","13/3645",0.153846153846154,1.95389975877781,1.00714333215317,0.273043987466847,0.957656505938103,0.951013671688347,"ENSG00000006128/ENSG00000186868",2
"GO:0050729","positive regulation of inflammatory response","7/287","67/3645",0.104477611940299,1.3269020749909,0.789450123654175,0.27317589534606,0.957656505938103,0.951013671688347,"ENSG00000115602/ENSG00000050628/ENSG00000006128/ENSG00000137033/ENSG00000170323/ENSG00000144891/ENSG00000145777",7
"GO:0006936","muscle contraction","14/287","148/3645",0.0945945945945946,1.20138431114041,0.731136494167471,0.27350100188099,0.957656505938103,0.951013671688347,"ENSG00000149575/ENSG00000136546/ENSG00000177098/ENSG00000170624/ENSG00000135914/ENSG00000050628/ENSG00000183044/ENSG00000160808/ENSG00000150594/ENSG00000153253/ENSG00000169252/ENSG00000152049/ENSG00000171385/ENSG00000124205",14
"GO:0048232","male gamete generation","11/287","113/3645",0.0973451327433628,1.23631710400543,0.745957039620993,0.274176415884736,0.957656505938103,0.951013671688347,"ENSG00000166086/ENSG00000183160/ENSG00000154721/ENSG00000013297/ENSG00000145536/ENSG00000073282/ENSG00000109906/ENSG00000197748/ENSG00000169083/ENSG00000112981/ENSG00000163879",11
"GO:0051962","positive regulation of nervous system development","11/287","113/3645",0.0973451327433628,1.23631710400543,0.745957039620993,0.274176415884736,0.957656505938103,0.951013671688347,"ENSG00000145147/ENSG00000107562/ENSG00000185070/ENSG00000168329/ENSG00000277586/ENSG00000173114/ENSG00000186868/ENSG00000103257/ENSG00000121871/ENSG00000158258/ENSG00000184564",11
"GO:0048738","cardiac muscle tissue development","9/287","90/3645",0.1,1.27003484320557,0.758247600378045,0.275420516378769,0.958184538184879,0.951538041211931,"ENSG00000187955/ENSG00000017427/ENSG00000170624/ENSG00000169946/ENSG00000160808/ENSG00000178568/ENSG00000141449/ENSG00000069702/ENSG00000164530",9
"GO:0060541","respiratory system development","9/287","90/3645",0.1,1.27003484320557,0.758247600378045,0.275420516378769,0.958184538184879,0.951538041211931,"ENSG00000017427/ENSG00000166147/ENSG00000103196/ENSG00000169946/ENSG00000074047/ENSG00000082175/ENSG00000156427/ENSG00000070193/ENSG00000134240",9
"GO:0043524","negative regulation of neuron apoptotic process","6/287","56/3645",0.107142857142857,1.36075161772026,0.795253077133959,0.276471541574431,0.958184538184879,0.951538041211931,"ENSG00000168329/ENSG00000277586/ENSG00000134121/ENSG00000173376/ENSG00000008196/ENSG00000106688",6
"GO:0006260","DNA replication","4/287","34/3645",0.117647058823529,1.49415863906538,0.846217287181019,0.277322581981826,0.958184538184879,0.951538041211931,"ENSG00000074047/ENSG00000091651/ENSG00000150594/ENSG00000276644",4
"GO:0007218","neuropeptide signaling pathway","4/287","34/3645",0.117647058823529,1.49415863906538,0.846217287181019,0.277322581981826,0.958184538184879,0.951538041211931,"ENSG00000184985/ENSG00000006128/ENSG00000119147/ENSG00000108018",4
"GO:0055013","cardiac muscle cell development","4/287","34/3645",0.117647058823529,1.49415863906538,0.846217287181019,0.277322581981826,0.958184538184879,0.951538041211931,"ENSG00000187955/ENSG00000017427/ENSG00000170624/ENSG00000164530",4
"GO:0008584","male gonad development","5/287","45/3645",0.111111111111111,1.41114982578397,0.811231682655513,0.278330153906925,0.958184538184879,0.951538041211931,"ENSG00000169946/ENSG00000169083/ENSG00000091831/ENSG00000151892/ENSG00000183117",5
"GO:0032368","regulation of lipid transport","5/287","45/3645",0.111111111111111,1.41114982578397,0.811231682655513,0.278330153906925,0.958184538184879,0.951538041211931,"ENSG00000141338/ENSG00000006128/ENSG00000119147/ENSG00000181092/ENSG00000144891",5
"GO:0045637","regulation of myeloid cell differentiation","5/287","45/3645",0.111111111111111,1.41114982578397,0.811231682655513,0.278330153906925,0.958184538184879,0.951538041211931,"ENSG00000166147/ENSG00000109906/ENSG00000170345/ENSG00000090534/ENSG00000181092",5
"GO:0046546","development of primary male sexual characteristics","5/287","45/3645",0.111111111111111,1.41114982578397,0.811231682655513,0.278330153906925,0.958184538184879,0.951538041211931,"ENSG00000169946/ENSG00000169083/ENSG00000091831/ENSG00000151892/ENSG00000183117",5
"GO:0006954","inflammatory response","27/287","304/3645",0.0888157894736842,1.1279914725839,0.681348613346495,0.278375296573309,0.958184538184879,0.951538041211931,"ENSG00000166086/ENSG00000019991/ENSG00000017427/ENSG00000168329/ENSG00000166428/ENSG00000179639/ENSG00000115602/ENSG00000050628/ENSG00000006128/ENSG00000165646/ENSG00000276409/ENSG00000134830/ENSG00000186868/ENSG00000244731/ENSG00000224389/ENSG00000170345/ENSG00000092009/ENSG00000091831/ENSG00000137033/ENSG00000174175/ENSG00000213088/ENSG00000170323/ENSG00000181092/ENSG00000126562/ENSG00000159307/ENSG00000144891/ENSG00000145777",27
"GO:0001932","regulation of protein phosphorylation","10/287","102/3645",0.0980392156862745,1.24513219922115,0.734014531525544,0.280213873998104,0.958184538184879,0.951538041211931,"ENSG00000145147/ENSG00000017427/ENSG00000166147/ENSG00000156427/ENSG00000113296/ENSG00000120129/ENSG00000178568/ENSG00000090534/ENSG00000070193/ENSG00000181092",10
"GO:0070374","positive regulation of ERK1 and ERK2 cascade","8/287","79/3645",0.10126582278481,1.2861112336259,0.751532164924758,0.28075005542609,0.958184538184879,0.951538041211931,"ENSG00000131016/ENSG00000170962/ENSG00000017427/ENSG00000135914/ENSG00000156427/ENSG00000178568/ENSG00000090534/ENSG00000070193",8
"GO:0046907","intracellular transport","17/287","185/3645",0.0918918918918919,1.16705904510783,0.681722450007267,0.285507117388876,0.958184538184879,0.951538041211931,"ENSG00000184985/ENSG00000198932/ENSG00000079337/ENSG00000277494/ENSG00000277586/ENSG00000254245/ENSG00000169252/ENSG00000186868/ENSG00000064300/ENSG00000162722/ENSG00000197769/ENSG00000170011/ENSG00000137033/ENSG00000115255/ENSG00000181092/ENSG00000184811/ENSG00000147041",17
"GO:1902531","regulation of intracellular signal transduction","41/287","476/3645",0.0861344537815126,1.09393757503001,0.642497568134022,0.286244254163589,0.958184538184879,0.951538041211931,"ENSG00000131016/ENSG00000145147/ENSG00000137727/ENSG00000107562/ENSG00000170962/ENSG00000019991/ENSG00000046889/ENSG00000017427/ENSG00000138615/ENSG00000135914/ENSG00000168329/ENSG00000133116/ENSG00000079337/ENSG00000167244/ENSG00000156427/ENSG00000172260/ENSG00000168477/ENSG00000169184/ENSG00000131080/ENSG00000150594/ENSG00000073282/ENSG00000169252/ENSG00000186868/ENSG00000126895/ENSG00000120129/ENSG00000169083/ENSG00000112981/ENSG00000183888/ENSG00000178568/ENSG00000091831/ENSG00000137033/ENSG00000174175/ENSG00000090534/ENSG00000070193/ENSG00000069702/ENSG00000181092/ENSG00000120875/ENSG00000133256/ENSG00000214456/ENSG00000124205/ENSG00000169900",41
"GO:0031401","positive regulation of protein modification process","9/287","91/3645",0.0989010989010989,1.25607841635716,0.723143932147989,0.28634543893744,0.958184538184879,0.951538041211931,"ENSG00000017427/ENSG00000166147/ENSG00000156427/ENSG00000120738/ENSG00000113296/ENSG00000178568/ENSG00000090534/ENSG00000070193/ENSG00000181092",9
"GO:0043066","negative regulation of apoptotic process","21/287","233/3645",0.0901287553648069,1.14466659688056,0.667162306081774,0.286661039854206,0.958184538184879,0.951538041211931,"ENSG00000107562/ENSG00000019991/ENSG00000017427/ENSG00000135914/ENSG00000168329/ENSG00000179388/ENSG00000277586/ENSG00000134121/ENSG00000173376/ENSG00000103257/ENSG00000120129/ENSG00000169083/ENSG00000112981/ENSG00000178568/ENSG00000112319/ENSG00000091831/ENSG00000070193/ENSG00000176194/ENSG00000008196/ENSG00000106688/ENSG00000145777",21
"GO:0031667","response to nutrient levels","12/287","126/3645",0.0952380952380952,1.20955699352912,0.699789762688039,0.286717960449665,0.958184538184879,0.951538041211931,"ENSG00000166147/ENSG00000133116/ENSG00000169184/ENSG00000169252/ENSG00000103257/ENSG00000170345/ENSG00000128564/ENSG00000197769/ENSG00000113739/ENSG00000181092/ENSG00000126562/ENSG00000134240",12
"GO:0031399","regulation of protein modification process","13/287","138/3645",0.0942028985507246,1.1964096349038,0.687581582552605,0.288887302175767,0.958184538184879,0.951538041211931,"ENSG00000145147/ENSG00000017427/ENSG00000166147/ENSG00000156427/ENSG00000120738/ENSG00000113296/ENSG00000186868/ENSG00000120129/ENSG00000178568/ENSG00000090534/ENSG00000070193/ENSG00000181092/ENSG00000172425",13
"GO:0006790","sulfur compound metabolic process","6/287","57/3645",0.105263157894737,1.33687878232166,0.749332649570465,0.290443754465387,0.958184538184879,0.951538041211931,"ENSG00000163106/ENSG00000134201/ENSG00000106688/ENSG00000197977/ENSG00000134240/ENSG00000124302",6
"GO:0034284","response to monosaccharide","6/287","57/3645",0.105263157894737,1.33687878232166,0.749332649570465,0.290443754465387,0.958184538184879,0.951538041211931,"ENSG00000017427/ENSG00000120738/ENSG00000150594/ENSG00000092009/ENSG00000181092/ENSG00000134240",6
"GO:0007276","gamete generation","15/287","162/3645",0.0925925925925926,1.17595818815331,0.669699597692585,0.291760742762487,0.958184538184879,0.951538041211931,"ENSG00000166086/ENSG00000183160/ENSG00000154721/ENSG00000017427/ENSG00000082175/ENSG00000163106/ENSG00000013297/ENSG00000167244/ENSG00000145536/ENSG00000073282/ENSG00000109906/ENSG00000197748/ENSG00000169083/ENSG00000112981/ENSG00000163879",15
"GO:0008347","glial cell migration","3/287","24/3645",0.125,1.58754355400697,0.84415308315324,0.291920435916074,0.958184538184879,0.951538041211931,"ENSG00000168329/ENSG00000038427/ENSG00000166780",3
"GO:0009954","proximal/distal pattern formation","3/287","24/3645",0.125,1.58754355400697,0.84415308315324,0.291920435916074,0.958184538184879,0.951538041211931,"ENSG00000074047/ENSG00000073282/ENSG00000070193",3
"GO:0035136","forelimb morphogenesis","3/287","24/3645",0.125,1.58754355400697,0.84415308315324,0.291920435916074,0.958184538184879,0.951538041211931,"ENSG00000073282/ENSG00000109906/ENSG00000008196",3
"GO:0038034","signal transduction in absence of ligand","3/287","24/3645",0.125,1.58754355400697,0.84415308315324,0.291920435916074,0.958184538184879,0.951538041211931,"ENSG00000017427/ENSG00000112319/ENSG00000070193",3
"GO:0045682","regulation of epidermis development","3/287","24/3645",0.125,1.58754355400697,0.84415308315324,0.291920435916074,0.958184538184879,0.951538041211931,"ENSG00000106483/ENSG00000073282/ENSG00000133321",3
"GO:0051932","synaptic transmission, GABAergic","3/287","24/3645",0.125,1.58754355400697,0.84415308315324,0.291920435916074,0.958184538184879,0.951538041211931,"ENSG00000006128/ENSG00000115896/ENSG00000121871",3
"GO:0070169","positive regulation of biomineral tissue development","3/287","24/3645",0.125,1.58754355400697,0.84415308315324,0.291920435916074,0.958184538184879,0.951538041211931,"ENSG00000183160/ENSG00000133116/ENSG00000169252",3
"GO:0070527","platelet aggregation","3/287","24/3645",0.125,1.58754355400697,0.84415308315324,0.291920435916074,0.958184538184879,0.951538041211931,"ENSG00000187800/ENSG00000138722/ENSG00000100448",3
"GO:0097192","extrinsic apoptotic signaling pathway in absence of ligand","3/287","24/3645",0.125,1.58754355400697,0.84415308315324,0.291920435916074,0.958184538184879,0.951538041211931,"ENSG00000017427/ENSG00000112319/ENSG00000070193",3
"GO:0140962","multicellular organismal-level chemical homeostasis","3/287","24/3645",0.125,1.58754355400697,0.84415308315324,0.291920435916074,0.958184538184879,0.951538041211931,"ENSG00000071967/ENSG00000126895/ENSG00000186204",3
"GO:0048588","developmental cell growth","8/287","80/3645",0.1,1.27003484320557,0.71387934876879,0.29252238684489,0.958184538184879,0.951538041211931,"ENSG00000187955/ENSG00000145147/ENSG00000107562/ENSG00000017427/ENSG00000186868/ENSG00000103528/ENSG00000164530/ENSG00000124205",8
"GO:0001654","eye development","11/287","115/3645",0.0956521739130435,1.21481593697925,0.684254799300894,0.293704934013653,0.958184538184879,0.951538041211931,"ENSG00000180660/ENSG00000166147/ENSG00000171812/ENSG00000165323/ENSG00000170345/ENSG00000070193/ENSG00000133256/ENSG00000184564/ENSG00000008196/ENSG00000171819/ENSG00000106688",11
"GO:0071692","protein localization to extracellular region","11/287","115/3645",0.0956521739130435,1.21481593697925,0.684254799300894,0.293704934013653,0.958184538184879,0.951538041211931,"ENSG00000119681/ENSG00000017427/ENSG00000166147/ENSG00000164220/ENSG00000079337/ENSG00000183044/ENSG00000150594/ENSG00000128564/ENSG00000170011/ENSG00000008196/ENSG00000050438",11
"GO:0060041","retina development in camera-type eye","5/287","46/3645",0.108695652173913,1.38047265565823,0.759103910830092,0.294031795193949,0.958184538184879,0.951538041211931,"ENSG00000165323/ENSG00000170345/ENSG00000133256/ENSG00000008196/ENSG00000106688",5
"GO:0099111","microtubule-based transport","5/287","46/3645",0.108695652173913,1.38047265565823,0.759103910830092,0.294031795193949,0.958184538184879,0.951538041211931,"ENSG00000277586/ENSG00000186868/ENSG00000197748/ENSG00000162722/ENSG00000112981",5
"GO:0002275","myeloid cell activation involved in immune response","4/287","35/3645",0.114285714285714,1.45146839223494,0.784508327858049,0.29548971326473,0.958184538184879,0.951538041211931,"ENSG00000168329/ENSG00000179639/ENSG00000165646/ENSG00000137033",4
"GO:0021549","cerebellum development","4/287","35/3645",0.114285714285714,1.45146839223494,0.784508327858049,0.29548971326473,0.958184538184879,0.951538041211931,"ENSG00000074047/ENSG00000183044/ENSG00000266524/ENSG00000171798",4
"GO:0002274","myeloid leukocyte activation","9/287","92/3645",0.0978260869565217,1.24242539009241,0.688436994056325,0.297386431992951,0.958184538184879,0.951538041211931,"ENSG00000168329/ENSG00000179639/ENSG00000115602/ENSG00000165646/ENSG00000100448/ENSG00000186868/ENSG00000137033/ENSG00000126562/ENSG00000145777",9
"GO:0006979","response to oxidative stress","9/287","92/3645",0.0978260869565217,1.24242539009241,0.688436994056325,0.297386431992951,0.958184538184879,0.951538041211931,"ENSG00000170962/ENSG00000019991/ENSG00000186868/ENSG00000120129/ENSG00000170345/ENSG00000113739/ENSG00000181092/ENSG00000171819/ENSG00000106688",9
"GO:0048514","blood vessel morphogenesis","21/287","235/3645",0.0893617021276596,1.13492475350285,0.625083681871117,0.300570063343801,0.958184538184879,0.951538041211931,"ENSG00000145147/ENSG00000166086/ENSG00000170624/ENSG00000169946/ENSG00000168329/ENSG00000148848/ENSG00000079337/ENSG00000171812/ENSG00000179388/ENSG00000138722/ENSG00000156427/ENSG00000173376/ENSG00000113296/ENSG00000064300/ENSG00000092009/ENSG00000171236/ENSG00000070193/ENSG00000069702/ENSG00000008196/ENSG00000106688/ENSG00000144891",21
"GO:0007411","axon guidance","10/287","104/3645",0.0961538461538462,1.22118734923613,0.668965586275321,0.300969920282859,0.958184538184879,0.951538041211931,"ENSG00000196569/ENSG00000145147/ENSG00000107562/ENSG00000185070/ENSG00000074047/ENSG00000134121/ENSG00000153993/ENSG00000064300/ENSG00000012171/ENSG00000124205",10
"GO:0097485","neuron projection guidance","10/287","104/3645",0.0961538461538462,1.22118734923613,0.668965586275321,0.300969920282859,0.958184538184879,0.951538041211931,"ENSG00000196569/ENSG00000145147/ENSG00000107562/ENSG00000185070/ENSG00000074047/ENSG00000134121/ENSG00000153993/ENSG00000064300/ENSG00000012171/ENSG00000124205",10
"GO:0098609","cell-cell adhesion","33/287","381/3645",0.0866141732283465,1.10003017915443,0.60312627119682,0.301796591636971,0.958184538184879,0.951538041211931,"ENSG00000187955/ENSG00000107562/ENSG00000143341/ENSG00000166086/ENSG00000196159/ENSG00000154721/ENSG00000017427/ENSG00000168329/ENSG00000074047/ENSG00000187800/ENSG00000171812/ENSG00000179388/ENSG00000013297/ENSG00000138722/ENSG00000167244/ENSG00000172260/ENSG00000165323/ENSG00000168477/ENSG00000196090/ENSG00000113296/ENSG00000100448/ENSG00000254245/ENSG00000109906/ENSG00000121871/ENSG00000145934/ENSG00000137809/ENSG00000154654/ENSG00000158258/ENSG00000143412/ENSG00000174175/ENSG00000171236/ENSG00000081853/ENSG00000181092",33
"GO:0001736","establishment of planar polarity","2/287","14/3645",0.142857142857143,1.81433549029368,0.89236811165789,0.303222955121797,0.958184538184879,0.951538041211931,"ENSG00000073282/ENSG00000178568",2
"GO:0002675","positive regulation of acute inflammatory response","2/287","14/3645",0.142857142857143,1.81433549029368,0.89236811165789,0.303222955121797,0.958184538184879,0.951538041211931,"ENSG00000050628/ENSG00000006128",2
"GO:0003180","aortic valve morphogenesis","2/287","14/3645",0.142857142857143,1.81433549029368,0.89236811165789,0.303222955121797,0.958184538184879,0.951538041211931,"ENSG00000145147/ENSG00000049540",2
"GO:0006470","protein dephosphorylation","2/287","14/3645",0.142857142857143,1.81433549029368,0.89236811165789,0.303222955121797,0.958184538184879,0.951538041211931,"ENSG00000196090/ENSG00000120129",2
"GO:0006879","intracellular iron ion homeostasis","2/287","14/3645",0.142857142857143,1.81433549029368,0.89236811165789,0.303222955121797,0.958184538184879,0.951538041211931,"ENSG00000071967/ENSG00000110169",2
"GO:0007164","establishment of tissue polarity","2/287","14/3645",0.142857142857143,1.81433549029368,0.89236811165789,0.303222955121797,0.958184538184879,0.951538041211931,"ENSG00000073282/ENSG00000178568",2
"GO:0008211","glucocorticoid metabolic process","2/287","14/3645",0.142857142857143,1.81433549029368,0.89236811165789,0.303222955121797,0.958184538184879,0.951538041211931,"ENSG00000231852/ENSG00000170099",2
"GO:0010874","regulation of cholesterol efflux","2/287","14/3645",0.142857142857143,1.81433549029368,0.89236811165789,0.303222955121797,0.958184538184879,0.951538041211931,"ENSG00000141338/ENSG00000181092",2
"GO:0030032","lamellipodium assembly","2/287","14/3645",0.142857142857143,1.81433549029368,0.89236811165789,0.303222955121797,0.958184538184879,0.951538041211931,"ENSG00000145147/ENSG00000173210",2
"GO:0030857","negative regulation of epithelial cell differentiation","2/287","14/3645",0.142857142857143,1.81433549029368,0.89236811165789,0.303222955121797,0.958184538184879,0.951538041211931,"ENSG00000073282/ENSG00000070193",2
"GO:0031111","negative regulation of microtubule polymerization or depolymerization","2/287","14/3645",0.142857142857143,1.81433549029368,0.89236811165789,0.303222955121797,0.958184538184879,0.951538041211931,"ENSG00000166780/ENSG00000067798",2
"GO:0031113","regulation of microtubule polymerization","2/287","14/3645",0.142857142857143,1.81433549029368,0.89236811165789,0.303222955121797,0.958184538184879,0.951538041211931,"ENSG00000186868/ENSG00000067798",2
"GO:0032147","activation of protein kinase activity","2/287","14/3645",0.142857142857143,1.81433549029368,0.89236811165789,0.303222955121797,0.958184538184879,0.951538041211931,"ENSG00000017427/ENSG00000166147",2
"GO:0032733","positive regulation of interleukin-10 production","2/287","14/3645",0.142857142857143,1.81433549029368,0.89236811165789,0.303222955121797,0.958184538184879,0.951538041211931,"ENSG00000019991/ENSG00000145777",2
"GO:0033688","regulation of osteoblast proliferation","2/287","14/3645",0.142857142857143,1.81433549029368,0.89236811165789,0.303222955121797,0.958184538184879,0.951538041211931,"ENSG00000183160/ENSG00000169184",2
"GO:0045616","regulation of keratinocyte differentiation","2/287","14/3645",0.142857142857143,1.81433549029368,0.89236811165789,0.303222955121797,0.958184538184879,0.951538041211931,"ENSG00000073282/ENSG00000133321",2
"GO:0045670","regulation of osteoclast differentiation","2/287","14/3645",0.142857142857143,1.81433549029368,0.89236811165789,0.303222955121797,0.958184538184879,0.951538041211931,"ENSG00000166147/ENSG00000170345",2
"GO:0045987","positive regulation of smooth muscle contraction","2/287","14/3645",0.142857142857143,1.81433549029368,0.89236811165789,0.303222955121797,0.958184538184879,0.951538041211931,"ENSG00000183044/ENSG00000124205",2
"GO:0046717","acid secretion","2/287","14/3645",0.142857142857143,1.81433549029368,0.89236811165789,0.303222955121797,0.958184538184879,0.951538041211931,"ENSG00000050628/ENSG00000183044",2
"GO:0048799","animal organ maturation","2/287","14/3645",0.142857142857143,1.81433549029368,0.89236811165789,0.303222955121797,0.958184538184879,0.951538041211931,"ENSG00000017427/ENSG00000109906",2
"GO:0060251","regulation of glial cell proliferation","2/287","14/3645",0.142857142857143,1.81433549029368,0.89236811165789,0.303222955121797,0.958184538184879,0.951538041211931,"ENSG00000172260/ENSG00000103257",2
"GO:0060306","regulation of membrane repolarization","2/287","14/3645",0.142857142857143,1.81433549029368,0.89236811165789,0.303222955121797,0.958184538184879,0.951538041211931,"ENSG00000177098/ENSG00000152049",2
"GO:0060602","branch elongation of an epithelium","2/287","14/3645",0.142857142857143,1.81433549029368,0.89236811165789,0.303222955121797,0.958184538184879,0.951538041211931,"ENSG00000091831/ENSG00000070193",2
"GO:0061437","renal system vasculature development","2/287","14/3645",0.142857142857143,1.81433549029368,0.89236811165789,0.303222955121797,0.958184538184879,0.951538041211931,"ENSG00000170962/ENSG00000120738",2
"GO:0061440","kidney vasculature development","2/287","14/3645",0.142857142857143,1.81433549029368,0.89236811165789,0.303222955121797,0.958184538184879,0.951538041211931,"ENSG00000170962/ENSG00000120738",2
"GO:0071867","response to monoamine","2/287","14/3645",0.142857142857143,1.81433549029368,0.89236811165789,0.303222955121797,0.958184538184879,0.951538041211931,"ENSG00000135914/ENSG00000106688",2
"GO:0071868","cellular response to monoamine stimulus","2/287","14/3645",0.142857142857143,1.81433549029368,0.89236811165789,0.303222955121797,0.958184538184879,0.951538041211931,"ENSG00000135914/ENSG00000106688",2
"GO:0071869","response to catecholamine","2/287","14/3645",0.142857142857143,1.81433549029368,0.89236811165789,0.303222955121797,0.958184538184879,0.951538041211931,"ENSG00000135914/ENSG00000106688",2
"GO:0071870","cellular response to catecholamine stimulus","2/287","14/3645",0.142857142857143,1.81433549029368,0.89236811165789,0.303222955121797,0.958184538184879,0.951538041211931,"ENSG00000135914/ENSG00000106688",2
"GO:0072012","glomerulus vasculature development","2/287","14/3645",0.142857142857143,1.81433549029368,0.89236811165789,0.303222955121797,0.958184538184879,0.951538041211931,"ENSG00000170962/ENSG00000120738",2
"GO:0090207","regulation of triglyceride metabolic process","2/287","14/3645",0.142857142857143,1.81433549029368,0.89236811165789,0.303222955121797,0.958184538184879,0.951538041211931,"ENSG00000214456/ENSG00000187288",2
"GO:0090398","cellular senescence","2/287","14/3645",0.142857142857143,1.81433549029368,0.89236811165789,0.303222955121797,0.958184538184879,0.951538041211931,"ENSG00000073282/ENSG00000119147",2
"GO:1901099","negative regulation of signal transduction in absence of ligand","2/287","14/3645",0.142857142857143,1.81433549029368,0.89236811165789,0.303222955121797,0.958184538184879,0.951538041211931,"ENSG00000112319/ENSG00000070193",2
"GO:1901570","fatty acid derivative biosynthetic process","2/287","14/3645",0.142857142857143,1.81433549029368,0.89236811165789,0.303222955121797,0.958184538184879,0.951538041211931,"ENSG00000197977/ENSG00000134240",2
"GO:1990089","response to nerve growth factor","2/287","14/3645",0.142857142857143,1.81433549029368,0.89236811165789,0.303222955121797,0.958184538184879,0.951538041211931,"ENSG00000006128/ENSG00000186868",2
"GO:2001240","negative regulation of extrinsic apoptotic signaling pathway in absence of ligand","2/287","14/3645",0.142857142857143,1.81433549029368,0.89236811165789,0.303222955121797,0.958184538184879,0.951538041211931,"ENSG00000112319/ENSG00000070193",2
"GO:0046887","positive regulation of hormone secretion","6/287","58/3645",0.103448275862069,1.3138291481437,0.704257325388801,0.304559976046579,0.961278608297428,0.954610649145935,"ENSG00000164220/ENSG00000183044/ENSG00000006128/ENSG00000119147/ENSG00000170011/ENSG00000124205",6
"GO:0071705","nitrogen compound transport","33/287","382/3645",0.0863874345549738,1.09715051899958,0.586621608262638,0.307420393491269,0.969168048025292,0.962445363364067,"ENSG00000107562/ENSG00000119681/ENSG00000184985/ENSG00000017427/ENSG00000162383/ENSG00000164220/ENSG00000079337/ENSG00000118777/ENSG00000183044/ENSG00000277494/ENSG00000165646/ENSG00000169507/ENSG00000150594/ENSG00000139209/ENSG00000103257/ENSG00000064300/ENSG00000152779/ENSG00000128564/ENSG00000197769/ENSG00000119147/ENSG00000072858/ENSG00000170011/ENSG00000137033/ENSG00000003989/ENSG00000181092/ENSG00000165269/ENSG00000184811/ENSG00000008196/ENSG00000050438/ENSG00000110169/ENSG00000106688/ENSG00000147041/ENSG00000124205",33
"GO:0046890","regulation of lipid biosynthetic process","5/287","47/3645",0.106382978723404,1.35110089702721,0.708174158430018,0.309881355461064,0.973295512313844,0.96654419728153,"ENSG00000135914/ENSG00000277494/ENSG00000120738/ENSG00000170509/ENSG00000214456",5
"GO:0051347","positive regulation of transferase activity","5/287","47/3645",0.106382978723404,1.35110089702721,0.708174158430018,0.309881355461064,0.973295512313844,0.96654419728153,"ENSG00000017427/ENSG00000166147/ENSG00000156427/ENSG00000181092/ENSG00000133321",5
"GO:0055007","cardiac muscle cell differentiation","5/287","47/3645",0.106382978723404,1.35110089702721,0.708174158430018,0.309881355461064,0.973295512313844,0.96654419728153,"ENSG00000187955/ENSG00000017427/ENSG00000170624/ENSG00000141449/ENSG00000164530",5
"GO:0070482","response to oxygen levels","10/287","105/3645",0.0952380952380952,1.20955699352912,0.636920114089708,0.31149475200498,0.973295512313844,0.96654419728153,"ENSG00000107562/ENSG00000183044/ENSG00000173376/ENSG00000120738/ENSG00000103257/ENSG00000170345/ENSG00000113739/ENSG00000069702/ENSG00000181092/ENSG00000106688",10
"GO:0009416","response to light stimulus","7/287","70/3645",0.1,1.27003484320557,0.666838382390562,0.311582114740447,0.973295512313844,0.96654419728153,"ENSG00000166482/ENSG00000155886/ENSG00000120129/ENSG00000170345/ENSG00000115255/ENSG00000133256/ENSG00000172425",7
"GO:0009308","amine metabolic process","4/287","36/3645",0.111111111111111,1.41114982578397,0.724682387634684,0.313802313699613,0.973295512313844,0.96654419728153,"ENSG00000133116/ENSG00000183044/ENSG00000241644/ENSG00000106688",4
"GO:0022617","extracellular matrix disassembly","4/287","36/3645",0.111111111111111,1.41114982578397,0.724682387634684,0.313802313699613,0.973295512313844,0.96654419728153,"ENSG00000143387/ENSG00000100448/ENSG00000092009/ENSG00000166106",4
"GO:0051054","positive regulation of DNA metabolic process","4/287","36/3645",0.111111111111111,1.41114982578397,0.724682387634684,0.313802313699613,0.973295512313844,0.96654419728153,"ENSG00000019991/ENSG00000074047/ENSG00000112319/ENSG00000070193",4
"GO:0001960","negative regulation of cytokine-mediated signaling pathway","3/287","25/3645",0.12,1.52404181184669,0.768548793640674,0.314165007139279,0.973295512313844,0.96654419728153,"ENSG00000145147/ENSG00000181092/ENSG00000169900",3
"GO:0006584","catecholamine metabolic process","3/287","25/3645",0.12,1.52404181184669,0.768548793640674,0.314165007139279,0.973295512313844,0.96654419728153,"ENSG00000133116/ENSG00000183044/ENSG00000106688",3
"GO:0009712","catechol-containing compound metabolic process","3/287","25/3645",0.12,1.52404181184669,0.768548793640674,0.314165007139279,0.973295512313844,0.96654419728153,"ENSG00000133116/ENSG00000183044/ENSG00000106688",3
"GO:0031110","regulation of microtubule polymerization or depolymerization","3/287","25/3645",0.12,1.52404181184669,0.768548793640674,0.314165007139279,0.973295512313844,0.96654419728153,"ENSG00000186868/ENSG00000166780/ENSG00000067798",3
"GO:0031503","protein-containing complex localization","3/287","25/3645",0.12,1.52404181184669,0.768548793640674,0.314165007139279,0.973295512313844,0.96654419728153,"ENSG00000170624/ENSG00000178568/ENSG00000106688",3
"GO:0045638","negative regulation of myeloid cell differentiation","3/287","25/3645",0.12,1.52404181184669,0.768548793640674,0.314165007139279,0.973295512313844,0.96654419728153,"ENSG00000166147/ENSG00000109906/ENSG00000181092",3
"GO:0046849","bone remodeling","3/287","25/3645",0.12,1.52404181184669,0.768548793640674,0.314165007139279,0.973295512313844,0.96654419728153,"ENSG00000183160/ENSG00000143387/ENSG00000169252",3
"GO:0009617","response to bacterium","21/287","237/3645",0.0886075949367089,1.12534732942266,0.583350067077454,0.314695823172907,0.973816798435979,0.967061867475318,"ENSG00000131016/ENSG00000136546/ENSG00000143341/ENSG00000091986/ENSG00000168329/ENSG00000179954/ENSG00000006128/ENSG00000100448/ENSG00000103257/ENSG00000224389/ENSG00000170345/ENSG00000128564/ENSG00000243649/ENSG00000137033/ENSG00000174175/ENSG00000171236/ENSG00000070193/ENSG00000170323/ENSG00000181092/ENSG00000145777/ENSG00000134240",21
"GO:0120036","plasma membrane bounded cell projection organization","37/287","433/3645",0.0854503464203233,1.08524917317797,0.552377705866662,0.317977800669481,0.980148149755951,0.973349301046981,"ENSG00000196569/ENSG00000007237/ENSG00000145147/ENSG00000107562/ENSG00000185070/ENSG00000196159/ENSG00000046889/ENSG00000074047/ENSG00000277586/ENSG00000172260/ENSG00000165323/ENSG00000134121/ENSG00000168477/ENSG00000173376/ENSG00000145536/ENSG00000196090/ENSG00000162543/ENSG00000186868/ENSG00000197748/ENSG00000153993/ENSG00000064300/ENSG00000121871/ENSG00000145934/ENSG00000173210/ENSG00000034239/ENSG00000112981/ENSG00000004838/ENSG00000163879/ENSG00000154654/ENSG00000103528/ENSG00000171811/ENSG00000151892/ENSG00000184564/ENSG00000012171/ENSG00000178965/ENSG00000124205/ENSG00000171798",37
"GO:0030534","adult behavior","6/287","59/3645",0.101694915254237,1.29156085749719,0.659993819575428,0.318797749009481,0.980148149755951,0.973349301046981,"ENSG00000107562/ENSG00000046889/ENSG00000134121/ENSG00000125740/ENSG00000184564/ENSG00000106688",6
"GO:0050796","regulation of insulin secretion","6/287","59/3645",0.101694915254237,1.29156085749719,0.659993819575428,0.318797749009481,0.980148149755951,0.973349301046981,"ENSG00000164220/ENSG00000079337/ENSG00000183044/ENSG00000150594/ENSG00000170011/ENSG00000008196",6
"GO:0051241","negative regulation of multicellular organismal process","32/287","372/3645",0.0860215053763441,1.09250309092953,0.550357004944516,0.320311208820766,0.980148149755951,0.973349301046981,"ENSG00000165124/ENSG00000019991/ENSG00000183160/ENSG00000154721/ENSG00000017427/ENSG00000166147/ENSG00000169946/ENSG00000168329/ENSG00000115602/ENSG00000179954/ENSG00000050628/ENSG00000143387/ENSG00000163106/ENSG00000172260/ENSG00000006128/ENSG00000113296/ENSG00000100448/ENSG00000150594/ENSG00000134830/ENSG00000115896/ENSG00000073282/ENSG00000169252/ENSG00000064300/ENSG00000067798/ENSG00000266524/ENSG00000113739/ENSG00000137033/ENSG00000181092/ENSG00000126562/ENSG00000176194/ENSG00000171819/ENSG00000164530",32
"GO:0150063","visual system development","11/287","118/3645",0.0932203389830508,1.1839307860391,0.593721105282192,0.323685703749127,0.980148149755951,0.973349301046981,"ENSG00000180660/ENSG00000166147/ENSG00000171812/ENSG00000165323/ENSG00000170345/ENSG00000070193/ENSG00000133256/ENSG00000184564/ENSG00000008196/ENSG00000171819/ENSG00000106688",11
"GO:0030900","forebrain development","12/287","130/3645",0.0923076923076923,1.17233985526668,0.584903906505176,0.32470131834463,0.980148149755951,0.973349301046981,"ENSG00000145147/ENSG00000107562/ENSG00000196159/ENSG00000074047/ENSG00000277586/ENSG00000173376/ENSG00000166780/ENSG00000126895/ENSG00000153993/ENSG00000170345/ENSG00000178568/ENSG00000070193",12
"GO:1990845","adaptive thermogenesis","5/287","48/3645",0.104166666666667,1.32295296167247,0.658384287876352,0.325847497288891,0.980148149755951,0.973349301046981,"ENSG00000115896/ENSG00000169252/ENSG00000170323/ENSG00000181092/ENSG00000176194",5
"GO:0030072","peptide hormone secretion","9/287","95/3645",0.0947368421052632,1.20319090408949,0.586599482405791,0.33109843578918,0.980148149755951,0.973349301046981,"ENSG00000164220/ENSG00000079337/ENSG00000183044/ENSG00000150594/ENSG00000128564/ENSG00000119147/ENSG00000170011/ENSG00000008196/ENSG00000124205",9
"GO:0051649","establishment of localization in cell","32/287","374/3645",0.0855614973262032,1.08666082841119,0.517140024767764,0.331989789700773,0.980148149755951,0.973349301046981,"ENSG00000184985/ENSG00000177098/ENSG00000155886/ENSG00000071967/ENSG00000166428/ENSG00000179639/ENSG00000198932/ENSG00000079337/ENSG00000277494/ENSG00000277586/ENSG00000165646/ENSG00000150594/ENSG00000254245/ENSG00000170743/ENSG00000169252/ENSG00000186868/ENSG00000197748/ENSG00000064300/ENSG00000162722/ENSG00000197769/ENSG00000078053/ENSG00000112981/ENSG00000103528/ENSG00000170011/ENSG00000137033/ENSG00000115255/ENSG00000070193/ENSG00000181092/ENSG00000184811/ENSG00000050438/ENSG00000147041/ENSG00000124205",32
"GO:0022037","metencephalon development","4/287","37/3645",0.108108108108108,1.37301064130332,0.666620409143615,0.33221316809285,0.980148149755951,0.973349301046981,"ENSG00000074047/ENSG00000183044/ENSG00000266524/ENSG00000171798",4
"GO:0034219","carbohydrate transmembrane transport","4/287","37/3645",0.108108108108108,1.37301064130332,0.666620409143615,0.33221316809285,0.980148149755951,0.973349301046981,"ENSG00000017427/ENSG00000181092/ENSG00000165269/ENSG00000184811",4
"GO:0034614","cellular response to reactive oxygen species","4/287","37/3645",0.108108108108108,1.37301064130332,0.666620409143615,0.33221316809285,0.980148149755951,0.973349301046981,"ENSG00000170962/ENSG00000019991/ENSG00000186868/ENSG00000170345",4
"GO:0042475","odontogenesis of dentin-containing tooth","4/287","37/3645",0.108108108108108,1.37301064130332,0.666620409143615,0.33221316809285,0.980148149755951,0.973349301046981,"ENSG00000074047/ENSG00000073282/ENSG00000064300/ENSG00000070193",4
"GO:0048675","axon extension","4/287","37/3645",0.108108108108108,1.37301064130332,0.666620409143615,0.33221316809285,0.980148149755951,0.973349301046981,"ENSG00000145147/ENSG00000107562/ENSG00000186868/ENSG00000124205",4
"GO:0060349","bone morphogenesis","4/287","37/3645",0.108108108108108,1.37301064130332,0.666620409143615,0.33221316809285,0.980148149755951,0.973349301046981,"ENSG00000183160/ENSG00000156427/ENSG00000106483/ENSG00000164946",4
"GO:2000377","regulation of reactive oxygen species metabolic process","4/287","37/3645",0.108108108108108,1.37301064130332,0.666620409143615,0.33221316809285,0.980148149755951,0.973349301046981,"ENSG00000165646/ENSG00000186868/ENSG00000214456/ENSG00000144891",4
"GO:0001759","organ induction","2/287","15/3645",0.133333333333333,1.69337979094077,0.786598806824629,0.333172398183223,0.980148149755951,0.973349301046981,"ENSG00000169083/ENSG00000070193",2
"GO:0006094","gluconeogenesis","2/287","15/3645",0.133333333333333,1.69337979094077,0.786598806824629,0.333172398183223,0.980148149755951,0.973349301046981,"ENSG00000167588/ENSG00000181092",2
"GO:0006352","DNA-templated transcription initiation","2/287","15/3645",0.133333333333333,1.69337979094077,0.786598806824629,0.333172398183223,0.980148149755951,0.973349301046981,"ENSG00000120738/ENSG00000091831",2
"GO:0006469","negative regulation of protein kinase activity","2/287","15/3645",0.133333333333333,1.69337979094077,0.786598806824629,0.333172398183223,0.980148149755951,0.973349301046981,"ENSG00000120129/ENSG00000181092",2
"GO:0006637","acyl-CoA metabolic process","2/287","15/3645",0.133333333333333,1.69337979094077,0.786598806824629,0.333172398183223,0.980148149755951,0.973349301046981,"ENSG00000197977/ENSG00000134240",2
"GO:0006833","water transport","2/287","15/3645",0.133333333333333,1.69337979094077,0.786598806824629,0.333172398183223,0.980148149755951,0.973349301046981,"ENSG00000126895/ENSG00000165269",2
"GO:0010632","regulation of epithelial cell migration","2/287","15/3645",0.133333333333333,1.69337979094077,0.786598806824629,0.333172398183223,0.980148149755951,0.973349301046981,"ENSG00000006128/ENSG00000070193",2
"GO:0010669","epithelial structure maintenance","2/287","15/3645",0.133333333333333,1.69337979094077,0.786598806824629,0.333172398183223,0.980148149755951,0.973349301046981,"ENSG00000160182/ENSG00000160180",2
"GO:0019319","hexose biosynthetic process","2/287","15/3645",0.133333333333333,1.69337979094077,0.786598806824629,0.333172398183223,0.980148149755951,0.973349301046981,"ENSG00000167588/ENSG00000181092",2
"GO:0021795","cerebral cortex cell migration","2/287","15/3645",0.133333333333333,1.69337979094077,0.786598806824629,0.333172398183223,0.980148149755951,0.973349301046981,"ENSG00000145147/ENSG00000166780",2
"GO:0032228","regulation of synaptic transmission, GABAergic","2/287","15/3645",0.133333333333333,1.69337979094077,0.786598806824629,0.333172398183223,0.980148149755951,0.973349301046981,"ENSG00000006128/ENSG00000115896",2
"GO:0032892","positive regulation of organic acid transport","2/287","15/3645",0.133333333333333,1.69337979094077,0.786598806824629,0.333172398183223,0.980148149755951,0.973349301046981,"ENSG00000183044/ENSG00000103257",2
"GO:0033687","osteoblast proliferation","2/287","15/3645",0.133333333333333,1.69337979094077,0.786598806824629,0.333172398183223,0.980148149755951,0.973349301046981,"ENSG00000183160/ENSG00000169184",2
"GO:0035383","thioester metabolic process","2/287","15/3645",0.133333333333333,1.69337979094077,0.786598806824629,0.333172398183223,0.980148149755951,0.973349301046981,"ENSG00000197977/ENSG00000134240",2
"GO:0040036","regulation of fibroblast growth factor receptor signaling pathway","2/287","15/3645",0.133333333333333,1.69337979094077,0.786598806824629,0.333172398183223,0.980148149755951,0.973349301046981,"ENSG00000064300/ENSG00000180730",2
"GO:0042092","type 2 immune response","2/287","15/3645",0.133333333333333,1.69337979094077,0.786598806824629,0.333172398183223,0.980148149755951,0.973349301046981,"ENSG00000179639/ENSG00000137033",2
"GO:0046006","regulation of activated T cell proliferation","2/287","15/3645",0.133333333333333,1.69337979094077,0.786598806824629,0.333172398183223,0.980148149755951,0.973349301046981,"ENSG00000017427/ENSG00000167244",2
"GO:0046324","regulation of D-glucose import","2/287","15/3645",0.133333333333333,1.69337979094077,0.786598806824629,0.333172398183223,0.980148149755951,0.973349301046981,"ENSG00000017427/ENSG00000181092",2
"GO:0046364","monosaccharide biosynthetic process","2/287","15/3645",0.133333333333333,1.69337979094077,0.786598806824629,0.333172398183223,0.980148149755951,0.973349301046981,"ENSG00000167588/ENSG00000181092",2
"GO:0050435","amyloid-beta metabolic process","2/287","15/3645",0.133333333333333,1.69337979094077,0.786598806824629,0.333172398183223,0.980148149755951,0.973349301046981,"ENSG00000017427/ENSG00000262655",2
"GO:0050798","activated T cell proliferation","2/287","15/3645",0.133333333333333,1.69337979094077,0.786598806824629,0.333172398183223,0.980148149755951,0.973349301046981,"ENSG00000017427/ENSG00000167244",2
"GO:0051938","L-glutamate import","2/287","15/3645",0.133333333333333,1.69337979094077,0.786598806824629,0.333172398183223,0.980148149755951,0.973349301046981,"ENSG00000162383/ENSG00000106688",2
"GO:0061036","positive regulation of cartilage development","2/287","15/3645",0.133333333333333,1.69337979094077,0.786598806824629,0.333172398183223,0.980148149755951,0.973349301046981,"ENSG00000156427/ENSG00000109906",2
"GO:0071526","semaphorin-plexin signaling pathway","2/287","15/3645",0.133333333333333,1.69337979094077,0.786598806824629,0.333172398183223,0.980148149755951,0.973349301046981,"ENSG00000153993/ENSG00000012171",2
"GO:0097194","execution phase of apoptosis","2/287","15/3645",0.133333333333333,1.69337979094077,0.786598806824629,0.333172398183223,0.980148149755951,0.973349301046981,"ENSG00000176194/ENSG00000187288",2
"GO:1904994","regulation of leukocyte adhesion to vascular endothelial cell","2/287","15/3645",0.133333333333333,1.69337979094077,0.786598806824629,0.333172398183223,0.980148149755951,0.973349301046981,"ENSG00000107562/ENSG00000174175",2
"GO:0001568","blood vessel development","23/287","264/3645",0.0871212121212121,1.10646974976243,0.525043635031421,0.333569771188504,0.980148149755951,0.973349301046981,"ENSG00000145147/ENSG00000170962/ENSG00000166086/ENSG00000170624/ENSG00000169946/ENSG00000168329/ENSG00000148848/ENSG00000079337/ENSG00000171812/ENSG00000179388/ENSG00000138722/ENSG00000156427/ENSG00000173376/ENSG00000120738/ENSG00000113296/ENSG00000064300/ENSG00000092009/ENSG00000171236/ENSG00000070193/ENSG00000069702/ENSG00000008196/ENSG00000106688/ENSG00000144891",23
"GO:0000165","MAPK cascade","21/287","240/3645",0.0875,1.11128048780488,0.521381803622924,0.33624576073919,0.980148149755951,0.973349301046981,"ENSG00000131016/ENSG00000170962/ENSG00000019991/ENSG00000017427/ENSG00000135914/ENSG00000133116/ENSG00000167244/ENSG00000156427/ENSG00000168477/ENSG00000131080/ENSG00000150594/ENSG00000169252/ENSG00000120129/ENSG00000169083/ENSG00000178568/ENSG00000090534/ENSG00000070193/ENSG00000181092/ENSG00000126562/ENSG00000120875/ENSG00000124205",21
"GO:0002532","production of molecular mediator involved in inflammatory response","3/287","26/3645",0.115384615384615,1.46542481908336,0.69619629486662,0.336446982157478,0.980148149755951,0.973349301046981,"ENSG00000166428/ENSG00000165646/ENSG00000137033",3
"GO:0006910","phagocytosis, recognition","3/287","26/3645",0.115384615384615,1.46542481908336,0.69619629486662,0.336446982157478,0.980148149755951,0.973349301046981,"ENSG00000187800/ENSG00000244731/ENSG00000224389",3
"GO:0009880","embryonic pattern specification","3/287","26/3645",0.115384615384615,1.46542481908336,0.69619629486662,0.336446982157478,0.980148149755951,0.973349301046981,"ENSG00000109906/ENSG00000178568/ENSG00000070193",3
"GO:0016311","dephosphorylation","3/287","26/3645",0.115384615384615,1.46542481908336,0.69619629486662,0.336446982157478,0.980148149755951,0.973349301046981,"ENSG00000196090/ENSG00000120129/ENSG00000120875",3
"GO:0030038","contractile actin filament bundle assembly","3/287","26/3645",0.115384615384615,1.46542481908336,0.69619629486662,0.336446982157478,0.980148149755951,0.973349301046981,"ENSG00000079337/ENSG00000049540/ENSG00000006128",3
"GO:0042326","negative regulation of phosphorylation","3/287","26/3645",0.115384615384615,1.46542481908336,0.69619629486662,0.336446982157478,0.980148149755951,0.973349301046981,"ENSG00000145147/ENSG00000120129/ENSG00000181092",3
"GO:0043149","stress fiber assembly","3/287","26/3645",0.115384615384615,1.46542481908336,0.69619629486662,0.336446982157478,0.980148149755951,0.973349301046981,"ENSG00000079337/ENSG00000049540/ENSG00000006128",3
"GO:0055008","cardiac muscle tissue morphogenesis","3/287","26/3645",0.115384615384615,1.46542481908336,0.69619629486662,0.336446982157478,0.980148149755951,0.973349301046981,"ENSG00000169946/ENSG00000160808/ENSG00000069702",3
"GO:0060761","negative regulation of response to cytokine stimulus","3/287","26/3645",0.115384615384615,1.46542481908336,0.69619629486662,0.336446982157478,0.980148149755951,0.973349301046981,"ENSG00000145147/ENSG00000181092/ENSG00000169900",3
"GO:1904645","response to amyloid-beta","3/287","26/3645",0.115384615384615,1.46542481908336,0.69619629486662,0.336446982157478,0.980148149755951,0.973349301046981,"ENSG00000017427/ENSG00000169252/ENSG00000064300",3
"GO:0050804","modulation of chemical synaptic transmission","19/287","216/3645",0.087962962962963,1.11716027874564,0.518935421651112,0.338727838292196,0.98407413656017,0.977248055039179,"ENSG00000196569/ENSG00000131016/ENSG00000125869/ENSG00000184985/ENSG00000017427/ENSG00000168329/ENSG00000155886/ENSG00000277586/ENSG00000006128/ENSG00000150594/ENSG00000115896/ENSG00000169252/ENSG00000186868/ENSG00000064300/ENSG00000128564/ENSG00000158258/ENSG00000181092/ENSG00000050438/ENSG00000106688",19
"GO:0099177","regulation of trans-synaptic signaling","19/287","216/3645",0.087962962962963,1.11716027874564,0.518935421651112,0.338727838292196,0.98407413656017,0.977248055039179,"ENSG00000196569/ENSG00000131016/ENSG00000125869/ENSG00000184985/ENSG00000017427/ENSG00000168329/ENSG00000155886/ENSG00000277586/ENSG00000006128/ENSG00000150594/ENSG00000115896/ENSG00000169252/ENSG00000186868/ENSG00000064300/ENSG00000128564/ENSG00000158258/ENSG00000181092/ENSG00000050438/ENSG00000106688",19
"GO:0046903","secretion","28/287","326/3645",0.0858895705521472,1.0908274726919,0.502356690189436,0.33889373652947,0.98407413656017,0.977248055039179,"ENSG00000107562/ENSG00000119681/ENSG00000017427/ENSG00000179639/ENSG00000164220/ENSG00000079337/ENSG00000050628/ENSG00000183044/ENSG00000172260/ENSG00000006128/ENSG00000165646/ENSG00000150594/ENSG00000170743/ENSG00000128564/ENSG00000119147/ENSG00000178568/ENSG00000103528/ENSG00000170011/ENSG00000145244/ENSG00000070193/ENSG00000181092/ENSG00000126562/ENSG00000184811/ENSG00000008196/ENSG00000050438/ENSG00000147041/ENSG00000144891/ENSG00000124205",28
"GO:0007160","cell-matrix adhesion","8/287","84/3645",0.0952380952380952,1.20955699352912,0.567996424543379,0.340670839673639,0.984441671579563,0.97761304063276,"ENSG00000106823/ENSG00000166086/ENSG00000165124/ENSG00000168477/ENSG00000165816/ENSG00000164946/ENSG00000137809/ENSG00000065618",8
"GO:0023061","signal release","17/287","192/3645",0.0885416666666667,1.1245100174216,0.518139146853238,0.340930411248979,0.984441671579563,0.97761304063276,"ENSG00000107562/ENSG00000164220/ENSG00000079337/ENSG00000183044/ENSG00000006128/ENSG00000165646/ENSG00000150594/ENSG00000170743/ENSG00000128564/ENSG00000119147/ENSG00000170011/ENSG00000181092/ENSG00000126562/ENSG00000008196/ENSG00000050438/ENSG00000144891/ENSG00000124205",17
"GO:0006821","chloride transport","5/287","49/3645",0.102040816326531,1.29595392163834,0.609680190353196,0.341899589231949,0.984441671579563,0.97761304063276,"ENSG00000162383/ENSG00000159212/ENSG00000126562/ENSG00000050438/ENSG00000106688",5
"GO:0030099","myeloid cell differentiation","9/287","96/3645",0.09375,1.19065766550523,0.553384097182373,0.342496118046787,0.984441671579563,0.97761304063276,"ENSG00000166147/ENSG00000115602/ENSG00000109906/ENSG00000162722/ENSG00000170345/ENSG00000137033/ENSG00000090534/ENSG00000069702/ENSG00000181092",9
"GO:0010558","negative regulation of macromolecule biosynthetic process","38/287","450/3645",0.0844444444444444,1.07247386759582,0.480000898683341,0.343375356861561,0.984441671579563,0.97761304063276,"ENSG00000144642/ENSG00000079102/ENSG00000019991/ENSG00000017427/ENSG00000138615/ENSG00000169946/ENSG00000168329/ENSG00000074047/ENSG00000082175/ENSG00000115602/ENSG00000179954/ENSG00000167244/ENSG00000106483/ENSG00000174332/ENSG00000163072/ENSG00000120738/ENSG00000253250/ENSG00000078596/ENSG00000134830/ENSG00000073282/ENSG00000109906/ENSG00000186868/ENSG00000103257/ENSG00000107249/ENSG00000120129/ENSG00000145934/ENSG00000067798/ENSG00000169083/ENSG00000091831/ENSG00000113739/ENSG00000137033/ENSG00000125740/ENSG00000170323/ENSG00000181092/ENSG00000276644/ENSG00000176194/ENSG00000008196/ENSG00000112183",38
"GO:0048589","developmental growth","20/287","229/3645",0.0873362445414847,1.10920073642408,0.498969688627092,0.344974269632861,0.984441671579563,0.97761304063276,"ENSG00000187955/ENSG00000145147/ENSG00000107562/ENSG00000173068/ENSG00000017427/ENSG00000169946/ENSG00000074047/ENSG00000167244/ENSG00000169252/ENSG00000186868/ENSG00000169083/ENSG00000178568/ENSG00000091831/ENSG00000103528/ENSG00000113739/ENSG00000070193/ENSG00000069702/ENSG00000184564/ENSG00000164530/ENSG00000124205",20
"GO:0009890","negative regulation of biosynthetic process","39/287","463/3645",0.0842332613390929,1.06979176857489,0.46982313479388,0.346790809304076,0.984441671579563,0.97761304063276,"ENSG00000144642/ENSG00000079102/ENSG00000019991/ENSG00000017427/ENSG00000138615/ENSG00000169946/ENSG00000168329/ENSG00000074047/ENSG00000082175/ENSG00000115602/ENSG00000179954/ENSG00000167244/ENSG00000106483/ENSG00000174332/ENSG00000163072/ENSG00000165646/ENSG00000120738/ENSG00000253250/ENSG00000078596/ENSG00000134830/ENSG00000073282/ENSG00000109906/ENSG00000186868/ENSG00000103257/ENSG00000107249/ENSG00000120129/ENSG00000145934/ENSG00000067798/ENSG00000169083/ENSG00000091831/ENSG00000113739/ENSG00000137033/ENSG00000125740/ENSG00000170323/ENSG00000181092/ENSG00000276644/ENSG00000176194/ENSG00000008196/ENSG00000112183",39
"GO:0140352","export from cell","27/287","315/3645",0.0857142857142857,1.08860129417621,0.480909119081649,0.347054026641327,0.984441671579563,0.97761304063276,"ENSG00000107562/ENSG00000119681/ENSG00000017427/ENSG00000179639/ENSG00000164220/ENSG00000079337/ENSG00000118777/ENSG00000183044/ENSG00000006128/ENSG00000165646/ENSG00000150594/ENSG00000170743/ENSG00000152049/ENSG00000128564/ENSG00000119147/ENSG00000103528/ENSG00000170011/ENSG00000070193/ENSG00000171385/ENSG00000181092/ENSG00000126562/ENSG00000184811/ENSG00000008196/ENSG00000050438/ENSG00000147041/ENSG00000144891/ENSG00000124205",27
"GO:0001764","neuron migration","6/287","61/3645",0.0983606557377049,1.24921459987434,0.573778386460351,0.347549399764494,0.984441671579563,0.97761304063276,"ENSG00000107562/ENSG00000185070/ENSG00000165323/ENSG00000134121/ENSG00000173376/ENSG00000178568",6
"GO:0035051","cardiocyte differentiation","6/287","61/3645",0.0983606557377049,1.24921459987434,0.573778386460351,0.347549399764494,0.984441671579563,0.97761304063276,"ENSG00000187955/ENSG00000017427/ENSG00000170624/ENSG00000141449/ENSG00000069702/ENSG00000164530",6
"GO:0001501","skeletal system development","18/287","205/3645",0.0878048780487805,1.11515254525368,0.496090645210612,0.347757057935996,0.984441671579563,0.97761304063276,"ENSG00000173068/ENSG00000183160/ENSG00000106809/ENSG00000017427/ENSG00000166147/ENSG00000038295/ENSG00000074047/ENSG00000038427/ENSG00000143387/ENSG00000156427/ENSG00000106483/ENSG00000132031/ENSG00000090539/ENSG00000073282/ENSG00000109906/ENSG00000164946/ENSG00000266524/ENSG00000136457",18
"GO:0045833","negative regulation of lipid metabolic process","4/287","38/3645",0.105263157894737,1.33687878232166,0.610214007088832,0.35067700141853,0.984441671579563,0.97761304063276,"ENSG00000150594/ENSG00000176194/ENSG00000214456/ENSG00000187288",4
"GO:0070167","regulation of biomineral tissue development","4/287","38/3645",0.105263157894737,1.33687878232166,0.610214007088832,0.35067700141853,0.984441671579563,0.97761304063276,"ENSG00000183160/ENSG00000106819/ENSG00000133116/ENSG00000169252",4
"GO:1905330","regulation of morphogenesis of an epithelium","4/287","38/3645",0.105263157894737,1.33687878232166,0.610214007088832,0.35067700141853,0.984441671579563,0.97761304063276,"ENSG00000019991/ENSG00000169083/ENSG00000091831/ENSG00000070193",4
"GO:0051093","negative regulation of developmental process","25/287","291/3645",0.0859106529209622,1.09109522612163,0.473533131146865,0.350756369344361,0.984441671579563,0.97761304063276,"ENSG00000079102/ENSG00000183160/ENSG00000017427/ENSG00000166147/ENSG00000106819/ENSG00000169946/ENSG00000168329/ENSG00000079337/ENSG00000143387/ENSG00000167244/ENSG00000172260/ENSG00000165323/ENSG00000113296/ENSG00000090539/ENSG00000073282/ENSG00000169252/ENSG00000109906/ENSG00000186868/ENSG00000064300/ENSG00000136457/ENSG00000113739/ENSG00000070193/ENSG00000181092/ENSG00000171819/ENSG00000164530",25
"GO:0043069","negative regulation of programmed cell death","21/287","242/3645",0.0867768595041322,1.10209635154203,0.480481552055579,0.350822330668206,0.984441671579563,0.97761304063276,"ENSG00000107562/ENSG00000019991/ENSG00000017427/ENSG00000135914/ENSG00000168329/ENSG00000179388/ENSG00000277586/ENSG00000134121/ENSG00000173376/ENSG00000103257/ENSG00000120129/ENSG00000169083/ENSG00000112981/ENSG00000178568/ENSG00000112319/ENSG00000091831/ENSG00000070193/ENSG00000176194/ENSG00000008196/ENSG00000106688/ENSG00000145777",21
"GO:0030073","insulin secretion","7/287","73/3645",0.0958904109589041,1.2178416304711,0.54958689767841,0.350929790104533,0.984441671579563,0.97761304063276,"ENSG00000164220/ENSG00000079337/ENSG00000183044/ENSG00000150594/ENSG00000128564/ENSG00000170011/ENSG00000008196",7
"GO:0042886","amide transport","11/287","121/3645",0.0909090909090909,1.15457713018689,0.505486733497495,0.354309509570617,0.984441671579563,0.97761304063276,"ENSG00000164220/ENSG00000079337/ENSG00000118777/ENSG00000183044/ENSG00000150594/ENSG00000128564/ENSG00000119147/ENSG00000170011/ENSG00000165269/ENSG00000008196/ENSG00000124205",11
"GO:0070201","regulation of establishment of protein localization","11/287","121/3645",0.0909090909090909,1.15457713018689,0.505486733497495,0.354309509570617,0.984441671579563,0.97761304063276,"ENSG00000017427/ENSG00000164220/ENSG00000079337/ENSG00000183044/ENSG00000150594/ENSG00000186868/ENSG00000173210/ENSG00000170011/ENSG00000181092/ENSG00000008196/ENSG00000106688",11
"GO:0051047","positive regulation of secretion","10/287","109/3645",0.0917431192660551,1.16516958092255,0.51177253398774,0.354363344977638,0.984441671579563,0.97761304063276,"ENSG00000107562/ENSG00000017427/ENSG00000164220/ENSG00000183044/ENSG00000172260/ENSG00000006128/ENSG00000119147/ENSG00000170011/ENSG00000050438/ENSG00000124205",10
"GO:0007088","regulation of mitotic nuclear division","5/287","50/3645",0.1,1.27003484320557,0.562011428709701,0.358007826793841,0.984441671579563,0.97761304063276,"ENSG00000017427/ENSG00000169515/ENSG00000167244/ENSG00000120129/ENSG00000124205",5
"GO:0000041","transition metal ion transport","3/287","27/3645",0.111111111111111,1.41114982578397,0.626812282568366,0.358691502441949,0.984441671579563,0.97761304063276,"ENSG00000071967/ENSG00000110169/ENSG00000106688",3
"GO:0007157","heterophilic cell-cell adhesion via plasma membrane cell adhesion molecules","3/287","27/3645",0.111111111111111,1.41114982578397,0.626812282568366,0.358691502441949,0.984441671579563,0.97761304063276,"ENSG00000143341/ENSG00000196159/ENSG00000174175",3
"GO:0045744","negative regulation of G protein-coupled receptor signaling pathway","3/287","27/3645",0.111111111111111,1.41114982578397,0.626812282568366,0.358691502441949,0.984441671579563,0.97761304063276,"ENSG00000145147/ENSG00000198932/ENSG00000169252",3
"GO:0046034","ATP metabolic process","3/287","27/3645",0.111111111111111,1.41114982578397,0.626812282568366,0.358691502441949,0.984441671579563,0.97761304063276,"ENSG00000017427/ENSG00000154027/ENSG00000167588",3
"GO:0050730","regulation of peptidyl-tyrosine phosphorylation","3/287","27/3645",0.111111111111111,1.41114982578397,0.626812282568366,0.358691502441949,0.984441671579563,0.97761304063276,"ENSG00000113296/ENSG00000178568/ENSG00000070193",3
"GO:0060411","cardiac septum morphogenesis","3/287","27/3645",0.111111111111111,1.41114982578397,0.626812282568366,0.358691502441949,0.984441671579563,0.97761304063276,"ENSG00000145147/ENSG00000169946/ENSG00000069702",3
"GO:1904892","regulation of receptor signaling pathway via STAT","3/287","27/3645",0.111111111111111,1.41114982578397,0.626812282568366,0.358691502441949,0.984441671579563,0.97761304063276,"ENSG00000196090/ENSG00000178568/ENSG00000145777",3
"GO:0032940","secretion by cell","24/287","280/3645",0.0857142857142857,1.08860129417621,0.451041324205628,0.359488766401441,0.984441671579563,0.97761304063276,"ENSG00000107562/ENSG00000119681/ENSG00000017427/ENSG00000179639/ENSG00000164220/ENSG00000079337/ENSG00000183044/ENSG00000006128/ENSG00000165646/ENSG00000150594/ENSG00000170743/ENSG00000128564/ENSG00000119147/ENSG00000103528/ENSG00000170011/ENSG00000070193/ENSG00000181092/ENSG00000126562/ENSG00000184811/ENSG00000008196/ENSG00000050438/ENSG00000147041/ENSG00000144891/ENSG00000124205",24
"GO:0015698","inorganic anion transport","6/287","62/3645",0.0967741935483871,1.22906597729572,0.531768755451436,0.36201989231501,0.984441671579563,0.97761304063276,"ENSG00000162383/ENSG00000106483/ENSG00000159212/ENSG00000126562/ENSG00000050438/ENSG00000106688",6
"GO:0048771","tissue remodeling","6/287","62/3645",0.0967741935483871,1.22906597729572,0.531768755451436,0.36201989231501,0.984441671579563,0.97761304063276,"ENSG00000183160/ENSG00000017427/ENSG00000143387/ENSG00000113296/ENSG00000169252/ENSG00000070193",6
"GO:0051963","regulation of synapse assembly","6/287","62/3645",0.0967741935483871,1.22906597729572,0.531768755451436,0.36201989231501,0.984441671579563,0.97761304063276,"ENSG00000185070/ENSG00000172260/ENSG00000173114/ENSG00000121871/ENSG00000158258/ENSG00000184564",6
"GO:1904018","positive regulation of vasculature development","6/287","62/3645",0.0967741935483871,1.22906597729572,0.531768755451436,0.36201989231501,0.984441671579563,0.97761304063276,"ENSG00000107562/ENSG00000148848/ENSG00000079337/ENSG00000156427/ENSG00000092009/ENSG00000171236",6
"GO:0002067","glandular epithelial cell differentiation","2/287","16/3645",0.125,1.58754355400697,0.688487975690772,0.362741727297883,0.984441671579563,0.97761304063276,"ENSG00000082175/ENSG00000073282",2
"GO:0003176","aortic valve development","2/287","16/3645",0.125,1.58754355400697,0.688487975690772,0.362741727297883,0.984441671579563,0.97761304063276,"ENSG00000145147/ENSG00000049540",2
"GO:0006096","glycolytic process","2/287","16/3645",0.125,1.58754355400697,0.688487975690772,0.362741727297883,0.984441671579563,0.97761304063276,"ENSG00000017427/ENSG00000167588",2
"GO:0006275","regulation of DNA replication","2/287","16/3645",0.125,1.58754355400697,0.688487975690772,0.362741727297883,0.984441671579563,0.97761304063276,"ENSG00000074047/ENSG00000276644",2
"GO:0006826","iron ion transport","2/287","16/3645",0.125,1.58754355400697,0.688487975690772,0.362741727297883,0.984441671579563,0.97761304063276,"ENSG00000071967/ENSG00000110169",2
"GO:0006986","response to unfolded protein","2/287","16/3645",0.125,1.58754355400697,0.688487975690772,0.362741727297883,0.984441671579563,0.97761304063276,"ENSG00000113296/ENSG00000113739",2
"GO:0008630","intrinsic apoptotic signaling pathway in response to DNA damage","2/287","16/3645",0.125,1.58754355400697,0.688487975690772,0.362741727297883,0.984441671579563,0.97761304063276,"ENSG00000107562/ENSG00000073282",2
"GO:0010460","positive regulation of heart rate","2/287","16/3645",0.125,1.58754355400697,0.688487975690772,0.362741727297883,0.984441671579563,0.97761304063276,"ENSG00000106688/ENSG00000124205",2
"GO:0010596","negative regulation of endothelial cell migration","2/287","16/3645",0.125,1.58754355400697,0.688487975690772,0.362741727297883,0.984441671579563,0.97761304063276,"ENSG00000145147/ENSG00000138722",2
"GO:0010611","regulation of cardiac muscle hypertrophy","2/287","16/3645",0.125,1.58754355400697,0.688487975690772,0.362741727297883,0.984441671579563,0.97761304063276,"ENSG00000017427/ENSG00000164530",2
"GO:0010765","positive regulation of sodium ion transport","2/287","16/3645",0.125,1.58754355400697,0.688487975690772,0.362741727297883,0.984441671579563,0.97761304063276,"ENSG00000149575/ENSG00000177098",2
"GO:0019364","pyridine nucleotide catabolic process","2/287","16/3645",0.125,1.58754355400697,0.688487975690772,0.362741727297883,0.984441671579563,0.97761304063276,"ENSG00000017427/ENSG00000167588",2
"GO:0021575","hindbrain morphogenesis","2/287","16/3645",0.125,1.58754355400697,0.688487975690772,0.362741727297883,0.984441671579563,0.97761304063276,"ENSG00000074047/ENSG00000171798",2
"GO:0021587","cerebellum morphogenesis","2/287","16/3645",0.125,1.58754355400697,0.688487975690772,0.362741727297883,0.984441671579563,0.97761304063276,"ENSG00000074047/ENSG00000171798",2
"GO:0021772","olfactory bulb development","2/287","16/3645",0.125,1.58754355400697,0.688487975690772,0.362741727297883,0.984441671579563,0.97761304063276,"ENSG00000145147/ENSG00000178568",2
"GO:0032233","positive regulation of actin filament bundle assembly","2/287","16/3645",0.125,1.58754355400697,0.688487975690772,0.362741727297883,0.984441671579563,0.97761304063276,"ENSG00000079337/ENSG00000006128",2
"GO:0032259","methylation","2/287","16/3645",0.125,1.58754355400697,0.688487975690772,0.362741727297883,0.984441671579563,0.97761304063276,"ENSG00000241644/ENSG00000250305",2
"GO:0032715","negative regulation of interleukin-6 production","2/287","16/3645",0.125,1.58754355400697,0.688487975690772,0.362741727297883,0.984441671579563,0.97761304063276,"ENSG00000019991/ENSG00000134830",2
"GO:0033673","negative regulation of kinase activity","2/287","16/3645",0.125,1.58754355400697,0.688487975690772,0.362741727297883,0.984441671579563,0.97761304063276,"ENSG00000120129/ENSG00000181092",2
"GO:0034248","regulation of amide metabolic process","2/287","16/3645",0.125,1.58754355400697,0.688487975690772,0.362741727297883,0.984441671579563,0.97761304063276,"ENSG00000017427/ENSG00000262655",2
"GO:0042088","T-helper 1 type immune response","2/287","16/3645",0.125,1.58754355400697,0.688487975690772,0.362741727297883,0.984441671579563,0.97761304063276,"ENSG00000115602/ENSG00000137033",2
"GO:0042417","dopamine metabolic process","2/287","16/3645",0.125,1.58754355400697,0.688487975690772,0.362741727297883,0.984441671579563,0.97761304063276,"ENSG00000183044/ENSG00000106688",2
"GO:0046032","ADP catabolic process","2/287","16/3645",0.125,1.58754355400697,0.688487975690772,0.362741727297883,0.984441671579563,0.97761304063276,"ENSG00000017427/ENSG00000167588",2
"GO:0071676","negative regulation of mononuclear cell migration","2/287","16/3645",0.125,1.58754355400697,0.688487975690772,0.362741727297883,0.984441671579563,0.97761304063276,"ENSG00000145147/ENSG00000120129",2
"GO:0097581","lamellipodium organization","2/287","16/3645",0.125,1.58754355400697,0.688487975690772,0.362741727297883,0.984441671579563,0.97761304063276,"ENSG00000145147/ENSG00000173210",2
"GO:1990776","response to angiotensin","2/287","16/3645",0.125,1.58754355400697,0.688487975690772,0.362741727297883,0.984441671579563,0.97761304063276,"ENSG00000133116/ENSG00000144891",2
"GO:0090276","regulation of peptide hormone secretion","7/287","74/3645",0.0945945945945946,1.20138431114041,0.511606855279457,0.364177021554867,0.984441671579563,0.97761304063276,"ENSG00000164220/ENSG00000079337/ENSG00000183044/ENSG00000150594/ENSG00000119147/ENSG00000170011/ENSG00000008196",7
"GO:0048880","sensory system development","11/287","122/3645",0.0901639344262295,1.14511338321814,0.476563578125781,0.364624496779387,0.984441671579563,0.97761304063276,"ENSG00000180660/ENSG00000166147/ENSG00000171812/ENSG00000165323/ENSG00000170345/ENSG00000070193/ENSG00000133256/ENSG00000184564/ENSG00000008196/ENSG00000171819/ENSG00000106688",11
"GO:0048863","stem cell differentiation","8/287","86/3645",0.0930232558139535,1.18142776112146,0.497712742221699,0.365195129923899,0.984441671579563,0.97761304063276,"ENSG00000135914/ENSG00000073282/ENSG00000153993/ENSG00000178568/ENSG00000091831/ENSG00000012171/ENSG00000124205/ENSG00000112183",8
"GO:0002696","positive regulation of leukocyte activation","10/287","110/3645",0.0909090909090909,1.15457713018689,0.481212234260656,0.365227724769655,0.984441671579563,0.97761304063276,"ENSG00000017427/ENSG00000074047/ENSG00000115602/ENSG00000179388/ENSG00000167244/ENSG00000006128/ENSG00000109906/ENSG00000137033/ENSG00000070193/ENSG00000145777",10
"GO:0008643","carbohydrate transport","4/287","39/3645",0.102564102564103,1.3025998391852,0.555364252536283,0.369150633760669,0.984441671579563,0.97761304063276,"ENSG00000017427/ENSG00000181092/ENSG00000165269/ENSG00000184811",4
"GO:0032612","interleukin-1 production","4/287","39/3645",0.102564102564103,1.3025998391852,0.555364252536283,0.369150633760669,0.984441671579563,0.97761304063276,"ENSG00000017427/ENSG00000168329/ENSG00000120738/ENSG00000169900",4
"GO:0032652","regulation of interleukin-1 production","4/287","39/3645",0.102564102564103,1.3025998391852,0.555364252536283,0.369150633760669,0.984441671579563,0.97761304063276,"ENSG00000017427/ENSG00000168329/ENSG00000120738/ENSG00000169900",4
"GO:0009749","response to glucose","5/287","51/3645",0.0980392156862745,1.24513219922115,0.515330918558633,0.374143338386798,0.984441671579563,0.97761304063276,"ENSG00000017427/ENSG00000120738/ENSG00000150594/ENSG00000092009/ENSG00000181092",5
"GO:0030282","bone mineralization","5/287","51/3645",0.0980392156862745,1.24513219922115,0.515330918558633,0.374143338386798,0.984441671579563,0.97761304063276,"ENSG00000183160/ENSG00000017427/ENSG00000106819/ENSG00000133116/ENSG00000169252",5
"GO:0061337","cardiac conduction","5/287","51/3645",0.0980392156862745,1.24513219922115,0.515330918558633,0.374143338386798,0.984441671579563,0.97761304063276,"ENSG00000149575/ENSG00000177098/ENSG00000152049/ENSG00000145244/ENSG00000171385",5
"GO:0007283","spermatogenesis","10/287","111/3645",0.0900900900900901,1.14417553441944,0.450930460801124,0.376133032176109,0.984441671579563,0.97761304063276,"ENSG00000166086/ENSG00000183160/ENSG00000154721/ENSG00000013297/ENSG00000073282/ENSG00000109906/ENSG00000197748/ENSG00000169083/ENSG00000112981/ENSG00000163879",10
"GO:0002790","peptide secretion","9/287","99/3645",0.0909090909090909,1.15457713018689,0.455809380217541,0.377019467411201,0.984441671579563,0.97761304063276,"ENSG00000164220/ENSG00000079337/ENSG00000183044/ENSG00000150594/ENSG00000128564/ENSG00000119147/ENSG00000170011/ENSG00000008196/ENSG00000124205",9
"GO:0006644","phospholipid metabolic process","7/287","75/3645",0.0933333333333333,1.18536585365854,0.474150317620239,0.377462768108087,0.984441671579563,0.97761304063276,"ENSG00000135914/ENSG00000141338/ENSG00000115896/ENSG00000102010/ENSG00000168004/ENSG00000133321/ENSG00000134240",7
"GO:0043523","regulation of neuron apoptotic process","7/287","75/3645",0.0933333333333333,1.18536585365854,0.474150317620239,0.377462768108087,0.984441671579563,0.97761304063276,"ENSG00000168329/ENSG00000277586/ENSG00000134121/ENSG00000173376/ENSG00000120738/ENSG00000008196/ENSG00000106688",7
"GO:0030030","cell projection organization","37/287","444/3645",0.0833333333333333,1.05836236933798,0.383593596989382,0.379111440509256,0.984441671579563,0.97761304063276,"ENSG00000196569/ENSG00000007237/ENSG00000145147/ENSG00000107562/ENSG00000185070/ENSG00000196159/ENSG00000046889/ENSG00000074047/ENSG00000277586/ENSG00000172260/ENSG00000165323/ENSG00000134121/ENSG00000168477/ENSG00000173376/ENSG00000145536/ENSG00000196090/ENSG00000162543/ENSG00000186868/ENSG00000197748/ENSG00000153993/ENSG00000064300/ENSG00000121871/ENSG00000145934/ENSG00000173210/ENSG00000034239/ENSG00000112981/ENSG00000004838/ENSG00000163879/ENSG00000154654/ENSG00000103528/ENSG00000171811/ENSG00000151892/ENSG00000184564/ENSG00000012171/ENSG00000178965/ENSG00000124205/ENSG00000171798",37
"GO:0050900","leukocyte migration","14/287","160/3645",0.0875,1.11128048780488,0.420791935038597,0.379704475744669,0.984441671579563,0.97761304063276,"ENSG00000145147/ENSG00000107562/ENSG00000170962/ENSG00000166086/ENSG00000154721/ENSG00000168329/ENSG00000113296/ENSG00000100448/ENSG00000134830/ENSG00000120129/ENSG00000137033/ENSG00000174175/ENSG00000169347/ENSG00000124205",14
"GO:0010631","epithelial cell migration","3/287","28/3645",0.107142857142857,1.36075161772026,0.56014805870651,0.38082978024148,0.984441671579563,0.97761304063276,"ENSG00000006128/ENSG00000171236/ENSG00000070193",3
"GO:0015800","acidic amino acid transport","3/287","28/3645",0.107142857142857,1.36075161772026,0.56014805870651,0.38082978024148,0.984441671579563,0.97761304063276,"ENSG00000162383/ENSG00000183044/ENSG00000106688",3
"GO:0017156","calcium-ion regulated exocytosis","3/287","28/3645",0.107142857142857,1.36075161772026,0.56014805870651,0.38082978024148,0.984441671579563,0.97761304063276,"ENSG00000150594/ENSG00000170743/ENSG00000103528",3
"GO:0021510","spinal cord development","3/287","28/3645",0.107142857142857,1.36075161772026,0.56014805870651,0.38082978024148,0.984441671579563,0.97761304063276,"ENSG00000074047/ENSG00000277586/ENSG00000090539",3
"GO:0042246","tissue regeneration","3/287","28/3645",0.107142857142857,1.36075161772026,0.56014805870651,0.38082978024148,0.984441671579563,0.97761304063276,"ENSG00000017427/ENSG00000178568/ENSG00000070193",3
"GO:0046777","protein autophosphorylation","3/287","28/3645",0.107142857142857,1.36075161772026,0.56014805870651,0.38082978024148,0.984441671579563,0.97761304063276,"ENSG00000102010/ENSG00000178568/ENSG00000181092",3
"GO:0050848","regulation of calcium-mediated signaling","3/287","28/3645",0.107142857142857,1.36075161772026,0.56014805870651,0.38082978024148,0.984441671579563,0.97761304063276,"ENSG00000017427/ENSG00000172260/ENSG00000186868",3
"GO:0051785","positive regulation of nuclear division","3/287","28/3645",0.107142857142857,1.36075161772026,0.56014805870651,0.38082978024148,0.984441671579563,0.97761304063276,"ENSG00000017427/ENSG00000167244/ENSG00000124205",3
"GO:0060042","retina morphogenesis in camera-type eye","3/287","28/3645",0.107142857142857,1.36075161772026,0.56014805870651,0.38082978024148,0.984441671579563,0.97761304063276,"ENSG00000165323/ENSG00000008196/ENSG00000106688",3
"GO:0071347","cellular response to interleukin-1","3/287","28/3645",0.107142857142857,1.36075161772026,0.56014805870651,0.38082978024148,0.984441671579563,0.97761304063276,"ENSG00000131016/ENSG00000120738/ENSG00000169900",3
"GO:0097009","energy homeostasis","3/287","28/3645",0.107142857142857,1.36075161772026,0.56014805870651,0.38082978024148,0.984441671579563,0.97761304063276,"ENSG00000169252/ENSG00000128564/ENSG00000126562",3
"GO:0001525","angiogenesis","17/287","197/3645",0.0862944162436548,1.09596915403527,0.404828367944288,0.381951308165277,0.984441671579563,0.97761304063276,"ENSG00000145147/ENSG00000166086/ENSG00000168329/ENSG00000148848/ENSG00000079337/ENSG00000171812/ENSG00000179388/ENSG00000138722/ENSG00000156427/ENSG00000173376/ENSG00000113296/ENSG00000064300/ENSG00000092009/ENSG00000171236/ENSG00000070193/ENSG00000069702/ENSG00000144891",17
"GO:0007186","G protein-coupled receptor signaling pathway","26/287","308/3645",0.0844155844155844,1.07210733517354,0.386604128451569,0.382160578263281,0.984441671579563,0.97761304063276,"ENSG00000131016/ENSG00000145147/ENSG00000107562/ENSG00000184985/ENSG00000046889/ENSG00000135914/ENSG00000168329/ENSG00000198932/ENSG00000164220/ENSG00000079337/ENSG00000050628/ENSG00000006128/ENSG00000276409/ENSG00000150594/ENSG00000134830/ENSG00000169252/ENSG00000145703/ENSG00000126895/ENSG00000119147/ENSG00000091831/ENSG00000108018/ENSG00000090534/ENSG00000213088/ENSG00000106018/ENSG00000106688/ENSG00000144891",26
"GO:0050727","regulation of inflammatory response","12/287","136/3645",0.0882352941176471,1.12061897929904,0.419066751711536,0.383551920346166,0.984441671579563,0.97761304063276,"ENSG00000019991/ENSG00000017427/ENSG00000115602/ENSG00000050628/ENSG00000006128/ENSG00000092009/ENSG00000091831/ENSG00000137033/ENSG00000170323/ENSG00000181092/ENSG00000144891/ENSG00000145777",12
"GO:0097190","apoptotic signaling pathway","12/287","136/3645",0.0882352941176471,1.12061897929904,0.419066751711536,0.383551920346166,0.984441671579563,0.97761304063276,"ENSG00000107562/ENSG00000019991/ENSG00000017427/ENSG00000168329/ENSG00000131080/ENSG00000073282/ENSG00000064300/ENSG00000169083/ENSG00000112981/ENSG00000112319/ENSG00000137033/ENSG00000070193",12
"GO:0009306","protein secretion","10/287","112/3645",0.0892857142857143,1.13395968143355,0.420921476673328,0.387070377712283,0.984441671579563,0.97761304063276,"ENSG00000119681/ENSG00000017427/ENSG00000164220/ENSG00000079337/ENSG00000183044/ENSG00000150594/ENSG00000128564/ENSG00000170011/ENSG00000008196/ENSG00000050438",10
"GO:0035592","establishment of protein localization to extracellular region","10/287","112/3645",0.0892857142857143,1.13395968143355,0.420921476673328,0.387070377712283,0.984441671579563,0.97761304063276,"ENSG00000119681/ENSG00000017427/ENSG00000164220/ENSG00000079337/ENSG00000183044/ENSG00000150594/ENSG00000128564/ENSG00000170011/ENSG00000008196/ENSG00000050438",10
"GO:0042325","regulation of phosphorylation","10/287","112/3645",0.0892857142857143,1.13395968143355,0.420921476673328,0.387070377712283,0.984441671579563,0.97761304063276,"ENSG00000145147/ENSG00000017427/ENSG00000166147/ENSG00000156427/ENSG00000113296/ENSG00000120129/ENSG00000178568/ENSG00000090534/ENSG00000070193/ENSG00000181092",10
"GO:0001942","hair follicle development","4/287","40/3645",0.1,1.27003484320557,0.501980623343907,0.387593101026986,0.984441671579563,0.97761304063276,"ENSG00000074047/ENSG00000073282/ENSG00000064300/ENSG00000070193",4
"GO:0022404","molting cycle process","4/287","40/3645",0.1,1.27003484320557,0.501980623343907,0.387593101026986,0.984441671579563,0.97761304063276,"ENSG00000074047/ENSG00000073282/ENSG00000064300/ENSG00000070193",4
"GO:0022405","hair cycle process","4/287","40/3645",0.1,1.27003484320557,0.501980623343907,0.387593101026986,0.984441671579563,0.97761304063276,"ENSG00000074047/ENSG00000073282/ENSG00000064300/ENSG00000070193",4
"GO:0045860","positive regulation of protein kinase activity","4/287","40/3645",0.1,1.27003484320557,0.501980623343907,0.387593101026986,0.984441671579563,0.97761304063276,"ENSG00000017427/ENSG00000166147/ENSG00000156427/ENSG00000181092",4
"GO:0140115","export across plasma membrane","4/287","40/3645",0.1,1.27003484320557,0.501980623343907,0.387593101026986,0.984441671579563,0.97761304063276,"ENSG00000118777/ENSG00000152049/ENSG00000171385/ENSG00000126562",4
"GO:0008016","regulation of heart contraction","9/287","100/3645",0.09,1.14303135888502,0.423948332664257,0.38860190417155,0.984441671579563,0.97761304063276,"ENSG00000149575/ENSG00000177098/ENSG00000006128/ENSG00000160808/ENSG00000152049/ENSG00000145244/ENSG00000171385/ENSG00000106688/ENSG00000124205",9
"GO:1903532","positive regulation of secretion by cell","9/287","100/3645",0.09,1.14303135888502,0.423948332664257,0.38860190417155,0.984441671579563,0.97761304063276,"ENSG00000107562/ENSG00000017427/ENSG00000164220/ENSG00000183044/ENSG00000006128/ENSG00000119147/ENSG00000170011/ENSG00000050438/ENSG00000124205",9
"GO:0006941","striated muscle contraction","8/287","88/3645",0.0909090909090909,1.15457713018689,0.42907620440254,0.389880267961553,0.984441671579563,0.97761304063276,"ENSG00000149575/ENSG00000136546/ENSG00000177098/ENSG00000170624/ENSG00000160808/ENSG00000153253/ENSG00000152049/ENSG00000171385",8
"GO:0007584","response to nutrient","5/287","52/3645",0.0961538461538462,1.22118734923613,0.469594642817481,0.390278276843267,0.984441671579563,0.97761304063276,"ENSG00000133116/ENSG00000169184/ENSG00000113739/ENSG00000181092/ENSG00000134240",5
"GO:0042476","odontogenesis","5/287","52/3645",0.0961538461538462,1.22118734923613,0.469594642817481,0.390278276843267,0.984441671579563,0.97761304063276,"ENSG00000106819/ENSG00000074047/ENSG00000073282/ENSG00000064300/ENSG00000070193",5
"GO:0051302","regulation of cell division","5/287","52/3645",0.0961538461538462,1.22118734923613,0.469594642817481,0.390278276843267,0.984441671579563,0.97761304063276,"ENSG00000170962/ENSG00000135914/ENSG00000167244/ENSG00000113296/ENSG00000073282",5
"GO:1901890","positive regulation of cell junction assembly","5/287","52/3645",0.0961538461538462,1.22118734923613,0.469594642817481,0.390278276843267,0.984441671579563,0.97761304063276,"ENSG00000185070/ENSG00000173114/ENSG00000121871/ENSG00000158258/ENSG00000184564",5
"GO:0002791","regulation of peptide secretion","7/287","76/3645",0.0921052631578947,1.16976893453145,0.437201387760909,0.390771167255602,0.984441671579563,0.97761304063276,"ENSG00000164220/ENSG00000079337/ENSG00000183044/ENSG00000150594/ENSG00000119147/ENSG00000170011/ENSG00000008196",7
"GO:0009101","glycoprotein biosynthetic process","6/287","64/3645",0.09375,1.19065766550523,0.449812877110467,0.391045191661843,0.984441671579563,0.97761304063276,"ENSG00000172986/ENSG00000017427/ENSG00000148488/ENSG00000078596/ENSG00000137033/ENSG00000124302",6
"GO:0001836","release of cytochrome c from mitochondria","2/287","17/3645",0.117647058823529,1.49415863906538,0.596962431146166,0.391805333157179,0.984441671579563,0.97761304063276,"ENSG00000019991/ENSG00000017427",2
"GO:0002312","B cell activation involved in immune response","2/287","17/3645",0.117647058823529,1.49415863906538,0.596962431146166,0.391805333157179,0.984441671579563,0.97761304063276,"ENSG00000175857/ENSG00000078596",2
"GO:0002762","negative regulation of myeloid leukocyte differentiation","2/287","17/3645",0.117647058823529,1.49415863906538,0.596962431146166,0.391805333157179,0.984441671579563,0.97761304063276,"ENSG00000166147/ENSG00000181092",2
"GO:0007019","microtubule depolymerization","2/287","17/3645",0.117647058823529,1.49415863906538,0.596962431146166,0.391805333157179,0.984441671579563,0.97761304063276,"ENSG00000166780/ENSG00000067798",2
"GO:0009137","purine nucleoside diphosphate catabolic process","2/287","17/3645",0.117647058823529,1.49415863906538,0.596962431146166,0.391805333157179,0.984441671579563,0.97761304063276,"ENSG00000017427/ENSG00000167588",2
"GO:0009181","purine ribonucleoside diphosphate catabolic process","2/287","17/3645",0.117647058823529,1.49415863906538,0.596962431146166,0.391805333157179,0.984441671579563,0.97761304063276,"ENSG00000017427/ENSG00000167588",2
"GO:0009191","ribonucleoside diphosphate catabolic process","2/287","17/3645",0.117647058823529,1.49415863906538,0.596962431146166,0.391805333157179,0.984441671579563,0.97761304063276,"ENSG00000017427/ENSG00000167588",2
"GO:0010171","body morphogenesis","2/287","17/3645",0.117647058823529,1.49415863906538,0.596962431146166,0.391805333157179,0.984441671579563,0.97761304063276,"ENSG00000103196/ENSG00000180875",2
"GO:0014743","regulation of muscle hypertrophy","2/287","17/3645",0.117647058823529,1.49415863906538,0.596962431146166,0.391805333157179,0.984441671579563,0.97761304063276,"ENSG00000017427/ENSG00000164530",2
"GO:0014911","positive regulation of smooth muscle cell migration","2/287","17/3645",0.117647058823529,1.49415863906538,0.596962431146166,0.391805333157179,0.984441671579563,0.97761304063276,"ENSG00000170962/ENSG00000017427",2
"GO:0019098","reproductive behavior","2/287","17/3645",0.117647058823529,1.49415863906538,0.596962431146166,0.391805333157179,0.984441671579563,0.97761304063276,"ENSG00000183044/ENSG00000006128",2
"GO:0021695","cerebellar cortex development","2/287","17/3645",0.117647058823529,1.49415863906538,0.596962431146166,0.391805333157179,0.984441671579563,0.97761304063276,"ENSG00000074047/ENSG00000171798",2
"GO:0021988","olfactory lobe development","2/287","17/3645",0.117647058823529,1.49415863906538,0.596962431146166,0.391805333157179,0.984441671579563,0.97761304063276,"ENSG00000145147/ENSG00000178568",2
"GO:0032434","regulation of proteasomal ubiquitin-dependent protein catabolic process","2/287","17/3645",0.117647058823529,1.49415863906538,0.596962431146166,0.391805333157179,0.984441671579563,0.97761304063276,"ENSG00000137033/ENSG00000172425",2
"GO:0033344","cholesterol efflux","2/287","17/3645",0.117647058823529,1.49415863906538,0.596962431146166,0.391805333157179,0.984441671579563,0.97761304063276,"ENSG00000141338/ENSG00000181092",2
"GO:0042044","fluid transport","2/287","17/3645",0.117647058823529,1.49415863906538,0.596962431146166,0.391805333157179,0.984441671579563,0.97761304063276,"ENSG00000126895/ENSG00000165269",2
"GO:0060976","coronary vasculature development","2/287","17/3645",0.117647058823529,1.49415863906538,0.596962431146166,0.391805333157179,0.984441671579563,0.97761304063276,"ENSG00000170624/ENSG00000069702",2
"GO:0061383","trabecula morphogenesis","2/287","17/3645",0.117647058823529,1.49415863906538,0.596962431146166,0.391805333157179,0.984441671579563,0.97761304063276,"ENSG00000136457/ENSG00000069702",2
"GO:0071902","positive regulation of protein serine/threonine kinase activity","2/287","17/3645",0.117647058823529,1.49415863906538,0.596962431146166,0.391805333157179,0.984441671579563,0.97761304063276,"ENSG00000156427/ENSG00000181092",2
"GO:0072526","pyridine-containing compound catabolic process","2/287","17/3645",0.117647058823529,1.49415863906538,0.596962431146166,0.391805333157179,0.984441671579563,0.97761304063276,"ENSG00000017427/ENSG00000167588",2
"GO:1904894","positive regulation of receptor signaling pathway via STAT","2/287","17/3645",0.117647058823529,1.49415863906538,0.596962431146166,0.391805333157179,0.984441671579563,0.97761304063276,"ENSG00000178568/ENSG00000145777",2
"GO:2001239","regulation of extrinsic apoptotic signaling pathway in absence of ligand","2/287","17/3645",0.117647058823529,1.49415863906538,0.596962431146166,0.391805333157179,0.984441671579563,0.97761304063276,"ENSG00000112319/ENSG00000070193",2
"GO:0044089","positive regulation of cellular component biogenesis","12/287","137/3645",0.0875912408759124,1.11243927872021,0.392137457667518,0.393493919389393,0.984441671579563,0.97761304063276,"ENSG00000185070/ENSG00000269113/ENSG00000079337/ENSG00000006128/ENSG00000173114/ENSG00000186868/ENSG00000121871/ENSG00000145934/ENSG00000067798/ENSG00000004838/ENSG00000158258/ENSG00000184564",12
"GO:1901701","cellular response to oxygen-containing compound","28/287","335/3645",0.0835820895522388,1.06152165999272,0.345403105876783,0.39669175580408,0.984441671579563,0.97761304063276,"ENSG00000145147/ENSG00000170962/ENSG00000019991/ENSG00000017427/ENSG00000166147/ENSG00000135914/ENSG00000168329/ENSG00000079337/ENSG00000167244/ENSG00000169184/ENSG00000120738/ENSG00000100448/ENSG00000150594/ENSG00000165816/ENSG00000169252/ENSG00000186868/ENSG00000103257/ENSG00000064300/ENSG00000170345/ENSG00000092009/ENSG00000169083/ENSG00000091831/ENSG00000167588/ENSG00000181092/ENSG00000184811/ENSG00000106688/ENSG00000144891/ENSG00000134240",28
"GO:0036293","response to decreased oxygen levels","9/287","101/3645",0.0891089108910891,1.13171421671784,0.392406570316192,0.400204228601567,0.984441671579563,0.97761304063276,"ENSG00000107562/ENSG00000183044/ENSG00000173376/ENSG00000120738/ENSG00000170345/ENSG00000113739/ENSG00000069702/ENSG00000181092/ENSG00000106688",9
"GO:0010629","negative regulation of gene expression","19/287","224/3645",0.0848214285714286,1.07726169736187,0.348900429137428,0.400973187606135,0.984441671579563,0.97761304063276,"ENSG00000144642/ENSG00000019991/ENSG00000017427/ENSG00000138615/ENSG00000168329/ENSG00000082175/ENSG00000115602/ENSG00000179954/ENSG00000253250/ENSG00000134830/ENSG00000186868/ENSG00000103257/ENSG00000067798/ENSG00000091831/ENSG00000113739/ENSG00000137033/ENSG00000181092/ENSG00000176194/ENSG00000112183",19
"GO:0003281","ventricular septum development","3/287","29/3645",0.103448275862069,1.3138291481437,0.495984212271501,0.40279903480182,0.984441671579563,0.97761304063276,"ENSG00000145147/ENSG00000169946/ENSG00000069702",3
"GO:0009267","cellular response to starvation","3/287","29/3645",0.103448275862069,1.3138291481437,0.495984212271501,0.40279903480182,0.984441671579563,0.97761304063276,"ENSG00000103257/ENSG00000170345/ENSG00000197769",3
"GO:0019217","regulation of fatty acid metabolic process","3/287","29/3645",0.103448275862069,1.3138291481437,0.495984212271501,0.40279903480182,0.984441671579563,0.97761304063276,"ENSG00000277494/ENSG00000181092/ENSG00000214456",3
"GO:0031016","pancreas development","3/287","29/3645",0.103448275862069,1.3138291481437,0.495984212271501,0.40279903480182,0.984441671579563,0.97761304063276,"ENSG00000017427/ENSG00000167244/ENSG00000070193",3
"GO:0032835","glomerulus development","3/287","29/3645",0.103448275862069,1.3138291481437,0.495984212271501,0.40279903480182,0.984441671579563,0.97761304063276,"ENSG00000170962/ENSG00000120738/ENSG00000181092",3
"GO:0042632","cholesterol homeostasis","3/287","29/3645",0.103448275862069,1.3138291481437,0.495984212271501,0.40279903480182,0.984441671579563,0.97761304063276,"ENSG00000277494/ENSG00000172260/ENSG00000170323",3
"GO:0043244","regulation of protein-containing complex disassembly","3/287","29/3645",0.103448275862069,1.3138291481437,0.495984212271501,0.40279903480182,0.984441671579563,0.97761304063276,"ENSG00000169252/ENSG00000166780/ENSG00000067798",3
"GO:0043616","keratinocyte proliferation","3/287","29/3645",0.103448275862069,1.3138291481437,0.495984212271501,0.40279903480182,0.984441671579563,0.97761304063276,"ENSG00000073282/ENSG00000171236/ENSG00000070193",3
"GO:0055092","sterol homeostasis","3/287","29/3645",0.103448275862069,1.3138291481437,0.495984212271501,0.40279903480182,0.984441671579563,0.97761304063276,"ENSG00000277494/ENSG00000172260/ENSG00000170323",3
"GO:0090132","epithelium migration","3/287","29/3645",0.103448275862069,1.3138291481437,0.495984212271501,0.40279903480182,0.984441671579563,0.97761304063276,"ENSG00000006128/ENSG00000171236/ENSG00000070193",3
"GO:0090087","regulation of peptide transport","7/287","77/3645",0.0909090909090909,1.15457713018689,0.400744865269438,0.404086704559006,0.984441671579563,0.97761304063276,"ENSG00000164220/ENSG00000079337/ENSG00000183044/ENSG00000150594/ENSG00000119147/ENSG00000170011/ENSG00000008196",7
"GO:0097530","granulocyte migration","6/287","65/3645",0.0923076923076923,1.17233985526668,0.409817665914274,0.405559638482342,0.984441671579563,0.97761304063276,"ENSG00000145147/ENSG00000166086/ENSG00000113296/ENSG00000134830/ENSG00000169347/ENSG00000124205",6
"GO:0001889","liver development","4/287","41/3645",0.0975609756097561,1.2390583836152,0.449980094457498,0.40596574450525,0.984441671579563,0.97761304063276,"ENSG00000019991/ENSG00000103257/ENSG00000069702/ENSG00000134240",4
"GO:0002690","positive regulation of leukocyte chemotaxis","4/287","41/3645",0.0975609756097561,1.2390583836152,0.449980094457498,0.40596574450525,0.984441671579563,0.97761304063276,"ENSG00000107562/ENSG00000168329/ENSG00000113296/ENSG00000124205",4
"GO:0006694","steroid biosynthetic process","4/287","41/3645",0.0975609756097561,1.2390583836152,0.449980094457498,0.40596574450525,0.984441671579563,0.97761304063276,"ENSG00000120738/ENSG00000231852/ENSG00000134240/ENSG00000170099",4
"GO:0010565","regulation of ketone metabolic process","4/287","41/3645",0.0975609756097561,1.2390583836152,0.449980094457498,0.40596574450525,0.984441671579563,0.97761304063276,"ENSG00000277494/ENSG00000120738/ENSG00000181092/ENSG00000214456",4
"GO:0032984","protein-containing complex disassembly","4/287","41/3645",0.0975609756097561,1.2390583836152,0.449980094457498,0.40596574450525,0.984441671579563,0.97761304063276,"ENSG00000169252/ENSG00000166780/ENSG00000067798/ENSG00000197769",4
"GO:0045598","regulation of fat cell differentiation","4/287","41/3645",0.0975609756097561,1.2390583836152,0.449980094457498,0.40596574450525,0.984441671579563,0.97761304063276,"ENSG00000079102/ENSG00000169946/ENSG00000109906/ENSG00000181092",4
"GO:0120032","regulation of plasma membrane bounded cell projection assembly","4/287","41/3645",0.0975609756097561,1.2390583836152,0.449980094457498,0.40596574450525,0.984441671579563,0.97761304063276,"ENSG00000145147/ENSG00000145536/ENSG00000145934/ENSG00000004838",4
"GO:1902476","chloride transmembrane transport","4/287","41/3645",0.0975609756097561,1.2390583836152,0.449980094457498,0.40596574450525,0.984441671579563,0.97761304063276,"ENSG00000162383/ENSG00000159212/ENSG00000050438/ENSG00000106688",4
"GO:0031589","cell-substrate adhesion","11/287","126/3645",0.0873015873015873,1.10876057740169,0.363192549043555,0.406215703701177,0.984441671579563,0.97761304063276,"ENSG00000106823/ENSG00000166086/ENSG00000165124/ENSG00000091986/ENSG00000154175/ENSG00000168477/ENSG00000173376/ENSG00000165816/ENSG00000164946/ENSG00000137809/ENSG00000065618",11
"GO:0034599","cellular response to oxidative stress","5/287","53/3645",0.0943396226415094,1.19814607849583,0.424761395609549,0.406385897123018,0.984441671579563,0.97761304063276,"ENSG00000170962/ENSG00000019991/ENSG00000186868/ENSG00000170345/ENSG00000106688",5
"GO:0007507","heart development","17/287","200/3645",0.085,1.07952961672474,0.338173101669915,0.406909138492842,0.984441671579563,0.97761304063276,"ENSG00000187955/ENSG00000145147/ENSG00000185070/ENSG00000017427/ENSG00000166147/ENSG00000170624/ENSG00000135914/ENSG00000169946/ENSG00000074047/ENSG00000049540/ENSG00000160808/ENSG00000178568/ENSG00000141449/ENSG00000069702/ENSG00000159307/ENSG00000164530/ENSG00000112183",17
"GO:0001816","cytokine production","19/287","225/3645",0.0844444444444444,1.07247386759582,0.328057092013701,0.40886556811906,0.984441671579563,0.97761304063276,"ENSG00000131016/ENSG00000019991/ENSG00000017427/ENSG00000135914/ENSG00000168329/ENSG00000166428/ENSG00000115602/ENSG00000179954/ENSG00000120738/ENSG00000150594/ENSG00000134830/ENSG00000103257/ENSG00000067798/ENSG00000092009/ENSG00000137033/ENSG00000181092/ENSG00000176194/ENSG00000145777/ENSG00000169900",19
"GO:0010038","response to metal ion","10/287","114/3645",0.087719298245614,1.11406565193471,0.361699776585665,0.409006066780783,0.984441671579563,0.97761304063276,"ENSG00000071967/ENSG00000183044/ENSG00000186868/ENSG00000120129/ENSG00000170345/ENSG00000125740/ENSG00000170323/ENSG00000160182/ENSG00000106688/ENSG00000134240",10
"GO:1902903","regulation of supramolecular fiber organization","8/287","90/3645",0.0888888888888889,1.12891986062718,0.362002080180486,0.414625174787643,0.984441671579563,0.97761304063276,"ENSG00000145147/ENSG00000107562/ENSG00000079337/ENSG00000049540/ENSG00000006128/ENSG00000186868/ENSG00000166780/ENSG00000067798",8
"GO:0060562","epithelial tube morphogenesis","11/287","127/3645",0.0866141732283465,1.10003017915443,0.335409049698726,0.416658626835225,0.984441671579563,0.97761304063276,"ENSG00000145147/ENSG00000017427/ENSG00000074047/ENSG00000082175/ENSG00000145536/ENSG00000169083/ENSG00000091831/ENSG00000141449/ENSG00000070193/ENSG00000126562/ENSG00000183117",11
"GO:0009743","response to carbohydrate","6/287","66/3645",0.0909090909090909,1.15457713018689,0.370447053932451,0.420049421554753,0.984441671579563,0.97761304063276,"ENSG00000017427/ENSG00000120738/ENSG00000150594/ENSG00000092009/ENSG00000181092/ENSG00000134240",6
"GO:0001974","blood vessel remodeling","2/287","18/3645",0.111111111111111,1.41114982578397,0.511154715913522,0.420259608663478,0.984441671579563,0.97761304063276,"ENSG00000017427/ENSG00000070193",2
"GO:0002534","cytokine production involved in inflammatory response","2/287","18/3645",0.111111111111111,1.41114982578397,0.511154715913522,0.420259608663478,0.984441671579563,0.97761304063276,"ENSG00000166428/ENSG00000137033",2
"GO:0002637","regulation of immunoglobulin production","2/287","18/3645",0.111111111111111,1.41114982578397,0.511154715913522,0.420259608663478,0.984441671579563,0.97761304063276,"ENSG00000137033/ENSG00000110169",2
"GO:0008228","opsonization","2/287","18/3645",0.111111111111111,1.41114982578397,0.511154715913522,0.420259608663478,0.984441671579563,0.97761304063276,"ENSG00000244731/ENSG00000224389",2
"GO:0009791","post-embryonic development","2/287","18/3645",0.111111111111111,1.41114982578397,0.511154715913522,0.420259608663478,0.984441671579563,0.97761304063276,"ENSG00000165646/ENSG00000159307",2
"GO:0010718","positive regulation of epithelial to mesenchymal transition","2/287","18/3645",0.111111111111111,1.41114982578397,0.511154715913522,0.420259608663478,0.984441671579563,0.97761304063276,"ENSG00000168477/ENSG00000171236",2
"GO:0010743","regulation of macrophage derived foam cell differentiation","2/287","18/3645",0.111111111111111,1.41114982578397,0.511154715913522,0.420259608663478,0.984441671579563,0.97761304063276,"ENSG00000181092/ENSG00000144891",2
"GO:0032350","regulation of hormone metabolic process","2/287","18/3645",0.111111111111111,1.41114982578397,0.511154715913522,0.420259608663478,0.984441671579563,0.97761304063276,"ENSG00000120738/ENSG00000113739",2
"GO:0035094","response to nicotine","2/287","18/3645",0.111111111111111,1.41114982578397,0.511154715913522,0.420259608663478,0.984441671579563,0.97761304063276,"ENSG00000183044/ENSG00000125740",2
"GO:0035640","exploration behavior","2/287","18/3645",0.111111111111111,1.41114982578397,0.511154715913522,0.420259608663478,0.984441671579563,0.97761304063276,"ENSG00000183044/ENSG00000134121",2
"GO:0043303","mast cell degranulation","2/287","18/3645",0.111111111111111,1.41114982578397,0.511154715913522,0.420259608663478,0.984441671579563,0.97761304063276,"ENSG00000179639/ENSG00000165646",2
"GO:0046503","glycerolipid catabolic process","2/287","18/3645",0.111111111111111,1.41114982578397,0.511154715913522,0.420259608663478,0.984441671579563,0.97761304063276,"ENSG00000277494/ENSG00000214456",2
"GO:0048008","platelet-derived growth factor receptor signaling pathway","2/287","18/3645",0.111111111111111,1.41114982578397,0.511154715913522,0.420259608663478,0.984441671579563,0.97761304063276,"ENSG00000170962/ENSG00000181092",2
"GO:0050850","positive regulation of calcium-mediated signaling","2/287","18/3645",0.111111111111111,1.41114982578397,0.511154715913522,0.420259608663478,0.984441671579563,0.97761304063276,"ENSG00000017427/ENSG00000172260",2
"GO:0051348","negative regulation of transferase activity","2/287","18/3645",0.111111111111111,1.41114982578397,0.511154715913522,0.420259608663478,0.984441671579563,0.97761304063276,"ENSG00000120129/ENSG00000181092",2
"GO:1900015","regulation of cytokine production involved in inflammatory response","2/287","18/3645",0.111111111111111,1.41114982578397,0.511154715913522,0.420259608663478,0.984441671579563,0.97761304063276,"ENSG00000166428/ENSG00000137033",2
"GO:1905314","semi-lunar valve development","2/287","18/3645",0.111111111111111,1.41114982578397,0.511154715913522,0.420259608663478,0.984441671579563,0.97761304063276,"ENSG00000145147/ENSG00000049540",2
"GO:2000403","positive regulation of lymphocyte migration","2/287","18/3645",0.111111111111111,1.41114982578397,0.511154715913522,0.420259608663478,0.984441671579563,0.97761304063276,"ENSG00000107562/ENSG00000154721",2
"GO:2001222","regulation of neuron migration","2/287","18/3645",0.111111111111111,1.41114982578397,0.511154715913522,0.420259608663478,0.984441671579563,0.97761304063276,"ENSG00000185070/ENSG00000178568",2
"GO:0001823","mesonephros development","5/287","54/3645",0.0925925925925926,1.17595818815331,0.380792552008192,0.422440620917827,0.984441671579563,0.97761304063276,"ENSG00000145147/ENSG00000145536/ENSG00000109906/ENSG00000141449/ENSG00000070193",5
"GO:0003231","cardiac ventricle development","5/287","54/3645",0.0925925925925926,1.17595818815331,0.380792552008192,0.422440620917827,0.984441671579563,0.97761304063276,"ENSG00000145147/ENSG00000169946/ENSG00000160808/ENSG00000141449/ENSG00000069702",5
"GO:0006650","glycerophospholipid metabolic process","5/287","54/3645",0.0925925925925926,1.17595818815331,0.380792552008192,0.422440620917827,0.984441671579563,0.97761304063276,"ENSG00000135914/ENSG00000115896/ENSG00000102010/ENSG00000168004/ENSG00000133321",5
"GO:0015980","energy derivation by oxidation of organic compounds","5/287","54/3645",0.0925925925925926,1.17595818815331,0.380792552008192,0.422440620917827,0.984441671579563,0.97761304063276,"ENSG00000017427/ENSG00000133116/ENSG00000167244/ENSG00000119938/ENSG00000167588",5
"GO:0030595","leukocyte chemotaxis","9/287","103/3645",0.087378640776699,1.10973918338351,0.330252295252137,0.423427749805646,0.984441671579563,0.97761304063276,"ENSG00000145147/ENSG00000107562/ENSG00000166086/ENSG00000168329/ENSG00000113296/ENSG00000100448/ENSG00000134830/ENSG00000120129/ENSG00000124205",9
"GO:0033627","cell adhesion mediated by integrin","4/287","42/3645",0.0952380952380952,1.20955699352912,0.399286346488993,0.424232272256899,0.984441671579563,0.97761304063276,"ENSG00000166086/ENSG00000166147/ENSG00000138722/ENSG00000137809",4
"GO:0034504","protein localization to nucleus","4/287","42/3645",0.0952380952380952,1.20955699352912,0.399286346488993,0.424232272256899,0.984441671579563,0.97761304063276,"ENSG00000082175/ENSG00000109906/ENSG00000064300/ENSG00000137033",4
"GO:0043123","positive regulation of canonical NF-kappaB signal transduction","4/287","42/3645",0.0952380952380952,1.20955699352912,0.399286346488993,0.424232272256899,0.984441671579563,0.97761304063276,"ENSG00000135914/ENSG00000168329/ENSG00000131080/ENSG00000181092",4
"GO:0060491","regulation of cell projection assembly","4/287","42/3645",0.0952380952380952,1.20955699352912,0.399286346488993,0.424232272256899,0.984441671579563,0.97761304063276,"ENSG00000145147/ENSG00000145536/ENSG00000145934/ENSG00000004838",4
"GO:0061008","hepaticobiliary system development","4/287","42/3645",0.0952380952380952,1.20955699352912,0.399286346488993,0.424232272256899,0.984441671579563,0.97761304063276,"ENSG00000019991/ENSG00000103257/ENSG00000069702/ENSG00000134240",4
"GO:0006576","biogenic amine metabolic process","3/287","30/3645",0.1,1.27003484320557,0.434126272119747,0.424542368234059,0.984441671579563,0.97761304063276,"ENSG00000133116/ENSG00000183044/ENSG00000106688",3
"GO:0032024","positive regulation of insulin secretion","3/287","30/3645",0.1,1.27003484320557,0.434126272119747,0.424542368234059,0.984441671579563,0.97761304063276,"ENSG00000164220/ENSG00000183044/ENSG00000170011",3
"GO:0032637","interleukin-8 production","3/287","30/3645",0.1,1.27003484320557,0.434126272119747,0.424542368234059,0.984441671579563,0.97761304063276,"ENSG00000179954/ENSG00000134830/ENSG00000181092",3
"GO:0032677","regulation of interleukin-8 production","3/287","30/3645",0.1,1.27003484320557,0.434126272119747,0.424542368234059,0.984441671579563,0.97761304063276,"ENSG00000179954/ENSG00000134830/ENSG00000181092",3
"GO:0050918","positive chemotaxis","3/287","30/3645",0.1,1.27003484320557,0.434126272119747,0.424542368234059,0.984441671579563,0.97761304063276,"ENSG00000107562/ENSG00000019991/ENSG00000070193",3
"GO:0072522","purine-containing compound biosynthetic process","3/287","30/3645",0.1,1.27003484320557,0.434126272119747,0.424542368234059,0.984441671579563,0.97761304063276,"ENSG00000154027/ENSG00000112981/ENSG00000197977",3
"GO:0009607","response to biotic stimulus","36/287","440/3645",0.0818181818181818,1.0391194171682,0.255796432734561,0.428187044330342,0.984441671579563,0.97761304063276,"ENSG00000144642/ENSG00000131016/ENSG00000107562/ENSG00000136546/ENSG00000143341/ENSG00000091986/ENSG00000168329/ENSG00000074047/ENSG00000166428/ENSG00000179954/ENSG00000163106/ENSG00000006128/ENSG00000276409/ENSG00000100448/ENSG00000112936/ENSG00000103257/ENSG00000244731/ENSG00000162722/ENSG00000224389/ENSG00000170345/ENSG00000128564/ENSG00000039537/ENSG00000091831/ENSG00000243649/ENSG00000137033/ENSG00000174175/ENSG00000171236/ENSG00000070193/ENSG00000169347/ENSG00000170323/ENSG00000181092/ENSG00000276644/ENSG00000110169/ENSG00000145777/ENSG00000134240/ENSG00000169900",36
"GO:0048667","cell morphogenesis involved in neuron differentiation","18/287","215/3645",0.0837209302325581,1.06328498500932,0.279616398809455,0.428277189894591,0.984441671579563,0.97761304063276,"ENSG00000196569/ENSG00000145147/ENSG00000107562/ENSG00000185070/ENSG00000196159/ENSG00000046889/ENSG00000074047/ENSG00000277586/ENSG00000165323/ENSG00000134121/ENSG00000186868/ENSG00000153993/ENSG00000064300/ENSG00000121871/ENSG00000184564/ENSG00000012171/ENSG00000124205/ENSG00000171798",18
"GO:0006468","protein phosphorylation","13/287","153/3645",0.0849673202614379,1.07911457265833,0.292250236356236,0.42946321200904,0.984441671579563,0.97761304063276,"ENSG00000145147/ENSG00000017427/ENSG00000166147/ENSG00000156427/ENSG00000113296/ENSG00000100448/ENSG00000102010/ENSG00000120129/ENSG00000178568/ENSG00000090534/ENSG00000070193/ENSG00000181092/ENSG00000126562",13
"GO:0007156","homophilic cell adhesion via plasma membrane adhesion molecules","7/287","79/3645",0.0886075949367089,1.12534732942266,0.329251489550819,0.430679104852663,0.984441671579563,0.97761304063276,"ENSG00000143341/ENSG00000196159/ENSG00000165323/ENSG00000196090/ENSG00000254245/ENSG00000158258/ENSG00000081853",7
"GO:0042180","ketone metabolic process","6/287","67/3645",0.0895522388059701,1.13734463570648,0.33167956992852,0.434495997903149,0.984441671579563,0.97761304063276,"ENSG00000277494/ENSG00000120738/ENSG00000231852/ENSG00000181092/ENSG00000186204/ENSG00000214456",6
"GO:0032496","response to lipopolysaccharide","9/287","104/3645",0.0865384615384615,1.09906861431252,0.299626058560455,0.435029017865699,0.984441671579563,0.97761304063276,"ENSG00000131016/ENSG00000168329/ENSG00000006128/ENSG00000100448/ENSG00000103257/ENSG00000170345/ENSG00000174175/ENSG00000070193/ENSG00000134240",9
"GO:0033993","response to lipid","24/287","291/3645",0.0824742268041237,1.04745141707676,0.246662959875792,0.436619438300872,0.984441671579563,0.97761304063276,"ENSG00000131016/ENSG00000145147/ENSG00000017427/ENSG00000168329/ENSG00000133116/ENSG00000082175/ENSG00000277586/ENSG00000006128/ENSG00000169184/ENSG00000100448/ENSG00000073282/ENSG00000103257/ENSG00000120129/ENSG00000170345/ENSG00000169083/ENSG00000183888/ENSG00000091831/ENSG00000113739/ENSG00000174175/ENSG00000125740/ENSG00000070193/ENSG00000069702/ENSG00000181092/ENSG00000134240",24
"GO:0009746","response to hexose","5/287","55/3645",0.0909090909090909,1.15457713018689,0.33765186058578,0.438418088898886,0.984441671579563,0.97761304063276,"ENSG00000017427/ENSG00000120738/ENSG00000150594/ENSG00000092009/ENSG00000181092",5
"GO:0021543","pallium development","5/287","55/3645",0.0909090909090909,1.15457713018689,0.33765186058578,0.438418088898886,0.984441671579563,0.97761304063276,"ENSG00000145147/ENSG00000196159/ENSG00000277586/ENSG00000166780/ENSG00000170345",5
"GO:0021537","telencephalon development","8/287","92/3645",0.0869565217391304,1.10437812452659,0.29641186621141,0.43933263474195,0.984441671579563,0.97761304063276,"ENSG00000145147/ENSG00000107562/ENSG00000196159/ENSG00000277586/ENSG00000166780/ENSG00000126895/ENSG00000170345/ENSG00000178568",8
"GO:0071674","mononuclear cell migration","8/287","92/3645",0.0869565217391304,1.10437812452659,0.29641186621141,0.43933263474195,0.984441671579563,0.97761304063276,"ENSG00000145147/ENSG00000107562/ENSG00000170962/ENSG00000166086/ENSG00000154721/ENSG00000168329/ENSG00000100448/ENSG00000120129",8
"GO:0045785","positive regulation of cell adhesion","15/287","179/3645",0.0837988826815642,1.06427500827283,0.25777699943733,0.439918045953155,0.984441671579563,0.97761304063276,"ENSG00000196569/ENSG00000106823/ENSG00000107562/ENSG00000017427/ENSG00000091986/ENSG00000074047/ENSG00000179388/ENSG00000138722/ENSG00000167244/ENSG00000154175/ENSG00000173376/ENSG00000090539/ENSG00000100448/ENSG00000109906/ENSG00000174175",15
"GO:1902533","positive regulation of intracellular signal transduction","25/287","304/3645",0.0822368421052632,1.0444365486888,0.236553109514136,0.439991186683566,0.984441671579563,0.97761304063276,"ENSG00000131016/ENSG00000170962/ENSG00000019991/ENSG00000017427/ENSG00000135914/ENSG00000168329/ENSG00000133116/ENSG00000167244/ENSG00000156427/ENSG00000172260/ENSG00000169184/ENSG00000131080/ENSG00000150594/ENSG00000169252/ENSG00000126895/ENSG00000169083/ENSG00000183888/ENSG00000178568/ENSG00000137033/ENSG00000174175/ENSG00000090534/ENSG00000070193/ENSG00000069702/ENSG00000181092/ENSG00000124205",25
"GO:0002009","morphogenesis of an epithelium","17/287","204/3645",0.0833333333333333,1.05836236933798,0.250781472836659,0.440375021838029,0.984441671579563,0.97761304063276,"ENSG00000145147/ENSG00000019991/ENSG00000017427/ENSG00000074047/ENSG00000082175/ENSG00000145536/ENSG00000073282/ENSG00000064300/ENSG00000169083/ENSG00000178568/ENSG00000091831/ENSG00000141449/ENSG00000196208/ENSG00000171236/ENSG00000070193/ENSG00000126562/ENSG00000183117",17
"GO:0010638","positive regulation of organelle organization","10/287","117/3645",0.0854700854700855,1.08549986598767,0.27477920537491,0.441933471993715,0.984441671579563,0.97761304063276,"ENSG00000017427/ENSG00000079337/ENSG00000167244/ENSG00000006128/ENSG00000170743/ENSG00000169252/ENSG00000186868/ENSG00000067798/ENSG00000004838/ENSG00000124205",10
"GO:0001678","intracellular glucose homeostasis","4/287","43/3645",0.0930232558139535,1.18142776112146,0.34982907475586,0.442358795237677,0.984441671579563,0.97761304063276,"ENSG00000017427/ENSG00000150594/ENSG00000064300/ENSG00000092009",4
"GO:0033674","positive regulation of kinase activity","4/287","43/3645",0.0930232558139535,1.18142776112146,0.34982907475586,0.442358795237677,0.984441671579563,0.97761304063276,"ENSG00000017427/ENSG00000166147/ENSG00000156427/ENSG00000181092",4
"GO:0072594","establishment of protein localization to organelle","4/287","43/3645",0.0930232558139535,1.18142776112146,0.34982907475586,0.442358795237677,0.984441671579563,0.97761304063276,"ENSG00000125869/ENSG00000186868/ENSG00000173210/ENSG00000137033",4
"GO:0090277","positive regulation of peptide hormone secretion","4/287","43/3645",0.0930232558139535,1.18142776112146,0.34982907475586,0.442358795237677,0.984441671579563,0.97761304063276,"ENSG00000164220/ENSG00000183044/ENSG00000119147/ENSG00000170011",4
"GO:0002761","regulation of myeloid leukocyte differentiation","3/287","31/3645",0.0967741935483871,1.22906597729572,0.374401128006779,0.446008593386042,0.984441671579563,0.97761304063276,"ENSG00000166147/ENSG00000170345/ENSG00000181092",3
"GO:0006672","ceramide metabolic process","3/287","31/3645",0.0967741935483871,1.22906597729572,0.374401128006779,0.446008593386042,0.984441671579563,0.97761304063276,"ENSG00000148488/ENSG00000168350/ENSG00000171954",3
"GO:0016125","sterol metabolic process","3/287","31/3645",0.0967741935483871,1.22906597729572,0.374401128006779,0.446008593386042,0.984441671579563,0.97761304063276,"ENSG00000231852/ENSG00000144891/ENSG00000134240",3
"GO:0021536","diencephalon development","3/287","31/3645",0.0967741935483871,1.22906597729572,0.374401128006779,0.446008593386042,0.984441671579563,0.97761304063276,"ENSG00000074047/ENSG00000173376/ENSG00000070193",3
"GO:0043086","negative regulation of catalytic activity","3/287","31/3645",0.0967741935483871,1.22906597729572,0.374401128006779,0.446008593386042,0.984441671579563,0.97761304063276,"ENSG00000120129/ENSG00000181092/ENSG00000214456",3
"GO:0048546","digestive tract morphogenesis","3/287","31/3645",0.0967741935483871,1.22906597729572,0.374401128006779,0.446008593386042,0.984441671579563,0.97761304063276,"ENSG00000074047/ENSG00000073282/ENSG00000070193",3
"GO:0051899","membrane depolarization","3/287","31/3645",0.0967741935483871,1.22906597729572,0.374401128006779,0.446008593386042,0.984441671579563,0.97761304063276,"ENSG00000149575/ENSG00000177098/ENSG00000153253",3
"GO:0060415","muscle tissue morphogenesis","3/287","31/3645",0.0967741935483871,1.22906597729572,0.374401128006779,0.446008593386042,0.984441671579563,0.97761304063276,"ENSG00000169946/ENSG00000160808/ENSG00000069702",3
"GO:0097006","regulation of plasma lipoprotein particle levels","3/287","31/3645",0.0967741935483871,1.22906597729572,0.374401128006779,0.446008593386042,0.984441671579563,0.97761304063276,"ENSG00000277494/ENSG00000181092/ENSG00000144891",3
"GO:1904659","D-glucose transmembrane transport","3/287","31/3645",0.0967741935483871,1.22906597729572,0.374401128006779,0.446008593386042,0.984441671579563,0.97761304063276,"ENSG00000017427/ENSG00000181092/ENSG00000184811",3
"GO:0001541","ovarian follicle development","2/287","19/3645",0.105263157894737,1.33687878232166,0.430354497332711,0.448020282650357,0.984441671579563,0.97761304063276,"ENSG00000128564/ENSG00000091831",2
"GO:0002279","mast cell activation involved in immune response","2/287","19/3645",0.105263157894737,1.33687878232166,0.430354497332711,0.448020282650357,0.984441671579563,0.97761304063276,"ENSG00000179639/ENSG00000165646",2
"GO:0002448","mast cell mediated immunity","2/287","19/3645",0.105263157894737,1.33687878232166,0.430354497332711,0.448020282650357,0.984441671579563,0.97761304063276,"ENSG00000179639/ENSG00000165646",2
"GO:0006282","regulation of DNA repair","2/287","19/3645",0.105263157894737,1.33687878232166,0.430354497332711,0.448020282650357,0.984441671579563,0.97761304063276,"ENSG00000112319/ENSG00000070193",2
"GO:0006968","cellular defense response","2/287","19/3645",0.105263157894737,1.33687878232166,0.430354497332711,0.448020282650357,0.984441671579563,0.97761304063276,"ENSG00000168329/ENSG00000137033",2
"GO:0009134","nucleoside diphosphate catabolic process","2/287","19/3645",0.105263157894737,1.33687878232166,0.430354497332711,0.448020282650357,0.984441671579563,0.97761304063276,"ENSG00000017427/ENSG00000167588",2
"GO:0010742","macrophage derived foam cell differentiation","2/287","19/3645",0.105263157894737,1.33687878232166,0.430354497332711,0.448020282650357,0.984441671579563,0.97761304063276,"ENSG00000181092/ENSG00000144891",2
"GO:0019395","fatty acid oxidation","2/287","19/3645",0.105263157894737,1.33687878232166,0.430354497332711,0.448020282650357,0.984441671579563,0.97761304063276,"ENSG00000181092/ENSG00000214456",2
"GO:0032418","lysosome localization","2/287","19/3645",0.105263157894737,1.33687878232166,0.430354497332711,0.448020282650357,0.984441671579563,0.97761304063276,"ENSG00000179639/ENSG00000165646",2
"GO:0034368","protein-lipid complex remodeling","2/287","19/3645",0.105263157894737,1.33687878232166,0.430354497332711,0.448020282650357,0.984441671579563,0.97761304063276,"ENSG00000277494/ENSG00000144891",2
"GO:0034369","plasma lipoprotein particle remodeling","2/287","19/3645",0.105263157894737,1.33687878232166,0.430354497332711,0.448020282650357,0.984441671579563,0.97761304063276,"ENSG00000277494/ENSG00000144891",2
"GO:0035904","aorta development","2/287","19/3645",0.105263157894737,1.33687878232166,0.430354497332711,0.448020282650357,0.984441671579563,0.97761304063276,"ENSG00000064300/ENSG00000008196",2
"GO:0035966","response to topologically incorrect protein","2/287","19/3645",0.105263157894737,1.33687878232166,0.430354497332711,0.448020282650357,0.984441671579563,0.97761304063276,"ENSG00000113296/ENSG00000113739",2
"GO:0042311","vasodilation","2/287","19/3645",0.105263157894737,1.33687878232166,0.430354497332711,0.448020282650357,0.984441671579563,0.97761304063276,"ENSG00000150594/ENSG00000169252",2
"GO:0042596","fear response","2/287","19/3645",0.105263157894737,1.33687878232166,0.430354497332711,0.448020282650357,0.984441671579563,0.97761304063276,"ENSG00000150594/ENSG00000106688",2
"GO:0043268","positive regulation of potassium ion transport","2/287","19/3645",0.105263157894737,1.33687878232166,0.430354497332711,0.448020282650357,0.984441671579563,0.97761304063276,"ENSG00000150594/ENSG00000124205",2
"GO:0043627","response to estrogen","2/287","19/3645",0.105263157894737,1.33687878232166,0.430354497332711,0.448020282650357,0.984441671579563,0.97761304063276,"ENSG00000169083/ENSG00000091831",2
"GO:0045823","positive regulation of heart contraction","2/287","19/3645",0.105263157894737,1.33687878232166,0.430354497332711,0.448020282650357,0.984441671579563,0.97761304063276,"ENSG00000106688/ENSG00000124205",2
"GO:0070633","transepithelial transport","2/287","19/3645",0.105263157894737,1.33687878232166,0.430354497332711,0.448020282650357,0.984441671579563,0.97761304063276,"ENSG00000118777/ENSG00000106688",2
"GO:0090077","foam cell differentiation","2/287","19/3645",0.105263157894737,1.33687878232166,0.430354497332711,0.448020282650357,0.984441671579563,0.97761304063276,"ENSG00000181092/ENSG00000144891",2
"GO:0098930","axonal transport","2/287","19/3645",0.105263157894737,1.33687878232166,0.430354497332711,0.448020282650357,0.984441671579563,0.97761304063276,"ENSG00000277586/ENSG00000186868",2
"GO:0099500","vesicle fusion to plasma membrane","2/287","19/3645",0.105263157894737,1.33687878232166,0.430354497332711,0.448020282650357,0.984441671579563,0.97761304063276,"ENSG00000170743/ENSG00000184811",2
"GO:1903524","positive regulation of blood circulation","2/287","19/3645",0.105263157894737,1.33687878232166,0.430354497332711,0.448020282650357,0.984441671579563,0.97761304063276,"ENSG00000106688/ENSG00000124205",2
"GO:1904019","epithelial cell apoptotic process","2/287","19/3645",0.105263157894737,1.33687878232166,0.430354497332711,0.448020282650357,0.984441671579563,0.97761304063276,"ENSG00000106483/ENSG00000091831",2
"GO:1990849","vacuolar localization","2/287","19/3645",0.105263157894737,1.33687878232166,0.430354497332711,0.448020282650357,0.984441671579563,0.97761304063276,"ENSG00000179639/ENSG00000165646",2
"GO:2000379","positive regulation of reactive oxygen species metabolic process","2/287","19/3645",0.105263157894737,1.33687878232166,0.430354497332711,0.448020282650357,0.984441671579563,0.97761304063276,"ENSG00000186868/ENSG00000144891",2
"GO:0030029","actin filament-based process","19/287","230/3645",0.0826086956521739,1.04915921830026,0.225145524828003,0.448474051099791,0.984441671579563,0.97761304063276,"ENSG00000149575/ENSG00000145147/ENSG00000107562/ENSG00000136546/ENSG00000143341/ENSG00000166086/ENSG00000177098/ENSG00000170624/ENSG00000154330/ENSG00000079337/ENSG00000049540/ENSG00000006128/ENSG00000168477/ENSG00000150594/ENSG00000153253/ENSG00000145703/ENSG00000152049/ENSG00000070193/ENSG00000171385",19
"GO:0051247","positive regulation of protein metabolic process","13/287","155/3645",0.0838709677419355,1.06519051365629,0.242452867676489,0.44862353081803,0.984441671579563,0.97761304063276,"ENSG00000144642/ENSG00000017427/ENSG00000166147/ENSG00000262655/ENSG00000156427/ENSG00000120738/ENSG00000113296/ENSG00000150594/ENSG00000178568/ENSG00000137033/ENSG00000090534/ENSG00000070193/ENSG00000181092",13
"GO:0031346","positive regulation of cell projection organization","8/287","93/3645",0.0860215053763441,1.09250309092953,0.264150250566391,0.451643208879469,0.984441671579563,0.97761304063276,"ENSG00000145147/ENSG00000107562/ENSG00000277586/ENSG00000172260/ENSG00000173376/ENSG00000186868/ENSG00000145934/ENSG00000004838",8
"GO:0046942","carboxylic acid transport","10/287","118/3645",0.0847457627118644,1.076300714581,0.246295607007414,0.452882339423769,0.984441671579563,0.97761304063276,"ENSG00000162383/ENSG00000118777/ENSG00000183044/ENSG00000169507/ENSG00000139209/ENSG00000103257/ENSG00000152779/ENSG00000170323/ENSG00000003989/ENSG00000106688",10
"GO:0001775","cell activation","27/287","331/3645",0.081570996978852,1.03598008358159,0.200673349344466,0.452995786296393,0.984441671579563,0.97761304063276,"ENSG00000131016/ENSG00000165124/ENSG00000017427/ENSG00000168329/ENSG00000074047/ENSG00000179639/ENSG00000187800/ENSG00000164220/ENSG00000115602/ENSG00000175857/ENSG00000179388/ENSG00000138722/ENSG00000167244/ENSG00000006128/ENSG00000165646/ENSG00000120738/ENSG00000100448/ENSG00000150594/ENSG00000078596/ENSG00000109906/ENSG00000186868/ENSG00000243649/ENSG00000137033/ENSG00000174175/ENSG00000070193/ENSG00000126562/ENSG00000145777",27
"GO:0019220","regulation of phosphate metabolic process","12/287","143/3645",0.0839160839160839,1.0657635047879,0.234522591657937,0.453351848548351,0.984441671579563,0.97761304063276,"ENSG00000145147/ENSG00000017427/ENSG00000166147/ENSG00000135914/ENSG00000156427/ENSG00000113296/ENSG00000120129/ENSG00000178568/ENSG00000090534/ENSG00000070193/ENSG00000167588/ENSG00000181092",12
"GO:0051174","regulation of phosphorus metabolic process","12/287","143/3645",0.0839160839160839,1.0657635047879,0.234522591657937,0.453351848548351,0.984441671579563,0.97761304063276,"ENSG00000145147/ENSG00000017427/ENSG00000166147/ENSG00000135914/ENSG00000156427/ENSG00000113296/ENSG00000120129/ENSG00000178568/ENSG00000090534/ENSG00000070193/ENSG00000167588/ENSG00000181092",12
"GO:0048732","gland development","14/287","168/3645",0.0833333333333333,1.05836236933798,0.226399256755661,0.453379712071727,0.984441671579563,0.97761304063276,"ENSG00000019991/ENSG00000017427/ENSG00000074047/ENSG00000082175/ENSG00000167244/ENSG00000073282/ENSG00000103257/ENSG00000169083/ENSG00000178568/ENSG00000091831/ENSG00000070193/ENSG00000069702/ENSG00000134240/ENSG00000183117",14
"GO:0000302","response to reactive oxygen species","5/287","56/3645",0.0892857142857143,1.13395968143355,0.295305256134773,0.454295201381676,0.984441671579563,0.97761304063276,"ENSG00000170962/ENSG00000019991/ENSG00000186868/ENSG00000120129/ENSG00000170345",5
"GO:0030902","hindbrain development","5/287","56/3645",0.0892857142857143,1.13395968143355,0.295305256134773,0.454295201381676,0.984441671579563,0.97761304063276,"ENSG00000017427/ENSG00000074047/ENSG00000183044/ENSG00000266524/ENSG00000171798",5
"GO:0048660","regulation of smooth muscle cell proliferation","5/287","56/3645",0.0892857142857143,1.13395968143355,0.295305256134773,0.454295201381676,0.984441671579563,0.97761304063276,"ENSG00000170962/ENSG00000106809/ENSG00000017427/ENSG00000049540/ENSG00000181092",5
"GO:0010639","negative regulation of organelle organization","7/287","81/3645",0.0864197530864197,1.09756097560976,0.25956108624442,0.457124194011917,0.984441671579563,0.97761304063276,"ENSG00000145147/ENSG00000019991/ENSG00000017427/ENSG00000186868/ENSG00000166780/ENSG00000120129/ENSG00000067798",7
"GO:0007409","axonogenesis","15/287","181/3645",0.0828729281767956,1.05251506343003,0.211847833397871,0.457734711532717,0.984441671579563,0.97761304063276,"ENSG00000196569/ENSG00000145147/ENSG00000107562/ENSG00000185070/ENSG00000196159/ENSG00000074047/ENSG00000277586/ENSG00000134121/ENSG00000186868/ENSG00000153993/ENSG00000064300/ENSG00000121871/ENSG00000184564/ENSG00000012171/ENSG00000124205",15
"GO:0040008","regulation of growth","15/287","181/3645",0.0828729281767956,1.05251506343003,0.211847833397871,0.457734711532717,0.984441671579563,0.97761304063276,"ENSG00000187955/ENSG00000145147/ENSG00000107562/ENSG00000017427/ENSG00000169946/ENSG00000167244/ENSG00000169252/ENSG00000186868/ENSG00000169083/ENSG00000178568/ENSG00000103528/ENSG00000113739/ENSG00000069702/ENSG00000144891/ENSG00000164530",15
"GO:0015833","peptide transport","9/287","106/3645",0.0849056603773585,1.07833147064624,0.239242712797725,0.458162349818786,0.984441671579563,0.97761304063276,"ENSG00000164220/ENSG00000079337/ENSG00000183044/ENSG00000150594/ENSG00000128564/ENSG00000119147/ENSG00000170011/ENSG00000008196/ENSG00000124205",9
"GO:0098742","cell-cell adhesion via plasma-membrane adhesion molecules","11/287","131/3645",0.083969465648855,1.06644147139399,0.226393418615039,0.458391163396827,0.984441671579563,0.97761304063276,"ENSG00000143341/ENSG00000196159/ENSG00000013297/ENSG00000165323/ENSG00000196090/ENSG00000254245/ENSG00000121871/ENSG00000158258/ENSG00000174175/ENSG00000081853/ENSG00000181092",11
"GO:0002444","myeloid leukocyte mediated immunity","4/287","44/3645",0.0909090909090909,1.15457713018689,0.30154338399501,0.460313840908469,0.984441671579563,0.97761304063276,"ENSG00000168329/ENSG00000179639/ENSG00000165646/ENSG00000100448",4
"GO:0030307","positive regulation of cell growth","4/287","44/3645",0.0909090909090909,1.15457713018689,0.30154338399501,0.460313840908469,0.984441671579563,0.97761304063276,"ENSG00000107562/ENSG00000017427/ENSG00000186868/ENSG00000103528",4
"GO:0043409","negative regulation of MAPK cascade","4/287","44/3645",0.0909090909090909,1.15457713018689,0.30154338399501,0.460313840908469,0.984441671579563,0.97761304063276,"ENSG00000017427/ENSG00000120129/ENSG00000181092/ENSG00000120875",4
"GO:1903530","regulation of secretion by cell","16/287","194/3645",0.0824742268041237,1.04745141707676,0.198548842039495,0.461752803754035,0.984441671579563,0.97761304063276,"ENSG00000107562/ENSG00000017427/ENSG00000164220/ENSG00000079337/ENSG00000183044/ENSG00000006128/ENSG00000150594/ENSG00000170743/ENSG00000119147/ENSG00000103528/ENSG00000170011/ENSG00000181092/ENSG00000008196/ENSG00000050438/ENSG00000144891/ENSG00000124205",16
"GO:0051960","regulation of nervous system development","14/287","169/3645",0.0828402366863905,1.05209987011113,0.202735543469649,0.462589950841396,0.984441671579563,0.97761304063276,"ENSG00000145147/ENSG00000107562/ENSG00000185070/ENSG00000154721/ENSG00000017427/ENSG00000168329/ENSG00000277586/ENSG00000172260/ENSG00000173114/ENSG00000186868/ENSG00000103257/ENSG00000121871/ENSG00000158258/ENSG00000184564",14
"GO:0002064","epithelial cell development","6/287","69/3645",0.0869565217391304,1.10437812452659,0.255873356450681,0.463189038817277,0.984441671579563,0.97761304063276,"ENSG00000082175/ENSG00000079337/ENSG00000073282/ENSG00000169083/ENSG00000091831/ENSG00000181092",6
"GO:0007204","positive regulation of cytosolic calcium ion concentration","6/287","69/3645",0.0869565217391304,1.10437812452659,0.255873356450681,0.463189038817277,0.984441671579563,0.97761304063276,"ENSG00000168329/ENSG00000050628/ENSG00000006128/ENSG00000134830/ENSG00000091831/ENSG00000144891",6
"GO:0055123","digestive system development","6/287","69/3645",0.0869565217391304,1.10437812452659,0.255873356450681,0.463189038817277,0.984441671579563,0.97761304063276,"ENSG00000017427/ENSG00000074047/ENSG00000167244/ENSG00000073282/ENSG00000070193/ENSG00000134240",6
"GO:0072073","kidney epithelium development","6/287","69/3645",0.0869565217391304,1.10437812452659,0.255873356450681,0.463189038817277,0.984441671579563,0.97761304063276,"ENSG00000145147/ENSG00000145536/ENSG00000141449/ENSG00000181092/ENSG00000126562/ENSG00000008196",6
"GO:0015849","organic acid transport","10/287","119/3645",0.0840336134453782,1.06725617076099,0.218049075870987,0.463804350383589,0.984441671579563,0.97761304063276,"ENSG00000162383/ENSG00000118777/ENSG00000183044/ENSG00000169507/ENSG00000139209/ENSG00000103257/ENSG00000152779/ENSG00000170323/ENSG00000003989/ENSG00000106688",10
"GO:0003007","heart morphogenesis","8/287","94/3645",0.0851063829787234,1.08088071762177,0.23223270093775,0.463910137930727,0.984441671579563,0.97761304063276,"ENSG00000145147/ENSG00000185070/ENSG00000135914/ENSG00000169946/ENSG00000049540/ENSG00000160808/ENSG00000141449/ENSG00000069702",8
"GO:0003208","cardiac ventricle morphogenesis","3/287","32/3645",0.09375,1.19065766550523,0.316654063856205,0.46715202431976,0.984441671579563,0.97761304063276,"ENSG00000169946/ENSG00000160808/ENSG00000069702",3
"GO:0006605","protein targeting","3/287","32/3645",0.09375,1.19065766550523,0.316654063856205,0.46715202431976,0.984441671579563,0.97761304063276,"ENSG00000119681/ENSG00000173210/ENSG00000106688",3
"GO:0008645","hexose transmembrane transport","3/287","32/3645",0.09375,1.19065766550523,0.316654063856205,0.46715202431976,0.984441671579563,0.97761304063276,"ENSG00000017427/ENSG00000181092/ENSG00000184811",3
"GO:0021879","forebrain neuron differentiation","3/287","32/3645",0.09375,1.19065766550523,0.316654063856205,0.46715202431976,0.984441671579563,0.97761304063276,"ENSG00000145147/ENSG00000173376/ENSG00000178568",3
"GO:0048640","negative regulation of developmental growth","3/287","32/3645",0.09375,1.19065766550523,0.316654063856205,0.46715202431976,0.984441671579563,0.97761304063276,"ENSG00000169252/ENSG00000113739/ENSG00000164530",3
"GO:0071900","regulation of protein serine/threonine kinase activity","3/287","32/3645",0.09375,1.19065766550523,0.316654063856205,0.46715202431976,0.984441671579563,0.97761304063276,"ENSG00000156427/ENSG00000120129/ENSG00000181092",3
"GO:0072091","regulation of stem cell proliferation","3/287","32/3645",0.09375,1.19065766550523,0.316654063856205,0.46715202431976,0.984441671579563,0.97761304063276,"ENSG00000073282/ENSG00000090534/ENSG00000070193",3
"GO:0120162","positive regulation of cold-induced thermogenesis","3/287","32/3645",0.09375,1.19065766550523,0.316654063856205,0.46715202431976,0.984441671579563,0.97761304063276,"ENSG00000169252/ENSG00000170323/ENSG00000181092",3
"GO:1902806","regulation of cell cycle G1/S phase transition","3/287","32/3645",0.09375,1.19065766550523,0.316654063856205,0.46715202431976,0.984441671579563,0.97761304063276,"ENSG00000169184/ENSG00000073282/ENSG00000070193",3
"GO:0032101","regulation of response to external stimulus","25/287","308/3645",0.0811688311688312,1.03087243766686,0.165522853238834,0.467802938738153,0.984441671579563,0.97761304063276,"ENSG00000145147/ENSG00000107562/ENSG00000170962/ENSG00000166086/ENSG00000019991/ENSG00000017427/ENSG00000168329/ENSG00000115602/ENSG00000050628/ENSG00000138722/ENSG00000156427/ENSG00000006128/ENSG00000113296/ENSG00000134830/ENSG00000120129/ENSG00000092009/ENSG00000091831/ENSG00000137033/ENSG00000070193/ENSG00000170323/ENSG00000181092/ENSG00000110169/ENSG00000144891/ENSG00000145777/ENSG00000124205",25
"GO:0001837","epithelial to mesenchymal transition","5/287","57/3645",0.087719298245614,1.11406565193471,0.253720690273723,0.47005014820055,0.984441671579563,0.97761304063276,"ENSG00000019991/ENSG00000017427/ENSG00000168477/ENSG00000171236/ENSG00000069702",5
"GO:0031644","regulation of nervous system process","5/287","57/3645",0.087719298245614,1.11406565193471,0.253720690273723,0.47005014820055,0.984441671579563,0.97761304063276,"ENSG00000154721/ENSG00000017427/ENSG00000183044/ENSG00000006128/ENSG00000169252",5
"GO:0048659","smooth muscle cell proliferation","5/287","57/3645",0.087719298245614,1.11406565193471,0.253720690273723,0.47005014820055,0.984441671579563,0.97761304063276,"ENSG00000170962/ENSG00000106809/ENSG00000017427/ENSG00000049540/ENSG00000181092",5
"GO:0060993","kidney morphogenesis","5/287","57/3645",0.087719298245614,1.11406565193471,0.253720690273723,0.47005014820055,0.984441671579563,0.97761304063276,"ENSG00000145536/ENSG00000178568/ENSG00000141449/ENSG00000070193/ENSG00000126562",5
"GO:0032956","regulation of actin cytoskeleton organization","7/287","82/3645",0.0853658536585366,1.0841760856633,0.225360360163631,0.470257392354647,0.984441671579563,0.97761304063276,"ENSG00000145147/ENSG00000107562/ENSG00000166086/ENSG00000079337/ENSG00000049540/ENSG00000006128/ENSG00000145703",7
"GO:0042981","regulation of apoptotic process","29/287","359/3645",0.0807799442896936,1.02593343880116,0.151273668797795,0.471545776376559,0.984441671579563,0.97761304063276,"ENSG00000131016/ENSG00000145147/ENSG00000107562/ENSG00000019991/ENSG00000017427/ENSG00000135914/ENSG00000168329/ENSG00000179388/ENSG00000106483/ENSG00000277586/ENSG00000134121/ENSG00000173376/ENSG00000120738/ENSG00000073282/ENSG00000109906/ENSG00000103257/ENSG00000064300/ENSG00000120129/ENSG00000169083/ENSG00000112981/ENSG00000178568/ENSG00000112319/ENSG00000091831/ENSG00000070193/ENSG00000181092/ENSG00000176194/ENSG00000008196/ENSG00000106688/ENSG00000145777",29
"GO:0051604","protein maturation","10/287","120/3645",0.0833333333333333,1.05836236933798,0.190035073693743,0.474691753104689,0.984441671579563,0.97761304063276,"ENSG00000038295/ENSG00000262655/ENSG00000124491/ENSG00000163751/ENSG00000100448/ENSG00000244731/ENSG00000092009/ENSG00000004838/ENSG00000243649/ENSG00000145244",10
"GO:0001738","morphogenesis of a polarized epithelium","2/287","20/3645",0.1,1.27003484320557,0.353973365274441,0.47502003481088,0.984441671579563,0.97761304063276,"ENSG00000073282/ENSG00000178568",2
"GO:0003156","regulation of animal organ formation","2/287","20/3645",0.1,1.27003484320557,0.353973365274441,0.47502003481088,0.984441671579563,0.97761304063276,"ENSG00000169083/ENSG00000070193",2
"GO:0003401","axis elongation","2/287","20/3645",0.1,1.27003484320557,0.353973365274441,0.47502003481088,0.984441671579563,0.97761304063276,"ENSG00000091831/ENSG00000070193",2
"GO:0017148","negative regulation of translation","2/287","20/3645",0.1,1.27003484320557,0.353973365274441,0.47502003481088,0.984441671579563,0.97761304063276,"ENSG00000253250/ENSG00000112183",2
"GO:0021983","pituitary gland development","2/287","20/3645",0.1,1.27003484320557,0.353973365274441,0.47502003481088,0.984441671579563,0.97761304063276,"ENSG00000074047/ENSG00000070193",2
"GO:0031128","developmental induction","2/287","20/3645",0.1,1.27003484320557,0.353973365274441,0.47502003481088,0.984441671579563,0.97761304063276,"ENSG00000169083/ENSG00000070193",2
"GO:0032689","negative regulation of type II interferon production","2/287","20/3645",0.1,1.27003484320557,0.353973365274441,0.47502003481088,0.984441671579563,0.97761304063276,"ENSG00000115602/ENSG00000137033",2
"GO:0034103","regulation of tissue remodeling","2/287","20/3645",0.1,1.27003484320557,0.353973365274441,0.47502003481088,0.984441671579563,0.97761304063276,"ENSG00000183160/ENSG00000113296",2
"GO:0034367","protein-containing complex remodeling","2/287","20/3645",0.1,1.27003484320557,0.353973365274441,0.47502003481088,0.984441671579563,0.97761304063276,"ENSG00000277494/ENSG00000144891",2
"GO:0034381","plasma lipoprotein particle clearance","2/287","20/3645",0.1,1.27003484320557,0.353973365274441,0.47502003481088,0.984441671579563,0.97761304063276,"ENSG00000277494/ENSG00000181092",2
"GO:0035924","cellular response to vascular endothelial growth factor stimulus","2/287","20/3645",0.1,1.27003484320557,0.353973365274441,0.47502003481088,0.984441671579563,0.97761304063276,"ENSG00000179388/ENSG00000168477",2
"GO:0060390","regulation of SMAD protein signal transduction","2/287","20/3645",0.1,1.27003484320557,0.353973365274441,0.47502003481088,0.984441671579563,0.97761304063276,"ENSG00000138615/ENSG00000069702",2
"GO:0071482","cellular response to light stimulus","2/287","20/3645",0.1,1.27003484320557,0.353973365274441,0.47502003481088,0.984441671579563,0.97761304063276,"ENSG00000166482/ENSG00000155886",2
"GO:0071827","plasma lipoprotein particle organization","2/287","20/3645",0.1,1.27003484320557,0.353973365274441,0.47502003481088,0.984441671579563,0.97761304063276,"ENSG00000277494/ENSG00000144891",2
"GO:0150077","regulation of neuroinflammatory response","2/287","20/3645",0.1,1.27003484320557,0.353973365274441,0.47502003481088,0.984441671579563,0.97761304063276,"ENSG00000017427/ENSG00000137033",2
"GO:1901880","negative regulation of protein depolymerization","2/287","20/3645",0.1,1.27003484320557,0.353973365274441,0.47502003481088,0.984441671579563,0.97761304063276,"ENSG00000166780/ENSG00000067798",2
"GO:1990806","ligand-gated ion channel signaling pathway","2/287","20/3645",0.1,1.27003484320557,0.353973365274441,0.47502003481088,0.984441671579563,0.97761304063276,"ENSG00000164220/ENSG00000169252",2
"GO:2001243","negative regulation of intrinsic apoptotic signaling pathway","2/287","20/3645",0.1,1.27003484320557,0.353973365274441,0.47502003481088,0.984441671579563,0.97761304063276,"ENSG00000107562/ENSG00000112981",2
"GO:0048812","neuron projection morphogenesis","20/287","246/3645",0.0813008130081301,1.03254865301266,0.154530702312996,0.475327820369369,0.984441671579563,0.97761304063276,"ENSG00000196569/ENSG00000007237/ENSG00000145147/ENSG00000107562/ENSG00000185070/ENSG00000196159/ENSG00000046889/ENSG00000074047/ENSG00000277586/ENSG00000172260/ENSG00000134121/ENSG00000186868/ENSG00000153993/ENSG00000064300/ENSG00000121871/ENSG00000103528/ENSG00000184564/ENSG00000012171/ENSG00000124205/ENSG00000171798",20
"GO:0007188","adenylate cyclase-modulating G protein-coupled receptor signaling pathway","8/287","95/3645",0.0842105263157895,1.06950302585733,0.200650905985374,0.476122708242593,0.984441671579563,0.97761304063276,"ENSG00000131016/ENSG00000107562/ENSG00000079337/ENSG00000050628/ENSG00000150594/ENSG00000169252/ENSG00000126895/ENSG00000106018",8
"GO:0009314","response to radiation","8/287","95/3645",0.0842105263157895,1.06950302585733,0.200650905985374,0.476122708242593,0.984441671579563,0.97761304063276,"ENSG00000166482/ENSG00000155886/ENSG00000120738/ENSG00000120129/ENSG00000170345/ENSG00000115255/ENSG00000133256/ENSG00000172425",8
"GO:0001817","regulation of cytokine production","18/287","221/3645",0.081447963800905,1.03441751935296,0.15431161294152,0.477088476070775,0.984441671579563,0.97761304063276,"ENSG00000131016/ENSG00000019991/ENSG00000017427/ENSG00000135914/ENSG00000168329/ENSG00000166428/ENSG00000115602/ENSG00000179954/ENSG00000120738/ENSG00000150594/ENSG00000134830/ENSG00000103257/ENSG00000067798/ENSG00000137033/ENSG00000181092/ENSG00000176194/ENSG00000145777/ENSG00000169900",18
"GO:0002793","positive regulation of peptide secretion","4/287","45/3645",0.0888888888888889,1.12891986062718,0.254369256425881,0.4780683469574,0.984441671579563,0.97761304063276,"ENSG00000164220/ENSG00000183044/ENSG00000119147/ENSG00000170011",4
"GO:0032271","regulation of protein polymerization","4/287","45/3645",0.0888888888888889,1.12891986062718,0.254369256425881,0.4780683469574,0.984441671579563,0.97761304063276,"ENSG00000145147/ENSG00000049540/ENSG00000186868/ENSG00000067798",4
"GO:0098661","inorganic anion transmembrane transport","4/287","45/3645",0.0888888888888889,1.12891986062718,0.254369256425881,0.4780683469574,0.984441671579563,0.97761304063276,"ENSG00000162383/ENSG00000159212/ENSG00000050438/ENSG00000106688",4
"GO:0007611","learning or memory","9/287","108/3645",0.0833333333333333,1.05836236933798,0.179977016873888,0.481141930366638,0.984441671579563,0.97761304063276,"ENSG00000155886/ENSG00000079337/ENSG00000006128/ENSG00000186868/ENSG00000170345/ENSG00000158258/ENSG00000106688/ENSG00000172425/ENSG00000183117",9
"GO:0048729","tissue morphogenesis","20/287","247/3645",0.0809716599190283,1.02836829409358,0.134977007864145,0.483036019471822,0.984441671579563,0.97761304063276,"ENSG00000145147/ENSG00000019991/ENSG00000017427/ENSG00000169946/ENSG00000074047/ENSG00000082175/ENSG00000145536/ENSG00000160808/ENSG00000073282/ENSG00000064300/ENSG00000169083/ENSG00000178568/ENSG00000091831/ENSG00000141449/ENSG00000196208/ENSG00000171236/ENSG00000070193/ENSG00000069702/ENSG00000126562/ENSG00000183117",20
"GO:0001508","action potential","7/287","83/3645",0.0843373493975904,1.07111372318542,0.191573437521809,0.483313863812219,0.984441671579563,0.97761304063276,"ENSG00000149575/ENSG00000136546/ENSG00000177098/ENSG00000006128/ENSG00000153253/ENSG00000152049/ENSG00000171385",7
"GO:0021953","central nervous system neuron differentiation","7/287","83/3645",0.0843373493975904,1.07111372318542,0.191573437521809,0.483313863812219,0.984441671579563,0.97761304063276,"ENSG00000145147/ENSG00000074047/ENSG00000173376/ENSG00000186868/ENSG00000178568/ENSG00000172425/ENSG00000171798",7
"GO:0050708","regulation of protein secretion","7/287","83/3645",0.0843373493975904,1.07111372318542,0.191573437521809,0.483313863812219,0.984441671579563,0.97761304063276,"ENSG00000017427/ENSG00000164220/ENSG00000079337/ENSG00000183044/ENSG00000150594/ENSG00000170011/ENSG00000008196",7
"GO:0051056","regulation of small GTPase mediated signal transduction","5/287","58/3645",0.0862068965517241,1.09485762345308,0.212867977945811,0.485662428592434,0.984441671579563,0.97761304063276,"ENSG00000145147/ENSG00000137727/ENSG00000046889/ENSG00000017427/ENSG00000070193",5
"GO:0051783","regulation of nuclear division","5/287","58/3645",0.0862068965517241,1.09485762345308,0.212867977945811,0.485662428592434,0.984441671579563,0.97761304063276,"ENSG00000017427/ENSG00000169515/ENSG00000167244/ENSG00000120129/ENSG00000124205",5
"GO:0120254","olefinic compound metabolic process","5/287","58/3645",0.0862068965517241,1.09485762345308,0.212867977945811,0.485662428592434,0.984441671579563,0.97761304063276,"ENSG00000120738/ENSG00000231852/ENSG00000196616/ENSG00000186204/ENSG00000197977",5
"GO:0007631","feeding behavior","3/287","33/3645",0.0909090909090909,1.15457713018689,0.260746282803753,0.487932238458583,0.984441671579563,0.97761304063276,"ENSG00000172260/ENSG00000170345/ENSG00000276644",3
"GO:0010563","negative regulation of phosphorus metabolic process","3/287","33/3645",0.0909090909090909,1.15457713018689,0.260746282803753,0.487932238458583,0.984441671579563,0.97761304063276,"ENSG00000145147/ENSG00000120129/ENSG00000181092",3
"GO:0010970","transport along microtubule","3/287","33/3645",0.0909090909090909,1.15457713018689,0.260746282803753,0.487932238458583,0.984441671579563,0.97761304063276,"ENSG00000277586/ENSG00000186868/ENSG00000162722",3
"GO:0015749","monosaccharide transmembrane transport","3/287","33/3645",0.0909090909090909,1.15457713018689,0.260746282803753,0.487932238458583,0.984441671579563,0.97761304063276,"ENSG00000017427/ENSG00000181092/ENSG00000184811",3
"GO:0030199","collagen fibril organization","3/287","33/3645",0.0909090909090909,1.15457713018689,0.260746282803753,0.487932238458583,0.984441671579563,0.97761304063276,"ENSG00000187955/ENSG00000038295/ENSG00000168477",3
"GO:0031109","microtubule polymerization or depolymerization","3/287","33/3645",0.0909090909090909,1.15457713018689,0.260746282803753,0.487932238458583,0.984441671579563,0.97761304063276,"ENSG00000186868/ENSG00000166780/ENSG00000067798",3
"GO:0034976","response to endoplasmic reticulum stress","3/287","33/3645",0.0909090909090909,1.15457713018689,0.260746282803753,0.487932238458583,0.984441671579563,0.97761304063276,"ENSG00000113296/ENSG00000162543/ENSG00000113739",3
"GO:0045936","negative regulation of phosphate metabolic process","3/287","33/3645",0.0909090909090909,1.15457713018689,0.260746282803753,0.487932238458583,0.984441671579563,0.97761304063276,"ENSG00000145147/ENSG00000120129/ENSG00000181092",3
"GO:0061035","regulation of cartilage development","3/287","33/3645",0.0909090909090909,1.15457713018689,0.260746282803753,0.487932238458583,0.984441671579563,0.97761304063276,"ENSG00000143387/ENSG00000156427/ENSG00000109906",3
"GO:2000243","positive regulation of reproductive process","3/287","33/3645",0.0909090909090909,1.15457713018689,0.260746282803753,0.487932238458583,0.984441671579563,0.97761304063276,"ENSG00000169946/ENSG00000006128/ENSG00000169083",3
"GO:0019953","sexual reproduction","17/287","210/3645",0.080952380952381,1.02812344449975,0.122716956088681,0.490493138780828,0.984441671579563,0.97761304063276,"ENSG00000166086/ENSG00000183160/ENSG00000154721/ENSG00000017427/ENSG00000082175/ENSG00000163106/ENSG00000013297/ENSG00000167244/ENSG00000145536/ENSG00000073282/ENSG00000109906/ENSG00000197748/ENSG00000120129/ENSG00000128564/ENSG00000169083/ENSG00000112981/ENSG00000163879",17
"GO:0120039","plasma membrane bounded cell projection morphogenesis","20/287","248/3645",0.0806451612903226,1.02422164774643,0.11549722174704,0.490730418826028,0.984441671579563,0.97761304063276,"ENSG00000196569/ENSG00000007237/ENSG00000145147/ENSG00000107562/ENSG00000185070/ENSG00000196159/ENSG00000046889/ENSG00000074047/ENSG00000277586/ENSG00000172260/ENSG00000134121/ENSG00000186868/ENSG00000153993/ENSG00000064300/ENSG00000121871/ENSG00000103528/ENSG00000184564/ENSG00000012171/ENSG00000124205/ENSG00000171798",20
"GO:0051338","regulation of transferase activity","6/287","71/3645",0.0845070422535211,1.07326888158218,0.18224736135687,0.491505546429968,0.984441671579563,0.97761304063276,"ENSG00000017427/ENSG00000166147/ENSG00000156427/ENSG00000120129/ENSG00000181092/ENSG00000133321",6
"GO:0007005","mitochondrion organization","4/287","46/3645",0.0869565217391304,1.10437812452659,0.208251082843692,0.495595637601538,0.984441671579563,0.97761304063276,"ENSG00000019991/ENSG00000017427/ENSG00000186868/ENSG00000178568",4
"GO:0042303","molting cycle","4/287","46/3645",0.0869565217391304,1.10437812452659,0.208251082843692,0.495595637601538,0.984441671579563,0.97761304063276,"ENSG00000074047/ENSG00000073282/ENSG00000064300/ENSG00000070193",4
"GO:0042633","hair cycle","4/287","46/3645",0.0869565217391304,1.10437812452659,0.208251082843692,0.495595637601538,0.984441671579563,0.97761304063276,"ENSG00000074047/ENSG00000073282/ENSG00000064300/ENSG00000070193",4
"GO:0072028","nephron morphogenesis","4/287","46/3645",0.0869565217391304,1.10437812452659,0.208251082843692,0.495595637601538,0.984441671579563,0.97761304063276,"ENSG00000145536/ENSG00000178568/ENSG00000141449/ENSG00000126562",4
"GO:1902905","positive regulation of supramolecular fiber organization","4/287","46/3645",0.0869565217391304,1.10437812452659,0.208251082843692,0.495595637601538,0.984441671579563,0.97761304063276,"ENSG00000079337/ENSG00000006128/ENSG00000186868/ENSG00000067798",4
"GO:0048592","eye morphogenesis","5/287","59/3645",0.0847457627118644,1.076300714581,0.172718658069972,0.501112861887152,0.984441671579563,0.97761304063276,"ENSG00000166147/ENSG00000171812/ENSG00000165323/ENSG00000008196/ENSG00000106688",5
"GO:0051048","negative regulation of secretion","5/287","59/3645",0.0847457627118644,1.076300714581,0.172718658069972,0.501112861887152,0.984441671579563,0.97761304063276,"ENSG00000050628/ENSG00000183044/ENSG00000150594/ENSG00000181092/ENSG00000126562",5
"GO:0072009","nephron epithelium development","5/287","59/3645",0.0847457627118644,1.076300714581,0.172718658069972,0.501112861887152,0.984441671579563,0.97761304063276,"ENSG00000145536/ENSG00000141449/ENSG00000181092/ENSG00000126562/ENSG00000008196",5
"GO:0003179","heart valve morphogenesis","2/287","21/3645",0.0952380952380952,1.20955699352912,0.281518862201924,0.501206364311032,0.984441671579563,0.97761304063276,"ENSG00000145147/ENSG00000049540",2
"GO:0006090","pyruvate metabolic process","2/287","21/3645",0.0952380952380952,1.20955699352912,0.281518862201924,0.501206364311032,0.984441671579563,0.97761304063276,"ENSG00000017427/ENSG00000167588",2
"GO:0006261","DNA-templated DNA replication","2/287","21/3645",0.0952380952380952,1.20955699352912,0.281518862201924,0.501206364311032,0.984441671579563,0.97761304063276,"ENSG00000091651/ENSG00000276644",2
"GO:0008088","axo-dendritic transport","2/287","21/3645",0.0952380952380952,1.20955699352912,0.281518862201924,0.501206364311032,0.984441671579563,0.97761304063276,"ENSG00000277586/ENSG00000186868",2
"GO:0030166","proteoglycan biosynthetic process","2/287","21/3645",0.0952380952380952,1.20955699352912,0.281518862201924,0.501206364311032,0.984441671579563,0.97761304063276,"ENSG00000017427/ENSG00000124302",2
"GO:0031641","regulation of myelination","2/287","21/3645",0.0952380952380952,1.20955699352912,0.281518862201924,0.501206364311032,0.984441671579563,0.97761304063276,"ENSG00000154721/ENSG00000017427",2
"GO:0032371","regulation of sterol transport","2/287","21/3645",0.0952380952380952,1.20955699352912,0.281518862201924,0.501206364311032,0.984441671579563,0.97761304063276,"ENSG00000141338/ENSG00000181092",2
"GO:0032374","regulation of cholesterol transport","2/287","21/3645",0.0952380952380952,1.20955699352912,0.281518862201924,0.501206364311032,0.984441671579563,0.97761304063276,"ENSG00000141338/ENSG00000181092",2
"GO:0032613","interleukin-10 production","2/287","21/3645",0.0952380952380952,1.20955699352912,0.281518862201924,0.501206364311032,0.984441671579563,0.97761304063276,"ENSG00000019991/ENSG00000145777",2
"GO:0032653","regulation of interleukin-10 production","2/287","21/3645",0.0952380952380952,1.20955699352912,0.281518862201924,0.501206364311032,0.984441671579563,0.97761304063276,"ENSG00000019991/ENSG00000145777",2
"GO:0043114","regulation of vascular permeability","2/287","21/3645",0.0952380952380952,1.20955699352912,0.281518862201924,0.501206364311032,0.984441671579563,0.97761304063276,"ENSG00000131016/ENSG00000145147",2
"GO:0045933","positive regulation of muscle contraction","2/287","21/3645",0.0952380952380952,1.20955699352912,0.281518862201924,0.501206364311032,0.984441671579563,0.97761304063276,"ENSG00000183044/ENSG00000124205",2
"GO:0046785","microtubule polymerization","2/287","21/3645",0.0952380952380952,1.20955699352912,0.281518862201924,0.501206364311032,0.984441671579563,0.97761304063276,"ENSG00000186868/ENSG00000067798",2
"GO:0060428","lung epithelium development","2/287","21/3645",0.0952380952380952,1.20955699352912,0.281518862201924,0.501206364311032,0.984441671579563,0.97761304063276,"ENSG00000017427/ENSG00000070193",2
"GO:2000058","regulation of ubiquitin-dependent protein catabolic process","2/287","21/3645",0.0952380952380952,1.20955699352912,0.281518862201924,0.501206364311032,0.984441671579563,0.97761304063276,"ENSG00000137033/ENSG00000172425",2
"GO:0044087","regulation of cellular component biogenesis","19/287","237/3645",0.080168776371308,1.01817139328717,0.0845672862899056,0.503764347804504,0.984441671579563,0.97761304063276,"ENSG00000145147/ENSG00000185070/ENSG00000166086/ENSG00000269113/ENSG00000079337/ENSG00000049540/ENSG00000172260/ENSG00000006128/ENSG00000145536/ENSG00000173114/ENSG00000186868/ENSG00000121871/ENSG00000145934/ENSG00000067798/ENSG00000004838/ENSG00000158258/ENSG00000174175/ENSG00000069702/ENSG00000184564",19
"GO:0062197","cellular response to chemical stress","6/287","72/3645",0.0833333333333333,1.05836236933798,0.146208439335238,0.505484483207424,0.984441671579563,0.97761304063276,"ENSG00000136546/ENSG00000170962/ENSG00000019991/ENSG00000186868/ENSG00000170345/ENSG00000106688",6
"GO:1904951","positive regulation of establishment of protein localization","6/287","72/3645",0.0833333333333333,1.05836236933798,0.146208439335238,0.505484483207424,0.984441671579563,0.97761304063276,"ENSG00000017427/ENSG00000164220/ENSG00000079337/ENSG00000183044/ENSG00000173210/ENSG00000170011",6
"GO:0008064","regulation of actin polymerization or depolymerization","3/287","34/3645",0.0882352941176471,1.12061897929904,0.206552830155964,0.508313818117625,0.984441671579563,0.97761304063276,"ENSG00000145147/ENSG00000107562/ENSG00000049540",3
"GO:0021872","forebrain generation of neurons","3/287","34/3645",0.0882352941176471,1.12061897929904,0.206552830155964,0.508313818117625,0.984441671579563,0.97761304063276,"ENSG00000145147/ENSG00000173376/ENSG00000178568",3
"GO:0030500","regulation of bone mineralization","3/287","34/3645",0.0882352941176471,1.12061897929904,0.206552830155964,0.508313818117625,0.984441671579563,0.97761304063276,"ENSG00000183160/ENSG00000133116/ENSG00000169252",3
"GO:0030832","regulation of actin filament length","3/287","34/3645",0.0882352941176471,1.12061897929904,0.206552830155964,0.508313818117625,0.984441671579563,0.97761304063276,"ENSG00000145147/ENSG00000107562/ENSG00000049540",3
"GO:0033273","response to vitamin","3/287","34/3645",0.0882352941176471,1.12061897929904,0.206552830155964,0.508313818117625,0.984441671579563,0.97761304063276,"ENSG00000133116/ENSG00000169184/ENSG00000113739",3
"GO:0035418","protein localization to synapse","3/287","34/3645",0.0882352941176471,1.12061897929904,0.206552830155964,0.508313818117625,0.984441671579563,0.97761304063276,"ENSG00000186868/ENSG00000121871/ENSG00000178568",3
"GO:0048644","muscle organ morphogenesis","3/287","34/3645",0.0882352941176471,1.12061897929904,0.206552830155964,0.508313818117625,0.984441671579563,0.97761304063276,"ENSG00000169946/ENSG00000160808/ENSG00000069702",3
"GO:0071478","cellular response to radiation","3/287","34/3645",0.0882352941176471,1.12061897929904,0.206552830155964,0.508313818117625,0.984441671579563,0.97761304063276,"ENSG00000166482/ENSG00000155886/ENSG00000120738",3
"GO:0090130","tissue migration","3/287","34/3645",0.0882352941176471,1.12061897929904,0.206552830155964,0.508313818117625,0.984441671579563,0.97761304063276,"ENSG00000006128/ENSG00000171236/ENSG00000070193",3
"GO:0043254","regulation of protein-containing complex assembly","7/287","85/3645",0.0823529411764706,1.04591104734577,0.125196287490486,0.509148396398589,0.984441671579563,0.97761304063276,"ENSG00000145147/ENSG00000166086/ENSG00000269113/ENSG00000049540/ENSG00000186868/ENSG00000067798/ENSG00000174175",7
"GO:0090407","organophosphate biosynthetic process","7/287","85/3645",0.0823529411764706,1.04591104734577,0.125196287490486,0.509148396398589,0.984441671579563,0.97761304063276,"ENSG00000135914/ENSG00000141338/ENSG00000102010/ENSG00000154027/ENSG00000112981/ENSG00000197977/ENSG00000134240",7
"GO:0051246","regulation of protein metabolic process","22/287","276/3645",0.0797101449275362,1.01234661414937,0.0623651107833385,0.510371375810304,0.984441671579563,0.97761304063276,"ENSG00000144642/ENSG00000145147/ENSG00000017427/ENSG00000166147/ENSG00000262655/ENSG00000156427/ENSG00000120738/ENSG00000113296/ENSG00000253250/ENSG00000150594/ENSG00000078596/ENSG00000186868/ENSG00000120129/ENSG00000178568/ENSG00000137033/ENSG00000090534/ENSG00000070193/ENSG00000181092/ENSG00000157150/ENSG00000110169/ENSG00000172425/ENSG00000112183",22
"GO:1901137","carbohydrate derivative biosynthetic process","8/287","98/3645",0.0816326530612245,1.03676313731067,0.107841221042113,0.512332822773056,0.984441671579563,0.97761304063276,"ENSG00000172986/ENSG00000017427/ENSG00000148488/ENSG00000078596/ENSG00000154027/ENSG00000112981/ENSG00000137033/ENSG00000124302",8
"GO:0006508","proteolysis","23/287","289/3645",0.0795847750865052,1.01075437348541,0.0556945689171663,0.512394436055774,0.984441671579563,0.97761304063276,"ENSG00000149451/ENSG00000038295/ENSG00000269113/ENSG00000148848/ENSG00000262655/ENSG00000143387/ENSG00000163751/ENSG00000145536/ENSG00000170801/ENSG00000100448/ENSG00000150594/ENSG00000162543/ENSG00000162722/ENSG00000092009/ENSG00000203697/ENSG00000119147/ENSG00000072657/ENSG00000243649/ENSG00000166106/ENSG00000137033/ENSG00000145244/ENSG00000157150/ENSG00000172425",23
"GO:0010594","regulation of endothelial cell migration","4/287","47/3645",0.0851063829787234,1.08088071762177,0.163137248067388,0.512871384777396,0.984441671579563,0.97761304063276,"ENSG00000145147/ENSG00000138722/ENSG00000156427/ENSG00000069702",4
"GO:0010811","positive regulation of cell-substrate adhesion","4/287","47/3645",0.0851063829787234,1.08088071762177,0.163137248067388,0.512871384777396,0.984441671579563,0.97761304063276,"ENSG00000106823/ENSG00000091986/ENSG00000154175/ENSG00000173376",4
"GO:0051495","positive regulation of cytoskeleton organization","4/287","47/3645",0.0851063829787234,1.08088071762177,0.163137248067388,0.512871384777396,0.984441671579563,0.97761304063276,"ENSG00000079337/ENSG00000006128/ENSG00000186868/ENSG00000067798",4
"GO:0051707","response to other organism","34/287","429/3645",0.0792540792540792,1.00655442118857,0.0422468914154232,0.513006875858101,0.984441671579563,0.97761304063276,"ENSG00000131016/ENSG00000107562/ENSG00000136546/ENSG00000143341/ENSG00000091986/ENSG00000168329/ENSG00000074047/ENSG00000166428/ENSG00000179954/ENSG00000163106/ENSG00000006128/ENSG00000276409/ENSG00000100448/ENSG00000112936/ENSG00000103257/ENSG00000244731/ENSG00000162722/ENSG00000224389/ENSG00000170345/ENSG00000128564/ENSG00000039537/ENSG00000091831/ENSG00000243649/ENSG00000137033/ENSG00000174175/ENSG00000171236/ENSG00000070193/ENSG00000169347/ENSG00000170323/ENSG00000181092/ENSG00000110169/ENSG00000145777/ENSG00000134240/ENSG00000169900",34
"GO:0033043","regulation of organelle organization","20/287","251/3645",0.0796812749003984,1.01197995474548,0.0574944476248069,0.51370353675524,0.984441671579563,0.97761304063276,"ENSG00000145147/ENSG00000107562/ENSG00000166086/ENSG00000019991/ENSG00000017427/ENSG00000079337/ENSG00000169515/ENSG00000167244/ENSG00000049540/ENSG00000006128/ENSG00000145536/ENSG00000170743/ENSG00000169252/ENSG00000186868/ENSG00000145703/ENSG00000166780/ENSG00000120129/ENSG00000067798/ENSG00000004838/ENSG00000124205",20
"GO:0048858","cell projection morphogenesis","20/287","251/3645",0.0796812749003984,1.01197995474548,0.0574944476248069,0.51370353675524,0.984441671579563,0.97761304063276,"ENSG00000196569/ENSG00000007237/ENSG00000145147/ENSG00000107562/ENSG00000185070/ENSG00000196159/ENSG00000046889/ENSG00000074047/ENSG00000277586/ENSG00000172260/ENSG00000134121/ENSG00000186868/ENSG00000153993/ENSG00000064300/ENSG00000121871/ENSG00000103528/ENSG00000184564/ENSG00000012171/ENSG00000124205/ENSG00000171798",20
"GO:1901342","regulation of vasculature development","9/287","111/3645",0.0810810810810811,1.02975798097749,0.0930725183626097,0.51517108658199,0.984441671579563,0.97761304063276,"ENSG00000107562/ENSG00000168329/ENSG00000148848/ENSG00000079337/ENSG00000156427/ENSG00000113296/ENSG00000092009/ENSG00000171236/ENSG00000171819",9
"GO:0045766","positive regulation of angiogenesis","5/287","60/3645",0.0833333333333333,1.05836236933798,0.133245866821371,0.516383589792334,0.984441671579563,0.97761304063276,"ENSG00000148848/ENSG00000079337/ENSG00000156427/ENSG00000092009/ENSG00000171236",5
"GO:0055002","striated muscle cell development","5/287","60/3645",0.0833333333333333,1.05836236933798,0.133245866821371,0.516383589792334,0.984441671579563,0.97761304063276,"ENSG00000187955/ENSG00000017427/ENSG00000170624/ENSG00000154330/ENSG00000164530",5
"GO:0071621","granulocyte chemotaxis","5/287","60/3645",0.0833333333333333,1.05836236933798,0.133245866821371,0.516383589792334,0.984441671579563,0.97761304063276,"ENSG00000145147/ENSG00000166086/ENSG00000113296/ENSG00000134830/ENSG00000124205",5
"GO:1990138","neuron projection extension","5/287","60/3645",0.0833333333333333,1.05836236933798,0.133245866821371,0.516383589792334,0.984441671579563,0.97761304063276,"ENSG00000145147/ENSG00000107562/ENSG00000186868/ENSG00000103528/ENSG00000124205",5
"GO:0050890","cognition","10/287","124/3645",0.0806451612903226,1.02422164774643,0.0802179022275201,0.5177476154975,0.984441671579563,0.97761304063276,"ENSG00000155886/ENSG00000079337/ENSG00000006128/ENSG00000134121/ENSG00000186868/ENSG00000170345/ENSG00000158258/ENSG00000106688/ENSG00000172425/ENSG00000183117",10
"GO:0051493","regulation of cytoskeleton organization","10/287","124/3645",0.0806451612903226,1.02422164774643,0.0802179022275201,0.5177476154975,0.984441671579563,0.97761304063276,"ENSG00000145147/ENSG00000107562/ENSG00000166086/ENSG00000079337/ENSG00000049540/ENSG00000006128/ENSG00000186868/ENSG00000145703/ENSG00000166780/ENSG00000067798",10
"GO:0043207","response to external biotic stimulus","34/287","430/3645",0.0790697674418605,1.00421359695325,0.0271948405696272,0.518993593440551,0.984441671579563,0.97761304063276,"ENSG00000131016/ENSG00000107562/ENSG00000136546/ENSG00000143341/ENSG00000091986/ENSG00000168329/ENSG00000074047/ENSG00000166428/ENSG00000179954/ENSG00000163106/ENSG00000006128/ENSG00000276409/ENSG00000100448/ENSG00000112936/ENSG00000103257/ENSG00000244731/ENSG00000162722/ENSG00000224389/ENSG00000170345/ENSG00000128564/ENSG00000039537/ENSG00000091831/ENSG00000243649/ENSG00000137033/ENSG00000174175/ENSG00000171236/ENSG00000070193/ENSG00000169347/ENSG00000170323/ENSG00000181092/ENSG00000110169/ENSG00000145777/ENSG00000134240/ENSG00000169900",34
"GO:0050806","positive regulation of synaptic transmission","6/287","73/3645",0.0821917808219178,1.04386425468951,0.110663969975123,0.519325201992758,0.984441671579563,0.97761304063276,"ENSG00000196569/ENSG00000155886/ENSG00000006128/ENSG00000158258/ENSG00000050438/ENSG00000106688",6
"GO:0050865","regulation of cell activation","15/287","188/3645",0.0797872340425532,1.01332567277041,0.0548413536392621,0.519516073724276,0.984441671579563,0.97761304063276,"ENSG00000165124/ENSG00000017427/ENSG00000074047/ENSG00000187800/ENSG00000115602/ENSG00000179388/ENSG00000138722/ENSG00000167244/ENSG00000006128/ENSG00000100448/ENSG00000109906/ENSG00000137033/ENSG00000174175/ENSG00000070193/ENSG00000145777",15
"GO:0061564","axon development","16/287","201/3645",0.0796019900497512,1.01097300951688,0.0467823463405362,0.52156659553074,0.984441671579563,0.97761304063276,"ENSG00000196569/ENSG00000145147/ENSG00000107562/ENSG00000185070/ENSG00000196159/ENSG00000074047/ENSG00000277586/ENSG00000134121/ENSG00000186868/ENSG00000153993/ENSG00000064300/ENSG00000121871/ENSG00000154654/ENSG00000184564/ENSG00000012171/ENSG00000124205",16
"GO:0061448","connective tissue development","9/287","112/3645",0.0803571428571429,1.02056371329019,0.0646142814865467,0.526364352405557,0.984441671579563,0.97761304063276,"ENSG00000170962/ENSG00000106809/ENSG00000017427/ENSG00000143387/ENSG00000156427/ENSG00000132031/ENSG00000120738/ENSG00000109906/ENSG00000134240",9
"GO:0001504","neurotransmitter uptake","2/287","22/3645",0.0909090909090909,1.15457713018689,0.212575006055847,0.526539687134172,0.984441671579563,0.97761304063276,"ENSG00000162383/ENSG00000165646",2
"GO:0006164","purine nucleotide biosynthetic process","2/287","22/3645",0.0909090909090909,1.15457713018689,0.212575006055847,0.526539687134172,0.984441671579563,0.97761304063276,"ENSG00000154027/ENSG00000112981",2
"GO:0006636","unsaturated fatty acid biosynthetic process","2/287","22/3645",0.0909090909090909,1.15457713018689,0.212575006055847,0.526539687134172,0.984441671579563,0.97761304063276,"ENSG00000163106/ENSG00000197977",2
"GO:0010092","specification of animal organ identity","2/287","22/3645",0.0909090909090909,1.15457713018689,0.212575006055847,0.526539687134172,0.984441671579563,0.97761304063276,"ENSG00000169083/ENSG00000070193",2
"GO:0010827","regulation of D-glucose transmembrane transport","2/287","22/3645",0.0909090909090909,1.15457713018689,0.212575006055847,0.526539687134172,0.984441671579563,0.97761304063276,"ENSG00000017427/ENSG00000181092",2
"GO:0036230","granulocyte activation","2/287","22/3645",0.0909090909090909,1.15457713018689,0.212575006055847,0.526539687134172,0.984441671579563,0.97761304063276,"ENSG00000179639/ENSG00000100448",2
"GO:0042177","negative regulation of protein catabolic process","2/287","22/3645",0.0909090909090909,1.15457713018689,0.212575006055847,0.526539687134172,0.984441671579563,0.97761304063276,"ENSG00000157150/ENSG00000172425",2
"GO:0043030","regulation of macrophage activation","2/287","22/3645",0.0909090909090909,1.15457713018689,0.212575006055847,0.526539687134172,0.984441671579563,0.97761304063276,"ENSG00000115602/ENSG00000137033",2
"GO:0043242","negative regulation of protein-containing complex disassembly","2/287","22/3645",0.0909090909090909,1.15457713018689,0.212575006055847,0.526539687134172,0.984441671579563,0.97761304063276,"ENSG00000166780/ENSG00000067798",2
"GO:0048662","negative regulation of smooth muscle cell proliferation","2/287","22/3645",0.0909090909090909,1.15457713018689,0.212575006055847,0.526539687134172,0.984441671579563,0.97761304063276,"ENSG00000106809/ENSG00000181092",2
"GO:0051057","positive regulation of small GTPase mediated signal transduction","2/287","22/3645",0.0909090909090909,1.15457713018689,0.212575006055847,0.526539687134172,0.984441671579563,0.97761304063276,"ENSG00000017427/ENSG00000070193",2
"GO:0051492","regulation of stress fiber assembly","2/287","22/3645",0.0909090909090909,1.15457713018689,0.212575006055847,0.526539687134172,0.984441671579563,0.97761304063276,"ENSG00000079337/ENSG00000006128",2
"GO:2000351","regulation of endothelial cell apoptotic process","2/287","22/3645",0.0909090909090909,1.15457713018689,0.212575006055847,0.526539687134172,0.984441671579563,0.97761304063276,"ENSG00000173376/ENSG00000064300",2
"GO:0002262","myeloid cell homeostasis","3/287","35/3645",0.0857142857142857,1.08860129417621,0.15396084052782,0.528266077947584,0.984441671579563,0.97761304063276,"ENSG00000166086/ENSG00000162722/ENSG00000069702",3
"GO:0043266","regulation of potassium ion transport","3/287","35/3645",0.0857142857142857,1.08860129417621,0.15396084052782,0.528266077947584,0.984441671579563,0.97761304063276,"ENSG00000150594/ENSG00000126562/ENSG00000124205",3
"GO:0045862","positive regulation of proteolysis","3/287","35/3645",0.0857142857142857,1.08860129417621,0.15396084052782,0.528266077947584,0.984441671579563,0.97761304063276,"ENSG00000262655/ENSG00000150594/ENSG00000137033",3
"GO:0140029","exocytic process","3/287","35/3645",0.0857142857142857,1.08860129417621,0.15396084052782,0.528266077947584,0.984441671579563,0.97761304063276,"ENSG00000165646/ENSG00000170743/ENSG00000184811",3
"GO:0141188","nucleic acid catabolic process","3/287","35/3645",0.0857142857142857,1.08860129417621,0.15396084052782,0.528266077947584,0.984441671579563,0.97761304063276,"ENSG00000112981/ENSG00000176194/ENSG00000112183",3
"GO:0055074","calcium ion homeostasis","10/287","125/3645",0.08,1.01602787456446,0.0533027230680509,0.528353202841947,0.984441671579563,0.97761304063276,"ENSG00000107562/ENSG00000170624/ENSG00000135914/ENSG00000155886/ENSG00000133116/ENSG00000276409/ENSG00000115896/ENSG00000113739/ENSG00000126562/ENSG00000124205",10
"GO:0032635","interleukin-6 production","4/287","48/3645",0.0833333333333333,1.05836236933798,0.118979763419327,0.52987355636726,0.984441671579563,0.97761304063276,"ENSG00000019991/ENSG00000134830/ENSG00000137033/ENSG00000145777",4
"GO:0032675","regulation of interleukin-6 production","4/287","48/3645",0.0833333333333333,1.05836236933798,0.118979763419327,0.52987355636726,0.984441671579563,0.97761304063276,"ENSG00000019991/ENSG00000134830/ENSG00000137033/ENSG00000145777",4
"GO:0032946","positive regulation of mononuclear cell proliferation","4/287","48/3645",0.0833333333333333,1.05836236933798,0.118979763419327,0.52987355636726,0.984441671579563,0.97761304063276,"ENSG00000017427/ENSG00000167244/ENSG00000006128/ENSG00000070193",4
"GO:0048593","camera-type eye morphogenesis","4/287","48/3645",0.0833333333333333,1.05836236933798,0.118979763419327,0.52987355636726,0.984441671579563,0.97761304063276,"ENSG00000171812/ENSG00000165323/ENSG00000008196/ENSG00000106688",4
"GO:0050671","positive regulation of lymphocyte proliferation","4/287","48/3645",0.0833333333333333,1.05836236933798,0.118979763419327,0.52987355636726,0.984441671579563,0.97761304063276,"ENSG00000017427/ENSG00000167244/ENSG00000006128/ENSG00000070193",4
"GO:0050714","positive regulation of protein secretion","4/287","48/3645",0.0833333333333333,1.05836236933798,0.118979763419327,0.52987355636726,0.984441671579563,0.97761304063276,"ENSG00000017427/ENSG00000164220/ENSG00000183044/ENSG00000170011",4
"GO:1902414","protein localization to cell junction","4/287","48/3645",0.0833333333333333,1.05836236933798,0.118979763419327,0.52987355636726,0.984441671579563,0.97761304063276,"ENSG00000166086/ENSG00000186868/ENSG00000121871/ENSG00000178568",4
"GO:0015711","organic anion transport","11/287","138/3645",0.0797101449275362,1.01234661414937,0.0432224442561027,0.530223828503266,0.984441671579563,0.97761304063276,"ENSG00000162383/ENSG00000118777/ENSG00000183044/ENSG00000169507/ENSG00000139209/ENSG00000103257/ENSG00000152779/ENSG00000170323/ENSG00000003989/ENSG00000050438/ENSG00000106688",11
"GO:0055085","transmembrane transport","34/287","432/3645",0.0787037037037037,0.999564459930314,-0.0028184115732556,0.530927824847833,0.984441671579563,0.97761304063276,"ENSG00000149575/ENSG00000136546/ENSG00000154262/ENSG00000177098/ENSG00000154258/ENSG00000017427/ENSG00000135914/ENSG00000155886/ENSG00000162383/ENSG00000071967/ENSG00000141338/ENSG00000118777/ENSG00000165646/ENSG00000154263/ENSG00000169507/ENSG00000115896/ENSG00000153253/ENSG00000139209/ENSG00000103257/ENSG00000152779/ENSG00000152049/ENSG00000159212/ENSG00000103534/ENSG00000171385/ENSG00000003989/ENSG00000181092/ENSG00000126562/ENSG00000165269/ENSG00000184811/ENSG00000124249/ENSG00000050438/ENSG00000106688/ENSG00000124205/ENSG00000099960",34
"GO:0045859","regulation of protein kinase activity","5/287","61/3645",0.0819672131147541,1.04101216656195,0.0944242222045683,0.53145807104482,0.984441671579563,0.97761304063276,"ENSG00000017427/ENSG00000166147/ENSG00000156427/ENSG00000120129/ENSG00000181092",5
"GO:0110053","regulation of actin filament organization","5/287","61/3645",0.0819672131147541,1.04101216656195,0.0944242222045683,0.53145807104482,0.984441671579563,0.97761304063276,"ENSG00000145147/ENSG00000107562/ENSG00000079337/ENSG00000049540/ENSG00000006128",5
"GO:0001666","response to hypoxia","8/287","100/3645",0.08,1.01602787456446,0.0475069995190152,0.536022119599546,0.984441671579563,0.97761304063276,"ENSG00000107562/ENSG00000183044/ENSG00000173376/ENSG00000120738/ENSG00000170345/ENSG00000113739/ENSG00000069702/ENSG00000181092",8
"GO:0007416","synapse assembly","8/287","100/3645",0.08,1.01602787456446,0.0475069995190152,0.536022119599546,0.984441671579563,0.97761304063276,"ENSG00000185070/ENSG00000172260/ENSG00000173114/ENSG00000186868/ENSG00000121871/ENSG00000178568/ENSG00000158258/ENSG00000184564",8
"GO:0000122","negative regulation of transcription by RNA polymerase II","16/287","203/3645",0.0788177339901478,1.00101268429996,0.0043401670904402,0.538375764084923,0.984441671579563,0.97761304063276,"ENSG00000169946/ENSG00000074047/ENSG00000167244/ENSG00000106483/ENSG00000174332/ENSG00000120738/ENSG00000073282/ENSG00000109906/ENSG00000107249/ENSG00000145934/ENSG00000169083/ENSG00000091831/ENSG00000137033/ENSG00000125740/ENSG00000276644/ENSG00000008196",16
"GO:0050790","regulation of catalytic activity","10/287","126/3645",0.0793650793650794,1.00796416127427,0.0265953353990706,0.538882297595462,0.984441671579563,0.97761304063276,"ENSG00000017427/ENSG00000166147/ENSG00000079337/ENSG00000156427/ENSG00000126895/ENSG00000120129/ENSG00000091831/ENSG00000181092/ENSG00000214456/ENSG00000133321",10
"GO:0010720","positive regulation of cell development","11/287","139/3645",0.079136690647482,1.00506354498283,0.0177928658064842,0.540260539109622,0.984441671579563,0.97761304063276,"ENSG00000145147/ENSG00000107562/ENSG00000168329/ENSG00000074047/ENSG00000179388/ENSG00000277586/ENSG00000109906/ENSG00000186868/ENSG00000103257/ENSG00000170345/ENSG00000181092",11
"GO:0045892","negative regulation of DNA-templated transcription","20/287","255/3645",0.0784313725490196,0.996105759376921,-0.0188487611260027,0.543979225623013,0.984441671579563,0.97761304063276,"ENSG00000079102/ENSG00000169946/ENSG00000074047/ENSG00000167244/ENSG00000106483/ENSG00000174332/ENSG00000163072/ENSG00000120738/ENSG00000073282/ENSG00000109906/ENSG00000107249/ENSG00000145934/ENSG00000169083/ENSG00000091831/ENSG00000137033/ENSG00000125740/ENSG00000170323/ENSG00000181092/ENSG00000276644/ENSG00000008196",20
"GO:0006820","monoatomic anion transport","5/287","62/3645",0.0806451612903226,1.02422164774643,0.0562297187437606,0.546321069179014,0.984441671579563,0.97761304063276,"ENSG00000162383/ENSG00000159212/ENSG00000126562/ENSG00000050438/ENSG00000106688",5
"GO:0030178","negative regulation of Wnt signaling pathway","5/287","62/3645",0.0806451612903226,1.02422164774643,0.0562297187437606,0.546321069179014,0.984441671579563,0.97761304063276,"ENSG00000144642/ENSG00000269113/ENSG00000106483/ENSG00000120738/ENSG00000180730",5
"GO:0031032","actomyosin structure organization","5/287","62/3645",0.0806451612903226,1.02422164774643,0.0562297187437606,0.546321069179014,0.984441671579563,0.97761304063276,"ENSG00000154330/ENSG00000079337/ENSG00000049540/ENSG00000006128/ENSG00000145703",5
"GO:0016485","protein processing","6/287","75/3645",0.08,1.01602787456446,0.0409979597942313,0.546541006387898,0.984441671579563,0.97761304063276,"ENSG00000038295/ENSG00000262655/ENSG00000163751/ENSG00000100448/ENSG00000092009/ENSG00000145244",6
"GO:1903305","regulation of regulated secretory pathway","4/287","49/3645",0.0816326530612245,1.03676313731067,0.0757339400318601,0.546582353445954,0.984441671579563,0.97761304063276,"ENSG00000150594/ENSG00000170743/ENSG00000103528/ENSG00000050438",4
"GO:0007193","adenylate cyclase-inhibiting G protein-coupled receptor signaling pathway","3/287","36/3645",0.0833333333333333,1.05836236933798,0.102868050787127,0.547762783788308,0.984441671579563,0.97761304063276,"ENSG00000131016/ENSG00000107562/ENSG00000150594",3
"GO:0007224","smoothened signaling pathway","3/287","36/3645",0.0833333333333333,1.05836236933798,0.102868050787127,0.547762783788308,0.984441671579563,0.97761304063276,"ENSG00000074047/ENSG00000070193/ENSG00000159307",3
"GO:0070555","response to interleukin-1","3/287","36/3645",0.0833333333333333,1.05836236933798,0.102868050787127,0.547762783788308,0.984441671579563,0.97761304063276,"ENSG00000131016/ENSG00000120738/ENSG00000169900",3
"GO:0071333","cellular response to glucose stimulus","3/287","36/3645",0.0833333333333333,1.05836236933798,0.102868050787127,0.547762783788308,0.984441671579563,0.97761304063276,"ENSG00000017427/ENSG00000150594/ENSG00000092009",3
"GO:1901293","nucleoside phosphate biosynthetic process","3/287","36/3645",0.0833333333333333,1.05836236933798,0.102868050787127,0.547762783788308,0.984441671579563,0.97761304063276,"ENSG00000154027/ENSG00000112981/ENSG00000197977",3
"GO:1904950","negative regulation of establishment of protein localization","3/287","36/3645",0.0833333333333333,1.05836236933798,0.102868050787127,0.547762783788308,0.984441671579563,0.97761304063276,"ENSG00000150594/ENSG00000186868/ENSG00000181092",3
"GO:0044093","positive regulation of molecular function","10/287","127/3645",0.078740157480315,1.00002743559494,9.19937053481831e-05,0.549328765181807,0.984441671579563,0.97761304063276,"ENSG00000017427/ENSG00000166147/ENSG00000079337/ENSG00000156427/ENSG00000126895/ENSG00000091831/ENSG00000070193/ENSG00000181092/ENSG00000214456/ENSG00000133321",10
"GO:0000209","protein polyubiquitination","2/287","23/3645",0.0869565217391304,1.10437812452659,0.146787465154077,0.550991639539309,0.984441671579563,0.97761304063276,"ENSG00000162722/ENSG00000172425",2
"GO:0002377","immunoglobulin production","2/287","23/3645",0.0869565217391304,1.10437812452659,0.146787465154077,0.550991639539309,0.984441671579563,0.97761304063276,"ENSG00000137033/ENSG00000110169",2
"GO:0008589","regulation of smoothened signaling pathway","2/287","23/3645",0.0869565217391304,1.10437812452659,0.146787465154077,0.550991639539309,0.984441671579563,0.97761304063276,"ENSG00000070193/ENSG00000159307",2
"GO:0032273","positive regulation of protein polymerization","2/287","23/3645",0.0869565217391304,1.10437812452659,0.146787465154077,0.550991639539309,0.984441671579563,0.97761304063276,"ENSG00000186868/ENSG00000067798",2
"GO:0032731","positive regulation of interleukin-1 beta production","2/287","23/3645",0.0869565217391304,1.10437812452659,0.146787465154077,0.550991639539309,0.984441671579563,0.97761304063276,"ENSG00000120738/ENSG00000169900",2
"GO:0032890","regulation of organic acid transport","2/287","23/3645",0.0869565217391304,1.10437812452659,0.146787465154077,0.550991639539309,0.984441671579563,0.97761304063276,"ENSG00000183044/ENSG00000103257",2
"GO:0034440","lipid oxidation","2/287","23/3645",0.0869565217391304,1.10437812452659,0.146787465154077,0.550991639539309,0.984441671579563,0.97761304063276,"ENSG00000181092/ENSG00000214456",2
"GO:0043502","regulation of muscle adaptation","2/287","23/3645",0.0869565217391304,1.10437812452659,0.146787465154077,0.550991639539309,0.984441671579563,0.97761304063276,"ENSG00000017427/ENSG00000164530",2
"GO:0045639","positive regulation of myeloid cell differentiation","2/287","23/3645",0.0869565217391304,1.10437812452659,0.146787465154077,0.550991639539309,0.984441671579563,0.97761304063276,"ENSG00000170345/ENSG00000090534",2
"GO:0048483","autonomic nervous system development","2/287","23/3645",0.0869565217391304,1.10437812452659,0.146787465154077,0.550991639539309,0.984441671579563,0.97761304063276,"ENSG00000073282/ENSG00000008196",2
"GO:0060074","synapse maturation","2/287","23/3645",0.0869565217391304,1.10437812452659,0.146787465154077,0.550991639539309,0.984441671579563,0.97761304063276,"ENSG00000168329/ENSG00000277586",2
"GO:0060350","endochondral bone morphogenesis","2/287","23/3645",0.0869565217391304,1.10437812452659,0.146787465154077,0.550991639539309,0.984441671579563,0.97761304063276,"ENSG00000183160/ENSG00000156427",2
"GO:0098876","vesicle-mediated transport to the plasma membrane","2/287","23/3645",0.0869565217391304,1.10437812452659,0.146787465154077,0.550991639539309,0.984441671579563,0.97761304063276,"ENSG00000184811/ENSG00000106688",2
"GO:0110020","regulation of actomyosin structure organization","2/287","23/3645",0.0869565217391304,1.10437812452659,0.146787465154077,0.550991639539309,0.984441671579563,0.97761304063276,"ENSG00000079337/ENSG00000006128",2
"GO:0120034","positive regulation of plasma membrane bounded cell projection assembly","2/287","23/3645",0.0869565217391304,1.10437812452659,0.146787465154077,0.550991639539309,0.984441671579563,0.97761304063276,"ENSG00000145934/ENSG00000004838",2
"GO:1904705","regulation of vascular associated smooth muscle cell proliferation","2/287","23/3645",0.0869565217391304,1.10437812452659,0.146787465154077,0.550991639539309,0.984441671579563,0.97761304063276,"ENSG00000017427/ENSG00000181092",2
"GO:1990874","vascular associated smooth muscle cell proliferation","2/287","23/3645",0.0869565217391304,1.10437812452659,0.146787465154077,0.550991639539309,0.984441671579563,0.97761304063276,"ENSG00000017427/ENSG00000181092",2
"GO:0043067","regulation of programmed cell death","29/287","372/3645",0.0779569892473118,0.990080926154884,-0.0590145877112435,0.554969645435153,0.984441671579563,0.97761304063276,"ENSG00000131016/ENSG00000145147/ENSG00000107562/ENSG00000019991/ENSG00000017427/ENSG00000135914/ENSG00000168329/ENSG00000179388/ENSG00000106483/ENSG00000277586/ENSG00000134121/ENSG00000173376/ENSG00000120738/ENSG00000073282/ENSG00000109906/ENSG00000103257/ENSG00000064300/ENSG00000120129/ENSG00000169083/ENSG00000112981/ENSG00000178568/ENSG00000112319/ENSG00000091831/ENSG00000070193/ENSG00000181092/ENSG00000176194/ENSG00000008196/ENSG00000106688/ENSG00000145777",29
"GO:0002682","regulation of immune system process","36/287","462/3645",0.0779220779220779,0.989637540160188,-0.0696715248165251,0.556873457296641,0.984441671579563,0.97761304063276,"ENSG00000145147/ENSG00000107562/ENSG00000170962/ENSG00000166086/ENSG00000154721/ENSG00000017427/ENSG00000166147/ENSG00000168329/ENSG00000074047/ENSG00000179639/ENSG00000115602/ENSG00000179388/ENSG00000167244/ENSG00000006128/ENSG00000113296/ENSG00000100448/ENSG00000134830/ENSG00000112936/ENSG00000109906/ENSG00000102010/ENSG00000103257/ENSG00000120129/ENSG00000244731/ENSG00000224389/ENSG00000170345/ENSG00000039537/ENSG00000091831/ENSG00000243649/ENSG00000137033/ENSG00000174175/ENSG00000090534/ENSG00000070193/ENSG00000181092/ENSG00000110169/ENSG00000145777/ENSG00000124205",36
"GO:0045595","regulation of cell differentiation","37/287","475/3645",0.0778947368421053,0.989290298918027,-0.0731617878474145,0.557988362281372,0.984441671579563,0.97761304063276,"ENSG00000196569/ENSG00000145147/ENSG00000079102/ENSG00000107562/ENSG00000019991/ENSG00000183160/ENSG00000017427/ENSG00000166147/ENSG00000169946/ENSG00000168329/ENSG00000074047/ENSG00000179388/ENSG00000167244/ENSG00000156427/ENSG00000106483/ENSG00000277586/ENSG00000172260/ENSG00000168477/ENSG00000090539/ENSG00000073282/ENSG00000109906/ENSG00000186868/ENSG00000103257/ENSG00000162722/ENSG00000170345/ENSG00000266524/ENSG00000169083/ENSG00000171236/ENSG00000090534/ENSG00000070193/ENSG00000181092/ENSG00000008196/ENSG00000144891/ENSG00000133321/ENSG00000164530/ENSG00000124205/ENSG00000112183",37
"GO:0048872","homeostasis of number of cells","6/287","76/3645",0.0789473684210526,1.00265908674124,0.00684787482855327,0.559892706884952,0.984441671579563,0.97761304063276,"ENSG00000187955/ENSG00000166086/ENSG00000168329/ENSG00000175857/ENSG00000162722/ENSG00000069702",6
"GO:0001867","complement activation, lectin pathway","1/287","10/3645",0.1,1.27003484320557,0.249952442394969,0.560081210528209,0.984441671579563,0.97761304063276,"ENSG00000244731",1
"GO:0001911","negative regulation of leukocyte mediated cytotoxicity","1/287","10/3645",0.1,1.27003484320557,0.249952442394969,0.560081210528209,0.984441671579563,0.97761304063276,"ENSG00000168329",1
"GO:0002115","store-operated calcium entry","1/287","10/3645",0.1,1.27003484320557,0.249952442394969,0.560081210528209,0.984441671579563,0.97761304063276,"ENSG00000113739",1
"GO:0002335","mature B cell differentiation","1/287","10/3645",0.1,1.27003484320557,0.249952442394969,0.560081210528209,0.984441671579563,0.97761304063276,"ENSG00000078596",1
"GO:0002524","hypersensitivity","1/287","10/3645",0.1,1.27003484320557,0.249952442394969,0.560081210528209,0.984441671579563,0.97761304063276,"ENSG00000179639",1
"GO:0003416","endochondral bone growth","1/287","10/3645",0.1,1.27003484320557,0.249952442394969,0.560081210528209,0.984441671579563,0.97761304063276,"ENSG00000173068",1
"GO:0006882","intracellular zinc ion homeostasis","1/287","10/3645",0.1,1.27003484320557,0.249952442394969,0.560081210528209,0.984441671579563,0.97761304063276,"ENSG00000106688",1
"GO:0006892","post-Golgi vesicle-mediated transport","1/287","10/3645",0.1,1.27003484320557,0.249952442394969,0.560081210528209,0.984441671579563,0.97761304063276,"ENSG00000108018",1
"GO:0007212","G protein-coupled dopamine receptor signaling pathway","1/287","10/3645",0.1,1.27003484320557,0.249952442394969,0.560081210528209,0.984441671579563,0.97761304063276,"ENSG00000106688",1
"GO:0007638","mechanosensory behavior","1/287","10/3645",0.1,1.27003484320557,0.249952442394969,0.560081210528209,0.984441671579563,0.97761304063276,"ENSG00000184564",1
"GO:0009123","nucleoside monophosphate metabolic process","1/287","10/3645",0.1,1.27003484320557,0.249952442394969,0.560081210528209,0.984441671579563,0.97761304063276,"ENSG00000154027",1
"GO:0009451","RNA modification","1/287","10/3645",0.1,1.27003484320557,0.249952442394969,0.560081210528209,0.984441671579563,0.97761304063276,"ENSG00000250305",1
"GO:0010640","regulation of platelet-derived growth factor receptor signaling pathway","1/287","10/3645",0.1,1.27003484320557,0.249952442394969,0.560081210528209,0.984441671579563,0.97761304063276,"ENSG00000181092",1
"GO:0010761","fibroblast migration","1/287","10/3645",0.1,1.27003484320557,0.249952442394969,0.560081210528209,0.984441671579563,0.97761304063276,"ENSG00000131016",1
"GO:0014741","negative regulation of muscle hypertrophy","1/287","10/3645",0.1,1.27003484320557,0.249952442394969,0.560081210528209,0.984441671579563,0.97761304063276,"ENSG00000164530",1
"GO:0016126","sterol biosynthetic process","1/287","10/3645",0.1,1.27003484320557,0.249952442394969,0.560081210528209,0.984441671579563,0.97761304063276,"ENSG00000134240",1
"GO:0021533","cell differentiation in hindbrain","1/287","10/3645",0.1,1.27003484320557,0.249952442394969,0.560081210528209,0.984441671579563,0.97761304063276,"ENSG00000171798",1
"GO:0021681","cerebellar granular layer development","1/287","10/3645",0.1,1.27003484320557,0.249952442394969,0.560081210528209,0.984441671579563,0.97761304063276,"ENSG00000171798",1
"GO:0031397","negative regulation of protein ubiquitination","1/287","10/3645",0.1,1.27003484320557,0.249952442394969,0.560081210528209,0.984441671579563,0.97761304063276,"ENSG00000172425",1
"GO:0032436","positive regulation of proteasomal ubiquitin-dependent protein catabolic process","1/287","10/3645",0.1,1.27003484320557,0.249952442394969,0.560081210528209,0.984441671579563,0.97761304063276,"ENSG00000137033",1
"GO:0032536","regulation of cell projection size","1/287","10/3645",0.1,1.27003484320557,0.249952442394969,0.560081210528209,0.984441671579563,0.97761304063276,"ENSG00000277586",1
"GO:0032924","activin receptor signaling pathway","1/287","10/3645",0.1,1.27003484320557,0.249952442394969,0.560081210528209,0.984441671579563,0.97761304063276,"ENSG00000070193",1
"GO:0033173","calcineurin-NFAT signaling cascade","1/287","10/3645",0.1,1.27003484320557,0.249952442394969,0.560081210528209,0.984441671579563,0.97761304063276,"ENSG00000017427",1
"GO:0033260","nuclear DNA replication","1/287","10/3645",0.1,1.27003484320557,0.249952442394969,0.560081210528209,0.984441671579563,0.97761304063276,"ENSG00000276644",1
"GO:0033598","mammary gland epithelial cell proliferation","1/287","10/3645",0.1,1.27003484320557,0.249952442394969,0.560081210528209,0.984441671579563,0.97761304063276,"ENSG00000091831",1
"GO:0034370","triglyceride-rich lipoprotein particle remodeling","1/287","10/3645",0.1,1.27003484320557,0.249952442394969,0.560081210528209,0.984441671579563,0.97761304063276,"ENSG00000277494",1
"GO:0034374","low-density lipoprotein particle remodeling","1/287","10/3645",0.1,1.27003484320557,0.249952442394969,0.560081210528209,0.984441671579563,0.97761304063276,"ENSG00000144891",1
"GO:0035860","glial cell-derived neurotrophic factor receptor signaling pathway","1/287","10/3645",0.1,1.27003484320557,0.249952442394969,0.560081210528209,0.984441671579563,0.97761304063276,"ENSG00000151892",1
"GO:0036503","ERAD pathway","1/287","10/3645",0.1,1.27003484320557,0.249952442394969,0.560081210528209,0.984441671579563,0.97761304063276,"ENSG00000162543",1
"GO:0040001","establishment of mitotic spindle localization","1/287","10/3645",0.1,1.27003484320557,0.249952442394969,0.560081210528209,0.984441671579563,0.97761304063276,"ENSG00000070193",1
"GO:0042491","inner ear auditory receptor cell differentiation","1/287","10/3645",0.1,1.27003484320557,0.249952442394969,0.560081210528209,0.984441671579563,0.97761304063276,"ENSG00000184564",1
"GO:0043403","skeletal muscle tissue regeneration","1/287","10/3645",0.1,1.27003484320557,0.249952442394969,0.560081210528209,0.984441671579563,0.97761304063276,"ENSG00000017427",1
"GO:0045663","positive regulation of myoblast differentiation","1/287","10/3645",0.1,1.27003484320557,0.249952442394969,0.560081210528209,0.984441671579563,0.97761304063276,"ENSG00000112183",1
"GO:0045912","negative regulation of carbohydrate metabolic process","1/287","10/3645",0.1,1.27003484320557,0.249952442394969,0.560081210528209,0.984441671579563,0.97761304063276,"ENSG00000181092",1
"GO:0046697","decidualization","1/287","10/3645",0.1,1.27003484320557,0.249952442394969,0.560081210528209,0.984441671579563,0.97761304063276,"ENSG00000113739",1
"GO:0046824","positive regulation of nucleocytoplasmic transport","1/287","10/3645",0.1,1.27003484320557,0.249952442394969,0.560081210528209,0.984441671579563,0.97761304063276,"ENSG00000079337",1
"GO:0051168","nuclear export","1/287","10/3645",0.1,1.27003484320557,0.249952442394969,0.560081210528209,0.984441671579563,0.97761304063276,"ENSG00000079337",1
"GO:0051447","negative regulation of meiotic cell cycle","1/287","10/3645",0.1,1.27003484320557,0.249952442394969,0.560081210528209,0.984441671579563,0.97761304063276,"ENSG00000120129",1
"GO:0051926","negative regulation of calcium ion transport","1/287","10/3645",0.1,1.27003484320557,0.249952442394969,0.560081210528209,0.984441671579563,0.97761304063276,"ENSG00000150594",1
"GO:0060142","regulation of syncytium formation by plasma membrane fusion","1/287","10/3645",0.1,1.27003484320557,0.249952442394969,0.560081210528209,0.984441671579563,0.97761304063276,"ENSG00000079337",1
"GO:0060391","positive regulation of SMAD protein signal transduction","1/287","10/3645",0.1,1.27003484320557,0.249952442394969,0.560081210528209,0.984441671579563,0.97761304063276,"ENSG00000069702",1
"GO:0061318","renal filtration cell differentiation","1/287","10/3645",0.1,1.27003484320557,0.249952442394969,0.560081210528209,0.984441671579563,0.97761304063276,"ENSG00000181092",1
"GO:0061744","motor behavior","1/287","10/3645",0.1,1.27003484320557,0.249952442394969,0.560081210528209,0.984441671579563,0.97761304063276,"ENSG00000106688",1
"GO:0070942","neutrophil mediated cytotoxicity","1/287","10/3645",0.1,1.27003484320557,0.249952442394969,0.560081210528209,0.984441671579563,0.97761304063276,"ENSG00000100448",1
"GO:0071605","monocyte chemotactic protein-1 production","1/287","10/3645",0.1,1.27003484320557,0.249952442394969,0.560081210528209,0.984441671579563,0.97761304063276,"ENSG00000181092",1
"GO:0071637","regulation of monocyte chemotactic protein-1 production","1/287","10/3645",0.1,1.27003484320557,0.249952442394969,0.560081210528209,0.984441671579563,0.97761304063276,"ENSG00000181092",1
"GO:0072112","podocyte differentiation","1/287","10/3645",0.1,1.27003484320557,0.249952442394969,0.560081210528209,0.984441671579563,0.97761304063276,"ENSG00000181092",1
"GO:0072583","clathrin-dependent endocytosis","1/287","10/3645",0.1,1.27003484320557,0.249952442394969,0.560081210528209,0.984441671579563,0.97761304063276,"ENSG00000007237",1
"GO:0090023","positive regulation of neutrophil chemotaxis","1/287","10/3645",0.1,1.27003484320557,0.249952442394969,0.560081210528209,0.984441671579563,0.97761304063276,"ENSG00000113296",1
"GO:0090136","epithelial cell-cell adhesion","1/287","10/3645",0.1,1.27003484320557,0.249952442394969,0.560081210528209,0.984441671579563,0.97761304063276,"ENSG00000113296",1
"GO:0090280","positive regulation of calcium ion import","1/287","10/3645",0.1,1.27003484320557,0.249952442394969,0.560081210528209,0.984441671579563,0.97761304063276,"ENSG00000107562",1
"GO:0090594","inflammatory response to wounding","1/287","10/3645",0.1,1.27003484320557,0.249952442394969,0.560081210528209,0.984441671579563,0.97761304063276,"ENSG00000137033",1
"GO:0097421","liver regeneration","1/287","10/3645",0.1,1.27003484320557,0.249952442394969,0.560081210528209,0.984441671579563,0.97761304063276,"ENSG00000103257",1
"GO:1900087","positive regulation of G1/S transition of mitotic cell cycle","1/287","10/3645",0.1,1.27003484320557,0.249952442394969,0.560081210528209,0.984441671579563,0.97761304063276,"ENSG00000070193",1
"GO:1902175","regulation of oxidative stress-induced intrinsic apoptotic signaling pathway","1/287","10/3645",0.1,1.27003484320557,0.249952442394969,0.560081210528209,0.984441671579563,0.97761304063276,"ENSG00000112981",1
"GO:1903306","negative regulation of regulated secretory pathway","1/287","10/3645",0.1,1.27003484320557,0.249952442394969,0.560081210528209,0.984441671579563,0.97761304063276,"ENSG00000150594",1
"GO:1904862","inhibitory synapse assembly","1/287","10/3645",0.1,1.27003484320557,0.249952442394969,0.560081210528209,0.984441671579563,0.97761304063276,"ENSG00000158258",1
"GO:1904996","positive regulation of leukocyte adhesion to vascular endothelial cell","1/287","10/3645",0.1,1.27003484320557,0.249952442394969,0.560081210528209,0.984441671579563,0.97761304063276,"ENSG00000174175",1
"GO:2000050","regulation of non-canonical Wnt signaling pathway","1/287","10/3645",0.1,1.27003484320557,0.249952442394969,0.560081210528209,0.984441671579563,0.97761304063276,"ENSG00000106483",1
"GO:0007159","leukocyte cell-cell adhesion","11/287","141/3645",0.0780141843971631,0.990807324486619,-0.032543122777345,0.560108817742427,0.984441671579563,0.97761304063276,"ENSG00000107562/ENSG00000154721/ENSG00000017427/ENSG00000168329/ENSG00000074047/ENSG00000179388/ENSG00000167244/ENSG00000100448/ENSG00000109906/ENSG00000174175/ENSG00000171236",11
"GO:0035107","appendage morphogenesis","5/287","63/3645",0.0793650793650794,1.00796416127427,0.018639631253858,0.560958634136814,0.984441671579563,0.97761304063276,"ENSG00000073282/ENSG00000109906/ENSG00000070193/ENSG00000144218/ENSG00000008196",5
"GO:0035108","limb morphogenesis","5/287","63/3645",0.0793650793650794,1.00796416127427,0.018639631253858,0.560958634136814,0.984441671579563,0.97761304063276,"ENSG00000073282/ENSG00000109906/ENSG00000070193/ENSG00000144218/ENSG00000008196",5
"GO:0016310","phosphorylation","13/287","167/3645",0.0778443113772455,0.98864987794446,-0.0438918377550758,0.561211655748552,0.984441671579563,0.97761304063276,"ENSG00000145147/ENSG00000017427/ENSG00000166147/ENSG00000156427/ENSG00000113296/ENSG00000100448/ENSG00000102010/ENSG00000120129/ENSG00000178568/ENSG00000090534/ENSG00000070193/ENSG00000181092/ENSG00000126562",13
"GO:0050728","negative regulation of inflammatory response","4/287","50/3645",0.08,1.01602787456446,0.0333580977040596,0.562980138372225,0.984441671579563,0.97761304063276,"ENSG00000019991/ENSG00000017427/ENSG00000137033/ENSG00000181092",4
"GO:0098656","monoatomic anion transmembrane transport","4/287","50/3645",0.08,1.01602787456446,0.0333580977040596,0.562980138372225,0.984441671579563,0.97761304063276,"ENSG00000162383/ENSG00000159212/ENSG00000050438/ENSG00000106688",4
"GO:2000027","regulation of animal organ morphogenesis","4/287","50/3645",0.08,1.01602787456446,0.0333580977040596,0.562980138372225,0.984441671579563,0.97761304063276,"ENSG00000019991/ENSG00000064300/ENSG00000169083/ENSG00000070193",4
"GO:1902679","negative regulation of RNA biosynthetic process","20/287","258/3645",0.0775193798449612,0.984523134267888,-0.0753832845318943,0.566332090444838,0.984441671579563,0.97761304063276,"ENSG00000079102/ENSG00000169946/ENSG00000074047/ENSG00000167244/ENSG00000106483/ENSG00000174332/ENSG00000163072/ENSG00000120738/ENSG00000073282/ENSG00000109906/ENSG00000107249/ENSG00000145934/ENSG00000169083/ENSG00000091831/ENSG00000137033/ENSG00000125740/ENSG00000170323/ENSG00000181092/ENSG00000276644/ENSG00000008196",20
"GO:0006493","protein O-linked glycosylation","3/287","37/3645",0.0810810810810811,1.02975798097749,0.0531815322618992,0.566781867526143,0.984441671579563,0.97761304063276,"ENSG00000172986/ENSG00000017427/ENSG00000148488",3
"GO:0006835","dicarboxylic acid transport","3/287","37/3645",0.0810810810810811,1.02975798097749,0.0531815322618992,0.566781867526143,0.984441671579563,0.97761304063276,"ENSG00000162383/ENSG00000183044/ENSG00000106688",3
"GO:0048645","animal organ formation","3/287","37/3645",0.0810810810810811,1.02975798097749,0.0531815322618992,0.566781867526143,0.984441671579563,0.97761304063276,"ENSG00000073282/ENSG00000169083/ENSG00000070193",3
"GO:0050906","detection of stimulus involved in sensory perception","3/287","37/3645",0.0810810810810811,1.02975798097749,0.0531815322618992,0.566781867526143,0.984441671579563,0.97761304063276,"ENSG00000107562/ENSG00000006128/ENSG00000115255",3
"GO:0070507","regulation of microtubule cytoskeleton organization","3/287","37/3645",0.0810810810810811,1.02975798097749,0.0531815322618992,0.566781867526143,0.984441671579563,0.97761304063276,"ENSG00000186868/ENSG00000166780/ENSG00000067798",3
"GO:0071326","cellular response to monosaccharide stimulus","3/287","37/3645",0.0810810810810811,1.02975798097749,0.0531815322618992,0.566781867526143,0.984441671579563,0.97761304063276,"ENSG00000017427/ENSG00000150594/ENSG00000092009",3
"GO:0071331","cellular response to hexose stimulus","3/287","37/3645",0.0810810810810811,1.02975798097749,0.0531815322618992,0.566781867526143,0.984441671579563,0.97761304063276,"ENSG00000017427/ENSG00000150594/ENSG00000092009",3
"GO:0001570","vasculogenesis","2/287","24/3645",0.0833333333333333,1.05836236933798,0.0838521224184835,0.574543567141422,0.984441671579563,0.97761304063276,"ENSG00000169946/ENSG00000069702",2
"GO:0002090","regulation of receptor internalization","2/287","24/3645",0.0833333333333333,1.05836236933798,0.0838521224184835,0.574543567141422,0.984441671579563,0.97761304063276,"ENSG00000106483/ENSG00000103528",2
"GO:0002673","regulation of acute inflammatory response","2/287","24/3645",0.0833333333333333,1.05836236933798,0.0838521224184835,0.574543567141422,0.984441671579563,0.97761304063276,"ENSG00000050628/ENSG00000006128",2
"GO:0002823","negative regulation of adaptive immune response based on somatic recombination of immune receptors built from immunoglobulin superfamily domains","2/287","24/3645",0.0833333333333333,1.05836236933798,0.0838521224184835,0.574543567141422,0.984441671579563,0.97761304063276,"ENSG00000115602/ENSG00000137033",2
"GO:0006801","superoxide metabolic process","2/287","24/3645",0.0833333333333333,1.05836236933798,0.0838521224184835,0.574543567141422,0.984441671579563,0.97761304063276,"ENSG00000186868/ENSG00000106688",2
"GO:0030218","erythrocyte differentiation","2/287","24/3645",0.0833333333333333,1.05836236933798,0.0838521224184835,0.574543567141422,0.984441671579563,0.97761304063276,"ENSG00000162722/ENSG00000069702",2
"GO:0030316","osteoclast differentiation","2/287","24/3645",0.0833333333333333,1.05836236933798,0.0838521224184835,0.574543567141422,0.984441671579563,0.97761304063276,"ENSG00000166147/ENSG00000170345",2
"GO:0044272","sulfur compound biosynthetic process","2/287","24/3645",0.0833333333333333,1.05836236933798,0.0838521224184835,0.574543567141422,0.984441671579563,0.97761304063276,"ENSG00000106688/ENSG00000197977",2
"GO:0072577","endothelial cell apoptotic process","2/287","24/3645",0.0833333333333333,1.05836236933798,0.0838521224184835,0.574543567141422,0.984441671579563,0.97761304063276,"ENSG00000173376/ENSG00000064300",2
"GO:0002573","myeloid leukocyte differentiation","5/287","64/3645",0.078125,0.992214721254355,-0.0183675732229573,0.575358078414354,0.984441671579563,0.97761304063276,"ENSG00000166147/ENSG00000115602/ENSG00000170345/ENSG00000137033/ENSG00000181092",5
"GO:0018958","phenol-containing compound metabolic process","4/287","51/3645",0.0784313725490196,0.996105759376921,-0.0081866951944935,0.579051355392261,0.984441671579563,0.97761304063276,"ENSG00000133116/ENSG00000143387/ENSG00000183044/ENSG00000106688",4
"GO:0031669","cellular response to nutrient levels","4/287","51/3645",0.0784313725490196,0.996105759376921,-0.0081866951944935,0.579051355392261,0.984441671579563,0.97761304063276,"ENSG00000169184/ENSG00000103257/ENSG00000170345/ENSG00000197769",4
"GO:0070665","positive regulation of leukocyte proliferation","4/287","51/3645",0.0784313725490196,0.996105759376921,-0.0081866951944935,0.579051355392261,0.984441671579563,0.97761304063276,"ENSG00000017427/ENSG00000167244/ENSG00000006128/ENSG00000070193",4
"GO:0072080","nephron tubule development","4/287","51/3645",0.0784313725490196,0.996105759376921,-0.0081866951944935,0.579051355392261,0.984441671579563,0.97761304063276,"ENSG00000145536/ENSG00000141449/ENSG00000126562/ENSG00000008196",4
"GO:0009967","positive regulation of signal transduction","34/287","441/3645",0.0770975056689342,0.979165185237858,-0.136411966978752,0.583739050495028,0.984441671579563,0.97761304063276,"ENSG00000196569/ENSG00000131016/ENSG00000170962/ENSG00000019991/ENSG00000017427/ENSG00000135914/ENSG00000168329/ENSG00000133116/ENSG00000167244/ENSG00000156427/ENSG00000106483/ENSG00000172260/ENSG00000168477/ENSG00000169184/ENSG00000131080/ENSG00000150594/ENSG00000073282/ENSG00000169252/ENSG00000126895/ENSG00000064300/ENSG00000169083/ENSG00000183888/ENSG00000178568/ENSG00000137033/ENSG00000174175/ENSG00000171236/ENSG00000090534/ENSG00000070193/ENSG00000069702/ENSG00000181092/ENSG00000159307/ENSG00000110169/ENSG00000145777/ENSG00000124205",34
"GO:0003279","cardiac septum development","3/287","38/3645",0.0789473684210526,1.00265908674124,0.00481660484637348,0.585305141763938,0.984441671579563,0.97761304063276,"ENSG00000145147/ENSG00000169946/ENSG00000069702",3
"GO:0006417","regulation of translation","3/287","38/3645",0.0789473684210526,1.00265908674124,0.00481660484637348,0.585305141763938,0.984441671579563,0.97761304063276,"ENSG00000144642/ENSG00000253250/ENSG00000112183",3
"GO:0045017","glycerolipid biosynthetic process","3/287","38/3645",0.0789473684210526,1.00265908674124,0.00481660484637348,0.585305141763938,0.984441671579563,0.97761304063276,"ENSG00000135914/ENSG00000102010/ENSG00000214456",3
"GO:0045582","positive regulation of T cell differentiation","3/287","38/3645",0.0789473684210526,1.00265908674124,0.00481660484637348,0.585305141763938,0.984441671579563,0.97761304063276,"ENSG00000074047/ENSG00000179388/ENSG00000109906",3
"GO:0048259","regulation of receptor-mediated endocytosis","3/287","38/3645",0.0789473684210526,1.00265908674124,0.00481660484637348,0.585305141763938,0.984441671579563,0.97761304063276,"ENSG00000106483/ENSG00000103528/ENSG00000181092",3
"GO:0050764","regulation of phagocytosis","3/287","38/3645",0.0789473684210526,1.00265908674124,0.00481660484637348,0.585305141763938,0.984441671579563,0.97761304063276,"ENSG00000244731/ENSG00000224389/ENSG00000181092",3
"GO:0043549","regulation of kinase activity","5/287","65/3645",0.0769230769230769,0.976949879388904,-0.0548123161253927,0.589507948408689,0.984441671579563,0.97761304063276,"ENSG00000017427/ENSG00000166147/ENSG00000156427/ENSG00000120129/ENSG00000181092",5
"GO:0051222","positive regulation of protein transport","5/287","65/3645",0.0769230769230769,0.976949879388904,-0.0548123161253927,0.589507948408689,0.984441671579563,0.97761304063276,"ENSG00000017427/ENSG00000164220/ENSG00000079337/ENSG00000183044/ENSG00000170011",5
"GO:0090068","positive regulation of cell cycle process","5/287","65/3645",0.0769230769230769,0.976949879388904,-0.0548123161253927,0.589507948408689,0.984441671579563,0.97761304063276,"ENSG00000017427/ENSG00000167244/ENSG00000073282/ENSG00000070193/ENSG00000124205",5
"GO:0032386","regulation of intracellular transport","4/287","52/3645",0.0769230769230769,0.976949879388904,-0.0489368546286623,0.594782445271344,0.984441671579563,0.97761304063276,"ENSG00000079337/ENSG00000162722/ENSG00000115255/ENSG00000181092",4
"GO:0061326","renal tubule development","4/287","52/3645",0.0769230769230769,0.976949879388904,-0.0489368546286623,0.594782445271344,0.984441671579563,0.97761304063276,"ENSG00000145536/ENSG00000141449/ENSG00000126562/ENSG00000008196",4
"GO:1902107","positive regulation of leukocyte differentiation","4/287","52/3645",0.0769230769230769,0.976949879388904,-0.0489368546286623,0.594782445271344,0.984441671579563,0.97761304063276,"ENSG00000074047/ENSG00000179388/ENSG00000109906/ENSG00000170345",4
"GO:1903708","positive regulation of hemopoiesis","4/287","52/3645",0.0769230769230769,0.976949879388904,-0.0489368546286623,0.594782445271344,0.984441671579563,0.97761304063276,"ENSG00000074047/ENSG00000179388/ENSG00000109906/ENSG00000170345",4
"GO:0001893","maternal placenta development","1/287","11/3645",0.0909090909090909,1.15457713018689,0.15008555924498,0.594814826093107,0.984441671579563,0.97761304063276,"ENSG00000113739",1
"GO:0002092","positive regulation of receptor internalization","1/287","11/3645",0.0909090909090909,1.15457713018689,0.15008555924498,0.594814826093107,0.984441671579563,0.97761304063276,"ENSG00000106483",1
"GO:0002347","response to tumor cell","1/287","11/3645",0.0909090909090909,1.15457713018689,0.15008555924498,0.594814826093107,0.984441671579563,0.97761304063276,"ENSG00000144642",1
"GO:0002828","regulation of type 2 immune response","1/287","11/3645",0.0909090909090909,1.15457713018689,0.15008555924498,0.594814826093107,0.984441671579563,0.97761304063276,"ENSG00000137033",1
"GO:0002923","regulation of humoral immune response mediated by circulating immunoglobulin","1/287","11/3645",0.0909090909090909,1.15457713018689,0.15008555924498,0.594814826093107,0.984441671579563,0.97761304063276,"ENSG00000110169",1
"GO:0003016","respiratory system process","1/287","11/3645",0.0909090909090909,1.15457713018689,0.15008555924498,0.594814826093107,0.984441671579563,0.97761304063276,"ENSG00000197748",1
"GO:0007214","gamma-aminobutyric acid signaling pathway","1/287","11/3645",0.0909090909090909,1.15457713018689,0.15008555924498,0.594814826093107,0.984441671579563,0.97761304063276,"ENSG00000115896",1
"GO:0007274","neuromuscular synaptic transmission","1/287","11/3645",0.0909090909090909,1.15457713018689,0.15008555924498,0.594814826093107,0.984441671579563,0.97761304063276,"ENSG00000179388",1
"GO:0007595","lactation","1/287","11/3645",0.0909090909090909,1.15457713018689,0.15008555924498,0.594814826093107,0.984441671579563,0.97761304063276,"ENSG00000178568",1
"GO:0009713","catechol-containing compound biosynthetic process","1/287","11/3645",0.0909090909090909,1.15457713018689,0.15008555924498,0.594814826093107,0.984441671579563,0.97761304063276,"ENSG00000133116",1
"GO:0017145","stem cell division","1/287","11/3645",0.0909090909090909,1.15457713018689,0.15008555924498,0.594814826093107,0.984441671579563,0.97761304063276,"ENSG00000109906",1
"GO:0019432","triglyceride biosynthetic process","1/287","11/3645",0.0909090909090909,1.15457713018689,0.15008555924498,0.594814826093107,0.984441671579563,0.97761304063276,"ENSG00000214456",1
"GO:0021799","cerebral cortex radially oriented cell migration","1/287","11/3645",0.0909090909090909,1.15457713018689,0.15008555924498,0.594814826093107,0.984441671579563,0.97761304063276,"ENSG00000166780",1
"GO:0030318","melanocyte differentiation","1/287","11/3645",0.0909090909090909,1.15457713018689,0.15008555924498,0.594814826093107,0.984441671579563,0.97761304063276,"ENSG00000124205",1
"GO:0030866","cortical actin cytoskeleton organization","1/287","11/3645",0.0909090909090909,1.15457713018689,0.15008555924498,0.594814826093107,0.984441671579563,0.97761304063276,"ENSG00000145703",1
"GO:0032703","negative regulation of interleukin-2 production","1/287","11/3645",0.0909090909090909,1.15457713018689,0.15008555924498,0.594814826093107,0.984441671579563,0.97761304063276,"ENSG00000067798",1
"GO:0034383","low-density lipoprotein particle clearance","1/287","11/3645",0.0909090909090909,1.15457713018689,0.15008555924498,0.594814826093107,0.984441671579563,0.97761304063276,"ENSG00000181092",1
"GO:0034502","protein localization to chromosome","1/287","11/3645",0.0909090909090909,1.15457713018689,0.15008555924498,0.594814826093107,0.984441671579563,0.97761304063276,"ENSG00000091831",1
"GO:0034505","tooth mineralization","1/287","11/3645",0.0909090909090909,1.15457713018689,0.15008555924498,0.594814826093107,0.984441671579563,0.97761304063276,"ENSG00000106819",1
"GO:0038128","ERBB2 signaling pathway","1/287","11/3645",0.0909090909090909,1.15457713018689,0.15008555924498,0.594814826093107,0.984441671579563,0.97761304063276,"ENSG00000178568",1
"GO:0040018","positive regulation of multicellular organism growth","1/287","11/3645",0.0909090909090909,1.15457713018689,0.15008555924498,0.594814826093107,0.984441671579563,0.97761304063276,"ENSG00000167244",1
"GO:0042423","catecholamine biosynthetic process","1/287","11/3645",0.0909090909090909,1.15457713018689,0.15008555924498,0.594814826093107,0.984441671579563,0.97761304063276,"ENSG00000133116",1
"GO:0042440","pigment metabolic process","1/287","11/3645",0.0909090909090909,1.15457713018689,0.15008555924498,0.594814826093107,0.984441671579563,0.97761304063276,"ENSG00000110169",1
"GO:0042759","long-chain fatty acid biosynthetic process","1/287","11/3645",0.0909090909090909,1.15457713018689,0.15008555924498,0.594814826093107,0.984441671579563,0.97761304063276,"ENSG00000197977",1
"GO:0043243","positive regulation of protein-containing complex disassembly","1/287","11/3645",0.0909090909090909,1.15457713018689,0.15008555924498,0.594814826093107,0.984441671579563,0.97761304063276,"ENSG00000169252",1
"GO:0043406","positive regulation of MAP kinase activity","1/287","11/3645",0.0909090909090909,1.15457713018689,0.15008555924498,0.594814826093107,0.984441671579563,0.97761304063276,"ENSG00000156427",1
"GO:0043433","negative regulation of DNA-binding transcription factor activity","1/287","11/3645",0.0909090909090909,1.15457713018689,0.15008555924498,0.594814826093107,0.984441671579563,0.97761304063276,"ENSG00000091831",1
"GO:0044319","wound healing, spreading of cells","1/287","11/3645",0.0909090909090909,1.15457713018689,0.15008555924498,0.594814826093107,0.984441671579563,0.97761304063276,"ENSG00000171236",1
"GO:0045429","positive regulation of nitric oxide biosynthetic process","1/287","11/3645",0.0909090909090909,1.15457713018689,0.15008555924498,0.594814826093107,0.984441671579563,0.97761304063276,"ENSG00000091831",1
"GO:0045494","photoreceptor cell maintenance","1/287","11/3645",0.0909090909090909,1.15457713018689,0.15008555924498,0.594814826093107,0.984441671579563,0.97761304063276,"ENSG00000130045",1
"GO:0045742","positive regulation of epidermal growth factor receptor signaling pathway","1/287","11/3645",0.0909090909090909,1.15457713018689,0.15008555924498,0.594814826093107,0.984441671579563,0.97761304063276,"ENSG00000150594",1
"GO:0045907","positive regulation of vasoconstriction","1/287","11/3645",0.0909090909090909,1.15457713018689,0.15008555924498,0.594814826093107,0.984441671579563,0.97761304063276,"ENSG00000126895",1
"GO:0045922","negative regulation of fatty acid metabolic process","1/287","11/3645",0.0909090909090909,1.15457713018689,0.15008555924498,0.594814826093107,0.984441671579563,0.97761304063276,"ENSG00000214456",1
"GO:0046460","neutral lipid biosynthetic process","1/287","11/3645",0.0909090909090909,1.15457713018689,0.15008555924498,0.594814826093107,0.984441671579563,0.97761304063276,"ENSG00000214456",1
"GO:0046463","acylglycerol biosynthetic process","1/287","11/3645",0.0909090909090909,1.15457713018689,0.15008555924498,0.594814826093107,0.984441671579563,0.97761304063276,"ENSG00000214456",1
"GO:0046629","gamma-delta T cell activation","1/287","11/3645",0.0909090909090909,1.15457713018689,0.15008555924498,0.594814826093107,0.984441671579563,0.97761304063276,"ENSG00000179388",1
"GO:0048384","retinoic acid receptor signaling pathway","1/287","11/3645",0.0909090909090909,1.15457713018689,0.15008555924498,0.594814826093107,0.984441671579563,0.97761304063276,"ENSG00000141449",1
"GO:0050657","nucleic acid transport","1/287","11/3645",0.0909090909090909,1.15457713018689,0.15008555924498,0.594814826093107,0.984441671579563,0.97761304063276,"ENSG00000072858",1
"GO:0050658","RNA transport","1/287","11/3645",0.0909090909090909,1.15457713018689,0.15008555924498,0.594814826093107,0.984441671579563,0.97761304063276,"ENSG00000072858",1
"GO:0051236","establishment of RNA localization","1/287","11/3645",0.0909090909090909,1.15457713018689,0.15008555924498,0.594814826093107,0.984441671579563,0.97761304063276,"ENSG00000072858",1
"GO:0051294","establishment of spindle orientation","1/287","11/3645",0.0909090909090909,1.15457713018689,0.15008555924498,0.594814826093107,0.984441671579563,0.97761304063276,"ENSG00000070193",1
"GO:0051590","positive regulation of neurotransmitter transport","1/287","11/3645",0.0909090909090909,1.15457713018689,0.15008555924498,0.594814826093107,0.984441671579563,0.97761304063276,"ENSG00000050438",1
"GO:0051930","regulation of sensory perception of pain","1/287","11/3645",0.0909090909090909,1.15457713018689,0.15008555924498,0.594814826093107,0.984441671579563,0.97761304063276,"ENSG00000006128",1
"GO:0051931","regulation of sensory perception","1/287","11/3645",0.0909090909090909,1.15457713018689,0.15008555924498,0.594814826093107,0.984441671579563,0.97761304063276,"ENSG00000006128",1
"GO:0060119","inner ear receptor cell development","1/287","11/3645",0.0909090909090909,1.15457713018689,0.15008555924498,0.594814826093107,0.984441671579563,0.97761304063276,"ENSG00000184564",1
"GO:0060317","cardiac epithelial to mesenchymal transition","1/287","11/3645",0.0909090909090909,1.15457713018689,0.15008555924498,0.594814826093107,0.984441671579563,0.97761304063276,"ENSG00000069702",1
"GO:0060612","adipose tissue development","1/287","11/3645",0.0909090909090909,1.15457713018689,0.15008555924498,0.594814826093107,0.984441671579563,0.97761304063276,"ENSG00000134240",1
"GO:0061951","establishment of protein localization to plasma membrane","1/287","11/3645",0.0909090909090909,1.15457713018689,0.15008555924498,0.594814826093107,0.984441671579563,0.97761304063276,"ENSG00000184811",1
"GO:0071354","cellular response to interleukin-6","1/287","11/3645",0.0909090909090909,1.15457713018689,0.15008555924498,0.594814826093107,0.984441671579563,0.97761304063276,"ENSG00000196090",1
"GO:0071385","cellular response to glucocorticoid stimulus","1/287","11/3645",0.0909090909090909,1.15457713018689,0.15008555924498,0.594814826093107,0.984441671579563,0.97761304063276,"ENSG00000134240",1
"GO:0071425","hematopoietic stem cell proliferation","1/287","11/3645",0.0909090909090909,1.15457713018689,0.15008555924498,0.594814826093107,0.984441671579563,0.97761304063276,"ENSG00000090534",1
"GO:0071599","otic vesicle development","1/287","11/3645",0.0909090909090909,1.15457713018689,0.15008555924498,0.594814826093107,0.984441671579563,0.97761304063276,"ENSG00000070193",1
"GO:0072010","glomerular epithelium development","1/287","11/3645",0.0909090909090909,1.15457713018689,0.15008555924498,0.594814826093107,0.984441671579563,0.97761304063276,"ENSG00000181092",1
"GO:0072202","cell differentiation involved in metanephros development","1/287","11/3645",0.0909090909090909,1.15457713018689,0.15008555924498,0.594814826093107,0.984441671579563,0.97761304063276,"ENSG00000181092",1
"GO:0072243","metanephric nephron epithelium development","1/287","11/3645",0.0909090909090909,1.15457713018689,0.15008555924498,0.594814826093107,0.984441671579563,0.97761304063276,"ENSG00000181092",1
"GO:0072311","glomerular epithelial cell differentiation","1/287","11/3645",0.0909090909090909,1.15457713018689,0.15008555924498,0.594814826093107,0.984441671579563,0.97761304063276,"ENSG00000181092",1
"GO:0072578","neurotransmitter-gated ion channel clustering","1/287","11/3645",0.0909090909090909,1.15457713018689,0.15008555924498,0.594814826093107,0.984441671579563,0.97761304063276,"ENSG00000121871",1
"GO:0090322","regulation of superoxide metabolic process","1/287","11/3645",0.0909090909090909,1.15457713018689,0.15008555924498,0.594814826093107,0.984441671579563,0.97761304063276,"ENSG00000186868",1
"GO:0090504","epiboly","1/287","11/3645",0.0909090909090909,1.15457713018689,0.15008555924498,0.594814826093107,0.984441671579563,0.97761304063276,"ENSG00000171236",1
"GO:0090505","epiboly involved in wound healing","1/287","11/3645",0.0909090909090909,1.15457713018689,0.15008555924498,0.594814826093107,0.984441671579563,0.97761304063276,"ENSG00000171236",1
"GO:0097107","postsynaptic density assembly","1/287","11/3645",0.0909090909090909,1.15457713018689,0.15008555924498,0.594814826093107,0.984441671579563,0.97761304063276,"ENSG00000121871",1
"GO:0140888","interferon-mediated signaling pathway","1/287","11/3645",0.0909090909090909,1.15457713018689,0.15008555924498,0.594814826093107,0.984441671579563,0.97761304063276,"ENSG00000110169",1
"GO:1900076","regulation of cellular response to insulin stimulus","1/287","11/3645",0.0909090909090909,1.15457713018689,0.15008555924498,0.594814826093107,0.984441671579563,0.97761304063276,"ENSG00000167244",1
"GO:1900746","regulation of vascular endothelial growth factor signaling pathway","1/287","11/3645",0.0909090909090909,1.15457713018689,0.15008555924498,0.594814826093107,0.984441671579563,0.97761304063276,"ENSG00000168477",1
"GO:1901186","positive regulation of ERBB signaling pathway","1/287","11/3645",0.0909090909090909,1.15457713018689,0.15008555924498,0.594814826093107,0.984441671579563,0.97761304063276,"ENSG00000150594",1
"GO:1901874","negative regulation of post-translational protein modification","1/287","11/3645",0.0909090909090909,1.15457713018689,0.15008555924498,0.594814826093107,0.984441671579563,0.97761304063276,"ENSG00000172425",1
"GO:1902117","positive regulation of organelle assembly","1/287","11/3645",0.0909090909090909,1.15457713018689,0.15008555924498,0.594814826093107,0.984441671579563,0.97761304063276,"ENSG00000004838",1
"GO:1902624","positive regulation of neutrophil migration","1/287","11/3645",0.0909090909090909,1.15457713018689,0.15008555924498,0.594814826093107,0.984441671579563,0.97761304063276,"ENSG00000113296",1
"GO:1903313","positive regulation of mRNA metabolic process","1/287","11/3645",0.0909090909090909,1.15457713018689,0.15008555924498,0.594814826093107,0.984441671579563,0.97761304063276,"ENSG00000112183",1
"GO:1903321","negative regulation of protein modification by small protein conjugation or removal","1/287","11/3645",0.0909090909090909,1.15457713018689,0.15008555924498,0.594814826093107,0.984441671579563,0.97761304063276,"ENSG00000172425",1
"GO:1903861","positive regulation of dendrite extension","1/287","11/3645",0.0909090909090909,1.15457713018689,0.15008555924498,0.594814826093107,0.984441671579563,0.97761304063276,"ENSG00000103528",1
"GO:1905606","regulation of presynapse assembly","1/287","11/3645",0.0909090909090909,1.15457713018689,0.15008555924498,0.594814826093107,0.984441671579563,0.97761304063276,"ENSG00000121871",1
"GO:1990000","amyloid fibril formation","1/287","11/3645",0.0909090909090909,1.15457713018689,0.15008555924498,0.594814826093107,0.984441671579563,0.97761304063276,"ENSG00000186868",1
"GO:2000008","regulation of protein localization to cell surface","1/287","11/3645",0.0909090909090909,1.15457713018689,0.15008555924498,0.594814826093107,0.984441671579563,0.97761304063276,"ENSG00000178568",1
"GO:0019722","calcium-mediated signaling","7/287","92/3645",0.0760869565217391,0.966330858960764,-0.095613261633506,0.595545027279839,0.984441671579563,0.97761304063276,"ENSG00000017427/ENSG00000170624/ENSG00000135914/ENSG00000168329/ENSG00000172260/ENSG00000186868/ENSG00000144891",7
"GO:0031175","neuron projection development","26/287","340/3645",0.0764705882352941,0.971203115392498,-0.163000531062451,0.597149436343578,0.984441671579563,0.97761304063276,"ENSG00000196569/ENSG00000007237/ENSG00000145147/ENSG00000107562/ENSG00000185070/ENSG00000196159/ENSG00000046889/ENSG00000074047/ENSG00000277586/ENSG00000172260/ENSG00000165323/ENSG00000134121/ENSG00000168477/ENSG00000173376/ENSG00000196090/ENSG00000186868/ENSG00000153993/ENSG00000064300/ENSG00000121871/ENSG00000154654/ENSG00000103528/ENSG00000151892/ENSG00000184564/ENSG00000012171/ENSG00000124205/ENSG00000171798",26
"GO:0001824","blastocyst development","2/287","25/3645",0.08,1.01602787456446,0.0235061466140099,0.597185181054651,0.984441671579563,0.97761304063276,"ENSG00000017427/ENSG00000148488",2
"GO:0002820","negative regulation of adaptive immune response","2/287","25/3645",0.08,1.01602787456446,0.0235061466140099,0.597185181054651,0.984441671579563,0.97761304063276,"ENSG00000115602/ENSG00000137033",2
"GO:0009165","nucleotide biosynthetic process","2/287","25/3645",0.08,1.01602787456446,0.0235061466140099,0.597185181054651,0.984441671579563,0.97761304063276,"ENSG00000154027/ENSG00000112981",2
"GO:0009593","detection of chemical stimulus","2/287","25/3645",0.08,1.01602787456446,0.0235061466140099,0.597185181054651,0.984441671579563,0.97761304063276,"ENSG00000179954/ENSG00000224389",2
"GO:0048566","embryonic digestive tract development","2/287","25/3645",0.08,1.01602787456446,0.0235061466140099,0.597185181054651,0.984441671579563,0.97761304063276,"ENSG00000074047/ENSG00000070193",2
"GO:0061136","regulation of proteasomal protein catabolic process","2/287","25/3645",0.08,1.01602787456446,0.0235061466140099,0.597185181054651,0.984441671579563,0.97761304063276,"ENSG00000137033/ENSG00000172425",2
"GO:0070542","response to fatty acid","2/287","25/3645",0.08,1.01602787456446,0.0235061466140099,0.597185181054651,0.984441671579563,0.97761304063276,"ENSG00000181092/ENSG00000134240",2
"GO:2000179","positive regulation of neural precursor cell proliferation","2/287","25/3645",0.08,1.01602787456446,0.0235061466140099,0.597185181054651,0.984441671579563,0.97761304063276,"ENSG00000017427/ENSG00000168329",2
"GO:0051656","establishment of organelle localization","6/287","79/3645",0.0759493670886076,0.964583425219424,-0.0930291858231203,0.598800198544956,0.984441671579563,0.97761304063276,"ENSG00000179639/ENSG00000277586/ENSG00000165646/ENSG00000186868/ENSG00000162722/ENSG00000070193",6
"GO:0042063","gliogenesis","10/287","132/3645",0.0757575757575758,0.962147608489072,-0.129488440577665,0.600125205256378,0.984441671579563,0.97761304063276,"ENSG00000196569/ENSG00000017427/ENSG00000168329/ENSG00000038427/ENSG00000172260/ENSG00000186868/ENSG00000166780/ENSG00000103257/ENSG00000137033/ENSG00000070193",10
"GO:0002702","positive regulation of production of molecular mediator of immune response","3/287","39/3645",0.0769230769230769,0.976949879388904,-0.0423040971816833,0.603318017430877,0.984441671579563,0.97761304063276,"ENSG00000103257/ENSG00000137033/ENSG00000110169",3
"GO:0018108","peptidyl-tyrosine phosphorylation","3/287","39/3645",0.0769230769230769,0.976949879388904,-0.0423040971816833,0.603318017430877,0.984441671579563,0.97761304063276,"ENSG00000113296/ENSG00000178568/ENSG00000070193",3
"GO:0018212","peptidyl-tyrosine modification","3/287","39/3645",0.0769230769230769,0.976949879388904,-0.0423040971816833,0.603318017430877,0.984441671579563,0.97761304063276,"ENSG00000113296/ENSG00000178568/ENSG00000070193",3
"GO:0030705","cytoskeleton-dependent intracellular transport","3/287","39/3645",0.0769230769230769,0.976949879388904,-0.0423040971816833,0.603318017430877,0.984441671579563,0.97761304063276,"ENSG00000277586/ENSG00000186868/ENSG00000162722",3
"GO:0033559","unsaturated fatty acid metabolic process","3/287","39/3645",0.0769230769230769,0.976949879388904,-0.0423040971816833,0.603318017430877,0.984441671579563,0.97761304063276,"ENSG00000163106/ENSG00000186204/ENSG00000197977",3
"GO:0034109","homotypic cell-cell adhesion","3/287","39/3645",0.0769230769230769,0.976949879388904,-0.0423040971816833,0.603318017430877,0.984441671579563,0.97761304063276,"ENSG00000187800/ENSG00000138722/ENSG00000100448",3
"GO:0030162","regulation of proteolysis","5/287","66/3645",0.0757575757575758,0.962147608489072,-0.0907139814445242,0.603397991593438,0.984441671579563,0.97761304063276,"ENSG00000262655/ENSG00000150594/ENSG00000137033/ENSG00000157150/ENSG00000172425",5
"GO:0031214","biomineral tissue development","5/287","66/3645",0.0757575757575758,0.962147608489072,-0.0907139814445242,0.603397991593438,0.984441671579563,0.97761304063276,"ENSG00000183160/ENSG00000017427/ENSG00000106819/ENSG00000133116/ENSG00000169252",5
"GO:0051258","protein polymerization","5/287","66/3645",0.0757575757575758,0.962147608489072,-0.0907139814445242,0.603397991593438,0.984441671579563,0.97761304063276,"ENSG00000145147/ENSG00000049540/ENSG00000277586/ENSG00000186868/ENSG00000067798",5
"GO:0072593","reactive oxygen species metabolic process","5/287","66/3645",0.0757575757575758,0.962147608489072,-0.0907139814445242,0.603397991593438,0.984441671579563,0.97761304063276,"ENSG00000165646/ENSG00000186868/ENSG00000214456/ENSG00000106688/ENSG00000144891",5
"GO:0097435","supramolecular fiber organization","16/287","211/3645",0.0758293838862559,0.963059596743564,-0.161596704914234,0.603613397017002,0.984441671579563,0.97761304063276,"ENSG00000145147/ENSG00000107562/ENSG00000119681/ENSG00000166482/ENSG00000154330/ENSG00000079337/ENSG00000049540/ENSG00000277586/ENSG00000006128/ENSG00000168477/ENSG00000104722/ENSG00000186868/ENSG00000145703/ENSG00000166780/ENSG00000067798/ENSG00000187720",16
"GO:0001906","cell killing","8/287","106/3645",0.0754716981132075,0.95851686279666,-0.126699246139625,0.604206228859758,0.984441671579563,0.97761304063276,"ENSG00000107562/ENSG00000168329/ENSG00000006128/ENSG00000100448/ENSG00000112936/ENSG00000244731/ENSG00000039537/ENSG00000243649",8
"GO:0051129","negative regulation of cellular component organization","13/287","172/3645",0.0755813953488372,0.95991005591119,-0.157447971230502,0.605676985994915,0.984441671579563,0.97761304063276,"ENSG00000145147/ENSG00000166086/ENSG00000019991/ENSG00000017427/ENSG00000079337/ENSG00000172260/ENSG00000165323/ENSG00000186868/ENSG00000166780/ENSG00000120129/ENSG00000067798/ENSG00000069702/ENSG00000181092",13
"GO:0072521","purine-containing compound metabolic process","7/287","93/3645",0.0752688172043011,0.955940204563336,-0.125816401241829,0.607257965986846,0.984441671579563,0.97761304063276,"ENSG00000017427/ENSG00000118777/ENSG00000154027/ENSG00000112981/ENSG00000167588/ENSG00000197977/ENSG00000134240",7
"GO:0090257","regulation of muscle system process","7/287","93/3645",0.0752688172043011,0.955940204563336,-0.125816401241829,0.607257965986846,0.984441671579563,0.97761304063276,"ENSG00000017427/ENSG00000183044/ENSG00000160808/ENSG00000150594/ENSG00000169252/ENSG00000164530/ENSG00000124205",7
"GO:0045184","establishment of protein localization","22/287","290/3645",0.0758620689655172,0.963474708638712,-0.189511780663637,0.609618327506037,0.984441671579563,0.97761304063276,"ENSG00000119681/ENSG00000125869/ENSG00000184985/ENSG00000017427/ENSG00000164220/ENSG00000079337/ENSG00000183044/ENSG00000277494/ENSG00000150594/ENSG00000186868/ENSG00000064300/ENSG00000128564/ENSG00000197769/ENSG00000173210/ENSG00000170011/ENSG00000137033/ENSG00000181092/ENSG00000184811/ENSG00000008196/ENSG00000050438/ENSG00000106688/ENSG00000147041",22
"GO:0016054","organic acid catabolic process","4/287","53/3645",0.0754716981132075,0.95851686279666,-0.0889264899235649,0.610161755324269,0.984441671579563,0.97761304063276,"ENSG00000183044/ENSG00000181092/ENSG00000186204/ENSG00000214456",4
"GO:0046395","carboxylic acid catabolic process","4/287","53/3645",0.0754716981132075,0.95851686279666,-0.0889264899235649,0.610161755324269,0.984441671579563,0.97761304063276,"ENSG00000183044/ENSG00000181092/ENSG00000186204/ENSG00000214456",4
"GO:0090066","regulation of anatomical structure size","12/287","160/3645",0.075,0.952526132404181,-0.179515933147582,0.615750072904846,0.984441671579563,0.97761304063276,"ENSG00000145147/ENSG00000107562/ENSG00000165124/ENSG00000135914/ENSG00000049540/ENSG00000277586/ENSG00000150594/ENSG00000169252/ENSG00000186868/ENSG00000126895/ENSG00000144891/ENSG00000124205",12
"GO:0008037","cell recognition","5/287","67/3645",0.0746268656716418,0.947787196422071,-0.126090983797135,0.617019120116848,0.984441671579563,0.97761304063276,"ENSG00000038427/ENSG00000187800/ENSG00000244731/ENSG00000224389/ENSG00000154654",5
"GO:0044419","biological process involved in interspecies interaction between organisms","35/287","460/3645",0.0760869565217391,0.966330858960764,-0.225811481987371,0.618175460734533,0.984441671579563,0.97761304063276,"ENSG00000131016/ENSG00000107562/ENSG00000136546/ENSG00000143341/ENSG00000091986/ENSG00000168329/ENSG00000074047/ENSG00000166428/ENSG00000179954/ENSG00000163106/ENSG00000006128/ENSG00000276409/ENSG00000100448/ENSG00000112936/ENSG00000103257/ENSG00000244731/ENSG00000162722/ENSG00000224389/ENSG00000170345/ENSG00000128564/ENSG00000039537/ENSG00000091831/ENSG00000243649/ENSG00000137033/ENSG00000174175/ENSG00000171236/ENSG00000070193/ENSG00000169347/ENSG00000170323/ENSG00000181092/ENSG00000110169/ENSG00000144891/ENSG00000145777/ENSG00000134240/ENSG00000169900",35
"GO:0006631","fatty acid metabolic process","7/287","94/3645",0.074468085106383,0.945770627919045,-0.155708726614082,0.618791699278717,0.984441671579563,0.97761304063276,"ENSG00000163106/ENSG00000277494/ENSG00000168477/ENSG00000181092/ENSG00000186204/ENSG00000214456/ENSG00000197977",7
"GO:0006813","potassium ion transport","7/287","94/3645",0.074468085106383,0.945770627919045,-0.155708726614082,0.618791699278717,0.984441671579563,0.97761304063276,"ENSG00000155886/ENSG00000150594/ENSG00000152049/ENSG00000171385/ENSG00000126562/ENSG00000124249/ENSG00000124205",7
"GO:0060560","developmental growth involved in morphogenesis","7/287","94/3645",0.074468085106383,0.945770627919045,-0.155708726614082,0.618791699278717,0.984441671579563,0.97761304063276,"ENSG00000145147/ENSG00000107562/ENSG00000186868/ENSG00000091831/ENSG00000103528/ENSG00000070193/ENSG00000124205",7
"GO:0006195","purine nucleotide catabolic process","2/287","26/3645",0.0769230769230769,0.976949879388904,-0.0344790563538898,0.618913364296082,0.984441671579563,0.97761304063276,"ENSG00000017427/ENSG00000167588",2
"GO:0008593","regulation of Notch signaling pathway","2/287","26/3645",0.0769230769230769,0.976949879388904,-0.0344790563538898,0.618913364296082,0.984441671579563,0.97761304063276,"ENSG00000073282/ENSG00000070193",2
"GO:0009154","purine ribonucleotide catabolic process","2/287","26/3645",0.0769230769230769,0.976949879388904,-0.0344790563538898,0.618913364296082,0.984441671579563,0.97761304063276,"ENSG00000017427/ENSG00000167588",2
"GO:0032330","regulation of chondrocyte differentiation","2/287","26/3645",0.0769230769230769,0.976949879388904,-0.0344790563538898,0.618913364296082,0.984441671579563,0.97761304063276,"ENSG00000156427/ENSG00000109906",2
"GO:0032732","positive regulation of interleukin-1 production","2/287","26/3645",0.0769230769230769,0.976949879388904,-0.0344790563538898,0.618913364296082,0.984441671579563,0.97761304063276,"ENSG00000120738/ENSG00000169900",2
"GO:0034101","erythrocyte homeostasis","2/287","26/3645",0.0769230769230769,0.976949879388904,-0.0344790563538898,0.618913364296082,0.984441671579563,0.97761304063276,"ENSG00000162722/ENSG00000069702",2
"GO:0035176","social behavior","2/287","26/3645",0.0769230769230769,0.976949879388904,-0.0344790563538898,0.618913364296082,0.984441671579563,0.97761304063276,"ENSG00000168329/ENSG00000172260",2
"GO:0051345","positive regulation of hydrolase activity","2/287","26/3645",0.0769230769230769,0.976949879388904,-0.0344790563538898,0.618913364296082,0.984441671579563,0.97761304063276,"ENSG00000079337/ENSG00000214456",2
"GO:1901379","regulation of potassium ion transmembrane transport","2/287","26/3645",0.0769230769230769,0.976949879388904,-0.0344790563538898,0.618913364296082,0.984441671579563,0.97761304063276,"ENSG00000126562/ENSG00000124205",2
"GO:1904888","cranial skeletal system development","2/287","26/3645",0.0769230769230769,0.976949879388904,-0.0344790563538898,0.618913364296082,0.984441671579563,0.97761304063276,"ENSG00000073282/ENSG00000164946",2
"GO:0032355","response to estradiol","3/287","40/3645",0.075,0.952526132404181,-0.0882514321685258,0.62080922686903,0.984441671579563,0.97761304063276,"ENSG00000120129/ENSG00000091831/ENSG00000070193",3
"GO:0045621","positive regulation of lymphocyte differentiation","3/287","40/3645",0.075,0.952526132404181,-0.0882514321685258,0.62080922686903,0.984441671579563,0.97761304063276,"ENSG00000074047/ENSG00000179388/ENSG00000109906",3
"GO:0050830","defense response to Gram-positive bacterium","3/287","40/3645",0.075,0.952526132404181,-0.0882514321685258,0.62080922686903,0.984441671579563,0.97761304063276,"ENSG00000179954/ENSG00000006128/ENSG00000100448",3
"GO:0051253","negative regulation of RNA metabolic process","21/287","279/3645",0.0752688172043011,0.955940204563336,-0.223860417242523,0.623502403269088,0.984441671579563,0.97761304063276,"ENSG00000079102/ENSG00000169946/ENSG00000074047/ENSG00000167244/ENSG00000106483/ENSG00000174332/ENSG00000163072/ENSG00000120738/ENSG00000073282/ENSG00000109906/ENSG00000107249/ENSG00000145934/ENSG00000169083/ENSG00000091831/ENSG00000137033/ENSG00000125740/ENSG00000170323/ENSG00000181092/ENSG00000276644/ENSG00000008196/ENSG00000112183",21
"GO:0009100","glycoprotein metabolic process","6/287","81/3645",0.0740740740740741,0.940766550522648,-0.157590659505541,0.623696147369534,0.984441671579563,0.97761304063276,"ENSG00000172986/ENSG00000017427/ENSG00000148488/ENSG00000078596/ENSG00000137033/ENSG00000124302",6
"GO:0051603","proteolysis involved in protein catabolic process","6/287","81/3645",0.0740740740740741,0.940766550522648,-0.157590659505541,0.623696147369534,0.984441671579563,0.97761304063276,"ENSG00000143387/ENSG00000162543/ENSG00000162722/ENSG00000119147/ENSG00000137033/ENSG00000172425",6
"GO:1903829","positive regulation of protein localization","8/287","108/3645",0.0740740740740741,0.940766550522648,-0.182663241006334,0.625792206663702,0.984441671579563,0.97761304063276,"ENSG00000017427/ENSG00000164220/ENSG00000079337/ENSG00000183044/ENSG00000186868/ENSG00000064300/ENSG00000178568/ENSG00000170011",8
"GO:0032787","monocarboxylic acid metabolic process","11/287","148/3645",0.0743243243243243,0.943944815896036,-0.203511338860503,0.626714941647302,0.984441671579563,0.97761304063276,"ENSG00000017427/ENSG00000163106/ENSG00000183044/ENSG00000277494/ENSG00000168477/ENSG00000196616/ENSG00000167588/ENSG00000181092/ENSG00000186204/ENSG00000214456/ENSG00000197977",11
"GO:0002052","positive regulation of neuroblast proliferation","1/287","12/3645",0.0833333333333333,1.05836236933798,0.0591944003378205,0.626814865969628,0.984441671579563,0.97761304063276,"ENSG00000168329",1
"GO:0003254","regulation of membrane depolarization","1/287","12/3645",0.0833333333333333,1.05836236933798,0.0591944003378205,0.626814865969628,0.984441671579563,0.97761304063276,"ENSG00000149575",1
"GO:0006403","RNA localization","1/287","12/3645",0.0833333333333333,1.05836236933798,0.0591944003378205,0.626814865969628,0.984441671579563,0.97761304063276,"ENSG00000072858",1
"GO:0006766","vitamin metabolic process","1/287","12/3645",0.0833333333333333,1.05836236933798,0.0591944003378205,0.626814865969628,0.984441671579563,0.97761304063276,"ENSG00000186204",1
"GO:0007158","neuron cell-cell adhesion","1/287","12/3645",0.0833333333333333,1.05836236933798,0.0591944003378205,0.626814865969628,0.984441671579563,0.97761304063276,"ENSG00000154654",1
"GO:0007263","nitric oxide mediated signal transduction","1/287","12/3645",0.0833333333333333,1.05836236933798,0.0591944003378205,0.626814865969628,0.984441671579563,0.97761304063276,"ENSG00000173376",1
"GO:0008209","androgen metabolic process","1/287","12/3645",0.0833333333333333,1.05836236933798,0.0591944003378205,0.626814865969628,0.984441671579563,0.97761304063276,"ENSG00000091831",1
"GO:0008631","intrinsic apoptotic signaling pathway in response to oxidative stress","1/287","12/3645",0.0833333333333333,1.05836236933798,0.0591944003378205,0.626814865969628,0.984441671579563,0.97761304063276,"ENSG00000112981",1
"GO:0010447","response to acidic pH","1/287","12/3645",0.0833333333333333,1.05836236933798,0.0591944003378205,0.626814865969628,0.984441671579563,0.97761304063276,"ENSG00000124249",1
"GO:0014829","vascular associated smooth muscle contraction","1/287","12/3645",0.0833333333333333,1.05836236933798,0.0591944003378205,0.626814865969628,0.984441671579563,0.97761304063276,"ENSG00000124205",1
"GO:0014850","response to muscle activity","1/287","12/3645",0.0833333333333333,1.05836236933798,0.0591944003378205,0.626814865969628,0.984441671579563,0.97761304063276,"ENSG00000103257",1
"GO:0016202","regulation of striated muscle tissue development","1/287","12/3645",0.0833333333333333,1.05836236933798,0.0591944003378205,0.626814865969628,0.984441671579563,0.97761304063276,"ENSG00000167244",1
"GO:0016241","regulation of macroautophagy","1/287","12/3645",0.0833333333333333,1.05836236933798,0.0591944003378205,0.626814865969628,0.984441671579563,0.97761304063276,"ENSG00000169252",1
"GO:0018205","peptidyl-lysine modification","1/287","12/3645",0.0833333333333333,1.05836236933798,0.0591944003378205,0.626814865969628,0.984441671579563,0.97761304063276,"ENSG00000120738",1
"GO:0030837","negative regulation of actin filament polymerization","1/287","12/3645",0.0833333333333333,1.05836236933798,0.0591944003378205,0.626814865969628,0.984441671579563,0.97761304063276,"ENSG00000145147",1
"GO:0031076","embryonic camera-type eye development","1/287","12/3645",0.0833333333333333,1.05836236933798,0.0591944003378205,0.626814865969628,0.984441671579563,0.97761304063276,"ENSG00000070193",1
"GO:0031290","retinal ganglion cell axon guidance","1/287","12/3645",0.0833333333333333,1.05836236933798,0.0591944003378205,0.626814865969628,0.984441671579563,0.97761304063276,"ENSG00000145147",1
"GO:0031342","negative regulation of cell killing","1/287","12/3645",0.0833333333333333,1.05836236933798,0.0591944003378205,0.626814865969628,0.984441671579563,0.97761304063276,"ENSG00000168329",1
"GO:0031632","positive regulation of synaptic vesicle fusion to presynaptic active zone membrane","1/287","12/3645",0.0833333333333333,1.05836236933798,0.0591944003378205,0.626814865969628,0.984441671579563,0.97761304063276,"ENSG00000170743",1
"GO:0031643","positive regulation of myelination","1/287","12/3645",0.0833333333333333,1.05836236933798,0.0591944003378205,0.626814865969628,0.984441671579563,0.97761304063276,"ENSG00000017427",1
"GO:0032620","interleukin-17 production","1/287","12/3645",0.0833333333333333,1.05836236933798,0.0591944003378205,0.626814865969628,0.984441671579563,0.97761304063276,"ENSG00000103257",1
"GO:0032660","regulation of interleukin-17 production","1/287","12/3645",0.0833333333333333,1.05836236933798,0.0591944003378205,0.626814865969628,0.984441671579563,0.97761304063276,"ENSG00000103257",1
"GO:0033032","regulation of myeloid cell apoptotic process","1/287","12/3645",0.0833333333333333,1.05836236933798,0.0591944003378205,0.626814865969628,0.984441671579563,0.97761304063276,"ENSG00000181092",1
"GO:0038179","neurotrophin signaling pathway","1/287","12/3645",0.0833333333333333,1.05836236933798,0.0591944003378205,0.626814865969628,0.984441671579563,0.97761304063276,"ENSG00000151892",1
"GO:0042401","biogenic amine biosynthetic process","1/287","12/3645",0.0833333333333333,1.05836236933798,0.0591944003378205,0.626814865969628,0.984441671579563,0.97761304063276,"ENSG00000133116",1
"GO:0043112","receptor metabolic process","1/287","12/3645",0.0833333333333333,1.05836236933798,0.0591944003378205,0.626814865969628,0.984441671579563,0.97761304063276,"ENSG00000198932",1
"GO:0043586","tongue development","1/287","12/3645",0.0833333333333333,1.05836236933798,0.0591944003378205,0.626814865969628,0.984441671579563,0.97761304063276,"ENSG00000173068",1
"GO:0044786","cell cycle DNA replication","1/287","12/3645",0.0833333333333333,1.05836236933798,0.0591944003378205,0.626814865969628,0.984441671579563,0.97761304063276,"ENSG00000276644",1
"GO:0045761","regulation of adenylate cyclase activity","1/287","12/3645",0.0833333333333333,1.05836236933798,0.0591944003378205,0.626814865969628,0.984441671579563,0.97761304063276,"ENSG00000126895",1
"GO:0045880","positive regulation of smoothened signaling pathway","1/287","12/3645",0.0833333333333333,1.05836236933798,0.0591944003378205,0.626814865969628,0.984441671579563,0.97761304063276,"ENSG00000159307",1
"GO:0045940","positive regulation of steroid metabolic process","1/287","12/3645",0.0833333333333333,1.05836236933798,0.0591944003378205,0.626814865969628,0.984441671579563,0.97761304063276,"ENSG00000144891",1
"GO:0046320","regulation of fatty acid oxidation","1/287","12/3645",0.0833333333333333,1.05836236933798,0.0591944003378205,0.626814865969628,0.984441671579563,0.97761304063276,"ENSG00000214456",1
"GO:0046850","regulation of bone remodeling","1/287","12/3645",0.0833333333333333,1.05836236933798,0.0591944003378205,0.626814865969628,0.984441671579563,0.97761304063276,"ENSG00000183160",1
"GO:0048634","regulation of muscle organ development","1/287","12/3645",0.0833333333333333,1.05836236933798,0.0591944003378205,0.626814865969628,0.984441671579563,0.97761304063276,"ENSG00000167244",1
"GO:0048745","smooth muscle tissue development","1/287","12/3645",0.0833333333333333,1.05836236933798,0.0591944003378205,0.626814865969628,0.984441671579563,0.97761304063276,"ENSG00000008196",1
"GO:0048821","erythrocyte development","1/287","12/3645",0.0833333333333333,1.05836236933798,0.0591944003378205,0.626814865969628,0.984441671579563,0.97761304063276,"ENSG00000162722",1
"GO:0051797","regulation of hair follicle development","1/287","12/3645",0.0833333333333333,1.05836236933798,0.0591944003378205,0.626814865969628,0.984441671579563,0.97761304063276,"ENSG00000064300",1
"GO:0060325","face morphogenesis","1/287","12/3645",0.0833333333333333,1.05836236933798,0.0591944003378205,0.626814865969628,0.984441671579563,0.97761304063276,"ENSG00000103196",1
"GO:0071295","cellular response to vitamin","1/287","12/3645",0.0833333333333333,1.05836236933798,0.0591944003378205,0.626814865969628,0.984441671579563,0.97761304063276,"ENSG00000169184",1
"GO:0071624","positive regulation of granulocyte chemotaxis","1/287","12/3645",0.0833333333333333,1.05836236933798,0.0591944003378205,0.626814865969628,0.984441671579563,0.97761304063276,"ENSG00000113296",1
"GO:0072378","blood coagulation, fibrin clot formation","1/287","12/3645",0.0833333333333333,1.05836236933798,0.0591944003378205,0.626814865969628,0.984441671579563,0.97761304063276,"ENSG00000124491",1
"GO:0090181","regulation of cholesterol metabolic process","1/287","12/3645",0.0833333333333333,1.05836236933798,0.0591944003378205,0.626814865969628,0.984441671579563,0.97761304063276,"ENSG00000144891",1
"GO:0090266","regulation of mitotic cell cycle spindle assembly checkpoint","1/287","12/3645",0.0833333333333333,1.05836236933798,0.0591944003378205,0.626814865969628,0.984441671579563,0.97761304063276,"ENSG00000120129",1
"GO:0098586","cellular response to virus","1/287","12/3645",0.0833333333333333,1.05836236933798,0.0591944003378205,0.626814865969628,0.984441671579563,0.97761304063276,"ENSG00000074047",1
"GO:0098868","bone growth","1/287","12/3645",0.0833333333333333,1.05836236933798,0.0591944003378205,0.626814865969628,0.984441671579563,0.97761304063276,"ENSG00000173068",1
"GO:0098883","synapse pruning","1/287","12/3645",0.0833333333333333,1.05836236933798,0.0591944003378205,0.626814865969628,0.984441671579563,0.97761304063276,"ENSG00000168329",1
"GO:0099174","regulation of presynapse organization","1/287","12/3645",0.0833333333333333,1.05836236933798,0.0591944003378205,0.626814865969628,0.984441671579563,0.97761304063276,"ENSG00000121871",1
"GO:0099502","calcium-dependent activation of synaptic vesicle fusion","1/287","12/3645",0.0833333333333333,1.05836236933798,0.0591944003378205,0.626814865969628,0.984441671579563,0.97761304063276,"ENSG00000170743",1
"GO:0099633","protein localization to postsynaptic specialization membrane","1/287","12/3645",0.0833333333333333,1.05836236933798,0.0591944003378205,0.626814865969628,0.984441671579563,0.97761304063276,"ENSG00000178568",1
"GO:0099645","neurotransmitter receptor localization to postsynaptic specialization membrane","1/287","12/3645",0.0833333333333333,1.05836236933798,0.0591944003378205,0.626814865969628,0.984441671579563,0.97761304063276,"ENSG00000178568",1
"GO:0150078","positive regulation of neuroinflammatory response","1/287","12/3645",0.0833333333333333,1.05836236933798,0.0591944003378205,0.626814865969628,0.984441671579563,0.97761304063276,"ENSG00000137033",1
"GO:1900182","positive regulation of protein localization to nucleus","1/287","12/3645",0.0833333333333333,1.05836236933798,0.0591944003378205,0.626814865969628,0.984441671579563,0.97761304063276,"ENSG00000064300",1
"GO:1901634","positive regulation of synaptic vesicle membrane organization","1/287","12/3645",0.0833333333333333,1.05836236933798,0.0591944003378205,0.626814865969628,0.984441671579563,0.97761304063276,"ENSG00000170743",1
"GO:1902547","regulation of cellular response to vascular endothelial growth factor stimulus","1/287","12/3645",0.0833333333333333,1.05836236933798,0.0591944003378205,0.626814865969628,0.984441671579563,0.97761304063276,"ENSG00000168477",1
"GO:1903504","regulation of mitotic spindle checkpoint","1/287","12/3645",0.0833333333333333,1.05836236933798,0.0591944003378205,0.626814865969628,0.984441671579563,0.97761304063276,"ENSG00000120129",1
"GO:1903859","regulation of dendrite extension","1/287","12/3645",0.0833333333333333,1.05836236933798,0.0591944003378205,0.626814865969628,0.984441671579563,0.97761304063276,"ENSG00000103528",1
"GO:1904385","cellular response to angiotensin","1/287","12/3645",0.0833333333333333,1.05836236933798,0.0591944003378205,0.626814865969628,0.984441671579563,0.97761304063276,"ENSG00000144891",1
"GO:1904407","positive regulation of nitric oxide metabolic process","1/287","12/3645",0.0833333333333333,1.05836236933798,0.0591944003378205,0.626814865969628,0.984441671579563,0.97761304063276,"ENSG00000091831",1
"GO:2000352","negative regulation of endothelial cell apoptotic process","1/287","12/3645",0.0833333333333333,1.05836236933798,0.0591944003378205,0.626814865969628,0.984441671579563,0.97761304063276,"ENSG00000173376",1
"GO:2000738","positive regulation of stem cell differentiation","1/287","12/3645",0.0833333333333333,1.05836236933798,0.0591944003378205,0.626814865969628,0.984441671579563,0.97761304063276,"ENSG00000112183",1
"GO:0009410","response to xenobiotic stimulus","10/287","135/3645",0.0740740740740741,0.940766550522648,-0.205007683006986,0.629276166629948,0.984441671579563,0.97761304063276,"ENSG00000135914/ENSG00000183044/ENSG00000170345/ENSG00000125740/ENSG00000181092/ENSG00000126562/ENSG00000186204/ENSG00000008196/ENSG00000106688/ENSG00000134240",10
"GO:0051251","positive regulation of lymphocyte activation","7/287","95/3645",0.0736842105263158,0.93581514762516,-0.185297670435042,0.630140369020227,0.984441671579563,0.97761304063276,"ENSG00000017427/ENSG00000074047/ENSG00000179388/ENSG00000167244/ENSG00000006128/ENSG00000109906/ENSG00000070193",7
"GO:0003205","cardiac chamber development","5/287","68/3645",0.0735294117647059,0.933849149415864,-0.160960831069403,0.630363371379333,0.984441671579563,0.97761304063276,"ENSG00000145147/ENSG00000169946/ENSG00000160808/ENSG00000141449/ENSG00000069702",5
"GO:0015031","protein transport","19/287","254/3645",0.0748031496062992,0.950026063815194,-0.241371677052183,0.631647152179082,0.984441671579563,0.97761304063276,"ENSG00000119681/ENSG00000184985/ENSG00000017427/ENSG00000164220/ENSG00000079337/ENSG00000183044/ENSG00000277494/ENSG00000150594/ENSG00000064300/ENSG00000128564/ENSG00000197769/ENSG00000170011/ENSG00000137033/ENSG00000181092/ENSG00000184811/ENSG00000008196/ENSG00000050438/ENSG00000106688/ENSG00000147041",19
"GO:0050877","nervous system process","27/287","359/3645",0.0752089136490251,0.955179408539012,-0.261445285369841,0.634616727765469,0.984441671579563,0.97761304063276,"ENSG00000107562/ENSG00000143341/ENSG00000166086/ENSG00000154721/ENSG00000177098/ENSG00000017427/ENSG00000155886/ENSG00000162383/ENSG00000079337/ENSG00000183044/ENSG00000277586/ENSG00000006128/ENSG00000134121/ENSG00000130045/ENSG00000150594/ENSG00000169252/ENSG00000186868/ENSG00000197748/ENSG00000170345/ENSG00000112319/ENSG00000158258/ENSG00000115255/ENSG00000133256/ENSG00000184564/ENSG00000106688/ENSG00000172425/ENSG00000183117",27
"GO:0071805","potassium ion transmembrane transport","6/287","82/3645",0.0731707317073171,0.929293787711396,-0.189298152101101,0.635809733291762,0.984441671579563,0.97761304063276,"ENSG00000155886/ENSG00000152049/ENSG00000171385/ENSG00000126562/ENSG00000124249/ENSG00000124205",6
"GO:0032880","regulation of protein localization","15/287","202/3645",0.0742574257425743,0.943095180598199,-0.243246169150647,0.636120926302775,0.984441671579563,0.97761304063276,"ENSG00000017427/ENSG00000164220/ENSG00000079337/ENSG00000183044/ENSG00000150594/ENSG00000186868/ENSG00000064300/ENSG00000169083/ENSG00000173210/ENSG00000178568/ENSG00000170011/ENSG00000181092/ENSG00000126562/ENSG00000008196/ENSG00000106688",15
"GO:0045934","negative regulation of nucleobase-containing compound metabolic process","22/287","294/3645",0.0748299319727891,0.950366209201451,-0.259450005218108,0.636454550851024,0.984441671579563,0.97761304063276,"ENSG00000079102/ENSG00000169946/ENSG00000074047/ENSG00000167244/ENSG00000106483/ENSG00000174332/ENSG00000163072/ENSG00000120738/ENSG00000073282/ENSG00000109906/ENSG00000107249/ENSG00000120129/ENSG00000145934/ENSG00000169083/ENSG00000091831/ENSG00000137033/ENSG00000125740/ENSG00000170323/ENSG00000181092/ENSG00000276644/ENSG00000008196/ENSG00000112183",22
"GO:0006690","icosanoid metabolic process","3/287","41/3645",0.0731707317073171,0.929293787711396,-0.133090450973565,0.637770554424066,0.984441671579563,0.97761304063276,"ENSG00000163106/ENSG00000171954/ENSG00000186204",3
"GO:0032609","type II interferon production","3/287","41/3645",0.0731707317073171,0.929293787711396,-0.133090450973565,0.637770554424066,0.984441671579563,0.97761304063276,"ENSG00000115602/ENSG00000103257/ENSG00000137033",3
"GO:0032649","regulation of type II interferon production","3/287","41/3645",0.0731707317073171,0.929293787711396,-0.133090450973565,0.637770554424066,0.984441671579563,0.97761304063276,"ENSG00000115602/ENSG00000103257/ENSG00000137033",3
"GO:0034308","primary alcohol metabolic process","3/287","41/3645",0.0731707317073171,0.929293787711396,-0.133090450973565,0.637770554424066,0.984441671579563,0.97761304063276,"ENSG00000017427/ENSG00000231852/ENSG00000196616",3
"GO:0071322","cellular response to carbohydrate stimulus","3/287","41/3645",0.0731707317073171,0.929293787711396,-0.133090450973565,0.637770554424066,0.984441671579563,0.97761304063276,"ENSG00000017427/ENSG00000150594/ENSG00000092009",3
"GO:0098727","maintenance of cell number","3/287","41/3645",0.0731707317073171,0.929293787711396,-0.133090450973565,0.637770554424066,0.984441671579563,0.97761304063276,"ENSG00000017427/ENSG00000073282/ENSG00000070193",3
"GO:0001776","leukocyte homeostasis","2/287","27/3645",0.0740740740740741,0.940766550522648,-0.0903034644378153,0.639731113244413,0.984441671579563,0.97761304063276,"ENSG00000166086/ENSG00000175857",2
"GO:0030301","cholesterol transport","2/287","27/3645",0.0740740740740741,0.940766550522648,-0.0903034644378153,0.639731113244413,0.984441671579563,0.97761304063276,"ENSG00000141338/ENSG00000181092",2
"GO:0032231","regulation of actin filament bundle assembly","2/287","27/3645",0.0740740740740741,0.940766550522648,-0.0903034644378153,0.639731113244413,0.984441671579563,0.97761304063276,"ENSG00000079337/ENSG00000006128",2
"GO:0035019","somatic stem cell population maintenance","2/287","27/3645",0.0740740740740741,0.940766550522648,-0.0903034644378153,0.639731113244413,0.984441671579563,0.97761304063276,"ENSG00000073282/ENSG00000070193",2
"GO:0043271","negative regulation of monoatomic ion transport","2/287","27/3645",0.0740740740740741,0.940766550522648,-0.0903034644378153,0.639731113244413,0.984441671579563,0.97761304063276,"ENSG00000150594/ENSG00000126562",2
"GO:0044331","cell-cell adhesion mediated by cadherin","2/287","27/3645",0.0740740740740741,0.940766550522648,-0.0903034644378153,0.639731113244413,0.984441671579563,0.97761304063276,"ENSG00000196159/ENSG00000165323",2
"GO:0051703","biological process involved in intraspecies interaction between organisms","2/287","27/3645",0.0740740740740741,0.940766550522648,-0.0903034644378153,0.639731113244413,0.984441671579563,0.97761304063276,"ENSG00000168329/ENSG00000172260",2
"GO:0072523","purine-containing compound catabolic process","2/287","27/3645",0.0740740740740741,0.940766550522648,-0.0903034644378153,0.639731113244413,0.984441671579563,0.97761304063276,"ENSG00000017427/ENSG00000167588",2
"GO:1901879","regulation of protein depolymerization","2/287","27/3645",0.0740740740740741,0.940766550522648,-0.0903034644378153,0.639731113244413,0.984441671579563,0.97761304063276,"ENSG00000166780/ENSG00000067798",2
"GO:0003206","cardiac chamber morphogenesis","4/287","55/3645",0.0727272727272727,0.923661704149509,-0.166750201641748,0.639827395659365,0.984441671579563,0.97761304063276,"ENSG00000145147/ENSG00000169946/ENSG00000160808/ENSG00000069702",4
"GO:0033365","protein localization to organelle","7/287","96/3645",0.0729166666666667,0.926067073170732,-0.214590406617265,0.641298667026874,0.984441671579563,0.97761304063276,"ENSG00000082175/ENSG00000109906/ENSG00000064300/ENSG00000004838/ENSG00000178568/ENSG00000091831/ENSG00000137033",7
"GO:0034655","nucleobase-containing compound catabolic process","5/287","69/3645",0.072463768115942,0.920315103772156,-0.195340182137966,0.643423866110744,0.984441671579563,0.97761304063276,"ENSG00000017427/ENSG00000112981/ENSG00000167588/ENSG00000176194/ENSG00000112183",5
"GO:0048167","regulation of synaptic plasticity","6/287","83/3645",0.072289156626506,0.918097477016078,-0.220637412399675,0.647692528316141,0.984441671579563,0.97761304063276,"ENSG00000184985/ENSG00000168329/ENSG00000155886/ENSG00000186868/ENSG00000128564/ENSG00000106688",6
"GO:1903131","mononuclear cell differentiation","10/287","137/3645",0.072992700729927,0.927032732266843,-0.254476897997763,0.648087043183078,0.984441671579563,0.97761304063276,"ENSG00000074047/ENSG00000115602/ENSG00000179388/ENSG00000120738/ENSG00000078596/ENSG00000109906/ENSG00000170345/ENSG00000243649/ENSG00000137033/ENSG00000181092",10
"GO:0055082","intracellular chemical homeostasis","16/287","217/3645",0.0737327188940092,0.936431220796737,-0.28225595805578,0.649816698704232,0.984441671579563,0.97761304063276,"ENSG00000107562/ENSG00000017427/ENSG00000135914/ENSG00000155886/ENSG00000071967/ENSG00000276409/ENSG00000150594/ENSG00000115896/ENSG00000064300/ENSG00000092009/ENSG00000113739/ENSG00000126562/ENSG00000050438/ENSG00000110169/ENSG00000106688/ENSG00000124205",16
"GO:0007010","cytoskeleton organization","27/287","362/3645",0.074585635359116,0.947263557087031,-0.309043393274806,0.652577274322954,0.984441671579563,0.97761304063276,"ENSG00000145147/ENSG00000107562/ENSG00000143341/ENSG00000166086/ENSG00000154330/ENSG00000079337/ENSG00000169515/ENSG00000049540/ENSG00000277586/ENSG00000006128/ENSG00000168477/ENSG00000104722/ENSG00000150594/ENSG00000186868/ENSG00000145703/ENSG00000197748/ENSG00000166780/ENSG00000067798/ENSG00000173210/ENSG00000120262/ENSG00000034239/ENSG00000004838/ENSG00000171811/ENSG00000070193/ENSG00000131044/ENSG00000166510/ENSG00000198930",27
"GO:0006511","ubiquitin-dependent protein catabolic process","4/287","56/3645",0.0714285714285714,0.907167745146839,-0.204642564864413,0.654099102911494,0.984441671579563,0.97761304063276,"ENSG00000162722/ENSG00000119147/ENSG00000137033/ENSG00000172425",4
"GO:0019941","modification-dependent protein catabolic process","4/287","56/3645",0.0714285714285714,0.907167745146839,-0.204642564864413,0.654099102911494,0.984441671579563,0.97761304063276,"ENSG00000162722/ENSG00000119147/ENSG00000137033/ENSG00000172425",4
"GO:0043632","modification-dependent macromolecule catabolic process","4/287","56/3645",0.0714285714285714,0.907167745146839,-0.204642564864413,0.654099102911494,0.984441671579563,0.97761304063276,"ENSG00000162722/ENSG00000119147/ENSG00000137033/ENSG00000172425",4
"GO:0050770","regulation of axonogenesis","4/287","56/3645",0.0714285714285714,0.907167745146839,-0.204642564864413,0.654099102911494,0.984441671579563,0.97761304063276,"ENSG00000145147/ENSG00000107562/ENSG00000277586/ENSG00000186868",4
"GO:0006412","translation","3/287","42/3645",0.0714285714285714,0.907167745146839,-0.176881006223746,0.654196576129233,0.984441671579563,0.97761304063276,"ENSG00000144642/ENSG00000253250/ENSG00000112183",3
"GO:0008154","actin polymerization or depolymerization","3/287","42/3645",0.0714285714285714,0.907167745146839,-0.176881006223746,0.654196576129233,0.984441671579563,0.97761304063276,"ENSG00000145147/ENSG00000107562/ENSG00000049540",3
"GO:0043161","proteasome-mediated ubiquitin-dependent protein catabolic process","3/287","42/3645",0.0714285714285714,0.907167745146839,-0.176881006223746,0.654196576129233,0.984441671579563,0.97761304063276,"ENSG00000119147/ENSG00000137033/ENSG00000172425",3
"GO:0051017","actin filament bundle assembly","3/287","42/3645",0.0714285714285714,0.907167745146839,-0.176881006223746,0.654196576129233,0.984441671579563,0.97761304063276,"ENSG00000079337/ENSG00000049540/ENSG00000006128",3
"GO:0051494","negative regulation of cytoskeleton organization","3/287","42/3645",0.0714285714285714,0.907167745146839,-0.176881006223746,0.654196576129233,0.984441671579563,0.97761304063276,"ENSG00000145147/ENSG00000166780/ENSG00000067798",3
"GO:0043542","endothelial cell migration","5/287","70/3645",0.0714285714285714,0.907167745146839,-0.229244900121364,0.656194764430841,0.984441671579563,0.97761304063276,"ENSG00000145147/ENSG00000179388/ENSG00000138722/ENSG00000156427/ENSG00000069702",5
"GO:0001516","prostaglandin biosynthetic process","1/287","13/3645",0.0769230769230769,0.976949879388904,-0.0243367031652637,0.656295772511526,0.984441671579563,0.97761304063276,"ENSG00000163106",1
"GO:0001895","retina homeostasis","1/287","13/3645",0.0769230769230769,0.976949879388904,-0.0243367031652637,0.656295772511526,0.984441671579563,0.97761304063276,"ENSG00000130045",1
"GO:0002026","regulation of the force of heart contraction","1/287","13/3645",0.0769230769230769,0.976949879388904,-0.0243367031652637,0.656295772511526,0.984441671579563,0.97761304063276,"ENSG00000160808",1
"GO:0002763","positive regulation of myeloid leukocyte differentiation","1/287","13/3645",0.0769230769230769,0.976949879388904,-0.0243367031652637,0.656295772511526,0.984441671579563,0.97761304063276,"ENSG00000170345",1
"GO:0007030","Golgi organization","1/287","13/3645",0.0769230769230769,0.976949879388904,-0.0243367031652637,0.656295772511526,0.984441671579563,0.97761304063276,"ENSG00000186399",1
"GO:0009309","amine biosynthetic process","1/287","13/3645",0.0769230769230769,0.976949879388904,-0.0243367031652637,0.656295772511526,0.984441671579563,0.97761304063276,"ENSG00000133116",1
"GO:0016338","calcium-independent cell-cell adhesion via plasma membrane cell-adhesion molecules","1/287","13/3645",0.0769230769230769,0.976949879388904,-0.0243367031652637,0.656295772511526,0.984441671579563,0.97761304063276,"ENSG00000013297",1
"GO:0018149","peptide cross-linking","1/287","13/3645",0.0769230769230769,0.976949879388904,-0.0243367031652637,0.656295772511526,0.984441671579563,0.97761304063276,"ENSG00000124491",1
"GO:0019674","NAD+ metabolic process","1/287","13/3645",0.0769230769230769,0.976949879388904,-0.0243367031652637,0.656295772511526,0.984441671579563,0.97761304063276,"ENSG00000167588",1
"GO:0021515","cell differentiation in spinal cord","1/287","13/3645",0.0769230769230769,0.976949879388904,-0.0243367031652637,0.656295772511526,0.984441671579563,0.97761304063276,"ENSG00000074047",1
"GO:0030279","negative regulation of ossification","1/287","13/3645",0.0769230769230769,0.976949879388904,-0.0243367031652637,0.656295772511526,0.984441671579563,0.97761304063276,"ENSG00000266524",1
"GO:0031929","TOR signaling","1/287","13/3645",0.0769230769230769,0.976949879388904,-0.0243367031652637,0.656295772511526,0.984441671579563,0.97761304063276,"ENSG00000046889",1
"GO:0032094","response to food","1/287","13/3645",0.0769230769230769,0.976949879388904,-0.0243367031652637,0.656295772511526,0.984441671579563,0.97761304063276,"ENSG00000166147",1
"GO:0032369","negative regulation of lipid transport","1/287","13/3645",0.0769230769230769,0.976949879388904,-0.0243367031652637,0.656295772511526,0.984441671579563,0.97761304063276,"ENSG00000181092",1
"GO:0032456","endocytic recycling","1/287","13/3645",0.0769230769230769,0.976949879388904,-0.0243367031652637,0.656295772511526,0.984441671579563,0.97761304063276,"ENSG00000184811",1
"GO:0033028","myeloid cell apoptotic process","1/287","13/3645",0.0769230769230769,0.976949879388904,-0.0243367031652637,0.656295772511526,0.984441671579563,0.97761304063276,"ENSG00000181092",1
"GO:0038084","vascular endothelial growth factor signaling pathway","1/287","13/3645",0.0769230769230769,0.976949879388904,-0.0243367031652637,0.656295772511526,0.984441671579563,0.97761304063276,"ENSG00000168477",1
"GO:0042304","regulation of fatty acid biosynthetic process","1/287","13/3645",0.0769230769230769,0.976949879388904,-0.0243367031652637,0.656295772511526,0.984441671579563,0.97761304063276,"ENSG00000277494",1
"GO:0042554","superoxide anion generation","1/287","13/3645",0.0769230769230769,0.976949879388904,-0.0243367031652637,0.656295772511526,0.984441671579563,0.97761304063276,"ENSG00000186868",1
"GO:0045727","positive regulation of translation","1/287","13/3645",0.0769230769230769,0.976949879388904,-0.0243367031652637,0.656295772511526,0.984441671579563,0.97761304063276,"ENSG00000144642",1
"GO:0045777","positive regulation of blood pressure","1/287","13/3645",0.0769230769230769,0.976949879388904,-0.0243367031652637,0.656295772511526,0.984441671579563,0.97761304063276,"ENSG00000126895",1
"GO:0045920","negative regulation of exocytosis","1/287","13/3645",0.0769230769230769,0.976949879388904,-0.0243367031652637,0.656295772511526,0.984441671579563,0.97761304063276,"ENSG00000150594",1
"GO:0050931","pigment cell differentiation","1/287","13/3645",0.0769230769230769,0.976949879388904,-0.0243367031652637,0.656295772511526,0.984441671579563,0.97761304063276,"ENSG00000124205",1
"GO:0051489","regulation of filopodium assembly","1/287","13/3645",0.0769230769230769,0.976949879388904,-0.0243367031652637,0.656295772511526,0.984441671579563,0.97761304063276,"ENSG00000145934",1
"GO:0060323","head morphogenesis","1/287","13/3645",0.0769230769230769,0.976949879388904,-0.0243367031652637,0.656295772511526,0.984441671579563,0.97761304063276,"ENSG00000103196",1
"GO:0071392","cellular response to estradiol stimulus","1/287","13/3645",0.0769230769230769,0.976949879388904,-0.0243367031652637,0.656295772511526,0.984441671579563,0.97761304063276,"ENSG00000091831",1
"GO:0072207","metanephric epithelium development","1/287","13/3645",0.0769230769230769,0.976949879388904,-0.0243367031652637,0.656295772511526,0.984441671579563,0.97761304063276,"ENSG00000181092",1
"GO:0072376","protein activation cascade","1/287","13/3645",0.0769230769230769,0.976949879388904,-0.0243367031652637,0.656295772511526,0.984441671579563,0.97761304063276,"ENSG00000124491",1
"GO:0090128","regulation of synapse maturation","1/287","13/3645",0.0769230769230769,0.976949879388904,-0.0243367031652637,0.656295772511526,0.984441671579563,0.97761304063276,"ENSG00000277586",1
"GO:0090231","regulation of spindle checkpoint","1/287","13/3645",0.0769230769230769,0.976949879388904,-0.0243367031652637,0.656295772511526,0.984441671579563,0.97761304063276,"ENSG00000120129",1
"GO:0097720","calcineurin-mediated signaling","1/287","13/3645",0.0769230769230769,0.976949879388904,-0.0243367031652637,0.656295772511526,0.984441671579563,0.97761304063276,"ENSG00000017427",1
"GO:0098698","postsynaptic specialization assembly","1/287","13/3645",0.0769230769230769,0.976949879388904,-0.0243367031652637,0.656295772511526,0.984441671579563,0.97761304063276,"ENSG00000121871",1
"GO:1901657","glycosyl compound metabolic process","1/287","13/3645",0.0769230769230769,0.976949879388904,-0.0243367031652637,0.656295772511526,0.984441671579563,0.97761304063276,"ENSG00000112981",1
"GO:1901861","regulation of muscle tissue development","1/287","13/3645",0.0769230769230769,0.976949879388904,-0.0243367031652637,0.656295772511526,0.984441671579563,0.97761304063276,"ENSG00000167244",1
"GO:1902041","regulation of extrinsic apoptotic signaling pathway via death domain receptors","1/287","13/3645",0.0769230769230769,0.976949879388904,-0.0243367031652637,0.656295772511526,0.984441671579563,0.97761304063276,"ENSG00000019991",1
"GO:1902742","apoptotic process involved in development","1/287","13/3645",0.0769230769230769,0.976949879388904,-0.0243367031652637,0.656295772511526,0.984441671579563,0.97761304063276,"ENSG00000145147",1
"GO:1903779","regulation of cardiac conduction","1/287","13/3645",0.0769230769230769,0.976949879388904,-0.0243367031652637,0.656295772511526,0.984441671579563,0.97761304063276,"ENSG00000145244",1
"GO:2000060","positive regulation of ubiquitin-dependent protein catabolic process","1/287","13/3645",0.0769230769230769,0.976949879388904,-0.0243367031652637,0.656295772511526,0.984441671579563,0.97761304063276,"ENSG00000137033",1
"GO:2000647","negative regulation of stem cell proliferation","1/287","13/3645",0.0769230769230769,0.976949879388904,-0.0243367031652637,0.656295772511526,0.984441671579563,0.97761304063276,"ENSG00000070193",1
"GO:0008202","steroid metabolic process","6/287","84/3645",0.0714285714285714,0.907167745146839,-0.251618368592257,0.659339537304985,0.984441671579563,0.97761304063276,"ENSG00000120738/ENSG00000231852/ENSG00000091831/ENSG00000144891/ENSG00000134240/ENSG00000170099",6
"GO:0050769","positive regulation of neurogenesis","6/287","84/3645",0.0714285714285714,0.907167745146839,-0.251618368592257,0.659339537304985,0.984441671579563,0.97761304063276,"ENSG00000145147/ENSG00000107562/ENSG00000168329/ENSG00000277586/ENSG00000186868/ENSG00000103257",6
"GO:0001706","endoderm formation","2/287","28/3645",0.0714285714285714,0.907167745146839,-0.144142963709919,0.659646600398485,0.984441671579563,0.97761304063276,"ENSG00000120129/ENSG00000120875",2
"GO:0003170","heart valve development","2/287","28/3645",0.0714285714285714,0.907167745146839,-0.144142963709919,0.659646600398485,0.984441671579563,0.97761304063276,"ENSG00000145147/ENSG00000049540",2
"GO:0008203","cholesterol metabolic process","2/287","28/3645",0.0714285714285714,0.907167745146839,-0.144142963709919,0.659646600398485,0.984441671579563,0.97761304063276,"ENSG00000144891/ENSG00000134240",2
"GO:0009060","aerobic respiration","2/287","28/3645",0.0714285714285714,0.907167745146839,-0.144142963709919,0.659646600398485,0.984441671579563,0.97761304063276,"ENSG00000017427/ENSG00000167588",2
"GO:0009166","nucleotide catabolic process","2/287","28/3645",0.0714285714285714,0.907167745146839,-0.144142963709919,0.659646600398485,0.984441671579563,0.97761304063276,"ENSG00000017427/ENSG00000167588",2
"GO:0009261","ribonucleotide catabolic process","2/287","28/3645",0.0714285714285714,0.907167745146839,-0.144142963709919,0.659646600398485,0.984441671579563,0.97761304063276,"ENSG00000017427/ENSG00000167588",2
"GO:0015918","sterol transport","2/287","28/3645",0.0714285714285714,0.907167745146839,-0.144142963709919,0.659646600398485,0.984441671579563,0.97761304063276,"ENSG00000141338/ENSG00000181092",2
"GO:0016052","carbohydrate catabolic process","2/287","28/3645",0.0714285714285714,0.907167745146839,-0.144142963709919,0.659646600398485,0.984441671579563,0.97761304063276,"ENSG00000017427/ENSG00000167588",2
"GO:0030516","regulation of axon extension","2/287","28/3645",0.0714285714285714,0.907167745146839,-0.144142963709919,0.659646600398485,0.984441671579563,0.97761304063276,"ENSG00000107562/ENSG00000186868",2
"GO:0030833","regulation of actin filament polymerization","2/287","28/3645",0.0714285714285714,0.907167745146839,-0.144142963709919,0.659646600398485,0.984441671579563,0.97761304063276,"ENSG00000145147/ENSG00000049540",2
"GO:0033157","regulation of intracellular protein transport","2/287","28/3645",0.0714285714285714,0.907167745146839,-0.144142963709919,0.659646600398485,0.984441671579563,0.97761304063276,"ENSG00000079337/ENSG00000181092",2
"GO:0042542","response to hydrogen peroxide","2/287","28/3645",0.0714285714285714,0.907167745146839,-0.144142963709919,0.659646600398485,0.984441671579563,0.97761304063276,"ENSG00000170962/ENSG00000120129",2
"GO:0045861","negative regulation of proteolysis","2/287","28/3645",0.0714285714285714,0.907167745146839,-0.144142963709919,0.659646600398485,0.984441671579563,0.97761304063276,"ENSG00000157150/ENSG00000172425",2
"GO:0050773","regulation of dendrite development","2/287","28/3645",0.0714285714285714,0.907167745146839,-0.144142963709919,0.659646600398485,0.984441671579563,0.97761304063276,"ENSG00000165323/ENSG00000171798",2
"GO:0060425","lung morphogenesis","2/287","28/3645",0.0714285714285714,0.907167745146839,-0.144142963709919,0.659646600398485,0.984441671579563,0.97761304063276,"ENSG00000017427/ENSG00000070193",2
"GO:0072331","signal transduction by p53 class mediator","2/287","28/3645",0.0714285714285714,0.907167745146839,-0.144142963709919,0.659646600398485,0.984441671579563,0.97761304063276,"ENSG00000131080/ENSG00000073282",2
"GO:1902115","regulation of organelle assembly","2/287","28/3645",0.0714285714285714,0.907167745146839,-0.144142963709919,0.659646600398485,0.984441671579563,0.97761304063276,"ENSG00000145536/ENSG00000004838",2
"GO:2000401","regulation of lymphocyte migration","2/287","28/3645",0.0714285714285714,0.907167745146839,-0.144142963709919,0.659646600398485,0.984441671579563,0.97761304063276,"ENSG00000107562/ENSG00000154721",2
"GO:0051223","regulation of protein transport","8/287","112/3645",0.0714285714285714,0.907167745146839,-0.291692913700235,0.666997692240113,0.984441671579563,0.97761304063276,"ENSG00000017427/ENSG00000164220/ENSG00000079337/ENSG00000183044/ENSG00000150594/ENSG00000170011/ENSG00000181092/ENSG00000008196",8
"GO:0010498","proteasomal protein catabolic process","4/287","57/3645",0.0701754385964912,0.891252521547772,-0.241891269023019,0.66798959005949,0.984441671579563,0.97761304063276,"ENSG00000162543/ENSG00000119147/ENSG00000137033/ENSG00000172425",4
"GO:0055001","muscle cell development","5/287","71/3645",0.0704225352112676,0.894390734651813,-0.262690101567304,0.668671220339998,0.984441671579563,0.97761304063276,"ENSG00000187955/ENSG00000017427/ENSG00000170624/ENSG00000154330/ENSG00000164530",5
"GO:0032963","collagen metabolic process","3/287","43/3645",0.0697674418604651,0.886070820841099,-0.219678284549682,0.670084409696099,0.984441671579563,0.97761304063276,"ENSG00000166482/ENSG00000143387/ENSG00000168477",3
"GO:0061572","actin filament bundle organization","3/287","43/3645",0.0697674418604651,0.886070820841099,-0.219678284549682,0.670084409696099,0.984441671579563,0.97761304063276,"ENSG00000079337/ENSG00000049540/ENSG00000006128",3
"GO:0072078","nephron tubule morphogenesis","3/287","43/3645",0.0697674418604651,0.886070820841099,-0.219678284549682,0.670084409696099,0.984441671579563,0.97761304063276,"ENSG00000145536/ENSG00000141449/ENSG00000126562",3
"GO:1901343","negative regulation of vasculature development","3/287","43/3645",0.0697674418604651,0.886070820841099,-0.219678284549682,0.670084409696099,0.984441671579563,0.97761304063276,"ENSG00000168329/ENSG00000113296/ENSG00000171819",3
"GO:0016064","immunoglobulin mediated immune response","6/287","85/3645",0.0705882352941176,0.896495183439229,-0.28225055885132,0.670746459399141,0.984441671579563,0.97761304063276,"ENSG00000179639/ENSG00000112936/ENSG00000244731/ENSG00000224389/ENSG00000039537/ENSG00000110169",6
"GO:0009057","macromolecule catabolic process","13/287","180/3645",0.0722222222222222,0.917247386759582,-0.332855806133111,0.672233054996369,0.984441671579563,0.97761304063276,"ENSG00000198932/ENSG00000143387/ENSG00000150594/ENSG00000162543/ENSG00000162722/ENSG00000092009/ENSG00000119147/ENSG00000112981/ENSG00000137033/ENSG00000176194/ENSG00000157150/ENSG00000172425/ENSG00000112183",13
"GO:0001558","regulation of cell growth","8/287","113/3645",0.0707964601769911,0.899139712003947,-0.318374931706715,0.676866459111847,0.984441671579563,0.97761304063276,"ENSG00000187955/ENSG00000145147/ENSG00000107562/ENSG00000017427/ENSG00000186868/ENSG00000103528/ENSG00000144891/ENSG00000164530",8
"GO:0010595","positive regulation of endothelial cell migration","2/287","29/3645",0.0689655172413793,0.875886098762465,-0.196153021162504,0.678672345998238,0.984441671579563,0.97761304063276,"ENSG00000156427/ENSG00000069702",2
"GO:0030858","positive regulation of epithelial cell differentiation","2/287","29/3645",0.0689655172413793,0.875886098762465,-0.196153021162504,0.678672345998238,0.984441671579563,0.97761304063276,"ENSG00000106483/ENSG00000133321",2
"GO:0031333","negative regulation of protein-containing complex assembly","2/287","29/3645",0.0689655172413793,0.875886098762465,-0.196153021162504,0.678672345998238,0.984441671579563,0.97761304063276,"ENSG00000145147/ENSG00000166086",2
"GO:0033077","T cell differentiation in thymus","2/287","29/3645",0.0689655172413793,0.875886098762465,-0.196153021162504,0.678672345998238,0.984441671579563,0.97761304063276,"ENSG00000074047/ENSG00000179388",2
"GO:0040029","epigenetic regulation of gene expression","2/287","29/3645",0.0689655172413793,0.875886098762465,-0.196153021162504,0.678672345998238,0.984441671579563,0.97761304063276,"ENSG00000167244/ENSG00000120738",2
"GO:0043299","leukocyte degranulation","2/287","29/3645",0.0689655172413793,0.875886098762465,-0.196153021162504,0.678672345998238,0.984441671579563,0.97761304063276,"ENSG00000179639/ENSG00000165646",2
"GO:0045109","intermediate filament organization","2/287","29/3645",0.0689655172413793,0.875886098762465,-0.196153021162504,0.678672345998238,0.984441671579563,0.97761304063276,"ENSG00000277586/ENSG00000104722",2
"GO:0046888","negative regulation of hormone secretion","2/287","29/3645",0.0689655172413793,0.875886098762465,-0.196153021162504,0.678672345998238,0.984441671579563,0.97761304063276,"ENSG00000150594/ENSG00000181092",2
"GO:0051262","protein tetramerization","2/287","29/3645",0.0689655172413793,0.875886098762465,-0.196153021162504,0.678672345998238,0.984441671579563,0.97761304063276,"ENSG00000073282/ENSG00000171385",2
"GO:0071277","cellular response to calcium ion","2/287","29/3645",0.0689655172413793,0.875886098762465,-0.196153021162504,0.678672345998238,0.984441671579563,0.97761304063276,"ENSG00000170345/ENSG00000125740",2
"GO:0120193","tight junction organization","2/287","29/3645",0.0689655172413793,0.875886098762465,-0.196153021162504,0.678672345998238,0.984441671579563,0.97761304063276,"ENSG00000165124/ENSG00000013297",2
"GO:1901873","regulation of post-translational protein modification","2/287","29/3645",0.0689655172413793,0.875886098762465,-0.196153021162504,0.678672345998238,0.984441671579563,0.97761304063276,"ENSG00000120738/ENSG00000172425",2
"GO:1902652","secondary alcohol metabolic process","2/287","29/3645",0.0689655172413793,0.875886098762465,-0.196153021162504,0.678672345998238,0.984441671579563,0.97761304063276,"ENSG00000144891/ENSG00000134240",2
"GO:1903050","regulation of proteolysis involved in protein catabolic process","2/287","29/3645",0.0689655172413793,0.875886098762465,-0.196153021162504,0.678672345998238,0.984441671579563,0.97761304063276,"ENSG00000137033/ENSG00000172425",2
"GO:1903320","regulation of protein modification by small protein conjugation or removal","2/287","29/3645",0.0689655172413793,0.875886098762465,-0.196153021162504,0.678672345998238,0.984441671579563,0.97761304063276,"ENSG00000120738/ENSG00000172425",2
"GO:0006959","humoral immune response","11/287","154/3645",0.0714285714285714,0.907167745146839,-0.344091640657582,0.679504786562042,0.984441671579563,0.97761304063276,"ENSG00000107562/ENSG00000006128/ENSG00000276409/ENSG00000100448/ENSG00000112936/ENSG00000244731/ENSG00000224389/ENSG00000039537/ENSG00000243649/ENSG00000110169/ENSG00000145777",11
"GO:0006937","regulation of muscle contraction","5/287","72/3645",0.0694444444444444,0.881968641114983,-0.295690201939174,0.680849335051384,0.984441671579563,0.97761304063276,"ENSG00000183044/ENSG00000160808/ENSG00000150594/ENSG00000169252/ENSG00000124205",5
"GO:0009150","purine ribonucleotide metabolic process","4/287","58/3645",0.0689655172413793,0.875886098762465,-0.278521369497179,0.681495305723717,0.984441671579563,0.97761304063276,"ENSG00000017427/ENSG00000154027/ENSG00000112981/ENSG00000167588",4
"GO:0030856","regulation of epithelial cell differentiation","4/287","58/3645",0.0689655172413793,0.875886098762465,-0.278521369497179,0.681495305723717,0.984441671579563,0.97761304063276,"ENSG00000106483/ENSG00000073282/ENSG00000070193/ENSG00000133321",4
"GO:0097193","intrinsic apoptotic signaling pathway","4/287","58/3645",0.0689655172413793,0.875886098762465,-0.278521369497179,0.681495305723717,0.984441671579563,0.97761304063276,"ENSG00000107562/ENSG00000131080/ENSG00000073282/ENSG00000112981",4
"GO:0000381","regulation of alternative mRNA splicing, via spliceosome","1/287","14/3645",0.0714285714285714,0.907167745146839,-0.101727782899876,0.683455220003044,0.984441671579563,0.97761304063276,"ENSG00000112183",1
"GO:0002063","chondrocyte development","1/287","14/3645",0.0714285714285714,0.907167745146839,-0.101727782899876,0.683455220003044,0.984441671579563,0.97761304063276,"ENSG00000156427",1
"GO:0002438","acute inflammatory response to antigenic stimulus","1/287","14/3645",0.0714285714285714,0.907167745146839,-0.101727782899876,0.683455220003044,0.984441671579563,0.97761304063276,"ENSG00000179639",1
"GO:0002523","leukocyte migration involved in inflammatory response","1/287","14/3645",0.0714285714285714,0.907167745146839,-0.101727782899876,0.683455220003044,0.984441671579563,0.97761304063276,"ENSG00000166086",1
"GO:0002922","positive regulation of humoral immune response","1/287","14/3645",0.0714285714285714,0.907167745146839,-0.101727782899876,0.683455220003044,0.984441671579563,0.97761304063276,"ENSG00000110169",1
"GO:0006487","protein N-linked glycosylation","1/287","14/3645",0.0714285714285714,0.907167745146839,-0.101727782899876,0.683455220003044,0.984441671579563,0.97761304063276,"ENSG00000148488",1
"GO:0006688","glycosphingolipid biosynthetic process","1/287","14/3645",0.0714285714285714,0.907167745146839,-0.101727782899876,0.683455220003044,0.984441671579563,0.97761304063276,"ENSG00000148488",1
"GO:0010744","positive regulation of macrophage derived foam cell differentiation","1/287","14/3645",0.0714285714285714,0.907167745146839,-0.101727782899876,0.683455220003044,0.984441671579563,0.97761304063276,"ENSG00000144891",1
"GO:0010883","regulation of lipid storage","1/287","14/3645",0.0714285714285714,0.907167745146839,-0.101727782899876,0.683455220003044,0.984441671579563,0.97761304063276,"ENSG00000214456",1
"GO:0016266","protein O-linked glycosylation via N-acetyl-galactosamine","1/287","14/3645",0.0714285714285714,0.907167745146839,-0.101727782899876,0.683455220003044,0.984441671579563,0.97761304063276,"ENSG00000172986",1
"GO:0021517","ventral spinal cord development","1/287","14/3645",0.0714285714285714,0.907167745146839,-0.101727782899876,0.683455220003044,0.984441671579563,0.97761304063276,"ENSG00000074047",1
"GO:0030219","megakaryocyte differentiation","1/287","14/3645",0.0714285714285714,0.907167745146839,-0.101727782899876,0.683455220003044,0.984441671579563,0.97761304063276,"ENSG00000090534",1
"GO:0030865","cortical cytoskeleton organization","1/287","14/3645",0.0714285714285714,0.907167745146839,-0.101727782899876,0.683455220003044,0.984441671579563,0.97761304063276,"ENSG00000145703",1
"GO:0030878","thyroid gland development","1/287","14/3645",0.0714285714285714,0.907167745146839,-0.101727782899876,0.683455220003044,0.984441671579563,0.97761304063276,"ENSG00000070193",1
"GO:0034605","cellular response to heat","1/287","14/3645",0.0714285714285714,0.907167745146839,-0.101727782899876,0.683455220003044,0.984441671579563,0.97761304063276,"ENSG00000186868",1
"GO:0042398","modified amino acid biosynthetic process","1/287","14/3645",0.0714285714285714,0.907167745146839,-0.101727782899876,0.683455220003044,0.984441671579563,0.97761304063276,"ENSG00000106688",1
"GO:0043525","positive regulation of neuron apoptotic process","1/287","14/3645",0.0714285714285714,0.907167745146839,-0.101727782899876,0.683455220003044,0.984441671579563,0.97761304063276,"ENSG00000008196",1
"GO:0045806","negative regulation of endocytosis","1/287","14/3645",0.0714285714285714,0.907167745146839,-0.101727782899876,0.683455220003044,0.984441671579563,0.97761304063276,"ENSG00000181092",1
"GO:0046427","positive regulation of receptor signaling pathway via JAK-STAT","1/287","14/3645",0.0714285714285714,0.907167745146839,-0.101727782899876,0.683455220003044,0.984441671579563,0.97761304063276,"ENSG00000178568",1
"GO:0046457","prostanoid biosynthetic process","1/287","14/3645",0.0714285714285714,0.907167745146839,-0.101727782899876,0.683455220003044,0.984441671579563,0.97761304063276,"ENSG00000163106",1
"GO:0048255","mRNA stabilization","1/287","14/3645",0.0714285714285714,0.907167745146839,-0.101727782899876,0.683455220003044,0.984441671579563,0.97761304063276,"ENSG00000112183",1
"GO:0048512","circadian behavior","1/287","14/3645",0.0714285714285714,0.907167745146839,-0.101727782899876,0.683455220003044,0.984441671579563,0.97761304063276,"ENSG00000120738",1
"GO:0048557","embryonic digestive tract morphogenesis","1/287","14/3645",0.0714285714285714,0.907167745146839,-0.101727782899876,0.683455220003044,0.984441671579563,0.97761304063276,"ENSG00000070193",1
"GO:0048814","regulation of dendrite morphogenesis","1/287","14/3645",0.0714285714285714,0.907167745146839,-0.101727782899876,0.683455220003044,0.984441671579563,0.97761304063276,"ENSG00000171798",1
"GO:0051293","establishment of spindle localization","1/287","14/3645",0.0714285714285714,0.907167745146839,-0.101727782899876,0.683455220003044,0.984441671579563,0.97761304063276,"ENSG00000070193",1
"GO:0051873","killing by host of symbiont cells","1/287","14/3645",0.0714285714285714,0.907167745146839,-0.101727782899876,0.683455220003044,0.984441671579563,0.97761304063276,"ENSG00000100448",1
"GO:0060384","innervation","1/287","14/3645",0.0714285714285714,0.907167745146839,-0.101727782899876,0.683455220003044,0.984441671579563,0.97761304063276,"ENSG00000184564",1
"GO:0061028","establishment of endothelial barrier","1/287","14/3645",0.0714285714285714,0.907167745146839,-0.101727782899876,0.683455220003044,0.984441671579563,0.97761304063276,"ENSG00000079337",1
"GO:0070741","response to interleukin-6","1/287","14/3645",0.0714285714285714,0.907167745146839,-0.101727782899876,0.683455220003044,0.984441671579563,0.97761304063276,"ENSG00000196090",1
"GO:0071479","cellular response to ionizing radiation","1/287","14/3645",0.0714285714285714,0.907167745146839,-0.101727782899876,0.683455220003044,0.984441671579563,0.97761304063276,"ENSG00000120738",1
"GO:0072337","modified amino acid transport","1/287","14/3645",0.0714285714285714,0.907167745146839,-0.101727782899876,0.683455220003044,0.984441671579563,0.97761304063276,"ENSG00000152779",1
"GO:0090316","positive regulation of intracellular protein transport","1/287","14/3645",0.0714285714285714,0.907167745146839,-0.101727782899876,0.683455220003044,0.984441671579563,0.97761304063276,"ENSG00000079337",1
"GO:0097484","dendrite extension","1/287","14/3645",0.0714285714285714,0.907167745146839,-0.101727782899876,0.683455220003044,0.984441671579563,0.97761304063276,"ENSG00000103528",1
"GO:0141162","negative regulation of cAMP/PKA signal transduction","1/287","14/3645",0.0714285714285714,0.907167745146839,-0.101727782899876,0.683455220003044,0.984441671579563,0.97761304063276,"ENSG00000133256",1
"GO:0180064","protein O-linked glycosylation via xylose","1/287","14/3645",0.0714285714285714,0.907167745146839,-0.101727782899876,0.683455220003044,0.984441671579563,0.97761304063276,"ENSG00000017427",1
"GO:1901381","positive regulation of potassium ion transmembrane transport","1/287","14/3645",0.0714285714285714,0.907167745146839,-0.101727782899876,0.683455220003044,0.984441671579563,0.97761304063276,"ENSG00000124205",1
"GO:1901800","positive regulation of proteasomal protein catabolic process","1/287","14/3645",0.0714285714285714,0.907167745146839,-0.101727782899876,0.683455220003044,0.984441671579563,0.97761304063276,"ENSG00000137033",1
"GO:1901889","negative regulation of cell junction assembly","1/287","14/3645",0.0714285714285714,0.907167745146839,-0.101727782899876,0.683455220003044,0.984441671579563,0.97761304063276,"ENSG00000172260",1
"GO:1902644","tertiary alcohol metabolic process","1/287","14/3645",0.0714285714285714,0.907167745146839,-0.101727782899876,0.683455220003044,0.984441671579563,0.97761304063276,"ENSG00000231852",1
"GO:0006873","intracellular monoatomic ion homeostasis","12/287","168/3645",0.0714285714285714,0.907167745146839,-0.36011480925314,0.683696094857075,0.984441671579563,0.97761304063276,"ENSG00000107562/ENSG00000135914/ENSG00000155886/ENSG00000071967/ENSG00000276409/ENSG00000115896/ENSG00000113739/ENSG00000126562/ENSG00000050438/ENSG00000110169/ENSG00000106688/ENSG00000124205",12
"GO:0031334","positive regulation of protein-containing complex assembly","3/287","44/3645",0.0681818181818182,0.865932847640165,-0.261533273106328,0.68543347570495,0.984441671579563,0.97761304063276,"ENSG00000269113/ENSG00000186868/ENSG00000067798",3
"GO:0036294","cellular response to decreased oxygen levels","3/287","44/3645",0.0681818181818182,0.865932847640165,-0.261533273106328,0.68543347570495,0.984441671579563,0.97761304063276,"ENSG00000173376/ENSG00000170345/ENSG00000113739",3
"GO:0055088","lipid homeostasis","3/287","44/3645",0.0681818181818182,0.865932847640165,-0.261533273106328,0.68543347570495,0.984441671579563,0.97761304063276,"ENSG00000277494/ENSG00000172260/ENSG00000170323",3
"GO:0061333","renal tubule morphogenesis","3/287","44/3645",0.0681818181818182,0.865932847640165,-0.261533273106328,0.68543347570495,0.984441671579563,0.97761304063276,"ENSG00000145536/ENSG00000141449/ENSG00000126562",3
"GO:0071456","cellular response to hypoxia","3/287","44/3645",0.0681818181818182,0.865932847640165,-0.261533273106328,0.68543347570495,0.984441671579563,0.97761304063276,"ENSG00000173376/ENSG00000170345/ENSG00000113739",3
"GO:0072088","nephron epithelium morphogenesis","3/287","44/3645",0.0681818181818182,0.865932847640165,-0.261533273106328,0.68543347570495,0.984441671579563,0.97761304063276,"ENSG00000145536/ENSG00000141449/ENSG00000126562",3
"GO:0072089","stem cell proliferation","3/287","44/3645",0.0681818181818182,0.865932847640165,-0.261533273106328,0.68543347570495,0.984441671579563,0.97761304063276,"ENSG00000073282/ENSG00000090534/ENSG00000070193",3
"GO:0051050","positive regulation of transport","21/287","289/3645",0.0726643598615917,0.922862688834501,-0.399477412479855,0.689007441727921,0.984441671579563,0.97761304063276,"ENSG00000149575/ENSG00000107562/ENSG00000177098/ENSG00000017427/ENSG00000141338/ENSG00000164220/ENSG00000079337/ENSG00000183044/ENSG00000106483/ENSG00000172260/ENSG00000006128/ENSG00000150594/ENSG00000170743/ENSG00000103257/ENSG00000244731/ENSG00000224389/ENSG00000119147/ENSG00000170011/ENSG00000181092/ENSG00000050438/ENSG00000124205",21
"GO:0031349","positive regulation of defense response","9/287","128/3645",0.0703125,0.89299324912892,-0.360263085893435,0.689535424714022,0.984441671579563,0.97761304063276,"ENSG00000115602/ENSG00000050628/ENSG00000006128/ENSG00000091831/ENSG00000137033/ENSG00000170323/ENSG00000110169/ENSG00000144891/ENSG00000145777",9
"GO:0006915","apoptotic process","34/287","461/3645",0.0737527114967462,0.936685133817561,-0.425166867231904,0.692602372039712,0.984441671579563,0.97761304063276,"ENSG00000131016/ENSG00000145147/ENSG00000107562/ENSG00000019991/ENSG00000017427/ENSG00000135914/ENSG00000168329/ENSG00000179388/ENSG00000106483/ENSG00000277586/ENSG00000134121/ENSG00000173376/ENSG00000131080/ENSG00000120738/ENSG00000073282/ENSG00000109906/ENSG00000102010/ENSG00000103257/ENSG00000064300/ENSG00000120129/ENSG00000169083/ENSG00000112981/ENSG00000178568/ENSG00000112319/ENSG00000091831/ENSG00000137033/ENSG00000070193/ENSG00000181092/ENSG00000176194/ENSG00000133256/ENSG00000008196/ENSG00000106688/ENSG00000145777/ENSG00000187288",34
"GO:0002366","leukocyte activation involved in immune response","6/287","87/3645",0.0689655172413793,0.875886098762465,-0.342504962216634,0.692826157827627,0.984441671579563,0.97761304063276,"ENSG00000168329/ENSG00000179639/ENSG00000175857/ENSG00000165646/ENSG00000078596/ENSG00000137033",6
"GO:0006974","DNA damage response","6/287","87/3645",0.0689655172413793,0.875886098762465,-0.342504962216634,0.692826157827627,0.984441671579563,0.97761304063276,"ENSG00000107562/ENSG00000073282/ENSG00000186868/ENSG00000112319/ENSG00000070193/ENSG00000112183",6
"GO:0009636","response to toxic substance","6/287","87/3645",0.0689655172413793,0.875886098762465,-0.342504962216634,0.692826157827627,0.984441671579563,0.97761304063276,"ENSG00000149575/ENSG00000118777/ENSG00000241644/ENSG00000277586/ENSG00000165646/ENSG00000170345",6
"GO:0019724","B cell mediated immunity","6/287","87/3645",0.0689655172413793,0.875886098762465,-0.342504962216634,0.692826157827627,0.984441671579563,0.97761304063276,"ENSG00000179639/ENSG00000112936/ENSG00000244731/ENSG00000224389/ENSG00000039537/ENSG00000110169",6
"GO:0045055","regulated exocytosis","6/287","87/3645",0.0689655172413793,0.875886098762465,-0.342504962216634,0.692826157827627,0.984441671579563,0.97761304063276,"ENSG00000179639/ENSG00000165646/ENSG00000150594/ENSG00000170743/ENSG00000103528/ENSG00000050438",6
"GO:0044092","negative regulation of molecular function","4/287","59/3645",0.0677966101694915,0.861040571664797,-0.314556503435484,0.69461402891183,0.984441671579563,0.97761304063276,"ENSG00000120129/ENSG00000091831/ENSG00000181092/ENSG00000214456",4
"GO:0098773","skin epidermis development","4/287","59/3645",0.0677966101694915,0.861040571664797,-0.314556503435484,0.69461402891183,0.984441671579563,0.97761304063276,"ENSG00000074047/ENSG00000073282/ENSG00000064300/ENSG00000070193",4
"GO:0033554","cellular response to stress","21/287","290/3645",0.0724137931034483,0.919680403700589,-0.416738899255401,0.695205104919964,0.984441671579563,0.97761304063276,"ENSG00000107562/ENSG00000136546/ENSG00000170962/ENSG00000019991/ENSG00000277586/ENSG00000173376/ENSG00000113296/ENSG00000073282/ENSG00000162543/ENSG00000186868/ENSG00000103257/ENSG00000170345/ENSG00000197769/ENSG00000119147/ENSG00000112319/ENSG00000166819/ENSG00000113739/ENSG00000070193/ENSG00000176194/ENSG00000106688/ENSG00000112183",21
"GO:0001819","positive regulation of cytokine production","11/287","156/3645",0.0705128205128205,0.895537389439829,-0.389818526818719,0.696100869236303,0.984441671579563,0.97761304063276,"ENSG00000131016/ENSG00000019991/ENSG00000135914/ENSG00000115602/ENSG00000120738/ENSG00000150594/ENSG00000103257/ENSG00000137033/ENSG00000181092/ENSG00000145777/ENSG00000169900",11
"GO:0007215","glutamate receptor signaling pathway","2/287","30/3645",0.0666666666666667,0.846689895470383,-0.246471689977663,0.696824487267108,0.984441671579563,0.97761304063276,"ENSG00000169252/ENSG00000106688",2
"GO:0007259","cell surface receptor signaling pathway via JAK-STAT","2/287","30/3645",0.0666666666666667,0.846689895470383,-0.246471689977663,0.696824487267108,0.984441671579563,0.97761304063276,"ENSG00000178568/ENSG00000145777",2
"GO:0019218","regulation of steroid metabolic process","2/287","30/3645",0.0666666666666667,0.846689895470383,-0.246471689977663,0.696824487267108,0.984441671579563,0.97761304063276,"ENSG00000120738/ENSG00000144891",2
"GO:0046474","glycerophospholipid biosynthetic process","2/287","30/3645",0.0666666666666667,0.846689895470383,-0.246471689977663,0.696824487267108,0.984441671579563,0.97761304063276,"ENSG00000135914/ENSG00000102010",2
"GO:0046496","nicotinamide nucleotide metabolic process","2/287","30/3645",0.0666666666666667,0.846689895470383,-0.246471689977663,0.696824487267108,0.984441671579563,0.97761304063276,"ENSG00000017427/ENSG00000167588",2
"GO:0048678","response to axon injury","2/287","30/3645",0.0666666666666667,0.846689895470383,-0.246471689977663,0.696824487267108,0.984441671579563,0.97761304063276,"ENSG00000277586/ENSG00000106688",2
"GO:0050821","protein stabilization","2/287","30/3645",0.0666666666666667,0.846689895470383,-0.246471689977663,0.696824487267108,0.984441671579563,0.97761304063276,"ENSG00000017427/ENSG00000277494",2
"GO:0090100","positive regulation of transmembrane receptor protein serine/threonine kinase signaling pathway","2/287","30/3645",0.0666666666666667,0.846689895470383,-0.246471689977663,0.696824487267108,0.984441671579563,0.97761304063276,"ENSG00000171236/ENSG00000069702",2
"GO:1901989","positive regulation of cell cycle phase transition","2/287","30/3645",0.0666666666666667,0.846689895470383,-0.246471689977663,0.696824487267108,0.984441671579563,0.97761304063276,"ENSG00000073282/ENSG00000070193",2
"GO:1903076","regulation of protein localization to plasma membrane","2/287","30/3645",0.0666666666666667,0.846689895470383,-0.246471689977663,0.696824487267108,0.984441671579563,0.97761304063276,"ENSG00000169083/ENSG00000126562",2
"GO:0006633","fatty acid biosynthetic process","3/287","45/3645",0.0666666666666667,0.846689895470383,-0.302493169803751,0.700245270615489,0.984441671579563,0.97761304063276,"ENSG00000163106/ENSG00000277494/ENSG00000197977",3
"GO:1902904","negative regulation of supramolecular fiber organization","3/287","45/3645",0.0666666666666667,0.846689895470383,-0.302493169803751,0.700245270615489,0.984441671579563,0.97761304063276,"ENSG00000145147/ENSG00000166780/ENSG00000067798",3
"GO:0002263","cell activation involved in immune response","6/287","88/3645",0.0681818181818182,0.865932847640165,-0.372144474412654,0.703493571190206,0.984441671579563,0.97761304063276,"ENSG00000168329/ENSG00000179639/ENSG00000175857/ENSG00000165646/ENSG00000078596/ENSG00000137033",6
"GO:0140014","mitotic nuclear division","5/287","74/3645",0.0675675675675676,0.858131650814578,-0.360409505484453,0.704299396658052,0.984441671579563,0.97761304063276,"ENSG00000017427/ENSG00000169515/ENSG00000167244/ENSG00000120129/ENSG00000124205",5
"GO:0048646","anatomical structure formation involved in morphogenesis","30/287","411/3645",0.072992700729927,0.927032732266843,-0.459059283102406,0.705893688848573,0.984441671579563,0.97761304063276,"ENSG00000145147/ENSG00000166086/ENSG00000154330/ENSG00000168329/ENSG00000074047/ENSG00000148848/ENSG00000079337/ENSG00000171812/ENSG00000179388/ENSG00000138722/ENSG00000156427/ENSG00000165323/ENSG00000173376/ENSG00000113296/ENSG00000073282/ENSG00000166780/ENSG00000064300/ENSG00000120129/ENSG00000092009/ENSG00000169083/ENSG00000136457/ENSG00000166106/ENSG00000171236/ENSG00000070193/ENSG00000069702/ENSG00000120875/ENSG00000008196/ENSG00000106688/ENSG00000144891/ENSG00000171798",30
"GO:0007423","sensory organ development","14/287","198/3645",0.0707070707070707,0.8980044345898,-0.43140286983477,0.706565788003274,0.984441671579563,0.97761304063276,"ENSG00000173068/ENSG00000017427/ENSG00000180660/ENSG00000166147/ENSG00000171812/ENSG00000165323/ENSG00000170345/ENSG00000112319/ENSG00000070193/ENSG00000133256/ENSG00000184564/ENSG00000008196/ENSG00000171819/ENSG00000106688",14
"GO:0009259","ribonucleotide metabolic process","4/287","60/3645",0.0666666666666667,0.846689895470383,-0.350018993441215,0.707344774563223,0.984441671579563,0.97761304063276,"ENSG00000017427/ENSG00000154027/ENSG00000112981/ENSG00000167588",4
"GO:0019693","ribose phosphate metabolic process","4/287","60/3645",0.0666666666666667,0.846689895470383,-0.350018993441215,0.707344774563223,0.984441671579563,0.97761304063276,"ENSG00000017427/ENSG00000154027/ENSG00000112981/ENSG00000167588",4
"GO:0040007","growth","21/287","292/3645",0.0719178082191781,0.913381222853324,-0.451103798267499,0.707393418994922,0.984441671579563,0.97761304063276,"ENSG00000187955/ENSG00000145147/ENSG00000107562/ENSG00000173068/ENSG00000017427/ENSG00000169946/ENSG00000074047/ENSG00000167244/ENSG00000169252/ENSG00000186868/ENSG00000169083/ENSG00000178568/ENSG00000091831/ENSG00000103528/ENSG00000113739/ENSG00000070193/ENSG00000069702/ENSG00000184564/ENSG00000144891/ENSG00000164530/ENSG00000124205",21
"GO:0000380","alternative mRNA splicing, via spliceosome","1/287","15/3645",0.0666666666666667,0.846689895470383,-0.173921344222531,0.708475421561602,0.984441671579563,0.97761304063276,"ENSG00000112183",1
"GO:0002053","positive regulation of mesenchymal cell proliferation","1/287","15/3645",0.0666666666666667,0.846689895470383,-0.173921344222531,0.708475421561602,0.984441671579563,0.97761304063276,"ENSG00000090539",1
"GO:0002224","toll-like receptor signaling pathway","1/287","15/3645",0.0666666666666667,0.846689895470383,-0.173921344222531,0.708475421561602,0.984441671579563,0.97761304063276,"ENSG00000091831",1
"GO:0002446","neutrophil mediated immunity","1/287","15/3645",0.0666666666666667,0.846689895470383,-0.173921344222531,0.708475421561602,0.984441671579563,0.97761304063276,"ENSG00000100448",1
"GO:0006457","protein folding","1/287","15/3645",0.0666666666666667,0.846689895470383,-0.173921344222531,0.708475421561602,0.984441671579563,0.97761304063276,"ENSG00000004838",1
"GO:0006590","thyroid hormone generation","1/287","15/3645",0.0666666666666667,0.846689895470383,-0.173921344222531,0.708475421561602,0.984441671579563,0.97761304063276,"ENSG00000143387",1
"GO:0006612","protein targeting to membrane","1/287","15/3645",0.0666666666666667,0.846689895470383,-0.173921344222531,0.708475421561602,0.984441671579563,0.97761304063276,"ENSG00000106688",1
"GO:0006997","nucleus organization","1/287","15/3645",0.0666666666666667,0.846689895470383,-0.173921344222531,0.708475421561602,0.984441671579563,0.97761304063276,"ENSG00000197748",1
"GO:0007029","endoplasmic reticulum organization","1/287","15/3645",0.0666666666666667,0.846689895470383,-0.173921344222531,0.708475421561602,0.984441671579563,0.97761304063276,"ENSG00000115255",1
"GO:0009268","response to pH","1/287","15/3645",0.0666666666666667,0.846689895470383,-0.173921344222531,0.708475421561602,0.984441671579563,0.97761304063276,"ENSG00000124249",1
"GO:0010712","regulation of collagen metabolic process","1/287","15/3645",0.0666666666666667,0.846689895470383,-0.173921344222531,0.708475421561602,0.984441671579563,0.97761304063276,"ENSG00000166482",1
"GO:0014037","Schwann cell differentiation","1/287","15/3645",0.0666666666666667,0.846689895470383,-0.173921344222531,0.708475421561602,0.984441671579563,0.97761304063276,"ENSG00000196569",1
"GO:0019755","one-carbon compound transport","1/287","15/3645",0.0666666666666667,0.846689895470383,-0.173921344222531,0.708475421561602,0.984441671579563,0.97761304063276,"ENSG00000165269",1
"GO:0031340","positive regulation of vesicle fusion","1/287","15/3645",0.0666666666666667,0.846689895470383,-0.173921344222531,0.708475421561602,0.984441671579563,0.97761304063276,"ENSG00000170743",1
"GO:0031670","cellular response to nutrient","1/287","15/3645",0.0666666666666667,0.846689895470383,-0.173921344222531,0.708475421561602,0.984441671579563,0.97761304063276,"ENSG00000169184",1
"GO:0032387","negative regulation of intracellular transport","1/287","15/3645",0.0666666666666667,0.846689895470383,-0.173921344222531,0.708475421561602,0.984441671579563,0.97761304063276,"ENSG00000181092",1
"GO:0034114","regulation of heterotypic cell-cell adhesion","1/287","15/3645",0.0666666666666667,0.846689895470383,-0.173921344222531,0.708475421561602,0.984441671579563,0.97761304063276,"ENSG00000181092",1
"GO:0034644","cellular response to UV","1/287","15/3645",0.0666666666666667,0.846689895470383,-0.173921344222531,0.708475421561602,0.984441671579563,0.97761304063276,"ENSG00000166482",1
"GO:0035023","regulation of Rho protein signal transduction","1/287","15/3645",0.0666666666666667,0.846689895470383,-0.173921344222531,0.708475421561602,0.984441671579563,0.97761304063276,"ENSG00000137727",1
"GO:0035315","hair cell differentiation","1/287","15/3645",0.0666666666666667,0.846689895470383,-0.173921344222531,0.708475421561602,0.984441671579563,0.97761304063276,"ENSG00000184564",1
"GO:0042634","regulation of hair cycle","1/287","15/3645",0.0666666666666667,0.846689895470383,-0.173921344222531,0.708475421561602,0.984441671579563,0.97761304063276,"ENSG00000064300",1
"GO:0043489","RNA stabilization","1/287","15/3645",0.0666666666666667,0.846689895470383,-0.173921344222531,0.708475421561602,0.984441671579563,0.97761304063276,"ENSG00000112183",1
"GO:0045995","regulation of embryonic development","1/287","15/3645",0.0666666666666667,0.846689895470383,-0.173921344222531,0.708475421561602,0.984441671579563,0.97761304063276,"ENSG00000196569",1
"GO:0048024","regulation of mRNA splicing, via spliceosome","1/287","15/3645",0.0666666666666667,0.846689895470383,-0.173921344222531,0.708475421561602,0.984441671579563,0.97761304063276,"ENSG00000112183",1
"GO:0048538","thymus development","1/287","15/3645",0.0666666666666667,0.846689895470383,-0.173921344222531,0.708475421561602,0.984441671579563,0.97761304063276,"ENSG00000070193",1
"GO:0048665","neuron fate specification","1/287","15/3645",0.0666666666666667,0.846689895470383,-0.173921344222531,0.708475421561602,0.984441671579563,0.97761304063276,"ENSG00000074047",1
"GO:0051653","spindle localization","1/287","15/3645",0.0666666666666667,0.846689895470383,-0.173921344222531,0.708475421561602,0.984441671579563,0.97761304063276,"ENSG00000070193",1
"GO:0060669","embryonic placenta morphogenesis","1/287","15/3645",0.0666666666666667,0.846689895470383,-0.173921344222531,0.708475421561602,0.984441671579563,0.97761304063276,"ENSG00000167244",1
"GO:0061037","negative regulation of cartilage development","1/287","15/3645",0.0666666666666667,0.846689895470383,-0.173921344222531,0.708475421561602,0.984441671579563,0.97761304063276,"ENSG00000143387",1
"GO:1904707","positive regulation of vascular associated smooth muscle cell proliferation","1/287","15/3645",0.0666666666666667,0.846689895470383,-0.173921344222531,0.708475421561602,0.984441671579563,0.97761304063276,"ENSG00000017427",1
"GO:2000406","positive regulation of T cell migration","1/287","15/3645",0.0666666666666667,0.846689895470383,-0.173921344222531,0.708475421561602,0.984441671579563,0.97761304063276,"ENSG00000107562",1
"GO:0032970","regulation of actin filament-based process","7/287","103/3645",0.0679611650485437,0.863130475964954,-0.411899132734324,0.713739953890454,0.984441671579563,0.97761304063276,"ENSG00000145147/ENSG00000107562/ENSG00000166086/ENSG00000079337/ENSG00000049540/ENSG00000006128/ENSG00000145703",7
"GO:0001676","long-chain fatty acid metabolic process","2/287","31/3645",0.0645161290322581,0.819377318197145,-0.295222086706033,0.714122135120975,0.984441671579563,0.97761304063276,"ENSG00000186204/ENSG00000197977",2
"GO:0046165","alcohol biosynthetic process","2/287","31/3645",0.0645161290322581,0.819377318197145,-0.295222086706033,0.714122135120975,0.984441671579563,0.97761304063276,"ENSG00000231852/ENSG00000134240",2
"GO:0062014","negative regulation of small molecule metabolic process","2/287","31/3645",0.0645161290322581,0.819377318197145,-0.295222086706033,0.714122135120975,0.984441671579563,0.97761304063276,"ENSG00000181092/ENSG00000214456",2
"GO:0072524","pyridine-containing compound metabolic process","2/287","31/3645",0.0645161290322581,0.819377318197145,-0.295222086706033,0.714122135120975,0.984441671579563,0.97761304063276,"ENSG00000017427/ENSG00000167588",2
"GO:0071453","cellular response to oxygen levels","3/287","46/3645",0.0652173913043478,0.82828359339494,-0.342601745142707,0.714523151988556,0.984441671579563,0.97761304063276,"ENSG00000173376/ENSG00000170345/ENSG00000113739",3
"GO:0019725","cellular homeostasis","17/287","240/3645",0.0708333333333333,0.899608013937282,-0.470365971565886,0.717131202206139,0.984441671579563,0.97761304063276,"ENSG00000107562/ENSG00000136546/ENSG00000017427/ENSG00000135914/ENSG00000155886/ENSG00000071967/ENSG00000276409/ENSG00000150594/ENSG00000115896/ENSG00000064300/ENSG00000092009/ENSG00000113739/ENSG00000126562/ENSG00000050438/ENSG00000110169/ENSG00000106688/ENSG00000124205",17
"GO:0048666","neuron development","28/287","387/3645",0.0723514211886305,0.918888258650028,-0.493348093564049,0.718576564315718,0.984441671579563,0.97761304063276,"ENSG00000196569/ENSG00000007237/ENSG00000145147/ENSG00000107562/ENSG00000185070/ENSG00000196159/ENSG00000046889/ENSG00000074047/ENSG00000277586/ENSG00000172260/ENSG00000165323/ENSG00000134121/ENSG00000168477/ENSG00000173376/ENSG00000196090/ENSG00000186868/ENSG00000153993/ENSG00000064300/ENSG00000121871/ENSG00000145934/ENSG00000154654/ENSG00000103528/ENSG00000151892/ENSG00000184564/ENSG00000012171/ENSG00000172425/ENSG00000124205/ENSG00000171798",28
"GO:0042176","regulation of protein catabolic process","4/287","61/3645",0.0655737704918033,0.832809733249557,-0.384929942051215,0.719687701125918,0.984441671579563,0.97761304063276,"ENSG00000150594/ENSG00000137033/ENSG00000157150/ENSG00000172425",4
"GO:0071222","cellular response to lipopolysaccharide","4/287","61/3645",0.0655737704918033,0.832809733249557,-0.384929942051215,0.719687701125918,0.984441671579563,0.97761304063276,"ENSG00000168329/ENSG00000100448/ENSG00000103257/ENSG00000134240",4
"GO:0008219","cell death","35/287","480/3645",0.0729166666666667,0.926067073170732,-0.508114334869106,0.721337129545193,0.984441671579563,0.97761304063276,"ENSG00000131016/ENSG00000145147/ENSG00000107562/ENSG00000019991/ENSG00000017427/ENSG00000135914/ENSG00000168329/ENSG00000050628/ENSG00000179388/ENSG00000106483/ENSG00000277586/ENSG00000134121/ENSG00000173376/ENSG00000131080/ENSG00000120738/ENSG00000073282/ENSG00000109906/ENSG00000102010/ENSG00000103257/ENSG00000064300/ENSG00000120129/ENSG00000169083/ENSG00000112981/ENSG00000178568/ENSG00000112319/ENSG00000091831/ENSG00000137033/ENSG00000070193/ENSG00000181092/ENSG00000176194/ENSG00000133256/ENSG00000008196/ENSG00000106688/ENSG00000145777/ENSG00000187288",35
"GO:0045321","leukocyte activation","20/287","281/3645",0.0711743772241993,0.903939390181904,-0.489959623599464,0.721578358842782,0.984441671579563,0.97761304063276,"ENSG00000017427/ENSG00000168329/ENSG00000074047/ENSG00000179639/ENSG00000115602/ENSG00000175857/ENSG00000179388/ENSG00000167244/ENSG00000006128/ENSG00000165646/ENSG00000120738/ENSG00000100448/ENSG00000078596/ENSG00000109906/ENSG00000186868/ENSG00000243649/ENSG00000137033/ENSG00000070193/ENSG00000126562/ENSG00000145777",20
"GO:0000902","cell morphogenesis","24/287","335/3645",0.0716417910447761,0.909875708565188,-0.505987812751027,0.72471798547382,0.984441671579563,0.97761304063276,"ENSG00000196569/ENSG00000007237/ENSG00000145147/ENSG00000107562/ENSG00000185070/ENSG00000019991/ENSG00000196159/ENSG00000046889/ENSG00000074047/ENSG00000277586/ENSG00000172260/ENSG00000165323/ENSG00000134121/ENSG00000186868/ENSG00000197748/ENSG00000153993/ENSG00000064300/ENSG00000121871/ENSG00000169083/ENSG00000103528/ENSG00000184564/ENSG00000012171/ENSG00000124205/ENSG00000171798",24
"GO:0006909","phagocytosis","5/287","76/3645",0.0657894736842105,0.835549238951036,-0.423505638103802,0.726530891572186,0.984441671579563,0.97761304063276,"ENSG00000166428/ENSG00000187800/ENSG00000244731/ENSG00000224389/ENSG00000181092",5
"GO:0032446","protein modification by small protein conjugation","5/287","76/3645",0.0657894736842105,0.835549238951036,-0.423505638103802,0.726530891572186,0.984441671579563,0.97761304063276,"ENSG00000111665/ENSG00000120738/ENSG00000109906/ENSG00000162722/ENSG00000172425",5
"GO:0048736","appendage development","5/287","76/3645",0.0657894736842105,0.835549238951036,-0.423505638103802,0.726530891572186,0.984441671579563,0.97761304063276,"ENSG00000073282/ENSG00000109906/ENSG00000070193/ENSG00000144218/ENSG00000008196",5
"GO:0060173","limb development","5/287","76/3645",0.0657894736842105,0.835549238951036,-0.423505638103802,0.726530891572186,0.984441671579563,0.97761304063276,"ENSG00000073282/ENSG00000109906/ENSG00000070193/ENSG00000144218/ENSG00000008196",5
"GO:0002526","acute inflammatory response","3/287","47/3645",0.0638297872340425,0.810660538216324,-0.381899662295242,0.728272136116589,0.984441671579563,0.97761304063276,"ENSG00000179639/ENSG00000050628/ENSG00000006128",3
"GO:0007498","mesoderm development","3/287","47/3645",0.0638297872340425,0.810660538216324,-0.381899662295242,0.728272136116589,0.984441671579563,0.97761304063276,"ENSG00000169946/ENSG00000073282/ENSG00000102010",3
"GO:0090090","negative regulation of canonical Wnt signaling pathway","3/287","47/3645",0.0638297872340425,0.810660538216324,-0.381899662295242,0.728272136116589,0.984441671579563,0.97761304063276,"ENSG00000144642/ENSG00000106483/ENSG00000120738",3
"GO:1903828","negative regulation of protein localization","3/287","47/3645",0.0638297872340425,0.810660538216324,-0.381899662295242,0.728272136116589,0.984441671579563,0.97761304063276,"ENSG00000150594/ENSG00000181092/ENSG00000126562",3
"GO:0006029","proteoglycan metabolic process","2/287","32/3645",0.0625,0.793771777003484,-0.342514447140864,0.730586809174389,0.984441671579563,0.97761304063276,"ENSG00000017427/ENSG00000124302",2
"GO:0006906","vesicle fusion","2/287","32/3645",0.0625,0.793771777003484,-0.342514447140864,0.730586809174389,0.984441671579563,0.97761304063276,"ENSG00000170743/ENSG00000184811",2
"GO:0032755","positive regulation of interleukin-6 production","2/287","32/3645",0.0625,0.793771777003484,-0.342514447140864,0.730586809174389,0.984441671579563,0.97761304063276,"ENSG00000137033/ENSG00000145777",2
"GO:0043500","muscle adaptation","2/287","32/3645",0.0625,0.793771777003484,-0.342514447140864,0.730586809174389,0.984441671579563,0.97761304063276,"ENSG00000017427/ENSG00000164530",2
"GO:0045732","positive regulation of protein catabolic process","2/287","32/3645",0.0625,0.793771777003484,-0.342514447140864,0.730586809174389,0.984441671579563,0.97761304063276,"ENSG00000150594/ENSG00000137033",2
"GO:0048661","positive regulation of smooth muscle cell proliferation","2/287","32/3645",0.0625,0.793771777003484,-0.342514447140864,0.730586809174389,0.984441671579563,0.97761304063276,"ENSG00000170962/ENSG00000017427",2
"GO:0051261","protein depolymerization","2/287","32/3645",0.0625,0.793771777003484,-0.342514447140864,0.730586809174389,0.984441671579563,0.97761304063276,"ENSG00000166780/ENSG00000067798",2
"GO:0090150","establishment of protein localization to membrane","2/287","32/3645",0.0625,0.793771777003484,-0.342514447140864,0.730586809174389,0.984441671579563,0.97761304063276,"ENSG00000184811/ENSG00000106688",2
"GO:0090174","organelle membrane fusion","2/287","32/3645",0.0625,0.793771777003484,-0.342514447140864,0.730586809174389,0.984441671579563,0.97761304063276,"ENSG00000170743/ENSG00000184811",2
"GO:1901655","cellular response to ketone","2/287","32/3645",0.0625,0.793771777003484,-0.342514447140864,0.730586809174389,0.984441671579563,0.97761304063276,"ENSG00000170345/ENSG00000169083",2
"GO:0001662","behavioral fear response","1/287","16/3645",0.0625,0.793771777003484,-0.241659789836605,0.731524334512517,0.984441671579563,0.97761304063276,"ENSG00000106688",1
"GO:0001937","negative regulation of endothelial cell proliferation","1/287","16/3645",0.0625,0.793771777003484,-0.241659789836605,0.731524334512517,0.984441671579563,0.97761304063276,"ENSG00000064300",1
"GO:0002209","behavioral defense response","1/287","16/3645",0.0625,0.793771777003484,-0.241659789836605,0.731524334512517,0.984441671579563,0.97761304063276,"ENSG00000106688",1
"GO:0002385","mucosal immune response","1/287","16/3645",0.0625,0.793771777003484,-0.241659789836605,0.731524334512517,0.984441671579563,0.97761304063276,"ENSG00000169347",1
"GO:0002712","regulation of B cell mediated immunity","1/287","16/3645",0.0625,0.793771777003484,-0.241659789836605,0.731524334512517,0.984441671579563,0.97761304063276,"ENSG00000110169",1
"GO:0002889","regulation of immunoglobulin mediated immune response","1/287","16/3645",0.0625,0.793771777003484,-0.241659789836605,0.731524334512517,0.984441671579563,0.97761304063276,"ENSG00000110169",1
"GO:0007622","rhythmic behavior","1/287","16/3645",0.0625,0.793771777003484,-0.241659789836605,0.731524334512517,0.984441671579563,0.97761304063276,"ENSG00000120738",1
"GO:0008089","anterograde axonal transport","1/287","16/3645",0.0625,0.793771777003484,-0.241659789836605,0.731524334512517,0.984441671579563,0.97761304063276,"ENSG00000277586",1
"GO:0008625","extrinsic apoptotic signaling pathway via death domain receptors","1/287","16/3645",0.0625,0.793771777003484,-0.241659789836605,0.731524334512517,0.984441671579563,0.97761304063276,"ENSG00000019991",1
"GO:0010818","T cell chemotaxis","1/287","16/3645",0.0625,0.793771777003484,-0.241659789836605,0.731524334512517,0.984441671579563,0.97761304063276,"ENSG00000107562",1
"GO:0014002","astrocyte development","1/287","16/3645",0.0625,0.793771777003484,-0.241659789836605,0.731524334512517,0.984441671579563,0.97761304063276,"ENSG00000186868",1
"GO:0030641","regulation of cellular pH","1/287","16/3645",0.0625,0.793771777003484,-0.241659789836605,0.731524334512517,0.984441671579563,0.97761304063276,"ENSG00000050438",1
"GO:0031630","regulation of synaptic vesicle fusion to presynaptic active zone membrane","1/287","16/3645",0.0625,0.793771777003484,-0.241659789836605,0.731524334512517,0.984441671579563,0.97761304063276,"ENSG00000170743",1
"GO:0035235","ionotropic glutamate receptor signaling pathway","1/287","16/3645",0.0625,0.793771777003484,-0.241659789836605,0.731524334512517,0.984441671579563,0.97761304063276,"ENSG00000169252",1
"GO:0043547","positive regulation of GTPase activity","1/287","16/3645",0.0625,0.793771777003484,-0.241659789836605,0.731524334512517,0.984441671579563,0.97761304063276,"ENSG00000079337",1
"GO:0048048","embryonic eye morphogenesis","1/287","16/3645",0.0625,0.793771777003484,-0.241659789836605,0.731524334512517,0.984441671579563,0.97761304063276,"ENSG00000166147",1
"GO:0050974","detection of mechanical stimulus involved in sensory perception","1/287","16/3645",0.0625,0.793771777003484,-0.241659789836605,0.731524334512517,0.984441671579563,0.97761304063276,"ENSG00000107562",1
"GO:0051453","regulation of intracellular pH","1/287","16/3645",0.0625,0.793771777003484,-0.241659789836605,0.731524334512517,0.984441671579563,0.97761304063276,"ENSG00000050438",1
"GO:0051702","biological process involved in interaction with symbiont","1/287","16/3645",0.0625,0.793771777003484,-0.241659789836605,0.731524334512517,0.984441671579563,0.97761304063276,"ENSG00000100448",1
"GO:0051881","regulation of mitochondrial membrane potential","1/287","16/3645",0.0625,0.793771777003484,-0.241659789836605,0.731524334512517,0.984441671579563,0.97761304063276,"ENSG00000186868",1
"GO:0055090","acylglycerol homeostasis","1/287","16/3645",0.0625,0.793771777003484,-0.241659789836605,0.731524334512517,0.984441671579563,0.97761304063276,"ENSG00000277494",1
"GO:0070301","cellular response to hydrogen peroxide","1/287","16/3645",0.0625,0.793771777003484,-0.241659789836605,0.731524334512517,0.984441671579563,0.97761304063276,"ENSG00000170962",1
"GO:0070328","triglyceride homeostasis","1/287","16/3645",0.0625,0.793771777003484,-0.241659789836605,0.731524334512517,0.984441671579563,0.97761304063276,"ENSG00000277494",1
"GO:0071398","cellular response to fatty acid","1/287","16/3645",0.0625,0.793771777003484,-0.241659789836605,0.731524334512517,0.984441671579563,0.97761304063276,"ENSG00000134240",1
"GO:0090279","regulation of calcium ion import","1/287","16/3645",0.0625,0.793771777003484,-0.241659789836605,0.731524334512517,0.984441671579563,0.97761304063276,"ENSG00000107562",1
"GO:0098810","neurotransmitter reuptake","1/287","16/3645",0.0625,0.793771777003484,-0.241659789836605,0.731524334512517,0.984441671579563,0.97761304063276,"ENSG00000165646",1
"GO:0099560","synaptic membrane adhesion","1/287","16/3645",0.0625,0.793771777003484,-0.241659789836605,0.731524334512517,0.984441671579563,0.97761304063276,"ENSG00000121871",1
"GO:0150146","cell junction disassembly","1/287","16/3645",0.0625,0.793771777003484,-0.241659789836605,0.731524334512517,0.984441671579563,0.97761304063276,"ENSG00000168329",1
"GO:1901632","regulation of synaptic vesicle membrane organization","1/287","16/3645",0.0625,0.793771777003484,-0.241659789836605,0.731524334512517,0.984441671579563,0.97761304063276,"ENSG00000170743",1
"GO:1901976","regulation of cell cycle checkpoint","1/287","16/3645",0.0625,0.793771777003484,-0.241659789836605,0.731524334512517,0.984441671579563,0.97761304063276,"ENSG00000120129",1
"GO:1902692","regulation of neuroblast proliferation","1/287","16/3645",0.0625,0.793771777003484,-0.241659789836605,0.731524334512517,0.984441671579563,0.97761304063276,"ENSG00000168329",1
"GO:1904861","excitatory synapse assembly","1/287","16/3645",0.0625,0.793771777003484,-0.241659789836605,0.731524334512517,0.984441671579563,0.97761304063276,"ENSG00000121871",1
"GO:0007272","ensheathment of neurons","4/287","62/3645",0.0645161290322581,0.819377318197145,-0.419309317963915,0.731644020570532,0.984441671579563,0.97761304063276,"ENSG00000166086/ENSG00000154721/ENSG00000017427/ENSG00000013297",4
"GO:0008366","axon ensheathment","4/287","62/3645",0.0645161290322581,0.819377318197145,-0.419309317963915,0.731644020570532,0.984441671579563,0.97761304063276,"ENSG00000166086/ENSG00000154721/ENSG00000017427/ENSG00000013297",4
"GO:0051235","maintenance of location","4/287","62/3645",0.0645161290322581,0.819377318197145,-0.419309317963915,0.731644020570532,0.984441671579563,0.97761304063276,"ENSG00000166147/ENSG00000135914/ENSG00000082175/ENSG00000115896",4
"GO:0044281","small molecule metabolic process","26/287","363/3645",0.0716253443526171,0.909666829844213,-0.53017721860131,0.731978927850476,0.984441671579563,0.97761304063276,"ENSG00000017427/ENSG00000166147/ENSG00000118777/ENSG00000163106/ENSG00000167244/ENSG00000183044/ENSG00000277494/ENSG00000168477/ENSG00000120738/ENSG00000168350/ENSG00000231852/ENSG00000152779/ENSG00000154027/ENSG00000196616/ENSG00000112981/ENSG00000171954/ENSG00000167588/ENSG00000181092/ENSG00000186204/ENSG00000008196/ENSG00000214456/ENSG00000197977/ENSG00000172425/ENSG00000144891/ENSG00000134240/ENSG00000160180",26
"GO:0050807","regulation of synapse organization","7/287","105/3645",0.0666666666666667,0.846689895470383,-0.465965309120261,0.732535890766381,0.984441671579563,0.97761304063276,"ENSG00000185070/ENSG00000277586/ENSG00000172260/ENSG00000173114/ENSG00000121871/ENSG00000158258/ENSG00000184564",7
"GO:0008544","epidermis development","10/287","147/3645",0.0680272108843537,0.863969281092228,-0.492125132450209,0.733791696957225,0.984441671579563,0.97761304063276,"ENSG00000165124/ENSG00000074047/ENSG00000106483/ENSG00000131080/ENSG00000073282/ENSG00000064300/ENSG00000065618/ENSG00000070193/ENSG00000184564/ENSG00000133321",10
"GO:0030001","metal ion transport","22/287","310/3645",0.0709677419354839,0.90131505001686,-0.530974469574241,0.734286112820893,0.984441671579563,0.97761304063276,"ENSG00000149575/ENSG00000107562/ENSG00000136546/ENSG00000177098/ENSG00000135914/ENSG00000155886/ENSG00000071967/ENSG00000169507/ENSG00000150594/ENSG00000115896/ENSG00000153253/ENSG00000169252/ENSG00000139209/ENSG00000152049/ENSG00000113739/ENSG00000171385/ENSG00000126562/ENSG00000124249/ENSG00000050438/ENSG00000110169/ENSG00000106688/ENSG00000124205",22
"GO:0043933","protein-containing complex organization","22/287","310/3645",0.0709677419354839,0.90131505001686,-0.530974469574241,0.734286112820893,0.984441671579563,0.97761304063276,"ENSG00000007237/ENSG00000145147/ENSG00000107562/ENSG00000166086/ENSG00000269113/ENSG00000277494/ENSG00000049540/ENSG00000277586/ENSG00000254245/ENSG00000073282/ENSG00000169252/ENSG00000186868/ENSG00000166780/ENSG00000067798/ENSG00000197769/ENSG00000034239/ENSG00000004838/ENSG00000091831/ENSG00000174175/ENSG00000171385/ENSG00000069702/ENSG00000144891",22
"GO:0045944","positive regulation of transcription by RNA polymerase II","21/287","297/3645",0.0707070707070707,0.8980044345898,-0.536113293827259,0.736617105239668,0.984441671579563,0.97761304063276,"ENSG00000019991/ENSG00000017427/ENSG00000169946/ENSG00000074047/ENSG00000082175/ENSG00000179388/ENSG00000167244/ENSG00000174332/ENSG00000120738/ENSG00000073282/ENSG00000169252/ENSG00000109906/ENSG00000107249/ENSG00000170345/ENSG00000169083/ENSG00000173210/ENSG00000091831/ENSG00000137033/ENSG00000125740/ENSG00000070193/ENSG00000008196",21
"GO:0022409","positive regulation of cell-cell adhesion","8/287","120/3645",0.0666666666666667,0.846689895470383,-0.499196611494012,0.740812481888456,0.984441671579563,0.97761304063276,"ENSG00000017427/ENSG00000074047/ENSG00000179388/ENSG00000138722/ENSG00000167244/ENSG00000100448/ENSG00000109906/ENSG00000174175",8
"GO:0099565","chemical synaptic transmission, postsynaptic","3/287","48/3645",0.0625,0.793771777003484,-0.420424761037698,0.741498708099878,0.984441671579563,0.97761304063276,"ENSG00000162383/ENSG00000183044/ENSG00000169252",3
"GO:0006575","modified amino acid metabolic process","4/287","63/3645",0.0634920634920635,0.806371329019413,-0.453176034859419,0.743215911176208,0.984441671579563,0.97761304063276,"ENSG00000143387/ENSG00000163106/ENSG00000134201/ENSG00000106688",4
"GO:0071248","cellular response to metal ion","4/287","63/3645",0.0634920634920635,0.806371329019413,-0.453176034859419,0.743215911176208,0.984441671579563,0.97761304063276,"ENSG00000170345/ENSG00000125740/ENSG00000170323/ENSG00000106688",4
"GO:0006066","alcohol metabolic process","6/287","92/3645",0.0652173913043478,0.82828359339494,-0.487638389478422,0.743644924881245,0.984441671579563,0.97761304063276,"ENSG00000017427/ENSG00000168350/ENSG00000231852/ENSG00000196616/ENSG00000144891/ENSG00000134240",6
"GO:0030183","B cell differentiation","2/287","33/3645",0.0606060606060606,0.769718086791258,-0.388447843439198,0.746241942768957,0.984441671579563,0.97761304063276,"ENSG00000078596/ENSG00000243649",2
"GO:0045445","myoblast differentiation","2/287","33/3645",0.0606060606060606,0.769718086791258,-0.388447843439198,0.746241942768957,0.984441671579563,0.97761304063276,"ENSG00000017427/ENSG00000112183",2
"GO:0050766","positive regulation of phagocytosis","2/287","33/3645",0.0606060606060606,0.769718086791258,-0.388447843439198,0.746241942768957,0.984441671579563,0.97761304063276,"ENSG00000244731/ENSG00000224389",2
"GO:0051224","negative regulation of protein transport","2/287","33/3645",0.0606060606060606,0.769718086791258,-0.388447843439198,0.746241942768957,0.984441671579563,0.97761304063276,"ENSG00000150594/ENSG00000181092",2
"GO:0071214","cellular response to abiotic stimulus","5/287","78/3645",0.0641025641025641,0.814124899490753,-0.485072606779187,0.747541861022517,0.984441671579563,0.97761304063276,"ENSG00000136546/ENSG00000166482/ENSG00000155886/ENSG00000120738/ENSG00000124249",5
"GO:0104004","cellular response to environmental stimulus","5/287","78/3645",0.0641025641025641,0.814124899490753,-0.485072606779187,0.747541861022517,0.984441671579563,0.97761304063276,"ENSG00000136546/ENSG00000166482/ENSG00000155886/ENSG00000120738/ENSG00000124249",5
"GO:0043065","positive regulation of apoptotic process","9/287","135/3645",0.0666666666666667,0.846689895470383,-0.530608120723965,0.74884541271762,0.984441671579563,0.97761304063276,"ENSG00000131016/ENSG00000145147/ENSG00000106483/ENSG00000073282/ENSG00000109906/ENSG00000064300/ENSG00000120129/ENSG00000181092/ENSG00000008196",9
"GO:0045765","regulation of angiogenesis","7/287","107/3645",0.0654205607476635,0.830863916115797,-0.519085660720952,0.75046696861498,0.984441671579563,0.97761304063276,"ENSG00000168329/ENSG00000148848/ENSG00000079337/ENSG00000156427/ENSG00000113296/ENSG00000092009/ENSG00000171236",7
"GO:0050803","regulation of synapse structure or activity","7/287","107/3645",0.0654205607476635,0.830863916115797,-0.519085660720952,0.75046696861498,0.984441671579563,0.97761304063276,"ENSG00000185070/ENSG00000277586/ENSG00000172260/ENSG00000173114/ENSG00000121871/ENSG00000158258/ENSG00000184564",7
"GO:0090596","sensory organ morphogenesis","7/287","107/3645",0.0654205607476635,0.830863916115797,-0.519085660720952,0.75046696861498,0.984441671579563,0.97761304063276,"ENSG00000166147/ENSG00000171812/ENSG00000165323/ENSG00000070193/ENSG00000184564/ENSG00000008196/ENSG00000106688",7
"GO:0030097","hemopoiesis","16/287","232/3645",0.0689655172413793,0.875886098762465,-0.571065681528044,0.752040065501951,0.984441671579563,0.97761304063276,"ENSG00000166086/ENSG00000166147/ENSG00000074047/ENSG00000166428/ENSG00000115602/ENSG00000179388/ENSG00000120738/ENSG00000078596/ENSG00000109906/ENSG00000162722/ENSG00000170345/ENSG00000243649/ENSG00000137033/ENSG00000090534/ENSG00000069702/ENSG00000181092",16
"GO:0000375","RNA splicing, via transesterification reactions","1/287","17/3645",0.0588235294117647,0.747079319532691,-0.305537801756271,0.752756772097226,0.984441671579563,0.97761304063276,"ENSG00000112183",1
"GO:0000377","RNA splicing, via transesterification reactions with bulged adenosine as nucleophile","1/287","17/3645",0.0588235294117647,0.747079319532691,-0.305537801756271,0.752756772097226,0.984441671579563,0.97761304063276,"ENSG00000112183",1
"GO:0000398","mRNA splicing, via spliceosome","1/287","17/3645",0.0588235294117647,0.747079319532691,-0.305537801756271,0.752756772097226,0.984441671579563,0.97761304063276,"ENSG00000112183",1
"GO:0002088","lens development in camera-type eye","1/287","17/3645",0.0588235294117647,0.747079319532691,-0.305537801756271,0.752756772097226,0.984441671579563,0.97761304063276,"ENSG00000184564",1
"GO:0002251","organ or tissue specific immune response","1/287","17/3645",0.0588235294117647,0.747079319532691,-0.305537801756271,0.752756772097226,0.984441671579563,0.97761304063276,"ENSG00000169347",1
"GO:0003382","epithelial cell morphogenesis","1/287","17/3645",0.0588235294117647,0.747079319532691,-0.305537801756271,0.752756772097226,0.984441671579563,0.97761304063276,"ENSG00000169083",1
"GO:0007187","G protein-coupled receptor signaling pathway, coupled to cyclic nucleotide second messenger","1/287","17/3645",0.0588235294117647,0.747079319532691,-0.305537801756271,0.752756772097226,0.984441671579563,0.97761304063276,"ENSG00000135914",1
"GO:0008207","C21-steroid hormone metabolic process","1/287","17/3645",0.0588235294117647,0.747079319532691,-0.305537801756271,0.752756772097226,0.984441671579563,0.97761304063276,"ENSG00000120738",1
"GO:0009247","glycolipid biosynthetic process","1/287","17/3645",0.0588235294117647,0.747079319532691,-0.305537801756271,0.752756772097226,0.984441671579563,0.97761304063276,"ENSG00000148488",1
"GO:0009311","oligosaccharide metabolic process","1/287","17/3645",0.0588235294117647,0.747079319532691,-0.305537801756271,0.752756772097226,0.984441671579563,0.97761304063276,"ENSG00000148488",1
"GO:0010464","regulation of mesenchymal cell proliferation","1/287","17/3645",0.0588235294117647,0.747079319532691,-0.305537801756271,0.752756772097226,0.984441671579563,0.97761304063276,"ENSG00000090539",1
"GO:0014014","negative regulation of gliogenesis","1/287","17/3645",0.0588235294117647,0.747079319532691,-0.305537801756271,0.752756772097226,0.984441671579563,0.97761304063276,"ENSG00000172260",1
"GO:0019369","arachidonate metabolic process","1/287","17/3645",0.0588235294117647,0.747079319532691,-0.305537801756271,0.752756772097226,0.984441671579563,0.97761304063276,"ENSG00000186204",1
"GO:0031103","axon regeneration","1/287","17/3645",0.0588235294117647,0.747079319532691,-0.305537801756271,0.752756772097226,0.984441671579563,0.97761304063276,"ENSG00000277586",1
"GO:0038093","Fc receptor signaling pathway","1/287","17/3645",0.0588235294117647,0.747079319532691,-0.305537801756271,0.752756772097226,0.984441671579563,0.97761304063276,"ENSG00000179639",1
"GO:0042058","regulation of epidermal growth factor receptor signaling pathway","1/287","17/3645",0.0588235294117647,0.747079319532691,-0.305537801756271,0.752756772097226,0.984441671579563,0.97761304063276,"ENSG00000150594",1
"GO:0042573","retinoic acid metabolic process","1/287","17/3645",0.0588235294117647,0.747079319532691,-0.305537801756271,0.752756772097226,0.984441671579563,0.97761304063276,"ENSG00000196616",1
"GO:0046676","negative regulation of insulin secretion","1/287","17/3645",0.0588235294117647,0.747079319532691,-0.305537801756271,0.752756772097226,0.984441671579563,0.97761304063276,"ENSG00000150594",1
"GO:0048066","developmental pigmentation","1/287","17/3645",0.0588235294117647,0.747079319532691,-0.305537801756271,0.752756772097226,0.984441671579563,0.97761304063276,"ENSG00000124205",1
"GO:0048599","oocyte development","1/287","17/3645",0.0588235294117647,0.747079319532691,-0.305537801756271,0.752756772097226,0.984441671579563,0.97761304063276,"ENSG00000017427",1
"GO:0050885","neuromuscular process controlling balance","1/287","17/3645",0.0588235294117647,0.747079319532691,-0.305537801756271,0.752756772097226,0.984441671579563,0.97761304063276,"ENSG00000277586",1
"GO:0060113","inner ear receptor cell differentiation","1/287","17/3645",0.0588235294117647,0.747079319532691,-0.305537801756271,0.752756772097226,0.984441671579563,0.97761304063276,"ENSG00000184564",1
"GO:0071312","cellular response to alkaloid","1/287","17/3645",0.0588235294117647,0.747079319532691,-0.305537801756271,0.752756772097226,0.984441671579563,0.97761304063276,"ENSG00000106688",1
"GO:0071384","cellular response to corticosteroid stimulus","1/287","17/3645",0.0588235294117647,0.747079319532691,-0.305537801756271,0.752756772097226,0.984441671579563,0.97761304063276,"ENSG00000134240",1
"GO:0071470","cellular response to osmotic stress","1/287","17/3645",0.0588235294117647,0.747079319532691,-0.305537801756271,0.752756772097226,0.984441671579563,0.97761304063276,"ENSG00000136546",1
"GO:1902373","negative regulation of mRNA catabolic process","1/287","17/3645",0.0588235294117647,0.747079319532691,-0.305537801756271,0.752756772097226,0.984441671579563,0.97761304063276,"ENSG00000112183",1
"GO:1903052","positive regulation of proteolysis involved in protein catabolic process","1/287","17/3645",0.0588235294117647,0.747079319532691,-0.305537801756271,0.752756772097226,0.984441671579563,0.97761304063276,"ENSG00000137033",1
"GO:1903307","positive regulation of regulated secretory pathway","1/287","17/3645",0.0588235294117647,0.747079319532691,-0.305537801756271,0.752756772097226,0.984441671579563,0.97761304063276,"ENSG00000050438",1
"GO:1903409","reactive oxygen species biosynthetic process","1/287","17/3645",0.0588235294117647,0.747079319532691,-0.305537801756271,0.752756772097226,0.984441671579563,0.97761304063276,"ENSG00000165646",1
"GO:2000463","positive regulation of excitatory postsynaptic potential","1/287","17/3645",0.0588235294117647,0.747079319532691,-0.305537801756271,0.752756772097226,0.984441671579563,0.97761304063276,"ENSG00000169252",1
"GO:1901888","regulation of cell junction assembly","6/287","93/3645",0.0645161290322581,0.819377318197145,-0.515783053050049,0.753050922046376,0.984441671579563,0.97761304063276,"ENSG00000185070/ENSG00000172260/ENSG00000173114/ENSG00000121871/ENSG00000158258/ENSG00000184564",6
"GO:0006396","RNA processing","3/287","49/3645",0.0612244897959184,0.777572352983005,-0.458212310289475,0.75421064427296,0.984441671579563,0.97761304063276,"ENSG00000250305/ENSG00000279192/ENSG00000112183",3
"GO:0044843","cell cycle G1/S phase transition","3/287","49/3645",0.0612244897959184,0.777572352983005,-0.458212310289475,0.75421064427296,0.984441671579563,0.97761304063276,"ENSG00000169184/ENSG00000073282/ENSG00000070193",3
"GO:0050680","negative regulation of epithelial cell proliferation","3/287","49/3645",0.0612244897959184,0.777572352983005,-0.458212310289475,0.75421064427296,0.984441671579563,0.97761304063276,"ENSG00000064300/ENSG00000169083/ENSG00000069702",3
"GO:1903531","negative regulation of secretion by cell","3/287","49/3645",0.0612244897959184,0.777572352983005,-0.458212310289475,0.75421064427296,0.984441671579563,0.97761304063276,"ENSG00000183044/ENSG00000150594/ENSG00000181092",3
"GO:0071219","cellular response to molecule of bacterial origin","4/287","64/3645",0.0625,0.793771777003484,-0.486548023556381,0.754406433360331,0.984441671579563,0.97761304063276,"ENSG00000168329/ENSG00000100448/ENSG00000103257/ENSG00000134240",4
"GO:0008104","intracellular protein localization","33/287","461/3645",0.0715835140997831,0.909135571058221,-0.610165462320872,0.755778584768882,0.984441671579563,0.97761304063276,"ENSG00000119681/ENSG00000166086/ENSG00000184985/ENSG00000017427/ENSG00000166147/ENSG00000082175/ENSG00000164220/ENSG00000079337/ENSG00000183044/ENSG00000277494/ENSG00000150594/ENSG00000109906/ENSG00000186868/ENSG00000064300/ENSG00000121871/ENSG00000128564/ENSG00000197769/ENSG00000169083/ENSG00000173210/ENSG00000004838/ENSG00000178568/ENSG00000091831/ENSG00000170011/ENSG00000137033/ENSG00000070193/ENSG00000181092/ENSG00000126562/ENSG00000184811/ENSG00000008196/ENSG00000166510/ENSG00000050438/ENSG00000106688/ENSG00000147041",33
"GO:0030163","protein catabolic process","9/287","136/3645",0.0661764705882353,0.840464234474278,-0.554275416930275,0.75664771038278,0.984441671579563,0.97761304063276,"ENSG00000143387/ENSG00000150594/ENSG00000162543/ENSG00000162722/ENSG00000092009/ENSG00000119147/ENSG00000137033/ENSG00000157150/ENSG00000172425",9
"GO:0002521","leukocyte differentiation","11/287","164/3645",0.0670731707317073,0.851852638735447,-0.567483997588871,0.757105892469995,0.984441671579563,0.97761304063276,"ENSG00000166147/ENSG00000074047/ENSG00000115602/ENSG00000179388/ENSG00000120738/ENSG00000078596/ENSG00000109906/ENSG00000170345/ENSG00000243649/ENSG00000137033/ENSG00000181092",11
"GO:0030003","intracellular monoatomic cation homeostasis","11/287","164/3645",0.0670731707317073,0.851852638735447,-0.567483997588871,0.757105892469995,0.984441671579563,0.97761304063276,"ENSG00000107562/ENSG00000135914/ENSG00000155886/ENSG00000071967/ENSG00000276409/ENSG00000115896/ENSG00000113739/ENSG00000050438/ENSG00000110169/ENSG00000106688/ENSG00000124205",11
"GO:0006887","exocytosis","8/287","122/3645",0.0655737704918033,0.832809733249557,-0.549065771767038,0.757390987720573,0.984441671579563,0.97761304063276,"ENSG00000179639/ENSG00000165646/ENSG00000150594/ENSG00000170743/ENSG00000103528/ENSG00000184811/ENSG00000050438/ENSG00000147041",8
"GO:0045787","positive regulation of cell cycle","5/287","79/3645",0.0632911392405063,0.803819521016187,-0.51530986119706,0.757591973352082,0.984441671579563,0.97761304063276,"ENSG00000017427/ENSG00000167244/ENSG00000073282/ENSG00000070193/ENSG00000124205",5
"GO:0001658","branching involved in ureteric bud morphogenesis","2/287","34/3645",0.0588235294117647,0.747079319532691,-0.43311162686909,0.761112450559665,0.984441671579563,0.97761304063276,"ENSG00000145536/ENSG00000141449",2
"GO:0002244","hematopoietic progenitor cell differentiation","2/287","34/3645",0.0588235294117647,0.747079319532691,-0.43311162686909,0.761112450559665,0.984441671579563,0.97761304063276,"ENSG00000166086/ENSG00000166428",2
"GO:0006720","isoprenoid metabolic process","2/287","34/3645",0.0588235294117647,0.747079319532691,-0.43311162686909,0.761112450559665,0.984441671579563,0.97761304063276,"ENSG00000196616/ENSG00000134240",2
"GO:0006721","terpenoid metabolic process","2/287","34/3645",0.0588235294117647,0.747079319532691,-0.43311162686909,0.761112450559665,0.984441671579563,0.97761304063276,"ENSG00000196616/ENSG00000134240",2
"GO:0007173","epidermal growth factor receptor signaling pathway","2/287","34/3645",0.0588235294117647,0.747079319532691,-0.43311162686909,0.761112450559665,0.984441671579563,0.97761304063276,"ENSG00000150594/ENSG00000178568",2
"GO:0007492","endoderm development","2/287","34/3645",0.0588235294117647,0.747079319532691,-0.43311162686909,0.761112450559665,0.984441671579563,0.97761304063276,"ENSG00000120129/ENSG00000120875",2
"GO:0010717","regulation of epithelial to mesenchymal transition","2/287","34/3645",0.0588235294117647,0.747079319532691,-0.43311162686909,0.761112450559665,0.984441671579563,0.97761304063276,"ENSG00000168477/ENSG00000171236",2
"GO:0060021","roof of mouth development","2/287","34/3645",0.0588235294117647,0.747079319532691,-0.43311162686909,0.761112450559665,0.984441671579563,0.97761304063276,"ENSG00000173068/ENSG00000069702",2
"GO:0070509","calcium ion import","2/287","34/3645",0.0588235294117647,0.747079319532691,-0.43311162686909,0.761112450559665,0.984441671579563,0.97761304063276,"ENSG00000107562/ENSG00000155886",2
"GO:0090263","positive regulation of canonical Wnt signaling pathway","2/287","34/3645",0.0588235294117647,0.747079319532691,-0.43311162686909,0.761112450559665,0.984441671579563,0.97761304063276,"ENSG00000106483/ENSG00000070193",2
"GO:0099072","regulation of postsynaptic membrane neurotransmitter receptor levels","2/287","34/3645",0.0588235294117647,0.747079319532691,-0.43311162686909,0.761112450559665,0.984441671579563,0.97761304063276,"ENSG00000178568/ENSG00000103528",2
"GO:1901292","nucleoside phosphate catabolic process","2/287","34/3645",0.0588235294117647,0.747079319532691,-0.43311162686909,0.761112450559665,0.984441671579563,0.97761304063276,"ENSG00000017427/ENSG00000167588",2
"GO:2001242","regulation of intrinsic apoptotic signaling pathway","2/287","34/3645",0.0588235294117647,0.747079319532691,-0.43311162686909,0.761112450559665,0.984441671579563,0.97761304063276,"ENSG00000107562/ENSG00000112981",2
"GO:1902105","regulation of leukocyte differentiation","6/287","94/3645",0.0638297872340425,0.810660538216324,-0.543650154165915,0.762204959962353,0.984441671579563,0.97761304063276,"ENSG00000166147/ENSG00000074047/ENSG00000179388/ENSG00000109906/ENSG00000170345/ENSG00000181092",6
"GO:1903039","positive regulation of leukocyte cell-cell adhesion","6/287","94/3645",0.0638297872340425,0.810660538216324,-0.543650154165915,0.762204959962353,0.984441671579563,0.97761304063276,"ENSG00000017427/ENSG00000074047/ENSG00000179388/ENSG00000167244/ENSG00000109906/ENSG00000174175",6
"GO:0016049","cell growth","9/287","137/3645",0.0656934306569343,0.834329459040159,-0.577784075830403,0.764280882295259,0.984441671579563,0.97761304063276,"ENSG00000187955/ENSG00000145147/ENSG00000107562/ENSG00000017427/ENSG00000186868/ENSG00000103528/ENSG00000144891/ENSG00000164530/ENSG00000124205",9
"GO:0048565","digestive tract development","4/287","65/3645",0.0615384615384615,0.781559903511123,-0.519442298165059,0.765219448766996,0.984441671579563,0.97761304063276,"ENSG00000074047/ENSG00000073282/ENSG00000070193/ENSG00000134240",4
"GO:0071216","cellular response to biotic stimulus","4/287","65/3645",0.0615384615384615,0.781559903511123,-0.519442298165059,0.765219448766996,0.984441671579563,0.97761304063276,"ENSG00000168329/ENSG00000100448/ENSG00000103257/ENSG00000134240",4
"GO:0051592","response to calcium ion","3/287","50/3645",0.06,0.762020905923345,-0.495295233301582,0.766416846777262,0.984441671579563,0.97761304063276,"ENSG00000120129/ENSG00000170345/ENSG00000125740",3
"GO:0098739","import across plasma membrane","5/287","80/3645",0.0625,0.793771777003484,-0.545196567164552,0.767340939298364,0.984441671579563,0.97761304063276,"ENSG00000155886/ENSG00000139209/ENSG00000103257/ENSG00000003989/ENSG00000106688",5
"GO:1903706","regulation of hemopoiesis","7/287","109/3645",0.0642201834862385,0.815618706645782,-0.571299395401835,0.767532630492878,0.984441671579563,0.97761304063276,"ENSG00000166147/ENSG00000074047/ENSG00000179388/ENSG00000109906/ENSG00000170345/ENSG00000090534/ENSG00000181092",7
"GO:0030036","actin cytoskeleton organization","12/287","180/3645",0.0666666666666667,0.846689895470383,-0.616659177678185,0.771343426713153,0.984441671579563,0.97761304063276,"ENSG00000145147/ENSG00000107562/ENSG00000143341/ENSG00000166086/ENSG00000154330/ENSG00000079337/ENSG00000049540/ENSG00000006128/ENSG00000168477/ENSG00000150594/ENSG00000145703/ENSG00000070193",12
"GO:0012501","programmed cell death","34/287","478/3645",0.0711297071129707,0.903372064204802,-0.662494695519205,0.772000492617049,0.984441671579563,0.97761304063276,"ENSG00000131016/ENSG00000145147/ENSG00000107562/ENSG00000019991/ENSG00000017427/ENSG00000135914/ENSG00000168329/ENSG00000179388/ENSG00000106483/ENSG00000277586/ENSG00000134121/ENSG00000173376/ENSG00000131080/ENSG00000120738/ENSG00000073282/ENSG00000109906/ENSG00000102010/ENSG00000103257/ENSG00000064300/ENSG00000120129/ENSG00000169083/ENSG00000112981/ENSG00000178568/ENSG00000112319/ENSG00000091831/ENSG00000137033/ENSG00000070193/ENSG00000181092/ENSG00000176194/ENSG00000133256/ENSG00000008196/ENSG00000106688/ENSG00000145777/ENSG00000187288",34
"GO:0002260","lymphocyte homeostasis","1/287","18/3645",0.0555555555555556,0.705574912891986,-0.366038758429598,0.772315428769799,0.984441671579563,0.97761304063276,"ENSG00000175857",1
"GO:0002792","negative regulation of peptide secretion","1/287","18/3645",0.0555555555555556,0.705574912891986,-0.366038758429598,0.772315428769799,0.984441671579563,0.97761304063276,"ENSG00000150594",1
"GO:0003338","metanephros morphogenesis","1/287","18/3645",0.0555555555555556,0.705574912891986,-0.366038758429598,0.772315428769799,0.984441671579563,0.97761304063276,"ENSG00000070193",1
"GO:0006687","glycosphingolipid metabolic process","1/287","18/3645",0.0555555555555556,0.705574912891986,-0.366038758429598,0.772315428769799,0.984441671579563,0.97761304063276,"ENSG00000148488",1
"GO:0007566","embryo implantation","1/287","18/3645",0.0555555555555556,0.705574912891986,-0.366038758429598,0.772315428769799,0.984441671579563,0.97761304063276,"ENSG00000113739",1
"GO:0008542","visual learning","1/287","18/3645",0.0555555555555556,0.705574912891986,-0.366038758429598,0.772315428769799,0.984441671579563,0.97761304063276,"ENSG00000172425",1
"GO:0008652","amino acid biosynthetic process","1/287","18/3645",0.0555555555555556,0.705574912891986,-0.366038758429598,0.772315428769799,0.984441671579563,0.97761304063276,"ENSG00000183044",1
"GO:0009072","aromatic amino acid metabolic process","1/287","18/3645",0.0555555555555556,0.705574912891986,-0.366038758429598,0.772315428769799,0.984441671579563,0.97761304063276,"ENSG00000172425",1
"GO:0019228","neuronal action potential","1/287","18/3645",0.0555555555555556,0.705574912891986,-0.366038758429598,0.772315428769799,0.984441671579563,0.97761304063276,"ENSG00000177098",1
"GO:0019934","cGMP-mediated signaling","1/287","18/3645",0.0555555555555556,0.705574912891986,-0.366038758429598,0.772315428769799,0.984441671579563,0.97761304063276,"ENSG00000135914",1
"GO:0031629","synaptic vesicle fusion to presynaptic active zone membrane","1/287","18/3645",0.0555555555555556,0.705574912891986,-0.366038758429598,0.772315428769799,0.984441671579563,0.97761304063276,"ENSG00000170743",1
"GO:0032272","negative regulation of protein polymerization","1/287","18/3645",0.0555555555555556,0.705574912891986,-0.366038758429598,0.772315428769799,0.984441671579563,0.97761304063276,"ENSG00000145147",1
"GO:0034332","adherens junction organization","1/287","18/3645",0.0555555555555556,0.705574912891986,-0.366038758429598,0.772315428769799,0.984441671579563,0.97761304063276,"ENSG00000166086",1
"GO:0042119","neutrophil activation","1/287","18/3645",0.0555555555555556,0.705574912891986,-0.366038758429598,0.772315428769799,0.984441671579563,0.97761304063276,"ENSG00000100448",1
"GO:0046189","phenol-containing compound biosynthetic process","1/287","18/3645",0.0555555555555556,0.705574912891986,-0.366038758429598,0.772315428769799,0.984441671579563,0.97761304063276,"ENSG00000133116",1
"GO:0046638","positive regulation of alpha-beta T cell differentiation","1/287","18/3645",0.0555555555555556,0.705574912891986,-0.366038758429598,0.772315428769799,0.984441671579563,0.97761304063276,"ENSG00000109906",1
"GO:0046847","filopodium assembly","1/287","18/3645",0.0555555555555556,0.705574912891986,-0.366038758429598,0.772315428769799,0.984441671579563,0.97761304063276,"ENSG00000145934",1
"GO:0048499","synaptic vesicle membrane organization","1/287","18/3645",0.0555555555555556,0.705574912891986,-0.366038758429598,0.772315428769799,0.984441671579563,0.97761304063276,"ENSG00000170743",1
"GO:0050684","regulation of mRNA processing","1/287","18/3645",0.0555555555555556,0.705574912891986,-0.366038758429598,0.772315428769799,0.984441671579563,0.97761304063276,"ENSG00000112183",1
"GO:0060324","face development","1/287","18/3645",0.0555555555555556,0.705574912891986,-0.366038758429598,0.772315428769799,0.984441671579563,0.97761304063276,"ENSG00000103196",1
"GO:0060441","epithelial tube branching involved in lung morphogenesis","1/287","18/3645",0.0555555555555556,0.705574912891986,-0.366038758429598,0.772315428769799,0.984441671579563,0.97761304063276,"ENSG00000070193",1
"GO:0062237","protein localization to postsynapse","1/287","18/3645",0.0555555555555556,0.705574912891986,-0.366038758429598,0.772315428769799,0.984441671579563,0.97761304063276,"ENSG00000178568",1
"GO:0086019","cell-cell signaling involved in cardiac conduction","1/287","18/3645",0.0555555555555556,0.705574912891986,-0.366038758429598,0.772315428769799,0.984441671579563,0.97761304063276,"ENSG00000177098",1
"GO:0090278","negative regulation of peptide hormone secretion","1/287","18/3645",0.0555555555555556,0.705574912891986,-0.366038758429598,0.772315428769799,0.984441671579563,0.97761304063276,"ENSG00000150594",1
"GO:0097106","postsynaptic density organization","1/287","18/3645",0.0555555555555556,0.705574912891986,-0.366038758429598,0.772315428769799,0.984441671579563,0.97761304063276,"ENSG00000121871",1
"GO:1901184","regulation of ERBB signaling pathway","1/287","18/3645",0.0555555555555556,0.705574912891986,-0.366038758429598,0.772315428769799,0.984441671579563,0.97761304063276,"ENSG00000150594",1
"GO:1901875","positive regulation of post-translational protein modification","1/287","18/3645",0.0555555555555556,0.705574912891986,-0.366038758429598,0.772315428769799,0.984441671579563,0.97761304063276,"ENSG00000120738",1
"GO:1902369","negative regulation of RNA catabolic process","1/287","18/3645",0.0555555555555556,0.705574912891986,-0.366038758429598,0.772315428769799,0.984441671579563,0.97761304063276,"ENSG00000112183",1
"GO:1902600","proton transmembrane transport","1/287","18/3645",0.0555555555555556,0.705574912891986,-0.366038758429598,0.772315428769799,0.984441671579563,0.97761304063276,"ENSG00000165646",1
"GO:1903539","protein localization to postsynaptic membrane","1/287","18/3645",0.0555555555555556,0.705574912891986,-0.366038758429598,0.772315428769799,0.984441671579563,0.97761304063276,"ENSG00000178568",1
"GO:1905953","negative regulation of lipid localization","1/287","18/3645",0.0555555555555556,0.705574912891986,-0.366038758429598,0.772315428769799,0.984441671579563,0.97761304063276,"ENSG00000181092",1
"GO:2000107","negative regulation of leukocyte apoptotic process","1/287","18/3645",0.0555555555555556,0.705574912891986,-0.366038758429598,0.772315428769799,0.984441671579563,0.97761304063276,"ENSG00000107562",1
"GO:2000736","regulation of stem cell differentiation","1/287","18/3645",0.0555555555555556,0.705574912891986,-0.366038758429598,0.772315428769799,0.984441671579563,0.97761304063276,"ENSG00000112183",1
"GO:0032102","negative regulation of response to external stimulus","8/287","124/3645",0.0645161290322581,0.819377318197145,-0.598191038884573,0.773211125431773,0.984441671579563,0.97761304063276,"ENSG00000145147/ENSG00000019991/ENSG00000017427/ENSG00000138722/ENSG00000134830/ENSG00000120129/ENSG00000137033/ENSG00000181092",8
"GO:0009799","specification of symmetry","2/287","35/3645",0.0571428571428571,0.725734196117471,-0.476586646802409,0.775224351930094,0.984441671579563,0.97761304063276,"ENSG00000180875/ENSG00000070193",2
"GO:0009855","determination of bilateral symmetry","2/287","35/3645",0.0571428571428571,0.725734196117471,-0.476586646802409,0.775224351930094,0.984441671579563,0.97761304063276,"ENSG00000180875/ENSG00000070193",2
"GO:0030258","lipid modification","2/287","35/3645",0.0571428571428571,0.725734196117471,-0.476586646802409,0.775224351930094,0.984441671579563,0.97761304063276,"ENSG00000181092/ENSG00000214456",2
"GO:0045333","cellular respiration","2/287","35/3645",0.0571428571428571,0.725734196117471,-0.476586646802409,0.775224351930094,0.984441671579563,0.97761304063276,"ENSG00000017427/ENSG00000167588",2
"GO:0045446","endothelial cell differentiation","2/287","35/3645",0.0571428571428571,0.725734196117471,-0.476586646802409,0.775224351930094,0.984441671579563,0.97761304063276,"ENSG00000079337/ENSG00000159307",2
"GO:0099003","vesicle-mediated transport in synapse","5/287","81/3645",0.0617283950617284,0.78397212543554,-0.574742405255502,0.776791254556839,0.984441671579563,0.97761304063276,"ENSG00000165646/ENSG00000170743/ENSG00000078053/ENSG00000103528/ENSG00000050438",5
"GO:0001657","ureteric bud development","3/287","51/3645",0.0588235294117647,0.747079319532691,-0.53170430894762,0.778127189988824,0.984441671579563,0.97761304063276,"ENSG00000145147/ENSG00000145536/ENSG00000141449",3
"GO:0072163","mesonephric epithelium development","3/287","51/3645",0.0588235294117647,0.747079319532691,-0.53170430894762,0.778127189988824,0.984441671579563,0.97761304063276,"ENSG00000145147/ENSG00000145536/ENSG00000141449",3
"GO:0072164","mesonephric tubule development","3/287","51/3645",0.0588235294117647,0.747079319532691,-0.53170430894762,0.778127189988824,0.984441671579563,0.97761304063276,"ENSG00000145147/ENSG00000145536/ENSG00000141449",3
"GO:0006793","phosphorus metabolic process","25/287","360/3645",0.0694444444444444,0.881968641114983,-0.689557929883525,0.783509197828497,0.984441671579563,0.97761304063276,"ENSG00000145147/ENSG00000017427/ENSG00000166147/ENSG00000135914/ENSG00000141338/ENSG00000156427/ENSG00000196090/ENSG00000113296/ENSG00000100448/ENSG00000115896/ENSG00000102010/ENSG00000120129/ENSG00000154027/ENSG00000112981/ENSG00000178568/ENSG00000090534/ENSG00000070193/ENSG00000167588/ENSG00000181092/ENSG00000126562/ENSG00000120875/ENSG00000168004/ENSG00000197977/ENSG00000133321/ENSG00000134240",25
"GO:0006796","phosphate-containing compound metabolic process","25/287","360/3645",0.0694444444444444,0.881968641114983,-0.689557929883525,0.783509197828497,0.984441671579563,0.97761304063276,"ENSG00000145147/ENSG00000017427/ENSG00000166147/ENSG00000135914/ENSG00000141338/ENSG00000156427/ENSG00000196090/ENSG00000113296/ENSG00000100448/ENSG00000115896/ENSG00000102010/ENSG00000120129/ENSG00000154027/ENSG00000112981/ENSG00000178568/ENSG00000090534/ENSG00000070193/ENSG00000167588/ENSG00000181092/ENSG00000126562/ENSG00000120875/ENSG00000168004/ENSG00000197977/ENSG00000133321/ENSG00000134240",25
"GO:0006812","monoatomic cation transport","23/287","333/3645",0.0690690690690691,0.877201243054902,-0.687164491838928,0.783759622153644,0.984441671579563,0.97761304063276,"ENSG00000149575/ENSG00000107562/ENSG00000136546/ENSG00000177098/ENSG00000135914/ENSG00000155886/ENSG00000071967/ENSG00000165646/ENSG00000169507/ENSG00000150594/ENSG00000115896/ENSG00000153253/ENSG00000169252/ENSG00000139209/ENSG00000152049/ENSG00000113739/ENSG00000171385/ENSG00000126562/ENSG00000124249/ENSG00000050438/ENSG00000110169/ENSG00000106688/ENSG00000124205",23
"GO:0071396","cellular response to lipid","12/287","182/3645",0.0659340659340659,0.837385610904775,-0.657897455586646,0.784172816031614,0.984441671579563,0.97761304063276,"ENSG00000017427/ENSG00000168329/ENSG00000082175/ENSG00000169184/ENSG00000100448/ENSG00000073282/ENSG00000103257/ENSG00000170345/ENSG00000169083/ENSG00000183888/ENSG00000091831/ENSG00000134240",12
"GO:0002694","regulation of leukocyte activation","11/287","168/3645",0.0654761904761905,0.831570433051269,-0.653371842257541,0.784287727031988,0.984441671579563,0.97761304063276,"ENSG00000017427/ENSG00000074047/ENSG00000115602/ENSG00000179388/ENSG00000167244/ENSG00000006128/ENSG00000100448/ENSG00000109906/ENSG00000137033/ENSG00000070193/ENSG00000145777",11
"GO:0070647","protein modification by small protein conjugation or removal","5/287","82/3645",0.0609756097560976,0.774411489759497,-0.603956664365832,0.785945898794831,0.984441671579563,0.97761304063276,"ENSG00000111665/ENSG00000120738/ENSG00000109906/ENSG00000162722/ENSG00000172425",5
"GO:0010564","regulation of cell cycle process","9/287","140/3645",0.0642857142857143,0.816450970632155,-0.647383886511893,0.786167453764137,0.984441671579563,0.97761304063276,"ENSG00000017427/ENSG00000169515/ENSG00000167244/ENSG00000169184/ENSG00000073282/ENSG00000120129/ENSG00000070193/ENSG00000276644/ENSG00000124205",9
"GO:0051301","cell division","9/287","140/3645",0.0642857142857143,0.816450970632155,-0.647383886511893,0.786167453764137,0.984441671579563,0.97761304063276,"ENSG00000170962/ENSG00000143341/ENSG00000135914/ENSG00000111665/ENSG00000167244/ENSG00000113296/ENSG00000073282/ENSG00000109906/ENSG00000145703",9
"GO:0009056","catabolic process","30/287","428/3645",0.0700934579439252,0.890211338695496,-0.706713895032297,0.78670293500527,0.984441671579563,0.97761304063276,"ENSG00000019991/ENSG00000017427/ENSG00000198932/ENSG00000143387/ENSG00000183044/ENSG00000277494/ENSG00000150594/ENSG00000162543/ENSG00000169252/ENSG00000186868/ENSG00000103257/ENSG00000162722/ENSG00000092009/ENSG00000197769/ENSG00000119147/ENSG00000112981/ENSG00000072657/ENSG00000166819/ENSG00000182836/ENSG00000137033/ENSG00000167588/ENSG00000181092/ENSG00000176194/ENSG00000186204/ENSG00000157150/ENSG00000214456/ENSG00000172425/ENSG00000133321/ENSG00000187288/ENSG00000112183",30
"GO:1990778","protein localization to cell periphery","6/287","97/3645",0.0618556701030928,0.785588562807572,-0.625650500122704,0.788168774616195,0.984441671579563,0.97761304063276,"ENSG00000169083/ENSG00000178568/ENSG00000181092/ENSG00000126562/ENSG00000184811/ENSG00000106688",6
"GO:1903037","regulation of leukocyte cell-cell adhesion","8/287","126/3645",0.0634920634920635,0.806371329019413,-0.646599091889898,0.788276512887229,0.984441671579563,0.97761304063276,"ENSG00000107562/ENSG00000017427/ENSG00000074047/ENSG00000179388/ENSG00000167244/ENSG00000100448/ENSG00000109906/ENSG00000174175",8
"GO:0019226","transmission of nerve impulse","2/287","36/3645",0.0555555555555556,0.705574912891986,-0.51894628606043,0.788604444173729,0.984441671579563,0.97761304063276,"ENSG00000166086/ENSG00000177098",2
"GO:0021761","limbic system development","2/287","36/3645",0.0555555555555556,0.705574912891986,-0.51894628606043,0.788604444173729,0.984441671579563,0.97761304063276,"ENSG00000277586/ENSG00000173376",2
"GO:0030041","actin filament polymerization","2/287","36/3645",0.0555555555555556,0.705574912891986,-0.51894628606043,0.788604444173729,0.984441671579563,0.97761304063276,"ENSG00000145147/ENSG00000049540",2
"GO:0034113","heterotypic cell-cell adhesion","2/287","36/3645",0.0555555555555556,0.705574912891986,-0.51894628606043,0.788604444173729,0.984441671579563,0.97761304063276,"ENSG00000166086/ENSG00000181092",2
"GO:0045103","intermediate filament-based process","2/287","36/3645",0.0555555555555556,0.705574912891986,-0.51894628606043,0.788604444173729,0.984441671579563,0.97761304063276,"ENSG00000277586/ENSG00000104722",2
"GO:0045104","intermediate filament cytoskeleton organization","2/287","36/3645",0.0555555555555556,0.705574912891986,-0.51894628606043,0.788604444173729,0.984441671579563,0.97761304063276,"ENSG00000277586/ENSG00000104722",2
"GO:2001235","positive regulation of apoptotic signaling pathway","2/287","36/3645",0.0555555555555556,0.705574912891986,-0.51894628606043,0.788604444173729,0.984441671579563,0.97761304063276,"ENSG00000073282/ENSG00000064300",2
"GO:0000281","mitotic cytokinesis","1/287","19/3645",0.0526315789473684,0.668439391160829,-0.423560659323648,0.790331825776435,0.984441671579563,0.97761304063276,"ENSG00000145703",1
"GO:0001709","cell fate determination","1/287","19/3645",0.0526315789473684,0.668439391160829,-0.423560659323648,0.790331825776435,0.984441671579563,0.97761304063276,"ENSG00000168477",1
"GO:0002011","morphogenesis of an epithelial sheet","1/287","19/3645",0.0526315789473684,0.668439391160829,-0.423560659323648,0.790331825776435,0.984441671579563,0.97761304063276,"ENSG00000171236",1
"GO:0002701","negative regulation of production of molecular mediator of immune response","1/287","19/3645",0.0526315789473684,0.668439391160829,-0.423560659323648,0.790331825776435,0.984441671579563,0.97761304063276,"ENSG00000137033",1
"GO:0006885","regulation of pH","1/287","19/3645",0.0526315789473684,0.668439391160829,-0.423560659323648,0.790331825776435,0.984441671579563,0.97761304063276,"ENSG00000050438",1
"GO:0007033","vacuole organization","1/287","19/3645",0.0526315789473684,0.668439391160829,-0.423560659323648,0.790331825776435,0.984441671579563,0.97761304063276,"ENSG00000197769",1
"GO:0007616","long-term memory","1/287","19/3645",0.0526315789473684,0.668439391160829,-0.423560659323648,0.790331825776435,0.984441671579563,0.97761304063276,"ENSG00000006128",1
"GO:0009994","oocyte differentiation","1/287","19/3645",0.0526315789473684,0.668439391160829,-0.423560659323648,0.790331825776435,0.984441671579563,0.97761304063276,"ENSG00000017427",1
"GO:0010996","response to auditory stimulus","1/287","19/3645",0.0526315789473684,0.668439391160829,-0.423560659323648,0.790331825776435,0.984441671579563,0.97761304063276,"ENSG00000184564",1
"GO:0015931","nucleobase-containing compound transport","1/287","19/3645",0.0526315789473684,0.668439391160829,-0.423560659323648,0.790331825776435,0.984441671579563,0.97761304063276,"ENSG00000072858",1
"GO:0035590","purinergic nucleotide receptor signaling pathway","1/287","19/3645",0.0526315789473684,0.668439391160829,-0.423560659323648,0.790331825776435,0.984441671579563,0.97761304063276,"ENSG00000100448",1
"GO:0042403","thyroid hormone metabolic process","1/287","19/3645",0.0526315789473684,0.668439391160829,-0.423560659323648,0.790331825776435,0.984441671579563,0.97761304063276,"ENSG00000143387",1
"GO:0061178","regulation of insulin secretion involved in cellular response to glucose stimulus","1/287","19/3645",0.0526315789473684,0.668439391160829,-0.423560659323648,0.790331825776435,0.984441671579563,0.97761304063276,"ENSG00000150594",1
"GO:0061436","establishment of skin barrier","1/287","19/3645",0.0526315789473684,0.668439391160829,-0.423560659323648,0.790331825776435,0.984441671579563,0.97761304063276,"ENSG00000073282",1
"GO:0070613","regulation of protein processing","1/287","19/3645",0.0526315789473684,0.668439391160829,-0.423560659323648,0.790331825776435,0.984441671579563,0.97761304063276,"ENSG00000262655",1
"GO:0170041","non-proteinogenic amino acid metabolic process","1/287","19/3645",0.0526315789473684,0.668439391160829,-0.423560659323648,0.790331825776435,0.984441671579563,0.97761304063276,"ENSG00000183044",1
"GO:1905521","regulation of macrophage migration","1/287","19/3645",0.0526315789473684,0.668439391160829,-0.423560659323648,0.790331825776435,0.984441671579563,0.97761304063276,"ENSG00000168329",1
"GO:0002683","negative regulation of immune system process","10/287","155/3645",0.0645161290322581,0.819377318197145,-0.671761652338134,0.791596884482484,0.984441671579563,0.97761304063276,"ENSG00000145147/ENSG00000107562/ENSG00000166147/ENSG00000168329/ENSG00000115602/ENSG00000100448/ENSG00000134830/ENSG00000120129/ENSG00000137033/ENSG00000181092",10
"GO:0043412","macromolecule modification","23/287","335/3645",0.0686567164179104,0.871964220708305,-0.718835542407979,0.793239419061827,0.984441671579563,0.97761304063276,"ENSG00000145147/ENSG00000017427/ENSG00000166147/ENSG00000124491/ENSG00000111665/ENSG00000156427/ENSG00000148488/ENSG00000196090/ENSG00000120738/ENSG00000113296/ENSG00000100448/ENSG00000250305/ENSG00000109906/ENSG00000102010/ENSG00000186868/ENSG00000120129/ENSG00000162722/ENSG00000178568/ENSG00000090534/ENSG00000070193/ENSG00000181092/ENSG00000126562/ENSG00000172425",23
"GO:0060341","regulation of cellular localization","8/287","127/3645",0.062992125984252,0.800021948475953,-0.670542118281408,0.79552834983664,0.984441671579563,0.97761304063276,"ENSG00000079337/ENSG00000150594/ENSG00000162722/ENSG00000169083/ENSG00000115255/ENSG00000181092/ENSG00000126562/ENSG00000106688",8
"GO:0030155","regulation of cell adhesion","19/287","281/3645",0.0676156583629893,0.858742420672809,-0.720487934948379,0.796112279442568,0.984441671579563,0.97761304063276,"ENSG00000196569/ENSG00000106823/ENSG00000107562/ENSG00000166086/ENSG00000017427/ENSG00000091986/ENSG00000074047/ENSG00000179388/ENSG00000138722/ENSG00000167244/ENSG00000154175/ENSG00000168477/ENSG00000173376/ENSG00000090539/ENSG00000100448/ENSG00000109906/ENSG00000120129/ENSG00000174175/ENSG00000181092",19
"GO:0043068","positive regulation of programmed cell death","9/287","142/3645",0.0633802816901408,0.804951661186632,-0.693036560496314,0.79991967369265,0.984441671579563,0.97761304063276,"ENSG00000131016/ENSG00000145147/ENSG00000106483/ENSG00000073282/ENSG00000109906/ENSG00000064300/ENSG00000120129/ENSG00000181092/ENSG00000008196",9
"GO:0036211","protein modification process","22/287","323/3645",0.0681114551083591,0.865039212090484,-0.742675057892257,0.80074822726191,0.984441671579563,0.97761304063276,"ENSG00000145147/ENSG00000017427/ENSG00000166147/ENSG00000124491/ENSG00000111665/ENSG00000156427/ENSG00000148488/ENSG00000196090/ENSG00000120738/ENSG00000113296/ENSG00000100448/ENSG00000109906/ENSG00000102010/ENSG00000186868/ENSG00000120129/ENSG00000162722/ENSG00000178568/ENSG00000090534/ENSG00000070193/ENSG00000181092/ENSG00000126562/ENSG00000172425",22
"GO:0006913","nucleocytoplasmic transport","2/287","37/3645",0.0540540540540541,0.686505320651662,-0.560257344619817,0.801280019982162,0.984441671579563,0.97761304063276,"ENSG00000079337/ENSG00000137033",2
"GO:0051169","nuclear transport","2/287","37/3645",0.0540540540540541,0.686505320651662,-0.560257344619817,0.801280019982162,0.984441671579563,0.97761304063276,"ENSG00000079337/ENSG00000137033",2
"GO:0060675","ureteric bud morphogenesis","2/287","37/3645",0.0540540540540541,0.686505320651662,-0.560257344619817,0.801280019982162,0.984441671579563,0.97761304063276,"ENSG00000145536/ENSG00000141449",2
"GO:0060840","artery development","2/287","37/3645",0.0540540540540541,0.686505320651662,-0.560257344619817,0.801280019982162,0.984441671579563,0.97761304063276,"ENSG00000064300/ENSG00000008196",2
"GO:0061387","regulation of extent of cell growth","2/287","37/3645",0.0540540540540541,0.686505320651662,-0.560257344619817,0.801280019982162,0.984441671579563,0.97761304063276,"ENSG00000107562/ENSG00000186868",2
"GO:0050870","positive regulation of T cell activation","5/287","84/3645",0.0595238095238095,0.755973120955699,-0.661425765160075,0.803382266302473,0.984441671579563,0.97761304063276,"ENSG00000017427/ENSG00000074047/ENSG00000179388/ENSG00000167244/ENSG00000109906",5
"GO:0070663","regulation of leukocyte proliferation","5/287","84/3645",0.0595238095238095,0.755973120955699,-0.661425765160075,0.803382266302473,0.984441671579563,0.97761304063276,"ENSG00000017427/ENSG00000167244/ENSG00000006128/ENSG00000137033/ENSG00000070193",5
"GO:0001701","in utero embryonic development","6/287","99/3645",0.0606060606060606,0.769718086791258,-0.679043892250313,0.804249257196981,0.984441671579563,0.97761304063276,"ENSG00000017427/ENSG00000169946/ENSG00000167244/ENSG00000148488/ENSG00000169083/ENSG00000039537",6
"GO:0006753","nucleoside phosphate metabolic process","6/287","99/3645",0.0606060606060606,0.769718086791258,-0.679043892250313,0.804249257196981,0.984441671579563,0.97761304063276,"ENSG00000017427/ENSG00000154027/ENSG00000112981/ENSG00000167588/ENSG00000197977/ENSG00000134240",6
"GO:0016567","protein ubiquitination","4/287","69/3645",0.0579710144927536,0.736252083017725,-0.646553720726612,0.804797478805682,0.984441671579563,0.97761304063276,"ENSG00000111665/ENSG00000109906/ENSG00000162722/ENSG00000172425",4
"GO:0031348","negative regulation of defense response","4/287","69/3645",0.0579710144927536,0.736252083017725,-0.646553720726612,0.804797478805682,0.984441671579563,0.97761304063276,"ENSG00000019991/ENSG00000017427/ENSG00000137033/ENSG00000181092",4
"GO:0006874","intracellular calcium ion homeostasis","7/287","114/3645",0.0614035087719298,0.7798459563543,-0.698103829246126,0.806454034309679,0.984441671579563,0.97761304063276,"ENSG00000107562/ENSG00000135914/ENSG00000155886/ENSG00000276409/ENSG00000115896/ENSG00000113739/ENSG00000124205",7
"GO:0002886","regulation of myeloid leukocyte mediated immunity","1/287","20/3645",0.05,0.635017421602787,-0.478434967903197,0.806927183195675,0.984441671579563,0.97761304063276,"ENSG00000168329",1
"GO:0007098","centrosome cycle","1/287","20/3645",0.05,0.635017421602787,-0.478434967903197,0.806927183195675,0.984441671579563,0.97761304063276,"ENSG00000198930",1
"GO:0007632","visual behavior","1/287","20/3645",0.05,0.635017421602787,-0.478434967903197,0.806927183195675,0.984441671579563,0.97761304063276,"ENSG00000172425",1
"GO:0031338","regulation of vesicle fusion","1/287","20/3645",0.05,0.635017421602787,-0.478434967903197,0.806927183195675,0.984441671579563,0.97761304063276,"ENSG00000170743",1
"GO:0032388","positive regulation of intracellular transport","1/287","20/3645",0.05,0.635017421602787,-0.478434967903197,0.806927183195675,0.984441671579563,0.97761304063276,"ENSG00000079337",1
"GO:0035115","embryonic forelimb morphogenesis","1/287","20/3645",0.05,0.635017421602787,-0.478434967903197,0.806927183195675,0.984441671579563,0.97761304063276,"ENSG00000073282",1
"GO:0043488","regulation of mRNA stability","1/287","20/3645",0.05,0.635017421602787,-0.478434967903197,0.806927183195675,0.984441671579563,0.97761304063276,"ENSG00000112183",1
"GO:0045668","negative regulation of osteoblast differentiation","1/287","20/3645",0.05,0.635017421602787,-0.478434967903197,0.806927183195675,0.984441671579563,0.97761304063276,"ENSG00000090539",1
"GO:0046456","icosanoid biosynthetic process","1/287","20/3645",0.05,0.635017421602787,-0.478434967903197,0.806927183195675,0.984441671579563,0.97761304063276,"ENSG00000163106",1
"GO:0046822","regulation of nucleocytoplasmic transport","1/287","20/3645",0.05,0.635017421602787,-0.478434967903197,0.806927183195675,0.984441671579563,0.97761304063276,"ENSG00000079337",1
"GO:0048193","Golgi vesicle transport","1/287","20/3645",0.05,0.635017421602787,-0.478434967903197,0.806927183195675,0.984441671579563,0.97761304063276,"ENSG00000108018",1
"GO:0048260","positive regulation of receptor-mediated endocytosis","1/287","20/3645",0.05,0.635017421602787,-0.478434967903197,0.806927183195675,0.984441671579563,0.97761304063276,"ENSG00000106483",1
"GO:0048488","synaptic vesicle endocytosis","1/287","20/3645",0.05,0.635017421602787,-0.478434967903197,0.806927183195675,0.984441671579563,0.97761304063276,"ENSG00000078053",1
"GO:0050810","regulation of steroid biosynthetic process","1/287","20/3645",0.05,0.635017421602787,-0.478434967903197,0.806927183195675,0.984441671579563,0.97761304063276,"ENSG00000120738",1
"GO:0050982","detection of mechanical stimulus","1/287","20/3645",0.05,0.635017421602787,-0.478434967903197,0.806927183195675,0.984441671579563,0.97761304063276,"ENSG00000107562",1
"GO:0099054","presynapse assembly","1/287","20/3645",0.05,0.635017421602787,-0.478434967903197,0.806927183195675,0.984441671579563,0.97761304063276,"ENSG00000121871",1
"GO:0140238","presynaptic endocytosis","1/287","20/3645",0.05,0.635017421602787,-0.478434967903197,0.806927183195675,0.984441671579563,0.97761304063276,"ENSG00000078053",1
"GO:1903312","negative regulation of mRNA metabolic process","1/287","20/3645",0.05,0.635017421602787,-0.478434967903197,0.806927183195675,0.984441671579563,0.97761304063276,"ENSG00000112183",1
"GO:1905332","positive regulation of morphogenesis of an epithelium","1/287","20/3645",0.05,0.635017421602787,-0.478434967903197,0.806927183195675,0.984441671579563,0.97761304063276,"ENSG00000169083",1
"GO:0007219","Notch signaling pathway","3/287","54/3645",0.0555555555555556,0.705574912891986,-0.63716773553846,0.810393484636804,0.984441671579563,0.97761304063276,"ENSG00000073282/ENSG00000070193/ENSG00000157150",3
"GO:0030326","embryonic limb morphogenesis","3/287","54/3645",0.0555555555555556,0.705574912891986,-0.63716773553846,0.810393484636804,0.984441671579563,0.97761304063276,"ENSG00000073282/ENSG00000109906/ENSG00000144218",3
"GO:0035113","embryonic appendage morphogenesis","3/287","54/3645",0.0555555555555556,0.705574912891986,-0.63716773553846,0.810393484636804,0.984441671579563,0.97761304063276,"ENSG00000073282/ENSG00000109906/ENSG00000144218",3
"GO:0006836","neurotransmitter transport","5/287","85/3645",0.0588235294117647,0.747079319532691,-0.689697405193126,0.811672004233931,0.984441671579563,0.97761304063276,"ENSG00000162383/ENSG00000165646/ENSG00000170743/ENSG00000050438/ENSG00000106688",5
"GO:0009913","epidermal cell differentiation","5/287","85/3645",0.0588235294117647,0.747079319532691,-0.689697405193126,0.811672004233931,0.984441671579563,0.97761304063276,"ENSG00000074047/ENSG00000106483/ENSG00000073282/ENSG00000184564/ENSG00000133321",5
"GO:0043687","post-translational protein modification","5/287","85/3645",0.0588235294117647,0.747079319532691,-0.689697405193126,0.811672004233931,0.984441671579563,0.97761304063276,"ENSG00000111665/ENSG00000120738/ENSG00000109906/ENSG00000162722/ENSG00000172425",5
"GO:0045087","innate immune response","15/287","229/3645",0.0655021834061135,0.831900552318062,-0.768094903156211,0.81308841695665,0.984441671579563,0.97761304063276,"ENSG00000168329/ENSG00000166428/ENSG00000179954/ENSG00000006128/ENSG00000112936/ENSG00000244731/ENSG00000162722/ENSG00000224389/ENSG00000039537/ENSG00000091831/ENSG00000243649/ENSG00000137033/ENSG00000169347/ENSG00000110169/ENSG00000169900",15
"GO:0007009","plasma membrane organization","2/287","38/3645",0.0526315789473684,0.668439391160829,-0.600580797396085,0.813278624327619,0.984441671579563,0.97761304063276,"ENSG00000168497/ENSG00000169083",2
"GO:0019233","sensory perception of pain","2/287","38/3645",0.0526315789473684,0.668439391160829,-0.600580797396085,0.813278624327619,0.984441671579563,0.97761304063276,"ENSG00000107562/ENSG00000006128",2
"GO:0072171","mesonephric tubule morphogenesis","2/287","38/3645",0.0526315789473684,0.668439391160829,-0.600580797396085,0.813278624327619,0.984441671579563,0.97761304063276,"ENSG00000145536/ENSG00000141449",2
"GO:1902106","negative regulation of leukocyte differentiation","2/287","38/3645",0.0526315789473684,0.668439391160829,-0.600580797396085,0.813278624327619,0.984441671579563,0.97761304063276,"ENSG00000166147/ENSG00000181092",2
"GO:2000177","regulation of neural precursor cell proliferation","2/287","38/3645",0.0526315789473684,0.668439391160829,-0.600580797396085,0.813278624327619,0.984441671579563,0.97761304063276,"ENSG00000017427/ENSG00000168329",2
"GO:0042391","regulation of membrane potential","12/287","187/3645",0.0641711229946524,0.81499562130839,-0.759241787261717,0.814009426056774,0.984441671579563,0.97761304063276,"ENSG00000149575/ENSG00000136546/ENSG00000177098/ENSG00000162383/ENSG00000183044/ENSG00000006128/ENSG00000153253/ENSG00000169252/ENSG00000186868/ENSG00000152049/ENSG00000171385/ENSG00000050438",12
"GO:0009790","embryo development","23/287","340/3645",0.0676470588235294,0.859141217462595,-0.797310426851741,0.815698266653723,0.984441671579563,0.97761304063276,"ENSG00000196569/ENSG00000017427/ENSG00000166147/ENSG00000135914/ENSG00000169946/ENSG00000074047/ENSG00000167244/ENSG00000131831/ENSG00000148488/ENSG00000180875/ENSG00000090539/ENSG00000073282/ENSG00000109906/ENSG00000120129/ENSG00000169083/ENSG00000178568/ENSG00000039537/ENSG00000141449/ENSG00000070193/ENSG00000181092/ENSG00000120875/ENSG00000184564/ENSG00000144218",23
"GO:0060284","regulation of cell development","16/287","244/3645",0.0655737704918033,0.832809733249557,-0.790300714371584,0.818368392853397,0.984441671579563,0.97761304063276,"ENSG00000145147/ENSG00000107562/ENSG00000017427/ENSG00000166147/ENSG00000168329/ENSG00000074047/ENSG00000179388/ENSG00000277586/ENSG00000172260/ENSG00000109906/ENSG00000186868/ENSG00000103257/ENSG00000162722/ENSG00000170345/ENSG00000090534/ENSG00000181092",16
"GO:0019637","organophosphate metabolic process","12/287","188/3645",0.0638297872340425,0.810660538216324,-0.779220123475244,0.819597161199422,0.984441671579563,0.97761304063276,"ENSG00000017427/ENSG00000135914/ENSG00000141338/ENSG00000115896/ENSG00000102010/ENSG00000154027/ENSG00000112981/ENSG00000167588/ENSG00000168004/ENSG00000197977/ENSG00000133321/ENSG00000134240",12
"GO:0042742","defense response to bacterium","7/287","116/3645",0.0603448275862069,0.766400336417157,-0.747420774814524,0.820558991915244,0.984441671579563,0.97761304063276,"ENSG00000179954/ENSG00000006128/ENSG00000100448/ENSG00000128564/ENSG00000137033/ENSG00000174175/ENSG00000145777",7
"GO:0001885","endothelial cell development","1/287","21/3645",0.0476190476190476,0.604778496764559,-0.530940561967525,0.822213224139907,0.984441671579563,0.97761304063276,"ENSG00000079337",1
"GO:0003197","endocardial cushion development","1/287","21/3645",0.0476190476190476,0.604778496764559,-0.530940561967525,0.822213224139907,0.984441671579563,0.97761304063276,"ENSG00000112183",1
"GO:0006664","glycolipid metabolic process","1/287","21/3645",0.0476190476190476,0.604778496764559,-0.530940561967525,0.822213224139907,0.984441671579563,0.97761304063276,"ENSG00000148488",1
"GO:0006692","prostanoid metabolic process","1/287","21/3645",0.0476190476190476,0.604778496764559,-0.530940561967525,0.822213224139907,0.984441671579563,0.97761304063276,"ENSG00000163106",1
"GO:0006693","prostaglandin metabolic process","1/287","21/3645",0.0476190476190476,0.604778496764559,-0.530940561967525,0.822213224139907,0.984441671579563,0.97761304063276,"ENSG00000163106",1
"GO:0006953","acute-phase response","1/287","21/3645",0.0476190476190476,0.604778496764559,-0.530940561967525,0.822213224139907,0.984441671579563,0.97761304063276,"ENSG00000050628",1
"GO:0008038","neuron recognition","1/287","21/3645",0.0476190476190476,0.604778496764559,-0.530940561967525,0.822213224139907,0.984441671579563,0.97761304063276,"ENSG00000154654",1
"GO:0035773","insulin secretion involved in cellular response to glucose stimulus","1/287","21/3645",0.0476190476190476,0.604778496764559,-0.530940561967525,0.822213224139907,0.984441671579563,0.97761304063276,"ENSG00000150594",1
"GO:0035850","epithelial cell differentiation involved in kidney development","1/287","21/3645",0.0476190476190476,0.604778496764559,-0.530940561967525,0.822213224139907,0.984441671579563,0.97761304063276,"ENSG00000181092",1
"GO:0036465","synaptic vesicle recycling","1/287","21/3645",0.0476190476190476,0.604778496764559,-0.530940561967525,0.822213224139907,0.984441671579563,0.97761304063276,"ENSG00000078053",1
"GO:0042572","retinol metabolic process","1/287","21/3645",0.0476190476190476,0.604778496764559,-0.530940561967525,0.822213224139907,0.984441671579563,0.97761304063276,"ENSG00000196616",1
"GO:0043487","regulation of RNA stability","1/287","21/3645",0.0476190476190476,0.604778496764559,-0.530940561967525,0.822213224139907,0.984441671579563,0.97761304063276,"ENSG00000112183",1
"GO:0045600","positive regulation of fat cell differentiation","1/287","21/3645",0.0476190476190476,0.604778496764559,-0.530940561967525,0.822213224139907,0.984441671579563,0.97761304063276,"ENSG00000109906",1
"GO:0050892","intestinal absorption","1/287","21/3645",0.0476190476190476,0.604778496764559,-0.530940561967525,0.822213224139907,0.984441671579563,0.97761304063276,"ENSG00000150594",1
"GO:0051445","regulation of meiotic cell cycle","1/287","21/3645",0.0476190476190476,0.604778496764559,-0.530940561967525,0.822213224139907,0.984441671579563,0.97761304063276,"ENSG00000120129",1
"GO:0071346","cellular response to type II interferon","1/287","21/3645",0.0476190476190476,0.604778496764559,-0.530940561967525,0.822213224139907,0.984441671579563,0.97761304063276,"ENSG00000110169",1
"GO:0098703","calcium ion import across plasma membrane","1/287","21/3645",0.0476190476190476,0.604778496764559,-0.530940561967525,0.822213224139907,0.984441671579563,0.97761304063276,"ENSG00000155886",1
"GO:1902656","calcium ion import into cytosol","1/287","21/3645",0.0476190476190476,0.604778496764559,-0.530940561967525,0.822213224139907,0.984441671579563,0.97761304063276,"ENSG00000155886",1
"GO:1903317","regulation of protein maturation","1/287","21/3645",0.0476190476190476,0.604778496764559,-0.530940561967525,0.822213224139907,0.984441671579563,0.97761304063276,"ENSG00000262655",1
"GO:1903509","liposaccharide metabolic process","1/287","21/3645",0.0476190476190476,0.604778496764559,-0.530940561967525,0.822213224139907,0.984441671579563,0.97761304063276,"ENSG00000148488",1
"GO:2000404","regulation of T cell migration","1/287","21/3645",0.0476190476190476,0.604778496764559,-0.530940561967525,0.822213224139907,0.984441671579563,0.97761304063276,"ENSG00000107562",1
"GO:0017157","regulation of exocytosis","4/287","71/3645",0.0563380281690141,0.715512587721451,-0.707627564491478,0.822468329804641,0.984441671579563,0.97761304063276,"ENSG00000150594/ENSG00000170743/ENSG00000103528/ENSG00000050438",4
"GO:0080135","regulation of cellular response to stress","4/287","71/3645",0.0563380281690141,0.715512587721451,-0.707627564491478,0.822468329804641,0.984441671579563,0.97761304063276,"ENSG00000107562/ENSG00000186868/ENSG00000112319/ENSG00000070193",4
"GO:0007229","integrin-mediated signaling pathway","2/287","39/3645",0.0512820512820513,0.651299919592602,-0.63997244689965,0.824627846322038,0.984441671579563,0.97761304063276,"ENSG00000196569/ENSG00000137809",2
"GO:0019827","stem cell population maintenance","2/287","39/3645",0.0512820512820513,0.651299919592602,-0.63997244689965,0.824627846322038,0.984441671579563,0.97761304063276,"ENSG00000073282/ENSG00000070193",2
"GO:0021915","neural tube development","2/287","39/3645",0.0512820512820513,0.651299919592602,-0.63997244689965,0.824627846322038,0.984441671579563,0.97761304063276,"ENSG00000074047/ENSG00000090539",2
"GO:0032760","positive regulation of tumor necrosis factor production","2/287","39/3645",0.0512820512820513,0.651299919592602,-0.63997244689965,0.824627846322038,0.984441671579563,0.97761304063276,"ENSG00000131016/ENSG00000137033",2
"GO:0042102","positive regulation of T cell proliferation","2/287","39/3645",0.0512820512820513,0.651299919592602,-0.63997244689965,0.824627846322038,0.984441671579563,0.97761304063276,"ENSG00000017427/ENSG00000167244",2
"GO:1903707","negative regulation of hemopoiesis","2/287","39/3645",0.0512820512820513,0.651299919592602,-0.63997244689965,0.824627846322038,0.984441671579563,0.97761304063276,"ENSG00000166147/ENSG00000181092",2
"GO:0044283","small molecule biosynthetic process","9/287","146/3645",0.0616438356164384,0.782898191017135,-0.782632151810256,0.825446003734035,0.984441671579563,0.97761304063276,"ENSG00000163106/ENSG00000183044/ENSG00000277494/ENSG00000120738/ENSG00000231852/ENSG00000167588/ENSG00000181092/ENSG00000197977/ENSG00000134240",9
"GO:0055086","nucleobase-containing small molecule metabolic process","6/287","102/3645",0.0588235294117647,0.747079319532691,-0.757336063463647,0.826580729821161,0.984441671579563,0.97761304063276,"ENSG00000017427/ENSG00000154027/ENSG00000112981/ENSG00000167588/ENSG00000197977/ENSG00000134240",6
"GO:0006163","purine nucleotide metabolic process","4/287","72/3645",0.0555555555555556,0.705574912891986,-0.737588843213586,0.830798858907773,0.984441671579563,0.97761304063276,"ENSG00000017427/ENSG00000154027/ENSG00000112981/ENSG00000167588",4
"GO:0045926","negative regulation of growth","4/287","72/3645",0.0555555555555556,0.705574912891986,-0.737588843213586,0.830798858907773,0.984441671579563,0.97761304063276,"ENSG00000145147/ENSG00000169252/ENSG00000113739/ENSG00000164530",4
"GO:0061844","antimicrobial humoral immune response mediated by antimicrobial peptide","4/287","72/3645",0.0555555555555556,0.705574912891986,-0.737588843213586,0.830798858907773,0.984441671579563,0.97761304063276,"ENSG00000107562/ENSG00000006128/ENSG00000276409/ENSG00000145777",4
"GO:0099504","synaptic vesicle cycle","4/287","72/3645",0.0555555555555556,0.705574912891986,-0.737588843213586,0.830798858907773,0.984441671579563,0.97761304063276,"ENSG00000165646/ENSG00000170743/ENSG00000078053/ENSG00000050438",4
"GO:0030111","regulation of Wnt signaling pathway","6/287","103/3645",0.058252427184466,0.739826122255675,-0.782974846727554,0.833560571631308,0.984441671579563,0.97761304063276,"ENSG00000144642/ENSG00000269113/ENSG00000106483/ENSG00000120738/ENSG00000180730/ENSG00000070193",6
"GO:0043270","positive regulation of monoatomic ion transport","5/287","88/3645",0.0568181818181818,0.721610706366804,-0.77275481382025,0.834882414370194,0.984441671579563,0.97761304063276,"ENSG00000149575/ENSG00000107562/ENSG00000177098/ENSG00000150594/ENSG00000124205",5
"GO:0051216","cartilage development","5/287","88/3645",0.0568181818181818,0.721610706366804,-0.77275481382025,0.834882414370194,0.984441671579563,0.97761304063276,"ENSG00000106809/ENSG00000143387/ENSG00000156427/ENSG00000132031/ENSG00000109906",5
"GO:0010959","regulation of metal ion transport","8/287","133/3645",0.0601503759398496,0.763930732755233,-0.810732915271805,0.835197781100628,0.984441671579563,0.97761304063276,"ENSG00000149575/ENSG00000107562/ENSG00000177098/ENSG00000150594/ENSG00000169252/ENSG00000113739/ENSG00000126562/ENSG00000124205",8
"GO:0002065","columnar/cuboidal epithelial cell differentiation","2/287","40/3645",0.05,0.635017421602787,-0.678483487680959,0.835355142082722,0.984441671579563,0.97761304063276,"ENSG00000082175/ENSG00000073282",2
"GO:0031623","receptor internalization","2/287","40/3645",0.05,0.635017421602787,-0.678483487680959,0.835355142082722,0.984441671579563,0.97761304063276,"ENSG00000106483/ENSG00000103528",2
"GO:0046328","regulation of JNK cascade","2/287","40/3645",0.05,0.635017421602787,-0.678483487680959,0.835355142082722,0.984441671579563,0.97761304063276,"ENSG00000168477/ENSG00000131080",2
"GO:0051336","regulation of hydrolase activity","2/287","40/3645",0.05,0.635017421602787,-0.678483487680959,0.835355142082722,0.984441671579563,0.97761304063276,"ENSG00000079337/ENSG00000214456",2
"GO:1903557","positive regulation of tumor necrosis factor superfamily cytokine production","2/287","40/3645",0.05,0.635017421602787,-0.678483487680959,0.835355142082722,0.984441671579563,0.97761304063276,"ENSG00000131016/ENSG00000137033",2
"GO:0016339","calcium-dependent cell-cell adhesion via plasma membrane cell adhesion molecules","1/287","22/3645",0.0454545454545455,0.577288565093443,-0.581314232749032,0.836292916378275,0.984441671579563,0.97761304063276,"ENSG00000174175",1
"GO:0030574","collagen catabolic process","1/287","22/3645",0.0454545454545455,0.577288565093443,-0.581314232749032,0.836292916378275,0.984441671579563,0.97761304063276,"ENSG00000143387",1
"GO:0031102","neuron projection regeneration","1/287","22/3645",0.0454545454545455,0.577288565093443,-0.581314232749032,0.836292916378275,0.984441671579563,0.97761304063276,"ENSG00000277586",1
"GO:0032729","positive regulation of type II interferon production","1/287","22/3645",0.0454545454545455,0.577288565093443,-0.581314232749032,0.836292916378275,0.984441671579563,0.97761304063276,"ENSG00000103257",1
"GO:0042490","mechanoreceptor differentiation","1/287","22/3645",0.0454545454545455,0.577288565093443,-0.581314232749032,0.836292916378275,0.984441671579563,0.97761304063276,"ENSG00000184564",1
"GO:0042733","embryonic digit morphogenesis","1/287","22/3645",0.0454545454545455,0.577288565093443,-0.581314232749032,0.836292916378275,0.984441671579563,0.97761304063276,"ENSG00000109906",1
"GO:0043484","regulation of RNA splicing","1/287","22/3645",0.0454545454545455,0.577288565093443,-0.581314232749032,0.836292916378275,0.984441671579563,0.97761304063276,"ENSG00000112183",1
"GO:0045661","regulation of myoblast differentiation","1/287","22/3645",0.0454545454545455,0.577288565093443,-0.581314232749032,0.836292916378275,0.984441671579563,0.97761304063276,"ENSG00000112183",1
"GO:0046425","regulation of receptor signaling pathway via JAK-STAT","1/287","22/3645",0.0454545454545455,0.577288565093443,-0.581314232749032,0.836292916378275,0.984441671579563,0.97761304063276,"ENSG00000178568",1
"GO:0051180","vitamin transport","1/287","22/3645",0.0454545454545455,0.577288565093443,-0.581314232749032,0.836292916378275,0.984441671579563,0.97761304063276,"ENSG00000118777",1
"GO:0051851","host-mediated perturbation of symbiont process","1/287","22/3645",0.0454545454545455,0.577288565093443,-0.581314232749032,0.836292916378275,0.984441671579563,0.97761304063276,"ENSG00000168329",1
"GO:0090183","regulation of kidney development","1/287","22/3645",0.0454545454545455,0.577288565093443,-0.581314232749032,0.836292916378275,0.984441671579563,0.97761304063276,"ENSG00000181092",1
"GO:0099084","postsynaptic specialization organization","1/287","22/3645",0.0454545454545455,0.577288565093443,-0.581314232749032,0.836292916378275,0.984441671579563,0.97761304063276,"ENSG00000121871",1
"GO:1900180","regulation of protein localization to nucleus","1/287","22/3645",0.0454545454545455,0.577288565093443,-0.581314232749032,0.836292916378275,0.984441671579563,0.97761304063276,"ENSG00000064300",1
"GO:2000300","regulation of synaptic vesicle exocytosis","1/287","22/3645",0.0454545454545455,0.577288565093443,-0.581314232749032,0.836292916378275,0.984441671579563,0.97761304063276,"ENSG00000050438",1
"GO:0034764","positive regulation of transmembrane transport","4/287","73/3645",0.0547945205479452,0.695909503126342,-0.767181885431452,0.838803076262369,0.984441671579563,0.97761304063276,"ENSG00000017427/ENSG00000103257/ENSG00000181092/ENSG00000124205",4
"GO:0070661","leukocyte proliferation","6/287","104/3645",0.0576923076923077,0.732712409541678,-0.808392524584143,0.840314539200413,0.984441671579563,0.97761304063276,"ENSG00000017427/ENSG00000175857/ENSG00000167244/ENSG00000006128/ENSG00000137033/ENSG00000070193",6
"GO:0006898","receptor-mediated endocytosis","5/287","89/3645",0.0561797752808989,0.713502720902008,-0.799879222079396,0.84208314635097,0.984441671579563,0.97761304063276,"ENSG00000007237/ENSG00000106483/ENSG00000169252/ENSG00000103528/ENSG00000181092",5
"GO:0016192","vesicle-mediated transport","25/287","374/3645",0.0668449197860963,0.84895377219624,-0.901353603693803,0.842235900586548,0.984441671579563,0.97761304063276,"ENSG00000007237/ENSG00000166428/ENSG00000179639/ENSG00000187800/ENSG00000198932/ENSG00000179954/ENSG00000277494/ENSG00000106483/ENSG00000163072/ENSG00000165646/ENSG00000150594/ENSG00000254245/ENSG00000170743/ENSG00000169252/ENSG00000244731/ENSG00000224389/ENSG00000078053/ENSG00000103528/ENSG00000108018/ENSG00000169347/ENSG00000181092/ENSG00000184811/ENSG00000050438/ENSG00000106688/ENSG00000147041",25
"GO:0003158","endothelium development","2/287","41/3645",0.0487804878048781,0.619529191807598,-0.716160996404628,0.845487685039576,0.984441671579563,0.97761304063276,"ENSG00000079337/ENSG00000159307",2
"GO:0007422","peripheral nervous system development","2/287","41/3645",0.0487804878048781,0.619529191807598,-0.716160996404628,0.845487685039576,0.984441671579563,0.97761304063276,"ENSG00000196569/ENSG00000179388",2
"GO:0016525","negative regulation of angiogenesis","2/287","41/3645",0.0487804878048781,0.619529191807598,-0.716160996404628,0.845487685039576,0.984441671579563,0.97761304063276,"ENSG00000168329/ENSG00000113296",2
"GO:0038127","ERBB signaling pathway","2/287","41/3645",0.0487804878048781,0.619529191807598,-0.716160996404628,0.845487685039576,0.984441671579563,0.97761304063276,"ENSG00000150594/ENSG00000178568",2
"GO:0010810","regulation of cell-substrate adhesion","4/287","74/3645",0.0540540540540541,0.686505320651662,-0.796417685866408,0.846489000811188,0.984441671579563,0.97761304063276,"ENSG00000106823/ENSG00000091986/ENSG00000154175/ENSG00000173376",4
"GO:0018193","peptidyl-amino acid modification","4/287","74/3645",0.0540540540540541,0.686505320651662,-0.796417685866408,0.846489000811188,0.984441671579563,0.97761304063276,"ENSG00000120738/ENSG00000113296/ENSG00000178568/ENSG00000070193",4
"GO:0002700","regulation of production of molecular mediator of immune response","3/287","58/3645",0.0517241379310345,0.656914574071849,-0.76991071694017,0.847188475004576,0.984441671579563,0.97761304063276,"ENSG00000103257/ENSG00000137033/ENSG00000110169",3
"GO:0002822","regulation of adaptive immune response based on somatic recombination of immune receptors built from immunoglobulin superfamily domains","3/287","58/3645",0.0517241379310345,0.656914574071849,-0.76991071694017,0.847188475004576,0.984441671579563,0.97761304063276,"ENSG00000115602/ENSG00000137033/ENSG00000110169",3
"GO:0008277","regulation of G protein-coupled receptor signaling pathway","3/287","58/3645",0.0517241379310345,0.656914574071849,-0.76991071694017,0.847188475004576,0.984441671579563,0.97761304063276,"ENSG00000145147/ENSG00000198932/ENSG00000169252",3
"GO:0016331","morphogenesis of embryonic epithelium","3/287","58/3645",0.0517241379310345,0.656914574071849,-0.76991071694017,0.847188475004576,0.984441671579563,0.97761304063276,"ENSG00000073282/ENSG00000169083/ENSG00000070193",3
"GO:0010628","positive regulation of gene expression","22/287","334/3645",0.0658682634730539,0.836549896722235,-0.91615430982808,0.847314041357615,0.984441671579563,0.97761304063276,"ENSG00000144642/ENSG00000131016/ENSG00000019991/ENSG00000183160/ENSG00000017427/ENSG00000135914/ENSG00000262655/ENSG00000082175/ENSG00000115602/ENSG00000106483/ENSG00000120738/ENSG00000150594/ENSG00000103257/ENSG00000126895/ENSG00000169083/ENSG00000137033/ENSG00000069702/ENSG00000181092/ENSG00000110169/ENSG00000145777/ENSG00000112183/ENSG00000169900",22
"GO:0002437","inflammatory response to antigenic stimulus","1/287","23/3645",0.0434782608695652,0.552189062263293,-0.629758703912123,0.849261156234592,0.984441671579563,0.97761304063276,"ENSG00000179639",1
"GO:0006402","mRNA catabolic process","1/287","23/3645",0.0434782608695652,0.552189062263293,-0.629758703912123,0.849261156234592,0.984441671579563,0.97761304063276,"ENSG00000112183",1
"GO:0007606","sensory perception of chemical stimulus","1/287","23/3645",0.0434782608695652,0.552189062263293,-0.629758703912123,0.849261156234592,0.984441671579563,0.97761304063276,"ENSG00000130045",1
"GO:0010212","response to ionizing radiation","1/287","23/3645",0.0434782608695652,0.552189062263293,-0.629758703912123,0.849261156234592,0.984441671579563,0.97761304063276,"ENSG00000120738",1
"GO:0015909","long-chain fatty acid transport","1/287","23/3645",0.0434782608695652,0.552189062263293,-0.629758703912123,0.849261156234592,0.984441671579563,0.97761304063276,"ENSG00000170323",1
"GO:0031023","microtubule organizing center organization","1/287","23/3645",0.0434782608695652,0.552189062263293,-0.629758703912123,0.849261156234592,0.984441671579563,0.97761304063276,"ENSG00000198930",1
"GO:0032757","positive regulation of interleukin-8 production","1/287","23/3645",0.0434782608695652,0.552189062263293,-0.629758703912123,0.849261156234592,0.984441671579563,0.97761304063276,"ENSG00000181092",1
"GO:0035567","non-canonical Wnt signaling pathway","1/287","23/3645",0.0434782608695652,0.552189062263293,-0.629758703912123,0.849261156234592,0.984441671579563,0.97761304063276,"ENSG00000106483",1
"GO:0043297","apical junction assembly","1/287","23/3645",0.0434782608695652,0.552189062263293,-0.629758703912123,0.849261156234592,0.984441671579563,0.97761304063276,"ENSG00000013297",1
"GO:0046470","phosphatidylcholine metabolic process","1/287","23/3645",0.0434782608695652,0.552189062263293,-0.629758703912123,0.849261156234592,0.984441671579563,0.97761304063276,"ENSG00000133321",1
"GO:0048247","lymphocyte chemotaxis","1/287","23/3645",0.0434782608695652,0.552189062263293,-0.629758703912123,0.849261156234592,0.984441671579563,0.97761304063276,"ENSG00000107562",1
"GO:0050709","negative regulation of protein secretion","1/287","23/3645",0.0434782608695652,0.552189062263293,-0.629758703912123,0.849261156234592,0.984441671579563,0.97761304063276,"ENSG00000150594",1
"GO:0061013","regulation of mRNA catabolic process","1/287","23/3645",0.0434782608695652,0.552189062263293,-0.629758703912123,0.849261156234592,0.984441671579563,0.97761304063276,"ENSG00000112183",1
"GO:0070050","neuron cellular homeostasis","1/287","23/3645",0.0434782608695652,0.552189062263293,-0.629758703912123,0.849261156234592,0.984441671579563,0.97761304063276,"ENSG00000155886",1
"GO:0070830","bicellular tight junction assembly","1/287","23/3645",0.0434782608695652,0.552189062263293,-0.629758703912123,0.849261156234592,0.984441671579563,0.97761304063276,"ENSG00000013297",1
"GO:0099172","presynapse organization","1/287","23/3645",0.0434782608695652,0.552189062263293,-0.629758703912123,0.849261156234592,0.984441671579563,0.97761304063276,"ENSG00000121871",1
"GO:0002460","adaptive immune response based on somatic recombination of immune receptors built from immunoglobulin superfamily domains","8/287","136/3645",0.0588235294117647,0.747079319532691,-0.878722806477546,0.852650578629693,0.984441671579563,0.97761304063276,"ENSG00000179639/ENSG00000115602/ENSG00000112936/ENSG00000244731/ENSG00000224389/ENSG00000039537/ENSG00000137033/ENSG00000110169",8
"GO:0019752","carboxylic acid metabolic process","13/287","209/3645",0.062200956937799,0.789973825917343,-0.914133812691772,0.853529283749904,0.984441671579563,0.97761304063276,"ENSG00000017427/ENSG00000163106/ENSG00000183044/ENSG00000277494/ENSG00000168477/ENSG00000196616/ENSG00000171954/ENSG00000167588/ENSG00000181092/ENSG00000186204/ENSG00000214456/ENSG00000197977/ENSG00000172425",13
"GO:0072659","protein localization to plasma membrane","4/287","75/3645",0.0533333333333333,0.677351916376307,-0.825306755857784,0.853864840118527,0.984441671579563,0.97761304063276,"ENSG00000169083/ENSG00000181092/ENSG00000126562/ENSG00000184811",4
"GO:0045935","positive regulation of nucleobase-containing compound metabolic process","26/287","391/3645",0.0664961636828645,0.84452444816739,-0.951111642660311,0.854015618889102,0.984441671579563,0.97761304063276,"ENSG00000019991/ENSG00000017427/ENSG00000169946/ENSG00000074047/ENSG00000082175/ENSG00000179388/ENSG00000167244/ENSG00000174332/ENSG00000120738/ENSG00000073282/ENSG00000169252/ENSG00000109906/ENSG00000107249/ENSG00000064300/ENSG00000170345/ENSG00000169083/ENSG00000173210/ENSG00000178568/ENSG00000112319/ENSG00000091831/ENSG00000137033/ENSG00000125740/ENSG00000070193/ENSG00000167588/ENSG00000008196/ENSG00000112183",26
"GO:0048813","dendrite morphogenesis","2/287","42/3645",0.0476190476190476,0.604778496764559,-0.753048358936485,0.855052240485094,0.984441671579563,0.97761304063276,"ENSG00000046889/ENSG00000171798",2
"GO:0060291","long-term synaptic potentiation","2/287","42/3645",0.0476190476190476,0.604778496764559,-0.753048358936485,0.855052240485094,0.984441671579563,0.97761304063276,"ENSG00000155886/ENSG00000106688",2
"GO:1904375","regulation of protein localization to cell periphery","2/287","42/3645",0.0476190476190476,0.604778496764559,-0.753048358936485,0.855052240485094,0.984441671579563,0.97761304063276,"ENSG00000169083/ENSG00000126562",2
"GO:2000181","negative regulation of blood vessel morphogenesis","2/287","42/3645",0.0476190476190476,0.604778496764559,-0.753048358936485,0.855052240485094,0.984441671579563,0.97761304063276,"ENSG00000168329/ENSG00000113296",2
"GO:0045580","regulation of T cell differentiation","3/287","59/3645",0.0508474576271186,0.645780428748597,-0.80183166494094,0.855362106045259,0.984441671579563,0.97761304063276,"ENSG00000074047/ENSG00000179388/ENSG00000109906",3
"GO:0022603","regulation of anatomical structure morphogenesis","18/287","281/3645",0.0640569395017794,0.813545451163713,-0.951016246297294,0.858084989880635,0.984441671579563,0.97761304063276,"ENSG00000145147/ENSG00000107562/ENSG00000019991/ENSG00000168329/ENSG00000148848/ENSG00000079337/ENSG00000156427/ENSG00000277586/ENSG00000113296/ENSG00000186868/ENSG00000064300/ENSG00000092009/ENSG00000169083/ENSG00000091831/ENSG00000103528/ENSG00000171236/ENSG00000070193/ENSG00000171798",18
"GO:0051254","positive regulation of RNA metabolic process","24/287","365/3645",0.0657534246575342,0.835091403751611,-0.970828666959563,0.85949435710855,0.984441671579563,0.97761304063276,"ENSG00000019991/ENSG00000017427/ENSG00000169946/ENSG00000074047/ENSG00000082175/ENSG00000179388/ENSG00000167244/ENSG00000174332/ENSG00000120738/ENSG00000073282/ENSG00000169252/ENSG00000109906/ENSG00000107249/ENSG00000064300/ENSG00000170345/ENSG00000169083/ENSG00000173210/ENSG00000178568/ENSG00000091831/ENSG00000137033/ENSG00000125740/ENSG00000070193/ENSG00000008196/ENSG00000112183",24
"GO:0006811","monoatomic ion transport","26/287","393/3645",0.0661577608142494,0.840226613825571,-0.980201206869886,0.860853110788623,0.984441671579563,0.97761304063276,"ENSG00000149575/ENSG00000107562/ENSG00000136546/ENSG00000177098/ENSG00000135914/ENSG00000155886/ENSG00000162383/ENSG00000071967/ENSG00000165646/ENSG00000169507/ENSG00000150594/ENSG00000115896/ENSG00000153253/ENSG00000169252/ENSG00000139209/ENSG00000152049/ENSG00000159212/ENSG00000103534/ENSG00000113739/ENSG00000171385/ENSG00000126562/ENSG00000124249/ENSG00000050438/ENSG00000110169/ENSG00000106688/ENSG00000124205",26
"GO:0002720","positive regulation of cytokine production involved in immune response","1/287","24/3645",0.0416666666666667,0.52918118466899,-0.676448838316273,0.861205399238642,0.984441671579563,0.97761304063276,"ENSG00000103257",1
"GO:0006606","protein import into nucleus","1/287","24/3645",0.0416666666666667,0.52918118466899,-0.676448838316273,0.861205399238642,0.984441671579563,0.97761304063276,"ENSG00000137033",1
"GO:0007094","mitotic spindle assembly checkpoint signaling","1/287","24/3645",0.0416666666666667,0.52918118466899,-0.676448838316273,0.861205399238642,0.984441671579563,0.97761304063276,"ENSG00000120129",1
"GO:0007405","neuroblast proliferation","1/287","24/3645",0.0416666666666667,0.52918118466899,-0.676448838316273,0.861205399238642,0.984441671579563,0.97761304063276,"ENSG00000168329",1
"GO:0010463","mesenchymal cell proliferation","1/287","24/3645",0.0416666666666667,0.52918118466899,-0.676448838316273,0.861205399238642,0.984441671579563,0.97761304063276,"ENSG00000090539",1
"GO:0030901","midbrain development","1/287","24/3645",0.0416666666666667,0.52918118466899,-0.676448838316273,0.861205399238642,0.984441671579563,0.97761304063276,"ENSG00000092009",1
"GO:0031577","spindle checkpoint signaling","1/287","24/3645",0.0416666666666667,0.52918118466899,-0.676448838316273,0.861205399238642,0.984441671579563,0.97761304063276,"ENSG00000120129",1
"GO:0032623","interleukin-2 production","1/287","24/3645",0.0416666666666667,0.52918118466899,-0.676448838316273,0.861205399238642,0.984441671579563,0.97761304063276,"ENSG00000067798",1
"GO:0032663","regulation of interleukin-2 production","1/287","24/3645",0.0416666666666667,0.52918118466899,-0.676448838316273,0.861205399238642,0.984441671579563,0.97761304063276,"ENSG00000067798",1
"GO:0033046","negative regulation of sister chromatid segregation","1/287","24/3645",0.0416666666666667,0.52918118466899,-0.676448838316273,0.861205399238642,0.984441671579563,0.97761304063276,"ENSG00000120129",1
"GO:0033048","negative regulation of mitotic sister chromatid segregation","1/287","24/3645",0.0416666666666667,0.52918118466899,-0.676448838316273,0.861205399238642,0.984441671579563,0.97761304063276,"ENSG00000120129",1
"GO:0033628","regulation of cell adhesion mediated by integrin","1/287","24/3645",0.0416666666666667,0.52918118466899,-0.676448838316273,0.861205399238642,0.984441671579563,0.97761304063276,"ENSG00000166086",1
"GO:0035050","embryonic heart tube development","1/287","24/3645",0.0416666666666667,0.52918118466899,-0.676448838316273,0.861205399238642,0.984441671579563,0.97761304063276,"ENSG00000141449",1
"GO:0045841","negative regulation of mitotic metaphase/anaphase transition","1/287","24/3645",0.0416666666666667,0.52918118466899,-0.676448838316273,0.861205399238642,0.984441671579563,0.97761304063276,"ENSG00000120129",1
"GO:0046635","positive regulation of alpha-beta T cell activation","1/287","24/3645",0.0416666666666667,0.52918118466899,-0.676448838316273,0.861205399238642,0.984441671579563,0.97761304063276,"ENSG00000109906",1
"GO:0051091","positive regulation of DNA-binding transcription factor activity","1/287","24/3645",0.0416666666666667,0.52918118466899,-0.676448838316273,0.861205399238642,0.984441671579563,0.97761304063276,"ENSG00000091831",1
"GO:0051985","negative regulation of chromosome segregation","1/287","24/3645",0.0416666666666667,0.52918118466899,-0.676448838316273,0.861205399238642,0.984441671579563,0.97761304063276,"ENSG00000120129",1
"GO:0060606","tube closure","1/287","24/3645",0.0416666666666667,0.52918118466899,-0.676448838316273,0.861205399238642,0.984441671579563,0.97761304063276,"ENSG00000070193",1
"GO:0061640","cytoskeleton-dependent cytokinesis","1/287","24/3645",0.0416666666666667,0.52918118466899,-0.676448838316273,0.861205399238642,0.984441671579563,0.97761304063276,"ENSG00000145703",1
"GO:0071173","spindle assembly checkpoint signaling","1/287","24/3645",0.0416666666666667,0.52918118466899,-0.676448838316273,0.861205399238642,0.984441671579563,0.97761304063276,"ENSG00000120129",1
"GO:0071174","mitotic spindle checkpoint signaling","1/287","24/3645",0.0416666666666667,0.52918118466899,-0.676448838316273,0.861205399238642,0.984441671579563,0.97761304063276,"ENSG00000120129",1
"GO:1902100","negative regulation of metaphase/anaphase transition of cell cycle","1/287","24/3645",0.0416666666666667,0.52918118466899,-0.676448838316273,0.861205399238642,0.984441671579563,0.97761304063276,"ENSG00000120129",1
"GO:1905819","negative regulation of chromosome separation","1/287","24/3645",0.0416666666666667,0.52918118466899,-0.676448838316273,0.861205399238642,0.984441671579563,0.97761304063276,"ENSG00000120129",1
"GO:2000045","regulation of G1/S transition of mitotic cell cycle","1/287","24/3645",0.0416666666666667,0.52918118466899,-0.676448838316273,0.861205399238642,0.984441671579563,0.97761304063276,"ENSG00000070193",1
"GO:2000816","negative regulation of mitotic sister chromatid separation","1/287","24/3645",0.0416666666666667,0.52918118466899,-0.676448838316273,0.861205399238642,0.984441671579563,0.97761304063276,"ENSG00000120129",1
"GO:0140546","defense response to symbiont","19/287","296/3645",0.0641891891891892,0.815225068273849,-0.969440410066327,0.861760387989602,0.984441671579563,0.97761304063276,"ENSG00000107562/ENSG00000168329/ENSG00000166428/ENSG00000179954/ENSG00000006128/ENSG00000276409/ENSG00000100448/ENSG00000112936/ENSG00000244731/ENSG00000162722/ENSG00000224389/ENSG00000039537/ENSG00000091831/ENSG00000243649/ENSG00000137033/ENSG00000169347/ENSG00000110169/ENSG00000145777/ENSG00000169900",19
"GO:0032943","mononuclear cell proliferation","5/287","92/3645",0.0543478260869565,0.690236327829117,-0.879663517323337,0.86215381824192,0.984441671579563,0.97761304063276,"ENSG00000017427/ENSG00000175857/ENSG00000167244/ENSG00000006128/ENSG00000070193",5
"GO:0046651","lymphocyte proliferation","5/287","92/3645",0.0543478260869565,0.690236327829117,-0.879663517323337,0.86215381824192,0.984441671579563,0.97761304063276,"ENSG00000017427/ENSG00000175857/ENSG00000167244/ENSG00000006128/ENSG00000070193",5
"GO:0120035","regulation of plasma membrane bounded cell projection organization","11/287","182/3645",0.0604395604395604,0.76760347666271,-0.940218650031351,0.862244201798694,0.984441671579563,0.97761304063276,"ENSG00000145147/ENSG00000107562/ENSG00000277586/ENSG00000172260/ENSG00000165323/ENSG00000173376/ENSG00000145536/ENSG00000186868/ENSG00000145934/ENSG00000004838/ENSG00000171798",11
"GO:0002819","regulation of adaptive immune response","3/287","60/3645",0.05,0.635017421602787,-0.833283853703801,0.863152491912735,0.984441671579563,0.97761304063276,"ENSG00000115602/ENSG00000137033/ENSG00000110169",3
"GO:0010608","post-transcriptional regulation of gene expression","3/287","60/3645",0.05,0.635017421602787,-0.833283853703801,0.863152491912735,0.984441671579563,0.97761304063276,"ENSG00000144642/ENSG00000253250/ENSG00000112183",3
"GO:0051259","protein complex oligomerization","3/287","60/3645",0.05,0.635017421602787,-0.833283853703801,0.863152491912735,0.984441671579563,0.97761304063276,"ENSG00000073282/ENSG00000186868/ENSG00000171385",3
"GO:0051651","maintenance of location in cell","3/287","60/3645",0.05,0.635017421602787,-0.833283853703801,0.863152491912735,0.984441671579563,0.97761304063276,"ENSG00000135914/ENSG00000082175/ENSG00000115896",3
"GO:0033044","regulation of chromosome organization","2/287","43/3645",0.0465116279069767,0.590713880560732,-0.789185643855224,0.864075061499191,0.984441671579563,0.97761304063276,"ENSG00000186868/ENSG00000120129",2
"GO:0061025","membrane fusion","2/287","43/3645",0.0465116279069767,0.590713880560732,-0.789185643855224,0.864075061499191,0.984441671579563,0.97761304063276,"ENSG00000170743/ENSG00000184811",2
"GO:0045893","positive regulation of DNA-templated transcription","23/287","353/3645",0.0651558073654391,0.827501455912981,-0.996856534264379,0.865925907512741,0.984441671579563,0.97761304063276,"ENSG00000019991/ENSG00000017427/ENSG00000169946/ENSG00000074047/ENSG00000082175/ENSG00000179388/ENSG00000167244/ENSG00000174332/ENSG00000120738/ENSG00000073282/ENSG00000169252/ENSG00000109906/ENSG00000107249/ENSG00000064300/ENSG00000170345/ENSG00000169083/ENSG00000173210/ENSG00000178568/ENSG00000091831/ENSG00000137033/ENSG00000125740/ENSG00000070193/ENSG00000008196",23
"GO:1902680","positive regulation of RNA biosynthetic process","23/287","353/3645",0.0651558073654391,0.827501455912981,-0.996856534264379,0.865925907512741,0.984441671579563,0.97761304063276,"ENSG00000019991/ENSG00000017427/ENSG00000169946/ENSG00000074047/ENSG00000082175/ENSG00000179388/ENSG00000167244/ENSG00000174332/ENSG00000120738/ENSG00000073282/ENSG00000169252/ENSG00000109906/ENSG00000107249/ENSG00000064300/ENSG00000170345/ENSG00000169083/ENSG00000173210/ENSG00000178568/ENSG00000091831/ENSG00000137033/ENSG00000125740/ENSG00000070193/ENSG00000008196",23
"GO:0031347","regulation of defense response","13/287","212/3645",0.0613207547169811,0.778794951022287,-0.970098539685446,0.866761564862606,0.984441671579563,0.97761304063276,"ENSG00000019991/ENSG00000017427/ENSG00000115602/ENSG00000050628/ENSG00000006128/ENSG00000092009/ENSG00000091831/ENSG00000137033/ENSG00000170323/ENSG00000181092/ENSG00000110169/ENSG00000144891/ENSG00000145777",13
"GO:0006325","chromatin organization","5/287","93/3645",0.0537634408602151,0.682814431830954,-0.905749704858269,0.868352846434849,0.984441671579563,0.97761304063276,"ENSG00000167244/ENSG00000120738/ENSG00000073282/ENSG00000112319/ENSG00000091831",5
"GO:0098542","defense response to other organism","19/287","298/3645",0.063758389261745,0.809753759090803,-1.00181180911864,0.869147363023977,0.984441671579563,0.97761304063276,"ENSG00000107562/ENSG00000168329/ENSG00000166428/ENSG00000179954/ENSG00000006128/ENSG00000276409/ENSG00000100448/ENSG00000112936/ENSG00000244731/ENSG00000162722/ENSG00000224389/ENSG00000039537/ENSG00000091831/ENSG00000243649/ENSG00000137033/ENSG00000169347/ENSG00000110169/ENSG00000145777/ENSG00000169900",19
"GO:0042552","myelination","3/287","61/3645",0.0491803278688525,0.624607299937168,-0.864284106306997,0.870573084539639,0.984441671579563,0.97761304063276,"ENSG00000166086/ENSG00000154721/ENSG00000017427",3
"GO:0007346","regulation of mitotic cell cycle","6/287","109/3645",0.055045871559633,0.699101748553527,-0.932323371865026,0.870839415445606,0.984441671579563,0.97761304063276,"ENSG00000017427/ENSG00000169515/ENSG00000167244/ENSG00000120129/ENSG00000070193/ENSG00000124205",6
"GO:0030098","lymphocyte differentiation","6/287","109/3645",0.055045871559633,0.699101748553527,-0.932323371865026,0.870839415445606,0.984441671579563,0.97761304063276,"ENSG00000074047/ENSG00000179388/ENSG00000120738/ENSG00000078596/ENSG00000109906/ENSG00000243649",6
"GO:0048285","organelle fission","6/287","109/3645",0.055045871559633,0.699101748553527,-0.932323371865026,0.870839415445606,0.984441671579563,0.97761304063276,"ENSG00000017427/ENSG00000169515/ENSG00000167244/ENSG00000186868/ENSG00000120129/ENSG00000124205",6
"GO:0007044","cell-substrate junction assembly","1/287","25/3645",0.04,0.50801393728223,-0.721536500412654,0.872206241662975,0.984441671579563,0.97761304063276,"ENSG00000065618",1
"GO:0009411","response to UV","1/287","25/3645",0.04,0.50801393728223,-0.721536500412654,0.872206241662975,0.984441671579563,0.97761304063276,"ENSG00000166482",1
"GO:0021766","hippocampus development","1/287","25/3645",0.04,0.50801393728223,-0.721536500412654,0.872206241662975,0.984441671579563,0.97761304063276,"ENSG00000277586",1
"GO:0033047","regulation of mitotic sister chromatid segregation","1/287","25/3645",0.04,0.50801393728223,-0.721536500412654,0.872206241662975,0.984441671579563,0.97761304063276,"ENSG00000120129",1
"GO:0042752","regulation of circadian rhythm","1/287","25/3645",0.04,0.50801393728223,-0.721536500412654,0.872206241662975,0.984441671579563,0.97761304063276,"ENSG00000133256",1
"GO:0043087","regulation of GTPase activity","1/287","25/3645",0.04,0.50801393728223,-0.721536500412654,0.872206241662975,0.984441671579563,0.97761304063276,"ENSG00000079337",1
"GO:0045839","negative regulation of mitotic nuclear division","1/287","25/3645",0.04,0.50801393728223,-0.721536500412654,0.872206241662975,0.984441671579563,0.97761304063276,"ENSG00000120129",1
"GO:0046637","regulation of alpha-beta T cell differentiation","1/287","25/3645",0.04,0.50801393728223,-0.721536500412654,0.872206241662975,0.984441671579563,0.97761304063276,"ENSG00000109906",1
"GO:0051170","import into nucleus","1/287","25/3645",0.04,0.50801393728223,-0.721536500412654,0.872206241662975,0.984441671579563,0.97761304063276,"ENSG00000137033",1
"GO:0062207","regulation of pattern recognition receptor signaling pathway","1/287","25/3645",0.04,0.50801393728223,-0.721536500412654,0.872206241662975,0.984441671579563,0.97761304063276,"ENSG00000091831",1
"GO:0099068","postsynapse assembly","1/287","25/3645",0.04,0.50801393728223,-0.721536500412654,0.872206241662975,0.984441671579563,0.97761304063276,"ENSG00000121871",1
"GO:0150115","cell-substrate junction organization","1/287","25/3645",0.04,0.50801393728223,-0.721536500412654,0.872206241662975,0.984441671579563,0.97761304063276,"ENSG00000065618",1
"GO:0016079","synaptic vesicle exocytosis","2/287","44/3645",0.0454545454545455,0.577288565093443,-0.824609930207667,0.872581803679869,0.984441671579563,0.97761304063276,"ENSG00000170743/ENSG00000050438",2
"GO:0030177","positive regulation of Wnt signaling pathway","2/287","44/3645",0.0454545454545455,0.577288565093443,-0.824609930207667,0.872581803679869,0.984441671579563,0.97761304063276,"ENSG00000106483/ENSG00000070193",2
"GO:0060079","excitatory postsynaptic potential","2/287","44/3645",0.0454545454545455,0.577288565093443,-0.824609930207667,0.872581803679869,0.984441671579563,0.97761304063276,"ENSG00000162383/ENSG00000169252",2
"GO:0065009","regulation of molecular function","12/287","199/3645",0.0603015075376884,0.765850156706879,-0.993007571053046,0.873058046285285,0.984441671579563,0.97761304063276,"ENSG00000017427/ENSG00000166147/ENSG00000079337/ENSG00000156427/ENSG00000180875/ENSG00000126895/ENSG00000120129/ENSG00000091831/ENSG00000070193/ENSG00000181092/ENSG00000214456/ENSG00000133321",12
"GO:0010975","regulation of neuron projection development","8/287","140/3645",0.0571428571428571,0.725734196117471,-0.967345142964211,0.873597525915022,0.984441671579563,0.97761304063276,"ENSG00000145147/ENSG00000107562/ENSG00000277586/ENSG00000172260/ENSG00000165323/ENSG00000173376/ENSG00000186868/ENSG00000171798",8
"GO:0006338","chromatin remodeling","4/287","78/3645",0.0512820512820513,0.651299919592602,-0.909992013582873,0.874215891692334,0.984441671579563,0.97761304063276,"ENSG00000167244/ENSG00000120738/ENSG00000073282/ENSG00000091831",4
"GO:0009117","nucleotide metabolic process","4/287","78/3645",0.0512820512820513,0.651299919592602,-0.909992013582873,0.874215891692334,0.984441671579563,0.97761304063276,"ENSG00000017427/ENSG00000154027/ENSG00000112981/ENSG00000167588",4
"GO:0032944","regulation of mononuclear cell proliferation","4/287","78/3645",0.0512820512820513,0.651299919592602,-0.909992013582873,0.874215891692334,0.984441671579563,0.97761304063276,"ENSG00000017427/ENSG00000167244/ENSG00000006128/ENSG00000070193",4
"GO:0050670","regulation of lymphocyte proliferation","4/287","78/3645",0.0512820512820513,0.651299919592602,-0.909992013582873,0.874215891692334,0.984441671579563,0.97761304063276,"ENSG00000017427/ENSG00000167244/ENSG00000006128/ENSG00000070193",4
"GO:0060828","regulation of canonical Wnt signaling pathway","4/287","78/3645",0.0512820512820513,0.651299919592602,-0.909992013582873,0.874215891692334,0.984441671579563,0.97761304063276,"ENSG00000144642/ENSG00000106483/ENSG00000120738/ENSG00000070193",4
"GO:0140694","membraneless organelle assembly","4/287","78/3645",0.0512820512820513,0.651299919592602,-0.909992013582873,0.874215891692334,0.984441671579563,0.97761304063276,"ENSG00000154330/ENSG00000172260/ENSG00000186868/ENSG00000169083",4
"GO:0045596","negative regulation of cell differentiation","13/287","214/3645",0.0607476635514019,0.771516493536097,-1.00702712649425,0.875051645815599,0.984441671579563,0.97761304063276,"ENSG00000079102/ENSG00000183160/ENSG00000017427/ENSG00000166147/ENSG00000169946/ENSG00000167244/ENSG00000172260/ENSG00000090539/ENSG00000073282/ENSG00000109906/ENSG00000070193/ENSG00000181092/ENSG00000164530",13
"GO:0015718","monocarboxylic acid transport","3/287","62/3645",0.0483870967741935,0.614532988647859,-0.894848354671591,0.877637274232983,0.984441671579563,0.97761304063276,"ENSG00000118777/ENSG00000152779/ENSG00000170323",3
"GO:0045807","positive regulation of endocytosis","3/287","62/3645",0.0483870967741935,0.614532988647859,-0.894848354671591,0.877637274232983,0.984441671579563,0.97761304063276,"ENSG00000106483/ENSG00000244731/ENSG00000224389",3
"GO:0007600","sensory perception","9/287","156/3645",0.0576923076923077,0.732712409541678,-0.997425338986446,0.87833697439627,0.984441671579563,0.97761304063276,"ENSG00000107562/ENSG00000143341/ENSG00000006128/ENSG00000130045/ENSG00000150594/ENSG00000112319/ENSG00000115255/ENSG00000133256/ENSG00000184564",9
"GO:0022407","regulation of cell-cell adhesion","10/287","171/3645",0.0584795321637427,0.742710434623143,-1.00738413755289,0.878879384648061,0.984441671579563,0.97761304063276,"ENSG00000107562/ENSG00000017427/ENSG00000074047/ENSG00000179388/ENSG00000138722/ENSG00000167244/ENSG00000100448/ENSG00000109906/ENSG00000174175/ENSG00000181092",10
"GO:0043436","oxoacid metabolic process","13/287","215/3645",0.0604651162790698,0.767928044728952,-1.02537947015401,0.879041295097819,0.984441671579563,0.97761304063276,"ENSG00000017427/ENSG00000163106/ENSG00000183044/ENSG00000277494/ENSG00000168477/ENSG00000196616/ENSG00000171954/ENSG00000167588/ENSG00000181092/ENSG00000186204/ENSG00000214456/ENSG00000197977/ENSG00000172425",13
"GO:0034329","cell junction assembly","11/287","186/3645",0.0591397849462366,0.75109587501405,-1.01859859259028,0.879899922640839,0.984441671579563,0.97761304063276,"ENSG00000185070/ENSG00000166086/ENSG00000013297/ENSG00000172260/ENSG00000173114/ENSG00000186868/ENSG00000121871/ENSG00000065618/ENSG00000178568/ENSG00000158258/ENSG00000184564",11
"GO:0009612","response to mechanical stimulus","4/287","79/3645",0.0506329113924051,0.643055616812949,-0.937590536570999,0.880435834003814,0.984441671579563,0.97761304063276,"ENSG00000107562/ENSG00000170345/ENSG00000125740/ENSG00000184564",4
"GO:0010977","negative regulation of neuron projection development","2/287","45/3645",0.0444444444444444,0.564459930313589,-0.859355596033383,0.880597456380538,0.984441671579563,0.97761304063276,"ENSG00000145147/ENSG00000165323",2
"GO:0019731","antibacterial humoral response","2/287","45/3645",0.0444444444444444,0.564459930313589,-0.859355596033383,0.880597456380538,0.984441671579563,0.97761304063276,"ENSG00000006128/ENSG00000100448",2
"GO:0030010","establishment of cell polarity","2/287","45/3645",0.0444444444444444,0.564459930313589,-0.859355596033383,0.880597456380538,0.984441671579563,0.97761304063276,"ENSG00000166086/ENSG00000070193",2
"GO:0072676","lymphocyte migration","2/287","45/3645",0.0444444444444444,0.564459930313589,-0.859355596033383,0.880597456380538,0.984441671579563,0.97761304063276,"ENSG00000107562/ENSG00000154721",2
"GO:0065003","protein-containing complex assembly","17/287","273/3645",0.0622710622710623,0.790864188076732,-1.0501606327497,0.880957903297621,0.984441671579563,0.97761304063276,"ENSG00000007237/ENSG00000145147/ENSG00000107562/ENSG00000166086/ENSG00000269113/ENSG00000049540/ENSG00000277586/ENSG00000254245/ENSG00000073282/ENSG00000186868/ENSG00000067798/ENSG00000034239/ENSG00000004838/ENSG00000091831/ENSG00000174175/ENSG00000171385/ENSG00000069702",17
"GO:0006970","response to osmotic stress","1/287","26/3645",0.0384615384615385,0.488474939694452,-0.765154407574399,0.882337956757651,0.984441671579563,0.97761304063276,"ENSG00000136546",1
"GO:0008380","RNA splicing","1/287","26/3645",0.0384615384615385,0.488474939694452,-0.765154407574399,0.882337956757651,0.984441671579563,0.97761304063276,"ENSG00000112183",1
"GO:0019751","polyol metabolic process","1/287","26/3645",0.0384615384615385,0.488474939694452,-0.765154407574399,0.882337956757651,0.984441671579563,0.97761304063276,"ENSG00000168350",1
"GO:0031396","regulation of protein ubiquitination","1/287","26/3645",0.0384615384615385,0.488474939694452,-0.765154407574399,0.882337956757651,0.984441671579563,0.97761304063276,"ENSG00000172425",1
"GO:0042100","B cell proliferation","1/287","26/3645",0.0384615384615385,0.488474939694452,-0.765154407574399,0.882337956757651,0.984441671579563,0.97761304063276,"ENSG00000175857",1
"GO:0061005","cell differentiation involved in kidney development","1/287","26/3645",0.0384615384615385,0.488474939694452,-0.765154407574399,0.882337956757651,0.984441671579563,0.97761304063276,"ENSG00000181092",1
"GO:0090102","cochlea development","1/287","26/3645",0.0384615384615385,0.488474939694452,-0.765154407574399,0.882337956757651,0.984441671579563,0.97761304063276,"ENSG00000184564",1
"GO:0090303","positive regulation of wound healing","1/287","26/3645",0.0384615384615385,0.488474939694452,-0.765154407574399,0.882337956757651,0.984441671579563,0.97761304063276,"ENSG00000150594",1
"GO:0098815","modulation of excitatory postsynaptic potential","1/287","26/3645",0.0384615384615385,0.488474939694452,-0.765154407574399,0.882337956757651,0.984441671579563,0.97761304063276,"ENSG00000169252",1
"GO:0120192","tight junction assembly","1/287","26/3645",0.0384615384615385,0.488474939694452,-0.765154407574399,0.882337956757651,0.984441671579563,0.97761304063276,"ENSG00000013297",1
"GO:1901992","positive regulation of mitotic cell cycle phase transition","1/287","26/3645",0.0384615384615385,0.488474939694452,-0.765154407574399,0.882337956757651,0.984441671579563,0.97761304063276,"ENSG00000070193",1
"GO:2001251","negative regulation of chromosome organization","1/287","26/3645",0.0384615384615385,0.488474939694452,-0.765154407574399,0.882337956757651,0.984441671579563,0.97761304063276,"ENSG00000120129",1
"GO:0050905","neuromuscular process","3/287","63/3645",0.0476190476190476,0.604778496764559,-0.924991700972696,0.884358342385822,0.984441671579563,0.97761304063276,"ENSG00000277586/ENSG00000184564/ENSG00000183117",3
"GO:0098662","inorganic cation transmembrane transport","16/287","260/3645",0.0615384615384615,0.781559903511123,-1.06838918661978,0.885473924835512,0.984441671579563,0.97761304063276,"ENSG00000149575/ENSG00000136546/ENSG00000177098/ENSG00000135914/ENSG00000155886/ENSG00000165646/ENSG00000115896/ENSG00000153253/ENSG00000139209/ENSG00000152049/ENSG00000171385/ENSG00000126562/ENSG00000124249/ENSG00000050438/ENSG00000106688/ENSG00000124205",16
"GO:0071695","anatomical structure maturation","5/287","96/3645",0.0520833333333333,0.661476480836237,-0.982564910416903,0.885560310100473,0.984441671579563,0.97761304063276,"ENSG00000017427/ENSG00000168329/ENSG00000082175/ENSG00000109906/ENSG00000162722",5
"GO:0007015","actin filament organization","6/287","112/3645",0.0535714285714286,0.680375808860129,-1.0043073040738,0.886716320050394,0.984441671579563,0.97761304063276,"ENSG00000145147/ENSG00000107562/ENSG00000079337/ENSG00000049540/ENSG00000006128/ENSG00000145703",6
"GO:0006082","organic acid metabolic process","13/287","217/3645",0.0599078341013825,0.760850366897349,-1.06186416753796,0.886716938404073,0.984441671579563,0.97761304063276,"ENSG00000017427/ENSG00000163106/ENSG00000183044/ENSG00000277494/ENSG00000168477/ENSG00000196616/ENSG00000171954/ENSG00000167588/ENSG00000181092/ENSG00000186204/ENSG00000214456/ENSG00000197977/ENSG00000172425",13
"GO:0098657","import into cell","18/287","289/3645",0.0622837370242214,0.791025161858144,-1.08223538457539,0.8869478306403,0.984441671579563,0.97761304063276,"ENSG00000007237/ENSG00000155886/ENSG00000162383/ENSG00000166428/ENSG00000187800/ENSG00000106483/ENSG00000163072/ENSG00000165646/ENSG00000169252/ENSG00000139209/ENSG00000103257/ENSG00000244731/ENSG00000224389/ENSG00000078053/ENSG00000103528/ENSG00000003989/ENSG00000181092/ENSG00000106688",18
"GO:0098660","inorganic ion transmembrane transport","18/287","289/3645",0.0622837370242214,0.791025161858144,-1.08223538457539,0.8869478306403,0.984441671579563,0.97761304063276,"ENSG00000149575/ENSG00000136546/ENSG00000177098/ENSG00000135914/ENSG00000155886/ENSG00000162383/ENSG00000165646/ENSG00000115896/ENSG00000153253/ENSG00000139209/ENSG00000152049/ENSG00000159212/ENSG00000171385/ENSG00000126562/ENSG00000124249/ENSG00000050438/ENSG00000106688/ENSG00000124205",18
"GO:0014013","regulation of gliogenesis","2/287","46/3645",0.0434782608695652,0.552189062263293,-0.893454573129107,0.888146288398356,0.984441671579563,0.97761304063276,"ENSG00000172260/ENSG00000103257",2
"GO:0021675","nerve development","2/287","46/3645",0.0434782608695652,0.552189062263293,-0.893454573129107,0.888146288398356,0.984441671579563,0.97761304063276,"ENSG00000064300/ENSG00000184564",2
"GO:0031647","regulation of protein stability","2/287","46/3645",0.0434782608695652,0.552189062263293,-0.893454573129107,0.888146288398356,0.984441671579563,0.97761304063276,"ENSG00000017427/ENSG00000277494",2
"GO:1901136","carbohydrate derivative catabolic process","2/287","46/3645",0.0434782608695652,0.552189062263293,-0.893454573129107,0.888146288398356,0.984441671579563,0.97761304063276,"ENSG00000017427/ENSG00000167588",2
"GO:0048598","embryonic morphogenesis","14/287","232/3645",0.0603448275862069,0.766400336417157,-1.07482521908122,0.888420118857364,0.984441671579563,0.97761304063276,"ENSG00000166147/ENSG00000135914/ENSG00000074047/ENSG00000167244/ENSG00000180875/ENSG00000073282/ENSG00000109906/ENSG00000120129/ENSG00000169083/ENSG00000070193/ENSG00000181092/ENSG00000120875/ENSG00000184564/ENSG00000144218",14
"GO:0072657","protein localization to membrane","7/287","128/3645",0.0546875,0.694550304878049,-1.02836735863908,0.889037385690978,0.984441671579563,0.97761304063276,"ENSG00000121871/ENSG00000169083/ENSG00000178568/ENSG00000181092/ENSG00000126562/ENSG00000184811/ENSG00000106688",7
"GO:0007163","establishment or maintenance of cell polarity","3/287","64/3645",0.046875,0.595328832752613,-0.954728473889805,0.890749419878879,0.984441671579563,0.97761304063276,"ENSG00000166086/ENSG00000017427/ENSG00000070193",3
"GO:0022408","negative regulation of cell-cell adhesion","3/287","64/3645",0.046875,0.595328832752613,-0.954728473889805,0.890749419878879,0.984441671579563,0.97761304063276,"ENSG00000107562/ENSG00000100448/ENSG00000181092",3
"GO:0042113","B cell activation","3/287","64/3645",0.046875,0.595328832752613,-0.954728473889805,0.890749419878879,0.984441671579563,0.97761304063276,"ENSG00000175857/ENSG00000078596/ENSG00000243649",3
"GO:0045619","regulation of lymphocyte differentiation","3/287","64/3645",0.046875,0.595328832752613,-0.954728473889805,0.890749419878879,0.984441671579563,0.97761304063276,"ENSG00000074047/ENSG00000179388/ENSG00000109906",3
"GO:0060078","regulation of postsynaptic membrane potential","3/287","64/3645",0.046875,0.595328832752613,-0.954728473889805,0.890749419878879,0.984441671579563,0.97761304063276,"ENSG00000162383/ENSG00000183044/ENSG00000169252",3
"GO:0030100","regulation of endocytosis","5/287","97/3645",0.0515463917525773,0.654657135672977,-1.00770713824421,0.890853328333314,0.984441671579563,0.97761304063276,"ENSG00000106483/ENSG00000244731/ENSG00000224389/ENSG00000103528/ENSG00000181092",5
"GO:0048705","skeletal system morphogenesis","5/287","97/3645",0.0515463917525773,0.654657135672977,-1.00770713824421,0.890853328333314,0.984441671579563,0.97761304063276,"ENSG00000183160/ENSG00000156427/ENSG00000106483/ENSG00000164946/ENSG00000136457",5
"GO:0010965","regulation of mitotic sister chromatid separation","1/287","27/3645",0.037037037037037,0.470383275261324,-0.807419211443996,0.891668989200468,0.984441671579563,0.97761304063276,"ENSG00000120129",1
"GO:0021545","cranial nerve development","1/287","27/3645",0.037037037037037,0.470383275261324,-0.807419211443996,0.891668989200468,0.984441671579563,0.97761304063276,"ENSG00000184564",1
"GO:0043113","receptor clustering","1/287","27/3645",0.037037037037037,0.470383275261324,-0.807419211443996,0.891668989200468,0.984441671579563,0.97761304063276,"ENSG00000121871",1
"GO:0043473","pigmentation","1/287","27/3645",0.037037037037037,0.470383275261324,-0.807419211443996,0.891668989200468,0.984441671579563,0.97761304063276,"ENSG00000124205",1
"GO:0048844","artery morphogenesis","1/287","27/3645",0.037037037037037,0.470383275261324,-0.807419211443996,0.891668989200468,0.984441671579563,0.97761304063276,"ENSG00000008196",1
"GO:0050795","regulation of behavior","1/287","27/3645",0.037037037037037,0.470383275261324,-0.807419211443996,0.891668989200468,0.984441671579563,0.97761304063276,"ENSG00000135914",1
"GO:0051306","mitotic sister chromatid separation","1/287","27/3645",0.037037037037037,0.470383275261324,-0.807419211443996,0.891668989200468,0.984441671579563,0.97761304063276,"ENSG00000120129",1
"GO:0051784","negative regulation of nuclear division","1/287","27/3645",0.037037037037037,0.470383275261324,-0.807419211443996,0.891668989200468,0.984441671579563,0.97761304063276,"ENSG00000120129",1
"GO:0065004","protein-DNA complex assembly","1/287","27/3645",0.037037037037037,0.470383275261324,-0.807419211443996,0.891668989200468,0.984441671579563,0.97761304063276,"ENSG00000091831",1
"GO:0097120","receptor localization to synapse","1/287","27/3645",0.037037037037037,0.470383275261324,-0.807419211443996,0.891668989200468,0.984441671579563,0.97761304063276,"ENSG00000178568",1
"GO:1905517","macrophage migration","1/287","27/3645",0.037037037037037,0.470383275261324,-0.807419211443996,0.891668989200468,0.984441671579563,0.97761304063276,"ENSG00000168329",1
"GO:0031344","regulation of cell projection organization","11/287","189/3645",0.0582010582010582,0.739173718267795,-1.0764284608813,0.891912524113337,0.984441671579563,0.97761304063276,"ENSG00000145147/ENSG00000107562/ENSG00000277586/ENSG00000172260/ENSG00000165323/ENSG00000173376/ENSG00000145536/ENSG00000186868/ENSG00000145934/ENSG00000004838/ENSG00000171798",11
"GO:0051249","regulation of lymphocyte activation","8/287","144/3645",0.0555555555555556,0.705574912891986,-1.05377960639807,0.892054952319562,0.984441671579563,0.97761304063276,"ENSG00000017427/ENSG00000074047/ENSG00000179388/ENSG00000167244/ENSG00000006128/ENSG00000100448/ENSG00000109906/ENSG00000070193",8
"GO:0048839","inner ear development","4/287","81/3645",0.0493827160493827,0.627177700348432,-0.991894151005464,0.892081544536358,0.984441671579563,0.97761304063276,"ENSG00000017427/ENSG00000112319/ENSG00000070193/ENSG00000184564",4
"GO:0002698","negative regulation of immune effector process","2/287","47/3645",0.0425531914893617,0.540440358810883,-0.926936572657871,0.895251806277545,0.985914863329843,0.979076013511707,"ENSG00000168329/ENSG00000137033",2
"GO:0007254","JNK cascade","2/287","47/3645",0.0425531914893617,0.540440358810883,-0.926936572657871,0.895251806277545,0.985914863329843,0.979076013511707,"ENSG00000168477/ENSG00000131080",2
"GO:0010976","positive regulation of neuron projection development","2/287","47/3645",0.0425531914893617,0.540440358810883,-0.926936572657871,0.895251806277545,0.985914863329843,0.979076013511707,"ENSG00000172260/ENSG00000173376",2
"GO:0042472","inner ear morphogenesis","2/287","47/3645",0.0425531914893617,0.540440358810883,-0.926936572657871,0.895251806277545,0.985914863329843,0.979076013511707,"ENSG00000070193/ENSG00000184564",2
"GO:1903035","negative regulation of response to wounding","2/287","47/3645",0.0425531914893617,0.540440358810883,-0.926936572657871,0.895251806277545,0.985914863329843,0.979076013511707,"ENSG00000138722/ENSG00000137033",2
"GO:0032535","regulation of cellular component size","5/287","98/3645",0.0510204081632653,0.647976960819171,-1.03262662431137,0.895935212303082,0.986263106658229,0.979421841232101,"ENSG00000145147/ENSG00000107562/ENSG00000049540/ENSG00000277586/ENSG00000186868",5
"GO:0071466","cellular response to xenobiotic stimulus","3/287","65/3645",0.0461538461538462,0.586169927633342,-0.984072280204726,0.896823450739131,0.986432345898979,0.97958990653604,"ENSG00000181092/ENSG00000126562/ENSG00000186204",3
"GO:0072330","monocarboxylic acid biosynthetic process","3/287","65/3645",0.0461538461538462,0.586169927633342,-0.984072280204726,0.896823450739131,0.986432345898979,0.97958990653604,"ENSG00000163106/ENSG00000277494/ENSG00000197977",3
"GO:0044282","small molecule catabolic process","4/287","82/3645",0.0487804878048781,0.619529191807598,-1.01861517663056,0.897524398164128,0.986578880443635,0.979735424636193,"ENSG00000183044/ENSG00000181092/ENSG00000186204/ENSG00000214456",4
"GO:0050767","regulation of neurogenesis","7/287","130/3645",0.0538461538461538,0.683864915572233,-1.07293026084425,0.898008730621455,0.986578880443635,0.979735424636193,"ENSG00000145147/ENSG00000107562/ENSG00000168329/ENSG00000277586/ENSG00000172260/ENSG00000186868/ENSG00000103257",7
"GO:0002704","negative regulation of leukocyte mediated immunity","1/287","28/3645",0.0357142857142857,0.45358387257342,-0.848433986126349,0.900262411007949,0.986578880443635,0.979735424636193,"ENSG00000168329",1
"GO:0002920","regulation of humoral immune response","1/287","28/3645",0.0357142857142857,0.45358387257342,-0.848433986126349,0.900262411007949,0.986578880443635,0.979735424636193,"ENSG00000110169",1
"GO:0030239","myofibril assembly","1/287","28/3645",0.0357142857142857,0.45358387257342,-0.848433986126349,0.900262411007949,0.986578880443635,0.979735424636193,"ENSG00000154330",1
"GO:0034341","response to type II interferon","1/287","28/3645",0.0357142857142857,0.45358387257342,-0.848433986126349,0.900262411007949,0.986578880443635,0.979735424636193,"ENSG00000110169",1
"GO:0045921","positive regulation of exocytosis","1/287","28/3645",0.0357142857142857,0.45358387257342,-0.848433986126349,0.900262411007949,0.986578880443635,0.979735424636193,"ENSG00000050438",1
"GO:0046330","positive regulation of JNK cascade","1/287","28/3645",0.0357142857142857,0.45358387257342,-0.848433986126349,0.900262411007949,0.986578880443635,0.979735424636193,"ENSG00000131080",1
"GO:0051145","smooth muscle cell differentiation","1/287","28/3645",0.0357142857142857,0.45358387257342,-0.848433986126349,0.900262411007949,0.986578880443635,0.979735424636193,"ENSG00000070193",1
"GO:0002062","chondrocyte differentiation","2/287","48/3645",0.0416666666666667,0.52918118466899,-0.959829285494722,0.901936723589618,0.987521478405092,0.980671484217778,"ENSG00000156427/ENSG00000109906",2
"GO:0051260","protein homooligomerization","2/287","48/3645",0.0416666666666667,0.52918118466899,-0.959829285494722,0.901936723589618,0.987521478405092,0.980671484217778,"ENSG00000186868/ENSG00000171385",2
"GO:0051640","organelle localization","7/287","131/3645",0.0534351145038168,0.678644572705269,-1.09499010556721,0.902260331025559,0.987521478405092,0.980671484217778,"ENSG00000179639/ENSG00000277586/ENSG00000165646/ENSG00000186868/ENSG00000162722/ENSG00000070193/ENSG00000214456",7
"GO:0002440","production of molecular mediator of immune response","3/287","66/3645",0.0454545454545455,0.577288565093443,-1.01303605219847,0.902593160642033,0.987521478405092,0.980671484217778,"ENSG00000103257/ENSG00000137033/ENSG00000110169",3
"GO:0007369","gastrulation","3/287","67/3645",0.0447761194029851,0.568672317853242,-1.04163209124844,0.908071029864337,0.988847513626591,0.981988321326873,"ENSG00000120129/ENSG00000181092/ENSG00000120875",3
"GO:0006397","mRNA processing","1/287","29/3645",0.0344827586206897,0.437943049381233,-0.888290254596509,0.908176341901153,0.988847513626591,0.981988321326873,"ENSG00000112183",1
"GO:0006401","RNA catabolic process","1/287","29/3645",0.0344827586206897,0.437943049381233,-0.888290254596509,0.908176341901153,0.988847513626591,0.981988321326873,"ENSG00000112183",1
"GO:0048663","neuron fate commitment","1/287","29/3645",0.0344827586206897,0.437943049381233,-0.888290254596509,0.908176341901153,0.988847513626591,0.981988321326873,"ENSG00000074047",1
"GO:1903036","positive regulation of response to wounding","1/287","29/3645",0.0344827586206897,0.437943049381233,-0.888290254596509,0.908176341901153,0.988847513626591,0.981988321326873,"ENSG00000150594",1
"GO:2000106","regulation of leukocyte apoptotic process","1/287","29/3645",0.0344827586206897,0.437943049381233,-0.888290254596509,0.908176341901153,0.988847513626591,0.981988321326873,"ENSG00000107562",1
"GO:0001909","leukocyte mediated cytotoxicity","2/287","49/3645",0.0408163265306122,0.518381568655337,-0.992158560610811,0.908222939730752,0.988847513626591,0.981988321326873,"ENSG00000168329/ENSG00000100448",2
"GO:0006281","DNA repair","2/287","49/3645",0.0408163265306122,0.518381568655337,-0.992158560610811,0.908222939730752,0.988847513626591,0.981988321326873,"ENSG00000112319/ENSG00000070193",2
"GO:0007292","female gamete generation","2/287","49/3645",0.0408163265306122,0.518381568655337,-0.992158560610811,0.908222939730752,0.988847513626591,0.981988321326873,"ENSG00000017427/ENSG00000082175",2
"GO:0030308","negative regulation of cell growth","2/287","49/3645",0.0408163265306122,0.518381568655337,-0.992158560610811,0.908222939730752,0.988847513626591,0.981988321326873,"ENSG00000145147/ENSG00000164530",2
"GO:0046434","organophosphate catabolic process","2/287","49/3645",0.0408163265306122,0.518381568655337,-0.992158560610811,0.908222939730752,0.988847513626591,0.981988321326873,"ENSG00000017427/ENSG00000167588",2
"GO:1905475","regulation of protein localization to membrane","2/287","49/3645",0.0408163265306122,0.518381568655337,-0.992158560610811,0.908222939730752,0.988847513626591,0.981988321326873,"ENSG00000169083/ENSG00000126562",2
"GO:0030855","epithelial cell differentiation","15/287","254/3645",0.0590551181102362,0.750020576696206,-1.20738843560855,0.912389627711831,0.992981580240671,0.98609371177249,"ENSG00000196159/ENSG00000017427/ENSG00000074047/ENSG00000082175/ENSG00000079337/ENSG00000106483/ENSG00000073282/ENSG00000169083/ENSG00000178568/ENSG00000091831/ENSG00000070193/ENSG00000181092/ENSG00000184564/ENSG00000159307/ENSG00000133321",15
"GO:1903038","negative regulation of leukocyte cell-cell adhesion","2/287","50/3645",0.04,0.50801393728223,-1.02394856430722,0.914131526937147,0.99350998338691,0.986618449622773,"ENSG00000107562/ENSG00000100448",2
"GO:0010256","endomembrane system organization","5/287","102/3645",0.0490196078431373,0.622566099610576,-1.13017371221094,0.914274274265665,0.99350998338691,0.986618449622773,"ENSG00000168497/ENSG00000170743/ENSG00000169083/ENSG00000186399/ENSG00000115255",5
"GO:0019730","antimicrobial humoral response","5/287","102/3645",0.0490196078431373,0.622566099610576,-1.13017371221094,0.914274274265665,0.99350998338691,0.986618449622773,"ENSG00000107562/ENSG00000006128/ENSG00000276409/ENSG00000100448/ENSG00000145777",5
"GO:0035821","modulation of process of another organism","1/287","30/3645",0.0333333333333333,0.423344947735192,-0.927069652075074,0.915464336888534,0.99350998338691,0.986618449622773,"ENSG00000168329",1
"GO:0071824","protein-DNA complex organization","1/287","30/3645",0.0333333333333333,0.423344947735192,-0.927069652075074,0.915464336888534,0.99350998338691,0.986618449622773,"ENSG00000091831",1
"GO:0098900","regulation of action potential","1/287","30/3645",0.0333333333333333,0.423344947735192,-0.927069652075074,0.915464336888534,0.99350998338691,0.986618449622773,"ENSG00000006128",1
"GO:1905818","regulation of chromosome separation","1/287","30/3645",0.0333333333333333,0.423344947735192,-0.927069652075074,0.915464336888534,0.99350998338691,0.986618449622773,"ENSG00000120129",1
"GO:0030217","T cell differentiation","4/287","86/3645",0.0465116279069767,0.590713880560732,-1.12279904464574,0.91695859870406,0.994187994672237,0.987291757847493,"ENSG00000074047/ENSG00000179388/ENSG00000120738/ENSG00000109906",4
"GO:0000280","nuclear division","5/287","103/3645",0.0485436893203883,0.616521768546396,-1.15405056072078,0.918392320318438,0.994187994672237,0.987291757847493,"ENSG00000017427/ENSG00000169515/ENSG00000167244/ENSG00000120129/ENSG00000124205",5
"GO:0051208","sequestering of calcium ion","2/287","51/3645",0.0392156862745098,0.498052879688461,-1.05522192270075,0.91968272436361,0.994187994672237,0.987291757847493,"ENSG00000135914/ENSG00000115896",2
"GO:0051209","release of sequestered calcium ion into cytosol","2/287","51/3645",0.0392156862745098,0.498052879688461,-1.05522192270075,0.91968272436361,0.994187994672237,0.987291757847493,"ENSG00000135914/ENSG00000115896",2
"GO:0051282","regulation of sequestering of calcium ion","2/287","51/3645",0.0392156862745098,0.498052879688461,-1.05522192270075,0.91968272436361,0.994187994672237,0.987291757847493,"ENSG00000135914/ENSG00000115896",2
"GO:0051283","negative regulation of sequestering of calcium ion","2/287","51/3645",0.0392156862745098,0.498052879688461,-1.05522192270075,0.91968272436361,0.994187994672237,0.987291757847493,"ENSG00000135914/ENSG00000115896",2
"GO:0051051","negative regulation of transport","6/287","120/3645",0.05,0.635017421602787,-1.18842829668177,0.921207026276912,0.994187994672237,0.987291757847493,"ENSG00000050628/ENSG00000183044/ENSG00000106483/ENSG00000150594/ENSG00000181092/ENSG00000126562",6
"GO:0007091","metaphase/anaphase transition of mitotic cell cycle","1/287","31/3645",0.032258064516129,0.409688659098573,-0.964845301418844,0.922175743614119,0.994187994672237,0.987291757847493,"ENSG00000120129",1
"GO:0007338","single fertilization","1/287","31/3645",0.032258064516129,0.409688659098573,-0.964845301418844,0.922175743614119,0.994187994672237,0.987291757847493,"ENSG00000169083",1
"GO:0007368","determination of left/right symmetry","1/287","31/3645",0.032258064516129,0.409688659098573,-0.964845301418844,0.922175743614119,0.994187994672237,0.987291757847493,"ENSG00000070193",1
"GO:0009798","axis specification","1/287","31/3645",0.032258064516129,0.409688659098573,-0.964845301418844,0.922175743614119,0.994187994672237,0.987291757847493,"ENSG00000070193",1
"GO:0030071","regulation of mitotic metaphase/anaphase transition","1/287","31/3645",0.032258064516129,0.409688659098573,-0.964845301418844,0.922175743614119,0.994187994672237,0.987291757847493,"ENSG00000120129",1
"GO:0051304","chromosome separation","1/287","31/3645",0.032258064516129,0.409688659098573,-0.964845301418844,0.922175743614119,0.994187994672237,0.987291757847493,"ENSG00000120129",1
"GO:0007162","negative regulation of cell adhesion","5/287","104/3645",0.0480769230769231,0.610593674618065,-1.17773205229901,0.922335642597126,0.994187994672237,0.987291757847493,"ENSG00000107562/ENSG00000166086/ENSG00000100448/ENSG00000120129/ENSG00000181092",5
"GO:0009615","response to virus","3/287","70/3645",0.0428571428571429,0.544300647088104,-1.12532818263329,0.922874258637836,0.994187994672237,0.987291757847493,"ENSG00000107562/ENSG00000074047/ENSG00000137033",3
"GO:0002443","leukocyte mediated immunity","9/287","168/3645",0.0535714285714286,0.680375808860129,-1.23988590826634,0.923804945109347,0.994187994672237,0.987291757847493,"ENSG00000168329/ENSG00000179639/ENSG00000165646/ENSG00000100448/ENSG00000112936/ENSG00000244731/ENSG00000224389/ENSG00000039537/ENSG00000110169",9
"GO:0098655","monoatomic cation transmembrane transport","16/287","273/3645",0.0586080586080586,0.744342765248689,-1.28376465486447,0.924107503076046,0.994187994672237,0.987291757847493,"ENSG00000149575/ENSG00000136546/ENSG00000177098/ENSG00000135914/ENSG00000155886/ENSG00000165646/ENSG00000115896/ENSG00000153253/ENSG00000139209/ENSG00000152049/ENSG00000171385/ENSG00000126562/ENSG00000124249/ENSG00000050438/ENSG00000106688/ENSG00000124205",16
"GO:0006897","endocytosis","11/287","199/3645",0.0552763819095477,0.702029310314639,-1.26366580753614,0.92506406070741,0.994187994672237,0.987291757847493,"ENSG00000007237/ENSG00000166428/ENSG00000187800/ENSG00000106483/ENSG00000163072/ENSG00000169252/ENSG00000244731/ENSG00000224389/ENSG00000078053/ENSG00000103528/ENSG00000181092",11
"GO:0002252","immune effector process","14/287","244/3645",0.0573770491803279,0.728708516593363,-1.28238238568768,0.925265660686196,0.994187994672237,0.987291757847493,"ENSG00000168329/ENSG00000179639/ENSG00000175857/ENSG00000165646/ENSG00000100448/ENSG00000078596/ENSG00000112936/ENSG00000103257/ENSG00000244731/ENSG00000224389/ENSG00000039537/ENSG00000243649/ENSG00000137033/ENSG00000110169",14
"GO:0002253","activation of immune response","8/287","153/3645",0.0522875816993464,0.664070506251281,-1.24092781706702,0.925501216175389,0.994187994672237,0.987291757847493,"ENSG00000134830/ENSG00000112936/ENSG00000102010/ENSG00000244731/ENSG00000224389/ENSG00000039537/ENSG00000091831/ENSG00000243649",8
"GO:0046649","lymphocyte activation","12/287","215/3645",0.0558139534883721,0.708856656672879,-1.2863786439467,0.927534561984644,0.994187994672237,0.987291757847493,"ENSG00000017427/ENSG00000074047/ENSG00000175857/ENSG00000179388/ENSG00000167244/ENSG00000006128/ENSG00000120738/ENSG00000100448/ENSG00000078596/ENSG00000109906/ENSG00000243649/ENSG00000070193",12
"GO:0021700","developmental maturation","6/287","122/3645",0.0491803278688525,0.624607299937168,-1.23281867169558,0.928250308459321,0.994187994672237,0.987291757847493,"ENSG00000017427/ENSG00000168329/ENSG00000082175/ENSG00000277586/ENSG00000109906/ENSG00000162722",6
"GO:0009063","amino acid catabolic process","1/287","32/3645",0.03125,0.396885888501742,-1.00168295813793,0.928356031821852,0.994187994672237,0.987291757847493,"ENSG00000183044",1
"GO:0014015","positive regulation of gliogenesis","1/287","32/3645",0.03125,0.396885888501742,-1.00168295813793,0.928356031821852,0.994187994672237,0.987291757847493,"ENSG00000103257",1
"GO:0044784","metaphase/anaphase transition of cell cycle","1/287","32/3645",0.03125,0.396885888501742,-1.00168295813793,0.928356031821852,0.994187994672237,0.987291757847493,"ENSG00000120129",1
"GO:0045931","positive regulation of mitotic cell cycle","1/287","32/3645",0.03125,0.396885888501742,-1.00168295813793,0.928356031821852,0.994187994672237,0.987291757847493,"ENSG00000070193",1
"GO:0048477","oogenesis","1/287","32/3645",0.03125,0.396885888501742,-1.00168295813793,0.928356031821852,0.994187994672237,0.987291757847493,"ENSG00000017427",1
"GO:0048534","hematopoietic or lymphoid organ development","1/287","32/3645",0.03125,0.396885888501742,-1.00168295813793,0.928356031821852,0.994187994672237,0.987291757847493,"ENSG00000070193",1
"GO:0050853","B cell receptor signaling pathway","1/287","32/3645",0.03125,0.396885888501742,-1.00168295813793,0.928356031821852,0.994187994672237,0.987291757847493,"ENSG00000102010",1
"GO:0060972","left/right pattern formation","1/287","32/3645",0.03125,0.396885888501742,-1.00168295813793,0.928356031821852,0.994187994672237,0.987291757847493,"ENSG00000070193",1
"GO:1902099","regulation of metaphase/anaphase transition of cell cycle","1/287","32/3645",0.03125,0.396885888501742,-1.00168295813793,0.928356031821852,0.994187994672237,0.987291757847493,"ENSG00000120129",1
"GO:0046394","carboxylic acid biosynthetic process","4/287","89/3645",0.0449438202247191,0.570802176721607,-1.19828859137147,0.929307943231062,0.994187994672237,0.987291757847493,"ENSG00000163106/ENSG00000183044/ENSG00000277494/ENSG00000197977",4
"GO:1901987","regulation of cell cycle phase transition","4/287","89/3645",0.0449438202247191,0.570802176721607,-1.19828859137147,0.929307943231062,0.994187994672237,0.987291757847493,"ENSG00000169184/ENSG00000073282/ENSG00000120129/ENSG00000070193",4
"GO:0060429","epithelium development","26/287","419/3645",0.0620525059665871,0.788088446857875,-1.34778075600174,0.929308506700075,0.994187994672237,0.987291757847493,"ENSG00000145147/ENSG00000019991/ENSG00000196159/ENSG00000017427/ENSG00000074047/ENSG00000082175/ENSG00000079337/ENSG00000106483/ENSG00000145536/ENSG00000090539/ENSG00000073282/ENSG00000064300/ENSG00000169083/ENSG00000178568/ENSG00000091831/ENSG00000141449/ENSG00000196208/ENSG00000171236/ENSG00000070193/ENSG00000181092/ENSG00000126562/ENSG00000184564/ENSG00000008196/ENSG00000159307/ENSG00000133321/ENSG00000183117",26
"GO:0001704","formation of primary germ layer","2/287","53/3645",0.0377358490566038,0.47925843139833,-1.11630226098979,0.929789746921012,0.994187994672237,0.987291757847493,"ENSG00000120129/ENSG00000120875",2
"GO:0050777","negative regulation of immune response","2/287","53/3645",0.0377358490566038,0.47925843139833,-1.11630226098979,0.929789746921012,0.994187994672237,0.987291757847493,"ENSG00000115602/ENSG00000137033",2
"GO:0034220","monoatomic ion transmembrane transport","19/287","320/3645",0.059375,0.75408318815331,-1.34634750790827,0.931714280943438,0.994187994672237,0.987291757847493,"ENSG00000149575/ENSG00000136546/ENSG00000177098/ENSG00000135914/ENSG00000155886/ENSG00000162383/ENSG00000165646/ENSG00000115896/ENSG00000153253/ENSG00000139209/ENSG00000152049/ENSG00000159212/ENSG00000103534/ENSG00000171385/ENSG00000126562/ENSG00000124249/ENSG00000050438/ENSG00000106688/ENSG00000124205",19
"GO:0000910","cytokinesis","1/287","33/3645",0.0303030303030303,0.384859043395629,-1.03764196968215,0.934047097104755,0.994187994672237,0.987291757847493,"ENSG00000145703",1
"GO:0001523","retinoid metabolic process","1/287","33/3645",0.0303030303030303,0.384859043395629,-1.03764196968215,0.934047097104755,0.994187994672237,0.987291757847493,"ENSG00000196616",1
"GO:0001892","embryonic placenta development","1/287","33/3645",0.0303030303030303,0.384859043395629,-1.03764196968215,0.934047097104755,0.994187994672237,0.987291757847493,"ENSG00000167244",1
"GO:0002824","positive regulation of adaptive immune response based on somatic recombination of immune receptors built from immunoglobulin superfamily domains","1/287","33/3645",0.0303030303030303,0.384859043395629,-1.03764196968215,0.934047097104755,0.994187994672237,0.987291757847493,"ENSG00000110169",1
"GO:0016101","diterpenoid metabolic process","1/287","33/3645",0.0303030303030303,0.384859043395629,-1.03764196968215,0.934047097104755,0.994187994672237,0.987291757847493,"ENSG00000196616",1
"GO:0016197","endosomal transport","1/287","33/3645",0.0303030303030303,0.384859043395629,-1.03764196968215,0.934047097104755,0.994187994672237,0.987291757847493,"ENSG00000184811",1
"GO:0045666","positive regulation of neuron differentiation","1/287","33/3645",0.0303030303030303,0.384859043395629,-1.03764196968215,0.934047097104755,0.994187994672237,0.987291757847493,"ENSG00000107562",1
"GO:0071887","leukocyte apoptotic process","1/287","33/3645",0.0303030303030303,0.384859043395629,-1.03764196968215,0.934047097104755,0.994187994672237,0.987291757847493,"ENSG00000107562",1
"GO:0072678","T cell migration","1/287","33/3645",0.0303030303030303,0.384859043395629,-1.03764196968215,0.934047097104755,0.994187994672237,0.987291757847493,"ENSG00000107562",1
"GO:0031345","negative regulation of cell projection organization","2/287","54/3645",0.037037037037037,0.470383275261324,-1.14614787931179,0.93438191085502,0.994187994672237,0.987291757847493,"ENSG00000145147/ENSG00000165323",2
"GO:0003002","regionalization","8/287","156/3645",0.0512820512820513,0.651299919592602,-1.30122874507031,0.934465973128172,0.994187994672237,0.987291757847493,"ENSG00000038295/ENSG00000074047/ENSG00000180875/ENSG00000090539/ENSG00000073282/ENSG00000109906/ENSG00000169083/ENSG00000070193",8
"GO:0050863","regulation of T cell activation","6/287","124/3645",0.0483870967741935,0.614532988647859,-1.27659997999667,0.934735583376112,0.994187994672237,0.987291757847493,"ENSG00000017427/ENSG00000074047/ENSG00000179388/ENSG00000167244/ENSG00000100448/ENSG00000109906",6
"GO:0016358","dendrite development","3/287","73/3645",0.0410958904109589,0.521932127344757,-1.20610481313474,0.935472521643983,0.994187994672237,0.987291757847493,"ENSG00000046889/ENSG00000165323/ENSG00000171798",3
"GO:0080134","regulation of response to stress","19/287","322/3645",0.0590062111801242,0.749399441643041,-1.37668501789174,0.935897276403136,0.994187994672237,0.987291757847493,"ENSG00000107562/ENSG00000019991/ENSG00000017427/ENSG00000115602/ENSG00000050628/ENSG00000138722/ENSG00000006128/ENSG00000150594/ENSG00000186868/ENSG00000092009/ENSG00000112319/ENSG00000091831/ENSG00000137033/ENSG00000070193/ENSG00000170323/ENSG00000181092/ENSG00000110169/ENSG00000144891/ENSG00000145777",19
"GO:0016053","organic acid biosynthetic process","4/287","91/3645",0.043956043956044,0.558257073936516,-1.24744490807287,0.936597394479201,0.994187994672237,0.987291757847493,"ENSG00000163106/ENSG00000183044/ENSG00000277494/ENSG00000197977",4
"GO:0001890","placenta development","2/287","55/3645",0.0363636363636364,0.461830852074754,-1.1755543260968,0.93868938538072,0.994187994672237,0.987291757847493,"ENSG00000167244/ENSG00000113739",2
"GO:0002285","lymphocyte activation involved in immune response","2/287","55/3645",0.0363636363636364,0.461830852074754,-1.1755543260968,0.93868938538072,0.994187994672237,0.987291757847493,"ENSG00000175857/ENSG00000078596",2
"GO:0008361","regulation of cell size","2/287","55/3645",0.0363636363636364,0.461830852074754,-1.1755543260968,0.93868938538072,0.994187994672237,0.987291757847493,"ENSG00000107562/ENSG00000186868",2
"GO:0001910","regulation of leukocyte mediated cytotoxicity","1/287","34/3645",0.0294117647058824,0.373539659766346,-1.07277608389414,0.939287540939455,0.994187994672237,0.987291757847493,"ENSG00000168329",1
"GO:0002708","positive regulation of lymphocyte mediated immunity","1/287","34/3645",0.0294117647058824,0.373539659766346,-1.07277608389414,0.939287540939455,0.994187994672237,0.987291757847493,"ENSG00000110169",1
"GO:0002821","positive regulation of adaptive immune response","1/287","34/3645",0.0294117647058824,0.373539659766346,-1.07277608389414,0.939287540939455,0.994187994672237,0.987291757847493,"ENSG00000110169",1
"GO:0033045","regulation of sister chromatid segregation","1/287","34/3645",0.0294117647058824,0.373539659766346,-1.07277608389414,0.939287540939455,0.994187994672237,0.987291757847493,"ENSG00000120129",1
"GO:0046928","regulation of neurotransmitter secretion","1/287","34/3645",0.0294117647058824,0.373539659766346,-1.07277608389414,0.939287540939455,0.994187994672237,0.987291757847493,"ENSG00000050438",1
"GO:0051090","regulation of DNA-binding transcription factor activity","1/287","34/3645",0.0294117647058824,0.373539659766346,-1.07277608389414,0.939287540939455,0.994187994672237,0.987291757847493,"ENSG00000091831",1
"GO:0097306","cellular response to alcohol","1/287","34/3645",0.0294117647058824,0.373539659766346,-1.07277608389414,0.939287540939455,0.994187994672237,0.987291757847493,"ENSG00000170345",1
"GO:0030182","neuron differentiation","30/287","481/3645",0.0623700623700624,0.792121523828841,-1.43038718971679,0.93940771797399,0.994187994672237,0.987291757847493,"ENSG00000196569/ENSG00000007237/ENSG00000145147/ENSG00000107562/ENSG00000185070/ENSG00000196159/ENSG00000046889/ENSG00000074047/ENSG00000277586/ENSG00000172260/ENSG00000165323/ENSG00000134121/ENSG00000168477/ENSG00000173376/ENSG00000196090/ENSG00000186868/ENSG00000153993/ENSG00000064300/ENSG00000121871/ENSG00000145934/ENSG00000170345/ENSG00000178568/ENSG00000154654/ENSG00000103528/ENSG00000151892/ENSG00000184564/ENSG00000012171/ENSG00000172425/ENSG00000124205/ENSG00000171798",30
"GO:0043583","ear development","4/287","92/3645",0.0434782608695652,0.552189062263293,-1.27168864516825,0.939981193399077,0.994378391299723,0.987480833778853,"ENSG00000017427/ENSG00000112319/ENSG00000070193/ENSG00000184564",4
"GO:0007389","pattern specification process","9/287","174/3645",0.0517241379310345,0.656914574071849,-1.35562438954483,0.940492212418828,0.994378391299723,0.987480833778853,"ENSG00000038295/ENSG00000074047/ENSG00000180875/ENSG00000090539/ENSG00000073282/ENSG00000109906/ENSG00000169083/ENSG00000178568/ENSG00000070193",9
"GO:0043588","skin development","6/287","126/3645",0.0476190476190476,0.604778496764559,-1.31979351917887,0.940698247316678,0.994378391299723,0.987480833778853,"ENSG00000074047/ENSG00000073282/ENSG00000064300/ENSG00000070193/ENSG00000008196/ENSG00000133321",6
"GO:0035270","endocrine system development","2/287","56/3645",0.0357142857142857,0.45358387257342,-1.20453820686278,0.942728337108302,0.995022494140232,0.988120468766449,"ENSG00000074047/ENSG00000070193",2
"GO:0042471","ear morphogenesis","2/287","56/3645",0.0357142857142857,0.45358387257342,-1.20453820686278,0.942728337108302,0.995022494140232,0.988120468766449,"ENSG00000070193/ENSG00000184564",2
"GO:0061351","neural precursor cell proliferation","2/287","56/3645",0.0357142857142857,0.45358387257342,-1.20453820686278,0.942728337108302,0.995022494140232,0.988120468766449,"ENSG00000017427/ENSG00000168329",2
"GO:1903034","regulation of response to wounding","3/287","75/3645",0.04,0.50801393728223,-1.25845911368379,0.942789369913213,0.995022494140232,0.988120468766449,"ENSG00000138722/ENSG00000150594/ENSG00000137033",3
"GO:0007093","mitotic cell cycle checkpoint signaling","1/287","35/3645",0.0285714285714286,0.362867098058736,-1.10713413413264,0.944112928851495,0.995636955985518,0.988730668365131,"ENSG00000120129",1
"GO:0086065","cell communication involved in cardiac conduction","1/287","35/3645",0.0285714285714286,0.362867098058736,-1.10713413413264,0.944112928851495,0.995636955985518,0.988730668365131,"ENSG00000177098",1
"GO:0048699","generation of neurons","31/287","499/3645",0.062124248496994,0.788999601991439,-1.48300964242393,0.945590781675655,0.996804097166723,0.989889713610721,"ENSG00000196569/ENSG00000007237/ENSG00000145147/ENSG00000107562/ENSG00000185070/ENSG00000196159/ENSG00000046889/ENSG00000168329/ENSG00000074047/ENSG00000277586/ENSG00000172260/ENSG00000165323/ENSG00000134121/ENSG00000168477/ENSG00000173376/ENSG00000196090/ENSG00000186868/ENSG00000153993/ENSG00000064300/ENSG00000121871/ENSG00000145934/ENSG00000170345/ENSG00000178568/ENSG00000154654/ENSG00000103528/ENSG00000151892/ENSG00000184564/ENSG00000012171/ENSG00000172425/ENSG00000124205/ENSG00000171798",31
"GO:0060070","canonical Wnt signaling pathway","4/287","94/3645",0.0425531914893617,0.540440358810883,-1.31953300926958,0.946261966463792,0.997120298910061,0.990203722004191,"ENSG00000144642/ENSG00000106483/ENSG00000120738/ENSG00000070193",4
"GO:0009566","fertilization","1/287","36/3645",0.0277777777777778,0.352787456445993,-1.14076062290799,0.948556028413717,0.997580850555694,0.990661079009339,"ENSG00000169083",1
"GO:0046634","regulation of alpha-beta T cell activation","1/287","36/3645",0.0277777777777778,0.352787456445993,-1.14076062290799,0.948556028413717,0.997580850555694,0.990661079009339,"ENSG00000109906",1
"GO:0048708","astrocyte differentiation","1/287","36/3645",0.0277777777777778,0.352787456445993,-1.14076062290799,0.948556028413717,0.997580850555694,0.990661079009339,"ENSG00000186868",1
"GO:0070664","negative regulation of leukocyte proliferation","1/287","36/3645",0.0277777777777778,0.352787456445993,-1.14076062290799,0.948556028413717,0.997580850555694,0.990661079009339,"ENSG00000137033",1
"GO:1902850","microtubule cytoskeleton organization involved in mitosis","1/287","36/3645",0.0277777777777778,0.352787456445993,-1.14076062290799,0.948556028413717,0.997580850555694,0.990661079009339,"ENSG00000070193",1
"GO:0097553","calcium ion transmembrane import into cytosol","3/287","77/3645",0.038961038961039,0.494818770080094,-1.30969428450468,0.949332814176927,0.997918197767394,0.990996086194528,"ENSG00000135914/ENSG00000155886/ENSG00000115896",3
"GO:0043269","regulation of monoatomic ion transport","8/287","162/3645",0.0493827160493827,0.627177700348432,-1.41896746441795,0.949619848657282,0.997918197767394,0.990996086194528,"ENSG00000149575/ENSG00000107562/ENSG00000177098/ENSG00000150594/ENSG00000169252/ENSG00000113739/ENSG00000126562/ENSG00000124205",8
"GO:0050778","positive regulation of immune response","11/287","210/3645",0.0523809523809524,0.665256346441016,-1.46065757468385,0.951171263838707,0.999157612307691,0.992226903471289,"ENSG00000100448/ENSG00000134830/ENSG00000112936/ENSG00000102010/ENSG00000244731/ENSG00000224389/ENSG00000039537/ENSG00000091831/ENSG00000243649/ENSG00000137033/ENSG00000110169",11
"GO:1903047","mitotic cell cycle process","7/287","147/3645",0.0476190476190476,0.604778496764559,-1.42981259077797,0.952309724874406,0.999207291530807,0.992276238091886,"ENSG00000017427/ENSG00000169515/ENSG00000167244/ENSG00000145703/ENSG00000120129/ENSG00000070193/ENSG00000124205",7
"GO:1990748","cellular detoxification","1/287","37/3645",0.027027027027027,0.343252660325831,-1.17369622150153,0.952647028647926,0.999207291530807,0.992276238091886,"ENSG00000118777",1
"GO:0022402","cell cycle process","12/287","228/3645",0.0526315789473684,0.668439391160829,-1.51146344853161,0.955845488230776,0.999207291530807,0.992276238091886,"ENSG00000017427/ENSG00000169515/ENSG00000167244/ENSG00000169184/ENSG00000073282/ENSG00000145703/ENSG00000120129/ENSG00000119147/ENSG00000070193/ENSG00000276644/ENSG00000124205/ENSG00000198930",12
"GO:1901135","carbohydrate derivative metabolic process","9/287","181/3645",0.0497237569060773,0.631509038058021,-1.48650704798462,0.955863310033279,0.999207291530807,0.992276238091886,"ENSG00000172986/ENSG00000017427/ENSG00000148488/ENSG00000078596/ENSG00000154027/ENSG00000112981/ENSG00000137033/ENSG00000167588/ENSG00000124302",9
"GO:0015908","fatty acid transport","1/287","38/3645",0.0263157894736842,0.334219695580414,-1.20597819963854,0.956413742278205,0.999207291530807,0.992276238091886,"ENSG00000170323",1
"GO:0031341","regulation of cell killing","1/287","38/3645",0.0263157894736842,0.334219695580414,-1.20597819963854,0.956413742278205,0.999207291530807,0.992276238091886,"ENSG00000168329",1
"GO:0051983","regulation of chromosome segregation","1/287","38/3645",0.0263157894736842,0.334219695580414,-1.20597819963854,0.956413742278205,0.999207291530807,0.992276238091886,"ENSG00000120129",1
"GO:0061045","negative regulation of wound healing","1/287","38/3645",0.0263157894736842,0.334219695580414,-1.20597819963854,0.956413742278205,0.999207291530807,0.992276238091886,"ENSG00000138722",1
"GO:0045216","cell-cell junction organization","3/287","80/3645",0.0375,0.476263066202091,-1.38458051112011,0.957855747531106,0.999207291530807,0.992276238091886,"ENSG00000166086/ENSG00000165124/ENSG00000013297",3
"GO:0002449","lymphocyte mediated immunity","6/287","133/3645",0.0451127819548872,0.572948049566425,-1.46662493084516,0.957935195770261,0.999207291530807,0.992276238091886,"ENSG00000179639/ENSG00000112936/ENSG00000244731/ENSG00000224389/ENSG00000039537/ENSG00000110169",6
"GO:0010721","negative regulation of cell development","4/287","99/3645",0.0404040404040404,0.513145391194172,-1.43561274056222,0.959428676767947,0.999207291530807,0.992276238091886,"ENSG00000017427/ENSG00000166147/ENSG00000172260/ENSG00000181092",4
"GO:0002367","cytokine production involved in immune response","1/287","39/3645",0.0256410256410256,0.325649959796301,-1.23764079661762,0.959881792171788,0.999207291530807,0.992276238091886,"ENSG00000103257",1
"GO:0002718","regulation of cytokine production involved in immune response","1/287","39/3645",0.0256410256410256,0.325649959796301,-1.23764079661762,0.959881792171788,0.999207291530807,0.992276238091886,"ENSG00000103257",1
"GO:0046632","alpha-beta T cell differentiation","1/287","39/3645",0.0256410256410256,0.325649959796301,-1.23764079661762,0.959881792171788,0.999207291530807,0.992276238091886,"ENSG00000109906",1
"GO:0046718","symbiont entry into host cell","1/287","39/3645",0.0256410256410256,0.325649959796301,-1.23764079661762,0.959881792171788,0.999207291530807,0.992276238091886,"ENSG00000144891",1
"GO:1903311","regulation of mRNA metabolic process","1/287","39/3645",0.0256410256410256,0.325649959796301,-1.23764079661762,0.959881792171788,0.999207291530807,0.992276238091886,"ENSG00000112183",1
"GO:0050808","synapse organization","11/287","215/3645",0.0511627906976744,0.649785268616806,-1.54737781773939,0.960142459901935,0.999207291530807,0.992276238091886,"ENSG00000185070/ENSG00000168329/ENSG00000277586/ENSG00000172260/ENSG00000173114/ENSG00000186868/ENSG00000121871/ENSG00000178568/ENSG00000158258/ENSG00000184564/ENSG00000106688",11
"GO:0051924","regulation of calcium ion transport","3/287","81/3645",0.037037037037037,0.470383275261324,-1.40904589675542,0.960385524569366,0.999207291530807,0.992276238091886,"ENSG00000107562/ENSG00000150594/ENSG00000113739",3
"GO:0016055","Wnt signaling pathway","6/287","135/3645",0.0444444444444444,0.564459930313589,-1.5074094338749,0.961951298683321,0.999207291530807,0.992276238091886,"ENSG00000144642/ENSG00000269113/ENSG00000106483/ENSG00000120738/ENSG00000180730/ENSG00000070193",6
"GO:0007269","neurotransmitter secretion","2/287","62/3645",0.032258064516129,0.409688659098573,-1.37038739137927,0.962134071396567,0.999207291530807,0.992276238091886,"ENSG00000170743/ENSG00000050438",2
"GO:0061041","regulation of wound healing","2/287","62/3645",0.032258064516129,0.409688659098573,-1.37038739137927,0.962134071396567,0.999207291530807,0.992276238091886,"ENSG00000138722/ENSG00000150594",2
"GO:0099643","signal release from synapse","2/287","62/3645",0.032258064516129,0.409688659098573,-1.37038739137927,0.962134071396567,0.999207291530807,0.992276238091886,"ENSG00000170743/ENSG00000050438",2
"GO:0002699","positive regulation of immune effector process","3/287","82/3645",0.0365853658536585,0.464646893855698,-1.4332736888953,0.962772655951843,0.999207291530807,0.992276238091886,"ENSG00000103257/ENSG00000137033/ENSG00000110169",3
"GO:0010001","glial cell differentiation","4/287","101/3645",0.0396039603960396,0.50298409631904,-1.48072327358444,0.963808094059458,0.999207291530807,0.992276238091886,"ENSG00000196569/ENSG00000017427/ENSG00000186868/ENSG00000070193",4
"GO:0030216","keratinocyte differentiation","2/287","63/3645",0.0317460317460317,0.403185664509706,-1.39680736708597,0.964684095298559,0.999207291530807,0.992276238091886,"ENSG00000073282/ENSG00000133321",2
"GO:0060627","regulation of vesicle-mediated transport","8/287","170/3645",0.0470588235294118,0.597663455626153,-1.57045799320587,0.964976016488293,0.999207291530807,0.992276238091886,"ENSG00000106483/ENSG00000150594/ENSG00000170743/ENSG00000244731/ENSG00000224389/ENSG00000103528/ENSG00000181092/ENSG00000050438",8
"GO:0000082","G1/S transition of mitotic cell cycle","1/287","41/3645",0.024390243902439,0.309764595903799,-1.29923154183569,0.966014460653717,0.999207291530807,0.992276238091886,"ENSG00000070193",1
"GO:0001708","cell fate specification","1/287","41/3645",0.024390243902439,0.309764595903799,-1.29923154183569,0.966014460653717,0.999207291530807,0.992276238091886,"ENSG00000074047",1
"GO:0006805","xenobiotic metabolic process","1/287","41/3645",0.024390243902439,0.309764595903799,-1.29923154183569,0.966014460653717,0.999207291530807,0.992276238091886,"ENSG00000186204",1
"GO:0044409","symbiont entry into host","1/287","41/3645",0.024390243902439,0.309764595903799,-1.29923154183569,0.966014460653717,0.999207291530807,0.992276238091886,"ENSG00000144891",1
"GO:0007043","cell-cell junction assembly","2/287","64/3645",0.03125,0.396885888501742,-1.42290892422323,0.967069084828226,0.999207291530807,0.992276238091886,"ENSG00000166086/ENSG00000013297",2
"GO:0016050","vesicle organization","2/287","64/3645",0.03125,0.396885888501742,-1.42290892422323,0.967069084828226,0.999207291530807,0.992276238091886,"ENSG00000170743/ENSG00000184811",2
"GO:0042129","regulation of T cell proliferation","2/287","64/3645",0.03125,0.396885888501742,-1.42290892422323,0.967069084828226,0.999207291530807,0.992276238091886,"ENSG00000017427/ENSG00000167244",2
"GO:0006486","protein glycosylation","1/287","42/3645",0.0238095238095238,0.30238924838228,-1.32921571164922,0.968720856267586,0.999207291530807,0.992276238091886,"ENSG00000148488",1
"GO:0043413","macromolecule glycosylation","1/287","42/3645",0.0238095238095238,0.30238924838228,-1.32921571164922,0.968720856267586,0.999207291530807,0.992276238091886,"ENSG00000148488",1
"GO:0051588","regulation of neurotransmitter transport","1/287","42/3645",0.0238095238095238,0.30238924838228,-1.32921571164922,0.968720856267586,0.999207291530807,0.992276238091886,"ENSG00000050438",1
"GO:0070085","glycosylation","1/287","42/3645",0.0238095238095238,0.30238924838228,-1.32921571164922,0.968720856267586,0.999207291530807,0.992276238091886,"ENSG00000148488",1
"GO:0044403","biological process involved in symbiotic interaction","2/287","65/3645",0.0307692307692308,0.390779951755562,-1.44870226224439,0.969299104958038,0.999207291530807,0.992276238091886,"ENSG00000100448/ENSG00000144891",2
"GO:0045089","positive regulation of innate immune response","2/287","65/3645",0.0307692307692308,0.390779951755562,-1.44870226224439,0.969299104958038,0.999207291530807,0.992276238091886,"ENSG00000091831/ENSG00000110169",2
"GO:0050954","sensory perception of mechanical stimulus","2/287","65/3645",0.0307692307692308,0.390779951755562,-1.44870226224439,0.969299104958038,0.999207291530807,0.992276238091886,"ENSG00000107562/ENSG00000184564",2
"GO:0000278","mitotic cell cycle","8/287","174/3645",0.0459770114942529,0.583924065841644,-1.64402985851645,0.9709511055542,0.999207291530807,0.992276238091886,"ENSG00000019991/ENSG00000017427/ENSG00000169515/ENSG00000167244/ENSG00000145703/ENSG00000120129/ENSG00000070193/ENSG00000124205",8
"GO:0000075","cell cycle checkpoint signaling","1/287","43/3645",0.0232558139534884,0.295356940280366,-1.35869300316077,0.97121242280969,0.999207291530807,0.992276238091886,"ENSG00000120129",1
"GO:0010927","cellular component assembly involved in morphogenesis","1/287","43/3645",0.0232558139534884,0.295356940280366,-1.35869300316077,0.97121242280969,0.999207291530807,0.992276238091886,"ENSG00000154330",1
"GO:0032989","cellular anatomical entity morphogenesis","1/287","43/3645",0.0232558139534884,0.295356940280366,-1.35869300316077,0.97121242280969,0.999207291530807,0.992276238091886,"ENSG00000154330",1
"GO:0097237","cellular response to toxic substance","1/287","43/3645",0.0232558139534884,0.295356940280366,-1.35869300316077,0.97121242280969,0.999207291530807,0.992276238091886,"ENSG00000118777",1
"GO:0006520","amino acid metabolic process","2/287","66/3645",0.0303030303030303,0.384859043395629,-1.47419708757545,0.971383665717913,0.999207291530807,0.992276238091886,"ENSG00000183044/ENSG00000172425",2
"GO:0051668","localization within membrane","7/287","158/3645",0.0443037974683544,0.562673664711331,-1.64285028429117,0.971916138827448,0.999207291530807,0.992276238091886,"ENSG00000121871/ENSG00000169083/ENSG00000178568/ENSG00000181092/ENSG00000126562/ENSG00000184811/ENSG00000106688",7
"GO:0045165","cell fate commitment","4/287","106/3645",0.0377358490566038,0.47925843139833,-1.59046708188902,0.972913794696546,0.999207291530807,0.992276238091886,"ENSG00000074047/ENSG00000168477/ENSG00000178568/ENSG00000070193",4
"GO:0006357","regulation of transcription by RNA polymerase II","26/287","451/3645",0.057649667405765,0.732170863045343,-1.77610412740401,0.97305349054894,0.999207291530807,0.992276238091886,"ENSG00000019991/ENSG00000017427/ENSG00000169946/ENSG00000074047/ENSG00000164330/ENSG00000091656/ENSG00000082175/ENSG00000179388/ENSG00000167244/ENSG00000106483/ENSG00000174332/ENSG00000120738/ENSG00000073282/ENSG00000169252/ENSG00000109906/ENSG00000107249/ENSG00000145934/ENSG00000170345/ENSG00000169083/ENSG00000173210/ENSG00000091831/ENSG00000137033/ENSG00000125740/ENSG00000070193/ENSG00000276644/ENSG00000008196",26
"GO:0002705","positive regulation of leukocyte mediated immunity","1/287","44/3645",0.0227272727272727,0.288644282546722,-1.38768658730901,0.973506158138291,0.999207291530807,0.992276238091886,"ENSG00000110169",1
"GO:1901991","negative regulation of mitotic cell cycle phase transition","1/287","44/3645",0.0227272727272727,0.288644282546722,-1.38768658730901,0.973506158138291,0.999207291530807,0.992276238091886,"ENSG00000120129",1
"GO:0006942","regulation of striated muscle contraction","1/287","45/3645",0.0222222222222222,0.282229965156794,-1.41621802226301,0.975617719541876,0.999207291530807,0.992276238091886,"ENSG00000160808",1
"GO:0050868","negative regulation of T cell activation","1/287","45/3645",0.0222222222222222,0.282229965156794,-1.41621802226301,0.975617719541876,0.999207291530807,0.992276238091886,"ENSG00000100448",1
"GO:0051607","defense response to virus","1/287","45/3645",0.0222222222222222,0.282229965156794,-1.41621802226301,0.975617719541876,0.999207291530807,0.992276238091886,"ENSG00000137033",1
"GO:0002221","pattern recognition receptor signaling pathway","1/287","46/3645",0.0217391304347826,0.276094531131647,-1.44430740111551,0.977561529122843,0.999207291530807,0.992276238091886,"ENSG00000091831",1
"GO:0032526","response to retinoic acid","1/287","46/3645",0.0217391304347826,0.276094531131647,-1.44430740111551,0.977561529122843,0.999207291530807,0.992276238091886,"ENSG00000120129",1
"GO:0051928","positive regulation of calcium ion transport","1/287","46/3645",0.0217391304347826,0.276094531131647,-1.44430740111551,0.977561529122843,0.999207291530807,0.992276238091886,"ENSG00000107562",1
"GO:0042098","T cell proliferation","2/287","70/3645",0.0285714285714286,0.362867098058736,-1.57336982388925,0.978439459191811,0.999207291530807,0.992276238091886,"ENSG00000017427/ENSG00000167244",2
"GO:0048469","cell maturation","2/287","70/3645",0.0285714285714286,0.362867098058736,-1.57336982388925,0.978439459191811,0.999207291530807,0.992276238091886,"ENSG00000082175/ENSG00000162722",2
"GO:0099173","postsynapse organization","2/287","70/3645",0.0285714285714286,0.362867098058736,-1.57336982388925,0.978439459191811,0.999207291530807,0.992276238091886,"ENSG00000277586/ENSG00000121871",2
"GO:1901990","regulation of mitotic cell cycle phase transition","2/287","70/3645",0.0285714285714286,0.362867098058736,-1.57336982388925,0.978439459191811,0.999207291530807,0.992276238091886,"ENSG00000120129/ENSG00000070193",2
"GO:0044770","cell cycle phase transition","4/287","110/3645",0.0363636363636364,0.461830852074754,-1.67536800411651,0.978607696182423,0.999207291530807,0.992276238091886,"ENSG00000169184/ENSG00000073282/ENSG00000120129/ENSG00000070193",4
"GO:0006366","transcription by RNA polymerase II","26/287","459/3645",0.0566448801742919,0.719409715105554,-1.87951533583677,0.979276972763961,0.999207291530807,0.992276238091886,"ENSG00000019991/ENSG00000017427/ENSG00000169946/ENSG00000074047/ENSG00000164330/ENSG00000091656/ENSG00000082175/ENSG00000179388/ENSG00000167244/ENSG00000106483/ENSG00000174332/ENSG00000120738/ENSG00000073282/ENSG00000169252/ENSG00000109906/ENSG00000107249/ENSG00000145934/ENSG00000170345/ENSG00000169083/ENSG00000173210/ENSG00000091831/ENSG00000137033/ENSG00000125740/ENSG00000070193/ENSG00000276644/ENSG00000008196",26
"GO:0002758","innate immune response-activating signaling pathway","1/287","47/3645",0.0212765957446809,0.270220179405441,-1.4719734830205,0.979350870923828,0.999207291530807,0.992276238091886,"ENSG00000091831",1
"GO:0050776","regulation of immune response","13/287","263/3645",0.0494296577946768,0.627773876869676,-1.83184071792517,0.979917104671328,0.999207291530807,0.992276238091886,"ENSG00000179639/ENSG00000115602/ENSG00000100448/ENSG00000134830/ENSG00000112936/ENSG00000102010/ENSG00000244731/ENSG00000224389/ENSG00000039537/ENSG00000091831/ENSG00000243649/ENSG00000137033/ENSG00000110169",13
"GO:0051726","regulation of cell cycle","9/287","199/3645",0.0452261306532663,0.57438761753016,-1.80498228050231,0.980484970519099,0.999207291530807,0.992276238091886,"ENSG00000017427/ENSG00000169515/ENSG00000167244/ENSG00000169184/ENSG00000073282/ENSG00000120129/ENSG00000070193/ENSG00000276644/ENSG00000124205",9
"GO:0051701","biological process involved in interaction with host","1/287","48/3645",0.0208333333333333,0.264590592334495,-1.49923380995175,0.980997980441577,0.999207291530807,0.992276238091886,"ENSG00000144891",1
"GO:0098754","detoxification","1/287","48/3645",0.0208333333333333,0.264590592334495,-1.49923380995175,0.980997980441577,0.999207291530807,0.992276238091886,"ENSG00000118777",1
"GO:0042110","T cell activation","7/287","166/3645",0.0421686746987952,0.535556861592712,-1.79039628211747,0.981206789836155,0.999207291530807,0.992276238091886,"ENSG00000017427/ENSG00000074047/ENSG00000179388/ENSG00000167244/ENSG00000120738/ENSG00000100448/ENSG00000109906",7
"GO:0006816","calcium ion transport","6/287","149/3645",0.0402684563758389,0.511423426794191,-1.78004035385697,0.981625672931273,0.999207291530807,0.992276238091886,"ENSG00000107562/ENSG00000135914/ENSG00000155886/ENSG00000150594/ENSG00000115896/ENSG00000113739",6
"GO:0002218","activation of innate immune response","1/287","49/3645",0.0204081632653061,0.259190784327668,-1.52610481093215,0.982514127123052,0.999207291530807,0.992276238091886,"ENSG00000091831",1
"GO:0002520","immune system development","1/287","49/3645",0.0204081632653061,0.259190784327668,-1.52610481093215,0.982514127123052,0.999207291530807,0.992276238091886,"ENSG00000070193",1
"GO:0072175","epithelial tube formation","1/287","49/3645",0.0204081632653061,0.259190784327668,-1.52610481093215,0.982514127123052,0.999207291530807,0.992276238091886,"ENSG00000070193",1
"GO:0009792","embryo development ending in birth or egg hatching","9/287","202/3645",0.0445544554455446,0.56585710835892,-1.85579352268949,0.983072677129003,0.999207291530807,0.992276238091886,"ENSG00000017427/ENSG00000169946/ENSG00000074047/ENSG00000167244/ENSG00000131831/ENSG00000148488/ENSG00000090539/ENSG00000169083/ENSG00000039537",9
"GO:0002703","regulation of leukocyte mediated immunity","2/287","75/3645",0.0266666666666667,0.338675958188153,-1.6916114715098,0.98492433817642,0.999207291530807,0.992276238091886,"ENSG00000168329/ENSG00000110169",2
"GO:0000070","mitotic sister chromatid segregation","1/287","51/3645",0.0196078431372549,0.24902643984423,-1.57873953645387,0.985194229712723,0.999207291530807,0.992276238091886,"ENSG00000120129",1
"GO:0170033","L-amino acid metabolic process","1/287","51/3645",0.0196078431372549,0.24902643984423,-1.57873953645387,0.985194229712723,0.999207291530807,0.992276238091886,"ENSG00000172425",1
"GO:0170039","proteinogenic amino acid metabolic process","1/287","51/3645",0.0196078431372549,0.24902643984423,-1.57873953645387,0.985194229712723,0.999207291530807,0.992276238091886,"ENSG00000172425",1
"GO:0002250","adaptive immune response","12/287","255/3645",0.0470588235294118,0.597663455626153,-1.94737463633384,0.985761806072889,0.999207291530807,0.992276238091886,"ENSG00000166086/ENSG00000168329/ENSG00000179639/ENSG00000115602/ENSG00000079337/ENSG00000112936/ENSG00000102010/ENSG00000244731/ENSG00000224389/ENSG00000039537/ENSG00000137033/ENSG00000110169",12
"GO:0051250","negative regulation of lymphocyte activation","1/287","52/3645",0.0192307692307692,0.244237469847226,-1.60453134696709,0.986376549154139,0.999207291530807,0.992276238091886,"ENSG00000100448",1
"GO:0048568","embryonic organ development","7/287","173/3645",0.0404624277456647,0.513886930776822,-1.91496251531168,0.986915766783774,0.999207291530807,0.992276238091886,"ENSG00000166147/ENSG00000169946/ENSG00000074047/ENSG00000167244/ENSG00000141449/ENSG00000070193/ENSG00000184564",7
"GO:0002833","positive regulation of response to biotic stimulus","2/287","77/3645",0.025974025974026,0.329879180053396,-1.73730407194821,0.986949260412019,0.999207291530807,0.992276238091886,"ENSG00000091831/ENSG00000110169",2
"GO:0016071","mRNA metabolic process","1/287","53/3645",0.0188679245283019,0.239629215699165,-1.62999014652291,0.987464756889392,0.999207291530807,0.992276238091886,"ENSG00000112183",1
"GO:0021782","glial cell development","1/287","53/3645",0.0188679245283019,0.239629215699165,-1.62999014652291,0.987464756889392,0.999207291530807,0.992276238091886,"ENSG00000186868",1
"GO:0035148","tube formation","1/287","53/3645",0.0188679245283019,0.239629215699165,-1.62999014652291,0.987464756889392,0.999207291530807,0.992276238091886,"ENSG00000070193",1
"GO:0045930","negative regulation of mitotic cell cycle","1/287","53/3645",0.0188679245283019,0.239629215699165,-1.62999014652291,0.987464756889392,0.999207291530807,0.992276238091886,"ENSG00000120129",1
"GO:0034762","regulation of transmembrane transport","5/287","138/3645",0.036231884057971,0.460157551886078,-1.8898549706334,0.987617121557113,0.999207291530807,0.992276238091886,"ENSG00000017427/ENSG00000103257/ENSG00000181092/ENSG00000126562/ENSG00000124205",5
"GO:0034330","cell junction organization","15/287","307/3645",0.0488599348534202,0.620538197005981,-2.03087818275259,0.988045390798245,0.999207291530807,0.992276238091886,"ENSG00000185070/ENSG00000166086/ENSG00000165124/ENSG00000168329/ENSG00000013297/ENSG00000277586/ENSG00000172260/ENSG00000173114/ENSG00000186868/ENSG00000121871/ENSG00000065618/ENSG00000178568/ENSG00000158258/ENSG00000184564/ENSG00000106688",15
"GO:0007605","sensory perception of sound","1/287","54/3645",0.0185185185185185,0.235191637630662,-1.65512802308511,0.988466320022116,0.999207291530807,0.992276238091886,"ENSG00000184564",1
"GO:0098659","inorganic cation import across plasma membrane","1/287","54/3645",0.0185185185185185,0.235191637630662,-1.65512802308511,0.988466320022116,0.999207291530807,0.992276238091886,"ENSG00000155886",1
"GO:0099587","inorganic ion import across plasma membrane","1/287","54/3645",0.0185185185185185,0.235191637630662,-1.65512802308511,0.988466320022116,0.999207291530807,0.992276238091886,"ENSG00000155886",1
"GO:1904064","positive regulation of cation transmembrane transport","1/287","55/3645",0.0181818181818182,0.230915426037377,-1.67995638832433,0.989388115108067,0.999207291530807,0.992276238091886,"ENSG00000124205",1
"GO:0002706","regulation of lymphocyte mediated immunity","1/287","56/3645",0.0178571428571429,0.22679193628671,-1.70448602786197,0.990236474708063,0.999207291530807,0.992276238091886,"ENSG00000110169",1
"GO:0000819","sister chromatid segregation","1/287","57/3645",0.0175438596491228,0.222813130386943,-1.72872714691325,0.991017230283094,0.999207291530807,0.992276238091886,"ENSG00000120129",1
"GO:0034767","positive regulation of monoatomic ion transmembrane transport","1/287","57/3645",0.0175438596491228,0.222813130386943,-1.72872714691325,0.991017230283094,0.999207291530807,0.992276238091886,"ENSG00000124205",1
"GO:0046631","alpha-beta T cell activation","1/287","57/3645",0.0175438596491228,0.222813130386943,-1.72872714691325,0.991017230283094,0.999207291530807,0.992276238091886,"ENSG00000109906",1
"GO:0050768","negative regulation of neurogenesis","1/287","57/3645",0.0175438596491228,0.222813130386943,-1.72872714691325,0.991017230283094,0.999207291530807,0.992276238091886,"ENSG00000172260",1
"GO:0051321","meiotic cell cycle","1/287","57/3645",0.0175438596491228,0.222813130386943,-1.72872714691325,0.991017230283094,0.999207291530807,0.992276238091886,"ENSG00000120129",1
"GO:1901988","negative regulation of cell cycle phase transition","1/287","57/3645",0.0175438596491228,0.222813130386943,-1.72872714691325,0.991017230283094,0.999207291530807,0.992276238091886,"ENSG00000120129",1
"GO:0043009","chordate embryonic development","8/287","198/3645",0.0404040404040404,0.513145391194172,-2.0592118352051,0.991157274607824,0.999207291530807,0.992276238091886,"ENSG00000017427/ENSG00000169946/ENSG00000074047/ENSG00000167244/ENSG00000148488/ENSG00000090539/ENSG00000169083/ENSG00000039537",8
"GO:1901605","alpha-amino acid metabolic process","1/287","58/3645",0.0172413793103448,0.218971524690616,-1.75268941182615,0.991735751718086,0.999207291530807,0.992276238091886,"ENSG00000172425",1
"GO:0061024","membrane organization","6/287","164/3645",0.0365853658536585,0.464646893855698,-2.05069005754257,0.991944434558428,0.999207291530807,0.992276238091886,"ENSG00000168497/ENSG00000170743/ENSG00000169083/ENSG00000184811/ENSG00000176194/ENSG00000187288",6
"GO:0045088","regulation of innate immune response","2/287","84/3645",0.0238095238095238,0.30238924838228,-1.89084795486353,0.992158836466172,0.999207291530807,0.992276238091886,"ENSG00000091831/ENSG00000110169",2
"GO:0002697","regulation of immune effector process","4/287","128/3645",0.03125,0.396885888501742,-2.03052376775756,0.992896453413414,0.999207291530807,0.992276238091886,"ENSG00000168329/ENSG00000103257/ENSG00000137033/ENSG00000110169",4
"GO:0007049","cell cycle","13/287","287/3645",0.0452961672473868,0.575277106678484,-2.19127084246333,0.992986401765845,0.999207291530807,0.992276238091886,"ENSG00000019991/ENSG00000017427/ENSG00000169515/ENSG00000167244/ENSG00000169184/ENSG00000073282/ENSG00000145703/ENSG00000120129/ENSG00000119147/ENSG00000070193/ENSG00000276644/ENSG00000124205/ENSG00000198930",13
"GO:0022604","regulation of cell morphogenesis","1/287","60/3645",0.0166666666666667,0.211672473867596,-1.79981357422897,0.993005479462639,0.999207291530807,0.992276238091886,"ENSG00000103528",1
"GO:0051961","negative regulation of nervous system development","1/287","60/3645",0.0166666666666667,0.211672473867596,-1.79981357422897,0.993005479462639,0.999207291530807,0.992276238091886,"ENSG00000172260",1
"GO:0002768","immune response-regulating cell surface receptor signaling pathway","3/287","108/3645",0.0277777777777778,0.352787456445993,-1.99586453040744,0.993132932732136,0.999207291530807,0.992276238091886,"ENSG00000179639/ENSG00000134830/ENSG00000102010",3
"GO:0002695","negative regulation of leukocyte activation","1/287","62/3645",0.0161290322580645,0.204844329549286,-1.84592642808694,0.994080699511378,0.999207291530807,0.992276238091886,"ENSG00000100448",1
"GO:0044772","mitotic cell cycle phase transition","2/287","90/3645",0.0222222222222222,0.282229965156794,-2.01547104100487,0.994959732278948,0.999207291530807,0.992276238091886,"ENSG00000120129/ENSG00000070193",2
"GO:0010948","negative regulation of cell cycle process","1/287","65/3645",0.0153846153846154,0.195389975877781,-1.91333224428406,0.995392557826406,0.999207291530807,0.992276238091886,"ENSG00000120129",1
"GO:0051276","chromosome organization","2/287","92/3645",0.0217391304347826,0.276094531131647,-2.05573890085808,0.995654420853502,0.999207291530807,0.992276238091886,"ENSG00000186868/ENSG00000120129",2
"GO:0019058","viral life cycle","1/287","66/3645",0.0151515151515152,0.192429521697814,-1.93535812295242,0.995761925397306,0.999207291530807,0.992276238091886,"ENSG00000144891",1
"GO:0070588","calcium ion transmembrane transport","3/287","116/3645",0.0258620689655172,0.328457287035925,-2.14865452777785,0.99601488991414,0.999207291530807,0.992276238091886,"ENSG00000135914/ENSG00000155886/ENSG00000115896",3
"GO:0050851","antigen receptor-mediated signaling pathway","1/287","68/3645",0.0147058823529412,0.186769829883173,-1.97878338489737,0.996414462479214,0.999207291530807,0.992276238091886,"ENSG00000102010",1
"GO:0002764","immune response-regulating signaling pathway","4/287","139/3645",0.0287769784172662,0.365477652721029,-2.2296574859383,0.996480189057718,0.999207291530807,0.992276238091886,"ENSG00000179639/ENSG00000134830/ENSG00000102010/ENSG00000091831",4
"GO:0050866","negative regulation of cell activation","1/287","69/3645",0.0144927536231884,0.184063020754431,-2.00019433649255,0.996702147485774,0.999207291530807,0.992276238091886,"ENSG00000100448",1
"GO:0002429","immune response-activating cell surface receptor signaling pathway","2/287","96/3645",0.0208333333333333,0.264590592334495,-2.13452666611636,0.996774261829449,0.999207291530807,0.992276238091886,"ENSG00000134830/ENSG00000102010",2
"GO:1904062","regulation of monoatomic cation transmembrane transport","2/287","97/3645",0.0206185567010309,0.261862854269191,-2.15387705260872,0.997006685365825,0.999207291530807,0.992276238091886,"ENSG00000126562/ENSG00000124205",2
"GO:0016032","viral process","1/287","71/3645",0.0140845070422535,0.178878146930363,-2.042439953264,0.997210326638302,0.999207291530807,0.992276238091886,"ENSG00000144891",1
"GO:0045664","regulation of neuron differentiation","1/287","71/3645",0.0140845070422535,0.178878146930363,-2.042439953264,0.997210326638302,0.999207291530807,0.992276238091886,"ENSG00000107562",1
"GO:0098813","nuclear chromosome segregation","1/287","72/3645",0.0138888888888889,0.176393728222997,-2.06328476703682,0.997434343497509,0.999207291530807,0.992276238091886,"ENSG00000120129",1
"GO:0048562","embryonic organ morphogenesis","3/287","124/3645",0.0241935483870968,0.307266494323929,-2.2942133916648,0.997708750681665,0.999207291530807,0.992276238091886,"ENSG00000166147/ENSG00000070193/ENSG00000184564",3
"GO:0002757","immune response-activating signaling pathway","3/287","125/3645",0.024,0.304808362369338,-2.31194767533423,0.997863210583134,0.999207291530807,0.992276238091886,"ENSG00000134830/ENSG00000102010/ENSG00000091831",3
"GO:0002831","regulation of response to biotic stimulus","2/287","106/3645",0.0188679245283019,0.239629215699165,-2.32235099976372,0.998480146490092,0.999207291530807,0.992276238091886,"ENSG00000091831/ENSG00000110169",2
"GO:0034765","regulation of monoatomic ion transmembrane transport","2/287","109/3645",0.018348623853211,0.233033916184509,-2.37641927771779,0.998789662320511,0.999207291530807,0.992276238091886,"ENSG00000126562/ENSG00000124205",2
"GO:0007059","chromosome segregation","1/287","83/3645",0.0120481927710843,0.153016246169346,-2.2816916620071,0.998980015903754,0.999207291530807,0.992276238091886,"ENSG00000120129",1
"GO:0045786","negative regulation of cell cycle","1/287","85/3645",0.0117647058823529,0.149415863906538,-2.31948479056035,0.999137781194522,0.999207291530807,0.992276238091886,"ENSG00000120129",1
"GO:0009952","anterior/posterior pattern specification","1/287","86/3645",0.0116279069767442,0.147678470140183,-2.33818288479631,0.999207291530807,0.999207291530807,0.992276238091886,"ENSG00000109906",1
