"Ensembl_ID","Gene_Symbol","ENTREZID","logFC","t","adj.P.Val"
"ENSG00000129514","FOXA1","3169",-1.11703757504222,-43.0111263497902,8.7040393453126e-211
"ENSG00000115648","MLPH","79083",-1.33541323022468,-41.2523159194052,9.55478148946872e-201
"ENSG00000124664","SPDEF","25803",-1.1165694773998,-36.508551666517,2.63780144427362e-172
"ENSG00000168350","DEGS2","123099",-1.61457689559852,-33.7051427336724,4.25694773382793e-155
"ENSG00000160180","TFF3","7033",-1.7667937723501,-32.5648589384995,4.46865623768381e-148
"ENSG00000139865","TTC6","319089",-1.28244347306786,-32.4199039583916,3.00682885676784e-147
"ENSG00000106541","AGR2","10551",-1.09587451563543,-32.3798209140901,4.59281950542931e-147
"ENSG00000176532","PRR15","222171",-1.28328402062397,-32.2478015522838,2.69628470519e-146
"ENSG00000107485","GATA3","2625",-1.20214562710829,-31.5763641603262,3.88539700554514e-142
"ENSG00000169083","AR","367",-1.5512731813798,-31.5574459704967,4.59635884973215e-142
"ENSG00000074410","CA12","771",-1.33116117576645,-30.9029657365321,5.39849179705086e-138
"ENSG00000204385","SLC44A4","80736",-1.23082660989779,-30.7363867435829,5.51913928540828e-137
"ENSG00000091831","ESR1","2099",-2.23556999345283,-29.7823194318201,5.1487402603954e-131
"ENSG00000230882","AC005077.14",NA,-1.35882609654819,-29.5785162413261,9.18589287143804e-130
"ENSG00000245750","DRAIC","145837",-1.40905378893388,-29.1410276527698,4.88848904601741e-127
"ENSG00000173467","AGR3","155465",-1.31958326120924,-28.6390656343979,6.66318759889255e-124
"ENSG00000160182","TFF1","7031",-1.57853063996967,-28.1098905030262,1.35130099619841e-120
"ENSG00000183888","C1orf64","149563",-1.95625162499377,-28.041878826242,3.4217471817126e-120
"ENSG00000169347","GP2","2813",-1.51137090603027,-27.5219554277632,6.07955561967255e-117
"ENSG00000072858","SIDT1","54847",-1.50221271474273,-27.4966914588226,8.32863437613522e-117
"ENSG00000187486","KCNJ11","3767",-1.14387937325362,-27.0193823206358,7.96923002067325e-114
"ENSG00000165140","FBP1","2203",-1.01083912660421,-27.0083151832512,8.92855420836344e-114
"ENSG00000006071","ABCC8","6833",-1.45999765330496,-26.8899367389534,4.73675873432083e-113
"ENSG00000223813","AC007255.8",NA,-1.40555803287221,-26.8817870175603,5.1075206998984e-113
"ENSG00000172425","TTC36","143941",-1.88727879541368,-26.7731966562129,2.35910093520155e-112
"ENSG00000143412","ANXA9","8416",-1.73599479220765,-26.2960076281923,2.24488216513945e-109
"ENSG00000173890","GPR160","26996",-1.01831128239649,-25.9899492877581,1.79231240447418e-107
"ENSG00000064787","BCAS1","8537",-1.24287981012963,-25.527825849873,1.34882823648723e-104
"ENSG00000154548","SRSF12","135295",1.52343293188287,25.3861283241223,1.00075977111283e-103
"ENSG00000115255","REEP6","92840",-1.63680475567593,-25.3489431231118,1.65162337326308e-103
"ENSG00000167861","HID1","283987",-0.931215795422667,-25.2728672331018,4.77304384442262e-103
"ENSG00000134830","C5AR2","27202",-1.58417167431971,-25.1873686483727,1.58035061428362e-102
"ENSG00000187720","THSD4","79875",-1.28093835097131,-25.1584460684467,2.32215073022494e-102
"ENSG00000168589","DYNLRB2","83657",-1.12087387494419,-25.052960491218,1.0256508877596e-101
"ENSG00000004838","ZMYND10","51364",-1.55913235487515,-24.9099862035244,7.75766244370195e-101
"ENSG00000172602","RND1","27289",-1.14656967311642,-24.8714879184838,1.31030575041468e-100
"ENSG00000163879","DNALI1","7802",-1.58314459003572,-24.7060407037232,1.36681952810603e-99
"ENSG00000178568","ERBB4","2066",-1.29052304777349,-24.548718498561,1.2670162770968e-98
"ENSG00000111057","KRT18","3875",-0.519128590745801,-24.531247685258,1.58533192227058e-98
"ENSG00000259459","RP11-321G12.1",NA,-1.49073376629432,-24.4884447567529,2.85223222064738e-98
"ENSG00000188959","C9orf152","401546",-0.875574909840458,-24.4865900583206,2.85751146681033e-98
"ENSG00000163064","EN1","2019",0.915362328132788,24.3140976988405,3.28798419980161e-97
"ENSG00000120262","CCDC170","80129",-1.47126821603183,-24.2565746283409,7.30668648902577e-97
"ENSG00000248429","RP11-597D13.9","285505",-1.40440284326492,-24.0697447191513,1.02861604784364e-95
"ENSG00000154645","CHODL","140578",1.36108944343415,23.9496408776483,5.57696115874231e-95
"ENSG00000117472","TSPAN1","10103",-1.06668667906304,-23.9395003568357,6.30419735868046e-95
"ENSG00000162949","CAPN13","92291",-0.880575854261036,-23.6027277609927,7.45230643579209e-93
"ENSG00000165548","TMEM63C","57156",-1.0149130231705,-23.5164735329016,2.48576023471337e-92
"ENSG00000147041","SYTL5","94122",-1.45463100554778,-23.4241805765096,9.02913859875574e-92
"ENSG00000188763","FZD9","8326",1.63056796937287,23.2910053360391,5.85202088145904e-91
"ENSG00000135069","PSAT1","29968",1.47255926004929,23.1810530144062,2.72475298945441e-90
"ENSG00000225449","RAB6C-AS1",NA,-1.55726536714257,-23.0496083524656,1.71736975490264e-89
"ENSG00000182175","RGMA","56963",0.987631909289377,23.0328195863268,2.13656655595774e-89
"ENSG00000005513","SOX8","30812",1.12848546718471,22.8456320577656,2.95294462413933e-88
"ENSG00000119866","BCL11A","53335",1.4211789174183,22.7574376413889,1.00632665247886e-87
"ENSG00000251169","AC005355.2","101927934",-1.40122052822076,-22.7049580425758,2.07145619409851e-87
"ENSG00000118513","MYB","4602",-0.814050843207147,-22.6949646172226,2.34295815553263e-87
"ENSG00000136944","LMX1B","4010",-0.724409971030064,-22.6559966105293,3.98746206888998e-87
"ENSG00000185133","INPP5J","27124",-1.05878244150339,-22.6048586012713,8.05546368977291e-87
"ENSG00000158258","CLSTN2","64084",-1.39272163753541,-22.5990691508867,8.59400287844309e-87
"ENSG00000162482","AKR7A3","22977",-1.67274082816235,-22.4633627745413,5.70522303138959e-86
"ENSG00000203697","CAPN8","388743",-1.18335990670059,-22.4310006468464,8.8467671836827e-86
"ENSG00000186868","MAPT","4137",-1.29664940331305,-22.4082620609322,1.19843613855944e-85
"ENSG00000164626","KCNK5","8645",1.02828913608701,22.4026806018673,1.27595441185599e-85
"ENSG00000111319","SCNN1A","6337",-0.804194649513393,-22.2807960282146,6.9558169265891e-85
"ENSG00000198729","PPP1R14C","81706",1.21072644463678,22.1463037658865,4.51492973373772e-84
"ENSG00000234899","SOX9-AS1","400618",1.09267280553561,22.1155528646227,6.84203610490681e-84
"ENSG00000124249","KCNK15","60598",-1.22012227220987,-22.1138384999575,6.90523025468333e-84
"ENSG00000164106","SCRG1","11341",1.1102146414124,22.1070219647327,7.48677290021254e-84
"ENSG00000106537","TSPAN13","27075",-0.864211874886919,-22.080979653174,1.06267061290023e-83
"ENSG00000108176","DNAJC12","56521",-1.42991381594605,-21.9843426298667,4.04968532553737e-83
"ENSG00000075275","CELSR1","9620",-0.761376093385689,-21.9459009273095,6.8349573671381e-83
"ENSG00000256612","CYP2B7P",NA,-2.19483882593576,-21.8957532813935,1.35843710375273e-82
"ENSG00000167614","TTYH1","57348",1.10737184799385,21.8634459986601,2.10412196034956e-82
"ENSG00000175356","SCUBE2","57758",-1.76429410088571,-21.8051542122633,4.68356415805076e-82
"ENSG00000162543","UBXN10","127733",-1.24443360668702,-21.803969594815,4.69896305559286e-82
"ENSG00000120149","MSX2","4488",-0.99388855363886,-21.7602185311729,8.53784945308229e-82
"ENSG00000156219","ART3","419",1.56608167610257,21.714373298808,1.59696957800547e-81
"ENSG00000007402","CACNA2D2","9254",-1.347274789467,-21.6934129465601,2.11157492800203e-81
"ENSG00000174607","UGT8","7368",1.12907134991492,21.6137604094997,6.32197111964515e-81
"ENSG00000213145","CRIP1","1396",-1.21970705723154,-21.5937016137274,8.25443452994491e-81
"ENSG00000081985","IL12RB2","3595",1.65655896474591,21.5197985881364,2.27894267994425e-80
"ENSG00000163072","NOSTRIN","115677",-1.19343008863885,-21.5022539730516,2.87325977390515e-80
"ENSG00000196917","HCAR1","27198",-0.90506648457386,-21.4988752494554,2.97554198252363e-80
"ENSG00000094755","GABRP","2568",1.35379935518009,21.4552880561315,5.38785482124007e-80
"ENSG00000187244","BCAM","4059",-0.915746254836008,-21.431069918754,7.45407185716828e-80
"ENSG00000041353","RAB27B","5874",-0.728611452400879,-21.4216933721259,8.39284164619744e-80
"ENSG00000114547","ROPN1B","152015",1.47019013215065,21.3951375802012,1.19957096814071e-79
"ENSG00000144681","STAC","6769",1.11966634899523,21.3788351587065,1.4871758154042e-79
"ENSG00000142973","CYP4B1","1580",-0.979883649030689,-21.3599308483917,1.91163978236458e-79
"ENSG00000183044","ABAT","18",-1.39738242823933,-21.3465659427142,2.27568125789922e-79
"ENSG00000276644","DACH1","1602",-1.49581713187703,-21.2357673770193,1.04519167926404e-78
"ENSG00000117013","KCNQ4","9132",1.26746730779315,21.0165174688844,2.14276514477731e-77
"ENSG00000134215","VAV3","10451",-1.02466500178288,-21.0071034686613,2.41414090779943e-77
"ENSG00000204531","POU5F1","5460",1.04212317938515,20.999662268939,2.64708703238803e-77
"ENSG00000196208","GREB1","9687",-1.25121609193587,-20.9872224538966,3.110083233184e-77
"ENSG00000050438","SLC4A8","9498",-1.25378009280594,-20.9780651957384,3.49254483974028e-77
"ENSG00000101222","SPEF1","25876",-1.00467002237137,-20.9638191595259,4.20761050091387e-77
"ENSG00000085831","TTC39A","22996",-0.877543858419342,-20.9352496802527,6.17635094580449e-77
"ENSG00000124839","RAB17","64284",-0.719040597857991,-20.7573933698665,7.07827001554217e-76
"ENSG00000166106","ADAMTS15","170689",-1.21202028889372,-20.7460080542158,8.19579693168095e-76
"ENSG00000163364","LINC01116","375295",-0.830861678653541,-20.7003633329525,1.5196818201482e-75
"ENSG00000099812","MISP","126353",-0.780414825250117,-20.6596026543341,2.63416033361328e-75
"ENSG00000148671","ADIRF","10974",-0.867783590019117,-20.5852956539968,7.23219571619665e-75
"ENSG00000144218","AFF3","3899",-1.56678972696591,-20.5600607726843,1.01246717481827e-74
"ENSG00000178796","RIIAD1","284485",-1.16005831850444,-20.5162145484006,1.82899930668134e-74
"ENSG00000111728","ST8SIA1","6489",1.09195455753292,20.4385129848314,5.2495747618182e-74
"ENSG00000081923","ATP8B1","5205",-0.712305800388728,-20.3953170763215,9.38993032896324e-74
"ENSG00000102243","VGLL1","51442",1.33669190179811,20.3920742508203,9.72555334797619e-74
"ENSG00000249684","RP11-423H2.3",NA,-0.989019978892646,-20.3824806944431,1.09876580651767e-73
"ENSG00000136928","GABBR2","9568",1.3759478449311,20.3091356184818,2.96571002846336e-73
"ENSG00000281406","BLACAT1","101669762",1.26037105756406,20.2721995172927,4.86602768069465e-73
"ENSG00000185924","RTN4RL1","146760",-0.992489199153985,-20.2458732496692,6.90688809674853e-73
"ENSG00000068615","REEP1","65055",-0.994270761903313,-20.2281897490116,8.71328992332256e-73
"ENSG00000147642","SYBU","55638",-1.01415207101418,-20.1700918298561,1.90651468221746e-72
"ENSG00000162078","ZG16B","124220",-0.704202484549389,-19.9399678850504,4.31619303167016e-71
"ENSG00000151892","GFRA1","2674",-1.5770232390783,-19.9245061704671,5.27790227078222e-71
"ENSG00000174788","PCP2","126006",-0.848047602681901,-19.8926970167795,8.05529340290044e-71
"ENSG00000134755","DSC2","1824",0.849069970350167,19.8264805109765,1.95887993106902e-70
"ENSG00000143452","HORMAD1","84072",1.50446819952977,19.7355011407111,6.65121394660638e-70
"ENSG00000133328","HRASLS2","54979",-0.893648684428536,-19.6881989311496,1.24985274908667e-69
"ENSG00000104783","KCNN4","3783",0.992553507322282,19.6762594188608,1.45648290196631e-69
"ENSG00000133019","CHRM3","1131",1.10916944194485,19.5703331417531,6.02975936347091e-69
"ENSG00000168907","PLA2G4F","255189",-0.632375399767661,-19.5410809121878,8.87018155844805e-69
"ENSG00000089101","CFAP61","26074",-0.883887703805797,-19.5108967632586,1.32113283399123e-68
"ENSG00000274173","RP4-568C11.4",NA,-0.371768163061017,-19.4805389222402,1.97197663422916e-68
"ENSG00000118307","CASC1","55259",-0.965056411379853,-19.4658120144922,2.38505181541963e-68
"ENSG00000163661","PTX3","5806",1.1515694978974,19.423623886677,4.17258019346037e-68
"ENSG00000166959","MS4A8","83661",-1.28777521627432,-19.3973564202606,5.89230160535199e-68
"ENSG00000167646","DNAAF3","352909",-1.07179696217226,-19.2786666886201,2.87382777434141e-67
"ENSG00000103534","TMC5","79838",-1.07280856125316,-19.2318836130753,5.33659416645628e-67
"ENSG00000160188","RSPH1","89765",-0.859396451693103,-19.1849824308094,9.92031428243948e-67
"ENSG00000167183","PRR15L","79170",-0.427550419834918,-19.1366147031216,1.87960078441613e-66
"ENSG00000104332","SFRP1","6422",1.20365666963896,19.1161076522706,2.45353006015711e-66
"ENSG00000110169","HPX","3263",-1.27487721547053,-19.0972198807793,3.13402666698909e-66
"ENSG00000186832","KRT16","3868",0.905678404923139,19.0382343512888,6.83461895000019e-66
"ENSG00000186007","LEMD1","93273",1.30338878480752,19.0100732500152,9.87593365577434e-66
"ENSG00000168993","CPLX1","10815",-0.869246687772441,-18.9723415924364,1.62079260949158e-65
"ENSG00000185634","SHC4","399694",1.21744151227087,18.9683947062488,1.69596837603783e-65
"ENSG00000170743","SYT9","143425",-1.44755016428013,-18.9622156083948,1.82825306072895e-65
"ENSG00000163694","RBM47","54502",-0.516004477828566,-18.9339910291093,2.64302110486122e-65
"ENSG00000197594","ENPP1","5167",-0.814721829221201,-18.9302565236683,2.7581121794649e-65
"ENSG00000174502","SLC26A9","115019",1.14595840109352,18.8975111792531,4.23366868511128e-65
"ENSG00000203760","CENPW","387103",0.851724490413608,18.8457256580383,8.36684753445992e-65
"ENSG00000104044","OCA2","4948",1.37185880627607,18.8181782627771,1.197864978018e-64
"ENSG00000260807","RP11-161M6.2","115804232",0.904605834169606,18.8043873328081,1.42860817026563e-64
"ENSG00000187045","TMPRSS6","164656",-1.34062707771726,-18.7863393709862,1.80277138675374e-64
"ENSG00000179023","KLHDC7A","127707",-1.21342838106472,-18.7410429941942,3.26449309485135e-64
"ENSG00000170500","LONRF2","164832",-0.990245428017245,-18.7400321175304,3.28631351143518e-64
"ENSG00000227036","LINC00511","400619",0.756705334590749,18.6705074961658,8.19645330178034e-64
"ENSG00000167964","RAB26","25837",-0.845004280017655,-18.6575627367308,9.66309287620543e-64
"ENSG00000082175","PGR","5241",-1.50172620433261,-18.649941848615,1.06176037011801e-63
"ENSG00000172771","EFCAB12","90288",-1.17442270167255,-18.6140199248099,1.69600833427859e-63
"ENSG00000166535","A2ML1","144568",1.12700994959002,18.6084178745991,1.81446557460638e-63
"ENSG00000278621","CTD-2033D15.3",NA,-1.15977931478603,-18.5820751751113,2.55308109493792e-63
"ENSG00000117115","PADI2","11240",0.994765985438437,18.5262378202621,5.30049191027591e-63
"ENSG00000196196","HRCT1","646962",1.06598819215168,18.5053115135341,6.9403654048328e-63
"ENSG00000109846","CRYAB","1410",0.735662417526667,18.5026648833263,7.14130657673985e-63
"ENSG00000168306","ACOX2","8309",-1.3058471651276,-18.4940643356539,7.94826284507429e-63
"ENSG00000158220","ESYT3","83850",0.96650335457427,18.476036319386,1.00166252287347e-62
"ENSG00000261857","MIA","8190",1.34202816500526,18.4427152694572,1.54382241015716e-62
"ENSG00000118242","MREG","55686",-0.674037600222177,-18.4146794294697,2.21896051989159e-62
"ENSG00000267795","SMIM22","440335",-0.515663597324189,-18.3709952351567,3.91700532560598e-62
"ENSG00000134533","RERG","85004",-0.809072471124771,-18.3694660039948,3.97215997945704e-62
"ENSG00000215217","C5orf49","134121",-0.741112341212141,-18.3450956415165,5.43814436976489e-62
"ENSG00000046653","GPM6B","2824",0.67687955754964,18.3421700530688,5.61714428598888e-62
"ENSG00000167608","TMC4","147798",-0.649493471446298,-18.2620993663445,1.59673157036554e-61
"ENSG00000275216","RP11-54H7.4",NA,1.05977017330393,18.260531864949,1.62018224120348e-61
"ENSG00000103528","SYT17","51760",-1.15597871176851,-18.2494072944405,1.86344341110532e-61
"ENSG00000165731","RET","5979",-1.41869725594222,-18.195594320549,3.73881048246676e-61
"ENSG00000003989","SLC7A2","6542",-1.39181475126659,-18.1953456270268,3.73881048246676e-61
"ENSG00000165105","RASEF","158158",-0.521911721075851,-18.189867900054,3.99336547009784e-61
"ENSG00000073792","IGF2BP2","10644",1.04720484410496,18.1772715339475,4.68176635873732e-61
"ENSG00000166780","C16orf45","89927",-1.11192920506958,-18.0860117253798,1.5343373172314e-60
"ENSG00000130513","GDF15","9518",-0.977968735519823,-18.0604027986211,2.13104296742307e-60
"ENSG00000160191","PDE9A","5152",0.832250672203381,18.0496910654937,2.43673809559886e-60
"ENSG00000105388","CEACAM5","1048",-0.965552839139343,-18.0389369743085,2.7878137620078e-60
"ENSG00000112379","ARFGEF3","57221",-0.596646943010003,-18.0256716920724,3.29560489405126e-60
"ENSG00000168743","NPNT","255743",-0.812665535142813,-17.9927573586865,5.03250163464815e-60
"ENSG00000105289","TJP3","27134",-0.441670491227128,-17.9687539777548,6.84100567621573e-60
"ENSG00000254615","RP11-395G23.3",NA,0.960122611830413,17.9578326418026,7.84251192974318e-60
"ENSG00000144354","CDCA7","83879",1.0851623209933,17.9559766271525,7.99011990666864e-60
"ENSG00000116299","KIAA1324","57535",-0.656137962588161,-17.951048244053,8.472828889685e-60
"ENSG00000128298","BAIAP2L2","80115",1.03575449089805,17.9457783678944,9.02491081975031e-60
"ENSG00000088002","SULT2B1","6820",-0.680248244081029,-17.8979344065231,1.67220478497458e-59
"ENSG00000196620","UGT2B15","7366",-1.14510434575966,-17.8743587862866,2.25930704701766e-59
"ENSG00000099864","PALM","5064",-0.863939962462839,-17.8655060569314,2.52103381148782e-59
"ENSG00000258818","RNASE4","6038",-0.72421308029659,-17.8542790585072,2.90115099602858e-59
"ENSG00000225194","LINC00092","100188953",1.49432525038839,17.8460599161447,3.21071750504936e-59
"ENSG00000184709","LRRC26","389816",-0.821905899355122,-17.793361766448,6.32663164203003e-59
"ENSG00000118997","DNAH7","56171",-0.809145968256209,-17.7366717347273,1.31160930839812e-58
"ENSG00000146013","GFRA3","2676",1.10499759913773,17.7297033651682,1.42792682150849e-58
"ENSG00000130045","NXNL2","158046",-1.11025674374927,-17.7039776889778,1.98150154657103e-58
"ENSG00000101425","BPI","671",1.28499473939004,17.6912415581364,2.3242100542266e-58
"ENSG00000102854","MSLN","10232",1.02241207862274,17.68812254823,2.40743815373755e-58
"ENSG00000173210","ABLIM3","22885",-0.960150328337609,-17.6378723335222,4.58444470384044e-58
"ENSG00000214447","FAM187A","100528020",-0.818256807563801,-17.59759706058,7.67004553486587e-58
"ENSG00000141639","MAPK4","5596",1.1843846744948,17.4865331870514,3.19030387845081e-57
"ENSG00000244731","C4A","720",-1.14778609336629,-17.4742090159948,3.7193575183785e-57
"ENSG00000125999","BPIFB1","92747",-0.991029719130474,-17.4523544996275,4.90096481535071e-57
"ENSG00000185904","LINC00839","84856",0.906908365656466,17.4309738899501,6.41789511447636e-57
"ENSG00000007062","PROM1","8842",1.19529945822992,17.4190298326049,7.44459030078716e-57
"ENSG00000186603","HPDL","84842",1.15322159077159,17.3880178608963,1.10288206964507e-56
"ENSG00000065361","ERBB3","2065",-0.416654940673363,-17.3519983596347,1.7416297498504e-56
"ENSG00000268204","CTD-3214H19.6",NA,-0.688226564508542,-17.3200597240974,2.60920506977752e-56
"ENSG00000163873","GRIK3","2899",-0.997869265071336,-17.2940685053483,3.6213650949681e-56
"ENSG00000163735","CXCL5","6374",1.02119058312175,17.2810028773143,4.25950135830649e-56
"ENSG00000260228","RP11-483P21.2","102724163",-0.767510519219243,-17.2719872606335,4.75706880450507e-56
"ENSG00000224389","C4B","721",-1.12510120529532,-17.2609406423686,5.45247667109702e-56
"ENSG00000165591","FAAH2","158584",-0.558930502217199,-17.2230915845998,8.80118469069884e-56
"ENSG00000105419","MEIS3","56917",-0.675429837285996,-17.1953185587233,1.2486744730314e-55
"ENSG00000157388","CACNA1D","776",-0.873049024120553,-17.1870594946275,1.3808952069854e-55
"ENSG00000062038","CDH3","1001",0.661172225472565,17.1692519862392,1.72486872145547e-55
"ENSG00000139629","GALNT6","11226",-0.985220411862634,-17.1490212012782,2.22190312789826e-55
"ENSG00000231367","AC016995.3","101929596",0.911591755641833,17.1275562447731,2.90715268443925e-55
"ENSG00000164076","CAMKV","79012",1.01321453153362,17.1099990117792,3.61864176325925e-55
"ENSG00000151715","TMEM45B","120224",-0.872648654367492,-17.1037600607476,3.89969045319381e-55
"ENSG00000078018","MAP2","4133",0.694163199178533,17.0908988080067,4.5720899432551e-55
"ENSG00000101210","EEF1A2","1917",-1.10953820545121,-17.0696071130432,5.96685753335243e-55
"ENSG00000090539","CHRD","8646",-0.91830691242297,-17.0630685876054,6.45465203593565e-55
"ENSG00000115596","WNT6","7475",1.18449993012862,17.0393703115264,8.68379573704678e-55
"ENSG00000076344","RGS11","8786",-0.761672080824298,-17.0218506845018,1.07992896020709e-54
"ENSG00000132554","RGS22","26166",-1.06762386716522,-17.0065819750863,1.30506923337742e-54
"ENSG00000105695","MAG","4099",-0.968615414372795,-16.9025441112454,4.85707286004479e-54
"ENSG00000103460","TOX3","27324",-0.793027103493575,-16.8997935392607,5.00677134190749e-54
"ENSG00000118849","RARRES1","5918",0.963562753051369,16.8745799024348,6.85732611466385e-54
"ENSG00000101311","FERMT1","55612",0.951215878112939,16.7800537800818,2.25248613002061e-53
"ENSG00000136457","CHAD","1101",-1.57245305938433,-16.7715195941066,2.49740123130407e-53
"ENSG00000133048","CHI3L1","1116",0.937718947324363,16.6931413772865,6.67201834720811e-53
"ENSG00000175592","FOSL1","8061",0.814168370350913,16.6763638350691,8.20344798768146e-53
"ENSG00000152076","CCDC74B","91409",-1.01801499562037,-16.6759362939411,8.21195820274882e-53
"ENSG00000205363","C15orf59","388135",-0.778921663489314,-16.6686815854746,8.95732043546456e-53
"ENSG00000214100","AC079776.2",NA,-1.38826187697898,-16.6597068460116,9.98381020410374e-53
"ENSG00000146090","RASGEF1C","255426",1.07405474930475,16.6356199687405,1.34086029626242e-52
"ENSG00000049283","EPN3","55040",-0.41387801394659,-16.6355480282722,1.34086029626242e-52
"ENSG00000006377","DLX6","1750",1.07692355283348,16.586826431836,2.46066131776102e-52
"ENSG00000150054","MPP7","143098",-0.872801026576836,-16.5504371175269,3.8533486450487e-52
"ENSG00000135773","CAPN9","10753",-0.849362670477776,-16.5503638518409,3.8533486450487e-52
"ENSG00000117399","CDC20","991",0.600466253832185,16.5072952886627,6.57870582097917e-52
"ENSG00000170482","SLC23A1","9963",-0.976631075571736,-16.5030013090891,6.91277839598299e-52
"ENSG00000160307","S100B","6285",0.903609107878517,16.4943313259081,7.67245079150324e-52
"ENSG00000184661","CDCA2","157313",0.580728195164445,16.4872764453806,8.34530356311335e-52
"ENSG00000069482","GAL","51083",0.813612038511311,16.4646024069568,1.1033416497086e-51
"ENSG00000137309","HMGA1","3159",0.601303980034807,16.4521161801585,1.28427032743953e-51
"ENSG00000088386","SLC15A1","6564",1.09510887813448,16.4490975519813,1.32816021896229e-51
"ENSG00000260618","RP11-23N2.4",NA,-0.87720828558625,-16.4465642827506,1.36526956348105e-51
"ENSG00000188001","TPRG1","285386",-1.214058290265,-16.4280167226514,1.71395879270227e-51
"ENSG00000163751","CPA3","1359",-0.789205081025195,-16.4054491970798,2.26205753055638e-51
"ENSG00000233041","PHGR1","644844",-1.22427279464212,-16.3891058803922,2.76211349738176e-51
"ENSG00000114812","VIPR1","7433",-0.625851233828956,-16.3873689078542,2.81126958904977e-51
"ENSG00000100867","DHRS2","10202",-1.32480947023416,-16.386628042192,2.82604243830458e-51
"ENSG00000187889","C1orf168","199920",-0.850553292776374,-16.3763741319517,3.19846173586136e-51
"ENSG00000075461","CACNG4","27092",-0.796820544852176,-16.3743982899021,3.26521264418008e-51
"ENSG00000136943","CTSV","1515",0.597713611086225,16.3634424755293,3.72788735345091e-51
"ENSG00000183837","PNMA3","29944",1.16847157790159,16.3452430961131,4.6575720699167e-51
"ENSG00000152049","KCNE4","23704",-1.04789705949547,-16.3269104412382,5.82810280369122e-51
"ENSG00000197165","SULT1A2","6799",-0.936300345118661,-16.3187600000001,6.4248026359173e-51
"ENSG00000179869","ABCA13","154664",1.20790997214559,16.317025826624,6.53941860031185e-51
"ENSG00000143674","MLK4","84451",0.843166592528562,16.2828357233298,9.9634344474212e-51
"ENSG00000203709","C1orf132",NA,-1.18733166963734,-16.2213769339367,2.12801885271781e-50
"ENSG00000196090","PTPRT","11122",-1.10026086132575,-16.2101387567598,2.43673414580447e-50
"ENSG00000184731","FAM110C","642273",-0.609223282547915,-16.191065101727,3.07453428993526e-50
"ENSG00000141665","FBXO15","201456",-0.895487678279698,-16.1597466038946,4.51345026992752e-50
"ENSG00000142606","MMEL1","79258",-0.737414551505617,-16.1560440734847,4.70712752321281e-50
"ENSG00000111344","RASAL1","8437",0.811144267528195,16.1431514685212,5.50014010618944e-50
"ENSG00000138131","LOXL4","84171",0.880148869864611,16.1426067520065,5.51649975720569e-50
"ENSG00000100302","RASD2","23551",0.730720127802419,16.1372746443979,5.87042369726794e-50
"ENSG00000135374","ELF5","2001",0.996157351617473,16.1337268763781,6.11077190096117e-50
"ENSG00000218416","PP14571","100130449",-1.22811127374401,-16.1139899298132,7.76995870730056e-50
"ENSG00000157193","LRP8","7804",0.881082824034169,16.1062645139482,8.5163958357376e-50
"ENSG00000268104","SLC6A14","11254",0.951567900576005,16.0822884202403,1.14083170519794e-49
"ENSG00000198732","SMOC1","64093",0.914709745875886,16.0814001544044,1.14916755804387e-49
"ENSG00000146233","CYP39A1","51302",0.845045023944314,16.0775023069923,1.20138359172081e-49
"ENSG00000162989","KCNJ3","3760",-1.49221050191082,-16.0434531417274,1.82171945712279e-49
"ENSG00000119938","PPP1R3C","5507",-0.867870078048107,-16.0059129649886,2.88238761243167e-49
"ENSG00000007306","CEACAM7","1087",-0.859069787616543,-15.9914184274662,3.43289682147932e-49
"ENSG00000185761","ADAMTSL5","339366",-0.972181740961702,-15.9238481748615,7.84907590417806e-49
"ENSG00000268496","CTD-2587H19.2",NA,1.12602938939189,15.9165303472197,8.55602111248688e-49
"ENSG00000128833","MYO5C","55930",-0.617768812997948,-15.8964709432719,1.0904849346165e-48
"ENSG00000133808","MICALCL",NA,-0.72406189091733,-15.8871418034539,1.21832025071487e-48
"ENSG00000080854","IGSF9B","22997",-1.10926993953841,-15.8633362648063,1.625374159675e-48
"ENSG00000154654","NCAM2","4685",-0.897962890446303,-15.8586818484061,1.71466302436557e-48
"ENSG00000154928","EPHB1","2047",0.758626258089299,15.8567766537827,1.74895537970629e-48
"ENSG00000131831","RAI2","10742",-0.7854193139076,-15.8553761441323,1.77295751334629e-48
"ENSG00000162545","CAMK2N1","55450",-0.753411673847103,-15.8217776478047,2.66581388269684e-48
"ENSG00000019169","MARCO","8685",1.12293393130188,15.8199394096656,2.71692438156778e-48
"ENSG00000197748","CFAP43","80217",-0.837157719046635,-15.7880678356351,3.99797097097688e-48
"ENSG00000125869","LAMP5","24141",-0.674943951852341,-15.7853475009446,4.11878367014468e-48
"ENSG00000113494","PRLR","5618",-0.571639494137117,-15.7797357317003,4.39589713790393e-48
"ENSG00000167771","RCOR2","283248",0.844021634571028,15.7635304801957,5.33977901605865e-48
"ENSG00000177679","SRRM3","222183",-0.745986420784767,-15.7438553311857,6.76627933342065e-48
"ENSG00000099769","IGFALS","3483",-1.32195237690241,-15.6975159164013,1.18654598065617e-47
"ENSG00000152953","STK32B","55351",-1.19759374827604,-15.6957990941045,1.20749412412122e-47
"ENSG00000171385","KCND3","3752",-1.06940812781849,-15.6491807797855,2.1227512724924e-47
"ENSG00000053108","FSTL4","23105",-0.824044827192103,-15.6416311132059,2.31902772742143e-47
"ENSG00000135111","TBX3","6926",-0.681162805087551,-15.6388668340718,2.39021020083306e-47
"ENSG00000231852","CYP21A2","1589",-1.04395656329614,-15.6342091188006,2.5209744461156e-47
"ENSG00000171236","LRG1","116844",-1.15830003835232,-15.6132891629397,3.23993728274415e-47
"ENSG00000099337","KCNK6","9424",-0.787341232915048,-15.5896471589772,4.3031029262204e-47
"ENSG00000184454","NCMAP","400746",0.838051934683794,15.5737532651547,5.20123558806658e-47
"ENSG00000110693","SOX6","55553",1.04380016404656,15.5656022323216,5.7227714452815e-47
"ENSG00000078081","LAMP3","27074",0.69529181437278,15.5576678936717,6.27997086967123e-47
"ENSG00000170011","MYRIP","25924",-0.949174650520401,-15.5321424089149,8.52885598887058e-47
"ENSG00000182580","EPHB3","2049",0.557784049840211,15.515896928585,1.03493971781018e-46
"ENSG00000259171","RP11-903H12.5",NA,-0.442978209696622,-15.5151781129002,1.04056405030253e-46
"ENSG00000090534","THPO","7066",-0.941340194928936,-15.4966459169906,1.2979830001504e-46
"ENSG00000230148","HOXB-AS1","100874362",-0.676422452320573,-15.4950717312612,1.31681740591231e-46
"ENSG00000172159","FRMD3","257019",0.804595705896029,15.4949169315066,1.31681740591231e-46
"ENSG00000179348","GATA2","2624",-1.07765044619616,-15.4859998420827,1.46207085483815e-46
"ENSG00000149534","MS4A2","2206",-0.781208050767738,-15.4820046395844,1.52950645722028e-46
"ENSG00000160460","SPTBN4","57731",-0.820486456779646,-15.4631731686473,1.91439311070991e-46
"ENSG00000137673","MMP7","4316",0.578812183382624,15.4361263690755,2.64567271235377e-46
"ENSG00000225526","MKRN2OS","100129480",-0.733329142060296,-15.4317748931447,2.77947869434888e-46
"ENSG00000135638","EMX1","2016",-1.16319854113214,-15.4309461964321,2.79848453408338e-46
"ENSG00000159763","PIP","5304",-1.04521630652784,-15.4160692056554,3.33826263539924e-46
"ENSG00000106571","GLI3","2737",-0.687211529782198,-15.3942695172728,4.32845882867333e-46
"ENSG00000132031","MATN3","4148",-0.786101735415207,-15.3932662517229,4.36731170084603e-46
"ENSG00000103056","SMPD3","55512",-0.930025911175559,-15.3925691969266,4.39031806681436e-46
"ENSG00000182253","SYNM","23336",0.790198340529055,15.3891847332618,4.55881079521499e-46
"ENSG00000164434","FABP7","2173",1.1477031118319,15.3833823152636,4.873774852194e-46
"ENSG00000225472","RP11-120J1.1","123706550",1.07058315321187,15.3638210630052,6.14976644826489e-46
"ENSG00000106927","AMBP","259",-0.784539893902826,-15.3499432094989,7.2456224514346e-46
"ENSG00000075223","SEMA3C","10512",-0.659929170116153,-15.315588538602,1.09198043985826e-45
"ENSG00000232803","SLCO4A1-AS1","100127888",1.18029861893327,15.2991880291156,1.32580011060067e-45
"ENSG00000153132","CLGN","1047",-0.973548623814224,-15.2871129355355,1.52804252087091e-45
"ENSG00000049130","KITLG","4254",-0.718816622670413,-15.275874453973,1.74344187721428e-45
"ENSG00000134690","CDCA8","55143",0.582498028818047,15.2584691972046,2.14187748993097e-45
"ENSG00000079337","RAPGEF3","10411",-0.663967410873389,-15.2150445448924,3.59375868145035e-45
"ENSG00000121753","ADGRB2","576",-0.823359911630735,-15.1716763781085,6.0207860542286e-45
"ENSG00000010310","GIPR","2696",-0.918494198939948,-15.1591211990462,6.97475871855662e-45
"ENSG00000198133","TMEM229B","161145",-0.766533518716991,-15.1487040399946,7.87561114848013e-45
"ENSG00000140022","STON2","85439",-0.896637615889541,-15.1354711837424,9.19660920681792e-45
"ENSG00000154277","UCHL1","7345",0.602661868189924,15.1312947926701,9.63789437791657e-45
"ENSG00000064886","CHI3L2","1117",1.03353760437295,15.1305769561642,9.69175891773261e-45
"ENSG00000103257","SLC7A5","8140",0.902455590209504,15.1220702771498,1.06957688322567e-44
"ENSG00000232352","SEMA3B-AS1",NA,-1.01112274008384,-15.1090165671837,1.2461627956536e-44
"ENSG00000172201","ID4","3400",0.712190587945879,15.1002373240019,1.37964817002544e-44
"ENSG00000229776","C4B-AS1","102060414",-1.02740333995738,-15.0987968371154,1.39527596967567e-44
"ENSG00000233627","C4A-AS1",NA,-1.02740333995738,-15.0987968371154,1.39527596967567e-44
"ENSG00000137440","FGFBP1","9982",1.00198503066798,15.0963917516175,1.43165401993713e-44
"ENSG00000134240","HMGCS2","3158",-1.04949220386838,-15.0950432014112,1.4505976303332e-44
"ENSG00000170421","KRT8","3856",-0.347423014948945,-15.0723613856802,1.89537440196177e-44
"ENSG00000092758","COL9A3","1299",1.05414223898883,15.0650286036152,2.0623680135979e-44
"ENSG00000147889","CDKN2A","1029",0.658548705544118,15.0578168704203,2.24080735561525e-44
"ENSG00000111846","GCNT2","2651",0.967719414799057,15.0386764760377,2.80404879450273e-44
"ENSG00000152977","ZIC1","7545",1.0411847857005,15.0384937949881,2.80404879450273e-44
"ENSG00000152939","MARVELD2","153562",-0.412267223394183,-15.0343977491474,2.93561479117384e-44
"ENSG00000198807","PAX9","5083",-0.702860442553954,-15.0145946537573,3.70457455735991e-44
"ENSG00000148798","INA","9118",0.874851123664284,15.0028363191469,4.24806652654463e-44
"ENSG00000136883","KIF12","113220",-0.564406666690481,-14.9848386073979,5.24571288387186e-44
"ENSG00000157303","SUSD3","203328",-1.20508101602835,-14.9695775200197,6.26978195988562e-44
"ENSG00000084628","NKAIN1","79570",-0.924534248733195,-14.9569694149328,7.26090044080394e-44
"ENSG00000135116","HRK","8739",0.970406671707327,14.9510860940599,7.76365775521526e-44
"ENSG00000259345","RP11-624L4.1","105370777",-0.790246154240851,-14.9320890064206,9.69739020312555e-44
"ENSG00000114248","LRRC31","79782",-1.27899855310011,-14.9068275241551,1.3043446297911e-43
"ENSG00000116133","DHCR24","1718",-0.60628134856344,-14.9036438287097,1.35064403892727e-43
"ENSG00000182107","TMEM30B","161291",-0.388502062479262,-14.8801655464656,1.77821151251676e-43
"ENSG00000249992","TMEM158","25907",0.872944748326624,14.8690654969027,2.02197841649306e-43
"ENSG00000177359","OVOS2","144203",1.15654499533254,14.8666564141604,2.07460057223399e-43
"ENSG00000136231","IGF2BP3","10643",0.839566293475776,14.863482567031,2.14793312006482e-43
"ENSG00000168421","RHOH","399",-0.83106440409174,-14.8586513930849,2.26785420454054e-43
"ENSG00000126562","WNK4","65266",-1.17650558555664,-14.8553881621691,2.35050809735002e-43
"ENSG00000277010","RP11-616M22.12",NA,-1.175777285852,-14.8487047096164,2.53663979036165e-43
"ENSG00000234964","FABP5P7",NA,0.663780129457397,14.8468356377536,2.58614759385716e-43
"ENSG00000171119","NRTN","4902",0.755836611244015,14.834049849468,2.99944306422712e-43
"ENSG00000188910","GJB3","2707",0.857355953889804,14.8254431468322,3.31114488122825e-43
"ENSG00000168280","KIF5C","3800",-0.777452877730235,-14.8236938180472,3.37101007460332e-43
"ENSG00000225511","LINC00475",NA,-0.836675878707988,-14.8221788040819,3.42250096661607e-43
"ENSG00000173917","HOXB2","3212",-0.910397489197902,-14.8127974677283,3.81275915486991e-43
"ENSG00000182575","NXPH3","11248",-0.815106350419519,-14.8053676098642,4.15074076618949e-43
"ENSG00000204338","CYP21A1P",NA,-1.09239227846747,-14.7877541553357,5.0949436832426e-43
"ENSG00000140284","SLC27A2","11001",-0.81207782217258,-14.7802937990882,5.54818366328142e-43
"ENSG00000198598","MMP17","4326",-0.841462883194441,-14.7749030927772,5.89612197887691e-43
"ENSG00000026559","KCNG1","3755",1.0569053581753,14.7616271093559,6.87551711949812e-43
"ENSG00000136099","PCDH8","5100",1.01572371725599,14.7484865646694,8.00423536800852e-43
"ENSG00000112394","SLC16A10","117247",0.901624314622974,14.7367333515398,9.16676370545992e-43
"ENSG00000010438","PRSS3","5646",0.920921646420295,14.7261775866746,1.03507849378575e-42
"ENSG00000013588","GPRC5A","9052",-0.538200102171166,-14.6841492659495,1.69140882703833e-42
"ENSG00000115163","CENPA","1058",0.482517703205784,14.6563805562732,2.33657380824826e-42
"ENSG00000162814","SPATA17","128153",-0.523720302687187,-14.6500372417209,2.51033477401794e-42
"ENSG00000086205","FOLH1","2346",0.484136604079964,14.6249820394168,3.3579726126041e-42
"ENSG00000135549","PKIB","5570",-0.771489181245625,-14.6079833833441,4.08657360988734e-42
"ENSG00000134874","DZIP1","22873",0.50758765039228,14.5351558154696,9.5457260310289e-42
"ENSG00000181418","DDN","23109",0.730768316425894,14.5225336175486,1.10311584962661e-41
"ENSG00000176678","FOXL1","2300",0.574249289129826,14.5045993102132,1.35609864887965e-41
"ENSG00000143365","RORC","6097",-0.535995293389703,-14.4796748671727,1.808192873725e-41
"ENSG00000080986","NDC80","10403",0.502496731441784,14.4357684290835,3.00544829905974e-41
"ENSG00000085999","RAD54L","8438",0.662222206589656,14.4345235338177,3.04138306361743e-41
"ENSG00000140519","RHCG","51458",0.900591617582948,14.4286367813271,3.24831106992595e-41
"ENSG00000157613","CREB3L1","90993",-0.665650979297611,-14.4228236120512,3.46631971211715e-41
"ENSG00000149926","FAM57B","83723",-0.669666019232853,-14.3964962596195,4.69335706215227e-41
"ENSG00000102554","KLF5","688",0.679420967454093,14.3827544173547,5.49029074952183e-41
"ENSG00000105880","DLX5","1749",0.554131601590337,14.3773319166011,5.83166423068846e-41
"ENSG00000166743","ACSM1","116285",-0.78041739056544,-14.3740529266623,6.0422181378252e-41
"ENSG00000091482","SMPX","23676",0.886723899518489,14.367580454084,6.4964124660706e-41
"ENSG00000166682","TMPRSS5","80975",1.02692006519335,14.3590444275467,7.15363425728598e-41
"ENSG00000109101","FOXN1","8456",-0.643542395454221,-14.3537868578228,7.58365664922029e-41
"ENSG00000249306","LINC01411","101928176",-1.08109220520547,-14.3111992716954,1.23823189091224e-40
"ENSG00000164309","CMYA5","202333",-0.651578364712014,-14.3081495135465,1.27945069984128e-40
"ENSG00000232415","CTB-51J22.1","107986809",-0.914607272343687,-14.3046247371685,1.32932221962345e-40
"ENSG00000027869","SH2D2A","9047",0.805126453362548,14.2964185944124,1.45790515138741e-40
"ENSG00000146955","RAB19","401409",-0.425624813516985,-14.2930024107403,1.51282221385577e-40
"ENSG00000280237","MIR4697HG",NA,-0.814789531282233,-14.2919983195984,1.52667411924009e-40
"ENSG00000101098","RIMS4","140730",-0.959220736785497,-14.2699409487325,1.9646107864912e-40
"ENSG00000197472","ZNF695","57116",0.593851458115416,14.2024044198776,4.26801090653659e-40
"ENSG00000183831","ANKRD45","339416",0.67523541062478,14.2015201052505,4.30104641826394e-40
"ENSG00000177459","ERICH5","203111",1.01780270731515,14.1953965174439,4.60368510345029e-40
"ENSG00000178999","AURKB","9212",0.456539730672501,14.1820320802263,5.35543702088588e-40
"ENSG00000254726","MEX3A","92312",0.655189901343568,14.1651659165,6.48520430295289e-40
"ENSG00000112742","TTK","7272",0.483056003482346,14.1621226936863,6.69958205931895e-40
"ENSG00000165821","SALL2","6297",-0.702083621194006,-14.1577161008938,7.03029544413823e-40
"ENSG00000101213","PTK6","5753",-0.598800831073013,-14.1165771100056,1.12448719843689e-39
"ENSG00000257341","AL928654.7",NA,-0.778864050591908,-14.1100088589546,1.20949558700954e-39
"ENSG00000111206","FOXM1","2305",0.610134832443796,14.1045607309632,1.28431816887176e-39
"ENSG00000012171","SEMA3B","7869",-0.977026833207022,-14.0986958992878,1.37028396898064e-39
"ENSG00000164855","TMEM184A","202915",-0.469641485063985,-14.0860297932785,1.58041701594461e-39
"ENSG00000170369","CST2","1470",-0.713376943326085,-14.0823389602918,1.64468297629614e-39
"ENSG00000172236","TPSAB1","7177",-0.632016846717495,-14.0677168704056,1.9396517483236e-39
"ENSG00000112981","NME5","8382",-0.808945779154593,-14.0671459600329,1.94770376639233e-39
"ENSG00000198944","SOWAHA","134548",-0.905126902772944,-14.0660652462524,1.96724100025551e-39
"ENSG00000173838","MARCH10","162333",-0.852850807546477,-14.0483902583579,2.40222609965807e-39
"ENSG00000100968","NFATC4","4776",-0.674276932406368,-14.043161507086,2.5441404659151e-39
"ENSG00000157502","MUM1L1","139221",-0.831435460981647,-14.0371968989498,2.71358709351672e-39
"ENSG00000204655","MOG","4340",0.80431318371633,14.0371056873315,2.71358709351672e-39
"ENSG00000177614","PGBD5","79605",0.777625170771083,14.0325066377036,2.85325961433622e-39
"ENSG00000149403","GRIK4","2900",-0.780951357681877,-14.021821708391,3.21604325584609e-39
"ENSG00000214456","PLIN5","440503",-1.0017075093986,-13.9795770030599,5.19531010948005e-39
"ENSG00000069764","PLA2G10","8399",-0.782530718613145,-13.9477917690165,7.44432482436379e-39
"ENSG00000140534","TICRR","90381",0.709352205757406,13.9432128691804,7.82426966786119e-39
"ENSG00000155918","RAET1L","154064",0.928633286869996,13.9344273075344,8.62668723691528e-39
"ENSG00000176842","IRX5","10265",-0.335887113085705,-13.9015834210418,1.25018741249246e-38
"ENSG00000196557","CACNA1H","8912",-0.925151705916859,-13.8876794076321,1.4606204874339e-38
"ENSG00000142449","FBN3","84467",0.865619369197238,13.8873719546345,1.46234212068867e-38
"ENSG00000150556","LYPD6B","130576",-0.550979661234303,-13.8814219405951,1.56090617860391e-38
"ENSG00000234753","FOXP4-AS1","101060264",0.521729742306822,13.8778072872768,1.6225247999665e-38
"ENSG00000196660","SLC30A10","55532",0.716455599431989,13.8725616152174,1.71807148949174e-38
"ENSG00000142945","KIF2C","11004",0.588920162331007,13.8469910303948,2.29062720711076e-38
"ENSG00000237438","CECR7",NA,0.806669125751558,13.8150310544113,3.28192672803365e-38
"ENSG00000250742","RP11-834C11.4","400043",-0.475428701653546,-13.7972083238807,4.00577217522001e-38
"ENSG00000130829","DUSP9","1852",0.843150959077206,13.7950026108471,4.09758518373367e-38
"ENSG00000167755","KLK6","5653",0.859087894329749,13.7889474017859,4.37791395437459e-38
"ENSG00000206075","SERPINB5","5268",0.653520433647112,13.7790912222474,4.88259163485547e-38
"ENSG00000150594","ADRA2A","150",-0.724489215492868,-13.7737365875571,5.17531205144482e-38
"ENSG00000149573","MPZL2","10205",0.495980359703849,13.7690996571066,5.44125415432911e-38
"ENSG00000129195","FAM64A","54478",0.475760830184736,13.7358552898223,7.90002908218978e-38
"ENSG00000171811","CFAP46","54777",-1.13643768156426,-13.7313713154372,8.29101710207844e-38
"ENSG00000171903","CYP4F11","57834",-0.876776449048655,-13.6869889757544,1.36362254010147e-37
"ENSG00000164045","CDC25A","993",0.666241033785166,13.6632691316231,1.7764352499367e-37
"ENSG00000174963","ZIC4","84107",0.879889893617324,13.6584305764082,1.87151206596321e-37
"ENSG00000139910","NOVA1","4857",-0.859229845043142,-13.6448051258532,2.17615036852425e-37
"ENSG00000197757","HOXC6","3223",-0.297407788607648,-13.633989096633,2.45162406818976e-37
"ENSG00000140451","PIF1","80119",0.768964476568819,13.632862920865,2.47731180875408e-37
"ENSG00000146411","SLC2A12","154091",0.788524373396031,13.6281451323344,2.60622013695964e-37
"ENSG00000106123","EPHB6","2051",0.815656353479743,13.6217836286505,2.79283768851425e-37
"ENSG00000164099","PRSS12","8492",0.826692045331347,13.6165049923468,2.95665021567818e-37
"ENSG00000034053","APBA2","321",0.721283285079411,13.6081836762908,3.23864299702945e-37
"ENSG00000105855","ITGB8","3696",0.709462140818049,13.607082228764,3.27170029826891e-37
"ENSG00000189001","SBSN","374897",0.907302184721655,13.6039376105666,3.38166502147394e-37
"ENSG00000158806","NPM2","10361",0.911521091154877,13.6010500910405,3.48526936075998e-37
"ENSG00000267385","CTB-50L17.14",NA,-1.01577771802868,-13.5983309359622,3.58527987350275e-37
"ENSG00000188833","ENTPD8","377841",-0.757927546898964,-13.593691255678,3.76837041345945e-37
"ENSG00000131097","HIGD1B","51751",-0.430370274110006,-13.5801391538367,4.37643370286294e-37
"ENSG00000266010","GATA6-AS1","100128893",0.778815269080683,13.5591060725634,5.52572629537724e-37
"ENSG00000147697","GSDMC","56169",0.594380572471018,13.5522293304014,5.9545305077596e-37
"ENSG00000163235","TGFA","7039",0.636683914463772,13.5466320032077,6.32538054511429e-37
"ENSG00000236699","ARHGEF38","54848",-0.524132279666074,-13.5446860466789,6.45058847039033e-37
"ENSG00000167191","GPRC5B","51704",0.49883411897916,13.543059890614,6.55482423280642e-37
"ENSG00000130940","CASZ1","54897",-0.464545983355189,-13.5378526504947,6.93269048506585e-37
"ENSG00000280403","FKSG62",NA,1.11138919811684,13.5277428758166,7.74494063661974e-37
"ENSG00000227051","C14orf132","56967",-0.702085538477026,-13.523495063338,8.10387307198864e-37
"ENSG00000126460","PRRG2","5639",-0.417897722182589,-13.4771025192942,1.35669258566432e-36
"ENSG00000181143","MUC16","94025",0.79578843935208,13.4708097725267,1.45212136142309e-36
"ENSG00000085840","ORC1","4998",0.628202115037574,13.4701154177484,1.46030077185191e-36
"ENSG00000136546","SCN7A","6332",-0.761653064310057,-13.4550148008145,1.72400499801011e-36
"ENSG00000154102","C16orf74","404550",-0.677444888339109,-13.4487412798547,1.84476583003176e-36
"ENSG00000187957","DNER","92737",0.839390292331769,13.4108385989966,2.80548999926602e-36
"ENSG00000137699","TRIM29","23650",0.682986758302764,13.4053710111627,2.97485483529046e-36
"ENSG00000135423","GLS2","27165",-0.696583295224512,-13.3994895793869,3.16893212885997e-36
"ENSG00000115705","TPO","7173",-0.470196387830542,-13.3983454613887,3.20273229702539e-36
"ENSG00000260552","RP11-49I11.1","101927809",0.414261495744168,13.392093908508,3.42567186431392e-36
"ENSG00000170423","KRT78","196374",0.777002863057888,13.383384414553,3.76065051446303e-36
"ENSG00000166143","PPP1R14D","54866",-0.554663473810019,-13.383309579984,3.76065051446303e-36
"ENSG00000188488","SERPINA5","5104",-0.833046032700225,-13.3609514348755,4.80844668070734e-36
"ENSG00000183248","PRR36","80164",-0.458151992617486,-13.2856933527104,1.10302645638858e-35
"ENSG00000213424","KRT222","125113",-0.844261954663681,-13.2835404621108,1.12722615263575e-35
"ENSG00000158315","RHBDL2","54933",0.493426526493034,13.2818999310657,1.14546263513154e-35
"ENSG00000133321","RARRES3","5920",-0.943908062736065,-13.2763015365632,1.2159653671607e-35
"ENSG00000071991","CDH19","28513",0.979320804865173,13.2638176124637,1.39264148840854e-35
"ENSG00000131019","ULBP3","79465",0.832967491239191,13.2582535730344,1.47773068190145e-35
"ENSG00000161798","AQP5","362",0.962905165338785,13.2569246892717,1.49647941643378e-35
"ENSG00000280693","SH3PXD2A-AS1","100505839",0.599318963889419,13.2415940182206,1.76831131140809e-35
"ENSG00000100290","BIK","638",-0.367391747344795,-13.2409928756433,1.77644228064883e-35
"ENSG00000122733","PHF24","23349",0.804594523122193,13.2343367819513,1.90768979566844e-35
"ENSG00000091490","SEL1L3","23231",0.718785779224523,13.2189462975565,2.25531093865705e-35
"ENSG00000126878","AIF1L","83543",0.673056257359042,13.1953599414545,2.91730953567713e-35
"ENSG00000114805","PLCH1","23007",1.00079709288586,13.1745365490289,3.65978703878682e-35
"ENSG00000029153","ARNTL2","56938",0.704895651243184,13.1584195426831,4.35919983189801e-35
"ENSG00000176165","FOXG1","2290",0.682446059144887,13.1373153184676,5.48327812056838e-35
"ENSG00000050628","PTGER3","5733",-0.660860290942291,-13.1332973090698,5.71863714557264e-35
"ENSG00000145703","IQGAP2","10788",-0.717376677679365,-13.1258932478919,6.18945382705888e-35
"ENSG00000165863","C10orf82","143379",-1.22275210301744,-13.1123254167888,7.16651864588626e-35
"ENSG00000136002","ARHGEF4","50649",0.550905734956932,13.0809282636815,1.00829924228697e-34
"ENSG00000065328","MCM10","55388",0.57239078774655,13.0771372216693,1.04886162027901e-34
"ENSG00000130222","GADD45G","10912",-0.652226348559612,-13.076459743484,1.05455862604518e-34
"ENSG00000112562","SMOC2","64094",-0.5256060523947,-13.0750714370276,1.06855772484964e-34
"ENSG00000108852","MPP2","4355",-0.800876232951287,-13.0648398848717,1.19255346305174e-34
"ENSG00000277363","SRCIN1","80725",-0.623427238534175,-13.0477323059178,1.43457872403677e-34
"ENSG00000156049","GNA14","9630",-0.757777952645103,-13.0443265328256,1.48595798812768e-34
"ENSG00000120875","DUSP4","1846",-0.852735132478217,-13.0423096298162,1.51603088791996e-34
"ENSG00000100146","SOX10","6663",0.953245346579456,13.0248842790217,1.82966907581692e-34
"ENSG00000204175","GPRIN2","9721",0.754750125512192,13.0104333816946,2.13746361412538e-34
"ENSG00000130234","ACE2","59272",0.917843376388217,12.9919052824129,2.61003308891695e-34
"ENSG00000115112","TFCP2L1","29842",0.707572306704242,12.9891275647005,2.68487424209106e-34
"ENSG00000124102","PI3","5266",0.870208566890245,12.9883444824038,2.70257716190621e-34
"ENSG00000111665","CDCA3","83461",0.664825766916772,12.9714700294667,3.24061146275755e-34
"ENSG00000211452","DIO1","1733",-0.964196124036338,-12.9701853506058,3.27981136037755e-34
"ENSG00000011426","ANLN","54443",0.539923648308685,12.9623450757892,3.56459184538262e-34
"ENSG00000020633","RUNX3","864",0.662853515129576,12.9579640109833,3.73113038660183e-34
"ENSG00000158164","TMSB15A","11013",0.707116474435613,12.9411274458616,4.47090047864254e-34
"ENSG00000198515","CNGA1","1259",0.872061754742018,12.9375903506245,4.63691835185295e-34
"ENSG00000185479","KRT6B","3854",0.773328103779938,12.9307111361497,4.98664489402451e-34
"ENSG00000124493","GRM4","2914",-0.787740438578265,-12.9266500824397,5.20121923230412e-34
"ENSG00000228649","AC005682.5","109729180",0.9510741927031,12.9065177868144,6.45726173745024e-34
"ENSG00000100167","SEPT3","55964",0.555230771724037,12.9048210621176,6.56450262251471e-34
"ENSG00000144063","MALL","7851",0.462538151312281,12.904230784324,6.59402949766486e-34
"ENSG00000152611","CAPSL","133690",-0.801093888489304,-12.903797502271,6.61172256446304e-34
"ENSG00000123572","NRK","203447",-0.64026312017181,-12.9036324172869,6.61172256446304e-34
"ENSG00000133454","MYO18B","84700",-0.829841497919468,-12.8947740262986,7.26366858640085e-34
"ENSG00000203886","CYP17A1-AS1",NA,-0.831567685521358,-12.8879180425225,7.80850512858832e-34
"ENSG00000086548","CEACAM6","4680",-0.686094991750778,-12.8811684493158,8.38436373572711e-34
"ENSG00000154493","C10orf90","118611",0.77726959057253,12.8670715609101,9.74698095588449e-34
"ENSG00000187715","KBTBD12","166348",0.954793684755873,12.8422430225999,1.27223173181735e-33
"ENSG00000124302","CHST8","64377",-1.00380425280134,-12.8366188423756,1.34934401184055e-33
"ENSG00000127585","FBXL16","146330",-0.622930039116551,-12.8313978085274,1.42489702221049e-33
"ENSG00000171243","SOSTDC1","25928",0.891971472599673,12.8224551840757,1.56630508700629e-33
"ENSG00000259479","SORD2P",NA,-0.537210232327293,-12.8186818293556,1.62832695479609e-33
"ENSG00000205517","RGL3","57139",-0.734809588112789,-12.8070165795909,1.84313084813202e-33
"ENSG00000143867","OSR1","130497",0.72882041497425,12.7998712862732,1.98696720840003e-33
"ENSG00000126262","FFAR2","2867",-0.736425919889474,-12.7854066788952,2.31763967562841e-33
"ENSG00000118495","PLAGL1","5325",0.664785175428743,12.7800663539189,2.45024087697024e-33
"ENSG00000144891","AGTR1","185",-0.860315602796909,-12.7782238667008,2.494697745133e-33
"ENSG00000006210","CX3CL1","6376",0.523349267153609,12.7683398447195,2.76951976640516e-33
"ENSG00000196932","TMEM26","219623",-0.785953414288072,-12.7664258425342,2.82192470001993e-33
"ENSG00000140379","BCL2A1","597",0.638027730908723,12.7581496627713,3.07892636020166e-33
"ENSG00000141449","GREB1L","80000",-0.767613490574751,-12.7536679939619,3.22497149523272e-33
"ENSG00000174469","CNTNAP2","26047",-0.835998726005241,-12.7421378775027,3.64367428638451e-33
"ENSG00000197299","BLM","641",0.59938094244513,12.7140105643052,4.91899432586133e-33
"ENSG00000276600","RAB7B","338382",0.543977263677384,12.7117517859479,5.03043231780507e-33
"ENSG00000163293","NIPAL1","152519",0.625608599664993,12.7030066754042,5.51492657211658e-33
"ENSG00000175591","P2RY2","5029",-0.632969454744097,-12.6938356692452,6.0734989745819e-33
"ENSG00000129151","BBOX1","8424",0.746251298819733,12.6899856687668,6.31778835183261e-33
"ENSG00000267259","CTD-2008P7.9","112267992",-0.507186401370432,-12.6803657578449,6.99077989643881e-33
"ENSG00000062282","DGAT2","84649",0.717156542403065,12.6721304725593,7.62129731822829e-33
"ENSG00000157111","TMEM171","134285",0.63203768904418,12.6691615840438,7.8531487371482e-33
"ENSG00000164742","ADCY1","107",-0.96615025584006,-12.6675815509491,7.97267027203325e-33
"ENSG00000115507","OTX1","5013",0.551895562176806,12.6658338189568,8.10856237339287e-33
"ENSG00000113924","HGD","3081",-0.730290085386718,-12.6432647468745,1.03033095720581e-32
"ENSG00000168453","HR","55806",0.637942916688104,12.6359444815119,1.11215944854736e-32
"ENSG00000188931","CFAP126","257177",-0.718284167121939,-12.6264733115313,1.22834511493029e-32
"ENSG00000197253","TPSB2","64499",-0.660150611699181,-12.6252044093601,1.24287705524333e-32
"ENSG00000163106","HPGDS","27306",-0.574477605618487,-12.6185794517401,1.33158010155513e-32
"ENSG00000180537","RNF182","221687",0.72034635475748,12.5785567195872,2.03663658058773e-32
"ENSG00000148488","ST8SIA6","338596",-0.870009223576814,-12.5745289050893,2.12211951128619e-32
"ENSG00000115457","IGFBP2","3485",-0.663757729586194,-12.5671481853544,2.29152228512252e-32
"ENSG00000147509","RGS20","8601",0.645778361176774,12.554399712539,2.61978689782788e-32
"ENSG00000150687","PRSS23","11098",-0.637528849278075,-12.5493920764269,2.75821103841492e-32
"ENSG00000101134","DOK5","55816",0.473178768870021,12.5444414771498,2.90215654449811e-32
"ENSG00000105707","HPN","3249",-0.616149954408661,-12.5374192566525,3.12155565199914e-32
"ENSG00000127423","AUNIP","79000",0.581441499973806,12.5343220124712,3.22033144638015e-32
"ENSG00000130653","PNPLA7","375775",-0.639641234362018,-12.5326882809767,3.27096959831877e-32
"ENSG00000214274","ANG","283",-0.506128799709951,-12.5306410215149,3.33703673353446e-32
"ENSG00000170153","RNF150","57484",0.594778346081144,12.5240219376477,3.57382573196928e-32
"ENSG00000149970","CNKSR2","22866",0.682736925019059,12.5226193439424,3.62112256894857e-32
"ENSG00000241935","HOGA1","112817",-0.853452212066137,-12.5148214566069,3.92680347341757e-32
"ENSG00000256124","LINC01152","102606463",0.85658882489442,12.5092445895165,4.1589803064946e-32
"ENSG00000153347","FAM81B","153643",-0.828966367421015,-12.5027530592643,4.44776483224113e-32
"ENSG00000011201","ANOS1","3730",-0.52653340041435,-12.4996683359621,4.58772755682208e-32
"ENSG00000169507","SLC38A11","151258",-0.783669330810254,-12.4968169003053,4.72039165753281e-32
"ENSG00000143850","PLEKHA6","22874",-0.490094015300741,-12.4960361269833,4.75141374997854e-32
"ENSG00000171954","CYP4F22","126410",-0.815537092317945,-12.4793075745444,5.66335422062096e-32
"ENSG00000122735","DNAI1","27019",-0.639619290485273,-12.4680441198935,6.36987980468381e-32
"ENSG00000123473","STIL","6491",0.558149085610671,12.464388113335,6.60987429599272e-32
"ENSG00000237649","KIFC1","3833",0.442794478876596,12.4604856928048,6.8767887276143e-32
"ENSG00000163739","CXCL1","2919",0.84510351776448,12.4602806660937,6.87992525813291e-32
"ENSG00000166426","CRABP1","1381",0.886504836846117,12.452214859578,7.48004018591858e-32
"ENSG00000251095","RP11-115D19.1","105377329",-1.00258833494526,-12.4202918209996,1.04638775124523e-31
"ENSG00000131044","TTLL9","164395",-0.775766626585165,-12.4199625098657,1.04824406450526e-31
"ENSG00000156127","BATF","10538",-0.516160112217608,-12.4187295260792,1.06017490211352e-31
"ENSG00000163362","C1orf106","55765",0.67434958608163,12.4080861782852,1.18422164777887e-31
"ENSG00000024526","DEPDC1","55635",0.454292118319761,12.3976629472228,1.31963292133589e-31
"ENSG00000187730","GABRD","2563",-0.395787395631844,-12.3882721122557,1.45452445327746e-31
"ENSG00000164199","ADGRV1","84059",-0.857052730070608,-12.3857649754245,1.49095305322987e-31
"ENSG00000113739","STC2","8614",-0.850826662132599,-12.3734018180152,1.69552411442439e-31
"ENSG00000158560","DYNC1I1","1780",0.520847389407965,12.3669533296508,1.81161059461714e-31
"ENSG00000105976","MET","4233",0.573524394194519,12.3474765678002,2.21998116971931e-31
"ENSG00000187123","LYPD6","130574",-0.734420097638918,-12.3469629848505,2.22826040117742e-31
"ENSG00000181617","FDCSP","260436",0.887224699408547,12.3391652804339,2.41461611259301e-31
"ENSG00000273045","C2orf15","150590",-0.441970912476591,-12.3136901523619,3.15030946346438e-31
"ENSG00000144452","ABCA12","26154",-0.752843345431836,-12.3087046277111,3.31402074814686e-31
"ENSG00000154099","DNAAF1","123872",-0.805960865200898,-12.3083939134838,3.31930414789637e-31
"ENSG00000101670","LIPG","9388",0.571712604100951,12.3061295456006,3.39347154449499e-31
"ENSG00000165868","HSPA12A","259217",-0.407572646998944,-12.3037817781034,3.47233264797746e-31
"ENSG00000165304","MELK","9833",0.400073149098329,12.2685587335744,5.01475826856992e-31
"ENSG00000111052","LIN7A","8825",-1.04226057078396,-12.2650327392903,5.1947522313261e-31
"ENSG00000169679","BUB1","699",0.439003484360985,12.2621316633505,5.3460951679235e-31
"ENSG00000113763","UNC5A","90249",-0.725505976140727,-12.2557155022619,5.70800224290878e-31
"ENSG00000188803","SHISA6","388336",-0.565176243372431,-12.2550181793027,5.74033350756694e-31
"ENSG00000100095","SEZ6L","23544",-0.837416271625035,-12.2468777770371,6.24033669943366e-31
"ENSG00000111199","TRPV4","59341",0.471182331928361,12.2390319360378,6.76278918243483e-31
"ENSG00000134760","DSG1","1828",0.877429893455289,12.2383398662151,6.80073044573336e-31
"ENSG00000131037","EPS8L1","54869",-0.386953440139334,-12.2373997160888,6.85666012831665e-31
"ENSG00000130528","HRC","3270",-0.526899468985712,-12.2316088802798,7.27258508653047e-31
"ENSG00000115590","IL1R2","7850",0.683728526437559,12.2127018628465,8.8459654332544e-31
"ENSG00000128510","CPA4","51200",0.58837041720221,12.2046566106336,9.59063461757173e-31
"ENSG00000186377","CYP4X1","260293",-0.901133502522588,-12.2046456474661,9.59063461757173e-31
"ENSG00000132164","SLC6A11","6538",0.808926426301304,12.2015621075073,9.88813230930934e-31
"ENSG00000108244","KRT23","25984",0.600697535822497,12.1819942533738,1.210658456468e-30
"ENSG00000107954","NEURL1","9148",-0.997583381947494,-12.1800574016752,1.23334316770637e-30
"ENSG00000185499","MUC1","4582",-0.643120766269134,-12.1738453931405,1.3136781197276e-30
"ENSG00000115598","IL1RL2","8808",0.637336248158218,12.1594940196305,1.52294875999559e-30
"ENSG00000123485","HJURP","55355",0.405008707278818,12.1491623864124,1.69306163015367e-30
"ENSG00000171234","UGT2B7","7364",0.726144805818606,12.1432547378664,1.79745346105011e-30
"ENSG00000165905","GYLTL1B","120071",0.393411066540158,12.1425810229504,1.80718436835621e-30
"ENSG00000101489","CELF4","56853",0.662657780262149,12.1339054775487,1.97427518087336e-30
"ENSG00000091651","ORC6","23594",0.662487617143725,12.1337660836924,1.97427518087336e-30
"ENSG00000144857","BOC","91653",0.493467292080164,12.1303194097548,2.04300208233779e-30
"ENSG00000269210","RP11-173C1.1","375196",0.840181798114073,12.1288979197453,2.07009438314016e-30
"ENSG00000169684","CHRNA5","1138",0.847421234167543,12.1215751507855,2.2301506575376e-30
"ENSG00000159713","TPPP3","51673",-0.626801275799607,-12.1153906500804,2.37428819567166e-30
"ENSG00000142910","TINAGL1","64129",0.521412214163498,12.0985328177774,2.82369267867476e-30
"ENSG00000261616","RP11-6O2.3","128193289",0.695599761788712,12.0927142853981,2.99456882439468e-30
"ENSG00000065621","GSTO2","119391",-0.607122535763485,-12.0902248956619,3.06800251072397e-30
"ENSG00000165646","SLC18A2","6571",-0.751677245904886,-12.0737066533254,3.63501685508827e-30
"ENSG00000188175","HEPACAM2","253012",-0.89150058835165,-12.0654012709711,3.95522519682872e-30
"ENSG00000167656","LY6D","8581",0.817585606335607,12.0572749976284,4.29550678327293e-30
"ENSG00000163624","CDS1","1040",-0.276135473942023,-12.0519847732333,4.5300340953743e-30
"ENSG00000157765","SLC34A2","10568",0.750288096430322,12.033689844229,5.46471741168074e-30
"ENSG00000185046","ANKS1B","56899",-0.416400291124427,-12.0187019974852,6.36972998775311e-30
"ENSG00000124935","SCGB1D2","10647",-0.89475070419441,-12.0177572945533,6.42209576750677e-30
"ENSG00000197977","ELOVL2","54898",-0.959549523428778,-12.0173571601897,6.43860446412429e-30
"ENSG00000231106","LINC01436","100996609",0.629658122986366,12.0035012699248,7.41675390531249e-30
"ENSG00000130287","NCAN","1463",0.758545206901346,12.0002205415276,7.66008103029913e-30
"ENSG00000057149","SERPINB3","6317",0.692057305995893,11.9959010253397,7.9965574125743e-30
"ENSG00000174371","EXO1","9156",0.454224479692814,11.9667911189235,1.07764413034618e-29
"ENSG00000134762","DSC3","1825",0.670106652256302,11.9613848623419,1.13753995048276e-29
"ENSG00000149633","KIAA1755","85449",0.487799447697517,11.9605173134969,1.14596395589714e-29
"ENSG00000138180","CEP55","55165",0.367265472641553,11.9476262690253,1.30643146179588e-29
"ENSG00000140600","SH3GL3","6457",0.77195602801891,11.9302524672882,1.55941071771783e-29
"ENSG00000236060","HSPB1P1",NA,-0.287253838646274,-11.9297913427667,1.56440031045475e-29
"ENSG00000127083","OMD","4958",-0.611924606684801,-11.9159917164915,1.79975554311654e-29
"ENSG00000182667","NTM","50863",-0.361877615716755,-11.9004583370967,2.10742332957084e-29
"ENSG00000081277","PKP1","5317",0.621222807283145,11.8942966051472,2.24140379995211e-29
"ENSG00000118322","ATP10B","23120",0.709970407413301,11.8859993505729,2.43658813189355e-29
"ENSG00000152154","TMEM178A","130733",-0.492821591687409,-11.880160216841,2.58282099458455e-29
"ENSG00000158458","NRG2","9542",0.750505407131923,11.8730066089344,2.77487290714873e-29
"ENSG00000075218","GTSE1","51512",0.473152345850066,11.872224300169,2.79292130549399e-29
"ENSG00000273046","RP11-834C11.14",NA,-0.319173876240379,-11.8661071591404,2.96885119477123e-29
"ENSG00000181019","NQO1","1728",-0.629423044901497,-11.8490722686669,3.52856343154834e-29
"ENSG00000163218","PGLYRP4","57115",0.839257378148928,11.8396204091458,3.8762203325823e-29
"ENSG00000121380","BCL2L14","79370",0.541080127987796,11.8395808251458,3.8762203325823e-29
"ENSG00000109472","CPE","1363",-0.413913637070306,-11.8323657784873,4.16638794889941e-29
"ENSG00000149300","C11orf52","91894",-0.340515511258505,-11.8168837737366,4.87238137002974e-29
"ENSG00000106789","CORO2A","7464",-0.491041911815353,-11.8085260559138,5.29800972268587e-29
"ENSG00000075340","ADD2","119",0.596177307472648,11.8037356979041,5.55485254537035e-29
"ENSG00000213412","HNRNPA1P33","728643",0.782753943294437,11.7960825163885,5.99651501290134e-29
"ENSG00000079393","DUSP13","51207",-0.829717932525755,-11.7810918685126,6.97531630588734e-29
"ENSG00000224397","LINC01272","100506115",0.613701366211383,11.7731224716843,7.5534303788395e-29
"ENSG00000106714","CNTNAP3","79937",0.810167239523963,11.7588284304401,8.72256434414962e-29
"ENSG00000067715","SYT1","6857",-0.858470255293595,-11.7575681785131,8.821850383201e-29
"ENSG00000166851","PLK1","5347",0.582148690389936,11.7413822277578,1.03836351938992e-28
"ENSG00000154839","SKA1","220134",0.430633385815511,11.7295835797648,1.16877962307518e-28
"ENSG00000237517","DGCR5",NA,0.615440183181225,11.6988611931653,1.59366005333827e-28
"ENSG00000136155","SCEL","8796",0.803843206109065,11.6918990184556,1.70756963865441e-28
"ENSG00000115138","POMC","5443",0.708512963786585,11.6896195785027,1.74485234225379e-28
"ENSG00000185352","HS6ST3","266722",-0.881099742243956,-11.6688062411471,2.15074548613458e-28
"ENSG00000071967","CYBRD1","79901",-0.756442779295108,-11.6577331762584,2.40195598842879e-28
"ENSG00000173698","ADGRG2","10149",0.64217701932578,11.6550317219602,2.46478761221078e-28
"ENSG00000162722","TRIM58","25893",-0.858022022728806,-11.6480549327013,2.64088784979672e-28
"ENSG00000166126","AMN","81693",0.679987599797666,11.6459730971753,2.69303292421703e-28
"ENSG00000107159","CA9","768",0.92884661273207,11.638264447717,2.90673717333918e-28
"ENSG00000272666","CTA-384D8.35","105373098",0.488354448182747,11.6271841704439,3.24584654593063e-28
"ENSG00000198125","MB","4151",-0.355789467480145,-11.6183808819677,3.54200073998625e-28
"ENSG00000167723","TRPV3","162514",0.808226230553039,11.6103319551923,3.83573031463894e-28
"ENSG00000077063","CTTNBP2","83992",-0.609137957549324,-11.5904829452722,4.67769117095081e-28
"ENSG00000172137","CALB2","794",0.551780618479149,11.5885938504708,4.76052024282251e-28
"ENSG00000170786","SDR16C5","195814",-0.761733491815148,-11.5860894449623,4.8749065766716e-28
"ENSG00000177602","GSG2","83903",0.411492237005498,11.5857246457042,4.88571218579953e-28
"ENSG00000232354","VIPR1-AS1",NA,-0.535747534419251,-11.583276868533,5.00025610399713e-28
"ENSG00000066279","ASPM","259266",0.414022625227874,11.582357344674,5.03940312186267e-28
"ENSG00000112414","ADGRG6","57211",0.69666588068961,11.5755136604898,5.39068464537478e-28
"ENSG00000120093","HOXB3","3213",-0.655067134857517,-11.5742857594673,5.44976002811993e-28
"ENSG00000167619","TMEM145","284339",-0.734596767453768,-11.5601104395238,6.27517137870736e-28
"ENSG00000072041","SLC6A15","55117",0.872458561616084,11.5566573258957,6.48729080695367e-28
"ENSG00000276649","RP5-858L17.1",NA,0.878709773271124,11.5547305874755,6.60452411919536e-28
"ENSG00000169436","COL22A1","169044",0.566763400784733,11.5292073952546,8.52027889321924e-28
"ENSG00000243955","GSTA1","2938",0.69499146367057,11.5242666612533,8.94009881755279e-28
"ENSG00000154917","RAB6B","51560",0.673853049752861,11.5148555563388,9.81021296146583e-28
"ENSG00000170425","ADORA2B","136",0.641524664676523,11.51200367602,1.00800626282851e-27
"ENSG00000129451","KLK10","5655",0.766467610858696,11.4963234774891,1.17766255186605e-27
"ENSG00000196218","RYR1","6261",0.684934753354982,11.4948271481471,1.19372078515366e-27
"ENSG00000163145","C1QTNF7","114905",-0.641538350414868,-11.4935540141356,1.20729970352294e-27
"ENSG00000228623","ZNF883","169834",0.731908247841172,11.4922751362477,1.22110450989462e-27
"ENSG00000141750","STAC2","342667",0.919173452667533,11.4852171315682,1.30856206428721e-27
"ENSG00000170099","SERPINA6","866",-1.10452514711606,-11.4847717565898,1.31253602599413e-27
"ENSG00000129946","SHC2","25759",-0.516109934507518,-11.4833820115427,1.32901542853916e-27
"ENSG00000157456","CCNB2","9133",0.42656460095207,11.4742590834579,1.45385013908741e-27
"ENSG00000203952","CCDC160","347475",-0.576703875020554,-11.4553059968823,1.75433979806663e-27
"ENSG00000115009","CCL20","6364",0.471464906069402,11.452645839806,1.79899723381892e-27
"ENSG00000007968","E2F2","1870",0.392852899602632,11.4452355058169,1.93431853044197e-27
"ENSG00000093009","CDC45","8318",0.441362267050626,11.4300073215845,2.24830894026078e-27
"ENSG00000153404","PLEKHG4B","153478",0.602702555846849,11.4200714996105,2.47875900530274e-27
"ENSG00000271659","RP11-435O5.4",NA,1.08151317383506,11.4194950339776,2.48952962340618e-27
"ENSG00000185519","FAM131C","348487",0.718860001323183,11.4127551267174,2.65860113327464e-27
"ENSG00000244558","KCNK15-AS1","79015",-0.535146135622221,-11.4076605822545,2.79297269570633e-27
"ENSG00000164188","RANBP3L","202151",-0.656450027576548,-11.4068514090192,2.81161611802295e-27
"ENSG00000183150","GPR19","2842",0.5023161979656,11.4030856241601,2.91488914140158e-27
"ENSG00000109906","ZBTB16","7704",-0.818922149646566,-11.3984857933118,3.04710783123883e-27
"ENSG00000175879","HOXD8","3234",-0.345850848732965,-11.3981930050969,3.05173786455906e-27
"ENSG00000145386","CCNA2","890",0.56468141217162,11.3939476576294,3.1789070929473e-27
"ENSG00000106809","OGN","4969",-0.673624128480413,-11.3854927402725,3.45283020014981e-27
"ENSG00000142235","LMTK3","114783",-0.586948927489637,-11.3841720434236,3.49359308704853e-27
"ENSG00000171017","LRRC8E","80131",-0.224052771572102,-11.3661863857131,4.17105256266564e-27
"ENSG00000237330","RNF223","401934",-0.353897778030659,-11.3647297039005,4.22594293786616e-27
"ENSG00000153002","CPB1","1360",-1.09901955982297,-11.3644868572641,4.23028960641043e-27
"ENSG00000104055","TGM5","9333",0.677689604728278,11.3500957676887,4.87272377257327e-27
"ENSG00000245532","NEAT1","283131",-0.622650054011529,-11.3444802022508,5.14459743552694e-27
"ENSG00000172548","NIPAL4","348938",0.621514241495391,11.3411892391438,5.30785540802747e-27
"ENSG00000155093","PTPRN2","5799",-0.902907143659295,-11.3401525636032,5.3552989980464e-27
"ENSG00000088325","TPX2","22974",0.422090352227979,11.3256248509818,6.17561992431809e-27
"ENSG00000159958","TNFRSF13C","115650",0.736949828318785,11.3222197279674,6.37858719546525e-27
"ENSG00000168309","FAM107A","11170",0.501772636840409,11.3019688494466,7.7826378459731e-27
"ENSG00000215910","C1orf167","284498",-0.967107720208989,-11.3001043094801,7.90877471117629e-27
"ENSG00000169085","C8orf46","254778",0.623461983482569,11.3000659542744,7.90877471117629e-27
"ENSG00000146410","MTFR2","113115",0.5504480868313,11.297749589068,8.08090043392484e-27
"ENSG00000073756","PTGS2","5743",0.721489051251315,11.2964922288165,8.17080571658016e-27
"ENSG00000205420","KRT6A","3853",0.631655099687094,11.2820601707309,9.40987114924663e-27
"ENSG00000268120","CTD-3193O13.11",NA,-0.380039871460064,-11.2736640141347,1.02090364599949e-26
"ENSG00000125845","BMP2","650",0.569863488653937,11.271589291018,1.04060607194803e-26
"ENSG00000185686","PRAME","23532",0.938321485860172,11.2498576283511,1.28750940603218e-26
"ENSG00000204610","TRIM15","89870",0.620063109438474,11.249274766711,1.29317434221081e-26
"ENSG00000176890","TYMS","7298",0.501897788248314,11.2430418960154,1.37320056814656e-26
"ENSG00000152137","HSPB8","26353",-0.58712034133915,-11.2406687748438,1.40377454109885e-26
"ENSG00000170465","KRT6C","286887",0.732872428481273,11.2391348810269,1.42321858042079e-26
"ENSG00000160200","CBS","875",0.910351603131315,11.2387935653206,1.42608992059241e-26
"ENSG00000127252","HRASLS","57110",0.753583478559633,11.236597718485,1.45529822085585e-26
"ENSG00000181392","SYNE4","163183",-0.367668131669155,-11.2322159824414,1.51739885990449e-26
"ENSG00000144406","UNC80","285175",0.696040769761989,11.2319750460362,1.51896490664289e-26
"ENSG00000266036","RP11-452I5.2",NA,-0.736070987746803,-11.2206467375916,1.69576567211062e-26
"ENSG00000101187","SLCO4A1","28231",0.690024878891357,11.2084109838825,1.90994982396707e-26
"ENSG00000142627","EPHA2","1969",0.358031310500921,11.2049456355183,1.97346360751052e-26
"ENSG00000148795","CYP17A1","1586",-0.646636489844166,-11.2017884909988,2.03291429949789e-26
"ENSG00000115468","EFHD1","80303",-0.462190637159121,-11.2012201402422,2.04157577202157e-26
"ENSG00000159307","SCUBE1","80274",-0.785440499221494,-11.2003133734733,2.0571030775907e-26
"ENSG00000111247","RAD51AP1","10635",0.51022158593524,11.194872131216,2.16712405075884e-26
"ENSG00000078114","NEBL","10529",-0.357723135156826,-11.1899461483441,2.27147461823963e-26
"ENSG00000269404","SPIB","6689",0.701854216316105,11.1873704290512,2.3265414894267e-26
"ENSG00000021300","PLEKHB1","58473",0.607459892609725,11.1842668967758,2.39530922838965e-26
"ENSG00000156113","KCNMA1","3778",-0.590736025428732,-11.1761287511148,2.59092083174619e-26
"ENSG00000124107","SLPI","6590",0.642545510830787,11.1743893766735,2.63201507829747e-26
"ENSG00000170549","IRX1","79192",0.496757379002058,11.171633039949,2.70054977766713e-26
"ENSG00000110436","SLC1A2","6506",-0.512876112079576,-11.1643195874863,2.89740601101687e-26
"ENSG00000253426","RP11-10A14.4",NA,0.836371393935806,11.160938709527,2.99105269320856e-26
"ENSG00000117724","CENPF","1063",0.3784647769472,11.1579926362618,3.07458797425802e-26
"ENSG00000237940","AC093642.3",NA,-0.952556686526819,-11.1563606482039,3.12003490607054e-26
"ENSG00000159166","LAD1","3898",0.355250218901314,11.1539423178695,3.19062618992571e-26
"ENSG00000186185","KIF18B","146909",0.412111749560449,11.1535840100781,3.19765971957374e-26
"ENSG00000186407","CD300E","342510",0.589692509681675,11.1511941907366,3.26909184900643e-26
"ENSG00000280339","RP11-736K20.4",NA,-0.500131217397309,-11.1358080311485,3.79529077305686e-26
"ENSG00000176381","PRR18","285800",0.717546481573474,11.1309411135414,3.97510248961718e-26
"ENSG00000156427","FGF18","8817",-0.534211928589748,-11.1182569017467,4.49385694467119e-26
"ENSG00000016402","IL20RA","53832",-0.517662207932959,-11.1090744205969,4.90908661840936e-26
"ENSG00000261183","RP11-532F12.5","102724362",-0.181950373161136,-11.1058115926617,5.06139890065368e-26
"ENSG00000225986","UBXN10-AS1",NA,-0.517817858109029,-11.1036206198116,5.1641085733761e-26
"ENSG00000168135","KCNJ4","3761",0.605922225935753,11.1031951909752,5.17889410152954e-26
"ENSG00000167513","CDT1","81620",0.462872284279304,11.1014004035764,5.263598343761e-26
"ENSG00000236882","LINC01554","202299",0.800747960690685,11.0961989292537,5.53046855383252e-26
"ENSG00000167371","PRRT2","112476",-0.517689947658964,-11.0855704062794,6.12651377062057e-26
"ENSG00000253958","CLDN23","137075",0.469828172693246,11.0776001649873,6.61283085814437e-26
"ENSG00000167754","KLK5","25818",0.776229048029865,11.0766208721664,6.667653302571e-26
"ENSG00000183196","CHST6","4166",0.584059905252114,11.0639365752634,7.53459398043255e-26
"ENSG00000129951","LPPR3","79948",-0.753906506689463,-11.0587818668446,7.91208086887731e-26
"ENSG00000145832","SLC25A48","153328",-0.693352088745928,-11.0533646554317,8.32959372609473e-26
"ENSG00000160862","AZGP1","563",-0.413421419025452,-11.0326102593456,1.01785174736293e-25
"ENSG00000172232","AZU1","566",-0.844224136261438,-11.0298682746635,1.04399074739206e-25
"ENSG00000169247","SH3TC2","79628",0.553629720932043,11.0285999335854,1.05558338543814e-25
"ENSG00000265787","CYP4F35P",NA,-0.793205996629682,-11.0282590904279,1.05773568471077e-25
"ENSG00000166963","MAP1A","4130",-0.436369029676804,-11.0269085092712,1.07033740170993e-25
"ENSG00000135046","ANXA1","301",0.447187676787886,11.0249404607813,1.0896023864769e-25
"ENSG00000132749","MTL5","9633",-0.455391244700219,-11.0198105133637,1.14378403809052e-25
"ENSG00000270547","LINC01235","401492",0.460858875716713,11.0146328125909,1.20119790479499e-25
"ENSG00000135127","CCDC64","92558",-0.412520751793819,-11.0133355734213,1.21487337155015e-25
"ENSG00000139734","DIAPH3","81624",0.432014637317582,11.0096948959425,1.25695454846927e-25
"ENSG00000130558","OLFM1","10439",-0.548991200034312,-10.9965931799708,1.42539451585168e-25
"ENSG00000276107","CTD-2033D15.2",NA,-0.492046144744274,-10.9951236420554,1.4440163689251e-25
"ENSG00000197291","RAMP2-AS1","100190938",-0.67533767729049,-10.9902593195055,1.51179185926891e-25
"ENSG00000112280","COL9A1","1297",0.85477352594181,10.986114858717,1.57173216349639e-25
"ENSG00000198768","APCDD1L","164284",0.512683328434463,10.9848479451124,1.58913660478932e-25
"ENSG00000126803","HSPA2","3306",-0.688643100173336,-10.9841446563211,1.59799021087987e-25
"ENSG00000146670","CDCA5","113130",0.482636900281166,10.980547875426,1.65254446082419e-25
"ENSG00000105366","SIGLEC8","27181",-0.450985591930706,-10.9611649605145,1.99087636431643e-25
"ENSG00000198003","CCDC151","115948",-0.758932721489155,-10.960005799362,2.01079804741361e-25
"ENSG00000149418","ST14","6768",0.239996020463923,10.9551912378116,2.10395434037311e-25
"ENSG00000169908","TM4SF1","4071",0.531515866023571,10.9511426089121,2.18516734231217e-25
"ENSG00000128422","KRT17","3872",0.61989626559787,10.9356645213914,2.53427390016735e-25
"ENSG00000205927","OLIG2","10215",0.491252127344499,10.9353375807626,2.53912487221856e-25
"ENSG00000112559","MDFI","4188",0.526210101895825,10.9281013877843,2.71936185840383e-25
"ENSG00000168539","CHRM1","1128",0.61883799088879,10.921136725952,2.9046838627259e-25
"ENSG00000129354","AP1M2","10053",-0.160463208050884,-10.9200903087261,2.93050599616389e-25
"ENSG00000186204","CYP4F12","66002",-0.724360839424872,-10.904653247481,3.3963136168819e-25
"ENSG00000121742","GJB6","10804",0.682198650657691,10.8944317048516,3.74291760469156e-25
"ENSG00000186481","ANKRD20A5P",NA,-0.699984541252166,-10.8935280266742,3.77095656251843e-25
"ENSG00000070193","FGF10","2255",-0.710699435671621,-10.8901803237839,3.88961591508131e-25
"ENSG00000186197","EDARADD","128178",-0.626222746119645,-10.8856094075388,4.05947036542159e-25
"ENSG00000106819","ASPN","54829",-0.620483370849448,-10.884567956381,4.09530118340971e-25
"ENSG00000122574","WIPF3","644150",0.483595325395636,10.8818357184314,4.19917757363815e-25
"ENSG00000280202","RP5-1180D12.1",NA,-0.656414885090118,-10.87960610476,4.2849172462652e-25
"ENSG00000124920","MYRF","745",0.48766564702355,10.8737870853939,4.52588834240666e-25
"ENSG00000173376","NDNF","79625",-0.543247395631824,-10.8656320294838,4.88879997715877e-25
"ENSG00000101057","MYBL2","4605",0.419356571048426,10.8577937299032,5.26455706643181e-25
"ENSG00000183840","GPR39","2863",-0.471787276881645,-10.8531323291082,5.49875447965591e-25
"ENSG00000259439","RP11-89K21.1","107985879",0.926758886949164,10.8526980797055,5.51499355159442e-25
"ENSG00000163734","CXCL3","2921",0.747762296282253,10.8443131437336,5.96973329208413e-25
"ENSG00000167644","C19orf33","64073",-0.584052959596176,-10.8314620778486,6.74429243487892e-25
"ENSG00000121211","MND1","84057",0.449967400394541,10.8267585645511,7.04663652214462e-25
"ENSG00000155886","SLC24A2","25769",-0.542681949714537,-10.8245861725152,7.18609651241345e-25
"ENSG00000118193","KIF14","9928",0.446749867678307,10.8223739715284,7.33109928555662e-25
"ENSG00000130294","KIF1A","547",0.750872347161619,10.8221806806412,7.33580216338628e-25
"ENSG00000204241","RP11-713P17.3","100128239",-0.741930344659157,-10.8216148005402,7.36675855771881e-25
"ENSG00000273760","CH17-360D5.3",NA,0.697100913226908,10.8195499811127,7.50480877132051e-25
"ENSG00000161958","FGF11","2256",0.550865053115699,10.8155446361925,7.78879843750842e-25
"ENSG00000182263","FIGN","55137",0.631324656797336,10.8120064082763,8.04740476568695e-25
"ENSG00000262406","MMP12","4321",0.513741185370063,10.8082033227964,8.33563891717469e-25
"ENSG00000078053","AMPH","273",-0.623088747588718,-10.806709687048,8.44546442800484e-25
"ENSG00000128268","MGAT3","4248",0.547779252878532,10.8024655817504,8.7848434778228e-25
"ENSG00000165480","SKA3","221150",0.358180414698104,10.7986384601352,9.1014052186003e-25
"ENSG00000171101","SIGLEC17P",NA,-0.625166443553342,-10.7904640538903,9.82934855828441e-25
"ENSG00000145103","ILDR1","286676",-0.213771043841437,-10.7903022762369,9.8327949837184e-25
"ENSG00000178401","DNAJC22","79962",-0.502011221799091,-10.7847599229641,1.03551514635706e-24
"ENSG00000254979","RP11-872D17.8",NA,0.552588225154725,10.7763617675736,1.12065012889122e-24
"ENSG00000131203","IDO1","3620",0.482447201556559,10.7752968229085,1.130754086192e-24
"ENSG00000188153","COL4A5","1287",-0.582335549021542,-10.7639582230749,1.25847101723514e-24
"ENSG00000173175","ADCY5","111",-0.705850005113219,-10.7529691171735,1.39583939644959e-24
"ENSG00000163032","VSNL1","7447",0.441385646076997,10.7507676247717,1.42374658204564e-24
"ENSG00000105088","OLFM2","93145",0.535821976111544,10.7412083979844,1.55765281268517e-24
"ENSG00000259704","CTD-3094K11.1","105370969",0.799767060646512,10.7352780589243,1.64619400265012e-24
"ENSG00000160678","S100A1","6271",0.666984837302176,10.7145163294331,2.00330563071423e-24
"ENSG00000170091","HMP19","51617",-0.608549840659038,-10.7060142645127,2.16933179146527e-24
"ENSG00000245526","LINC00461","645323",0.760554052901911,10.6943583549766,2.42041050735211e-24
"ENSG00000108950","FAM20A","54757",0.466387230825441,10.6835996580819,2.67742622242846e-24
"ENSG00000188505","NCCRP1","342897",0.696135536309749,10.6810923873846,2.73863931853327e-24
"ENSG00000189292","FAM150B","285016",0.904906668674284,10.6794595522978,2.77811108909934e-24
"ENSG00000125850","OVOL2","58495",-0.148807015966067,-10.6792396170607,2.78064402924318e-24
"ENSG00000140287","HDC","3067",-0.631349508285596,-10.6788020862009,2.78893199962478e-24
"ENSG00000271447","MMP28","79148",-0.423668847649811,-10.6677225169389,3.09415359321297e-24
"ENSG00000105131","EPHX3","79852",0.489180879892091,10.6673564069425,3.10127471119092e-24
"ENSG00000198542","ITGBL1","9358",-0.40222585631087,-10.6562875506469,3.44005111836526e-24
"ENSG00000121152","NCAPH","23397",0.406555171676897,10.6557149715688,3.4547149114849e-24
"ENSG00000168528","SERINC2","347735",-0.320901000706308,-10.6532427660229,3.53240162282181e-24
"ENSG00000196754","S100A2","6273",0.586135761930246,10.6521502358975,3.56496698992047e-24
"ENSG00000164220","F2RL2","2151",-0.599470081349028,-10.6479591792601,3.70489731542176e-24
"ENSG00000111783","RFX4","5992",0.582854813888017,10.6462187480225,3.76204041700832e-24
"ENSG00000131080","EDA2R","60401",-0.522018727984892,-10.6435480077785,3.84946708933738e-24
"ENSG00000100234","TIMP3","7078",-0.454675465841988,-10.6435451896665,3.84946708933738e-24
"ENSG00000175920","DOK7","285489",-0.881655500406266,-10.6424069448653,3.88663470966938e-24
"ENSG00000112655","PTK7","5754",0.457356274004625,10.6417901442068,3.90485671957707e-24
"ENSG00000163121","NEURL3","93082",0.432093043111679,10.6250707081134,4.56817820956192e-24
"ENSG00000205683","DPF3","8110",0.658172942577083,10.6114105621632,5.19113368049759e-24
"ENSG00000101746","NOL4","8715",0.740150722773826,10.6073466529577,5.38787274021743e-24
"ENSG00000165795","NDRG2","57447",0.462635845313238,10.6065113896476,5.42425347531763e-24
"ENSG00000179954","SSC5D","284297",-0.588821274826137,-10.5980189276928,5.86987743980972e-24
"ENSG00000139874","SSTR1","6751",-0.564094541051394,-10.5699772606884,7.63575737608956e-24
"ENSG00000175832","ETV4","2118",0.528023429138419,10.5677018016173,7.79207293484174e-24
"ENSG00000077274","CAPN6","827",0.709816208852258,10.5621400748207,8.20121689549388e-24
"ENSG00000021645","NRXN3","9369",-0.593220738339969,-10.5575661530418,8.5518812487619e-24
"ENSG00000132746","ALDH3B2","222",-0.382382608846056,-10.5415760420533,9.92712149064008e-24
"ENSG00000229417","NPM1P25","399804",-0.388729052052812,-10.5392087302006,1.01387025109691e-23
"ENSG00000018625","ATP1A2","477",-0.511437455436597,-10.5364422342864,1.03936480228927e-23
"ENSG00000197106","SLC6A17","388662",0.508862098670757,10.5336169515606,1.06608448677474e-23
"ENSG00000125848","FLRT3","23767",-0.673031413437622,-10.5301531070145,1.1000591353828e-23
"ENSG00000170419","VSTM2A","222008",-1.02602608662029,-10.5104644474048,1.32162379272979e-23
"ENSG00000183549","ACSM5","54988",-0.407651190219059,-10.5068812173175,1.36519866554233e-23
"ENSG00000148346","LCN2","3934",0.592507389294063,10.4997035809525,1.45847812923273e-23
"ENSG00000165194","PCDH19","57526",-0.552511579499608,-10.4903371420376,1.59032356453604e-23
"ENSG00000068489","PRR11","55771",0.528539666603212,10.4864815092249,1.64687618358076e-23
"ENSG00000006555","TTC22","55001",0.521830565005836,10.4838355363521,1.68623893402954e-23
"ENSG00000126787","DLGAP5","9787",0.289160552211104,10.4774663948994,1.78770029655163e-23
"ENSG00000183798","EMILIN3","90187",0.694974231126852,10.4700802074796,1.91331488797744e-23
"ENSG00000262454","RP11-65J21.3","100129781",-0.35751920006411,-10.4684825953244,1.93990275842703e-23
"ENSG00000071539","TRIP13","9319",0.45346633791173,10.4528258322049,2.24104200966541e-23
"ENSG00000188373","C10orf99","387695",0.430851707939277,10.4527878862497,2.24104200966541e-23
"ENSG00000205704","LINC00634","339674",0.525941383953113,10.4503065905632,2.29096352301095e-23
"ENSG00000130038","CRACR2A","84766",-0.66429512473986,-10.4371413945667,2.58734993714863e-23
"ENSG00000196584","XRCC2","7516",0.433457449374586,10.4362459425525,2.60611548124405e-23
"ENSG00000272622","RP11-395N3.2",NA,-0.701195812573161,-10.410629083292,3.30456273456907e-23
"ENSG00000143228","NUF2","83540",0.419950699336033,10.4100387744618,3.31904930676724e-23
"ENSG00000276850","CH17-360D5.2","653145",0.653266831397457,10.4052906166398,3.46505850096816e-23
"ENSG00000198353","HOXC4","3221",-0.391368664416514,-10.4051342207125,3.46623371014244e-23
"ENSG00000105613","MAST1","22983",0.616037038309212,10.4039054732581,3.50216635464476e-23
"ENSG00000255690","TRIL","9865",-0.373994126911939,-10.4008514808564,3.59903740158139e-23
"ENSG00000129455","KLK8","11202",0.690567725589907,10.3850351234148,4.16419507315434e-23
"ENSG00000183856","IQGAP3","128239",0.387543069263176,10.3847858692398,4.16921289860081e-23
"ENSG00000061455","PRDM6","93166",-0.465563872541033,-10.3722810278409,4.67717142268783e-23
"ENSG00000254815","RP11-496I9.1","692247",-0.650153682612157,-10.3714338464548,4.70885883881475e-23
"ENSG00000135919","SERPINE2","5270",0.466327256424942,10.3684474041723,4.83454644034673e-23
"ENSG00000137726","FXYD6","53826",0.381882070493063,10.3683557710787,4.83454644034673e-23
"ENSG00000171345","KRT19","3880",-0.251113588294322,-10.3634521461698,5.05389261117391e-23
"ENSG00000136695","IL36RN","26525",0.658575061745795,10.3629579528003,5.07150603989968e-23
"ENSG00000171658","RP11-443P15.2",NA,0.70245087571855,10.3466236755045,5.89377011238796e-23
"ENSG00000101447","FAM83D","81610",0.464661099000964,10.3380969858522,6.37086458575403e-23
"ENSG00000149043","SYT8","90019",0.612903674925144,10.3270949499137,7.04571545858079e-23
"ENSG00000237523","LINC00857","439990",0.477054154592566,10.3188403949443,7.59608943123884e-23
"ENSG00000152931","PART1","25859",0.689906608990205,10.3162728672952,7.76994803872582e-23
"ENSG00000152583","SPARCL1","8404",-0.319846074402197,-10.3049267618123,8.6189694940949e-23
"ENSG00000264230","ANXA8L1","728113",0.633784311677849,10.2983223726802,9.15071338720334e-23
"ENSG00000169035","KLK7","5650",0.711067058777182,10.2806024028602,1.07634267879012e-22
"ENSG00000174348","PODN","127435",-0.443532591415789,-10.2757071214153,1.12477590604251e-22
"ENSG00000180660","MAB21L1","4081",-0.445749576246389,-10.2660567522138,1.22797643480497e-22
"ENSG00000137875","BCL2L10","10017",0.560528940239522,10.2656255820391,1.23151743684436e-22
"ENSG00000145824","CXCL14","9547",-0.561172327558885,-10.2588310535628,1.30956164321362e-22
"ENSG00000275234","CTD-2396E7.11",NA,-0.178837003930713,-10.246193927993,1.46936199504667e-22
"ENSG00000265763","ZNF488","118738",0.56650350083714,10.2379174259756,1.58375999546834e-22
"ENSG00000044524","EPHA3","2042",-0.531306343780504,-10.2283437067741,1.72743799879192e-22
"ENSG00000246090","RP11-696N14.1","100507053",0.504154308019836,10.2250083478683,1.77921427172132e-22
"ENSG00000183508","FAM46C","54855",-0.557656280533576,-10.2236126293394,1.80020142943496e-22
"ENSG00000137563","GGH","8836",0.65770041367182,10.2069335789211,2.09549565323104e-22
"ENSG00000198838","RYR3","6263",0.561601622013209,10.2025653291255,2.17872960338446e-22
"ENSG00000148773","MKI67","4288",0.327167451967322,10.1888342236283,2.46801665110952e-22
"ENSG00000151967","SCHIP1","29970",0.444618150019867,10.1878631504896,2.48736790704324e-22
"ENSG00000136842","TMOD1","7111",0.546488527442131,10.1838836269938,2.57684712130808e-22
"ENSG00000165816","VWA2","340706",-0.598567938406536,-10.1797752634847,2.6726673706547e-22
"ENSG00000175063","UBE2C","11065",0.341739749796952,10.1750377417032,2.78801582593267e-22
"ENSG00000110427","KIAA1549L","25758",0.40624525454423,10.1721226393388,2.86025160448628e-22
"ENSG00000102287","GABRE","2564",0.574489247254565,10.1683026386751,2.95871454968279e-22
"ENSG00000196302","RP11-497H16.5",NA,-0.630301219588792,-10.1610744402723,3.15733240341993e-22
"ENSG00000154639","CXADR","1525",0.45010606246865,10.1471100187055,3.58281372411858e-22
"ENSG00000187634","SAMD11","148398",-0.758837516216582,-10.1464053256355,3.60207329479904e-22
"ENSG00000118777","ABCG2","9429",-0.524130353456827,-10.1304142476064,4.16311465672527e-22
"ENSG00000070731","ST6GALNAC2","10610",-0.58158550975306,-10.1296436412505,4.18798420969294e-22
"ENSG00000170962","PDGFD","80310",-0.446447251594364,-10.128701594033,4.21959220933004e-22
"ENSG00000164611","PTTG1","9232",0.402465988025831,10.12541855299,4.34309124890442e-22
"ENSG00000072195","SPEG","10290",0.406121173227106,10.1199928778461,4.55826006611428e-22
"ENSG00000228214","LINC00693",NA,0.558345310310305,10.1195639009573,4.57124307586908e-22
"ENSG00000143318","CASQ1","844",-0.566801313988712,-10.1172036616796,4.66559130047021e-22
"ENSG00000125398","SOX9","6662",0.379473166818233,10.1141550717621,4.79180417850774e-22
"ENSG00000187398","LUZP2","338645",-0.559792833362291,-10.1093311163149,5.00155668797756e-22
"ENSG00000224189","HAGLR","401022",-0.446069001239688,-10.1085331577936,5.03267640578623e-22
"ENSG00000054219","LY75","4065",0.553119469455953,10.0988235303837,5.49152018782385e-22
"ENSG00000260401","RP11-800A3.4",NA,-0.587732685663362,-10.0871725096927,6.09842685319036e-22
"ENSG00000123500","COL10A1","1300",-0.431856975072274,-10.074019985761,6.86468750594142e-22
"ENSG00000169550","MUC15","143662",0.681072352061707,10.0735084708208,6.88936592669942e-22
"ENSG00000125872","LRRN4","164312",0.630456449141358,10.0677631145337,7.25035596675459e-22
"ENSG00000253161","LINC01605","100507420",-0.385759372192508,-10.0422535397051,9.12625035120169e-22
"ENSG00000171368","TPPP","11076",-0.582160095489005,-10.022178155881,1.09320863121048e-21
"ENSG00000112964","GHR","2690",-0.494979277430161,-10.0186896537077,1.12704146003691e-21
"ENSG00000224259","LINC01133","100505633",0.61176849954604,10.0048518763634,1.2757391933487e-21
"ENSG00000142765","SYTL1","84958",-0.314951675260577,-10.0032545767039,1.29291175161457e-21
"ENSG00000140563","MCTP2","55784",0.569501686401812,9.99986659024547,1.33166012353214e-21
"ENSG00000162576","MXRA8","54587",-0.474697012377585,-9.99632317302055,1.37348482449314e-21
"ENSG00000274286","ADRA2B","151",0.480093593482609,9.99372726010613,1.4045585186382e-21
"ENSG00000100453","GZMB","3002",0.628969018006806,9.99026395127844,1.44760810801737e-21
"ENSG00000100362","PVALB","5816",-0.841539322527227,-9.98944717299819,1.45552930793406e-21
"ENSG00000144834","TAGLN3","29114",0.65354090894607,9.98942790136912,1.45552930793406e-21
"ENSG00000109805","NCAPG","64151",0.380038872236731,9.98705039076573,1.48551962950368e-21
"ENSG00000114529","C3orf52","79669",-0.506757763678109,-9.97976356375076,1.5847002087547e-21
"ENSG00000181577","C6orf223","221416",0.637809281803248,9.96398166991157,1.82477676036827e-21
"ENSG00000184160","ADRA2C","152",-0.638948582886097,-9.9600426262606,1.8886491775569e-21
"ENSG00000257151","PWAR6",NA,-0.541936744076567,-9.95646618033578,1.94837453941569e-21
"ENSG00000197766","CFD","1675",-0.551973186175386,-9.94734682994819,2.11265491467367e-21
"ENSG00000077264","PAK3","5063",0.440840499991466,9.94479646973533,2.15940006931452e-21
"ENSG00000135925","WNT10A","80326",0.431329846997482,9.9427426225729,2.1973488622342e-21
"ENSG00000196542","SPTSSB","165679",-0.609679246467694,-9.93904884287667,2.26913839441836e-21
"ENSG00000120075","HOXB5","3215",-0.543146307724782,-9.90941195418529,2.9571838371833e-21
"ENSG00000231789","PIK3CD-AS2","101929074",0.511169976414592,9.90799773296672,2.99181588170028e-21
"ENSG00000149571","KIRREL3","84623",0.580401113904264,9.90581744166991,3.04769609715592e-21
"ENSG00000132429","POPDC3","64208",0.620164510731507,9.90452797061882,3.0799403015195e-21
"ENSG00000177103","DSCAML1","57453",-0.650919231363682,-9.9042652942717,3.08403215939209e-21
"ENSG00000188385","JAKMIP3","282973",-0.607348087233359,-9.89101019891197,3.46903624303793e-21
"ENSG00000228956","SATB1-AS1",NA,0.603250305742173,9.88714360045935,3.58746370864891e-21
"ENSG00000163710","PCOLCE2","26577",0.682903577010971,9.88616904686925,3.61517575594871e-21
"ENSG00000138615","CILP","8483",-0.574045564090516,-9.88344076293904,3.70069037991789e-21
"ENSG00000179455","MKRN3","7681",0.933454675655773,9.88094492623727,3.78034755977688e-21
"ENSG00000261488","RP11-757F18.5","112806053",-0.499206809489257,-9.86850433587984,4.22056638689519e-21
"ENSG00000228314","CYP4F29P",NA,-0.694652849272975,-9.8675532861689,4.25223993755195e-21
"ENSG00000196684","HSH2D","84941",-0.488307617821033,-9.86600892779838,4.30691257255344e-21
"ENSG00000110195","FOLR1","2348",0.634547008874756,9.86298728542784,4.42020514527833e-21
"ENSG00000171817","ZNF540","163255",-0.462260046184925,-9.86179617998077,4.46292838149208e-21
"ENSG00000177570","SAMD12","401474",-0.414270270832309,-9.85904846264601,4.56910918719896e-21
"ENSG00000230387","RP4-737E23.2","100505664",-0.71036243538654,-9.85550892062524,4.71096440718055e-21
"ENSG00000067798","NAV3","89795",-0.562873307391534,-9.85003543385699,4.94170001032034e-21
"ENSG00000145428","RNF175","285533",0.477338139647624,9.84844511815917,5.00722513655451e-21
"ENSG00000236740","RP11-411K7.1",NA,0.654413089903872,9.84576047884952,5.12336284936931e-21
"ENSG00000258647","LINC00930",NA,-0.573935431384096,-9.82199641323991,6.32483917668349e-21
"ENSG00000163808","KIF15","56992",0.449754383450503,9.81811365086549,6.54057924787491e-21
"ENSG00000132329","RAMP1","10267",-0.550617752931612,-9.81792191090793,6.54515453444492e-21
"ENSG00000185008","ROBO2","6092",-0.807025256263458,-9.79960790641692,7.69469939431113e-21
"ENSG00000137968","SLC44A5","204962",-0.693232258194534,-9.79849549059046,7.76331173582215e-21
"ENSG00000139926","FRMD6","122786",-0.404273547801361,-9.79340520062972,8.1141752489106e-21
"ENSG00000081052","COL4A4","1286",0.571930778045263,9.76908763511545,1.00575528160764e-20
"ENSG00000244161","FLNB-AS1","105377105",-0.539570028793348,-9.76388711768247,1.05212875533199e-20
"ENSG00000137807","KIF23","9493",0.375391387549268,9.762427544447,1.06475406962253e-20
"ENSG00000184368","MAP7D2","256714",0.693679301797253,9.76016584989847,1.08521205245101e-20
"ENSG00000089685","BIRC5","332",0.379070655548815,9.73685265224364,1.33248263613419e-20
"ENSG00000272405","RP11-284F21.10",NA,-0.723613263044044,-9.73394010512825,1.36586591331884e-20
"ENSG00000157703","SVOPL","136306",0.532895782867603,9.72677882106045,1.45362570675032e-20
"ENSG00000086506","HBQ1","3049",0.637187410508327,9.72084766928584,1.53026175654422e-20
"ENSG00000167549","CORO6","84940",-0.618105972501241,-9.72070651499419,1.53064680547802e-20
"ENSG00000154678","PDE1C","5137",0.438860447896456,9.72013695977758,1.5368345115774e-20
"ENSG00000058866","DGKG","1608",0.490737213870864,9.71616740698285,1.59005467877009e-20
"ENSG00000079156","OSBPL6","114880",-0.598733551424124,-9.71169680225074,1.65238892541711e-20
"ENSG00000198643","FAM3D","131177",0.511996023411564,9.69861509113205,1.852569295139e-20
"ENSG00000265190","ANXA8","653145",0.575368447715516,9.69078028836438,1.98298981929631e-20
"ENSG00000134460","IL2RA","3559",0.448595227683095,9.68583672752264,2.06916626930825e-20
"ENSG00000131015","ULBP2","80328",0.490804307563313,9.68051608248607,2.16622868154524e-20
"ENSG00000162738","VANGL2","57216",0.604940418138232,9.6775609470751,2.2210987032709e-20
"ENSG00000105376","ICAM5","7087",0.659455531201581,9.67542955992057,2.26090591821416e-20
"ENSG00000100473","COCH","1690",0.831248705705801,9.67148906192737,2.3383276428303e-20
"ENSG00000112984","KIF20A","10112",0.308056383622406,9.67038793328056,2.35875574835988e-20
"ENSG00000163815","CLEC3B","7123",-0.424281743777325,-9.66785261981876,2.40955179833687e-20
"ENSG00000261040","WFDC21P",NA,0.447130075868159,9.65922146915452,2.59686730961345e-20
"ENSG00000257542","OR7E47P",NA,-0.483090376078606,-9.65550676692437,2.68036223068871e-20
"ENSG00000058404","CAMK2B","816",-0.50175147572715,-9.64933546977791,2.82682492959375e-20
"ENSG00000144278","GALNT13","114805",0.497572579993486,9.64692987723993,2.88431734194358e-20
"ENSG00000009765","IYD","389434",-0.646565059887369,-9.64391820916235,2.95866109117828e-20
"ENSG00000174899","PQLC2L",NA,0.439450056949126,9.64304817477709,2.97841986068169e-20
"ENSG00000153291","SLC25A27","9481",0.464902104144036,9.63527771805525,3.1853620583277e-20
"ENSG00000233429","HOTAIRM1","100506311",0.413099953038486,9.63060654521139,3.31526550728935e-20
"ENSG00000139211","AMIGO2","347902",-0.625788350136013,-9.62876185670575,3.36601501717848e-20
"ENSG00000186081","KRT5","3852",0.520911960917075,9.62622645664378,3.43828050242751e-20
"ENSG00000271880","AGAP11",NA,-0.468852171128583,-9.62432925937121,3.49250573489191e-20
"ENSG00000100626","GALNT16","57452",-0.518558971957269,-9.61780450519917,3.69428927918025e-20
"ENSG00000047457","CP","1356",0.758059268866543,9.61591815566301,3.75216017644094e-20
"ENSG00000035499","DEPDC1B","55789",0.380087943086085,9.61117864441869,3.90562096901863e-20
"ENSG00000117707","PROX1","5629",0.499972358278472,9.61111665272028,3.90562096901863e-20
"ENSG00000137441","FGFBP2","83888",0.684825863403485,9.60697608285058,4.04578080400909e-20
"ENSG00000237380","HOXD-AS2",NA,-0.346955769040221,-9.59662633299878,4.42470359086468e-20
"ENSG00000151365","THRSP","7069",-0.542821649067699,-9.59542295630587,4.46716787172503e-20
"ENSG00000171241","SHCBP1","79801",0.474893407921838,9.59337892422768,4.5432904819017e-20
"ENSG00000109255","NMU","10874",0.591629944806529,9.58999752905676,4.67500072184662e-20
"ENSG00000163141","BNIPL","149428",-0.510709552138219,-9.57930632899173,5.12749248912415e-20
"ENSG00000166450","PRTG","283659",-0.500138970516081,-9.56987102231137,5.56207685282573e-20
"ENSG00000187193","MT1X","4501",0.457089306319107,9.55839970611699,6.14110464066177e-20
"ENSG00000008517","IL32","9235",0.48254160284284,9.55103204742968,6.5418367864586e-20
"ENSG00000011422","PLAUR","5329",0.423246317273106,9.54922594422089,6.63915225871926e-20
"ENSG00000151617","EDNRA","1909",-0.34751327012834,-9.53511126513157,7.49953196887598e-20
"ENSG00000272763","RP11-357H14.17","127379715",0.578090922706593,9.53098848803231,7.76579984641292e-20
"ENSG00000224167","RP3-522D1.1",NA,0.495800587372431,9.52179976327873,8.40328155501956e-20
"ENSG00000138696","BMPR1B","658",-0.864766035085903,-9.51332337532016,9.03650352808252e-20
"ENSG00000164303","ENPP6","133121",0.440385705502837,9.51210044057711,9.12422444882305e-20
"ENSG00000134201","GSTM5","2949",-0.585343886538741,-9.50990125748632,9.29118097721556e-20
"ENSG00000167912","RP11-25K19.1","100505501",0.619700585988365,9.508350335909,9.40810034547791e-20
"ENSG00000105699","LSR","51599",0.270790287995291,9.49857682049502,1.02306673784848e-19
"ENSG00000156675","RAB11FIP1","80223",-0.579764674949959,-9.48093269504501,1.1909089747502e-19
"ENSG00000183833","MAATS1","89876",-0.53334259088134,-9.47996643188251,1.19977218633996e-19
"ENSG00000185272","RBM11","54033",-0.631719619544379,-9.47438853153334,1.25791720326978e-19
"ENSG00000155066","PROM2","150696",-0.263192920615852,-9.47395903542781,1.26140381877285e-19
"ENSG00000131668","BARX1","56033",0.589350557866595,9.47056203391453,1.29779380606211e-19
"ENSG00000171433","GLOD5","392465",-0.359055010239581,-9.46360697803315,1.37693846197318e-19
"ENSG00000171551","ECEL1","9427",0.544738227027075,9.45813428924797,1.44226836622817e-19
"ENSG00000084453","SLCO1A2","6579",0.637653572067775,9.45334752497275,1.50174319654858e-19
"ENSG00000153898","MCOLN2","255231",0.434695754088253,9.44990048400479,1.54566224711653e-19
"ENSG00000136542","GALNT5","11227",-0.449804973800489,-9.44720019823654,1.58063088429711e-19
"ENSG00000149380","P4HA3","283208",-0.43016580371725,-9.44228772878699,1.64754012173262e-19
"ENSG00000178882","FAM101A","144347",0.500892115136085,9.43876344633206,1.69681142834609e-19
"ENSG00000090932","DLL3","10683",0.587508206982663,9.43778747237379,1.70954973059528e-19
"ENSG00000176769","TCERG1L","256536",-0.570014926825287,-9.42816646932289,1.8556807698577e-19
"ENSG00000158874","APOA2","336",0.50139608385854,9.41222663130971,2.12679079919582e-19
"ENSG00000129810","SGOL1","151648",0.326392548098455,9.40921452127241,2.1806029079861e-19
"ENSG00000088836","SLC4A11","83959",0.541601133219229,9.40360682911021,2.28624778938089e-19
"ENSG00000180730","SHISA2","387914",-0.614745639825705,-9.40261134303072,2.30375092420933e-19
"ENSG00000124939","SCGB2A1","4246",-0.52855244424254,-9.40139288544912,2.32584421687826e-19
"ENSG00000108018","SORCS1","114815",-0.808126857838826,-9.38506291408942,2.67377971705606e-19
"ENSG00000165125","TRPV6","55503",0.62241007452637,9.38260167611166,2.72834631398957e-19
"ENSG00000131620","ANO1","55107",-0.398150665478841,-9.38041666278504,2.77742265111499e-19
"ENSG00000164591","MYOZ3","91977",-0.611512354257088,-9.37904746870785,2.80764414298309e-19
"ENSG00000105255","FSD1","79187",0.603072375332397,9.37516949837117,2.89996389772037e-19
"ENSG00000163216","SPRR2D","6703",0.479149064882128,9.37225982716578,2.97051103281994e-19
"ENSG00000273650","CTD-3193K9.11",NA,-0.655932766751606,-9.35592923458539,3.41374882572508e-19
"ENSG00000108511","HOXB6","3216",-0.457863136962107,-9.35378751461682,3.47373415916033e-19
"ENSG00000178752","FAM132B","151176",0.577562168124271,9.35279407171159,3.50017227014669e-19
"ENSG00000138772","ANXA3","306",0.572600632797103,9.35091876886838,3.55354838772061e-19
"ENSG00000047597","XK","7504",0.717505621768652,9.35028645174823,3.56953732708818e-19
"ENSG00000186472","PCLO","27445",-0.374953639934723,-9.34972706915145,3.58336164049709e-19
"ENSG00000166086","JAM3","83700",-0.421625214028493,-9.34509146574329,3.72498849442637e-19
"ENSG00000102384","CENPI","2491",0.426797850058209,9.3429857698942,3.78923029944752e-19
"ENSG00000113296","THBS4","7060",-0.611634200824412,-9.32812282984723,4.29889255875691e-19
"ENSG00000136688","IL36G","56300",0.593994664379882,9.32437585402294,4.43468818819824e-19
"ENSG00000275385","CCL18","6362",0.46435365639938,9.31505538363434,4.79773600625726e-19
"ENSG00000249430","CTD-2231H16.1",NA,0.535857611189713,9.30423623077949,5.25696183430723e-19
"ENSG00000088538","DOCK3","1795",0.56829706529843,9.30405937750184,5.26006347653433e-19
"ENSG00000179913","B3GNT3","10331",0.452548861867896,9.274722695391,6.7473367184051e-19
"ENSG00000261189","RP3-512B11.3","101928076",0.271183859443632,9.26776479443432,7.15215924232365e-19
"ENSG00000154529","CNTNAP3B","728577",0.607715748970241,9.25585358993378,7.90687264366221e-19
"ENSG00000232656","IDI2-AS1","55853",0.715770683220102,9.25079674840053,8.24629707270718e-19
"ENSG00000111058","ACSS3","79611",-0.469571039835276,-9.24953112528129,8.32776960099266e-19
"ENSG00000108375","RNF43","54894",-0.427233675329564,-9.2479039200025,8.43589860059364e-19
"ENSG00000148082","SHC3","53358",0.375016645700355,9.2460540392442,8.56158834132481e-19
"ENSG00000183960","KCNH8","131096",0.68905635003507,9.2444824218013,8.66864167057269e-19
"ENSG00000120088","CRHR1","1394",0.511361436481146,9.23694171954197,9.23290876259405e-19
"ENSG00000095585","BLNK","29760",-0.335600721568412,-9.23683181565368,9.23310962746281e-19
"ENSG00000178750","STX19","415117",0.467404720764208,9.23195491629458,9.61417127730055e-19
"ENSG00000172260","NEGR1","257194",-0.4436124838072,-9.2298563421782,9.7778363328753e-19
"ENSG00000233806","LINC01237","101927289",-0.47615347999599,-9.2296083502338,9.78951860047802e-19
"ENSG00000261373","VPS9D1-AS1","100128881",0.731514603180522,9.2287237413625,9.85424753751078e-19
"ENSG00000143546","S100A8","6279",0.675874441182846,9.22748457431828,9.94925563525816e-19
"ENSG00000151364","KCTD14","65987",0.593443821124735,9.22365829711459,1.02677836873463e-18
"ENSG00000184828","ZBTB7C","201501",-0.473791964655503,-9.2205629387755,1.05310160978952e-18
"ENSG00000171124","FUT3","2525",0.574282217838223,9.21389163560968,1.11328960247147e-18
"ENSG00000051341","POLQ","10721",0.374943075415084,9.20711103568839,1.17796888250624e-18
"ENSG00000161281","COX7A1","1346",-0.398171509301488,-9.20532481995114,1.19482338298692e-18
"ENSG00000178965","ERICH3","127254",-0.715973558978992,-9.19444900935065,1.30870826471235e-18
"ENSG00000226145","KRT16P6",NA,0.640076098819931,9.19084469284344,1.34795919270903e-18
"ENSG00000119946","CNNM1","26507",0.622142729546409,9.1832835442599,1.43554243281709e-18
"ENSG00000112183","RBM24","221662",-0.712163644628608,-9.17756451000294,1.50517773983142e-18
"ENSG00000175264","CHST1","8534",-0.484075758553792,-9.17514153392391,1.53488424258005e-18
"ENSG00000170381","SEMA3E","9723",-0.567642887038383,-9.17339133477928,1.55631527741038e-18
"ENSG00000128045","RASL11B","65997",-0.414816921773465,-9.1678498288685,1.6293051509585e-18
"ENSG00000168398","BDKRB2","624",-0.29132489017778,-9.16652372175813,1.64614653604474e-18
"ENSG00000006128","TAC1","6863",-0.629475586993511,-9.16601574713834,1.65173157611642e-18
"ENSG00000134443","GRP","2922",-0.46118529539168,-9.16518512784632,1.66184979741477e-18
"ENSG00000281205","LINC00950",NA,-0.490706292518637,-9.16479297650226,1.66586296254432e-18
"ENSG00000197415","VEPH1","79674",0.440527415353843,9.16071234386728,1.72260470049419e-18
"ENSG00000163017","ACTG2","72",0.439038981485059,9.15708027157468,1.77454196581635e-18
"ENSG00000102678","FGF9","2254",0.687496245303649,9.15690647267658,1.77555901189329e-18
"ENSG00000086696","HSD17B2","3294",0.513161732419756,9.15445578384623,1.81097253944476e-18
"ENSG00000161888","SPC24","147841",0.396779788087137,9.15410231332562,1.81475625622808e-18
"ENSG00000141837","CACNA1A","773",0.410045633900221,9.1488262101315,1.89549447190161e-18
"ENSG00000176884","GRIN1","2902",-0.406126447192487,-9.14818274637642,1.90409658522789e-18
"ENSG00000204420","C6orf25","80739",-0.439474770477275,-9.14641568654039,1.93091003432574e-18
"ENSG00000198046","ZNF667","63934",0.512231834583774,9.14056976705303,2.02644946801502e-18
"ENSG00000168772","CXXC4","80319",-0.476353805134749,-9.1399449253702,2.03532397191041e-18
"ENSG00000184254","ALDH1A3","220",0.406093307566414,9.13526046744398,2.11522068055229e-18
"ENSG00000185483","ROR1","4919",0.427369567199388,9.13224796890165,2.16754914075546e-18
"ENSG00000172403","SYNPO2","171024",-0.401965210898569,-9.12835236763311,2.23770086912063e-18
"ENSG00000196132","MYT1","4661",-0.655362488975668,-9.12594859113075,2.2813335534297e-18
"ENSG00000106278","PTPRZ1","5803",0.599446091816911,9.12030367334736,2.38997620624915e-18
"ENSG00000182902","SLC25A18","83733",-0.474481019151832,-9.11543231188561,2.48753558210406e-18
"ENSG00000116774","OLFML3","56944",-0.360141013097297,-9.10174560743443,2.78766488357307e-18
"ENSG00000124875","CXCL6","6372",0.621166834221513,9.09721719180105,2.8929453178687e-18
"ENSG00000166523","CLEC4E","26253",0.573389311775686,9.09704206701749,2.89464966419904e-18
"ENSG00000217442","SYCE3","644186",-0.360109478088798,-9.09341452402177,2.98134772818925e-18
"ENSG00000186973","FAM183A","440585",-0.407443465291894,-9.09182853729205,3.01856594038946e-18
"ENSG00000233101","HOXB-AS3","404266",-0.638406966510771,-9.09157885510325,3.02223563786699e-18
"ENSG00000099953","MMP11","4320",-0.469928958395267,-9.09062256496304,3.04387011768521e-18
"ENSG00000170390","DCLK2","166614",0.354138858660329,9.09050323055253,3.04424995687408e-18
"ENSG00000105991","HOXA1","3198",0.303652646123943,9.0849874361351,3.18533614409145e-18
"ENSG00000122420","PTGFR","5737",0.508606896845996,9.07834912395117,3.36433278717261e-18
"ENSG00000260391","RP11-71H17.7",NA,0.48600043790384,9.07558091206452,3.44013376356832e-18
"ENSG00000133083","DCLK1","9201",-0.46386110979908,-9.05943138196843,3.93377188991327e-18
"ENSG00000101282","RSPO4","343637",0.660920713745573,9.05474507603885,4.08717909642626e-18
"ENSG00000238279","BX470102.3",NA,0.716630493839845,9.05386008578212,4.11390311938523e-18
"ENSG00000106823","ECM2","1842",-0.431312276340451,-9.05064977958986,4.22194182707434e-18
"ENSG00000086570","FAT2","2196",0.58601985044775,9.05014564719218,4.23605903749499e-18
"ENSG00000162522","KIAA1522","57648",-0.266215095363917,-9.04484883302218,4.42359410482876e-18
"ENSG00000204644","ZFP57","346171",0.765735988803153,9.0362350346491,4.74883358723764e-18
"ENSG00000242516","LINC00960","401074",0.697014663428901,9.03555833254349,4.77155484422618e-18
"ENSG00000245694","CRNDE","643911",-0.276224550379033,-9.03318277650978,4.85956953431667e-18
"ENSG00000146530","VWDE","221806",0.639718689748831,9.03315715179735,4.85956953431667e-18
"ENSG00000221818","EBF2","64641",-0.286346898974075,-9.03058183014397,4.96066584907568e-18
"ENSG00000129654","FOXJ1","2302",-0.662289299138107,-9.02400019547532,5.23561179046566e-18
"ENSG00000128645","HOXD1","3231",-0.350039031976463,-9.02270298572162,5.28585132503491e-18
"ENSG00000183421","RIPK4","54101",0.336143118846667,9.02264583572599,5.28585132503491e-18
"ENSG00000163406","SLC15A2","6565",0.648124225530809,9.00876623704756,5.92768001178849e-18
"ENSG00000143320","CRABP2","1382",-0.41379360415466,-9.00337970410061,6.19376597819727e-18
"ENSG00000138400","MDH1B","130752",-0.446750912407933,-8.99538849177846,6.61317538349259e-18
"ENSG00000188015","S100A3","6274",0.325578558716039,8.9890209711943,6.96615957382307e-18
"ENSG00000169607","CKAP2L","150468",0.309150047841143,8.97624510582733,7.73822463053368e-18
"ENSG00000166897","ELFN2","114794",-0.621984622537008,-8.96151250353394,8.73520040008172e-18
"ENSG00000132437","DDC","1644",0.643396128369463,8.95816596817874,8.9728636250198e-18
"ENSG00000162426","SLC45A1","50651",-0.403771637834938,-8.95547480222047,9.16708023038018e-18
"ENSG00000172250","SERHL",NA,-0.638751110887265,-8.94434537780892,1.00422805366884e-17
"ENSG00000277494","GPIHBP1","338328",-0.429748090642711,-8.93655391272648,1.07009309184827e-17
"ENSG00000255571","LINC00925","254559",-0.419033983787149,-8.93536607272068,1.07953776557843e-17
"ENSG00000233836","RP11-255H23.2",NA,-0.395040957438753,-8.93528342140412,1.07953776557843e-17
"ENSG00000198910","L1CAM","3897",0.544179247410184,8.93151222491306,1.11273667146405e-17
"ENSG00000259803","SLC22A31","146429",0.638184157564957,8.92941012461788,1.13125211934967e-17
"ENSG00000271576","RP11-486G15.2",NA,0.586823454979791,8.91014630407895,1.32492472959065e-17
"ENSG00000237732","AC010980.2",NA,0.748376771032821,8.90690063860393,1.35967764635312e-17
"ENSG00000105784","RUNDC3B","154661",-0.453876614142069,-8.9038756802673,1.39279824017627e-17
"ENSG00000068078","FGFR3","2261",-0.542709012997462,-8.89839246780526,1.45588499489554e-17
"ENSG00000003137","CYP26B1","56603",0.376926849619231,8.88590565767469,1.61203367178475e-17
"ENSG00000224287","MSL3P1",NA,0.659988377414436,8.87489798347844,1.76317218993946e-17
"ENSG00000106688","SLC1A1","6505",-0.670955342681772,-8.86657735132566,1.88624924604689e-17
"ENSG00000132470","ITGB4","3691",0.436217201007149,8.86247352947422,1.94920746153123e-17
"ENSG00000133110","POSTN","10631",-0.303821432454625,-8.86159756178137,1.96160879526671e-17
"ENSG00000159212","CLIC6","54102",-0.730450001860064,-8.86041587879559,1.97904646795064e-17
"ENSG00000163545","NUAK2","81788",-0.370969587175151,-8.85834223431432,2.01129968313682e-17
"ENSG00000173557","C2orf70","339778",0.587672904411311,8.85591976812264,2.04992873727065e-17
"ENSG00000178726","THBD","7056",-0.397183444825219,-8.84652583787193,2.21214241353664e-17
"ENSG00000185303","SFTPA2","729238",-0.47972239543116,-8.83946974195002,2.34178382410993e-17
"ENSG00000138778","CENPE","1062",0.39498679416683,8.83916844170554,2.34559531969519e-17
"ENSG00000150551","LYPD1","116372",0.269784958337377,8.8359847136997,2.40551175559145e-17
"ENSG00000176907","C8orf4","56892",-0.454219745624923,-8.83416351731527,2.43958785550582e-17
"ENSG00000263639","MSMB","4477",-0.495277044178635,-8.8308100203161,2.50535644127899e-17
"ENSG00000154864","PIEZO2","63895",-0.553626134460215,-8.82605984032965,2.60243569321536e-17
"ENSG00000157404","KIT","3815",0.546010832612901,8.82351690742459,2.65489190500379e-17
"ENSG00000125462","C1orf61","10485",0.380211557523927,8.82341446954685,2.65489469943161e-17
"ENSG00000167244","IGF2","3481",-0.451015564522644,-8.82212827449156,2.68071719129528e-17
"ENSG00000230006","ANKRD36BP2",NA,0.547820524001986,8.82173249028192,2.68715962904524e-17
"ENSG00000115828","QPCT","25797",0.445450773279797,8.81964160123162,2.73119962623398e-17
"ENSG00000138771","SHROOM3","57619",-0.298408332110446,-8.81762490892359,2.77427170942198e-17
"ENSG00000157851","DPYSL5","56896",0.64139536163664,8.81241186275939,2.89256531955201e-17
"ENSG00000175906","ARL4D","379",-0.421431368749248,-8.80897035918609,2.97253769937008e-17
"ENSG00000073111","MCM2","4171",0.400040184109291,8.80449977557189,3.08046207690243e-17
"ENSG00000170775","GPR37","2861",0.349678437433061,8.80111746837761,3.16404068463826e-17
"ENSG00000241794","SPRR2A","6700",0.5009380743111,8.7993425403317,3.20752787284603e-17
"ENSG00000165490","DDIAS","220042",0.389802243509494,8.79706083506906,3.26507552523301e-17
"ENSG00000233705","SLC26A4-AS1",NA,0.554737298254531,8.79569065418165,3.29903094763756e-17
"ENSG00000279569","RP11-394B2.1",NA,0.506643762052258,8.78821626449883,3.50340174601321e-17
"ENSG00000058085","LAMC2","3918",0.401803597204069,8.78519343300616,3.58779656224587e-17
"ENSG00000156970","BUB1B","701",0.314581245119229,8.78248559420835,3.66271419856621e-17
"ENSG00000134757","DSG3","1830",0.588207410129564,8.78245363489947,3.66271419856621e-17
"ENSG00000273107","RP11-165A20.3",NA,0.752372357835322,8.78086603014964,3.70732095788673e-17
"ENSG00000144045","DQX1","165545",-0.507730249448075,-8.77324349736949,3.94142072608694e-17
"ENSG00000168491","CCDC110","256309",-0.368590495879918,-8.75119131892582,4.71148404984852e-17
"ENSG00000251493","FOXD1","2297",0.608118519494497,8.74685951354015,4.87614322187278e-17
"ENSG00000092853","CLSPN","63967",0.358511079655553,8.74055304600745,5.12800315054528e-17
"ENSG00000169245","CXCL10","3627",0.36302521657627,8.7357881488316,5.32571667740352e-17
"ENSG00000090889","KIF4A","24137",0.332640602535645,8.73271479632007,5.45562952825194e-17
"ENSG00000074370","ATP2A3","489",-0.555629148927258,-8.72475205990081,5.81455846406762e-17
"ENSG00000267034","RP11-384O8.1",NA,0.631398815381364,8.72277801985174,5.90345017820423e-17
"ENSG00000151025","GPR158","57512",0.544444636790824,8.71579119278356,6.24197002521088e-17
"ENSG00000156689","GLYATL2","219970",0.611426271396826,8.71536034929042,6.25865231963289e-17
"ENSG00000178776","C5orf46","389336",0.344194476142825,8.7152126907547,6.26101400307167e-17
"ENSG00000179902","C1orf194","127003",-0.451041323686702,-8.71383390664736,6.32610717689994e-17
"ENSG00000169862","CTNND2","1501",-0.459034168696854,-8.70896395038657,6.57500719766137e-17
"ENSG00000141314","RHBDL3","162494",-0.578518625254565,-8.70880919370097,6.57787447214492e-17
"ENSG00000090530","P3H2","55214",0.342782087443706,8.70811865465127,6.60933203212902e-17
"ENSG00000004468","CD38","952",0.672841332637203,8.70658046726987,6.68663077251203e-17
"ENSG00000145423","SFRP2","6423",-0.31599594644035,-8.70536793548319,6.7470331880776e-17
"ENSG00000163347","CLDN1","9076",0.360797425388754,8.70342079969972,6.84853895578223e-17
"ENSG00000164825","DEFB1","1672",0.496368538307947,8.70157119713661,6.94607741185026e-17
"ENSG00000133937","GSC","145258",-0.393834951107113,-8.69809696234854,7.13811021501141e-17
"ENSG00000148948","LRRC4C","57689",-0.44560794896038,-8.69139466707064,7.5291874649128e-17
"ENSG00000091513","TF","7018",0.531280501719924,8.68386007905944,7.99495634031509e-17
"ENSG00000174599","TRAM1L1","133022",-0.303010798602284,-8.66909138474676,8.99905521371805e-17
"ENSG00000099194","SCD","6319",-0.457910466553108,-8.66194480861191,9.52474157071544e-17
"ENSG00000149575","SCN2B","6327",-0.54691771930554,-8.66117379794295,9.57632654935407e-17
"ENSG00000279487","AC234582.1",NA,-0.479045606606377,-8.65829905931507,9.79269085590907e-17
"ENSG00000007174","DNAH9","1770",-0.543717347194686,-8.65653217293268,9.92497693289237e-17
"ENSG00000205358","MT1H","4496",0.575072210658356,8.65393568697827,1.01263099800673e-16
"ENSG00000165810","BTNL9","153579",-0.403160300516396,-8.65383695084216,1.01263099800673e-16
"ENSG00000167749","KLK4","9622",-0.419648879527031,-8.64665738440779,1.07198504303836e-16
"ENSG00000166091","CMTM5","116173",0.658234413912241,8.64641097355133,1.0732475815899e-16
"ENSG00000188064","WNT7B","7477",-0.27804606699809,-8.64280678992881,1.10392097665216e-16
"ENSG00000145075","CCDC39",NA,-0.475400322863857,-8.64087634245257,1.1202867372694e-16
"ENSG00000146070","PLA2G7","7941",0.371788544283794,8.62932186636793,1.2282804499214e-16
"ENSG00000134317","GRHL1","29841",0.316718774599927,8.62189636656231,1.30267417929108e-16
"ENSG00000012124","CD22","933",-0.459120489584266,-8.61130174056019,1.41706958196465e-16
"ENSG00000167178","ISLR2","57611",-0.371424628026304,-8.61065143983591,1.42333545600198e-16
"ENSG00000008196","TFAP2B","7021",-0.728988948122255,-8.60854353121599,1.44642917604318e-16
"ENSG00000121621","KIF18A","81930",0.333820385912159,8.60798555331532,1.45175026437263e-16
"ENSG00000141448","GATA6","2627",0.297220193140436,8.60380945048123,1.49994914625927e-16
"ENSG00000102109","PCSK1N","27344",0.693199902084133,8.59930724208283,1.55378086059531e-16
"ENSG00000126233","SLURP1","57152",0.671830881265727,8.59860942155488,1.56124092148844e-16
"ENSG00000186417","GLDN","342035",-0.483999081200788,-8.59787578526833,1.56918712065604e-16
"ENSG00000104951","IL4I1","259307",0.408437994331993,8.58435330312232,1.74709881230372e-16
"ENSG00000163568","AIM2","9447",0.454939288883833,8.57972441861283,1.81151822699854e-16
"ENSG00000171049","FPR2","2358",0.571321477757226,8.57878139572072,1.8237719489357e-16
"ENSG00000152661","GJA1","2697",-0.45463844753006,-8.56791176000558,1.98761511861845e-16
"ENSG00000103569","AQP9","366",0.571344152581428,8.56590155283654,2.01816485154338e-16
"ENSG00000184347","SLIT3","6586",-0.334948031914326,-8.56290041142227,2.06544787449697e-16
"ENSG00000106258","CYP3A5","1577",-0.323744646185396,-8.55832024458701,2.14061909141348e-16
"ENSG00000170801","HTRA3","94031",-0.433165590759169,-8.55808633112798,2.14291862639107e-16
"ENSG00000169184","MN1","4330",-0.45764621248447,-8.55443067647701,2.2045648373394e-16
"ENSG00000118402","ELOVL4","6785",0.396895303187248,8.54663059829059,2.34411725392749e-16
"ENSG00000184408","KCND2","3751",-0.382976724530691,-8.51579770972369,2.99341888386471e-16
"ENSG00000198846","TOX","9760",0.545317725837455,8.5135533265805,3.04485731435731e-16
"ENSG00000109956","B3GAT1","27087",0.503950243693879,8.50723666252894,3.1989372774874e-16
"ENSG00000169894","MUC3A","4584",0.325979239943032,8.5052635539926,3.24686640486429e-16
"ENSG00000176692","FOXC2","2303",0.432389214143962,8.50436274221003,3.26758490220928e-16
"ENSG00000163220","S100A9","6280",0.632501411887096,8.49737267129836,3.45117143970639e-16
"ENSG00000092054","MYH7","4625",0.372386219988167,8.49341766814774,3.55830517878334e-16
"ENSG00000261116","RP3-523K23.2",NA,0.425011359795093,8.48850265792146,3.69409601664425e-16
"ENSG00000272168","CASC15","105374971",0.401203374133389,8.48849373309445,3.69409601664425e-16
"ENSG00000240891","PLCXD2","257068",-0.62170068015339,-8.48202976167149,3.88510785954456e-16
"ENSG00000105664","COMP","1311",-0.363750600477274,-8.48092477882326,3.91617669822229e-16
"ENSG00000152377","SPOCK1","6695",-0.394105708409982,-8.4768373849936,4.04179055995245e-16
"ENSG00000157766","ACAN","176",0.392262355763145,8.47452011172635,4.11336998672318e-16
"ENSG00000078900","TP73","7161",-0.410051963380308,-8.47398083656388,4.12772914528078e-16
"ENSG00000182010","RTKN2","219790",0.282778474370481,8.47379020744808,4.13072992805198e-16
"ENSG00000273032","DGCR9","26220",0.58811676491735,8.47273972440102,4.1619519911303e-16
"ENSG00000155511","GRIA1","2890",-0.596939324737427,-8.47092844558902,4.21872102123126e-16
"ENSG00000107742","SPOCK2","9806",0.466006002129657,8.4694594017308,4.26469786022713e-16
"ENSG00000056487","PHF21B","112885",-0.67824700127246,-8.46549129694884,4.39720355809122e-16
"ENSG00000134020","PEBP4","157310",-0.521325854879457,-8.46206914236862,4.51425541846373e-16
"ENSG00000137747","TMPRSS13","84000",0.317020395332203,8.45980331734845,4.59223744374203e-16
"ENSG00000166840","GLYATL1","92292",-0.469565690109239,-8.45378521459415,4.8120698987638e-16
"ENSG00000244300","GATA2-AS1",NA,-0.664925928626934,-8.44713635907754,5.06745182211318e-16
"ENSG00000118194","TNNT2","7139",0.539283594873504,8.44371483963444,5.20208256974696e-16
"ENSG00000243649","CFB","629",-0.575417845730348,-8.43698407090351,5.48142820783178e-16
"ENSG00000261295","RP11-524D16__A.3",NA,-0.324828105679011,-8.43613104670708,5.5141399438068e-16
"ENSG00000182885","ADGRG3","222487",0.502699341863626,8.42040502689157,6.23650134244496e-16
"ENSG00000065675","PRKCQ","5588",0.557812270859776,8.41980262363617,6.26129589709385e-16
"ENSG00000227953","LINC01341",NA,-0.546769037614783,-8.41861320459904,6.31529964871773e-16
"ENSG00000203877","RIPPLY2","134701",0.556711455844551,8.41374499272915,6.55682101496826e-16
"ENSG00000143171","RXRG","6258",-0.449552956159511,-8.40740881371013,6.88647952153209e-16
"ENSG00000139572","GPR84","53831",0.412281712456846,8.40390024075124,7.07357463485263e-16
"ENSG00000173947","PIFO","128344",-0.429716477785204,-8.38230827298159,8.37373423548401e-16
"ENSG00000175161","CADM2","253559",-0.473560769371693,-8.37936704582362,8.56249708096239e-16
"ENSG00000187094","CCK","885",0.568892967015832,8.3769049412962,8.72264491207685e-16
"ENSG00000253414","RP11-150O12.6",NA,-0.439693652036592,-8.37555988778855,8.80830775580884e-16
"ENSG00000197815","RP1-253P7.4",NA,-0.505541944614857,-8.3742800981048,8.89025713820171e-16
"ENSG00000242808","SOX2-OT","347689",-0.407364717682011,-8.37057752891686,9.14489739002646e-16
"ENSG00000244067","GSTA2","2939",0.524007959552689,8.36264312185743,9.7235982953037e-16
"ENSG00000147234","FRMPD3","84443",-0.493246272830175,-8.36114680564681,9.83060024919665e-16
"ENSG00000149599","DUSP15","128853",-0.544273252584236,-8.35232841958313,1.05246031362712e-15
"ENSG00000142583","SLC2A5","6518",0.464826192874281,8.35184556602207,1.05563297717922e-15
"ENSG00000109738","GLRB","2743",-0.433949309073358,-8.34984242305505,1.07147503525686e-15
"ENSG00000197565","COL4A6","1288",-0.502227286655272,-8.3456340255543,1.1064570336974e-15
"ENSG00000214870","AC004540.5","441204",-0.384461453556715,-8.33977539178439,1.15738754281595e-15
"ENSG00000164692","COL1A2","1278",-0.31777299176774,-8.33498602365237,1.20056928774199e-15
"ENSG00000235961","PNMA6A","84968",0.4965519393775,8.33477216866764,1.20165846008659e-15
"ENSG00000115252","PDE1A","5136",-0.296951293924098,-8.33187982928358,1.22785853089465e-15
"ENSG00000188338","SLC38A3","10991",0.403999295269236,8.33181333020596,1.22785853089465e-15
"ENSG00000197558","SSPO","23145",-0.484474496671575,-8.32977892066712,1.24655591615537e-15
"ENSG00000104833","TUBB4A","10382",0.489191483004215,8.32764939428826,1.26584930984033e-15
"ENSG00000170624","SGCD","6444",-0.366175212010578,-8.32761526550661,1.26584930984033e-15
"ENSG00000184925","LCN12","286256",-0.483334427008012,-8.31740440964082,1.36969772635065e-15
"ENSG00000185585","OLFML2A","169611",-0.308660568804,-8.31651668927242,1.3781591946882e-15
"ENSG00000141293","SKAP1","8631",-0.452252783227569,-8.31120318447074,1.43530962940811e-15
"ENSG00000158428","CATIP","375307",-0.558917648604117,-8.2965173127062,1.6078638956898e-15
"ENSG00000253174","RP11-360L9.7",NA,0.508675557980442,8.29355817170194,1.64404110405577e-15
"ENSG00000183801","OLFML1","283298",-0.333257462557219,-8.28922441480979,1.69907535183626e-15
"ENSG00000188039","NWD1","284434",0.532596815637873,8.28495856208422,1.75500158825813e-15
"ENSG00000159409","CELF3","11189",-0.536622797335845,-8.28106160624178,1.80755971563314e-15
"ENSG00000152669","CCNO","10309",-0.585342412402496,-8.27987400571538,1.82292729589358e-15
"ENSG00000155629","PIK3AP1","118788",0.374392464062007,8.27460269613482,1.89762329063004e-15
"ENSG00000047648","ARHGAP6","395",-0.363361242397801,-8.26878406370128,1.98374099379613e-15
"ENSG00000182742","HOXB4","3214",-0.428402354377132,-8.26603400570162,2.02497030247305e-15
"ENSG00000112378","PERP","64065",0.264240309506147,8.2544347928188,2.21372426632311e-15
"ENSG00000075702","WDR62","284403",0.392680558513113,8.24825398402614,2.32047670811056e-15
"ENSG00000135324","MRAP2","112609",0.528893734336203,8.24747775850074,2.33270509151722e-15
"ENSG00000111799","COL12A1","1303",-0.323248102000658,-8.23948579867067,2.47664010455624e-15
"ENSG00000107611","CUBN","8029",0.300922958351031,8.23945549454789,2.47664010455624e-15
"ENSG00000258947","TUBB3","10381",0.413084306103094,8.23944651555942,2.47664010455624e-15
"ENSG00000112796","ENPP5","59084",-0.452933436327291,-8.2371436185563,2.51924296893195e-15
"ENSG00000160282","FTCD","10841",0.56805445286775,8.23432130855923,2.57287708320184e-15
"ENSG00000272711","RP11-259N19.1","118568819",0.28471685619035,8.23054352346228,2.6471065464148e-15
"ENSG00000133101","CCNA1","8900",0.418901712377942,8.22907332278736,2.67534138091622e-15
"ENSG00000168143","FAM83B","222584",0.424748295435061,8.22665967194714,2.72364662625504e-15
"ENSG00000172782","FADS6","283985",0.557594954871406,8.2187688637156,2.89254536114983e-15
"ENSG00000155011","DKK2","27123",-0.365037939895329,-8.21584186251414,2.95640342630114e-15
"ENSG00000120658","ENOX1","55068",-0.372692016012502,-8.21178821276559,3.04719467698156e-15
"ENSG00000183780","SLC35F3","148641",0.544926385907081,8.21172676130989,3.04719467698156e-15
"ENSG00000156076","WIF1","11197",0.644532508183052,8.20610952714994,3.17967369508439e-15
"ENSG00000171346","KRT15","3866",0.376330494531343,8.20509491748372,3.20225090384445e-15
"ENSG00000124440","HIF3A","64344",0.488842112074378,8.2043549389851,3.21817070744238e-15
"ENSG00000010030","ETV7","51513",0.42405642147335,8.20365654685044,3.23313399798872e-15
"ENSG00000125931","CITED1","4435",-0.495655058799616,-8.20180319312393,3.27719624121768e-15
"ENSG00000095970","TREM2","54209",-0.222009172444557,-8.19934201308615,3.33743842649297e-15
"ENSG00000115896","PLCL1","5334",-0.539925013105043,-8.19662336358848,3.40551800871207e-15
"ENSG00000144331","ZNF385B","151126",-0.562958821640493,-8.19545959649591,3.43362498175303e-15
"ENSG00000233682","RP11-13P5.2","101929122",0.342833677584085,8.19494148238207,3.44479917165919e-15
"ENSG00000079102","RUNX1T1","862",-0.351195554983954,-8.18852862288195,3.61638753275606e-15
"ENSG00000155761","SPAG17","200162",-0.538974538461298,-8.18741959517314,3.6446793462517e-15
"ENSG00000148677","ANKRD1","27063",0.493300321135916,8.18613461249951,3.67816519218488e-15
"ENSG00000115602","IL1RL1","9173",-0.446112189045008,-8.1821834937166,3.78883535346834e-15
"ENSG00000175745","NR2F1","7025",-0.395152586678927,-8.17433153659651,4.02153294117512e-15
"ENSG00000113361","CDH6","1004",-0.242540650572597,-8.17246482011597,4.07660878617275e-15
"ENSG00000064205","WISP2","8839",-0.340372014927612,-8.17138864364813,4.10741910072487e-15
"ENSG00000134061","CD180","4064",0.336931392224191,8.16761995293333,4.22490220674832e-15
"ENSG00000162383","SLC1A7","6512",-0.458982593449673,-8.16629626697491,4.2649154971627e-15
"ENSG00000187017","ESPN","83715",-0.374088680431199,-8.16426376199364,4.3287874871299e-15
"ENSG00000006453","BAIAP2L1","55971",0.273241722152218,8.15871053540432,4.51197699661758e-15
"ENSG00000160886","LY6K","54742",0.643888657476415,8.15867002683429,4.51197699661758e-15
"ENSG00000203785","SPRR2E","6704",0.412524628711349,8.15653315909967,4.58316759675318e-15
"ENSG00000169031","COL4A3","1285",0.542268516312757,8.15418140575786,4.66314305511061e-15
"ENSG00000075643","MOCOS","55034",0.307259224927159,8.15076198590272,4.78347753100248e-15
"ENSG00000091622","PITPNM3","83394",0.385968758929685,8.15040673014314,4.79301445548695e-15
"ENSG00000064270","ATP2C2","9914",-0.347551969447661,-8.14943450563531,4.82533122320547e-15
"ENSG00000180616","SSTR2","6752",-0.603419535675881,-8.14333468788829,5.0524593901672e-15
"ENSG00000138311","ZNF365","22891",-0.342979012643698,-8.13904357267489,5.21740007710104e-15
"ENSG00000176402","GJC3","349149",-0.374140462703353,-8.12737176580622,5.70052783471742e-15
"ENSG00000176244","ACBD7","414149",0.411781526532922,8.12424920554636,5.83398346133866e-15
"ENSG00000118298","CA14","23632",-0.524171982837507,-8.11955830814366,6.04249011181059e-15
"ENSG00000279700","RP13-554M15.2",NA,-0.475905242697675,-8.10961303039155,6.51446860519814e-15
"ENSG00000104879","CKM","1158",0.377305516516605,8.10523852867793,6.73067878150372e-15
"ENSG00000159387","IRX6","79190",0.420883064032848,8.09649401889688,7.18952282593654e-15
"ENSG00000042062","FAM65C","140876",-0.498766736042947,-8.0898671554539,7.55634764523876e-15
"ENSG00000184613","NELL2","4753",-0.611874099563726,-8.08648591830883,7.74781423256776e-15
"ENSG00000214578","HMGN2P15",NA,-0.474386932660226,-8.08013276338827,8.12577264425304e-15
"ENSG00000163359","COL6A3","1293",-0.298579663019592,-8.07688766266063,8.32284035321331e-15
"ENSG00000188883","KLRG2","346689",0.401194113418451,8.07502499130817,8.43547936514408e-15
"ENSG00000091262","ABCC6","368",-0.536398808939576,-8.0720739188627,8.62066454645552e-15
"ENSG00000258545","RHOXF1-AS1","101928969",0.506613593787635,8.07072714368785,8.70308727715597e-15
"ENSG00000225492","GBP1P1",NA,0.542749251987974,8.06721145678013,8.93230949722451e-15
"ENSG00000105048","TNNT1","7138",-0.553392822307002,-8.06451759300065,9.11043408955786e-15
"ENSG00000135454","B4GALNT1","2583",0.386905948912307,8.06253177302812,9.24223069735159e-15
"ENSG00000244306","LINC01296",NA,0.335746495526198,8.06165283758419,9.29743164628778e-15
"ENSG00000197641","SERPINB13","5275",0.430936151619214,8.05931230013013,9.45733765475942e-15
"ENSG00000154330","PGM5","5239",-0.373983131342227,-8.05485241795902,9.77594852126756e-15
"ENSG00000112812","PRSS16","10279",0.402596405701366,8.05269150975615,9.93042819945488e-15
"ENSG00000130762","ARHGEF16","27237",-0.213656620176474,-8.05108038322763,1.00453358062163e-14
"ENSG00000152779","SLC16A12","387700",-0.46002752048772,-8.04460495467395,1.05433657640964e-14
"ENSG00000164109","MAD2L1","4085",0.367633344126153,8.03883052227736,1.10071181830668e-14
"ENSG00000131016","AKAP12","9590",-0.402132163530449,-8.03861852722457,1.10169139612347e-14
"ENSG00000259384","GH1","2688",0.495318177176571,8.03695877552753,1.11483248460492e-14
"ENSG00000205795","CYS1","192668",-0.340646427847645,-8.03488407136122,1.13167934698566e-14
"ENSG00000105143","SLC1A6","6511",0.584206136483265,8.03443218925087,1.13474708650348e-14
"ENSG00000248663","LINC00992","124900192",-0.728072220986249,-8.02811561720704,1.18947839154439e-14
"ENSG00000137801","THBS1","7057",-0.325176261313257,-8.02053322984143,1.25880414712079e-14
"ENSG00000050165","DKK3","27122",-0.307661477048446,-8.01875841481201,1.2749013196876e-14
"ENSG00000231107","LINC01508","101927873",0.598894848522226,8.01489094920138,1.31178757310565e-14
"ENSG00000223764","RP11-54O7.3","100130417",-0.58147959435699,-8.00959431814286,1.36437664951393e-14
"ENSG00000109205","ODAM","54959",0.622086216994476,8.00567390618625,1.40437550446139e-14
"ENSG00000107014","RLN2","6019",-0.451849861649558,-8.00496437523264,1.41091488140481e-14
"ENSG00000164638","SLC29A4","222962",0.409048794220995,8.00452336726211,1.41461423608165e-14
"ENSG00000261786","RP4-555D20.2",NA,0.507750433694362,7.99956236415125,1.46754411260726e-14
"ENSG00000232445","RP11-132A1.4",NA,0.356305417598781,7.99879744355484,1.47499116620486e-14
"ENSG00000107984","DKK1","22943",0.569681153904789,7.99751759233735,1.48824640159254e-14
"ENSG00000101333","PLCB4","5332",0.435588029293504,7.99551918887149,1.50896063951667e-14
"ENSG00000186642","PDE2A","5138",-0.328884564789968,-7.99549726105506,1.50896063951667e-14
"ENSG00000133067","LGR6","59352",0.596555089820667,7.9917935165206,1.55060221930062e-14
"ENSG00000106483","SFRP4","6424",-0.386202779712295,-7.99074327755976,1.56182327997445e-14
"ENSG00000203799","CCDC162P","221262",-0.520262990639715,-7.97974851435116,1.69551596727447e-14
"ENSG00000177685","CRACR2B","283229",-0.416609282681526,-7.96817599013947,1.84849477187028e-14
"ENSG00000130487","KLHDC7B","113730",0.496866221222342,7.96736276191012,1.85852256035965e-14
"ENSG00000265415","CTD-2510F5.4",NA,0.281637019857984,7.96541064319697,1.88467577353971e-14
"ENSG00000164176","EDIL3","10085",-0.400821411119725,-7.95871194006712,1.97935883704314e-14
"ENSG00000124491","F13A1","2162",-0.488174591123198,-7.95870171412655,1.97935883704314e-14
"ENSG00000135914","HTR2B","3357",-0.395667355975622,-7.95267062025356,2.06963165279525e-14
"ENSG00000187800","PEAR1","375033",-0.35417040418466,-7.94571648683496,2.17900135011761e-14
"ENSG00000266835","GAPLINC","100505592",-0.176524807277142,-7.94239839894541,2.23235423238112e-14
"ENSG00000136352","NKX2-1","7080",0.310977297958321,7.9418435232959,2.24009036050308e-14
"ENSG00000177098","SCN4B","6330",-0.360164439259526,-7.93426827058715,2.36933611399951e-14
"ENSG00000082684","SEMA5B","54437",0.260194255953814,7.92633793802529,2.5125993877098e-14
"ENSG00000019186","CYP24A1","1591",0.512723065945213,7.92505792598577,2.53501944334032e-14
"ENSG00000115461","IGFBP5","3488",-0.413340133507233,-7.91873702919081,2.65597447016995e-14
"ENSG00000137825","ITPKA","3706",-0.478137737418463,-7.91811615903084,2.66647399643839e-14
"ENSG00000117154","IGSF21","84966",-0.451150800512304,-7.91560262892771,2.71518706199495e-14
"ENSG00000115363","EVA1A","84141",0.2262474972307,7.90801840403847,2.8715969874455e-14
"ENSG00000280435","RP4-555D20.1",NA,0.520003441966989,7.90311674797111,2.97663928304994e-14
"ENSG00000162728","KCNJ9","3765",0.404610488898296,7.90109102568046,3.01991142024118e-14
"ENSG00000165507","C10orf10","11067",0.365910565752078,7.90069173810071,3.02681803401683e-14
"ENSG00000114638","UPK1B","7348",0.498502191951799,7.89882389449076,3.06719295144356e-14
"ENSG00000121005","CRISPLD1","83690",0.52374844581003,7.89519346154021,3.14926257430129e-14
"ENSG00000108700","CCL8","6355",0.372628827032858,7.89480109657174,3.15630068869714e-14
"ENSG00000231920","NEBL-AS1",NA,-0.24472549876472,-7.88607410495449,3.36628318056444e-14
"ENSG00000171766","GATM","2628",-0.399716567089935,-7.88491882816786,3.39304598219585e-14
"ENSG00000224126","UBE2SP2",NA,0.151971133153836,7.88267393071852,3.44791179652201e-14
"ENSG00000108821","COL1A1","1277",-0.308577854738981,-7.88087765668083,3.49195831634956e-14
"ENSG00000164398","ACSL6","23305",0.483343300124786,7.87803885527924,3.56413782781317e-14
"ENSG00000175344","CHRNA7","1139",0.490652815102455,7.86627146446455,3.88780781315981e-14
"ENSG00000261011","RP11-96C23.11",NA,-0.487186274909941,-7.86021049657739,4.06428692414445e-14
"ENSG00000270069","MIR222HG",NA,0.492733763032428,7.84060608813331,4.69819640348945e-14
"ENSG00000135472","FAIM2","23017",-0.394093231680295,-7.84011713664045,4.71201308843787e-14
"ENSG00000255071","SAA2-SAA4","100528017",0.544936378912699,7.83738933043108,4.80502631150548e-14
"ENSG00000134028","ADAMDEC1","27299",0.37011121975334,7.82827834940059,5.13729616825775e-14
"ENSG00000100448","CTSG","1511",-0.451563685658196,-7.82708063011943,5.1795200443273e-14
"ENSG00000102359","SRPX2","27286",-0.279213364150429,-7.82441488970201,5.27919313686342e-14
"ENSG00000179388","EGR3","1960",-0.555281478060725,-7.82399358398769,5.29204548439213e-14
"ENSG00000237515","SHISA9","729993",-0.569658223069708,-7.82355956952068,5.30543032022563e-14
"ENSG00000184564","SLITRK6","84189",-0.57194250094555,-7.82078711320769,5.41176901880594e-14
"ENSG00000198915","RASGEF1A","221002",0.503572658883108,7.81714768445114,5.55575031214652e-14
"ENSG00000204624","PTCHD2","57540",-0.47774078594007,-7.81220726218009,5.75867210736247e-14
"ENSG00000169429","CXCL8","3576",0.465477512763545,7.80640830303472,6.00690535898086e-14
"ENSG00000165124","SVEP1","79987",-0.366251521871419,-7.80479361835479,6.07487131700745e-14
"ENSG00000070526","ST6GALNAC1","55808",-0.441562292383811,-7.80439276321211,6.08872062951254e-14
"ENSG00000092096","SLC22A17","51310",-0.339457381758431,-7.8042640285796,6.09034041535521e-14
"ENSG00000181374","CCL13","6357",0.427810057192035,7.80360321550067,6.11597048708018e-14
"ENSG00000109674","NEIL3","55247",0.241655638296446,7.80103043740448,6.22910800515784e-14
"ENSG00000165929","TC2N","123036",-0.34605400713139,-7.7969893175935,6.41349691093209e-14
"ENSG00000119865","CNRIP1","25927",-0.30434092529063,-7.79372669854734,6.56541468894241e-14
"ENSG00000129437","KLK14","43847",0.705360723696961,7.79182637770841,6.65362993749607e-14
"ENSG00000046889","PREX2","80243",-0.333346268943454,-7.78540533767392,6.97174481785208e-14
"ENSG00000182916","TCEAL7","56849",-0.256848432928263,-7.78454934419675,7.01112193055085e-14
"ENSG00000011465","DCN","1634",-0.317704203762943,-7.78418197736968,7.0253545724017e-14
"ENSG00000101463","SYNDIG1","79953",-0.384455286051782,-7.77993505078943,7.24392771830032e-14
"ENSG00000189221","MAOA","4128",-0.471702159227181,-7.77957065678105,7.25847087458557e-14
"ENSG00000158270","COLEC12","81035",-0.397201284005602,-7.77151844024634,7.69698656420197e-14
"ENSG00000140279","DUOX2","50506",0.368999162980944,7.76699336273909,7.9523982921251e-14
"ENSG00000139329","LUM","4060",-0.26789544026411,-7.76600433568009,8.00507292181675e-14
"ENSG00000166707","ZCCHC18","644353",0.408950581035971,7.76583743551799,8.00947347638863e-14
"ENSG00000172818","OVOL1","5017",-0.200188110632472,-7.76190433552098,8.23912961540838e-14
"ENSG00000130988","RGN","9104",0.421116813115582,7.75226263469736,8.83860772462572e-14
"ENSG00000149451","ADAM33","80332",-0.323643761633189,-7.75015417279803,8.97056935326692e-14
"ENSG00000105877","DNAH11","8701",0.676962159655135,7.74361249469116,9.40584943944431e-14
"ENSG00000103089","FA2H","79152",-0.302610666630286,-7.7420476405628,9.50812295977642e-14
"ENSG00000132932","ATP8A2","51761",-0.497059741718945,-7.74007584181559,9.64025231926413e-14
"ENSG00000269113","TRABD2B","388630",-0.388051610692981,-7.73984601910622,9.65000623336225e-14
"ENSG00000169851","PCDH7","5099",-0.310465636739948,-7.73892188102725,9.70913317727257e-14
"ENSG00000169071","ROR2","4920",-0.303576978902871,-7.73714397355082,9.83002361695677e-14
"ENSG00000123975","CKS2","1164",0.286168268573124,7.72910611031694,1.04200421186374e-13
"ENSG00000244457","ENO1P1","2025",-0.530829902176122,-7.72448456611701,1.07718535893645e-13
"ENSG00000187243","MAGED4B","81557",0.413860130027998,7.72418787957456,1.07880314917964e-13
"ENSG00000102452","NALCN","259232",0.369416030673173,7.72304302103058,1.08716010734389e-13
"ENSG00000165966","PDZRN4","29951",-0.455239854512304,-7.72167491833948,1.09737463422929e-13
"ENSG00000104147","OIP5","11339",0.277286259819295,7.72155591166913,1.09759375266171e-13
"ENSG00000145244","CORIN","10699",-0.496365691663582,-7.71735990867166,1.13109259839122e-13
"ENSG00000175857","GAPT","202309",-0.363110224963525,-7.71235131185349,1.17255159543034e-13
"ENSG00000113396","SLC27A6","28965",0.445726622103779,7.70971249762261,1.19461372770947e-13
"ENSG00000140254","DUOXA1","90527",0.365650883566519,7.70612777465283,1.22553511510239e-13
"ENSG00000243422","RPL23AP49","653236",0.49722394181326,7.70030254023678,1.27800733520578e-13
"ENSG00000263961","C1orf186","440712",0.368647989049677,7.69715173850476,1.30690295611324e-13
"ENSG00000266903","CTB-171A8.1","107985305",-0.488502875556843,-7.69551261365246,1.32176438280807e-13
"ENSG00000154451","GBP5","115362",0.504671491540382,7.69374664551032,1.33803171468501e-13
"ENSG00000280165","PCDH20","64881",-0.525529474243297,-7.69194488231486,1.35485063441346e-13
"ENSG00000254966","RP11-1081L13.4",NA,-0.43118606097778,-7.68830075020958,1.39045590009435e-13
"ENSG00000180155","LYNX1","66004",0.405191058320537,7.68578117640731,1.4153194477257e-13
"ENSG00000176153","GPX2","2877",-0.400516304026263,-7.68228794119991,1.45089108629156e-13
"ENSG00000038295","TLL1","7092",-0.389166808765932,-7.68130177677815,1.4603930047165e-13
"ENSG00000006016","CRLF1","9244",0.434966959940783,7.66994233986903,1.58542328207049e-13
"ENSG00000166510","CCDC68","80323",-0.534832611975877,-7.66457691453818,1.64750966327488e-13
"ENSG00000184985","SORCS2","57537",-0.487820469533711,-7.66438503716317,1.64871607604896e-13
"ENSG00000100739","BDKRB1","623",-0.291907984803116,-7.66175483977771,1.67947358726895e-13
"ENSG00000151948","GLT1D1","144423",0.44869765886372,7.65513000394896,1.76124606946797e-13
"ENSG00000166147","FBN1","2200",-0.401485557299815,-7.6482434813826,1.85045258301215e-13
"ENSG00000165323","FAT3","120114",-0.415917702884453,-7.64325744530032,1.91745197795054e-13
"ENSG00000121207","LRAT","9227",0.543216890417127,7.64090184135225,1.94924879666339e-13
"ENSG00000086991","NOX4","50507",-0.248782181384208,-7.6330527112686,2.06217507977725e-13
"ENSG00000095917","TPSD1","23430",-0.636217709949757,-7.62677307974292,2.15685259153787e-13
"ENSG00000198088","NUP62CL","54830",-0.392726048146602,-7.6246049236988,2.18957695206579e-13
"ENSG00000105737","GRIK5","2901",-0.310799552932314,-7.61817217628532,2.2925503644545e-13
"ENSG00000135451","TROAP","10024",0.293579070966112,7.60896759085373,2.44893143901466e-13
"ENSG00000226197","RP11-536O18.1","105375977",0.420353606036603,7.60489920366112,2.52042592682637e-13
"ENSG00000176490","DIRAS1","148252",0.422036623488288,7.59808358976349,2.64600812602835e-13
"ENSG00000128652","HOXD3","3232",-0.23241410653457,-7.59402701348929,2.72292981907822e-13
"ENSG00000007216","SLC13A2","9058",-0.499724214718397,-7.58164535351277,2.97560350722223e-13
"ENSG00000255686","RP11-227B21.2",NA,-0.464012473410602,-7.57737267232197,3.06672215891236e-13
"ENSG00000221887","HMSD","284293",0.610477709967052,7.57488133362447,3.12025802517317e-13
"ENSG00000172061","LRRC15","131578",-0.315232947369809,-7.56990022648654,3.23219300726648e-13
"ENSG00000087586","AURKA","6790",0.376764405483827,7.56781170739636,3.27904210841054e-13
"ENSG00000273001","RP11-118K6.3","101927824",0.668397796374457,7.54652623564581,3.81926046639154e-13
"ENSG00000189280","GJB5","2709",0.482402879247451,7.54256951189568,3.92606746136796e-13
"ENSG00000269190","FBXO17","115290",0.316717456355324,7.54250510756881,3.92606746136796e-13
"ENSG00000242732","RGAG4","340526",-0.402565409882274,-7.53814693430495,4.04824631184889e-13
"ENSG00000133116","KL","9365",-0.348209705599665,-7.53389024091775,4.16857605687078e-13
"ENSG00000247993","FOXD1-AS1",NA,0.57305399142648,7.53388425072743,4.16857605687078e-13
"ENSG00000146147","MLIP","90523",0.535760482607956,7.53025412903752,4.2757875590785e-13
"ENSG00000078098","FAP","2191",-0.284733985817201,-7.52936135826316,4.30044706446037e-13
"ENSG00000112309","B3GAT2","135152",0.330285796445231,7.5292290101293,4.30172015237042e-13
"ENSG00000234690","AC073283.4","101927043",0.375398832028186,7.5206402823308,4.57195809288931e-13
"ENSG00000145936","KCNMB1","3779",0.337379870970435,7.5140448278836,4.79003191324804e-13
"ENSG00000187955","COL14A1","7373",-0.396290155137734,-7.51216354313506,4.85182820766104e-13
"ENSG00000008735","MAPK8IP2","23542",-0.44446891136556,-7.50982680657095,4.9304573392371e-13
"ENSG00000163431","LMOD1","25802",-0.265879079996606,-7.50958829241068,4.93566633553671e-13
"ENSG00000149927","DOC2A","8448",-0.455892777538392,-7.50619187971113,5.05380829325504e-13
"ENSG00000108381","ASPA","443",-0.365450199159403,-7.50568643335104,5.06881937816939e-13
"ENSG00000268518","CTD-2545M3.8",NA,0.514069151914851,7.50315360943134,5.15765198739507e-13
"ENSG00000180044","C3orf80","401097",-0.282012027470046,-7.50307603305839,5.15765198739507e-13
"ENSG00000160963","COL26A1","136227",0.410195430568624,7.50074812313441,5.24083056266094e-13
"ENSG00000204677","FAM153C","653316",-0.513716085362355,-7.49214503371608,5.56956652558974e-13
"ENSG00000188176","SMTNL2","342527",0.523009268665412,7.49171644182146,5.58302367152321e-13
"ENSG00000162892","IL24","11009",-0.383940923261167,-7.49124002528424,5.59842696493774e-13
"ENSG00000181458","TMEM45A","55076",0.365898747018625,7.4890880804439,5.68145417627074e-13
"ENSG00000130768","SMPDL3B","27293",0.195890508386437,7.48774793277491,5.73237267805716e-13
"ENSG00000102924","CBLN1","869",-0.46630023233374,-7.48270811024964,5.93850212871894e-13
"ENSG00000046604","DSG2","1829",0.1792349768875,7.48092275876105,6.01075039427543e-13
"ENSG00000138160","KIF11","3832",0.281865416858225,7.47515090521608,6.25930847024746e-13
"ENSG00000116035","VAX2","25806",0.374230591086484,7.47109253558434,6.43887180085235e-13
"ENSG00000174640","SLCO2A1","6578",-0.26675275683259,-7.46879720485239,6.54083068769116e-13
"ENSG00000255398","HCAR3","8843",-0.284790323028291,-7.46476763828846,6.72695634667151e-13
"ENSG00000116833","NR5A2","2494",-0.265278039035086,-7.46297756581975,6.80886480753006e-13
"ENSG00000019991","HGF","3082",-0.388177816017279,-7.45825472485299,7.0371251986443e-13
"ENSG00000112214","FHL5","9457",-0.284948982004885,-7.45621993493369,7.13516169480421e-13
"ENSG00000153446","C16orf89","146556",-0.468757478577428,-7.4517786496145,7.35942841326739e-13
"ENSG00000115226","FNDC4","64838",0.275065911461168,7.42846678168406,8.67888922695147e-13
"ENSG00000162975","KCNF1","3754",-0.489466445232536,-7.42641233121664,8.80060614884276e-13
"ENSG00000204442","FAM155A","728215",-0.425258292825997,-7.41296593693231,9.67407769885718e-13
"ENSG00000168243","GNG4","2786",0.456540916837685,7.40969401553243,9.89440049720358e-13
"ENSG00000096006","CRISP3","10321",-0.581488082153558,-7.40920125760234,9.92260425969295e-13
"ENSG00000276842","RP11-713N11.6",NA,-0.506992333529072,-7.40741242512504,1.00425684803924e-12
"ENSG00000168542","COL3A1","1281",-0.263924730578299,-7.40310532280143,1.03466177587707e-12
"ENSG00000164879","CA3","761",0.530768165292853,7.40193460090422,1.04259588259279e-12
"ENSG00000127152","BCL11B","64919",0.461695430918105,7.39947618391765,1.06019762185484e-12
"ENSG00000171219","CDC42BPG","55561",0.186623050111285,7.39821032497535,1.06904336880326e-12
"ENSG00000235946","LL0XNC01-240C2.1",NA,0.543241974391891,7.39645376634575,1.08170643143596e-12
"ENSG00000115339","GALNT3","2591",0.465366829083046,7.39188158125005,1.11650451840462e-12
"ENSG00000272502","RP11-713M15.2",NA,0.347367121348371,7.39109150524256,1.12203635018111e-12
"ENSG00000079841","RIMS1","22999",-0.450618536342469,-7.38635306276453,1.15946973052391e-12
"ENSG00000139209","SLC38A4","55089",-0.421641222657164,-7.3847692125718,1.17175709413146e-12
"ENSG00000173801","JUP","3728",-0.224896958958063,-7.38212513262903,1.19306396420993e-12
"ENSG00000186871","ERCC6L","54821",0.303229271591659,7.38139408585162,1.19847044289433e-12
"ENSG00000232810","TNF","7124",0.360944238733048,7.38101106952747,1.20094946393003e-12
"ENSG00000211896","IGHG1","3500",0.455313285825988,7.37873395436052,1.21958419371162e-12
"ENSG00000058335","RASGRF1","5923",0.366464710332993,7.37864794508444,1.21958419371162e-12
"ENSG00000164691","TAGAP","117289",0.381521323062743,7.37331025401151,1.2655494032655e-12
"ENSG00000173898","SPTBN2","6712",0.356227847744377,7.37006987670609,1.29395812894135e-12
"ENSG00000229953","RP11-284F21.7","126568844",-0.527953673346921,-7.3678828911536,1.31321481754107e-12
"ENSG00000143126","CELSR2","1952",-0.380049556541168,-7.36241909616862,1.3634539388017e-12
"ENSG00000263513","FAM72C","554282",0.443722537520876,7.36237124344814,1.3634539388017e-12
"ENSG00000166396","SERPINB7","8710",0.444788273364992,7.36049439508143,1.38071095130711e-12
"ENSG00000198121","LPAR1","1902",-0.284276750650577,-7.35969186458715,1.38765347718523e-12
"ENSG00000101003","GINS1","9837",0.295129962499226,7.35462476671738,1.43710207642849e-12
"ENSG00000132854","KANK4","163782",0.402388720385335,7.35362445071718,1.44633401187704e-12
"ENSG00000122176","FMOD","2331",-0.336927990681778,-7.35272259709731,1.45461726739321e-12
"ENSG00000169271","HSPB3","8988",0.383436692329456,7.34485386394901,1.53569588096902e-12
"ENSG00000089356","FXYD3","5349",-0.173663329740704,-7.34482548283724,1.53569588096902e-12
"ENSG00000159708","LRRC36","55282",-0.329130183525715,-7.34414648738641,1.542067013563e-12
"ENSG00000144824","PHLDB2","90102",-0.343092892082076,-7.34381702574667,1.54466767404064e-12
"ENSG00000183570","PCBP3","54039",0.42602654964713,7.33965523657045,1.58931540912658e-12
"ENSG00000166428","PLD4","122618",-0.380721397127498,-7.33958028495382,1.58931540912658e-12
"ENSG00000186510","CLCNKA","1187",-0.392222503873638,-7.33322506463273,1.66076183600249e-12
"ENSG00000125144","MT1G","4495",0.446985094996704,7.32696007976591,1.73426665538444e-12
"ENSG00000233493","TMEM238","388564",-0.266795667898967,-7.32428992356639,1.76592282116494e-12
"ENSG00000103067","ESRP2","80004",-0.150912891912535,-7.31761806217397,1.84926163983606e-12
"ENSG00000163273","NPPC","4880",0.519539314571802,7.31601964409197,1.86890456211393e-12
"ENSG00000106624","AEBP1","165",-0.364251018382832,-7.3157934767695,1.87069492490741e-12
"ENSG00000165061","ZMAT4","79698",-0.498600940612195,-7.2976282635094,2.12279057346456e-12
"ENSG00000185306","C12orf56","115749",0.575347489107776,7.29214155756188,2.20433898043465e-12
"ENSG00000169752","NRG4","145957",0.369620878335559,7.28976271331917,2.23985267404575e-12
"ENSG00000154096","THY1","7070",-0.225472698068116,-7.28901557747392,2.25015847208164e-12
"ENSG00000179593","ALOX15B","247",-0.488951495082531,-7.28847917619798,2.25718935982774e-12
"ENSG00000183715","OPCML","4978",-0.392213784868894,-7.28481464826617,2.31420638604995e-12
"ENSG00000169252","ADRB2","154",-0.430875264015239,-7.28344022430759,2.33504487363587e-12
"ENSG00000233117","LINC00702",NA,-0.271573127658077,-7.28166753154305,2.36262130359002e-12
"ENSG00000160588","MPZL3","196264",0.261092551908529,7.27889233364973,2.40728483009369e-12
"ENSG00000133742","CA1","759",0.461565034073378,7.27749206584324,2.4293858327996e-12
"ENSG00000158022","TRIM63","84676",-0.439726821010768,-7.2768265621442,2.43916401631469e-12
"ENSG00000234380","LINC01426","100506385",-0.325672763971309,-7.27529585644753,2.46379231071687e-12
"ENSG00000161681","SHANK1","50944",-0.376580640486951,-7.27378554811217,2.48831185820975e-12
"ENSG00000231793","DOC2GP",NA,0.755660398949835,7.26993348148046,2.55439760981253e-12
"ENSG00000137809","ITGA11","22801",-0.429973962403587,-7.2674389870532,2.5975425450406e-12
"ENSG00000140937","CDH11","1009",-0.329601473009094,-7.26514490300072,2.63772198002893e-12
"ENSG00000183317","EPHA10","284656",-0.290630352196546,-7.26460931219484,2.64593372409987e-12
"ENSG00000083454","P2RX5","5026",0.519493885326504,7.26225335323124,2.68800659274158e-12
"ENSG00000070190","DAPP1","27071",0.3480499696494,7.24678791692558,2.99125090427795e-12
"ENSG00000143387","CTSK","1513",-0.383928734309377,-7.23879771314139,3.15990662166055e-12
"ENSG00000128709","HOXD9","3235",-0.165200427885953,-7.23573522046287,3.22576812472291e-12
"ENSG00000218336","TENM3","55714",-0.363170178891226,-7.23127271059702,3.32509843598073e-12
"ENSG00000180438","TPRXL",NA,0.475364322731967,7.22173143611027,3.55015993874759e-12
"ENSG00000077943","ITGA8","8516",-0.253750961537,-7.21954188165587,3.60217089190225e-12
"ENSG00000130635","COL5A1","1289",-0.332570255667492,-7.20985666941185,3.84946891715245e-12
"ENSG00000102890","ELMO3","79767",-0.283347826620439,-7.20784269897081,3.90104674429319e-12
"ENSG00000196611","MMP1","4312",0.35346167021262,7.20406084879423,4.00190364946815e-12
"ENSG00000179674","ARL14","80117",0.442812076447916,7.20294847036904,4.03030359640653e-12
"ENSG00000154188","ANGPT1","284",0.350856569144918,7.1996449734111,4.12080582694906e-12
"ENSG00000189129","PLAC9","219348",-0.386388100460695,-7.19567330721951,4.2327857669359e-12
"ENSG00000189058","APOD","347",-0.408549962126805,-7.19544761530848,4.23678362215707e-12
"ENSG00000109610","SOD3","6649",0.289269148575722,7.19513351751611,4.24337562558775e-12
"ENSG00000148600","CDHR1","92211",0.428151471555107,7.19462932827653,4.25555966382706e-12
"ENSG00000125780","TGM3","7053",-0.492783515398549,-7.18675868326854,4.48855664689407e-12
"ENSG00000128165","ADM2","79924",0.23566112836358,7.18672607880375,4.48855664689407e-12
"ENSG00000198826","ARHGAP11A","9824",0.371577819136851,7.18145784141986,4.65173486118803e-12
"ENSG00000214290","COLCA2","120376",0.390545182613594,7.17944137749043,4.71394301369686e-12
"ENSG00000051180","RAD51","5888",0.305079248366516,7.17743415516917,4.77666492756176e-12
"ENSG00000162366","PDZK1IP1","10158",0.360507521665083,7.17507516569279,4.85194781523335e-12
"ENSG00000157890","MEGF11","84465",0.452890839243265,7.1719148682854,4.9556609671331e-12
"ENSG00000177363","LRRN4CL","221091",-0.342940083521549,-7.17060972199569,4.99733499290621e-12
"ENSG00000184113","CLDN5","7122",-0.345876776320663,-7.16378011051709,5.2345805769855e-12
"ENSG00000278978","RP11-164P12.5",NA,0.201671462903836,7.16368340384406,5.23487140588851e-12
"ENSG00000198758","EPS8L3","79574",-0.423033991374112,-7.16224831186742,5.28357230248557e-12
"ENSG00000166819","PLIN1","5346",-0.529409207880952,-7.16002653604708,5.36163954700379e-12
"ENSG00000180644","PRF1","5551",0.438046402830447,7.15756043736164,5.44998429372358e-12
"ENSG00000148926","ADM","133",0.424488119827943,7.15011003342307,5.73270098928551e-12
"ENSG00000167281","RBFOX3","146713",0.421056989029419,7.14768153656598,5.82554394150611e-12
"ENSG00000204262","COL5A2","1290",-0.323376220252109,-7.14488813517559,5.93470720131612e-12
"ENSG00000120129","DUSP1","1843",-0.455370777226339,-7.14330297051767,5.99597101509045e-12
"ENSG00000099822","HCN2","610",-0.389177803538791,-7.13649404950942,6.2788010920756e-12
"ENSG00000094963","FMO2","2327",0.356203708010682,7.1326298640555,6.44340989065321e-12
"ENSG00000213886","UBD","10537",0.328276058656037,7.13253444171588,6.4437191315463e-12
"ENSG00000180178","FAR2P1",NA,-0.517454353898413,-7.13035084262216,6.53688770824519e-12
"ENSG00000129173","E2F8","79733",0.274693869010198,7.12306232944993,6.86725624193777e-12
"ENSG00000128342","LIF","3976",0.346750789230808,7.12168289698813,6.92820490014198e-12
"ENSG00000198523","PLN","5350",-0.273895723472833,-7.11876936265741,7.06343550243606e-12
"ENSG00000182168","UNC5C","8633",-0.338694390827963,-7.10915855858351,7.53861232403436e-12
"ENSG00000152467","ZSCAN1","284312",-0.542795767636496,-7.10642572007647,7.67605324242542e-12
"ENSG00000076826","CAMSAP3","57662",-0.151688176056049,-7.10071302146317,7.97660037215061e-12
"ENSG00000111879","FAM184A","79632",0.358904516719226,7.09114609204769,8.50583375522764e-12
"ENSG00000181541","MAB21L2","10586",-0.369800792389173,-7.09112029343225,8.50583375522764e-12
"ENSG00000186847","KRT14","3861",0.424078086372177,7.0854602448701,8.83507742308836e-12
"ENSG00000168329","CX3CR1","1524",-0.44897078110076,-7.07723189557537,9.3387000454778e-12
"ENSG00000162267","ITIH3","3699",-0.31716668497074,-7.07394361673474,9.5443068540448e-12
"ENSG00000182103","FAM181B","220382",0.504676237298302,7.07067810465906,9.75284722896217e-12
"ENSG00000189423","USP32P3",NA,0.445224534156711,7.07033190949562,9.7699677952862e-12
"ENSG00000261105","LMO7-AS1","101927155",0.392913730539853,7.06993773623575,9.79031511308844e-12
"ENSG00000141579","ZNF750","79755",0.248496604044321,7.0694402454245,9.8176029122127e-12
"ENSG00000104808","DHDH","27294",0.341497470821789,7.06884797175097,9.85131594820174e-12
"ENSG00000185739","SRL","6345",-0.287133928403027,-7.06840085967141,9.87539291007259e-12
"ENSG00000170439","METTL7B","196410",0.361234717675046,7.0630607908945,1.02343254478826e-11
"ENSG00000157103","SLC6A1","6529",-0.212113159596012,-7.058021449591,1.05844210085796e-11
"ENSG00000173432","SAA1","6288",0.328396604373933,7.05736518973223,1.06253396004991e-11
"ENSG00000130545","CRB3","92359",-0.128724953313601,-7.05720484695043,1.06305573461112e-11
"ENSG00000134548","SPX","80763",0.509352650644911,7.05579384011991,1.0723440867365e-11
"ENSG00000197646","PDCD1LG2","80380",0.337187388108364,7.05574770027828,1.0723440867365e-11
"ENSG00000141052","MYOCD","93649",-0.342398100618504,-7.05170951302705,1.10148672654271e-11
"ENSG00000135480","KRT7","3855",0.304124055840817,7.05106071369307,1.10568723629746e-11
"ENSG00000131969","ABHD12B","145447",-0.608124813312251,-7.0468151575569,1.13731765977692e-11
"ENSG00000172551","MUCL1","118430",-0.503807128804161,-7.04257297536253,1.16980931154743e-11
"ENSG00000106178","CCL24","6369",0.531717396158516,7.0411773123328,1.18022530450383e-11
"ENSG00000154721","JAM2","58494",-0.305444013641078,-7.0400516011671,1.18855629634694e-11
"ENSG00000115386","REG1A","5967",0.216377488675821,7.03817018086349,1.20308965168868e-11
"ENSG00000163071","SPATA18","132671",-0.393673497288875,-7.03243527010176,1.24999530916107e-11
"ENSG00000114115","RBP1","5947",0.376309204911897,7.02856279549892,1.28243151256312e-11
"ENSG00000163599","CTLA4","1493",0.440406795655385,7.02682537875279,1.29682700630375e-11
"ENSG00000154080","CHST9","83539",0.461211417004267,7.02650603066738,1.29886113088253e-11
"ENSG00000072952","MRVI1","10335",-0.292760792343037,-7.01988542533175,1.35753278252669e-11
"ENSG00000134339","SAA2","6289",0.354400159316718,7.0150293809518,1.40199198309843e-11
"ENSG00000081041","CXCL2","2920",0.516473533689133,7.00897528626205,1.45963883239171e-11
"ENSG00000133256","PDE6B","5158",-0.494257335109502,-7.00595310410308,1.48883899896516e-11
"ENSG00000206195","DUXAP8","503637",0.296399180887238,7.00177978841362,1.53045073275634e-11
"ENSG00000109193","SULT1E1","6783",0.514699409760705,6.99904132248221,1.55805718977747e-11
"ENSG00000092850","TEKT2","27285",-0.444068205213505,-6.99431582012232,1.60753781885869e-11
"ENSG00000278134","RP11-12A20.4",NA,0.633624731315694,6.99217600966584,1.62992135381176e-11
"ENSG00000142731","PLK4","10733",0.301321674644612,6.99073683665536,1.64400624173344e-11
"ENSG00000261069","RP11-701H24.4",NA,-0.507822189351404,-6.99072364005747,1.64400624173344e-11
"ENSG00000255794","RMST","196475",-0.491188649075389,-6.98965767837233,1.6548769784013e-11
"ENSG00000055813","CCDC85A","114800",-0.370292619736625,-6.98243604179217,1.73629921216663e-11
"ENSG00000179750","APOBEC3B","9582",0.367908802761892,6.97992508552808,1.7648429871537e-11
"ENSG00000154258","ABCA9","10350",-0.355669769002813,-6.97680552842786,1.80120427798414e-11
"ENSG00000125798","FOXA2","3170",0.304272474766332,6.96456838529258,1.95442741983979e-11
"ENSG00000077152","UBE2T","29089",0.317761313727168,6.96426852844538,1.95721580126762e-11
"ENSG00000122585","NPY","4852",0.388456841196977,6.96375502427458,1.96282223463931e-11
"ENSG00000016602","CLCA4","22802",0.421659638095848,6.9610672585356,1.99738532914379e-11
"ENSG00000141576","RNF157","114804",-0.399700769317981,-6.96032930652953,2.00612510836267e-11
"ENSG00000102271","KLHL4","56062",-0.318724621381191,-6.95664403629453,2.05514337018538e-11
"ENSG00000008323","PLEKHG6","55200",0.216881963066411,6.95581116177705,2.0654463855117e-11
"ENSG00000277050","RP11-102G14.1",NA,-0.343206879251604,-6.94741526011481,2.18375709605022e-11
"ENSG00000269235","ZNF350-AS1","101669766",-0.51758591284059,-6.94617584774843,2.20067828942587e-11
"ENSG00000180806","HOXC9","3225",-0.148527315851282,-6.93447598711444,2.37858975035573e-11
"ENSG00000198756","COLGALT2","23127",0.357734994999879,6.93435483961185,2.37912697401485e-11
"ENSG00000151067","CACNA1C","775",-0.306324539143329,-6.9309131450295,2.43310602762096e-11
"ENSG00000106018","VIPR2","7434",-0.538337940962434,-6.93042330709223,2.43966350866378e-11
"ENSG00000111110","PPM1H","57460",-0.380749276616244,-6.93016169989732,2.44250888678459e-11
"ENSG00000117152","RGS4","5999",-0.303457674308092,-6.928560124274,2.46736330296366e-11
"ENSG00000279192","PWAR5","8123",-0.49670435710318,-6.92689136747876,2.49358562071765e-11
"ENSG00000186310","NAP1L3","4675",-0.269808713672983,-6.92512126377651,2.52118830346998e-11
"ENSG00000113231","PDE8B","8622",-0.392838133971383,-6.92506977742906,2.52118830346998e-11
"ENSG00000171208","NETO2","81831",0.439113799026758,6.91915689799117,2.62123266469766e-11
"ENSG00000173762","CD7","924",0.44448536930922,6.9180306285808,2.63948282461222e-11
"ENSG00000127954","STEAP4","79689",-0.438767698400379,-6.91783818011848,2.64134064040394e-11
"ENSG00000105219","CNTD2","79935",-0.505460777660972,-6.91316995847952,2.72334960998e-11
"ENSG00000178033","FAM26E","254228",-0.290602892648694,-6.91023081536067,2.77566235043091e-11
"ENSG00000144285","SCN1A","6323",0.479554349280094,6.90912267586777,2.7935254465821e-11
"ENSG00000197506","SLC28A3","64078",0.429467620649338,6.90909502347957,2.7935254465821e-11
"ENSG00000171631","P2RY6","5031",0.32572451642069,6.90834812723931,2.80584755474457e-11
"ENSG00000100170","SLC5A1","6523",0.441595933386925,6.90018941916624,2.96093206757875e-11
"ENSG00000173546","CSPG4","1464",0.284099882107721,6.89764823006012,3.00973189925376e-11
"ENSG00000119681","LTBP2","4053",-0.298512606701858,-6.89293687331787,3.10383577995675e-11
"ENSG00000104435","STMN2","11075",-0.272237297513196,-6.89110201137881,3.1401522117722e-11
"ENSG00000169562","GJB1","2705",-0.390482963160077,-6.87936467700377,3.39308036725283e-11
"ENSG00000175567","UCP2","7351",-0.323937358643129,-6.87875940315996,3.40478633043061e-11
"ENSG00000105523","FAM83E","54854",-0.397882367445537,-6.87791591844381,3.42194377446887e-11
"ENSG00000164736","SOX17","64321",-0.212471058423098,-6.87666277477564,3.44855793630445e-11
"ENSG00000277013","CTC-526N19.1",NA,-0.337835329886313,-6.87490824941752,3.48696682261002e-11
"ENSG00000109321","AREG","374",-0.472003286424783,-6.87425285449195,3.50015826504707e-11
"ENSG00000196569","LAMA2","3908",-0.337311078103494,-6.86820868146684,3.64134016305816e-11
"ENSG00000134258","VTCN1","79679",0.351149355902271,6.86809065637298,3.64209609812746e-11
"ENSG00000137872","SEMA6D","80031",-0.34837451293426,-6.86656170630061,3.67711308149349e-11
"ENSG00000139438","FAM222A","84915",-0.337702274246544,-6.86619910389961,3.68385027183106e-11
"ENSG00000131471","AOC3","8639",-0.28482046200699,-6.86428280787704,3.72882907554113e-11
"ENSG00000112299","VNN1","8876",0.291794499625573,6.86388973490046,3.73641587823294e-11
"ENSG00000169427","KCNK9","51305",0.439364293470184,6.86175782072167,3.78743558925152e-11
"ENSG00000241362","RPL36AP43",NA,-0.50313212924297,-6.8538040271461,3.99012353276346e-11
"ENSG00000197822","OCLN","100506658",-0.276249187021926,-6.85230187046491,4.02770718355315e-11
"ENSG00000080709","KCNN2","3781",-0.210222127238001,-6.85141615148257,4.04907857149675e-11
"ENSG00000128564","VGF","7425",0.415560460585917,6.84797899801123,4.13989502085336e-11
"ENSG00000169946","ZFPM2","23414",-0.302578954876919,-6.83999869228256,4.36182021182492e-11
"ENSG00000139292","LGR5","8549",0.388545098702438,6.82582104521493,4.78734253349195e-11
"ENSG00000236279","CLEC2L","154790",0.444939128851896,6.82478678882979,4.81737747334852e-11
"ENSG00000170837","GPR27","2850",-0.344423532544155,-6.8221977724287,4.89758074386866e-11
"ENSG00000139352","ASCL1","429",-0.671421415234704,-6.82194083331621,4.90308922187183e-11
"ENSG00000248144","ADH1C","126",-0.442998009348005,-6.81944037671137,4.9817819295602e-11
"ENSG00000213937","CLDN9","9080",0.374564136840955,6.81919354017506,4.98705316960712e-11
"ENSG00000178372","CALML5","51806",0.416434935682126,6.8189600455731,4.99189213674685e-11
"ENSG00000181634","TNFSF15","9966",0.316632720581097,6.81645277998127,5.07221141793995e-11
"ENSG00000137812","CASC5","57082",0.251693014651996,6.8124895440918,5.20348368315939e-11
"ENSG00000275155","CTD-2595P9.4",NA,-0.550726277140923,-6.80687917894101,5.39630091894494e-11
"ENSG00000198753","PLXNB3","5365",0.279034016646222,6.80671214946806,5.39916778287984e-11
"ENSG00000160111","CPAMD8","27151",0.44276110686312,6.80272612109177,5.53956102986968e-11
"ENSG00000186462","NAP1L2","4674",-0.400611780071338,-6.79840841923778,5.69594471059219e-11
"ENSG00000118729","CASQ2","845",-0.311964809338492,-6.79810338356391,5.70414492350676e-11
"ENSG00000157087","ATP2B2","491",0.385297767313276,6.79793908713688,5.70707318026182e-11
"ENSG00000144868","TMEM108","66000",0.370667257051035,6.79334552909585,5.87874124406227e-11
"ENSG00000019505","SYT13","57586",-0.508763069118034,-6.79201767148521,5.92691331461451e-11
"ENSG00000110400","PVRL1","5818",0.263574860710925,6.78509104784396,6.19932333107814e-11
"ENSG00000167971","CASKIN1","57524",-0.29829923399806,-6.78044510110928,6.38768767866847e-11
"ENSG00000248668","OXCT1-AS1","100874002",0.432671063903976,6.77546091795782,6.59627631981162e-11
"ENSG00000168497","SDPR","8436",-0.430910661206099,-6.77028975199558,6.81989103150257e-11
"ENSG00000225210","DUXAP9",NA,0.295013451592648,6.76438767464416,7.08476684162252e-11
"ENSG00000185615","PDIA2","64714",0.493410603016776,6.76402842875682,7.09744519262917e-11
"ENSG00000196169","KIF19","124602",0.467434100568476,6.76330571707612,7.12709114557209e-11
"ENSG00000173267","SNCG","6623",-0.382971387191488,-6.75921600514682,7.316359823679e-11
"ENSG00000162552","WNT4","54361",-0.40675405701286,-6.73189244385515,8.74140099794885e-11
"ENSG00000231439","WASIR2","100132169",-0.42405038326368,-6.70505567091305,1.04045573344967e-10
"ENSG00000110777","POU2AF1","5450",0.443145484388703,6.70389198929161,1.04776455713192e-10
"ENSG00000179603","GRM8","2918",-0.220320157800874,-6.70082196394155,1.06827381905359e-10
"ENSG00000148702","HABP2","3026",-0.440052090217598,-6.68953856968199,1.14881410138301e-10
"ENSG00000138435","CHRNA1","1134",-0.271609003976768,-6.68780532972793,1.16114925197384e-10
"ENSG00000250934","RP11-71E19.1","105374088",0.45881161424133,6.68042380903358,1.21737766774799e-10
"ENSG00000271503","CCL5","6352",0.366464510871902,6.67608810192756,1.25134950531511e-10
"ENSG00000120820","GLT8D2","83468",-0.337498140794018,-6.67409217735158,1.2669150520553e-10
"ENSG00000065609","SNAP91","9892",0.401223649978842,6.67374337557278,1.2690670094785e-10
"ENSG00000112186","CAP2","10486",-0.269351567514858,-6.67146167524626,1.28722735688209e-10
"ENSG00000139970","RTN1","6252",-0.364469203526703,-6.6707762062652,1.2922260219776e-10
"ENSG00000132677","RHBG","57127",-0.315140685631264,-6.66092989921253,1.37641911478393e-10
"ENSG00000230838","AC093850.2","105373869",-0.224447853247258,-6.65967942781175,1.38681107352364e-10
"ENSG00000188613","NANOS1","340719",0.411100839708855,6.65547183892153,1.42422839460627e-10
"ENSG00000171502","COL24A1","255631",-0.285005004899451,-6.65523016544485,1.42565580391289e-10
"ENSG00000180875","GREM2","64388",-0.375179734622428,-6.65253063853995,1.44991482740535e-10
"ENSG00000240253","FAR2P3","100288897",-0.534085264881896,-6.64113252481198,1.55967985742282e-10
"ENSG00000153246","PLA2R1","22925",-0.201755509339669,-6.63668032066103,1.60418540825495e-10
"ENSG00000113389","NPR3","4883",0.370454604974497,6.62689528993731,1.70755575341922e-10
"ENSG00000011677","GABRA3","2556",0.496537091599005,6.61301689560618,1.86587441634601e-10
"ENSG00000206077","ZDHHC11B","653082",-0.423851429914338,-6.60806635381604,1.9250669142482e-10
"ENSG00000144031","ANKRD53","79998",0.382784750587305,6.60789238656922,1.92614477220964e-10
"ENSG00000204403","CASP12","100506742",-0.426823546698315,-6.60763293866454,1.9282815012525e-10
"ENSG00000114757","PEX5L","51555",-0.473555357108325,-6.60716702865215,1.93298090362123e-10
"ENSG00000177807","KCNJ10","3766",0.295712454136114,6.59279374839678,2.11842632155919e-10
"ENSG00000151388","ADAMTS12","81792",-0.263328425881768,-6.5923234504181,2.12363786166902e-10
"ENSG00000138722","MMRN1","22915",-0.444264751518257,-6.59167292101312,2.13132160379836e-10
"ENSG00000109182","CWH43","80157",0.464152251300194,6.58915080632526,2.16482521659852e-10
"ENSG00000109625","CPZ","8532",-0.261391012776366,-6.58224744300672,2.26136604789524e-10
"ENSG00000225125","RANP4",NA,-0.364206994801402,-6.58206799189659,2.26270867727438e-10
"ENSG00000023171","GRAMD1B","57476",0.309272604889216,6.5768823681661,2.33770924234112e-10
"ENSG00000236081","ELFN1-AS1","101927125",0.552347134365152,6.5757427466423,2.35349794760708e-10
"ENSG00000054938","CHRDL2","25884",0.410544177388292,6.56815084500284,2.469098201299e-10
"ENSG00000228412","RP4-625H18.2","100506885",0.467811546102106,6.56253373653082,2.55782115685441e-10
"ENSG00000170312","CDK1","983",0.253306440982037,6.55728495821999,2.64344725157471e-10
"ENSG00000091656","ZFHX4","79776",-0.30956875402544,-6.55707098693759,2.64559395642066e-10
"ENSG00000169903","TM4SF4","7104",0.369396585578247,6.55431807736277,2.69094884350144e-10
"ENSG00000137265","IRF4","3662",0.42317135519296,6.54811897743269,2.79781753462108e-10
"ENSG00000172379","ARNT2","9915",-0.355409895022622,-6.52713470346674,3.19552453470836e-10
"ENSG00000255399","TBX5-AS1","255480",-0.193994301230311,-6.52408697014049,3.2561750533968e-10
"ENSG00000171533","MAP6","4135",-0.269214586345508,-6.5230539143809,3.2757941381974e-10
"ENSG00000257660","RP11-579D7.4","100506125",-0.305117916928127,-6.51914279557193,3.35627146921774e-10
"ENSG00000249096","RP11-290F5.1",NA,0.542443250748588,6.51841051512577,3.37004473457698e-10
"ENSG00000081818","PCDHB4","56131",-0.29800043645109,-6.51715106011304,3.3952085867899e-10
"ENSG00000114923","SLC4A3","6508",0.25887048362756,6.51403826073665,3.46099359602124e-10
"ENSG00000228221","LINC00578","100505566",-0.363159666840397,-6.5138042960536,3.46422698982088e-10
"ENSG00000169248","CXCL11","6373",0.291025597439981,6.50430077540611,3.67721801544686e-10
"ENSG00000189433","GJB4","127534",0.413235963528596,6.5028810017596,3.70838684647674e-10
"ENSG00000013725","CD6","923",0.361693656584833,6.50253974736399,3.71436864434659e-10
"ENSG00000204071","TCEAL6","158931",-0.353744435978346,-6.49664048595997,3.85354088243467e-10
"ENSG00000276980","CTD-3128G10.7",NA,0.306257388112193,6.49599623735813,3.86715676133869e-10
"ENSG00000124466","LYPD3","27076",-0.233682913789461,-6.493689926841,3.92182663047465e-10
"ENSG00000105929","ATP6V0A4","50617",0.423361347748587,6.4857234010693,4.12208157217395e-10
"ENSG00000088320","REM1","28954",0.237624442958726,6.48234610760787,4.20863937402899e-10
"ENSG00000178343","SHISA3","152573",0.435314067850571,6.48045258056309,4.256921933757e-10
"ENSG00000167772","ANGPTL4","51129",0.409255143830846,6.47806698583913,4.31913748984105e-10
"ENSG00000105971","CAV2","858",0.254417323590249,6.47780082565562,4.32403469418199e-10
"ENSG00000158815","FGF17","8822",0.444576489686892,6.47412033102509,4.42318966763761e-10
"ENSG00000134398","ERN2","10595",0.401900484269731,6.47218289377711,4.47511925994305e-10
"ENSG00000182866","LCK","3932",0.359261555679369,6.47103662583382,4.50512016101075e-10
"ENSG00000172005","MAL","4118",0.367055962481965,6.47006243790808,4.53040177899979e-10
"ENSG00000227471","AKR1B15","441282",0.402363481109079,6.46728568789329,4.60787025832463e-10
"ENSG00000113209","PCDHB5","26167",-0.348780741212578,-6.46487701085553,4.67578117379771e-10
"ENSG00000064309","CDON","50937",-0.360893371243579,-6.46313868992069,4.72468388470634e-10
"ENSG00000243244","STON1","11037",0.329941609671016,6.45751366728121,4.89232640069348e-10
"ENSG00000198483","ANKRD35","148741",0.333027749875794,6.45651605135543,4.9204590344639e-10
"ENSG00000171517","LPAR3","23566",0.375096656302075,6.4356181705882,5.60784449273534e-10
"ENSG00000205002","AARD","441376",0.366886136404807,6.43528783160772,5.61642903445166e-10
"ENSG00000137285","TUBB2B","347733",0.330225170470067,6.43508875540285,5.62039729685649e-10
"ENSG00000170955","PRKCDBP","112464",0.231864490779773,6.43497903080099,5.62121776323654e-10
"ENSG00000177575","CD163","9332",0.282671198538147,6.4240953976741,6.01490244175182e-10
"ENSG00000167779","IGFBP6","3489",-0.225057769285464,-6.42284974532721,6.05873734882593e-10
"ENSG00000130413","STK33","65975",0.412074886500491,6.42074643144161,6.13575229695375e-10
"ENSG00000139626","ITGB7","3695",0.383284243022885,6.42056086678835,6.13956207370574e-10
"ENSG00000221946","FXYD7","53822",0.40994048130922,6.41968907521905,6.1698291715961e-10
"ENSG00000279561","RP11-4L24.4","100132249",-0.325774124160802,-6.41838658100936,6.21698352773696e-10
"ENSG00000174740","PABPC5","140886",-0.293786473396537,-6.41672520486222,6.27857803726319e-10
"ENSG00000137727","ARHGAP20","57569",-0.299517403770285,-6.40681817570699,6.67631717832444e-10
"ENSG00000230804","C2orf27AP3",NA,0.549160639136855,6.406590300292,6.68222468331199e-10
"ENSG00000081479","LRP2","4036",-0.387662672976738,-6.40421013486385,6.77869985384197e-10
"ENSG00000163958","ZDHHC19","131540",0.53267533520874,6.40249395640214,6.84807567529437e-10
"ENSG00000121966","CXCR4","7852",0.261822848076605,6.40158691654244,6.88327365077688e-10
"ENSG00000172116","CD8B","926",0.4009786490252,6.401219487895,6.89537274944083e-10
"ENSG00000158089","GALNT14","79623",0.385979694045943,6.40016646905993,6.93713211596735e-10
"ENSG00000104415","WISP1","8840",-0.271754792497953,-6.40007271443836,6.9374609155361e-10
"ENSG00000170345","FOS","2353",-0.46987446398609,-6.39602965811194,7.11096863768697e-10
"ENSG00000165891","E2F7","144455",0.269129216562699,6.39567859124466,7.12273660916383e-10
"ENSG00000099960","SLC7A4","6545",-0.652247425794096,-6.39468640745477,7.1631262576718e-10
"ENSG00000225978","HAR1A",NA,-0.532587890563922,-6.39220026911562,7.27119511165526e-10
"ENSG00000014257","ACPP","55",-0.231860718685994,-6.39156779494639,7.2960217277332e-10
"ENSG00000170298","LGALS9B","284194",-0.505749905549848,-6.38572289970008,7.56275604526735e-10
"ENSG00000108691","CCL2","6347",0.279333515348096,6.38152528052635,7.75900360439945e-10
"ENSG00000100253","MIOX","55586",0.359806583583602,6.37652692752087,8.00000567164445e-10
"ENSG00000204335","SP5","389058",-0.514953855941785,-6.37329366346352,8.15654364343021e-10
"ENSG00000150672","DLG2","1740",-0.293822084990064,-6.37324110361052,8.15654364343021e-10
"ENSG00000103647","CORO2B","10391",-0.257715341942611,-6.37258614835176,8.1854693243764e-10
"ENSG00000164850","GPER1","2852",-0.470999877706026,-6.36602292331969,8.52190981428462e-10
"ENSG00000205364","MT1M","4499",0.266303375085735,6.36304726367131,8.67633167212609e-10
"ENSG00000178538","CA8","767",-0.470183589948158,-6.35990818597802,8.84245846192751e-10
"ENSG00000102466","FGF14","2259",-0.325269312019749,-6.35764586811939,8.96277335600133e-10
"ENSG00000173068","BNC2","54796",-0.302322450867873,-6.35284546822045,9.2289142287007e-10
"ENSG00000259969","RP11-999E24.3",NA,-0.32198461960889,-6.35185857333643,9.2806471091016e-10
"ENSG00000179148","ALOXE3","59344",-0.332817801836358,-6.34318468950887,9.78821377860474e-10
"ENSG00000143816","WNT9A","7483",-0.296806029942864,-6.33446582819693,1.03257610192361e-09
"ENSG00000158125","XDH","7498",0.284642531921751,6.32264899172375,1.11026977456694e-09
"ENSG00000163082","SGPP2","130367",0.396060426235962,6.31549065294971,1.15984080332332e-09
"ENSG00000162913","C1orf145","574407",0.331264467387186,6.31165122665035,1.18702057702763e-09
"ENSG00000237187","NR2F1-AS1","441094",-0.231662927769043,-6.304902453413,1.23681014326802e-09
"ENSG00000138685","FGF2","2247",0.356722883170648,6.29722631856476,1.29601917447081e-09
"ENSG00000105374","NKG7","4818",0.368995829215944,6.29217263736535,1.33626073089768e-09
"ENSG00000268621","AC006262.5","645553",0.469402501809007,6.2896391877199,1.35653207277464e-09
"ENSG00000151006","PRSS53","339105",0.330443032903744,6.28948720780988,1.35708091886104e-09
"ENSG00000159263","SIM2","6493",0.462693624458131,6.28877918312865,1.36228161714917e-09
"ENSG00000164330","EBF1","1879",-0.285326791616557,-6.28741335316978,1.3730452857275e-09
"ENSG00000182732","RGS6","9628",0.418847277630014,6.28664054228538,1.37885539953022e-09
"ENSG00000073150","PANX2","56666",0.398161442652093,6.28154169863,1.42200164341604e-09
"ENSG00000087510","TFAP2C","7022",0.166488096462144,6.28025026561386,1.43257148223067e-09
"ENSG00000255085","AF186192.5",NA,-0.381243801467491,-6.27898079342757,1.44302358977776e-09
"ENSG00000211662","IGLV3-21","28796",0.335562593815919,6.27554222097293,1.47303983280532e-09
"ENSG00000183018","SPNS2","124976",0.339780832927317,6.27120766603113,1.51195557461342e-09
"ENSG00000149596","JPH2","57158",0.299221415724632,6.27065507804991,1.51628987919996e-09
"ENSG00000122824","NUDT10","170685",-0.326973879659771,-6.26984616458328,1.52302970590887e-09
"ENSG00000171357","LURAP1","541468",-0.273785844385103,-6.26859472567719,1.53395711020698e-09
"ENSG00000153292","ADGRF1","266977",0.366639623349528,6.26624804348609,1.55537230767617e-09
"ENSG00000147647","DPYS","1807",0.385202845702028,6.26330594408877,1.58284565576401e-09
"ENSG00000177181","RIMKLA","284716",-0.375024606306979,-6.26136684931744,1.60092425112406e-09
"ENSG00000177301","KCNA2","3737",0.358320561543262,6.25618634161789,1.65166997155159e-09
"ENSG00000250366","TUNAR","100507043",0.461358567909143,6.25177156127993,1.69602062852843e-09
"ENSG00000166482","MFAP4","4239",-0.346140361269162,-6.25102775298422,1.70286213596327e-09
"ENSG00000225864","HCG4P11",NA,0.600343165156135,6.24876179122524,1.72572567798456e-09
"ENSG00000188060","RAB42","115273",0.251015705519853,6.24830455861448,1.72965033933171e-09
"ENSG00000241644","INMT","11185",-0.309784933717995,-6.24613818696968,1.75179828335987e-09
"ENSG00000178826","TMEM139","135932",0.420225622274253,6.24400990496258,1.77381021421198e-09
"ENSG00000197380","DACT3","147906",-0.253135945112444,-6.23441765239263,1.8798681919301e-09
"ENSG00000275097","RP11-627K11.6",NA,0.413986096253982,6.23101417127414,1.91831985387479e-09
"ENSG00000230630","DNM3OS",NA,-0.284795566126257,-6.22395174743033,2.0017021428679e-09
"ENSG00000185269","NOTUM","147111",0.326569916551412,6.22034094078054,2.04516707034544e-09
"ENSG00000162692","VCAM1","7412",0.270834320812099,6.22022282520104,2.04556895461975e-09
"ENSG00000079689","SCGN","10590",-0.479072212085413,-6.21756717367734,2.07784202800684e-09
"ENSG00000101977","MCF2","4168",0.406994248736879,6.21650270694636,2.09026266579315e-09
"ENSG00000144810","COL8A1","1295",-0.251312144619313,-6.21003724823482,2.17302583620765e-09
"ENSG00000108846","ABCC3","8714",-0.28764490130828,-6.20941263235237,2.18016048893514e-09
"ENSG00000134057","CCNB1","891",0.244368608749362,6.20708055495406,2.21015219514616e-09
"ENSG00000250120","PCDHA10","56139",-0.426119643169902,-6.2040991244155,2.24940886414317e-09
"ENSG00000183807","FAM162B","221303",-0.258101521977051,-6.20380332158663,2.25228291902715e-09
"ENSG00000237988","OR2I1P","442197",0.324198236554474,6.19557747310308,2.36646358964558e-09
"ENSG00000121858","TNFSF10","8743",-0.34542259390326,-6.19239616089705,2.41135192353653e-09
"ENSG00000108242","CYP2C18","1562",0.33954283221428,6.1891454490483,2.45810590575479e-09
"ENSG00000157150","TIMP4","7079",-0.415546057424804,-6.1723134049038,2.72061304978403e-09
"ENSG00000140274","DUOXA2","405753",0.34722496830316,6.16679117625943,2.81157383370892e-09
"ENSG00000162981","FAM84A","151354",0.267319849952741,6.16378689767238,2.86162164645336e-09
"ENSG00000004799","PDK4","5166",-0.318926283187973,-6.16269157130443,2.87913382493649e-09
"ENSG00000132970","WASF3","10810",0.281775276905899,6.15364600581923,3.03923119730432e-09
"ENSG00000158055","GRHL3","57822",0.249279543386238,6.15335311757477,3.04302969551768e-09
"ENSG00000170373","CST1","1469",-0.328791360641867,-6.15170069230346,3.07193489797043e-09
"ENSG00000169594","BNC1","646",0.329303179160181,6.14753681700554,3.14844414524109e-09
"ENSG00000187116","LILRA5","353514",0.26046029774223,6.14171717964032,3.25917250340186e-09
"ENSG00000276409","CCL14","6358",-0.332895581365453,-6.13621792244838,3.36719709002367e-09
"ENSG00000104112","SCG3","29106",0.390935576930518,6.13139388436627,3.46460933962531e-09
"ENSG00000183160","TMEM119","338773",-0.281932567817654,-6.13129819270004,3.4648123253726e-09
"ENSG00000178445","GLDC","2731",0.456202848387641,6.13098628435468,3.46952694986225e-09
"ENSG00000100526","CDKN3","1033",0.267777444166534,6.12696328489432,3.55267253434694e-09
"ENSG00000198948","MFAP3L","9848",0.33574391674889,6.12643129561829,3.56221543011815e-09
"ENSG00000168078","PBK","55872",0.197036794284674,6.11834447328851,3.73767533384309e-09
"ENSG00000119125","GDA","9615",0.336359825932694,6.11461410891871,3.82036757688029e-09
"ENSG00000008277","ADAM22","53616",-0.335682040968605,-6.11433696245692,3.82475600224093e-09
"ENSG00000233098","CCDC144NL-AS1","339260",-0.294289216054358,-6.11242284953227,3.86695517335149e-09
"ENSG00000163736","PPBP","5473",0.434551964946651,6.10976899358575,3.92699711652742e-09
"ENSG00000253661","ZFHX4-AS1","100192378",-0.304020697747059,-6.10832264059236,3.95917467718116e-09
"ENSG00000115008","IL1A","3552",0.269458050950153,6.10817554921227,3.96063046056452e-09
"ENSG00000103449","SALL1","6299",-0.233269792322103,-6.10358339017262,4.06909543702372e-09
"ENSG00000085265","FCN1","2219",0.415521367418177,6.10195491794135,4.10688866018713e-09
"ENSG00000113368","LMNB1","4001",0.255180154728282,6.10067590027631,4.1363560394174e-09
"ENSG00000213578","CPLX3","594855",0.388371307711012,6.09766283421632,4.20952162938158e-09
"ENSG00000244056","RN7SL417P","107080636",0.443092346943822,6.0907447009503,4.38523788508074e-09
"ENSG00000135083","CCNJL","79616",0.353715897689026,6.09001279754911,4.40222150314715e-09
"ENSG00000165269","AQP7","364",-0.463256507666811,-6.08964832027977,4.40956837360023e-09
"ENSG00000107562","CXCL12","6387",-0.272767469294332,-6.08440925982981,4.54755821283081e-09
"ENSG00000272279","RP11-157J24.2","102723944",0.462285705550499,6.07807235363762,4.7206071640976e-09
"ENSG00000133962","CATSPERB","79820",-0.302501466162547,-6.07682573988923,4.75344327160174e-09
"ENSG00000277639","RP11-295M3.4","105371267",0.308031785817443,6.07353180854377,4.8453516632997e-09
"ENSG00000136244","IL6","3569",0.398100788106545,6.07335618941726,4.84795272451856e-09
"ENSG00000179242","CDH4","1002",0.327642586311321,6.06594922062456,5.0643425204735e-09
"ENSG00000160321","ZNF208","7757",-0.357483100950681,-6.06509674498841,5.0875433008887e-09
"ENSG00000115523","GNLY","10578",0.409430992732207,6.06392766475823,5.1205012361752e-09
"ENSG00000149256","TENM4","26011",-0.284819656949744,-6.05979445679005,5.24548175284002e-09
"ENSG00000145147","SLIT2","9353",-0.251835655756431,-6.05956312309945,5.25003549472673e-09
"ENSG00000131386","GALNT15","117248",-0.259407338240053,-6.05921134195655,5.25836501719402e-09
"ENSG00000171476","HOPX","84525",-0.231954462634124,-6.05100777529522,5.51868200526803e-09
"ENSG00000259772","RP11-16E12.2","283710",0.456820105387051,6.04824456722567,5.60726869961438e-09
"ENSG00000221955","SLC12A8","84561",0.175079401711965,6.0454164940509,5.69943873650486e-09
"ENSG00000015413","DPEP1","1800",-0.242932415771726,-6.04301193185653,5.77852677747708e-09
"ENSG00000154262","ABCA6","23460",-0.274668608064445,-6.04259317173642,5.7899772028875e-09
"ENSG00000187672","ERC2","26059",0.336398947194506,6.03982854567776,5.88285763580709e-09
"ENSG00000241484","ARHGAP8","23779",-0.15354769740797,-6.03826872050879,5.93458731183581e-09
"ENSG00000135378","PRRG4","79056",-0.200746229701331,-6.03331230562426,6.10867016562331e-09
"ENSG00000243650","RN7SL834P","106481148",-0.420122277840366,-6.03263254565688,6.13024533009861e-09
"ENSG00000214548","MEG3","55384",-0.218018018125645,-6.03177500064581,6.15838747433932e-09
"ENSG00000118004","COLEC11","78989",0.323260067309638,6.03094854304006,6.18551584021544e-09
"ENSG00000135333","EPHA7","2045",0.346895638651335,6.02686183011705,6.33403072352311e-09
"ENSG00000164440","TXLNB","167838",-0.308852588280837,-6.02661783864572,6.33998684706834e-09
"ENSG00000164379","FOXQ1","94234",0.298016199542545,6.02583354913264,6.36630554237436e-09
"ENSG00000163823","CCR1","1230",0.296617227498322,6.02334397356378,6.457657997078e-09
"ENSG00000255277","ABCC6P2",NA,-0.442538188196264,-6.01971517109301,6.59463198511655e-09
"ENSG00000115290","GRB14","2888",0.512713429140725,6.01938739052207,6.6041060239383e-09
"ENSG00000215914","MMP23A",NA,-0.33082898005319,-6.01592570292457,6.73743987375731e-09
"ENSG00000134873","CLDN10","9071",0.414639064690247,6.01403855528985,6.80966494655454e-09
"ENSG00000117983","MUC5B","727897",0.450901565249207,6.01290607974871,6.8519863856402e-09
"ENSG00000160801","PTH1R","5745",-0.270026178945514,-6.01127158654094,6.91506801299451e-09
"ENSG00000198759","EGFL6","25975",0.224608920384881,6.0094667137792,6.98575074250433e-09
"ENSG00000094796","KRT31","3881",-0.46829224234367,-6.00438835448107,7.19500112116747e-09
"ENSG00000157927","RADIL","55698",-0.350977691194579,-6.00207799382127,7.29020727078399e-09
"ENSG00000050767","COL23A1","91522",0.272432308683028,6.0003613735082,7.36078851885238e-09
"ENSG00000106034","CPED1","79974",-0.308883296835968,-5.99379647620297,7.64776485348808e-09
"ENSG00000087494","PTHLH","5744",-0.31334562194521,-5.99170781901503,7.73868033238826e-09
"ENSG00000006747","SCIN","85477",-0.30323456099687,-5.99031115239454,7.79876317081738e-09
"ENSG00000181847","TIGIT","201633",0.368199064873607,5.98902706971387,7.85408648535636e-09
"ENSG00000274444","RP11-128A17.2",NA,0.399788308042474,5.98401702224299,8.08538862472537e-09
"ENSG00000197632","SERPINB2","5055",0.411943071701796,5.9828284479304,8.13811345692303e-09
"ENSG00000228748","RP13-39P12.3",NA,-0.389562675135704,-5.97595416576224,8.46998230744801e-09
"ENSG00000109819","PPARGC1A","10891",0.361719614962809,5.97501739058569,8.51252903152072e-09
"ENSG00000264299","RP11-680F20.12",NA,-0.292687156602662,-5.97046141177447,8.73934196346085e-09
"ENSG00000170571","EMB","133418",-0.34218405948004,-5.96797110135012,8.86378427272894e-09
"ENSG00000126218","F10","2159",-0.247664730196692,-5.96046001581455,9.25545857398055e-09
"ENSG00000130303","BST2","684",-0.413603584850486,-5.96044000541294,9.25545857398055e-09
"ENSG00000279833","RP4-742C19.13",NA,-0.318458196019381,-5.9581924622778,9.37369101683211e-09
"ENSG00000171916","LGALS9C","654346",-0.416849626381086,-5.95500470442831,9.54590701856689e-09
"ENSG00000259153","RP6-65G23.3","100506411",-0.145580847380304,-5.95384276506858,9.6063930782414e-09
"ENSG00000005187","ACSM3","6296",0.243895330174339,5.95248312642042,9.6784683250537e-09
"ENSG00000189410","SH2D5","400745",0.35302264312245,5.9497315945687,9.8309667954967e-09
"ENSG00000254665","RP11-152H18.3",NA,0.586302193289045,5.9326068436663,1.08623018202391e-08
"ENSG00000160161","CILP2","148113",-0.312043854771432,-5.93131536545287,1.09391775026104e-08
"ENSG00000143297","FCRL5","83416",0.389823863853411,5.9287586739071,1.10983498885933e-08
"ENSG00000124766","SOX4","6659",0.21369027735751,5.92663103261869,1.12315904706546e-08
"ENSG00000225969","ABHD11-AS1",NA,-0.261481924015983,-5.92476747374066,1.13488716587177e-08
"ENSG00000144712","CAND2","23066",0.365091236948619,5.92177558530488,1.15431400979698e-08
"ENSG00000189057","FAM111B","374393",0.201158903628191,5.92123212089734,1.15740623271811e-08
"ENSG00000203710","CR1","1378",0.427361255484902,5.91510391149348,1.19894524566599e-08
"ENSG00000272482","RP11-474O21.5",NA,0.480583389010788,5.91390239158287,1.2067760208588e-08
"ENSG00000080573","COL5A3","50509",-0.260798014818884,-5.90664793999261,1.25826783127308e-08
"ENSG00000262061","RP11-1260E13.4","100506388",-0.311931568438731,-5.90428090146902,1.27510103847991e-08
"ENSG00000154734","ADAMTS1","9510",0.26633339320028,5.90316373273054,1.28278572321899e-08
"ENSG00000206052","DOK6","220164",-0.315700488058818,-5.9021644647602,1.28963025187571e-08
"ENSG00000168032","ENTPD3","956",-0.300000266858668,-5.90025879834082,1.3033679676064e-08
"ENSG00000137203","TFAP2A","7020",-0.136946109686718,-5.88985903442265,1.38393692760881e-08
"ENSG00000215784","FAM72D","728833",0.303201703980029,5.88474988515528,1.42426487698504e-08
"ENSG00000104967","NOVA2","4858",-0.176053552808447,-5.88474347395325,1.42426487698504e-08
"ENSG00000165449","SLC16A9","220963",-0.315829579378886,-5.88298127086642,1.43819900281609e-08
"ENSG00000142748","FCN3","8547",0.190704245920814,5.88173002074101,1.44796590473415e-08
"ENSG00000173930","SLCO4C1","353189",0.302562451511102,5.88030314967745,1.45928385455566e-08
"ENSG00000164695","CHMP4C","92421",0.151977638950846,5.87195091028317,1.53094551013969e-08
"ENSG00000211677","IGLC2","3538",0.324361280418313,5.87149773427217,1.53421372965489e-08
"ENSG00000164128","NPY1R","4886",-0.537857919437166,-5.87091178541482,1.53867234759579e-08
"ENSG00000172346","CSDC2","27254",-0.286043703368082,-5.86943168934756,1.55115846787087e-08
"ENSG00000100842","EFS","10278",0.237953047214396,5.8626330038022,1.61264376355936e-08
"ENSG00000251546","IGKV1D-39","28893",0.312254186229861,5.8609889646623,1.62725665979846e-08
"ENSG00000211673","IGLV3-1",NA,0.31677788223026,5.85659652100446,1.6683063449234e-08
"ENSG00000171848","RRM2","6241",0.204500861829223,5.85547658370641,1.67831742527405e-08
"ENSG00000168477","TNXB","7148",-0.327606601303748,-5.84984598791619,1.73297125363954e-08
"ENSG00000060558","GNA15","2769",0.241045566178263,5.84712292509544,1.75957397127445e-08
"ENSG00000272505","RP11-981G7.6",NA,0.379891929032626,5.84679333082981,1.76205936008899e-08
"ENSG00000081853","PCDHGA2","56113",-0.375185112547837,-5.83548571899836,1.87990930657115e-08
"ENSG00000180525","PRR26","414235",0.314446345824944,5.83512771766933,1.88286762366135e-08
"ENSG00000198848","CES1","1066",-0.292201702162516,-5.8344312535078,1.88951298885184e-08
"ENSG00000167759","KLK13","26085",0.421713299488697,5.83108690946422,1.92533001095491e-08
"ENSG00000256812","CAPNS2","84290",0.38643397129687,5.82965323210679,1.94034234463989e-08
"ENSG00000129521","EGLN3","112399",-0.291226479489833,-5.82749173338992,1.96368005249274e-08
"ENSG00000277586","NEFL","4747",-0.332381195359541,-5.81951417771953,2.0549069237073e-08
"ENSG00000248596","RP11-844P9.2","643201",0.438488563952767,5.8112291892286,2.15405467027717e-08
"ENSG00000130643","CALY","50632",-0.404968746727442,-5.80831041118384,2.18905941948463e-08
"ENSG00000211651","IGLV1-44","28823",0.302297240869135,5.80825130077919,2.18905941948463e-08
"ENSG00000104723","TUSC3","7991",0.24096721297967,5.80249824580634,2.26142338419588e-08
"ENSG00000102575","ACP5","54",-0.223155078764025,-5.80094703050258,2.28051632126268e-08
"ENSG00000179399","GPC5","2262",0.423172733978368,5.79622919588706,2.34079102220894e-08
"ENSG00000139155","SLCO1C1","53919",-0.287032997951699,-5.79622571027572,2.34079102220894e-08
"ENSG00000147465","STAR","6770",0.349170822833812,5.79612754463455,2.34096560168032e-08
"ENSG00000111674","ENO2","2026",-0.342712876534761,-5.79544510192069,2.34899145765536e-08
"ENSG00000144057","ST6GAL2","84620",-0.254808180848117,-5.78867635397504,2.44064043854527e-08
"ENSG00000158008","EXTL1","2134",0.29587442245818,5.78786973226315,2.45073953825805e-08
"ENSG00000165828","PRAP1","118471",0.482753516967438,5.7856471943238,2.48089722030329e-08
"ENSG00000257084","U47924.27","105369635",-0.0985435297012555,-5.78110542180682,2.54494349770758e-08
"ENSG00000147257","GPC3","2719",-0.312571051267614,-5.7800885496595,2.55776131868815e-08
"ENSG00000175265","GOLGA8A","23015",0.357577381785308,5.78005644238782,2.55776131868815e-08
"ENSG00000279809","AC005538.3",NA,0.438683751785993,5.77741275084588,2.59543819133596e-08
"ENSG00000043039","BARX2","8538",0.224563472070062,5.77699761376146,2.60033837357698e-08
"ENSG00000164488","DACT2","168002",0.357045569944295,5.77604748682341,2.61322292904776e-08
"ENSG00000126895","AVPR2","554",-0.346619345066782,-5.7754590234232,2.62075017436051e-08
"ENSG00000196878","LAMB3","3914",0.297872994373048,5.76322830051342,2.8088538577642e-08
"ENSG00000128714","HOXD13","3239",0.323243245442307,5.75930637938849,2.8709611248458e-08
"ENSG00000213519","AC132008.1","100271010",-0.478551275571409,-5.7561431870187,2.92175065249329e-08
"ENSG00000133392","MYH11","4629",-0.266483771696493,-5.75554913872195,2.93023296865832e-08
"ENSG00000159167","STC1","6781",-0.300540250026418,-5.75125611699142,3.00128089527235e-08
"ENSG00000147488","ST18","9705",0.297124643765669,5.74812664584282,3.0537251122916e-08
"ENSG00000189334","S100A14","57402",-0.22854151455443,-5.74480159601326,3.11051734973385e-08
"ENSG00000204060","FOXO6","100132074",-0.2553178352256,-5.73959400266719,3.2024097920954e-08
"ENSG00000104213","PDGFRL","5157",-0.230525960136711,-5.73887211606879,3.21401668503322e-08
"ENSG00000100721","TCL1A","8115",0.408943853033016,5.73825724602421,3.22370475214916e-08
"ENSG00000152503","TRIM36","55521",-0.379739254055316,-5.73798563008657,3.22712389698749e-08
"ENSG00000166670","MMP10","4319",-0.29615155087957,-5.72935957998154,3.3874333802175e-08
"ENSG00000211897","IGHG3","3502",0.317671560680294,5.72261167114355,3.51784428480622e-08
"ENSG00000115353","TACR1","6869",0.390991631022707,5.7218720526979,3.53091594368723e-08
"ENSG00000149557","FEZ1","9638",-0.208350550543553,-5.72144765266666,3.53771170115416e-08
"ENSG00000073350","LLGL2","3993",-0.197643266165397,-5.71728043034155,3.62046081375094e-08
"ENSG00000120057","SFRP5","6425",0.406148281762639,5.71418009552612,3.68278872213256e-08
"ENSG00000143341","HMCN1","83872",-0.254769820663252,-5.71216733858033,3.72318125638728e-08
"ENSG00000189159","HN1","51155",0.26885700613059,5.70986536780895,3.77016651323458e-08
"ENSG00000254245","PCDHGA3","56112",-0.315060884513522,-5.70583839329298,3.8551384685753e-08
"ENSG00000165376","CLDN2","9075",0.271741863746186,5.70198949075861,3.93800799293697e-08
"ENSG00000011347","SYT7","9066",-0.214844512155173,-5.69730559673828,4.04161452038873e-08
"ENSG00000211679","IGLC3","3539",0.307389302405878,5.69711987415746,4.04391243726949e-08
"ENSG00000018280","SLC11A1","6556",0.27050425861135,5.69482833424905,4.09458642193753e-08
"ENSG00000147655","RSPO2","340419",0.345611856296185,5.69427181148999,4.10549527180535e-08
"ENSG00000166402","TUB","7275",0.262306993163021,5.69093399526472,4.18152109587014e-08
"ENSG00000145287","PLAC8","51316",0.331228881697893,5.68683764076586,4.27716159063349e-08
"ENSG00000211592","IGKC","3514",0.328908519300813,5.68570106824073,4.30258394261572e-08
"ENSG00000234431","AC007283.5",NA,0.217793061913146,5.6854084711558,4.30762141671819e-08
"ENSG00000182795","C1orf116","79098",0.284670848097254,5.68349219095354,4.35229539019997e-08
"ENSG00000116771","AGMAT","79814",0.196794119272893,5.68107365541861,4.40987423598532e-08
"ENSG00000197083","ZNF300P1",NA,-0.257657298666807,-5.6805786903199,4.42006869326036e-08
"ENSG00000168004","HRASLS5","117245",-0.411291332000007,-5.67763099053534,4.49187666155846e-08
"ENSG00000176956","LY6H","4062",-0.227869974729712,-5.67337859073598,4.59844063325333e-08
"ENSG00000182472","CAPN12","147968",0.310854413976684,5.66525730571094,4.81091439144809e-08
"ENSG00000175318","GRAMD2","196996",0.338678075299835,5.66330191372002,4.86172003926745e-08
"ENSG00000169469","SPRR1B","6699",0.371627555890744,5.66285392095915,4.87109736875758e-08
"ENSG00000127564","PKMYT1","9088",0.255924765360761,5.66278898232673,4.87109736875758e-08
"ENSG00000163221","S100A12","6283",0.459066372115638,5.66236146819504,4.88047898107017e-08
"ENSG00000141744","PNMT","5409",-0.496614398213874,-5.66182843250284,4.89277673870825e-08
"ENSG00000175121","WFDC5","149708",0.350210864633292,5.66162360890624,4.89607583770205e-08
"ENSG00000122223","CD244","51744",0.291213240471877,5.66141080214255,4.89959766900676e-08
"ENSG00000153157","SYCP2L","221711",0.391849509972593,5.65291768166696,5.13626173149409e-08
"ENSG00000162676","GFI1","2672",0.333414767730881,5.65175886641415,5.1672811656457e-08
"ENSG00000166823","MESP1","55897",0.43598135384144,5.64648362931874,5.319769516563e-08
"ENSG00000169282","KCNAB1","7881",0.253825944411821,5.64580650293551,5.3360471974377e-08
"ENSG00000076864","RAP1GAP","5909",-0.217532665885512,-5.6457686382785,5.3360471974377e-08
"ENSG00000221947","XKR9","389668",0.412567066033373,5.6447685642201,5.36347011039777e-08
"ENSG00000272573","MUSTN1","389125",-0.440611846871525,-5.6408690519201,5.47923586158201e-08
"ENSG00000143382","ADAMTSL4","54507",0.270080263194589,5.63685967089794,5.6008683475612e-08
"ENSG00000122367","LDB3","11155",-0.190888015681186,-5.63388872049354,5.69198797265484e-08
"ENSG00000166415","WDR72","256764",-0.407461601405322,-5.63197356738787,5.75052046729598e-08
"ENSG00000164920","OSR2","116039",-0.238462344730207,-5.63118228905153,5.77327149490067e-08
"ENSG00000164142","FAM160A1","729830",0.203595056865483,5.62879764962829,5.84793221859085e-08
"ENSG00000101049","SGK2","10110",-0.366283674148222,-5.62793226607949,5.87348885476782e-08
"ENSG00000183346","C10orf107","219621",-0.332652814686564,-5.62777577211491,5.87584759263942e-08
"ENSG00000182379","NXPH4","11247",0.308676910660286,5.62729543803879,5.88884866066751e-08
"ENSG00000120756","PLS1","5357",-0.236928556326889,-5.62052194527526,6.11285520934021e-08
"ENSG00000188906","LRRK2","120892",-0.304171436145044,-5.62023883839937,6.11962867155881e-08
"ENSG00000145920","CPLX2","10814",-0.395256943634054,-5.61990656921604,6.12809081998637e-08
"ENSG00000124785","NRN1","51299",0.233599219718446,5.61906166163953,6.15413619787914e-08
"ENSG00000100162","CENPM","79019",0.194730718036147,5.61628635236619,6.2471687460407e-08
"ENSG00000162069","CCDC64B","146439",-0.128247169624444,-5.61584352284797,6.2596610317843e-08
"ENSG00000166407","LMO1","4004",0.436698509276075,5.61434162461721,6.30931143025772e-08
"ENSG00000137804","NUSAP1","51203",0.230154085885933,5.61165521854784,6.40145022471783e-08
"ENSG00000148848","ADAM12","8038",-0.25574187750621,-5.60470599395363,6.65085864123164e-08
"ENSG00000134363","FST","10468",-0.271737874000172,-5.60414336586739,6.66857824878835e-08
"ENSG00000136826","KLF4","9314",-0.285839091469488,-5.60121162555409,6.77504585079272e-08
"ENSG00000171798","KNDC1","85442",-0.518739282163497,-5.5998488805268,6.8233800259831e-08
"ENSG00000114790","ARHGEF26","26084",-0.225397903634334,-5.59628000428876,6.95683736252608e-08
"ENSG00000079931","MOXD1","26002",0.267117674041145,5.59319835874334,7.07365845494222e-08
"ENSG00000128482","RNF112","7732",0.245890848223485,5.5861161424068,7.35387453865658e-08
"ENSG00000182389","CACNB4","785",-0.331384289806167,-5.58556704325447,7.37285664060813e-08
"ENSG00000072571","HMMR","3161",0.216616806277511,5.58231891149772,7.50337826086972e-08
"ENSG00000128262","POM121L9P",NA,0.275001494947819,5.57942658026434,7.62109799049176e-08
"ENSG00000144152","FBLN7","129804",-0.261788922563624,-5.5787124578388,7.64774204541893e-08
"ENSG00000142677","IL22RA1","58985",0.250670815754495,5.57836332583598,7.65897012604382e-08
"ENSG00000009950","MLXIPL","51085",-0.279157239075732,-5.57519749810657,7.79085289862342e-08
"ENSG00000165238","WNK2","65268",0.218223948749888,5.57205880469531,7.92374900981253e-08
"ENSG00000054690","PLEKHH1","57475",-0.221954303345034,-5.57193892960764,7.92530615129443e-08
"ENSG00000154545","MAGED4","728239",0.403737455179947,5.57075700139976,7.97360692795184e-08
"ENSG00000235142","RP1-60O19.1","100422737",0.322784799746491,5.56990743613271,8.00745128103113e-08
"ENSG00000102683","SGCG","6445",-0.368206251952532,-5.5663003791825,8.16505884910802e-08
"ENSG00000135100","HNF1A","6927",-0.340042906002656,-5.55588046780256,8.64505841966218e-08
"ENSG00000171812","COL8A2","1296",-0.315316573065372,-5.55540446577451,8.66377353613793e-08
"ENSG00000115194","SLC30A3","7781",0.348958659959455,5.55502867757755,8.67604565757088e-08
"ENSG00000025423","HSD17B6","8630",-0.186654983075426,-5.55497942205244,8.67604565757088e-08
"ENSG00000183114","FAM43B","163933",-0.226301822194998,-5.55416079010173,8.71129374188694e-08
"ENSG00000197614","MFAP5","8076",-0.203938991015856,-5.55339486040226,8.74413754059399e-08
"ENSG00000129159","KCNC1","3746",-0.388271935351885,-5.54397967522852,9.20598972372699e-08
"ENSG00000146267","FAXC","84553",0.151080523551157,5.54229954751029,9.28731354753764e-08
"ENSG00000147588","PMP2","5375",0.256318825550684,5.54017577862769,9.39226160960284e-08
"ENSG00000180581","SRP9P1",NA,-0.211689676512027,-5.53948412583643,9.42373701536895e-08
"ENSG00000177494","ZBED2","79413",0.27137147958298,5.53758506056736,9.51839674946797e-08
"ENSG00000171951","SCG2","7857",-0.228224655334852,-5.52949712881394,9.94699645826206e-08
"ENSG00000185760","KCNQ5","56479",0.336046685549456,5.5161241999774,1.07003233473697e-07
"ENSG00000227755","AP000344.4",NA,0.390442153747113,5.51534321342847,1.07413005510789e-07
"ENSG00000162873","KLHDC8A","55220",0.18719573070538,5.51261530318685,1.08982074283757e-07
"ENSG00000204253","HNRNPCP2",NA,-0.119069618002085,-5.51250102508128,1.08999918633282e-07
"ENSG00000124731","TREM1","54210",0.264329366750109,5.51148700356215,1.09557058405895e-07
"ENSG00000211598","IGKV4-1","28908",0.28106794649687,5.51047765663675,1.10109095346385e-07
"ENSG00000166920","C15orf48","84419",-0.213295060965111,-5.51040168789998,1.10109095346385e-07
"ENSG00000260027","HOXB7","3217",-0.186207812013615,-5.51023636142136,1.1015802197092e-07
"ENSG00000151917","BEND6","221336",0.227834331240978,5.5069912065298,1.12083241503242e-07
"ENSG00000183671","GPR1","2825",-0.283912256447598,-5.50666091336163,1.12234449766659e-07
"ENSG00000172955","ADH6","130",0.375618266892921,5.5047625222102,1.13355559793724e-07
"ENSG00000052344","PRSS8","5652",-0.114848422429123,-5.50284270797248,1.14500966956943e-07
"ENSG00000143375","CGN","57530",-0.176231595813086,-5.49737098394415,1.17927999201082e-07
"ENSG00000120055","C10orf95","79946",-0.203438978820166,-5.48824635843318,1.23903558995725e-07
"ENSG00000189350","FAM179A","165186",0.419929666088524,5.48615263041466,1.25271118243529e-07
"ENSG00000130475","FCHO1","23149",0.337276681814909,5.48520477189445,1.25863312736144e-07
"ENSG00000103034","NDRG4","65009",0.222498516450795,5.48491151202911,1.26007025474735e-07
"ENSG00000119514","GALNT12","79695",0.301075542849096,5.48341556163866,1.26982039151657e-07
"ENSG00000136014","USP44","84101",0.347205716812425,5.4812408037525,1.28439343307364e-07
"ENSG00000228278","ORM2","5005",0.410231372262378,5.47426343650045,1.33360433219949e-07
"ENSG00000238039","AF011889.2",NA,-0.412203229303243,-5.46967112512095,1.36677196500128e-07
"ENSG00000018236","CNTN1","1272",-0.265381738970056,-5.46905430183619,1.37074238393076e-07
"ENSG00000092607","TBX15","6913",-0.183390102176915,-5.46770984695166,1.38018270458127e-07
"ENSG00000273623","TP53TG1_1",NA,-0.398973303075325,-5.46624260788945,1.39061547720115e-07
"ENSG00000161905","ALOX15","246",-0.381982042159951,-5.46156878858781,1.42578866256799e-07
"ENSG00000140488","CELF6","60677",-0.33077611722357,-5.46147462215325,1.4258655227179e-07
"ENSG00000089225","TBX5","6910",-0.148431870051283,-5.46020468392014,1.43509217309686e-07
"ENSG00000227644","HIGD1AP11",NA,-0.444521921191751,-5.4573022550121,1.4572550552742e-07
"ENSG00000267128","RP11-449J21.5","100507218",-0.31246027411396,-5.45466012374275,1.47765797610765e-07
"ENSG00000241351","IGKV3-11","28914",0.30715267373978,5.45352607489997,1.48611183986137e-07
"ENSG00000105011","ASF1B","55723",0.17812340430343,5.45232181221276,1.49518291294901e-07
"ENSG00000120471","TP53AIP1","63970",-0.265903317894665,-5.44775171702718,1.53205352027521e-07
"ENSG00000146038","DCDC2","51473",-0.350083624367147,-5.44729071588696,1.53519053182527e-07
"ENSG00000272511","RP11-180N14.1",NA,-0.305378429218489,-5.44528680653346,1.55126904068104e-07
"ENSG00000113805","CNTN3","5067",-0.278610776958538,-5.44340924023646,1.56643684751117e-07
"ENSG00000171877","FRMD5","84978",0.242864171223211,5.44187897587238,1.57877204552805e-07
"ENSG00000125726","CD70","970",0.242521378267329,5.43938403127009,1.59954539454285e-07
"ENSG00000217801","RP11-465B22.3",NA,-0.226890383100736,-5.43642249566327,1.62468622661883e-07
"ENSG00000119888","EPCAM","4072",0.100206912826003,5.43538962854168,1.63305946883895e-07
"ENSG00000100985","MMP9","4318",0.269234503987823,5.43114349154325,1.67028808561481e-07
"ENSG00000111863","ADTRP","84830",0.279705978716195,5.43083580458292,1.67231119523079e-07
"ENSG00000163701","IL17RE","132014",0.362651865167998,5.42923151576047,1.68612938582666e-07
"ENSG00000121316","PLBD1","79887",0.251387191370323,5.42864005023808,1.69076618362196e-07
"ENSG00000161682","FAM171A2","284069",0.26633555839072,5.42559926303427,1.718031662424e-07
"ENSG00000163083","INHBB","3625",-0.276507889545384,-5.42249317276628,1.74633957971177e-07
"ENSG00000184911","DMRTC1B","728656",-0.357737360525704,-5.41914730911876,1.77740076684375e-07
"ENSG00000280323","AC053503.12",NA,0.182976721476924,5.41600708203788,1.80698922477199e-07
"ENSG00000186399","GOLGA8R","101059918",-0.34198306810484,-5.41292047059187,1.83652322997681e-07
"ENSG00000157152","SYN2","6854",0.304357747539188,5.41210306302193,1.84380759782084e-07
"ENSG00000243069","ARHGEF26-AS1","100507524",0.216705079424486,5.4098247302887,1.86577061762013e-07
"ENSG00000167900","TK1","7083",0.222761652087144,5.40941108796425,1.86909182191952e-07
"ENSG00000203805","PPAPDC1A","196051",-0.234023588359867,-5.40729554964093,1.88921797199869e-07
"ENSG00000271894","RP11-482H16.1",NA,-0.314920149883115,-5.40725760716732,1.88921797199869e-07
"ENSG00000116783","TNNI3K","51086",-0.388665744101275,-5.40643678981847,1.89674051841028e-07
"ENSG00000164708","PGAM2","5224",-0.381920164799899,-5.40488491623007,1.91181274140763e-07
"ENSG00000180061","TMEM150B","284417",0.248012037214596,5.40254824076161,1.9351688233457e-07
"ENSG00000154319","FAM167A","83648",-0.262380168466479,-5.40013921639781,1.95956489605745e-07
"ENSG00000275302","CCL4","6351",0.244066659806029,5.39969112550726,1.96341331705757e-07
"ENSG00000273179","RP11-20I20.4",NA,0.343507546403943,5.39915598323261,1.96819196607124e-07
"ENSG00000103316","CRYM","1428",-0.409767567974708,-5.39906969540185,1.96821831463665e-07
"ENSG00000163131","CTSS","1520",0.273233018437825,5.39870135472978,1.97123726605718e-07
"ENSG00000152253","SPC25","57405",0.164918636371573,5.39710366183813,1.98695499020102e-07
"ENSG00000156103","MMP16","4325",-0.277995240586557,-5.39705908381073,1.98695499020102e-07
"ENSG00000172031","EPHX4","253152",0.310674996746944,5.39284919516211,2.03157683959008e-07
"ENSG00000142494","SLC47A1","55244",-0.255908160206781,-5.39203763812975,2.03954816687046e-07
"ENSG00000186919","ZACN","353174",-0.435098405312523,-5.38993249796238,2.06184594048507e-07
"ENSG00000182013","PNMAL1","55228",0.267630951024577,5.38588035868538,2.1063092519107e-07
"ENSG00000135119","RNFT2","84900",0.249058752206329,5.38577270204848,2.10658068380571e-07
"ENSG00000110675","ELMOD1","55531",-0.236082308139562,-5.38522011558611,2.11189632178323e-07
"ENSG00000211959","IGHV4-39","28394",0.308887236098254,5.38232708788875,2.14401512535698e-07
"ENSG00000119969","HELLS","3070",0.226185647557312,5.38212193759799,2.14541519044412e-07
"ENSG00000136514","RTP4","64108",0.357106183861099,5.38127845951409,2.1541891504682e-07
"ENSG00000204632","HLA-G","3135",0.354260288510124,5.38114970900213,2.15471207375798e-07
"ENSG00000130054","FAM155B","27112",-0.286348964676717,-5.37688540926729,2.20362046709626e-07
"ENSG00000272114","RP1-261G23.7",NA,0.212199213397146,5.36810565808643,2.30882308937364e-07
"ENSG00000135476","ESPL1","9700",0.219440510005968,5.36768151802957,2.31304000936907e-07
"ENSG00000036530","CYP46A1","10858",-0.216301874697112,-5.36578814726675,2.33557734050379e-07
"ENSG00000151572","ANO4","121601",0.306053938044416,5.36079540401103,2.39778805419282e-07
"ENSG00000150625","GPM6A","2823",-0.35731270411983,-5.35937148590798,2.41504999853983e-07
"ENSG00000231475","IGHV4-31","28398",0.338818911890658,5.35691091116938,2.44595968816091e-07
"ENSG00000254829","RP11-7I15.3",NA,0.432221594814659,5.35391576069083,2.48434327548577e-07
"ENSG00000172461","FUT9","10690",0.349278927714492,5.34885036202494,2.55137673103805e-07
"ENSG00000161405","IKZF3","22806",0.321478079129318,5.34590397136435,2.59068641286744e-07
"ENSG00000256340","ABCC6P1",NA,-0.368571648754287,-5.34241090324137,2.6382683419914e-07
"ENSG00000236304","AP001189.4","139355198",-0.339017396579277,-5.34216139835215,2.64060464340611e-07
"ENSG00000088726","TMEM40","55287",0.295121811933776,5.34045837893341,2.66351982010331e-07
"ENSG00000087250","MT3","4504",0.386715032127837,5.33742361957868,2.7057757606537e-07
"ENSG00000185985","SLITRK2","84631",0.261391117777974,5.33589835551619,2.72665338823409e-07
"ENSG00000131747","TOP2A","7153",0.195889796072828,5.33230836847239,2.77808471177882e-07
"ENSG00000141469","SLC14A1","6563",-0.307563051296983,-5.33126659532539,2.79230177224085e-07
"ENSG00000176092","AIM1L","55057",0.184518715934479,5.33094738264959,2.79580893186971e-07
"ENSG00000198914","POU3F3","5455",0.286254484711062,5.32917573642264,2.82105804034811e-07
"ENSG00000169291","SHE","126669",-0.217953711962408,-5.32525041829184,2.87934550826966e-07
"ENSG00000007314","SCN4A","6329",-0.263155297940213,-5.3248458949765,2.88426792479181e-07
"ENSG00000248485","PCP4L1","654790",0.350822050136041,5.31756931102754,2.9967375738267e-07
"ENSG00000184221","OLIG1","116448",0.37104673336088,5.31515107958901,3.03414653556311e-07
"ENSG00000167037","SGSM1","129049",-0.273183799075922,-5.31490144372355,3.036824695337e-07
"ENSG00000171227","TMEM37","140738",-0.187559697070734,-5.30859002455422,3.13892740810408e-07
"ENSG00000130037","KCNA5","3741",-0.262990662084411,-5.30753761541263,3.15510665885756e-07
"ENSG00000117650","NEK2","4751",0.155016493332631,5.30612682759184,3.17740205629184e-07
"ENSG00000280411","IGHV1-69-2","102723169",0.291188482762943,5.29978495920425,3.28460412610223e-07
"ENSG00000182901","RGS7","6000",-0.316503183665219,-5.29870823148385,3.30193488096277e-07
"ENSG00000105251","SHD","56961",0.339374677943392,5.29857185336664,3.30285891789462e-07
"ENSG00000197444","OGDHL","55753",0.325346856300507,5.29435690002689,3.37592769406571e-07
"ENSG00000102837","OLFM4","10562",0.427504730844837,5.29290218793473,3.40052212969769e-07
"ENSG00000118271","TTR","7276",-0.320618513265096,-5.29168019649328,3.42107409380681e-07
"ENSG00000177108","ZDHHC22","283576",-0.349675361723949,-5.28971617684791,3.45528523371959e-07
"ENSG00000156510","HKDC1","80201",0.326909892228461,5.2878771597624,3.48752094965305e-07
"ENSG00000136732","GYPC","2995",0.236130917743756,5.28292923364307,3.57837273631769e-07
"ENSG00000259495","RP11-210M15.2","101929560",-0.310101323217426,-5.28236459422626,3.58748182134333e-07
"ENSG00000204869","IGFL4","444882",-0.328300031778133,-5.28131556100043,3.6058302303246e-07
"ENSG00000167208","SNX20","124460",0.279020705033119,5.27873324708059,3.65373892788409e-07
"ENSG00000243466","IGKV1-5","28299",0.268439615503949,5.27733389368879,3.67921436161405e-07
"ENSG00000227507","LTB","4050",0.370666786746029,5.27365911085851,3.74962014518885e-07
"ENSG00000270885","RASL10B","91608",0.257359672329519,5.26925656271499,3.83602128810093e-07
"ENSG00000090382","LYZ","4069",0.265294927380853,5.26886250082259,3.8423077144203e-07
"ENSG00000147168","IL2RG","3561",0.289183471292407,5.26814450080632,3.85518271508559e-07
"ENSG00000126778","SIX1","6495",-0.292473982123931,-5.26801040529923,3.85621238129817e-07
"ENSG00000198734","F5","2153",0.23597768773554,5.26400420578514,3.9367586793785e-07
"ENSG00000033122","LRRC7","57554",0.228346319223305,5.26331640392147,3.94931215004615e-07
"ENSG00000164181","ELOVL7","79993",0.2881622851632,5.25996441405479,4.01787718661468e-07
"ENSG00000186493","C5orf38",NA,-0.192400508535053,-5.25880110357548,4.04078227393279e-07
"ENSG00000132692","BCAN","63827",0.245620445936941,5.25446842845421,4.13214343365155e-07
"ENSG00000017427","IGF1","3479",-0.293557105960841,-5.25328802470662,4.15605183676223e-07
"ENSG00000130540","SULT4A1","25830",0.374471158351264,5.25069038802351,4.2113540849728e-07
"ENSG00000110203","FOLR3","2352",0.392751167288272,5.24720478642616,4.28732219478498e-07
"ENSG00000261115","TMEM178B","100507421",0.363859142520603,5.2452311391183,4.33010065547164e-07
"ENSG00000188389","PDCD1","5133",0.344401762116548,5.24497790602885,4.3339645387759e-07
"ENSG00000183186","C2CD4C","126567",-0.300394504731721,-5.24212738510637,4.39738773912973e-07
"ENSG00000101276","SLC52A3","113278",-0.203488406161074,-5.23678389979785,4.52043437934887e-07
"ENSG00000154027","AK5","26289",-0.324741078488498,-5.2304543073203,4.67087784324483e-07
"ENSG00000145708","CRHBP","1393",-0.282587224380085,-5.22923759397363,4.69868743399967e-07
"ENSG00000106689","LHX2","9355",0.280780842911728,5.22860505541038,4.71221961996998e-07
"ENSG00000154760","SLFN13","146857",0.402953670444697,5.22054093350955,4.91320326942787e-07
"ENSG00000154065","ANKRD29","147463",-0.292184551953899,-5.21577350011376,5.03499867166425e-07
"ENSG00000127903","ZNF835","90485",-0.335003290583507,-5.21537247435804,5.04335979626793e-07
"ENSG00000262655","SPON1","10418",-0.279117308159433,-5.21202702146671,5.13003738790355e-07
"ENSG00000036672","USP2","9099",0.271910954709611,5.21192638543308,5.13049683644451e-07
"ENSG00000262877","RP11-1055B8.4",NA,-0.362158374014143,-5.20787944094006,5.23776287698882e-07
"ENSG00000112276","BVES","11149",0.222472729984298,5.20451025936173,5.32832699719331e-07
"ENSG00000203867","RBM20","282996",-0.356644695885799,-5.20391063697512,5.34269017110006e-07
"ENSG00000211966","IGHV5-51","28388",0.270582988914525,5.2034528750711,5.35312969427978e-07
"ENSG00000154269","ENPP3","5169",-0.297674900792271,-5.19944142390602,5.46387955637396e-07
"ENSG00000262943","ALOX12P2",NA,0.439401330495473,5.19848486663652,5.48879590964728e-07
"ENSG00000164120","HPGD","3248",-0.37494255535867,-5.19741980935194,5.51694013899674e-07
"ENSG00000267748","CTB-102L5.4",NA,0.275650938157119,5.19616591409946,5.55068120110701e-07
"ENSG00000177133","LINC00982","440556",-0.270014497900693,-5.19003057793853,5.72834458325966e-07
"ENSG00000250264","XXbac-BPG246D15.9",NA,0.354692186097623,5.18163914591928,5.98121885646466e-07
"ENSG00000181690","PLAG1","5324",0.351228198898421,5.18140499581632,5.98590196442904e-07
"ENSG00000259417","LINC01314","100996492",-0.252655247360067,-5.18047765326524,6.0101373593972e-07
"ENSG00000153283","CD96","10225",0.298791898720382,5.18042826143393,6.0101373593972e-07
"ENSG00000092009","CMA1","1215",-0.368669691875563,-5.18037689285421,6.0101373593972e-07
"ENSG00000007237","GAS7","8522",-0.273724802970897,-5.17665934459162,6.1246416447183e-07
"ENSG00000143768","LEFTY2","7044",0.392197868867306,5.17144708702059,6.28983558251579e-07
"ENSG00000174808","BTC","685",0.220891826242072,5.16951157050767,6.3505404747054e-07
"ENSG00000181885","CLDN7","1366",-0.126726561877537,-5.16605689935766,6.46249480233719e-07
"ENSG00000137573","SULF1","23213",-0.192670514751034,-5.16544746863018,6.48013309524441e-07
"ENSG00000145934","TENM2","57451",-0.292877050560753,-5.1650154375417,6.49184890263058e-07
"ENSG00000157992","KRTCAP3","200634",0.259549196371144,5.16200498269544,6.59102881691082e-07
"ENSG00000153822","KCNJ16","3773",0.310284812216385,5.15819704426949,6.71934908794043e-07
"ENSG00000211945","IGHV1-18","28468",0.288657571424224,5.15250037121422,6.91731391568394e-07
"ENSG00000224016","RP11-728K20.1",NA,-0.407093639525411,-5.15166595317005,6.94422198415816e-07
"ENSG00000244734","HBB","3043",-0.25783756541322,-5.14744883447282,7.09121370471414e-07
"ENSG00000206047","DEFA1","1667",0.293646565104034,5.14744573717878,7.09121370471414e-07
"ENSG00000261888","AC144831.1",NA,-0.306970274905185,-5.14694832995899,7.10639451255761e-07
"ENSG00000234678","RP11-465N4.4",NA,0.178174961743492,5.14476051870294,7.1840493748802e-07
"ENSG00000186529","CYP4F3","4051",-0.398592746817024,-5.14175817632755,7.29311959504971e-07
"ENSG00000198535","C2CD4A","145741",-0.422849538893214,-5.13525248168843,7.53875962442197e-07
"ENSG00000087245","MMP2","4313",-0.221620838237012,-5.13404966244609,7.5823834320063e-07
"ENSG00000132744","ACY3","91703",0.297582324818211,5.13321923549975,7.61163044812885e-07
"ENSG00000079385","CEACAM1","634",0.263419978893497,5.13152801978731,7.67495039067255e-07
"ENSG00000204179","PTPN20","26095",0.370512670381749,5.1304215057851,7.71550789397804e-07
"ENSG00000211640","IGLV6-57","28778",0.294886464917587,5.12815648394501,7.80268267185891e-07
"ENSG00000149090","PAMR1","25891",-0.208359065785,-5.12655962744316,7.86371668393062e-07
"ENSG00000272872","LL22NC03-N14H11.1",NA,0.210749354381262,5.11285377993608,8.43423775471523e-07
"ENSG00000174950","CD164L2","388611",0.260344211580234,5.10972775523015,8.5670194644808e-07
"ENSG00000179914","ITLN1","55600",0.340434670227744,5.1056975969312,8.74227003827802e-07
"ENSG00000144837","PLA1A","51365",-0.218718840042775,-5.10331692432487,8.84586271400301e-07
"ENSG00000211659","IGLV3-25","28793",0.268247293479407,5.0978203694379,9.09468149698896e-07
"ENSG00000109072","VTN","7448",-0.290883511365569,-5.09267206890369,9.33360302191002e-07
"ENSG00000150627","WDR17","116966",-0.384428143356628,-5.09213841885539,9.35512294562951e-07
"ENSG00000165566","AMER2","219287",0.278700893927926,5.08940498107203,9.48281155318422e-07
"ENSG00000145506","NKD2","85409",-0.245423350147189,-5.08906071503072,9.49546257292091e-07
"ENSG00000163207","IVL","3713",0.345582617053095,5.08789326926187,9.54824185812678e-07
"ENSG00000254709","IGLL5","100423062",0.272248115314035,5.08573323064272,9.65014795193742e-07
"ENSG00000131771","PPP1R1B","84152",0.338829217086705,5.08202917138478,9.83034555424582e-07
"ENSG00000117394","SLC2A1","6513",0.214531577198996,5.07920307189845,9.96900299766921e-07
"ENSG00000060982","BCAT1","586",0.280652973419164,5.07883017012787,9.98374047176048e-07
"ENSG00000124205","EDN3","1908",0.399163567070631,5.07774835576685,1.00347501992727e-06
"ENSG00000242715","CCDC169","728591",0.363497604182893,5.07179899124413,1.03396045271271e-06
"ENSG00000230415","RP5-902P8.10",NA,-0.408837822495757,-5.07106625937227,1.03738864173221e-06
"ENSG00000216921","AC131097.4","285095",-0.385087951006359,-5.06988796507811,1.04319476898794e-06
"ENSG00000197705","KLHL14","57565",-0.298322833129087,-5.06437478071292,1.07245831799486e-06
"ENSG00000096088","PGC","5225",-0.330286146400325,-5.06425319589267,1.07266595440822e-06
"ENSG00000159374","M1AP","130951",-0.360185636611647,-5.06028005076773,1.09411856728818e-06
"ENSG00000072133","RPS6KA6","27330",-0.26573844896103,-5.05413380638341,1.1283847714059e-06
"ENSG00000080031","PTPRH","5794",-0.274049396324291,-5.05340706368423,1.13207990488806e-06
"ENSG00000163531","NFASC","23114",0.296370437704972,5.05098731581794,1.1456008380047e-06
"ENSG00000144642","RBMS3","27303",-0.228880723588302,-5.04655738866884,1.17117186898104e-06
"ENSG00000146054","TRIM7","81786",-0.342602448891647,-5.04159159660426,1.20055245897075e-06
"ENSG00000038427","VCAN","1462",-0.259412591456171,-5.04046543105663,1.20691772609987e-06
"ENSG00000139618","BRCA2","675",0.235962971606563,5.03770129526448,1.22343382550905e-06
"ENSG00000074211","PPP2R2C","5522",-0.380224885050025,-5.03654908964888,1.23007844488644e-06
"ENSG00000152910","CNTNAP4","85445",0.289376955985752,5.0282164089872,1.28255853212817e-06
"ENSG00000105369","CD79A","973",0.325617841331645,5.02764157303915,1.28575029357692e-06
"ENSG00000181778","TMEM252","169693",-0.337648899727633,-5.02451841349605,1.30567430243936e-06
"ENSG00000279508","AL589743.1",NA,0.23845391732934,5.02380036267382,1.30986996743139e-06
"ENSG00000112320","SOBP","55084",0.215126266023051,5.02144413125756,1.32500761134512e-06
"ENSG00000164266","SPINK1","6690",0.311759515316329,5.02117571700617,1.32624562355664e-06
"ENSG00000168490","PHYHIP","9796",-0.193632119739231,-5.02046846250994,1.33043269445146e-06
"ENSG00000150893","FREM2","341640",0.406639913702702,5.01775228323694,1.34824889883874e-06
"ENSG00000107105","ELAVL2","1993",0.241627146183228,5.01484534812478,1.36749591246972e-06
"ENSG00000265185","SNORD3B-1",NA,0.442785395365265,5.01477849816031,1.36749591246972e-06
"ENSG00000141338","ABCA8","10351",-0.294371990835031,-5.01387431141289,1.37317327963218e-06
"ENSG00000241472","PTPRG-AS1","100506994",-0.237732340431397,-5.01283094921342,1.37984246698801e-06
"ENSG00000137672","TRPC6","7225",-0.180532108667721,-5.01065495742124,1.39449024253988e-06
"ENSG00000125740","FOSB","2354",-0.335892245975148,-5.005948421592,1.42738624064439e-06
"ENSG00000148357","HMCN2","256158",-0.255147258618556,-5.00155921208842,1.45869638911263e-06
"ENSG00000224373","IGHV4-59","28392",0.277215156367147,4.99957691564668,1.47271298391379e-06
"ENSG00000159648","TEPP","374739",0.380007321164737,4.99826363696615,1.48185992132973e-06
"ENSG00000248871","TNFSF12-TNFSF13","407977",0.430654796477749,4.99235248799537,1.52595824455266e-06
"ENSG00000172215","CXCR6","10663",0.287485861333453,4.9893561999339,1.54847062503695e-06
"ENSG00000163898","LIPH","200879",-0.206010847358152,-4.98539712899539,1.57892145497088e-06
"ENSG00000155966","AFF2","2334",0.274961496266899,4.98520990768006,1.57974303115001e-06
"ENSG00000116031","CD207","50489",0.279495407221234,4.98446722726272,1.58498110665511e-06
"ENSG00000069431","ABCC9","10060",-0.20052946980424,-4.98319236500258,1.59449152274886e-06
"ENSG00000264350","SNRPGP2",NA,0.129530367157874,4.98146910863874,1.60767174443921e-06
"ENSG00000077522","ACTN2","88",0.333911841217743,4.98042076251339,1.61547583178674e-06
"ENSG00000172995","ARPP21","10777",-0.317190964896083,-4.97677610185181,1.64459919199916e-06
"ENSG00000213088","ACKR1","2532",-0.419815896023327,-4.97564551357346,1.65325765530037e-06
"ENSG00000148344","PTGES","9536",-0.254878483097339,-4.97242078443056,1.67949854457447e-06
"ENSG00000125538","IL1B","3553",0.219225948308196,4.97194612461682,1.68279359100427e-06
"ENSG00000211972","IGHV3-66","28412",0.353427096053296,4.97087758783298,1.69112001779186e-06
"ENSG00000173114","LRRN3","54674",-0.274248583750299,-4.97027665997077,1.69550962364853e-06
"ENSG00000211648","IGLV1-47","28822",0.2606209267161,4.96927159750227,1.70335521954964e-06
"ENSG00000085563","ABCB1","5243",-0.255903386917754,-4.9661552040716,1.72942319163532e-06
"ENSG00000108370","RGS9","8787",0.351984796478515,4.96361919330132,1.750783414892e-06
"ENSG00000089012","SIRPG","55423",0.263261184654437,4.96338056584074,1.75214307902195e-06
"ENSG00000183019","MCEMP1","199675",0.303897083784476,4.96320477515085,1.75295276815662e-06
"ENSG00000151012","SLC7A11","23657",0.257765054352535,4.96206098717762,1.76227729947521e-06
"ENSG00000168843","FSTL5","56884",0.287826608507464,4.96113921525155,1.7696833846033e-06
"ENSG00000129991","TNNI3","7137",-0.429911869919556,-4.95336574249979,1.83903217954335e-06
"ENSG00000206172","HBA1","3039",-0.349858945279996,-4.9530973412728,1.84073173514758e-06
"ENSG00000211829","TRDC",NA,0.238633076276501,4.95231183599098,1.84719752153467e-06
"ENSG00000130876","SLC7A10","56301",0.32846148413991,4.94588666563216,1.9066031744333e-06
"ENSG00000262074","SNORD3B-2",NA,0.443272087256194,4.94383293372664,1.92543128303529e-06
"ENSG00000136492","BRIP1","83990",0.21812438919119,4.94295906393041,1.93303465806376e-06
"ENSG00000123838","C4BPA","722",0.325497644670468,4.94163799747252,1.94499814697466e-06
"ENSG00000211956","IGHV4-34","28395",0.263609566865936,4.93998775081604,1.96024605009995e-06
"ENSG00000277200","RP11-74E22.8","101928991",0.420934222142953,4.93853491692213,1.97366703670925e-06
"ENSG00000090659","CD209","30835",0.279690746782362,4.93765477992283,1.9815160256111e-06
"ENSG00000211675","IGLC1","3537",0.256663138716984,4.93709820681826,1.98619179952084e-06
"ENSG00000101680","LAMA1","284217",0.203104521722538,4.93668696216458,1.98943796616971e-06
"ENSG00000244437","IGKV3-15","28913",0.239003041712629,4.93648744901567,1.99058940763314e-06
"ENSG00000128383","APOBEC3A","200315",0.320387231494409,4.92963308230899,2.05881657375888e-06
"ENSG00000198930","CSAG1","158511",0.410678077657121,4.92637878093924,2.09153737694396e-06
"ENSG00000049768","FOXP3","50943",0.24706021480766,4.92298689223656,2.12621165747185e-06
"ENSG00000170477","KRT4","3851",0.343584129491201,4.9202618076339,2.15429434950656e-06
"ENSG00000198797","BRINP2","57795",-0.38293430459855,-4.91885669546168,2.16847858139672e-06
"ENSG00000275620","FLJ16779","100192386",-0.316167341500972,-4.91299875346656,2.23151169706556e-06
"ENSG00000149294","NCAM1","4684",0.231488458329508,4.90010915429559,2.37766196783861e-06
"ENSG00000145721","LIX1","167410",0.26231038227585,4.89736866875899,2.40911829969742e-06
"ENSG00000186193","SAPCD2","89958",0.173166454162672,4.89519579152734,2.43413532130246e-06
"ENSG00000134323","MYCN","4613",0.269768590799708,4.89215222261168,2.47000659725871e-06
"ENSG00000272398","CD24","100133941",0.207880525768317,4.89004080253523,2.49487433893308e-06
"ENSG00000165443","PHYHIPL","84457",0.241855916572503,4.88923399557777,2.50380126420275e-06
"ENSG00000130720","FIBCD1","84929",-0.360060394505307,-4.88755492032365,2.52360420392122e-06
"ENSG00000196616","ADH1B","125",-0.378700667927613,-4.88626502172892,2.53867675383442e-06
"ENSG00000133519","ZDHHC8P1",NA,0.182079386849872,4.88320204369874,2.57627562817461e-06
"ENSG00000253755","IGHGP",NA,0.204546307711071,4.87962124711449,2.62109313219975e-06
"ENSG00000281183","NPTN-IT1","101241892",-0.25270623155523,-4.87769786810436,2.64497056707604e-06
"ENSG00000156234","CXCL13","10563",0.287185655152828,4.87741256035013,2.64760122873142e-06
"ENSG00000143217","PVRL4","81607",0.110129736437517,4.87575272463852,2.66824450183291e-06
"ENSG00000174171","RP11-23P13.6","105370792",0.316879136243883,4.87441547562469,2.68465848829999e-06
"ENSG00000084710","EFR3B","22979",-0.263676495171331,-4.87434064860075,2.68465848829999e-06
"ENSG00000146006","LRRTM2","26045",-0.240777581203445,-4.87207020505206,2.71372611381809e-06
"ENSG00000172367","PDZD3","79849",-0.311982070922805,-4.87066890302864,2.73138749738925e-06
"ENSG00000108001","EBF3","253738",-0.205453532330802,-4.86686379262399,2.78186461349095e-06
"ENSG00000127863","TNFRSF19","55504",-0.24387079290005,-4.86583230112391,2.79486499588771e-06
"ENSG00000165092","ALDH1A1","216",-0.229063041269612,-4.86536009324261,2.80021257818562e-06
"ENSG00000180745","CLRN3","119467",-0.24136314445779,-4.86380959848665,2.82048321279464e-06
"ENSG00000153956","CACNA2D1","781",-0.211845584887637,-4.86356940387017,2.82265728192005e-06
"ENSG00000104611","SH2D4A","63898",-0.267309735053158,-4.8555351842997,2.93508004819571e-06
"ENSG00000125878","TCF15","6939",0.281204879071314,4.85524629408748,2.93804044499079e-06
"ENSG00000120885","CLU","1191",-0.245701614335083,-4.8550749387617,2.93930796080756e-06
"ENSG00000100196","KDELR3","11015",0.215578954060216,4.8488381372863,3.0289742835735e-06
"ENSG00000184185","KCNJ12","3768",-0.268711717398978,-4.84878224025703,3.0289742835735e-06
"ENSG00000280721","AC133644.2","101928173",0.172579537808595,4.84744709806691,3.04761659093477e-06
"ENSG00000273272","CTA-384D8.34",NA,0.350028309695147,4.84686507538148,3.05507278754701e-06
"ENSG00000250305","KIAA1456","57604",-0.319855925042955,-4.84647573775675,3.05965630757652e-06
"ENSG00000150051","MKX","283078",-0.370445448653997,-4.84236732803793,3.12058474885923e-06
"ENSG00000223414","LINC00473",NA,0.359506990122996,4.83983018572438,3.15829869311797e-06
"ENSG00000117090","SLAMF1","6504",0.284363087525555,4.83849093994792,3.17776982736548e-06
"ENSG00000144785","RP11-977G19.10",NA,0.409223723943887,4.83793747096604,3.18508738563637e-06
"ENSG00000250654","RP11-834C11.7",NA,-0.19747805508078,-4.83758581026081,3.18927083871695e-06
"ENSG00000039537","C6","729",-0.356475579679337,-4.83291821218938,3.26055194361146e-06
"ENSG00000183844","FAM3B","54097",-0.302188678521833,-4.83289944605546,3.26055194361146e-06
"ENSG00000198774","RASSF9","9182",0.222895043321008,4.82719616095484,3.35132584164441e-06
"ENSG00000053747","LAMA3","3909",-0.278568813944369,-4.82166139546214,3.44169757914866e-06
"ENSG00000278828","HIST1H3H","8357",-0.383231342520035,-4.82039463217086,3.46162134205959e-06
"ENSG00000188508","KRTDAP","388533",0.336404782970352,4.81874565277313,3.48815127086209e-06
"ENSG00000139144","PIK3C2G","5288",0.2968279739363,4.81677336634731,3.52042038305472e-06
"ENSG00000240801","AC132217.4",NA,-0.31132209714659,-4.81472712866252,3.5542568770286e-06
"ENSG00000165084","C8orf34","116328",-0.279462822119744,-4.80826474035394,3.66639747093533e-06
"ENSG00000211949","IGHV3-23","28442",0.249202878421751,4.80742710849933,3.6798775814415e-06
"ENSG00000211947","IGHV3-21","28444",0.244275280956854,4.80180510736558,3.78035029078441e-06
"ENSG00000229807","XIST","7503",-0.152256593355121,-4.79929177057369,3.82525650106447e-06
"ENSG00000166589","CDH16","1014",0.212577872436415,4.796377400591,3.87822113293788e-06
"ENSG00000026751","SLAMF7","57823",0.231930172202593,4.79247063807657,3.95087349290125e-06
"ENSG00000211644","IGLV1-51","28820",0.27686242282873,4.79057223918326,3.98581670151662e-06
"ENSG00000184860","SDR42E1","93517",0.283141483465742,4.7901956042008,3.99148713736801e-06
"ENSG00000116990","MYCL","4610",0.237348115508356,4.78856766148757,4.02149770343012e-06
"ENSG00000119411","BSPRY","54836",-0.133328699324552,-4.78716143460301,4.04737220504657e-06
"ENSG00000169313","P2RY12","64805",-0.264388780155152,-4.7855144545411,4.07816272542973e-06
"ENSG00000177822","AC108142.1",NA,-0.266897517777049,-4.7800541168123,4.18578150247676e-06
"ENSG00000114279","FGF12","2257",-0.246968054893307,-4.77943868961517,4.19657402410442e-06
"ENSG00000270550","IGHV3-30","28439",0.244836227964764,4.77768502336062,4.23063795709387e-06
"ENSG00000279377","AC003973.3",NA,-0.311821768950669,-4.77706041248102,4.24173055371389e-06
"ENSG00000235688","AC116614.1","101060391",0.350554562994186,4.77630842657048,4.25547339454369e-06
"ENSG00000138798","EGF","1950",-0.274687076957422,-4.77136190049679,4.35674581547273e-06
"ENSG00000204866","IGFL2","147920",-0.226469899401301,-4.76869615048626,4.41145798009472e-06
"ENSG00000157399","ARSE","415",0.192944478897283,4.76750869381421,4.43489133450627e-06
"ENSG00000124256","ZBP1","81030",0.282867371015289,4.767432516443,4.43489133450627e-06
"ENSG00000242076","IGKV1-33","28933",0.248500386326889,4.76483038280717,4.48902450170094e-06
"ENSG00000262528","LA16c-349E10.1",NA,-0.442885075518478,-4.76475342794288,4.48902450170094e-06
"ENSG00000170382","LRRN2","10446",-0.278015207551812,-4.76318995170665,4.52121319301243e-06
"ENSG00000211955","IGHV3-33","28434",0.289616234935437,4.75901868487651,4.61127501059613e-06
"ENSG00000102230","PCYT1B","9468",0.287528755498458,4.75825348836775,4.62646105754253e-06
"ENSG00000261804","RP11-44F14.2",NA,-0.267636074982963,-4.75747306148607,4.64133265842491e-06
"ENSG00000267532","MIR497HG","100506713",-0.218638881491325,-4.75742106313495,4.64133265842491e-06
"ENSG00000109339","MAPK10","5602",-0.257128892308313,-4.75408541567174,4.71466770689511e-06
"ENSG00000141485","SLC13A5","284111",0.294020406561962,4.75373424648025,4.72075442013563e-06
"ENSG00000146216","TTBK1","84630",-0.221136982303757,-4.75023607351447,4.79904817014966e-06
"ENSG00000235576","AC092580.4","101929531",0.333510396834548,4.74671334728962,4.87916478916273e-06
"ENSG00000137857","DUOX1","53905",0.235965323924623,4.74548473840855,4.9061247556881e-06
"ENSG00000230084","RP4-613B23.1",NA,0.352413696448019,4.74214033938978,4.98368152219819e-06
"ENSG00000006611","USH1C","10083",0.272659639423477,4.7399452467665,5.03453027380615e-06
"ENSG00000203930","LINC00632","286411",0.284166195467563,4.73792198502758,5.08167996595844e-06
"ENSG00000279232","DKFZp434P228",NA,-0.336032685998112,-4.73687521775635,5.10525198337435e-06
"ENSG00000186212","SOWAHB","345079",-0.16051967008424,-4.73238527081701,5.21442207713652e-06
"ENSG00000233175","CTD-2020K17.3","107985040",0.28850646755483,4.73027108510339,5.26548417546689e-06
"ENSG00000163075","CFAP221","200373",-0.282460797285916,-4.73014007778368,5.26668556736255e-06
"ENSG00000258232","RP11-161H23.5",NA,0.20619475366445,4.72900841077291,5.29323611823794e-06
"ENSG00000163884","KLF15","28999",0.222257138924391,4.72728131748943,5.3351270369528e-06
"ENSG00000112936","C7","730",-0.334802779563657,-4.72603905787383,5.36485259345142e-06
"ENSG00000113578","FGF1","2246",-0.167156396104385,-4.72531460759652,5.38136440715592e-06
"ENSG00000253304","TMEM200B","399474",-0.247940046983152,-4.72324543299722,5.43282264417344e-06
"ENSG00000079215","SLC1A3","6507",0.185941406407918,4.717618757813,5.57897964981031e-06
"ENSG00000091986","CCDC80","151887",-0.208771918964227,-4.71477633957867,5.65312491691286e-06
"ENSG00000186340","THBS2","7058",-0.222394430374983,-4.71370783569323,5.6798261409245e-06
"ENSG00000235776","AC000089.3","728139",-0.180372021043142,-4.71201176163936,5.72372004129737e-06
"ENSG00000273297","RP11-38M8.1","105375517",0.245803256167775,4.71193127063433,5.72372004129737e-06
"ENSG00000146250","PRSS35","167681",-0.265196151929936,-4.71159241766922,5.73071606157429e-06
"ENSG00000211973","IGHV1-69","28461",0.353920464177896,4.70868384622814,5.8086302874001e-06
"ENSG00000138356","AOX1","316",-0.225555941069367,-4.70568265170874,5.89016564130049e-06
"ENSG00000101307","SIRPB1","10326",0.284980243756011,4.69849586750758,6.09328299424049e-06
"ENSG00000244482","LILRA6","79168",0.263571624119114,4.69382963936846,6.22787656244108e-06
"ENSG00000211899","IGHM","3507",0.316355177514543,4.69373028779305,6.22834741356938e-06
"ENSG00000272636","DOC2B","8447",-0.269845089442348,-4.69121471191937,6.30093612222834e-06
"ENSG00000111664","GNB3","2784",0.214478796440117,4.68756386165984,6.4088786019702e-06
"ENSG00000237361","TUSC8",NA,-0.286693801393782,-4.68105235251583,6.60787631713326e-06
"ENSG00000143847","PPFIA4","8497",0.279721844454593,4.67873870682439,6.67829089302757e-06
"ENSG00000182771","GRID1","2894",-0.162183685846716,-4.67852999815299,6.68226378001034e-06
"ENSG00000108602","ALDH3A1","218",0.296673042806114,4.67439097965446,6.81223654113492e-06
"ENSG00000105997","HOXA3","3200",0.189425941172161,4.67395311619774,6.82370600276552e-06
"ENSG00000134709","HOOK1","51361",-0.135069093267348,-4.67241830515871,6.87087947588828e-06
"ENSG00000187134","AKR1C1","1645",0.313356800743725,4.66549143714656,7.09757054155307e-06
"ENSG00000133134","BEX2","84707",0.27459700980949,4.66502914065572,7.1103225715828e-06
"ENSG00000128242","GAL3ST1","9514",0.303673169287916,4.66428999057997,7.13244972403903e-06
"ENSG00000060140","STYK1","55359",0.223914093860235,4.66407291621579,7.13696448254453e-06
"ENSG00000211964","IGHV3-48","28424",0.329510663791547,4.66201049991531,7.20419695162839e-06
"ENSG00000158445","KCNB1","3745",0.250118495941066,4.65751119348282,7.35533326671596e-06
"ENSG00000133433","GSTT2B","653689",-0.26452103936458,-4.65745884468494,7.35533326671596e-06
"ENSG00000276043","UHRF1","29128",0.179061506095865,4.65401446275525,7.47323499422824e-06
"ENSG00000270933","CTD-2227E11.1",NA,0.220247309401722,4.64925985828235,7.64011496309975e-06
"ENSG00000241186","TDGF1","6997",0.283150373111992,4.64817866784,7.67621598195139e-06
"ENSG00000078328","RBFOX1","54715",-0.274334298869715,-4.64802384314989,7.6788007007773e-06
"ENSG00000077327","SPAG6","9576",-0.427479176712129,-4.64777958650128,7.68463365033257e-06
"ENSG00000134824","FADS2","9415",0.412475361102033,4.63936645266614,7.99283370667363e-06
"ENSG00000198932","GPRASP1","9737",-0.210016326550769,-4.63380339585457,8.20200652159636e-06
"ENSG00000114251","WNT5A","7474",-0.228182194464091,-4.63339915869119,8.2144051907238e-06
"ENSG00000164171","ITGA2","3673",-0.227380689092467,-4.63258837353551,8.24259512834953e-06
"ENSG00000280308","FKSG61",NA,0.41822573841765,4.63134128760937,8.28789287208115e-06
"ENSG00000170276","HSPB2","3316",0.167075755107793,4.63048778113846,8.31776356146237e-06
"ENSG00000099954","CECR2","27443",-0.399705130699493,-4.63041019420538,8.31776356146237e-06
"ENSG00000173406","DAB1","1600",-0.282837971571482,-4.63006129807878,8.32816299483995e-06
"ENSG00000179178","TMEM125","128218",-0.0925732451706128,-4.62890102099017,8.37049119826811e-06
"ENSG00000151834","GABRA2","2555",-0.326454048252751,-4.62649500756437,8.46249398128958e-06
"ENSG00000211637","IGLV4-69","28784",0.270074876688067,4.62463569080979,8.53349279482551e-06
"ENSG00000019102","VSIG2","23584",-0.372960798063826,-4.6243836497292,8.54026024746844e-06
"ENSG00000211663","IGLV3-19","28797",0.239873950435153,4.6218775623461,8.63811300892882e-06
"ENSG00000275894","RP3-453C12.14",NA,-0.249696769564393,-4.62122947257739,8.66107178606529e-06
"ENSG00000170323","FABP4","2167",-0.324826782319379,-4.61958152199806,8.72499516149919e-06
"ENSG00000008118","CAMK1G","57172",0.184824598120596,4.61828577798064,8.7748382873003e-06
"ENSG00000114948","ADAM23","8745",-0.205037804701689,-4.61782246112575,8.79051245451642e-06
"ENSG00000117122","MFAP2","4237",0.157701457280561,4.61661212248329,8.83716903905677e-06
"ENSG00000141527","CARD14","79092",-0.207657902952014,-4.61625180036757,8.84866986072866e-06
"ENSG00000242265","PEG10","23089",0.409680204339609,4.61448553947384,8.91887252113625e-06
"ENSG00000125355","TMEM255A","55026",-0.228512571451152,-4.6135486162603,8.95468226081326e-06
"ENSG00000158477","CD1A","909",0.304262402798993,4.60693968681413,9.23304927429443e-06
"ENSG00000162745","OLFML2B","25903",-0.17731624547948,-4.60631511236439,9.25650201411842e-06
"ENSG00000136574","GATA4","2626",-0.366555570664601,-4.60575326939792,9.27728426424508e-06
"ENSG00000135097","MSI1","4440",0.269549502135755,4.60441909292094,9.33182723726289e-06
"ENSG00000203722","RAET1G","353091",0.2597675400376,4.60287759437459,9.39579880156518e-06
"ENSG00000183036","PCP4","5121",0.300719070115073,4.60009815402108,9.51519043124436e-06
"ENSG00000186891","TNFRSF18","8784",-0.232837723233352,-4.5966586688072,9.66273310458462e-06
"ENSG00000275688","CCL15-CCL14",NA,-0.317682162703015,-4.59664403701249,9.66273310458462e-06
"ENSG00000250056","LINC01018","255167",0.300439496863067,4.59518643315242,9.72505808135491e-06
"ENSG00000100079","LGALS2","3957",0.231637106157582,4.59396342015875,9.77703574403624e-06
"ENSG00000171462","DLK2","65989",0.217583669441432,4.59016498403711,9.94832879428458e-06
"ENSG00000169213","RAB3B","5865",-0.236162388206769,-4.58388529255888,1.02404433240173e-05
"ENSG00000178031","ADAMTSL1","92949",-0.160470426715415,-4.5836045340009,1.02498792203568e-05
"ENSG00000171714","ANO5","203859",-0.366847934590492,-4.58270251346906,1.02891142572208e-05
"ENSG00000254419","RP11-261P9.4",NA,-0.365907340418398,-4.5780006590298,1.05131820298992e-05
"ENSG00000125735","TNFSF14","8740",0.252073379965774,4.57773317587156,1.05222072748443e-05
"ENSG00000087085","ACHE","43",0.294190935658025,4.57606194573204,1.06003787675027e-05
"ENSG00000250486","FAM218A","152756",0.26089341407893,4.57328588844745,1.0734215926653e-05
"ENSG00000160255","ITGB2","3689",0.226816027204361,4.57277183455734,1.07557700524084e-05
"ENSG00000239951","IGKV3-20","28912",0.238754130991504,4.57126946550218,1.08270849954052e-05
"ENSG00000226781","TBCAP1",NA,-0.13783275528986,-4.56908457540673,1.09335344219185e-05
"ENSG00000196167","COLCA1","399948",0.292871830240979,4.56879122556673,1.0944224769747e-05
"ENSG00000138152","BTBD16","118663",0.294725205968919,4.56500952177872,1.11341737878967e-05
"ENSG00000167676","PLIN4","729359",-0.339055840353251,-4.56305610921116,1.12314171777274e-05
"ENSG00000224864","CTC-260E6.2",NA,0.427679606572093,4.56123223641011,1.13226542565786e-05
"ENSG00000211893","IGHG2","3501",0.231182068312793,4.56076117888172,1.13430726571621e-05
"ENSG00000116194","ANGPTL1","9068",-0.21770820051695,-4.55829651504565,1.14692673445182e-05
"ENSG00000240671","IGKV1-8","28942",0.257875831138038,4.55808891961422,1.14758876153291e-05
"ENSG00000144407","PTH2R","5746",0.219343958159769,4.55702946662923,1.1528031115848e-05
"ENSG00000163586","FABP1","2168",0.179499372990682,4.55537971011009,1.16121826875398e-05
"ENSG00000211952","IGHV4-28","28400",0.343818064814436,4.55139784191238,1.18241804543695e-05
"ENSG00000179639","FCER1A","2205",-0.26364849633744,-4.54850186376738,1.19794236446091e-05
"ENSG00000204421","LY6G6C","80740",-0.315645253346235,-4.54636603697858,1.20939388337274e-05
"ENSG00000196747","HIST1H2AI","8329",-0.243240676383493,-4.54455554696697,1.21911128783474e-05
"ENSG00000229847","EMX2OS","196047",-0.160118700129967,-4.53550980415452,1.27074959815733e-05
"ENSG00000177508","IRX3","79191",-0.122267789897818,-4.5347905346109,1.27449136510858e-05
"ENSG00000127325","BEST3","144453",-0.293159316474632,-4.53017688687591,1.30145904964436e-05
"ENSG00000070182","SPTB","6710",0.206069952634439,4.52551112683462,1.32929209489778e-05
"ENSG00000053438","NNAT","4826",-0.242521793765046,-4.52274777784954,1.34583260270978e-05
"ENSG00000146197","SCUBE3","222663",0.328449412734531,4.52193662912209,1.35008405187109e-05
"ENSG00000273259","SERPINA3",NA,-0.189309136964217,-4.52189699316403,1.35008405187109e-05
"ENSG00000136531","SCN2A","6326",0.25972409411298,4.52154571174703,1.35175264495683e-05
"ENSG00000160539","PPAPDC3","84814",-0.188624769557364,-4.51549398412884,1.38945755091846e-05
"ENSG00000258498","DIO3OS","64150",-0.226959437127486,-4.51428653541859,1.39666968637932e-05
"ENSG00000117069","ST6GALNAC5","81849",0.228431135501402,4.51325969117737,1.40275053943432e-05
"ENSG00000205038","PKHD1L1","93035",0.315325988381432,4.51083458852089,1.41795452758045e-05
"ENSG00000102934","PLLP","51090",-0.212903982130305,-4.50980703979011,1.42412859478978e-05
"ENSG00000167768","KRT1","3848",-0.295470611830971,-4.50929936157645,1.42691110109256e-05
"ENSG00000211950","IGHV1-24","28467",0.277853806321272,4.50698575363654,1.44162580473246e-05
"ENSG00000183578","TNFAIP8L3","388121",-0.209983867128559,-4.50474211277212,1.45601709980406e-05
"ENSG00000220563","PKMP3","100419758",-0.20751370794969,-4.50394310908824,1.46081418209085e-05
"ENSG00000249550","LINC01234","100506465",0.314955043594246,4.49783108453768,1.5018364691338e-05
"ENSG00000282221","RP11-27G14.4",NA,0.233308537278711,4.49373199223779,1.52977028888141e-05
"ENSG00000164116","GUCY1A3","2982",0.243474490891214,4.49244932823628,1.53820757094964e-05
"ENSG00000130600","H19","283120",-0.16118351364723,-4.49006597869369,1.55451434480953e-05
"ENSG00000211941","IGHV3-11","28450",0.253372057209252,4.48954748845805,1.55761673041779e-05
"ENSG00000144619","CNTN4","152330",-0.246483733344488,-4.48889002892512,1.56171957232432e-05
"ENSG00000163737","PF4","5196",0.292894200356954,4.48278553868905,1.60538994482682e-05
"ENSG00000267583","RP11-322E11.5",NA,-0.207481713841541,-4.47887553157575,1.63374776435496e-05
"ENSG00000140945","CDH13","1012",-0.145988588995742,-4.4784367903326,1.63640376334545e-05
"ENSG00000211668","IGLV2-11","28816",0.226445177926863,4.47496878044497,1.66192382075891e-05
"ENSG00000177519","RPRM","56475",0.296164507528333,4.46891237016566,1.70789293435603e-05
"ENSG00000006118","TMEM132A","54972",0.19305209545781,4.46837793996457,1.71141098187077e-05
"ENSG00000177455","CD19","930",0.324369159450207,4.46734250330061,1.71886219732602e-05
"ENSG00000223350","IGLV9-49","28773",0.337933160972224,4.46211130140218,1.75970155793356e-05
"ENSG00000167642","SPINT2","10653",-0.103152233133407,-4.45969644708605,1.7785000596857e-05
"ENSG00000189143","CLDN4","1364",0.0829966081743153,4.45748916333306,1.79579153073592e-05
"ENSG00000145777","TSLP","85480",0.372179922309745,4.45606320169428,1.80680365199264e-05
"ENSG00000151790","TDO2","6999",0.156916809586702,4.45572253527196,1.80891917841231e-05
"ENSG00000134817","APLNR","187",-0.150113201813465,-4.45508372569751,1.81349746638403e-05
"ENSG00000172935","MRGPRF","116535",-0.169686472449899,-4.454961416172,1.8138166836346e-05
"ENSG00000062524","LTK","4058",0.334547984174003,4.45363432517865,1.82411342491125e-05
"ENSG00000181092","ADIPOQ","9370",-0.360777493340345,-4.45350605738935,1.82448423179546e-05
"ENSG00000224945","RP11-82L18.2",NA,0.250513244989264,4.4517876958763,1.83810862249369e-05
"ENSG00000214402","LCNL1","401562",0.272308191388931,4.45158041996699,1.83914345723423e-05
"ENSG00000049089","COL9A2","1298",0.277647625637186,4.45116956239167,1.84188431968791e-05
"ENSG00000169884","WNT10B","7480",0.275588212926581,4.44680149167995,1.87812488295666e-05
"ENSG00000196136","SERPINA3","12",-0.20607906977932,-4.44533679659054,1.88969880817601e-05
"ENSG00000100884","CPNE6","9362",0.248799672706445,4.44528267410458,1.88969880817601e-05
"ENSG00000151224","MAT1A","4143",0.299610672972339,4.44496504227655,1.89171019227765e-05
"ENSG00000073067","CYP2W1","54905",0.281581546718899,4.44160291862789,1.92009516860501e-05
"ENSG00000142549","IGLON5","402665",0.255011933566727,4.44112905505917,1.9235015334465e-05
"ENSG00000005249","PRKAR2B","5577",-0.259907373135639,-4.42947266757615,2.0271601203756e-05
"ENSG00000240694","PNMA2","10687",-0.208857942627002,-4.42812211406172,2.03882667846592e-05
"ENSG00000272851","RP11-801F7.1",NA,0.390706819621913,4.42686381316994,2.04970096731126e-05
"ENSG00000100427","MLC1","23209",0.291992882223612,4.42411944211691,2.07453771527189e-05
"ENSG00000165072","MAMDC2","256691",-0.220765333064981,-4.42340292212058,2.08048738480758e-05
"ENSG00000257671","RP3-416H24.1","109729127",0.180135605973031,4.42174477976868,2.09536020870168e-05
"ENSG00000100625","SIX4","51804",-0.168925713892149,-4.42066614829809,2.1048112309153e-05
"ENSG00000003096","KLHL13","90293",0.306279888910812,4.41471084969985,2.16141799949689e-05
"ENSG00000181234","TMEM132C","92293",-0.324470201791756,-4.41297827620169,2.17757409846347e-05
"ENSG00000037965","HOXC8","3224",-0.0906034699950575,-4.41065331487117,2.19971942326179e-05
"ENSG00000115361","ACADL","33",0.300209136268676,4.40757128370124,2.22968147162742e-05
"ENSG00000255986","MT1JP",NA,0.312393101118533,4.40503008695927,2.2545290243982e-05
"ENSG00000163485","ADORA1","134",0.220806252552578,4.40324315711505,2.2719049298722e-05
"ENSG00000196482","ESRRG","2104",-0.250225182424454,-4.40213675218125,2.28239952438496e-05
"ENSG00000243888","RP11-548B3.3",NA,0.3553688446245,4.40167537144454,2.28628682580031e-05
"ENSG00000159403","C1R","715",0.180019750861801,4.399413188341,2.30883272038517e-05
"ENSG00000205307","SAP25","100316904",0.37221373861051,4.39727394299493,2.33030066540433e-05
"ENSG00000211962","IGHV1-46","28465",0.268394770999394,4.39638340337072,2.33829077791529e-05
"ENSG00000149243","KLHL35","283212",-0.25306346563081,-4.39634613954348,2.33829077791529e-05
"ENSG00000173702","MUC13","56667",0.292039688192518,4.39155584713175,2.38832813609014e-05
"ENSG00000125775","SDCBP2","27111",0.245837514423119,4.39116551905496,2.39162331542525e-05
"ENSG00000112799","LY86","9450",-0.15062748008161,-4.38998528849792,2.40344247472323e-05
"ENSG00000124882","EREG","2069",0.331838468710737,4.38971249697498,2.40548670769387e-05
"ENSG00000129009","ISLR","3671",-0.154941418934352,-4.38785475642832,2.42474200810858e-05
"ENSG00000101825","MXRA5","25878",-0.153372373246205,-4.38773817182692,2.42510114899259e-05
"ENSG00000258484","SPESP1","246777",-0.34162670577624,-4.38713997258926,2.43071452108708e-05
"ENSG00000112319","EYA4","2070",-0.31999652806775,-4.38701025315359,2.43121850795552e-05
"ENSG00000115414","FN1","2335",-0.169987056707905,-4.38673695534189,2.43329185477057e-05
"ENSG00000132321","IQCA1","79781",-0.212025129916807,-4.385898670507,2.4415553695058e-05
"ENSG00000047617","ANO2","57101",-0.270205201768034,-4.38424232217525,2.45886153479794e-05
"ENSG00000144339","TMEFF2","23671",0.201676330747425,4.3808611111314,2.49552726182026e-05
"ENSG00000188662","HILS1",NA,0.32407391091176,4.37728226881347,2.53495961347909e-05
"ENSG00000101850","GPR143","4935",-0.192322159010175,-4.37687823095159,2.53860480958727e-05
"ENSG00000085276","MECOM","2122",-0.159422795626696,-4.3761884320137,2.54551406099482e-05
"ENSG00000196368","NUDT11","55190",0.203980506935941,4.37502487711833,2.55786689488435e-05
"ENSG00000251301","RP11-81H14.2",NA,0.247052736697293,4.37415055730961,2.56694796315977e-05
"ENSG00000188536","HBA2","3040",-0.2684649234902,-4.37299221228703,2.57933987292062e-05
"ENSG00000269227","RP11-345P4.6",NA,-0.307852508783582,-4.37231619931552,2.58619554577047e-05
"ENSG00000140538","NTRK3","4916",0.262347042302316,4.37168630644529,2.59253317481576e-05
"ENSG00000138759","FRAS1","80144",0.250676400212713,4.36343827212521,2.68900855258654e-05
"ENSG00000106366","SERPINE1","5054",-0.19136690933483,-4.357929804557,2.75499647368184e-05
"ENSG00000172543","CTSW","1521",0.276921048294027,4.35721163278393,2.76281558714309e-05
"ENSG00000093134","VNN3",NA,0.383812532800171,4.35631957963755,2.77280798628603e-05
"ENSG00000172824","CES4A","283848",-0.283003351785328,-4.35523389153535,2.78524151518602e-05
"ENSG00000167757","KLK11","11012",0.334754475534813,4.35513990687188,2.78537138380088e-05
"ENSG00000169385","RNASE2","6036",0.157784311799643,4.34748082245598,2.88110077423624e-05
"ENSG00000230596","GPAA1P2","106481722",-0.238434803734309,-4.34660359256451,2.89130918122217e-05
"ENSG00000170579","DLGAP1","9229",0.326728998652218,4.3459173808538,2.89908365839118e-05
"ENSG00000114455","HHLA2","11148",0.24911846443146,4.34469406803603,2.91384195849764e-05
"ENSG00000069188","SDK2","54549",0.334195863839187,4.33944614586513,2.98161694713153e-05
"ENSG00000178934","LGALS7B","3963",0.300604078098612,4.33292358468263,3.06822745359946e-05
"ENSG00000253549","CA3-AS1",NA,0.295871902655699,4.33088045861734,3.09505660977934e-05
"ENSG00000005108","THSD7A","221981",-0.192706312745658,-4.3303959409841,3.1005721830438e-05
"ENSG00000104313","EYA1","2138",-0.277468720083474,-4.32373025767663,3.19249750216797e-05
"ENSG00000168484","SFTPC","6440",0.219632905379223,4.32183460602678,3.21825540687373e-05
"ENSG00000138271","GPR87","53836",0.207580206792154,4.31985701749948,3.2443283692657e-05
"ENSG00000128594","LRRC4","64101",-0.185226602344928,-4.31984704532676,3.2443283692657e-05
"ENSG00000085741","WNT11","7481",0.310784046237509,4.31953126253669,3.24766698526953e-05
"ENSG00000184811","TUSC5","286753",-0.387337924078879,-4.31903126794334,3.25366439580808e-05
"ENSG00000272734","ADIRF-AS1",NA,-0.192168247982141,-4.3186847444211,3.25745648794926e-05
"ENSG00000143196","DPT","1805",-0.1701710188626,-4.3110946578053,3.3675495152406e-05
"ENSG00000198467","TPM2","7169",0.176855035558784,4.30588493732303,3.44475897425773e-05
"ENSG00000211943","IGHV3-15","28448",0.229443944561362,4.30211388673911,3.50004315927526e-05
"ENSG00000243742","RPLP0P2",NA,-0.141406422027731,-4.30211380895124,3.50004315927526e-05
"ENSG00000228203","RNF144A-AS1","386597",0.232737524313981,4.30050304015796,3.52372326348779e-05
"ENSG00000260997","RP4-647J21.1",NA,0.198575358465122,4.29866671330707,3.55108932943101e-05
"ENSG00000244116","IGKV2-28","28921",0.216048937555608,4.29529262832141,3.60301570180945e-05
"ENSG00000230267","HERC2P4",NA,-0.319760994231838,-4.29061922274196,3.67665726179326e-05
"ENSG00000274276","CBS","102724560",0.397841165934891,4.28588808453706,3.75268488406381e-05
"ENSG00000232216","IGHV3-43","28426",0.278316882779647,4.2852069542109,3.76256273207241e-05
"ENSG00000117215","PLA2G2D","26279",0.267725910240958,4.282454998468,3.80699598515122e-05
"ENSG00000237513","RP11-325F22.2",NA,0.288883855165398,4.28058029092211,3.83709909618862e-05
"ENSG00000159217","IGF2BP1","10642",0.256325138364864,4.27727945962274,3.89174559347452e-05
"ENSG00000229422","RP11-262H14.5",NA,-0.25952451100397,-4.276279796185,3.90743594926256e-05
"ENSG00000181291","TMEM132E","124842",0.244831802404258,4.27465337840503,3.93400180815978e-05
"ENSG00000169783","LINGO1","84894",-0.233101153897999,-4.27162747616012,3.9851482726669e-05
"ENSG00000196338","NLGN3","54413",-0.162997687447291,-4.26633604143403,4.07723771919112e-05
"ENSG00000103522","IL21R","50615",0.240145345571871,4.26619655161403,4.07822949301071e-05
"ENSG00000147676","MAL2","114569",-0.0892166752468036,-4.26593490868055,4.08140726266536e-05
"ENSG00000234456","MAGI2-AS3","100505881",-0.157088356506219,-4.26398367064664,4.11495076675125e-05
"ENSG00000174939","ASPHD1","253982",0.233210822705412,4.26058283705473,4.17518268939611e-05
"ENSG00000083067","TRPM3","80036",0.28002919290368,4.2565380665039,4.24820761603667e-05
"ENSG00000230043","TMSB4XP6",NA,0.365845787985351,4.25617734922585,4.253354018176e-05
"ENSG00000233251","AC007743.1","100129434",-0.278801250814204,-4.24477879478874,4.46896857129465e-05
"ENSG00000205106","DKFZp779M0652","374387",-0.330127760715376,-4.24298476525753,4.5024442460089e-05
"ENSG00000229754","CXCR2P1",NA,0.315231140057324,4.23826478185971,4.59440932843907e-05
"ENSG00000114631","PODXL2","50512",0.219434291042122,4.23711159795103,4.61586751074893e-05
"ENSG00000267530","AC006273.5",NA,-0.304470187718458,-4.23651324638982,4.62622208096882e-05
"ENSG00000211653","IGLV1-40","28825",0.21023074442134,4.23298446275186,4.69616667981605e-05
"ENSG00000211448","DIO2","1734",-0.200611728230627,-4.229349559143,4.76931828497065e-05
"ENSG00000184451","CCR10","2826",-0.255836714304945,-4.22850439980201,4.78513492202515e-05
"ENSG00000171885","AQP4","361",0.203285826892917,4.22799243628143,4.7940476637589e-05
"ENSG00000174175","SELP","6403",-0.282443338755201,-4.22599494722431,4.83410877948064e-05
"ENSG00000250208","FZD10-AS1","440119",-0.194326598384944,-4.22107094116036,4.9368736355132e-05
"ENSG00000152292","SH2D6","284948",-0.300877227288621,-4.2181624208927,4.99779880018884e-05
"ENSG00000132386","SERPINF1","5176",-0.190178888056659,-4.21508912155953,5.06305683378355e-05
"ENSG00000260570","RP11-24N18.1",NA,0.261059126909128,4.21463966443369,5.0700491544076e-05
"ENSG00000168685","IL7R","3575",0.274455830673235,4.21460241896575,5.0700491544076e-05
"ENSG00000177791","MYOZ1","58529",0.218112131495881,4.21268438527535,5.11053721055216e-05
"ENSG00000196668","LINC00173","100287569",-0.331648495968374,-4.20862072981808,5.199458885137e-05
"ENSG00000168702","LRP1B","53353",-0.332501757107173,-4.20754555424736,5.22182808970215e-05
"ENSG00000162438","CTRC","11330",0.314762931009314,4.20563829707268,5.26322096420166e-05
"ENSG00000244649","CTD-2377D24.6",NA,0.219840924918458,4.20367360137745,5.30624453653335e-05
"ENSG00000099985","OSM","5008",0.227182141521431,4.20331587265871,5.31252832036043e-05
"ENSG00000274944","RP5-864K19.6",NA,0.392580396411729,4.20301204112211,5.31757907806783e-05
"ENSG00000213144","RP11-64B16.2",NA,-0.222700734278816,-4.20283434235784,5.31973017262261e-05
"ENSG00000174946","GPR171","29909",0.291405681357017,4.19996201336666,5.38429028670544e-05
"ENSG00000104059","FAM189A1","23359",-0.319799800881959,-4.19867214612126,5.41243715460463e-05
"ENSG00000211937","IGHV2-5","28457",0.245145823028763,4.19199567213272,5.56883271503036e-05
"ENSG00000170627","GTSF1","121355",0.209289373471464,4.19135782920162,5.58215838960991e-05
"ENSG00000112782","CLIC5","53405",-0.181306800681628,-4.18681897964385,5.69050697034918e-05
"ENSG00000145536","ADAMTS16","170690",-0.285575448579267,-4.18547812901233,5.72142864852284e-05
"ENSG00000225342","AC079630.4","107985190",-0.259953828256768,-4.18150921343433,5.81803842847343e-05
"ENSG00000136167","LCP1","3936",0.198261401392223,4.18119468428492,5.82381063183856e-05
"ENSG00000137558","PI15","51050",0.300263377042271,4.17338721973796,6.02069511737548e-05
"ENSG00000104921","FCER2","2208",0.378094163405639,4.17070367675508,6.08836484387802e-05
"ENSG00000143556","S100A7","6278",0.389055671302623,4.16685217506722,6.18772724984565e-05
"ENSG00000118785","SPP1","6696",0.189958744891003,4.16660993500872,6.19192097134894e-05
"ENSG00000146374","RSPO3","84870",0.16511071383443,4.16333010446818,6.27746388981642e-05
"ENSG00000165730","STOX1","219736",-0.239785176251782,-4.16103821516965,6.3372121098913e-05
"ENSG00000135218","CD36","948",-0.28582922607791,-4.15972547374559,6.37069020488945e-05
"ENSG00000099994","SUSD2","56241",-0.252412462493261,-4.15423975652861,6.5199177096734e-05
"ENSG00000158402","CDC25C","995",0.13069677852934,4.1466067104769,6.73404686778233e-05
"ENSG00000162739","SLAMF6","114836",0.253347243648556,4.14569407765671,6.75793586565042e-05
"ENSG00000163888","CAMK2N2","94032",-0.174155644152121,-4.14439901956653,6.79300399625368e-05
"ENSG00000276566","IGKV1D-13","28902",0.34807289872152,4.14417986996648,6.79691096351032e-05
"ENSG00000138115","CYP2C8","1558",-0.311096612543554,-4.14138574056708,6.87608104919713e-05
"ENSG00000187773","FAM69C","125704",0.24048672862372,4.13986519558019,6.91839100054572e-05
"ENSG00000271259","RP11-1109F11.5",NA,-0.290271199554947,-4.1390632309212,6.93961956242596e-05
"ENSG00000182985","CADM1","23705",0.176870159964858,4.13649403287784,7.01362778944571e-05
"ENSG00000139364","TMEM132B","114795",-0.217993174869912,-4.13146569190685,7.16312212386633e-05
"ENSG00000122254","HS3ST2","9956",-0.203630269837291,-4.12792936829618,7.26928568344654e-05
"ENSG00000162687","KCNT2","343450",0.175224481628759,4.12577972940648,7.3335092202045e-05
"ENSG00000150394","CDH8","1006",-0.190211065733572,-4.12464649621983,7.3663252271484e-05
"ENSG00000189134","NKAPL","222698",-0.190568083914723,-4.12406636134851,7.38187859517534e-05
"ENSG00000138755","CXCL9","4283",0.219472753130337,4.12187291928192,7.44843267755756e-05
"ENSG00000169258","GPRIN1","114787",0.179721207685215,4.12087467970944,7.47722779394972e-05
"ENSG00000253313","C1orf210","149466",-0.0673362570469799,-4.12071331974404,7.47722779394972e-05
"ENSG00000122641","INHBA","3624",-0.174909170273713,-4.12071196155164,7.47722779394972e-05
"ENSG00000232044","LINC01105",NA,0.317379373939962,4.12021107558825,7.49047928728249e-05
"ENSG00000257764","RP11-1143G9.4",NA,0.37876825971827,4.11848962136956,7.54280675024024e-05
"ENSG00000162409","PRKAA2","5563",-0.277533403203068,-4.1144706406837,7.67000654904413e-05
"ENSG00000166960","CCDC178","374864",-0.240488116094372,-4.11089717046764,7.78450233428133e-05
"ENSG00000213225","AC018804.7","643276",-0.438883207683356,-4.11027638801776,7.80223819434498e-05
"ENSG00000198723","C19orf45","374877",-0.178470295748088,-4.10936874156995,7.82953982330838e-05
"ENSG00000144847","IGSF11","152404",0.22735786559859,4.10866857513262,7.85001768875684e-05
"ENSG00000242534","IGKV2D-28","28883",0.336888806636081,4.10785964466612,7.87417958094654e-05
"ENSG00000260314","MRC1","4360",0.257001874432418,4.10705934279298,7.89812312547507e-05
"ENSG00000254706","RP11-565P22.6",NA,-0.220877454979365,-4.10603567288123,7.92964476104368e-05
"ENSG00000174807","CD248","57124",-0.152520028688181,-4.10488653853052,7.96552229408424e-05
"ENSG00000143603","KCNN3","3782",0.180369453826152,4.10433283099966,7.98138107449321e-05
"ENSG00000267280","TBX2-AS1","101927855",-0.278662949845529,-4.10228785710891,8.04797942935834e-05
"ENSG00000211666","IGLV2-14","28815",0.219804299438203,4.10042467199384,8.10885726994912e-05
"ENSG00000168314","MOBP","4336",0.209036022266024,4.10024345290239,8.11217696395671e-05
"ENSG00000151136","BTBD11","121551",-0.207439278571439,-4.0959517193065,8.25797777902623e-05
"ENSG00000143851","PTPN7","5778",0.214663451338733,4.08690752036241,8.57680794319578e-05
"ENSG00000137078","SIT1","27240",0.211966871952088,4.08377677364391,8.68783705985936e-05
"ENSG00000105696","TMEM59L","25789",-0.166359263745585,-4.08183401204492,8.75622982200192e-05
"ENSG00000260911","RP11-196G11.2",NA,-0.365857441260516,-4.07896319330458,8.85974134034751e-05
"ENSG00000211670","IGLV3-9","28804",0.296948506870849,4.07886348853947,8.86029826460324e-05
"ENSG00000171759","PAH","5053",-0.305375033740158,-4.07616400414068,8.95850281441464e-05
"ENSG00000197249","SERPINA1","5265",-0.21453583213972,-4.07570659434548,8.97258149214459e-05
"ENSG00000126500","FLRT1","23769",0.203205227913093,4.07028583396509,9.1765052705651e-05
"ENSG00000172575","RASGRP1","10125",0.292406155345793,4.06702463958487,9.29997407828189e-05
"ENSG00000022267","FHL1","2273",-0.189522795993923,-4.06361922033011,9.43073086843999e-05
"ENSG00000230847","RP11-195E2.1",NA,-0.341757429653102,-4.0616364420913,9.5062461659964e-05
"ENSG00000138650","PCDH10","57575",-0.30879309952686,-4.05968845754488,9.58093350616723e-05
"ENSG00000198626","RYR2","6262",0.207735057988958,4.05913240418209,9.59990862461875e-05
"ENSG00000145358","DDIT4L","115265",0.222707885243418,4.05676751647209,9.69223718338349e-05
"ENSG00000168913","ENHO","375704",0.232390290502097,4.05638260528942,9.70444858111476e-05
"ENSG00000197921","HES5","388585",-0.25066584386843,-4.05489255966166,9.76183646382617e-05
"ENSG00000170166","HOXD4","3233",-0.200464931497143,-4.05054429638151,9.93792976932077e-05
"ENSG00000108231","LGI1","9211",-0.310917158411286,-4.04761028382225,0.000100572811325083
"ENSG00000139220","PPFIA2","8499",-0.171140995010984,-4.03973384190333,0.000103906533464415
"ENSG00000134198","TSPAN2","10100",0.200712084922624,4.03873609773137,0.000104303824746433
"ENSG00000235499","AC073046.25",NA,0.192167609699952,4.03652403739732,0.000105235293368767
"ENSG00000083307","GRHL2","79977",-0.0565441951681508,-4.03410656903557,0.000106265760788127
"ENSG00000118137","APOA1","335",-0.259615123258229,-4.03301255944081,0.000106714465563992
"ENSG00000175793","SFN","2810",0.114684486113967,4.0326044935376,0.000106858493392357
"ENSG00000000971","CFH","3075",-0.162954341126276,-4.03247165030086,0.000106879826436218
"ENSG00000164418","GRIK2","2898",-0.196207111283695,-4.02904415309056,0.000108381319126921
"ENSG00000205456","TP53TG3D","24150",-0.296571194200942,-4.0248569192282,0.000110251398038979
"ENSG00000060718","COL11A1","1301",-0.19677597988547,-4.02329953315624,0.000110929999187031
"ENSG00000204539","CDSN","1041",-0.34421333170778,-4.02067379147557,0.000112110322270869
"ENSG00000133169","BEX1","55859",-0.371102949075798,-4.01900923147083,0.000112850076596755
"ENSG00000100344","PNPLA3","80339",0.253559036953215,4.00894476805403,0.000117632010894416
"ENSG00000227591","RP1-28O10.1","101930114",0.388107854372082,4.00728186856375,0.000118405340168336
"ENSG00000244124","ATP1B3-AS1",NA,0.333991348940054,4.00694257682178,0.000118530310300097
"ENSG00000156298","TSPAN7","7102",-0.192159385297529,-4.00247518874935,0.000120705813562315
"ENSG00000213199","ASIC3","9311",-0.249482854309659,-4.00228664620408,0.000120757527908076
"ENSG00000173641","HSPB7","27129",-0.161137497007292,-3.99939513726486,0.000122171022605539
"ENSG00000105642","KCNN1","3780",0.182097567999603,3.99888766161997,0.000122385028045999
"ENSG00000129244","ATP1B2","482",-0.141977310928461,-3.9977985757935,0.000122895273895159
"ENSG00000140090","SLC24A4","123041",0.198129839901185,3.99407637121567,0.000124760845591452
"ENSG00000162367","TAL1","6886",-0.18003170100582,-3.99296805306601,0.000125290414393079
"ENSG00000117834","SLC5A9","200010",0.212322256427736,3.9915520352639,0.000125982443651188
"ENSG00000106327","TFR2","7036",0.249794349711714,3.9862875612769,0.000128710388639803
"ENSG00000245812","RP11-175K6.1","101927740",-0.184666726998162,-3.98188716838482,0.000131025779772796
"ENSG00000178919","FOXE1","2304",0.207655078150334,3.97579668058917,0.000134313707222255
"ENSG00000211976","IGHV3-73","28409",0.264645521400471,3.97281645250787,0.000135926395003819
"ENSG00000224114","RP11-343H5.4","100271063",-0.338437396249849,-3.9703800022324,0.000137249579970348
"ENSG00000124253","PCK1","5105",-0.286495731064762,-3.96886377807549,0.000138060771400612
"ENSG00000196159","FAT4","79633",-0.198388872371511,-3.96787257218207,0.000138576620716446
"ENSG00000007171","NOS2","4843",0.159525970077455,3.96437184372291,0.000140538243453821
"ENSG00000133216","EPHB2","2048",0.167495997609981,3.96015481481324,0.000142946377847604
"ENSG00000279041","CTD-2373N4.3",NA,-0.214695626825258,-3.95843250173829,0.000143911125697096
"ENSG00000102010","BMX","660",-0.226152318754348,-3.9548668583914,0.000145956947402525
"ENSG00000173404","INSM1","3642",-0.316926068052484,-3.9548245211626,0.000145956947402525
"ENSG00000064655","EYA2","2139",0.190698685248088,3.95264496216145,0.000147216851129704
"ENSG00000132698","RAB25","57111",-0.0596828420235849,-3.95196894900312,0.0001475739383006
"ENSG00000238018","AC093110.3",NA,0.301730984743262,3.95096879317396,0.000148128692086979
"ENSG00000170370","EMX2","2018",-0.12044087190455,-3.95069802007129,0.000148202354893162
"ENSG00000239246","RP11-464D20.2","100271548",0.138943221952834,3.95067646161753,0.000148202354893162
"ENSG00000124429","POF1B","79983",-0.250141784819199,-3.94834519027159,0.000149573527745839
"ENSG00000089472","HEPH","9843",0.152247041528015,3.94420930568374,0.000152076890394289
"ENSG00000272512","RP11-54O7.17",NA,0.2466267561614,3.94411343331874,0.000152083297996274
"ENSG00000204983","PRSS1","5644",0.27307208915084,3.94278854550405,0.000152857171377058
"ENSG00000122188","LAX1","54900",0.256338656395853,3.94128537281385,0.000153746927170814
"ENSG00000165188","RNF183","138065",-0.30385660083358,-3.94079934597949,0.000153999163923482
"ENSG00000150275","PCDH15","65217",0.205441302449247,3.93935742806926,0.00015485637140953
"ENSG00000125657","TNFSF9","8744",0.19469674692274,3.93821879766295,0.000155525009071774
"ENSG00000124212","PTGIS","5740",0.16189800891345,3.9360115215121,0.00015688043930007
"ENSG00000137959","IFI44L","10964",0.290336744047688,3.93344327092894,0.000158480624022966
"ENSG00000240247","DEFA1B","1667",0.140487964080662,3.93309351316364,0.000158651817600887
"ENSG00000163564","PYHIN1","149628",0.242168434840111,3.93265510268576,0.000158880737201267
"ENSG00000136383","ALPK3","57538",-0.154031172948447,-3.92758471869769,0.00016214798516934
"ENSG00000167711","SERPINF2","5345",0.188243965749309,3.92385776608369,0.000164574685486035
"ENSG00000162931","TRIM17","51127",0.283552524898988,3.92267797958577,0.000165310543105583
"ENSG00000154556","SORBS2","8470",0.201250613075415,3.92226022544988,0.000165534533688148
"ENSG00000149295","DRD2","1813",0.232904594132819,3.9191613728604,0.000167579686005094
"ENSG00000104369","JPH1","56704",0.206011211478881,3.91570340618621,0.000169896847319999
"ENSG00000157445","CACNA2D3","55799",-0.236770840335956,-3.91095678854038,0.00017314928609134
"ENSG00000154175","ABI3BP","25890",-0.207892929422445,-3.9063984226262,0.000176325553228032
"ENSG00000225746","SNHG23",NA,-0.272116935185416,-3.90195777038189,0.000179471004908166
"ENSG00000188517","COL25A1","84570",0.208911411892034,3.90029179281254,0.000180625364596924
"ENSG00000175084","DES","1674",0.180318618553967,3.8979183401951,0.000182308968032122
"ENSG00000100628","ASB2","51676",0.182397626983025,3.89717299429847,0.000182797081918409
"ENSG00000176788","BASP1","10409",-0.168897177286725,-3.8956585421862,0.000183858651067952
"ENSG00000258227","CLEC5A","23601",0.198148624582337,3.89483953709184,0.000184405708996402
"ENSG00000263934","SNORD3A",NA,0.313253004892898,3.89253532493897,0.000186070294518564
"ENSG00000121552","CSTA","1475",0.18963193310164,3.89108522354115,0.000187101010494213
"ENSG00000104892","KLC3","147700",0.119282651612494,3.88922745266869,0.000188447754053275
"ENSG00000109265","KIAA1211","57482",-0.210347355858162,-3.88906486785929,0.000188506305071226
"ENSG00000248690","HAS2-AS1","594842",0.209889060518012,3.88805325993945,0.000189213774515236
"ENSG00000265933","LINC00668","400643",0.295583638090607,3.8867380415633,0.000190157119567118
"ENSG00000005001","PRSS22","64063",-0.0839845011716646,-3.88528715835534,0.000191209750763371
"ENSG00000267206","LCN6","158062",-0.26939751508037,-3.88516222265149,0.000191240029261404
"ENSG00000154856","APCDD1","147495",0.176478602956506,3.88140500175515,0.000194098802069533
"ENSG00000078725","BRINP1","1620",0.257119403382799,3.87275657032178,0.00020092363236073
"ENSG00000149328","GLB1L2","89944",0.271296350020464,3.86954430712108,0.000203471450569285
"ENSG00000205362","MT1A","4489",-0.279888992828804,-3.86882581480277,0.000203990627084093
"ENSG00000185736","ADARB2","105",-0.291515482403154,-3.8686372985184,0.000204074937077018
"ENSG00000137648","TMPRSS4","56649",-0.213998860856079,-3.86398677145445,0.000207849372100869
"ENSG00000165023","DIRAS2","54769",0.23714306029674,3.86391362295906,0.000207849372100869
"ENSG00000077984","CST7","8530",0.202420519936078,3.86302963771012,0.000208517854738632
"ENSG00000227212","PFN1P6",NA,-0.293672448219415,-3.86119522493495,0.000209989554721699
"ENSG00000119508","NR4A3","8013",0.230633146497027,3.8587851246967,0.000211960960943292
"ENSG00000181449","SOX2","6657",-0.283237004357386,-3.85455092669446,0.000215523034743002
"ENSG00000101916","TLR8","51311",0.217876870603365,3.85318572593542,0.000216632805716355
"ENSG00000105668","UPK1A","11045",-0.299426021181061,-3.85026906732528,0.00021910771588776
"ENSG00000215915","ATAD3C","219293",-0.303177324491547,-3.84722533866645,0.000221722159904911
"ENSG00000048462","TNFRSF17","608",0.256570741213565,3.84188893159145,0.000226435783409655
"ENSG00000187037","GPR141","353345",-0.17433842942944,-3.83622888073314,0.000231543236345043
"ENSG00000172927","MYEOV","26579",0.227741997446271,3.83507887724863,0.000232530259868098
"ENSG00000118526","TCF21","6943",-0.175340536237529,-3.83219654226464,0.000235143525644297
"ENSG00000185101","ANO9","338440",-0.130925080352081,-3.82214172906011,0.00024468729590813
"ENSG00000101144","BMP7","655",0.186690316773935,3.81839242123725,0.000248284971459301
"ENSG00000175445","LPL","4023",0.204943496612117,3.81795771486862,0.000248629616607114
"ENSG00000182326","C1S","716",0.171695460345906,3.81429807450458,0.000252191756471643
"ENSG00000002746","HECW1","23072",0.207946866682396,3.81156630094122,0.000254859767020839
"ENSG00000252464","RN7SKP70","107057644",-0.291843986822176,-3.80997333414117,0.000256391021909088
"ENSG00000169174","PCSK9","255738",0.195572649827435,3.80908805471444,0.000257206452608166
"ENSG00000180535","BHLHA15","168620",0.213379520529384,3.80757719278336,0.000258666549731406
"ENSG00000009724","MASP2","10747",-0.182559593786484,-3.80427962452992,0.000261986801265675
"ENSG00000115956","PLEK","5341",0.19658177779898,3.80360945569429,0.000262594593720966
"ENSG00000160808","MYL3","4634",-0.211620148092951,-3.80292647412751,0.000263217107333734
"ENSG00000281457","AC010168.1",NA,-0.272190639488539,-3.80242912535357,0.000263646708212406
"ENSG00000142512","SIGLEC10","89790",0.178269351284769,3.79997438651646,0.000266135788213075
"ENSG00000234743","EIF5AP4",NA,0.0486732529470995,3.79642968860271,0.000269810157934833
"ENSG00000132000","PODNL1","79883",-0.198755069248699,-3.79155672685716,0.000274974635888142
"ENSG00000162174","ASRGL1","80150",0.279257878133451,3.7874201365068,0.000279417068713915
"ENSG00000134955","SLC37A2","219855",-0.21193034575015,-3.78728602143355,0.000279469555151687
"ENSG00000179292","TMEM151A","256472",0.271180214871986,3.78502134595069,0.000281886889902888
"ENSG00000185518","SV2B","9899",0.202848361007577,3.78193018890089,0.000285253769306267
"ENSG00000105464","GRIN2D","2906",0.193273387908927,3.7813835875014,0.000285772515502764
"ENSG00000247809","NR2F2-AS1","644192",0.163111070134312,3.77980813387337,0.000287457713480834
"ENSG00000143476","DTL","51514",0.140054272360686,3.77902256933121,0.000288252046828755
"ENSG00000073670","ADAM11","4185",0.194158609020779,3.76979234138758,0.000298835839545678
"ENSG00000267060","PTGES3L","100885848",0.18724296444686,3.76712691068809,0.000301886141963411
"ENSG00000180383","DEFB124","245937",0.253489151642961,3.76290072689039,0.000306843939888734
"ENSG00000226306","NPY6R",NA,-0.273323484541767,-3.75999327668174,0.000310265967842267
"ENSG00000197561","ELANE","1991",-0.2673229432465,-3.75796404061587,0.000312643307500675
"ENSG00000233930","KRTAP5-AS1","338651",-0.214727935585977,-3.75459439078803,0.000316700183238831
"ENSG00000146215","CRIP3","401262",0.278502759493219,3.75365859940334,0.000317757242839085
"ENSG00000005844","ITGAL","3683",-0.204162828341541,-3.75115254787495,0.000320787884451196
"ENSG00000197406","DIO3","1735",-0.252157042077478,-3.74951720239382,0.00032274192580317
"ENSG00000163395","IGFN1","91156",-0.233331111894832,-3.74932169588508,0.000322879357958456
"ENSG00000138669","PRKG2","5593",-0.204520348578876,-3.74870072856488,0.000323556160819968
"ENSG00000166501","PRKCB","5579",0.224535639351556,3.74740414453156,0.000325094092551738
"ENSG00000163618","CADPS","8618",-0.141917255889614,-3.74528289002841,0.000327695943570981
"ENSG00000211965","IGHV3-49","28423",0.218611509628938,3.74012090435823,0.000334272297670121
"ENSG00000211655","IGLV1-36","28826",0.289057444350317,3.73761339162521,0.00033745236858637
"ENSG00000227733","RP4-565E6.1","101927468",-0.222808804425222,-3.73459242556196,0.000341345079462999
"ENSG00000142661","MYOM3","127294",-0.128612116601797,-3.73322517545492,0.00034305682221737
"ENSG00000197353","LYPD2","137797",0.171605578207114,3.73238853031208,0.000344062842236355
"ENSG00000171772","SYCE1","93426",-0.275980731853198,-3.73190779803992,0.000344592333140844
"ENSG00000184486","POU3F2","5454",0.220005963947524,3.73160784840899,0.000344879042686484
"ENSG00000141433","ADCYAP1","116",0.2901325674438,3.72574422509581,0.000352742191313164
"ENSG00000075035","WSCD2","9671",-0.204951196115788,-3.72321262665426,0.000356120156856989
"ENSG00000205502","C2CD4B","388125",-0.224313879554356,-3.72207742585163,0.000357577770312945
"ENSG00000273338","RP11-386I14.4",NA,0.320836140310122,3.72028008122563,0.000359968236718086
"ENSG00000241755","IGKV1-9","28941",0.18639784144848,3.71893952674926,0.000361729737914387
"ENSG00000265206","RP5-1171I10.5","123466215",0.212754646158959,3.71436117605909,0.000368107957414041
"ENSG00000134184","GSTM1","2944",-0.39365246094376,-3.70993625871784,0.000374368365403304
"ENSG00000166924","NYAP1","222950",0.211442934902417,3.70522618644491,0.000381150238459088
"ENSG00000261685","RP11-401P9.4",NA,-0.193662395881577,-3.69886520953279,0.000390538664220592
"ENSG00000223485","RP11-417E7.1","101929484",0.12961111936261,3.69507818001992,0.000396176458443799
"ENSG00000003249","DBNDD1","79007",0.159421369872962,3.69223879734693,0.000400419535254009
"ENSG00000151725","CENPU","79682",0.161980386304587,3.69148408893553,0.000401454752327342
"ENSG00000006327","TNFRSF12A","51330",0.162898943286788,3.68886227417751,0.000405409528070648
"ENSG00000133477","FAM83F","113828",0.0962860779649936,3.6863551328272,0.000409219392059476
"ENSG00000184515","BEX5","340542",-0.202603168645641,-3.68330844041507,0.000413924401536912
"ENSG00000138028","CGREF1","10669",0.184270402078328,3.68276731667301,0.000414561818038838
"ENSG00000231170","AC002451.3",NA,-0.317121344117095,-3.68273498653098,0.000414561818038838
"ENSG00000167701","GPT","2875",0.280221066518676,3.68260770836297,0.000414625576455596
"ENSG00000050555","LAMC3","10319",0.203469480945587,3.6819789488049,0.000415493061538747
"ENSG00000216490","IFI30","10437",0.14249577929656,3.68078699361052,0.000417268343928161
"ENSG00000137975","CLCA2","9635",-0.270422848847444,-3.67446713847633,0.000427419534559626
"ENSG00000277351","RP11-325L12.6",NA,0.263558167503781,3.6732165448804,0.000429339404034013
"ENSG00000138061","CYP1B1","1545",0.201179786573038,3.67252602281984,0.000430337959153301
"ENSG00000146674","IGFBP3","3486",0.111979366586133,3.67223227500359,0.000430680011628189
"ENSG00000196091","MYBPC1","4604",0.266896310537747,3.67093485167698,0.000432691606379667
"ENSG00000134121","CHL1","10752",-0.19860570367782,-3.67024179754352,0.000433701719516296
"ENSG00000004776","HSPB6","126393",-0.181194182064728,-3.66669151363535,0.000439520145693694
"ENSG00000226686","LINC01535","101927667",0.221706574248467,3.65598406562543,0.000457824427582855
"ENSG00000103175","WFDC1","58189",0.169844959485423,3.65382255372562,0.000461481294278721
"ENSG00000211934","IGHV1-2","28474",0.221976279054808,3.65260925857239,0.00046347753740217
"ENSG00000267459","AC006116.27",NA,-0.229929742465869,-3.65222341442391,0.000464007666605799
"ENSG00000140092","FBLN5","10516",0.15451238050766,3.64443565613262,0.000477896904059318
"ENSG00000232079","AL035610.1","284825",-0.258973378788976,-3.64359885670682,0.000479268543329237
"ENSG00000211638","IGLV8-61","28774",0.264537655477535,3.64307281096847,0.000480072825431918
"ENSG00000120068","HOXB8","3218",-0.134124881866839,-3.63125169620141,0.000502081620689851
"ENSG00000165794","SLC39A2","29986",0.211431311599126,3.62786441253505,0.000508438607328194
"ENSG00000173991","TCAP","8557",-0.202348047494912,-3.62518250911497,0.00051348924366005
"ENSG00000187474","FPR3","2359",0.154113713113568,3.62393151489728,0.000515768861265595
"ENSG00000065534","MYLK","4638",0.173225733289818,3.62015975783375,0.000523052349178387
"ENSG00000184601","C14orf180","400258",-0.295802158283959,-3.6199585594966,0.000523277506178703
"ENSG00000167286","CD3D","915",0.176835334566116,3.61750013605079,0.000528016813535677
"ENSG00000171564","FGB","2244",-0.298045005035349,-3.61573370775892,0.000531396739253313
"ENSG00000211970","IGHV4-61","28391",0.21593794918065,3.61467017464783,0.000533370398184881
"ENSG00000145113","MUC4","4585",0.205947186239789,3.61365231036775,0.000535258025570129
"ENSG00000163631","ALB","213",-0.228144755011017,-3.6125935302405,0.000537235378093453
"ENSG00000243709","LEFTY1","10637",-0.225776790712616,-3.61085095111591,0.000540621388673997
"ENSG00000268942","CKS1BP3",NA,0.24460831587899,3.60927990278266,0.000543673273439224
"ENSG00000078549","ADCYAP1R1","117",-0.141185286412556,-3.60708873639511,0.000548028938686321
"ENSG00000279208","bP-21264C1.1",NA,-0.289815011615916,-3.60699391197917,0.000548042927067763
"ENSG00000225950","NTF4","4909",0.197373478063181,3.60335835094553,0.000555464155079677
"ENSG00000158859","ADAMTS4","9507",0.144246643333325,3.6024906251903,0.000557107616575863
"ENSG00000137745","MMP13","4322",-0.169744729396157,-3.60238943896593,0.000557135234545966
"ENSG00000175170","FAM182B",NA,-0.212545945197986,-3.5984722658315,0.000565273587977727
"ENSG00000176868","RP11-334J6.7",NA,-0.317072950794374,-3.5962433069401,0.00056987203537953
"ENSG00000038945","MSR1","4481",-0.162083540541575,-3.58928890547717,0.000584857898446081
"ENSG00000135917","SLC19A3","80704",0.270206140902543,3.58857459147658,0.000586088453933264
"ENSG00000235026","DPP10-AS1","389023",0.292596478923845,3.58855591479984,0.000586088453933264
"ENSG00000240864","IGKV1-16","28938",0.189785036444219,3.5836597707849,0.000596821299387364
"ENSG00000244575","IGKV1-27","28935",0.185513926067021,3.5827937746939,0.000598574553877134
"ENSG00000253671","RP11-806O11.1",NA,-0.223292646712502,-3.58030654602974,0.000604013067571307
"ENSG00000143185","XCL2","6846",0.201568430679682,3.57993981390771,0.000604647251231574
"ENSG00000196990","FAM163B","642968",0.219499930633189,3.57848636863635,0.000607765693134461
"ENSG00000163814","CDCP1","64866",0.133944933411072,3.57659773452525,0.000611901183476703
"ENSG00000105270","CLIP3","25999",-0.1295933705891,-3.5746385260119,0.000616226586488321
"ENSG00000092529","CAPN3","825",0.160760728262668,3.57386360300243,0.000617821126084953
"ENSG00000234961","RP11-124N14.3",NA,0.228955460772462,3.56569235871843,0.000636884651142684
"ENSG00000104321","TRPA1","8989",-0.207407119383871,-3.56556850471845,0.000636969380195461
"ENSG00000187546","AGMO","392636",0.203800076159358,3.56437099476461,0.000639573977300441
"ENSG00000133687","TMTC1","83857",-0.220584463577331,-3.56430506578684,0.000639573977300441
"ENSG00000274248","AJ011932.1","101928796",0.275185460674657,3.56401358629578,0.000640061888627675
"ENSG00000113645","WWC1","23286",-0.077491960856845,-3.56256110643256,0.000643347897909379
"ENSG00000226777","KIAA0125","9834",0.234062542787578,3.56052576724272,0.000647754908673753
"ENSG00000135447","PPP1R1A","5502",0.210542568031487,3.56049254857521,0.000647754908673753
"ENSG00000125851","PCSK2","5126",-0.271352118327025,-3.56047672131375,0.000647754908673753
"ENSG00000270704","RP11-701H24.5",NA,-0.309310677764161,-3.55602215653507,0.000658446318795885
"ENSG00000146469","VIP","7432",-0.19365944546672,-3.55436367955404,0.000662331066935595
"ENSG00000243509","TNFRSF6B","8771",0.325310661840156,3.55282654443444,0.000665934517574694
"ENSG00000164318","EGFLAM","133584",-0.116354022456094,-3.54831489050587,0.000677050031681482
"ENSG00000159618","ADGRG5","221188",0.218985258783034,3.54772853270946,0.00067831203500816
"ENSG00000108823","SGCA","6442",-0.181523843303609,-3.54749636597055,0.000678676739368349
"ENSG00000073737","DHRS9","10170",-0.192821425447775,-3.54712851238473,0.000679386310322088
"ENSG00000137463","MGARP","84709",-0.173162735781214,-3.54528980313642,0.000683846522355921
"ENSG00000113263","ITK","3702",0.234557628200206,3.5451221149594,0.000684049208019633
"ENSG00000167588","GPD1","2819",-0.263545585558354,-3.54425478260314,0.000686043434013011
"ENSG00000174567","GOLT1A","127845",-0.0947242671515098,-3.54380005236062,0.000686983235288926
"ENSG00000077942","FBLN1","2192",-0.129866800310056,-3.54183976128027,0.000691803874331255
"ENSG00000167748","KLK1","3816",0.182797690339027,3.53572712358109,0.000707532933690926
"ENSG00000256164","CCND2-AS1",NA,-0.260740290983342,-3.53374750238987,0.000712539125870903
"ENSG00000230373","GOLGA6L5P","100133220",0.182568744226713,3.53166288172183,0.000717859045354684
"ENSG00000108309","RUNDC3A","10900",-0.224146496769264,-3.53147853750545,0.000718115441178492
"ENSG00000132185","FCRLA","84824",0.207142066270737,3.52969343980864,0.000722667636030951
"ENSG00000125998","FAM83C","128876",0.175431434576078,3.52950836738679,0.000722927630565731
"ENSG00000118160","SLC8A2","6543",-0.253447747273882,-3.52774714526078,0.00072744354137779
"ENSG00000226007","RP11-211N8.2",NA,0.313729363674971,3.52749396435951,0.000727889661079082
"ENSG00000185070","FLRT2","23768",-0.168613519854227,-3.52714374527325,0.000728599158410144
"ENSG00000128285","MCHR1","2847",-0.20344026761197,-3.52627172934801,0.000730726702977588
"ENSG00000248101","AC002116.8",NA,0.335695008301577,3.52391198855089,0.000736926279235218
"ENSG00000279312","RP3-331H24.7",NA,-0.216988316803967,-3.52342594597241,0.000738016604151166
"ENSG00000102385","DRP2","1821",-0.143712278689201,-3.52251376826867,0.000740280240449113
"ENSG00000211652","IGLV7-43","28776",0.218819476710262,3.52237661969845,0.000740414420065439
"ENSG00000131409","LRRC4B","94030",-0.177887460842225,-3.52191884127027,0.000741431757362258
"ENSG00000275966","RP11-1055B8.9",NA,0.344123666940382,3.52173976024198,0.000741681829897973
"ENSG00000198780","FAM169A","26049",-0.265800751612539,-3.52001992871635,0.000746191769975145
"ENSG00000149527","PLCH2","9651",-0.193102954322607,-3.51630754017155,0.000756301321060038
"ENSG00000130176","CNN1","1264",-0.13340167168128,-3.51550560524911,0.000758306814405499
"ENSG00000136160","EDNRB","1910",-0.144016353766654,-3.51495943107773,0.00075959609840218
"ENSG00000267580","CTD-2540B15.11",NA,-0.103201675850239,-3.51368433275516,0.000762947713443557
"ENSG00000132026","RTBDN","83546",-0.271020798442286,-3.50669312141077,0.000782717964688379
"ENSG00000164294","GPX8","493869",-0.112690771941452,-3.50587114667155,0.000784846632159039
"ENSG00000281103","TRG-AS1","100506776",0.192263779765624,3.50260638423115,0.000794126795270017
"ENSG00000260418","RP3-406A7.7",NA,0.0943360725112255,3.50079537238485,0.000799202100665536
"ENSG00000164161","HHIP","64399",-0.230653742566138,-3.50000804660277,0.000801269715568763
"ENSG00000107295","SH3GL2","6456",0.22999084820717,3.4966448601711,0.000811025194895148
"ENSG00000174332","GLIS1","148979",-0.175857123101229,-3.49185821934044,0.000825214687320434
"ENSG00000120693","SMAD9","4093",0.146887169979606,3.49130717812875,0.000826623769036255
"ENSG00000123360","PDE1B","5153",-0.151021780310372,-3.49087648424535,0.00082766760980649
"ENSG00000152932","RAB3C","115827",-0.263565876087787,-3.48223045394346,0.000853942202393199
"ENSG00000134193","REG4","83998",-0.216683373369007,-3.48221814112495,0.000853942202393199
"ENSG00000279535","AC113188.2",NA,-0.19297010776594,-3.47914498977672,0.000863371500643667
"ENSG00000175130","MARCKSL1","65108",0.105850202207588,3.47782708137316,0.000867283122385256
"ENSG00000106976","DNM1","1759",-0.14958548427163,-3.4774765855133,0.000868118220340414
"ENSG00000145649","GZMA","3001",0.177704125745122,3.47700428949855,0.000869343310411264
"ENSG00000205221","VIT","5212",0.163715775600082,3.47545321114526,0.000874028694722165
"ENSG00000160791","CCR5","1234",0.16977380579614,3.47166830009335,0.000885976197801885
"ENSG00000211933","IGHV6-1","28385",0.247656607787431,3.46646307813531,0.00090276580781888
"ENSG00000211967","IGHV3-53","28420",0.222471142294731,3.46539228133891,0.000906021762546697
"ENSG00000129194","SOX15","6665",0.216756908748847,3.46333403881714,0.000912584822709117
"ENSG00000187867","PALM3","342979",-0.181341837384733,-3.46240816015218,0.000915387558102996
"ENSG00000204475","NCR3","259197",0.239975392340216,3.45973151276358,0.000924103396885923
"ENSG00000145247","OCIAD2","132299",0.0953122003891182,3.45899053064437,0.000926311848206666
"ENSG00000063015","SEZ6","124925",-0.258050038354261,-3.45884708814642,0.000926496900884359
"ENSG00000068831","RASGRP2","10235",0.168653279784211,3.45755934298544,0.000930570613865163
"ENSG00000145526","CDH18","1016",-0.259193024370102,-3.45716311177048,0.000931617754851603
"ENSG00000104918","RETN","56729",0.247379269030447,3.45665091505824,0.000933061772668554
"ENSG00000178162","FAR2P2",NA,-0.258396988688446,-3.45634770768489,0.000933793829745309
"ENSG00000182836","PLCXD3","345557",-0.236434781465333,-3.4560694418049,0.000934441235638339
"ENSG00000116824","CD2","914",0.181516587465131,3.45534269541736,0.000936624039741416
"ENSG00000224650","IGHV3-74","28408",0.197548515131672,3.45384298498072,0.000941468283328506
"ENSG00000270505","IGHV1OR15-1",NA,0.216891105307544,3.45071490837435,0.000951678057252612
"ENSG00000281179","RP11-294C11.4",NA,0.216876036987948,3.4507136619764,0.000951678057252612
"ENSG00000104722","NEFM","4741",-0.199882565150712,-3.44563093582905,0.000969175745117548
"ENSG00000135253","KCP","375616",0.153551562616377,3.44553751374289,0.000969175745117548
"ENSG00000149948","HMGA2","8091",0.163144889881282,3.44545620570507,0.000969175745117548
"ENSG00000274576","IGHV2-70","28454",0.240411157121037,3.4424960650369,0.000979376975520571
"ENSG00000139540","SLC39A5","283375",-0.211776636788935,-3.43424698577287,0.00100891690388471
"ENSG00000188761","BCL2L15","440603",-0.19688866382004,-3.43095128944737,0.00102075055469913
"ENSG00000105278","ZFR2","23217",0.314085558333327,3.43048710144095,0.00102214341897156
"ENSG00000211660","IGLV2-23","28813",0.165035871924453,3.43020469656085,0.00102286213506973
"ENSG00000148408","CACNA1B","774",0.226792096297614,3.42898018238867,0.00102709134372758
"ENSG00000157782","CABP1","9478",-0.125149832857308,-3.42711373448218,0.00103374396853117
"ENSG00000133661","SFTPD","6441",-0.158020535514393,-3.42549018556352,0.00103951958439145
"ENSG00000215218","UBE2QL1","134111",-0.168389575085282,-3.42419594696394,0.00104407671574054
"ENSG00000087116","ADAMTS2","9509",-0.174571650222979,-3.42364243822375,0.00104583800879137
"ENSG00000204851","PNMAL2","57469",0.154585339970044,3.42162486030817,0.00105318014702431
"ENSG00000267045","AC006126.4",NA,-0.141919233989104,-3.42054640310101,0.00105696553997448
"ENSG00000245164","LINC00861","100130231",0.258463579678021,3.41557724320651,0.00107582133162813
"ENSG00000169116","PARM1","25849",-0.156644719321092,-3.41239330353775,0.00108794073769539
"ENSG00000223756","TSSC2",NA,-0.155228656403257,-3.40936926401693,0.00109955091253493
"ENSG00000186818","LILRB4","11006",0.146462252636815,3.40687473676809,0.00110915196310216
"ENSG00000161649","CD300LG","146894",-0.247630070028837,-3.40426115043758,0.00111931181532638
"ENSG00000168427","KLHL30","377007",0.194091505602176,3.39930445110124,0.00113914634289728
"ENSG00000263968","RN7SL381P","106479362",-0.268864826433091,-3.398826052325,0.00114074593565342
"ENSG00000101198","NKAIN4","128414",-0.211479304487622,-3.39460791300786,0.00115784815915655
"ENSG00000169435","RASSF6","166824",-0.136109342599293,-3.39166601409677,0.00116980257860718
"ENSG00000144802","NFKBIZ","64332",-0.272084117111992,-3.38823334562627,0.00118395939331366
"ENSG00000188580","NKAIN2","154215",-0.186020088881767,-3.38763594632413,0.00118612422690859
"ENSG00000065320","NTN1","9423",0.186554709252264,3.3874388498342,0.00118658363698167
"ENSG00000243264","IGKV2D-29","28882",0.215442225357563,3.38627649040161,0.00119116986216301
"ENSG00000156475","PPP2R2B","5521",0.142432877750907,3.38596447348831,0.00119212353166963
"ENSG00000269936","RP11-394O4.5",NA,-0.122545152041795,-3.38318789416383,0.00120369006660461
"ENSG00000179314","WSCD1","23302",-0.146646340252895,-3.3821681120588,0.00120771891110964
"ENSG00000223573","TINCR","257000",0.246663003299444,3.38185182948062,0.00120870332457858
"ENSG00000185681","MORN5","254956",-0.24074111460772,-3.38130106309641,0.00121070740697164
"ENSG00000157551","KCNJ15","3772",0.1298605417137,3.38098158950941,0.00121170808802148
"ENSG00000225108","ZBTB45P1",NA,0.288784237025187,3.3798413455821,0.00121628754731719
"ENSG00000172733","PURG","29942",-0.166382801962249,-3.37528065566811,0.00123595195661159
"ENSG00000269968","RP5-940J5.9",NA,0.294241050554559,3.36897300343699,0.0012637901348979
"ENSG00000141622","RNF165","494470",0.185485306810142,3.36348595170025,0.0012884250770526
"ENSG00000016391","CHDH","55349",-0.133031487034926,-3.36196384448465,0.00129503758637128
"ENSG00000176971","FIBIN","387758",-0.134482141401584,-3.3618488923141,0.00129515486070626
"ENSG00000170891","CYTL1","54360",-0.162651682143358,-3.36137318292518,0.00129694270575402
"ENSG00000256462","RP11-116G8.5",NA,-0.243810478298339,-3.36005980797991,0.00130262422080509
"ENSG00000271723","MROH7-TTC4","100527960",0.248218883955927,3.35880393447972,0.00130806018118476
"ENSG00000281453","TGFB2-OT1","103611157",0.181290517507135,3.35822579568015,0.00131034355078329
"ENSG00000145362","ANK2","287",-0.140561462258281,-3.35805528745482,0.00131072226880471
"ENSG00000271730","RP11-787I22.3",NA,-0.310991612050676,-3.35733395230332,0.00131368121350089
"ENSG00000271959","CTD-3064M3.7",NA,0.181948143663145,3.35531979216531,0.00132273296422987
"ENSG00000273291","RP11-136C24.3",NA,0.201058430737411,3.35497863512463,0.0013239206405953
"ENSG00000129988","LBP","3929",0.245803918730133,3.35403160122026,0.00132797547932448
"ENSG00000139193","CD27","939",0.206778570798497,3.35145795418478,0.00133978680211938
"ENSG00000134376","CRB1","23418",0.204586016521736,3.35133761476485,0.00133993390140721
"ENSG00000165973","NELL1","4745",-0.298934315588513,-3.34627114312718,0.0013638933901383
"ENSG00000228401","RP11-251M1.1","101928612",-0.242303346839628,-3.34598462692182,0.00136484952384218
"ENSG00000118514","ALDH8A1","64577",-0.179172456481014,-3.34522543028614,0.00136810534686917
"ENSG00000142149","HUNK","30811",-0.190343292728565,-3.34312341846994,0.00137793341867829
"ENSG00000168077","SCARA3","51435",0.138253208235885,3.34086028409575,0.00138862165814989
"ENSG00000163689","C3orf67","200844",-0.137828979742712,-3.33977259420095,0.00139355530836129
"ENSG00000225329","LHFPL3-AS2",NA,-0.223724635665955,-3.33673344883968,0.00140823015556489
"ENSG00000111432","FZD10","11211",-0.149725428614504,-3.33645656877101,0.00140916656120025
"ENSG00000244528","SEPT14P2",NA,-0.26386624690733,-3.33398686799439,0.00142111948718051
"ENSG00000055118","KCNH2","3757",0.206496963362516,3.33351585083446,0.00142304346866838
"ENSG00000235033","RP11-61I13.3","100505635",-0.184609720701825,-3.33320011762401,0.00142395996930722
"ENSG00000225706","PTPRD-AS1","101929407",-0.179793572942315,-3.33315512186803,0.00142395996930722
"ENSG00000091129","NRCAM","4897",-0.177230407362432,-3.33267409380353,0.00142593835255493
"ENSG00000144596","GRIP2","80852",0.152280842953802,3.32933726776812,0.00144244810723529
"ENSG00000183918","SH2D1A","4068",0.22641945532651,3.3281661468725,0.00144798590663416
"ENSG00000143195","ILDR2","387597",-0.171527993161104,-3.3278284863264,0.00144925881910732
"ENSG00000183347","GBP6","163351",0.156690074844044,3.32674827683081,0.0014543524656463
"ENSG00000212952","RP11-475I24.9",NA,0.302557082924698,3.32540278465929,0.00146083391400869
"ENSG00000124143","ARHGAP40","343578",-0.269362952736991,-3.32501220190754,0.00146201801127615
"ENSG00000266844","RP11-862L9.3",NA,0.205290965328266,3.32493392229988,0.00146201801127615
"ENSG00000256663","RP11-424C20.2",NA,0.12805202745398,3.32490522711793,0.00146201801127615
"ENSG00000197576","HOXA4","3201",0.11120709630669,3.32428391533908,0.00146477241800104
"ENSG00000183166","CALN1","83698",-0.218213885868135,-3.32299404854605,0.00147100714412075
"ENSG00000198074","AKR1B10","57016",-0.189229086860696,-3.32027897242688,0.00148473001424219
"ENSG00000267458","CTC-425F1.4",NA,0.373410918956899,3.31846915919087,0.00149378538317581
"ENSG00000138316","ADAMTS14","140766",-0.172479730300726,-3.31756118803437,0.00149811137636094
"ENSG00000143028","SYPL2","284612",-0.114242147329738,-3.31554415516302,0.00150834531822526
"ENSG00000114013","CD86","942",0.143377452914597,3.31390030254741,0.00151664480730295
"ENSG00000132702","HAPLN2","60484",-0.223275665044208,-3.31360699497484,0.0015177358798414
"ENSG00000280178","AP000349.2",NA,-0.266928078360951,-3.31111360123477,0.00153066321961236
"ENSG00000198851","CD3E","916",0.189912735423675,3.30888129013209,0.00154227213985417
"ENSG00000168081","PNOC","5368",0.180988630480606,3.30655995790068,0.00155444974971594
"ENSG00000140323","DISP2","85455",-0.211925494020453,-3.30394889470377,0.00156831511246875
"ENSG00000226465","RP13-401N8.1",NA,-0.257107686042123,-3.29625229606834,0.00161084258685829
"ENSG00000139055","ERP27","121506",0.191798601281361,3.29580085494088,0.00161289076404723
"ENSG00000150782","IL18","3606",0.163410045070324,3.29195855185962,0.00163428541905478
"ENSG00000279618","CTD-2196E14.7",NA,-0.22561468268854,-3.29069291924853,0.00164104290275423
"ENSG00000146005","PSD2","84249",-0.1634850892542,-3.28916623794366,0.00164933563780377
"ENSG00000166148","AVPR1A","552",-0.115530477405202,-3.28863912632428,0.00165186697761825
"ENSG00000178233","TMEM151B","441151",0.202938178150912,3.28698406602756,0.00166095738925079
"ENSG00000133106","EPSTI1","94240",0.199221328138373,3.28567952252877,0.00166804381545801
"ENSG00000100033","PRODH","5625",-0.261461761544553,-3.28192012155591,0.00168962153999616
"ENSG00000178947","SMIM10L2A","399668",0.169440093901774,3.2807270811036,0.00169615848311226
"ENSG00000164520","RAET1E","135250",-0.205434375207179,-3.27998779725646,0.00170001745279963
"ENSG00000103196","CRISPLD2","83716",-0.168138918953739,-3.27904169193034,0.00170511783329918
"ENSG00000160654","CD3G","917",0.178992267501318,3.27715521155021,0.0017158657866564
"ENSG00000196581","AJAP1","55966",-0.160084678338237,-3.26951555903787,0.00176171984832457
"ENSG00000111249","CUX2","23316",-0.224248584371963,-3.26935971692878,0.00176212443456831
"ENSG00000180447","GAS1","2619",0.151034949133933,3.2674780810744,0.00177290277145156
"ENSG00000182566","CLEC4G","339390",0.274496628036485,3.26743177523437,0.00177290277145156
"ENSG00000163462","TRIM46","80128",0.178033783712197,3.26696052397457,0.00177526170734352
"ENSG00000004848","ARX","170302",-0.259623706984907,-3.26679191144339,0.00177574854964889
"ENSG00000261063","RP11-538I12.2",NA,-0.242892232728492,-3.26622110956158,0.00177872846723199
"ENSG00000165168","CYBB","1536",0.176316780598263,3.26130955816766,0.00180886588331446
"ENSG00000211658","IGLV3-27","28791",0.246757817558407,3.25480403140907,0.0018496982171857
"ENSG00000280282","LLNLR-259H9.1",NA,0.224554193924317,3.25461537863534,0.0018503316972536
"ENSG00000259134","LINC00924","145820",-0.17980609473635,-3.25236137386691,0.00186418338773896
"ENSG00000154118","JPH3","57338",-0.172823193296971,-3.25228907454882,0.00186418338773896
"ENSG00000154227","CERS3","204219",0.196844868793248,3.25119969299236,0.00187066555624014
"ENSG00000092051","JPH4","84502",-0.118323826401248,-3.25099599555069,0.00187140359111662
"ENSG00000251039","IGKV2D-40","28878",0.288836313530205,3.24499779499952,0.00191017009084029
"ENSG00000211689","TRGC1","6966",-0.219385774959747,-3.24489652723225,0.00191024330094252
"ENSG00000211751","TRBV25-1","28639",0.192269744787367,3.24380579792108,0.00191688146458498
"ENSG00000082497","SERTAD4","56256",0.125244899347578,3.24282324785787,0.00192281978278353
"ENSG00000188573","FBLL1","345630",-0.216882338415703,-3.24150096780927,0.00193104668554862
"ENSG00000237975","FLG-AS1",NA,-0.189626544404994,-3.23735931674084,0.00195832843263837
"ENSG00000223802","CERS1","10715",0.17859085785935,3.23633484194456,0.00196466951783879
"ENSG00000094804","CDC6","990",0.173802086738642,3.23294771671594,0.00198719881114776
"ENSG00000107518","ATRNL1","26033",-0.257937418396505,-3.23190479200402,0.00199375279504532
"ENSG00000236819","LINC01563","101060544",0.223698744194337,3.23171195620703,0.00199445943066395
"ENSG00000180921","FAM83H","286077",-0.0836925781342055,-3.22210576506225,0.00206105283197583
"ENSG00000187479","C11orf96","387763",-0.124511116077865,-3.21969078640946,0.00207762901292037
"ENSG00000141526","SLC16A3","9123",0.179593075487548,3.21596529223829,0.00210379688828507
"ENSG00000167880","EVPL","2125",-0.0806629291596201,-3.2148862462278,0.0021109652038202
"ENSG00000232224","LINC00202-1",NA,0.259296974600368,3.21434779341954,0.00211422060884262
"ENSG00000248441","LINC01197","400456",-0.143299493458167,-3.21220231722806,0.00212921551215139
"ENSG00000171724","VAT1L","57687",0.132977004067293,3.20839555251293,0.00215658186135302
"ENSG00000235288","RP11-70C1.3",NA,-0.274055572379896,-3.20653345578795,0.00216974082344555
"ENSG00000160183","TMPRSS3","64699",0.186567110301242,3.2060526183563,0.00217264918421443
"ENSG00000225932","CTAGE4",NA,-0.179694312614252,-3.2057407933805,0.00217429948004986
"ENSG00000175206","NPPA","4878",-0.211999737740452,-3.20447579682313,0.00218308040639037
"ENSG00000138080","EMILIN1","11117",-0.155901606550842,-3.20323878017508,0.00219168349300647
"ENSG00000260001","TGFBR3L","100507588",-0.302301979981302,-3.19994096430544,0.00221591760859072
"ENSG00000270412","RP11-92C4.6",NA,-0.113090821437275,-3.19803079885754,0.00222977551831703
"ENSG00000176697","BDNF","627",-0.24232713436702,-3.19402513671123,0.00225986426411222
"ENSG00000099958","DERL3","91319",0.179917278158833,3.18820703700383,0.00230455677659649
"ENSG00000172020","GAP43","2596",-0.116779148128546,-3.1879619400949,0.00230577157661053
"ENSG00000184343","SRPK3","26576",0.278392169998205,3.18761353693875,0.00230780144066711
"ENSG00000128713","HOXD11","3237",0.167070273827392,3.18681029235909,0.00231342439976468
"ENSG00000120322","PCDHB8","56128",-0.228888405137133,-3.18522588487429,0.00232525361820769
"ENSG00000106484","MEST","4232",-0.167677351694672,-3.1840068883546,0.00233416481232306
"ENSG00000267653","RP1-193H18.3",NA,-0.234515101315443,-3.18392369559174,0.00233416481232306
"ENSG00000162595","DIRAS3","9077",-0.202146841182659,-3.18294660466991,0.00234123503705603
"ENSG00000106631","MYL7","58498",-0.262502838069662,-3.18214247681063,0.00234693975346794
"ENSG00000204936","CD177","57126",-0.250325897254054,-3.17897424870907,0.00237169725810198
"ENSG00000253404","AC034243.1","105379194",-0.202708208576099,-3.17744514311074,0.0023833501273978
"ENSG00000066032","CTNNA2","1496",-0.210707555422445,-3.17551407258832,0.00239833628351509
"ENSG00000110076","NRXN2","9379",-0.146415080166595,-3.17349441504244,0.00241413659815922
"ENSG00000105967","TFEC","22797",0.169323072339911,3.17322793081939,0.00241557993701346
"ENSG00000138769","CDKL2","8999",-0.253464307464313,-3.17249145062224,0.00242089289890701
"ENSG00000271581","XXbac-BPG248L24.12",NA,0.147075426966709,3.17230359549443,0.00242169219896969
"ENSG00000132170","PPARG","5468",-0.142233982253221,-3.16947337611334,0.00244436082826306
"ENSG00000070388","FGF22","27006",-0.231329253670823,-3.1686991697596,0.00245004588391825
"ENSG00000048540","LMO3","55885",0.159379236333199,3.1644628624859,0.00248479468144513
"ENSG00000120251","GRIA2","2891",-0.274956257477145,-3.15991881586104,0.00252262740415865
"ENSG00000163519","TRAT1","50852",0.19508822330546,3.15836319323219,0.00253518580033013
"ENSG00000133317","LGALS12","85329",-0.220480572683017,-3.15589879357412,0.00255565832678292
"ENSG00000123610","TNFAIP6","7130",-0.123703060327224,-3.15386822068605,0.00257250108308637
"ENSG00000167654","ATCAY","85300",0.145018982904614,3.15269128560118,0.00258197512731389
"ENSG00000095713","CRTAC1","55118",0.185952783690148,3.15224201791022,0.00258510739823302
"ENSG00000035720","STAP1","26228",0.159440397808437,3.15066349279397,0.00259815150734388
"ENSG00000240204","SMKR1","100287482",-0.125139343708441,-3.14902076001619,0.00261182286487212
"ENSG00000239855","IGKV1-6","28943",0.184431261608467,3.14688024929778,0.00262998103875354
"ENSG00000274641","HIST1H2BO","8348",0.182248407108435,3.14622494104815,0.00263500031880322
"ENSG00000186235","AC016757.3","151174",0.276534837996102,3.14601114556547,0.002636093179202
"ENSG00000170231","FABP6","2172",0.256838667790913,3.1447854287623,0.00264621719603908
"ENSG00000111245","MYL2","4633",0.175237920485823,3.14023677503598,0.00268633678787831
"ENSG00000053918","KCNQ1","3784",-0.127330240834976,-3.13716166968068,0.0027135049023891
"ENSG00000100450","GZMH","2999",0.16901443016486,3.13377919389137,0.0027437637006675
"ENSG00000135842","FAM129A","116496",-0.190682336942126,-3.13355954998712,0.00274495047245491
"ENSG00000159184","HOXB13","10481",0.291146515185691,3.13145894338295,0.00276358294654557
"ENSG00000134531","EMP1","2012",0.130750579452918,3.13070129731745,0.00276978787040756
"ENSG00000267082","CTC-510F12.2",NA,-0.272166635797329,-3.12738395501025,0.00279943942378013
"ENSG00000078596","ITM2A","9452",-0.197916336499214,-3.12735299147983,0.00279943942378013
"ENSG00000164949","GEM","2669",-0.139661665578928,-3.12577436708902,0.0028128129410894
"ENSG00000226051","ZNF503-AS1","253264",0.195547453621395,3.1257526508098,0.0028128129410894
"ENSG00000006468","ETV1","2115",-0.121311068623035,-3.1220470764606,0.00284716965346911
"ENSG00000164236","ANKRD33B","651746",0.164033472353312,3.1207162255302,0.00285904080294559
"ENSG00000248309","MEF2C-AS1","101929423",0.236367150704907,3.11924576568997,0.0028723021377805
"ENSG00000187122","SLIT1","6585",-0.227629544540282,-3.11845572058628,0.00287904226161208
"ENSG00000203727","SAMD5","389432",0.165364763710629,3.11772022177922,0.00288526904429148
"ENSG00000279296","RP11-609D21.3",NA,0.236934574118156,3.1149287674762,0.00291150312750252
"ENSG00000118898","PPL","5493",0.114035960332872,3.11169942377685,0.0029422661202309
"ENSG00000100385","IL2RB","3560",0.186577315869554,3.11066146564495,0.00295160401875546
"ENSG00000280874","AC239868.2",NA,-0.121424623813748,-3.10985002973015,0.00295872538804968
"ENSG00000173705","SUSD5","26032",0.164303367445218,3.10790868060428,0.00297709379070167
"ENSG00000151322","NPAS3","64067",0.136920738345296,3.10715023928438,0.0029837424375287
"ENSG00000082482","KCNK2","3776",0.172848215380588,3.10668958510581,0.00298742883601902
"ENSG00000110786","PTPN5","84867",-0.148213269816147,-3.10221439468658,0.0030315122396301
"ENSG00000106511","MEOX2","4223",-0.13929544594364,-3.10197178255638,0.00303304290660151
"ENSG00000236698","EIF1AXP1",NA,0.137144282896146,3.10020136441649,0.00305009162280269
"ENSG00000180739","S1PR5","53637",0.144646057386237,3.09937505895194,0.00305758102821795
"ENSG00000104899","AMH","268",-0.252509378798014,-3.08779468859911,0.00317688812699217
"ENSG00000101938","CHRDL1","91851",0.189129241682343,3.08645759672796,0.00319007446148804
"ENSG00000233237","LINC00472","79940",-0.197820680303956,-3.08518788899945,0.00320259322924942
"ENSG00000277991","CH507-338C24.1","102723360",0.268495309676653,3.08432683592258,0.00321079331458134
"ENSG00000072182","ASIC4","55515",0.16487684055992,3.08317814486692,0.00322209041702663
"ENSG00000211951","IGHV2-26","28455",0.219147914200605,3.08249266158777,0.00322845263410456
"ENSG00000237641","RP11-690I21.1","100270971",-0.23409954021408,-3.082277393726,0.0032297782072343
"ENSG00000073282","TP63","8626",-0.171090468145757,-3.08134380881284,0.00323882184254985
"ENSG00000135094","SDS","10993",-0.108145259875286,-3.07972476573761,0.00325528746418329
"ENSG00000075826","SEC31B","25956",-0.166458016265171,-3.07049764341573,0.00335538325744781
"ENSG00000123342","MMP19","4327",-0.121460172242659,-3.0593427805072,0.0034803759585576
"ENSG00000169900","PYDC1","260434",-0.302824300172162,-3.05817300504012,0.00349277691305422
"ENSG00000145850","TIMD4","91937",0.172574681705643,3.05744106180851,0.0035001585471217
"ENSG00000157654","PALM2-AKAP2","445815",0.163364486574647,3.05287000516123,0.0035522330761572
"ENSG00000230953","RP4-631H13.6",NA,-0.273673537381621,-3.048813164244,0.00359891888209438
"ENSG00000104413","ESRP1","54845",0.0414948350713946,3.0484557167023,0.00360206137077678
"ENSG00000167641","PPP1R14A","94274",0.138002664904109,3.04212205276624,0.00367675470211081
"ENSG00000279204","RP11-175K6.2",NA,-0.133793464600944,-3.03995797420258,0.00370185902210955
"ENSG00000282164","RP11-570L14.2","359809",-0.155325811875086,-3.03769029596406,0.00372838679378685
"ENSG00000198075","SULT1C4","27233",-0.154134395695776,-3.03241815997392,0.00379225548069951
"ENSG00000162733","DDR2","4921",0.134342038888867,3.0274322326472,0.00385351172366506
"ENSG00000110448","CD5","921",0.190566081300579,3.02711109775484,0.00385639396497504
"ENSG00000117594","HSD11B1","3290",0.140261652346442,3.02563863846171,0.00387384117357691
"ENSG00000260230","FRRS1L","23732",0.188331549622027,3.02416483663056,0.00389137718792738
"ENSG00000112175","BMP5","653",0.22531089685527,3.0227149186674,0.00390868021680367
"ENSG00000198597","ZNF536","9745",-0.172247336242651,-3.01719088951099,0.00397862719692625
"ENSG00000269068","RP11-256I23.2",NA,0.249907094422309,3.01650220508181,0.00398637081884728
"ENSG00000181409","AATK","9625",-0.144341301617471,-3.01364685261967,0.00402244883774572
"ENSG00000268790","CTC-429P9.4",NA,-0.177048014521757,-3.01137445447637,0.00405112318813924
"ENSG00000124194","GDAP1L1","78997",-0.185808536450069,-3.01118365023411,0.00405241647981665
"ENSG00000087258","GNAO1","2775",-0.177035119825994,-3.00825371937955,0.00409003048769919
"ENSG00000156535","CD109","135228",0.174207717426831,3.00791559541433,0.00409329712045794
"ENSG00000137960","GIPC2","54810",-0.1452199362135,-3.00757020327384,0.00409666322192783
"ENSG00000243290","IGKV1-12","28940",0.210295201319724,3.00523295848167,0.00412668770198559
"ENSG00000012504","NR1H4","9971",0.116381012121225,3.00015380710845,0.00419411142442545
"ENSG00000211772","TRBC2","28638",0.196643938382409,2.99886195419086,0.00421047193415434
"ENSG00000154263","ABCA10","10349",-0.176796024662389,-2.99829703828927,0.00421692827407121
"ENSG00000276775","IGHV4-4","28401",0.238037777154468,2.9973198767347,0.00422904829846439
"ENSG00000211669","IGLV3-10","28803",0.185854055656108,2.99560680574107,0.00425133762055952
"ENSG00000225217","HSPA7","3311",0.159736362751517,2.99547630855527,0.00425185540592516
"ENSG00000235531","MSC-AS1","100132891",-0.137391275818808,-2.9917063590556,0.00430284508009841
"ENSG00000281134","AC239868.3",NA,-0.117921096199993,-2.98762489777661,0.00435878397793633
"ENSG00000146477","SLC22A3","6581",0.170198105120626,2.9869306801233,0.00436690129600108
"ENSG00000127129","EDN2","1907",0.128551224739893,2.98686387153891,0.00436690129600108
"ENSG00000198203","SULT1C2","6819",-0.160805490476587,-2.98500667817022,0.00439089929832941
"ENSG00000278771","Metazoa_SRP","378707",0.187976325501423,2.98498378783524,0.00439089929832941
"ENSG00000155961","RAB39B","116442",-0.213554242408917,-2.98411482314673,0.00440193125953201
"ENSG00000171450","CDK5R2","8941",0.205296262616988,2.9836651671064,0.00440701008420955
"ENSG00000175643","RMI2","116028",0.122095405689632,2.97778780176472,0.00449013510117681
"ENSG00000116132","PRRX1","5396",-0.105194048688811,-2.97104280885201,0.0045874941458265
"ENSG00000089127","OAS1","4938",-0.179306207265624,-2.96578137431691,0.00466446232798107
"ENSG00000276691","RP5-1057I20.5",NA,-0.238255037350851,-2.96362529059473,0.00469550875574991
"ENSG00000226453","RP11-379B8.1","102724168",0.202907907051968,2.96255887297604,0.0047102188092554
"ENSG00000170509","HSD17B13","345275",-0.227450637104871,-2.96163416555936,0.00472281945840404
"ENSG00000053328","METTL24","728464",-0.169500458759238,-2.95773013666291,0.00478097381145399
"ENSG00000060709","RIMBP2","23504",-0.180291265977429,-2.95530264671629,0.00481691454267318
"ENSG00000176387","HSD11B2","3291",-0.107665899530655,-2.95154151622762,0.00487388817375099
"ENSG00000153563","CD8A","925",0.179197229519158,2.95109422599123,0.00487941488640387
"ENSG00000215808","LINC01139","339535",0.206833922469823,2.95049195596182,0.00488737330211158
"ENSG00000134827","TCN1","6947",-0.222818974368693,-2.94980223451814,0.00489671489630729
"ENSG00000165887","ANKRD2","26287",-0.165887034674569,-2.94850812150429,0.00491557620705099
"ENSG00000211625","IGKV3D-20","28874",0.187952136383902,2.9459410955271,0.00495464355262081
"ENSG00000226065","ZBTB45P2",NA,0.192812772731068,2.94547216657178,0.00496059629614874
"ENSG00000141738","GRB7","2886",-0.0963438025393959,-2.94516247429773,0.00496402667454453
"ENSG00000175497","DPP10","57628",0.243683669604375,2.94207364813483,0.00501179332337148
"ENSG00000169860","P2RY1","5028",0.130586416805733,2.94046519103747,0.00503610978938585
"ENSG00000171246","NPTX1","4884",-0.167167716797203,-2.93911626454812,0.00505634096212622
"ENSG00000255201","RP11-350N15.4",NA,-0.202382040775786,-2.93696784950645,0.0050896162395977
"ENSG00000173372","C1QA","712",0.110470304754199,2.93472416795911,0.00512464659652642
"ENSG00000182870","GALNT9","50614",0.192181117282477,2.93391047316621,0.00513642633090662
"ENSG00000163508","EOMES","8320",0.204208321830222,2.93049669962081,0.00519106407577511
"ENSG00000273108","RP11-416N2.4",NA,-0.193301918994407,-2.92815861878747,0.00522829703669439
"ENSG00000091583","APOH","350",0.0909845877810135,2.92549217807859,0.00527003014437638
"ENSG00000225670","CADM3-AS1",NA,-0.205468662070786,-2.92547260581976,0.00527003014437638
"ENSG00000108813","DLX4","1748",0.191546476840247,2.92478727090603,0.00527995492592431
"ENSG00000272927","RP11-1191J2.5",NA,-0.204598516077245,-2.92370838904421,0.00529652017880987
"ENSG00000131459","GFPT2","9945",0.114272310479016,2.92320161167046,0.00530347884427798
"ENSG00000211632","IGKV3D-11","28876",0.200761766718718,2.92121495173675,0.00533547905521188
"ENSG00000169181","GSG1L","146395",-0.206729927181397,-2.91947056534119,0.00536352584628254
"ENSG00000013297","CLDN11","5010",-0.152163437642696,-2.9178608965247,0.0053894007856674
"ENSG00000135298","ADGRB3","577",-0.146408784857088,-2.9160974809974,0.00541803068397274
"ENSG00000124507","PACSIN1","29993",-0.12286819804474,-2.91360047015143,0.00545948208942673
"ENSG00000230943","RP11-367G18.1","101927686",0.20122650619566,2.91224187641865,0.00548141184321453
"ENSG00000156738","MS4A1","931",0.226655649877276,2.91111872833662,0.00549931757626041
"ENSG00000249590","RP4-539M6.19",NA,-0.0805334050027258,-2.91015728483336,0.00551445107764711
"ENSG00000227053","RP11-395B7.4","102724094",-0.179715303201604,-2.9085855055702,0.00554031804221728
"ENSG00000224272","AC114730.3","124905349",-0.227763167274965,-2.90676865388951,0.00557061286029987
"ENSG00000154914","USP43","124739",0.0864051755256788,2.90250336966341,0.00564458229787839
"ENSG00000129596","CDO1","1036",-0.14044206236503,-2.90040782769931,0.00568039031068633
"ENSG00000184672","RALYL","138046",0.188334629645231,2.89575367408498,0.00576274353459911
"ENSG00000259460","RP11-128A17.1",NA,0.241816311613969,2.89565869264843,0.00576275880207254
"ENSG00000186810","CXCR3","2833",0.134585747280161,2.89072571421904,0.00585132850888681
"ENSG00000111816","FRK","2444",-0.127424470425158,-2.88892273201509,0.00588289924077373
"ENSG00000230798","FOXD3-AS1","100996301",0.202322097152721,2.88255834895961,0.0060000738525381
"ENSG00000099957","P2RX6","9127",-0.187095922745449,-2.8810698014162,0.00602641359201293
"ENSG00000099834","CDHR5","53841",0.16183082224385,2.88064758970582,0.00603262205833814
"ENSG00000211721","TRBV6-5","28602",0.184013180984003,2.87739311030476,0.00609276804804814
"ENSG00000118407","FILIP1","27145",-0.107455909082578,-2.87689358460103,0.00609996209979235
"ENSG00000223814","RP11-543D5.2",NA,-0.225269061483339,-2.87682816060712,0.00609996209979235
"ENSG00000142611","PRDM16","63976",-0.131099770444166,-2.87552383366012,0.00612315754761905
"ENSG00000103710","RASL12","51285",0.0945451981674782,2.87506996129854,0.00613006411368892
"ENSG00000039068","CDH1","999",-0.0941061208921792,-2.87493510865256,0.00613084197476647
"ENSG00000277632","CCL3","6348",0.114100473357719,2.87450371890282,0.00613732417299586
"ENSG00000196664","TLR7","51284",-0.132771424306701,-2.87343926250762,0.00615601711128815
"ENSG00000088756","ARHGAP28","79822",0.132686107973052,2.872662862626,0.00616919010358465
"ENSG00000136573","BLK","640",0.216142143843025,2.86977202040989,0.00622346797347498
"ENSG00000082074","FYB","2533",0.156506765762825,2.86503419797744,0.00631455003656154
"ENSG00000110492","MDK","4192",0.128624954609065,2.86274826376042,0.006357953749761
"ENSG00000135373","EHF","26298",0.119329341197269,2.8621482315992,0.006368003916169
"ENSG00000224958","PGM5-AS1","572558",-0.211000020922526,-2.86188852066768,0.00637129128729919
"ENSG00000224557","HLA-DPB2","3116",0.142617749898323,2.86176822703104,0.00637180482296146
"ENSG00000277831","RP11-269C23.5",NA,-0.224236641192031,-2.85968324501898,0.00641153773956402
"ENSG00000158769","F11R","50848",0.097287148584408,2.85921146929293,0.00641909375267517
"ENSG00000255443","RP1-68D18.4",NA,0.184763665739999,2.85892155021612,0.0064215596393108
"ENSG00000135744","AGT","183",-0.16166564780952,-2.85889948606958,0.0064215596393108
"ENSG00000204950","LRRC10B","390205",-0.17210845615838,-2.85848510007169,0.00642797556848523
"ENSG00000151320","AKAP6","9472",0.12343518816691,2.85738794367333,0.00644632842012806
"ENSG00000135114","OASL","8638",0.171488374336881,2.85738261401342,0.00644632842012806
"ENSG00000268027","AC006129.2",NA,0.172140022459199,2.85721442864942,0.00644781271171403
"ENSG00000144649","FAM198A","729085",0.172456951120963,2.85699037594072,0.00645042189295451
"ENSG00000147206","NXF3","56000",-0.174949078140676,-2.85674069991744,0.00645354822178976
"ENSG00000137142","IGFBPL1","347252",0.17495815608566,2.85448121334496,0.0064972693039329
"ENSG00000153012","LGI2","55203",0.120074801685992,2.85434713441048,0.00649807382241414
"ENSG00000081237","PTPRC","5788",0.170353141217708,2.84808984965904,0.00662400568184906
"ENSG00000260105","AOC4P",NA,-0.16041733191223,-2.84437132679503,0.00669908649001077
"ENSG00000196876","SCN8A","6334",-0.19763165188142,-2.83674638050287,0.00685756714663141
"ENSG00000255301","RP11-624G17.3",NA,-0.0732665914583239,-2.83635166724355,0.00686395007970308
"ENSG00000241244","IGKV1D-16","28901",0.200858818137647,2.83441760490426,0.00690320414958512
"ENSG00000249669","MIR143HG",NA,-0.11248148423599,-2.83387137278454,0.00691287038628387
"ENSG00000162670","BRINP3","339479",0.275832712854696,2.82894548820989,0.00701588538008341
"ENSG00000187556","NANOS3","342977",0.147556726983161,2.82890527534472,0.00701588538008341
"ENSG00000168389","MFSD2A","84879",0.156587943021104,2.82871397325404,0.00701798062476337
"ENSG00000122224","LY9","4063",0.15147948582755,2.8277421056906,0.0070370507008474
"ENSG00000244693","CTAGE8",NA,-0.153034612932048,-2.8243524865598,0.00710910748287583
"ENSG00000154975","CA10","56934",0.172191794293751,2.82204513582889,0.00715786732105013
"ENSG00000162951","LRRTM1","347730",0.155998667572266,2.82149019955483,0.00716804380013167
"ENSG00000278196","IGLV2-8","28817",0.149411599332673,2.821034258008,0.00717603972737284
"ENSG00000130283","GDF1","2657",0.173759839435278,2.81934362388517,0.00721057350424015
"ENSG00000174938","SEZ6L2","26470",-0.154770470435814,-2.81928922821823,0.00721057350424015
"ENSG00000223403","MEG9","378881",-0.171260561890066,-2.81671520447644,0.00726419441008052
"ENSG00000254995","STX16-NPEPL1","100534593",-0.191890647474137,-2.81669775470882,0.00726419441008052
"ENSG00000166863","TAC3","6866",0.201964372539702,2.81650534729543,0.00726637963579168
"ENSG00000123570","RAB9B","51209",0.130376080528846,2.81589955879569,0.00727783564733326
"ENSG00000240382","IGKV1-17","28937",0.148929385222168,2.81573499421354,0.00727940037901874
"ENSG00000176194","CIDEA","1149",-0.221528201001203,-2.81142600532387,0.00737452624848512
"ENSG00000167157","PRRX2","51450",0.086758923069039,2.8059499344053,0.00749642365666463
"ENSG00000136235","GPNMB","10457",0.105728450516391,2.80589856668094,0.00749642365666463
"ENSG00000259658","RP11-89K11.1",NA,0.228826479809805,2.80581213844604,0.00749642365666463
"ENSG00000227403","AC009299.3","100996579",-0.187800297395663,-2.80415675265488,0.00753245817581805
"ENSG00000211747","TRBV20-1","28567",0.14355033194181,2.80177036177067,0.0075856560742588
"ENSG00000254835","RNF185-AS1",NA,-0.155787708069987,-2.79965074873538,0.00763294090907392
"ENSG00000173391","OLR1","4973",-0.10103993050423,-2.79953660550251,0.00763338791028154
"ENSG00000156414","TDRD9","122402",-0.182332735159106,-2.79757287886659,0.00767726827920548
"ENSG00000211788","TRAV13-1","28671",0.179696078700057,2.79667486896451,0.00769619251662126
"ENSG00000224137","AC079767.4","102724714",0.123737264812991,2.791430995099,0.00781854486517987
"ENSG00000142675","CNKSR1","10256",-0.0772494094709786,-2.7855645102309,0.00795777516063235
"ENSG00000278989","RP11-762L8.6",NA,-0.160642133888056,-2.78491832054188,0.00797118103201098
"ENSG00000204959","ARHGEF34P",NA,-0.117309683932069,-2.78358097763725,0.00800148074716504
"ENSG00000139219","COL2A1","1280",0.239600260503717,2.78311702958678,0.00801049346268686
"ENSG00000103723","AP3B2","8120",0.178648696001633,2.78233970108809,0.00802719202285406
"ENSG00000121807","CCR2","729230",0.156708413279067,2.78080495254583,0.00806253738823392
"ENSG00000211664","IGLV2-18","28814",0.189395250538451,2.77823449265637,0.00812364126178039
"ENSG00000254894","NAV2-AS1",NA,0.226208315305893,2.77756939294986,0.00813776537916689
"ENSG00000176406","RIMS2","9699",0.194022994375981,2.77648508352702,0.00816233394470775
"ENSG00000134917","ADAMTS8","11095",-0.17091702050966,-2.77502123724665,0.00819644073221935
"ENSG00000100558","PLEK2","26499",-0.0698410801228972,-2.77250867445695,0.00825677169006341
"ENSG00000271824","AC009014.3","389332",-0.199446925218372,-2.77242224492819,0.00825677169006341
"ENSG00000270607","RP11-359E10.1",NA,-0.159228346562277,-2.77162733323862,0.00827437053227458
"ENSG00000274536","RP6-159A1.4","115891964",0.168121018658854,2.7709522081061,0.00828898121540663
"ENSG00000251791","SCARNA6","677772",-0.229400115954803,-2.77007451078424,0.00830873360781276
"ENSG00000169509","CRCT1","54544",0.124972091316104,2.76617276039514,0.00840544235782584
"ENSG00000127561","SYNGR3","9143",-0.151171398653089,-2.76512578035381,0.00842863843795691
"ENSG00000265287","RP11-192H23.6",NA,0.237442651643097,2.76507476158285,0.00842863843795691
"ENSG00000235034","C19orf81","342918",-0.244495328222434,-2.76429953426363,0.00844605888948262
"ENSG00000226887","ERVMER34-1","100288413",0.12228894171006,2.76302494729249,0.00847635201003867
"ENSG00000122194","PLG","5340",0.185342472162778,2.76019469044511,0.00854675396005465
"ENSG00000105409","ATP1A3","478",-0.149391390590257,-2.76010817737298,0.00854675396005465
"ENSG00000234449","RP11-706O15.3",NA,0.196524128812119,2.75955611514381,0.0085585980011786
"ENSG00000135750","KCNK1","3775",0.182687859482015,2.75858963847719,0.00858123209845054
"ENSG00000171320","ESCO2","157570",0.10306366411403,2.75047802370198,0.00879207697980127
"ENSG00000105996","HOXA2","3199",0.137583140518148,2.74581336608667,0.00891433076093215
"ENSG00000275367","RP11-266K4.14",NA,-0.134323793527647,-2.74534679682234,0.00892431990823901
"ENSG00000262223","RP11-1055B8.3","100130370",0.188420717900879,2.74220039226604,0.00900687751358721
"ENSG00000124140","SLC12A5","57468",0.16576891696166,2.74183660414566,0.00901416292265475
"ENSG00000228594","C1orf233","643988",-0.11660776981439,-2.74159651814329,0.00901808821837979
"ENSG00000128849","CGNL1","84952",-0.123741994491723,-2.74131657942874,0.00902310009769654
"ENSG00000162062","C16orf59","80178",0.119103417815558,2.74082331961544,0.00903392513240831
"ENSG00000087128","TMPRSS11E","28983",-0.156056312478196,-2.74012355823865,0.00905039558678178
"ENSG00000263873","RP11-334E6.12",NA,-0.151459489506745,-2.73910070876958,0.0090757277388469
"ENSG00000186487","MYT1L","23040",0.163834532587628,2.73256411238968,0.00925347714106421
"ENSG00000145681","HAPLN1","1404",0.163949549665996,2.73234730584237,0.00925684458484633
"ENSG00000166250","CLMP","79827",0.103431104462847,2.7285221993163,0.00936121798662952
"ENSG00000123689","G0S2","50486",0.180649831963091,2.72657416128796,0.00941344600100672
"ENSG00000128918","ALDH1A2","8854",-0.163678850290555,-2.72644792810901,0.00941430214498503
"ENSG00000167306","MYO5B","4645",0.073022959474755,2.721185583837,0.00956138452224635
"ENSG00000253764","RP11-439C15.4","101928058",-0.209749429556007,-2.72075002282433,0.00957112192063745
"ENSG00000115919","KYNU","8942",0.182806781128316,2.71982148141446,0.00959503577636129
"ENSG00000168447","SCNN1B","6338",0.131414964327245,2.71930238545019,0.00960720859029054
"ENSG00000147576","ADHFE1","137872",-0.144900574175,-2.71611255766002,0.00969664754228163
"ENSG00000160097","FNDC5","252995",-0.124027046494574,-2.71314493053763,0.00978032877365584
"ENSG00000205277","MUC12","10071",-0.156079715502454,-2.71111979509072,0.00983690552256647
"ENSG00000168952","STXBP6","29091",0.16566609957247,2.7048535975762,0.010019848393141
"ENSG00000266079","SNORA59B",NA,0.237283411322418,2.70329319368296,0.0100621618937818
"ENSG00000168405","CMAHP",NA,-0.167820537482667,-2.70324825370191,0.0100621618937818
"ENSG00000130224","LRCH2","57631",-0.102668028651268,-2.70047375815249,0.0101428172144211
"ENSG00000241294","IGKV2-24","28923",0.146139271283706,2.69982424045054,0.0101595475721731
"ENSG00000154736","ADAMTS5","11096",0.116386805273775,2.69956241619536,0.0101645568950117
"ENSG00000112303","VNN2","8875",0.157982650073364,2.69946179514259,0.0101646866251811
"ENSG00000255248","RP11-166D19.1","399959",-0.0962940072814644,-2.69753639687207,0.0102202055616103
"ENSG00000223878","AC005517.3",NA,-0.166903770744459,-2.69196839033564,0.0103879160794624
"ENSG00000274736","CCL23","6368",0.158455334817125,2.69089922201464,0.010417986700393
"ENSG00000243232","PCDHAC2","56134",-0.132783766070702,-2.68851025133417,0.0104891662751751
"ENSG00000135063","FAM189A2","9413",0.143321973647997,2.68766186762986,0.01051260525634
"ENSG00000204291","COL15A1","1306",-0.08461416498073,-2.68560029541294,0.0105740854531255
"ENSG00000267710","AC006116.20","100506374",-0.17803699831539,-2.68421266403695,0.0106146537534373
"ENSG00000257335","MGAM","8972",-0.213677864384029,-2.68288735110997,0.0106533922002673
"ENSG00000206549","PRSS50",NA,0.210385590601935,2.6790529474246,0.0107720121583107
"ENSG00000260107","AC005606.15",NA,0.238117180113569,2.67698518015589,0.0108350400839827
"ENSG00000261416","RP11-455F5.5",NA,0.232530039260965,2.6767871230304,0.0108382903132784
"ENSG00000196361","ELAVL3","1995",0.167424158405456,2.67574904585497,0.0108685158083083
"ENSG00000164078","MST1R","4486",-0.121406380767506,-2.67451850312459,0.0109050200422751
"ENSG00000183690","EFHC2","80258",-0.163116685641423,-2.66639853248078,0.0111664775462425
"ENSG00000278763","FAM27B",NA,0.234258745828025,2.66038342587912,0.0113629216253867
"ENSG00000153823","PID1","55022",0.131288320252022,2.65936927348673,0.0113936386158901
"ENSG00000182492","BGN","633",-0.0884734131398441,-2.65707979601953,0.011467369868373
"ENSG00000131711","MAP1B","4131",0.112210601270409,2.65605072808547,0.0114988410173938
"ENSG00000211611","IGKV6-21","28906",0.191255088438697,2.65413115210274,0.0115606045358874
"ENSG00000166405","RIC3","79608",0.20220140965005,2.65309910690977,0.0115924034812353
"ENSG00000256262","USP30-AS1",NA,0.144666153225114,2.65120618473392,0.0116537006226794
"ENSG00000069812","HES2","54626",-0.119435276429533,-2.64590612843788,0.0118329324911475
"ENSG00000244357","RN7SL145P","106481753",-0.223333974352924,-2.64515953351351,0.0118554726263436
"ENSG00000236924","RP11-390F4.6","105375968",0.221530400502075,2.64201817723846,0.0119616531136987
"ENSG00000261625","RP11-554A11.4",NA,-0.147549415628243,-2.64038945303974,0.0120153893995213
"ENSG00000230937","MIR205HG","642587",-0.116155258301147,-2.63949266632102,0.0120435264959812
"ENSG00000140807","NKD1","85407",-0.133379281855878,-2.63800373654293,0.0120926440968047
"ENSG00000223969","AC002456.2",NA,-0.201007970012773,-2.63580834409496,0.0121670335917174
"ENSG00000237580","GCSHP3",NA,-0.190556027083357,-2.6343862135527,0.0122142137838091
"ENSG00000123243","ITIH5","80760",-0.124804106274838,-2.63362736861386,0.0122378311536776
"ENSG00000237686","RP5-1120P11.1","101929705",0.16030485329108,2.63156163218513,0.0123083532575303
"ENSG00000227544","AC018647.3","100506725",-0.144236132677608,-2.63066150239286,0.0123372157170614
"ENSG00000168679","SLC16A4","9122",-0.152590823097947,-2.62983455910247,0.0123634983834773
"ENSG00000260729","RP11-106M3.2",NA,-0.18986010564786,-2.62950676275177,0.012371807918829
"ENSG00000164694","FNDC1","84624",0.106712117120752,2.62920253213224,0.0123792720659208
"ENSG00000221890","NPTXR","23467",-0.151301020860675,-2.62762264479264,0.0124316342091415
"ENSG00000107165","TYRP1","7306",-0.1719448812852,-2.62755999572797,0.0124316342091415
"ENSG00000204323","SMIM5","643008",0.140701857041185,2.62693927410153,0.0124506099043354
"ENSG00000187210","GCNT1","2650",0.168086859640182,2.62591041303593,0.0124844481421207
"ENSG00000167165","UGT1A6","54578",0.172457907383091,2.62472778658569,0.012523974822476
"ENSG00000130595","TNNT3","7140",-0.166920560757271,-2.62456073864384,0.0125265153881721
"ENSG00000139200","PIANP","196500",-0.136457866662913,-2.62241517852283,0.0126014291594339
"ENSG00000232229","LINC00865","643529",-0.170346390088649,-2.61847740136636,0.0127429702439792
"ENSG00000088827","SIGLEC1","6614",0.128390475541868,2.61813605818906,0.0127520048884228
"ENSG00000166869","CHP2","63928",0.161153830417618,2.61649677871795,0.0128092613492024
"ENSG00000152527","PLEKHH2","130271",-0.131943006325509,-2.61288911944749,0.0129404698020284
"ENSG00000164047","CAMP","820",-0.168288564735791,-2.61071324358061,0.0130187185455912
"ENSG00000215018","COL28A1","340267",0.149844553794919,2.60418128878221,0.0132636564672201
"ENSG00000099984","GSTT2","2953",-0.2376020444651,-2.60386804179333,0.0132719288371132
"ENSG00000275479","RP11-334C17.6",NA,0.219591711163566,2.60266680562624,0.0133143670941749
"ENSG00000166206","GABRB3","2562",-0.190943917264771,-2.59981789831444,0.013420698359631
"ENSG00000184156","KCNQ3","3786",0.119513324622992,2.59874930455797,0.0134583976500057
"ENSG00000235280","MCF2L-AS1",NA,0.0780820845972515,2.59694741293042,0.0135248012717541
"ENSG00000215861","WI2-1896O14.1",NA,-0.11943956025037,-2.59629400720668,0.0135465119646517
"ENSG00000164089","ETNPPL","64850",-0.169625524653858,-2.59339457360269,0.013656471033148
"ENSG00000182489","XKRX","402415",0.105267826789291,2.59206840348486,0.0137011052700036
"ENSG00000166145","SPINT1","6692",-0.0501805585289497,-2.59206722446543,0.0137011052700036
"ENSG00000146285","SCML4","256380",0.185882973674117,2.59095078848275,0.0137413922521548
"ENSG00000205090","TMEM240","339453",-0.123207930167699,-2.59002175026862,0.013774343975564
"ENSG00000255100","RP11-21L23.3","101928837",-0.180871997999445,-2.58905122152785,0.0138090155137234
"ENSG00000142623","PADI1","29943",-0.152422671976914,-2.58602986584498,0.0139257372697974
"ENSG00000100346","CACNA1I","8911",-0.158295105890182,-2.58366436072866,0.0140144930726064
"ENSG00000260306","RP11-645C24.5",NA,0.198533517375844,2.58362540141086,0.0140144930726064
"ENSG00000204165","CXorf65","158830",0.192368327724094,2.5819106111378,0.014079786031679
"ENSG00000095303","PTGS1","5742",-0.117569886286535,-2.58163581173026,0.0140869412764072
"ENSG00000116690","PRG4","10216",-0.182348956091731,-2.58091863384599,0.0141120278391262
"ENSG00000140465","CYP1A1","1543",-0.186638961606658,-2.58019928740702,0.0141372417968954
"ENSG00000261150","EPPK1","83481",-0.100687152714941,-2.57849817196088,0.0142024792649887
"ENSG00000067646","ZFY","7544",-0.0855033452231979,-2.5756711655865,0.0143141471858082
"ENSG00000239961","LILRA4","23547",-0.121333435751801,-2.57538169649785,0.0143220079948571
"ENSG00000211694","TRGV10","6984",0.184981033549895,2.57490969170124,0.0143373771413014
"ENSG00000186439","TRDN","10345",-0.171699746847389,-2.57418085569038,0.0143633349989768
"ENSG00000129048","ACKR4","51554",-0.13538373312414,-2.57296845843974,0.0144092931674952
"ENSG00000225489","RP11-390F4.3",NA,0.137437563827908,2.56231561180693,0.0148511229163988
"ENSG00000136999","NOV","4856",0.126755862696186,2.56019519117607,0.0149353676368635
"ENSG00000116147","TNR","7143",-0.130957549203928,-2.56013815077512,0.0149353676368635
"ENSG00000243696","RP5-966M1.6",NA,-0.128370083875265,-2.55885725244302,0.0149858631755327
"ENSG00000145087","STXBP5L","9515",0.171914842238979,2.55665747219253,0.0150759677704152
"ENSG00000267228","RP11-49K24.6",NA,0.188692027043426,2.55529877110179,0.0151302363171583
"ENSG00000196263","ZNF471","57573",0.138846113253705,2.55507872455805,0.0151354826130909
"ENSG00000166448","TMEM130","222865",-0.100110775825519,-2.55398585443456,0.015178438065861
"ENSG00000034971","MYOC","4653",-0.156223460460399,-2.55333885444108,0.0152021799272703
"ENSG00000175311","ANKS4B","257629",0.122047375522659,2.5531674430342,0.0152053421940595
"ENSG00000197360","ZNF98","148198",0.182540161289776,2.55298456251765,0.0152090027775397
"ENSG00000155980","KIF5A","3798",-0.131439947865493,-2.5523796109655,0.0152309632432634
"ENSG00000017483","SLC38A5","92745",0.145957060043836,2.55152162718929,0.0152639446524189
"ENSG00000140297","GCNT3","9245",0.140894688191947,2.55067688590601,0.0152964120812867
"ENSG00000117091","CD48","962",0.118498709768263,2.54584422404983,0.0155037784377685
"ENSG00000187627","RGPD1","400966",0.191431010414861,2.54287215823701,0.0156308569102281
"ENSG00000261349","RP3-465N24.5",NA,0.224338326701898,2.54230913446791,0.0156514843776907
"ENSG00000125384","PTGER2","5732",-0.145409958311771,-2.54209633156153,0.0156565631904916
"ENSG00000152270","PDE3B","5140",0.179757340600934,2.54153672077502,0.015673364009524
"ENSG00000185274","WBSCR17","64409",0.112253976151405,2.54152151448255,0.015673364009524
"ENSG00000125804","FAM182A","284800",-0.152454166012405,-2.53978963959908,0.0157461749177529
"ENSG00000110881","ASIC1","41",0.123360127649933,2.53896821133113,0.0157784957078549
"ENSG00000072694","FCGR2B","2213",0.116852167961828,2.53646471041198,0.0158864390449703
"ENSG00000141934","PPAP2C","8612",0.068603019996193,2.52921154765291,0.0162114398812784
"ENSG00000170961","HAS2","3037",0.109118391651384,2.52754720231992,0.0162833393634337
"ENSG00000274752","TRBV12-3","28577",0.175971455680491,2.52381008143343,0.0164515184040983
"ENSG00000055732","MCOLN3","55283",0.137187117602302,2.52013593885688,0.016618278656382
"ENSG00000155659","VSIG4","11326",0.108715890170361,2.51974325211042,0.0166320463254648
"ENSG00000105852","PON3","5446",0.187169654028436,2.51009870090134,0.0170849589775504
"ENSG00000067840","PDZD4","57595",-0.12584080915941,-2.50801486972026,0.0171804846773975
"ENSG00000179542","SLITRK4","139065",-0.12334213148314,-2.50452468596693,0.0173447916490209
"ENSG00000151789","ZNF385D","79750",-0.144786247167963,-2.50167896567429,0.0174788835504261
"ENSG00000121440","PDZRN3","23024",0.0921308602392086,2.49996241762226,0.0175582682314748
"ENSG00000121769","FABP3","2170",-0.100378200759563,-2.4968263263535,0.01770819425758
"ENSG00000172348","RCAN2","10231",-0.076704884298053,-2.49595073115593,0.0177466933253472
"ENSG00000258017","RP11-386G11.10",NA,0.0817513215881419,2.49550286249079,0.0177639990579557
"ENSG00000211895","IGHA1","3493",0.142503807017359,2.49405305864654,0.0178312124911426
"ENSG00000086300","SNX10","29887",-0.107181880993427,-2.4900720214281,0.0180256674289666
"ENSG00000272921","RP11-500M8.7",NA,0.168073023619333,2.48504071470119,0.0182754341638971
"ENSG00000279322","RP4-738P15.6",NA,0.235145011831834,2.48317803993608,0.0183654577876093
"ENSG00000137460","FHDC1","85462",-0.101016340584135,-2.48245194707766,0.0183975353964831
"ENSG00000103044","HAS3","3038",0.141371614433563,2.4807004887398,0.0184789491006878
"ENSG00000101443","WFDC2","10406",-0.15602133047788,-2.48066702965524,0.0184789491006878
"ENSG00000007908","SELE","6401",0.126067448273597,2.47657725955898,0.0186852416893882
"ENSG00000120738","EGR1","1958",-0.165920007330496,-2.47400454594187,0.018814111155392
"ENSG00000205436","EXOC3L4","91828",-0.139954170628452,-2.4713182362954,0.01894973434259
"ENSG00000261496","RP13-514E23.1",NA,-0.164324598984455,-2.47053403264813,0.0189857578687729
"ENSG00000233013","FAM157B",NA,0.22202788275987,2.46766523159732,0.0191321417795855
"ENSG00000175928","LRRN1","57633",0.15097693725259,2.46704992127982,0.0191594940008792
"ENSG00000188783","PRELP","5549",0.104269270849882,2.46671207233375,0.0191721303832415
"ENSG00000256500","RP11-73M18.2",NA,-0.0796507727084401,-2.46502189227655,0.019256799656671
"ENSG00000262539","RP11-259G18.3",NA,-0.20862338844019,-2.4627437120029,0.0193733081785341
"ENSG00000185090","MANEAL","149175",-0.134524492120405,-2.46263061898171,0.0193740076435104
"ENSG00000271857","RP1-244F24.1",NA,0.153299943961186,2.46127322579087,0.0194415442054109
"ENSG00000152954","NRSN1","140767",0.146782814561624,2.45998531363816,0.0195055369820671
"ENSG00000133710","SPINK5","11005",0.151517755457441,2.45898725978884,0.0195540357829466
"ENSG00000152580","IGSF10","285313",0.139621853858045,2.45870973195111,0.0195636326846365
"ENSG00000125285","SOX21","11166",0.118917526975913,2.45688484561926,0.0196571212196714
"ENSG00000234906","APOC2","344",-0.0886662214610592,-2.44996174359303,0.020030806783769
"ENSG00000166292","TMEM100","55273",0.134645637746731,2.44807233789056,0.0201298242667112
"ENSG00000188626","GOLGA8M","653720",-0.179327535216362,-2.43791196403293,0.0206946574673137
"ENSG00000159189","C1QC","714",0.0870112054230427,2.42836783237304,0.0212375366823522
"ENSG00000116254","CHD5","26038",0.152938132175084,2.42575115496336,0.0213842590611002
"ENSG00000104888","SLC17A7","57030",-0.105390318853206,-2.42436557192581,0.0214595216370802
"ENSG00000259834","RP11-284N8.3",NA,0.155332660281181,2.42378890026706,0.0214874501907414
"ENSG00000162630","B3GALT2","8707",0.126365280126948,2.42199915747544,0.0215868531249273
"ENSG00000134259","NGF","4803",0.101750501114703,2.42050653202885,0.0216690674822952
"ENSG00000166923","GREM1","26585",-0.105988110055953,-2.41562569005725,0.0219535426576316
"ENSG00000183242","WT1-AS","51352",0.171823417088648,2.41510755615065,0.0219785151278911
"ENSG00000141682","PMAIP1","5366",-0.133823734496889,-2.41411719712832,0.0220318498275949
"ENSG00000040731","CDH10","1008",-0.149959967066999,-2.41308497025752,0.0220878157032817
"ENSG00000126950","TMEM35","59353",-0.117850128347178,-2.41212029691474,0.022139830906493
"ENSG00000126583","PRKCG","5582",0.148956451493512,2.41112840681656,0.0221935965001755
"ENSG00000259974","LINC00261","140828",0.0758668337989678,2.40936264697588,0.0222943773710177
"ENSG00000255498","RP11-618K13.2",NA,0.219425425738138,2.40918786824707,0.0222951398593458
"ENSG00000174500","GCSAM","257144",-0.113033690038439,-2.40914775462152,0.0222951398593458
"ENSG00000272949","RP11-514P8.8",NA,0.154809153689233,2.40801506755876,0.0223577914267881
"ENSG00000100218","RSPH14","27156",0.178030946182732,2.40718623864754,0.0224020794201107
"ENSG00000179915","NRXN1","9378",0.144456835367165,2.40599100426835,0.0224688102775856
"ENSG00000274956","UG0898H09",NA,-0.143033301499603,-2.4037807573195,0.0225979371939488
"ENSG00000179083","FAM133A","286499",-0.140902944685635,-2.4016866029916,0.0227205493164658
"ENSG00000180818","HOXC10","3226",-0.105638922398354,-2.4000441214066,0.0228157687019224
"ENSG00000257653","RP11-579D7.2",NA,-0.183030082176495,-2.39886000647534,0.0228828758550445
"ENSG00000148541","FAM13C","220965",-0.0850542461805008,-2.39870243281812,0.0228863697811887
"ENSG00000164619","BMPER","168667",-0.153900549669625,-2.39784599916791,0.0229332763628874
"ENSG00000233834","AC005083.1","100506098",-0.0639993517643281,-2.3958607553871,0.0230506611079312
"ENSG00000138100","TRIM54","57159",-0.187132630826814,-2.39331474986155,0.0232037648606632
"ENSG00000164107","HAND2","9464",0.0609187330661879,2.39108893144812,0.0233375338624437
"ENSG00000156284","CLDN8","9073",0.108274252595264,2.39034127938419,0.0233783591949865
"ENSG00000282416","LLNLF-173C4.2",NA,0.153845393409358,2.38881602169205,0.0234685256399107
"ENSG00000164647","STEAP1","26872",-0.0921765484875782,-2.38200366245408,0.0238976081775402
"ENSG00000008394","MGST1","4257",0.129547595954212,2.38070842846407,0.0239746409899873
"ENSG00000183023","SLC8A1","6546",-0.131408717418531,-2.38049950350703,0.0239815764306092
"ENSG00000183971","NPW","283869",0.191777331490947,2.37955422373459,0.0240361663916472
"ENSG00000211898","IGHD","3495",0.171682122819777,2.37631924800101,0.0242398597251116
"ENSG00000074317","SNCB","6620",0.147608485605257,2.37283788455856,0.0244612549185758
"ENSG00000255642","PABPC1P4",NA,-0.114149932662261,-2.37232626930839,0.0244882221398254
"ENSG00000224916","APOC4-APOC2",NA,-0.0703978087973375,-2.37143576970582,0.0245401919969451
"ENSG00000127472","PLA2G5","5322",-0.0925171803326512,-2.36992257607486,0.0246334294924811
"ENSG00000134569","LRP4","4038",-0.103118303187739,-2.36822376183619,0.0247392985254878
"ENSG00000105371","ICAM4","3386",0.162047736405108,2.36522545714983,0.024926690000809
"ENSG00000198829","SUCNR1","56670",0.108072804743038,2.36520781844487,0.024926690000809
"ENSG00000141574","SECTM1","6398",0.138131123861496,2.36461001041497,0.0249598635754783
"ENSG00000277578","Metazoa_SRP",NA,-0.214534847836861,-2.36131894782183,0.0251741074144144
"ENSG00000277531","LLNLF-187D8.1","110806277",-0.161315759212955,-2.35841213772582,0.0253638569732232
"ENSG00000224961","RP1-278O22.1",NA,0.190526791929177,2.35645264105638,0.025490200783801
"ENSG00000149124","GLYAT","10249",-0.165674207569104,-2.35471743188885,0.0256017378413681
"ENSG00000170561","IRX2","153572",-0.100193155705779,-2.3538769957499,0.0256523027260942
"ENSG00000134532","SOX5","6660",-0.140967134951593,-2.35302755735706,0.0257035714332646
"ENSG00000096696","DSP","1832",0.080329764328706,2.35056839281159,0.0258658496452392
"ENSG00000167434","CA4","762",-0.19957358779935,-2.35018513825728,0.025885263144992
"ENSG00000271200","RP11-430G17.3",NA,0.211556868527806,2.34980537690551,0.0259044483182212
"ENSG00000272720","CTA-228A9.3",NA,0.134757677644147,2.34871301068304,0.0259729746713831
"ENSG00000254445","HSPB2-C11orf52","100528019",-0.157928518190726,-2.34416864453845,0.0262823259247649
"ENSG00000198692","EIF1AY","9086",-0.0765059768416447,-2.34392018766904,0.0262925626242811
"ENSG00000154274","C4orf19","55286",0.160023654130736,2.33039631724499,0.0272471621569975
"ENSG00000150722","PPP1R1C","151242",-0.222273402546594,-2.32900597201272,0.0273403185781283
"ENSG00000167767","KRT80","144501",0.0863013886322175,2.32743787422746,0.0274466678407606
"ENSG00000108830","RND2","8153",-0.143961101027005,-2.32316858798445,0.0277510141129332
"ENSG00000124780","KCNK17","89822",0.135890764847442,2.32260950164948,0.0277845195414537
"ENSG00000162896","PIGR","5284",-0.148384768058616,-2.32195803415349,0.0278248548658037
"ENSG00000077009","NMRK2","27231",0.120653619515582,2.32151508017198,0.0278498863705432
"ENSG00000270871","AC015849.19",NA,-0.15086214474125,-2.32017292481956,0.0279412533756957
"ENSG00000249007","RP11-510N19.5",NA,-0.0890951490029468,-2.31522403925182,0.0283010154672475
"ENSG00000124208","TMEM189-UBE2V1","387522",0.20081213604412,2.31454493851224,0.0283440541255409
"ENSG00000240240","RP11-146D12.2",NA,0.197168550578476,2.31403337109416,0.028374611940987
"ENSG00000107242","PIP5K1B","8395",0.178837454291691,2.30490615810175,0.0290568147586999
"ENSG00000114646","CSPG5","10675",0.0956553875348306,2.29882831997598,0.0295162914198781
"ENSG00000211649","IGLV7-46","28775",0.140577275630441,2.29761709572121,0.0296021778236106
"ENSG00000211752","TRBV27","28560",0.165420280941442,2.29630876359322,0.0296958356505107
"ENSG00000170629","DPY19L2P2",NA,0.172080110113537,2.29572331849335,0.0297333731790549
"ENSG00000164251","F2RL1","2150",-0.0794641121720117,-2.29336429548555,0.029909576303076
"ENSG00000161929","SCIMP","388325",0.119082091642548,2.29124996873593,0.0300674209200555
"ENSG00000172986","GXYLT2","727936",-0.124191038319818,-2.27877116137349,0.0310548723481072
"ENSG00000010282","HHATL","57467",-0.14381512092136,-2.27861637647386,0.0310589870762918
"ENSG00000106538","RARRES2","5919",-0.0916796730057029,-2.27529124198945,0.0313188304796625
"ENSG00000138829","FBN2","2201",0.127577113194302,2.27520907826214,0.0313188304796625
"ENSG00000128591","FLNC","2318",-0.0949573240691443,-2.27175631977165,0.0315928117189412
"ENSG00000169218","RSPO1","284654",-0.124825780203612,-2.26925967157391,0.0317898283413976
"ENSG00000115165","CYTIP","9595",0.129632814864987,2.26793852134566,0.0318904494128611
"ENSG00000162444","RBP7","116362",0.118745460103427,2.26505878337973,0.0321209583699967
"ENSG00000242173","ARHGDIG","398",-0.147074714615714,-2.26195875085886,0.0323713710260997
"ENSG00000178562","CD28","940",0.113840579646398,2.25989357579716,0.0325361865828614
"ENSG00000240929","HIST2H2BB",NA,0.195951183362119,2.25896233154784,0.0326059046633197
"ENSG00000259244","RP11-182J1.12",NA,0.14042485115049,2.25873780091902,0.0326160475391046
"ENSG00000152578","GRIA4","2893",-0.166253346647588,-2.25670767265268,0.032775558729938
"ENSG00000184313","MROH7","374977",0.124591987299316,2.25664333449049,0.032775558729938
"ENSG00000111405","ENDOU","8909",-0.13169101132167,-2.25626437045976,0.0327988422003173
"ENSG00000247134","RP11-11N9.4",NA,0.103765408537955,2.2547744391048,0.0329165372848904
"ENSG00000137878","GCOM1","145781",0.144743807713174,2.25409124573424,0.0329658110710038
"ENSG00000211650","IGLV5-45","28781",0.155581382872152,2.25352862760027,0.0330048650679405
"ENSG00000164972","C9orf24","84688",0.188226145189612,2.25242613900146,0.033090064812489
"ENSG00000274565","CTD-3035K23.7","107985020",0.106949666364503,2.25080011937069,0.0332203142141427
"ENSG00000178662","CSRNP3","80034",0.116787056534673,2.24974984145104,0.0333015004662572
"ENSG00000236333","TRHDE-AS1",NA,-0.166361872237085,-2.24896524124963,0.0333599868696274
"ENSG00000135144","DTX1","1840",0.112553524129546,2.24868168383077,0.0333754058239022
"ENSG00000101638","ST8SIA5","29906",-0.13470314003177,-2.24852301442862,0.033380079043808
"ENSG00000140459","CYP11A1","1583",0.111491520331242,2.24789013660423,0.0334256036397419
"ENSG00000166391","MOGAT2","80168",0.128250726273913,2.24112687654851,0.0340037873521447
"ENSG00000185905","C16orf54","283897",0.115154175528782,2.2403171783621,0.0340655154468372
"ENSG00000084110","HAL","3034",-0.133118196269558,-2.23636746153714,0.034403824878772
"ENSG00000168928","CTRB2","440387",0.133092557559752,2.23487388091673,0.0345267343955704
"ENSG00000184012","TMPRSS2","7113",0.0817338436936286,2.23215592857237,0.0347590147736294
"ENSG00000254211","LINC01485","101928154",0.168434553779593,2.2285435429274,0.0350729071629725
"ENSG00000255020","AF131216.5","100129129",-0.167178742187308,-2.22724737421049,0.0351800676252919
"ENSG00000157168","NRG1","3084",0.139544808369596,2.22591314169253,0.0352909434782005
"ENSG00000267640","CTD-2554C21.2",NA,0.118992525377663,2.22514342017846,0.0353510271042982
"ENSG00000106031","HOXA13","3209",-0.111447385592908,-2.22429126402346,0.0354186642748432
"ENSG00000269911","RP1-172N19.5",NA,-0.124086220327161,-2.22327496135993,0.035501307718041
"ENSG00000156218","ADAMTSL3","57188",-0.103525936496941,-2.22195459766443,0.0356117780412743
"ENSG00000180801","ARSJ","79642",0.104862880262709,2.21339796583227,0.0363881764549614
"ENSG00000173227","SYT12","91683",-0.105237318288797,-2.21261857373333,0.036450730515288
"ENSG00000269416","LINC01224","104472717",-0.185079625842489,-2.20152513072878,0.0374834464050609
"ENSG00000132465","JCHAIN","3512",0.134680456433068,2.19827969758566,0.0377831315016669
"ENSG00000120645","IQSEC3","440073",0.109381153727585,2.19414924360778,0.0381702890071537
"ENSG00000157570","TSPAN18","90139",0.091100639502726,2.19313204686249,0.0382584287126707
"ENSG00000043355","ZIC2","7546",-0.173681915888121,-2.19287372810088,0.0382731928045193
"ENSG00000164604","GPR85","54329",0.0740642571965846,2.18943454754088,0.038597145478561
"ENSG00000243896","OR2A7","401427",-0.105587253446911,-2.18694718956011,0.0388300233230291
"ENSG00000127533","F2RL3","9002",-0.0841083538762425,-2.18557285554173,0.0389545435273428
"ENSG00000276085","CCL3L3","6349",-0.129407672230184,-2.1820258920209,0.0392940796473101
"ENSG00000227640","SOX21-AS1","100507533",0.10825155836828,2.17857471822936,0.0396265831531728
"ENSG00000225873","LINC00694",NA,-0.17689929297542,-2.17814634019902,0.0396587349183097
"ENSG00000258754","LINC01579",NA,0.147734026081695,2.17797258639625,0.0396654807772079
"ENSG00000087495","PHACTR3","116154",0.0841685826089068,2.17559992823679,0.0398923139757575
"ENSG00000115380","EFEMP1","2202",-0.0993434158267603,-2.17421058365188,0.0400212201299199
"ENSG00000231245","C1DP1",NA,-0.0979086084309849,-2.16959836881454,0.0404767304263175
"ENSG00000123892","RAB38","23682",-0.124399302896556,-2.1682588836272,0.0406021552448761
"ENSG00000128683","GAD1","2571",-0.157916990306501,-2.16766022139271,0.0406523165136191
"ENSG00000120049","KCNIP2","30819",-0.134511460361832,-2.16750199661035,0.0406576003651992
"ENSG00000153294","ADGRF4","221393",-0.137373425285747,-2.16706592092614,0.0406848522597733
"ENSG00000170558","CDH2","1000",0.104156116854237,2.16702204888556,0.0406848522597733
"ENSG00000278071","RP11-736N17.10",NA,-0.141437195700793,-2.166833740893,0.040686145716316
"ENSG00000277877","RP11-11N7.5",NA,0.127838188039123,2.16679671519706,0.040686145716316
"ENSG00000204099","NEU4","129807",-0.182205574324532,-2.16359731211173,0.0410027137580365
"ENSG00000198576","ARC","23237",-0.163541283125129,-2.1632783929565,0.0410245429278167
"ENSG00000126353","CCR7","1236",0.146894883949352,2.16214250696508,0.0411304198383949
"ENSG00000164344","KLKB1","3818",0.11593650919689,2.16200692000495,0.0411334269193861
"ENSG00000276089","DLEU1_1",NA,0.187074252400071,2.16083484456,0.0412432726977656
"ENSG00000278030","TRBV7-9","28589",0.13907196436807,2.15996310454958,0.0413223133291965
"ENSG00000260051","LA16c-390E6.4",NA,-0.183234221209157,-2.15628147897132,0.0416932476175585
"ENSG00000147256","ARHGAP36","158763",-0.184961654703286,-2.15157230168188,0.0421749722991006
"ENSG00000276953","TRBV12-4","28576",0.148828278251296,2.1510588705423,0.0422177758993256
"ENSG00000116983","HPCAL4","51440",0.112518364001179,2.1469105103851,0.0426450647881889
"ENSG00000180139","ACTA2-AS1","100132116",-0.0993722369528752,-2.14594126875919,0.0427367223136856
"ENSG00000172247","C1QTNF4","114900",-0.128319622184804,-2.14429071138246,0.0429011990240862
"ENSG00000255330","SOGA3",NA,0.134383396427346,2.14407906231676,0.042912389727593
"ENSG00000015592","STMN4","81551",-0.128278154792836,-2.14262447746897,0.0430564513999835
"ENSG00000122122","SASH3","54440",0.103319889402026,2.13406530273279,0.0439693493151679
"ENSG00000105825","TFPI2","7980",-0.15356850603096,-2.13347111593999,0.0440224577802907
"ENSG00000176595","KBTBD11","9920",-0.124339344103764,-2.13214414235637,0.044155699958804
"ENSG00000105974","CAV1","857",-0.0785610918450529,-2.12945046914383,0.044439350818112
"ENSG00000185737","NRG3","10718",0.124507431150932,2.12915768699382,0.0444597633657838
"ENSG00000229481","CTD-2554C21.3",NA,0.144880401690695,2.12761444917993,0.0446179709337811
"ENSG00000232815","DUX4L50",NA,-0.162458598617376,-2.12724021285058,0.0446474419702218
"ENSG00000134668","SPOCD1","90853",-0.108119418854047,-2.12561710841137,0.0448150515313359
"ENSG00000163331","DAPL1","92196",0.138261372404109,2.12547091859133,0.0448193677891948
"ENSG00000230955","RP11-109P14.10",NA,0.174256732659591,2.12473364486537,0.044889192287654
"ENSG00000100678","SLC8A3","6547",-0.119659852409389,-2.12149150180608,0.0452379750976486
"ENSG00000102970","CCL17","6361",0.106330870395661,2.12120099132864,0.0452584307085031
"ENSG00000041982","TNC","3371",0.103326512934614,2.12003506474754,0.0453767725908282
"ENSG00000144355","DLX1","1745",-0.166631214942567,-2.11851127625689,0.0455355244418102
"ENSG00000122952","ZWINT","11130",0.0822098563790934,2.11651606580769,0.045747837363139
"ENSG00000173369","C1QB","713",0.0833232992702402,2.11597233170306,0.0457970302375663
"ENSG00000273445","RP11-1399P15.1",NA,-0.099509532348998,-2.11017003668543,0.0464431663032498
"ENSG00000021826","CPS1","1373",-0.103882541042636,-2.10944609701571,0.0465135633858396
"ENSG00000204618","RNF39","80352",-0.117413278153804,-2.10800424970965,0.0466662583384853
"ENSG00000205089","CCNI2","645121",-0.106972656873855,-2.1052697389926,0.0469681214163651
"ENSG00000171388","APLN","8862",-0.0897318641094119,-2.10403432937592,0.0470982190584004
"ENSG00000171557","FGG","2266",-0.155388972047159,-2.10121418939676,0.0474123776097406
"ENSG00000123219","CENPK","64105",0.0878964122755001,2.0993974715017,0.0476112206125341
"ENSG00000250067","YJEFN3","374887",0.107031200140233,2.09788368337288,0.047775339383084
"ENSG00000242441","GTF2A1L","11036",0.167240324377738,2.09663627422748,0.0479087099430175
"ENSG00000227627","RP1-101K10.6",NA,0.183034577539493,2.09419484728586,0.0481828005004699
"ENSG00000152213","ARL11","115761",-0.105810071411493,-2.09265338261431,0.0483518348431735
"ENSG00000259052","AL157871.2",NA,-0.172532125738554,-2.09235728907186,0.0483740574353494
"ENSG00000276663","RP11-407G23.7",NA,-0.161562393679934,-2.09149452860066,0.0484505514562264
"ENSG00000123843","C4BPB","725",-0.136232944980699,-2.09149432017534,0.0484505514562264
"ENSG00000088882","CPXM1","56265",-0.0931524155898566,-2.09090252037801,0.048507814458504
"ENSG00000189431","RASSF10","644943",0.138847142170014,2.09025405535939,0.0485718494397443
"ENSG00000168546","GFRA2","2675",0.117806167440084,2.08885613433447,0.0487249490530939
"ENSG00000272668","RP11-190A12.8","107985216",-0.126284972634238,-2.08864541944761,0.0487371665784909
"ENSG00000274628","FAM95B1",NA,0.171192548274744,2.08733645358357,0.0488800978008925
"ENSG00000257607","RP11-449P15.1",NA,-0.12410453481054,-2.08626646401955,0.0489948407616385
"ENSG00000095739","BAMBI","25805",0.15922524434273,2.08608049562298,0.0490041579465373
"ENSG00000243566","UPK3B","105375355",0.111709692885363,2.08424209113479,0.0492111435624118
"ENSG00000143127","ITGA10","8515",0.106482782112,2.08205140135824,0.0494612393564412
"ENSG00000266970","RP11-806H10.4","101928674",0.107874719739619,2.08178348432923,0.0494804853329426
"ENSG00000164627","KIF6","221458",-0.115554499573531,-2.08003901615139,0.0496778034545596
"ENSG00000072657","TRHDE","29953",-0.1671297883083,-2.0795536004865,0.0497234000945328
"ENSG00000188095","MESP2","145873",0.119219469025458,2.07925535716432,0.0497463959884174
"ENSG00000163239","TDRD10","126668",-0.0963589585940641,-2.07684598164133,0.0500253128937161
"ENSG00000237949","LINC00844","102724768",-0.133903878634387,-2.0755837684564,0.050165685945098
"ENSG00000137273","FOXF2","2295",-0.0700189634208964,-2.07426128699084,0.0503137429153417
"ENSG00000182132","KCNIP1","30820",0.102911578906875,2.07406057808369,0.0503250470922769
"ENSG00000279225","RP11-2K6.1",NA,0.196816539156119,2.07153754092772,0.050620613084665
"ENSG00000176083","ZNF683","257101",0.098930522604426,2.07004683766382,0.0507904804948761
"ENSG00000166257","SCN3B","55800",-0.11101987856783,-2.06916063545732,0.0508862810778393
"ENSG00000243836","WDR86-AS1","100131176",0.115944918133449,2.06691737423551,0.0511499626669851
"ENSG00000267605","CTD-3220F14.1",NA,0.103224530344264,2.06536518634464,0.0513289402510745
"ENSG00000275713","HIST1H2BH","8345",0.122529470265865,2.06380211277388,0.0515097945442357
"ENSG00000275830","RP11-403A3.3","101927646",0.135152782339847,2.06288678064401,0.0516103491866171
"ENSG00000150337","FCGR1A","2209",0.0703482498394253,2.06026758097958,0.0519242630554291
"ENSG00000188112","C6orf132","647024",-0.0440115403071937,-2.05965806463116,0.051987104705546
"ENSG00000241728","AP001062.8",NA,-0.200589614475336,-2.05702414329756,0.0523047877773232
"ENSG00000143590","EFNA3","1944",0.112950169086975,2.05656957881567,0.0523484488174037
"ENSG00000249908","BRD9P2","109729114",-0.177277396947922,-2.05586575100279,0.0524236264358147
"ENSG00000069535","MAOB","4129",-0.140419220748719,-2.05456025201713,0.0525750497614194
"ENSG00000155816","FMN2","56776",-0.108578089318672,-2.05347762680114,0.0526985462403129
"ENSG00000224307","RP11-344B5.2",NA,-0.10620703689118,-2.05332350072579,0.0527043363993475
"ENSG00000172724","CCL19","6363",0.131756193264929,2.05244064057062,0.0528026858851282
"ENSG00000262831","RP11-498C9.2",NA,0.160141172223347,2.04546339166471,0.053681852522996
"ENSG00000167207","NOD2","64127",0.115152157221253,2.04263219802369,0.0540337217262647
"ENSG00000178531","CTXN1","404217",-0.0709862785697542,-2.04252205714897,0.0540338937630817
"ENSG00000231359","AC072052.7","100271193",-0.135880952977774,-2.04161810913811,0.0541370259073762
"ENSG00000108387","SEPT4","5414",0.0684719077342959,2.04096609780397,0.0542075740508476
"ENSG00000235912","RP1-159A19.3",NA,-0.174306544953654,-2.0405211804926,0.0542512642079162
"ENSG00000268388","FENDRR","400550",0.124551789129641,2.03687271832123,0.0547131586775162
"ENSG00000166165","CKB","1152",-0.125797654305975,-2.03671916938143,0.0547190059785061
"ENSG00000184905","TCEAL2","140597",0.128558284615945,2.03093415840599,0.0554576616061462
"ENSG00000144908","ALDH1L1","10840",0.11371162215859,2.03089296507623,0.0554576616061462
"ENSG00000107796","ACTA2","59",-0.0804106689081263,-2.02905562323263,0.0556849319366186
"ENSG00000169432","SCN9A","6335",-0.103310752237894,-2.0289281692729,0.0556849319366186
"ENSG00000150656","CNDP1","84735",0.123160012768273,2.02885278928548,0.0556849319366186
"ENSG00000132514","CLEC10A","10462",0.142346163733234,2.02023609633172,0.0568252877509384
"ENSG00000163520","FBLN2","2199",0.0975567575439717,2.01889460648541,0.0569920607280468
"ENSG00000106565","TMEM176B","28959",0.100616082941925,2.01238789089152,0.0578645982977881
"ENSG00000255072","PIGY","84992",0.103205163944355,2.00366366218672,0.0590553057764555
"ENSG00000066382","MPPED2","744",-0.103062686126106,-2.00356815187807,0.0590553057764555
"ENSG00000104327","CALB1","793",0.122720509916511,2.00318101185011,0.0590940257089276
"ENSG00000153707","PTPRD","5789",-0.101310202573184,-2.00157137639872,0.0593038599300246
"ENSG00000171004","HS6ST2","90161",0.117318048010605,2.00138792330017,0.0593141605940417
"ENSG00000198185","ZNF334","55713",0.132369493438486,1.99865511808277,0.0596826766895955
"ENSG00000110900","TSPAN11","441631",0.0875698715338208,1.99660919786265,0.0599559000170133
"ENSG00000162511","LAPTM5","7805",0.0808220248631356,1.9946257082654,0.0602212976120128
"ENSG00000002933","TMEM176A","55365",0.104522477007912,1.99113259615675,0.0607030374505588
"ENSG00000239002","SCARNA10","692148",0.15365248376819,1.98991390121456,0.0608615821145385
"ENSG00000022556","NLRP2","55655",0.167745230814549,1.98906152710143,0.0609679193906449
"ENSG00000177335","C8orf31","286122",0.110451985172517,1.98878076346011,0.0609799753384528
"ENSG00000153253","SCN3A","6328",-0.122966627679344,-1.98875696883398,0.0609799753384528
"ENSG00000105290","APLP1","333",0.104885991736884,1.9885631582274,0.0609919648170383
"ENSG00000167311","ART5","116969",-0.107938450418993,-1.98578424834612,0.0613757177473792
"ENSG00000267328","AC002398.12",NA,-0.132568032556353,-1.98009442815389,0.0621845784753283
"ENSG00000241684","ADAMTS9-AS2","100507098",-0.0994909148495449,-1.97986754651356,0.0622015479981943
"ENSG00000142173","COL6A2","1292",-0.0808050546933552,-1.97758712664434,0.0625185861766469
"ENSG00000211685","IGLC7","28834",0.134216298968245,1.97456213952893,0.0629465195126806
"ENSG00000172322","CLEC12A","160364",0.113678133735801,1.97148277031405,0.063384936206717
"ENSG00000066248","NGEF","25791",0.0898574928562771,1.96876610453342,0.0637718727522067
"ENSG00000243479","MNX1-AS1",NA,0.150348814140192,1.96806564232156,0.0638596983745376
"ENSG00000259038","CTD-2325P2.4",NA,0.097051493053576,1.96668219358333,0.0640495880110408
"ENSG00000088992","TESC","54997",-0.0987594171425898,-1.964513059914,0.0643576953891874
"ENSG00000117525","F3","2152",-0.0952323533351336,-1.95813640128378,0.0653032516184547
"ENSG00000125618","PAX8","7849",-0.0962873632941613,-1.95801183858361,0.0653052919854912
"ENSG00000181856","SLC2A4","6517",-0.106457912189884,-1.95760244041984,0.0653505942286001
"ENSG00000213058","RP4-765C7.2",NA,-0.158150515744857,-1.95565769479315,0.0656296385624909
"ENSG00000270640","RP11-373D23.2",NA,0.168268171586198,1.95429428773317,0.0658207733880816
"ENSG00000166105","GLB1L3","112937",0.114887769598472,1.9539021836402,0.0658637151336892
"ENSG00000235408","SNORA71B",NA,0.151066660780308,1.95203844915974,0.0661321214645505
"ENSG00000168824","D4S234E","27065",0.107661788759343,1.94925808443175,0.0665426466524133
"ENSG00000131398","KCNC3","3748",0.155512391570786,1.94902825688161,0.0665609263925463
"ENSG00000236155","RP11-231P20.2",NA,-0.156226331753359,-1.94797660480414,0.0667060889443379
"ENSG00000185818","NAT8L","339983",0.100430237985643,1.94524764040805,0.0671115503799178
"ENSG00000125895","TMEM74B","55321",0.116151387847799,1.93992279443537,0.0679252037199675
"ENSG00000133636","NTS","4922",-0.171735089816622,-1.93831102005629,0.068153637527957
"ENSG00000243238","IGKV2-30","28919",0.115268891007207,1.93813945372768,0.068153637527957
"ENSG00000255090","MIR100HG",NA,-0.151775789364756,-1.93813369905067,0.068153637527957
"ENSG00000257386","RP11-56G10.2",NA,-0.179490866880831,-1.93613773120569,0.0684505410951196
"ENSG00000251003","ZFPM2-AS1",NA,-0.129648753115567,-1.93433109722565,0.0687185176955103
"ENSG00000232110","RP11-149I23.3","124902477",0.155385105518916,1.93301839403036,0.0689089211069922
"ENSG00000163430","FSTL1","11167",-0.0826014929912177,-1.93026106914931,0.0693298777959125
"ENSG00000229314","ORM1","5004",0.154820122819144,1.92912442311677,0.0694935188253624
"ENSG00000105697","HAMP","57817",-0.0724911741808477,-1.92886642153877,0.0695168893904645
"ENSG00000196188","CTSE","1510",0.121910111746972,1.9277063769147,0.0696846331912334
"ENSG00000134853","PDGFRA","5156",0.0862468006112947,1.92574565153465,0.0699813104670744
"ENSG00000151023","ENKUR","219670",0.104414392584103,1.92380547671809,0.0702757063471231
"ENSG00000254109","RBPMS-AS1","100128750",-0.0771483190336206,-1.9229757158876,0.070388757843916
"ENSG00000231995","RP11-111F5.2","643630",-0.154824505760248,-1.92288124019442,0.070388757843916
"ENSG00000184144","CNTN2","6900",0.111018724936529,1.92110848551333,0.070657412723908
"ENSG00000235238","SUMO2P1",NA,0.160266535763888,1.92012035158292,0.0707994822329468
"ENSG00000065618","COL17A1","1308",-0.116055077341024,-1.91911956866049,0.0709328582108667
"ENSG00000214860","EVPLL","645027",-0.135425725643253,-1.91907516883023,0.0709328582108667
"ENSG00000267279","RP11-879F14.2",NA,0.115289949393211,1.91894622860059,0.0709356227945716
"ENSG00000067445","TRO","7216",-0.0974532674059387,-1.91705740568783,0.071224882342115
"ENSG00000258515","RP11-203M5.7",NA,-0.132462060335902,-1.91647651065962,0.0713013802364259
"ENSG00000204540","PSORS1C1","170679",-0.0878271605699543,-1.91522691779064,0.0714872406592318
"ENSG00000178078","STAP2","55620",0.0563833746418737,1.91428129516216,0.0716236871138492
"ENSG00000091704","CPA1","1357",-0.119729499953906,-1.91393024468773,0.0716628538302772
"ENSG00000140839","CLEC18B","497190",0.134249818150574,1.90998348898368,0.0722935449119354
"ENSG00000002726","AOC1","26",0.0905479325713956,1.90531745266287,0.0730484831626228
"ENSG00000189056","RELN","5649",0.130376394671402,1.90452286365207,0.0731621531164764
"ENSG00000261377","PDCD6IPP2",NA,0.143386361455054,1.90143693694856,0.0736592530166887
"ENSG00000198796","ALPK2","115701",0.0815342502797814,1.9000678914565,0.0738701613915487
"ENSG00000274403","CTD-2036P10.6",NA,-0.162691975787556,-1.89883826216802,0.0740580800592283
"ENSG00000259318","RP11-454L9.2",NA,-0.160461302067379,-1.89557515063822,0.0745901565285146
"ENSG00000111452","ADGRD1","283383",-0.0978512594199923,-1.89419477479151,0.0748051491326072
"ENSG00000169403","PTAFR","5724",0.0967104884388743,1.89300699487498,0.0749878727310973
"ENSG00000130208","APOC1","341",-0.0658397378345862,-1.89099257504489,0.0753119710837774
"ENSG00000109832","DDX25","29118",0.104739768958377,1.88932193754084,0.0755783294821575
"ENSG00000277734","TRAC","28755",0.112246347540427,1.8870026917008,0.0759568933132409
"ENSG00000260465","RP11-63M22.2",NA,0.229536786121091,1.88360177635127,0.0765239200022315
"ENSG00000128274","A4GALT","53947",-0.0859076450779909,-1.88267272515467,0.0766651997437136
"ENSG00000130035","GALNT8","26290",-0.103813510468602,-1.88041992283619,0.0770366380793164
"ENSG00000171560","FGA","2243",-0.106870318131692,-1.87785650779629,0.0774637956708448
"ENSG00000214575","CPEB1","64506",-0.0839766579278289,-1.87656710755227,0.0776695423642887
"ENSG00000226644","RP11-128M1.1",NA,-0.129497136923065,-1.87543516298823,0.0778481032222607
"ENSG00000259288","PAK6",NA,-0.0887821848291481,-1.87319379262098,0.07822217708199
"ENSG00000240038","AMY2B","280",-0.0981940399745346,-1.87215740128454,0.0783849017577918
"ENSG00000163449","TMEM169","92691",0.0776678288812598,1.86879129166063,0.0789604709640362
"ENSG00000273275","RP11-474G23.2",NA,-0.128689744739693,-1.86149415330959,0.0802439354227188
"ENSG00000225792","AC004540.4","105375304",-0.103300327962995,-1.85960833089921,0.0805631898826456
"ENSG00000180828","BHLHE22","27319",0.0899713483185342,1.85911404142988,0.0806318928320172
"ENSG00000103942","HOMER2","9455",-0.0954483808934839,-1.85830042477857,0.0807583553168816
"ENSG00000123338","NCKAP1L","3071",0.0956239486596203,1.85660941378589,0.0810439235247915
"ENSG00000163687","DNASE1L3","1776",-0.119122620474188,-1.85490987662796,0.0813318563150218
"ENSG00000164764","SBSPON","157869",-0.16252613382247,-1.85382527642463,0.0815085392304725
"ENSG00000049540","ELN","2006",-0.107780370442903,-1.85227980267323,0.0817696593832826
"ENSG00000279649","RP11-96D1.8",NA,-0.0933023563532055,-1.84783759218866,0.0825632641212646
"ENSG00000114771","AADAC","13",0.125394471733834,1.84154386799007,0.0837072802991941
"ENSG00000117477","CCDC181","57821",-0.0971594912116585,-1.83973574892837,0.0840231220353015
"ENSG00000234742","AC144530.1","100129657",0.0516829806064659,1.8392203242719,0.0840980612390479
"ENSG00000267053","CTD-3162L10.1","100134317",0.0970769631566224,1.8361638251395,0.0846493593791876
"ENSG00000170006","TMEM154","201799",-0.0874248712986424,-1.8346782262274,0.0849072970218754
"ENSG00000172572","PDE3A","5139",-0.0799726589788892,-1.83244513022387,0.0853070936060913
"ENSG00000118946","PCDH17","27253",-0.0580165241189629,-1.83210636881043,0.0853495047705395
"ENSG00000130822","PNCK","139728",-0.105728028738588,-1.82751702456551,0.0861992884126986
"ENSG00000151632","AKR1C2","1646",0.124476116762667,1.82516780249314,0.0866262209739825
"ENSG00000181195","PENK","5179",-0.112809583985189,-1.82480676809129,0.0866733862331253
"ENSG00000271141","RP11-171I2.4",NA,-0.120055260970096,-1.82203264765431,0.0871839373972909
"ENSG00000213131","YWHAZP4",NA,0.0524861040408049,1.82024259474667,0.0875068050512543
"ENSG00000211942","IGHV3-13","28449",0.130715360776079,1.81981280869829,0.0875676091523499
"ENSG00000122756","CNTFR","1271",0.116433683637046,1.81862272798943,0.0877754558112054
"ENSG00000143153","ATP1B1","481",-0.0904028350047034,-1.81727610037659,0.0880140465500044
"ENSG00000139044","B4GALNT3","283358",0.103279341335597,1.81626128345348,0.0881886892206046
"ENSG00000176998","HCG4",NA,-0.12005889137071,-1.81492167121172,0.0884268068461814
"ENSG00000124749","COL21A1","81578",-0.0882721821808479,-1.81350158931936,0.0886811342449871
"ENSG00000279399","RP11-369J21.12",NA,-0.192444898947954,-1.81216538589259,0.0889196433428959
"ENSG00000265303","CTD-2510F5.6",NA,0.160096697677219,1.81033336143506,0.0892558580076606
"ENSG00000239268","RP11-384F7.2","127138867",-0.102278199246049,-1.80874937054992,0.0895443093477169
"ENSG00000211892","IGHG4","3503",0.0888187488709094,1.80831204420244,0.0896076831264852
"ENSG00000185527","PDE6G","5148",0.0787580744440284,1.8060306008903,0.0900346919953423
"ENSG00000260566","RP11-20G6.3",NA,0.108113107035344,1.80559930252794,0.0900971410096975
"ENSG00000258064","RP11-293I14.2",NA,0.161598088098555,1.80227995499665,0.0907320839227732
"ENSG00000178773","CPNE7","27132",-0.109835853219738,-1.80045615271376,0.0910721279676726
"ENSG00000198019","FCGR1B",NA,0.0663214080205135,1.79974784399389,0.0911903855156812
"ENSG00000178038","ALS2CL","259173",0.0750186884105561,1.79910384589459,0.0912959183434014
"ENSG00000273184","RP11-212P7.3",NA,-0.0964458140250162,-1.79619215714277,0.0918467571445094
"ENSG00000142178","SIK1","150094",0.149183663891402,1.79612165338531,0.0918467571445094
"ENSG00000188404","SELL","6402",0.105210875118101,1.79332316146978,0.0923864861163766
"ENSG00000118473","SGIP1","84251",-0.0902174550379863,-1.79272083452593,0.0924846875791956
"ENSG00000128266","GNAZ","2781",0.0865408137559448,1.78676015348819,0.0936704267435016
"ENSG00000189320","FAM180A","389558",0.0750720828933468,1.78606001584052,0.0937896496184871
"ENSG00000268119","CTD-2561J22.5","105372321",-0.131899044955653,-1.77800557515852,0.0954215185131464
"ENSG00000133135","RNF128","79589",-0.0739233460900033,-1.77527389933685,0.0959642061557602
"ENSG00000175229","GAL3ST3","89792",0.0791230830179792,1.77396432063464,0.0962126382362928
"ENSG00000131650","KREMEN2","79412",0.112926442690358,1.77209440301022,0.0965786480509761
"ENSG00000281379","SEPT14P19",NA,-0.123411037140255,-1.77170906389666,0.096634900642469
"ENSG00000170075","GPR37L1","9283",0.0920095171150713,1.76631799979259,0.0977430739084085
"ENSG00000135502","SLC26A10",NA,0.0821595756821102,1.76316967418039,0.0983668865586019
"ENSG00000148735","PLEKHS1","79949",0.0862713129380955,1.76313691910696,0.0983668865586019
"ENSG00000140968","IRF8","3394",0.0943679974724412,1.76247916220471,0.098481744688873
"ENSG00000169442","CD52","1043",0.0900007377325815,1.76141659733342,0.0986827709657487
"ENSG00000267199","RP11-861E21.2",NA,0.105153548041679,1.75708681290522,0.0995821163531927
"ENSG00000256569","RP11-173P15.5",NA,-0.126954632124866,-1.75577606625194,0.0998381809015957
"ENSG00000183778","B3GALT5","10317",-0.118768502829917,-1.75422997062093,0.10014540311154
"ENSG00000100505","TRIM9","114088",-0.0944083708720666,-1.7537452361505,0.100224600539253
"ENSG00000235681","AC008746.5",NA,-0.134064978708925,-1.74781340844304,0.101483151186167
"ENSG00000221866","PLXNA4","91584",-0.0936096562964439,-1.74268186908796,0.102578683330252
"ENSG00000281852","LINC00891","441501",-0.0825883950182204,-1.74212083278906,0.102676085636766
"ENSG00000114270","COL7A1","1294",-0.0880250698498814,-1.73852980784298,0.10344114621844
"ENSG00000219438","FAM19A5","25817",-0.0871705320238907,-1.736581643374,0.103846189512259
"ENSG00000176728","TTTY14","83869",-0.0372820826337637,-1.73598293037187,0.103952865528051
"ENSG00000132938","MTUS2","23281",-0.115028327505588,-1.7340876637425,0.104347714659693
"ENSG00000266274","RN7SL138P","106480489",-0.0748730550165582,-1.73264180693339,0.104643514700803
"ENSG00000181790","ADGRB1","575",-0.0960953879443762,-1.73156122215636,0.104858378418011
"ENSG00000279806","RP11-58O9.2",NA,-0.0842225286406751,-1.73037192979754,0.105097901528403
"ENSG00000259120","SMIM6","100130933",-0.116606654235191,-1.72735174834175,0.105748826251111
"ENSG00000170074","FAM153A","285596",0.136785952146493,1.72448062032677,0.106369285712269
"ENSG00000236756","DNAJC9-AS1","414245",0.167518052116072,1.72148199358142,0.10702157511626
"ENSG00000174326","SLC16A11","162515",0.149485658629841,1.7133522605489,0.108852627815806
"ENSG00000273541","DLEU1_2",NA,0.123015541341319,1.70969485585212,0.109669454480636
"ENSG00000103742","IGDCC4","57722",-0.0734837874499087,-1.70528412323032,0.110666708295216
"ENSG00000112541","PDE10A","10846",-0.0760280521673832,-1.70200591206454,0.1114054247722
"ENSG00000197629","MPEG1","219972",0.0839658246099904,1.69760764318637,0.112412276451558
"ENSG00000173597","SULT1B1","27284",0.0990953027619831,1.69728628795001,0.112460070370033
"ENSG00000258986","TMEM179","388021",0.141892812508743,1.69543474767654,0.112869883973721
"ENSG00000111424","VDR","7421",-0.0502095564936577,-1.69348805831268,0.113303472100819
"ENSG00000254681","PKD1P5","348156",-0.123068301126127,-1.69304581943862,0.113380271527834
"ENSG00000246223","LINC01550","388011",0.136785077898082,1.69219271413493,0.11355486495237
"ENSG00000165457","FOLR2","2350",-0.087607918802692,-1.69192349469758,0.113590599624318
"ENSG00000131746","TNS4","84951",-0.073320885598377,-1.69052826227555,0.113894705601722
"ENSG00000226363","HAGLROS",NA,-0.0774843439866734,-1.68673344633481,0.114774239587948
"ENSG00000068976","PYGM","5837",-0.0623272361316702,-1.68654121994515,0.114791752563707
"ENSG00000213214","ARHGEF35","445328",-0.0822965699111769,-1.68455998577072,0.115239387742924
"ENSG00000240583","AQP1","358",-0.0726895389907441,-1.68292945781122,0.115603708373721
"ENSG00000274423","RP11-544O24.2",NA,-0.127018505607646,-1.68147283335209,0.115926848955622
"ENSG00000204072","ARMCX7P",NA,0.180591290786526,1.679873271899,0.116285348107748
"ENSG00000243015","RN7SL737P","106481123",-0.146532616367576,-1.67085488682739,0.11845941220136
"ENSG00000186198","SLC51B","123264",-0.115994394509943,-1.67072152171996,0.118462735457479
"ENSG00000170890","PLA2G1B","5319",-0.105724645771397,-1.6618181000118,0.120640317471017
"ENSG00000258656","RP11-193F5.4",NA,-0.15353711085046,-1.66014572584673,0.121028406815266
"ENSG00000111341","MGP","4256",0.0950812888608847,1.65862610057922,0.121379129049877
"ENSG00000228532","RP1-241P17.4",NA,0.0893633001434838,1.6529562778671,0.122777982536916
"ENSG00000261822","RP11-265N6.2",NA,0.150076455236379,1.65143632199631,0.123132728028021
"ENSG00000006606","CCL26","10344",0.0712758914279226,1.64206908187501,0.125497320097843
"ENSG00000266964","FXYD1","5348",-0.0898214019017728,-1.64091566424884,0.125763535283103
"ENSG00000146966","DENND2A","27147",0.0585127003915162,1.63347419192174,0.127637678798583
"ENSG00000254507","RP11-481A20.10",NA,-0.114857048774259,-1.63345406179951,0.127637678798583
"ENSG00000233864","TTTY15",NA,-0.0444268518807435,-1.6305326825244,0.128370466349832
"ENSG00000106025","TSPAN12","23554",0.0741672291568008,1.62686601969628,0.129303029275051
"ENSG00000056736","IL17RB","55540",-0.0910347629342036,-1.62393423763983,0.130046023059519
"ENSG00000109758","HGFAC","3083",0.125217753820344,1.62231909937698,0.130442220560505
"ENSG00000162105","SHANK2","22941",-0.0510235769427025,-1.61922784631205,0.131232847682018
"ENSG00000131187","F12","2161",-0.0714927830194301,-1.61823478520655,0.131465486177684
"ENSG00000281508","CDR1-AS",NA,0.0833976371558121,1.61775790949709,0.13156034871927
"ENSG00000168621","GDNF","2668",-0.107812232160672,-1.61695306188489,0.131743031483426
"ENSG00000152760","TCTEX1D1","200132",-0.0738080787788238,-1.6166930466394,0.131779972195076
"ENSG00000184292","TACSTD2","4070",0.0441606061919239,1.61518685137518,0.132150954501364
"ENSG00000160716","CHRNB2","1141",-0.111862634859907,-1.61276398574753,0.132769407277163
"ENSG00000131153","GINS2","51659",0.0770750178798822,1.61106108963953,0.133195616759512
"ENSG00000186474","KLK12","43849",0.136048441389573,1.6104982309284,0.13331461593641
"ENSG00000124479","NDP","4693",-0.113651979203033,-1.60664658447573,0.134325079039389
"ENSG00000254427","RP11-430H10.1",NA,-0.132230527479394,-1.60420290707432,0.134955392032612
"ENSG00000277075","HIST1H2AE","3012",0.118135439837217,1.60408650756359,0.134955392032612
"ENSG00000198113","TOR4A","54863",0.0650862274793624,1.60300988532223,0.135215817336929
"ENSG00000244239","AC007009.1",NA,-0.0511851033280955,-1.60282541012274,0.135232755124662
"ENSG00000101605","MYOM1","8736",0.0700392207054416,1.60159293275866,0.135536216340058
"ENSG00000168481","LGI3","203190",-0.0930368882848933,-1.59955136658759,0.136062101716955
"ENSG00000237512","UNC5B-AS1","728978",-0.0814491270853755,-1.59667801241424,0.136818676230862
"ENSG00000131002","TXLNGY",NA,-0.0485125271331215,-1.59609105036044,0.136946695477631
"ENSG00000105605","CACNG7","59284",-0.0640201787432471,-1.59531472995956,0.137127077570905
"ENSG00000267340","RP11-242D8.3",NA,-0.140715404888615,-1.59371301910989,0.13753590452438
"ENSG00000089199","CHGB","1114",-0.117846177712553,-1.59291805844429,0.137722027647617
"ENSG00000180071","ANKRD18A","253650",0.131819972444776,1.59114078888125,0.138176055933079
"ENSG00000172179","PRL","5617",0.0924150271291557,1.59103560109566,0.138176055933079
"ENSG00000185666","SYN3","8224",-0.0867974046438833,-1.58958501347058,0.138545178277817
"ENSG00000162493","PDPN","10630",-0.0574560093178709,-1.58896482411187,0.138683636026601
"ENSG00000163630","SYNPR","132204",0.0741157352359889,1.58847389880471,0.138786173526979
"ENSG00000101076","HNF4A","3172",-0.072058921427587,-1.58831686346553,0.13879570699938
"ENSG00000151650","VENTX","27287",-0.0790032541587154,-1.58624573759154,0.139339400939429
"ENSG00000202538","RNU4-2","26834",-0.10758733626941,-1.58558649509813,0.139489364793479
"ENSG00000164690","SHH","6469",-0.0961710152927311,-1.58536243872891,0.139517665915479
"ENSG00000161509","GRIN2C","2905",-0.10712944896229,-1.58169694842749,0.140505524364946
"ENSG00000185168","LINC00482",NA,-0.118957250622109,-1.58159486265121,0.140505524364946
"ENSG00000168079","SCARA5","286133",0.103745351632439,1.58135959630082,0.140518881620209
"ENSG00000114854","TNNC1","7134",-0.074281937628988,-1.58130140321471,0.140518881620209
"ENSG00000197769","MAP1LC3C","440738",0.0944702826890109,1.58113681708288,0.140530592029888
"ENSG00000263970","RP11-789C17.5",NA,-0.130092596318315,-1.58011023348759,0.140784929847779
"ENSG00000178150","ZNF114","163071",0.101547668613125,1.57870963138113,0.14114513073935
"ENSG00000257767","RP11-162P23.2",NA,-0.135369446344065,-1.57775032312242,0.141381288805635
"ENSG00000182230","FAM153B",NA,-0.117147621092687,-1.57566271636549,0.141937245822699
"ENSG00000254352","RP11-578O24.2",NA,0.135986387113746,1.57537643850008,0.141983500185895
"ENSG00000125730","C3","718",0.0625885059890189,1.57287748562839,0.142658246830415
"ENSG00000105427","CNFN","84518",-0.0567536646123252,-1.57249075176983,0.142733247846242
"ENSG00000234147","RP3-460G2.2",NA,-0.118262226772586,-1.57227369717898,0.142759971593755
"ENSG00000103485","QPRT","23475",-0.105283016688096,-1.57104162814055,0.143075894408794
"ENSG00000147255","IGSF1","3547",-0.131527153328454,-1.56879548520604,0.143682212173308
"ENSG00000187583","PLEKHN1","84069",0.0509978976436618,1.56410869124968,0.14499232701067
"ENSG00000125966","MMP24","10893",-0.0879791660011163,-1.56108343682088,0.145830204278809
"ENSG00000136274","NACAD","23148",-0.0747626779014149,-1.55808908679273,0.146662813640665
"ENSG00000188985","DHFRP1",NA,-0.0536745517707553,-1.55656916827442,0.147069076139625
"ENSG00000105894","PTN","5764",-0.0732315335695438,-1.55463044147451,0.147598481103954
"ENSG00000280334","RP11-361L15.5",NA,-0.100784401045055,-1.55448257386143,0.147605492231776
"ENSG00000104267","CA2","760",-0.109908357264224,-1.54689970340369,0.149796798857577
"ENSG00000275143","SCARNA16","677781",0.135766270934572,1.54545034006728,0.150188730116554
"ENSG00000172508","CARNS1","57571",-0.0646657165360503,-1.54004234418175,0.151759368902731
"ENSG00000181631","P2RY13","53829",-0.079649401642095,-1.53871487316825,0.152081939592686
"ENSG00000178363","CALML3","810",-0.0999093031938504,-1.53871336324457,0.152081939592686
"ENSG00000156711","MAPK13","5603",-0.0487401804404303,-1.53612289985969,0.152820447617105
"ENSG00000168961","LGALS9","3965",0.0793779951510995,1.53117216724414,0.154273810693679
"ENSG00000228252","COL6A4P2",NA,-0.114296210312655,-1.52871852525841,0.154978920922465
"ENSG00000255126","CTD-2531D15.5",NA,0.134405082131713,1.52600018650663,0.155767058366368
"ENSG00000234511","C5orf58","133874",0.11231421046957,1.5257899057121,0.155792999965484
"ENSG00000162849","KIF26B","55083",-0.0785417366865176,-1.52249635491374,0.156760174317517
"ENSG00000100604","CHGA","1113",-0.115017766066652,-1.52203163018828,0.156864079567868
"ENSG00000130701","RBBP8NL","140893",-0.0285971924974759,-1.52084553566919,0.157189087768454
"ENSG00000164929","BAALC","79870",-0.0799785559860842,-1.51693688598746,0.158328062980043
"ENSG00000171051","FPR1","2357",0.075467026049757,1.51689027978798,0.158328062980043
"ENSG00000034239","EFCAB1","79645",-0.09843541041348,-1.51653154897124,0.158400007443031
"ENSG00000279909","AC110615.1",NA,0.144328773425262,1.51070809234017,0.160164728732911
"ENSG00000243480","AMY2A","279",-0.0989815552726845,-1.50733078673749,0.161178542454496
"ENSG00000184226","PCDH9","5101",0.088194715810014,1.50497955474934,0.161875220597685
"ENSG00000151882","CCL28","56477",-0.119610849900406,-1.5025687110705,0.162592918782777
"ENSG00000176920","FUT2","2524",-0.0856739222123529,-1.50035641827689,0.163250336117981
"ENSG00000211716","TRBV9","28586",0.100357540939958,1.49581566755005,0.164648172875649
"ENSG00000151640","DPYSL4","10570",0.0863494921940705,1.49286323823551,0.16554782186733
"ENSG00000137709","POU2F3","25833",0.0452475170968829,1.49092849246921,0.166125423026122
"ENSG00000270181","BIVM-ERCC5","100533467",-0.0947712972275751,-1.48691407914442,0.16737249495231
"ENSG00000105609","LILRB5","10990",0.082676724243269,1.48608010301835,0.167600112257636
"ENSG00000131095","GFAP","2670",0.0728419204802667,1.48588865509572,0.167620945215832
"ENSG00000104760","FGL1","2267",-0.104793380514686,-1.48520355926459,0.16780081485844
"ENSG00000125675","GRIA3","2892",-0.0810358680300653,-1.48456383610259,0.167966188202956
"ENSG00000254528","RP11-728F11.4","123706543",-0.111203462353459,-1.48305133944978,0.168413523784337
"ENSG00000211746","TRBV19","28568",0.086376084577707,1.48227984310846,0.168621941474352
"ENSG00000159674","SPON2","10417",-0.0725989384789417,-1.4732577910689,0.171517772380665
"ENSG00000130508","PXDN","7837",0.065847240046254,1.47242948528759,0.171747595667744
"ENSG00000196787","HIST1H2AG","8969",0.121063725975566,1.47166934120451,0.171955259856614
"ENSG00000080007","DDX43","55510",0.108254879871973,1.46870574388034,0.17288828678233
"ENSG00000127241","MASP1","5648",0.0950280375304862,1.46626570955251,0.173651873091072
"ENSG00000269994","RP11-276H19.2","440173",0.102261671003988,1.46507853925609,0.173989758485629
"ENSG00000166278","C2","717",0.0624065198378049,1.46498970194647,0.173989758485629
"ENSG00000272783","RP13-1016M1.2",NA,-0.107534421271954,-1.45768408676528,0.176379524969174
"ENSG00000263429","LINC00675","100289255",-0.10543140887941,-1.45701724073647,0.176559943169022
"ENSG00000277224","HIST1H2BF","8343",0.103714584426535,1.45656842490543,0.176667427210706
"ENSG00000123999","INHA","3623",-0.0869576606513098,-1.4549433342369,0.177169570618192
"ENSG00000101194","SLC17A9","63910",-0.0981738284540012,-1.4535088577624,0.177608630377977
"ENSG00000255026","RP11-326C3.2",NA,-0.123236605797286,-1.45198121129527,0.178079882298385
"ENSG00000134716","CYP2J2","1573",-0.0651259864497297,-1.4441081481404,0.180704836562189
"ENSG00000267007","CTB-31O20.3",NA,0.130995554134817,1.44181119867536,0.181421104409766
"ENSG00000184937","WT1","7490",0.0868004984485402,1.44175249013793,0.181421104409766
"ENSG00000133800","LYVE1","10894",0.0652496213437483,1.44137883297389,0.181504881393647
"ENSG00000158246","FAM46B","115572",-0.0707891974379272,-1.44077547454019,0.181667261794481
"ENSG00000110665","C11orf21","29125",0.0954028917554189,1.43755632490795,0.182726936025672
"ENSG00000165272","AQP3","360",-0.0903729087494755,-1.43571321005864,0.183316748463455
"ENSG00000078399","HOXA9","3205",0.0530424584663076,1.43309892336375,0.184174377889569
"ENSG00000114200","BCHE","590",-0.0802582873322509,-1.43179045073971,0.18458243170847
"ENSG00000169994","MYO7B","4648",0.0748495003009668,1.42939280448935,0.185369154516228
"ENSG00000165246","NLGN4Y","22829",-0.0520280614713259,-1.42527454457546,0.186758621579333
"ENSG00000267405","CTC-296K1.4",NA,0.10022616563064,1.42395612994428,0.187174310429864
"ENSG00000057294","PKP2","5318",0.0566702019588917,1.41897413147124,0.188877885058686
"ENSG00000279624","RP5-1042K10.14",NA,-0.13819115680769,-1.41598707282217,0.189886464673762
"ENSG00000237978","KCNMB2-AS1",NA,0.133102227934688,1.41455342603631,0.190319439955174
"ENSG00000001626","CFTR","1080",0.0958816365086902,1.41450433221189,0.190319439955174
"ENSG00000271347","RP11-701H24.7",NA,-0.116822584998585,-1.41409558360841,0.19039956981944
"ENSG00000128573","FOXP2","93986",-0.0725183768368793,-1.41401865180591,0.19039956981944
"ENSG00000189377","CXCL17","284340",-0.0782835896645219,-1.41315272581534,0.190660541265272
"ENSG00000187288","CIDEC","63924",-0.112430513084829,-1.41204689664453,0.191006945840392
"ENSG00000100336","APOL4","80832",-0.0772397384644147,-1.40908356598922,0.192015195739072
"ENSG00000122691","TWIST1","7291",-0.0523320275716893,-1.40681077850592,0.192780313012806
"ENSG00000259357","RP11-316M1.12",NA,-0.087048003727406,-1.40667323884349,0.192783002120788
"ENSG00000248890","HHIP-AS1","646576",-0.0802899353358064,-1.4065058495535,0.192796372585599
"ENSG00000101115","SALL4","57167",-0.062646610720084,-1.40507003193993,0.193263705969093
"ENSG00000187653","TMSB4XP8",NA,0.123380337324204,1.40357955878461,0.193751463761333
"ENSG00000132639","SNAP25","6616",-0.0757488504533905,-1.40229978875717,0.194164360293627
"ENSG00000131401","NAPSB",NA,-0.0716808770729415,-1.40107517140287,0.194558028898635
"ENSG00000196735","HLA-DQA1","3117",0.0707353897486966,1.39977841669656,0.19497826916239
"ENSG00000133401","PDZD2","23037",0.0768479803685003,1.39889344342737,0.195250506609869
"ENSG00000278309","RP11-102K13.5",NA,0.0752285836401064,1.39772354833385,0.195625954352681
"ENSG00000107317","PTGDS","5730",0.0759238914190346,1.39649793696825,0.196022075757533
"ENSG00000162374","ELAVL4","1996",0.0554030852730063,1.39351194780758,0.197057596889074
"ENSG00000137868","STRA6","64220",-0.0400253382301297,-1.39337936694881,0.197058369263324
"ENSG00000214199","EEF1A1P12",NA,-0.0426517671491003,-1.39284135410787,0.19720648483402
"ENSG00000100078","PLA2G3","50487",-0.12081426228095,-1.39174864558264,0.197556490055629
"ENSG00000138944","KIAA1644","85352",0.0748098461473753,1.38899002257642,0.198514751428033
"ENSG00000172901","LVRN","206338",-0.0802009191864762,-1.38850594812555,0.198643893526347
"ENSG00000130700","GATA5","140628",-0.125920594847137,-1.38757484948993,0.198936572324865
"ENSG00000273018","CTD-2303H24.2","80039",0.0952924207676632,1.38594846822831,0.199484288547724
"ENSG00000112297","AIM1","202",0.0723692287587846,1.38564112046663,0.199549050749653
"ENSG00000069702","TGFBR3","7049",-0.110065840611905,-1.38512743393865,0.199689503678939
"ENSG00000184574","LPAR5","57121",-0.0560674206884423,-1.38364901451066,0.20018428823028
"ENSG00000219928","RP11-40C6.2",NA,-0.0200906147905099,-1.38323328757609,0.200289029918794
"ENSG00000265107","GJA5","2702",-0.0467850975629372,-1.38105677683662,0.201042048673527
"ENSG00000196565","HBG2","3048",-0.102486505729741,-1.38064514183732,0.201145573114495
"ENSG00000119698","PPP4R4","57718",-0.13374903388204,-1.37967877524801,0.201453821346617
"ENSG00000275371","RP11-455F5.6",NA,-0.110355788056963,-1.37678346039015,0.202476145615906
"ENSG00000185565","LSAMP","4045",-0.0699719936953431,-1.3753879103501,0.202945063997247
"ENSG00000182162","P2RY8","286530",0.0621983716574633,1.37095072070069,0.204547861060301
"ENSG00000270872","SRGAP2D",NA,-0.104922506595632,-1.36975899788025,0.204944005880682
"ENSG00000182272","B4GALNT4","338707",-0.0459855386044884,-1.36846252906103,0.205379901734689
"ENSG00000163993","S100P","6286",-0.085831190278487,-1.36748145049752,0.205698210156265
"ENSG00000237541","HLA-DQA2","3117",0.0683164689453117,1.36648564007161,0.206022386791137
"ENSG00000143001","TMEM61","199964",0.0601875126838559,1.36521369726859,0.206450666594463
"ENSG00000264272","CTD-2514K5.4",NA,0.115273417323216,1.36403347778977,0.206845051598687
"ENSG00000113303","BTNL8","79908",0.104734818294258,1.36372553272615,0.206911459353688
"ENSG00000152207","CYSLTR2","57105",-0.0637612330674608,-1.36140739584138,0.207735654941136
"ENSG00000171401","KRT13","3860",0.0922579912534515,1.35299953129433,0.210877211102015
"ENSG00000156413","FUT6","2528",0.0958526580726369,1.35183015451293,0.211273427115489
"ENSG00000128040","SPINK2","6691",0.0902215546935552,1.35150512316447,0.211347177607148
"ENSG00000161082","CELF5","60680",-0.0894450389633842,-1.35115494970135,0.211430561432737
"ENSG00000184194","GPR173","54328",0.0650452478751272,1.35091306817212,0.211472551776133
"ENSG00000254461","RP11-755F10.3",NA,-0.101443669845548,-1.34909492958902,0.212118051751401
"ENSG00000235333","PVRIG2P",NA,0.0939043226267045,1.34774844414025,0.212583835079832
"ENSG00000184809","B3GALT5-AS1","114041",-0.0841939306967529,-1.34728698907032,0.212710255142638
"ENSG00000145284","SCD5","79966",0.0670297844675702,1.34469676693209,0.213655712802973
"ENSG00000204653","ASPDH","554235",-0.0988240921320067,-1.34407869172737,0.213842916108984
"ENSG00000104140","RHOV","171177",0.0437057091275569,1.34340268869804,0.214052573233612
"ENSG00000261113","RP11-141O15.1",NA,-0.0987186783853312,-1.33501588442128,0.217254297819455
"ENSG00000101203","COL20A1","57642",-0.0815565218859417,-1.33403382454457,0.217585692162794
"ENSG00000106078","COBL","23242",0.0581248281507626,1.33331545619221,0.217808892979349
"ENSG00000258757","RP11-841O20.2",NA,-0.118514573034641,-1.333196662016,0.217808892979349
"ENSG00000106633","GCK","2645",-0.0799167357620877,-1.33217451726526,0.218156525506586
"ENSG00000224318","CHL1-AS2",NA,-0.0973833249280823,-1.32991866434039,0.218988010722548
"ENSG00000099617","EFNA2","1943",-0.0963216913602116,-1.32846619006589,0.219505957781015
"ENSG00000196104","SPOCK3","50859",-0.0900911369500142,-1.3265394845764,0.22021144396013
"ENSG00000196666","FAM180B","399888",0.0961376320462546,1.32613658114305,0.220317699057848
"ENSG00000204128","C2orf72","257407",-0.0782419967027699,-1.32553829076157,0.220500984007308
"ENSG00000261068","RP11-7K24.3",NA,-0.0419635553576439,-1.32538003529574,0.2205108968839
"ENSG00000198300","PEG3","5178",0.0889103753953349,1.32092967128166,0.222217133402648
"ENSG00000101230","ISM1","140862",-0.0619597112166024,-1.31424329912806,0.224825443708939
"ENSG00000244257","PKD1P1","339044",-0.117483229647966,-1.31190796277485,0.225706758340875
"ENSG00000233327","USP32P2",NA,0.0864095480710799,1.31059951815269,0.226177974159085
"ENSG00000140749","IGSF6","10261",-0.0654362813750221,-1.30838076240457,0.227016087297487
"ENSG00000228630","HOTAIR","100124700",0.0927646599563782,1.30588609258001,0.22796482270429
"ENSG00000143061","IGSF3","3321",0.0479687406317857,1.30575930610679,0.22796482270429
"ENSG00000226386","PARD3-AS1",NA,0.112511955382986,1.30539761227931,0.228056727033993
"ENSG00000128340","RAC2","5880",0.0581622149745653,1.30438590127544,0.228411323453822
"ENSG00000134775","FHOD3","80206",0.0542224432690932,1.30303300722409,0.228904398362438
"ENSG00000261655","CTD-3064M3.3",NA,-0.0694229423835638,-1.30249355907876,0.229068528077669
"ENSG00000084734","GCKR","2646",0.0772316570036829,1.30065250369481,0.229733149086464
"ENSG00000258377","RP11-649E7.5",NA,-0.0311470603852461,-1.30053289751225,0.229733149086464
"ENSG00000267815","CTB-191K22.5",NA,0.0543241929653716,1.3003728858137,0.229733149086464
"ENSG00000231943","PGM5P4-AS1","103344932",-0.108797434337312,-1.300317662344,0.229733149086464
"ENSG00000153233","PTPRR","5801",-0.0622130091177953,-1.29722889090549,0.230934448717042
"ENSG00000148204","CRB2","286204",0.0651069654550628,1.29614349846302,0.231282839374462
"ENSG00000099725","PRKY",NA,0.0489674291243273,1.29598256308497,0.231282839374462
"ENSG00000126860","EVI2A","2123",-0.0609650086512254,-1.29597106942504,0.231282839374462
"ENSG00000157680","DGKI","9162",-0.0539018446260317,-1.29555488461735,0.231397785285342
"ENSG00000228798","AP000473.5",NA,0.0903327641148715,1.29390702735427,0.232015673244789
"ENSG00000179344","HLA-DQB1","3119",0.0762977350902351,1.28839688643639,0.234219906299912
"ENSG00000276170","AC124789.1","101929494",-0.067052782599555,-1.28642391686064,0.234977120800569
"ENSG00000198502","HLA-DRB5","3127",0.0774765428690263,1.28613970941941,0.235038745740839
"ENSG00000211938","IGHV3-7","28452",0.0779056407623613,1.28459847950625,0.23561933507189
"ENSG00000183878","UTY","7404",-0.0366713182249965,-1.28412354774215,0.235759876215635
"ENSG00000258643","BCL2L2-PABPN1","100529063",-0.0959113485777176,-1.28297858354455,0.236177636509057
"ENSG00000078295","ADCY2","108",0.0702638024329305,1.28194207025499,0.236550961422404
"ENSG00000183876","ARSI","340075",0.063947177558572,1.28023207134113,0.237204123557487
"ENSG00000152785","BMP3","651",0.0867955518444322,1.28003977840769,0.237227911706207
"ENSG00000074276","CDHR2","54825",0.0731800506278519,1.27982918917492,0.237259303283412
"ENSG00000185156","MFSD6L","162387",0.0765124130846179,1.27936778751915,0.237344953754006
"ENSG00000182333","LIPF","8513",0.0726770273230887,1.2793529929789,0.237344953754006
"ENSG00000266524","GDF10","2662",-0.0772975177139411,-1.27819960087083,0.237768049093007
"ENSG00000123405","NFE2","4778",-0.0846610481149449,-1.27574444988933,0.238678585657739
"ENSG00000274253","RP11-566K19.6","283683",0.111862517832873,1.27574206657716,0.238678585657739
"ENSG00000165949","IFI27","3429",-0.0857520312925307,-1.27454670357169,0.239120793715593
"ENSG00000183734","ASCL2","430",-0.0777281970023891,-1.27266704150527,0.239849626371966
"ENSG00000165553","NGB","58157",0.0838490827968855,1.27127112948388,0.240377298919796
"ENSG00000262370","RP11-473M20.9",NA,0.066373142652046,1.27099261980766,0.240437314782501
"ENSG00000181649","PHLDA2","7262",0.0608813678873927,1.26718253234201,0.241980318783904
"ENSG00000253445","CTB-79E8.2",NA,0.119420419776132,1.26623162339135,0.242323673934418
"ENSG00000172478","C2orf54","79919",-0.0811273803679324,-1.26289852827044,0.243673369522888
"ENSG00000228477","RP3-342P20.2",NA,0.0833143188834067,1.26197097098283,0.24400845075183
"ENSG00000211643","IGLV5-52",NA,-0.114750525619837,-1.26135566205364,0.244211548547939
"ENSG00000100031","GGT1","2678",-0.0916548197909105,-1.26102196888167,0.244295425732818
"ENSG00000143333","RGS16","6004",-0.0585115377984106,-1.25636760142501,0.246215092947569
"ENSG00000108405","P2RX1","5023",0.0685401366936812,1.25551451183257,0.246520742589096
"ENSG00000175874","CREG2","200407",0.060422623945564,1.25409757415191,0.247067343519978
"ENSG00000165495","PKNOX2","63876",-0.0724285703400038,-1.25358680874575,0.247227405151016
"ENSG00000167653","PSCA","8000",0.0820470880730782,1.25340753782748,0.247245881449102
"ENSG00000272189","RP3-325F22.5","123706512",0.0438787055250995,1.25184472908648,0.24785594398959
"ENSG00000214855","APOC1P1",NA,0.0630996143543832,1.25123188088305,0.248060030362912
"ENSG00000211445","GPX3","2878",0.0537759917865867,1.24711625995157,0.249768126531922
"ENSG00000160867","FGFR4","2264",-0.0917684052104913,-1.24645574442942,0.249993742308197
"ENSG00000186479","RGS7BP","401190",0.0766302626746627,1.24593255690349,0.250160331351028
"ENSG00000187726","DNAJB13","374407",-0.0760764091323015,-1.24395141488264,0.250955788319761
"ENSG00000267059","AC005943.2",NA,-0.0982025287211893,-1.24357106304477,0.251061096665896
"ENSG00000165474","GJB2","2706",-0.0546267797704923,-1.24236909171975,0.251521459831477
"ENSG00000183010","PYCR1","5831",0.0420178915154218,1.2406763839532,0.252194872183979
"ENSG00000276443","PVT1_1",NA,0.109091418359948,1.23561980870106,0.254332269559592
"ENSG00000160471","COX6B2","125965",-0.0874385798350599,-1.23354195586107,0.25517902495337
"ENSG00000274415","RP11-433J22.2",NA,0.122215908524649,1.23335558009639,0.255200614943222
"ENSG00000258424","RP11-471B22.2",NA,-0.113317661175936,-1.23081306413216,0.256252780883597
"ENSG00000169515","CCDC8","83987",-0.0601462355753082,-1.23061599426316,0.25627906741542
"ENSG00000154764","WNT7A","7476",0.0662160433182708,1.22994540144909,0.256512844040426
"ENSG00000267283","AC005306.3",NA,0.119859166448269,1.22979765883426,0.256517530140008
"ENSG00000079101","CLUL1","27098",-0.0532616590872052,-1.22731606621988,0.257546496074431
"ENSG00000184058","TBX1","6899",-0.0768480446667519,-1.22523596844777,0.258401388129138
"ENSG00000108551","RASD1","51655",-0.0757509280291921,-1.224797664644,0.258534018920475
"ENSG00000267834","RP11-167N5.5",NA,-0.10342630986585,-1.22463345466389,0.25854589370034
"ENSG00000259363","CTD-2054N24.2",NA,0.0904825783659656,1.2236619906846,0.258913651631923
"ENSG00000241158","ADAMTS9-AS1","101929335",0.0592231332933086,1.22258253636216,0.259329425665043
"ENSG00000268307","CTD-2619J13.13","110806301",-0.0734693083423597,-1.22226227769279,0.259410208660252
"ENSG00000162747","FCGR3B","2215",0.0730179274286171,1.22168022114764,0.259606658903917
"ENSG00000146938","NLGN4X","57502",-0.0805465724509079,-1.22140624423509,0.259667044250388
"ENSG00000145794","MEGF10","84466",0.0681524242910997,1.2179747073806,0.261125493656891
"ENSG00000154620","TMSB4Y","9087",-0.0280755734706514,-1.21435022737831,0.26267555947408
"ENSG00000226674","TEX41","401014",0.0440848391793325,1.21398687504537,0.262755697806337
"ENSG00000225434","LINC01504","100507540",-0.0636053618261181,-1.21389496004517,0.262755697806337
"ENSG00000000005","TNMD","64102",-0.0859313643617997,-1.2123704360936,0.263343245889144
"ENSG00000211789","TRAV12-2","28673",0.0752873696526349,1.21230171293963,0.263343245889144
"ENSG00000005961","ITGA2B","3674",0.0827316563319042,1.21133467257563,0.26371342564643
"ENSG00000168878","SFTPB","6439",0.0625707586494055,1.20998980766367,0.264252863887362
"ENSG00000258967","HMGN1P3",NA,0.0956274771498691,1.20844142109441,0.26488418200081
"ENSG00000067048","DDX3Y","8653",-0.0391241275145495,-1.2082344990473,0.264915115271034
"ENSG00000174403","C20orf166-AS1",NA,0.0641116932342223,1.20748251219549,0.265190300034294
"ENSG00000224163","RP11-309L24.6","392787",-0.0909761315355012,-1.20715295660187,0.26527622984086
"ENSG00000170577","SIX2","10736",0.0633803205355772,1.20262819450622,0.267248043847057
"ENSG00000011332","DPF1","8193",0.0531057277052099,1.20094098593626,0.267946764900912
"ENSG00000128596","CCDC136","64753",-0.0596928523363217,-1.19969989841196,0.268444983999832
"ENSG00000144230","GPR17","2840",0.0657965256219189,1.19771887435963,0.269278855689671
"ENSG00000232869","TRBV29-1","28558",0.0730056396925452,1.19593102610987,0.270026779445455
"ENSG00000262372","RP11-669E14.6",NA,-0.103154189660335,-1.19274636436749,0.271411802848103
"ENSG00000088340","FER1L4","80307",-0.0695191496701705,-1.19146698409544,0.271880131183729
"ENSG00000100373","UPK3A","7380",-0.0766903718520908,-1.19144145707408,0.271880131183729
"ENSG00000161055","SCGB3A1","92304",-0.0966619697881967,-1.1894960029015,0.272704852837927
"ENSG00000279392","AL158801.1",NA,0.0371856989792776,1.18846327843448,0.273113539344719
"ENSG00000204065","TCEAL5","340543",-0.0775357911462612,-1.1860855625234,0.274138915369173
"ENSG00000181218","HIST3H2A","92815",0.0990794127190011,1.18339027686894,0.275257269141533
"ENSG00000074047","GLI2","2736",-0.0542207238969228,-1.18329779780173,0.275257269141533
"ENSG00000241431","RPL37P6",NA,0.0267119472025692,1.18312025975329,0.275257269141533
"ENSG00000244682","FCGR2C",NA,0.0610522745205871,1.18309419176423,0.275257269141533
"ENSG00000205403","CFI","3426",0.0434752924922691,1.18241125029538,0.275507434063676
"ENSG00000156885","COX6A2","1339",0.0905016292649289,1.18155439655038,0.275837798699878
"ENSG00000204792","LINC01291","102724515",-0.116041035675894,-1.17837715672623,0.277239029705376
"ENSG00000240409","MTATP8P1","106480795",-0.0943552324337305,-1.17513731350878,0.278674130105237
"ENSG00000225071","GS1-184P14.2",NA,-0.076343064359506,-1.17443768261474,0.278933969098144
"ENSG00000162782","TDRD5","163589",0.054522951219937,1.1697550850665,0.281047297318525
"ENSG00000155897","ADCY8","114",0.0708913541925034,1.16422277041451,0.283564036890463
"ENSG00000084636","COL16A1","1307",-0.0457722119433968,-1.16409582657345,0.283564036890463
"ENSG00000124701","APOBEC2","10930",0.0781591668241197,1.16383106550302,0.283622572117463
"ENSG00000178222","RNF212","285498",-0.0834045632486441,-1.16207740757516,0.284380531155406
"ENSG00000205076","LGALS7","3963",0.0825102433265074,1.15891386870307,0.285804426005969
"ENSG00000197471","SPN","6693",0.0551074495219124,1.15813726674141,0.286104715947263
"ENSG00000057657","PRDM1","639",0.0529986185068281,1.15610108997526,0.287000663565201
"ENSG00000242759","LINC00882",NA,-0.0511545694624158,-1.15372496693575,0.288059663051835
"ENSG00000080293","SCTR","6344",-0.0802608086762917,-1.15334585689749,0.288172817921673
"ENSG00000253701","AL928768.3",NA,0.0734649213907799,1.15258798192414,0.288465755292077
"ENSG00000056998","GYG2","8908",0.0529975947568383,1.15192272015936,0.288714882897925
"ENSG00000227028","SLC8A1-AS1",NA,-0.064299743982308,-1.15166932840529,0.288768464343894
"ENSG00000164283","ESM1","11082",-0.0332201535303801,-1.1509242503685,0.289055673352759
"ENSG00000103154","NECAB2","54550",0.0530525057429108,1.14839980959047,0.290190124423839
"ENSG00000165379","LRFN5","145581",-0.0634117234436391,-1.14701488737848,0.290783417623462
"ENSG00000247627","MTND4P12","100293090",-0.105450988625917,-1.14648039531675,0.29097131864062
"ENSG00000164932","CTHRC1","115908",-0.0426720764484669,-1.14588046118897,0.29119054225988
"ENSG00000230910","RP3-525N10.2",NA,-0.0676996483956712,-1.14461158393826,0.291729608448266
"ENSG00000158488","CD1E","913",0.0589252923190281,1.14421932646993,0.291849830533394
"ENSG00000223839","FAM95B1",NA,0.0833428826737579,1.14287273380627,0.292426864868702
"ENSG00000162063","CCNF","899",0.0488453794806456,1.14036899804755,0.293559873560933
"ENSG00000108342","CSF3","1440",0.0826277617112482,1.14002886386685,0.293655468227404
"ENSG00000183287","CCBE1","147372",-0.0538221245945371,-1.13972007022262,0.293736029138152
"ENSG00000229119","CTB-63M22.1",NA,0.0779893617840941,1.13892219713249,0.294051601261027
"ENSG00000260892","CTD-2026K11.1",NA,-0.095421831160041,-1.1385807871606,0.294147898909511
"ENSG00000183117","CSMD1","64478",-0.0890322179911763,-1.13229115958262,0.297113638025907
"ENSG00000100181","TPTEP1",NA,0.0893814543635249,1.13136313919448,0.297494499784077
"ENSG00000225383","SFTA1P","207107",0.0451370460155692,1.13117956481613,0.297514885365483
"ENSG00000275718","CCL15","6359",-0.0712524901639548,-1.12992907429548,0.298052409925593
"ENSG00000124343","XG","7499",-0.0402478015312532,-1.12934976732974,0.298264765919784
"ENSG00000234409","AC006547.14","388849",-0.0843310195113199,-1.12859733677311,0.298561250222618
"ENSG00000262967","RP11-294J22.6",NA,0.100993734863884,1.12811441851981,0.298727000377481
"ENSG00000120280","CXorf21","80231",0.0480230852386715,1.12649697720443,0.299444305301302
"ENSG00000112486","CCR6","1235",-0.0642925965283925,-1.12561434875178,0.299804863613137
"ENSG00000272159","RP11-350N15.6",NA,-0.104878687848684,-1.12505832344578,0.300006602627046
"ENSG00000267707","RP11-95O2.5",NA,-0.0550242391527087,-1.12151415246011,0.30166662144784
"ENSG00000159164","SV2A","9900",-0.0612335405833974,-1.12099183118445,0.301852607155829
"ENSG00000272440","RP11-379F4.6",NA,0.0978561233802296,1.11649492612275,0.303987202583049
"ENSG00000171819","ANGPTL7","10218",0.0853261438220476,1.11348066865041,0.305400532127893
"ENSG00000189184","PCDH18","54510",0.0468643022189795,1.11097877719737,0.306564943067176
"ENSG00000172156","CCL11","6356",-0.0369930709455319,-1.10856961992338,0.307686315500997
"ENSG00000164308","ERAP2","64167",-0.103070866393673,-1.10830219255542,0.307748123491409
"ENSG00000188933","USP32P1",NA,-0.0761042703884451,-1.10568540296509,0.30897536815735
"ENSG00000152092","ASTN1","460",0.0613243009778791,1.10480912776931,0.309339814908637
"ENSG00000174672","BRSK2","9024",0.0777716081952066,1.09698338505149,0.313174717747322
"ENSG00000115616","SLC9A2","6549",-0.0926858182780672,-1.09355986076092,0.314821766365578
"ENSG00000012223","LTF","4057",0.100638677238304,1.09296574431938,0.315048443126267
"ENSG00000259498","RP11-244F12.3",NA,-0.0563355432843881,-1.09196099934456,0.315481986042188
"ENSG00000163501","IHH","3549",-0.0616650011517933,-1.09104001533046,0.315873662360099
"ENSG00000122592","HOXA7","3204",-0.0400260422648643,-1.08374733667507,0.319491019449891
"ENSG00000164484","TMEM200A","114801",0.0445642923052686,1.08220268605105,0.320202905448605
"ENSG00000164935","DCSTAMP","81501",0.0413075050392374,1.08148834004844,0.32049298859143
"ENSG00000165215","CLDN3","1365",-0.0263524520656824,-1.0812288833584,0.320551625906859
"ENSG00000123560","PLP1","5354",0.0506245430556896,1.08070957675777,0.320742561305288
"ENSG00000117009","KMO","8564",-0.0712693469057594,-1.08020690760714,0.320925083665038
"ENSG00000156959","LHFPL4","375323",-0.0709298303192701,-1.07872868616892,0.321604952209129
"ENSG00000173253","DMRT2","10655",-0.0495888792472237,-1.07628856789223,0.322777223517385
"ENSG00000185559","DLK1","8788",0.0869754146876445,1.07541450135076,0.32315034998582
"ENSG00000267484","CTC-518P12.6",NA,-0.0529318616692025,-1.0728703367751,0.324379540482751
"ENSG00000272991","AF129408.17",NA,0.0976098215939277,1.07065353628444,0.325443436010204
"ENSG00000183092","BEGAIN","57596",-0.060098755893399,-1.07031900738848,0.32554096969653
"ENSG00000214140","PRCD","768206",0.0603442730437083,1.06582060690416,0.327784053692496
"ENSG00000262413","RP11-498C9.3",NA,0.104316304677935,1.06327272131989,0.329026411107031
"ENSG00000157064","NMNAT2","23057",0.0573073245549639,1.06146871185372,0.329885863041249
"ENSG00000229237","HMGN1P37",NA,-0.0139103238215941,-1.06113489050558,0.329983615659253
"ENSG00000134042","MRO","83876",-0.0386579014603748,-1.0601438438323,0.33042241190779
"ENSG00000176049","JAKMIP2","9832",0.0484490826024896,1.05915833994566,0.330858668619037
"ENSG00000272541","XXbac-BPGBPG55C20.1",NA,-0.0971327853656601,-1.05892022131495,0.330906835766857
"ENSG00000203618","GP1BB","2812",0.090628907540723,1.05603636153305,0.332331447667322
"ENSG00000153064","BANK1","55024",0.0694320472725333,1.05412306842513,0.333253178869834
"ENSG00000169169","CPT1C","126129",0.0425805923191331,1.05126397898806,0.334671249116276
"ENSG00000126861","OMG","4974",-0.0513106284256405,-1.05048271349305,0.335003885331142
"ENSG00000100285","NEFH","4744",-0.0627974889953939,-1.0495897719246,0.335395225092659
"ENSG00000162614","NEXN","91624",0.0422819615495148,1.04943606135128,0.335399312023316
"ENSG00000166183","ASPG","374569",0.0662657752915729,1.0485581828745,0.335738244852946
"ENSG00000145040","UCN2","90226",0.0629895944788888,1.04849761827215,0.335738244852946
"ENSG00000186074","CD300LF","146722",0.0401571719043386,1.04811425440649,0.335801915946469
"ENSG00000131435","PDLIM4","8572",-0.0431663612551761,-1.04808439998259,0.335801915946469
"ENSG00000256546","AC156455.1","100506691",0.0687422532782766,1.04769742612446,0.33592833309624
"ENSG00000223534","HLA-DQB1-AS1","106480429",0.0735571433899279,1.04460650909078,0.337474890418053
"ENSG00000121895","TMEM156","80008",-0.0548217492752681,-1.04043276059099,0.339597530896391
"ENSG00000114374","USP9Y","8287",-0.0291608556391285,-1.03574323052088,0.342002361152489
"ENSG00000012817","KDM5D","8284",-0.0303772315527965,-1.03311063016063,0.343322936886324
"ENSG00000147573","TRIM55","84675",0.0710062825909714,1.03033223795202,0.344724464847972
"ENSG00000155970","MICU3","286097",0.0536183670830711,1.03006132448723,0.344790549490046
"ENSG00000164749","HNF4G","3174",0.0536473737654745,1.02962395201349,0.344945434553486
"ENSG00000187416","LHFPL3","375612",0.0519421447620234,1.02619327658279,0.346699951539154
"ENSG00000070808","CAMK2A","815",-0.0440767963841419,-1.02304306464241,0.348309552903002
"ENSG00000010379","SLC6A13","6540",-0.0721450580570161,-1.02261757575955,0.348458837290024
"ENSG00000169418","NPR1","4881",-0.0383136050494514,-1.02141341224219,0.349026503344559
"ENSG00000233608","TWIST2","117581",-0.0408014963599477,-1.01661826807471,0.3515302362291
"ENSG00000269981","RP11-34P13.16",NA,0.0862787590990504,1.01298845967492,0.353413638567852
"ENSG00000186231","KLHL32","114792",-0.0566779871919139,-1.01073862366925,0.354553617993673
"ENSG00000145107","TM4SF19","116211",0.0565117713817122,1.00961084285105,0.355085720094396
"ENSG00000198286","CARD11","84433",0.0516728115618119,1.00824143657561,0.355749727855521
"ENSG00000132561","MATN2","4147",-0.0610081987329807,-1.00636928391792,0.356688385794757
"ENSG00000276070","CCL4L2","9560",0.0571338719019197,1.00423022661899,0.35777426106491
"ENSG00000196126","HLA-DRB1","3123",0.0514895986129038,1.00231846798829,0.358737813920857
"ENSG00000205663","RP11-706O15.5",NA,0.0840668964808247,1.00205350577433,0.358801415689982
"ENSG00000259207","ITGB3","3690",-0.046206358465971,-0.993406059116967,0.363469557821956
"ENSG00000127324","TSPAN8","7103",0.0768949944844749,0.989303871260815,0.365654079024844
"ENSG00000151490","PTPRO","5800",-0.0478190009397362,-0.986719246980399,0.367003928964704
"ENSG00000265263","RP11-135L13.4",NA,-0.0900975498478199,-0.986348054371661,0.367126828984846
"ENSG00000268525","CTB-59C6.3",NA,-0.0518274738658067,-0.984334407398297,0.368162325362874
"ENSG00000054179","ENTPD2","954",-0.0407360595736353,-0.983586657983439,0.368494850771636
"ENSG00000166828","SCNN1G","6340",0.055016329406611,0.981110846304468,0.369790246123656
"ENSG00000278058","RP11-70D24.2","101928230",0.0524616445037457,0.980775170539141,0.369893737428285
"ENSG00000256751","PLBD1-AS1","101928290",0.0416015144274809,0.979330189151986,0.370616233003238
"ENSG00000189366","ALG1L",NA,-0.0842785487964014,-0.977393037285485,0.37161471508634
"ENSG00000224940","PRRT4","401399",-0.068291699207272,-0.976708840098014,0.371913363568317
"ENSG00000078589","P2RY10","27334",0.0526215470831975,0.974859328541474,0.372864762834969
"ENSG00000111796","KLRB1","3820",0.057236161928144,0.974229055537817,0.373086532050448
"ENSG00000184005","ST6GALNAC3","256435",0.0497150130163899,0.974162815115921,0.373086532050448
"ENSG00000121871","SLITRK3","22865",0.0627210983008404,0.969290152155014,0.375739207635339
"ENSG00000183691","NOG","9241",-0.0684882177942238,-0.967444455549002,0.376694220174595
"ENSG00000149654","CDH22","64405",-0.0655279227180633,-0.967124803806453,0.376789408738065
"ENSG00000261600","RP11-575H3.1","124906033",0.0758565721526035,0.965454102388054,0.377647098176743
"ENSG00000281272","AP003391.1",NA,0.0797710061724218,0.965066380777289,0.37778082150417
"ENSG00000089169","RPH3A","22895",0.0495439338858881,0.964096660557256,0.378243431675027
"ENSG00000110723","EXPH5","23086",0.0326192650622111,0.963731738288346,0.378364358496083
"ENSG00000249307","LINC01088",NA,0.0489886372075031,0.960330155496636,0.380204630427352
"ENSG00000225698","IGHV3-72","28410",0.0599624714420399,0.960134066290757,0.380230073524428
"ENSG00000254510","RP11-867G23.10",NA,0.0598610144148898,0.957729465796923,0.381509023763333
"ENSG00000105989","WNT2","7472",-0.0350171609747649,-0.953944102147685,0.383577209153058
"ENSG00000066230","SLC9A3","6550",0.0653714823453583,0.953383005495642,0.383810678184678
"ENSG00000066468","FGFR2","2263",0.0473462491005331,0.95276957760624,0.384074066865553
"ENSG00000255513","AC005363.9",NA,-0.0829050662704605,-0.950969116383481,0.385015357748317
"ENSG00000214491","SEC14L6","730005",-0.0475960499192553,-0.949328988162837,0.385866252002736
"ENSG00000158481","CD1C","911",0.0547583138410868,0.947119261203908,0.386975723914627
"ENSG00000258461","RP11-164J13.1",NA,0.055190813172432,0.947087461763484,0.386975723914627
"ENSG00000275395","FCGBP","8857",0.0607637013731601,0.946265151640124,0.387359957176071
"ENSG00000165799","RNASE7","84659",0.0683371746106317,0.944616792160272,0.388218470382994
"ENSG00000197261","C6orf141","135398",-0.0582273206081911,-0.944019375084995,0.38847417467417
"ENSG00000132840","BHMT2","23743",-0.0367340252831887,-0.943807007673571,0.388508773802845
"ENSG00000143502","SUSD4","55061",-0.0490669414428393,-0.940126414188683,0.390538479731675
"ENSG00000171303","KCNK3","3777",-0.061831337186044,-0.939102424831365,0.391040862179681
"ENSG00000196381","ZNF781",NA,-0.0458744911263472,-0.938693601956993,0.391188713486175
"ENSG00000203499","FAM83H-AS1","642574",-0.0200219711671298,-0.938003438520212,0.391498887053395
"ENSG00000262663","RP11-497H17.1",NA,0.0801032896060033,0.937364960540209,0.391779347193082
"ENSG00000214787","MS4A4E","643680",-0.0692136955322632,-0.936845424289487,0.391991230862094
"ENSG00000007933","FMO3","2328",0.0451863131730736,0.936625589726216,0.392030121092886
"ENSG00000260197","RP11-424G14.1",NA,-0.0174610294834637,-0.936421164689337,0.392060124190872
"ENSG00000125968","ID1","3397",0.0403502421341945,0.932495503888922,0.394242033195191
"ENSG00000263986","RP11-746M1.1",NA,0.0886177627086819,0.930364683368785,0.395388869838806
"ENSG00000101470","TNNC2","7125",0.0530781779485092,0.92702114277058,0.397243019562444
"ENSG00000152784","PRDM8","56978",-0.0429474538291684,-0.923803671789865,0.399028792522548
"ENSG00000148123","RP11-35N6.1","54886",0.0610744101142188,0.921183337384394,0.400470007026191
"ENSG00000145335","SNCA","6622",0.0363996220738771,0.915631984612571,0.403634579896272
"ENSG00000166342","NETO1","81832",-0.0570889486332584,-0.902547913849531,0.411278189248483
"ENSG00000214940","NPIPA8","101059953",-0.0828149178898863,-0.900810483589611,0.412219726461221
"ENSG00000235098","ANKRD65","441869",0.0402256255924962,0.898217534833585,0.413672732534424
"ENSG00000163209","SPRR3","6707",0.0619407025399749,0.897793938604475,0.413832826063108
"ENSG00000244538","RP11-10G12.1",NA,0.0231340009092405,0.890507632390446,0.4181016524944
"ENSG00000187922","LCN10","414332",0.0662020337990838,0.887464071085675,0.419837893066222
"ENSG00000122121","XPNPEP2","7512",0.0504991985017469,0.887118511484677,0.419951950031476
"ENSG00000140955","ADAD2","161931",-0.0631810655505881,-0.88494412343145,0.421167774227167
"ENSG00000235162","C12orf75","387882",-0.0439612204433651,-0.884788419992542,0.421167774227167
"ENSG00000223749","MIR503HG",NA,-0.0484191858468091,-0.883518670867451,0.421839560605561
"ENSG00000180767","CHST13","166012",-0.0426385450770648,-0.875517011093008,0.426590988279126
"ENSG00000006047","YBX2","51087",-0.0465776053678372,-0.874809007376397,0.426925926604157
"ENSG00000277150","F8A3","474384",-0.0744955447172019,-0.87438225282763,0.427089945355757
"ENSG00000236723","RP5-1024G6.2",NA,0.0842185275480532,0.873931044201164,0.427268859486055
"ENSG00000225783","MIAT","440823",-0.0479696877168232,-0.868941882742175,0.43021354793794
"ENSG00000274642","CH17-472G23.1",NA,0.063441060450012,0.867715858022265,0.430866387807728
"ENSG00000095932","SMIM24","284422",0.0407604955486836,0.866393140131381,0.431578883272185
"ENSG00000254855","RP11-867G23.1",NA,-0.0720536809591551,-0.865388248230416,0.432097404065113
"ENSG00000168874","ATOH8","84913",-0.0410634115102569,-0.864242965199347,0.432702229537978
"ENSG00000274877","RP11-65I12.1",NA,-0.0750299669642881,-0.863491301948423,0.433066196437548
"ENSG00000106952","TNFSF8","944",-0.0369117884825913,-0.861515232127069,0.434181431846547
"ENSG00000270132","WISP1-OT1",NA,-0.0561436586650056,-0.859821463639241,0.435124725803259
"ENSG00000186998","EMID1","129080",-0.0582873539961405,-0.856295613206042,0.437197292887145
"ENSG00000254560","BBOX1-AS1","103695435",-0.0515946263000514,-0.854267322595303,0.438350601820721
"ENSG00000169760","NLGN1","22871",0.0589191306867279,0.852462849356215,0.439367229082214
"ENSG00000152766","ANKRD22","118932",-0.0294129240476736,-0.852189442878284,0.43943826176539
"ENSG00000189223","PAX8-AS1","654433",-0.0695376931269996,-0.850621260561815,0.440309957370357
"ENSG00000007038","PRSS21","10942",-0.0579683489035499,-0.848701656372144,0.441400262838256
"ENSG00000246022","ALDH1L1-AS2","100862662",0.057734771640948,0.848152344999251,0.441642304996834
"ENSG00000282413","RP11-359E7.3",NA,0.0734774093796599,0.845769684764077,0.443021752674573
"ENSG00000171889","MIR31HG","554202",0.0601738094585973,0.84291312337275,0.44469837600051
"ENSG00000204287","HLA-DRA","3122",0.0378099766172585,0.84160566114216,0.445413187177535
"ENSG00000184305","CCSER1","401145",0.0472774366681717,0.841112093875229,0.44562144372655
"ENSG00000270100","RP11-130L8.1",NA,0.0697417617018333,0.838708988258857,0.447020332890414
"ENSG00000104537","ANXA13","312",-0.0362776080955047,-0.83733295539847,0.447779855944766
"ENSG00000129990","SYT5","6861",-0.0634106451098638,-0.837048394784294,0.44785799587714
"ENSG00000227191","TRGC2","6967",0.0516701247796545,0.836873199380136,0.447866964728333
"ENSG00000158014","SLC30A2","7780",-0.055128365599944,-0.836715177617182,0.447866964728333
"ENSG00000260459","FTLP14",NA,-0.0301232487453508,-0.83393852707467,0.449503052123677
"ENSG00000103241","FOXF1","2294",-0.0302487627535877,-0.83156098309846,0.450892194859147
"ENSG00000213023","SYT3","84258",0.057912621873886,0.830032609087961,0.451750576176731
"ENSG00000236679","RPL23AP24","728517",-0.0775797153720889,-0.82952699193895,0.45196755440319
"ENSG00000248810","RP11-362F19.1","100507639",0.0740090532686624,0.827697387691506,0.453016233039913
"ENSG00000117407","ARTN","9048",-0.0601342276739893,-0.826372052055311,0.453748913834213
"ENSG00000137941","TTLL7","79739",0.0469513087813586,0.825919591957019,0.453932822946853
"ENSG00000127249","ATP13A4","84239",0.0536389108683948,0.825634637413856,0.454011363535233
"ENSG00000166825","ANPEP","290",0.0525477686234861,0.819946266270308,0.457497091676142
"ENSG00000085552","IGSF9","57549",0.022163411766242,0.819219965202782,0.457854658026082
"ENSG00000128710","HOXD10","3236",-0.0240833057082285,-0.815347876343747,0.460204403534969
"ENSG00000185862","EVI2B","2124",0.0420701244262399,0.814575342593996,0.460592265281965
"ENSG00000280216","RP3-333H23.9",NA,-0.0567771739564512,-0.813969960399989,0.460874199805064
"ENSG00000149131","SERPING1","710",0.0340213336416315,0.811827337094311,0.462132442154191
"ENSG00000229950","TFAP2A-AS1","106660610",0.0212807180267402,0.810848640554041,0.462652095190098
"ENSG00000273837","LLNLR-470E3.1",NA,0.0591438092824632,0.808522420569534,0.464029756245453
"ENSG00000275896","PRSS2","5645",0.0511039436315332,0.802316265905762,0.46788862038931
"ENSG00000187908","DMBT1","1755",-0.0509710912575112,-0.80139232966226,0.468376381150244
"ENSG00000122877","EGR2","1959",0.04165170420643,0.800577823659834,0.468794266470106
"ENSG00000130055","GDPD2","54857",0.0580142703747487,0.798063100629997,0.470302575865027
"ENSG00000170476","MZB1","51237",-0.0400552680143172,-0.797395546369112,0.470626907755043
"ENSG00000282304","RP11-1223D19.3","128966597",0.0623600222609828,0.795477509765019,0.47175464405037
"ENSG00000229391","HLA-DRB6",NA,0.0389783859593333,0.795079727678633,0.471905969229543
"ENSG00000136634","IL10","3586",0.0365524806029945,0.793620454998734,0.472739975761425
"ENSG00000224093","RP5-1033H22.2",NA,0.0423130957647066,0.792904707554098,0.473096015389297
"ENSG00000255545","RP11-627G23.1","283177",-0.0584344253057312,-0.792185502789923,0.473454385106469
"ENSG00000182782","HCAR2","338442",-0.0315363263185964,-0.788512696823059,0.475717395841559
"ENSG00000220008","LINGO3","645191",0.0490320152483805,0.787600951663173,0.476200988759315
"ENSG00000108924","HLF","3131",0.0456676363603684,0.787422599805833,0.476210999395143
"ENSG00000105509","HAS1","3036",0.0543919809254616,0.786395269166272,0.476769465603774
"ENSG00000123119","NECAB1","64168",0.0456057497943815,0.785825719375336,0.477032274130191
"ENSG00000132872","SYT4","6860",-0.0521732550429084,-0.784480885285347,0.477796515822778
"ENSG00000256713","PGA5","5222",0.0505055044763429,0.783411772276365,0.478382842834424
"ENSG00000275131","CH17-472G23.4",NA,0.0376078206222339,0.782521821626639,0.478853454462138
"ENSG00000273389","RP13-514E23.2",NA,0.0660560671287046,0.778923550780582,0.481080902091134
"ENSG00000178860","MSC","9242",0.034604831832829,0.778517968421317,0.481238146425434
"ENSG00000230076","AC016708.2","285176",0.0778980473737272,0.778074352801093,0.481420104490374
"ENSG00000157423","HYDIN","54768",-0.0430575263530048,-0.776278237442552,0.482481018352753
"ENSG00000239704","CDRT4","284040",-0.0511457758939876,-0.775795263784247,0.482688718450993
"ENSG00000197582","GPX1P1",NA,-0.0435627259518227,-0.772620711092047,0.484648883261852
"ENSG00000128408","RIBC2","26150",-0.0254759481531814,-0.771766923951366,0.485098657938601
"ENSG00000217624","RP11-204C16.4",NA,0.0286134640287815,0.764704480144659,0.489608398170489
"ENSG00000142273","CBLC","23624",-0.0241368896831401,-0.764239563344042,0.489805319856476
"ENSG00000273802","HIST1H2BG","8339",-0.0515441754378532,-0.761843855729417,0.491251891223176
"ENSG00000147883","CDKN2B","1030",0.0330682132025482,0.761705351241839,0.491251891223176
"ENSG00000230316","FEZF1-AS1","154860",0.0584631603959329,0.75823494157229,0.493424708885563
"ENSG00000137033","IL33","90865",-0.0513008324812556,-0.755360784889295,0.495209324997891
"ENSG00000118432","CNR1","1268",-0.0501444265309378,-0.753834321318461,0.496107323414987
"ENSG00000256210","AC005255.3",NA,0.0148546791568209,0.753499161428226,0.496219430474104
"ENSG00000137766","UNC13C","440279",-0.0488230808108967,-0.752595328287988,0.496706981557938
"ENSG00000164530","PI16","221476",-0.0583186641922817,-0.750203459865035,0.49817833641229
"ENSG00000175785","PRIMA1","145270",0.0357110756450818,0.749388038398236,0.49860822337587
"ENSG00000185052","SLC24A3","57419",-0.0413995070296334,-0.746813246096199,0.500203548620758
"ENSG00000256007","ARAP1-AS1",NA,0.0582211339372751,0.743559449194723,0.502252361719457
"ENSG00000257017","HP","3240",0.0561577327971586,0.74081067582257,0.503969375720281
"ENSG00000113088","GZMK","3003",0.0427539030162424,0.736934939768382,0.506440971400563
"ENSG00000250451","HOXC-AS1","100874363",-0.0199629308006294,-0.732460181351297,0.509300450945183
"ENSG00000128578","STRIP2","57464",-0.0390265331594193,-0.732321898658404,0.509300450945183
"ENSG00000162631","NTNG1","22854",-0.0609754531587363,-0.730703722140901,0.510271974359109
"ENSG00000136872","ALDOB","229",0.0318949046869799,0.726493280338725,0.512979963815889
"ENSG00000182050","MGAT4C","25834",0.0468670858184076,0.7261907990938,0.512979963815889
"ENSG00000005102","MEOX1","4222",0.0398124843270961,0.726164382809551,0.512979963815889
"ENSG00000197409","HIST1H3D","8351",-0.0468638183357639,-0.725726072900784,0.513161871999904
"ENSG00000237945","LINC00649","100506334",-0.0569584704713045,-0.724903650761685,0.513585418186442
"ENSG00000175093","SPSB4","92369",0.0384917246737047,0.724760608955798,0.513585418186442
"ENSG00000183098","GPC6","10082",-0.0384899709153631,-0.723998582958999,0.513984909653173
"ENSG00000043591","ADRB1","153",0.0578648757600463,0.721867299460217,0.51530551329836
"ENSG00000182109","RP11-69E11.4",NA,-0.0438008811897465,-0.720600881839759,0.516045136709582
"ENSG00000187260","WDR86","349136",0.0405283020594658,0.720237334788822,0.516176969556973
"ENSG00000231389","HLA-DPA1","3113",-0.0381925694921954,-0.71760818169117,0.517835914709846
"ENSG00000251188","RP11-478C6.6",NA,-0.0444356230313478,-0.717007354628318,0.518127911858441
"ENSG00000223561","AC003090.1","646588",-0.0546066992473505,-0.71504624921858,0.51933841980046
"ENSG00000238057","ZEB2-AS1","100303491",0.0510236159956668,0.714308416671207,0.519723280482651
"ENSG00000272661","RP4-548D19.3",NA,0.0609741117040003,0.711917685890372,0.521226169313425
"ENSG00000170835","CEL","1056",0.0447249866878425,0.711250392696644,0.521563811789447
"ENSG00000204616","TRIM31","11074",-0.0403675391237805,-0.706080472065922,0.524955093573462
"ENSG00000102349","KLF8","11279",-0.0365134696152072,-0.705774083435853,0.525048468095313
"ENSG00000119147","C2orf40","84417",0.0489521472561019,0.704608115071383,0.525725897160226
"ENSG00000132517","SLC52A1","55065",0.0405237435773481,0.704037822115012,0.525998661839268
"ENSG00000277559","RP11-434E6.4",NA,0.0198042194589228,0.703322981381711,0.526369748376932
"ENSG00000129824","RPS4Y1","6192",-0.0319801390559318,-0.700257506296425,0.528341087865881
"ENSG00000189367","KIAA0408","9729",0.0332127781442191,0.699560444720828,0.528700675920962
"ENSG00000122861","PLAU","5328",-0.0344638583519109,-0.698897471706322,0.529037101924482
"ENSG00000227827","RP11-958N24.2","283955",-0.0582094101764398,-0.694970638007514,0.531601490269578
"ENSG00000138135","CH25H","9023",-0.0361341196539284,-0.694416676940172,0.53186407346937
"ENSG00000223572","CKMT1A","1159",-0.0319697740345561,-0.683922181852525,0.538945433428744
"ENSG00000166473","PKD1L2","114780",0.0377542040578986,0.682185195314834,0.540023932403958
"ENSG00000224543","SNRPGP15",NA,0.0443149080438344,0.681142417235446,0.540624743074625
"ENSG00000238271","IFNWP19","3474",0.0517130571925238,0.680601042405997,0.540880070114238
"ENSG00000251381","LINC00958","100506305",-0.0416426791006272,-0.680393821017954,0.540905045522541
"ENSG00000127743","IL17B","27190",0.0490246119202017,0.679478939308815,0.541417942286581
"ENSG00000273204","RP4-549L20.3",NA,-0.061924548127494,-0.677528549917649,0.5426456730428
"ENSG00000269929","RP11-2B6.2","112903833",-0.0537591023538044,-0.674835939399967,0.544387773796585
"ENSG00000152969","JAKMIP1","152789",0.0387003575230692,0.673570219097149,0.545144689594978
"ENSG00000140067","FAM181A","90050",0.035611444919246,0.672659967914908,0.545655929336384
"ENSG00000255629","RP11-196H14.3",NA,-0.0642924906661024,-0.672319028013355,0.54577316174742
"ENSG00000160469","BRSK1","84446",-0.0342753721311647,-0.672101396546098,0.545805041796562
"ENSG00000196866","HIST1H2AD","3013",-0.0407738623833844,-0.668131984719829,0.548436933129573
"ENSG00000175175","PPM1E","22843",0.0462833306854125,0.66697417742854,0.549121166918494
"ENSG00000229598","PRDX3P1",NA,0.0412100560907815,0.666253145620073,0.549502363415149
"ENSG00000224594","RPL29P19",NA,0.03314091554922,0.665997362717525,0.549560510084632
"ENSG00000158104","HPD","3242",-0.0454030407200103,-0.665397886780866,0.549857342605327
"ENSG00000204837","RP11-204M4.2",NA,-0.0435814446233386,-0.664695281246933,0.550225855264248
"ENSG00000272789","RP11-286H15.1",NA,-0.0444661008305036,-0.664389430449327,0.550318772786461
"ENSG00000277125","CH17-264B6.3","122149300",-0.0549497446564427,-0.655390705697164,0.556467974596583
"ENSG00000253250","C8orf88","100127983",-0.0367392232667686,-0.655083733591727,0.556561588482456
"ENSG00000230061","TRPM2-AS",NA,0.0496783330729622,0.653929764301452,0.557247139998075
"ENSG00000090104","RGS1","5996",0.035378531990996,0.652928578505541,0.557826146484985
"ENSG00000254415","SIGLEC14","100049587",0.0530595549632676,0.652663696507752,0.557890314925866
"ENSG00000181085","MAPK15","225689",-0.0342481763346382,-0.65204709507974,0.558200473658304
"ENSG00000177990","DPY19L2","283417",0.0320552266694337,0.649782698711313,0.559664073346953
"ENSG00000147689","FAM83A","84985",0.0364142341793745,0.643244680732697,0.564130267108812
"ENSG00000175707","KDF1","126695",-0.00892988425306125,-0.641242202382854,0.565416610142869
"ENSG00000274419","TBC1D3D","101060389",-0.0534286652415419,-0.640194146249159,0.566031866454868
"ENSG00000154553","PDLIM3","27295",0.0238045297059143,0.639424464815249,0.566451239638596
"ENSG00000125731","SH2D3A","10045",-0.0165872139233046,-0.638988987724016,0.566635236035507
"ENSG00000211642","IGLV10-54","28772",0.0511463764670231,0.637376701701496,0.567584725789226
"ENSG00000137077","CCL21","6366",0.0433988289483933,0.637292937557547,0.567584725789226
"ENSG00000159433","STARD9","57519",0.0272846648986897,0.635255481421887,0.56889869930271
"ENSG00000166803","KIAA0101","9768",0.0190922061866851,0.634752272123997,0.569130624032159
"ENSG00000172554","SNTG2","54221",0.0490282101968577,0.63351852853837,0.569878318424871
"ENSG00000186715","MST1L","11223",0.0427825282888167,0.632283811644208,0.570627058198604
"ENSG00000143632","ACTA1","58",0.0368382975096572,0.628271941772638,0.573341214036858
"ENSG00000164122","ASB5","140458",0.0347385679410829,0.627266461750995,0.57392934570571
"ENSG00000166922","SCG5","6447",0.0220025420914861,0.626333331073815,0.574466393410473
"ENSG00000156299","TIAM1","7074",0.0316411896451133,0.62597294102458,0.574597586246022
"ENSG00000276185","TP53TG1_2",NA,0.0415296012029494,0.625375516711035,0.57489679485574
"ENSG00000167741","GGT6","124975",-0.0243019244839164,-0.622813143714378,0.576474315200696
"ENSG00000238098","ABCA17P",NA,-0.0329055241308072,-0.622800609847734,0.576474315200696
"ENSG00000184908","CLCNKB","1188",0.0364118505750448,0.618293202344405,0.579552515520575
"ENSG00000164093","PITX2","5308",0.0238191299770475,0.615913181864466,0.581121709293773
"ENSG00000230453","ANKRD18B","441459",0.0497060468386361,0.612560768525399,0.583386551962416
"ENSG00000173805","HAP1","9001",0.0345898826285245,0.611226167895307,0.584213361607949
"ENSG00000106236","NPTX2","4885",0.031827781369867,0.610943888088349,0.584288835969794
"ENSG00000135519","KCNH3","23416",0.0385363903610837,0.607499279430553,0.586522815638264
"ENSG00000153993","SEMA3D","223117",-0.0361506618636716,-0.607464878179508,0.586522815638264
"ENSG00000242600","MBL1P",NA,-0.0427602037720066,-0.605102256421289,0.588010572752812
"ENSG00000170689","HOXB9","3219",0.0217582192284148,0.605032250678488,0.588010572752812
"ENSG00000064300","NGFR","4804",-0.0413408629380845,-0.604555507633532,0.588225165323442
"ENSG00000164761","TNFRSF11B","4982",0.0317320632258693,0.602946763469353,0.589250790659877
"ENSG00000261684","RP11-265N6.1",NA,0.0529400179521492,0.602318998477004,0.589573703679241
"ENSG00000240764","PCDHGC5","56097",0.0323567219287433,0.601387193933066,0.590114643560433
"ENSG00000249264","EEF1A1P9",NA,-0.0144583030596126,-0.600932369389412,0.590313631009291
"ENSG00000169583","CLIC3","9022",0.02957058070076,0.597549629050591,0.592614213378507
"ENSG00000129682","FGF13","2258",0.0340496951659519,0.595179290409128,0.594190311303226
"ENSG00000166831","RBPMS2","348093",0.0254625466776701,0.593399301808911,0.595343083978815
"ENSG00000176945","MUC20","200958",0.0425689722033373,0.587246894546011,0.599651030021774
"ENSG00000164946","FREM1","158326",-0.0354254403232671,-0.586455026471805,0.600093998775977
"ENSG00000099625","C19orf26","255057",-0.0283303055660402,-0.5832366406148,0.602291938582055
"ENSG00000148053","NTRK2","4915",-0.0287529703983532,-0.582516125852596,0.602683840228434
"ENSG00000238260","RP11-46F15.2",NA,-0.0443767113232985,-0.582329132944385,0.602689568973506
"ENSG00000123364","HOXC13","3229",0.030492522958765,0.580926813170417,0.603575182058468
"ENSG00000110848","CD69","969",0.0322972908382042,0.579206714620271,0.604691548174419
"ENSG00000146151","HMGCLL1","54511",-0.0393446487175594,-0.578802138518524,0.604854800333949
"ENSG00000224689","ZNF812",NA,-0.0334945520657036,-0.577722623675911,0.605507363542861
"ENSG00000166592","RRAD","6236",-0.0318683153624719,-0.57094039547007,0.610303738917631
"ENSG00000242574","HLA-DMB","3109",0.025995052763707,0.568764314440152,0.611757034682406
"ENSG00000272079","LA16c-380H5.5",NA,-0.0260663787895528,-0.566458794205125,0.613306070841614
"ENSG00000147394","ZNF185","7739",-0.0293547414985383,-0.565320176584011,0.61400492799889
"ENSG00000105650","PDE4C","5143",0.0254932384645084,0.564929604110005,0.61415809044388
"ENSG00000258608","DNAJC19P9",NA,0.0269224687506525,0.562221618373647,0.616003277101483
"ENSG00000149968","MMP3","4314",0.0229350679184239,0.560919628994767,0.61674061526756
"ENSG00000196260","SFTA2","389376",-0.0379021353107187,-0.560850649393298,0.61674061526756
"ENSG00000131094","C1QL1","10882",-0.0297670240917599,-0.55836528693082,0.61841979725912
"ENSG00000106004","HOXA5","3202",0.020194703042519,0.558192096512989,0.61841979725912
"ENSG00000267436","AC005786.7",NA,0.0486404146524668,0.555724152690916,0.620093727350585
"ENSG00000174460","ZCCHC12","170261",0.023065116997266,0.555435459213895,0.620172267141006
"ENSG00000261701","HPR","3250",-0.0338953811796258,-0.552317172898201,0.622324852472776
"ENSG00000133878","DUSP26","78986",0.0336455141976251,0.550687255036994,0.623387456546326
"ENSG00000256802","RP11-680F8.1","100130111",0.0309533444948144,0.550341365144536,0.623507814358283
"ENSG00000102962","CCL22","6367",-0.0221649623264121,-0.549737088717917,0.623817844965036
"ENSG00000279152","AC129492.1",NA,0.0502263294480985,0.548846866624047,0.624337853053205
"ENSG00000203747","FCGR3A","2214",0.0225667520508081,0.544153936842814,0.62765408546773
"ENSG00000196376","SLC35F1","222553",-0.0211547096720318,-0.540496073155162,0.630214287490305
"ENSG00000232149","FERP1","553112",-0.0416011429776153,-0.538670623507588,0.631425856624277
"ENSG00000091972","CD200","4345",-0.0206345689189601,-0.537417955580251,0.632215296262577
"ENSG00000279118","RP11-517I3.2",NA,-0.0219987174740914,-0.535676619727274,0.633366006430336
"ENSG00000264569","RP13-650J16.1","113523640",0.0297121486623332,0.530429942411534,0.637054195659262
"ENSG00000170608","FOXA3","3171",0.0355792918229827,0.530323405486159,0.637054195659262
"ENSG00000237742","RP11-624M8.1","105377986",0.0411787847913413,0.526613557517421,0.639667690665325
"ENSG00000215252","GOLGA8B","23015",0.0317181224105661,0.524860822931938,0.640831688340402
"ENSG00000130948","HSD17B3","3293",-0.0435651749649625,-0.523898486645392,0.641409280508542
"ENSG00000100024","UPB1","51733",0.0285366955300117,0.522347978059348,0.642423983214541
"ENSG00000142871","CYR61","3491",0.0215396606297656,0.519781458228262,0.64419482228105
"ENSG00000148584","A1CF","29974",0.024394849957302,0.518878081851331,0.644729349662153
"ENSG00000267421","AC005498.3","101928982",0.0349807863790715,0.518353436609542,0.644982100311502
"ENSG00000146122","DAAM2","23500",-0.0181694267076919,-0.514129481259221,0.647990520020486
"ENSG00000120729","MYOT","9499",0.0375454498924732,0.513062133451883,0.648648157835882
"ENSG00000137869","CYP19A1","1588",-0.0304424844539999,-0.51079190206306,0.650203729351196
"ENSG00000249741","RP11-673E1.3",NA,-0.0370072730205342,-0.509370789490454,0.651126203098283
"ENSG00000276664","TUG1_1",NA,-0.0310066965921173,-0.508660868057624,0.65151764100262
"ENSG00000282033","RP11-506F3.1",NA,0.037929083107539,0.506219784019832,0.653203177245654
"ENSG00000134769","DTNA","1837",0.0262186058620302,0.505566342890056,0.65355261046966
"ENSG00000280320","RP11-629N8.5",NA,0.0176369152159705,0.504354314095121,0.654319950665726
"ENSG00000160181","TFF2","7032",0.0394315617893638,0.496951840418741,0.659728453313533
"ENSG00000242686","RP11-1191J2.2",NA,0.0391013073627456,0.493882089443973,0.661894132881121
"ENSG00000167600","CYP2S1","29785",-0.0168937473775248,-0.489964520642098,0.66470077380518
"ENSG00000282031","TMBIM4",NA,-0.0445311932747201,-0.487448068061387,0.666455231929001
"ENSG00000225490","RP4-610C12.3",NA,0.0419091368378052,0.485502909580493,0.667780200113342
"ENSG00000262533","RP11-667K14.4",NA,0.0160768495353555,0.482501610449912,0.669903580886386
"ENSG00000130203","APOE","348",0.0183865821611338,0.480632637322697,0.671173179235858
"ENSG00000152128","TMEM163","81615",0.0199238548484182,0.47916197232481,0.672142246727063
"ENSG00000106006","HOXA6","3203",0.0254353455626425,0.473726164243893,0.676114751561633
"ENSG00000231955","AC007383.4",NA,-0.0359516133052164,-0.472341749785633,0.677020607491564
"ENSG00000274225","KB-68A7.1",NA,-0.0294299279237572,-0.47214983843086,0.677022207366997
"ENSG00000111291","GPRC5D","55507",0.0259652807135511,0.467651816612753,0.680292160273347
"ENSG00000175426","PCSK1","5122",0.0330624596306598,0.462736117521925,0.683885883970366
"ENSG00000105767","CADM4","199731",0.0173712562350946,0.459705223027907,0.68604928257309
"ENSG00000276771","HOTAIRM1_2",NA,0.0364443013825224,0.458199623677456,0.687051361262504
"ENSG00000182752","PAPPA","5069",-0.0212984977153815,-0.456339645337155,0.688324213234364
"ENSG00000254866","DEFB109P3","503838",0.0402241011060041,0.455782280735616,0.688603363296429
"ENSG00000135406","PRPH","5630",-0.0274241919154572,-0.45511138260284,0.688969150409058
"ENSG00000102802","MEDAG","84935",-0.0167989921421676,-0.454336761950449,0.689414109790424
"ENSG00000171033","PKIA","5569",-0.0291427357565329,-0.452559191161893,0.690624936541828
"ENSG00000232460","BMPR1APS2",NA,-0.0305498386148497,-0.452077427113981,0.6908463499048
"ENSG00000137843","PAK6","56924",0.0208063135592551,0.447151738015867,0.694465320966298
"ENSG00000138207","RBP4","5950",-0.0250716214440276,-0.446765525043011,0.694613597665004
"ENSG00000259933","RP11-304L19.1","105371049",0.0366267313858359,0.442290798768278,0.697893430991448
"ENSG00000253683","CTB-79E8.3",NA,0.0358870134678221,0.442026093720908,0.697948411520512
"ENSG00000254452","RP11-867G23.4",NA,-0.0284336869592068,-0.441392988978085,0.698285791371864
"ENSG00000168298","HIST1H1E","3008",0.0284739327938025,0.438867885359945,0.700074307262414
"ENSG00000155974","GRIP1","23426",0.0212485786373183,0.438048651503774,0.700463426585373
"ENSG00000253187","HOXA10-AS","100874323",0.0205550946018688,0.437974123469641,0.700463426585373
"ENSG00000127951","FGL2","10875",-0.0247052461296078,-0.437375887703793,0.700774097657596
"ENSG00000224769","AC069213.1",NA,-0.0315171082916883,-0.437049717339576,0.700795993483193
"ENSG00000276742","RP11-500G22.4",NA,0.0368048094631621,0.436960644572814,0.700795993483193
"ENSG00000118523","CTGF","1490",0.0202838746686235,0.43589080280049,0.701468442547652
"ENSG00000184669","OR7E14P","10819",0.0120368679722293,0.434121826575831,0.702677678111422
"ENSG00000077420","APBB1IP","54518",0.0205715170577403,0.433325393499233,0.703140505768089
"ENSG00000183230","CTNNA3","29119",0.0244386491043935,0.428818286513555,0.706455313540973
"ENSG00000269032","AC016629.7",NA,-0.0363829887216408,-0.427167921317393,0.707508324762156
"ENSG00000244255","XXbac-BPG116M5.17",NA,0.0307244713864451,0.427060971669835,0.707508324762156
"ENSG00000140285","FGF7","2252",0.018234395806215,0.423630702323214,0.7099996088597
"ENSG00000268460","DKFZp434J0226","93429",-0.0291439017906574,-0.417374807551197,0.714526430808722
"ENSG00000167105","TMEM92","162461",0.0192758063835524,0.417371148438595,0.714526430808722
"ENSG00000161896","IP6K3","117283",0.033911818360516,0.411606819760756,0.71883067737538
"ENSG00000165197","FIGF","2277",-0.0274270114793191,-0.410430609845326,0.719589082626732
"ENSG00000132821","VSTM2L","128434",0.0282944727155815,0.407910506215056,0.721388371522529
"ENSG00000171747","LGALS4","3960",-0.0193635649552199,-0.404447561997204,0.723920017643401
"ENSG00000138079","SLC3A1","6519",-0.0214433897420161,-0.404072561396225,0.724058063217796
"ENSG00000254859","RP11-661A12.5",NA,-0.0254009046798266,-0.399661827670311,0.727328300716426
"ENSG00000077616","NAALAD2","10003",-0.0193493567239653,-0.399380493983825,0.727393379603717
"ENSG00000213260","YWHAZP5",NA,0.0142612354474775,0.398108092605084,0.728228265211788
"ENSG00000167889","MGAT5B","146664",-0.0253827522325387,-0.395487391440759,0.730111385525351
"ENSG00000277758","ABC7-42404400C24.1","102724488",0.0257930077081127,0.394561328004333,0.730677520870835
"ENSG00000113749","HRH2","3274",0.0221323270471372,0.39398775058372,0.730969540789406
"ENSG00000242255","RPL39P34",NA,-0.0308738849368325,-0.393367344105058,0.731297957416653
"ENSG00000237886","LINC01573","101928483",-0.0302617695489779,-0.391441889921608,0.732641590522047
"ENSG00000175315","CST6","1474",-0.0195730498906213,-0.388957831851692,0.734420737263891
"ENSG00000162878","PKDCC","91461",0.0156140638472504,0.388152278099478,0.734893357964533
"ENSG00000172987","HPSE2","60495",0.0246926609564402,0.387860488816389,0.734965854510135
"ENSG00000116661","FBXO2","26232",-0.023405708212878,-0.387268080719128,0.735272436746507
"ENSG00000276101","RP11-455O6.8",NA,-0.0343935524054298,-0.386934950672511,0.735377091787639
"ENSG00000276026","RP4-545L17.11",NA,-0.0321640770776013,-0.384601484623608,0.737039827738681
"ENSG00000150471","ADGRL3","23284",-0.0201418811189833,-0.382138687764309,0.738804345438841
"ENSG00000165995","CACNB2","783",-0.0223559890060067,-0.380660510650336,0.739801719211687
"ENSG00000224183","SDHDP6",NA,0.0338452290371226,0.379849655402783,0.740278651774428
"ENSG00000237125","HAND2-AS1","79804",-0.0118381344024132,-0.379575107963249,0.740337184820628
"ENSG00000267633","CTB-5E10.3",NA,0.0343681278886132,0.378809086972155,0.740658356722625
"ENSG00000235957","COX7CP1",NA,-0.0288462607913928,-0.378559511521432,0.740658356722625
"ENSG00000101542","CDH20","28316",-0.0219023261677088,-0.378441698304771,0.740658356722625
"ENSG00000240747","KRBOX1","100506243",0.0227350973430008,0.378365262986526,0.740658356722625
"ENSG00000130032","PRRG3","79057",-0.0207002473386356,-0.373311053746455,0.744446825075178
"ENSG00000197177","ADGRA1","84435",-0.0158874999036336,-0.36941169035136,0.747337817753758
"ENSG00000140832","MARVELD3","91862",-0.00806654332437103,-0.368627095920715,0.74779449779074
"ENSG00000115884","SDC1","6382",0.0112987143490071,0.366464532235439,0.749329248913014
"ENSG00000145692","BHMT","635",-0.0223927477326644,-0.364079980294991,0.75088699801404
"ENSG00000133958","UNC79","57578",-0.0181963135089206,-0.363842008552307,0.75088699801404
"ENSG00000196139","AKR1C3","8644",0.0211073310430449,0.363788041515163,0.75088699801404
"ENSG00000113211","PCDHB6","56130",-0.0208567985100985,-0.363669939140553,0.75088699801404
"ENSG00000029534","ANK1","286",-0.0263047952774029,-0.363240403326952,0.751065738409869
"ENSG00000277701","RP11-734K23.9","100506076",0.02564599316875,0.362989511054872,0.75110464923711
"ENSG00000080493","SLC4A4","8671",-0.0219046114857048,-0.362696309166644,0.751176668582355
"ENSG00000160013","PTGIR","5739",-0.0135175452428577,-0.361492333861478,0.751961404572837
"ENSG00000186281","GPAT2","150763",0.0286626181148178,0.360867552357027,0.752224747249925
"ENSG00000161249","DMKN","93099",0.0174845995914334,0.360753246703525,0.752224747249925
"ENSG00000131941","RHPN2","85415",0.0144498368078033,0.358643450351815,0.753718563478594
"ENSG00000216866","RPS2P55","286444",0.0102829733651225,0.357263894196804,0.754640998828631
"ENSG00000115232","ITGA4","3676",0.0187321620260564,0.356667602073143,0.754950032355223
"ENSG00000265531","FCGR1C","100132417",-0.0160565376187307,-0.356039530898462,0.755283925968498
"ENSG00000232629","HLA-DQB2","3120",0.0158570248885701,0.352046179135514,0.758255173678328
"ENSG00000114378","HYAL1","3373",0.0171895759795404,0.349279304453396,0.760197236810184
"ENSG00000042980","ADAM28","10863",0.018484785436643,0.349165435643306,0.760197236810184
"ENSG00000064692","SNCAIP","9627",-0.0169781882974735,-0.347859140228684,0.761063284239195
"ENSG00000214796","RP11-480I12.5",NA,0.0189726829021821,0.339326206398651,0.767609566735051
"ENSG00000280143","AP000892.6",NA,-0.0157947875086469,-0.33795418625121,0.768528912450313
"ENSG00000120907","ADRA1A","148",0.0208737895479789,0.334921082496818,0.770737648625294
"ENSG00000263424","CTD-2541J13.2",NA,-0.0237320949465834,-0.334740770879372,0.770737648625294
"ENSG00000249790","RP11-20D14.6",NA,-0.0223908176917975,-0.333958640644641,0.77119270830651
"ENSG00000256671","LIMS3L","100288695",-0.015176802308666,-0.332167541291642,0.772442716710071
"ENSG00000237039","AC018738.2",NA,0.0299559530743498,0.330576588961908,0.773535263614567
"ENSG00000235351","AC114730.11",NA,-0.0283562199404197,-0.32940703049307,0.774295750026878
"ENSG00000246100","LINC00900",NA,-0.0124295775915491,-0.324596704309448,0.77792899942245
"ENSG00000117595","IRF6","3664",-0.00881916461322912,-0.324202980425482,0.778077499041715
"ENSG00000130675","MNX1","3110",0.0230818853724966,0.323328492109956,0.77860551401947
"ENSG00000115041","KCNIP3","30818",0.0133094087406906,0.320284460522181,0.780847100464847
"ENSG00000130226","DPP6","1804",-0.0165784885120763,-0.319048350480182,0.781660949910443
"ENSG00000275882","IKBKGP1","246210",0.0285511383320607,0.317109482020096,0.782941885566679
"ENSG00000259399","TGIF2-C20orf24","100527943",0.0151747069732602,0.317014966150246,0.782941885566679
"ENSG00000237807","RP11-400K9.4","100507516",0.0172571006733151,0.314864337701584,0.784478921634619
"ENSG00000227388","RP11-112J3.16",NA,-0.0245818191400532,-0.313075452058362,0.785730278921703
"ENSG00000118520","ARG1","383",-0.0213911790918851,-0.311648452126443,0.786695536051249
"ENSG00000075043","KCNQ2","3785",0.0202155609727238,0.308985982780701,0.788638924440559
"ENSG00000145283","SLC10A6","345274",-0.0141525164742281,-0.305087035033219,0.791563040679304
"ENSG00000280653","AP002518.1",NA,-0.0259118027195576,-0.299183291247658,0.796041946860445
"ENSG00000105357","MYH14","79784",0.0126720123397712,0.29902321206831,0.796041946860445
"ENSG00000185668","POU3F1","5453",-0.0148904224253981,-0.29795397625141,0.796724909166017
"ENSG00000196353","CPNE4","131034",0.0246820302323491,0.297610315371095,0.796831913210929
"ENSG00000249971","RP11-256P1.1",NA,0.0268487291983543,0.297042099295031,0.797041978908282
"ENSG00000111404","RERGL","79785",-0.02101211423864,-0.296927899083885,0.797041978908282
"ENSG00000205236","RP11-514P8.6",NA,0.0262279278517447,0.295688785224962,0.797859514685153
"ENSG00000188322","SBK1","388228",-0.0111226648040058,-0.294802623729247,0.798396921199288
"ENSG00000281383","CH507-513H4.5",NA,-0.00922910026241283,-0.293430989429313,0.799319652160075
"ENSG00000116039","ATP6V1B1","525",0.0175050712078182,0.293209932482007,0.799329031770445
"ENSG00000254909","RP11-110I1.5",NA,-0.0248349530470845,-0.291659187954781,0.800393891989961
"ENSG00000222112","RN7SKP16","106480837",0.0234972831849182,0.288399918752392,0.802815982411679
"ENSG00000231806","PCAT7","101928099",0.0143095344322459,0.288109520416674,0.80287997268956
"ENSG00000236439","RP11-175B9.3",NA,0.0139263588145042,0.286041674484503,0.804199708629754
"ENSG00000155265","GOLGA7B","401647",0.0151998558632081,0.286028485945982,0.804199708629754
"ENSG00000261123","RP11-304L19.3",NA,-0.0221574693075614,-0.282495099575526,0.80684115801164
"ENSG00000280755","AC009950.1",NA,-0.0248316585176518,-0.279794511592473,0.80882163604967
"ENSG00000267512","CTC-250I14.3",NA,0.025319314131396,0.275187657169488,0.812320841209367
"ENSG00000197584","KCNMB2","10242",-0.0205365566157322,-0.27450576191223,0.812695441288979
"ENSG00000142303","ADAMTS10","81794",-0.0139435061626801,-0.274095331140139,0.812853785572044
"ENSG00000204681","GABBR1","2550",0.0120712737961586,0.27341482335906,0.813227177755863
"ENSG00000132563","REEP2","51308",-0.0142398978240556,-0.269511151473967,0.81609266643731
"ENSG00000148826","NKX6-2","84504",0.0167783765633844,0.269394041723502,0.81609266643731
"ENSG00000123388","HOXC11","3227",-0.0174957686118618,-0.268047916752406,0.816996328155296
"ENSG00000172296","SPTLC3","55304",0.0144357243683625,0.267354792041495,0.817379497179002
"ENSG00000262484","CCER2","643669",0.0220104989649079,0.266194669260394,0.818134836217249
"ENSG00000153902","LGI4","163175",-0.00879536450488116,-0.264815878567435,0.819064473711489
"ENSG00000225756","DBH-AS1","138948",-0.0163366977624549,-0.263736540936224,0.819755364408216
"ENSG00000217275","RP1-34B20.4","394255",-0.0184530030097412,-0.261012809045428,0.821757675882899
"ENSG00000184682","PRR33",NA,0.0178362097790648,0.260191912087452,0.822242414790108
"ENSG00000235734","HMGN1P36",NA,0.0052061051811096,0.253225110365129,0.827633672005926
"ENSG00000111181","SLC6A12","6539",0.0101501798633238,0.248467687797477,0.831265057065029
"ENSG00000101204","CHRNA4","1137",0.0172893817407439,0.247921681495194,0.831529782694285
"ENSG00000241069","CTD-3141N22.1",NA,-0.0201759604373267,-0.245266946929144,0.833481146201713
"ENSG00000113430","IRX4","50805",0.0148962596898932,0.24193115802851,0.835978262786568
"ENSG00000204252","HLA-DOA","3111",0.0123297672773187,0.236586915891344,0.839972070077154
"ENSG00000095203","EPB41L4B","54566",0.00773125205829767,0.236351774187282,0.839972070077154
"ENSG00000214049","UCA1","652995",-0.0138224212148767,-0.236295546154159,0.839972070077154
"ENSG00000189120","SP6","80320",-0.0104516370830286,-0.235588659633363,0.840364837539354
"ENSG00000111339","ART4","420",0.0167086115896451,0.231536564527933,0.84343834555367
"ENSG00000271361","HTATSF1P2",NA,-0.0176861055560364,-0.230618989146277,0.843999771535502
"ENSG00000240618","RP11-206L10.5",NA,0.020946225390516,0.226653596074775,0.847005435353052
"ENSG00000254680","RP11-265D17.2",NA,-0.0182439588272852,-0.224793691540286,0.848190761479334
"ENSG00000264019","RP11-6N17.6",NA,0.0177661843141355,0.224740112764096,0.848190761479334
"ENSG00000165478","HEPACAM","220296",0.0148837833017757,0.222591708293785,0.84973949173708
"ENSG00000107147","KCNT1","57582",-0.0139383769280381,-0.222224031651316,0.849802503887491
"ENSG00000153976","HS3ST3A1","9955",-0.010279224815598,-0.222076361931852,0.849802503887491
"ENSG00000222328","RNU2-2P","26855",-0.0130165966834451,-0.217116668289588,0.853607664750252
"ENSG00000131910","NR0B2","8431",-0.0121434866590569,-0.214194838696373,0.855695290148577
"ENSG00000278023","RDM1","201299",-0.00814186746317223,-0.21407844368528,0.855695290148577
"ENSG00000069011","PITX1","5307",0.0103580973316819,0.21367940666252,0.855839445512891
"ENSG00000185652","NTF3","4908",0.012695785281716,0.212405730644378,0.856685948119022
"ENSG00000215492","HNRNPA1P7",NA,-0.0110225893857928,-0.212063229042284,0.856784555148514
"ENSG00000229299","RP4-583P15.10",NA,-0.0171490966574309,-0.210925810756473,0.857521442884088
"ENSG00000224713","AC025165.8",NA,-0.00958310286132587,-0.210330713820532,0.857798181367516
"ENSG00000168925","CTRB1","1504",0.0102120681333425,0.210141412985614,0.857798181367516
"ENSG00000123496","IL13RA2","3598",-0.0101651299832219,-0.208411406638137,0.859010579031168
"ENSG00000187068","C3orf70","285382",0.00967224385775916,0.202326372958154,0.863722057320358
"ENSG00000267890","CTD-2126E3.4",NA,0.0151042690107297,0.199273151030378,0.865998883265575
"ENSG00000241670","RPL23AP21",NA,0.0181447845877109,0.19831851516089,0.866588382305443
"ENSG00000267143","RP11-677O4.6",NA,-0.0153909191282841,-0.197658828764986,0.866940617628147
"ENSG00000113083","LOX","4015",0.00952253710039564,0.196985941965593,0.867303390633698
"ENSG00000121898","CPXM2","119587",-0.00797644336155641,-0.194309740517425,0.869276971874466
"ENSG00000149591","TAGLN","6876",0.00802083390856699,0.194055213450797,0.869303036364019
"ENSG00000254852","NPIPA2","642799",0.0166633113463144,0.193350312991145,0.869691223678401
"ENSG00000136541","ERMN","57471",-0.0100958413709714,-0.192623975596875,0.870096564858469
"ENSG00000261829","RP11-223I10.1",NA,-0.0131507722633912,-0.190370088412618,0.871730122998517
"ENSG00000251050","RP11-168A11.4",NA,-0.0164182319585121,-0.19003221040552,0.871758845610884
"ENSG00000103888","CEMIP","57214",-0.0117133373707397,-0.189889226983798,0.871758845610884
"ENSG00000108947","EFNB3","1949",-0.00892873714704845,-0.188825145665808,0.872435339574142
"ENSG00000170160","CCDC144A","9720",-0.0141779300391213,-0.187658465257417,0.873194213690643
"ENSG00000254389","RHPN1-AS1","78998",0.00753668512052936,0.185234385065597,0.87496402443766
"ENSG00000172828","CES3","23491",-0.0147936854077991,-0.183788813573405,0.875792874708407
"ENSG00000184363","PKP3","11187",-0.00335386638911691,-0.183636596220065,0.875792874708407
"ENSG00000101197","BIRC7","79444",-0.01085159360798,-0.183533764220799,0.875792874708407
"ENSG00000253293","HOXA10","3206",-0.00592883796711697,-0.181263129505264,0.877438798798127
"ENSG00000270149","RP11-544M22.13",NA,-0.00868236650837348,-0.17758017663524,0.880220813083896
"ENSG00000137261","KIAA0319","9856",0.0135876525972926,0.176121495676918,0.88121384090115
"ENSG00000259607","CTD-2647L4.5",NA,-0.0171447826815105,-0.172862465900555,0.883655453799675
"ENSG00000260265","RP11-44F21.5",NA,-0.0153685071934677,-0.17152919230777,0.884472564100016
"ENSG00000125954","CHURC1-FNTB","100529261",-0.0141813989317836,-0.171397126948012,0.884472564100016
"ENSG00000235508","RPS2P7","86781",0.00689721819193403,0.167657508390986,0.887301011491361
"ENSG00000120457","KCNJ5","3762",-0.00722844609766066,-0.166223184686737,0.888273968557428
"ENSG00000163623","NKX6-1","4825",-0.00791920110391964,-0.165090118651619,0.888888346531013
"ENSG00000196549","MME","4311",-0.00851740340341257,-0.165008184580163,0.888888346531013
"ENSG00000159251","ACTC1","70",-0.0101614504687683,-0.163532433079225,0.88989423435943
"ENSG00000234648","AL162151.3",NA,-0.0166657859390109,-0.163181095607982,0.889994996891076
"ENSG00000122870","BICC1","80114",0.00712894387740901,0.160226664990974,0.89213543179212
"ENSG00000136689","IL1RN","3557",-0.00643901928233619,-0.159970434894881,0.89213543179212
"ENSG00000105851","PIK3CG","5294",0.00828152478033754,0.159842302750204,0.89213543179212
"ENSG00000254221","PCDHGB1","56104",0.0124290936726417,0.158173999538739,0.89329558061353
"ENSG00000166793","YPEL4","219539",-0.00692152676120318,-0.156234540687189,0.894546073788791
"ENSG00000112530","PACRG","135138",-0.00750867959622992,-0.156166240682119,0.894546073788791
"ENSG00000197635","DPP4","1803",-0.00712262808636298,-0.154078524095718,0.896020820695653
"ENSG00000253552","HOXA-AS2",NA,0.00526591463846471,0.153879144059358,0.896020820695653
"ENSG00000019549","SNAI2","6591",0.00517938202760263,0.152973134552409,0.896566856500784
"ENSG00000278677","HIST1H2AM","8336",0.00712837826805111,0.15231206709232,0.896915704140176
"ENSG00000229859","PGA3","643834",-0.00966258088457177,-0.148499847117073,0.899799993576204
"ENSG00000204860","FAM201A",NA,-0.0107714163926724,-0.145323809306737,0.902172670622062
"ENSG00000177627","C12orf54","121273",0.0111491770161473,0.144359342135463,0.902764994693382
"ENSG00000135424","ITGA7","3679",0.00686606868746327,0.143546882852048,0.903234830473559
"ENSG00000112837","TBX18","9096",0.00496776061370241,0.139416519348524,0.906375580027036
"ENSG00000166741","NNMT","4837",-0.00432825400880465,-0.137742720158718,0.907538495144013
"ENSG00000170290","SLN","6588",0.007615070545843,0.137228745209509,0.907767353860468
"ENSG00000010932","FMO1","2326",0.00569885180066073,0.136400661279737,0.908249021524157
"ENSG00000249948","GBA3","57733",0.00930389718075187,0.135382805429003,0.908883335284174
"ENSG00000196436","NPIPB15","440348",0.0115624061178364,0.133879660725256,0.909908154545822
"ENSG00000162706","CADM3","57863",0.00731372367249441,0.132504487338184,0.91069805555327
"ENSG00000275410","HNF1B","6928",-0.00554882077056557,-0.132437762967643,0.91069805555327
"ENSG00000169302","STK32A","202374",0.00661765373457884,0.130822516786624,0.911812578366064
"ENSG00000273036","FAM95C","107133499",-0.0100641204016344,-0.130290351017909,0.912055264020587
"ENSG00000263155","MYZAP","100820829",0.00604457218018406,0.129733869440271,0.912317445930593
"ENSG00000009694","TENM1","10178",-0.00798347113033357,-0.126932592114889,0.914385815145672
"ENSG00000179299","NSUN7","79730",-0.00657815394475315,-0.125067115339039,0.915700982934831
"ENSG00000272141","RP11-465B22.8",NA,-0.00318657500686914,-0.122513709178678,0.917569641119646
"ENSG00000229183","PGA4","643847",0.00785470059938539,0.121068047221161,0.918546550493117
"ENSG00000274266","SNORA73A","6080",0.00957335636136702,0.12027379325239,0.918935645958617
"ENSG00000168754","FAM178B","51252",0.00776170490855644,0.120120448868136,0.918935645958617
"ENSG00000075213","SEMA3A","10371",0.00587533589985697,0.119515402786599,0.919235696921152
"ENSG00000016082","ISL1","3670",0.0071559881879679,0.117074746487,0.92101240315438
"ENSG00000211890","IGHA2","3494",0.00717785072309187,0.115927665576973,0.921748154316518
"ENSG00000163435","ELF3","1999",0.00243061527720272,0.115527614932063,0.921882791267951
"ENSG00000175294","CATSPER1","117144",0.00503348115737821,0.114807088758486,0.922275143809075
"ENSG00000179796","LRRC3B","116135",0.00764799039529173,0.113999419538454,0.922618295796279
"ENSG00000185290","NUPR1L","389493",-0.00679878080861323,-0.113914757602729,0.922618295796279
"ENSG00000168779","SHOX2","6474",0.00318497096484479,0.112119189979839,0.923874713948808
"ENSG00000259884","RP11-1100L3.8","115409980",0.0103062507617824,0.111453483379039,0.924222495582047
"ENSG00000235373","RP11-206L10.3",NA,0.00605551814853162,0.108874355663094,0.926108450134636
"ENSG00000158023","WDR66","144406",0.00686829032879974,0.108599626459779,0.926141521958736
"ENSG00000270136","MINOS1-NBL1",NA,-0.00339274442433533,-0.107669731903779,0.926701191887075
"ENSG00000240990","HOXA11-AS","221883",-0.00448269056496686,-0.106167536802898,0.927720693184759
"ENSG00000133063","CHIT1","1118",0.00721831136110419,0.103710831430754,0.9294379328622
"ENSG00000101335","MYL9","10398",0.00361238109585128,0.103562682836371,0.9294379328622
"ENSG00000156463","SH3RF2","153769",0.00509000507067882,0.102058585925328,0.930458309046077
"ENSG00000003436","TFPI","7035",-0.00486957721816906,-0.100085858954463,0.93185505034412
"ENSG00000243449","C4orf48","401115",0.00583384575654277,0.0995655360999716,0.932084446738186
"ENSG00000183742","MACC1","346389",-0.00374384248552562,-0.0985604650676495,0.932703218360426
"ENSG00000188257","PLA2G2A","5320",-0.00560200822436472,-0.0982767521107003,0.932742347602528
"ENSG00000161133","USP41","373856",-0.00556349691005014,-0.095763672570053,0.934572151614965
"ENSG00000137819","PAQR5","54852",0.00487068460587609,0.0953097523010789,0.934707200802922
"ENSG00000258399","MEG8",NA,-0.00677296793538047,-0.0951246876317082,0.934707200802922
"ENSG00000185567","AHNAK2","113146",-0.00403788575070482,-0.0924152921715803,0.936693760653125
"ENSG00000157005","SST","6750",-0.00393629188288944,-0.0899824571577882,0.938457955746679
"ENSG00000115221","ITGB6","3694",-0.00417589289092619,-0.0874932734917401,0.940267119742108
"ENSG00000111335","OAS2","4939",0.00580589010033243,0.0859676318927587,0.941302180646455
"ENSG00000130477","UNC13A","23025",-0.00484806172344955,-0.0849441189907682,0.941933785570248
"ENSG00000042832","TG","7038",0.0027927362015589,0.0846149288584448,0.942007773169358
"ENSG00000146555","SDK1","221935",-0.00445507076695715,-0.0842363653847028,0.942121369412681
"ENSG00000236058","RP11-215A21.2","729340",0.00166339783389085,0.0830123601684788,0.942913461549418
"ENSG00000237289","CKMT1B","1159",0.00409914132782131,0.0816046350765229,0.943852774523287
"ENSG00000095637","SORBS1","10580",0.00340650577945392,0.0795150756581697,0.94519141232465
"ENSG00000271344","RP11-274B21.9",NA,-0.00520155092992128,-0.0794612395948654,0.94519141232465
"ENSG00000005073","HOXA11","3207",0.00282347695159059,0.0789291242599497,0.94542756189197
"ENSG00000180871","CXCR2","3579",-0.00376718638722346,-0.0786106407254874,0.945492282616689
"ENSG00000163827","LRRC2","79442",0.00439142582853663,0.0780480675033452,0.94575273068685
"ENSG00000103740","ACSBG1","23205",0.00352159372192428,0.0768095683315641,0.946555084268179
"ENSG00000107249","GLIS3","169792",-0.00420899936256629,-0.0744631976664061,0.948245519834837
"ENSG00000272558","U91328.21",NA,0.00634580439672232,0.070149449270551,0.951513211280149
"ENSG00000123358","NR4A1","3164",0.00387439981315763,0.0686799211031045,0.95249974714244
"ENSG00000234665","RP11-262H14.3","403323",-0.00569105491463665,-0.0643419520631638,0.955786077715329
"ENSG00000133665","DYDC2","84332",0.00381618180434241,0.0632887095900292,0.95643801930131
"ENSG00000145198","VWA5B2","90113",0.00385856514707989,0.0623649205462484,0.956985970413362
"ENSG00000186148","AC013271.3",NA,-0.00378676450973087,-0.0613376038485042,0.957616730755855
"ENSG00000054356","PTPRN","5798",0.00292241667434588,0.0598237750235736,0.958637227352134
"ENSG00000095752","IL11","3589",0.00205469280661452,0.0577053800689189,0.960141942837959
"ENSG00000101955","SRPX","8406",0.00213998794501608,0.0537784030948048,0.963095699139766
"ENSG00000236782","RP11-96L14.7","118568799",0.00430027624476142,0.0527798066788192,0.963702114907396
"ENSG00000221932","HEPN1","641654",0.00344647323859718,0.0515902573452837,0.964461325780007
"ENSG00000261279","ULK4P1",NA,0.00414435187762977,0.0513387360606306,0.964468834958795
"ENSG00000064195","DLX3","1747",-0.00261514628101071,-0.0494643101945313,0.965776231145991
"ENSG00000171016","PYGO1","26108",-0.00233212073879703,-0.0490031875535318,0.965951353622977
"ENSG00000167992","VWCE","220001",0.0024003653701295,0.0420264732270553,0.971344304660393
"ENSG00000180287","PLD5","200150",0.00268897234639813,0.0396043512116065,0.973059791740317
"ENSG00000187642","PERM1","84808",0.00139818105032405,0.0393963952459079,0.973059791740317
"ENSG00000117600","LPPR4","9890",-0.00134608599101656,-0.0390591456712692,0.973134306645056
"ENSG00000170214","ADRA1B","147",-0.00198595144734069,-0.0385418031367651,0.973333082084751
"ENSG00000163817","SLC6A20","54716",-0.00174838018209818,-0.0383223858831209,0.973333082084751
"ENSG00000127831","VIL1","7429",0.00239580250530186,0.0377740542225462,0.973576398368138
"ENSG00000106772","PRUNE2","158471",0.00145520081425147,0.0345312855863142,0.975975210827916
"ENSG00000253771","TPTE2P1",NA,-0.00221605318932508,-0.0329063424971381,0.976971064351252
"ENSG00000131730","CKMT2","1160",0.00135471775922537,0.0327963806341156,0.976971064351252
"ENSG00000223401","RP11-211G3.2",NA,0.00268269319443753,0.0317848733667689,0.977583913454004
"ENSG00000256977","LIMS3","96626",0.00316461485890524,0.0307319008896773,0.978223741631165
"ENSG00000023839","ABCC2","1244",0.00205009483374422,0.0304939541372541,0.978223741631165
"ENSG00000203685","C1orf95","375057",-0.00186357286788904,-0.0257537332728685,0.981816241925648
"ENSG00000184524","CEND1","51286",-0.00113546559343187,-0.0241476673080731,0.982902943952543
"ENSG00000175164","ABO","28",0.00124408715114,0.0201131611993279,0.985929737930432
"ENSG00000272702","RP11-44N22.3",NA,0.00127122133302822,0.0190195717165436,0.986605900338278
"ENSG00000159247","TUBBP5",NA,0.00112302791195418,0.0175663684400794,0.98745383505096
"ENSG00000087237","CETP","1071",0.000670789352499406,0.0174629975059766,0.98745383505096
"ENSG00000198959","TGM2","7052",0.000733024141168111,0.0164198501297314,0.987947000049622
"ENSG00000206538","VGLL3","389136",-0.000661426023279024,-0.016349998478746,0.987947000049622
"ENSG00000152056","AP1S3","130340",-0.000683703892083228,-0.0154673415553209,0.988453775578645
"ENSG00000184293","CLECL1",NA,0.000476526595483123,0.00942362631420122,0.99307923083945
"ENSG00000230018","RP11-481H12.1","111082963",0.000444498106675361,0.00867695193346382,0.993476332045093
"ENSG00000129226","CD68","968",-0.000332015914436781,-0.00759800815894659,0.994138356973386
"ENSG00000248587","GDNF-AS1","101929745",0.000291907146500093,0.00413905196672719,0.996698506691539
