"ID","Description","GeneRatio","BgRatio","RichFactor","FoldEnrichment","zScore","pvalue","p.adjust","qvalue","geneID","Count"
"GO:0003341","cilium movement","9/122","52/3645",0.173076923076923,5.17102774274905,5.63675189603656,4.28244564804865e-05,0.075959868228335,0.0736573003965793,"ENSG00000143126/ENSG00000183833/ENSG00000112981/ENSG00000006128/ENSG00000159648/ENSG00000163879/ENSG00000171811/ENSG00000107954/ENSG00000114547",9
"GO:0044782","cilium organization","9/122","56/3645",0.160714285714286,4.80166861826698,5.3345073773642,7.87556954155884e-05,0.075959868228335,0.0736573003965793,"ENSG00000143126/ENSG00000178965/ENSG00000183833/ENSG00000146038/ENSG00000112981/ENSG00000163879/ENSG00000171811/ENSG00000107954/ENSG00000114547",9
"GO:0060271","cilium assembly","8/122","47/3645",0.170212765957447,5.08545517963027,5.24531504159534,0.000131546666485628,0.0845845065502586,0.0820205004719159,"ENSG00000143126/ENSG00000178965/ENSG00000183833/ENSG00000146038/ENSG00000112981/ENSG00000163879/ENSG00000171811/ENSG00000107954",8
"GO:0050769","positive regulation of neurogenesis","10/122","84/3645",0.119047619047619,3.55679156908665,4.41125089680018,0.000413217784663113,0.199274276653786,0.193233685091145,"ENSG00000131095/ENSG00000148053/ENSG00000108830/ENSG00000140538/ENSG00000100146/ENSG00000081479/ENSG00000064309/ENSG00000168329/ENSG00000106278/ENSG00000107954",10
"GO:1901570","fatty acid derivative biosynthetic process","4/122","14/3645",0.285714285714286,8.53629976580796,5.25680462182569,0.000921757777588309,0.325027574591704,0.315175029357703,"ENSG00000146151/ENSG00000197977/ENSG00000100031/ENSG00000134824",4
"GO:2000177","regulation of neural precursor cell proliferation","6/122","38/3645",0.157894736842105,4.71742881794651,4.28621711748389,0.00142521775121842,0.325027574591704,0.315175029357703,"ENSG00000140538/ENSG00000100146/ENSG00000081479/ENSG00000064309/ENSG00000168329/ENSG00000106278",6
"GO:0120036","plasma membrane bounded cell projection organization","26/122","433/3645",0.0600461893764434,1.79400295309128,3.2748474582553,0.00180532496605796,0.325027574591704,0.315175029357703,"ENSG00000131095/ENSG00000143126/ENSG00000148053/ENSG00000108830/ENSG00000140538/ENSG00000178965/ENSG00000124205/ENSG00000081479/ENSG00000183833/ENSG00000146038/ENSG00000163220/ENSG00000117407/ENSG00000112981/ENSG00000106278/ENSG00000012171/ENSG00000104332/ENSG00000120729/ENSG00000196090/ENSG00000133067/ENSG00000163879/ENSG00000138696/ENSG00000171811/ENSG00000164742/ENSG00000107954/ENSG00000114547/ENSG00000151892",26
"GO:0001539","cilium or flagellum-dependent cell motility","6/122","40/3645",0.15,4.48155737704918,4.11968201847933,0.00187617456325325,0.325027574591704,0.315175029357703,"ENSG00000006128/ENSG00000159648/ENSG00000163879/ENSG00000171811/ENSG00000107954/ENSG00000114547",6
"GO:0060285","cilium-dependent cell motility","6/122","40/3645",0.15,4.48155737704918,4.11968201847933,0.00187617456325325,0.325027574591704,0.315175029357703,"ENSG00000006128/ENSG00000159648/ENSG00000163879/ENSG00000171811/ENSG00000107954/ENSG00000114547",6
"GO:0060294","cilium movement involved in cell motility","6/122","40/3645",0.15,4.48155737704918,4.11968201847933,0.00187617456325325,0.325027574591704,0.315175029357703,"ENSG00000006128/ENSG00000159648/ENSG00000163879/ENSG00000171811/ENSG00000107954/ENSG00000114547",6
"GO:0050832","defense response to fungus","5/122","28/3645",0.178571428571429,5.33518735362998,4.28474923875418,0.00204881097300872,0.325027574591704,0.315175029357703,"ENSG00000143546/ENSG00000163220/ENSG00000168329/ENSG00000006128/ENSG00000145777",5
"GO:0061351","neural precursor cell proliferation","7/122","56/3645",0.125,3.73463114754098,3.8372387221844,0.00235036182776544,0.325027574591704,0.315175029357703,"ENSG00000140538/ENSG00000100146/ENSG00000081479/ENSG00000064309/ENSG00000168329/ENSG00000117407/ENSG00000106278",7
"GO:0030030","cell projection organization","26/122","444/3645",0.0585585585585586,1.74955693398316,3.13592777694456,0.00259028366945333,0.325027574591704,0.315175029357703,"ENSG00000131095/ENSG00000143126/ENSG00000148053/ENSG00000108830/ENSG00000140538/ENSG00000178965/ENSG00000124205/ENSG00000081479/ENSG00000183833/ENSG00000146038/ENSG00000163220/ENSG00000117407/ENSG00000112981/ENSG00000106278/ENSG00000012171/ENSG00000104332/ENSG00000120729/ENSG00000196090/ENSG00000133067/ENSG00000163879/ENSG00000138696/ENSG00000171811/ENSG00000164742/ENSG00000107954/ENSG00000114547/ENSG00000151892",26
"GO:0009620","response to fungus","5/122","30/3645",0.166666666666667,4.97950819672131,4.07238339550619,0.00281598933495613,0.325027574591704,0.315175029357703,"ENSG00000143546/ENSG00000163220/ENSG00000168329/ENSG00000006128/ENSG00000145777",5
"GO:0072522","purine-containing compound biosynthetic process","5/122","30/3645",0.166666666666667,4.97950819672131,4.07238339550619,0.00281598933495613,0.325027574591704,0.315175029357703,"ENSG00000115919/ENSG00000117009/ENSG00000112981/ENSG00000197977/ENSG00000164742",5
"GO:0033993","response to lipid","19/122","291/3645",0.0652920962199313,1.95073516984959,3.14584487292393,0.00321484690762906,0.325027574591704,0.315175029357703,"ENSG00000140538/ENSG00000100146/ENSG00000143867/ENSG00000143546/ENSG00000064309/ENSG00000113739/ENSG00000069702/ENSG00000117009/ENSG00000168329/ENSG00000082175/ENSG00000006128/ENSG00000104332/ENSG00000108370/ENSG00000164879/ENSG00000134760/ENSG00000164742/ENSG00000091831/ENSG00000159184/ENSG00000143556",19
"GO:0048511","rhythmic process","8/122","75/3645",0.106666666666667,3.18688524590164,3.56069927478172,0.00322230670090621,0.325027574591704,0.315175029357703,"ENSG00000148053/ENSG00000140538/ENSG00000133256/ENSG00000082175/ENSG00000179388/ENSG00000138696/ENSG00000164742/ENSG00000091831",8
"GO:0035930","corticosteroid hormone secretion","3/122","10/3645",0.3,8.96311475409836,4.6918437927459,0.00369558780477681,0.325027574591704,0.315175029357703,"ENSG00000119147/ENSG00000006128/ENSG00000126562",3
"GO:1901568","fatty acid derivative metabolic process","4/122","20/3645",0.2,5.97540983606557,4.15147694730276,0.00381793555561766,0.325027574591704,0.315175029357703,"ENSG00000146151/ENSG00000197977/ENSG00000100031/ENSG00000134824",4
"GO:0051962","positive regulation of nervous system development","10/122","113/3645",0.0884955752212389,2.64398665312636,3.30323855965193,0.0040919378505591,0.325027574591704,0.315175029357703,"ENSG00000131095/ENSG00000148053/ENSG00000108830/ENSG00000140538/ENSG00000100146/ENSG00000081479/ENSG00000064309/ENSG00000168329/ENSG00000106278/ENSG00000107954",10
"GO:2001242","regulation of intrinsic apoptotic signaling pathway","5/122","34/3645",0.147058823529412,4.39368370298939,3.69921739914661,0.00494155137625362,0.325027574591704,0.315175029357703,"ENSG00000141682/ENSG00000143546/ENSG00000163220/ENSG00000112981/ENSG00000164879",5
"GO:0030318","melanocyte differentiation","3/122","11/3645",0.272727272727273,8.14828614008942,4.4179275303531,0.00495820751170338,0.325027574591704,0.315175029357703,"ENSG00000124205/ENSG00000100146/ENSG00000104044",3
"GO:0006164","purine nucleotide biosynthetic process","4/122","22/3645",0.181818181818182,5.43219076005961,3.87979157211788,0.00547382689561838,0.325027574591704,0.315175029357703,"ENSG00000115919/ENSG00000117009/ENSG00000112981/ENSG00000164742",4
"GO:0007018","microtubule-based movement","9/122","101/3645",0.0891089108910891,2.66231131309852,3.15238294137848,0.00611293161673572,0.325027574591704,0.315175029357703,"ENSG00000143126/ENSG00000183833/ENSG00000112981/ENSG00000006128/ENSG00000159648/ENSG00000163879/ENSG00000171811/ENSG00000107954/ENSG00000114547",9
"GO:0010720","positive regulation of cell development","11/122","139/3645",0.079136690647482,2.36437079844321,3.05173372959751,0.0062040222380819,0.325027574591704,0.315175029357703,"ENSG00000131095/ENSG00000148053/ENSG00000108830/ENSG00000140538/ENSG00000100146/ENSG00000081479/ENSG00000064309/ENSG00000168329/ENSG00000106278/ENSG00000179388/ENSG00000107954",11
"GO:1901293","nucleoside phosphate biosynthetic process","5/122","36/3645",0.138888888888889,4.14959016393443,3.5336589610032,0.00634763361352699,0.325027574591704,0.315175029357703,"ENSG00000115919/ENSG00000117009/ENSG00000112981/ENSG00000197977/ENSG00000164742",5
"GO:2001235","positive regulation of apoptotic signaling pathway","5/122","36/3645",0.138888888888889,4.14959016393443,3.5336589610032,0.00634763361352699,0.325027574591704,0.315175029357703,"ENSG00000141682/ENSG00000143546/ENSG00000163220/ENSG00000104332/ENSG00000138696",5
"GO:0002052","positive regulation of neuroblast proliferation","3/122","12/3645",0.25,7.46926229508197,4.17662479008924,0.00645087524754132,0.325027574591704,0.315175029357703,"ENSG00000100146/ENSG00000064309/ENSG00000168329",3
"GO:0038179","neurotrophin signaling pathway","3/122","12/3645",0.25,7.46926229508197,4.17662479008924,0.00645087524754132,0.325027574591704,0.315175029357703,"ENSG00000148053/ENSG00000140538/ENSG00000151892",3
"GO:2001244","positive regulation of intrinsic apoptotic signaling pathway","3/122","12/3645",0.25,7.46926229508197,4.17662479008924,0.00645087524754132,0.325027574591704,0.315175029357703,"ENSG00000141682/ENSG00000143546/ENSG00000163220",3
"GO:0060135","maternal process involved in female pregnancy","4/122","23/3645",0.173913043478261,5.1960085531005,3.75611463001872,0.0064573417050605,0.325027574591704,0.315175029357703,"ENSG00000113739/ENSG00000082175/ENSG00000134760/ENSG00000091831",4
"GO:0170033","L-amino acid metabolic process","6/122","51/3645",0.117647058823529,3.51494696239151,3.3654075153947,0.00652360088770105,0.325027574591704,0.315175029357703,"ENSG00000115919/ENSG00000117009/ENSG00000146151/ENSG00000167701/ENSG00000100031/ENSG00000104044",6
"GO:0170039","proteinogenic amino acid metabolic process","6/122","51/3645",0.117647058823529,3.51494696239151,3.3654075153947,0.00652360088770105,0.325027574591704,0.315175029357703,"ENSG00000115919/ENSG00000117009/ENSG00000146151/ENSG00000167701/ENSG00000100031/ENSG00000104044",6
"GO:0003006","developmental process involved in reproduction","16/122","244/3645",0.0655737704918033,1.95915076592314,2.88596628398476,0.00661210681262035,0.325027574591704,0.315175029357703,"ENSG00000143867/ENSG00000081479/ENSG00000183833/ENSG00000113739/ENSG00000082175/ENSG00000112981/ENSG00000104332/ENSG00000100031/ENSG00000163879/ENSG00000138696/ENSG00000104044/ENSG00000107954/ENSG00000114547/ENSG00000091831/ENSG00000151892/ENSG00000159184",16
"GO:1901654","response to ketone","7/122","68/3645",0.102941176470588,3.07557859209257,3.21474808900172,0.00705466657098364,0.325027574591704,0.315175029357703,"ENSG00000140538/ENSG00000100146/ENSG00000069702/ENSG00000104332/ENSG00000134760/ENSG00000164742/ENSG00000159184",7
"GO:0030317","flagellated sperm motility","5/122","37/3645",0.135135135135135,4.03743907842269,3.45531743536935,0.00714672278318017,0.325027574591704,0.315175029357703,"ENSG00000006128/ENSG00000159648/ENSG00000163879/ENSG00000107954/ENSG00000114547",5
"GO:0097722","sperm motility","5/122","37/3645",0.135135135135135,4.03743907842269,3.45531743536935,0.00714672278318017,0.325027574591704,0.315175029357703,"ENSG00000006128/ENSG00000159648/ENSG00000163879/ENSG00000107954/ENSG00000114547",5
"GO:0048863","stem cell differentiation","8/122","86/3645",0.0930232558139535,2.77926038886771,3.10697329057064,0.00745964912854917,0.325027574591704,0.315175029357703,"ENSG00000124205/ENSG00000100146/ENSG00000143867/ENSG00000112183/ENSG00000186847/ENSG00000012171/ENSG00000104332/ENSG00000091831",8
"GO:0007405","neuroblast proliferation","4/122","24/3645",0.166666666666667,4.97950819672131,3.63943141826861,0.00755153587295888,0.325027574591704,0.315175029357703,"ENSG00000100146/ENSG00000064309/ENSG00000168329/ENSG00000117407",4
"GO:0021782","glial cell development","6/122","53/3645",0.113207547169811,3.38230745437674,3.25072595153157,0.00787646111041462,0.325027574591704,0.315175029357703,"ENSG00000131095/ENSG00000148053/ENSG00000140538/ENSG00000100146/ENSG00000143546/ENSG00000163220",6
"GO:2001233","regulation of apoptotic signaling pathway","8/122","87/3645",0.0919540229885057,2.74731486715659,3.06930894088945,0.00798978174036589,0.325027574591704,0.315175029357703,"ENSG00000141682/ENSG00000143546/ENSG00000163220/ENSG00000168329/ENSG00000112981/ENSG00000104332/ENSG00000164879/ENSG00000138696",8
"GO:0031175","neuron projection development","20/122","340/3645",0.0588235294117647,1.75747348119576,2.72919104429544,0.0081671134509506,0.325027574591704,0.315175029357703,"ENSG00000131095/ENSG00000143126/ENSG00000148053/ENSG00000108830/ENSG00000140538/ENSG00000124205/ENSG00000081479/ENSG00000146038/ENSG00000163220/ENSG00000117407/ENSG00000106278/ENSG00000012171/ENSG00000104332/ENSG00000120729/ENSG00000196090/ENSG00000133067/ENSG00000138696/ENSG00000164742/ENSG00000107954/ENSG00000151892",20
"GO:0050926","regulation of positive chemotaxis","3/122","13/3645",0.230769230769231,6.89470365699874,3.96162634347789,0.00818340519757749,0.325027574591704,0.315175029357703,"ENSG00000140538/ENSG00000117407/ENSG00000172232",3
"GO:0050927","positive regulation of positive chemotaxis","3/122","13/3645",0.230769230769231,6.89470365699874,3.96162634347789,0.00818340519757749,0.325027574591704,0.315175029357703,"ENSG00000140538/ENSG00000117407/ENSG00000172232",3
"GO:0050931","pigment cell differentiation","3/122","13/3645",0.230769230769231,6.89470365699874,3.96162634347789,0.00818340519757749,0.325027574591704,0.315175029357703,"ENSG00000124205/ENSG00000100146/ENSG00000104044",3
"GO:0060343","trabecula formation","3/122","13/3645",0.230769230769231,6.89470365699874,3.96162634347789,0.00818340519757749,0.325027574591704,0.315175029357703,"ENSG00000069702/ENSG00000104332/ENSG00000136457",3
"GO:1902041","regulation of extrinsic apoptotic signaling pathway via death domain receptors","3/122","13/3645",0.230769230769231,6.89470365699874,3.96162634347789,0.00818340519757749,0.325027574591704,0.315175029357703,"ENSG00000141682/ENSG00000104332/ENSG00000138696",3
"GO:1990090","cellular response to nerve growth factor stimulus","3/122","13/3645",0.230769230769231,6.89470365699874,3.96162634347789,0.00818340519757749,0.325027574591704,0.315175029357703,"ENSG00000148053/ENSG00000140538/ENSG00000006128",3
"GO:0008406","gonad development","7/122","70/3645",0.1,2.98770491803279,3.12446516546814,0.00825627327889762,0.325027574591704,0.315175029357703,"ENSG00000143867/ENSG00000081479/ENSG00000082175/ENSG00000104332/ENSG00000138696/ENSG00000091831/ENSG00000151892",7
"GO:0009165","nucleotide biosynthetic process","4/122","25/3645",0.16,4.78032786885246,3.5290512463173,0.00876129234753907,0.331382998792213,0.321337801890133,"ENSG00000115919/ENSG00000117009/ENSG00000112981/ENSG00000164742",4
"GO:2000179","positive regulation of neural precursor cell proliferation","4/122","25/3645",0.16,4.78032786885246,3.5290512463173,0.00876129234753907,0.331382998792213,0.321337801890133,"ENSG00000100146/ENSG00000081479/ENSG00000064309/ENSG00000168329",4
"GO:0045137","development of primary sexual characteristics","7/122","72/3645",0.0972222222222222,2.9047131147541,3.03733077199324,0.00960272445091346,0.343966233663277,0.333539601767833,"ENSG00000143867/ENSG00000081479/ENSG00000082175/ENSG00000104332/ENSG00000138696/ENSG00000091831/ENSG00000151892",7
"GO:0006935","chemotaxis","13/122","189/3645",0.0687830687830688,2.05503512880562,2.77155648068529,0.00967893303520675,0.343966233663277,0.333539601767833,"ENSG00000140538/ENSG00000124205/ENSG00000143546/ENSG00000163220/ENSG00000168329/ENSG00000117407/ENSG00000166091/ENSG00000012171/ENSG00000179388/ENSG00000133067/ENSG00000134830/ENSG00000172232/ENSG00000143556",13
"GO:0042330","taxis","13/122","189/3645",0.0687830687830688,2.05503512880562,2.77155648068529,0.00967893303520675,0.343966233663277,0.333539601767833,"ENSG00000140538/ENSG00000124205/ENSG00000143546/ENSG00000163220/ENSG00000168329/ENSG00000117407/ENSG00000166091/ENSG00000012171/ENSG00000179388/ENSG00000133067/ENSG00000134830/ENSG00000172232/ENSG00000143556",13
"GO:0007286","spermatid development","5/122","40/3645",0.125,3.73463114754098,3.23585382793447,0.00996177189981051,0.343966233663277,0.333539601767833,"ENSG00000112981/ENSG00000163879/ENSG00000104044/ENSG00000107954/ENSG00000114547",5
"GO:0035929","steroid hormone secretion","3/122","14/3645",0.214285714285714,6.40222482435597,3.76822065301318,0.0101638544939382,0.343966233663277,0.333539601767833,"ENSG00000119147/ENSG00000006128/ENSG00000126562",3
"GO:1990089","response to nerve growth factor","3/122","14/3645",0.214285714285714,6.40222482435597,3.76822065301318,0.0101638544939382,0.343966233663277,0.333539601767833,"ENSG00000148053/ENSG00000140538/ENSG00000006128",3
"GO:0050767","regulation of neurogenesis","10/122","130/3645",0.0769230769230769,2.29823455233291,2.8046259819738,0.0108734843009928,0.361224038543682,0.35027427163904,"ENSG00000131095/ENSG00000148053/ENSG00000108830/ENSG00000140538/ENSG00000100146/ENSG00000081479/ENSG00000064309/ENSG00000168329/ENSG00000106278/ENSG00000107954",10
"GO:0007422","peripheral nervous system development","5/122","41/3645",0.121951219512195,3.64354258296681,3.16736873607206,0.0110483246625595,0.361224038543682,0.35027427163904,"ENSG00000148053/ENSG00000140538/ENSG00000100146/ENSG00000117407/ENSG00000179388",5
"GO:0170040","proteinogenic amino acid catabolic process","4/122","27/3645",0.148148148148148,4.42622950819672,3.32488653994894,0.0115455641001876,0.371189885821031,0.359938024667251,"ENSG00000115919/ENSG00000117009/ENSG00000146151/ENSG00000167701",4
"GO:0042063","gliogenesis","10/122","132/3645",0.0757575757575758,2.26341281669151,2.7510972760835,0.0120401353442752,0.373703213179022,0.362375165653937,"ENSG00000131095/ENSG00000148053/ENSG00000140538/ENSG00000100146/ENSG00000081479/ENSG00000143546/ENSG00000163220/ENSG00000168329/ENSG00000106278/ENSG00000172232",10
"GO:1901605","alpha-amino acid metabolic process","6/122","58/3645",0.103448275862069,3.09072922555116,2.98647495104809,0.0121273048396367,0.373703213179022,0.362375165653937,"ENSG00000115919/ENSG00000117009/ENSG00000146151/ENSG00000167701/ENSG00000100031/ENSG00000104044",6
"GO:0048515","spermatid differentiation","5/122","42/3645",0.119047619047619,3.55679156908665,3.10099179840016,0.0122132554364138,0.373703213179022,0.362375165653937,"ENSG00000112981/ENSG00000163879/ENSG00000104044/ENSG00000107954/ENSG00000114547",5
"GO:0002224","toll-like receptor signaling pathway","3/122","15/3645",0.2,5.97540983606557,3.59280755510027,0.0123986550769608,0.373703213179022,0.362375165653937,"ENSG00000143546/ENSG00000163220/ENSG00000091831",3
"GO:0170035","L-amino acid catabolic process","4/122","28/3645",0.142857142857143,4.26814988290398,3.23012630842404,0.0131283562880507,0.389006374004587,0.377214442501514,"ENSG00000115919/ENSG00000117009/ENSG00000146151/ENSG00000167701",4
"GO:0120031","plasma membrane bounded cell projection assembly","8/122","95/3645",0.0842105263157895,2.51596203623814,2.7857922736697,0.0133097048648537,0.389006374004587,0.377214442501514,"ENSG00000143126/ENSG00000178965/ENSG00000183833/ENSG00000146038/ENSG00000112981/ENSG00000163879/ENSG00000171811/ENSG00000107954",8
"GO:0030307","positive regulation of cell growth","5/122","44/3645",0.113636363636364,3.39511922503726,2.97409400937419,0.0147878984390501,0.399001272003981,0.386906365638631,"ENSG00000108830/ENSG00000140538/ENSG00000143546/ENSG00000163220/ENSG00000104332",5
"GO:0046660","female sex differentiation","5/122","44/3645",0.113636363636364,3.39511922503726,2.97409400937419,0.0147878984390501,0.399001272003981,0.386906365638631,"ENSG00000081479/ENSG00000082175/ENSG00000104332/ENSG00000138696/ENSG00000091831",5
"GO:0008625","extrinsic apoptotic signaling pathway via death domain receptors","3/122","16/3645",0.1875,5.60194672131148,3.43258161035836,0.0148927379908173,0.399001272003981,0.386906365638631,"ENSG00000141682/ENSG00000104332/ENSG00000138696",3
"GO:0014002","astrocyte development","3/122","16/3645",0.1875,5.60194672131148,3.43258161035836,0.0148927379908173,0.399001272003981,0.386906365638631,"ENSG00000131095/ENSG00000143546/ENSG00000163220",3
"GO:0033280","response to vitamin D","3/122","16/3645",0.1875,5.60194672131148,3.43258161035836,0.0148927379908173,0.399001272003981,0.386906365638631,"ENSG00000064309/ENSG00000113739/ENSG00000104332",3
"GO:1902692","regulation of neuroblast proliferation","3/122","16/3645",0.1875,5.60194672131148,3.43258161035836,0.0148927379908173,0.399001272003981,0.386906365638631,"ENSG00000100146/ENSG00000064309/ENSG00000168329",3
"GO:0032103","positive regulation of response to external stimulus","12/122","180/3645",0.0666666666666667,1.99180327868852,2.53935226031019,0.0161273607480309,0.413358631758247,0.400828511437289,"ENSG00000140538/ENSG00000124205/ENSG00000143546/ENSG00000163220/ENSG00000168329/ENSG00000117407/ENSG00000006128/ENSG00000198535/ENSG00000145777/ENSG00000172232/ENSG00000091831/ENSG00000143556",12
"GO:0090101","negative regulation of transmembrane receptor protein serine/threonine kinase signaling pathway","5/122","45/3645",0.111111111111111,3.31967213114754,2.91336158394606,0.016202192003523,0.413358631758247,0.400828511437289,"ENSG00000081479/ENSG00000069702/ENSG00000104332/ENSG00000147255/ENSG00000171243",5
"GO:0030509","BMP signaling pathway","6/122","62/3645",0.0967741935483871,2.89132734003173,2.79480762268717,0.0165319998413222,0.413358631758247,0.400828511437289,"ENSG00000081479/ENSG00000069702/ENSG00000104332/ENSG00000143768/ENSG00000171243/ENSG00000138696",6
"GO:1901606","alpha-amino acid catabolic process","4/122","30/3645",0.133333333333333,3.98360655737705,3.05323904421062,0.0166935984623193,0.413358631758247,0.400828511437289,"ENSG00000115919/ENSG00000117009/ENSG00000146151/ENSG00000167701",4
"GO:0030031","cell projection assembly","8/122","99/3645",0.0808080808080808,2.41430700447094,2.65463430180656,0.0167797021768805,0.413358631758247,0.400828511437289,"ENSG00000143126/ENSG00000178965/ENSG00000183833/ENSG00000146038/ENSG00000112981/ENSG00000163879/ENSG00000171811/ENSG00000107954",8
"GO:0007409","axonogenesis","12/122","181/3645",0.0662983425414365,1.98079884068472,2.51850645029818,0.0167900022954535,0.413358631758247,0.400828511437289,"ENSG00000143126/ENSG00000148053/ENSG00000108830/ENSG00000140538/ENSG00000124205/ENSG00000117407/ENSG00000106278/ENSG00000012171/ENSG00000120729/ENSG00000133067/ENSG00000138696/ENSG00000164742",12
"GO:0048066","developmental pigmentation","3/122","17/3645",0.176470588235294,5.27242044358727,3.28531929162298,0.0176496504901713,0.413358631758247,0.400828511437289,"ENSG00000124205/ENSG00000100146/ENSG00000104044",3
"GO:0061383","trabecula morphogenesis","3/122","17/3645",0.176470588235294,5.27242044358727,3.28531929162298,0.0176496504901713,0.413358631758247,0.400828511437289,"ENSG00000069702/ENSG00000104332/ENSG00000136457",3
"GO:0007623","circadian rhythm","5/122","46/3645",0.108695652173913,3.24750534568781,2.85431239710307,0.0177040165416508,0.413358631758247,0.400828511437289,"ENSG00000148053/ENSG00000140538/ENSG00000133256/ENSG00000179388/ENSG00000164742",5
"GO:0014013","regulation of gliogenesis","5/122","46/3645",0.108695652173913,3.24750534568781,2.85431239710307,0.0177040165416508,0.413358631758247,0.400828511437289,"ENSG00000131095/ENSG00000140538/ENSG00000100146/ENSG00000081479/ENSG00000106278",5
"GO:0050921","positive regulation of chemotaxis","6/122","63/3645",0.0952380952380952,2.84543325526932,2.74927766774368,0.0177857783493699,0.413358631758247,0.400828511437289,"ENSG00000140538/ENSG00000124205/ENSG00000168329/ENSG00000117407/ENSG00000172232/ENSG00000143556",6
"GO:0050920","regulation of chemotaxis","7/122","82/3645",0.0853658536585366,2.55047980807677,2.64227434298981,0.0188375745104509,0.432591443222141,0.419478319612422,"ENSG00000140538/ENSG00000124205/ENSG00000168329/ENSG00000117407/ENSG00000134830/ENSG00000172232/ENSG00000143556",7
"GO:0090090","negative regulation of canonical Wnt signaling pathway","5/122","47/3645",0.106382978723404,3.17840948726892,2.79685948025986,0.0192953993326443,0.437232947832255,0.423979126516557,"ENSG00000100146/ENSG00000064309/ENSG00000104332/ENSG00000120057/ENSG00000171243",5
"GO:0048608","reproductive structure development","8/122","102/3645",0.0784313725490196,2.34329797492768,2.56035182872884,0.0197812600630693,0.437232947832255,0.423979126516557,"ENSG00000143867/ENSG00000081479/ENSG00000082175/ENSG00000104332/ENSG00000138696/ENSG00000091831/ENSG00000151892/ENSG00000159184",8
"GO:0061458","reproductive system development","8/122","102/3645",0.0784313725490196,2.34329797492768,2.56035182872884,0.0197812600630693,0.437232947832255,0.423979126516557,"ENSG00000143867/ENSG00000081479/ENSG00000082175/ENSG00000104332/ENSG00000138696/ENSG00000091831/ENSG00000151892/ENSG00000159184",8
"GO:0009072","aromatic amino acid metabolic process","3/122","18/3645",0.166666666666667,4.97950819672131,3.14923200347464,0.0206716663175135,0.437232947832255,0.423979126516557,"ENSG00000115919/ENSG00000117009/ENSG00000104044",3
"GO:0060603","mammary gland duct morphogenesis","3/122","18/3645",0.166666666666667,4.97950819672131,3.14923200347464,0.0206716663175135,0.437232947832255,0.423979126516557,"ENSG00000082175/ENSG00000171243/ENSG00000091831",3
"GO:0009063","amino acid catabolic process","4/122","32/3645",0.125,3.73463114754098,2.89102962760897,0.0208124581550605,0.437232947832255,0.423979126516557,"ENSG00000115919/ENSG00000117009/ENSG00000146151/ENSG00000167701",4
"GO:0014015","positive regulation of gliogenesis","4/122","32/3645",0.125,3.73463114754098,2.89102962760897,0.0208124581550605,0.437232947832255,0.423979126516557,"ENSG00000131095/ENSG00000100146/ENSG00000081479/ENSG00000106278",4
"GO:0009968","negative regulation of signal transduction","19/122","348/3645",0.0545977011494253,1.63121820237422,2.3036815303368,0.0208529969935549,0.437232947832255,0.423979126516557,"ENSG00000135063/ENSG00000100146/ENSG00000081479/ENSG00000133256/ENSG00000064309/ENSG00000069702/ENSG00000168329/ENSG00000112981/ENSG00000104332/ENSG00000108370/ENSG00000164879/ENSG00000196090/ENSG00000134757/ENSG00000120057/ENSG00000214456/ENSG00000147255/ENSG00000171243/ENSG00000107954/ENSG00000091831",19
"GO:0048609","multicellular organismal reproductive process","13/122","210/3645",0.0619047619047619,1.84953161592506,2.35960115810455,0.0218869966286978,0.450165180851267,0.436519345378135,"ENSG00000183833/ENSG00000113739/ENSG00000082175/ENSG00000112981/ENSG00000006128/ENSG00000100031/ENSG00000134760/ENSG00000163879/ENSG00000138696/ENSG00000104044/ENSG00000107954/ENSG00000114547/ENSG00000091831",13
"GO:0006520","amino acid metabolic process","6/122","66/3645",0.0909090909090909,2.71609538002981,2.61785337730217,0.0219365095904713,0.450165180851267,0.436519345378135,"ENSG00000115919/ENSG00000117009/ENSG00000146151/ENSG00000167701/ENSG00000100031/ENSG00000104044",6
"GO:0022602","ovulation cycle process","3/122","19/3645",0.157894736842105,4.71742881794651,3.0228621297202,0.0239598894944108,0.486511861418088,0.471764250765296,"ENSG00000082175/ENSG00000138696/ENSG00000091831",3
"GO:0007218","neuropeptide signaling pathway","4/122","34/3645",0.117647058823529,3.51494696239151,2.74136789855065,0.0255053392861497,0.507214427659616,0.491839261112187,"ENSG00000164128/ENSG00000119147/ENSG00000108018/ENSG00000006128",4
"GO:0033273","response to vitamin","4/122","34/3645",0.117647058823529,3.51494696239151,2.74136789855065,0.0255053392861497,0.507214427659616,0.491839261112187,"ENSG00000115919/ENSG00000064309/ENSG00000113739/ENSG00000104332",4
"GO:0048667","cell morphogenesis involved in neuron differentiation","13/122","215/3645",0.0604651162790698,1.80651925276401,2.26829579097551,0.0260197645424423,0.512164549003788,0.496639329666166,"ENSG00000143126/ENSG00000148053/ENSG00000108830/ENSG00000140538/ENSG00000124205/ENSG00000146038/ENSG00000117407/ENSG00000106278/ENSG00000012171/ENSG00000120729/ENSG00000133067/ENSG00000138696/ENSG00000164742",13
"GO:0022414","reproductive process","20/122","382/3645",0.0523560209424084,1.56424341258261,2.16871468367669,0.026887581412492,0.520344950192622,0.504571758747259,"ENSG00000143867/ENSG00000081479/ENSG00000183833/ENSG00000113739/ENSG00000107014/ENSG00000082175/ENSG00000112981/ENSG00000006128/ENSG00000104332/ENSG00000100031/ENSG00000159648/ENSG00000134760/ENSG00000163879/ENSG00000138696/ENSG00000104044/ENSG00000107954/ENSG00000114547/ENSG00000091831/ENSG00000151892/ENSG00000159184",20
"GO:0035082","axoneme assembly","3/122","20/3645",0.15,4.48155737704918,2.90500796271309,0.0275143519541978,0.520344950192622,0.504571758747259,"ENSG00000183833/ENSG00000171811/ENSG00000107954",3
"GO:0060740","prostate gland epithelium morphogenesis","3/122","20/3645",0.15,4.48155737704918,2.90500796271309,0.0275143519541978,0.520344950192622,0.504571758747259,"ENSG00000104332/ENSG00000091831/ENSG00000159184",3
"GO:2001238","positive regulation of extrinsic apoptotic signaling pathway","3/122","20/3645",0.15,4.48155737704918,2.90500796271309,0.0275143519541978,0.520344950192622,0.504571758747259,"ENSG00000141682/ENSG00000104332/ENSG00000138696",3
"GO:0042981","regulation of apoptotic process","19/122","359/3645",0.052924791086351,1.58123658614549,2.1581377723035,0.0279231450388315,0.520682059067743,0.504898648857265,"ENSG00000148053/ENSG00000140538/ENSG00000100146/ENSG00000141682/ENSG00000143867/ENSG00000081479/ENSG00000143546/ENSG00000163220/ENSG00000168329/ENSG00000112981/ENSG00000106278/ENSG00000104332/ENSG00000164879/ENSG00000179388/ENSG00000138696/ENSG00000145777/ENSG00000172232/ENSG00000107954/ENSG00000091831",19
"GO:0008585","female gonad development","4/122","35/3645",0.114285714285714,3.41451990632318,2.6706931307544,0.0280720239207078,0.520682059067743,0.504898648857265,"ENSG00000082175/ENSG00000104332/ENSG00000138696/ENSG00000091831",4
"GO:0008284","positive regulation of cell population proliferation","17/122","313/3645",0.0543130990415335,1.62271513119992,2.14398562398486,0.0297879731581911,0.535660852856573,0.519423391190489,"ENSG00000131095/ENSG00000148053/ENSG00000140538/ENSG00000124205/ENSG00000100146/ENSG00000143867/ENSG00000081479/ENSG00000064309/ENSG00000069702/ENSG00000168329/ENSG00000160867/ENSG00000006128/ENSG00000104332/ENSG00000164879/ENSG00000179388/ENSG00000145777/ENSG00000091831",17
"GO:0071772","response to BMP","6/122","71/3645",0.0845070422535211,2.5248210574925,2.41425733210627,0.0302294550958742,0.535660852856573,0.519423391190489,"ENSG00000081479/ENSG00000069702/ENSG00000104332/ENSG00000143768/ENSG00000171243/ENSG00000138696",6
"GO:0071773","cellular response to BMP stimulus","6/122","71/3645",0.0845070422535211,2.5248210574925,2.41425733210627,0.0302294550958742,0.535660852856573,0.519423391190489,"ENSG00000081479/ENSG00000069702/ENSG00000104332/ENSG00000143768/ENSG00000171243/ENSG00000138696",6
"GO:0048666","neuron development","20/122","387/3645",0.0516795865633075,1.54403354937095,2.10629114981068,0.030421964740792,0.535660852856573,0.519423391190489,"ENSG00000131095/ENSG00000143126/ENSG00000148053/ENSG00000108830/ENSG00000140538/ENSG00000124205/ENSG00000081479/ENSG00000146038/ENSG00000163220/ENSG00000117407/ENSG00000106278/ENSG00000012171/ENSG00000104332/ENSG00000120729/ENSG00000196090/ENSG00000133067/ENSG00000138696/ENSG00000164742/ENSG00000107954/ENSG00000151892",20
"GO:0048708","astrocyte differentiation","4/122","36/3645",0.111111111111111,3.31967213114754,2.60253867524764,0.0307875727091054,0.535660852856573,0.519423391190489,"ENSG00000131095/ENSG00000140538/ENSG00000143546/ENSG00000163220",4
"GO:0016054","organic acid catabolic process","5/122","53/3645",0.0943396226415094,2.81858954531395,2.48151690885872,0.0308234083292274,0.535660852856573,0.519423391190489,"ENSG00000115919/ENSG00000117009/ENSG00000146151/ENSG00000167701/ENSG00000214456",5
"GO:0046395","carboxylic acid catabolic process","5/122","53/3645",0.0943396226415094,2.81858954531395,2.48151690885872,0.0308234083292274,0.535660852856573,0.519423391190489,"ENSG00000115919/ENSG00000117009/ENSG00000146151/ENSG00000167701/ENSG00000214456",5
"GO:0140353","lipid export from cell","3/122","21/3645",0.142857142857143,4.26814988290398,2.79466847901805,0.031334105328608,0.539674010525757,0.523314898204289,"ENSG00000119147/ENSG00000006128/ENSG00000126562",3
"GO:0007548","sex differentiation","7/122","92/3645",0.0760869565217391,2.27325374198147,2.30156926312954,0.0330383310204424,0.559628347432592,0.542664360256318,"ENSG00000143867/ENSG00000081479/ENSG00000082175/ENSG00000104332/ENSG00000138696/ENSG00000091831/ENSG00000151892",7
"GO:0048812","neuron projection morphogenesis","14/122","246/3645",0.0569105691056911,1.70031987205118,2.11641679415807,0.0335522620545013,0.559628347432592,0.542664360256318,"ENSG00000143126/ENSG00000148053/ENSG00000108830/ENSG00000140538/ENSG00000124205/ENSG00000081479/ENSG00000146038/ENSG00000117407/ENSG00000106278/ENSG00000012171/ENSG00000120729/ENSG00000133067/ENSG00000138696/ENSG00000164742",14
"GO:0006835","dicarboxylic acid transport","4/122","37/3645",0.108108108108108,3.22995126273815,2.53673877211202,0.0336531302758842,0.559628347432592,0.542664360256318,"ENSG00000131095/ENSG00000148053/ENSG00000081479/ENSG00000117009",4
"GO:0046545","development of primary female sexual characteristics","4/122","37/3645",0.108108108108108,3.22995126273815,2.53673877211202,0.0336531302758842,0.559628347432592,0.542664360256318,"ENSG00000082175/ENSG00000104332/ENSG00000138696/ENSG00000091831",4
"GO:0048729","tissue morphogenesis","14/122","247/3645",0.0566801619433198,1.69343598592951,2.10017721717319,0.0345713742161811,0.563092704131579,0.546023702077332,"ENSG00000100146/ENSG00000143867/ENSG00000081479/ENSG00000069702/ENSG00000186847/ENSG00000082175/ENSG00000117407/ENSG00000104332/ENSG00000150893/ENSG00000171243/ENSG00000136099/ENSG00000126562/ENSG00000091831/ENSG00000159184",14
"GO:0061564","axon development","12/122","201/3645",0.0597014925373134,1.78370442867629,2.12682392033599,0.0348303361033694,0.563092704131579,0.546023702077332,"ENSG00000143126/ENSG00000148053/ENSG00000108830/ENSG00000140538/ENSG00000124205/ENSG00000117407/ENSG00000106278/ENSG00000012171/ENSG00000120729/ENSG00000133067/ENSG00000138696/ENSG00000164742",12
"GO:0045661","regulation of myoblast differentiation","3/122","22/3645",0.136363636363636,4.07414307004471,2.6910020394708,0.0354173071864484,0.563092704131579,0.546023702077332,"ENSG00000112183/ENSG00000166091/ENSG00000171243",3
"GO:0060512","prostate gland morphogenesis","3/122","22/3645",0.136363636363636,4.07414307004471,2.6910020394708,0.0354173071864484,0.563092704131579,0.546023702077332,"ENSG00000104332/ENSG00000091831/ENSG00000159184",3
"GO:1903053","regulation of extracellular matrix organization","3/122","22/3645",0.136363636363636,4.07414307004471,2.6910020394708,0.0354173071864484,0.563092704131579,0.546023702077332,"ENSG00000069702/ENSG00000160867/ENSG00000171819",3
"GO:0120039","plasma membrane bounded cell projection morphogenesis","14/122","248/3645",0.0564516129032258,1.68660761501851,2.08400837850237,0.0356129133769065,0.563092704131579,0.546023702077332,"ENSG00000143126/ENSG00000148053/ENSG00000108830/ENSG00000140538/ENSG00000124205/ENSG00000081479/ENSG00000146038/ENSG00000117407/ENSG00000106278/ENSG00000012171/ENSG00000120729/ENSG00000133067/ENSG00000138696/ENSG00000164742",14
"GO:0044703","multi-organism reproductive process","6/122","75/3645",0.08,2.39016393442623,2.26347300226004,0.0381806012232438,0.573479734992799,0.556095871371697,"ENSG00000113739/ENSG00000107014/ENSG00000082175/ENSG00000006128/ENSG00000134760/ENSG00000091831",6
"GO:0044706","multi-multicellular organism process","6/122","75/3645",0.08,2.39016393442623,2.26347300226004,0.0381806012232438,0.573479734992799,0.556095871371697,"ENSG00000113739/ENSG00000107014/ENSG00000082175/ENSG00000006128/ENSG00000134760/ENSG00000091831",6
"GO:0002009","morphogenesis of an epithelium","12/122","204/3645",0.0588235294117647,1.75747348119576,2.07182447065826,0.0384198123704588,0.573479734992799,0.556095871371697,"ENSG00000100146/ENSG00000143867/ENSG00000081479/ENSG00000186847/ENSG00000082175/ENSG00000104332/ENSG00000150893/ENSG00000171243/ENSG00000136099/ENSG00000126562/ENSG00000091831/ENSG00000159184",12
"GO:0043067","regulation of programmed cell death","19/122","372/3645",0.0510752688172043,1.52597831835008,1.99195300160275,0.0384849264172197,0.573479734992799,0.556095871371697,"ENSG00000148053/ENSG00000140538/ENSG00000100146/ENSG00000141682/ENSG00000143867/ENSG00000081479/ENSG00000143546/ENSG00000163220/ENSG00000168329/ENSG00000112981/ENSG00000106278/ENSG00000104332/ENSG00000164879/ENSG00000179388/ENSG00000138696/ENSG00000145777/ENSG00000172232/ENSG00000107954/ENSG00000091831",19
"GO:0048858","cell projection morphogenesis","14/122","251/3645",0.0557768924302789,1.6664489582653,2.03591955174319,0.038874524363776,0.573479734992799,0.556095871371697,"ENSG00000143126/ENSG00000148053/ENSG00000108830/ENSG00000140538/ENSG00000124205/ENSG00000081479/ENSG00000146038/ENSG00000117407/ENSG00000106278/ENSG00000012171/ENSG00000120729/ENSG00000133067/ENSG00000138696/ENSG00000164742",14
"GO:0030514","negative regulation of BMP signaling pathway","3/122","23/3645",0.130434782608696,3.89700641482537,2.59329504224751,0.0397613020086566,0.573479734992799,0.556095871371697,"ENSG00000081479/ENSG00000104332/ENSG00000171243",3
"GO:0030518","nuclear receptor-mediated steroid hormone signaling pathway","3/122","23/3645",0.130434782608696,3.89700641482537,2.59329504224751,0.0397613020086566,0.573479734992799,0.556095871371697,"ENSG00000082175/ENSG00000104332/ENSG00000091831",3
"GO:0035567","non-canonical Wnt signaling pathway","3/122","23/3645",0.130434782608696,3.89700641482537,2.59329504224751,0.0397613020086566,0.573479734992799,0.556095871371697,"ENSG00000143126/ENSG00000104332/ENSG00000120057",3
"GO:0043401","steroid hormone receptor signaling pathway","3/122","23/3645",0.130434782608696,3.89700641482537,2.59329504224751,0.0397613020086566,0.573479734992799,0.556095871371697,"ENSG00000082175/ENSG00000104332/ENSG00000091831",3
"GO:0043648","dicarboxylic acid metabolic process","3/122","23/3645",0.130434782608696,3.89700641482537,2.59329504224751,0.0397613020086566,0.573479734992799,0.556095871371697,"ENSG00000115919/ENSG00000117009/ENSG00000100031",3
"GO:0001655","urogenital system development","4/122","39/3645",0.102564102564103,3.06431273644388,2.41161353314689,0.0398373688382764,0.573479734992799,0.556095871371697,"ENSG00000143867/ENSG00000104332/ENSG00000091831/ENSG00000159184",4
"GO:0014033","neural crest cell differentiation","4/122","39/3645",0.102564102564103,3.06431273644388,2.41161353314689,0.0398373688382764,0.573479734992799,0.556095871371697,"ENSG00000124205/ENSG00000100146/ENSG00000012171/ENSG00000104332",4
"GO:0035860","glial cell-derived neurotrophic factor receptor signaling pathway","2/122","10/3645",0.2,5.97540983606557,2.93149684219944,0.0419424430937607,0.582064551999025,0.564420457232963,"ENSG00000117407/ENSG00000151892",2
"GO:0072525","pyridine-containing compound biosynthetic process","2/122","10/3645",0.2,5.97540983606557,2.93149684219944,0.0419424430937607,0.582064551999025,0.564420457232963,"ENSG00000115919/ENSG00000117009",2
"GO:0120316","sperm flagellum assembly","2/122","10/3645",0.2,5.97540983606557,2.93149684219944,0.0419424430937607,0.582064551999025,0.564420457232963,"ENSG00000163879/ENSG00000107954",2
"GO:1902175","regulation of oxidative stress-induced intrinsic apoptotic signaling pathway","2/122","10/3645",0.2,5.97540983606557,2.93149684219944,0.0419424430937607,0.582064551999025,0.564420457232963,"ENSG00000112981/ENSG00000164879",2
"GO:2000050","regulation of non-canonical Wnt signaling pathway","2/122","10/3645",0.2,5.97540983606557,2.93149684219944,0.0419424430937607,0.582064551999025,0.564420457232963,"ENSG00000104332/ENSG00000120057",2
"GO:0097529","myeloid leukocyte migration","7/122","97/3645",0.0721649484536082,2.15607571404428,2.14730194462886,0.0422876323082718,0.582389426920265,0.564735484236343,"ENSG00000124205/ENSG00000143546/ENSG00000163220/ENSG00000168329/ENSG00000134830/ENSG00000172232/ENSG00000143556",7
"GO:0045927","positive regulation of growth","6/122","77/3645",0.0779220779220779,2.32808175431126,2.19164660908068,0.0426145977169372,0.582389426920265,0.564735484236343,"ENSG00000108830/ENSG00000140538/ENSG00000143546/ENSG00000069702/ENSG00000163220/ENSG00000104332",6
"GO:0022612","gland morphogenesis","5/122","58/3645",0.0862068965517241,2.5756076879593,2.25065629506794,0.0431735033953332,0.582389426920265,0.564735484236343,"ENSG00000082175/ENSG00000104332/ENSG00000171243/ENSG00000091831/ENSG00000159184",5
"GO:0097193","intrinsic apoptotic signaling pathway","5/122","58/3645",0.0862068965517241,2.5756076879593,2.25065629506794,0.0431735033953332,0.582389426920265,0.564735484236343,"ENSG00000141682/ENSG00000143546/ENSG00000163220/ENSG00000112981/ENSG00000164879",5
"GO:0060443","mammary gland morphogenesis","3/122","24/3645",0.125,3.73463114754098,2.50093781033958,0.0443626971708991,0.593875988905446,0.575873854620599,"ENSG00000082175/ENSG00000171243/ENSG00000091831",3
"GO:0007281","germ cell development","6/122","78/3645",0.0769230769230769,2.29823455233291,2.15656070800836,0.0449486233178824,0.593875988905446,0.575873854620599,"ENSG00000112981/ENSG00000163879/ENSG00000138696/ENSG00000104044/ENSG00000107954/ENSG00000114547",6
"GO:0060828","regulation of canonical Wnt signaling pathway","6/122","78/3645",0.0769230769230769,2.29823455233291,2.15656070800836,0.0449486233178824,0.593875988905446,0.575873854620599,"ENSG00000100146/ENSG00000064309/ENSG00000104332/ENSG00000120057/ENSG00000171243/ENSG00000133067",6
"GO:0043066","negative regulation of apoptotic process","13/122","233/3645",0.055793991416309,1.66695982551186,1.95787924262064,0.045740024102939,0.600221132616117,0.582026658295185,"ENSG00000148053/ENSG00000100146/ENSG00000143867/ENSG00000081479/ENSG00000168329/ENSG00000112981/ENSG00000106278/ENSG00000104332/ENSG00000164879/ENSG00000179388/ENSG00000145777/ENSG00000172232/ENSG00000091831",13
"GO:0030593","neutrophil chemotaxis","4/122","41/3645",0.0975609756097561,2.91483406637345,2.2942643692126,0.0466280747385854,0.605784854688454,0.587421727527971,"ENSG00000124205/ENSG00000143546/ENSG00000163220/ENSG00000134830",4
"GO:0007156","homophilic cell adhesion via plasma membrane adhesion molecules","6/122","79/3645",0.0759493670886076,2.2691429757211,2.12200403100751,0.0473614115602228,0.605784854688454,0.587421727527971,"ENSG00000143126/ENSG00000120729/ENSG00000196090/ENSG00000134757/ENSG00000134760/ENSG00000136099",6
"GO:0071621","granulocyte chemotaxis","5/122","60/3645",0.0833333333333333,2.48975409836066,2.16500254865258,0.0488401859639597,0.605784854688454,0.587421727527971,"ENSG00000124205/ENSG00000143546/ENSG00000163220/ENSG00000134830/ENSG00000143556",5
"GO:0050772","positive regulation of axonogenesis","3/122","25/3645",0.12,3.58524590163934,2.41340581762463,0.0492174341922665,0.605784854688454,0.587421727527971,"ENSG00000148053/ENSG00000108830/ENSG00000140538",3
"GO:0062207","regulation of pattern recognition receptor signaling pathway","3/122","25/3645",0.12,3.58524590163934,2.41340581762463,0.0492174341922665,0.605784854688454,0.587421727527971,"ENSG00000143546/ENSG00000163220/ENSG00000091831",3
"GO:0022011","myelination in peripheral nervous system","2/122","11/3645",0.181818181818182,5.43219076005961,2.73927165126032,0.0501611621119957,0.605784854688454,0.587421727527971,"ENSG00000148053/ENSG00000140538",2
"GO:0032292","peripheral nervous system axon ensheathment","2/122","11/3645",0.181818181818182,5.43219076005961,2.73927165126032,0.0501611621119957,0.605784854688454,0.587421727527971,"ENSG00000148053/ENSG00000140538",2
"GO:0042219","modified amino acid catabolic process","2/122","11/3645",0.181818181818182,5.43219076005961,2.73927165126032,0.0501611621119957,0.605784854688454,0.587421727527971,"ENSG00000100031/ENSG00000131969",2
"GO:0042759","long-chain fatty acid biosynthetic process","2/122","11/3645",0.181818181818182,5.43219076005961,2.73927165126032,0.0501611621119957,0.605784854688454,0.587421727527971,"ENSG00000197977/ENSG00000134824",2
"GO:0045662","negative regulation of myoblast differentiation","2/122","11/3645",0.181818181818182,5.43219076005961,2.73927165126032,0.0501611621119957,0.605784854688454,0.587421727527971,"ENSG00000166091/ENSG00000171243",2
"GO:2000378","negative regulation of reactive oxygen species metabolic process","2/122","11/3645",0.181818181818182,5.43219076005961,2.73927165126032,0.0501611621119957,0.605784854688454,0.587421727527971,"ENSG00000164879/ENSG00000214456",2
"GO:2000831","regulation of steroid hormone secretion","2/122","11/3645",0.181818181818182,5.43219076005961,2.73927165126032,0.0501611621119957,0.605784854688454,0.587421727527971,"ENSG00000119147/ENSG00000006128",2
"GO:0010001","glial cell differentiation","7/122","101/3645",0.0693069306930693,2.07068657685441,2.03043441613076,0.0507962997621979,0.605784854688454,0.587421727527971,"ENSG00000131095/ENSG00000148053/ENSG00000140538/ENSG00000100146/ENSG00000143546/ENSG00000163220/ENSG00000106278",7
"GO:0006915","apoptotic process","22/122","461/3645",0.0477223427331887,1.42580278083994,1.82005790172536,0.0511695458936035,0.605784854688454,0.587421727527971,"ENSG00000148053/ENSG00000140538/ENSG00000100146/ENSG00000141682/ENSG00000143867/ENSG00000081479/ENSG00000143546/ENSG00000133256/ENSG00000163220/ENSG00000168329/ENSG00000112981/ENSG00000106278/ENSG00000104332/ENSG00000164879/ENSG00000179388/ENSG00000120057/ENSG00000138696/ENSG00000145777/ENSG00000187288/ENSG00000172232/ENSG00000107954/ENSG00000091831",22
"GO:0141193","nuclear receptor-mediated signaling pathway","4/122","43/3645",0.0930232558139535,2.77926038886771,2.18380905154192,0.0540241937061289,0.605784854688454,0.587421727527971,"ENSG00000082175/ENSG00000104332/ENSG00000214456/ENSG00000091831",4
"GO:0002532","production of molecular mediator involved in inflammatory response","3/122","26/3645",0.115384615384615,3.44735182849937,2.3302449091238,0.0543208554965563,0.605784854688454,0.587421727527971,"ENSG00000163220/ENSG00000127743/ENSG00000134824",3
"GO:0016311","dephosphorylation","3/122","26/3645",0.115384615384615,3.44735182849937,2.3302449091238,0.0543208554965563,0.605784854688454,0.587421727527971,"ENSG00000129951/ENSG00000106278/ENSG00000196090",3
"GO:0042698","ovulation cycle","3/122","26/3645",0.115384615384615,3.44735182849937,2.3302449091238,0.0543208554965563,0.605784854688454,0.587421727527971,"ENSG00000082175/ENSG00000138696/ENSG00000091831",3
"GO:0051960","regulation of nervous system development","10/122","169/3645",0.0591715976331361,1.76787273256378,1.90197801330703,0.0546505282296167,0.605784854688454,0.587421727527971,"ENSG00000131095/ENSG00000148053/ENSG00000108830/ENSG00000140538/ENSG00000100146/ENSG00000081479/ENSG00000064309/ENSG00000168329/ENSG00000106278/ENSG00000107954",10
"GO:0030178","negative regulation of Wnt signaling pathway","5/122","62/3645",0.0806451612903226,2.40943945002644,2.08272361704655,0.0549276271433271,0.605784854688454,0.587421727527971,"ENSG00000100146/ENSG00000064309/ENSG00000104332/ENSG00000120057/ENSG00000171243",5
"GO:0031099","regeneration","5/122","62/3645",0.0806451612903226,2.40943945002644,2.08272361704655,0.0549276271433271,0.605784854688454,0.587421727527971,"ENSG00000131095/ENSG00000140538/ENSG00000069702/ENSG00000164879/ENSG00000133067",5
"GO:0010648","negative regulation of cell communication","19/122","388/3645",0.0489690721649485,1.46305137738719,1.79534923837844,0.0552437311287885,0.605784854688454,0.587421727527971,"ENSG00000135063/ENSG00000100146/ENSG00000081479/ENSG00000133256/ENSG00000064309/ENSG00000069702/ENSG00000168329/ENSG00000112981/ENSG00000104332/ENSG00000108370/ENSG00000164879/ENSG00000196090/ENSG00000134757/ENSG00000120057/ENSG00000214456/ENSG00000147255/ENSG00000171243/ENSG00000107954/ENSG00000091831",19
"GO:0023057","negative regulation of signaling","19/122","388/3645",0.0489690721649485,1.46305137738719,1.79534923837844,0.0552437311287885,0.605784854688454,0.587421727527971,"ENSG00000135063/ENSG00000100146/ENSG00000081479/ENSG00000133256/ENSG00000064309/ENSG00000069702/ENSG00000168329/ENSG00000112981/ENSG00000104332/ENSG00000108370/ENSG00000164879/ENSG00000196090/ENSG00000134757/ENSG00000120057/ENSG00000214456/ENSG00000147255/ENSG00000171243/ENSG00000107954/ENSG00000091831",19
"GO:0030111","regulation of Wnt signaling pathway","7/122","103/3645",0.0679611650485437,2.03047907050772,1.9739960863989,0.0554309557866409,0.605784854688454,0.587421727527971,"ENSG00000100146/ENSG00000146038/ENSG00000064309/ENSG00000104332/ENSG00000120057/ENSG00000171243/ENSG00000133067",7
"GO:0030595","leukocyte chemotaxis","7/122","103/3645",0.0679611650485437,2.03047907050772,1.9739960863989,0.0554309557866409,0.605784854688454,0.587421727527971,"ENSG00000124205/ENSG00000143546/ENSG00000163220/ENSG00000168329/ENSG00000134830/ENSG00000172232/ENSG00000143556",7
"GO:0036294","cellular response to decreased oxygen levels","4/122","44/3645",0.0909090909090909,2.71609538002981,2.13092898921638,0.0579478232328369,0.605784854688454,0.587421727527971,"ENSG00000141682/ENSG00000113739/ENSG00000104332/ENSG00000164879",4
"GO:0071383","cellular response to steroid hormone stimulus","4/122","44/3645",0.0909090909090909,2.71609538002981,2.13092898921638,0.0579478232328369,0.605784854688454,0.587421727527971,"ENSG00000100146/ENSG00000082175/ENSG00000104332/ENSG00000091831",4
"GO:0071456","cellular response to hypoxia","4/122","44/3645",0.0909090909090909,2.71609538002981,2.13092898921638,0.0579478232328369,0.605784854688454,0.587421727527971,"ENSG00000141682/ENSG00000113739/ENSG00000104332/ENSG00000164879",4
"GO:0043069","negative regulation of programmed cell death","13/122","242/3645",0.0537190082644628,1.60496545183579,1.81225814432329,0.0587896402363609,0.605784854688454,0.587421727527971,"ENSG00000148053/ENSG00000100146/ENSG00000143867/ENSG00000081479/ENSG00000168329/ENSG00000112981/ENSG00000106278/ENSG00000104332/ENSG00000164879/ENSG00000179388/ENSG00000145777/ENSG00000172232/ENSG00000091831",13
"GO:0008631","intrinsic apoptotic signaling pathway in response to oxidative stress","2/122","12/3645",0.166666666666667,4.97950819672131,2.56921296875303,0.0589032194848866,0.605784854688454,0.587421727527971,"ENSG00000112981/ENSG00000164879",2
"GO:0009074","aromatic amino acid family catabolic process","2/122","12/3645",0.166666666666667,4.97950819672131,2.56921296875303,0.0589032194848866,0.605784854688454,0.587421727527971,"ENSG00000115919/ENSG00000117009",2
"GO:0014044","Schwann cell development","2/122","12/3645",0.166666666666667,4.97950819672131,2.56921296875303,0.0589032194848866,0.605784854688454,0.587421727527971,"ENSG00000148053/ENSG00000140538",2
"GO:0014047","glutamate secretion","2/122","12/3645",0.166666666666667,4.97950819672131,2.56921296875303,0.0589032194848866,0.605784854688454,0.587421727527971,"ENSG00000148053/ENSG00000117009",2
"GO:0032570","response to progesterone","2/122","12/3645",0.166666666666667,4.97950819672131,2.56921296875303,0.0589032194848866,0.605784854688454,0.587421727527971,"ENSG00000100146/ENSG00000134760",2
"GO:0045880","positive regulation of smoothened signaling pathway","2/122","12/3645",0.166666666666667,4.97950819672131,2.56921296875303,0.0589032194848866,0.605784854688454,0.587421727527971,"ENSG00000146038/ENSG00000104332",2
"GO:0046461","neutral lipid catabolic process","2/122","12/3645",0.166666666666667,4.97950819672131,2.56921296875303,0.0589032194848866,0.605784854688454,0.587421727527971,"ENSG00000214456/ENSG00000131969",2
"GO:0046464","acylglycerol catabolic process","2/122","12/3645",0.166666666666667,4.97950819672131,2.56921296875303,0.0589032194848866,0.605784854688454,0.587421727527971,"ENSG00000214456/ENSG00000131969",2
"GO:0051496","positive regulation of stress fiber assembly","2/122","12/3645",0.166666666666667,4.97950819672131,2.56921296875303,0.0589032194848866,0.605784854688454,0.587421727527971,"ENSG00000006128/ENSG00000104332",2
"GO:0071295","cellular response to vitamin","2/122","12/3645",0.166666666666667,4.97950819672131,2.56921296875303,0.0589032194848866,0.605784854688454,0.587421727527971,"ENSG00000064309/ENSG00000104332",2
"GO:0001578","microtubule bundle formation","3/122","27/3645",0.111111111111111,3.31967213114754,2.2510595473817,0.0596677669211023,0.605784854688454,0.587421727527971,"ENSG00000183833/ENSG00000171811/ENSG00000107954",3
"GO:0043473","pigmentation","3/122","27/3645",0.111111111111111,3.31967213114754,2.2510595473817,0.0596677669211023,0.605784854688454,0.587421727527971,"ENSG00000124205/ENSG00000100146/ENSG00000104044",3
"GO:0045778","positive regulation of ossification","3/122","27/3645",0.111111111111111,3.31967213114754,2.2510595473817,0.0596677669211023,0.605784854688454,0.587421727527971,"ENSG00000143867/ENSG00000006128/ENSG00000138696",3
"GO:1904892","regulation of receptor signaling pathway via STAT","3/122","27/3645",0.111111111111111,3.31967213114754,2.2510595473817,0.0596677669211023,0.605784854688454,0.587421727527971,"ENSG00000186715/ENSG00000196090/ENSG00000145777",3
"GO:0071363","cellular response to growth factor stimulus","12/122","219/3645",0.0547945205479452,1.63709858522344,1.80945504048682,0.0603475814637751,0.609478977191739,0.59100387027351,"ENSG00000148053/ENSG00000140538/ENSG00000081479/ENSG00000069702/ENSG00000160867/ENSG00000006128/ENSG00000104332/ENSG00000143768/ENSG00000179388/ENSG00000171243/ENSG00000138696/ENSG00000151892",12
"GO:0008584","male gonad development","4/122","45/3645",0.0888888888888889,2.65573770491803,2.07950190797563,0.0620205677430139,0.612439355342292,0.593874510623586,"ENSG00000081479/ENSG00000104332/ENSG00000091831/ENSG00000151892",4
"GO:0046546","development of primary male sexual characteristics","4/122","45/3645",0.0888888888888889,2.65573770491803,2.07950190797563,0.0620205677430139,0.612439355342292,0.593874510623586,"ENSG00000081479/ENSG00000104332/ENSG00000091831/ENSG00000151892",4
"GO:0045597","positive regulation of cell differentiation","15/122","293/3645",0.0511945392491468,1.52954176691098,1.75871230951712,0.0621423585351882,0.612439355342292,0.593874510623586,"ENSG00000131095/ENSG00000148053/ENSG00000108830/ENSG00000140538/ENSG00000124205/ENSG00000100146/ENSG00000081479/ENSG00000064309/ENSG00000112183/ENSG00000168329/ENSG00000106278/ENSG00000104332/ENSG00000179388/ENSG00000138696/ENSG00000107954",15
"GO:0097305","response to alcohol","6/122","85/3645",0.0705882352941176,2.10896817743491,1.9249361374443,0.0635139299682969,0.612439355342292,0.593874510623586,"ENSG00000140538/ENSG00000143546/ENSG00000069702/ENSG00000104332/ENSG00000164879/ENSG00000164742",6
"GO:0048699","generation of neurons","23/122","499/3645",0.0460921843687375,1.37709845921351,1.68709077026149,0.0644974976543549,0.612439355342292,0.593874510623586,"ENSG00000131095/ENSG00000143126/ENSG00000148053/ENSG00000108830/ENSG00000140538/ENSG00000124205/ENSG00000100146/ENSG00000081479/ENSG00000146038/ENSG00000064309/ENSG00000163220/ENSG00000168329/ENSG00000117407/ENSG00000106278/ENSG00000012171/ENSG00000104332/ENSG00000120729/ENSG00000196090/ENSG00000133067/ENSG00000138696/ENSG00000164742/ENSG00000107954/ENSG00000151892",23
"GO:0097530","granulocyte migration","5/122","65/3645",0.0769230769230769,2.29823455233291,1.96508394098896,0.0648493070446633,0.612439355342292,0.593874510623586,"ENSG00000124205/ENSG00000143546/ENSG00000163220/ENSG00000134830/ENSG00000143556",5
"GO:0060986","endocrine hormone secretion","3/122","28/3645",0.107142857142857,3.20111241217799,2.17550337809391,0.0652524961970685,0.612439355342292,0.593874510623586,"ENSG00000119147/ENSG00000006128/ENSG00000126562",3
"GO:0007601","visual perception","4/122","46/3645",0.0869565217391304,2.59800427655025,2.029451643322,0.0662411916669532,0.612439355342292,0.593874510623586,"ENSG00000133256/ENSG00000130045/ENSG00000108370/ENSG00000120057",4
"GO:0060041","retina development in camera-type eye","4/122","46/3645",0.0869565217391304,2.59800427655025,2.029451643322,0.0662411916669532,0.612439355342292,0.593874510623586,"ENSG00000148053/ENSG00000133256/ENSG00000064309/ENSG00000138696",4
"GO:0071453","cellular response to oxygen levels","4/122","46/3645",0.0869565217391304,2.59800427655025,2.029451643322,0.0662411916669532,0.612439355342292,0.593874510623586,"ENSG00000141682/ENSG00000113739/ENSG00000104332/ENSG00000164879",4
"GO:1990266","neutrophil migration","4/122","46/3645",0.0869565217391304,2.59800427655025,2.029451643322,0.0662411916669532,0.612439355342292,0.593874510623586,"ENSG00000124205/ENSG00000143546/ENSG00000163220/ENSG00000134830",4
"GO:0009952","anterior/posterior pattern specification","6/122","86/3645",0.0697674418604651,2.08444529165078,1.8936759213688,0.0664875171407633,0.612439355342292,0.593874510623586,"ENSG00000143126/ENSG00000143867/ENSG00000064309/ENSG00000104332/ENSG00000143768/ENSG00000136099",6
"GO:0009152","purine ribonucleotide biosynthetic process","2/122","13/3645",0.153846153846154,4.59646910466583,2.4170624305485,0.068125003900761,0.612439355342292,0.593874510623586,"ENSG00000112981/ENSG00000164742",2
"GO:0009260","ribonucleotide biosynthetic process","2/122","13/3645",0.153846153846154,4.59646910466583,2.4170624305485,0.068125003900761,0.612439355342292,0.593874510623586,"ENSG00000112981/ENSG00000164742",2
"GO:0019674","NAD+ metabolic process","2/122","13/3645",0.153846153846154,4.59646910466583,2.4170624305485,0.068125003900761,0.612439355342292,0.593874510623586,"ENSG00000115919/ENSG00000117009",2
"GO:0034694","response to prostaglandin","2/122","13/3645",0.153846153846154,4.59646910466583,2.4170624305485,0.068125003900761,0.612439355342292,0.593874510623586,"ENSG00000069702/ENSG00000104332",2
"GO:0043124","negative regulation of canonical NF-kappaB signal transduction","2/122","13/3645",0.153846153846154,4.59646910466583,2.4170624305485,0.068125003900761,0.612439355342292,0.593874510623586,"ENSG00000069702/ENSG00000091831",2
"GO:0046390","ribose phosphate biosynthetic process","2/122","13/3645",0.153846153846154,4.59646910466583,2.4170624305485,0.068125003900761,0.612439355342292,0.593874510623586,"ENSG00000112981/ENSG00000164742",2
"GO:0060444","branching involved in mammary gland duct morphogenesis","2/122","13/3645",0.153846153846154,4.59646910466583,2.4170624305485,0.068125003900761,0.612439355342292,0.593874510623586,"ENSG00000082175/ENSG00000091831",2
"GO:0071392","cellular response to estradiol stimulus","2/122","13/3645",0.153846153846154,4.59646910466583,2.4170624305485,0.068125003900761,0.612439355342292,0.593874510623586,"ENSG00000104332/ENSG00000091831",2
"GO:0090026","positive regulation of monocyte chemotaxis","2/122","13/3645",0.153846153846154,4.59646910466583,2.4170624305485,0.068125003900761,0.612439355342292,0.593874510623586,"ENSG00000168329/ENSG00000143556",2
"GO:0097623","potassium ion export across plasma membrane","2/122","13/3645",0.153846153846154,4.59646910466583,2.4170624305485,0.068125003900761,0.612439355342292,0.593874510623586,"ENSG00000171385/ENSG00000126562",2
"GO:0007565","female pregnancy","5/122","66/3645",0.0757575757575758,2.26341281669151,1.92729934920358,0.0683667494589413,0.612439355342292,0.593874510623586,"ENSG00000113739/ENSG00000107014/ENSG00000082175/ENSG00000134760/ENSG00000091831",5
"GO:0070925","organelle assembly","9/122","153/3645",0.0588235294117647,1.75747348119576,1.78110207160921,0.0685785166195049,0.612439355342292,0.593874510623586,"ENSG00000143126/ENSG00000140538/ENSG00000178965/ENSG00000183833/ENSG00000146038/ENSG00000112981/ENSG00000163879/ENSG00000171811/ENSG00000107954",9
"GO:0022412","cellular process involved in reproduction in multicellular organism","6/122","87/3645",0.0689655172413793,2.06048615036744,1.86283519026483,0.0695417570076734,0.612439355342292,0.593874510623586,"ENSG00000112981/ENSG00000163879/ENSG00000138696/ENSG00000104044/ENSG00000107954/ENSG00000114547",6
"GO:0048545","response to steroid hormone","6/122","87/3645",0.0689655172413793,2.06048615036744,1.86283519026483,0.0695417570076734,0.612439355342292,0.593874510623586,"ENSG00000140538/ENSG00000100146/ENSG00000082175/ENSG00000104332/ENSG00000134760/ENSG00000091831",6
"GO:0050886","endocrine process","4/122","47/3645",0.0851063829787234,2.54272758981514,1.98070762648136,0.0706082421166563,0.612439355342292,0.593874510623586,"ENSG00000124205/ENSG00000119147/ENSG00000006128/ENSG00000126562",4
"GO:1902532","negative regulation of intracellular signal transduction","9/122","154/3645",0.0584415584415584,1.74606131573345,1.7602434450864,0.070853518897469,0.612439355342292,0.593874510623586,"ENSG00000133256/ENSG00000069702/ENSG00000112981/ENSG00000104332/ENSG00000164879/ENSG00000134757/ENSG00000120057/ENSG00000214456/ENSG00000091831",9
"GO:0012501","programmed cell death","22/122","478/3645",0.0460251046025105,1.37509431373894,1.63697925221039,0.0709708700722677,0.612439355342292,0.593874510623586,"ENSG00000148053/ENSG00000140538/ENSG00000100146/ENSG00000141682/ENSG00000143867/ENSG00000081479/ENSG00000143546/ENSG00000133256/ENSG00000163220/ENSG00000168329/ENSG00000112981/ENSG00000106278/ENSG00000104332/ENSG00000164879/ENSG00000179388/ENSG00000120057/ENSG00000138696/ENSG00000145777/ENSG00000187288/ENSG00000172232/ENSG00000107954/ENSG00000091831",22
"GO:0001755","neural crest cell migration","3/122","29/3645",0.103448275862069,3.09072922555116,2.1032715921647,0.071068947614576,0.612439355342292,0.593874510623586,"ENSG00000124205/ENSG00000100146/ENSG00000012171",3
"GO:0007589","body fluid secretion","3/122","29/3645",0.103448275862069,3.09072922555116,2.1032715921647,0.071068947614576,0.612439355342292,0.593874510623586,"ENSG00000143126/ENSG00000126562/ENSG00000107954",3
"GO:0007268","chemical synaptic transmission","15/122","299/3645",0.0501672240802676,1.49884862108668,1.67515184432595,0.0715492138288961,0.612439355342292,0.593874510623586,"ENSG00000131095/ENSG00000148053/ENSG00000149927/ENSG00000120251/ENSG00000117009/ENSG00000168329/ENSG00000006128/ENSG00000166405/ENSG00000094755/ENSG00000170579/ENSG00000179388/ENSG00000171385/ENSG00000136099/ENSG00000164742/ENSG00000107954",15
"GO:0098916","anterograde trans-synaptic signaling","15/122","299/3645",0.0501672240802676,1.49884862108668,1.67515184432595,0.0715492138288961,0.612439355342292,0.593874510623586,"ENSG00000131095/ENSG00000148053/ENSG00000149927/ENSG00000120251/ENSG00000117009/ENSG00000168329/ENSG00000006128/ENSG00000166405/ENSG00000094755/ENSG00000170579/ENSG00000179388/ENSG00000171385/ENSG00000136099/ENSG00000164742/ENSG00000107954",15
"GO:0050729","positive regulation of inflammatory response","5/122","67/3645",0.0746268656716418,2.22963053584536,1.89018647258408,0.0719887174447872,0.612439355342292,0.593874510623586,"ENSG00000143546/ENSG00000163220/ENSG00000006128/ENSG00000198535/ENSG00000145777",5
"GO:0008219","cell death","22/122","480/3645",0.0458333333333333,1.36936475409836,1.61585352797182,0.0736103324003246,0.612439355342292,0.593874510623586,"ENSG00000148053/ENSG00000140538/ENSG00000100146/ENSG00000141682/ENSG00000143867/ENSG00000081479/ENSG00000143546/ENSG00000133256/ENSG00000163220/ENSG00000168329/ENSG00000112981/ENSG00000106278/ENSG00000104332/ENSG00000164879/ENSG00000179388/ENSG00000120057/ENSG00000138696/ENSG00000145777/ENSG00000187288/ENSG00000172232/ENSG00000107954/ENSG00000091831",22
"GO:0141091","transforming growth factor beta receptor superfamily signaling pathway","7/122","110/3645",0.0636363636363636,1.90126676602086,1.78594371720603,0.0736892020651704,0.612439355342292,0.593874510623586,"ENSG00000081479/ENSG00000069702/ENSG00000104332/ENSG00000143768/ENSG00000147255/ENSG00000171243/ENSG00000138696",7
"GO:0009056","catabolic process","20/122","428/3645",0.0467289719626168,1.39612379347326,1.62308050478623,0.0738956949417947,0.612439355342292,0.593874510623586,"ENSG00000131095/ENSG00000196611/ENSG00000141682/ENSG00000119147/ENSG00000115919/ENSG00000081479/ENSG00000143546/ENSG00000112183/ENSG00000162931/ENSG00000117009/ENSG00000163220/ENSG00000146151/ENSG00000112981/ENSG00000167701/ENSG00000100031/ENSG00000214456/ENSG00000187288/ENSG00000257335/ENSG00000187715/ENSG00000131969",20
"GO:0030278","regulation of ossification","4/122","48/3645",0.0833333333333333,2.48975409836066,1.93320436262575,0.0751200591081253,0.612439355342292,0.593874510623586,"ENSG00000143867/ENSG00000006128/ENSG00000104332/ENSG00000138696",4
"GO:0050953","sensory perception of light stimulus","4/122","48/3645",0.0833333333333333,2.48975409836066,1.93320436262575,0.0751200591081253,0.612439355342292,0.593874510623586,"ENSG00000133256/ENSG00000130045/ENSG00000108370/ENSG00000120057",4
"GO:0003002","regionalization","9/122","156/3645",0.0576923076923077,1.72367591424968,1.71897163665001,0.0755445830996517,0.612439355342292,0.593874510623586,"ENSG00000143126/ENSG00000143867/ENSG00000081479/ENSG00000064309/ENSG00000104332/ENSG00000143768/ENSG00000171243/ENSG00000138696/ENSG00000136099",9
"GO:0046394","carboxylic acid biosynthetic process","6/122","89/3645",0.0674157303370786,2.01418309080862,1.80236717966961,0.0758918635684185,0.612439355342292,0.593874510623586,"ENSG00000115919/ENSG00000117009/ENSG00000160867/ENSG00000197977/ENSG00000100031/ENSG00000134824",6
"GO:0007283","spermatogenesis","7/122","111/3645",0.0630630630630631,1.88413823659725,1.76019655936851,0.0765581437097103,0.612439355342292,0.593874510623586,"ENSG00000183833/ENSG00000112981/ENSG00000100031/ENSG00000163879/ENSG00000104044/ENSG00000107954/ENSG00000114547",7
"GO:0099537","trans-synaptic signaling","15/122","302/3645",0.0496688741721854,1.4839593963739,1.63401856863874,0.0765938789149395,0.612439355342292,0.593874510623586,"ENSG00000131095/ENSG00000148053/ENSG00000149927/ENSG00000120251/ENSG00000117009/ENSG00000168329/ENSG00000006128/ENSG00000166405/ENSG00000094755/ENSG00000170579/ENSG00000179388/ENSG00000171385/ENSG00000136099/ENSG00000164742/ENSG00000107954",15
"GO:0003151","outflow tract morphogenesis","3/122","30/3645",0.1,2.98770491803279,2.03409469291504,0.0771106530759378,0.612439355342292,0.593874510623586,"ENSG00000164128/ENSG00000081479/ENSG00000069702",3
"GO:0030850","prostate gland development","3/122","30/3645",0.1,2.98770491803279,2.03409469291504,0.0771106530759378,0.612439355342292,0.593874510623586,"ENSG00000104332/ENSG00000091831/ENSG00000159184",3
"GO:0050918","positive chemotaxis","3/122","30/3645",0.1,2.98770491803279,2.03409469291504,0.0771106530759378,0.612439355342292,0.593874510623586,"ENSG00000140538/ENSG00000117407/ENSG00000172232",3
"GO:0090497","mesenchymal cell migration","3/122","30/3645",0.1,2.98770491803279,2.03409469291504,0.0771106530759378,0.612439355342292,0.593874510623586,"ENSG00000124205/ENSG00000100146/ENSG00000012171",3
"GO:0150076","neuroinflammatory response","3/122","30/3645",0.1,2.98770491803279,2.03409469291504,0.0771106530759378,0.612439355342292,0.593874510623586,"ENSG00000168329/ENSG00000172232/ENSG00000164742",3
"GO:0002523","leukocyte migration involved in inflammatory response","2/122","14/3645",0.142857142857143,4.26814988290398,2.27963668420067,0.0777851954685648,0.612439355342292,0.593874510623586,"ENSG00000143546/ENSG00000163220",2
"GO:0002675","positive regulation of acute inflammatory response","2/122","14/3645",0.142857142857143,4.26814988290398,2.27963668420067,0.0777851954685648,0.612439355342292,0.593874510623586,"ENSG00000006128/ENSG00000198535",2
"GO:0006470","protein dephosphorylation","2/122","14/3645",0.142857142857143,4.26814988290398,2.27963668420067,0.0777851954685648,0.612439355342292,0.593874510623586,"ENSG00000106278/ENSG00000196090",2
"GO:0035116","embryonic hindlimb morphogenesis","2/122","14/3645",0.142857142857143,4.26814988290398,2.27963668420067,0.0777851954685648,0.612439355342292,0.593874510623586,"ENSG00000143867/ENSG00000144218",2
"GO:0060251","regulation of glial cell proliferation","2/122","14/3645",0.142857142857143,4.26814988290398,2.27963668420067,0.0777851954685648,0.612439355342292,0.593874510623586,"ENSG00000131095/ENSG00000100146",2
"GO:0090207","regulation of triglyceride metabolic process","2/122","14/3645",0.142857142857143,4.26814988290398,2.27963668420067,0.0777851954685648,0.612439355342292,0.593874510623586,"ENSG00000214456/ENSG00000187288",2
"GO:0007204","positive regulation of cytosolic calcium ion concentration","5/122","69/3645",0.072463768115942,2.16500356379187,1.81788255525677,0.079544054265256,0.621774472673115,0.602926652991801,"ENSG00000168329/ENSG00000006128/ENSG00000166405/ENSG00000134830/ENSG00000091831",5
"GO:0035239","tube morphogenesis","16/122","329/3645",0.0486322188449848,1.45298719418008,1.60283711654044,0.0796154975377187,0.621774472673115,0.602926652991801,"ENSG00000148053/ENSG00000100146/ENSG00000143867/ENSG00000081479/ENSG00000069702/ENSG00000107014/ENSG00000168329/ENSG00000082175/ENSG00000104332/ENSG00000179388/ENSG00000120057/ENSG00000171243/ENSG00000126562/ENSG00000091831/ENSG00000159184/ENSG00000143556",16
"GO:0006954","inflammatory response","15/122","304/3645",0.0493421052631579,1.47419650560828,1.60682907370956,0.0800852692359969,0.622921307888056,0.604038724246038,"ENSG00000143546/ENSG00000163220/ENSG00000168329/ENSG00000127743/ENSG00000006128/ENSG00000100031/ENSG00000134830/ENSG00000138696/ENSG00000198535/ENSG00000145777/ENSG00000172232/ENSG00000126562/ENSG00000164742/ENSG00000091831/ENSG00000134824",15
"GO:0016055","Wnt signaling pathway","8/122","135/3645",0.0592592592592593,1.77049180327869,1.69743880701093,0.0807107286928283,0.624129204793314,0.605210006230509,"ENSG00000143126/ENSG00000100146/ENSG00000146038/ENSG00000064309/ENSG00000104332/ENSG00000120057/ENSG00000171243/ENSG00000133067",8
"GO:0070848","response to growth factor","12/122","230/3645",0.0521739130434783,1.55880256593015,1.62906995316166,0.0809535901353551,0.624129204793314,0.605210006230509,"ENSG00000148053/ENSG00000140538/ENSG00000081479/ENSG00000069702/ENSG00000160867/ENSG00000006128/ENSG00000104332/ENSG00000143768/ENSG00000179388/ENSG00000171243/ENSG00000138696/ENSG00000151892",12
"GO:0071396","cellular response to lipid","10/122","182/3645",0.0549450549450549,1.64159610880922,1.65228114699537,0.081472286102213,0.624129204793314,0.605210006230509,"ENSG00000140538/ENSG00000100146/ENSG00000143867/ENSG00000064309/ENSG00000117009/ENSG00000168329/ENSG00000082175/ENSG00000104332/ENSG00000164742/ENSG00000091831",10
"GO:0048232","male gamete generation","7/122","113/3645",0.0619469026548673,1.85079065718845,1.70948133895859,0.0824916913367573,0.624129204793314,0.605210006230509,"ENSG00000183833/ENSG00000112981/ENSG00000100031/ENSG00000163879/ENSG00000104044/ENSG00000107954/ENSG00000114547",7
"GO:0016053","organic acid biosynthetic process","6/122","91/3645",0.0659340659340659,1.96991533057107,1.74344634424333,0.0825629345571399,0.624129204793314,0.605210006230509,"ENSG00000115919/ENSG00000117009/ENSG00000160867/ENSG00000197977/ENSG00000100031/ENSG00000134824",6
"GO:0009953","dorsal/ventral pattern formation","3/122","31/3645",0.0967741935483871,2.89132734003173,1.96773337238987,0.0833708197306269,0.624129204793314,0.605210006230509,"ENSG00000104332/ENSG00000171243/ENSG00000138696",3
"GO:0048546","digestive tract morphogenesis","3/122","31/3645",0.0967741935483871,2.89132734003173,1.96773337238987,0.0833708197306269,0.624129204793314,0.605210006230509,"ENSG00000100146/ENSG00000104332/ENSG00000120057",3
"GO:0060326","cell chemotaxis","8/122","136/3645",0.0588235294117647,1.75747348119576,1.67516650604156,0.0834497558559149,0.624129204793314,0.605210006230509,"ENSG00000124205/ENSG00000143546/ENSG00000163220/ENSG00000168329/ENSG00000179388/ENSG00000134830/ENSG00000172232/ENSG00000143556",8
"GO:0097190","apoptotic signaling pathway","8/122","136/3645",0.0588235294117647,1.75747348119576,1.67516650604156,0.0834497558559149,0.624129204793314,0.605210006230509,"ENSG00000141682/ENSG00000143546/ENSG00000163220/ENSG00000168329/ENSG00000112981/ENSG00000104332/ENSG00000164879/ENSG00000138696",8
"GO:0043542","endothelial cell migration","5/122","70/3645",0.0714285714285714,2.13407494145199,1.78264772474574,0.0834760678261664,0.624129204793314,0.605210006230509,"ENSG00000143546/ENSG00000069702/ENSG00000163220/ENSG00000179388/ENSG00000143556",5
"GO:0006914","autophagy","4/122","50/3645",0.08,2.39016393442623,1.84168075530715,0.0845703790130442,0.627447158139086,0.608427382616112,"ENSG00000131095/ENSG00000143546/ENSG00000162931/ENSG00000163220",4
"GO:0061919","process utilizing autophagic mechanism","4/122","50/3645",0.08,2.39016393442623,1.84168075530715,0.0845703790130442,0.627447158139086,0.608427382616112,"ENSG00000131095/ENSG00000143546/ENSG00000162931/ENSG00000163220",4
"GO:0099536","synaptic signaling","15/122","307/3645",0.0488599348534202,1.45979067656325,1.56638660304376,0.0855164586238771,0.629934406518732,0.610839235155269,"ENSG00000131095/ENSG00000148053/ENSG00000149927/ENSG00000120251/ENSG00000117009/ENSG00000168329/ENSG00000006128/ENSG00000166405/ENSG00000094755/ENSG00000170579/ENSG00000179388/ENSG00000171385/ENSG00000136099/ENSG00000164742/ENSG00000107954",15
"GO:0040011","locomotion","19/122","411/3645",0.0462287104622871,1.38117745602489,1.52647919078368,0.0876094895768963,0.629934406518732,0.610839235155269,"ENSG00000140538/ENSG00000053747/ENSG00000124205/ENSG00000143546/ENSG00000069702/ENSG00000163220/ENSG00000168329/ENSG00000117407/ENSG00000166091/ENSG00000006128/ENSG00000012171/ENSG00000104332/ENSG00000196090/ENSG00000134757/ENSG00000179388/ENSG00000133067/ENSG00000134830/ENSG00000172232/ENSG00000143556",19
"GO:0014037","Schwann cell differentiation","2/122","15/3645",0.133333333333333,3.98360655737705,2.15450074144398,0.0878446632211193,0.629934406518732,0.610839235155269,"ENSG00000148053/ENSG00000140538",2
"GO:0031100","animal organ regeneration","2/122","15/3645",0.133333333333333,3.98360655737705,2.15450074144398,0.0878446632211193,0.629934406518732,0.610839235155269,"ENSG00000069702/ENSG00000164879",2
"GO:0031670","cellular response to nutrient","2/122","15/3645",0.133333333333333,3.98360655737705,2.15450074144398,0.0878446632211193,0.629934406518732,0.610839235155269,"ENSG00000064309/ENSG00000104332",2
"GO:0044458","motile cilium assembly","2/122","15/3645",0.133333333333333,3.98360655737705,2.15450074144398,0.0878446632211193,0.629934406518732,0.610839235155269,"ENSG00000163879/ENSG00000107954",2
"GO:0045995","regulation of embryonic development","2/122","15/3645",0.133333333333333,3.98360655737705,2.15450074144398,0.0878446632211193,0.629934406518732,0.610839235155269,"ENSG00000053747/ENSG00000143867",2
"GO:0050995","negative regulation of lipid catabolic process","2/122","15/3645",0.133333333333333,3.98360655737705,2.15450074144398,0.0878446632211193,0.629934406518732,0.610839235155269,"ENSG00000214456/ENSG00000187288",2
"GO:0060071","Wnt signaling pathway, planar cell polarity pathway","2/122","15/3645",0.133333333333333,3.98360655737705,2.15450074144398,0.0878446632211193,0.629934406518732,0.610839235155269,"ENSG00000143126/ENSG00000104332",2
"GO:0001654","eye development","7/122","115/3645",0.0608695652173913,1.81860299358517,1.65976909555592,0.0886854165597423,0.632503431284772,0.613330385197152,"ENSG00000148053/ENSG00000140538/ENSG00000133256/ENSG00000064309/ENSG00000171819/ENSG00000150893/ENSG00000138696",7
"GO:0048762","mesenchymal cell differentiation","6/122","93/3645",0.0645161290322581,1.92755156002115,1.68599325871199,0.0895526290382035,0.632503431284772,0.613330385197152,"ENSG00000124205/ENSG00000100146/ENSG00000143867/ENSG00000069702/ENSG00000012171/ENSG00000104332",6
"GO:0006639","acylglycerol metabolic process","3/122","32/3645",0.09375,2.80097336065574,1.90397427048695,0.0898423743763751,0.632503431284772,0.613330385197152,"ENSG00000214456/ENSG00000187288/ENSG00000131969",3
"GO:0061180","mammary gland epithelium development","3/122","32/3645",0.09375,2.80097336065574,1.90397427048695,0.0898423743763751,0.632503431284772,0.613330385197152,"ENSG00000082175/ENSG00000171243/ENSG00000091831",3
"GO:1901655","cellular response to ketone","3/122","32/3645",0.09375,2.80097336065574,1.90397427048695,0.0898423743763751,0.632503431284772,0.613330385197152,"ENSG00000100146/ENSG00000104332/ENSG00000164742",3
"GO:0007276","gamete generation","9/122","162/3645",0.0555555555555556,1.65983606557377,1.5985624146392,0.0907515150742546,0.636580627557226,0.617283989615121,"ENSG00000183833/ENSG00000082175/ENSG00000112981/ENSG00000100031/ENSG00000163879/ENSG00000138696/ENSG00000104044/ENSG00000107954/ENSG00000114547",9
"GO:0060070","canonical Wnt signaling pathway","6/122","94/3645",0.0638297872340425,1.90704569236135,1.65779388638283,0.0931659553246677,0.651149013845232,0.631410765110353,"ENSG00000100146/ENSG00000064309/ENSG00000104332/ENSG00000120057/ENSG00000171243/ENSG00000133067",6
"GO:0007584","response to nutrient","4/122","52/3645",0.0769230769230769,2.29823455233291,1.7544419566818,0.0945751205017365,0.656242472833992,0.636349826321794,"ENSG00000115919/ENSG00000064309/ENSG00000113739/ENSG00000104332",4
"GO:1901890","positive regulation of cell junction assembly","4/122","52/3645",0.0769230769230769,2.29823455233291,1.7544419566818,0.0945751205017365,0.656242472833992,0.636349826321794,"ENSG00000148053/ENSG00000140538/ENSG00000104332/ENSG00000134757",4
"GO:0050806","positive regulation of synaptic transmission","5/122","73/3645",0.0684931506849315,2.04637323152931,1.68037071349262,0.0958792090477318,0.662573776736756,0.642489209713904,"ENSG00000131095/ENSG00000148053/ENSG00000117009/ENSG00000006128/ENSG00000164742",5
"GO:0006638","neutral lipid metabolic process","3/122","33/3645",0.0909090909090909,2.71609538002981,1.84262644232355,0.0965180048019847,0.662573776736756,0.642489209713904,"ENSG00000214456/ENSG00000187288/ENSG00000131969",3
"GO:0045445","myoblast differentiation","3/122","33/3645",0.0909090909090909,2.71609538002981,1.84262644232355,0.0965180048019847,0.662573776736756,0.642489209713904,"ENSG00000112183/ENSG00000166091/ENSG00000171243",3
"GO:0002544","chronic inflammatory response","2/122","16/3645",0.125,3.73463114754098,2.0397551637641,0.0982663668254482,0.664092212107739,0.643961616826527,"ENSG00000143546/ENSG00000163220",2
"GO:0032233","positive regulation of actin filament bundle assembly","2/122","16/3645",0.125,3.73463114754098,2.0397551637641,0.0982663668254482,0.664092212107739,0.643961616826527,"ENSG00000006128/ENSG00000104332",2
"GO:0032941","secretion by tissue","2/122","16/3645",0.125,3.73463114754098,2.0397551637641,0.0982663668254482,0.664092212107739,0.643961616826527,"ENSG00000143126/ENSG00000126562",2
"GO:0007178","cell surface receptor protein serine/threonine kinase signaling pathway","7/122","118/3645",0.0593220338983051,1.77236732425674,1.58699275450582,0.0984605353358286,0.664092212107739,0.643961616826527,"ENSG00000081479/ENSG00000069702/ENSG00000104332/ENSG00000143768/ENSG00000147255/ENSG00000171243/ENSG00000138696",7
"GO:0150063","visual system development","7/122","118/3645",0.0593220338983051,1.77236732425674,1.58699275450582,0.0984605353358286,0.664092212107739,0.643961616826527,"ENSG00000148053/ENSG00000140538/ENSG00000133256/ENSG00000064309/ENSG00000171819/ENSG00000150893/ENSG00000138696",7
"GO:0002688","regulation of leukocyte chemotaxis","4/122","53/3645",0.0754716981132075,2.25487163625116,1.71230786618587,0.099779341903574,0.666001212913475,0.645812750182666,"ENSG00000124205/ENSG00000168329/ENSG00000134830/ENSG00000143556",4
"GO:0006865","amino acid transport","4/122","53/3645",0.0754716981132075,2.25487163625116,1.71230786618587,0.099779341903574,0.666001212913475,0.645812750182666,"ENSG00000131095/ENSG00000148053/ENSG00000117009/ENSG00000099960",4
"GO:0007200","phospholipase C-activating G protein-coupled receptor signaling pathway","4/122","53/3645",0.0754716981132075,2.25487163625116,1.71230786618587,0.099779341903574,0.666001212913475,0.645812750182666,"ENSG00000168329/ENSG00000134830/ENSG00000172232/ENSG00000091831",4
"GO:0018193","peptidyl-amino acid modification","5/122","74/3645",0.0675675675675676,2.01871953921134,1.6473593634776,0.100212532465679,0.666586121125156,0.646379928099862,"ENSG00000143546/ENSG00000163220/ENSG00000160867/ENSG00000175920/ENSG00000104332",5
"GO:0048585","negative regulation of response to stimulus","20/122","445/3645",0.0449438202247191,1.34278872720575,1.43596655765239,0.100685136174061,0.667428273813624,0.647196552654394,"ENSG00000135063/ENSG00000100146/ENSG00000081479/ENSG00000133256/ENSG00000064309/ENSG00000069702/ENSG00000168329/ENSG00000112981/ENSG00000104332/ENSG00000108370/ENSG00000164879/ENSG00000196090/ENSG00000134757/ENSG00000120057/ENSG00000214456/ENSG00000147255/ENSG00000171243/ENSG00000134830/ENSG00000107954/ENSG00000091831",20
"GO:0071478","cellular response to radiation","3/122","34/3645",0.0882352941176471,2.63621022179364,1.78351839795468,0.103390198239001,0.683012645215866,0.662308515755965,"ENSG00000196611/ENSG00000104332/ENSG00000108370",3
"GO:0046661","male sex differentiation","4/122","54/3645",0.0740740740740741,2.21311475409836,1.6711053899056,0.105114596095941,0.689476855894173,0.668576777126924,"ENSG00000081479/ENSG00000104332/ENSG00000091831/ENSG00000151892",4
"GO:0060485","mesenchyme development","7/122","120/3645",0.0583333333333333,1.74282786885246,1.53961462960721,0.105297039190039,0.689476855894173,0.668576777126924,"ENSG00000124205/ENSG00000100146/ENSG00000143867/ENSG00000112183/ENSG00000069702/ENSG00000012171/ENSG00000104332",7
"GO:0040007","growth","14/122","292/3645",0.0479452054794521,1.43246126207051,1.43362193849104,0.1066328655325,0.689476855894173,0.668576777126924,"ENSG00000108830/ENSG00000140538/ENSG00000164128/ENSG00000124205/ENSG00000100146/ENSG00000143546/ENSG00000113739/ENSG00000069702/ENSG00000163220/ENSG00000104332/ENSG00000133067/ENSG00000138696/ENSG00000091831/ENSG00000159184",14
"GO:0007017","microtubule-based process","10/122","192/3645",0.0520833333333333,1.55609631147541,1.47304195836867,0.106857928098503,0.689476855894173,0.668576777126924,"ENSG00000143126/ENSG00000183833/ENSG00000112981/ENSG00000006128/ENSG00000159648/ENSG00000163879/ENSG00000120262/ENSG00000171811/ENSG00000107954/ENSG00000114547",10
"GO:0048732","gland development","9/122","168/3645",0.0535714285714286,1.60055620608899,1.48292344936989,0.107657963185038,0.689476855894173,0.668576777126924,"ENSG00000100146/ENSG00000069702/ENSG00000082175/ENSG00000104332/ENSG00000164879/ENSG00000171243/ENSG00000107954/ENSG00000091831/ENSG00000159184",9
"GO:0002088","lens development in camera-type eye","2/122","17/3645",0.117647058823529,3.51494696239151,1.93389294945328,0.109015262336818,0.689476855894173,0.668576777126924,"ENSG00000140538/ENSG00000064309",2
"GO:0007271","synaptic transmission, cholinergic","2/122","17/3645",0.117647058823529,3.51494696239151,1.93389294945328,0.109015262336818,0.689476855894173,0.668576777126924,"ENSG00000006128/ENSG00000166405",2
"GO:0009311","oligosaccharide metabolic process","2/122","17/3645",0.117647058823529,3.51494696239151,1.93389294945328,0.109015262336818,0.689476855894173,0.668576777126924,"ENSG00000148488/ENSG00000257335",2
"GO:0014014","negative regulation of gliogenesis","2/122","17/3645",0.117647058823529,3.51494696239151,1.93389294945328,0.109015262336818,0.689476855894173,0.668576777126924,"ENSG00000140538/ENSG00000100146",2
"GO:0035137","hindlimb morphogenesis","2/122","17/3645",0.117647058823529,3.51494696239151,1.93389294945328,0.109015262336818,0.689476855894173,0.668576777126924,"ENSG00000143867/ENSG00000144218",2
"GO:0045428","regulation of nitric oxide biosynthetic process","2/122","17/3645",0.117647058823529,3.51494696239151,1.93389294945328,0.109015262336818,0.689476855894173,0.668576777126924,"ENSG00000168329/ENSG00000091831",2
"GO:0060976","coronary vasculature development","2/122","17/3645",0.117647058823529,3.51494696239151,1.93389294945328,0.109015262336818,0.689476855894173,0.668576777126924,"ENSG00000081479/ENSG00000069702",2
"GO:0090025","regulation of monocyte chemotaxis","2/122","17/3645",0.117647058823529,3.51494696239151,1.93389294945328,0.109015262336818,0.689476855894173,0.668576777126924,"ENSG00000168329/ENSG00000143556",2
"GO:0014032","neural crest cell development","3/122","35/3645",0.0857142857142857,2.56088992974239,1.72649560780583,0.110451277081341,0.694008187263539,0.672970750466459,"ENSG00000124205/ENSG00000100146/ENSG00000012171",3
"GO:1905954","positive regulation of lipid localization","3/122","35/3645",0.0857142857142857,2.56088992974239,1.72649560780583,0.110451277081341,0.694008187263539,0.672970750466459,"ENSG00000119147/ENSG00000006128/ENSG00000214456",3
"GO:0071495","cellular response to endogenous stimulus","16/122","346/3645",0.046242774566474,1.38159764995736,1.38824258029737,0.111975736924413,0.701302586127247,0.680044034568289,"ENSG00000148053/ENSG00000140538/ENSG00000100146/ENSG00000081479/ENSG00000069702/ENSG00000082175/ENSG00000160867/ENSG00000006128/ENSG00000104332/ENSG00000164879/ENSG00000143768/ENSG00000179388/ENSG00000171243/ENSG00000138696/ENSG00000091831/ENSG00000151892",16
"GO:0048880","sensory system development","7/122","122/3645",0.0573770491803279,1.71425692018275,1.49310664558423,0.112385912770431,0.701593610790165,0.680326237414599,"ENSG00000148053/ENSG00000140538/ENSG00000133256/ENSG00000064309/ENSG00000171819/ENSG00000150893/ENSG00000138696",7
"GO:0060284","regulation of cell development","12/122","244/3645",0.0491803278688525,1.46936307444235,1.4122555659791,0.113018673179398,0.703267808267929,0.681949685024752,"ENSG00000131095/ENSG00000148053/ENSG00000108830/ENSG00000140538/ENSG00000100146/ENSG00000081479/ENSG00000064309/ENSG00000168329/ENSG00000106278/ENSG00000104332/ENSG00000179388/ENSG00000107954",12
"GO:0030879","mammary gland development","4/122","56/3645",0.0714285714285714,2.13407494145199,1.59133573941469,0.116166784367011,0.720091857859846,0.698263748010666,"ENSG00000082175/ENSG00000171243/ENSG00000107954/ENSG00000091831",4
"GO:0043010","camera-type eye development","6/122","100/3645",0.06,1.79262295081967,1.49544794933291,0.116468978565201,0.720091857859846,0.698263748010666,"ENSG00000148053/ENSG00000140538/ENSG00000133256/ENSG00000064309/ENSG00000171819/ENSG00000138696",6
"GO:0030182","neuron differentiation","21/122","481/3645",0.0436590436590437,1.30440339456733,1.33326528060759,0.117621380678709,0.720732159920062,0.698884640625331,"ENSG00000131095/ENSG00000143126/ENSG00000148053/ENSG00000108830/ENSG00000140538/ENSG00000124205/ENSG00000081479/ENSG00000146038/ENSG00000064309/ENSG00000163220/ENSG00000117407/ENSG00000106278/ENSG00000012171/ENSG00000104332/ENSG00000120729/ENSG00000196090/ENSG00000133067/ENSG00000138696/ENSG00000164742/ENSG00000107954/ENSG00000151892",21
"GO:0007224","smoothened signaling pathway","3/122","36/3645",0.0833333333333333,2.48975409836066,1.67141838949208,0.117693432024271,0.720732159920062,0.698884640625331,"ENSG00000146038/ENSG00000064309/ENSG00000104332",3
"GO:0035282","segmentation","3/122","36/3645",0.0833333333333333,2.48975409836066,1.67141838949208,0.117693432024271,0.720732159920062,0.698884640625331,"ENSG00000143867/ENSG00000104332/ENSG00000136099",3
"GO:0002042","cell migration involved in sprouting angiogenesis","2/122","18/3645",0.111111111111111,3.31967213114754,1.83570063230345,0.120058211839232,0.728277643515338,0.706201398339339,"ENSG00000069702/ENSG00000179388",2
"GO:0046503","glycerolipid catabolic process","2/122","18/3645",0.111111111111111,3.31967213114754,1.83570063230345,0.120058211839232,0.728277643515338,0.706201398339339,"ENSG00000214456/ENSG00000131969",2
"GO:0080164","regulation of nitric oxide metabolic process","2/122","18/3645",0.111111111111111,3.31967213114754,1.83570063230345,0.120058211839232,0.728277643515338,0.706201398339339,"ENSG00000168329/ENSG00000091831",2
"GO:0007389","pattern specification process","9/122","174/3645",0.0517241379310345,1.54536461277558,1.37166181764061,0.126239716509361,0.763374335882627,0.740234206359132,"ENSG00000143126/ENSG00000143867/ENSG00000081479/ENSG00000064309/ENSG00000104332/ENSG00000143768/ENSG00000171243/ENSG00000138696/ENSG00000136099",9
"GO:0016331","morphogenesis of embryonic epithelium","4/122","58/3645",0.0689655172413793,2.06048615036744,1.5148376390878,0.127707644158255,0.767750345767392,0.744477566466757,"ENSG00000143867/ENSG00000081479/ENSG00000104332/ENSG00000136099",4
"GO:0006629","lipid metabolic process","15/122","327/3645",0.0458715596330275,1.37050684313431,1.30660614706627,0.127759388797995,0.767750345767392,0.744477566466757,"ENSG00000081479/ENSG00000129951/ENSG00000160867/ENSG00000146151/ENSG00000168004/ENSG00000197977/ENSG00000100031/ENSG00000174326/ENSG00000214456/ENSG00000148488/ENSG00000187288/ENSG00000170099/ENSG00000091831/ENSG00000131969/ENSG00000134824",15
"GO:0060562","epithelial tube morphogenesis","7/122","127/3645",0.0551181102362205,1.64676649025429,1.38042949889895,0.13118694283206,0.767881687780791,0.744604927116022,"ENSG00000143867/ENSG00000081479/ENSG00000082175/ENSG00000104332/ENSG00000171243/ENSG00000126562/ENSG00000091831",7
"GO:0001541","ovarian follicle development","2/122","19/3645",0.105263157894737,3.14495254529767,1.7441882916292,0.131363896820975,0.767881687780791,0.744604927116022,"ENSG00000138696/ENSG00000091831",2
"GO:0001774","microglial cell activation","2/122","19/3645",0.105263157894737,3.14495254529767,1.7441882916292,0.131363896820975,0.767881687780791,0.744604927116022,"ENSG00000168329/ENSG00000172232",2
"GO:0006968","cellular defense response","2/122","19/3645",0.105263157894737,3.14495254529767,1.7441882916292,0.131363896820975,0.767881687780791,0.744604927116022,"ENSG00000146038/ENSG00000168329",2
"GO:0007616","long-term memory","2/122","19/3645",0.105263157894737,3.14495254529767,1.7441882916292,0.131363896820975,0.767881687780791,0.744604927116022,"ENSG00000006128/ENSG00000164742",2
"GO:0031646","positive regulation of nervous system process","2/122","19/3645",0.105263157894737,3.14495254529767,1.7441882916292,0.131363896820975,0.767881687780791,0.744604927116022,"ENSG00000100146/ENSG00000006128",2
"GO:0043627","response to estrogen","2/122","19/3645",0.105263157894737,3.14495254529767,1.7441882916292,0.131363896820975,0.767881687780791,0.744604927116022,"ENSG00000104332/ENSG00000091831",2
"GO:0044060","regulation of endocrine process","2/122","19/3645",0.105263157894737,3.14495254529767,1.7441882916292,0.131363896820975,0.767881687780791,0.744604927116022,"ENSG00000119147/ENSG00000006128",2
"GO:0170041","non-proteinogenic amino acid metabolic process","2/122","19/3645",0.105263157894737,3.14495254529767,1.7441882916292,0.131363896820975,0.767881687780791,0.744604927116022,"ENSG00000115919/ENSG00000117009",2
"GO:0048864","stem cell development","3/122","38/3645",0.0789473684210526,2.35871440897325,1.5666056413503,0.132689256414323,0.768641368237924,0.745341579416,"ENSG00000124205/ENSG00000100146/ENSG00000012171",3
"GO:0050829","defense response to Gram-negative bacterium","3/122","38/3645",0.0789473684210526,2.35871440897325,1.5666056413503,0.132689256414323,0.768641368237924,0.745341579416,"ENSG00000006128/ENSG00000145777/ENSG00000172232",3
"GO:0070167","regulation of biomineral tissue development","3/122","38/3645",0.0789473684210526,2.35871440897325,1.5666056413503,0.132689256414323,0.768641368237924,0.745341579416,"ENSG00000143867/ENSG00000064309/ENSG00000138696",3
"GO:0007411","axon guidance","6/122","104/3645",0.0576923076923077,1.72367591424968,1.39319081511616,0.133495334265903,0.768694029250526,0.745392644117861,"ENSG00000124205/ENSG00000117407/ENSG00000012171/ENSG00000120729/ENSG00000133067/ENSG00000138696",6
"GO:0097485","neuron projection guidance","6/122","104/3645",0.0576923076923077,1.72367591424968,1.39319081511616,0.133495334265903,0.768694029250526,0.745392644117861,"ENSG00000124205/ENSG00000117407/ENSG00000012171/ENSG00000120729/ENSG00000133067/ENSG00000138696",6
"GO:0044282","small molecule catabolic process","5/122","82/3645",0.0609756097560976,1.82177129148341,1.400434361016,0.138271181317914,0.789854945799733,0.765912110821602,"ENSG00000115919/ENSG00000117009/ENSG00000146151/ENSG00000167701/ENSG00000214456",5
"GO:0018108","peptidyl-tyrosine phosphorylation","3/122","39/3645",0.0769230769230769,2.29823455233291,1.51665005032054,0.140426913712327,0.789854945799733,0.765912110821602,"ENSG00000160867/ENSG00000175920/ENSG00000104332",3
"GO:0018212","peptidyl-tyrosine modification","3/122","39/3645",0.0769230769230769,2.29823455233291,1.51665005032054,0.140426913712327,0.789854945799733,0.765912110821602,"ENSG00000160867/ENSG00000175920/ENSG00000104332",3
"GO:0097696","cell surface receptor signaling pathway via STAT","3/122","39/3645",0.0769230769230769,2.29823455233291,1.51665005032054,0.140426913712327,0.789854945799733,0.765912110821602,"ENSG00000186715/ENSG00000196090/ENSG00000145777",3
"GO:0048589","developmental growth","11/122","229/3645",0.0480349344978166,1.43514210036509,1.26561814243753,0.141645743096402,0.789854945799733,0.765912110821602,"ENSG00000108830/ENSG00000140538/ENSG00000164128/ENSG00000124205/ENSG00000100146/ENSG00000113739/ENSG00000069702/ENSG00000104332/ENSG00000133067/ENSG00000138696/ENSG00000091831",11
"GO:0002269","leukocyte activation involved in inflammatory response","2/122","20/3645",0.1,2.98770491803279,1.65853897812342,0.142902735139506,0.789854945799733,0.765912110821602,"ENSG00000168329/ENSG00000172232",2
"GO:0003401","axis elongation","2/122","20/3645",0.1,2.98770491803279,1.65853897812342,0.142902735139506,0.789854945799733,0.765912110821602,"ENSG00000104332/ENSG00000091831",2
"GO:0006809","nitric oxide biosynthetic process","2/122","20/3645",0.1,2.98770491803279,1.65853897812342,0.142902735139506,0.789854945799733,0.765912110821602,"ENSG00000168329/ENSG00000091831",2
"GO:0040014","regulation of multicellular organism growth","2/122","20/3645",0.1,2.98770491803279,1.65853897812342,0.142902735139506,0.789854945799733,0.765912110821602,"ENSG00000164128/ENSG00000113739",2
"GO:0050994","regulation of lipid catabolic process","2/122","20/3645",0.1,2.98770491803279,1.65853897812342,0.142902735139506,0.789854945799733,0.765912110821602,"ENSG00000214456/ENSG00000187288",2
"GO:0055010","ventricular cardiac muscle tissue morphogenesis","2/122","20/3645",0.1,2.98770491803279,1.65853897812342,0.142902735139506,0.789854945799733,0.765912110821602,"ENSG00000081479/ENSG00000069702",2
"GO:0061900","glial cell activation","2/122","20/3645",0.1,2.98770491803279,1.65853897812342,0.142902735139506,0.789854945799733,0.765912110821602,"ENSG00000168329/ENSG00000172232",2
"GO:0071482","cellular response to light stimulus","2/122","20/3645",0.1,2.98770491803279,1.65853897812342,0.142902735139506,0.789854945799733,0.765912110821602,"ENSG00000196611/ENSG00000108370",2
"GO:2001243","negative regulation of intrinsic apoptotic signaling pathway","2/122","20/3645",0.1,2.98770491803279,1.65853897812342,0.142902735139506,0.789854945799733,0.765912110821602,"ENSG00000112981/ENSG00000164879",2
"GO:0048167","regulation of synaptic plasticity","5/122","83/3645",0.0602409638554217,1.79982223977879,1.37150799131908,0.143429036082808,0.79049888743925,0.766536532689175,"ENSG00000131095/ENSG00000148053/ENSG00000168329/ENSG00000164742/ENSG00000107954",5
"GO:0032101","regulation of response to external stimulus","14/122","308/3645",0.0454545454545455,1.3580476900149,1.22194289070792,0.145732163876469,0.797165808346883,0.773001359544029,"ENSG00000140538/ENSG00000124205/ENSG00000143546/ENSG00000163220/ENSG00000168329/ENSG00000117407/ENSG00000006128/ENSG00000100031/ENSG00000134830/ENSG00000198535/ENSG00000145777/ENSG00000172232/ENSG00000091831/ENSG00000143556",14
"GO:0001764","neuron migration","4/122","61/3645",0.0655737704918033,1.95915076592314,1.40566092659976,0.14587845015368,0.797165808346883,0.773001359544029,"ENSG00000143126/ENSG00000148053/ENSG00000140538/ENSG00000146038",4
"GO:0042552","myelination","4/122","61/3645",0.0655737704918033,1.95915076592314,1.40566092659976,0.14587845015368,0.797165808346883,0.773001359544029,"ENSG00000148053/ENSG00000140538/ENSG00000100146/ENSG00000106278",4
"GO:0043412","macromolecule modification","15/122","335/3645",0.0447761194029851,1.33777832150722,1.20712698284193,0.147586518984262,0.801392368820091,0.77709980049292,"ENSG00000148053/ENSG00000144712/ENSG00000143546/ENSG00000250305/ENSG00000162931/ENSG00000163220/ENSG00000160867/ENSG00000175920/ENSG00000106278/ENSG00000104332/ENSG00000196090/ENSG00000148488/ENSG00000126562/ENSG00000107954/ENSG00000133169",15
"GO:0032355","response to estradiol","3/122","40/3645",0.075,2.24077868852459,1.46819744684475,0.1483136732342,0.801392368820091,0.77709980049292,"ENSG00000104332/ENSG00000108370/ENSG00000091831",3
"GO:0043604","amide biosynthetic process","3/122","40/3645",0.075,2.24077868852459,1.46819744684475,0.1483136732342,0.801392368820091,0.77709980049292,"ENSG00000197977/ENSG00000100031/ENSG00000148488",3
"GO:0140115","export across plasma membrane","3/122","40/3645",0.075,2.24077868852459,1.46819744684475,0.1483136732342,0.801392368820091,0.77709980049292,"ENSG00000108370/ENSG00000171385/ENSG00000126562",3
"GO:0040017","positive regulation of locomotion","10/122","206/3645",0.0485436893203883,1.4503421932198,1.23814907838969,0.149275515194217,0.802486005687683,0.778160285998752,"ENSG00000140538/ENSG00000124205/ENSG00000069702/ENSG00000168329/ENSG00000117407/ENSG00000006128/ENSG00000012171/ENSG00000133067/ENSG00000172232/ENSG00000143556",10
"GO:0007600","sensory perception","8/122","156/3645",0.0512820512820513,1.53215636822194,1.2640488445503,0.149494887157009,0.802486005687683,0.778160285998752,"ENSG00000164128/ENSG00000081479/ENSG00000133256/ENSG00000146038/ENSG00000130045/ENSG00000006128/ENSG00000108370/ENSG00000120057",8
"GO:0040008","regulation of growth","9/122","181/3645",0.0497237569060773,1.48559913051354,1.24692698617358,0.149966544066955,0.802486005687683,0.778160285998752,"ENSG00000108830/ENSG00000140538/ENSG00000164128/ENSG00000143546/ENSG00000113739/ENSG00000069702/ENSG00000163220/ENSG00000104332/ENSG00000159184",9
"GO:0007417","central nervous system development","15/122","336/3645",0.0446428571428571,1.33379683840749,1.1948578795812,0.150180118223563,0.802486005687683,0.778160285998752,"ENSG00000131095/ENSG00000143126/ENSG00000148053/ENSG00000140538/ENSG00000100146/ENSG00000119147/ENSG00000081479/ENSG00000143546/ENSG00000064309/ENSG00000163220/ENSG00000168329/ENSG00000112981/ENSG00000106278/ENSG00000104332/ENSG00000138696",15
"GO:0007272","ensheathment of neurons","4/122","62/3645",0.0645161290322581,1.92755156002115,1.37063961140592,0.152150920706119,0.808537537306068,0.784028377830282,"ENSG00000148053/ENSG00000140538/ENSG00000100146/ENSG00000106278",4
"GO:0008366","axon ensheathment","4/122","62/3645",0.0645161290322581,1.92755156002115,1.37063961140592,0.152150920706119,0.808537537306068,0.784028377830282,"ENSG00000148053/ENSG00000140538/ENSG00000100146/ENSG00000106278",4
"GO:0090092","regulation of transmembrane receptor protein serine/threonine kinase signaling pathway","5/122","85/3645",0.0588235294117647,1.75747348119576,1.31481507475,0.153992308891209,0.8106349999154,0.78606226015643,"ENSG00000081479/ENSG00000069702/ENSG00000104332/ENSG00000147255/ENSG00000171243",5
"GO:0090407","organophosphate biosynthetic process","5/122","85/3645",0.0588235294117647,1.75747348119576,1.31481507475,0.153992308891209,0.8106349999154,0.78606226015643,"ENSG00000115919/ENSG00000117009/ENSG00000112981/ENSG00000197977/ENSG00000164742",5
"GO:0031641","regulation of myelination","2/122","21/3645",0.0952380952380952,2.84543325526932,1.57807148797293,0.15464680143539,0.8106349999154,0.78606226015643,"ENSG00000100146/ENSG00000106278",2
"GO:0043114","regulation of vascular permeability","2/122","21/3645",0.0952380952380952,2.84543325526932,1.57807148797293,0.15464680143539,0.8106349999154,0.78606226015643,"ENSG00000198535/ENSG00000172232",2
"GO:0048806","genitalia development","2/122","21/3645",0.0952380952380952,2.84543325526932,1.57807148797293,0.15464680143539,0.8106349999154,0.78606226015643,"ENSG00000081479/ENSG00000091831",2
"GO:0002690","positive regulation of leukocyte chemotaxis","3/122","41/3645",0.0731707317073171,2.18612554978009,1.42116000235314,0.156341483641749,0.810744683161703,0.786168618579764,"ENSG00000124205/ENSG00000168329/ENSG00000143556",3
"GO:0042116","macrophage activation","3/122","41/3645",0.0731707317073171,2.18612554978009,1.42116000235314,0.156341483641749,0.810744683161703,0.786168618579764,"ENSG00000168329/ENSG00000172232/ENSG00000126562",3
"GO:0090288","negative regulation of cellular response to growth factor stimulus","3/122","41/3645",0.0731707317073171,2.18612554978009,1.42116000235314,0.156341483641749,0.810744683161703,0.786168618579764,"ENSG00000081479/ENSG00000104332/ENSG00000171243",3
"GO:0051047","positive regulation of secretion","6/122","109/3645",0.055045871559633,1.64460821176117,1.27135177128724,0.156348896908322,0.810744683161703,0.786168618579764,"ENSG00000124205/ENSG00000119147/ENSG00000143546/ENSG00000149927/ENSG00000117009/ENSG00000006128",6
"GO:0019752","carboxylic acid metabolic process","10/122","209/3645",0.0478468899521531,1.42952388422621,1.18999917885631,0.159365035902154,0.819676146452776,0.794829342853719,"ENSG00000115919/ENSG00000117009/ENSG00000160867/ENSG00000146151/ENSG00000197977/ENSG00000167701/ENSG00000100031/ENSG00000214456/ENSG00000104044/ENSG00000134824",10
"GO:0009725","response to hormone","11/122","235/3645",0.0468085106382979,1.39850017439833,1.17516280001671,0.160456140549132,0.819676146452776,0.794829342853719,"ENSG00000140538/ENSG00000100146/ENSG00000081479/ENSG00000113739/ENSG00000069702/ENSG00000082175/ENSG00000006128/ENSG00000104332/ENSG00000164879/ENSG00000134760/ENSG00000091831",11
"GO:0007167","enzyme-linked receptor protein signaling pathway","14/122","314/3645",0.0445859872611465,1.33209773415475,1.14539741353262,0.162214233061293,0.819676146452776,0.794829342853719,"ENSG00000148053/ENSG00000140538/ENSG00000081479/ENSG00000069702/ENSG00000160867/ENSG00000117407/ENSG00000175920/ENSG00000104332/ENSG00000143768/ENSG00000196090/ENSG00000147255/ENSG00000171243/ENSG00000138696/ENSG00000151892",14
"GO:0040012","regulation of locomotion","15/122","341/3645",0.0439882697947214,1.31423970001442,1.13404685778773,0.163524363957344,0.819676146452776,0.794829342853719,"ENSG00000140538/ENSG00000053747/ENSG00000124205/ENSG00000069702/ENSG00000168329/ENSG00000117407/ENSG00000006128/ENSG00000012171/ENSG00000104332/ENSG00000196090/ENSG00000134757/ENSG00000133067/ENSG00000134830/ENSG00000172232/ENSG00000143556",15
"GO:1902531","regulation of intracellular signal transduction","20/122","476/3645",0.0420168067226891,1.25533820085411,1.11165731121135,0.164037092488666,0.819676146452776,0.794829342853719,"ENSG00000148053/ENSG00000140538/ENSG00000124205/ENSG00000141682/ENSG00000143546/ENSG00000133256/ENSG00000064309/ENSG00000069702/ENSG00000163220/ENSG00000168329/ENSG00000160867/ENSG00000112981/ENSG00000175920/ENSG00000104332/ENSG00000164879/ENSG00000134757/ENSG00000120057/ENSG00000214456/ENSG00000091831/ENSG00000143556",20
"GO:0043065","positive regulation of apoptotic process","7/122","135/3645",0.0518518518518519,1.54918032786885,1.20987659648651,0.164310601235732,0.819676146452776,0.794829342853719,"ENSG00000140538/ENSG00000141682/ENSG00000143546/ENSG00000163220/ENSG00000104332/ENSG00000138696/ENSG00000107954",7
"GO:0030510","regulation of BMP signaling pathway","3/122","42/3645",0.0714285714285714,2.13407494145199,1.37545709033687,0.164502314129829,0.819676146452776,0.794829342853719,"ENSG00000081479/ENSG00000104332/ENSG00000171243",3
"GO:0045471","response to ethanol","3/122","42/3645",0.0714285714285714,2.13407494145199,1.37545709033687,0.164502314129829,0.819676146452776,0.794829342853719,"ENSG00000140538/ENSG00000143546/ENSG00000164879",3
"GO:0060291","long-term synaptic potentiation","3/122","42/3645",0.0714285714285714,2.13407494145199,1.37545709033687,0.164502314129829,0.819676146452776,0.794829342853719,"ENSG00000131095/ENSG00000148053/ENSG00000164742",3
"GO:0008610","lipid biosynthetic process","8/122","160/3645",0.05,1.49385245901639,1.18868997102629,0.165142551252845,0.819676146452776,0.794829342853719,"ENSG00000160867/ENSG00000146151/ENSG00000197977/ENSG00000100031/ENSG00000214456/ENSG00000148488/ENSG00000170099/ENSG00000134824",8
"GO:0050900","leukocyte migration","8/122","160/3645",0.05,1.49385245901639,1.18868997102629,0.165142551252845,0.819676146452776,0.794829342853719,"ENSG00000124205/ENSG00000143546/ENSG00000163220/ENSG00000168329/ENSG00000117407/ENSG00000134830/ENSG00000172232/ENSG00000143556",8
"GO:0001756","somitogenesis","2/122","22/3645",0.0909090909090909,2.71609538002981,1.50221250682372,0.166569750860284,0.819676146452776,0.794829342853719,"ENSG00000104332/ENSG00000136099",2
"GO:0006636","unsaturated fatty acid biosynthetic process","2/122","22/3645",0.0909090909090909,2.71609538002981,1.50221250682372,0.166569750860284,0.819676146452776,0.794829342853719,"ENSG00000197977/ENSG00000134824",2
"GO:0030501","positive regulation of bone mineralization","2/122","22/3645",0.0909090909090909,2.71609538002981,1.50221250682372,0.166569750860284,0.819676146452776,0.794829342853719,"ENSG00000143867/ENSG00000138696",2
"GO:0031102","neuron projection regeneration","2/122","22/3645",0.0909090909090909,2.71609538002981,1.50221250682372,0.166569750860284,0.819676146452776,0.794829342853719,"ENSG00000131095/ENSG00000140538",2
"GO:0035914","skeletal muscle cell differentiation","2/122","22/3645",0.0909090909090909,2.71609538002981,1.50221250682372,0.166569750860284,0.819676146452776,0.794829342853719,"ENSG00000064309/ENSG00000112183",2
"GO:0042490","mechanoreceptor differentiation","2/122","22/3645",0.0909090909090909,2.71609538002981,1.50221250682372,0.166569750860284,0.819676146452776,0.794829342853719,"ENSG00000148053/ENSG00000140538",2
"GO:0042733","embryonic digit morphogenesis","2/122","22/3645",0.0909090909090909,2.71609538002981,1.50221250682372,0.166569750860284,0.819676146452776,0.794829342853719,"ENSG00000143867/ENSG00000150893",2
"GO:0051057","positive regulation of small GTPase mediated signal transduction","2/122","22/3645",0.0909090909090909,2.71609538002981,1.50221250682372,0.166569750860284,0.819676146452776,0.794829342853719,"ENSG00000064309/ENSG00000175920",2
"GO:0051492","regulation of stress fiber assembly","2/122","22/3645",0.0909090909090909,2.71609538002981,1.50221250682372,0.166569750860284,0.819676146452776,0.794829342853719,"ENSG00000006128/ENSG00000104332",2
"GO:0050727","regulation of inflammatory response","7/122","136/3645",0.0514705882352941,1.53778929604629,1.18933089858441,0.16869839904704,0.828038706772874,0.802938409285093,"ENSG00000143546/ENSG00000163220/ENSG00000006128/ENSG00000100031/ENSG00000198535/ENSG00000145777/ENSG00000091831",7
"GO:0072330","monocarboxylic acid biosynthetic process","4/122","65/3645",0.0615384615384615,1.83858764186633,1.26933542569953,0.171564932833776,0.830593876733866,0.805416124501967,"ENSG00000117009/ENSG00000160867/ENSG00000197977/ENSG00000134824",4
"GO:0001838","embryonic epithelial tube formation","3/122","43/3645",0.0697674418604651,2.08444529165078,1.33101453762824,0.172788173161606,0.830593876733866,0.805416124501967,"ENSG00000143867/ENSG00000081479/ENSG00000104332",3
"GO:0044089","positive regulation of cellular component biogenesis","7/122","137/3645",0.0510948905109489,1.52656455665909,1.16894719264235,0.173138272920672,0.830593876733866,0.805416124501967,"ENSG00000148053/ENSG00000196611/ENSG00000140538/ENSG00000006128/ENSG00000104332/ENSG00000134757/ENSG00000107954",7
"GO:0009719","response to endogenous stimulus","18/122","427/3645",0.0421545667447307,1.25945406380773,1.0616813121837,0.177451396078716,0.830593876733866,0.805416124501967,"ENSG00000148053/ENSG00000140538/ENSG00000100146/ENSG00000081479/ENSG00000113739/ENSG00000069702/ENSG00000082175/ENSG00000160867/ENSG00000006128/ENSG00000104332/ENSG00000164879/ENSG00000143768/ENSG00000179388/ENSG00000134760/ENSG00000171243/ENSG00000138696/ENSG00000091831/ENSG00000151892",18
"GO:0001843","neural tube closure","2/122","23/3645",0.0869565217391304,2.59800427655025,1.4304754544763,0.178646745989011,0.830593876733866,0.805416124501967,"ENSG00000081479/ENSG00000104332",2
"GO:0008589","regulation of smoothened signaling pathway","2/122","23/3645",0.0869565217391304,2.59800427655025,1.4304754544763,0.178646745989011,0.830593876733866,0.805416124501967,"ENSG00000146038/ENSG00000104332",2
"GO:0014009","glial cell proliferation","2/122","23/3645",0.0869565217391304,2.59800427655025,1.4304754544763,0.178646745989011,0.830593876733866,0.805416124501967,"ENSG00000131095/ENSG00000100146",2
"GO:0046209","nitric oxide metabolic process","2/122","23/3645",0.0869565217391304,2.59800427655025,1.4304754544763,0.178646745989011,0.830593876733866,0.805416124501967,"ENSG00000168329/ENSG00000091831",2
"GO:0060074","synapse maturation","2/122","23/3645",0.0869565217391304,2.59800427655025,1.4304754544763,0.178646745989011,0.830593876733866,0.805416124501967,"ENSG00000168329/ENSG00000107954",2
"GO:0071230","cellular response to amino acid stimulus","2/122","23/3645",0.0869565217391304,2.59800427655025,1.4304754544763,0.178646745989011,0.830593876733866,0.805416124501967,"ENSG00000148053/ENSG00000107954",2
"GO:0110020","regulation of actomyosin structure organization","2/122","23/3645",0.0869565217391304,2.59800427655025,1.4304754544763,0.178646745989011,0.830593876733866,0.805416124501967,"ENSG00000006128/ENSG00000104332",2
"GO:2001057","reactive nitrogen species metabolic process","2/122","23/3645",0.0869565217391304,2.59800427655025,1.4304754544763,0.178646745989011,0.830593876733866,0.805416124501967,"ENSG00000168329/ENSG00000091831",2
"GO:0043436","oxoacid metabolic process","10/122","215/3645",0.0465116279069767,1.38963019443385,1.09581578746253,0.180537717700964,0.830593876733866,0.805416124501967,"ENSG00000115919/ENSG00000117009/ENSG00000160867/ENSG00000146151/ENSG00000197977/ENSG00000167701/ENSG00000100031/ENSG00000214456/ENSG00000104044/ENSG00000134824",10
"GO:1901700","response to oxygen-containing compound","20/122","483/3645",0.041407867494824,1.23714489359536,1.04116410724341,0.180894242186627,0.830593876733866,0.805416124501967,"ENSG00000140538/ENSG00000100146/ENSG00000143867/ENSG00000115919/ENSG00000143546/ENSG00000064309/ENSG00000113739/ENSG00000069702/ENSG00000117009/ENSG00000103569/ENSG00000168329/ENSG00000006128/ENSG00000104332/ENSG00000108370/ENSG00000164879/ENSG00000134760/ENSG00000164742/ENSG00000091831/ENSG00000159184/ENSG00000143556",20
"GO:0048709","oligodendrocyte differentiation","3/122","44/3645",0.0681818181818182,2.03707153502235,1.28776396905858,0.181191125595419,0.830593876733866,0.805416124501967,"ENSG00000148053/ENSG00000100146/ENSG00000106278",3
"GO:2001236","regulation of extrinsic apoptotic signaling pathway","3/122","44/3645",0.0681818181818182,2.03707153502235,1.28776396905858,0.181191125595419,0.830593876733866,0.805416124501967,"ENSG00000141682/ENSG00000104332/ENSG00000138696",3
"GO:0050804","modulation of chemical synaptic transmission","10/122","216/3645",0.0462962962962963,1.38319672131148,1.0803828845054,0.184190661448664,0.830593876733866,0.805416124501967,"ENSG00000131095/ENSG00000148053/ENSG00000120251/ENSG00000117009/ENSG00000168329/ENSG00000006128/ENSG00000170579/ENSG00000136099/ENSG00000164742/ENSG00000107954",10
"GO:0099177","regulation of trans-synaptic signaling","10/122","216/3645",0.0462962962962963,1.38319672131148,1.0803828845054,0.184190661448664,0.830593876733866,0.805416124501967,"ENSG00000131095/ENSG00000148053/ENSG00000120251/ENSG00000117009/ENSG00000168329/ENSG00000006128/ENSG00000170579/ENSG00000136099/ENSG00000164742/ENSG00000107954",10
"GO:0042180","ketone metabolic process","4/122","67/3645",0.0597014925373134,1.78370442867629,1.20470943621268,0.184967906351678,0.830593876733866,0.805416124501967,"ENSG00000115919/ENSG00000117009/ENSG00000160867/ENSG00000214456",4
"GO:0006082","organic acid metabolic process","10/122","217/3645",0.0460829493087558,1.37682254287225,1.06502331227668,0.187877926665636,0.830593876733866,0.805416124501967,"ENSG00000115919/ENSG00000117009/ENSG00000160867/ENSG00000146151/ENSG00000197977/ENSG00000167701/ENSG00000100031/ENSG00000214456/ENSG00000104044/ENSG00000134824",10
"GO:0036211","protein modification process","14/122","323/3645",0.043343653250774,1.29498045982845,1.03325489947145,0.188702377131462,0.830593876733866,0.805416124501967,"ENSG00000148053/ENSG00000144712/ENSG00000143546/ENSG00000162931/ENSG00000163220/ENSG00000160867/ENSG00000175920/ENSG00000106278/ENSG00000104332/ENSG00000196090/ENSG00000148488/ENSG00000126562/ENSG00000107954/ENSG00000133169",14
"GO:0009755","hormone-mediated signaling pathway","3/122","45/3645",0.0666666666666667,1.99180327868852,1.2456422320052,0.189703308299162,0.830593876733866,0.805416124501967,"ENSG00000082175/ENSG00000104332/ENSG00000091831",3
"GO:0001570","vasculogenesis","2/122","24/3645",0.0833333333333333,2.48975409836066,1.36244420241054,0.190854386790657,0.830593876733866,0.805416124501967,"ENSG00000148053/ENSG00000069702",2
"GO:0002673","regulation of acute inflammatory response","2/122","24/3645",0.0833333333333333,2.48975409836066,1.36244420241054,0.190854386790657,0.830593876733866,0.805416124501967,"ENSG00000006128/ENSG00000198535",2
"GO:0008347","glial cell migration","2/122","24/3645",0.0833333333333333,2.48975409836066,1.36244420241054,0.190854386790657,0.830593876733866,0.805416124501967,"ENSG00000168329/ENSG00000172232",2
"GO:0044272","sulfur compound biosynthetic process","2/122","24/3645",0.0833333333333333,2.48975409836066,1.36244420241054,0.190854386790657,0.830593876733866,0.805416124501967,"ENSG00000197977/ENSG00000100031",2
"GO:0050919","negative chemotaxis","2/122","24/3645",0.0833333333333333,2.48975409836066,1.36244420241054,0.190854386790657,0.830593876733866,0.805416124501967,"ENSG00000012171/ENSG00000133067",2
"GO:0051091","positive regulation of DNA-binding transcription factor activity","2/122","24/3645",0.0833333333333333,2.48975409836066,1.36244420241054,0.190854386790657,0.830593876733866,0.805416124501967,"ENSG00000164742/ENSG00000091831",2
"GO:0051932","synaptic transmission, GABAergic","2/122","24/3645",0.0833333333333333,2.48975409836066,1.36244420241054,0.190854386790657,0.830593876733866,0.805416124501967,"ENSG00000006128/ENSG00000094755",2
"GO:0060606","tube closure","2/122","24/3645",0.0833333333333333,2.48975409836066,1.36244420241054,0.190854386790657,0.830593876733866,0.805416124501967,"ENSG00000081479/ENSG00000104332",2
"GO:0070169","positive regulation of biomineral tissue development","2/122","24/3645",0.0833333333333333,2.48975409836066,1.36244420241054,0.190854386790657,0.830593876733866,0.805416124501967,"ENSG00000143867/ENSG00000138696",2
"GO:0071229","cellular response to acid chemical","2/122","24/3645",0.0833333333333333,2.48975409836066,1.36244420241054,0.190854386790657,0.830593876733866,0.805416124501967,"ENSG00000148053/ENSG00000107954",2
"GO:0071622","regulation of granulocyte chemotaxis","2/122","24/3645",0.0833333333333333,2.48975409836066,1.36244420241054,0.190854386790657,0.830593876733866,0.805416124501967,"ENSG00000134830/ENSG00000143556",2
"GO:0006979","response to oxidative stress","5/122","92/3645",0.0543478260869565,1.62375267284391,1.12751286902035,0.193351827394774,0.830593876733866,0.805416124501967,"ENSG00000113739/ENSG00000164879/ENSG00000171819/ENSG00000134824/ENSG00000143556",5
"GO:0043068","positive regulation of programmed cell death","7/122","142/3645",0.0492957746478873,1.47281228353729,1.06936417916096,0.196085130122594,0.830593876733866,0.805416124501967,"ENSG00000140538/ENSG00000141682/ENSG00000143546/ENSG00000163220/ENSG00000104332/ENSG00000138696/ENSG00000107954",7
"GO:0002221","pattern recognition receptor signaling pathway","3/122","46/3645",0.0652173913043478,1.94850320741269,1.20459088954092,0.19831694434327,0.830593876733866,0.805416124501967,"ENSG00000143546/ENSG00000163220/ENSG00000091831",3
"GO:1905039","carboxylic acid transmembrane transport","3/122","46/3645",0.0652173913043478,1.94850320741269,1.20459088954092,0.19831694434327,0.830593876733866,0.805416124501967,"ENSG00000131095/ENSG00000081479/ENSG00000174326",3
"GO:0016567","protein ubiquitination","4/122","69/3645",0.0579710144927536,1.7320028510335,1.14222415677498,0.198704058450134,0.830593876733866,0.805416124501967,"ENSG00000144712/ENSG00000162931/ENSG00000107954/ENSG00000133169",4
"GO:0031346","positive regulation of cell projection organization","5/122","93/3645",0.0537634408602151,1.60629296668429,1.10204747497907,0.199249509119579,0.830593876733866,0.805416124501967,"ENSG00000148053/ENSG00000108830/ENSG00000140538/ENSG00000163220/ENSG00000107954",5
"GO:0072521","purine-containing compound metabolic process","5/122","93/3645",0.0537634408602151,1.60629296668429,1.10204747497907,0.199249509119579,0.830593876733866,0.805416124501967,"ENSG00000115919/ENSG00000117009/ENSG00000112981/ENSG00000197977/ENSG00000164742",5
"GO:1901888","regulation of cell junction assembly","5/122","93/3645",0.0537634408602151,1.60629296668429,1.10204747497907,0.199249509119579,0.830593876733866,0.805416124501967,"ENSG00000148053/ENSG00000140538/ENSG00000104332/ENSG00000134757/ENSG00000107954",5
"GO:0007517","muscle organ development","6/122","118/3645",0.0508474576271186,1.51917199222006,1.0667491543463,0.201427720027856,0.830593876733866,0.805416124501967,"ENSG00000081479/ENSG00000064309/ENSG00000112183/ENSG00000069702/ENSG00000179388/ENSG00000107954",6
"GO:0001824","blastocyst development","2/122","25/3645",0.08,2.39016393442623,1.29776038893195,0.203170643538343,0.830593876733866,0.805416124501967,"ENSG00000119698/ENSG00000148488",2
"GO:0007044","cell-substrate junction assembly","2/122","25/3645",0.08,2.39016393442623,1.29776038893195,0.203170643538343,0.830593876733866,0.805416124501967,"ENSG00000053747/ENSG00000104332",2
"GO:0042752","regulation of circadian rhythm","2/122","25/3645",0.08,2.39016393442623,1.29776038893195,0.203170643538343,0.830593876733866,0.805416124501967,"ENSG00000133256/ENSG00000164742",2
"GO:0099068","postsynapse assembly","2/122","25/3645",0.08,2.39016393442623,1.29776038893195,0.203170643538343,0.830593876733866,0.805416124501967,"ENSG00000140538/ENSG00000107954",2
"GO:0150115","cell-substrate junction organization","2/122","25/3645",0.08,2.39016393442623,1.29776038893195,0.203170643538343,0.830593876733866,0.805416124501967,"ENSG00000053747/ENSG00000104332",2
"GO:1905477","positive regulation of protein localization to membrane","2/122","25/3645",0.08,2.39016393442623,1.29776038893195,0.203170643538343,0.830593876733866,0.805416124501967,"ENSG00000175920/ENSG00000134757",2
"GO:0060560","developmental growth involved in morphogenesis","5/122","94/3645",0.0531914893617021,1.58920474363446,1.07688072392701,0.205209259332776,0.830593876733866,0.805416124501967,"ENSG00000108830/ENSG00000140538/ENSG00000124205/ENSG00000104332/ENSG00000091831",5
"GO:0048469","cell maturation","4/122","70/3645",0.0571428571428571,1.70725995316159,1.11173900438454,0.205687573033405,0.830593876733866,0.805416124501967,"ENSG00000100146/ENSG00000082175/ENSG00000114547/ENSG00000159184",4
"GO:0002758","innate immune response-activating signaling pathway","3/122","47/3645",0.0638297872340425,1.90704569236135,1.16455577270287,0.20702435585872,0.830593876733866,0.805416124501967,"ENSG00000143546/ENSG00000163220/ENSG00000091831",3
"GO:0010976","positive regulation of neuron projection development","3/122","47/3645",0.0638297872340425,1.90704569236135,1.16455577270287,0.20702435585872,0.830593876733866,0.805416124501967,"ENSG00000148053/ENSG00000140538/ENSG00000163220",3
"GO:0009314","response to radiation","5/122","95/3645",0.0526315789473684,1.57247627264884,1.05200522116098,0.21122879539404,0.830593876733866,0.805416124501967,"ENSG00000196611/ENSG00000133256/ENSG00000186847/ENSG00000104332/ENSG00000108370",5
"GO:0030336","negative regulation of cell migration","5/122","95/3645",0.0526315789473684,1.57247627264884,1.05200522116098,0.21122879539404,0.830593876733866,0.805416124501967,"ENSG00000069702/ENSG00000104332/ENSG00000196090/ENSG00000134757/ENSG00000134830",5
"GO:0044283","small molecule biosynthetic process","7/122","146/3645",0.0479452054794521,1.43246126207051,0.9923490218525,0.215278340808932,0.830593876733866,0.805416124501967,"ENSG00000115919/ENSG00000117009/ENSG00000160867/ENSG00000146151/ENSG00000197977/ENSG00000100031/ENSG00000134824",7
"GO:0001841","neural tube formation","2/122","26/3645",0.0769230769230769,2.29823455233291,1.23611342725387,0.215574792541825,0.830593876733866,0.805416124501967,"ENSG00000081479/ENSG00000104332",2
"GO:0014020","primary neural tube formation","2/122","26/3645",0.0769230769230769,2.29823455233291,1.23611342725387,0.215574792541825,0.830593876733866,0.805416124501967,"ENSG00000081479/ENSG00000104332",2
"GO:0019915","lipid storage","2/122","26/3645",0.0769230769230769,2.29823455233291,1.23611342725387,0.215574792541825,0.830593876733866,0.805416124501967,"ENSG00000214456/ENSG00000187288",2
"GO:0030038","contractile actin filament bundle assembly","2/122","26/3645",0.0769230769230769,2.29823455233291,1.23611342725387,0.215574792541825,0.830593876733866,0.805416124501967,"ENSG00000006128/ENSG00000104332",2
"GO:0043149","stress fiber assembly","2/122","26/3645",0.0769230769230769,2.29823455233291,1.23611342725387,0.215574792541825,0.830593876733866,0.805416124501967,"ENSG00000006128/ENSG00000104332",2
"GO:0055008","cardiac muscle tissue morphogenesis","2/122","26/3645",0.0769230769230769,2.29823455233291,1.23611342725387,0.215574792541825,0.830593876733866,0.805416124501967,"ENSG00000081479/ENSG00000069702",2
"GO:0170062","nutrient storage","2/122","26/3645",0.0769230769230769,2.29823455233291,1.23611342725387,0.215574792541825,0.830593876733866,0.805416124501967,"ENSG00000214456/ENSG00000187288",2
"GO:1901379","regulation of potassium ion transmembrane transport","2/122","26/3645",0.0769230769230769,2.29823455233291,1.23611342725387,0.215574792541825,0.830593876733866,0.805416124501967,"ENSG00000124205/ENSG00000126562",2
"GO:1903825","organic acid transmembrane transport","3/122","48/3645",0.0625,1.86731557377049,1.12548658388081,0.215817975642093,0.830593876733866,0.805416124501967,"ENSG00000131095/ENSG00000081479/ENSG00000174326",3
"GO:0071695","anatomical structure maturation","5/122","96/3645",0.0520833333333333,1.55609631147541,1.02741383412751,0.217305815648923,0.830593876733866,0.805416124501967,"ENSG00000100146/ENSG00000168329/ENSG00000082175/ENSG00000114547/ENSG00000159184",5
"GO:0006793","phosphorus metabolic process","15/122","360/3645",0.0416666666666667,1.24487704918033,0.910635181029035,0.219646320215984,0.830593876733866,0.805416124501967,"ENSG00000148053/ENSG00000115919/ENSG00000117009/ENSG00000129951/ENSG00000160867/ENSG00000168004/ENSG00000112981/ENSG00000175920/ENSG00000106278/ENSG00000104332/ENSG00000197977/ENSG00000196090/ENSG00000126562/ENSG00000164742/ENSG00000131969",15
"GO:0006796","phosphate-containing compound metabolic process","15/122","360/3645",0.0416666666666667,1.24487704918033,0.910635181029035,0.219646320215984,0.830593876733866,0.805416124501967,"ENSG00000148053/ENSG00000115919/ENSG00000117009/ENSG00000129951/ENSG00000160867/ENSG00000168004/ENSG00000112981/ENSG00000175920/ENSG00000106278/ENSG00000104332/ENSG00000197977/ENSG00000196090/ENSG00000126562/ENSG00000164742/ENSG00000131969",15
"GO:0006163","purine nucleotide metabolic process","4/122","72/3645",0.0555555555555556,1.65983606557377,1.05220065474107,0.21986638761456,0.830593876733866,0.805416124501967,"ENSG00000115919/ENSG00000117009/ENSG00000112981/ENSG00000164742",4
"GO:0030522","intracellular receptor signaling pathway","4/122","72/3645",0.0555555555555556,1.65983606557377,1.05220065474107,0.21986638761456,0.830593876733866,0.805416124501967,"ENSG00000082175/ENSG00000104332/ENSG00000214456/ENSG00000091831",4
"GO:0061844","antimicrobial humoral immune response mediated by antimicrobial peptide","4/122","72/3645",0.0555555555555556,1.65983606557377,1.05220065474107,0.21986638761456,0.830593876733866,0.805416124501967,"ENSG00000163220/ENSG00000006128/ENSG00000145777/ENSG00000143556",4
"GO:0021700","developmental maturation","6/122","122/3645",0.0491803278688525,1.46936307444235,0.9811723286663,0.222873380374553,0.830593876733866,0.805416124501967,"ENSG00000100146/ENSG00000168329/ENSG00000082175/ENSG00000107954/ENSG00000114547/ENSG00000159184",6
"GO:0002218","activation of innate immune response","3/122","49/3645",0.0612244897959184,1.82920709267313,1.08733654455033,0.224690357585473,0.830593876733866,0.805416124501967,"ENSG00000143546/ENSG00000163220/ENSG00000091831",3
"GO:0006821","chloride transport","3/122","49/3645",0.0612244897959184,1.82920709267313,1.08733654455033,0.224690357585473,0.830593876733866,0.805416124501967,"ENSG00000094755/ENSG00000104044/ENSG00000126562",3
"GO:0072175","epithelial tube formation","3/122","49/3645",0.0612244897959184,1.82920709267313,1.08733654455033,0.224690357585473,0.830593876733866,0.805416124501967,"ENSG00000143867/ENSG00000081479/ENSG00000104332",3
"GO:1905475","regulation of protein localization to membrane","3/122","49/3645",0.0612244897959184,1.82920709267313,1.08733654455033,0.224690357585473,0.830593876733866,0.805416124501967,"ENSG00000175920/ENSG00000134757/ENSG00000126562",3
"GO:0032787","monocarboxylic acid metabolic process","7/122","148/3645",0.0472972972972973,1.41310367744794,0.95467352860984,0.225129801029097,0.830593876733866,0.805416124501967,"ENSG00000115919/ENSG00000117009/ENSG00000160867/ENSG00000197977/ENSG00000100031/ENSG00000214456/ENSG00000134824",7
"GO:0000902","cell morphogenesis","14/122","335/3645",0.0417910447761194,1.2485931000734,0.888403487553352,0.227075532707292,0.830593876733866,0.805416124501967,"ENSG00000143126/ENSG00000148053/ENSG00000108830/ENSG00000140538/ENSG00000124205/ENSG00000081479/ENSG00000146038/ENSG00000117407/ENSG00000106278/ENSG00000012171/ENSG00000120729/ENSG00000133067/ENSG00000138696/ENSG00000164742",14
"GO:0007186","G protein-coupled receptor signaling pathway","13/122","308/3645",0.0422077922077922,1.26104428358527,0.890890279095735,0.227769718654213,0.830593876733866,0.805416124501967,"ENSG00000135063/ENSG00000143126/ENSG00000164128/ENSG00000119147/ENSG00000168329/ENSG00000108018/ENSG00000006128/ENSG00000108370/ENSG00000133067/ENSG00000134830/ENSG00000172232/ENSG00000164742/ENSG00000091831",13
"GO:0002548","monocyte chemotaxis","2/122","27/3645",0.0740740740740741,2.21311475409836,1.17723255481446,0.228047354591483,0.830593876733866,0.805416124501967,"ENSG00000168329/ENSG00000143556",2
"GO:0003229","ventricular cardiac muscle tissue development","2/122","27/3645",0.0740740740740741,2.21311475409836,1.17723255481446,0.228047354591483,0.830593876733866,0.805416124501967,"ENSG00000081479/ENSG00000069702",2
"GO:0032231","regulation of actin filament bundle assembly","2/122","27/3645",0.0740740740740741,2.21311475409836,1.17723255481446,0.228047354591483,0.830593876733866,0.805416124501967,"ENSG00000006128/ENSG00000104332",2
"GO:0032722","positive regulation of chemokine production","2/122","27/3645",0.0740740740740741,2.21311475409836,1.17723255481446,0.228047354591483,0.830593876733866,0.805416124501967,"ENSG00000145777/ENSG00000172232",2
"GO:0043271","negative regulation of monoatomic ion transport","2/122","27/3645",0.0740740740740741,2.21311475409836,1.17723255481446,0.228047354591483,0.830593876733866,0.805416124501967,"ENSG00000143867/ENSG00000126562",2
"GO:0050730","regulation of peptidyl-tyrosine phosphorylation","2/122","27/3645",0.0740740740740741,2.21311475409836,1.17723255481446,0.228047354591483,0.830593876733866,0.805416124501967,"ENSG00000175920/ENSG00000104332",2
"GO:0060411","cardiac septum morphogenesis","2/122","27/3645",0.0740740740740741,2.21311475409836,1.17723255481446,0.228047354591483,0.830593876733866,0.805416124501967,"ENSG00000081479/ENSG00000069702",2
"GO:1905517","macrophage migration","2/122","27/3645",0.0740740740740741,2.21311475409836,1.17723255481446,0.228047354591483,0.830593876733866,0.805416124501967,"ENSG00000168329/ENSG00000172232",2
"GO:0044281","small molecule metabolic process","15/122","363/3645",0.0413223140495868,1.23458880910446,0.876403478461807,0.229231822873463,0.830593876733866,0.805416124501967,"ENSG00000164128/ENSG00000141682/ENSG00000115919/ENSG00000081479/ENSG00000117009/ENSG00000160867/ENSG00000146151/ENSG00000112981/ENSG00000197977/ENSG00000167701/ENSG00000100031/ENSG00000214456/ENSG00000104044/ENSG00000164742/ENSG00000134824",15
"GO:0061138","morphogenesis of a branching epithelium","5/122","98/3645",0.0510204081632653,1.52433924389428,0.979056116572644,0.229623024544935,0.830593876733866,0.805416124501967,"ENSG00000100146/ENSG00000082175/ENSG00000104332/ENSG00000091831/ENSG00000159184",5
"GO:0006753","nucleoside phosphate metabolic process","5/122","99/3645",0.0505050505050505,1.50894187779434,0.955276727151676,0.235858540799377,0.830593876733866,0.805416124501967,"ENSG00000115919/ENSG00000117009/ENSG00000112981/ENSG00000197977/ENSG00000164742",5
"GO:0010876","lipid localization","6/122","125/3645",0.048,1.43409836065574,0.918934588149686,0.239442352739431,0.830593876733866,0.805416124501967,"ENSG00000119147/ENSG00000154263/ENSG00000006128/ENSG00000214456/ENSG00000187288/ENSG00000126562",6
"GO:0002028","regulation of sodium ion transport","2/122","28/3645",0.0714285714285714,2.13407494145199,1.12088044776377,0.240570036006438,0.830593876733866,0.805416124501967,"ENSG00000143867/ENSG00000126562",2
"GO:0015800","acidic amino acid transport","2/122","28/3645",0.0714285714285714,2.13407494145199,1.12088044776377,0.240570036006438,0.830593876733866,0.805416124501967,"ENSG00000148053/ENSG00000117009",2
"GO:0046777","protein autophosphorylation","2/122","28/3645",0.0714285714285714,2.13407494145199,1.12088044776377,0.240570036006438,0.830593876733866,0.805416124501967,"ENSG00000148053/ENSG00000160867",2
"GO:0048145","regulation of fibroblast proliferation","2/122","28/3645",0.0714285714285714,2.13407494145199,1.12088044776377,0.240570036006438,0.830593876733866,0.805416124501967,"ENSG00000104332/ENSG00000091831",2
"GO:0060042","retina morphogenesis in camera-type eye","2/122","28/3645",0.0714285714285714,2.13407494145199,1.12088044776377,0.240570036006438,0.830593876733866,0.805416124501967,"ENSG00000148053/ENSG00000064309",2
"GO:0071347","cellular response to interleukin-1","2/122","28/3645",0.0714285714285714,2.13407494145199,1.12088044776377,0.240570036006438,0.830593876733866,0.805416124501967,"ENSG00000117009/ENSG00000104332",2
"GO:0051094","positive regulation of developmental process","18/122","450/3645",0.04,1.19508196721311,0.822433382376832,0.241915964939167,0.830593876733866,0.805416124501967,"ENSG00000131095/ENSG00000148053/ENSG00000108830/ENSG00000140538/ENSG00000124205/ENSG00000100146/ENSG00000143867/ENSG00000081479/ENSG00000064309/ENSG00000112183/ENSG00000069702/ENSG00000107014/ENSG00000168329/ENSG00000106278/ENSG00000104332/ENSG00000179388/ENSG00000138696/ENSG00000107954",18
"GO:0001666","response to hypoxia","5/122","100/3645",0.05,1.49385245901639,0.931755314863576,0.242142201969597,0.830593876733866,0.805416124501967,"ENSG00000141682/ENSG00000113739/ENSG00000069702/ENSG00000104332/ENSG00000164879",5
"GO:1903532","positive regulation of secretion by cell","5/122","100/3645",0.05,1.49385245901639,0.931755314863576,0.242142201969597,0.830593876733866,0.805416124501967,"ENSG00000124205/ENSG00000119147/ENSG00000149927/ENSG00000117009/ENSG00000006128",5
"GO:2000146","negative regulation of cell motility","5/122","100/3645",0.05,1.49385245901639,0.931755314863576,0.242142201969597,0.830593876733866,0.805416124501967,"ENSG00000069702/ENSG00000104332/ENSG00000196090/ENSG00000134757/ENSG00000134830",5
"GO:0031669","cellular response to nutrient levels","3/122","51/3645",0.0588235294117647,1.75747348119576,1.01362254729392,0.242642283937952,0.830593876733866,0.805416124501967,"ENSG00000141682/ENSG00000064309/ENSG00000104332",3
"GO:2001234","negative regulation of apoptotic signaling pathway","3/122","51/3645",0.0588235294117647,1.75747348119576,1.01362254729392,0.242642283937952,0.830593876733866,0.805416124501967,"ENSG00000168329/ENSG00000112981/ENSG00000164879",3
"GO:0035295","tube development","16/122","395/3645",0.0405063291139241,1.21020958705126,0.823231849602805,0.243540856971937,0.830593876733866,0.805416124501967,"ENSG00000148053/ENSG00000100146/ENSG00000143867/ENSG00000081479/ENSG00000069702/ENSG00000107014/ENSG00000168329/ENSG00000082175/ENSG00000104332/ENSG00000179388/ENSG00000120057/ENSG00000171243/ENSG00000126562/ENSG00000091831/ENSG00000159184/ENSG00000143556",16
"GO:0001822","kidney development","6/122","126/3645",0.0476190476190476,1.42271662763466,0.898540689047873,0.245049187595549,0.830593876733866,0.805416124501967,"ENSG00000143867/ENSG00000081479/ENSG00000104332/ENSG00000150893/ENSG00000126562/ENSG00000151892",6
"GO:0031667","response to nutrient levels","6/122","126/3645",0.0476190476190476,1.42271662763466,0.898540689047873,0.245049187595549,0.830593876733866,0.805416124501967,"ENSG00000141682/ENSG00000115919/ENSG00000064309/ENSG00000113739/ENSG00000104332/ENSG00000126562",6
"GO:0050790","regulation of catalytic activity","6/122","126/3645",0.0476190476190476,1.42271662763466,0.898540689047873,0.245049187595549,0.830593876733866,0.805416124501967,"ENSG00000148053/ENSG00000107014/ENSG00000160867/ENSG00000175920/ENSG00000214456/ENSG00000091831",6
"GO:0036293","response to decreased oxygen levels","5/122","101/3645",0.0495049504950495,1.47906184061029,0.908485890883033,0.248471653806549,0.830593876733866,0.805416124501967,"ENSG00000141682/ENSG00000113739/ENSG00000069702/ENSG00000104332/ENSG00000164879",5
"GO:0043491","phosphatidylinositol 3-kinase/protein kinase B signal transduction","5/122","101/3645",0.0495049504950495,1.47906184061029,0.908485890883033,0.248471653806549,0.830593876733866,0.805416124501967,"ENSG00000148053/ENSG00000140538/ENSG00000081479/ENSG00000168329/ENSG00000120057",5
"GO:0032446","protein modification by small protein conjugation","4/122","76/3645",0.0526315789473684,1.57247627264884,0.938434123527673,0.248964432335101,0.830593876733866,0.805416124501967,"ENSG00000144712/ENSG00000162931/ENSG00000107954/ENSG00000133169",4
"GO:0007519","skeletal muscle tissue development","3/122","52/3645",0.0576923076923077,1.72367591424968,0.977979968810848,0.251707620474863,0.830593876733866,0.805416124501967,"ENSG00000064309/ENSG00000112183/ENSG00000107954",3
"GO:0003281","ventricular septum development","2/122","29/3645",0.0689655172413793,2.06048615036744,1.06684804837122,0.253125672183613,0.830593876733866,0.805416124501967,"ENSG00000081479/ENSG00000069702",2
"GO:0006641","triglyceride metabolic process","2/122","29/3645",0.0689655172413793,2.06048615036744,1.06684804837122,0.253125672183613,0.830593876733866,0.805416124501967,"ENSG00000214456/ENSG00000187288",2
"GO:0009267","cellular response to starvation","2/122","29/3645",0.0689655172413793,2.06048615036744,1.06684804837122,0.253125672183613,0.830593876733866,0.805416124501967,"ENSG00000141682/ENSG00000104332",2
"GO:0032370","positive regulation of lipid transport","2/122","29/3645",0.0689655172413793,2.06048615036744,1.06684804837122,0.253125672183613,0.830593876733866,0.805416124501967,"ENSG00000119147/ENSG00000006128",2
"GO:0043534","blood vessel endothelial cell migration","2/122","29/3645",0.0689655172413793,2.06048615036744,1.06684804837122,0.253125672183613,0.830593876733866,0.805416124501967,"ENSG00000069702/ENSG00000179388",2
"GO:0045109","intermediate filament organization","2/122","29/3645",0.0689655172413793,2.06048615036744,1.06684804837122,0.253125672183613,0.830593876733866,0.805416124501967,"ENSG00000131095/ENSG00000186847",2
"GO:0061053","somite development","2/122","29/3645",0.0689655172413793,2.06048615036744,1.06684804837122,0.253125672183613,0.830593876733866,0.805416124501967,"ENSG00000104332/ENSG00000136099",2
"GO:0009057","macromolecule catabolic process","8/122","180/3645",0.0444444444444444,1.32786885245902,0.839455292664526,0.253454815187861,0.830593876733866,0.805416124501967,"ENSG00000131095/ENSG00000141682/ENSG00000119147/ENSG00000081479/ENSG00000112183/ENSG00000112981/ENSG00000257335/ENSG00000187715",8
"GO:0019730","antimicrobial humoral response","5/122","102/3645",0.0490196078431373,1.4645612343298,0.885462665822052,0.254844539520079,0.830593876733866,0.805416124501967,"ENSG00000163220/ENSG00000006128/ENSG00000145777/ENSG00000172232/ENSG00000143556",5
"GO:0055086","nucleobase-containing small molecule metabolic process","5/122","102/3645",0.0490196078431373,1.4645612343298,0.885462665822052,0.254844539520079,0.830593876733866,0.805416124501967,"ENSG00000115919/ENSG00000117009/ENSG00000112981/ENSG00000197977/ENSG00000164742",5
"GO:0030334","regulation of cell migration","13/122","316/3645",0.0411392405063291,1.22911911184893,0.792977269903922,0.256257646957472,0.830593876733866,0.805416124501967,"ENSG00000140538/ENSG00000053747/ENSG00000124205/ENSG00000069702/ENSG00000168329/ENSG00000006128/ENSG00000012171/ENSG00000104332/ENSG00000196090/ENSG00000134757/ENSG00000133067/ENSG00000134830/ENSG00000143556",13
"GO:0001667","ameboidal-type cell migration","4/122","77/3645",0.051948051948052,1.55205450287418,0.911019502620422,0.256371118814976,0.830593876733866,0.805416124501967,"ENSG00000124205/ENSG00000100146/ENSG00000006128/ENSG00000012171",4
"GO:0046486","glycerolipid metabolic process","4/122","77/3645",0.051948051948052,1.55205450287418,0.911019502620422,0.256371118814976,0.830593876733866,0.805416124501967,"ENSG00000168004/ENSG00000214456/ENSG00000187288/ENSG00000131969",4
"GO:0031349","positive regulation of defense response","6/122","128/3645",0.046875,1.40048668032787,0.858261547074451,0.256378907955549,0.830593876733866,0.805416124501967,"ENSG00000143546/ENSG00000163220/ENSG00000006128/ENSG00000198535/ENSG00000145777/ENSG00000091831",6
"GO:0002027","regulation of heart rate","3/122","53/3645",0.0566037735849057,1.69115372718837,0.943098823513022,0.26082331718914,0.830593876733866,0.805416124501967,"ENSG00000124205/ENSG00000006128/ENSG00000171385",3
"GO:0035148","tube formation","3/122","53/3645",0.0566037735849057,1.69115372718837,0.943098823513022,0.26082331718914,0.830593876733866,0.805416124501967,"ENSG00000143867/ENSG00000081479/ENSG00000104332",3
"GO:1905952","regulation of lipid localization","3/122","53/3645",0.0566037735849057,1.69115372718837,0.943098823513022,0.26082331718914,0.830593876733866,0.805416124501967,"ENSG00000119147/ENSG00000006128/ENSG00000214456",3
"GO:0120035","regulation of plasma membrane bounded cell projection organization","8/122","182/3645",0.043956043956044,1.31327688704738,0.806771561034661,0.263054679097564,0.830593876733866,0.805416124501967,"ENSG00000131095/ENSG00000148053/ENSG00000108830/ENSG00000140538/ENSG00000146038/ENSG00000163220/ENSG00000104332/ENSG00000107954",8
"GO:0009117","nucleotide metabolic process","4/122","78/3645",0.0512820512820513,1.53215636822194,0.883990887595463,0.263823193803533,0.830593876733866,0.805416124501967,"ENSG00000115919/ENSG00000117009/ENSG00000112981/ENSG00000164742",4
"GO:0007259","cell surface receptor signaling pathway via JAK-STAT","2/122","30/3645",0.0666666666666667,1.99180327868852,1.01495034161946,0.265698173548447,0.830593876733866,0.805416124501967,"ENSG00000186715/ENSG00000145777",2
"GO:0046496","nicotinamide nucleotide metabolic process","2/122","30/3645",0.0666666666666667,1.99180327868852,1.01495034161946,0.265698173548447,0.830593876733866,0.805416124501967,"ENSG00000115919/ENSG00000117009",2
"GO:0032496","response to lipopolysaccharide","5/122","104/3645",0.0480769230769231,1.43639659520807,0.840132601099779,0.267711187510972,0.830593876733866,0.805416124501967,"ENSG00000143546/ENSG00000117009/ENSG00000168329/ENSG00000006128/ENSG00000143556",5
"GO:0044087","regulation of cellular component biogenesis","10/122","237/3645",0.0421940928270042,1.26063498651172,0.77209345496235,0.26804636843156,0.830593876733866,0.805416124501967,"ENSG00000131095/ENSG00000148053/ENSG00000196611/ENSG00000140538/ENSG00000146038/ENSG00000069702/ENSG00000006128/ENSG00000104332/ENSG00000134757/ENSG00000107954",10
"GO:0019953","sexual reproduction","9/122","210/3645",0.0428571428571429,1.28044496487119,0.778944834412183,0.268432707820276,0.830593876733866,0.805416124501967,"ENSG00000183833/ENSG00000082175/ENSG00000112981/ENSG00000100031/ENSG00000163879/ENSG00000138696/ENSG00000104044/ENSG00000107954/ENSG00000114547",9
"GO:0030326","embryonic limb morphogenesis","3/122","54/3645",0.0555555555555556,1.65983606557377,0.90894583707703,0.269982653724035,0.830593876733866,0.805416124501967,"ENSG00000143867/ENSG00000150893/ENSG00000144218",3
"GO:0035113","embryonic appendage morphogenesis","3/122","54/3645",0.0555555555555556,1.65983606557377,0.90894583707703,0.269982653724035,0.830593876733866,0.805416124501967,"ENSG00000143867/ENSG00000150893/ENSG00000144218",3
"GO:0051130","positive regulation of cellular component organization","13/122","320/3645",0.040625,1.21375512295082,0.744918009744459,0.270987841392291,0.830593876733866,0.805416124501967,"ENSG00000148053/ENSG00000108830/ENSG00000196611/ENSG00000140538/ENSG00000124205/ENSG00000141682/ENSG00000149927/ENSG00000163220/ENSG00000006128/ENSG00000104332/ENSG00000134757/ENSG00000172232/ENSG00000107954",13
"GO:0098742","cell-cell adhesion via plasma-membrane adhesion molecules","6/122","131/3645",0.0458015267175573,1.36841446627456,0.799068888996821,0.273639077064404,0.830593876733866,0.805416124501967,"ENSG00000143126/ENSG00000120729/ENSG00000196090/ENSG00000134757/ENSG00000134760/ENSG00000136099",6
"GO:0040013","negative regulation of locomotion","5/122","105/3645",0.0476190476190476,1.42271662763466,0.817815104902788,0.27420024542556,0.830593876733866,0.805416124501967,"ENSG00000069702/ENSG00000104332/ENSG00000196090/ENSG00000134757/ENSG00000134830",5
"GO:0070482","response to oxygen levels","5/122","105/3645",0.0476190476190476,1.42271662763466,0.817815104902788,0.27420024542556,0.830593876733866,0.805416124501967,"ENSG00000141682/ENSG00000113739/ENSG00000069702/ENSG00000104332/ENSG00000164879",5
"GO:0001676","long-chain fatty acid metabolic process","2/122","31/3645",0.0645161290322581,1.92755156002115,0.965022881356587,0.278272473811745,0.830593876733866,0.805416124501967,"ENSG00000197977/ENSG00000134824",2
"GO:0009798","axis specification","2/122","31/3645",0.0645161290322581,1.92755156002115,0.965022881356587,0.278272473811745,0.830593876733866,0.805416124501967,"ENSG00000104332/ENSG00000143768",2
"GO:0015837","amine transport","2/122","31/3645",0.0645161290322581,1.92755156002115,0.965022881356587,0.278272473811745,0.830593876733866,0.805416124501967,"ENSG00000117009/ENSG00000103569",2
"GO:0032611","interleukin-1 beta production","2/122","31/3645",0.0645161290322581,1.92755156002115,0.965022881356587,0.278272473811745,0.830593876733866,0.805416124501967,"ENSG00000168329/ENSG00000172232",2
"GO:0032651","regulation of interleukin-1 beta production","2/122","31/3645",0.0645161290322581,1.92755156002115,0.965022881356587,0.278272473811745,0.830593876733866,0.805416124501967,"ENSG00000168329/ENSG00000172232",2
"GO:0043200","response to amino acid","2/122","31/3645",0.0645161290322581,1.92755156002115,0.965022881356587,0.278272473811745,0.830593876733866,0.805416124501967,"ENSG00000148053/ENSG00000107954",2
"GO:0060415","muscle tissue morphogenesis","2/122","31/3645",0.0645161290322581,1.92755156002115,0.965022881356587,0.278272473811745,0.830593876733866,0.805416124501967,"ENSG00000081479/ENSG00000069702",2
"GO:0072524","pyridine-containing compound metabolic process","2/122","31/3645",0.0645161290322581,1.92755156002115,0.965022881356587,0.278272473811745,0.830593876733866,0.805416124501967,"ENSG00000115919/ENSG00000117009",2
"GO:0072001","renal system development","6/122","132/3645",0.0454545454545455,1.3580476900149,0.779653341880342,0.279456715494883,0.830593876733866,0.805416124501967,"ENSG00000143867/ENSG00000081479/ENSG00000104332/ENSG00000150893/ENSG00000126562/ENSG00000151892",6
"GO:0001763","morphogenesis of a branching structure","5/122","107/3645",0.0467289719626168,1.39612379347326,0.773849812791352,0.287278116506261,0.830593876733866,0.805416124501967,"ENSG00000100146/ENSG00000082175/ENSG00000104332/ENSG00000091831/ENSG00000159184",5
"GO:0043122","regulation of canonical NF-kappaB signal transduction","3/122","56/3645",0.0535714285714286,1.60055620608899,0.842701411824792,0.288406183247384,0.830593876733866,0.805416124501967,"ENSG00000069702/ENSG00000168329/ENSG00000091831",3
"GO:0043524","negative regulation of neuron apoptotic process","3/122","56/3645",0.0535714285714286,1.60055620608899,0.842701411824792,0.288406183247384,0.830593876733866,0.805416124501967,"ENSG00000148053/ENSG00000168329/ENSG00000106278",3
"GO:0050770","regulation of axonogenesis","3/122","56/3645",0.0535714285714286,1.60055620608899,0.842701411824792,0.288406183247384,0.830593876733866,0.805416124501967,"ENSG00000148053/ENSG00000108830/ENSG00000140538",3
"GO:0001911","negative regulation of leukocyte mediated cytotoxicity","1/122","10/3645",0.1,2.98770491803279,1.17114989165299,0.288843630129167,0.830593876733866,0.805416124501967,"ENSG00000168329",1
"GO:0001975","response to amphetamine","1/122","10/3645",0.1,2.98770491803279,1.17114989165299,0.288843630129167,0.830593876733866,0.805416124501967,"ENSG00000108370",1
"GO:0002115","store-operated calcium entry","1/122","10/3645",0.1,2.98770491803279,1.17114989165299,0.288843630129167,0.830593876733866,0.805416124501967,"ENSG00000113739",1
"GO:0003128","heart field specification","1/122","10/3645",0.1,2.98770491803279,1.17114989165299,0.288843630129167,0.830593876733866,0.805416124501967,"ENSG00000081479",1
"GO:0003352","regulation of cilium movement","1/122","10/3645",0.1,2.98770491803279,1.17114989165299,0.288843630129167,0.830593876733866,0.805416124501967,"ENSG00000006128",1
"GO:0006699","bile acid biosynthetic process","1/122","10/3645",0.1,2.98770491803279,1.17114989165299,0.288843630129167,0.830593876733866,0.805416124501967,"ENSG00000160867",1
"GO:0006704","glucocorticoid biosynthetic process","1/122","10/3645",0.1,2.98770491803279,1.17114989165299,0.288843630129167,0.830593876733866,0.805416124501967,"ENSG00000170099",1
"GO:0006892","post-Golgi vesicle-mediated transport","1/122","10/3645",0.1,2.98770491803279,1.17114989165299,0.288843630129167,0.830593876733866,0.805416124501967,"ENSG00000108018",1
"GO:0007212","G protein-coupled dopamine receptor signaling pathway","1/122","10/3645",0.1,2.98770491803279,1.17114989165299,0.288843630129167,0.830593876733866,0.805416124501967,"ENSG00000108370",1
"GO:0007340","acrosome reaction","1/122","10/3645",0.1,2.98770491803279,1.17114989165299,0.288843630129167,0.830593876733866,0.805416124501967,"ENSG00000114547",1
"GO:0009451","RNA modification","1/122","10/3645",0.1,2.98770491803279,1.17114989165299,0.288843630129167,0.830593876733866,0.805416124501967,"ENSG00000250305",1
"GO:0010453","regulation of cell fate commitment","1/122","10/3645",0.1,2.98770491803279,1.17114989165299,0.288843630129167,0.830593876733866,0.805416124501967,"ENSG00000171243",1
"GO:0016048","detection of temperature stimulus","1/122","10/3645",0.1,2.98770491803279,1.17114989165299,0.288843630129167,0.830593876733866,0.805416124501967,"ENSG00000006128",1
"GO:0016601","Rac protein signal transduction","1/122","10/3645",0.1,2.98770491803279,1.17114989165299,0.288843630129167,0.830593876733866,0.805416124501967,"ENSG00000175920",1
"GO:0019433","triglyceride catabolic process","1/122","10/3645",0.1,2.98770491803279,1.17114989165299,0.288843630129167,0.830593876733866,0.805416124501967,"ENSG00000214456",1
"GO:0031397","negative regulation of protein ubiquitination","1/122","10/3645",0.1,2.98770491803279,1.17114989165299,0.288843630129167,0.830593876733866,0.805416124501967,"ENSG00000133169",1
"GO:0032924","activin receptor signaling pathway","1/122","10/3645",0.1,2.98770491803279,1.17114989165299,0.288843630129167,0.830593876733866,0.805416124501967,"ENSG00000147255",1
"GO:0033598","mammary gland epithelial cell proliferation","1/122","10/3645",0.1,2.98770491803279,1.17114989165299,0.288843630129167,0.830593876733866,0.805416124501967,"ENSG00000091831",1
"GO:0034205","amyloid-beta formation","1/122","10/3645",0.1,2.98770491803279,1.17114989165299,0.288843630129167,0.830593876733866,0.805416124501967,"ENSG00000148053",1
"GO:0034390","smooth muscle cell apoptotic process","1/122","10/3645",0.1,2.98770491803279,1.17114989165299,0.288843630129167,0.830593876733866,0.805416124501967,"ENSG00000091831",1
"GO:0034391","regulation of smooth muscle cell apoptotic process","1/122","10/3645",0.1,2.98770491803279,1.17114989165299,0.288843630129167,0.830593876733866,0.805416124501967,"ENSG00000091831",1
"GO:0035767","endothelial cell chemotaxis","1/122","10/3645",0.1,2.98770491803279,1.17114989165299,0.288843630129167,0.830593876733866,0.805416124501967,"ENSG00000179388",1
"GO:0042461","photoreceptor cell development","1/122","10/3645",0.1,2.98770491803279,1.17114989165299,0.288843630129167,0.830593876733866,0.805416124501967,"ENSG00000148053",1
"GO:0045663","positive regulation of myoblast differentiation","1/122","10/3645",0.1,2.98770491803279,1.17114989165299,0.288843630129167,0.830593876733866,0.805416124501967,"ENSG00000112183",1
"GO:0046058","cAMP metabolic process","1/122","10/3645",0.1,2.98770491803279,1.17114989165299,0.288843630129167,0.830593876733866,0.805416124501967,"ENSG00000164742",1
"GO:0046697","decidualization","1/122","10/3645",0.1,2.98770491803279,1.17114989165299,0.288843630129167,0.830593876733866,0.805416124501967,"ENSG00000113739",1
"GO:0048934","peripheral nervous system neuron differentiation","1/122","10/3645",0.1,2.98770491803279,1.17114989165299,0.288843630129167,0.830593876733866,0.805416124501967,"ENSG00000148053",1
"GO:0060272","embryonic skeletal joint morphogenesis","1/122","10/3645",0.1,2.98770491803279,1.17114989165299,0.288843630129167,0.830593876733866,0.805416124501967,"ENSG00000143867",1
"GO:0060391","positive regulation of SMAD protein signal transduction","1/122","10/3645",0.1,2.98770491803279,1.17114989165299,0.288843630129167,0.830593876733866,0.805416124501967,"ENSG00000069702",1
"GO:0070570","regulation of neuron projection regeneration","1/122","10/3645",0.1,2.98770491803279,1.17114989165299,0.288843630129167,0.830593876733866,0.805416124501967,"ENSG00000140538",1
"GO:0070942","neutrophil mediated cytotoxicity","1/122","10/3645",0.1,2.98770491803279,1.17114989165299,0.288843630129167,0.830593876733866,0.805416124501967,"ENSG00000172232",1
"GO:0072234","metanephric nephron tubule development","1/122","10/3645",0.1,2.98770491803279,1.17114989165299,0.288843630129167,0.830593876733866,0.805416124501967,"ENSG00000143867",1
"GO:0072332","intrinsic apoptotic signaling pathway by p53 class mediator","1/122","10/3645",0.1,2.98770491803279,1.17114989165299,0.288843630129167,0.830593876733866,0.805416124501967,"ENSG00000141682",1
"GO:0097421","liver regeneration","1/122","10/3645",0.1,2.98770491803279,1.17114989165299,0.288843630129167,0.830593876733866,0.805416124501967,"ENSG00000164879",1
"GO:1902991","regulation of amyloid precursor protein catabolic process","1/122","10/3645",0.1,2.98770491803279,1.17114989165299,0.288843630129167,0.830593876733866,0.805416124501967,"ENSG00000148053",1
"GO:1903975","regulation of glial cell migration","1/122","10/3645",0.1,2.98770491803279,1.17114989165299,0.288843630129167,0.830593876733866,0.805416124501967,"ENSG00000168329",1
"GO:0001101","response to acid chemical","2/122","32/3645",0.0625,1.86731557377049,0.916918913364928,0.290834480440769,0.830593876733866,0.805416124501967,"ENSG00000148053/ENSG00000107954",2
"GO:0003208","cardiac ventricle morphogenesis","2/122","32/3645",0.0625,1.86731557377049,0.916918913364928,0.290834480440769,0.830593876733866,0.805416124501967,"ENSG00000081479/ENSG00000069702",2
"GO:0060688","regulation of morphogenesis of a branching structure","2/122","32/3645",0.0625,1.86731557377049,0.916918913364928,0.290834480440769,0.830593876733866,0.805416124501967,"ENSG00000104332/ENSG00000091831",2
"GO:0019637","organophosphate metabolic process","8/122","188/3645",0.0425531914893617,1.27136379490757,0.710876105760021,0.292489558981614,0.830593876733866,0.805416124501967,"ENSG00000115919/ENSG00000117009/ENSG00000129951/ENSG00000168004/ENSG00000112981/ENSG00000197977/ENSG00000164742/ENSG00000131969",8
"GO:0008217","regulation of blood pressure","4/122","82/3645",0.0487804878048781,1.45741703318673,0.7795143700291,0.294012168837554,0.830593876733866,0.805416124501967,"ENSG00000164128/ENSG00000124205/ENSG00000006128/ENSG00000126562",4
"GO:0043085","positive regulation of catalytic activity","4/122","82/3645",0.0487804878048781,1.45741703318673,0.7795143700291,0.294012168837554,0.830593876733866,0.805416124501967,"ENSG00000160867/ENSG00000175920/ENSG00000214456/ENSG00000091831",4
"GO:0070647","protein modification by small protein conjugation or removal","4/122","82/3645",0.0487804878048781,1.45741703318673,0.7795143700291,0.294012168837554,0.830593876733866,0.805416124501967,"ENSG00000144712/ENSG00000162931/ENSG00000107954/ENSG00000133169",4
"GO:0009887","animal organ morphogenesis","15/122","383/3645",0.0391644908616188,1.17011941959509,0.654823231753651,0.297349612868234,0.830593876733866,0.805416124501967,"ENSG00000148053/ENSG00000164128/ENSG00000143867/ENSG00000081479/ENSG00000064309/ENSG00000069702/ENSG00000082175/ENSG00000104332/ENSG00000171243/ENSG00000136457/ENSG00000138696/ENSG00000126562/ENSG00000112280/ENSG00000091831/ENSG00000159184",15
"GO:2000145","regulation of cell motility","13/122","327/3645",0.0397553516819572,1.18777259738307,0.662187040638213,0.297450091520282,0.830593876733866,0.805416124501967,"ENSG00000140538/ENSG00000053747/ENSG00000124205/ENSG00000069702/ENSG00000168329/ENSG00000006128/ENSG00000012171/ENSG00000104332/ENSG00000196090/ENSG00000134757/ENSG00000133067/ENSG00000134830/ENSG00000143556",13
"GO:0031344","regulation of cell projection organization","8/122","189/3645",0.0423280423280423,1.26463700234192,0.695196187164124,0.297477903364687,0.830593876733866,0.805416124501967,"ENSG00000131095/ENSG00000148053/ENSG00000108830/ENSG00000140538/ENSG00000146038/ENSG00000163220/ENSG00000104332/ENSG00000107954",8
"GO:0010498","proteasomal protein catabolic process","3/122","57/3645",0.0526315789473684,1.57247627264884,0.810553116198642,0.297657765460239,0.830593876733866,0.805416124501967,"ENSG00000141682/ENSG00000119147/ENSG00000187715",3
"GO:2000241","regulation of reproductive process","3/122","57/3645",0.0526315789473684,1.57247627264884,0.810553116198642,0.297657765460239,0.830593876733866,0.805416124501967,"ENSG00000006128/ENSG00000104332/ENSG00000091831",3
"GO:2000026","regulation of multicellular organismal development","18/122","468/3645",0.0384615384615385,1.14911727616646,0.642917221452601,0.298459743426689,0.830593876733866,0.805416124501967,"ENSG00000131095/ENSG00000148053/ENSG00000108830/ENSG00000140538/ENSG00000053747/ENSG00000100146/ENSG00000143867/ENSG00000081479/ENSG00000064309/ENSG00000069702/ENSG00000107014/ENSG00000168329/ENSG00000106278/ENSG00000104332/ENSG00000171819/ENSG00000179388/ENSG00000138696/ENSG00000107954",18
"GO:0048638","regulation of developmental growth","5/122","109/3645",0.0458715596330275,1.37050684313431,0.730745470967361,0.3004734930451,0.830593876733866,0.805416124501967,"ENSG00000108830/ENSG00000140538/ENSG00000164128/ENSG00000113739/ENSG00000069702",5
"GO:0001508","action potential","4/122","83/3645",0.0481927710843374,1.43985779182303,0.754253190929147,0.301636631255516,0.830593876733866,0.805416124501967,"ENSG00000148053/ENSG00000140538/ENSG00000006128/ENSG00000171385",4
"GO:0021953","central nervous system neuron differentiation","4/122","83/3645",0.0481927710843374,1.43985779182303,0.754253190929147,0.301636631255516,0.830593876733866,0.805416124501967,"ENSG00000148053/ENSG00000064309/ENSG00000104332/ENSG00000138696",4
"GO:0009967","positive regulation of signal transduction","17/122","441/3645",0.0385487528344671,1.15172298427568,0.632320402882294,0.30284206519404,0.830593876733866,0.805416124501967,"ENSG00000148053/ENSG00000140538/ENSG00000124205/ENSG00000141682/ENSG00000143546/ENSG00000146038/ENSG00000064309/ENSG00000069702/ENSG00000163220/ENSG00000168329/ENSG00000160867/ENSG00000175920/ENSG00000104332/ENSG00000133067/ENSG00000138696/ENSG00000145777/ENSG00000143556",17
"GO:0007631","feeding behavior","2/122","33/3645",0.0606060606060606,1.8107302533532,0.870506977528453,0.303371027256175,0.830593876733866,0.805416124501967,"ENSG00000148053/ENSG00000164128",2
"GO:0034976","response to endoplasmic reticulum stress","2/122","33/3645",0.0606060606060606,1.8107302533532,0.870506977528453,0.303371027256175,0.830593876733866,0.805416124501967,"ENSG00000141682/ENSG00000113739",2
"GO:0042594","response to starvation","2/122","33/3645",0.0606060606060606,1.8107302533532,0.870506977528453,0.303371027256175,0.830593876733866,0.805416124501967,"ENSG00000141682/ENSG00000104332",2
"GO:0046887","positive regulation of hormone secretion","3/122","58/3645",0.0517241379310345,1.54536461277558,0.77901898310765,0.306927772076711,0.830593876733866,0.805416124501967,"ENSG00000124205/ENSG00000119147/ENSG00000006128",3
"GO:0060538","skeletal muscle organ development","3/122","58/3645",0.0517241379310345,1.54536461277558,0.77901898310765,0.306927772076711,0.830593876733866,0.805416124501967,"ENSG00000064309/ENSG00000112183/ENSG00000107954",3
"GO:0030335","positive regulation of cell migration","8/122","191/3645",0.0418848167539267,1.25139473006609,0.664086213492981,0.307516566523765,0.830593876733866,0.805416124501967,"ENSG00000140538/ENSG00000124205/ENSG00000069702/ENSG00000168329/ENSG00000006128/ENSG00000012171/ENSG00000133067/ENSG00000143556",8
"GO:0001944","vasculature development","11/122","274/3645",0.0401459854014599,1.19944358023214,0.6387468106806,0.30846781121089,0.830593876733866,0.805416124501967,"ENSG00000148053/ENSG00000143867/ENSG00000081479/ENSG00000069702/ENSG00000107014/ENSG00000168329/ENSG00000104332/ENSG00000171819/ENSG00000179388/ENSG00000159184/ENSG00000143556",11
"GO:0016049","cell growth","6/122","137/3645",0.0437956204379562,1.30848390570779,0.684818966624698,0.308952659028398,0.830593876733866,0.805416124501967,"ENSG00000108830/ENSG00000140538/ENSG00000124205/ENSG00000143546/ENSG00000163220/ENSG00000104332",6
"GO:0008202","steroid metabolic process","4/122","84/3645",0.0476190476190476,1.42271662763466,0.72931604018542,0.309284960252916,0.830593876733866,0.805416124501967,"ENSG00000081479/ENSG00000160867/ENSG00000170099/ENSG00000091831",4
"GO:0050877","nervous system process","14/122","359/3645",0.0389972144846797,1.16512169505457,0.613098651423926,0.312457182850319,0.830593876733866,0.805416124501967,"ENSG00000148053/ENSG00000140538/ENSG00000164128/ENSG00000100146/ENSG00000081479/ENSG00000133256/ENSG00000146038/ENSG00000130045/ENSG00000006128/ENSG00000106278/ENSG00000108370/ENSG00000164879/ENSG00000120057/ENSG00000164742",14
"GO:0001502","cartilage condensation","1/122","11/3645",0.0909090909090909,2.71609538002981,1.06061577216754,0.312711876930884,0.830593876733866,0.805416124501967,"ENSG00000138696",1
"GO:0001893","maternal placenta development","1/122","11/3645",0.0909090909090909,2.71609538002981,1.06061577216754,0.312711876930884,0.830593876733866,0.805416124501967,"ENSG00000113739",1
"GO:0003085","negative regulation of systemic arterial blood pressure","1/122","11/3645",0.0909090909090909,2.71609538002981,1.06061577216754,0.312711876930884,0.830593876733866,0.805416124501967,"ENSG00000006128",1
"GO:0006536","glutamate metabolic process","1/122","11/3645",0.0909090909090909,2.71609538002981,1.06061577216754,0.312711876930884,0.830593876733866,0.805416124501967,"ENSG00000100031",1
"GO:0007040","lysosome organization","1/122","11/3645",0.0909090909090909,2.71609538002981,1.06061577216754,0.312711876930884,0.830593876733866,0.805416124501967,"ENSG00000104044",1
"GO:0007274","neuromuscular synaptic transmission","1/122","11/3645",0.0909090909090909,2.71609538002981,1.06061577216754,0.312711876930884,0.830593876733866,0.805416124501967,"ENSG00000179388",1
"GO:0007595","lactation","1/122","11/3645",0.0909090909090909,2.71609538002981,1.06061577216754,0.312711876930884,0.830593876733866,0.805416124501967,"ENSG00000107954",1
"GO:0007620","copulation","1/122","11/3645",0.0909090909090909,2.71609538002981,1.06061577216754,0.312711876930884,0.830593876733866,0.805416124501967,"ENSG00000006128",1
"GO:0010165","response to X-ray","1/122","11/3645",0.0909090909090909,2.71609538002981,1.06061577216754,0.312711876930884,0.830593876733866,0.805416124501967,"ENSG00000104332",1
"GO:0010634","positive regulation of epithelial cell migration","1/122","11/3645",0.0909090909090909,2.71609538002981,1.06061577216754,0.312711876930884,0.830593876733866,0.805416124501967,"ENSG00000006128",1
"GO:0019432","triglyceride biosynthetic process","1/122","11/3645",0.0909090909090909,2.71609538002981,1.06061577216754,0.312711876930884,0.830593876733866,0.805416124501967,"ENSG00000214456",1
"GO:0032332","positive regulation of chondrocyte differentiation","1/122","11/3645",0.0909090909090909,2.71609538002981,1.06061577216754,0.312711876930884,0.830593876733866,0.805416124501967,"ENSG00000138696",1
"GO:0032692","negative regulation of interleukin-1 production","1/122","11/3645",0.0909090909090909,2.71609538002981,1.06061577216754,0.312711876930884,0.830593876733866,0.805416124501967,"ENSG00000168329",1
"GO:0033143","regulation of intracellular steroid hormone receptor signaling pathway","1/122","11/3645",0.0909090909090909,2.71609538002981,1.06061577216754,0.312711876930884,0.830593876733866,0.805416124501967,"ENSG00000104332",1
"GO:0034502","protein localization to chromosome","1/122","11/3645",0.0909090909090909,2.71609538002981,1.06061577216754,0.312711876930884,0.830593876733866,0.805416124501967,"ENSG00000091831",1
"GO:0038066","p38MAPK cascade","1/122","11/3645",0.0909090909090909,2.71609538002981,1.06061577216754,0.312711876930884,0.830593876733866,0.805416124501967,"ENSG00000134757",1
"GO:0042440","pigment metabolic process","1/122","11/3645",0.0909090909090909,2.71609538002981,1.06061577216754,0.312711876930884,0.830593876733866,0.805416124501967,"ENSG00000104044",1
"GO:0042474","middle ear morphogenesis","1/122","11/3645",0.0909090909090909,2.71609538002981,1.06061577216754,0.312711876930884,0.830593876733866,0.805416124501967,"ENSG00000143867",1
"GO:0043433","negative regulation of DNA-binding transcription factor activity","1/122","11/3645",0.0909090909090909,2.71609538002981,1.06061577216754,0.312711876930884,0.830593876733866,0.805416124501967,"ENSG00000091831",1
"GO:0045429","positive regulation of nitric oxide biosynthetic process","1/122","11/3645",0.0909090909090909,2.71609538002981,1.06061577216754,0.312711876930884,0.830593876733866,0.805416124501967,"ENSG00000091831",1
"GO:0045494","photoreceptor cell maintenance","1/122","11/3645",0.0909090909090909,2.71609538002981,1.06061577216754,0.312711876930884,0.830593876733866,0.805416124501967,"ENSG00000130045",1
"GO:0045577","regulation of B cell differentiation","1/122","11/3645",0.0909090909090909,2.71609538002981,1.06061577216754,0.312711876930884,0.830593876733866,0.805416124501967,"ENSG00000104332",1
"GO:0045746","negative regulation of Notch signaling pathway","1/122","11/3645",0.0909090909090909,2.71609538002981,1.06061577216754,0.312711876930884,0.830593876733866,0.805416124501967,"ENSG00000107954",1
"GO:0045773","positive regulation of axon extension","1/122","11/3645",0.0909090909090909,2.71609538002981,1.06061577216754,0.312711876930884,0.830593876733866,0.805416124501967,"ENSG00000140538",1
"GO:0045922","negative regulation of fatty acid metabolic process","1/122","11/3645",0.0909090909090909,2.71609538002981,1.06061577216754,0.312711876930884,0.830593876733866,0.805416124501967,"ENSG00000214456",1
"GO:0046337","phosphatidylethanolamine metabolic process","1/122","11/3645",0.0909090909090909,2.71609538002981,1.06061577216754,0.312711876930884,0.830593876733866,0.805416124501967,"ENSG00000168004",1
"GO:0046460","neutral lipid biosynthetic process","1/122","11/3645",0.0909090909090909,2.71609538002981,1.06061577216754,0.312711876930884,0.830593876733866,0.805416124501967,"ENSG00000214456",1
"GO:0046463","acylglycerol biosynthetic process","1/122","11/3645",0.0909090909090909,2.71609538002981,1.06061577216754,0.312711876930884,0.830593876733866,0.805416124501967,"ENSG00000214456",1
"GO:0046629","gamma-delta T cell activation","1/122","11/3645",0.0909090909090909,2.71609538002981,1.06061577216754,0.312711876930884,0.830593876733866,0.805416124501967,"ENSG00000179388",1
"GO:0048670","regulation of collateral sprouting","1/122","11/3645",0.0909090909090909,2.71609538002981,1.06061577216754,0.312711876930884,0.830593876733866,0.805416124501967,"ENSG00000108830",1
"GO:0050951","sensory perception of temperature stimulus","1/122","11/3645",0.0909090909090909,2.71609538002981,1.06061577216754,0.312711876930884,0.830593876733866,0.805416124501967,"ENSG00000006128",1
"GO:0051590","positive regulation of neurotransmitter transport","1/122","11/3645",0.0909090909090909,2.71609538002981,1.06061577216754,0.312711876930884,0.830593876733866,0.805416124501967,"ENSG00000117009",1
"GO:0051930","regulation of sensory perception of pain","1/122","11/3645",0.0909090909090909,2.71609538002981,1.06061577216754,0.312711876930884,0.830593876733866,0.805416124501967,"ENSG00000006128",1
"GO:0051931","regulation of sensory perception","1/122","11/3645",0.0909090909090909,2.71609538002981,1.06061577216754,0.312711876930884,0.830593876733866,0.805416124501967,"ENSG00000006128",1
"GO:0060317","cardiac epithelial to mesenchymal transition","1/122","11/3645",0.0909090909090909,2.71609538002981,1.06061577216754,0.312711876930884,0.830593876733866,0.805416124501967,"ENSG00000069702",1
"GO:0060392","negative regulation of SMAD protein signal transduction","1/122","11/3645",0.0909090909090909,2.71609538002981,1.06061577216754,0.312711876930884,0.830593876733866,0.805416124501967,"ENSG00000069702",1
"GO:0060572","morphogenesis of an epithelial bud","1/122","11/3645",0.0909090909090909,2.71609538002981,1.06061577216754,0.312711876930884,0.830593876733866,0.805416124501967,"ENSG00000171243",1
"GO:0071354","cellular response to interleukin-6","1/122","11/3645",0.0909090909090909,2.71609538002981,1.06061577216754,0.312711876930884,0.830593876733866,0.805416124501967,"ENSG00000196090",1
"GO:0071379","cellular response to prostaglandin stimulus","1/122","11/3645",0.0909090909090909,2.71609538002981,1.06061577216754,0.312711876930884,0.830593876733866,0.805416124501967,"ENSG00000104332",1
"GO:0072074","kidney mesenchyme development","1/122","11/3645",0.0909090909090909,2.71609538002981,1.06061577216754,0.312711876930884,0.830593876733866,0.805416124501967,"ENSG00000143867",1
"GO:0072087","renal vesicle development","1/122","11/3645",0.0909090909090909,2.71609538002981,1.06061577216754,0.312711876930884,0.830593876733866,0.805416124501967,"ENSG00000143867",1
"GO:0072111","cell proliferation involved in kidney development","1/122","11/3645",0.0909090909090909,2.71609538002981,1.06061577216754,0.312711876930884,0.830593876733866,0.805416124501967,"ENSG00000143867",1
"GO:0072170","metanephric tubule development","1/122","11/3645",0.0909090909090909,2.71609538002981,1.06061577216754,0.312711876930884,0.830593876733866,0.805416124501967,"ENSG00000143867",1
"GO:0072202","cell differentiation involved in metanephros development","1/122","11/3645",0.0909090909090909,2.71609538002981,1.06061577216754,0.312711876930884,0.830593876733866,0.805416124501967,"ENSG00000143867",1
"GO:0072243","metanephric nephron epithelium development","1/122","11/3645",0.0909090909090909,2.71609538002981,1.06061577216754,0.312711876930884,0.830593876733866,0.805416124501967,"ENSG00000143867",1
"GO:0072527","pyrimidine-containing compound metabolic process","1/122","11/3645",0.0909090909090909,2.71609538002981,1.06061577216754,0.312711876930884,0.830593876733866,0.805416124501967,"ENSG00000112981",1
"GO:0080171","lytic vacuole organization","1/122","11/3645",0.0909090909090909,2.71609538002981,1.06061577216754,0.312711876930884,0.830593876733866,0.805416124501967,"ENSG00000104044",1
"GO:0097107","postsynaptic density assembly","1/122","11/3645",0.0909090909090909,2.71609538002981,1.06061577216754,0.312711876930884,0.830593876733866,0.805416124501967,"ENSG00000140538",1
"GO:0150105","protein localization to cell-cell junction","1/122","11/3645",0.0909090909090909,2.71609538002981,1.06061577216754,0.312711876930884,0.830593876733866,0.805416124501967,"ENSG00000134757",1
"GO:1901607","alpha-amino acid biosynthetic process","1/122","11/3645",0.0909090909090909,2.71609538002981,1.06061577216754,0.312711876930884,0.830593876733866,0.805416124501967,"ENSG00000100031",1
"GO:1901874","negative regulation of post-translational protein modification","1/122","11/3645",0.0909090909090909,2.71609538002981,1.06061577216754,0.312711876930884,0.830593876733866,0.805416124501967,"ENSG00000133169",1
"GO:1903313","positive regulation of mRNA metabolic process","1/122","11/3645",0.0909090909090909,2.71609538002981,1.06061577216754,0.312711876930884,0.830593876733866,0.805416124501967,"ENSG00000112183",1
"GO:1903321","negative regulation of protein modification by small protein conjugation or removal","1/122","11/3645",0.0909090909090909,2.71609538002981,1.06061577216754,0.312711876930884,0.830593876733866,0.805416124501967,"ENSG00000133169",1
"GO:1905606","regulation of presynapse assembly","1/122","11/3645",0.0909090909090909,2.71609538002981,1.06061577216754,0.312711876930884,0.830593876733866,0.805416124501967,"ENSG00000140538",1
"GO:2000008","regulation of protein localization to cell surface","1/122","11/3645",0.0909090909090909,2.71609538002981,1.06061577216754,0.312711876930884,0.830593876733866,0.805416124501967,"ENSG00000166405",1
"GO:0002237","response to molecule of bacterial origin","5/122","111/3645",0.045045045045045,1.34581302614089,0.688465755242859,0.313767962186408,0.830593876733866,0.805416124501967,"ENSG00000143546/ENSG00000117009/ENSG00000168329/ENSG00000006128/ENSG00000143556",5
"GO:0002244","hematopoietic progenitor cell differentiation","2/122","34/3645",0.0588235294117647,1.75747348119576,0.825668897358717,0.315869829069748,0.830593876733866,0.805416124501967,"ENSG00000106278/ENSG00000104332",2
"GO:0030148","sphingolipid biosynthetic process","2/122","34/3645",0.0588235294117647,1.75747348119576,0.825668897358717,0.315869829069748,0.830593876733866,0.805416124501967,"ENSG00000197977/ENSG00000148488",2
"GO:0030500","regulation of bone mineralization","2/122","34/3645",0.0588235294117647,1.75747348119576,0.825668897358717,0.315869829069748,0.830593876733866,0.805416124501967,"ENSG00000143867/ENSG00000138696",2
"GO:0045123","cellular extravasation","2/122","34/3645",0.0588235294117647,1.75747348119576,0.825668897358717,0.315869829069748,0.830593876733866,0.805416124501967,"ENSG00000168329/ENSG00000172232",2
"GO:0048644","muscle organ morphogenesis","2/122","34/3645",0.0588235294117647,1.75747348119576,0.825668897358717,0.315869829069748,0.830593876733866,0.805416124501967,"ENSG00000081479/ENSG00000069702",2
"GO:0051090","regulation of DNA-binding transcription factor activity","2/122","34/3645",0.0588235294117647,1.75747348119576,0.825668897358717,0.315869829069748,0.830593876733866,0.805416124501967,"ENSG00000164742/ENSG00000091831",2
"GO:0060021","roof of mouth development","2/122","34/3645",0.0588235294117647,1.75747348119576,0.825668897358717,0.315869829069748,0.830593876733866,0.805416124501967,"ENSG00000143867/ENSG00000069702",2
"GO:0071300","cellular response to retinoic acid","2/122","34/3645",0.0588235294117647,1.75747348119576,0.825668897358717,0.315869829069748,0.830593876733866,0.805416124501967,"ENSG00000140538/ENSG00000143867",2
"GO:0090263","positive regulation of canonical Wnt signaling pathway","2/122","34/3645",0.0588235294117647,1.75747348119576,0.825668897358717,0.315869829069748,0.830593876733866,0.805416124501967,"ENSG00000104332/ENSG00000133067",2
"GO:0097306","cellular response to alcohol","2/122","34/3645",0.0588235294117647,1.75747348119576,0.825668897358717,0.315869829069748,0.830593876733866,0.805416124501967,"ENSG00000104332/ENSG00000164742",2
"GO:0032640","tumor necrosis factor production","3/122","59/3645",0.0508474576271186,1.51917199222006,0.748074578652247,0.316210331173368,0.830593876733866,0.805416124501967,"ENSG00000168329/ENSG00000134830/ENSG00000172232",3
"GO:0032680","regulation of tumor necrosis factor production","3/122","59/3645",0.0508474576271186,1.51917199222006,0.748074578652247,0.316210331173368,0.830593876733866,0.805416124501967,"ENSG00000168329/ENSG00000134830/ENSG00000172232",3
"GO:0097191","extrinsic apoptotic signaling pathway","3/122","59/3645",0.0508474576271186,1.51917199222006,0.748074578652247,0.316210331173368,0.830593876733866,0.805416124501967,"ENSG00000141682/ENSG00000104332/ENSG00000138696",3
"GO:0043687","post-translational protein modification","4/122","85/3645",0.0470588235294118,1.40597878495661,0.704694012055696,0.316953733159667,0.830593876733866,0.805416124501967,"ENSG00000144712/ENSG00000162931/ENSG00000107954/ENSG00000133169",4
"GO:1902533","positive regulation of intracellular signal transduction","12/122","304/3645",0.0394736842105263,1.17935720448663,0.607757263792346,0.317099281063779,0.830593876733866,0.805416124501967,"ENSG00000148053/ENSG00000140538/ENSG00000124205/ENSG00000141682/ENSG00000143546/ENSG00000064309/ENSG00000069702/ENSG00000163220/ENSG00000168329/ENSG00000160867/ENSG00000175920/ENSG00000143556",12
"GO:0045595","regulation of cell differentiation","18/122","475/3645",0.0378947368421053,1.13218291630716,0.574784808070991,0.321587662515463,0.830593876733866,0.805416124501967,"ENSG00000131095/ENSG00000148053/ENSG00000108830/ENSG00000140538/ENSG00000124205/ENSG00000100146/ENSG00000143867/ENSG00000081479/ENSG00000064309/ENSG00000112183/ENSG00000168329/ENSG00000166091/ENSG00000106278/ENSG00000104332/ENSG00000179388/ENSG00000171243/ENSG00000138696/ENSG00000107954",18
"GO:0010628","positive regulation of gene expression","13/122","334/3645",0.0389221556886228,1.16287915971336,0.581128187193461,0.324661004627764,0.830593876733866,0.805416124501967,"ENSG00000148053/ENSG00000140538/ENSG00000100146/ENSG00000143867/ENSG00000112183/ENSG00000069702/ENSG00000107014/ENSG00000082175/ENSG00000160867/ENSG00000127743/ENSG00000138696/ENSG00000145777/ENSG00000172232",13
"GO:0007249","canonical NF-kappaB signal transduction","3/122","60/3645",0.05,1.49385245901639,0.717696855880705,0.325499747670752,0.830593876733866,0.805416124501967,"ENSG00000069702/ENSG00000168329/ENSG00000091831",3
"GO:0071706","tumor necrosis factor superfamily cytokine production","3/122","60/3645",0.05,1.49385245901639,0.717696855880705,0.325499747670752,0.830593876733866,0.805416124501967,"ENSG00000168329/ENSG00000134830/ENSG00000172232",3
"GO:1903555","regulation of tumor necrosis factor superfamily cytokine production","3/122","60/3645",0.05,1.49385245901639,0.717696855880705,0.325499747670752,0.830593876733866,0.805416124501967,"ENSG00000168329/ENSG00000134830/ENSG00000172232",3
"GO:0010975","regulation of neuron projection development","6/122","140/3645",0.0428571428571429,1.28044496487119,0.62962277864597,0.326917398954738,0.830593876733866,0.805416124501967,"ENSG00000131095/ENSG00000148053/ENSG00000108830/ENSG00000140538/ENSG00000163220/ENSG00000104332",6
"GO:0001558","regulation of cell growth","5/122","113/3645",0.0442477876106195,1.32199332656318,0.64697652516303,0.327143380779673,0.830593876733866,0.805416124501967,"ENSG00000108830/ENSG00000140538/ENSG00000143546/ENSG00000163220/ENSG00000104332",5
"GO:0043603","amide metabolic process","5/122","113/3645",0.0442477876106195,1.32199332656318,0.64697652516303,0.327143380779673,0.830593876733866,0.805416124501967,"ENSG00000148053/ENSG00000168004/ENSG00000197977/ENSG00000100031/ENSG00000148488",5
"GO:0030258","lipid modification","2/122","35/3645",0.0571428571428571,1.70725995316159,0.782298084857254,0.328319438281167,0.830593876733866,0.805416124501967,"ENSG00000129951/ENSG00000214456",2
"GO:0043266","regulation of potassium ion transport","2/122","35/3645",0.0571428571428571,1.70725995316159,0.782298084857254,0.328319438281167,0.830593876733866,0.805416124501967,"ENSG00000124205/ENSG00000126562",2
"GO:0048144","fibroblast proliferation","2/122","35/3645",0.0571428571428571,1.70725995316159,0.782298084857254,0.328319438281167,0.830593876733866,0.805416124501967,"ENSG00000104332/ENSG00000091831",2
"GO:0051965","positive regulation of synapse assembly","2/122","35/3645",0.0571428571428571,1.70725995316159,0.782298084857254,0.328319438281167,0.830593876733866,0.805416124501967,"ENSG00000148053/ENSG00000140538",2
"GO:0141188","nucleic acid catabolic process","2/122","35/3645",0.0571428571428571,1.70725995316159,0.782298084857254,0.328319438281167,0.830593876733866,0.805416124501967,"ENSG00000112183/ENSG00000112981",2
"GO:0000096","sulfur amino acid metabolic process","1/122","12/3645",0.0833333333333333,2.48975409836066,0.961801147416812,0.335785391244156,0.830593876733866,0.805416124501967,"ENSG00000100031",1
"GO:0001961","positive regulation of cytokine-mediated signaling pathway","1/122","12/3645",0.0833333333333333,2.48975409836066,0.961801147416812,0.335785391244156,0.830593876733866,0.805416124501967,"ENSG00000145777",1
"GO:0002689","negative regulation of leukocyte chemotaxis","1/122","12/3645",0.0833333333333333,2.48975409836066,0.961801147416812,0.335785391244156,0.830593876733866,0.805416124501967,"ENSG00000134830",1
"GO:0002934","desmosome organization","1/122","12/3645",0.0833333333333333,2.48975409836066,0.961801147416812,0.335785391244156,0.830593876733866,0.805416124501967,"ENSG00000134757",1
"GO:0006367","transcription initiation at RNA polymerase II promoter","1/122","12/3645",0.0833333333333333,2.48975409836066,0.961801147416812,0.335785391244156,0.830593876733866,0.805416124501967,"ENSG00000091831",1
"GO:0008209","androgen metabolic process","1/122","12/3645",0.0833333333333333,2.48975409836066,0.961801147416812,0.335785391244156,0.830593876733866,0.805416124501967,"ENSG00000091831",1
"GO:0009062","fatty acid catabolic process","1/122","12/3645",0.0833333333333333,2.48975409836066,0.961801147416812,0.335785391244156,0.830593876733866,0.805416124501967,"ENSG00000214456",1
"GO:0010830","regulation of myotube differentiation","1/122","12/3645",0.0833333333333333,2.48975409836066,0.961801147416812,0.335785391244156,0.830593876733866,0.805416124501967,"ENSG00000112183",1
"GO:0014829","vascular associated smooth muscle contraction","1/122","12/3645",0.0833333333333333,2.48975409836066,0.961801147416812,0.335785391244156,0.830593876733866,0.805416124501967,"ENSG00000124205",1
"GO:0015740","C4-dicarboxylate transport","1/122","12/3645",0.0833333333333333,2.48975409836066,0.961801147416812,0.335785391244156,0.830593876733866,0.805416124501967,"ENSG00000131095",1
"GO:0016202","regulation of striated muscle tissue development","1/122","12/3645",0.0833333333333333,2.48975409836066,0.961801147416812,0.335785391244156,0.830593876733866,0.805416124501967,"ENSG00000064309",1
"GO:0031290","retinal ganglion cell axon guidance","1/122","12/3645",0.0833333333333333,2.48975409836066,0.961801147416812,0.335785391244156,0.830593876733866,0.805416124501967,"ENSG00000138696",1
"GO:0031342","negative regulation of cell killing","1/122","12/3645",0.0833333333333333,2.48975409836066,0.961801147416812,0.335785391244156,0.830593876733866,0.805416124501967,"ENSG00000168329",1
"GO:0031632","positive regulation of synaptic vesicle fusion to presynaptic active zone membrane","1/122","12/3645",0.0833333333333333,2.48975409836066,0.961801147416812,0.335785391244156,0.830593876733866,0.805416124501967,"ENSG00000149927",1
"GO:0031643","positive regulation of myelination","1/122","12/3645",0.0833333333333333,2.48975409836066,0.961801147416812,0.335785391244156,0.830593876733866,0.805416124501967,"ENSG00000100146",1
"GO:0042987","amyloid precursor protein catabolic process","1/122","12/3645",0.0833333333333333,2.48975409836066,0.961801147416812,0.335785391244156,0.830593876733866,0.805416124501967,"ENSG00000148053",1
"GO:0044042","glucan metabolic process","1/122","12/3645",0.0833333333333333,2.48975409836066,0.961801147416812,0.335785391244156,0.830593876733866,0.805416124501967,"ENSG00000257335",1
"GO:0045730","respiratory burst","1/122","12/3645",0.0833333333333333,2.48975409836066,0.961801147416812,0.335785391244156,0.830593876733866,0.805416124501967,"ENSG00000163220",1
"GO:0046320","regulation of fatty acid oxidation","1/122","12/3645",0.0833333333333333,2.48975409836066,0.961801147416812,0.335785391244156,0.830593876733866,0.805416124501967,"ENSG00000214456",1
"GO:0046850","regulation of bone remodeling","1/122","12/3645",0.0833333333333333,2.48975409836066,0.961801147416812,0.335785391244156,0.830593876733866,0.805416124501967,"ENSG00000104332",1
"GO:0048634","regulation of muscle organ development","1/122","12/3645",0.0833333333333333,2.48975409836066,0.961801147416812,0.335785391244156,0.830593876733866,0.805416124501967,"ENSG00000064309",1
"GO:0048668","collateral sprouting","1/122","12/3645",0.0833333333333333,2.48975409836066,0.961801147416812,0.335785391244156,0.830593876733866,0.805416124501967,"ENSG00000108830",1
"GO:0048745","smooth muscle tissue development","1/122","12/3645",0.0833333333333333,2.48975409836066,0.961801147416812,0.335785391244156,0.830593876733866,0.805416124501967,"ENSG00000143867",1
"GO:0050869","negative regulation of B cell activation","1/122","12/3645",0.0833333333333333,2.48975409836066,0.961801147416812,0.335785391244156,0.830593876733866,0.805416124501967,"ENSG00000104332",1
"GO:0051155","positive regulation of striated muscle cell differentiation","1/122","12/3645",0.0833333333333333,2.48975409836066,0.961801147416812,0.335785391244156,0.830593876733866,0.805416124501967,"ENSG00000112183",1
"GO:0051646","mitochondrion localization","1/122","12/3645",0.0833333333333333,2.48975409836066,0.961801147416812,0.335785391244156,0.830593876733866,0.805416124501967,"ENSG00000214456",1
"GO:0060045","positive regulation of cardiac muscle cell proliferation","1/122","12/3645",0.0833333333333333,2.48975409836066,0.961801147416812,0.335785391244156,0.830593876733866,0.805416124501967,"ENSG00000069702",1
"GO:0060065","uterus development","1/122","12/3645",0.0833333333333333,2.48975409836066,0.961801147416812,0.335785391244156,0.830593876733866,0.805416124501967,"ENSG00000091831",1
"GO:0060219","camera-type eye photoreceptor cell differentiation","1/122","12/3645",0.0833333333333333,2.48975409836066,0.961801147416812,0.335785391244156,0.830593876733866,0.805416124501967,"ENSG00000148053",1
"GO:0060760","positive regulation of response to cytokine stimulus","1/122","12/3645",0.0833333333333333,2.48975409836066,0.961801147416812,0.335785391244156,0.830593876733866,0.805416124501967,"ENSG00000145777",1
"GO:0071624","positive regulation of granulocyte chemotaxis","1/122","12/3645",0.0833333333333333,2.48975409836066,0.961801147416812,0.335785391244156,0.830593876733866,0.805416124501967,"ENSG00000143556",1
"GO:0072189","ureter development","1/122","12/3645",0.0833333333333333,2.48975409836066,0.961801147416812,0.335785391244156,0.830593876733866,0.805416124501967,"ENSG00000143867",1
"GO:0072498","embryonic skeletal joint development","1/122","12/3645",0.0833333333333333,2.48975409836066,0.961801147416812,0.335785391244156,0.830593876733866,0.805416124501967,"ENSG00000143867",1
"GO:0086013","membrane repolarization during cardiac muscle cell action potential","1/122","12/3645",0.0833333333333333,2.48975409836066,0.961801147416812,0.335785391244156,0.830593876733866,0.805416124501967,"ENSG00000171385",1
"GO:0090199","regulation of release of cytochrome c from mitochondria","1/122","12/3645",0.0833333333333333,2.48975409836066,0.961801147416812,0.335785391244156,0.830593876733866,0.805416124501967,"ENSG00000141682",1
"GO:0098743","cell aggregation","1/122","12/3645",0.0833333333333333,2.48975409836066,0.961801147416812,0.335785391244156,0.830593876733866,0.805416124501967,"ENSG00000138696",1
"GO:0098883","synapse pruning","1/122","12/3645",0.0833333333333333,2.48975409836066,0.961801147416812,0.335785391244156,0.830593876733866,0.805416124501967,"ENSG00000168329",1
"GO:0099174","regulation of presynapse organization","1/122","12/3645",0.0833333333333333,2.48975409836066,0.961801147416812,0.335785391244156,0.830593876733866,0.805416124501967,"ENSG00000140538",1
"GO:0099502","calcium-dependent activation of synaptic vesicle fusion","1/122","12/3645",0.0833333333333333,2.48975409836066,0.961801147416812,0.335785391244156,0.830593876733866,0.805416124501967,"ENSG00000149927",1
"GO:0099625","ventricular cardiac muscle cell membrane repolarization","1/122","12/3645",0.0833333333333333,2.48975409836066,0.961801147416812,0.335785391244156,0.830593876733866,0.805416124501967,"ENSG00000171385",1
"GO:1901623","regulation of lymphocyte chemotaxis","1/122","12/3645",0.0833333333333333,2.48975409836066,0.961801147416812,0.335785391244156,0.830593876733866,0.805416124501967,"ENSG00000143556",1
"GO:1901634","positive regulation of synaptic vesicle membrane organization","1/122","12/3645",0.0833333333333333,2.48975409836066,0.961801147416812,0.335785391244156,0.830593876733866,0.805416124501967,"ENSG00000149927",1
"GO:1903350","response to dopamine","1/122","12/3645",0.0833333333333333,2.48975409836066,0.961801147416812,0.335785391244156,0.830593876733866,0.805416124501967,"ENSG00000108370",1
"GO:1903351","cellular response to dopamine","1/122","12/3645",0.0833333333333333,2.48975409836066,0.961801147416812,0.335785391244156,0.830593876733866,0.805416124501967,"ENSG00000108370",1
"GO:1904035","regulation of epithelial cell apoptotic process","1/122","12/3645",0.0833333333333333,2.48975409836066,0.961801147416812,0.335785391244156,0.830593876733866,0.805416124501967,"ENSG00000091831",1
"GO:1904407","positive regulation of nitric oxide metabolic process","1/122","12/3645",0.0833333333333333,2.48975409836066,0.961801147416812,0.335785391244156,0.830593876733866,0.805416124501967,"ENSG00000091831",1
"GO:2000738","positive regulation of stem cell differentiation","1/122","12/3645",0.0833333333333333,2.48975409836066,0.961801147416812,0.335785391244156,0.830593876733866,0.805416124501967,"ENSG00000112183",1
"GO:0003333","amino acid transmembrane transport","2/122","36/3645",0.0555555555555556,1.65983606557377,0.740298103736519,0.340709203355102,0.830593876733866,0.805416124501967,"ENSG00000131095/ENSG00000099960",2
"GO:0006006","glucose metabolic process","2/122","36/3645",0.0555555555555556,1.65983606557377,0.740298103736519,0.340709203355102,0.830593876733866,0.805416124501967,"ENSG00000164128/ENSG00000141682",2
"GO:0019226","transmission of nerve impulse","2/122","36/3645",0.0555555555555556,1.65983606557377,0.740298103736519,0.340709203355102,0.830593876733866,0.805416124501967,"ENSG00000148053/ENSG00000140538",2
"GO:0022617","extracellular matrix disassembly","2/122","36/3645",0.0555555555555556,1.65983606557377,0.740298103736519,0.340709203355102,0.830593876733866,0.805416124501967,"ENSG00000196611/ENSG00000160867",2
"GO:0045103","intermediate filament-based process","2/122","36/3645",0.0555555555555556,1.65983606557377,0.740298103736519,0.340709203355102,0.830593876733866,0.805416124501967,"ENSG00000131095/ENSG00000186847",2
"GO:0045104","intermediate filament cytoskeleton organization","2/122","36/3645",0.0555555555555556,1.65983606557377,0.740298103736519,0.340709203355102,0.830593876733866,0.805416124501967,"ENSG00000131095/ENSG00000186847",2
"GO:0045685","regulation of glial cell differentiation","2/122","36/3645",0.0555555555555556,1.65983606557377,0.740298103736519,0.340709203355102,0.830593876733866,0.805416124501967,"ENSG00000140538/ENSG00000106278",2
"GO:0070555","response to interleukin-1","2/122","36/3645",0.0555555555555556,1.65983606557377,0.740298103736519,0.340709203355102,0.830593876733866,0.805416124501967,"ENSG00000117009/ENSG00000104332",2
"GO:0007423","sensory organ development","8/122","198/3645",0.0404040404040404,1.20715350223547,0.557721018001163,0.343199589916116,0.830593876733866,0.805416124501967,"ENSG00000148053/ENSG00000140538/ENSG00000143867/ENSG00000133256/ENSG00000064309/ENSG00000171819/ENSG00000150893/ENSG00000138696",8
"GO:2000147","positive regulation of cell motility","8/122","198/3645",0.0404040404040404,1.20715350223547,0.557721018001163,0.343199589916116,0.830593876733866,0.805416124501967,"ENSG00000140538/ENSG00000124205/ENSG00000069702/ENSG00000168329/ENSG00000006128/ENSG00000012171/ENSG00000133067/ENSG00000143556",8
"GO:0006820","monoatomic anion transport","3/122","62/3645",0.0483870967741935,1.44566367001586,0.658555605765304,0.344077262933763,0.830593876733866,0.805416124501967,"ENSG00000094755/ENSG00000104044/ENSG00000126562",3
"GO:0015698","inorganic anion transport","3/122","62/3645",0.0483870967741935,1.44566367001586,0.658555605765304,0.344077262933763,0.830593876733866,0.805416124501967,"ENSG00000094755/ENSG00000104044/ENSG00000126562",3
"GO:0031032","actomyosin structure organization","3/122","62/3645",0.0483870967741935,1.44566367001586,0.658555605765304,0.344077262933763,0.830593876733866,0.805416124501967,"ENSG00000172159/ENSG00000006128/ENSG00000104332",3
"GO:0048639","positive regulation of developmental growth","3/122","62/3645",0.0483870967741935,1.44566367001586,0.658555605765304,0.344077262933763,0.830593876733866,0.805416124501967,"ENSG00000108830/ENSG00000140538/ENSG00000069702",3
"GO:0051963","regulation of synapse assembly","3/122","62/3645",0.0483870967741935,1.44566367001586,0.658555605765304,0.344077262933763,0.830593876733866,0.805416124501967,"ENSG00000148053/ENSG00000140538/ENSG00000107954",3
"GO:0042742","defense response to bacterium","5/122","116/3645",0.0431034482758621,1.28780384397965,0.586155080403622,0.347319412228644,0.830593876733866,0.805416124501967,"ENSG00000143546/ENSG00000163220/ENSG00000006128/ENSG00000145777/ENSG00000172232",5
"GO:0072359","circulatory system development","15/122","398/3645",0.0376884422110553,1.12601944146964,0.495622164544722,0.352203892819885,0.830593876733866,0.805416124501967,"ENSG00000148053/ENSG00000140538/ENSG00000164128/ENSG00000143867/ENSG00000081479/ENSG00000112183/ENSG00000069702/ENSG00000107014/ENSG00000168329/ENSG00000104332/ENSG00000171819/ENSG00000179388/ENSG00000150893/ENSG00000159184/ENSG00000143556",15
"GO:0032602","chemokine production","2/122","37/3645",0.0540540540540541,1.61497563136907,0.699581445597353,0.353029229103006,0.830593876733866,0.805416124501967,"ENSG00000145777/ENSG00000172232",2
"GO:0032642","regulation of chemokine production","2/122","37/3645",0.0540540540540541,1.61497563136907,0.699581445597353,0.353029229103006,0.830593876733866,0.805416124501967,"ENSG00000145777/ENSG00000172232",2
"GO:0046467","membrane lipid biosynthetic process","2/122","37/3645",0.0540540540540541,1.61497563136907,0.699581445597353,0.353029229103006,0.830593876733866,0.805416124501967,"ENSG00000197977/ENSG00000148488",2
"GO:0048675","axon extension","2/122","37/3645",0.0540540540540541,1.61497563136907,0.699581445597353,0.353029229103006,0.830593876733866,0.805416124501967,"ENSG00000140538/ENSG00000124205",2
"GO:0061387","regulation of extent of cell growth","2/122","37/3645",0.0540540540540541,1.61497563136907,0.699581445597353,0.353029229103006,0.830593876733866,0.805416124501967,"ENSG00000108830/ENSG00000140538",2
"GO:2000377","regulation of reactive oxygen species metabolic process","2/122","37/3645",0.0540540540540541,1.61497563136907,0.699581445597353,0.353029229103006,0.830593876733866,0.805416124501967,"ENSG00000164879/ENSG00000214456",2
"GO:0035107","appendage morphogenesis","3/122","63/3645",0.0476190476190476,1.42271662763466,0.629752054603724,0.353354863400921,0.830593876733866,0.805416124501967,"ENSG00000143867/ENSG00000150893/ENSG00000144218",3
"GO:0035108","limb morphogenesis","3/122","63/3645",0.0476190476190476,1.42271662763466,0.629752054603724,0.353354863400921,0.830593876733866,0.805416124501967,"ENSG00000143867/ENSG00000150893/ENSG00000144218",3
"GO:0010638","positive regulation of organelle organization","5/122","117/3645",0.0427350427350427,1.27679697351829,0.566242884709572,0.354066167217992,0.830593876733866,0.805416124501967,"ENSG00000124205/ENSG00000141682/ENSG00000149927/ENSG00000006128/ENSG00000104332",5
"GO:0015850","organic hydroxy compound transport","4/122","90/3645",0.0444444444444444,1.32786885245902,0.586022634815,0.355488390871547,0.830593876733866,0.805416124501967,"ENSG00000119147/ENSG00000103569/ENSG00000006128/ENSG00000126562",4
"GO:0001895","retina homeostasis","1/122","13/3645",0.0769230769230769,2.29823455233291,0.872498517619101,0.358090423522773,0.830593876733866,0.805416124501967,"ENSG00000130045",1
"GO:0002021","response to dietary excess","1/122","13/3645",0.0769230769230769,2.29823455233291,0.872498517619101,0.358090423522773,0.830593876733866,0.805416124501967,"ENSG00000126562",1
"GO:0003351","epithelial cilium movement involved in extracellular fluid movement","1/122","13/3645",0.0769230769230769,2.29823455233291,0.872498517619101,0.358090423522773,0.830593876733866,0.805416124501967,"ENSG00000112981",1
"GO:0006858","extracellular transport","1/122","13/3645",0.0769230769230769,2.29823455233291,0.872498517619101,0.358090423522773,0.830593876733866,0.805416124501967,"ENSG00000112981",1
"GO:0007520","myoblast fusion","1/122","13/3645",0.0769230769230769,2.29823455233291,0.872498517619101,0.358090423522773,0.830593876733866,0.805416124501967,"ENSG00000064309",1
"GO:0007617","mating behavior","1/122","13/3645",0.0769230769230769,2.29823455233291,0.872498517619101,0.358090423522773,0.830593876733866,0.805416124501967,"ENSG00000006128",1
"GO:0030279","negative regulation of ossification","1/122","13/3645",0.0769230769230769,2.29823455233291,0.872498517619101,0.358090423522773,0.830593876733866,0.805416124501967,"ENSG00000104332",1
"GO:0033081","regulation of T cell differentiation in thymus","1/122","13/3645",0.0769230769230769,2.29823455233291,0.872498517619101,0.358090423522773,0.830593876733866,0.805416124501967,"ENSG00000179388",1
"GO:0043536","positive regulation of blood vessel endothelial cell migration","1/122","13/3645",0.0769230769230769,2.29823455233291,0.872498517619101,0.358090423522773,0.830593876733866,0.805416124501967,"ENSG00000069702",1
"GO:0045686","negative regulation of glial cell differentiation","1/122","13/3645",0.0769230769230769,2.29823455233291,0.872498517619101,0.358090423522773,0.830593876733866,0.805416124501967,"ENSG00000140538",1
"GO:0048714","positive regulation of oligodendrocyte differentiation","1/122","13/3645",0.0769230769230769,2.29823455233291,0.872498517619101,0.358090423522773,0.830593876733866,0.805416124501967,"ENSG00000106278",1
"GO:0051385","response to mineralocorticoid","1/122","13/3645",0.0769230769230769,2.29823455233291,0.872498517619101,0.358090423522773,0.830593876733866,0.805416124501967,"ENSG00000140538",1
"GO:0051489","regulation of filopodium assembly","1/122","13/3645",0.0769230769230769,2.29823455233291,0.872498517619101,0.358090423522773,0.830593876733866,0.805416124501967,"ENSG00000107954",1
"GO:0051955","regulation of amino acid transport","1/122","13/3645",0.0769230769230769,2.29823455233291,0.872498517619101,0.358090423522773,0.830593876733866,0.805416124501967,"ENSG00000117009",1
"GO:0051968","positive regulation of synaptic transmission, glutamatergic","1/122","13/3645",0.0769230769230769,2.29823455233291,0.872498517619101,0.358090423522773,0.830593876733866,0.805416124501967,"ENSG00000117009",1
"GO:0060999","positive regulation of dendritic spine development","1/122","13/3645",0.0769230769230769,2.29823455233291,0.872498517619101,0.358090423522773,0.830593876733866,0.805416124501967,"ENSG00000107954",1
"GO:0062149","detection of stimulus involved in sensory perception of pain","1/122","13/3645",0.0769230769230769,2.29823455233291,0.872498517619101,0.358090423522773,0.830593876733866,0.805416124501967,"ENSG00000006128",1
"GO:0071542","dopaminergic neuron differentiation","1/122","13/3645",0.0769230769230769,2.29823455233291,0.872498517619101,0.358090423522773,0.830593876733866,0.805416124501967,"ENSG00000104332",1
"GO:0072207","metanephric epithelium development","1/122","13/3645",0.0769230769230769,2.29823455233291,0.872498517619101,0.358090423522773,0.830593876733866,0.805416124501967,"ENSG00000143867",1
"GO:0090049","regulation of cell migration involved in sprouting angiogenesis","1/122","13/3645",0.0769230769230769,2.29823455233291,0.872498517619101,0.358090423522773,0.830593876733866,0.805416124501967,"ENSG00000069702",1
"GO:0090128","regulation of synapse maturation","1/122","13/3645",0.0769230769230769,2.29823455233291,0.872498517619101,0.358090423522773,0.830593876733866,0.805416124501967,"ENSG00000107954",1
"GO:0098698","postsynaptic specialization assembly","1/122","13/3645",0.0769230769230769,2.29823455233291,0.872498517619101,0.358090423522773,0.830593876733866,0.805416124501967,"ENSG00000140538",1
"GO:1901657","glycosyl compound metabolic process","1/122","13/3645",0.0769230769230769,2.29823455233291,0.872498517619101,0.358090423522773,0.830593876733866,0.805416124501967,"ENSG00000112981",1
"GO:1901861","regulation of muscle tissue development","1/122","13/3645",0.0769230769230769,2.29823455233291,0.872498517619101,0.358090423522773,0.830593876733866,0.805416124501967,"ENSG00000064309",1
"GO:1902305","regulation of sodium ion transmembrane transport","1/122","13/3645",0.0769230769230769,2.29823455233291,0.872498517619101,0.358090423522773,0.830593876733866,0.805416124501967,"ENSG00000143867",1
"GO:0046942","carboxylic acid transport","5/122","118/3645",0.0423728813559322,1.26597666018338,0.546505554186779,0.360820080810476,0.830593876733866,0.805416124501967,"ENSG00000131095/ENSG00000148053/ENSG00000081479/ENSG00000117009/ENSG00000174326",5
"GO:0003279","cardiac septum development","2/122","38/3645",0.0526315789473684,1.57247627264884,0.6600684826391,0.365270338696822,0.830593876733866,0.805416124501967,"ENSG00000081479/ENSG00000069702",2
"GO:0006417","regulation of translation","2/122","38/3645",0.0526315789473684,1.57247627264884,0.6600684826391,0.365270338696822,0.830593876733866,0.805416124501967,"ENSG00000112183/ENSG00000107954",2
"GO:0007009","plasma membrane organization","2/122","38/3645",0.0526315789473684,1.57247627264884,0.6600684826391,0.365270338696822,0.830593876733866,0.805416124501967,"ENSG00000168497/ENSG00000114547",2
"GO:0014902","myotube differentiation","2/122","38/3645",0.0526315789473684,1.57247627264884,0.6600684826391,0.365270338696822,0.830593876733866,0.805416124501967,"ENSG00000064309/ENSG00000112183",2
"GO:0019233","sensory perception of pain","2/122","38/3645",0.0526315789473684,1.57247627264884,0.6600684826391,0.365270338696822,0.830593876733866,0.805416124501967,"ENSG00000164128/ENSG00000006128",2
"GO:0045833","negative regulation of lipid metabolic process","2/122","38/3645",0.0526315789473684,1.57247627264884,0.6600684826391,0.365270338696822,0.830593876733866,0.805416124501967,"ENSG00000214456/ENSG00000187288",2
"GO:1905330","regulation of morphogenesis of an epithelium","2/122","38/3645",0.0526315789473684,1.57247627264884,0.6600684826391,0.365270338696822,0.830593876733866,0.805416124501967,"ENSG00000104332/ENSG00000091831",2
"GO:0006869","lipid transport","5/122","119/3645",0.0420168067226891,1.25533820085411,0.526939674184431,0.36757906725426,0.830593876733866,0.805416124501967,"ENSG00000119147/ENSG00000154263/ENSG00000006128/ENSG00000187288/ENSG00000126562",5
"GO:0015849","organic acid transport","5/122","119/3645",0.0420168067226891,1.25533820085411,0.526939674184431,0.36757906725426,0.830593876733866,0.805416124501967,"ENSG00000131095/ENSG00000148053/ENSG00000081479/ENSG00000117009/ENSG00000174326",5
"GO:0002274","myeloid leukocyte activation","4/122","92/3645",0.0434782608695652,1.29900213827512,0.540484671965764,0.370932023735728,0.830593876733866,0.805416124501967,"ENSG00000168329/ENSG00000145777/ENSG00000172232/ENSG00000126562",4
"GO:0071674","mononuclear cell migration","4/122","92/3645",0.0434782608695652,1.29900213827512,0.540484671965764,0.370932023735728,0.830593876733866,0.805416124501967,"ENSG00000168329/ENSG00000117407/ENSG00000172232/ENSG00000143556",4
"GO:0009896","positive regulation of catabolic process","3/122","65/3645",0.0461538461538462,1.37894073139975,0.573586910410086,0.371862843639908,0.830593876733866,0.805416124501967,"ENSG00000081479/ENSG00000112183/ENSG00000214456",3
"GO:0045089","positive regulation of innate immune response","3/122","65/3645",0.0461538461538462,1.37894073139975,0.573586910410086,0.371862843639908,0.830593876733866,0.805416124501967,"ENSG00000143546/ENSG00000163220/ENSG00000091831",3
"GO:0048565","digestive tract development","3/122","65/3645",0.0461538461538462,1.37894073139975,0.573586910410086,0.371862843639908,0.830593876733866,0.805416124501967,"ENSG00000100146/ENSG00000104332/ENSG00000120057",3
"GO:0021915","neural tube development","2/122","39/3645",0.0512820512820513,1.53215636822194,0.621686567494189,0.377424037344633,0.830593876733866,0.805416124501967,"ENSG00000081479/ENSG00000104332",2
"GO:0031400","negative regulation of protein modification process","2/122","39/3645",0.0512820512820513,1.53215636822194,0.621686567494189,0.377424037344633,0.830593876733866,0.805416124501967,"ENSG00000104332/ENSG00000133169",2
"GO:0032612","interleukin-1 production","2/122","39/3645",0.0512820512820513,1.53215636822194,0.621686567494189,0.377424037344633,0.830593876733866,0.805416124501967,"ENSG00000168329/ENSG00000172232",2
"GO:0032652","regulation of interleukin-1 production","2/122","39/3645",0.0512820512820513,1.53215636822194,0.621686567494189,0.377424037344633,0.830593876733866,0.805416124501967,"ENSG00000168329/ENSG00000172232",2
"GO:0033559","unsaturated fatty acid metabolic process","2/122","39/3645",0.0512820512820513,1.53215636822194,0.621686567494189,0.377424037344633,0.830593876733866,0.805416124501967,"ENSG00000197977/ENSG00000134824",2
"GO:0048284","organelle fusion","2/122","39/3645",0.0512820512820513,1.53215636822194,0.621686567494189,0.377424037344633,0.830593876733866,0.805416124501967,"ENSG00000149927/ENSG00000187288",2
"GO:0051896","regulation of phosphatidylinositol 3-kinase/protein kinase B signal transduction","4/122","93/3645",0.043010752688172,1.28503437334744,0.518101691246157,0.378648091808364,0.830593876733866,0.805416124501967,"ENSG00000148053/ENSG00000140538/ENSG00000168329/ENSG00000120057",4
"GO:0000381","regulation of alternative mRNA splicing, via spliceosome","1/122","14/3645",0.0714285714285714,2.13407494145199,0.791052715388157,0.379652364142327,0.830593876733866,0.805416124501967,"ENSG00000112183",1
"GO:0001736","establishment of planar polarity","1/122","14/3645",0.0714285714285714,2.13407494145199,0.791052715388157,0.379652364142327,0.830593876733866,0.805416124501967,"ENSG00000104332",1
"GO:0002063","chondrocyte development","1/122","14/3645",0.0714285714285714,2.13407494145199,0.791052715388157,0.379652364142327,0.830593876733866,0.805416124501967,"ENSG00000138696",1
"GO:0006487","protein N-linked glycosylation","1/122","14/3645",0.0714285714285714,2.13407494145199,0.791052715388157,0.379652364142327,0.830593876733866,0.805416124501967,"ENSG00000148488",1
"GO:0006688","glycosphingolipid biosynthetic process","1/122","14/3645",0.0714285714285714,2.13407494145199,0.791052715388157,0.379652364142327,0.830593876733866,0.805416124501967,"ENSG00000148488",1
"GO:0007164","establishment of tissue polarity","1/122","14/3645",0.0714285714285714,2.13407494145199,0.791052715388157,0.379652364142327,0.830593876733866,0.805416124501967,"ENSG00000104332",1
"GO:0008206","bile acid metabolic process","1/122","14/3645",0.0714285714285714,2.13407494145199,0.791052715388157,0.379652364142327,0.830593876733866,0.805416124501967,"ENSG00000160867",1
"GO:0008211","glucocorticoid metabolic process","1/122","14/3645",0.0714285714285714,2.13407494145199,0.791052715388157,0.379652364142327,0.830593876733866,0.805416124501967,"ENSG00000170099",1
"GO:0009583","detection of light stimulus","1/122","14/3645",0.0714285714285714,2.13407494145199,0.791052715388157,0.379652364142327,0.830593876733866,0.805416124501967,"ENSG00000133256",1
"GO:0010719","negative regulation of epithelial to mesenchymal transition","1/122","14/3645",0.0714285714285714,2.13407494145199,0.791052715388157,0.379652364142327,0.830593876733866,0.805416124501967,"ENSG00000104332",1
"GO:0010883","regulation of lipid storage","1/122","14/3645",0.0714285714285714,2.13407494145199,0.791052715388157,0.379652364142327,0.830593876733866,0.805416124501967,"ENSG00000214456",1
"GO:0030857","negative regulation of epithelial cell differentiation","1/122","14/3645",0.0714285714285714,2.13407494145199,0.791052715388157,0.379652364142327,0.830593876733866,0.805416124501967,"ENSG00000143867",1
"GO:0032733","positive regulation of interleukin-10 production","1/122","14/3645",0.0714285714285714,2.13407494145199,0.791052715388157,0.379652364142327,0.830593876733866,0.805416124501967,"ENSG00000145777",1
"GO:0033574","response to testosterone","1/122","14/3645",0.0714285714285714,2.13407494145199,0.791052715388157,0.379652364142327,0.830593876733866,0.805416124501967,"ENSG00000159184",1
"GO:0033688","regulation of osteoblast proliferation","1/122","14/3645",0.0714285714285714,2.13407494145199,0.791052715388157,0.379652364142327,0.830593876733866,0.805416124501967,"ENSG00000104332",1
"GO:0035988","chondrocyte proliferation","1/122","14/3645",0.0714285714285714,2.13407494145199,0.791052715388157,0.379652364142327,0.830593876733866,0.805416124501967,"ENSG00000138696",1
"GO:0042398","modified amino acid biosynthetic process","1/122","14/3645",0.0714285714285714,2.13407494145199,0.791052715388157,0.379652364142327,0.830593876733866,0.805416124501967,"ENSG00000100031",1
"GO:0044058","regulation of digestive system process","1/122","14/3645",0.0714285714285714,2.13407494145199,0.791052715388157,0.379652364142327,0.830593876733866,0.805416124501967,"ENSG00000126562",1
"GO:0045670","regulation of osteoclast differentiation","1/122","14/3645",0.0714285714285714,2.13407494145199,0.791052715388157,0.379652364142327,0.830593876733866,0.805416124501967,"ENSG00000104332",1
"GO:0045923","positive regulation of fatty acid metabolic process","1/122","14/3645",0.0714285714285714,2.13407494145199,0.791052715388157,0.379652364142327,0.830593876733866,0.805416124501967,"ENSG00000214456",1
"GO:0045987","positive regulation of smooth muscle contraction","1/122","14/3645",0.0714285714285714,2.13407494145199,0.791052715388157,0.379652364142327,0.830593876733866,0.805416124501967,"ENSG00000124205",1
"GO:0048255","mRNA stabilization","1/122","14/3645",0.0714285714285714,2.13407494145199,0.791052715388157,0.379652364142327,0.830593876733866,0.805416124501967,"ENSG00000112183",1
"GO:0051873","killing by host of symbiont cells","1/122","14/3645",0.0714285714285714,2.13407494145199,0.791052715388157,0.379652364142327,0.830593876733866,0.805416124501967,"ENSG00000172232",1
"GO:0051893","regulation of focal adhesion assembly","1/122","14/3645",0.0714285714285714,2.13407494145199,0.791052715388157,0.379652364142327,0.830593876733866,0.805416124501967,"ENSG00000104332",1
"GO:0055023","positive regulation of cardiac muscle tissue growth","1/122","14/3645",0.0714285714285714,2.13407494145199,0.791052715388157,0.379652364142327,0.830593876733866,0.805416124501967,"ENSG00000069702",1
"GO:0060602","branch elongation of an epithelium","1/122","14/3645",0.0714285714285714,2.13407494145199,0.791052715388157,0.379652364142327,0.830593876733866,0.805416124501967,"ENSG00000091831",1
"GO:0061437","renal system vasculature development","1/122","14/3645",0.0714285714285714,2.13407494145199,0.791052715388157,0.379652364142327,0.830593876733866,0.805416124501967,"ENSG00000143867",1
"GO:0061440","kidney vasculature development","1/122","14/3645",0.0714285714285714,2.13407494145199,0.791052715388157,0.379652364142327,0.830593876733866,0.805416124501967,"ENSG00000143867",1
"GO:0070741","response to interleukin-6","1/122","14/3645",0.0714285714285714,2.13407494145199,0.791052715388157,0.379652364142327,0.830593876733866,0.805416124501967,"ENSG00000196090",1
"GO:0071479","cellular response to ionizing radiation","1/122","14/3645",0.0714285714285714,2.13407494145199,0.791052715388157,0.379652364142327,0.830593876733866,0.805416124501967,"ENSG00000104332",1
"GO:0071867","response to monoamine","1/122","14/3645",0.0714285714285714,2.13407494145199,0.791052715388157,0.379652364142327,0.830593876733866,0.805416124501967,"ENSG00000108370",1
"GO:0071868","cellular response to monoamine stimulus","1/122","14/3645",0.0714285714285714,2.13407494145199,0.791052715388157,0.379652364142327,0.830593876733866,0.805416124501967,"ENSG00000108370",1
"GO:0071869","response to catecholamine","1/122","14/3645",0.0714285714285714,2.13407494145199,0.791052715388157,0.379652364142327,0.830593876733866,0.805416124501967,"ENSG00000108370",1
"GO:0071870","cellular response to catecholamine stimulus","1/122","14/3645",0.0714285714285714,2.13407494145199,0.791052715388157,0.379652364142327,0.830593876733866,0.805416124501967,"ENSG00000108370",1
"GO:0072012","glomerulus vasculature development","1/122","14/3645",0.0714285714285714,2.13407494145199,0.791052715388157,0.379652364142327,0.830593876733866,0.805416124501967,"ENSG00000143867",1
"GO:0072337","modified amino acid transport","1/122","14/3645",0.0714285714285714,2.13407494145199,0.791052715388157,0.379652364142327,0.830593876733866,0.805416124501967,"ENSG00000081479",1
"GO:0086011","membrane repolarization during action potential","1/122","14/3645",0.0714285714285714,2.13407494145199,0.791052715388157,0.379652364142327,0.830593876733866,0.805416124501967,"ENSG00000171385",1
"GO:0090109","regulation of cell-substrate junction assembly","1/122","14/3645",0.0714285714285714,2.13407494145199,0.791052715388157,0.379652364142327,0.830593876733866,0.805416124501967,"ENSG00000104332",1
"GO:0090398","cellular senescence","1/122","14/3645",0.0714285714285714,2.13407494145199,0.791052715388157,0.379652364142327,0.830593876733866,0.805416124501967,"ENSG00000119147",1
"GO:0097242","amyloid-beta clearance","1/122","14/3645",0.0714285714285714,2.13407494145199,0.791052715388157,0.379652364142327,0.830593876733866,0.805416124501967,"ENSG00000081479",1
"GO:0140058","neuron projection arborization","1/122","14/3645",0.0714285714285714,2.13407494145199,0.791052715388157,0.379652364142327,0.830593876733866,0.805416124501967,"ENSG00000081479",1
"GO:0141162","negative regulation of cAMP/PKA signal transduction","1/122","14/3645",0.0714285714285714,2.13407494145199,0.791052715388157,0.379652364142327,0.830593876733866,0.805416124501967,"ENSG00000133256",1
"GO:0150116","regulation of cell-substrate junction organization","1/122","14/3645",0.0714285714285714,2.13407494145199,0.791052715388157,0.379652364142327,0.830593876733866,0.805416124501967,"ENSG00000104332",1
"GO:1901381","positive regulation of potassium ion transmembrane transport","1/122","14/3645",0.0714285714285714,2.13407494145199,0.791052715388157,0.379652364142327,0.830593876733866,0.805416124501967,"ENSG00000124205",1
"GO:2000278","regulation of DNA biosynthetic process","1/122","14/3645",0.0714285714285714,2.13407494145199,0.791052715388157,0.379652364142327,0.830593876733866,0.805416124501967,"ENSG00000160867",1
"GO:0002687","positive regulation of leukocyte migration","3/122","66/3645",0.0454545454545455,1.3580476900149,0.54619129300638,0.381083794282366,0.830593876733866,0.805416124501967,"ENSG00000124205/ENSG00000168329/ENSG00000143556",3
"GO:0031214","biomineral tissue development","3/122","66/3645",0.0454545454545455,1.3580476900149,0.54619129300638,0.381083794282366,0.830593876733866,0.805416124501967,"ENSG00000143867/ENSG00000064309/ENSG00000138696",3
"GO:0072593","reactive oxygen species metabolic process","3/122","66/3645",0.0454545454545455,1.3580476900149,0.54619129300638,0.381083794282366,0.830593876733866,0.805416124501967,"ENSG00000141682/ENSG00000164879/ENSG00000214456",3
"GO:0042886","amide transport","5/122","121/3645",0.0413223140495868,1.23458880910446,0.488309084243482,0.381104066430561,0.830593876733866,0.805416124501967,"ENSG00000124205/ENSG00000119147/ENSG00000081479/ENSG00000143546/ENSG00000103569",5
"GO:0051093","negative regulation of developmental process","11/122","291/3645",0.0378006872852234,1.12937299307081,0.42807648213017,0.382238981304057,0.830593876733866,0.805416124501967,"ENSG00000140538/ENSG00000100146/ENSG00000143867/ENSG00000064309/ENSG00000113739/ENSG00000168329/ENSG00000166091/ENSG00000104332/ENSG00000171819/ENSG00000171243/ENSG00000136457",11
"GO:0006631","fatty acid metabolic process","4/122","94/3645",0.0425531914893617,1.27136379490757,0.495967561471196,0.386356484362835,0.830593876733866,0.805416124501967,"ENSG00000197977/ENSG00000100031/ENSG00000214456/ENSG00000134824",4
"GO:0048514","blood vessel morphogenesis","9/122","235/3645",0.0382978723404255,1.14422741541681,0.425321503550905,0.387503263155984,0.830593876733866,0.805416124501967,"ENSG00000148053/ENSG00000081479/ENSG00000069702/ENSG00000107014/ENSG00000168329/ENSG00000104332/ENSG00000179388/ENSG00000159184/ENSG00000143556",9
"GO:0060537","muscle tissue development","6/122","150/3645",0.04,1.19508196721311,0.453995913557612,0.387621572740666,0.830593876733866,0.805416124501967,"ENSG00000143867/ENSG00000081479/ENSG00000064309/ENSG00000112183/ENSG00000069702/ENSG00000107954",6
"GO:0021987","cerebral cortex development","2/122","40/3645",0.05,1.49385245901639,0.584369256299893,0.389482477560971,0.830593876733866,0.805416124501967,"ENSG00000148053/ENSG00000064309",2
"GO:0051336","regulation of hydrolase activity","2/122","40/3645",0.05,1.49385245901639,0.584369256299893,0.389482477560971,0.830593876733866,0.805416124501967,"ENSG00000148053/ENSG00000214456",2
"GO:0071677","positive regulation of mononuclear cell migration","2/122","40/3645",0.05,1.49385245901639,0.584369256299893,0.389482477560971,0.830593876733866,0.805416124501967,"ENSG00000168329/ENSG00000143556",2
"GO:0001568","blood vessel development","10/122","264/3645",0.0378787878787879,1.13170640834575,0.41342721567292,0.389569337669501,0.830593876733866,0.805416124501967,"ENSG00000148053/ENSG00000143867/ENSG00000081479/ENSG00000069702/ENSG00000107014/ENSG00000168329/ENSG00000104332/ENSG00000179388/ENSG00000159184/ENSG00000143556",10
"GO:0007369","gastrulation","3/122","67/3645",0.0447761194029851,1.33777832150722,0.519232399841274,0.390276726529117,0.830593876733866,0.805416124501967,"ENSG00000053747/ENSG00000143867/ENSG00000104332",3
"GO:0007264","small GTPase-mediated signal transduction","4/122","95/3645",0.0421052631578947,1.25798101811907,0.474076203658077,0.394054404757067,0.830593876733866,0.805416124501967,"ENSG00000108830/ENSG00000064309/ENSG00000175920/ENSG00000114547",4
"GO:0009617","response to bacterium","9/122","237/3645",0.0379746835443038,1.13457148786055,0.398648571292264,0.397317512934066,0.830593876733866,0.805416124501967,"ENSG00000143546/ENSG00000117009/ENSG00000163220/ENSG00000168329/ENSG00000006128/ENSG00000164879/ENSG00000145777/ENSG00000172232/ENSG00000143556",9
"GO:0000380","alternative mRNA splicing, via spliceosome","1/122","15/3645",0.0666666666666667,1.99180327868852,0.716193927787697,0.400495771350985,0.830593876733866,0.805416124501967,"ENSG00000112183",1
"GO:0001754","eye photoreceptor cell differentiation","1/122","15/3645",0.0666666666666667,1.99180327868852,0.716193927787697,0.400495771350985,0.830593876733866,0.805416124501967,"ENSG00000148053",1
"GO:0002446","neutrophil mediated immunity","1/122","15/3645",0.0666666666666667,1.99180327868852,0.716193927787697,0.400495771350985,0.830593876733866,0.805416124501967,"ENSG00000172232",1
"GO:0006352","DNA-templated transcription initiation","1/122","15/3645",0.0666666666666667,1.99180327868852,0.716193927787697,0.400495771350985,0.830593876733866,0.805416124501967,"ENSG00000091831",1
"GO:0006457","protein folding","1/122","15/3645",0.0666666666666667,1.99180327868852,0.716193927787697,0.400495771350985,0.830593876733866,0.805416124501967,"ENSG00000166405",1
"GO:0006637","acyl-CoA metabolic process","1/122","15/3645",0.0666666666666667,1.99180327868852,0.716193927787697,0.400495771350985,0.830593876733866,0.805416124501967,"ENSG00000197977",1
"GO:0006833","water transport","1/122","15/3645",0.0666666666666667,1.99180327868852,0.716193927787697,0.400495771350985,0.830593876733866,0.805416124501967,"ENSG00000103569",1
"GO:0007528","neuromuscular junction development","1/122","15/3645",0.0666666666666667,1.99180327868852,0.716193927787697,0.400495771350985,0.830593876733866,0.805416124501967,"ENSG00000175920",1
"GO:0009395","phospholipid catabolic process","1/122","15/3645",0.0666666666666667,1.99180327868852,0.716193927787697,0.400495771350985,0.830593876733866,0.805416124501967,"ENSG00000131969",1
"GO:0010632","regulation of epithelial cell migration","1/122","15/3645",0.0666666666666667,1.99180327868852,0.716193927787697,0.400495771350985,0.830593876733866,0.805416124501967,"ENSG00000006128",1
"GO:0019755","one-carbon compound transport","1/122","15/3645",0.0666666666666667,1.99180327868852,0.716193927787697,0.400495771350985,0.830593876733866,0.805416124501967,"ENSG00000103569",1
"GO:0022010","central nervous system myelination","1/122","15/3645",0.0666666666666667,1.99180327868852,0.716193927787697,0.400495771350985,0.830593876733866,0.805416124501967,"ENSG00000100146",1
"GO:0031340","positive regulation of vesicle fusion","1/122","15/3645",0.0666666666666667,1.99180327868852,0.716193927787697,0.400495771350985,0.830593876733866,0.805416124501967,"ENSG00000149927",1
"GO:0032228","regulation of synaptic transmission, GABAergic","1/122","15/3645",0.0666666666666667,1.99180327868852,0.716193927787697,0.400495771350985,0.830593876733866,0.805416124501967,"ENSG00000006128",1
"GO:0032291","axon ensheathment in central nervous system","1/122","15/3645",0.0666666666666667,1.99180327868852,0.716193927787697,0.400495771350985,0.830593876733866,0.805416124501967,"ENSG00000100146",1
"GO:0032892","positive regulation of organic acid transport","1/122","15/3645",0.0666666666666667,1.99180327868852,0.716193927787697,0.400495771350985,0.830593876733866,0.805416124501967,"ENSG00000117009",1
"GO:0033687","osteoblast proliferation","1/122","15/3645",0.0666666666666667,1.99180327868852,0.716193927787697,0.400495771350985,0.830593876733866,0.805416124501967,"ENSG00000104332",1
"GO:0034644","cellular response to UV","1/122","15/3645",0.0666666666666667,1.99180327868852,0.716193927787697,0.400495771350985,0.830593876733866,0.805416124501967,"ENSG00000196611",1
"GO:0035383","thioester metabolic process","1/122","15/3645",0.0666666666666667,1.99180327868852,0.716193927787697,0.400495771350985,0.830593876733866,0.805416124501967,"ENSG00000197977",1
"GO:0043029","T cell homeostasis","1/122","15/3645",0.0666666666666667,1.99180327868852,0.716193927787697,0.400495771350985,0.830593876733866,0.805416124501967,"ENSG00000141682",1
"GO:0043489","RNA stabilization","1/122","15/3645",0.0666666666666667,1.99180327868852,0.716193927787697,0.400495771350985,0.830593876733866,0.805416124501967,"ENSG00000112183",1
"GO:0048024","regulation of mRNA splicing, via spliceosome","1/122","15/3645",0.0666666666666667,1.99180327868852,0.716193927787697,0.400495771350985,0.830593876733866,0.805416124501967,"ENSG00000112183",1
"GO:0048265","response to pain","1/122","15/3645",0.0666666666666667,1.99180327868852,0.716193927787697,0.400495771350985,0.830593876733866,0.805416124501967,"ENSG00000006128",1
"GO:0048665","neuron fate specification","1/122","15/3645",0.0666666666666667,1.99180327868852,0.716193927787697,0.400495771350985,0.830593876733866,0.805416124501967,"ENSG00000140538",1
"GO:0050435","amyloid-beta metabolic process","1/122","15/3645",0.0666666666666667,1.99180327868852,0.716193927787697,0.400495771350985,0.830593876733866,0.805416124501967,"ENSG00000148053",1
"GO:0051898","negative regulation of phosphatidylinositol 3-kinase/protein kinase B signal transduction","1/122","15/3645",0.0666666666666667,1.99180327868852,0.716193927787697,0.400495771350985,0.830593876733866,0.805416124501967,"ENSG00000120057",1
"GO:0051938","L-glutamate import","1/122","15/3645",0.0666666666666667,1.99180327868852,0.716193927787697,0.400495771350985,0.830593876733866,0.805416124501967,"ENSG00000117009",1
"GO:0051954","positive regulation of amine transport","1/122","15/3645",0.0666666666666667,1.99180327868852,0.716193927787697,0.400495771350985,0.830593876733866,0.805416124501967,"ENSG00000117009",1
"GO:0060412","ventricular septum morphogenesis","1/122","15/3645",0.0666666666666667,1.99180327868852,0.716193927787697,0.400495771350985,0.830593876733866,0.805416124501967,"ENSG00000069702",1
"GO:0060571","morphogenesis of an epithelial fold","1/122","15/3645",0.0666666666666667,1.99180327868852,0.716193927787697,0.400495771350985,0.830593876733866,0.805416124501967,"ENSG00000171243",1
"GO:0061036","positive regulation of cartilage development","1/122","15/3645",0.0666666666666667,1.99180327868852,0.716193927787697,0.400495771350985,0.830593876733866,0.805416124501967,"ENSG00000138696",1
"GO:0071526","semaphorin-plexin signaling pathway","1/122","15/3645",0.0666666666666667,1.99180327868852,0.716193927787697,0.400495771350985,0.830593876733866,0.805416124501967,"ENSG00000012171",1
"GO:0090022","regulation of neutrophil chemotaxis","1/122","15/3645",0.0666666666666667,1.99180327868852,0.716193927787697,0.400495771350985,0.830593876733866,0.805416124501967,"ENSG00000134830",1
"GO:0097194","execution phase of apoptosis","1/122","15/3645",0.0666666666666667,1.99180327868852,0.716193927787697,0.400495771350985,0.830593876733866,0.805416124501967,"ENSG00000187288",1
"GO:2000406","positive regulation of T cell migration","1/122","15/3645",0.0666666666666667,1.99180327868852,0.716193927787697,0.400495771350985,0.830593876733866,0.805416124501967,"ENSG00000143556",1
"GO:0051493","regulation of cytoskeleton organization","5/122","124/3645",0.0403225806451613,1.20471972501322,0.431569055753619,0.401379244583806,0.830593876733866,0.805416124501967,"ENSG00000108830/ENSG00000143546/ENSG00000163220/ENSG00000006128/ENSG00000104332",5
"GO:0001708","cell fate specification","2/122","41/3645",0.0487804878048781,1.45741703318673,0.548055635493675,0.401438425967085,0.830593876733866,0.805416124501967,"ENSG00000140538/ENSG00000064309",2
"GO:0001889","liver development","2/122","41/3645",0.0487804878048781,1.45741703318673,0.548055635493675,0.401438425967085,0.830593876733866,0.805416124501967,"ENSG00000069702/ENSG00000164879",2
"GO:0006694","steroid biosynthetic process","2/122","41/3645",0.0487804878048781,1.45741703318673,0.548055635493675,0.401438425967085,0.830593876733866,0.805416124501967,"ENSG00000160867/ENSG00000170099",2
"GO:0010565","regulation of ketone metabolic process","2/122","41/3645",0.0487804878048781,1.45741703318673,0.548055635493675,0.401438425967085,0.830593876733866,0.805416124501967,"ENSG00000160867/ENSG00000214456",2
"GO:0120032","regulation of plasma membrane bounded cell projection assembly","2/122","41/3645",0.0487804878048781,1.45741703318673,0.548055635493675,0.401438425967085,0.830593876733866,0.805416124501967,"ENSG00000146038/ENSG00000107954",2
"GO:1902476","chloride transmembrane transport","2/122","41/3645",0.0487804878048781,1.45741703318673,0.548055635493675,0.401438425967085,0.830593876733866,0.805416124501967,"ENSG00000094755/ENSG00000104044",2
"GO:0033365","protein localization to organelle","4/122","96/3645",0.0416666666666667,1.24487704918033,0.452421752844726,0.401739126022639,0.830593876733866,0.805416124501967,"ENSG00000082175/ENSG00000114757/ENSG00000114547/ENSG00000091831",4
"GO:0002064","epithelial cell development","3/122","69/3645",0.0434782608695652,1.29900213827512,0.466565758293188,0.408561605927246,0.830593876733866,0.805416124501967,"ENSG00000082175/ENSG00000091831/ENSG00000159184",3
"GO:0009895","negative regulation of catabolic process","3/122","69/3645",0.0434782608695652,1.29900213827512,0.466565758293188,0.408561605927246,0.830593876733866,0.805416124501967,"ENSG00000112183/ENSG00000214456/ENSG00000187288",3
"GO:0055123","digestive system development","3/122","69/3645",0.0434782608695652,1.29900213827512,0.466565758293188,0.408561605927246,0.830593876733866,0.805416124501967,"ENSG00000100146/ENSG00000104332/ENSG00000120057",3
"GO:0072073","kidney epithelium development","3/122","69/3645",0.0434782608695652,1.29900213827512,0.466565758293188,0.408561605927246,0.830593876733866,0.805416124501967,"ENSG00000143867/ENSG00000104332/ENSG00000126562",3
"GO:0002685","regulation of leukocyte migration","4/122","97/3645",0.0412371134020619,1.23204326516816,0.430998548348137,0.409407991556679,0.830593876733866,0.805416124501967,"ENSG00000124205/ENSG00000168329/ENSG00000134830/ENSG00000143556",4
"GO:0048705","skeletal system morphogenesis","4/122","97/3645",0.0412371134020619,1.23204326516816,0.430998548348137,0.409407991556679,0.830593876733866,0.805416124501967,"ENSG00000143867/ENSG00000104332/ENSG00000136457/ENSG00000138696",4
"GO:1904062","regulation of monoatomic cation transmembrane transport","4/122","97/3645",0.0412371134020619,1.23204326516816,0.430998548348137,0.409407991556679,0.830593876733866,0.805416124501967,"ENSG00000124205/ENSG00000143867/ENSG00000108370/ENSG00000126562",4
"GO:0030198","extracellular matrix organization","6/122","154/3645",0.038961038961039,1.16404087715563,0.387035050135999,0.412013363238317,0.830593876733866,0.805416124501967,"ENSG00000131095/ENSG00000196611/ENSG00000069702/ENSG00000261857/ENSG00000160867/ENSG00000171819",6
"GO:0043062","extracellular structure organization","6/122","154/3645",0.038961038961039,1.16404087715563,0.387035050135999,0.412013363238317,0.830593876733866,0.805416124501967,"ENSG00000131095/ENSG00000196611/ENSG00000069702/ENSG00000261857/ENSG00000160867/ENSG00000171819",6
"GO:0045229","external encapsulating structure organization","6/122","154/3645",0.038961038961039,1.16404087715563,0.387035050135999,0.412013363238317,0.830593876733866,0.805416124501967,"ENSG00000131095/ENSG00000196611/ENSG00000069702/ENSG00000261857/ENSG00000160867/ENSG00000171819",6
"GO:0006412","translation","2/122","42/3645",0.0476190476190476,1.42271662763466,0.512689736305225,0.413285231558948,0.830593876733866,0.805416124501967,"ENSG00000112183/ENSG00000107954",2
"GO:0009581","detection of external stimulus","2/122","42/3645",0.0476190476190476,1.42271662763466,0.512689736305225,0.413285231558948,0.830593876733866,0.805416124501967,"ENSG00000133256/ENSG00000006128",2
"GO:0009582","detection of abiotic stimulus","2/122","42/3645",0.0476190476190476,1.42271662763466,0.512689736305225,0.413285231558948,0.830593876733866,0.805416124501967,"ENSG00000133256/ENSG00000006128",2
"GO:0019318","hexose metabolic process","2/122","42/3645",0.0476190476190476,1.42271662763466,0.512689736305225,0.413285231558948,0.830593876733866,0.805416124501967,"ENSG00000164128/ENSG00000141682",2
"GO:0043161","proteasome-mediated ubiquitin-dependent protein catabolic process","2/122","42/3645",0.0476190476190476,1.42271662763466,0.512689736305225,0.413285231558948,0.830593876733866,0.805416124501967,"ENSG00000119147/ENSG00000187715",2
"GO:0048813","dendrite morphogenesis","2/122","42/3645",0.0476190476190476,1.42271662763466,0.512689736305225,0.413285231558948,0.830593876733866,0.805416124501967,"ENSG00000143126/ENSG00000146038",2
"GO:0051017","actin filament bundle assembly","2/122","42/3645",0.0476190476190476,1.42271662763466,0.512689736305225,0.413285231558948,0.830593876733866,0.805416124501967,"ENSG00000006128/ENSG00000104332",2
"GO:0051588","regulation of neurotransmitter transport","2/122","42/3645",0.0476190476190476,1.42271662763466,0.512689736305225,0.413285231558948,0.830593876733866,0.805416124501967,"ENSG00000131095/ENSG00000117009",2
"GO:0060491","regulation of cell projection assembly","2/122","42/3645",0.0476190476190476,1.42271662763466,0.512689736305225,0.413285231558948,0.830593876733866,0.805416124501967,"ENSG00000146038/ENSG00000107954",2
"GO:0061008","hepaticobiliary system development","2/122","42/3645",0.0476190476190476,1.42271662763466,0.512689736305225,0.413285231558948,0.830593876733866,0.805416124501967,"ENSG00000069702/ENSG00000164879",2
"GO:1901137","carbohydrate derivative biosynthetic process","4/122","98/3645",0.0408163265306122,1.21947139511542,0.409801124563187,0.417058415684839,0.830593876733866,0.805416124501967,"ENSG00000112981/ENSG00000148488/ENSG00000138696/ENSG00000164742",4
"GO:0009416","response to light stimulus","3/122","70/3645",0.0428571428571429,1.28044496487119,0.440830284023339,0.417645517847865,0.830593876733866,0.805416124501967,"ENSG00000196611/ENSG00000133256/ENSG00000108370",3
"GO:0099173","postsynapse organization","3/122","70/3645",0.0428571428571429,1.28044496487119,0.440830284023339,0.417645517847865,0.830593876733866,0.805416124501967,"ENSG00000140538/ENSG00000175920/ENSG00000107954",3
"GO:0002067","glandular epithelial cell differentiation","1/122","16/3645",0.0625,1.86731557377049,0.646928717169843,0.420644398319354,0.830593876733866,0.805416124501967,"ENSG00000082175",1
"GO:0006749","glutathione metabolic process","1/122","16/3645",0.0625,1.86731557377049,0.646928717169843,0.420644398319354,0.830593876733866,0.805416124501967,"ENSG00000100031",1
"GO:0006986","response to unfolded protein","1/122","16/3645",0.0625,1.86731557377049,0.646928717169843,0.420644398319354,0.830593876733866,0.805416124501967,"ENSG00000113739",1
"GO:0010460","positive regulation of heart rate","1/122","16/3645",0.0625,1.86731557377049,0.646928717169843,0.420644398319354,0.830593876733866,0.805416124501967,"ENSG00000124205",1
"GO:0010656","negative regulation of muscle cell apoptotic process","1/122","16/3645",0.0625,1.86731557377049,0.646928717169843,0.420644398319354,0.830593876733866,0.805416124501967,"ENSG00000091831",1
"GO:0010818","T cell chemotaxis","1/122","16/3645",0.0625,1.86731557377049,0.646928717169843,0.420644398319354,0.830593876733866,0.805416124501967,"ENSG00000143556",1
"GO:0014075","response to amine","1/122","16/3645",0.0625,1.86731557377049,0.646928717169843,0.420644398319354,0.830593876733866,0.805416124501967,"ENSG00000108370",1
"GO:0030330","DNA damage response, signal transduction by p53 class mediator","1/122","16/3645",0.0625,1.86731557377049,0.646928717169843,0.420644398319354,0.830593876733866,0.805416124501967,"ENSG00000141682",1
"GO:0030641","regulation of cellular pH","1/122","16/3645",0.0625,1.86731557377049,0.646928717169843,0.420644398319354,0.830593876733866,0.805416124501967,"ENSG00000104044",1
"GO:0031630","regulation of synaptic vesicle fusion to presynaptic active zone membrane","1/122","16/3645",0.0625,1.86731557377049,0.646928717169843,0.420644398319354,0.830593876733866,0.805416124501967,"ENSG00000149927",1
"GO:0032259","methylation","1/122","16/3645",0.0625,1.86731557377049,0.646928717169843,0.420644398319354,0.830593876733866,0.805416124501967,"ENSG00000250305",1
"GO:0032715","negative regulation of interleukin-6 production","1/122","16/3645",0.0625,1.86731557377049,0.646928717169843,0.420644398319354,0.830593876733866,0.805416124501967,"ENSG00000134830",1
"GO:0034248","regulation of amide metabolic process","1/122","16/3645",0.0625,1.86731557377049,0.646928717169843,0.420644398319354,0.830593876733866,0.805416124501967,"ENSG00000148053",1
"GO:0035235","ionotropic glutamate receptor signaling pathway","1/122","16/3645",0.0625,1.86731557377049,0.646928717169843,0.420644398319354,0.830593876733866,0.805416124501967,"ENSG00000120251",1
"GO:0051453","regulation of intracellular pH","1/122","16/3645",0.0625,1.86731557377049,0.646928717169843,0.420644398319354,0.830593876733866,0.805416124501967,"ENSG00000104044",1
"GO:0051702","biological process involved in interaction with symbiont","1/122","16/3645",0.0625,1.86731557377049,0.646928717169843,0.420644398319354,0.830593876733866,0.805416124501967,"ENSG00000172232",1
"GO:0051881","regulation of mitochondrial membrane potential","1/122","16/3645",0.0625,1.86731557377049,0.646928717169843,0.420644398319354,0.830593876733866,0.805416124501967,"ENSG00000141682",1
"GO:0060043","regulation of cardiac muscle cell proliferation","1/122","16/3645",0.0625,1.86731557377049,0.646928717169843,0.420644398319354,0.830593876733866,0.805416124501967,"ENSG00000069702",1
"GO:0060632","regulation of microtubule-based movement","1/122","16/3645",0.0625,1.86731557377049,0.646928717169843,0.420644398319354,0.830593876733866,0.805416124501967,"ENSG00000006128",1
"GO:0072079","nephron tubule formation","1/122","16/3645",0.0625,1.86731557377049,0.646928717169843,0.420644398319354,0.830593876733866,0.805416124501967,"ENSG00000143867",1
"GO:0072329","monocarboxylic acid catabolic process","1/122","16/3645",0.0625,1.86731557377049,0.646928717169843,0.420644398319354,0.830593876733866,0.805416124501967,"ENSG00000214456",1
"GO:0099560","synaptic membrane adhesion","1/122","16/3645",0.0625,1.86731557377049,0.646928717169843,0.420644398319354,0.830593876733866,0.805416124501967,"ENSG00000136099",1
"GO:0150146","cell junction disassembly","1/122","16/3645",0.0625,1.86731557377049,0.646928717169843,0.420644398319354,0.830593876733866,0.805416124501967,"ENSG00000168329",1
"GO:1900271","regulation of long-term synaptic potentiation","1/122","16/3645",0.0625,1.86731557377049,0.646928717169843,0.420644398319354,0.830593876733866,0.805416124501967,"ENSG00000164742",1
"GO:1901632","regulation of synaptic vesicle membrane organization","1/122","16/3645",0.0625,1.86731557377049,0.646928717169843,0.420644398319354,0.830593876733866,0.805416124501967,"ENSG00000149927",1
"GO:1901796","regulation of signal transduction by p53 class mediator","1/122","16/3645",0.0625,1.86731557377049,0.646928717169843,0.420644398319354,0.830593876733866,0.805416124501967,"ENSG00000141682",1
"GO:1902622","regulation of neutrophil migration","1/122","16/3645",0.0625,1.86731557377049,0.646928717169843,0.420644398319354,0.830593876733866,0.805416124501967,"ENSG00000134830",1
"GO:1904861","excitatory synapse assembly","1/122","16/3645",0.0625,1.86731557377049,0.646928717169843,0.420644398319354,0.830593876733866,0.805416124501967,"ENSG00000140538",1
"GO:0044093","positive regulation of molecular function","5/122","127/3645",0.0393700787401575,1.17626177875307,0.376205265092608,0.421593634636629,0.830593876733866,0.805416124501967,"ENSG00000160867/ENSG00000175920/ENSG00000214456/ENSG00000164742/ENSG00000091831",5
"GO:0061025","membrane fusion","2/122","43/3645",0.0465116279069767,1.38963019443385,0.478220023714558,0.425016795383208,0.830593876733866,0.805416124501967,"ENSG00000149927/ENSG00000114547",2
"GO:0061572","actin filament bundle organization","2/122","43/3645",0.0465116279069767,1.38963019443385,0.478220023714558,0.425016795383208,0.830593876733866,0.805416124501967,"ENSG00000006128/ENSG00000104332",2
"GO:0072078","nephron tubule morphogenesis","2/122","43/3645",0.0465116279069767,1.38963019443385,0.478220023714558,0.425016795383208,0.830593876733866,0.805416124501967,"ENSG00000143867/ENSG00000126562",2
"GO:1901343","negative regulation of vasculature development","2/122","43/3645",0.0465116279069767,1.38963019443385,0.478220023714558,0.425016795383208,0.830593876733866,0.805416124501967,"ENSG00000168329/ENSG00000171819",2
"GO:0080135","regulation of cellular response to stress","3/122","71/3645",0.0422535211267606,1.26241052874625,0.415475993025253,0.426685336736538,0.830593876733866,0.805416124501967,"ENSG00000140538/ENSG00000141682/ENSG00000134824",3
"GO:0034329","cell junction assembly","7/122","186/3645",0.0376344086021505,1.12440507667901,0.324064958068518,0.431269982759337,0.830593876733866,0.805416124501967,"ENSG00000148053/ENSG00000140538/ENSG00000053747/ENSG00000104332/ENSG00000134757/ENSG00000134760/ENSG00000107954",7
"GO:0002040","sprouting angiogenesis","2/122","44/3645",0.0454545454545455,1.3580476900149,0.444598948900769,0.43662754156358,0.830593876733866,0.805416124501967,"ENSG00000069702/ENSG00000179388",2
"GO:0002444","myeloid leukocyte mediated immunity","2/122","44/3645",0.0454545454545455,1.3580476900149,0.444598948900769,0.43662754156358,0.830593876733866,0.805416124501967,"ENSG00000168329/ENSG00000172232",2
"GO:0030177","positive regulation of Wnt signaling pathway","2/122","44/3645",0.0454545454545455,1.3580476900149,0.444598948900769,0.43662754156358,0.830593876733866,0.805416124501967,"ENSG00000104332/ENSG00000133067",2
"GO:0035249","synaptic transmission, glutamatergic","2/122","44/3645",0.0454545454545455,1.3580476900149,0.444598948900769,0.43662754156358,0.830593876733866,0.805416124501967,"ENSG00000120251/ENSG00000117009",2
"GO:0061333","renal tubule morphogenesis","2/122","44/3645",0.0454545454545455,1.3580476900149,0.444598948900769,0.43662754156358,0.830593876733866,0.805416124501967,"ENSG00000143867/ENSG00000126562",2
"GO:0072088","nephron epithelium morphogenesis","2/122","44/3645",0.0454545454545455,1.3580476900149,0.444598948900769,0.43662754156358,0.830593876733866,0.805416124501967,"ENSG00000143867/ENSG00000126562",2
"GO:0007010","cytoskeleton organization","13/122","362/3645",0.0359116022099447,1.07293270537089,0.272053266896781,0.437972539195549,0.830593876733866,0.805416124501967,"ENSG00000131095/ENSG00000108830/ENSG00000143546/ENSG00000183833/ENSG00000163220/ENSG00000172159/ENSG00000186847/ENSG00000006128/ENSG00000104332/ENSG00000134757/ENSG00000120262/ENSG00000171811/ENSG00000107954",13
"GO:0000375","RNA splicing, via transesterification reactions","1/122","17/3645",0.0588235294117647,1.75747348119576,0.582466607283569,0.440121219318262,0.830593876733866,0.805416124501967,"ENSG00000112183",1
"GO:0000377","RNA splicing, via transesterification reactions with bulged adenosine as nucleophile","1/122","17/3645",0.0588235294117647,1.75747348119576,0.582466607283569,0.440121219318262,0.830593876733866,0.805416124501967,"ENSG00000112183",1
"GO:0000398","mRNA splicing, via spliceosome","1/122","17/3645",0.0588235294117647,1.75747348119576,0.582466607283569,0.440121219318262,0.830593876733866,0.805416124501967,"ENSG00000112183",1
"GO:0000768","syncytium formation by plasma membrane fusion","1/122","17/3645",0.0588235294117647,1.75747348119576,0.582466607283569,0.440121219318262,0.830593876733866,0.805416124501967,"ENSG00000064309",1
"GO:0001836","release of cytochrome c from mitochondria","1/122","17/3645",0.0588235294117647,1.75747348119576,0.582466607283569,0.440121219318262,0.830593876733866,0.805416124501967,"ENSG00000141682",1
"GO:0001954","positive regulation of cell-matrix adhesion","1/122","17/3645",0.0588235294117647,1.75747348119576,0.582466607283569,0.440121219318262,0.830593876733866,0.805416124501967,"ENSG00000104332",1
"GO:0002762","negative regulation of myeloid leukocyte differentiation","1/122","17/3645",0.0588235294117647,1.75747348119576,0.582466607283569,0.440121219318262,0.830593876733866,0.805416124501967,"ENSG00000104332",1
"GO:0002931","response to ischemia","1/122","17/3645",0.0588235294117647,1.75747348119576,0.582466607283569,0.440121219318262,0.830593876733866,0.805416124501967,"ENSG00000168329",1
"GO:0007187","G protein-coupled receptor signaling pathway, coupled to cyclic nucleotide second messenger","1/122","17/3645",0.0588235294117647,1.75747348119576,0.582466607283569,0.440121219318262,0.830593876733866,0.805416124501967,"ENSG00000164128",1
"GO:0009247","glycolipid biosynthetic process","1/122","17/3645",0.0588235294117647,1.75747348119576,0.582466607283569,0.440121219318262,0.830593876733866,0.805416124501967,"ENSG00000148488",1
"GO:0009948","anterior/posterior axis specification","1/122","17/3645",0.0588235294117647,1.75747348119576,0.582466607283569,0.440121219318262,0.830593876733866,0.805416124501967,"ENSG00000143768",1
"GO:0010171","body morphogenesis","1/122","17/3645",0.0588235294117647,1.75747348119576,0.582466607283569,0.440121219318262,0.830593876733866,0.805416124501967,"ENSG00000064309",1
"GO:0010906","regulation of glucose metabolic process","1/122","17/3645",0.0588235294117647,1.75747348119576,0.582466607283569,0.440121219318262,0.830593876733866,0.805416124501967,"ENSG00000141682",1
"GO:0019098","reproductive behavior","1/122","17/3645",0.0588235294117647,1.75747348119576,0.582466607283569,0.440121219318262,0.830593876733866,0.805416124501967,"ENSG00000006128",1
"GO:0031069","hair follicle morphogenesis","1/122","17/3645",0.0588235294117647,1.75747348119576,0.582466607283569,0.440121219318262,0.830593876733866,0.805416124501967,"ENSG00000171243",1
"GO:0031103","axon regeneration","1/122","17/3645",0.0588235294117647,1.75747348119576,0.582466607283569,0.440121219318262,0.830593876733866,0.805416124501967,"ENSG00000140538",1
"GO:0034766","negative regulation of monoatomic ion transmembrane transport","1/122","17/3645",0.0588235294117647,1.75747348119576,0.582466607283569,0.440121219318262,0.830593876733866,0.805416124501967,"ENSG00000143867",1
"GO:0042044","fluid transport","1/122","17/3645",0.0588235294117647,1.75747348119576,0.582466607283569,0.440121219318262,0.830593876733866,0.805416124501967,"ENSG00000103569",1
"GO:0048710","regulation of astrocyte differentiation","1/122","17/3645",0.0588235294117647,1.75747348119576,0.582466607283569,0.440121219318262,0.830593876733866,0.805416124501967,"ENSG00000140538",1
"GO:0051149","positive regulation of muscle cell differentiation","1/122","17/3645",0.0588235294117647,1.75747348119576,0.582466607283569,0.440121219318262,0.830593876733866,0.805416124501967,"ENSG00000112183",1
"GO:0060421","positive regulation of heart growth","1/122","17/3645",0.0588235294117647,1.75747348119576,0.582466607283569,0.440121219318262,0.830593876733866,0.805416124501967,"ENSG00000069702",1
"GO:0060914","heart formation","1/122","17/3645",0.0588235294117647,1.75747348119576,0.582466607283569,0.440121219318262,0.830593876733866,0.805416124501967,"ENSG00000081479",1
"GO:0099171","presynaptic modulation of chemical synaptic transmission","1/122","17/3645",0.0588235294117647,1.75747348119576,0.582466607283569,0.440121219318262,0.830593876733866,0.805416124501967,"ENSG00000164742",1
"GO:0120178","steroid hormone biosynthetic process","1/122","17/3645",0.0588235294117647,1.75747348119576,0.582466607283569,0.440121219318262,0.830593876733866,0.805416124501967,"ENSG00000170099",1
"GO:0140253","cell-cell fusion","1/122","17/3645",0.0588235294117647,1.75747348119576,0.582466607283569,0.440121219318262,0.830593876733866,0.805416124501967,"ENSG00000064309",1
"GO:1902373","negative regulation of mRNA catabolic process","1/122","17/3645",0.0588235294117647,1.75747348119576,0.582466607283569,0.440121219318262,0.830593876733866,0.805416124501967,"ENSG00000112183",1
"GO:1903307","positive regulation of regulated secretory pathway","1/122","17/3645",0.0588235294117647,1.75747348119576,0.582466607283569,0.440121219318262,0.830593876733866,0.805416124501967,"ENSG00000149927",1
"GO:1903409","reactive oxygen species biosynthetic process","1/122","17/3645",0.0588235294117647,1.75747348119576,0.582466607283569,0.440121219318262,0.830593876733866,0.805416124501967,"ENSG00000164879",1
"GO:1904063","negative regulation of cation transmembrane transport","1/122","17/3645",0.0588235294117647,1.75747348119576,0.582466607283569,0.440121219318262,0.830593876733866,0.805416124501967,"ENSG00000143867",1
"GO:1904894","positive regulation of receptor signaling pathway via STAT","1/122","17/3645",0.0588235294117647,1.75747348119576,0.582466607283569,0.440121219318262,0.830593876733866,0.805416124501967,"ENSG00000145777",1
"GO:0050673","epithelial cell proliferation","6/122","159/3645",0.0377358490566038,1.12743581812558,0.305730777030165,0.44238569177855,0.830593876733866,0.805416124501967,"ENSG00000143867/ENSG00000069702/ENSG00000082175/ENSG00000104332/ENSG00000179388/ENSG00000091831",6
"GO:0016358","dendrite development","3/122","73/3645",0.0410958904109589,1.22782393891758,0.365862450657424,0.444618468451478,0.830593876733866,0.805416124501967,"ENSG00000143126/ENSG00000146038/ENSG00000107954",3
"GO:1901701","cellular response to oxygen-containing compound","12/122","335/3645",0.0358208955223881,1.07022265720577,0.250956496976193,0.447507927361178,0.830593876733866,0.805416124501967,"ENSG00000140538/ENSG00000100146/ENSG00000143867/ENSG00000064309/ENSG00000117009/ENSG00000103569/ENSG00000168329/ENSG00000104332/ENSG00000108370/ENSG00000164879/ENSG00000164742/ENSG00000091831",12
"GO:0002793","positive regulation of peptide secretion","2/122","45/3645",0.0444444444444444,1.32786885245902,0.411782556034778,0.44811238962239,0.830593876733866,0.805416124501967,"ENSG00000119147/ENSG00000143546",2
"GO:0006633","fatty acid biosynthetic process","2/122","45/3645",0.0444444444444444,1.32786885245902,0.411782556034778,0.44811238962239,0.830593876733866,0.805416124501967,"ENSG00000197977/ENSG00000134824",2
"GO:0032368","regulation of lipid transport","2/122","45/3645",0.0444444444444444,1.32786885245902,0.411782556034778,0.44811238962239,0.830593876733866,0.805416124501967,"ENSG00000119147/ENSG00000006128",2
"GO:0051607","defense response to virus","2/122","45/3645",0.0444444444444444,1.32786885245902,0.411782556034778,0.44811238962239,0.830593876733866,0.805416124501967,"ENSG00000141682/ENSG00000172232",2
"GO:0072676","lymphocyte migration","2/122","45/3645",0.0444444444444444,1.32786885245902,0.411782556034778,0.44811238962239,0.830593876733866,0.805416124501967,"ENSG00000117407/ENSG00000143556",2
"GO:0098661","inorganic anion transmembrane transport","2/122","45/3645",0.0444444444444444,1.32786885245902,0.411782556034778,0.44811238962239,0.830593876733866,0.805416124501967,"ENSG00000094755/ENSG00000104044",2
"GO:0034330","cell junction organization","11/122","307/3645",0.0358306188925081,1.07051316281305,0.240219907011124,0.453261389858518,0.830593876733866,0.805416124501967,"ENSG00000148053/ENSG00000140538/ENSG00000053747/ENSG00000168329/ENSG00000175920/ENSG00000104332/ENSG00000120729/ENSG00000134757/ENSG00000134760/ENSG00000136099/ENSG00000107954",11
"GO:0051897","positive regulation of phosphatidylinositol 3-kinase/protein kinase B signal transduction","3/122","74/3645",0.0405405405405405,1.21123172352681,0.341580331211458,0.453505074011494,0.830593876733866,0.805416124501967,"ENSG00000148053/ENSG00000140538/ENSG00000168329",3
"GO:0050678","regulation of epithelial cell proliferation","5/122","132/3645",0.0378787878787879,1.13170640834575,0.286792358329554,0.455017139667463,0.830593876733866,0.805416124501967,"ENSG00000143867/ENSG00000069702/ENSG00000082175/ENSG00000104332/ENSG00000179388",5
"GO:0061061","muscle structure development","8/122","220/3645",0.0363636363636364,1.08643815201192,0.246093024486356,0.457716445833433,0.830593876733866,0.805416124501967,"ENSG00000081479/ENSG00000064309/ENSG00000112183/ENSG00000069702/ENSG00000166091/ENSG00000179388/ENSG00000171243/ENSG00000107954",8
"GO:0002260","lymphocyte homeostasis","1/122","18/3645",0.0555555555555556,1.65983606557377,0.522169261132252,0.458948455052323,0.830593876733866,0.805416124501967,"ENSG00000141682",1
"GO:0002534","cytokine production involved in inflammatory response","1/122","18/3645",0.0555555555555556,1.65983606557377,0.522169261132252,0.458948455052323,0.830593876733866,0.805416124501967,"ENSG00000127743",1
"GO:0006518","peptide metabolic process","1/122","18/3645",0.0555555555555556,1.65983606557377,0.522169261132252,0.458948455052323,0.830593876733866,0.805416124501967,"ENSG00000100031",1
"GO:0006687","glycosphingolipid metabolic process","1/122","18/3645",0.0555555555555556,1.65983606557377,0.522169261132252,0.458948455052323,0.830593876733866,0.805416124501967,"ENSG00000148488",1
"GO:0006949","syncytium formation","1/122","18/3645",0.0555555555555556,1.65983606557377,0.522169261132252,0.458948455052323,0.830593876733866,0.805416124501967,"ENSG00000064309",1
"GO:0007566","embryo implantation","1/122","18/3645",0.0555555555555556,1.65983606557377,0.522169261132252,0.458948455052323,0.830593876733866,0.805416124501967,"ENSG00000113739",1
"GO:0008652","amino acid biosynthetic process","1/122","18/3645",0.0555555555555556,1.65983606557377,0.522169261132252,0.458948455052323,0.830593876733866,0.805416124501967,"ENSG00000100031",1
"GO:0009187","cyclic nucleotide metabolic process","1/122","18/3645",0.0555555555555556,1.65983606557377,0.522169261132252,0.458948455052323,0.830593876733866,0.805416124501967,"ENSG00000164742",1
"GO:0031629","synaptic vesicle fusion to presynaptic active zone membrane","1/122","18/3645",0.0555555555555556,1.65983606557377,0.522169261132252,0.458948455052323,0.830593876733866,0.805416124501967,"ENSG00000149927",1
"GO:0032350","regulation of hormone metabolic process","1/122","18/3645",0.0555555555555556,1.65983606557377,0.522169261132252,0.458948455052323,0.830593876733866,0.805416124501967,"ENSG00000113739",1
"GO:0034332","adherens junction organization","1/122","18/3645",0.0555555555555556,1.65983606557377,0.522169261132252,0.458948455052323,0.830593876733866,0.805416124501967,"ENSG00000134757",1
"GO:0042982","amyloid precursor protein metabolic process","1/122","18/3645",0.0555555555555556,1.65983606557377,0.522169261132252,0.458948455052323,0.830593876733866,0.805416124501967,"ENSG00000148053",1
"GO:0046189","phenol-containing compound biosynthetic process","1/122","18/3645",0.0555555555555556,1.65983606557377,0.522169261132252,0.458948455052323,0.830593876733866,0.805416124501967,"ENSG00000104044",1
"GO:0046530","photoreceptor cell differentiation","1/122","18/3645",0.0555555555555556,1.65983606557377,0.522169261132252,0.458948455052323,0.830593876733866,0.805416124501967,"ENSG00000148053",1
"GO:0046847","filopodium assembly","1/122","18/3645",0.0555555555555556,1.65983606557377,0.522169261132252,0.458948455052323,0.830593876733866,0.805416124501967,"ENSG00000107954",1
"GO:0048013","ephrin receptor signaling pathway","1/122","18/3645",0.0555555555555556,1.65983606557377,0.522169261132252,0.458948455052323,0.830593876733866,0.805416124501967,"ENSG00000140538",1
"GO:0048499","synaptic vesicle membrane organization","1/122","18/3645",0.0555555555555556,1.65983606557377,0.522169261132252,0.458948455052323,0.830593876733866,0.805416124501967,"ENSG00000149927",1
"GO:0048713","regulation of oligodendrocyte differentiation","1/122","18/3645",0.0555555555555556,1.65983606557377,0.522169261132252,0.458948455052323,0.830593876733866,0.805416124501967,"ENSG00000106278",1
"GO:0050684","regulation of mRNA processing","1/122","18/3645",0.0555555555555556,1.65983606557377,0.522169261132252,0.458948455052323,0.830593876733866,0.805416124501967,"ENSG00000112183",1
"GO:0052652","cyclic purine nucleotide metabolic process","1/122","18/3645",0.0555555555555556,1.65983606557377,0.522169261132252,0.458948455052323,0.830593876733866,0.805416124501967,"ENSG00000164742",1
"GO:0060998","regulation of dendritic spine development","1/122","18/3645",0.0555555555555556,1.65983606557377,0.522169261132252,0.458948455052323,0.830593876733866,0.805416124501967,"ENSG00000107954",1
"GO:0097106","postsynaptic density organization","1/122","18/3645",0.0555555555555556,1.65983606557377,0.522169261132252,0.458948455052323,0.830593876733866,0.805416124501967,"ENSG00000140538",1
"GO:0099622","cardiac muscle cell membrane repolarization","1/122","18/3645",0.0555555555555556,1.65983606557377,0.522169261132252,0.458948455052323,0.830593876733866,0.805416124501967,"ENSG00000171385",1
"GO:1900015","regulation of cytokine production involved in inflammatory response","1/122","18/3645",0.0555555555555556,1.65983606557377,0.522169261132252,0.458948455052323,0.830593876733866,0.805416124501967,"ENSG00000127743",1
"GO:1902369","negative regulation of RNA catabolic process","1/122","18/3645",0.0555555555555556,1.65983606557377,0.522169261132252,0.458948455052323,0.830593876733866,0.805416124501967,"ENSG00000112183",1
"GO:2000403","positive regulation of lymphocyte migration","1/122","18/3645",0.0555555555555556,1.65983606557377,0.522169261132252,0.458948455052323,0.830593876733866,0.805416124501967,"ENSG00000143556",1
"GO:2000736","regulation of stem cell differentiation","1/122","18/3645",0.0555555555555556,1.65983606557377,0.522169261132252,0.458948455052323,0.830593876733866,0.805416124501967,"ENSG00000112183",1
"GO:0031647","regulation of protein stability","2/122","46/3645",0.0434782608695652,1.29900213827512,0.379730135759847,0.459466728044168,0.830593876733866,0.805416124501967,"ENSG00000134757/ENSG00000134760",2
"GO:0032526","response to retinoic acid","2/122","46/3645",0.0434782608695652,1.29900213827512,0.379730135759847,0.459466728044168,0.830593876733866,0.805416124501967,"ENSG00000140538/ENSG00000143867",2
"GO:0035264","multicellular organism growth","2/122","46/3645",0.0434782608695652,1.29900213827512,0.379730135759847,0.459466728044168,0.830593876733866,0.805416124501967,"ENSG00000164128/ENSG00000113739",2
"GO:0042303","molting cycle","2/122","46/3645",0.0434782608695652,1.29900213827512,0.379730135759847,0.459466728044168,0.830593876733866,0.805416124501967,"ENSG00000186847/ENSG00000171243",2
"GO:0042633","hair cycle","2/122","46/3645",0.0434782608695652,1.29900213827512,0.379730135759847,0.459466728044168,0.830593876733866,0.805416124501967,"ENSG00000186847/ENSG00000171243",2
"GO:0044344","cellular response to fibroblast growth factor stimulus","2/122","46/3645",0.0434782608695652,1.29900213827512,0.379730135759847,0.459466728044168,0.830593876733866,0.805416124501967,"ENSG00000160867/ENSG00000179388",2
"GO:0062013","positive regulation of small molecule metabolic process","2/122","46/3645",0.0434782608695652,1.29900213827512,0.379730135759847,0.459466728044168,0.830593876733866,0.805416124501967,"ENSG00000141682/ENSG00000214456",2
"GO:0072028","nephron morphogenesis","2/122","46/3645",0.0434782608695652,1.29900213827512,0.379730135759847,0.459466728044168,0.830593876733866,0.805416124501967,"ENSG00000143867/ENSG00000126562",2
"GO:1902905","positive regulation of supramolecular fiber organization","2/122","46/3645",0.0434782608695652,1.29900213827512,0.379730135759847,0.459466728044168,0.830593876733866,0.805416124501967,"ENSG00000006128/ENSG00000104332",2
"GO:0010959","regulation of metal ion transport","5/122","133/3645",0.037593984962406,1.12319733760631,0.269316317335352,0.461646569647293,0.830593876733866,0.805416124501967,"ENSG00000124205/ENSG00000143867/ENSG00000113739/ENSG00000108370/ENSG00000126562",5
"GO:0009628","response to abiotic stimulus","11/122","309/3645",0.0355987055016181,1.06358427502785,0.217384573015939,0.462128850677963,0.830593876733866,0.805416124501967,"ENSG00000196611/ENSG00000141682/ENSG00000133256/ENSG00000113739/ENSG00000069702/ENSG00000117009/ENSG00000186847/ENSG00000006128/ENSG00000104332/ENSG00000108370/ENSG00000164879",11
"GO:0006644","phospholipid metabolic process","3/122","75/3645",0.04,1.19508196721311,0.31763359347753,0.462334166457957,0.830593876733866,0.805416124501967,"ENSG00000129951/ENSG00000168004/ENSG00000131969",3
"GO:0043523","regulation of neuron apoptotic process","3/122","75/3645",0.04,1.19508196721311,0.31763359347753,0.462334166457957,0.830593876733866,0.805416124501967,"ENSG00000148053/ENSG00000168329/ENSG00000106278",3
"GO:0090287","regulation of cellular response to growth factor stimulus","4/122","104/3645",0.0384615384615385,1.14911727616646,0.287074387083399,0.462437916964834,0.830593876733866,0.805416124501967,"ENSG00000081479/ENSG00000069702/ENSG00000104332/ENSG00000171243",4
"GO:0033043","regulation of organelle organization","9/122","251/3645",0.0358565737051793,1.07128861602769,0.217777948914905,0.466020793881806,0.830593876733866,0.805416124501967,"ENSG00000108830/ENSG00000124205/ENSG00000141682/ENSG00000143546/ENSG00000149927/ENSG00000146038/ENSG00000163220/ENSG00000006128/ENSG00000104332",9
"GO:0050807","regulation of synapse organization","4/122","105/3645",0.0380952380952381,1.13817330210773,0.267319064760468,0.469892874253519,0.830593876733866,0.805416124501967,"ENSG00000148053/ENSG00000140538/ENSG00000136099/ENSG00000107954",4
"GO:0002526","acute inflammatory response","2/122","47/3645",0.0425531914893617,1.27136379490757,0.348403918924373,0.470686389030188,0.830593876733866,0.805416124501967,"ENSG00000006128/ENSG00000198535",2
"GO:0046890","regulation of lipid biosynthetic process","2/122","47/3645",0.0425531914893617,1.27136379490757,0.348403918924373,0.470686389030188,0.830593876733866,0.805416124501967,"ENSG00000160867/ENSG00000214456",2
"GO:0051495","positive regulation of cytoskeleton organization","2/122","47/3645",0.0425531914893617,1.27136379490757,0.348403918924373,0.470686389030188,0.830593876733866,0.805416124501967,"ENSG00000006128/ENSG00000104332",2
"GO:0070098","chemokine-mediated signaling pathway","2/122","47/3645",0.0425531914893617,1.27136379490757,0.348403918924373,0.470686389030188,0.830593876733866,0.805416124501967,"ENSG00000135063/ENSG00000168329",2
"GO:0048736","appendage development","3/122","76/3645",0.0394736842105263,1.17935720448663,0.294012047367468,0.471102785668486,0.830593876733866,0.805416124501967,"ENSG00000143867/ENSG00000150893/ENSG00000144218",3
"GO:0048872","homeostasis of number of cells","3/122","76/3645",0.0394736842105263,1.17935720448663,0.294012047367468,0.471102785668486,0.830593876733866,0.805416124501967,"ENSG00000141682/ENSG00000069702/ENSG00000168329",3
"GO:0060173","limb development","3/122","76/3645",0.0394736842105263,1.17935720448663,0.294012047367468,0.471102785668486,0.830593876733866,0.805416124501967,"ENSG00000143867/ENSG00000150893/ENSG00000144218",3
"GO:0061024","membrane organization","6/122","164/3645",0.0365853658536585,1.09306277489004,0.226912639786643,0.472473168048576,0.830593876733866,0.805416124501967,"ENSG00000141682/ENSG00000149927/ENSG00000168497/ENSG00000175920/ENSG00000187288/ENSG00000114547",6
"GO:0001941","postsynaptic membrane organization","1/122","19/3645",0.0526315789473684,1.57247627264884,0.465514453538203,0.477147597176287,0.830593876733866,0.805416124501967,"ENSG00000175920",1
"GO:0006885","regulation of pH","1/122","19/3645",0.0526315789473684,1.57247627264884,0.465514453538203,0.477147597176287,0.830593876733866,0.805416124501967,"ENSG00000104044",1
"GO:0007033","vacuole organization","1/122","19/3645",0.0526315789473684,1.57247627264884,0.465514453538203,0.477147597176287,0.830593876733866,0.805416124501967,"ENSG00000104044",1
"GO:0009064","glutamine family amino acid metabolic process","1/122","19/3645",0.0526315789473684,1.57247627264884,0.465514453538203,0.477147597176287,0.830593876733866,0.805416124501967,"ENSG00000100031",1
"GO:0010043","response to zinc ion","1/122","19/3645",0.0526315789473684,1.57247627264884,0.465514453538203,0.477147597176287,0.830593876733866,0.805416124501967,"ENSG00000143546",1
"GO:0017158","regulation of calcium ion-dependent exocytosis","1/122","19/3645",0.0526315789473684,1.57247627264884,0.465514453538203,0.477147597176287,0.830593876733866,0.805416124501967,"ENSG00000149927",1
"GO:0019395","fatty acid oxidation","1/122","19/3645",0.0526315789473684,1.57247627264884,0.465514453538203,0.477147597176287,0.830593876733866,0.805416124501967,"ENSG00000214456",1
"GO:0019748","secondary metabolic process","1/122","19/3645",0.0526315789473684,1.57247627264884,0.465514453538203,0.477147597176287,0.830593876733866,0.805416124501967,"ENSG00000104044",1
"GO:0035904","aorta development","1/122","19/3645",0.0526315789473684,1.57247627264884,0.465514453538203,0.477147597176287,0.830593876733866,0.805416124501967,"ENSG00000081479",1
"GO:0035966","response to topologically incorrect protein","1/122","19/3645",0.0526315789473684,1.57247627264884,0.465514453538203,0.477147597176287,0.830593876733866,0.805416124501967,"ENSG00000113739",1
"GO:0043268","positive regulation of potassium ion transport","1/122","19/3645",0.0526315789473684,1.57247627264884,0.465514453538203,0.477147597176287,0.830593876733866,0.805416124501967,"ENSG00000124205",1
"GO:0045823","positive regulation of heart contraction","1/122","19/3645",0.0526315789473684,1.57247627264884,0.465514453538203,0.477147597176287,0.830593876733866,0.805416124501967,"ENSG00000124205",1
"GO:0048246","macrophage chemotaxis","1/122","19/3645",0.0526315789473684,1.57247627264884,0.465514453538203,0.477147597176287,0.830593876733866,0.805416124501967,"ENSG00000172232",1
"GO:0048730","epidermis morphogenesis","1/122","19/3645",0.0526315789473684,1.57247627264884,0.465514453538203,0.477147597176287,0.830593876733866,0.805416124501967,"ENSG00000171243",1
"GO:0050901","leukocyte tethering or rolling","1/122","19/3645",0.0526315789473684,1.57247627264884,0.465514453538203,0.477147597176287,0.830593876733866,0.805416124501967,"ENSG00000168329",1
"GO:0050922","negative regulation of chemotaxis","1/122","19/3645",0.0526315789473684,1.57247627264884,0.465514453538203,0.477147597176287,0.830593876733866,0.805416124501967,"ENSG00000134830",1
"GO:0060038","cardiac muscle cell proliferation","1/122","19/3645",0.0526315789473684,1.57247627264884,0.465514453538203,0.477147597176287,0.830593876733866,0.805416124501967,"ENSG00000069702",1
"GO:0070293","renal absorption","1/122","19/3645",0.0526315789473684,1.57247627264884,0.465514453538203,0.477147597176287,0.830593876733866,0.805416124501967,"ENSG00000126562",1
"GO:0099500","vesicle fusion to plasma membrane","1/122","19/3645",0.0526315789473684,1.57247627264884,0.465514453538203,0.477147597176287,0.830593876733866,0.805416124501967,"ENSG00000149927",1
"GO:1903524","positive regulation of blood circulation","1/122","19/3645",0.0526315789473684,1.57247627264884,0.465514453538203,0.477147597176287,0.830593876733866,0.805416124501967,"ENSG00000124205",1
"GO:1904019","epithelial cell apoptotic process","1/122","19/3645",0.0526315789473684,1.57247627264884,0.465514453538203,0.477147597176287,0.830593876733866,0.805416124501967,"ENSG00000091831",1
"GO:1905521","regulation of macrophage migration","1/122","19/3645",0.0526315789473684,1.57247627264884,0.465514453538203,0.477147597176287,0.830593876733866,0.805416124501967,"ENSG00000168329",1
"GO:0045165","cell fate commitment","4/122","106/3645",0.0377358490566038,1.12743581812558,0.2477518696934,0.477311287633925,0.830593876733866,0.805416124501967,"ENSG00000140538/ENSG00000064309/ENSG00000104332/ENSG00000171243",4
"GO:0051248","negative regulation of protein metabolic process","4/122","106/3645",0.0377358490566038,1.12743581812558,0.2477518696934,0.477311287633925,0.830593876733866,0.805416124501967,"ENSG00000148053/ENSG00000112183/ENSG00000104332/ENSG00000133169",4
"GO:0002833","positive regulation of response to biotic stimulus","3/122","77/3645",0.038961038961039,1.16404087715563,0.270705949390295,0.479808123513898,0.830593876733866,0.805416124501967,"ENSG00000143546/ENSG00000163220/ENSG00000091831",3
"GO:0030163","protein catabolic process","5/122","136/3645",0.0367647058823529,1.09842092574735,0.217659683670105,0.481396004593588,0.830593876733866,0.805416124501967,"ENSG00000131095/ENSG00000141682/ENSG00000119147/ENSG00000081479/ENSG00000187715",5
"GO:0002062","chondrocyte differentiation","2/122","48/3645",0.0416666666666667,1.24487704918033,0.31776880513587,0.481767624394888,0.830593876733866,0.805416124501967,"ENSG00000143867/ENSG00000138696",2
"GO:0005996","monosaccharide metabolic process","2/122","48/3645",0.0416666666666667,1.24487704918033,0.31776880513587,0.481767624394888,0.830593876733866,0.805416124501967,"ENSG00000164128/ENSG00000141682",2
"GO:0006665","sphingolipid metabolic process","2/122","48/3645",0.0416666666666667,1.24487704918033,0.31776880513587,0.481767624394888,0.830593876733866,0.805416124501967,"ENSG00000197977/ENSG00000148488",2
"GO:0032635","interleukin-6 production","2/122","48/3645",0.0416666666666667,1.24487704918033,0.31776880513587,0.481767624394888,0.830593876733866,0.805416124501967,"ENSG00000134830/ENSG00000145777",2
"GO:0032675","regulation of interleukin-6 production","2/122","48/3645",0.0416666666666667,1.24487704918033,0.31776880513587,0.481767624394888,0.830593876733866,0.805416124501967,"ENSG00000134830/ENSG00000145777",2
"GO:0048593","camera-type eye morphogenesis","2/122","48/3645",0.0416666666666667,1.24487704918033,0.31776880513587,0.481767624394888,0.830593876733866,0.805416124501967,"ENSG00000148053/ENSG00000064309",2
"GO:0071774","response to fibroblast growth factor","2/122","48/3645",0.0416666666666667,1.24487704918033,0.31776880513587,0.481767624394888,0.830593876733866,0.805416124501967,"ENSG00000160867/ENSG00000179388",2
"GO:0098754","detoxification","2/122","48/3645",0.0416666666666667,1.24487704918033,0.31776880513587,0.481767624394888,0.830593876733866,0.805416124501967,"ENSG00000163220/ENSG00000103569",2
"GO:0055085","transmembrane transport","15/122","432/3645",0.0347222222222222,1.03739754098361,0.154043130303422,0.481776365664421,0.830593876733866,0.805416124501967,"ENSG00000131095/ENSG00000124205/ENSG00000143867/ENSG00000081479/ENSG00000120251/ENSG00000154263/ENSG00000103569/ENSG00000099960/ENSG00000114757/ENSG00000108370/ENSG00000094755/ENSG00000174326/ENSG00000171385/ENSG00000104044/ENSG00000126562",15
"GO:0043410","positive regulation of MAPK cascade","6/122","166/3645",0.036144578313253,1.07989334386727,0.196042488245191,0.484393900578276,0.830593876733866,0.805416124501967,"ENSG00000148053/ENSG00000140538/ENSG00000124205/ENSG00000064309/ENSG00000160867/ENSG00000143556",6
"GO:0050803","regulation of synapse structure or activity","4/122","107/3645",0.0373831775700935,1.11689903477861,0.22836875156055,0.484691216609756,0.830593876733866,0.805416124501967,"ENSG00000148053/ENSG00000140538/ENSG00000136099/ENSG00000107954",4
"GO:0071214","cellular response to abiotic stimulus","3/122","78/3645",0.0384615384615385,1.14911727616646,0.247705977389013,0.488447520702313,0.830593876733866,0.805416124501967,"ENSG00000196611/ENSG00000104332/ENSG00000108370",3
"GO:0104004","cellular response to environmental stimulus","3/122","78/3645",0.0384615384615385,1.14911727616646,0.247705977389013,0.488447520702313,0.830593876733866,0.805416124501967,"ENSG00000196611/ENSG00000104332/ENSG00000108370",3
"GO:0007611","learning or memory","4/122","108/3645",0.037037037037037,1.10655737704918,0.209165786227012,0.492030791362485,0.830593876733866,0.805416124501967,"ENSG00000148053/ENSG00000006128/ENSG00000106278/ENSG00000164742",4
"GO:0001525","angiogenesis","7/122","197/3645",0.0355329949238579,1.06162103686444,0.165459331026683,0.4922248361697,0.830593876733866,0.805416124501967,"ENSG00000069702/ENSG00000107014/ENSG00000168329/ENSG00000104332/ENSG00000179388/ENSG00000159184/ENSG00000143556",7
"GO:0001909","leukocyte mediated cytotoxicity","2/122","49/3645",0.0408163265306122,1.21947139511542,0.28779212153521,0.49270708255699,0.830593876733866,0.805416124501967,"ENSG00000168329/ENSG00000172232",2
"GO:0003073","regulation of systemic arterial blood pressure","2/122","49/3645",0.0408163265306122,1.21947139511542,0.28779212153521,0.49270708255699,0.830593876733866,0.805416124501967,"ENSG00000124205/ENSG00000006128",2
"GO:0006396","RNA processing","2/122","49/3645",0.0408163265306122,1.21947139511542,0.28779212153521,0.49270708255699,0.830593876733866,0.805416124501967,"ENSG00000250305/ENSG00000112183",2
"GO:0007292","female gamete generation","2/122","49/3645",0.0408163265306122,1.21947139511542,0.28779212153521,0.49270708255699,0.830593876733866,0.805416124501967,"ENSG00000082175/ENSG00000138696",2
"GO:0050680","negative regulation of epithelial cell proliferation","2/122","49/3645",0.0408163265306122,1.21947139511542,0.28779212153521,0.49270708255699,0.830593876733866,0.805416124501967,"ENSG00000069702/ENSG00000104332",2
"GO:1990868","response to chemokine","2/122","49/3645",0.0408163265306122,1.21947139511542,0.28779212153521,0.49270708255699,0.830593876733866,0.805416124501967,"ENSG00000135063/ENSG00000168329",2
"GO:1990869","cellular response to chemokine","2/122","49/3645",0.0408163265306122,1.21947139511542,0.28779212153521,0.49270708255699,0.830593876733866,0.805416124501967,"ENSG00000135063/ENSG00000168329",2
"GO:0015711","organic anion transport","5/122","138/3645",0.036231884057971,1.08250178189594,0.183843282977854,0.494431936199796,0.830593876733866,0.805416124501967,"ENSG00000131095/ENSG00000148053/ENSG00000081479/ENSG00000117009/ENSG00000174326",5
"GO:0001738","morphogenesis of a polarized epithelium","1/122","20/3645",0.05,1.49385245901639,0.412069993533758,0.494739432020328,0.830593876733866,0.805416124501967,"ENSG00000104332",1
"GO:0002886","regulation of myeloid leukocyte mediated immunity","1/122","20/3645",0.05,1.49385245901639,0.412069993533758,0.494739432020328,0.830593876733866,0.805416124501967,"ENSG00000168329",1
"GO:0017148","negative regulation of translation","1/122","20/3645",0.05,1.49385245901639,0.412069993533758,0.494739432020328,0.830593876733866,0.805416124501967,"ENSG00000112183",1
"GO:0031338","regulation of vesicle fusion","1/122","20/3645",0.05,1.49385245901639,0.412069993533758,0.494739432020328,0.830593876733866,0.805416124501967,"ENSG00000149927",1
"GO:0034103","regulation of tissue remodeling","1/122","20/3645",0.05,1.49385245901639,0.412069993533758,0.494739432020328,0.830593876733866,0.805416124501967,"ENSG00000104332",1
"GO:0034394","protein localization to cell surface","1/122","20/3645",0.05,1.49385245901639,0.412069993533758,0.494739432020328,0.830593876733866,0.805416124501967,"ENSG00000166405",1
"GO:0035115","embryonic forelimb morphogenesis","1/122","20/3645",0.05,1.49385245901639,0.412069993533758,0.494739432020328,0.830593876733866,0.805416124501967,"ENSG00000143867",1
"GO:0035272","exocrine system development","1/122","20/3645",0.05,1.49385245901639,0.412069993533758,0.494739432020328,0.830593876733866,0.805416124501967,"ENSG00000100146",1
"GO:0035924","cellular response to vascular endothelial growth factor stimulus","1/122","20/3645",0.05,1.49385245901639,0.412069993533758,0.494739432020328,0.830593876733866,0.805416124501967,"ENSG00000179388",1
"GO:0043488","regulation of mRNA stability","1/122","20/3645",0.05,1.49385245901639,0.412069993533758,0.494739432020328,0.830593876733866,0.805416124501967,"ENSG00000112183",1
"GO:0045620","negative regulation of lymphocyte differentiation","1/122","20/3645",0.05,1.49385245901639,0.412069993533758,0.494739432020328,0.830593876733866,0.805416124501967,"ENSG00000104332",1
"GO:0045668","negative regulation of osteoblast differentiation","1/122","20/3645",0.05,1.49385245901639,0.412069993533758,0.494739432020328,0.830593876733866,0.805416124501967,"ENSG00000104332",1
"GO:0045776","negative regulation of blood pressure","1/122","20/3645",0.05,1.49385245901639,0.412069993533758,0.494739432020328,0.830593876733866,0.805416124501967,"ENSG00000006128",1
"GO:0046456","icosanoid biosynthetic process","1/122","20/3645",0.05,1.49385245901639,0.412069993533758,0.494739432020328,0.830593876733866,0.805416124501967,"ENSG00000100031",1
"GO:0048041","focal adhesion assembly","1/122","20/3645",0.05,1.49385245901639,0.412069993533758,0.494739432020328,0.830593876733866,0.805416124501967,"ENSG00000104332",1
"GO:0048193","Golgi vesicle transport","1/122","20/3645",0.05,1.49385245901639,0.412069993533758,0.494739432020328,0.830593876733866,0.805416124501967,"ENSG00000108018",1
"GO:0050731","positive regulation of peptidyl-tyrosine phosphorylation","1/122","20/3645",0.05,1.49385245901639,0.412069993533758,0.494739432020328,0.830593876733866,0.805416124501967,"ENSG00000175920",1
"GO:0050810","regulation of steroid biosynthetic process","1/122","20/3645",0.05,1.49385245901639,0.412069993533758,0.494739432020328,0.830593876733866,0.805416124501967,"ENSG00000160867",1
"GO:0060390","regulation of SMAD protein signal transduction","1/122","20/3645",0.05,1.49385245901639,0.412069993533758,0.494739432020328,0.830593876733866,0.805416124501967,"ENSG00000069702",1
"GO:0086005","ventricular cardiac muscle cell action potential","1/122","20/3645",0.05,1.49385245901639,0.412069993533758,0.494739432020328,0.830593876733866,0.805416124501967,"ENSG00000171385",1
"GO:0089718","amino acid import across plasma membrane","1/122","20/3645",0.05,1.49385245901639,0.412069993533758,0.494739432020328,0.830593876733866,0.805416124501967,"ENSG00000131095",1
"GO:0099054","presynapse assembly","1/122","20/3645",0.05,1.49385245901639,0.412069993533758,0.494739432020328,0.830593876733866,0.805416124501967,"ENSG00000140538",1
"GO:1903312","negative regulation of mRNA metabolic process","1/122","20/3645",0.05,1.49385245901639,0.412069993533758,0.494739432020328,0.830593876733866,0.805416124501967,"ENSG00000112183",1
"GO:1990806","ligand-gated ion channel signaling pathway","1/122","20/3645",0.05,1.49385245901639,0.412069993533758,0.494739432020328,0.830593876733866,0.805416124501967,"ENSG00000120251",1
"GO:0043009","chordate embryonic development","7/122","198/3645",0.0353535353535354,1.05625931445604,0.151467398773697,0.49768649440936,0.833440033107876,0.808176005474718,"ENSG00000100146/ENSG00000143867/ENSG00000081479/ENSG00000104332/ENSG00000119698/ENSG00000148488/ENSG00000136099",7
"GO:0034765","regulation of monoatomic ion transmembrane transport","4/122","109/3645",0.036697247706422,1.09640547450744,0.190139170647485,0.499328212250766,0.833440033107876,0.808176005474718,"ENSG00000124205/ENSG00000143867/ENSG00000108370/ENSG00000126562",4
"GO:0002764","immune response-regulating signaling pathway","5/122","139/3645",0.0359712230215827,1.07471399929237,0.167115297376498,0.500906609576417,0.833440033107876,0.808176005474718,"ENSG00000143546/ENSG00000163220/ENSG00000147255/ENSG00000134830/ENSG00000091831",5
"GO:0065009","regulation of molecular function","7/122","199/3645",0.0351758793969849,1.050951478705,0.137542993484691,0.503130921568847,0.833440033107876,0.808176005474718,"ENSG00000148053/ENSG00000107014/ENSG00000160867/ENSG00000175920/ENSG00000214456/ENSG00000164742/ENSG00000091831",7
"GO:0045667","regulation of osteoblast differentiation","2/122","50/3645",0.04,1.19508196721311,0.258443407879187,0.50350178657999,0.833440033107876,0.808176005474718,"ENSG00000104332/ENSG00000138696",2
"GO:0098656","monoatomic anion transmembrane transport","2/122","50/3645",0.04,1.19508196721311,0.258443407879187,0.50350178657999,0.833440033107876,0.808176005474718,"ENSG00000094755/ENSG00000104044",2
"GO:0048588","developmental cell growth","3/122","80/3645",0.0375,1.12038934426229,0.2025890898051,0.5055185806648,0.833440033107876,0.808176005474718,"ENSG00000108830/ENSG00000140538/ENSG00000124205",3
"GO:0007507","heart development","7/122","200/3645",0.035,1.04569672131148,0.123685333282176,0.508557265526672,0.833440033107876,0.808176005474718,"ENSG00000140538/ENSG00000164128/ENSG00000143867/ENSG00000081479/ENSG00000112183/ENSG00000069702/ENSG00000150893",7
"GO:0001990","regulation of systemic arterial blood pressure by hormone","1/122","21/3645",0.0476190476190476,1.42271662763466,0.36147449692781,0.511744063549574,0.833440033107876,0.808176005474718,"ENSG00000124205",1
"GO:0003009","skeletal muscle contraction","1/122","21/3645",0.0476190476190476,1.42271662763466,0.36147449692781,0.511744063549574,0.833440033107876,0.808176005474718,"ENSG00000164879",1
"GO:0003197","endocardial cushion development","1/122","21/3645",0.0476190476190476,1.42271662763466,0.36147449692781,0.511744063549574,0.833440033107876,0.808176005474718,"ENSG00000112183",1
"GO:0005976","polysaccharide metabolic process","1/122","21/3645",0.0476190476190476,1.42271662763466,0.36147449692781,0.511744063549574,0.833440033107876,0.808176005474718,"ENSG00000257335",1
"GO:0006664","glycolipid metabolic process","1/122","21/3645",0.0476190476190476,1.42271662763466,0.36147449692781,0.511744063549574,0.833440033107876,0.808176005474718,"ENSG00000148488",1
"GO:0010657","muscle cell apoptotic process","1/122","21/3645",0.0476190476190476,1.42271662763466,0.36147449692781,0.511744063549574,0.833440033107876,0.808176005474718,"ENSG00000091831",1
"GO:0010660","regulation of muscle cell apoptotic process","1/122","21/3645",0.0476190476190476,1.42271662763466,0.36147449692781,0.511744063549574,0.833440033107876,0.808176005474718,"ENSG00000091831",1
"GO:0030166","proteoglycan biosynthetic process","1/122","21/3645",0.0476190476190476,1.42271662763466,0.36147449692781,0.511744063549574,0.833440033107876,0.808176005474718,"ENSG00000138696",1
"GO:0030512","negative regulation of transforming growth factor beta receptor signaling pathway","1/122","21/3645",0.0476190476190476,1.42271662763466,0.36147449692781,0.511744063549574,0.833440033107876,0.808176005474718,"ENSG00000069702",1
"GO:0032613","interleukin-10 production","1/122","21/3645",0.0476190476190476,1.42271662763466,0.36147449692781,0.511744063549574,0.833440033107876,0.808176005474718,"ENSG00000145777",1
"GO:0032653","regulation of interleukin-10 production","1/122","21/3645",0.0476190476190476,1.42271662763466,0.36147449692781,0.511744063549574,0.833440033107876,0.808176005474718,"ENSG00000145777",1
"GO:0035850","epithelial cell differentiation involved in kidney development","1/122","21/3645",0.0476190476190476,1.42271662763466,0.36147449692781,0.511744063549574,0.833440033107876,0.808176005474718,"ENSG00000143867",1
"GO:0043487","regulation of RNA stability","1/122","21/3645",0.0476190476190476,1.42271662763466,0.36147449692781,0.511744063549574,0.833440033107876,0.808176005474718,"ENSG00000112183",1
"GO:0043535","regulation of blood vessel endothelial cell migration","1/122","21/3645",0.0476190476190476,1.42271662763466,0.36147449692781,0.511744063549574,0.833440033107876,0.808176005474718,"ENSG00000069702",1
"GO:0045600","positive regulation of fat cell differentiation","1/122","21/3645",0.0476190476190476,1.42271662763466,0.36147449692781,0.511744063549574,0.833440033107876,0.808176005474718,"ENSG00000104332",1
"GO:0045687","positive regulation of glial cell differentiation","1/122","21/3645",0.0476190476190476,1.42271662763466,0.36147449692781,0.511744063549574,0.833440033107876,0.808176005474718,"ENSG00000106278",1
"GO:0045933","positive regulation of muscle contraction","1/122","21/3645",0.0476190476190476,1.42271662763466,0.36147449692781,0.511744063549574,0.833440033107876,0.808176005474718,"ENSG00000124205",1
"GO:0046622","positive regulation of organ growth","1/122","21/3645",0.0476190476190476,1.42271662763466,0.36147449692781,0.511744063549574,0.833440033107876,0.808176005474718,"ENSG00000069702",1
"GO:0055021","regulation of cardiac muscle tissue growth","1/122","21/3645",0.0476190476190476,1.42271662763466,0.36147449692781,0.511744063549574,0.833440033107876,0.808176005474718,"ENSG00000069702",1
"GO:0071320","cellular response to cAMP","1/122","21/3645",0.0476190476190476,1.42271662763466,0.36147449692781,0.511744063549574,0.833440033107876,0.808176005474718,"ENSG00000103569",1
"GO:0141161","regulation of cAMP/PKA signal transduction","1/122","21/3645",0.0476190476190476,1.42271662763466,0.36147449692781,0.511744063549574,0.833440033107876,0.808176005474718,"ENSG00000133256",1
"GO:1903509","liposaccharide metabolic process","1/122","21/3645",0.0476190476190476,1.42271662763466,0.36147449692781,0.511744063549574,0.833440033107876,0.808176005474718,"ENSG00000148488",1
"GO:2000404","regulation of T cell migration","1/122","21/3645",0.0476190476190476,1.42271662763466,0.36147449692781,0.511744063549574,0.833440033107876,0.808176005474718,"ENSG00000143556",1
"GO:0009894","regulation of catabolic process","5/122","141/3645",0.0354609929078014,1.05946982908964,0.134009928617861,0.513762795363079,0.833440033107876,0.808176005474718,"ENSG00000131095/ENSG00000081479/ENSG00000112183/ENSG00000214456/ENSG00000187288",5
"GO:0014706","striated muscle tissue development","5/122","141/3645",0.0354609929078014,1.05946982908964,0.134009928617861,0.513762795363079,0.833440033107876,0.808176005474718,"ENSG00000081479/ENSG00000064309/ENSG00000112183/ENSG00000069702/ENSG00000107954",5
"GO:0003018","vascular process in circulatory system","4/122","111/3645",0.036036036036036,1.07665042091272,0.152600353180031,0.513789741281665,0.833440033107876,0.808176005474718,"ENSG00000124205/ENSG00000081479/ENSG00000198535/ENSG00000172232",4
"GO:1901342","regulation of vasculature development","4/122","111/3645",0.036036036036036,1.07665042091272,0.152600353180031,0.513789741281665,0.833440033107876,0.808176005474718,"ENSG00000107014/ENSG00000168329/ENSG00000104332/ENSG00000171819",4
"GO:0051603","proteolysis involved in protein catabolic process","3/122","81/3645",0.037037037037037,1.10655737704918,0.180455432718216,0.513945639632864,0.833440033107876,0.808176005474718,"ENSG00000141682/ENSG00000119147/ENSG00000187715",3
"GO:0001657","ureteric bud development","2/122","51/3645",0.0392156862745098,1.17164898746384,0.229694224593657,0.514149113218441,0.833440033107876,0.808176005474718,"ENSG00000143867/ENSG00000104332",2
"GO:0030282","bone mineralization","2/122","51/3645",0.0392156862745098,1.17164898746384,0.229694224593657,0.514149113218441,0.833440033107876,0.808176005474718,"ENSG00000143867/ENSG00000138696",2
"GO:0072080","nephron tubule development","2/122","51/3645",0.0392156862745098,1.17164898746384,0.229694224593657,0.514149113218441,0.833440033107876,0.808176005474718,"ENSG00000143867/ENSG00000126562",2
"GO:0072163","mesonephric epithelium development","2/122","51/3645",0.0392156862745098,1.17164898746384,0.229694224593657,0.514149113218441,0.833440033107876,0.808176005474718,"ENSG00000143867/ENSG00000104332",2
"GO:0072164","mesonephric tubule development","2/122","51/3645",0.0392156862745098,1.17164898746384,0.229694224593657,0.514149113218441,0.833440033107876,0.808176005474718,"ENSG00000143867/ENSG00000104332",2
"GO:0098609","cell-cell adhesion","13/122","381/3645",0.0341207349081365,1.01942687491932,0.0745595253577038,0.515382181535324,0.834737387222199,0.80943403295618,"ENSG00000143126/ENSG00000053747/ENSG00000143546/ENSG00000064309/ENSG00000163220/ENSG00000168329/ENSG00000120729/ENSG00000196090/ENSG00000134757/ENSG00000179388/ENSG00000134760/ENSG00000136099/ENSG00000114547",13
"GO:0048598","embryonic morphogenesis","8/122","232/3645",0.0344827586206897,1.03024307518372,0.088575696356226,0.519191023846553,0.838568744640696,0.813149250621548,"ENSG00000053747/ENSG00000143867/ENSG00000081479/ENSG00000064309/ENSG00000104332/ENSG00000150893/ENSG00000136099/ENSG00000144218",8
"GO:0009792","embryo development ending in birth or egg hatching","7/122","202/3645",0.0346534653465347,1.0353432884272,0.0961671855677641,0.519352382742854,0.838568744640696,0.813149250621548,"ENSG00000100146/ENSG00000143867/ENSG00000081479/ENSG00000104332/ENSG00000119698/ENSG00000148488/ENSG00000136099",7
"GO:0005975","carbohydrate metabolic process","4/122","112/3645",0.0357142857142857,1.067037470726,0.134081108209038,0.520950595600445,0.838568744640696,0.813149250621548,"ENSG00000164128/ENSG00000141682/ENSG00000148488/ENSG00000257335",4
"GO:0007015","actin filament organization","4/122","112/3645",0.0357142857142857,1.067037470726,0.134081108209038,0.520950595600445,0.838568744640696,0.813149250621548,"ENSG00000108830/ENSG00000006128/ENSG00000104332/ENSG00000134757",4
"GO:0032956","regulation of actin cytoskeleton organization","3/122","82/3645",0.0365853658536585,1.09306277489004,0.158594379042197,0.522297543587116,0.838568744640696,0.813149250621548,"ENSG00000108830/ENSG00000006128/ENSG00000104332",3
"GO:0071805","potassium ion transmembrane transport","3/122","82/3645",0.0365853658536585,1.09306277489004,0.158594379042197,0.522297543587116,0.838568744640696,0.813149250621548,"ENSG00000124205/ENSG00000171385/ENSG00000126562",3
"GO:0042476","odontogenesis","2/122","52/3645",0.0384615384615385,1.14911727616646,0.201517980939896,0.524646772928184,0.838568744640696,0.813149250621548,"ENSG00000143867/ENSG00000171243",2
"GO:0061326","renal tubule development","2/122","52/3645",0.0384615384615385,1.14911727616646,0.201517980939896,0.524646772928184,0.838568744640696,0.813149250621548,"ENSG00000143867/ENSG00000126562",2
"GO:0001504","neurotransmitter uptake","1/122","22/3645",0.0454545454545455,1.3580476900149,0.313422974176638,0.528180935582398,0.838568744640696,0.813149250621548,"ENSG00000131095",1
"GO:0008637","apoptotic mitochondrial changes","1/122","22/3645",0.0454545454545455,1.3580476900149,0.313422974176638,0.528180935582398,0.838568744640696,0.813149250621548,"ENSG00000141682",1
"GO:0010092","specification of animal organ identity","1/122","22/3645",0.0454545454545455,1.3580476900149,0.313422974176638,0.528180935582398,0.838568744640696,0.813149250621548,"ENSG00000081479",1
"GO:0010821","regulation of mitochondrion organization","1/122","22/3645",0.0454545454545455,1.3580476900149,0.313422974176638,0.528180935582398,0.838568744640696,0.813149250621548,"ENSG00000141682",1
"GO:0016339","calcium-dependent cell-cell adhesion via plasma membrane cell adhesion molecules","1/122","22/3645",0.0454545454545455,1.3580476900149,0.313422974176638,0.528180935582398,0.838568744640696,0.813149250621548,"ENSG00000134760",1
"GO:0030574","collagen catabolic process","1/122","22/3645",0.0454545454545455,1.3580476900149,0.313422974176638,0.528180935582398,0.838568744640696,0.813149250621548,"ENSG00000196611",1
"GO:0032720","negative regulation of tumor necrosis factor production","1/122","22/3645",0.0454545454545455,1.3580476900149,0.313422974176638,0.528180935582398,0.838568744640696,0.813149250621548,"ENSG00000134830",1
"GO:0043484","regulation of RNA splicing","1/122","22/3645",0.0454545454545455,1.3580476900149,0.313422974176638,0.528180935582398,0.838568744640696,0.813149250621548,"ENSG00000112183",1
"GO:0045913","positive regulation of carbohydrate metabolic process","1/122","22/3645",0.0454545454545455,1.3580476900149,0.313422974176638,0.528180935582398,0.838568744640696,0.813149250621548,"ENSG00000141682",1
"GO:0046425","regulation of receptor signaling pathway via JAK-STAT","1/122","22/3645",0.0454545454545455,1.3580476900149,0.313422974176638,0.528180935582398,0.838568744640696,0.813149250621548,"ENSG00000186715",1
"GO:0046513","ceramide biosynthetic process","1/122","22/3645",0.0454545454545455,1.3580476900149,0.313422974176638,0.528180935582398,0.838568744640696,0.813149250621548,"ENSG00000148488",1
"GO:0051180","vitamin transport","1/122","22/3645",0.0454545454545455,1.3580476900149,0.313422974176638,0.528180935582398,0.838568744640696,0.813149250621548,"ENSG00000081479",1
"GO:0051851","host-mediated perturbation of symbiont process","1/122","22/3645",0.0454545454545455,1.3580476900149,0.313422974176638,0.528180935582398,0.838568744640696,0.813149250621548,"ENSG00000168329",1
"GO:0085029","extracellular matrix assembly","1/122","22/3645",0.0454545454545455,1.3580476900149,0.313422974176638,0.528180935582398,0.838568744640696,0.813149250621548,"ENSG00000069702",1
"GO:0090183","regulation of kidney development","1/122","22/3645",0.0454545454545455,1.3580476900149,0.313422974176638,0.528180935582398,0.838568744640696,0.813149250621548,"ENSG00000143867",1
"GO:0099084","postsynaptic specialization organization","1/122","22/3645",0.0454545454545455,1.3580476900149,0.313422974176638,0.528180935582398,0.838568744640696,0.813149250621548,"ENSG00000140538",1
"GO:0062012","regulation of small molecule metabolic process","3/122","83/3645",0.036144578313253,1.07989334386727,0.136998390539219,0.530572327799551,0.841672714083334,0.816159129587779,"ENSG00000141682/ENSG00000160867/ENSG00000214456",3
"GO:0034599","cellular response to oxidative stress","2/122","53/3645",0.0377358490566038,1.12743581812558,0.173889780840172,0.534992790800303,0.84192970511746,0.81640833046505,"ENSG00000164879/ENSG00000134824",2
"GO:0140546","defense response to symbiont","10/122","296/3645",0.0337837837837838,1.00935976960567,0.0312583621303629,0.537146420429923,0.84192970511746,0.81640833046505,"ENSG00000115919/ENSG00000143546/ENSG00000162931/ENSG00000163220/ENSG00000168329/ENSG00000006128/ENSG00000145777/ENSG00000172232/ENSG00000091831/ENSG00000143556",10
"GO:0045088","regulation of innate immune response","3/122","84/3645",0.0357142857142857,1.067037470726,0.115660230749627,0.538768156227205,0.84192970511746,0.81640833046505,"ENSG00000143546/ENSG00000163220/ENSG00000091831",3
"GO:0051402","neuron apoptotic process","3/122","84/3645",0.0357142857142857,1.067037470726,0.115660230749627,0.538768156227205,0.84192970511746,0.81640833046505,"ENSG00000148053/ENSG00000168329/ENSG00000106278",3
"GO:0001933","negative regulation of protein phosphorylation","1/122","23/3645",0.0434782608695652,1.29900213827512,0.267655866705088,0.544068853291188,0.84192970511746,0.81640833046505,"ENSG00000104332",1
"GO:0006402","mRNA catabolic process","1/122","23/3645",0.0434782608695652,1.29900213827512,0.267655866705088,0.544068853291188,0.84192970511746,0.81640833046505,"ENSG00000112183",1
"GO:0007606","sensory perception of chemical stimulus","1/122","23/3645",0.0434782608695652,1.29900213827512,0.267655866705088,0.544068853291188,0.84192970511746,0.81640833046505,"ENSG00000130045",1
"GO:0010212","response to ionizing radiation","1/122","23/3645",0.0434782608695652,1.29900213827512,0.267655866705088,0.544068853291188,0.84192970511746,0.81640833046505,"ENSG00000104332",1
"GO:0014003","oligodendrocyte development","1/122","23/3645",0.0434782608695652,1.29900213827512,0.267655866705088,0.544068853291188,0.84192970511746,0.81640833046505,"ENSG00000100146",1
"GO:0032731","positive regulation of interleukin-1 beta production","1/122","23/3645",0.0434782608695652,1.29900213827512,0.267655866705088,0.544068853291188,0.84192970511746,0.81640833046505,"ENSG00000172232",1
"GO:0032890","regulation of organic acid transport","1/122","23/3645",0.0434782608695652,1.29900213827512,0.267655866705088,0.544068853291188,0.84192970511746,0.81640833046505,"ENSG00000117009",1
"GO:0034440","lipid oxidation","1/122","23/3645",0.0434782608695652,1.29900213827512,0.267655866705088,0.544068853291188,0.84192970511746,0.81640833046505,"ENSG00000214456",1
"GO:0043297","apical junction assembly","1/122","23/3645",0.0434782608695652,1.29900213827512,0.267655866705088,0.544068853291188,0.84192970511746,0.81640833046505,"ENSG00000134757",1
"GO:0045576","mast cell activation","1/122","23/3645",0.0434782608695652,1.29900213827512,0.267655866705088,0.544068853291188,0.84192970511746,0.81640833046505,"ENSG00000145777",1
"GO:0045840","positive regulation of mitotic nuclear division","1/122","23/3645",0.0434782608695652,1.29900213827512,0.267655866705088,0.544068853291188,0.84192970511746,0.81640833046505,"ENSG00000124205",1
"GO:0048247","lymphocyte chemotaxis","1/122","23/3645",0.0434782608695652,1.29900213827512,0.267655866705088,0.544068853291188,0.84192970511746,0.81640833046505,"ENSG00000143556",1
"GO:0048483","autonomic nervous system development","1/122","23/3645",0.0434782608695652,1.29900213827512,0.267655866705088,0.544068853291188,0.84192970511746,0.81640833046505,"ENSG00000100146",1
"GO:0060350","endochondral bone morphogenesis","1/122","23/3645",0.0434782608695652,1.29900213827512,0.267655866705088,0.544068853291188,0.84192970511746,0.81640833046505,"ENSG00000138696",1
"GO:0060395","SMAD protein signal transduction","1/122","23/3645",0.0434782608695652,1.29900213827512,0.267655866705088,0.544068853291188,0.84192970511746,0.81640833046505,"ENSG00000069702",1
"GO:0061013","regulation of mRNA catabolic process","1/122","23/3645",0.0434782608695652,1.29900213827512,0.267655866705088,0.544068853291188,0.84192970511746,0.81640833046505,"ENSG00000112183",1
"GO:0070830","bicellular tight junction assembly","1/122","23/3645",0.0434782608695652,1.29900213827512,0.267655866705088,0.544068853291188,0.84192970511746,0.81640833046505,"ENSG00000134757",1
"GO:0072210","metanephric nephron development","1/122","23/3645",0.0434782608695652,1.29900213827512,0.267655866705088,0.544068853291188,0.84192970511746,0.81640833046505,"ENSG00000143867",1
"GO:0099172","presynapse organization","1/122","23/3645",0.0434782608695652,1.29900213827512,0.267655866705088,0.544068853291188,0.84192970511746,0.81640833046505,"ENSG00000140538",1
"GO:0120034","positive regulation of plasma membrane bounded cell projection assembly","1/122","23/3645",0.0434782608695652,1.29900213827512,0.267655866705088,0.544068853291188,0.84192970511746,0.81640833046505,"ENSG00000107954",1
"GO:0141156","cAMP/PKA signal transduction","1/122","23/3645",0.0434782608695652,1.29900213827512,0.267655866705088,0.544068853291188,0.84192970511746,0.81640833046505,"ENSG00000133256",1
"GO:1903556","negative regulation of tumor necrosis factor superfamily cytokine production","1/122","23/3645",0.0434782608695652,1.29900213827512,0.267655866705088,0.544068853291188,0.84192970511746,0.81640833046505,"ENSG00000134830",1
"GO:0001823","mesonephros development","2/122","54/3645",0.037037037037037,1.10655737704918,0.146786284248465,0.54518548838016,0.84192970511746,0.81640833046505,"ENSG00000143867/ENSG00000104332",2
"GO:0003231","cardiac ventricle development","2/122","54/3645",0.037037037037037,1.10655737704918,0.146786284248465,0.54518548838016,0.84192970511746,0.81640833046505,"ENSG00000081479/ENSG00000069702",2
"GO:0006643","membrane lipid metabolic process","2/122","54/3645",0.037037037037037,1.10655737704918,0.146786284248465,0.54518548838016,0.84192970511746,0.81640833046505,"ENSG00000197977/ENSG00000148488",2
"GO:0006650","glycerophospholipid metabolic process","2/122","54/3645",0.037037037037037,1.10655737704918,0.146786284248465,0.54518548838016,0.84192970511746,0.81640833046505,"ENSG00000168004/ENSG00000131969",2
"GO:0007605","sensory perception of sound","2/122","54/3645",0.037037037037037,1.10655737704918,0.146786284248465,0.54518548838016,0.84192970511746,0.81640833046505,"ENSG00000081479/ENSG00000146038",2
"GO:0007613","memory","2/122","54/3645",0.037037037037037,1.10655737704918,0.146786284248465,0.54518548838016,0.84192970511746,0.81640833046505,"ENSG00000006128/ENSG00000164742",2
"GO:0034612","response to tumor necrosis factor","2/122","54/3645",0.037037037037037,1.10655737704918,0.146786284248465,0.54518548838016,0.84192970511746,0.81640833046505,"ENSG00000104332/ENSG00000144218",2
"GO:0098542","defense response to other organism","10/122","298/3645",0.0335570469798658,1.00258554296402,0.0086665213772248,0.546074272123551,0.84192970511746,0.81640833046505,"ENSG00000115919/ENSG00000143546/ENSG00000162931/ENSG00000163220/ENSG00000168329/ENSG00000006128/ENSG00000145777/ENSG00000172232/ENSG00000091831/ENSG00000143556",10
"GO:0060429","epithelium development","14/122","419/3645",0.0334128878281623,0.998278492898783,-0.00696941661476356,0.546534487839813,0.84192970511746,0.81640833046505,"ENSG00000140538/ENSG00000100146/ENSG00000143867/ENSG00000081479/ENSG00000186847/ENSG00000082175/ENSG00000104332/ENSG00000150893/ENSG00000171243/ENSG00000136099/ENSG00000126562/ENSG00000091831/ENSG00000159184/ENSG00000143556",14
"GO:0006836","neurotransmitter transport","3/122","85/3645",0.0352941176470588,1.05448408871745,0.0945729493613938,0.546883318046749,0.84192970511746,0.81640833046505,"ENSG00000131095/ENSG00000149927/ENSG00000117009",3
"GO:0016042","lipid catabolic process","3/122","85/3645",0.0352941176470588,1.05448408871745,0.0945729493613938,0.546883318046749,0.84192970511746,0.81640833046505,"ENSG00000214456/ENSG00000187288/ENSG00000131969",3
"GO:0008544","epidermis development","5/122","147/3645",0.0340136054421769,1.01622616259619,0.0373660651136753,0.551499238561911,0.848358876543801,0.822642614727203,"ENSG00000053747/ENSG00000186847/ENSG00000171243/ENSG00000159184/ENSG00000143556",5
"GO:0003206","cardiac chamber morphogenesis","2/122","55/3645",0.0363636363636364,1.08643815201192,0.120185582239717,0.555223466334389,0.848374812682858,0.822658067794842,"ENSG00000081479/ENSG00000069702",2
"GO:0008361","regulation of cell size","2/122","55/3645",0.0363636363636364,1.08643815201192,0.120185582239717,0.555223466334389,0.848374812682858,0.822658067794842,"ENSG00000108830/ENSG00000140538",2
"GO:0021543","pallium development","2/122","55/3645",0.0363636363636364,1.08643815201192,0.120185582239717,0.555223466334389,0.848374812682858,0.822658067794842,"ENSG00000148053/ENSG00000064309",2
"GO:0000165","MAPK cascade","8/122","240/3645",0.0333333333333333,0.995901639344262,-0.0122227805460595,0.558910549777832,0.848374812682858,0.822658067794842,"ENSG00000148053/ENSG00000140538/ENSG00000124205/ENSG00000064309/ENSG00000160867/ENSG00000134757/ENSG00000126562/ENSG00000143556",8
"GO:0009954","proximal/distal pattern formation","1/122","24/3645",0.0416666666666667,1.24487704918033,0.223950594481513,0.559426004008603,0.848374812682858,0.822658067794842,"ENSG00000143867",1
"GO:0010463","mesenchymal cell proliferation","1/122","24/3645",0.0416666666666667,1.24487704918033,0.223950594481513,0.559426004008603,0.848374812682858,0.822658067794842,"ENSG00000143867",1
"GO:0030218","erythrocyte differentiation","1/122","24/3645",0.0416666666666667,1.24487704918033,0.223950594481513,0.559426004008603,0.848374812682858,0.822658067794842,"ENSG00000069702",1
"GO:0030316","osteoclast differentiation","1/122","24/3645",0.0416666666666667,1.24487704918033,0.223950594481513,0.559426004008603,0.848374812682858,0.822658067794842,"ENSG00000104332",1
"GO:0030901","midbrain development","1/122","24/3645",0.0416666666666667,1.24487704918033,0.223950594481513,0.559426004008603,0.848374812682858,0.822658067794842,"ENSG00000104332",1
"GO:0035136","forelimb morphogenesis","1/122","24/3645",0.0416666666666667,1.24487704918033,0.223950594481513,0.559426004008603,0.848374812682858,0.822658067794842,"ENSG00000143867",1
"GO:0048146","positive regulation of fibroblast proliferation","1/122","24/3645",0.0416666666666667,1.24487704918033,0.223950594481513,0.559426004008603,0.848374812682858,0.822658067794842,"ENSG00000091831",1
"GO:0050881","musculoskeletal movement","1/122","24/3645",0.0416666666666667,1.24487704918033,0.223950594481513,0.559426004008603,0.848374812682858,0.822658067794842,"ENSG00000164879",1
"GO:0051153","regulation of striated muscle cell differentiation","1/122","24/3645",0.0416666666666667,1.24487704918033,0.223950594481513,0.559426004008603,0.848374812682858,0.822658067794842,"ENSG00000112183",1
"GO:0060420","regulation of heart growth","1/122","24/3645",0.0416666666666667,1.24487704918033,0.223950594481513,0.559426004008603,0.848374812682858,0.822658067794842,"ENSG00000069702",1
"GO:0061640","cytoskeleton-dependent cytokinesis","1/122","24/3645",0.0416666666666667,1.24487704918033,0.223950594481513,0.559426004008603,0.848374812682858,0.822658067794842,"ENSG00000114547",1
"GO:0061756","leukocyte adhesion to vascular endothelial cell","1/122","24/3645",0.0416666666666667,1.24487704918033,0.223950594481513,0.559426004008603,0.848374812682858,0.822658067794842,"ENSG00000168329",1
"GO:0072132","mesenchyme morphogenesis","1/122","24/3645",0.0416666666666667,1.24487704918033,0.223950594481513,0.559426004008603,0.848374812682858,0.822658067794842,"ENSG00000143867",1
"GO:0086091","regulation of heart rate by cardiac conduction","1/122","24/3645",0.0416666666666667,1.24487704918033,0.223950594481513,0.559426004008603,0.848374812682858,0.822658067794842,"ENSG00000171385",1
"GO:0000302","response to reactive oxygen species","2/122","56/3645",0.0357142857142857,1.067037470726,0.0940670842348902,0.565105587930204,0.854301472662511,0.828405073215619,"ENSG00000164879/ENSG00000143556",2
"GO:0006511","ubiquitin-dependent protein catabolic process","2/122","56/3645",0.0357142857142857,1.067037470726,0.0940670842348902,0.565105587930204,0.854301472662511,0.828405073215619,"ENSG00000119147/ENSG00000187715",2
"GO:0019941","modification-dependent protein catabolic process","2/122","56/3645",0.0357142857142857,1.067037470726,0.0940670842348902,0.565105587930204,0.854301472662511,0.828405073215619,"ENSG00000119147/ENSG00000187715",2
"GO:0043632","modification-dependent macromolecule catabolic process","2/122","56/3645",0.0357142857142857,1.067037470726,0.0940670842348902,0.565105587930204,0.854301472662511,0.828405073215619,"ENSG00000119147/ENSG00000187715",2
"GO:0031347","regulation of defense response","7/122","212/3645",0.0330188679245283,0.986506340859882,-0.0376680850214643,0.571976885276719,0.856253998603638,0.830298412331814,"ENSG00000143546/ENSG00000163220/ENSG00000006128/ENSG00000100031/ENSG00000198535/ENSG00000145777/ENSG00000091831",7
"GO:0003044","regulation of systemic arterial blood pressure mediated by a chemical signal","1/122","25/3645",0.04,1.19508196721311,0.182114960239271,0.57426997736153,0.856253998603638,0.830298412331814,"ENSG00000124205",1
"GO:0006940","regulation of smooth muscle contraction","1/122","25/3645",0.04,1.19508196721311,0.182114960239271,0.57426997736153,0.856253998603638,0.830298412331814,"ENSG00000124205",1
"GO:0009411","response to UV","1/122","25/3645",0.04,1.19508196721311,0.182114960239271,0.57426997736153,0.856253998603638,0.830298412331814,"ENSG00000196611",1
"GO:0035987","endodermal cell differentiation","1/122","25/3645",0.04,1.19508196721311,0.182114960239271,0.57426997736153,0.856253998603638,0.830298412331814,"ENSG00000053747",1
"GO:0043087","regulation of GTPase activity","1/122","25/3645",0.04,1.19508196721311,0.182114960239271,0.57426997736153,0.856253998603638,0.830298412331814,"ENSG00000148053",1
"GO:0045638","negative regulation of myeloid cell differentiation","1/122","25/3645",0.04,1.19508196721311,0.182114960239271,0.57426997736153,0.856253998603638,0.830298412331814,"ENSG00000104332",1
"GO:0046849","bone remodeling","1/122","25/3645",0.04,1.19508196721311,0.182114960239271,0.57426997736153,0.856253998603638,0.830298412331814,"ENSG00000104332",1
"GO:0048168","regulation of neuronal synaptic plasticity","1/122","25/3645",0.04,1.19508196721311,0.182114960239271,0.57426997736153,0.856253998603638,0.830298412331814,"ENSG00000107954",1
"GO:0048286","lung alveolus development","1/122","25/3645",0.04,1.19508196721311,0.182114960239271,0.57426997736153,0.856253998603638,0.830298412331814,"ENSG00000082175",1
"GO:0050879","multicellular organismal movement","1/122","25/3645",0.04,1.19508196721311,0.182114960239271,0.57426997736153,0.856253998603638,0.830298412331814,"ENSG00000164879",1
"GO:0071897","DNA biosynthetic process","1/122","25/3645",0.04,1.19508196721311,0.182114960239271,0.57426997736153,0.856253998603638,0.830298412331814,"ENSG00000160867",1
"GO:0086009","membrane repolarization","1/122","25/3645",0.04,1.19508196721311,0.182114960239271,0.57426997736153,0.856253998603638,0.830298412331814,"ENSG00000171385",1
"GO:0001837","epithelial to mesenchymal transition","2/122","57/3645",0.0350877192982456,1.04831751509922,0.0684114159866223,0.574830963292748,0.856253998603638,0.830298412331814,"ENSG00000069702/ENSG00000104332",2
"GO:0006790","sulfur compound metabolic process","2/122","57/3645",0.0350877192982456,1.04831751509922,0.0684114159866223,0.574830963292748,0.856253998603638,0.830298412331814,"ENSG00000197977/ENSG00000100031",2
"GO:0031644","regulation of nervous system process","2/122","57/3645",0.0350877192982456,1.04831751509922,0.0684114159866223,0.574830963292748,0.856253998603638,0.830298412331814,"ENSG00000100146/ENSG00000006128",2
"GO:0050768","negative regulation of neurogenesis","2/122","57/3645",0.0350877192982456,1.04831751509922,0.0684114159866223,0.574830963292748,0.856253998603638,0.830298412331814,"ENSG00000140538/ENSG00000100146",2
"GO:0060993","kidney morphogenesis","2/122","57/3645",0.0350877192982456,1.04831751509922,0.0684114159866223,0.574830963292748,0.856253998603638,0.830298412331814,"ENSG00000143867/ENSG00000126562",2
"GO:0071675","regulation of mononuclear cell migration","2/122","57/3645",0.0350877192982456,1.04831751509922,0.0684114159866223,0.574830963292748,0.856253998603638,0.830298412331814,"ENSG00000168329/ENSG00000143556",2
"GO:0051246","regulation of protein metabolic process","9/122","276/3645",0.0326086956521739,0.974251603706343,-0.0827879251184149,0.584162909301993,0.859533464641242,0.83347846807317,"ENSG00000131095/ENSG00000148053/ENSG00000081479/ENSG00000112183/ENSG00000160867/ENSG00000175920/ENSG00000104332/ENSG00000107954/ENSG00000133169",9
"GO:0009150","purine ribonucleotide metabolic process","2/122","58/3645",0.0344827586206897,1.03024307518372,0.0432003271275038,0.584398934407607,0.859533464641242,0.83347846807317,"ENSG00000112981/ENSG00000164742",2
"GO:0035265","organ growth","2/122","58/3645",0.0344827586206897,1.03024307518372,0.0432003271275038,0.584398934407607,0.859533464641242,0.83347846807317,"ENSG00000069702/ENSG00000091831",2
"GO:0051056","regulation of small GTPase mediated signal transduction","2/122","58/3645",0.0344827586206897,1.03024307518372,0.0432003271275038,0.584398934407607,0.859533464641242,0.83347846807317,"ENSG00000064309/ENSG00000175920",2
"GO:0120254","olefinic compound metabolic process","2/122","58/3645",0.0344827586206897,1.03024307518372,0.0432003271275038,0.584398934407607,0.859533464641242,0.83347846807317,"ENSG00000197977/ENSG00000134824",2
"GO:0019216","regulation of lipid metabolic process","3/122","90/3645",0.0333333333333333,0.995901639344262,-0.00732528293518753,0.586197577260883,0.859533464641242,0.83347846807317,"ENSG00000160867/ENSG00000214456/ENSG00000187288",3
"GO:0050808","synapse organization","7/122","215/3645",0.0325581395348837,0.972741136103698,-0.0766642160504604,0.587257288425033,0.859533464641242,0.83347846807317,"ENSG00000148053/ENSG00000140538/ENSG00000168329/ENSG00000175920/ENSG00000120729/ENSG00000136099/ENSG00000107954",7
"GO:0006468","protein phosphorylation","5/122","153/3645",0.0326797385620915,0.976374156219865,-0.0555531518197656,0.587809604723754,0.859533464641242,0.83347846807317,"ENSG00000148053/ENSG00000160867/ENSG00000175920/ENSG00000104332/ENSG00000126562",5
"GO:0002686","negative regulation of leukocyte migration","1/122","26/3645",0.0384615384615385,1.14911727616646,0.141981945383944,0.588617784754319,0.859533464641242,0.83347846807317,"ENSG00000134830",1
"GO:0006970","response to osmotic stress","1/122","26/3645",0.0384615384615385,1.14911727616646,0.141981945383944,0.588617784754319,0.859533464641242,0.83347846807317,"ENSG00000117009",1
"GO:0008380","RNA splicing","1/122","26/3645",0.0384615384615385,1.14911727616646,0.141981945383944,0.588617784754319,0.859533464641242,0.83347846807317,"ENSG00000112183",1
"GO:0008593","regulation of Notch signaling pathway","1/122","26/3645",0.0384615384615385,1.14911727616646,0.141981945383944,0.588617784754319,0.859533464641242,0.83347846807317,"ENSG00000107954",1
"GO:0019751","polyol metabolic process","1/122","26/3645",0.0384615384615385,1.14911727616646,0.141981945383944,0.588617784754319,0.859533464641242,0.83347846807317,"ENSG00000081479",1
"GO:0031396","regulation of protein ubiquitination","1/122","26/3645",0.0384615384615385,1.14911727616646,0.141981945383944,0.588617784754319,0.859533464641242,0.83347846807317,"ENSG00000133169",1
"GO:0032330","regulation of chondrocyte differentiation","1/122","26/3645",0.0384615384615385,1.14911727616646,0.141981945383944,0.588617784754319,0.859533464641242,0.83347846807317,"ENSG00000138696",1
"GO:0032732","positive regulation of interleukin-1 production","1/122","26/3645",0.0384615384615385,1.14911727616646,0.141981945383944,0.588617784754319,0.859533464641242,0.83347846807317,"ENSG00000172232",1
"GO:0034101","erythrocyte homeostasis","1/122","26/3645",0.0384615384615385,1.14911727616646,0.141981945383944,0.588617784754319,0.859533464641242,0.83347846807317,"ENSG00000069702",1
"GO:0034763","negative regulation of transmembrane transport","1/122","26/3645",0.0384615384615385,1.14911727616646,0.141981945383944,0.588617784754319,0.859533464641242,0.83347846807317,"ENSG00000143867",1
"GO:0035176","social behavior","1/122","26/3645",0.0384615384615385,1.14911727616646,0.141981945383944,0.588617784754319,0.859533464641242,0.83347846807317,"ENSG00000168329",1
"GO:0042326","negative regulation of phosphorylation","1/122","26/3645",0.0384615384615385,1.14911727616646,0.141981945383944,0.588617784754319,0.859533464641242,0.83347846807317,"ENSG00000104332",1
"GO:0042770","signal transduction in response to DNA damage","1/122","26/3645",0.0384615384615385,1.14911727616646,0.141981945383944,0.588617784754319,0.859533464641242,0.83347846807317,"ENSG00000141682",1
"GO:0051345","positive regulation of hydrolase activity","1/122","26/3645",0.0384615384615385,1.14911727616646,0.141981945383944,0.588617784754319,0.859533464641242,0.83347846807317,"ENSG00000214456",1
"GO:0061005","cell differentiation involved in kidney development","1/122","26/3645",0.0384615384615385,1.14911727616646,0.141981945383944,0.588617784754319,0.859533464641242,0.83347846807317,"ENSG00000143867",1
"GO:0090102","cochlea development","1/122","26/3645",0.0384615384615385,1.14911727616646,0.141981945383944,0.588617784754319,0.859533464641242,0.83347846807317,"ENSG00000140538",1
"GO:0120192","tight junction assembly","1/122","26/3645",0.0384615384615385,1.14911727616646,0.141981945383944,0.588617784754319,0.859533464641242,0.83347846807317,"ENSG00000134757",1
"GO:1904888","cranial skeletal system development","1/122","26/3645",0.0384615384615385,1.14911727616646,0.141981945383944,0.588617784754319,0.859533464641242,0.83347846807317,"ENSG00000081479",1
"GO:0006959","humoral immune response","5/122","154/3645",0.0324675324675325,0.970034064296359,-0.0707010815141359,0.593708807458164,0.863844402982156,0.837658729147522,"ENSG00000163220/ENSG00000006128/ENSG00000145777/ENSG00000172232/ENSG00000143556",5
"GO:0032870","cellular response to hormone stimulus","5/122","154/3645",0.0324675324675325,0.970034064296359,-0.0707010815141359,0.593708807458164,0.863844402982156,0.837658729147522,"ENSG00000100146/ENSG00000082175/ENSG00000104332/ENSG00000164879/ENSG00000091831",5
"GO:0044092","negative regulation of molecular function","2/122","59/3645",0.0338983050847458,1.01278132814671,0.018416607234682,0.593809060836879,0.863844402982156,0.837658729147522,"ENSG00000214456/ENSG00000091831",2
"GO:0048592","eye morphogenesis","2/122","59/3645",0.0338983050847458,1.01278132814671,0.018416607234682,0.593809060836879,0.863844402982156,0.837658729147522,"ENSG00000148053/ENSG00000064309",2
"GO:0072009","nephron epithelium development","2/122","59/3645",0.0338983050847458,1.01278132814671,0.018416607234682,0.593809060836879,0.863844402982156,0.837658729147522,"ENSG00000143867/ENSG00000126562",2
"GO:0009790","embryo development","11/122","340/3645",0.0323529411764706,0.966610414657666,-0.120303297146696,0.595068952601444,0.863972881488899,0.83778331309147,"ENSG00000053747/ENSG00000100146/ENSG00000143867/ENSG00000081479/ENSG00000064309/ENSG00000104332/ENSG00000119698/ENSG00000150893/ENSG00000148488/ENSG00000136099/ENSG00000144218",11
"GO:0043408","regulation of MAPK cascade","7/122","217/3645",0.032258064516129,0.963775780010576,-0.102381451130045,0.597298765367736,0.863972881488899,0.83778331309147,"ENSG00000148053/ENSG00000140538/ENSG00000124205/ENSG00000064309/ENSG00000160867/ENSG00000134757/ENSG00000143556",7
"GO:0043583","ear development","3/122","92/3645",0.0326086956521739,0.974251603706343,-0.0465435250888277,0.601311770475857,0.863972881488899,0.83778331309147,"ENSG00000140538/ENSG00000143867/ENSG00000150893",3
"GO:0051046","regulation of secretion","7/122","218/3645",0.0321100917431193,0.959354790194014,-0.115157795420887,0.602274226316773,0.863972881488899,0.83778331309147,"ENSG00000124205/ENSG00000119147/ENSG00000143546/ENSG00000149927/ENSG00000117009/ENSG00000006128/ENSG00000126562",7
"GO:0001776","leukocyte homeostasis","1/122","27/3645",0.037037037037037,1.10655737704918,0.103405562247216,0.60248587822212,0.863972881488899,0.83778331309147,"ENSG00000141682",1
"GO:0035019","somatic stem cell population maintenance","1/122","27/3645",0.037037037037037,1.10655737704918,0.103405562247216,0.60248587822212,0.863972881488899,0.83778331309147,"ENSG00000104332",1
"GO:0042446","hormone biosynthetic process","1/122","27/3645",0.037037037037037,1.10655737704918,0.103405562247216,0.60248587822212,0.863972881488899,0.83778331309147,"ENSG00000113739",1
"GO:0043113","receptor clustering","1/122","27/3645",0.037037037037037,1.10655737704918,0.103405562247216,0.60248587822212,0.863972881488899,0.83778331309147,"ENSG00000175920",1
"GO:0044331","cell-cell adhesion mediated by cadherin","1/122","27/3645",0.037037037037037,1.10655737704918,0.103405562247216,0.60248587822212,0.863972881488899,0.83778331309147,"ENSG00000143126",1
"GO:0045669","positive regulation of osteoblast differentiation","1/122","27/3645",0.037037037037037,1.10655737704918,0.103405562247216,0.60248587822212,0.863972881488899,0.83778331309147,"ENSG00000138696",1
"GO:0046889","positive regulation of lipid biosynthetic process","1/122","27/3645",0.037037037037037,1.10655737704918,0.103405562247216,0.60248587822212,0.863972881488899,0.83778331309147,"ENSG00000214456",1
"GO:0048844","artery morphogenesis","1/122","27/3645",0.037037037037037,1.10655737704918,0.103405562247216,0.60248587822212,0.863972881488899,0.83778331309147,"ENSG00000081479",1
"GO:0051703","biological process involved in intraspecies interaction between organisms","1/122","27/3645",0.037037037037037,1.10655737704918,0.103405562247216,0.60248587822212,0.863972881488899,0.83778331309147,"ENSG00000168329",1
"GO:0065004","protein-DNA complex assembly","1/122","27/3645",0.037037037037037,1.10655737704918,0.103405562247216,0.60248587822212,0.863972881488899,0.83778331309147,"ENSG00000091831",1
"GO:0050890","cognition","4/122","124/3645",0.032258064516129,0.963775780010576,-0.0763641726034819,0.602713918377607,0.863972881488899,0.83778331309147,"ENSG00000148053/ENSG00000006128/ENSG00000106278/ENSG00000164742",4
"GO:0009259","ribonucleotide metabolic process","2/122","60/3645",0.0333333333333333,0.995901639344262,-0.0059559905052342,0.603061106118469,0.863972881488899,0.83778331309147,"ENSG00000112981/ENSG00000164742",2
"GO:0010608","post-transcriptional regulation of gene expression","2/122","60/3645",0.0333333333333333,0.995901639344262,-0.0059559905052342,0.603061106118469,0.863972881488899,0.83778331309147,"ENSG00000112183/ENSG00000107954",2
"GO:0019693","ribose phosphate metabolic process","2/122","60/3645",0.0333333333333333,0.995901639344262,-0.0059559905052342,0.603061106118469,0.863972881488899,0.83778331309147,"ENSG00000112981/ENSG00000164742",2
"GO:0051961","negative regulation of nervous system development","2/122","60/3645",0.0333333333333333,0.995901639344262,-0.0059559905052342,0.603061106118469,0.863972881488899,0.83778331309147,"ENSG00000140538/ENSG00000100146",2
"GO:1990138","neuron projection extension","2/122","60/3645",0.0333333333333333,0.995901639344262,-0.0059559905052342,0.603061106118469,0.863972881488899,0.83778331309147,"ENSG00000140538/ENSG00000124205",2
"GO:0042391","regulation of membrane potential","6/122","187/3645",0.0320855614973262,0.958621898834049,-0.108091524923214,0.603302991895047,0.863972881488899,0.83778331309147,"ENSG00000148053/ENSG00000140538/ENSG00000141682/ENSG00000120251/ENSG00000006128/ENSG00000171385",6
"GO:0003013","circulatory system process","8/122","250/3645",0.032,0.956065573770492,-0.133926910974088,0.606577116083107,0.865779994773749,0.839535647438243,"ENSG00000164128/ENSG00000124205/ENSG00000081479/ENSG00000006128/ENSG00000171385/ENSG00000198535/ENSG00000172232/ENSG00000126562",8
"GO:0002757","immune response-activating signaling pathway","4/122","125/3645",0.032,0.956065573770492,-0.0930039537855425,0.609146556503236,0.865779994773749,0.839535647438243,"ENSG00000143546/ENSG00000163220/ENSG00000134830/ENSG00000091831",4
"GO:0042176","regulation of protein catabolic process","2/122","61/3645",0.0327868852459016,0.97957538296157,-0.0299328188348506,0.612155024819472,0.865779994773749,0.839535647438243,"ENSG00000131095/ENSG00000081479",2
"GO:0071222","cellular response to lipopolysaccharide","2/122","61/3645",0.0327868852459016,0.97957538296157,-0.0299328188348506,0.612155024819472,0.865779994773749,0.839535647438243,"ENSG00000117009/ENSG00000168329",2
"GO:0110053","regulation of actin filament organization","2/122","61/3645",0.0327868852459016,0.97957538296157,-0.0299328188348506,0.612155024819472,0.865779994773749,0.839535647438243,"ENSG00000006128/ENSG00000104332",2
"GO:0001706","endoderm formation","1/122","28/3645",0.0357142857142857,1.067037470726,0.0662575174336354,0.615890168674552,0.865779994773749,0.839535647438243,"ENSG00000053747",1
"GO:0002704","negative regulation of leukocyte mediated immunity","1/122","28/3645",0.0357142857142857,1.067037470726,0.0662575174336354,0.615890168674552,0.865779994773749,0.839535647438243,"ENSG00000168329",1
"GO:0003407","neural retina development","1/122","28/3645",0.0357142857142857,1.067037470726,0.0662575174336354,0.615890168674552,0.865779994773749,0.839535647438243,"ENSG00000148053",1
"GO:0010631","epithelial cell migration","1/122","28/3645",0.0357142857142857,1.067037470726,0.0662575174336354,0.615890168674552,0.865779994773749,0.839535647438243,"ENSG00000006128",1
"GO:0016052","carbohydrate catabolic process","1/122","28/3645",0.0357142857142857,1.067037470726,0.0662575174336354,0.615890168674552,0.865779994773749,0.839535647438243,"ENSG00000257335",1
"GO:0017156","calcium-ion regulated exocytosis","1/122","28/3645",0.0357142857142857,1.067037470726,0.0662575174336354,0.615890168674552,0.865779994773749,0.839535647438243,"ENSG00000149927",1
"GO:0030516","regulation of axon extension","1/122","28/3645",0.0357142857142857,1.067037470726,0.0662575174336354,0.615890168674552,0.865779994773749,0.839535647438243,"ENSG00000140538",1
"GO:0034341","response to type II interferon","1/122","28/3645",0.0357142857142857,1.067037470726,0.0662575174336354,0.615890168674552,0.865779994773749,0.839535647438243,"ENSG00000115919",1
"GO:0042246","tissue regeneration","1/122","28/3645",0.0357142857142857,1.067037470726,0.0662575174336354,0.615890168674552,0.865779994773749,0.839535647438243,"ENSG00000133067",1
"GO:0045921","positive regulation of exocytosis","1/122","28/3645",0.0357142857142857,1.067037470726,0.0662575174336354,0.615890168674552,0.865779994773749,0.839535647438243,"ENSG00000149927",1
"GO:0051785","positive regulation of nuclear division","1/122","28/3645",0.0357142857142857,1.067037470726,0.0662575174336354,0.615890168674552,0.865779994773749,0.839535647438243,"ENSG00000124205",1
"GO:0051952","regulation of amine transport","1/122","28/3645",0.0357142857142857,1.067037470726,0.0662575174336354,0.615890168674552,0.865779994773749,0.839535647438243,"ENSG00000117009",1
"GO:0055017","cardiac muscle tissue growth","1/122","28/3645",0.0357142857142857,1.067037470726,0.0662575174336354,0.615890168674552,0.865779994773749,0.839535647438243,"ENSG00000069702",1
"GO:0072331","signal transduction by p53 class mediator","1/122","28/3645",0.0357142857142857,1.067037470726,0.0662575174336354,0.615890168674552,0.865779994773749,0.839535647438243,"ENSG00000141682",1
"GO:0097009","energy homeostasis","1/122","28/3645",0.0357142857142857,1.067037470726,0.0662575174336354,0.615890168674552,0.865779994773749,0.839535647438243,"ENSG00000126562",1
"GO:1902115","regulation of organelle assembly","1/122","28/3645",0.0357142857142857,1.067037470726,0.0662575174336354,0.615890168674552,0.865779994773749,0.839535647438243,"ENSG00000146038",1
"GO:2000401","regulation of lymphocyte migration","1/122","28/3645",0.0357142857142857,1.067037470726,0.0662575174336354,0.615890168674552,0.865779994773749,0.839535647438243,"ENSG00000143556",1
"GO:0003007","heart morphogenesis","3/122","94/3645",0.0319148936170213,0.953522846180677,-0.0849456009846231,0.616065016463006,0.865779994773749,0.839535647438243,"ENSG00000164128/ENSG00000081479/ENSG00000069702",3
"GO:0006813","potassium ion transport","3/122","94/3645",0.0319148936170213,0.953522846180677,-0.0849456009846231,0.616065016463006,0.865779994773749,0.839535647438243,"ENSG00000124205/ENSG00000171385/ENSG00000126562",3
"GO:0008015","blood circulation","7/122","221/3645",0.0316742081447964,0.946331874490023,-0.153164622020032,0.617013420961615,0.865779994773749,0.839535647438243,"ENSG00000164128/ENSG00000124205/ENSG00000006128/ENSG00000171385/ENSG00000198535/ENSG00000172232/ENSG00000126562",7
"GO:0007269","neurotransmitter secretion","2/122","62/3645",0.032258064516129,0.963775780010576,-0.053528399875317,0.621090950215662,0.865779994773749,0.839535647438243,"ENSG00000149927/ENSG00000117009",2
"GO:0099643","signal release from synapse","2/122","62/3645",0.032258064516129,0.963775780010576,-0.053528399875317,0.621090950215662,0.865779994773749,0.839535647438243,"ENSG00000149927/ENSG00000117009",2
"GO:0046879","hormone secretion","4/122","127/3645",0.031496062992126,0.941009423002453,-0.125906851810561,0.621822864505734,0.865779994773749,0.839535647438243,"ENSG00000124205/ENSG00000119147/ENSG00000006128/ENSG00000126562",4
"GO:0030855","epithelial cell differentiation","8/122","254/3645",0.031496062992126,0.941009423002453,-0.181362872380218,0.624922167765163,0.865779994773749,0.839535647438243,"ENSG00000140538/ENSG00000143867/ENSG00000186847/ENSG00000082175/ENSG00000171243/ENSG00000091831/ENSG00000159184/ENSG00000143556",8
"GO:0006397","mRNA processing","1/122","29/3645",0.0344827586206897,1.03024307518372,0.0304245045777508,0.628846043549229,0.865779994773749,0.839535647438243,"ENSG00000112183",1
"GO:0006401","RNA catabolic process","1/122","29/3645",0.0344827586206897,1.03024307518372,0.0304245045777508,0.628846043549229,0.865779994773749,0.839535647438243,"ENSG00000112183",1
"GO:0007266","Rho protein signal transduction","1/122","29/3645",0.0344827586206897,1.03024307518372,0.0304245045777508,0.628846043549229,0.865779994773749,0.839535647438243,"ENSG00000114547",1
"GO:0009144","purine nucleoside triphosphate metabolic process","1/122","29/3645",0.0344827586206897,1.03024307518372,0.0304245045777508,0.628846043549229,0.865779994773749,0.839535647438243,"ENSG00000112981",1
"GO:0009205","purine ribonucleoside triphosphate metabolic process","1/122","29/3645",0.0344827586206897,1.03024307518372,0.0304245045777508,0.628846043549229,0.865779994773749,0.839535647438243,"ENSG00000112981",1
"GO:0010506","regulation of autophagy","1/122","29/3645",0.0344827586206897,1.03024307518372,0.0304245045777508,0.628846043549229,0.865779994773749,0.839535647438243,"ENSG00000131095",1
"GO:0010595","positive regulation of endothelial cell migration","1/122","29/3645",0.0344827586206897,1.03024307518372,0.0304245045777508,0.628846043549229,0.865779994773749,0.839535647438243,"ENSG00000069702",1
"GO:0014855","striated muscle cell proliferation","1/122","29/3645",0.0344827586206897,1.03024307518372,0.0304245045777508,0.628846043549229,0.865779994773749,0.839535647438243,"ENSG00000069702",1
"GO:0019217","regulation of fatty acid metabolic process","1/122","29/3645",0.0344827586206897,1.03024307518372,0.0304245045777508,0.628846043549229,0.865779994773749,0.839535647438243,"ENSG00000214456",1
"GO:0032835","glomerulus development","1/122","29/3645",0.0344827586206897,1.03024307518372,0.0304245045777508,0.628846043549229,0.865779994773749,0.839535647438243,"ENSG00000143867",1
"GO:0033077","T cell differentiation in thymus","1/122","29/3645",0.0344827586206897,1.03024307518372,0.0304245045777508,0.628846043549229,0.865779994773749,0.839535647438243,"ENSG00000179388",1
"GO:0042632","cholesterol homeostasis","1/122","29/3645",0.0344827586206897,1.03024307518372,0.0304245045777508,0.628846043549229,0.865779994773749,0.839535647438243,"ENSG00000160867",1
"GO:0048663","neuron fate commitment","1/122","29/3645",0.0344827586206897,1.03024307518372,0.0304245045777508,0.628846043549229,0.865779994773749,0.839535647438243,"ENSG00000140538",1
"GO:0051262","protein tetramerization","1/122","29/3645",0.0344827586206897,1.03024307518372,0.0304245045777508,0.628846043549229,0.865779994773749,0.839535647438243,"ENSG00000171385",1
"GO:0055092","sterol homeostasis","1/122","29/3645",0.0344827586206897,1.03024307518372,0.0304245045777508,0.628846043549229,0.865779994773749,0.839535647438243,"ENSG00000160867",1
"GO:0061614","miRNA transcription","1/122","29/3645",0.0344827586206897,1.03024307518372,0.0304245045777508,0.628846043549229,0.865779994773749,0.839535647438243,"ENSG00000091831",1
"GO:0071277","cellular response to calcium ion","1/122","29/3645",0.0344827586206897,1.03024307518372,0.0304245045777508,0.628846043549229,0.865779994773749,0.839535647438243,"ENSG00000164742",1
"GO:0090132","epithelium migration","1/122","29/3645",0.0344827586206897,1.03024307518372,0.0304245045777508,0.628846043549229,0.865779994773749,0.839535647438243,"ENSG00000006128",1
"GO:0120193","tight junction organization","1/122","29/3645",0.0344827586206897,1.03024307518372,0.0304245045777508,0.628846043549229,0.865779994773749,0.839535647438243,"ENSG00000134757",1
"GO:1901873","regulation of post-translational protein modification","1/122","29/3645",0.0344827586206897,1.03024307518372,0.0304245045777508,0.628846043549229,0.865779994773749,0.839535647438243,"ENSG00000133169",1
"GO:1902893","regulation of miRNA transcription","1/122","29/3645",0.0344827586206897,1.03024307518372,0.0304245045777508,0.628846043549229,0.865779994773749,0.839535647438243,"ENSG00000091831",1
"GO:1903036","positive regulation of response to wounding","1/122","29/3645",0.0344827586206897,1.03024307518372,0.0304245045777508,0.628846043549229,0.865779994773749,0.839535647438243,"ENSG00000140538",1
"GO:1903320","regulation of protein modification by small protein conjugation or removal","1/122","29/3645",0.0344827586206897,1.03024307518372,0.0304245045777508,0.628846043549229,0.865779994773749,0.839535647438243,"ENSG00000133169",1
"GO:0023061","signal release","6/122","192/3645",0.03125,0.933657786885246,-0.175733702080831,0.629433893478189,0.865779994773749,0.839535647438243,"ENSG00000124205/ENSG00000119147/ENSG00000149927/ENSG00000117009/ENSG00000006128/ENSG00000126562",6
"GO:0006575","modified amino acid metabolic process","2/122","63/3645",0.0317460317460317,0.94847775175644,-0.076756483109595,0.629869182570244,0.865779994773749,0.839535647438243,"ENSG00000100031/ENSG00000131969",2
"GO:0030216","keratinocyte differentiation","2/122","63/3645",0.0317460317460317,0.94847775175644,-0.076756483109595,0.629869182570244,0.865779994773749,0.839535647438243,"ENSG00000186847/ENSG00000143556",2
"GO:0048646","anatomical structure formation involved in morphogenesis","13/122","411/3645",0.0316301703163017,0.945016154122293,-0.220190610003171,0.630989057169292,0.865779994773749,0.839535647438243,"ENSG00000053747/ENSG00000143867/ENSG00000081479/ENSG00000064309/ENSG00000069702/ENSG00000107014/ENSG00000168329/ENSG00000104332/ENSG00000179388/ENSG00000136457/ENSG00000136099/ENSG00000159184/ENSG00000143556",13
"GO:0010629","negative regulation of gene expression","7/122","224/3645",0.03125,0.933657786885246,-0.190699785723302,0.631462029233783,0.865779994773749,0.839535647438243,"ENSG00000112183/ENSG00000113739/ENSG00000168329/ENSG00000082175/ENSG00000104332/ENSG00000134830/ENSG00000091831",7
"GO:0034097","response to cytokine","8/122","257/3645",0.0311284046692607,0.93002487720865,-0.216496713488667,0.638385062156214,0.865779994773749,0.839535647438243,"ENSG00000135063/ENSG00000115919/ENSG00000117009/ENSG00000168329/ENSG00000104332/ENSG00000196090/ENSG00000145777/ENSG00000144218",8
"GO:0007043","cell-cell junction assembly","2/122","64/3645",0.03125,0.933657786885246,-0.0996300984502781,0.638490177986071,0.865779994773749,0.839535647438243,"ENSG00000134757/ENSG00000134760",2
"GO:0009101","glycoprotein biosynthetic process","2/122","64/3645",0.03125,0.933657786885246,-0.0996300984502781,0.638490177986071,0.865779994773749,0.839535647438243,"ENSG00000148488/ENSG00000138696",2
"GO:0045619","regulation of lymphocyte differentiation","2/122","64/3645",0.03125,0.933657786885246,-0.0996300984502781,0.638490177986071,0.865779994773749,0.839535647438243,"ENSG00000104332/ENSG00000179388",2
"GO:0071219","cellular response to molecule of bacterial origin","2/122","64/3645",0.03125,0.933657786885246,-0.0996300984502781,0.638490177986071,0.865779994773749,0.839535647438243,"ENSG00000117009/ENSG00000168329",2
"GO:0043269","regulation of monoatomic ion transport","5/122","162/3645",0.0308641975308642,0.922131147540984,-0.18865022284562,0.639203595660532,0.865779994773749,0.839535647438243,"ENSG00000124205/ENSG00000143867/ENSG00000113739/ENSG00000108370/ENSG00000126562",5
"GO:0006508","proteolysis","9/122","289/3645",0.0311418685121107,0.930427137103636,-0.229345697893132,0.640885654355632,0.865779994773749,0.839535647438243,"ENSG00000196611/ENSG00000141682/ENSG00000186715/ENSG00000119147/ENSG00000166682/ENSG00000160867/ENSG00000100031/ENSG00000172232/ENSG00000187715",9
"GO:0007215","glutamate receptor signaling pathway","1/122","30/3645",0.0333333333333333,0.995901639344262,-0.00419400967611358,0.641368383894083,0.865779994773749,0.839535647438243,"ENSG00000120251",1
"GO:0010586","miRNA metabolic process","1/122","30/3645",0.0333333333333333,0.995901639344262,-0.00419400967611358,0.641368383894083,0.865779994773749,0.839535647438243,"ENSG00000091831",1
"GO:0019218","regulation of steroid metabolic process","1/122","30/3645",0.0333333333333333,0.995901639344262,-0.00419400967611358,0.641368383894083,0.865779994773749,0.839535647438243,"ENSG00000160867",1
"GO:0019229","regulation of vasoconstriction","1/122","30/3645",0.0333333333333333,0.995901639344262,-0.00419400967611358,0.641368383894083,0.865779994773749,0.839535647438243,"ENSG00000124205",1
"GO:0032637","interleukin-8 production","1/122","30/3645",0.0333333333333333,0.995901639344262,-0.00419400967611358,0.641368383894083,0.865779994773749,0.839535647438243,"ENSG00000134830",1
"GO:0032677","regulation of interleukin-8 production","1/122","30/3645",0.0333333333333333,0.995901639344262,-0.00419400967611358,0.641368383894083,0.865779994773749,0.839535647438243,"ENSG00000134830",1
"GO:0035821","modulation of process of another organism","1/122","30/3645",0.0333333333333333,0.995901639344262,-0.00419400967611358,0.641368383894083,0.865779994773749,0.839535647438243,"ENSG00000168329",1
"GO:0046620","regulation of organ growth","1/122","30/3645",0.0333333333333333,0.995901639344262,-0.00419400967611358,0.641368383894083,0.865779994773749,0.839535647438243,"ENSG00000069702",1
"GO:0048678","response to axon injury","1/122","30/3645",0.0333333333333333,0.995901639344262,-0.00419400967611358,0.641368383894083,0.865779994773749,0.839535647438243,"ENSG00000140538",1
"GO:0050821","protein stabilization","1/122","30/3645",0.0333333333333333,0.995901639344262,-0.00419400967611358,0.641368383894083,0.865779994773749,0.839535647438243,"ENSG00000134760",1
"GO:0051966","regulation of synaptic transmission, glutamatergic","1/122","30/3645",0.0333333333333333,0.995901639344262,-0.00419400967611358,0.641368383894083,0.865779994773749,0.839535647438243,"ENSG00000117009",1
"GO:0060996","dendritic spine development","1/122","30/3645",0.0333333333333333,0.995901639344262,-0.00419400967611358,0.641368383894083,0.865779994773749,0.839535647438243,"ENSG00000107954",1
"GO:0071824","protein-DNA complex organization","1/122","30/3645",0.0333333333333333,0.995901639344262,-0.00419400967611358,0.641368383894083,0.865779994773749,0.839535647438243,"ENSG00000091831",1
"GO:0090100","positive regulation of transmembrane receptor protein serine/threonine kinase signaling pathway","1/122","30/3645",0.0333333333333333,0.995901639344262,-0.00419400967611358,0.641368383894083,0.865779994773749,0.839535647438243,"ENSG00000069702",1
"GO:0098869","cellular oxidant detoxification","1/122","30/3645",0.0333333333333333,0.995901639344262,-0.00419400967611358,0.641368383894083,0.865779994773749,0.839535647438243,"ENSG00000163220",1
"GO:0098900","regulation of action potential","1/122","30/3645",0.0333333333333333,0.995901639344262,-0.00419400967611358,0.641368383894083,0.865779994773749,0.839535647438243,"ENSG00000006128",1
"GO:1903076","regulation of protein localization to plasma membrane","1/122","30/3645",0.0333333333333333,0.995901639344262,-0.00419400967611358,0.641368383894083,0.865779994773749,0.839535647438243,"ENSG00000126562",1
"GO:2000628","regulation of miRNA metabolic process","1/122","30/3645",0.0333333333333333,0.995901639344262,-0.00419400967611358,0.641368383894083,0.865779994773749,0.839535647438243,"ENSG00000091831",1
"GO:0033554","cellular response to stress","9/122","290/3645",0.0310344827586207,0.927218767665348,-0.240372576943407,0.645076397980198,0.869327595726939,0.842975710134387,"ENSG00000131095/ENSG00000140538/ENSG00000141682/ENSG00000119147/ENSG00000112183/ENSG00000113739/ENSG00000104332/ENSG00000164879/ENSG00000134824",9
"GO:0050954","sensory perception of mechanical stimulus","2/122","65/3645",0.0307692307692308,0.919293820933165,-0.122161604879353,0.646954537806584,0.869327595726939,0.842975710134387,"ENSG00000081479/ENSG00000146038",2
"GO:0071216","cellular response to biotic stimulus","2/122","65/3645",0.0307692307692308,0.919293820933165,-0.122161604879353,0.646954537806584,0.869327595726939,0.842975710134387,"ENSG00000117009/ENSG00000168329",2
"GO:0071466","cellular response to xenobiotic stimulus","2/122","65/3645",0.0307692307692308,0.919293820933165,-0.122161604879353,0.646954537806584,0.869327595726939,0.842975710134387,"ENSG00000100146/ENSG00000126562",2
"GO:0080134","regulation of response to stress","10/122","322/3645",0.031055900621118,0.927858670196518,-0.252266560933248,0.647594155145013,0.869327595726939,0.842975710134387,"ENSG00000140538/ENSG00000141682/ENSG00000143546/ENSG00000163220/ENSG00000006128/ENSG00000100031/ENSG00000198535/ENSG00000145777/ENSG00000091831/ENSG00000134824",10
"GO:0001701","in utero embryonic development","3/122","99/3645",0.0303030303030303,0.905365126676602,-0.177628322618247,0.651335989436571,0.869327595726939,0.842975710134387,"ENSG00000100146/ENSG00000119698/ENSG00000148488",3
"GO:0002790","peptide secretion","3/122","99/3645",0.0303030303030303,0.905365126676602,-0.177628322618247,0.651335989436571,0.869327595726939,0.842975710134387,"ENSG00000124205/ENSG00000119147/ENSG00000143546",3
"GO:0010721","negative regulation of cell development","3/122","99/3645",0.0303030303030303,0.905365126676602,-0.177628322618247,0.651335989436571,0.869327595726939,0.842975710134387,"ENSG00000140538/ENSG00000100146/ENSG00000104332",3
"GO:1901652","response to peptide","8/122","260/3645",0.0307692307692308,0.919293820933165,-0.25126205188578,0.651583575909298,0.869327595726939,0.842975710134387,"ENSG00000135063/ENSG00000115919/ENSG00000117009/ENSG00000168329/ENSG00000104332/ENSG00000196090/ENSG00000145777/ENSG00000144218",8
"GO:0000226","microtubule cytoskeleton organization","4/122","132/3645",0.0303030303030303,0.905365126676602,-0.206068625221235,0.652383135592411,0.869327595726939,0.842975710134387,"ENSG00000183833/ENSG00000120262/ENSG00000171811/ENSG00000107954",4
"GO:0009914","hormone transport","4/122","132/3645",0.0303030303030303,0.905365126676602,-0.206068625221235,0.652383135592411,0.869327595726939,0.842975710134387,"ENSG00000124205/ENSG00000119147/ENSG00000006128/ENSG00000126562",4
"GO:0001938","positive regulation of endothelial cell proliferation","1/122","31/3645",0.032258064516129,0.963775780010576,-0.0376876096766969,0.653471580896828,0.869327595726939,0.842975710134387,"ENSG00000179388",1
"GO:0002761","regulation of myeloid leukocyte differentiation","1/122","31/3645",0.032258064516129,0.963775780010576,-0.0376876096766969,0.653471580896828,0.869327595726939,0.842975710134387,"ENSG00000104332",1
"GO:0006672","ceramide metabolic process","1/122","31/3645",0.032258064516129,0.963775780010576,-0.0376876096766969,0.653471580896828,0.869327595726939,0.842975710134387,"ENSG00000148488",1
"GO:0007338","single fertilization","1/122","31/3645",0.032258064516129,0.963775780010576,-0.0376876096766969,0.653471580896828,0.869327595726939,0.842975710134387,"ENSG00000114547",1
"GO:0009141","nucleoside triphosphate metabolic process","1/122","31/3645",0.032258064516129,0.963775780010576,-0.0376876096766969,0.653471580896828,0.869327595726939,0.842975710134387,"ENSG00000112981",1
"GO:0015807","L-amino acid transport","1/122","31/3645",0.032258064516129,0.963775780010576,-0.0376876096766969,0.653471580896828,0.869327595726939,0.842975710134387,"ENSG00000117009",1
"GO:0021954","central nervous system neuron development","1/122","31/3645",0.032258064516129,0.963775780010576,-0.0376876096766969,0.653471580896828,0.869327595726939,0.842975710134387,"ENSG00000148053",1
"GO:0031638","zymogen activation","1/122","31/3645",0.032258064516129,0.963775780010576,-0.0376876096766969,0.653471580896828,0.869327595726939,0.842975710134387,"ENSG00000100031",1
"GO:0043086","negative regulation of catalytic activity","1/122","31/3645",0.032258064516129,0.963775780010576,-0.0376876096766969,0.653471580896828,0.869327595726939,0.842975710134387,"ENSG00000214456",1
"GO:0062014","negative regulation of small molecule metabolic process","1/122","31/3645",0.032258064516129,0.963775780010576,-0.0376876096766969,0.653471580896828,0.869327595726939,0.842975710134387,"ENSG00000214456",1
"GO:0045087","innate immune response","7/122","229/3645",0.0305676855895196,0.913272245686878,-0.252249137050763,0.654866863401594,0.869327595726939,0.842975710134387,"ENSG00000115919/ENSG00000143546/ENSG00000162931/ENSG00000163220/ENSG00000168329/ENSG00000006128/ENSG00000091831",7
"GO:0031640","killing of cells of another organism","2/122","66/3645",0.0303030303030303,0.905365126676602,-0.144362735092217,0.655262998541716,0.869327595726939,0.842975710134387,"ENSG00000006128/ENSG00000172232",2
"GO:0141060","disruption of anatomical structure in another organism","2/122","66/3645",0.0303030303030303,0.905365126676602,-0.144362735092217,0.655262998541716,0.869327595726939,0.842975710134387,"ENSG00000006128/ENSG00000172232",2
"GO:0141061","disruption of cell in another organism","2/122","66/3645",0.0303030303030303,0.905365126676602,-0.144362735092217,0.655262998541716,0.869327595726939,0.842975710134387,"ENSG00000006128/ENSG00000172232",2
"GO:0007416","synapse assembly","3/122","100/3645",0.03,0.896311475409836,-0.195629954075091,0.658110485372036,0.871905993326001,0.845475948891056,"ENSG00000148053/ENSG00000140538/ENSG00000107954",3
"GO:0008016","regulation of heart contraction","3/122","100/3645",0.03,0.896311475409836,-0.195629954075091,0.658110485372036,0.871905993326001,0.845475948891056,"ENSG00000124205/ENSG00000006128/ENSG00000171385",3
"GO:0007420","brain development","7/122","230/3645",0.0304347826086957,0.909301496792587,-0.264412183086506,0.659443125670241,0.872865350731384,0.846406225341557,"ENSG00000143126/ENSG00000148053/ENSG00000081479/ENSG00000064309/ENSG00000168329/ENSG00000112981/ENSG00000104332",7
"GO:0046903","secretion","10/122","326/3645",0.0306748466257669,0.916473901237051,-0.294062841255322,0.663307655016217,0.872865350731384,0.846406225341557,"ENSG00000143126/ENSG00000148053/ENSG00000124205/ENSG00000119147/ENSG00000143546/ENSG00000149927/ENSG00000117009/ENSG00000006128/ENSG00000126562/ENSG00000107954",10
"GO:0060348","bone development","2/122","67/3645",0.0298507462686567,0.891852214338145,-0.166244636530129,0.663416422295949,0.872865350731384,0.846406225341557,"ENSG00000136457/ENSG00000138696",2
"GO:0006029","proteoglycan metabolic process","1/122","32/3645",0.03125,0.933657786885246,-0.0701364437570929,0.665169551879282,0.872865350731384,0.846406225341557,"ENSG00000138696",1
"GO:0006906","vesicle fusion","1/122","32/3645",0.03125,0.933657786885246,-0.0701364437570929,0.665169551879282,0.872865350731384,0.846406225341557,"ENSG00000149927",1
"GO:0008543","fibroblast growth factor receptor signaling pathway","1/122","32/3645",0.03125,0.933657786885246,-0.0701364437570929,0.665169551879282,0.872865350731384,0.846406225341557,"ENSG00000160867",1
"GO:0032755","positive regulation of interleukin-6 production","1/122","32/3645",0.03125,0.933657786885246,-0.0701364437570929,0.665169551879282,0.872865350731384,0.846406225341557,"ENSG00000145777",1
"GO:0045732","positive regulation of protein catabolic process","1/122","32/3645",0.03125,0.933657786885246,-0.0701364437570929,0.665169551879282,0.872865350731384,0.846406225341557,"ENSG00000081479",1
"GO:0048477","oogenesis","1/122","32/3645",0.03125,0.933657786885246,-0.0701364437570929,0.665169551879282,0.872865350731384,0.846406225341557,"ENSG00000138696",1
"GO:0048534","hematopoietic or lymphoid organ development","1/122","32/3645",0.03125,0.933657786885246,-0.0701364437570929,0.665169551879282,0.872865350731384,0.846406225341557,"ENSG00000117407",1
"GO:0048640","negative regulation of developmental growth","1/122","32/3645",0.03125,0.933657786885246,-0.0701364437570929,0.665169551879282,0.872865350731384,0.846406225341557,"ENSG00000113739",1
"GO:0050864","regulation of B cell activation","1/122","32/3645",0.03125,0.933657786885246,-0.0701364437570929,0.665169551879282,0.872865350731384,0.846406225341557,"ENSG00000104332",1
"GO:0060419","heart growth","1/122","32/3645",0.03125,0.933657786885246,-0.0701364437570929,0.665169551879282,0.872865350731384,0.846406225341557,"ENSG00000069702",1
"GO:0090174","organelle membrane fusion","1/122","32/3645",0.03125,0.933657786885246,-0.0701364437570929,0.665169551879282,0.872865350731384,0.846406225341557,"ENSG00000149927",1
"GO:0016310","phosphorylation","5/122","167/3645",0.029940119760479,0.894522430548739,-0.259636854077125,0.666020701131132,0.873388125412613,0.84691315317902,"ENSG00000148053/ENSG00000160867/ENSG00000175920/ENSG00000104332/ENSG00000126562",5
"GO:0045935","positive regulation of nucleobase-containing compound metabolic process","12/122","391/3645",0.030690537084399,0.916942685841264,-0.323422526522063,0.671115731816909,0.876963530166378,0.85038017686047,"ENSG00000100146/ENSG00000143867/ENSG00000144712/ENSG00000064309/ENSG00000112183/ENSG00000082175/ENSG00000160867/ENSG00000104332/ENSG00000179388/ENSG00000138696/ENSG00000133169/ENSG00000091831",12
"GO:0010256","endomembrane system organization","3/122","102/3645",0.0294117647058824,0.878736740597878,-0.23113010944914,0.671377995317682,0.876963530166378,0.85038017686047,"ENSG00000149927/ENSG00000168497/ENSG00000114547",3
"GO:0046883","regulation of hormone secretion","3/122","102/3645",0.0294117647058824,0.878736740597878,-0.23113010944914,0.671377995317682,0.876963530166378,0.85038017686047,"ENSG00000124205/ENSG00000119147/ENSG00000006128",3
"GO:0003205","cardiac chamber development","2/122","68/3645",0.0294117647058824,0.878736740597878,-0.18781790914314,0.671415787676657,0.876963530166378,0.85038017686047,"ENSG00000081479/ENSG00000069702",2
"GO:0007612","learning","2/122","68/3645",0.0294117647058824,0.878736740597878,-0.18781790914314,0.671415787676657,0.876963530166378,0.85038017686047,"ENSG00000148053/ENSG00000006128",2
"GO:0000910","cytokinesis","1/122","33/3645",0.0303030303030303,0.905365126676602,-0.101612487266648,0.676475755773754,0.876963530166378,0.85038017686047,"ENSG00000114547",1
"GO:0001523","retinoid metabolic process","1/122","33/3645",0.0303030303030303,0.905365126676602,-0.101612487266648,0.676475755773754,0.876963530166378,0.85038017686047,"ENSG00000081479",1
"GO:0010563","negative regulation of phosphorus metabolic process","1/122","33/3645",0.0303030303030303,0.905365126676602,-0.101612487266648,0.676475755773754,0.876963530166378,0.85038017686047,"ENSG00000104332",1
"GO:0016101","diterpenoid metabolic process","1/122","33/3645",0.0303030303030303,0.905365126676602,-0.101612487266648,0.676475755773754,0.876963530166378,0.85038017686047,"ENSG00000081479",1
"GO:0017015","regulation of transforming growth factor beta receptor signaling pathway","1/122","33/3645",0.0303030303030303,0.905365126676602,-0.101612487266648,0.676475755773754,0.876963530166378,0.85038017686047,"ENSG00000069702",1
"GO:0030183","B cell differentiation","1/122","33/3645",0.0303030303030303,0.905365126676602,-0.101612487266648,0.676475755773754,0.876963530166378,0.85038017686047,"ENSG00000104332",1
"GO:0045666","positive regulation of neuron differentiation","1/122","33/3645",0.0303030303030303,0.905365126676602,-0.101612487266648,0.676475755773754,0.876963530166378,0.85038017686047,"ENSG00000064309",1
"GO:0045936","negative regulation of phosphate metabolic process","1/122","33/3645",0.0303030303030303,0.905365126676602,-0.101612487266648,0.676475755773754,0.876963530166378,0.85038017686047,"ENSG00000104332",1
"GO:0050766","positive regulation of phagocytosis","1/122","33/3645",0.0303030303030303,0.905365126676602,-0.101612487266648,0.676475755773754,0.876963530166378,0.85038017686047,"ENSG00000172232",1
"GO:0061035","regulation of cartilage development","1/122","33/3645",0.0303030303030303,0.905365126676602,-0.101612487266648,0.676475755773754,0.876963530166378,0.85038017686047,"ENSG00000138696",1
"GO:0072678","T cell migration","1/122","33/3645",0.0303030303030303,0.905365126676602,-0.101612487266648,0.676475755773754,0.876963530166378,0.85038017686047,"ENSG00000143556",1
"GO:2000243","positive regulation of reproductive process","1/122","33/3645",0.0303030303030303,0.905365126676602,-0.101612487266648,0.676475755773754,0.876963530166378,0.85038017686047,"ENSG00000006128",1
"GO:0008285","negative regulation of cell population proliferation","7/122","234/3645",0.0299145299145299,0.8937578814628,-0.312591071473708,0.677388800040009,0.87755741791617,0.85095606211947,"ENSG00000100146/ENSG00000119147/ENSG00000069702/ENSG00000104332/ENSG00000120057/ENSG00000138696/ENSG00000107954",7
"GO:0032970","regulation of actin filament-based process","3/122","103/3645",0.029126213592233,0.87020531593188,-0.248636004086539,0.677870882356099,0.877592571855647,0.850990150439271,"ENSG00000108830/ENSG00000006128/ENSG00000104332",3
"GO:0032880","regulation of protein localization","6/122","202/3645",0.0297029702970297,0.887437104366174,-0.306277580671616,0.678655148777245,0.878018633126294,0.851403296535115,"ENSG00000143126/ENSG00000162931/ENSG00000175920/ENSG00000166405/ENSG00000134757/ENSG00000126562",6
"GO:0034655","nucleobase-containing compound catabolic process","2/122","69/3645",0.0289855072463768,0.86600142551675,-0.209092640188604,0.679262181161714,0.878214978190983,0.851593689801302,"ENSG00000112183/ENSG00000112981",2
"GO:0002684","positive regulation of immune system process","10/122","332/3645",0.0301204819277108,0.899911119889394,-0.355923719931834,0.686136989822279,0.881063646791541,0.854356006847599,"ENSG00000124205/ENSG00000143546/ENSG00000163220/ENSG00000168329/ENSG00000006128/ENSG00000179388/ENSG00000134830/ENSG00000145777/ENSG00000091831/ENSG00000143556",10
"GO:0034762","regulation of transmembrane transport","4/122","138/3645",0.0289855072463768,0.86600142551675,-0.298596433691893,0.686861423757494,0.881063646791541,0.854356006847599,"ENSG00000124205/ENSG00000143867/ENSG00000108370/ENSG00000126562",4
"GO:0009615","response to virus","2/122","70/3645",0.0285714285714286,0.853629976580796,-0.23007843633786,0.686956788906239,0.881063646791541,0.854356006847599,"ENSG00000141682/ENSG00000172232",2
"GO:0001910","regulation of leukocyte mediated cytotoxicity","1/122","34/3645",0.0294117647058824,0.878736740597878,-0.132180603237248,0.687403208098118,0.881063646791541,0.854356006847599,"ENSG00000168329",1
"GO:0001952","regulation of cell-matrix adhesion","1/122","34/3645",0.0294117647058824,0.878736740597878,-0.132180603237248,0.687403208098118,0.881063646791541,0.854356006847599,"ENSG00000104332",1
"GO:0006720","isoprenoid metabolic process","1/122","34/3645",0.0294117647058824,0.878736740597878,-0.132180603237248,0.687403208098118,0.881063646791541,0.854356006847599,"ENSG00000081479",1
"GO:0006721","terpenoid metabolic process","1/122","34/3645",0.0294117647058824,0.878736740597878,-0.132180603237248,0.687403208098118,0.881063646791541,0.854356006847599,"ENSG00000081479",1
"GO:0007492","endoderm development","1/122","34/3645",0.0294117647058824,0.878736740597878,-0.132180603237248,0.687403208098118,0.881063646791541,0.854356006847599,"ENSG00000053747",1
"GO:0010717","regulation of epithelial to mesenchymal transition","1/122","34/3645",0.0294117647058824,0.878736740597878,-0.132180603237248,0.687403208098118,0.881063646791541,0.854356006847599,"ENSG00000104332",1
"GO:0046928","regulation of neurotransmitter secretion","1/122","34/3645",0.0294117647058824,0.878736740597878,-0.132180603237248,0.687403208098118,0.881063646791541,0.854356006847599,"ENSG00000117009",1
"GO:0051591","response to cAMP","1/122","34/3645",0.0294117647058824,0.878736740597878,-0.132180603237248,0.687403208098118,0.881063646791541,0.854356006847599,"ENSG00000103569",1
"GO:0090130","tissue migration","1/122","34/3645",0.0294117647058824,0.878736740597878,-0.132180603237248,0.687403208098118,0.881063646791541,0.854356006847599,"ENSG00000006128",1
"GO:1903844","regulation of cellular response to transforming growth factor beta stimulus","1/122","34/3645",0.0294117647058824,0.878736740597878,-0.132180603237248,0.687403208098118,0.881063646791541,0.854356006847599,"ENSG00000069702",1
"GO:0051254","positive regulation of RNA metabolic process","11/122","365/3645",0.0301369863013699,0.900404221872895,-0.373218546606829,0.690768650040385,0.884789326645354,0.857968750347218,"ENSG00000100146/ENSG00000143867/ENSG00000144712/ENSG00000064309/ENSG00000112183/ENSG00000082175/ENSG00000104332/ENSG00000179388/ENSG00000138696/ENSG00000133169/ENSG00000091831",11
"GO:0051707","response to other organism","13/122","429/3645",0.0303030303030303,0.905365126676602,-0.388270691395847,0.69355444722464,0.885189685545501,0.858356973187283,"ENSG00000141682/ENSG00000115919/ENSG00000143546/ENSG00000162931/ENSG00000117009/ENSG00000163220/ENSG00000168329/ENSG00000006128/ENSG00000164879/ENSG00000145777/ENSG00000172232/ENSG00000091831/ENSG00000143556",13
"GO:0035725","sodium ion transmembrane transport","2/122","71/3645",0.028169014084507,0.841607019164165,-0.250784453335085,0.694500888969129,0.885189685545501,0.858356973187283,"ENSG00000143867/ENSG00000126562",2
"GO:0045664","regulation of neuron differentiation","2/122","71/3645",0.028169014084507,0.841607019164165,-0.250784453335085,0.694500888969129,0.885189685545501,0.858356973187283,"ENSG00000064309/ENSG00000104332",2
"GO:0001906","cell killing","3/122","106/3645",0.0283018867924528,0.845576863594185,-0.300218740156383,0.696786654402564,0.885189685545501,0.858356973187283,"ENSG00000168329/ENSG00000006128/ENSG00000172232",3
"GO:0002831","regulation of response to biotic stimulus","3/122","106/3645",0.0283018867924528,0.845576863594185,-0.300218740156383,0.696786654402564,0.885189685545501,0.858356973187283,"ENSG00000143546/ENSG00000163220/ENSG00000091831",3
"GO:0015833","peptide transport","3/122","106/3645",0.0283018867924528,0.845576863594185,-0.300218740156383,0.696786654402564,0.885189685545501,0.858356973187283,"ENSG00000124205/ENSG00000119147/ENSG00000143546",3
"GO:0043207","response to external biotic stimulus","13/122","430/3645",0.0302325581395349,0.903259626382005,-0.397433322491814,0.696847053166525,0.885189685545501,0.858356973187283,"ENSG00000141682/ENSG00000115919/ENSG00000143546/ENSG00000162931/ENSG00000117009/ENSG00000163220/ENSG00000168329/ENSG00000006128/ENSG00000164879/ENSG00000145777/ENSG00000172232/ENSG00000091831/ENSG00000143556",13
"GO:0002262","myeloid cell homeostasis","1/122","35/3645",0.0285714285714286,0.853629976580796,-0.161899438091319,0.697964495445675,0.885189685545501,0.858356973187283,"ENSG00000069702",1
"GO:0002275","myeloid cell activation involved in immune response","1/122","35/3645",0.0285714285714286,0.853629976580796,-0.161899438091319,0.697964495445675,0.885189685545501,0.858356973187283,"ENSG00000168329",1
"GO:0009799","specification of symmetry","1/122","35/3645",0.0285714285714286,0.853629976580796,-0.161899438091319,0.697964495445675,0.885189685545501,0.858356973187283,"ENSG00000171243",1
"GO:0009855","determination of bilateral symmetry","1/122","35/3645",0.0285714285714286,0.853629976580796,-0.161899438091319,0.697964495445675,0.885189685545501,0.858356973187283,"ENSG00000171243",1
"GO:0045862","positive regulation of proteolysis","1/122","35/3645",0.0285714285714286,0.853629976580796,-0.161899438091319,0.697964495445675,0.885189685545501,0.858356973187283,"ENSG00000160867",1
"GO:0086002","cardiac muscle cell action potential involved in contraction","1/122","35/3645",0.0285714285714286,0.853629976580796,-0.161899438091319,0.697964495445675,0.885189685545501,0.858356973187283,"ENSG00000171385",1
"GO:0099175","regulation of postsynapse organization","1/122","35/3645",0.0285714285714286,0.853629976580796,-0.161899438091319,0.697964495445675,0.885189685545501,0.858356973187283,"ENSG00000107954",1
"GO:0140029","exocytic process","1/122","35/3645",0.0285714285714286,0.853629976580796,-0.161899438091319,0.697964495445675,0.885189685545501,0.858356973187283,"ENSG00000149927",1
"GO:0007169","cell surface receptor protein tyrosine kinase signaling pathway","6/122","207/3645",0.0289855072463768,0.86600142551675,-0.369356029238128,0.701659094619712,0.887727194468168,0.860817562724038,"ENSG00000148053/ENSG00000140538/ENSG00000160867/ENSG00000117407/ENSG00000196090/ENSG00000151892",6
"GO:0045926","negative regulation of growth","2/122","72/3645",0.0277777777777778,0.829918032786885,-0.271219423427046,0.70189584394084,0.887727194468168,0.860817562724038,"ENSG00000113739/ENSG00000104332",2
"GO:0051606","detection of stimulus","2/122","72/3645",0.0277777777777778,0.829918032786885,-0.271219423427046,0.70189584394084,0.887727194468168,0.860817562724038,"ENSG00000133256/ENSG00000006128",2
"GO:0062197","cellular response to chemical stress","2/122","72/3645",0.0277777777777778,0.829918032786885,-0.271219423427046,0.70189584394084,0.887727194468168,0.860817562724038,"ENSG00000164879/ENSG00000134824",2
"GO:0045765","regulation of angiogenesis","3/122","107/3645",0.0280373831775701,0.837674276083959,-0.317112309670252,0.702904792031203,0.887727194468168,0.860817562724038,"ENSG00000107014/ENSG00000168329/ENSG00000104332",3
"GO:0090596","sensory organ morphogenesis","3/122","107/3645",0.0280373831775701,0.837674276083959,-0.317112309670252,0.702904792031203,0.887727194468168,0.860817562724038,"ENSG00000148053/ENSG00000143867/ENSG00000064309",3
"GO:0007159","leukocyte cell-cell adhesion","4/122","141/3645",0.0283687943262411,0.847575863271713,-0.343474127894459,0.703186704586501,0.887727194468168,0.860817562724038,"ENSG00000143546/ENSG00000163220/ENSG00000168329/ENSG00000179388",4
"GO:0007193","adenylate cyclase-inhibiting G protein-coupled receptor signaling pathway","1/122","36/3645",0.0277777777777778,0.829918032786885,-0.190822182019041,0.708171789505405,0.889943571306793,0.862966754638166,"ENSG00000164128",1
"GO:0008306","associative learning","1/122","36/3645",0.0277777777777778,0.829918032786885,-0.190822182019041,0.708171789505405,0.889943571306793,0.862966754638166,"ENSG00000006128",1
"GO:0009566","fertilization","1/122","36/3645",0.0277777777777778,0.829918032786885,-0.190822182019041,0.708171789505405,0.889943571306793,0.862966754638166,"ENSG00000114547",1
"GO:0032869","cellular response to insulin stimulus","1/122","36/3645",0.0277777777777778,0.829918032786885,-0.190822182019041,0.708171789505405,0.889943571306793,0.862966754638166,"ENSG00000164879",1
"GO:0051054","positive regulation of DNA metabolic process","1/122","36/3645",0.0277777777777778,0.829918032786885,-0.190822182019041,0.708171789505405,0.889943571306793,0.862966754638166,"ENSG00000160867",1
"GO:0051147","regulation of muscle cell differentiation","1/122","36/3645",0.0277777777777778,0.829918032786885,-0.190822182019041,0.708171789505405,0.889943571306793,0.862966754638166,"ENSG00000112183",1
"GO:0055006","cardiac cell development","1/122","36/3645",0.0277777777777778,0.829918032786885,-0.190822182019041,0.708171789505405,0.889943571306793,0.862966754638166,"ENSG00000069702",1
"GO:1903829","positive regulation of protein localization","3/122","108/3645",0.0277777777777778,0.829918032786885,-0.333860774170038,0.70892976347888,0.890316089681484,0.863327980881284,"ENSG00000175920/ENSG00000166405/ENSG00000134757",3
"GO:0050878","regulation of body fluid levels","4/122","143/3645",0.027972027972028,0.835721655393787,-0.372909153422131,0.713729933682532,0.891882230618688,0.864846647463594,"ENSG00000143126/ENSG00000171819/ENSG00000126562/ENSG00000107954",4
"GO:0051241","negative regulation of multicellular organismal process","11/122","372/3645",0.0295698924731183,0.883461131676362,-0.441348893028234,0.715055101524867,0.891882230618688,0.864846647463594,"ENSG00000140538/ENSG00000100146/ENSG00000143867/ENSG00000113739/ENSG00000168329/ENSG00000006128/ENSG00000104332/ENSG00000171819/ENSG00000171243/ENSG00000134830/ENSG00000126562",11
"GO:0050679","positive regulation of epithelial cell proliferation","2/122","74/3645",0.027027027027027,0.807487815684537,-0.311309184921612,0.716244150064157,0.891882230618688,0.864846647463594,"ENSG00000143867/ENSG00000179388",2
"GO:0071560","cellular response to transforming growth factor beta stimulus","2/122","74/3645",0.027027027027027,0.807487815684537,-0.311309184921612,0.716244150064157,0.891882230618688,0.864846647463594,"ENSG00000069702/ENSG00000104332",2
"GO:0072006","nephron development","2/122","74/3645",0.027027027027027,0.807487815684537,-0.311309184921612,0.716244150064157,0.891882230618688,0.864846647463594,"ENSG00000143867/ENSG00000126562",2
"GO:0001959","regulation of cytokine-mediated signaling pathway","1/122","37/3645",0.027027027027027,0.807487815684537,-0.218997217659978,0.718036860627694,0.891882230618688,0.864846647463594,"ENSG00000145777",1
"GO:0006493","protein O-linked glycosylation","1/122","37/3645",0.027027027027027,0.807487815684537,-0.218997217659978,0.718036860627694,0.891882230618688,0.864846647463594,"ENSG00000148488",1
"GO:0010232","vascular transport","1/122","37/3645",0.027027027027027,0.807487815684537,-0.218997217659978,0.718036860627694,0.891882230618688,0.864846647463594,"ENSG00000081479",1
"GO:0034219","carbohydrate transmembrane transport","1/122","37/3645",0.027027027027027,0.807487815684537,-0.218997217659978,0.718036860627694,0.891882230618688,0.864846647463594,"ENSG00000103569",1
"GO:0034614","cellular response to reactive oxygen species","1/122","37/3645",0.027027027027027,0.807487815684537,-0.218997217659978,0.718036860627694,0.891882230618688,0.864846647463594,"ENSG00000164879",1
"GO:0042475","odontogenesis of dentin-containing tooth","1/122","37/3645",0.027027027027027,0.807487815684537,-0.218997217659978,0.718036860627694,0.891882230618688,0.864846647463594,"ENSG00000171243",1
"GO:0048645","animal organ formation","1/122","37/3645",0.027027027027027,0.807487815684537,-0.218997217659978,0.718036860627694,0.891882230618688,0.864846647463594,"ENSG00000081479",1
"GO:0050906","detection of stimulus involved in sensory perception","1/122","37/3645",0.027027027027027,0.807487815684537,-0.218997217659978,0.718036860627694,0.891882230618688,0.864846647463594,"ENSG00000006128",1
"GO:0060349","bone morphogenesis","1/122","37/3645",0.027027027027027,0.807487815684537,-0.218997217659978,0.718036860627694,0.891882230618688,0.864846647463594,"ENSG00000138696",1
"GO:0060840","artery development","1/122","37/3645",0.027027027027027,0.807487815684537,-0.218997217659978,0.718036860627694,0.891882230618688,0.864846647463594,"ENSG00000081479",1
"GO:0150104","transport across blood-brain barrier","1/122","37/3645",0.027027027027027,0.807487815684537,-0.218997217659978,0.718036860627694,0.891882230618688,0.864846647463594,"ENSG00000081479",1
"GO:1990748","cellular detoxification","1/122","37/3645",0.027027027027027,0.807487815684537,-0.218997217659978,0.718036860627694,0.891882230618688,0.864846647463594,"ENSG00000163220",1
"GO:0001503","ossification","4/122","144/3645",0.0277777777777778,0.829918032786885,-0.387486198979427,0.71889948499602,0.89225953881092,0.865212518330744,"ENSG00000143867/ENSG00000006128/ENSG00000104332/ENSG00000138696",4
"GO:0097435","supramolecular fiber organization","6/122","211/3645",0.028436018957346,0.849584336881361,-0.418838815583002,0.719265724650586,0.89225953881092,0.865212518330744,"ENSG00000131095/ENSG00000108830/ENSG00000186847/ENSG00000006128/ENSG00000104332/ENSG00000134757",6
"GO:0002696","positive regulation of leukocyte activation","3/122","110/3645",0.0272727272727273,0.814828614008942,-0.366934281707894,0.72070151276759,0.89289224028817,0.865826040758548,"ENSG00000006128/ENSG00000179388/ENSG00000145777",3
"GO:0022411","cellular component disassembly","3/122","110/3645",0.0272727272727273,0.814828614008942,-0.366934281707894,0.72070151276759,0.89289224028817,0.865826040758548,"ENSG00000196611/ENSG00000168329/ENSG00000160867",3
"GO:0043434","response to peptide hormone","3/122","111/3645",0.027027027027027,0.807487815684537,-0.383265048882796,0.726449061975532,0.895650692050313,0.868500875705114,"ENSG00000113739/ENSG00000069702/ENSG00000164879",3
"GO:0031341","regulation of cell killing","1/122","38/3645",0.0263157894736842,0.786238136324418,-0.246468676072098,0.72757109095015,0.895650692050313,0.868500875705114,"ENSG00000168329",1
"GO:0033555","multicellular organismal response to stress","1/122","38/3645",0.0263157894736842,0.786238136324418,-0.246468676072098,0.72757109095015,0.895650692050313,0.868500875705114,"ENSG00000006128",1
"GO:0042310","vasoconstriction","1/122","38/3645",0.0263157894736842,0.786238136324418,-0.246468676072098,0.72757109095015,0.895650692050313,0.868500875705114,"ENSG00000124205",1
"GO:0045017","glycerolipid biosynthetic process","1/122","38/3645",0.0263157894736842,0.786238136324418,-0.246468676072098,0.72757109095015,0.895650692050313,0.868500875705114,"ENSG00000214456",1
"GO:0045582","positive regulation of T cell differentiation","1/122","38/3645",0.0263157894736842,0.786238136324418,-0.246468676072098,0.72757109095015,0.895650692050313,0.868500875705114,"ENSG00000179388",1
"GO:0050764","regulation of phagocytosis","1/122","38/3645",0.0263157894736842,0.786238136324418,-0.246468676072098,0.72757109095015,0.895650692050313,0.868500875705114,"ENSG00000172232",1
"GO:0060759","regulation of response to cytokine stimulus","1/122","38/3645",0.0263157894736842,0.786238136324418,-0.246468676072098,0.72757109095015,0.895650692050313,0.868500875705114,"ENSG00000145777",1
"GO:0072171","mesonephric tubule morphogenesis","1/122","38/3645",0.0263157894736842,0.786238136324418,-0.246468676072098,0.72757109095015,0.895650692050313,0.868500875705114,"ENSG00000143867",1
"GO:1902106","negative regulation of leukocyte differentiation","1/122","38/3645",0.0263157894736842,0.786238136324418,-0.246468676072098,0.72757109095015,0.895650692050313,0.868500875705114,"ENSG00000104332",1
"GO:0009607","response to biotic stimulus","13/122","440/3645",0.0295454545454545,0.882730998509687,-0.488099459227779,0.728636684548297,0.896390411029123,0.869218171618102,"ENSG00000141682/ENSG00000115919/ENSG00000143546/ENSG00000162931/ENSG00000117009/ENSG00000163220/ENSG00000168329/ENSG00000006128/ENSG00000164879/ENSG00000145777/ENSG00000172232/ENSG00000091831/ENSG00000143556",13
"GO:0030036","actin cytoskeleton organization","5/122","180/3645",0.0277777777777778,0.829918032786885,-0.435467433069723,0.729576496903614,0.896940819864153,0.869751895936591,"ENSG00000108830/ENSG00000172159/ENSG00000006128/ENSG00000104332/ENSG00000134757",5
"GO:0002791","regulation of peptide secretion","2/122","76/3645",0.0263157894736842,0.786238136324418,-0.350410028792737,0.730014042087465,0.896940819864153,0.869751895936591,"ENSG00000119147/ENSG00000143546",2
"GO:0060322","head development","7/122","247/3645",0.0283400809716599,0.846717992964757,-0.464238063080158,0.731594049037935,0.898237949133011,0.871009705388317,"ENSG00000143126/ENSG00000148053/ENSG00000081479/ENSG00000064309/ENSG00000168329/ENSG00000112981/ENSG00000104332",7
"GO:0045596","negative regulation of cell differentiation","6/122","214/3645",0.0280373831775701,0.837674276083959,-0.455403803923482,0.732001065856451,0.898237949133011,0.871009705388317,"ENSG00000140538/ENSG00000100146/ENSG00000143867/ENSG00000166091/ENSG00000104332/ENSG00000171243",6
"GO:0022603","regulation of anatomical structure morphogenesis","8/122","281/3645",0.0284697508896797,0.850592147482644,-0.485077764946855,0.735979641643613,0.898393934646899,0.871160962520826,"ENSG00000148053/ENSG00000108830/ENSG00000140538/ENSG00000143867/ENSG00000107014/ENSG00000168329/ENSG00000104332/ENSG00000091831",8
"GO:0048754","branching morphogenesis of an epithelial tube","2/122","77/3645",0.025974025974026,0.776027251437088,-0.369607603839832,0.736686199916093,0.898393934646899,0.871160962520826,"ENSG00000082175/ENSG00000091831",2
"GO:0071559","response to transforming growth factor beta","2/122","77/3645",0.025974025974026,0.776027251437088,-0.369607603839832,0.736686199916093,0.898393934646899,0.871160962520826,"ENSG00000069702/ENSG00000104332",2
"GO:0090087","regulation of peptide transport","2/122","77/3645",0.025974025974026,0.776027251437088,-0.369607603839832,0.736686199916093,0.898393934646899,0.871160962520826,"ENSG00000119147/ENSG00000143546",2
"GO:0008643","carbohydrate transport","1/122","39/3645",0.0256410256410256,0.766078184110971,-0.273276915332161,0.736785487097664,0.898393934646899,0.871160962520826,"ENSG00000103569",1
"GO:0019827","stem cell population maintenance","1/122","39/3645",0.0256410256410256,0.766078184110971,-0.273276915332161,0.736785487097664,0.898393934646899,0.871160962520826,"ENSG00000104332",1
"GO:0032760","positive regulation of tumor necrosis factor production","1/122","39/3645",0.0256410256410256,0.766078184110971,-0.273276915332161,0.736785487097664,0.898393934646899,0.871160962520826,"ENSG00000172232",1
"GO:0051384","response to glucocorticoid","1/122","39/3645",0.0256410256410256,0.766078184110971,-0.273276915332161,0.736785487097664,0.898393934646899,0.871160962520826,"ENSG00000140538",1
"GO:1903311","regulation of mRNA metabolic process","1/122","39/3645",0.0256410256410256,0.766078184110971,-0.273276915332161,0.736785487097664,0.898393934646899,0.871160962520826,"ENSG00000112183",1
"GO:1903707","negative regulation of hemopoiesis","1/122","39/3645",0.0256410256410256,0.766078184110971,-0.273276915332161,0.736785487097664,0.898393934646899,0.871160962520826,"ENSG00000104332",1
"GO:0070371","ERK1 and ERK2 cascade","3/122","113/3645",0.0265486725663717,0.793195995937908,-0.415528288632529,0.737669770234745,0.898903971435769,0.871655538589049,"ENSG00000160867/ENSG00000126562/ENSG00000143556",3
"GO:0006936","muscle contraction","4/122","148/3645",0.027027027027027,0.807487815684537,-0.444891431217027,0.738899336026773,0.899833850502301,0.872557230276167,"ENSG00000124205/ENSG00000164879/ENSG00000120729/ENSG00000171385",4
"GO:0140352","export from cell","9/122","315/3645",0.0285714285714286,0.853629976580796,-0.505705969682866,0.740724340966906,0.901487226325023,0.874160487397105,"ENSG00000148053/ENSG00000124205/ENSG00000119147/ENSG00000149927/ENSG00000117009/ENSG00000006128/ENSG00000108370/ENSG00000171385/ENSG00000126562",9
"GO:0001942","hair follicle development","1/122","40/3645",0.025,0.746926229508197,-0.299458934244966,0.7456906924704,0.90184159609743,0.874504115175648,"ENSG00000171243",1
"GO:0002065","columnar/cuboidal epithelial cell differentiation","1/122","40/3645",0.025,0.746926229508197,-0.299458934244966,0.7456906924704,0.90184159609743,0.874504115175648,"ENSG00000082175",1
"GO:0006109","regulation of carbohydrate metabolic process","1/122","40/3645",0.025,0.746926229508197,-0.299458934244966,0.7456906924704,0.90184159609743,0.874504115175648,"ENSG00000141682",1
"GO:0022404","molting cycle process","1/122","40/3645",0.025,0.746926229508197,-0.299458934244966,0.7456906924704,0.90184159609743,0.874504115175648,"ENSG00000171243",1
"GO:0022405","hair cycle process","1/122","40/3645",0.025,0.746926229508197,-0.299458934244966,0.7456906924704,0.90184159609743,0.874504115175648,"ENSG00000171243",1
"GO:0031623","receptor internalization","1/122","40/3645",0.025,0.746926229508197,-0.299458934244966,0.7456906924704,0.90184159609743,0.874504115175648,"ENSG00000135063",1
"GO:0045621","positive regulation of lymphocyte differentiation","1/122","40/3645",0.025,0.746926229508197,-0.299458934244966,0.7456906924704,0.90184159609743,0.874504115175648,"ENSG00000179388",1
"GO:0045860","positive regulation of protein kinase activity","1/122","40/3645",0.025,0.746926229508197,-0.299458934244966,0.7456906924704,0.90184159609743,0.874504115175648,"ENSG00000175920",1
"GO:0050830","defense response to Gram-positive bacterium","1/122","40/3645",0.025,0.746926229508197,-0.299458934244966,0.7456906924704,0.90184159609743,0.874504115175648,"ENSG00000006128",1
"GO:1903557","positive regulation of tumor necrosis factor superfamily cytokine production","1/122","40/3645",0.025,0.746926229508197,-0.299458934244966,0.7456906924704,0.90184159609743,0.874504115175648,"ENSG00000172232",1
"GO:0060047","heart contraction","3/122","115/3645",0.0260869565217391,0.779401282965075,-0.44727778413109,0.748528114517212,0.904705972997306,0.877281664356341,"ENSG00000124205/ENSG00000006128/ENSG00000171385",3
"GO:0070374","positive regulation of ERK1 and ERK2 cascade","2/122","79/3645",0.0253164556962025,0.756380991907035,-0.407330400981493,0.749613610586633,0.905450629193246,0.878003747824834,"ENSG00000160867/ENSG00000143556",2
"GO:0003015","heart process","3/122","116/3645",0.0258620689655172,0.77268230638779,-0.462966092231391,0.753822848695847,0.908263989592711,0.880731826965839,"ENSG00000124205/ENSG00000006128/ENSG00000171385",3
"GO:0006690","icosanoid metabolic process","1/122","41/3645",0.024390243902439,0.728708516593363,-0.325048731365785,0.754296999132983,0.908263989592711,0.880731826965839,"ENSG00000100031",1
"GO:0016525","negative regulation of angiogenesis","1/122","41/3645",0.024390243902439,0.728708516593363,-0.325048731365785,0.754296999132983,0.908263989592711,0.880731826965839,"ENSG00000168329",1
"GO:0045598","regulation of fat cell differentiation","1/122","41/3645",0.024390243902439,0.728708516593363,-0.325048731365785,0.754296999132983,0.908263989592711,0.880731826965839,"ENSG00000104332",1
"GO:0098727","maintenance of cell number","1/122","41/3645",0.024390243902439,0.728708516593363,-0.325048731365785,0.754296999132983,0.908263989592711,0.880731826965839,"ENSG00000104332",1
"GO:0045216","cell-cell junction organization","2/122","80/3645",0.025,0.746926229508197,-0.425868129207317,0.755872457507705,0.908924445174813,0.88137226218965,"ENSG00000134757/ENSG00000134760",2
"GO:0098739","import across plasma membrane","2/122","80/3645",0.025,0.746926229508197,-0.425868129207317,0.755872457507705,0.908924445174813,0.88137226218965,"ENSG00000131095/ENSG00000081479",2
"GO:0010817","regulation of hormone levels","6/122","220/3645",0.0272727272727273,0.814828614008942,-0.527190660214305,0.7562590640257,0.908924445174813,0.88137226218965,"ENSG00000124205/ENSG00000119147/ENSG00000113739/ENSG00000006128/ENSG00000126562/ENSG00000091831",6
"GO:0045893","positive regulation of DNA-templated transcription","10/122","353/3645",0.028328611898017,0.846375330887475,-0.565107638699001,0.758553395722843,0.909198454341083,0.881637965329243,"ENSG00000100146/ENSG00000143867/ENSG00000144712/ENSG00000064309/ENSG00000082175/ENSG00000104332/ENSG00000179388/ENSG00000138696/ENSG00000133169/ENSG00000091831",10
"GO:1902680","positive regulation of RNA biosynthetic process","10/122","353/3645",0.028328611898017,0.846375330887475,-0.565107638699001,0.758553395722843,0.909198454341083,0.881637965329243,"ENSG00000100146/ENSG00000143867/ENSG00000144712/ENSG00000064309/ENSG00000082175/ENSG00000104332/ENSG00000179388/ENSG00000138696/ENSG00000133169/ENSG00000091831",10
"GO:0009100","glycoprotein metabolic process","2/122","81/3645",0.0246913580246914,0.737704918032787,-0.444197988229456,0.761997187074157,0.909198454341083,0.881637965329243,"ENSG00000148488/ENSG00000138696",2
"GO:0048839","inner ear development","2/122","81/3645",0.0246913580246914,0.737704918032787,-0.444197988229456,0.761997187074157,0.909198454341083,0.881637965329243,"ENSG00000140538/ENSG00000150893",2
"GO:0051924","regulation of calcium ion transport","2/122","81/3645",0.0246913580246914,0.737704918032787,-0.444197988229456,0.761997187074157,0.909198454341083,0.881637965329243,"ENSG00000113739/ENSG00000108370",2
"GO:0002253","activation of immune response","4/122","153/3645",0.0261437908496732,0.781099324975892,-0.514716957677011,0.762386011067498,0.909198454341083,0.881637965329243,"ENSG00000143546/ENSG00000163220/ENSG00000134830/ENSG00000091831",4
"GO:0006486","protein glycosylation","1/122","42/3645",0.0238095238095238,0.71135831381733,-0.350077617726421,0.762614359317715,0.909198454341083,0.881637965329243,"ENSG00000148488",1
"GO:0034504","protein localization to nucleus","1/122","42/3645",0.0238095238095238,0.71135831381733,-0.350077617726421,0.762614359317715,0.909198454341083,0.881637965329243,"ENSG00000082175",1
"GO:0043123","positive regulation of canonical NF-kappaB signal transduction","1/122","42/3645",0.0238095238095238,0.71135831381733,-0.350077617726421,0.762614359317715,0.909198454341083,0.881637965329243,"ENSG00000168329",1
"GO:0043413","macromolecule glycosylation","1/122","42/3645",0.0238095238095238,0.71135831381733,-0.350077617726421,0.762614359317715,0.909198454341083,0.881637965329243,"ENSG00000148488",1
"GO:0070085","glycosylation","1/122","42/3645",0.0238095238095238,0.71135831381733,-0.350077617726421,0.762614359317715,0.909198454341083,0.881637965329243,"ENSG00000148488",1
"GO:1904375","regulation of protein localization to cell periphery","1/122","42/3645",0.0238095238095238,0.71135831381733,-0.350077617726421,0.762614359317715,0.909198454341083,0.881637965329243,"ENSG00000126562",1
"GO:2000181","negative regulation of blood vessel morphogenesis","1/122","42/3645",0.0238095238095238,0.71135831381733,-0.350077617726421,0.762614359317715,0.909198454341083,0.881637965329243,"ENSG00000168329",1
"GO:1903522","regulation of blood circulation","3/122","118/3645",0.0254237288135593,0.759585996110031,-0.493981646132265,0.764146636212704,0.91046254555547,0.882863738207454,"ENSG00000124205/ENSG00000006128/ENSG00000171385",3
"GO:0032963","collagen metabolic process","1/122","43/3645",0.0232558139534884,0.694815097216927,-0.374574490199123,0.770652396554251,0.914823675663477,0.887092669588278,"ENSG00000196611",1
"GO:0033674","positive regulation of kinase activity","1/122","43/3645",0.0232558139534884,0.694815097216927,-0.374574490199123,0.770652396554251,0.914823675663477,0.887092669588278,"ENSG00000175920",1
"GO:0045834","positive regulation of lipid metabolic process","1/122","43/3645",0.0232558139534884,0.694815097216927,-0.374574490199123,0.770652396554251,0.914823675663477,0.887092669588278,"ENSG00000214456",1
"GO:0072594","establishment of protein localization to organelle","1/122","43/3645",0.0232558139534884,0.694815097216927,-0.374574490199123,0.770652396554251,0.914823675663477,0.887092669588278,"ENSG00000114757",1
"GO:0090277","positive regulation of peptide hormone secretion","1/122","43/3645",0.0232558139534884,0.694815097216927,-0.374574490199123,0.770652396554251,0.914823675663477,0.887092669588278,"ENSG00000119147",1
"GO:0097237","cellular response to toxic substance","1/122","43/3645",0.0232558139534884,0.694815097216927,-0.374574490199123,0.770652396554251,0.914823675663477,0.887092669588278,"ENSG00000163220",1
"GO:0001649","osteoblast differentiation","2/122","83/3645",0.0240963855421687,0.719928895911515,-0.48025640985071,0.773851834960389,0.917811322753814,0.889989752276078,"ENSG00000104332/ENSG00000138696",2
"GO:0051604","protein maturation","3/122","120/3645",0.025,0.746926229508197,-0.524530777259283,0.77412079944036,0.917811322753814,0.889989752276078,"ENSG00000166405/ENSG00000100031/ENSG00000172232",3
"GO:0009266","response to temperature stimulus","1/122","44/3645",0.0227272727272727,0.679023845007452,-0.398566071257037,0.778420416437755,0.918955314142246,0.891099065908581,"ENSG00000006128",1
"GO:0016079","synaptic vesicle exocytosis","1/122","44/3645",0.0227272727272727,0.679023845007452,-0.398566071257037,0.778420416437755,0.918955314142246,0.891099065908581,"ENSG00000149927",1
"GO:0031334","positive regulation of protein-containing complex assembly","1/122","44/3645",0.0227272727272727,0.679023845007452,-0.398566071257037,0.778420416437755,0.918955314142246,0.891099065908581,"ENSG00000196611",1
"GO:0043409","negative regulation of MAPK cascade","1/122","44/3645",0.0227272727272727,0.679023845007452,-0.398566071257037,0.778420416437755,0.918955314142246,0.891099065908581,"ENSG00000134757",1
"GO:0055088","lipid homeostasis","1/122","44/3645",0.0227272727272727,0.679023845007452,-0.398566071257037,0.778420416437755,0.918955314142246,0.891099065908581,"ENSG00000160867",1
"GO:0086001","cardiac muscle cell action potential","1/122","44/3645",0.0227272727272727,0.679023845007452,-0.398566071257037,0.778420416437755,0.918955314142246,0.891099065908581,"ENSG00000171385",1
"GO:0086003","cardiac muscle cell contraction","1/122","44/3645",0.0227272727272727,0.679023845007452,-0.398566071257037,0.778420416437755,0.918955314142246,0.891099065908581,"ENSG00000171385",1
"GO:0050867","positive regulation of cell activation","3/122","121/3645",0.0247933884297521,0.740753285462674,-0.539635825988971,0.778978606892585,0.919051824278775,0.891192650537984,"ENSG00000006128/ENSG00000179388/ENSG00000145777",3
"GO:0001818","negative regulation of cytokine production","2/122","85/3645",0.0235294117647059,0.702989392478303,-0.515548113332908,0.785192866720377,0.922735232796129,0.894764404070132,"ENSG00000168329/ENSG00000134830",2
"GO:0009913","epidermal cell differentiation","2/122","85/3645",0.0235294117647059,0.702989392478303,-0.515548113332908,0.785192866720377,0.922735232796129,0.894764404070132,"ENSG00000186847/ENSG00000143556",2
"GO:0043254","regulation of protein-containing complex assembly","2/122","85/3645",0.0235294117647059,0.702989392478303,-0.515548113332908,0.785192866720377,0.922735232796129,0.894764404070132,"ENSG00000131095/ENSG00000196611",2
"GO:0044419","biological process involved in interspecies interaction between organisms","13/122","460/3645",0.0282608695652174,0.844351389878831,-0.664480472163592,0.785760127909097,0.922735232796129,0.894764404070132,"ENSG00000141682/ENSG00000115919/ENSG00000143546/ENSG00000162931/ENSG00000117009/ENSG00000163220/ENSG00000168329/ENSG00000006128/ENSG00000164879/ENSG00000145777/ENSG00000172232/ENSG00000091831/ENSG00000143556",13
"GO:0006939","smooth muscle contraction","1/122","45/3645",0.0222222222222222,0.663934426229508,-0.422077119935648,0.785927417047195,0.922735232796129,0.894764404070132,"ENSG00000124205",1
"GO:0010977","negative regulation of neuron projection development","1/122","45/3645",0.0222222222222222,0.663934426229508,-0.422077119935648,0.785927417047195,0.922735232796129,0.894764404070132,"ENSG00000131095",1
"GO:0019731","antibacterial humoral response","1/122","45/3645",0.0222222222222222,0.663934426229508,-0.422077119935648,0.785927417047195,0.922735232796129,0.894764404070132,"ENSG00000006128",1
"GO:0045637","regulation of myeloid cell differentiation","1/122","45/3645",0.0222222222222222,0.663934426229508,-0.422077119935648,0.785927417047195,0.922735232796129,0.894764404070132,"ENSG00000104332",1
"GO:1903530","regulation of secretion by cell","5/122","194/3645",0.0257731958762887,0.7700270407301,-0.61251670406407,0.787891260243773,0.924478248789683,0.896454584103717,"ENSG00000124205/ENSG00000119147/ENSG00000149927/ENSG00000117009/ENSG00000006128",5
"GO:0045944","positive regulation of transcription by RNA polymerase II","8/122","297/3645",0.0269360269360269,0.804769001490313,-0.65320131952928,0.790350368851976,0.926799915814871,0.898705874548048,"ENSG00000100146/ENSG00000143867/ENSG00000064309/ENSG00000082175/ENSG00000179388/ENSG00000138696/ENSG00000133169/ENSG00000091831",8
"GO:0002682","regulation of immune system process","13/122","462/3645",0.0281385281385281,0.840696189056845,-0.681775847165039,0.79098819923428,0.926984347705301,0.898884715763455,"ENSG00000124205/ENSG00000143546/ENSG00000163220/ENSG00000168329/ENSG00000006128/ENSG00000104332/ENSG00000100031/ENSG00000179388/ENSG00000147255/ENSG00000134830/ENSG00000145777/ENSG00000091831/ENSG00000143556",13
"GO:0030029","actin filament-based process","6/122","230/3645",0.0260869565217391,0.779401282965075,-0.643108610336138,0.793117042769363,0.92730198122382,0.899192720872406,"ENSG00000108830/ENSG00000172159/ENSG00000006128/ENSG00000104332/ENSG00000134757/ENSG00000171385",6
"GO:0007005","mitochondrion organization","1/122","46/3645",0.0217391304347826,0.649501069137562,-0.445130618021227,0.79318209902504,0.92730198122382,0.899192720872406,"ENSG00000141682",1
"GO:0022600","digestive system process","1/122","46/3645",0.0217391304347826,0.649501069137562,-0.445130618021227,0.79318209902504,0.92730198122382,0.899192720872406,"ENSG00000126562",1
"GO:0099111","microtubule-based transport","1/122","46/3645",0.0217391304347826,0.649501069137562,-0.445130618021227,0.79318209902504,0.92730198122382,0.899192720872406,"ENSG00000112981",1
"GO:0006974","DNA damage response","2/122","87/3645",0.0229885057471264,0.686828716789146,-0.550112310984391,0.796035884867049,0.928743716311777,0.900590752713993,"ENSG00000141682/ENSG00000112183",2
"GO:0009636","response to toxic substance","2/122","87/3645",0.0229885057471264,0.686828716789146,-0.550112310984391,0.796035884867049,0.928743716311777,0.900590752713993,"ENSG00000163220/ENSG00000103569",2
"GO:0044057","regulation of system process","6/122","231/3645",0.025974025974026,0.776027251437088,-0.654458615226496,0.796560597693795,0.928743716311777,0.900590752713993,"ENSG00000124205/ENSG00000100146/ENSG00000119147/ENSG00000006128/ENSG00000171385/ENSG00000126562",6
"GO:0055074","calcium ion homeostasis","3/122","125/3645",0.024,0.717049180327869,-0.598973224753157,0.797566405168606,0.928743716311777,0.900590752713993,"ENSG00000124205/ENSG00000113739/ENSG00000126562",3
"GO:0001936","regulation of endothelial cell proliferation","1/122","47/3645",0.0212765957446809,0.635681897453784,-0.467747934854122,0.800192875329276,0.928743716311777,0.900590752713993,"ENSG00000179388",1
"GO:0002698","negative regulation of immune effector process","1/122","47/3645",0.0212765957446809,0.635681897453784,-0.467747934854122,0.800192875329276,0.928743716311777,0.900590752713993,"ENSG00000168329",1
"GO:0007498","mesoderm development","1/122","47/3645",0.0212765957446809,0.635681897453784,-0.467747934854122,0.800192875329276,0.928743716311777,0.900590752713993,"ENSG00000143867",1
"GO:0010594","regulation of endothelial cell migration","1/122","47/3645",0.0212765957446809,0.635681897453784,-0.467747934854122,0.800192875329276,0.928743716311777,0.900590752713993,"ENSG00000069702",1
"GO:0010811","positive regulation of cell-substrate adhesion","1/122","47/3645",0.0212765957446809,0.635681897453784,-0.467747934854122,0.800192875329276,0.928743716311777,0.900590752713993,"ENSG00000104332",1
"GO:0016051","carbohydrate biosynthetic process","1/122","47/3645",0.0212765957446809,0.635681897453784,-0.467747934854122,0.800192875329276,0.928743716311777,0.900590752713993,"ENSG00000148488",1
"GO:0051347","positive regulation of transferase activity","1/122","47/3645",0.0212765957446809,0.635681897453784,-0.467747934854122,0.800192875329276,0.928743716311777,0.900590752713993,"ENSG00000175920",1
"GO:1903828","negative regulation of protein localization","1/122","47/3645",0.0212765957446809,0.635681897453784,-0.467747934854122,0.800192875329276,0.928743716311777,0.900590752713993,"ENSG00000126562",1
"GO:0006941","striated muscle contraction","2/122","88/3645",0.0227272727272727,0.679023845007452,-0.567133043321659,0.80127556821283,0.928882554737108,0.900725382536816,"ENSG00000164879/ENSG00000171385",2
"GO:0051216","cartilage development","2/122","88/3645",0.0227272727272727,0.679023845007452,-0.567133043321659,0.80127556821283,0.928882554737108,0.900725382536816,"ENSG00000143867/ENSG00000138696",2
"GO:0043588","skin development","3/122","126/3645",0.0238095238095238,0.71135831381733,-0.61354648157978,0.80200664841494,0.929171666541994,0.901005730509467,"ENSG00000186847/ENSG00000171243/ENSG00000143556",3
"GO:0071345","cellular response to cytokine stimulus","6/122","233/3645",0.0257510729613734,0.769366073313164,-0.677032349523756,0.803317676139144,0.930131931135899,0.901936886648928,"ENSG00000135063/ENSG00000117009/ENSG00000168329/ENSG00000104332/ENSG00000196090/ENSG00000145777",6
"GO:0060341","regulation of cellular localization","3/122","127/3645",0.0236220472440945,0.70575706725184,-0.628018968713731,0.806365933509518,0.930448919192565,0.90224426586188,"ENSG00000175920/ENSG00000134757/ENSG00000126562",3
"GO:0006898","receptor-mediated endocytosis","2/122","89/3645",0.0224719101123595,0.671394363602873,-0.583985297590008,0.806396678492483,0.930448919192565,0.90224426586188,"ENSG00000135063/ENSG00000081479",2
"GO:0031960","response to corticosteroid","1/122","48/3645",0.0208333333333333,0.622438524590164,-0.489948973609071,0.806967880668306,0.930448919192565,0.90224426586188,"ENSG00000140538",1
"GO:0032946","positive regulation of mononuclear cell proliferation","1/122","48/3645",0.0208333333333333,0.622438524590164,-0.489948973609071,0.806967880668306,0.930448919192565,0.90224426586188,"ENSG00000006128",1
"GO:0050671","positive regulation of lymphocyte proliferation","1/122","48/3645",0.0208333333333333,0.622438524590164,-0.489948973609071,0.806967880668306,0.930448919192565,0.90224426586188,"ENSG00000006128",1
"GO:0051260","protein homooligomerization","1/122","48/3645",0.0208333333333333,0.622438524590164,-0.489948973609071,0.806967880668306,0.930448919192565,0.90224426586188,"ENSG00000171385",1
"GO:1902414","protein localization to cell junction","1/122","48/3645",0.0208333333333333,0.622438524590164,-0.489948973609071,0.806967880668306,0.930448919192565,0.90224426586188,"ENSG00000134757",1
"GO:0072657","protein localization to membrane","3/122","128/3645",0.0234375,0.700243340163934,-0.642392437137113,0.810645150506974,0.932978833313472,0.904697490817735,"ENSG00000175920/ENSG00000134757/ENSG00000126562",3
"GO:0048738","cardiac muscle tissue development","2/122","90/3645",0.0222222222222222,0.663934426229508,-0.600673200685375,0.811401203520474,0.932978833313472,0.904697490817735,"ENSG00000081479/ENSG00000069702",2
"GO:1902903","regulation of supramolecular fiber organization","2/122","90/3645",0.0222222222222222,0.663934426229508,-0.600673200685375,0.811401203520474,0.932978833313472,0.904697490817735,"ENSG00000006128/ENSG00000104332",2
"GO:0001656","metanephros development","1/122","49/3645",0.0204081632653061,0.609735697557712,-0.511752301479913,0.813514980628958,0.932978833313472,0.904697490817735,"ENSG00000143867",1
"GO:0002520","immune system development","1/122","49/3645",0.0204081632653061,0.609735697557712,-0.511752301479913,0.813514980628958,0.932978833313472,0.904697490817735,"ENSG00000117407",1
"GO:0030308","negative regulation of cell growth","1/122","49/3645",0.0204081632653061,0.609735697557712,-0.511752301479913,0.813514980628958,0.932978833313472,0.904697490817735,"ENSG00000104332",1
"GO:0046434","organophosphate catabolic process","1/122","49/3645",0.0204081632653061,0.609735697557712,-0.511752301479913,0.813514980628958,0.932978833313472,0.904697490817735,"ENSG00000131969",1
"GO:0046683","response to organophosphorus","1/122","49/3645",0.0204081632653061,0.609735697557712,-0.511752301479913,0.813514980628958,0.932978833313472,0.904697490817735,"ENSG00000103569",1
"GO:1903305","regulation of regulated secretory pathway","1/122","49/3645",0.0204081632653061,0.609735697557712,-0.511752301479913,0.813514980628958,0.932978833313472,0.904697490817735,"ENSG00000149927",1
"GO:0006814","sodium ion transport","2/122","91/3645",0.021978021978022,0.656638443523689,-0.617200730335771,0.816291131971946,0.935606413294048,0.907245421092753,"ENSG00000143867/ENSG00000126562",2
"GO:1901698","response to nitrogen compound","7/122","272/3645",0.0257352941176471,0.768894648023144,-0.737223316475168,0.817613062319721,0.936076266077629,0.907701031251506,"ENSG00000141682/ENSG00000115919/ENSG00000113739/ENSG00000069702/ENSG00000103569/ENSG00000108370/ENSG00000164879",7
"GO:0030900","forebrain development","3/122","130/3645",0.0230769230769231,0.689470365699874,-0.670849099622194,0.818967007920024,0.936076266077629,0.907701031251506,"ENSG00000148053/ENSG00000081479/ENSG00000064309",3
"GO:0007088","regulation of mitotic nuclear division","1/122","50/3645",0.02,0.597540983606557,-0.533175265834794,0.819841780507509,0.936076266077629,0.907701031251506,"ENSG00000124205",1
"GO:0007179","transforming growth factor beta receptor signaling pathway","1/122","50/3645",0.02,0.597540983606557,-0.533175265834794,0.819841780507509,0.936076266077629,0.907701031251506,"ENSG00000069702",1
"GO:0051592","response to calcium ion","1/122","50/3645",0.02,0.597540983606557,-0.533175265834794,0.819841780507509,0.936076266077629,0.907701031251506,"ENSG00000164742",1
"GO:2000027","regulation of animal organ morphogenesis","1/122","50/3645",0.02,0.597540983606557,-0.533175265834794,0.819841780507509,0.936076266077629,0.907701031251506,"ENSG00000104332",1
"GO:0065003","protein-containing complex assembly","7/122","273/3645",0.0256410256410256,0.766078184110971,-0.747689092487243,0.82056249856091,0.936076266077629,0.907701031251506,"ENSG00000131095/ENSG00000196611/ENSG00000144712/ENSG00000069702/ENSG00000166405/ENSG00000171385/ENSG00000091831",7
"GO:0006886","intracellular protein transport","2/122","92/3645",0.0217391304347826,0.649501069137562,-0.633571722143419,0.821068451116303,0.936076266077629,0.907701031251506,"ENSG00000131095/ENSG00000114757",2
"GO:0021537","telencephalon development","2/122","92/3645",0.0217391304347826,0.649501069137562,-0.633571722143419,0.821068451116303,0.936076266077629,0.907701031251506,"ENSG00000148053/ENSG00000064309",2
"GO:0002694","regulation of leukocyte activation","4/122","168/3645",0.0238095238095238,0.71135831381733,-0.712728501622575,0.823145269467858,0.937336024087071,0.908922602277005,"ENSG00000006128/ENSG00000104332/ENSG00000179388/ENSG00000145777",4
"GO:0006873","intracellular monoatomic ion homeostasis","4/122","168/3645",0.0238095238095238,0.71135831381733,-0.712728501622575,0.823145269467858,0.937336024087071,0.908922602277005,"ENSG00000124205/ENSG00000113739/ENSG00000104044/ENSG00000126562",4
"GO:0018958","phenol-containing compound metabolic process","1/122","51/3645",0.0196078431372549,0.585824493731919,-0.554234098106604,0.82595563385329,0.93832062291107,0.909877355004213,"ENSG00000104044",1
"GO:0061337","cardiac conduction","1/122","51/3645",0.0196078431372549,0.585824493731919,-0.554234098106604,0.82595563385329,0.93832062291107,0.909877355004213,"ENSG00000171385",1
"GO:0070665","positive regulation of leukocyte proliferation","1/122","51/3645",0.0196078431372549,0.585824493731919,-0.554234098106604,0.82595563385329,0.93832062291107,0.909877355004213,"ENSG00000006128",1
"GO:0071356","cellular response to tumor necrosis factor","1/122","51/3645",0.0196078431372549,0.585824493731919,-0.554234098106604,0.82595563385329,0.93832062291107,0.909877355004213,"ENSG00000104332",1
"GO:1902105","regulation of leukocyte differentiation","2/122","94/3645",0.0212765957446809,0.635681897453784,-0.665858763440442,0.830293190965123,0.941704801799426,0.913158949440714,"ENSG00000104332/ENSG00000179388",2
"GO:0001935","endothelial cell proliferation","1/122","52/3645",0.0192307692307692,0.574558638083228,-0.574944006931056,0.831863650734174,0.941704801799426,0.913158949440714,"ENSG00000179388",1
"GO:0048704","embryonic skeletal system morphogenesis","1/122","52/3645",0.0192307692307692,0.574558638083228,-0.574944006931056,0.831863650734174,0.941704801799426,0.913158949440714,"ENSG00000143867",1
"GO:0051250","negative regulation of lymphocyte activation","1/122","52/3645",0.0192307692307692,0.574558638083228,-0.574944006931056,0.831863650734174,0.941704801799426,0.913158949440714,"ENSG00000104332",1
"GO:1902107","positive regulation of leukocyte differentiation","1/122","52/3645",0.0192307692307692,0.574558638083228,-0.574944006931056,0.831863650734174,0.941704801799426,0.913158949440714,"ENSG00000179388",1
"GO:1903708","positive regulation of hemopoiesis","1/122","52/3645",0.0192307692307692,0.574558638083228,-0.574944006931056,0.831863650734174,0.941704801799426,0.913158949440714,"ENSG00000179388",1
"GO:0007188","adenylate cyclase-modulating G protein-coupled receptor signaling pathway","2/122","95/3645",0.0210526315789474,0.628990509059534,-0.681781831347736,0.834744560815305,0.943305364858068,0.91471099470835,"ENSG00000164128/ENSG00000164742",2
"GO:0030072","peptide hormone secretion","2/122","95/3645",0.0210526315789474,0.628990509059534,-0.681781831347736,0.834744560815305,0.943305364858068,0.91471099470835,"ENSG00000124205/ENSG00000119147",2
"GO:0051251","positive regulation of lymphocyte activation","2/122","95/3645",0.0210526315789474,0.628990509059534,-0.681781831347736,0.834744560815305,0.943305364858068,0.91471099470835,"ENSG00000006128/ENSG00000179388",2
"GO:0001704","formation of primary germ layer","1/122","53/3645",0.0188679245283019,0.56371790906279,-0.595319261832678,0.837572705732903,0.944840789098695,0.916199875707829,"ENSG00000053747",1
"GO:0016071","mRNA metabolic process","1/122","53/3645",0.0188679245283019,0.56371790906279,-0.595319261832678,0.837572705732903,0.944840789098695,0.916199875707829,"ENSG00000112183",1
"GO:0070252","actin-mediated cell contraction","1/122","53/3645",0.0188679245283019,0.56371790906279,-0.595319261832678,0.837572705732903,0.944840789098695,0.916199875707829,"ENSG00000171385",1
"GO:0009410","response to xenobiotic stimulus","3/122","135/3645",0.0222222222222222,0.663934426229508,-0.740372245611149,0.838435102940088,0.945260849544962,0.916607202881993,"ENSG00000100146/ENSG00000104332/ENSG00000126562",3
"GO:0030099","myeloid cell differentiation","2/122","96/3645",0.0208333333333333,0.622438524590164,-0.697562409720843,0.839091216091546,0.945447988224645,0.916788668835881,"ENSG00000069702/ENSG00000104332",2
"GO:0032940","secretion by cell","7/122","280/3645",0.025,0.746926229508197,-0.820061446435411,0.840195505645714,0.946084665923455,0.917406046954233,"ENSG00000148053/ENSG00000124205/ENSG00000119147/ENSG00000149927/ENSG00000117009/ENSG00000006128/ENSG00000126562",7
"GO:0030155","regulation of cell adhesion","7/122","281/3645",0.0249110320284698,0.744268129047313,-0.830276603922116,0.84285795472606,0.946084665923455,0.917406046954233,"ENSG00000143126/ENSG00000053747/ENSG00000104332/ENSG00000179388/ENSG00000198535/ENSG00000136099/ENSG00000172232",7
"GO:0045321","leukocyte activation","7/122","281/3645",0.0249110320284698,0.744268129047313,-0.830276603922116,0.84285795472606,0.946084665923455,0.917406046954233,"ENSG00000168329/ENSG00000006128/ENSG00000104332/ENSG00000179388/ENSG00000145777/ENSG00000172232/ENSG00000126562",7
"GO:0007219","Notch signaling pathway","1/122","54/3645",0.0185185185185185,0.55327868852459,-0.615373268580101,0.843089445682954,0.946084665923455,0.917406046954233,"ENSG00000107954",1
"GO:0014074","response to purine-containing compound","1/122","54/3645",0.0185185185185185,0.55327868852459,-0.615373268580101,0.843089445682954,0.946084665923455,0.917406046954233,"ENSG00000103569",1
"GO:0031345","negative regulation of cell projection organization","1/122","54/3645",0.0185185185185185,0.55327868852459,-0.615373268580101,0.843089445682954,0.946084665923455,0.917406046954233,"ENSG00000131095",1
"GO:1903169","regulation of calcium ion transmembrane transport","1/122","54/3645",0.0185185185185185,0.55327868852459,-0.615373268580101,0.843089445682954,0.946084665923455,0.917406046954233,"ENSG00000108370",1
"GO:0032535","regulation of cellular component size","2/122","98/3645",0.0204081632653061,0.609735697557712,-0.728708859455727,0.847478175543837,0.949856502151437,0.92106354769207,"ENSG00000108830/ENSG00000140538",2
"GO:0001890","placenta development","1/122","55/3645",0.0181818181818182,0.543219076005961,-0.635118637180573,0.848420297152372,0.949856502151437,0.92106354769207,"ENSG00000113739",1
"GO:0032868","response to insulin","1/122","55/3645",0.0181818181818182,0.543219076005961,-0.635118637180573,0.848420297152372,0.949856502151437,0.92106354769207,"ENSG00000164879",1
"GO:1904064","positive regulation of cation transmembrane transport","1/122","55/3645",0.0181818181818182,0.543219076005961,-0.635118637180573,0.848420297152372,0.949856502151437,0.92106354769207,"ENSG00000124205",1
"GO:0031399","regulation of protein modification process","3/122","138/3645",0.0217391304347826,0.649501069137562,-0.781036150361641,0.849237653656788,0.950220089271429,0.921416113413184,"ENSG00000175920/ENSG00000104332/ENSG00000133169",3
"GO:0007610","behavior","6/122","249/3645",0.0240963855421687,0.719928895911515,-0.851916273113593,0.851340912682217,0.952021229312462,0.923162655582792,"ENSG00000148053/ENSG00000164128/ENSG00000168329/ENSG00000006128/ENSG00000106278/ENSG00000164742",6
"GO:0034220","monoatomic ion transmembrane transport","8/122","320/3645",0.025,0.746926229508197,-0.881940076246285,0.853560208900737,0.952073055355808,0.923212910625779,"ENSG00000124205/ENSG00000143867/ENSG00000120251/ENSG00000108370/ENSG00000094755/ENSG00000171385/ENSG00000104044/ENSG00000126562",8
"GO:0003014","renal system process","1/122","56/3645",0.0178571428571429,0.533518735362998,-0.654567243355011,0.853571473683684,0.952073055355808,0.923212910625779,"ENSG00000126562",1
"GO:0030048","actin filament-based movement","1/122","56/3645",0.0178571428571429,0.533518735362998,-0.654567243355011,0.853571473683684,0.952073055355808,0.923212910625779,"ENSG00000171385",1
"GO:0042471","ear morphogenesis","1/122","56/3645",0.0178571428571429,0.533518735362998,-0.654567243355011,0.853571473683684,0.952073055355808,0.923212910625779,"ENSG00000143867",1
"GO:0009611","response to wounding","5/122","214/3645",0.0233644859813084,0.698061896736632,-0.847085461616046,0.853855047053161,0.952073055355808,0.923212910625779,"ENSG00000140538/ENSG00000119147/ENSG00000168329/ENSG00000171819/ENSG00000159184",5
"GO:0003012","muscle system process","4/122","178/3645",0.0224719101123595,0.671394363602873,-0.836413177879912,0.856153398972929,0.954084290363247,0.925163179163182,"ENSG00000124205/ENSG00000164879/ENSG00000120729/ENSG00000171385",4
"GO:0032886","regulation of microtubule-based process","1/122","57/3645",0.0175438596491228,0.524158757549612,-0.673730284225397,0.858548982797808,0.955649733304658,0.926681168908012,"ENSG00000006128",1
"GO:0034767","positive regulation of monoatomic ion transmembrane transport","1/122","57/3645",0.0175438596491228,0.524158757549612,-0.673730284225397,0.858548982797808,0.955649733304658,0.926681168908012,"ENSG00000124205",1
"GO:0042445","hormone metabolic process","2/122","101/3645",0.0198019801980198,0.591624736244116,-0.774436896988552,0.859321612777737,0.955958126325407,0.926980213625957,"ENSG00000113739/ENSG00000091831",2
"GO:0051050","positive regulation of transport","7/122","289/3645",0.0242214532871972,0.723665551080606,-0.910931567294245,0.862920519913734,0.956449224305802,0.927456424976896,"ENSG00000124205/ENSG00000119147/ENSG00000143546/ENSG00000149927/ENSG00000117009/ENSG00000006128/ENSG00000172232",7
"GO:0098660","inorganic ion transmembrane transport","7/122","289/3645",0.0242214532871972,0.723665551080606,-0.910931567294245,0.862920519913734,0.956449224305802,0.927456424976896,"ENSG00000124205/ENSG00000143867/ENSG00000108370/ENSG00000094755/ENSG00000171385/ENSG00000104044/ENSG00000126562",7
"GO:0001932","regulation of protein phosphorylation","2/122","102/3645",0.0196078431372549,0.585824493731919,-0.789426497084736,0.863080485126938,0.956449224305802,0.927456424976896,"ENSG00000175920/ENSG00000104332",2
"GO:0006811","monoatomic ion transport","10/122","393/3645",0.0254452926208651,0.760230259041421,-0.936328318990617,0.863098942391052,0.956449224305802,0.927456424976896,"ENSG00000124205/ENSG00000143867/ENSG00000081479/ENSG00000113739/ENSG00000120251/ENSG00000108370/ENSG00000094755/ENSG00000171385/ENSG00000104044/ENSG00000126562",10
"GO:0008277","regulation of G protein-coupled receptor signaling pathway","1/122","58/3645",0.0172413793103448,0.51512153759186,-0.692618328852642,0.863358632769566,0.956449224305802,0.927456424976896,"ENSG00000108370",1
"GO:0030856","regulation of epithelial cell differentiation","1/122","58/3645",0.0172413793103448,0.51512153759186,-0.692618328852642,0.863358632769566,0.956449224305802,0.927456424976896,"ENSG00000143867",1
"GO:0051783","regulation of nuclear division","1/122","58/3645",0.0172413793103448,0.51512153759186,-0.692618328852642,0.863358632769566,0.956449224305802,0.927456424976896,"ENSG00000124205",1
"GO:0008104","intracellular protein localization","12/122","461/3645",0.0260303687635575,0.777710607730877,-0.950157169173645,0.863729677937121,0.956449224305802,0.927456424976896,"ENSG00000131095/ENSG00000143126/ENSG00000081479/ENSG00000162931/ENSG00000082175/ENSG00000175920/ENSG00000166405/ENSG00000114757/ENSG00000134757/ENSG00000126562/ENSG00000114547/ENSG00000091831",12
"GO:1901135","carbohydrate derivative metabolic process","4/122","181/3645",0.0220994475138122,0.66026628022824,-0.872372120700754,0.864988645194454,0.957293801824499,0.928275400857894,"ENSG00000112981/ENSG00000148488/ENSG00000138696/ENSG00000164742",4
"GO:0045580","regulation of T cell differentiation","1/122","59/3645",0.0169491525423729,0.506390664073354,-0.711241364182883,0.868006039182199,0.958982617172086,0.929913023227086,"ENSG00000179388",1
"GO:0051048","negative regulation of secretion","1/122","59/3645",0.0169491525423729,0.506390664073354,-0.711241364182883,0.868006039182199,0.958982617172086,0.929913023227086,"ENSG00000126562",1
"GO:0098773","skin epidermis development","1/122","59/3645",0.0169491525423729,0.506390664073354,-0.711241364182883,0.868006039182199,0.958982617172086,0.929913023227086,"ENSG00000171243",1
"GO:0051249","regulation of lymphocyte activation","3/122","144/3645",0.0208333333333333,0.622438524590164,-0.860172676650112,0.868989315228349,0.959519398440461,0.930433533070694,"ENSG00000006128/ENSG00000104332/ENSG00000179388",3
"GO:0051146","striated muscle cell differentiation","2/122","104/3645",0.0192307692307692,0.574558638083228,-0.819042040949361,0.870326004379869,0.960161082745309,0.931055766030075,"ENSG00000064309/ENSG00000112183",2
"GO:0098771","inorganic ion homeostasis","4/122","183/3645",0.0218579234972678,0.653050255307713,-0.896068814945872,0.870620530287793,0.960161082745309,0.931055766030075,"ENSG00000124205/ENSG00000113739/ENSG00000160867/ENSG00000126562",4
"GO:0045766","positive regulation of angiogenesis","1/122","60/3645",0.0166666666666667,0.497950819672131,-0.729608836891173,0.872496631268025,0.960161082745309,0.931055766030075,"ENSG00000107014",1
"GO:0051259","protein complex oligomerization","1/122","60/3645",0.0166666666666667,0.497950819672131,-0.729608836891173,0.872496631268025,0.960161082745309,0.931055766030075,"ENSG00000171385",1
"GO:0051651","maintenance of location in cell","1/122","60/3645",0.0166666666666667,0.497950819672131,-0.729608836891173,0.872496631268025,0.960161082745309,0.931055766030075,"ENSG00000082175",1
"GO:0001817","regulation of cytokine production","5/122","221/3645",0.0226244343891403,0.675951338921445,-0.924809469653778,0.872556961146981,0.960161082745309,0.931055766030075,"ENSG00000168329/ENSG00000127743/ENSG00000134830/ENSG00000145777/ENSG00000172232",5
"GO:0070372","regulation of ERK1 and ERK2 cascade","2/122","105/3645",0.019047619047619,0.569086651053864,-0.833673015524172,0.87381631344708,0.960998670832051,0.931867964349433,"ENSG00000160867/ENSG00000143556",2
"GO:0007189","adenylate cyclase-activating G protein-coupled receptor signaling pathway","1/122","61/3645",0.0163934426229508,0.489787691480785,-0.747729691552157,0.876835658042167,0.962672728721309,0.933491276602421,"ENSG00000164742",1
"GO:0035051","cardiocyte differentiation","1/122","61/3645",0.0163934426229508,0.489787691480785,-0.747729691552157,0.876835658042167,0.962672728721309,0.933491276602421,"ENSG00000069702",1
"GO:0045859","regulation of protein kinase activity","1/122","61/3645",0.0163934426229508,0.489787691480785,-0.747729691552157,0.876835658042167,0.962672728721309,0.933491276602421,"ENSG00000175920",1
"GO:0019221","cytokine-mediated signaling pathway","3/122","147/3645",0.0204081632653061,0.609735697557712,-0.898711648558811,0.87799139901001,0.963393292770369,0.934189998228123,"ENSG00000135063/ENSG00000168329/ENSG00000145777",3
"GO:0002695","negative regulation of leukocyte activation","1/122","62/3645",0.0161290322580645,0.481887890005288,-0.765612405515938,0.881028194236044,0.963437294037035,0.934232665686508,"ENSG00000104332",1
"GO:0015718","monocarboxylic acid transport","1/122","62/3645",0.0161290322580645,0.481887890005288,-0.765612405515938,0.881028194236044,0.963437294037035,0.934232665686508,"ENSG00000174326",1
"GO:0045807","positive regulation of endocytosis","1/122","62/3645",0.0161290322580645,0.481887890005288,-0.765612405515938,0.881028194236044,0.963437294037035,0.934232665686508,"ENSG00000172232",1
"GO:0048771","tissue remodeling","1/122","62/3645",0.0161290322580645,0.481887890005288,-0.765612405515938,0.881028194236044,0.963437294037035,0.934232665686508,"ENSG00000104332",1
"GO:0051235","maintenance of location","1/122","62/3645",0.0161290322580645,0.481887890005288,-0.765612405515938,0.881028194236044,0.963437294037035,0.934232665686508,"ENSG00000082175",1
"GO:1904018","positive regulation of vasculature development","1/122","62/3645",0.0161290322580645,0.481887890005288,-0.765612405515938,0.881028194236044,0.963437294037035,0.934232665686508,"ENSG00000107014",1
"GO:0006812","monoatomic cation transport","8/122","333/3645",0.024024024024024,0.717766947275144,-1.00530444740574,0.882044152134803,0.963497557960258,0.934291102832325,"ENSG00000124205/ENSG00000143867/ENSG00000081479/ENSG00000113739/ENSG00000120251/ENSG00000108370/ENSG00000171385/ENSG00000126562",8
"GO:0001816","cytokine production","5/122","225/3645",0.0222222222222222,0.663934426229508,-0.968311322200097,0.882318254401824,0.963497557960258,0.934291102832325,"ENSG00000168329/ENSG00000127743/ENSG00000134830/ENSG00000145777/ENSG00000172232",5
"GO:0050865","regulation of cell activation","4/122","188/3645",0.0212765957446809,0.635681897453784,-0.954383152270362,0.883832990361675,0.963497557960258,0.934291102832325,"ENSG00000006128/ENSG00000104332/ENSG00000179388/ENSG00000145777",4
"GO:0035150","regulation of tube size","1/122","63/3645",0.0158730158730159,0.47423887587822,-0.783265020822914,0.885079146037105,0.963497557960258,0.934291102832325,"ENSG00000124205",1
"GO:0035296","regulation of tube diameter","1/122","63/3645",0.0158730158730159,0.47423887587822,-0.783265020822914,0.885079146037105,0.963497557960258,0.934291102832325,"ENSG00000124205",1
"GO:0050905","neuromuscular process","1/122","63/3645",0.0158730158730159,0.47423887587822,-0.783265020822914,0.885079146037105,0.963497557960258,0.934291102832325,"ENSG00000164879",1
"GO:0071248","cellular response to metal ion","1/122","63/3645",0.0158730158730159,0.47423887587822,-0.783265020822914,0.885079146037105,0.963497557960258,0.934291102832325,"ENSG00000164742",1
"GO:0097746","blood vessel diameter maintenance","1/122","63/3645",0.0158730158730159,0.47423887587822,-0.783265020822914,0.885079146037105,0.963497557960258,0.934291102832325,"ENSG00000124205",1
"GO:0030098","lymphocyte differentiation","2/122","109/3645",0.018348623853211,0.548202737253722,-0.891073429992269,0.886936310995487,0.963950529545061,0.934730343511267,"ENSG00000104332/ENSG00000179388",2
"GO:1903706","regulation of hemopoiesis","2/122","109/3645",0.018348623853211,0.548202737253722,-0.891073429992269,0.886936310995487,0.963950529545061,0.934730343511267,"ENSG00000104332/ENSG00000179388",2
"GO:0002573","myeloid leukocyte differentiation","1/122","64/3645",0.015625,0.466828893442623,-0.800695173452717,0.88899325664109,0.963950529545061,0.934730343511267,"ENSG00000104332",1
"GO:0007163","establishment or maintenance of cell polarity","1/122","64/3645",0.015625,0.466828893442623,-0.800695173452717,0.88899325664109,0.963950529545061,0.934730343511267,"ENSG00000120057",1
"GO:0016050","vesicle organization","1/122","64/3645",0.015625,0.466828893442623,-0.800695173452717,0.88899325664109,0.963950529545061,0.934730343511267,"ENSG00000149927",1
"GO:0042113","B cell activation","1/122","64/3645",0.015625,0.466828893442623,-0.800695173452717,0.88899325664109,0.963950529545061,0.934730343511267,"ENSG00000104332",1
"GO:0060078","regulation of postsynaptic membrane potential","1/122","64/3645",0.015625,0.466828893442623,-0.800695173452717,0.88899325664109,0.963950529545061,0.934730343511267,"ENSG00000120251",1
"GO:0006091","generation of precursor metabolites and energy","1/122","65/3645",0.0153846153846154,0.459646910466583,-0.817910120168792,0.892775111622879,0.9647973055017,0.935551451189065,"ENSG00000146151",1
"GO:0007586","digestion","1/122","65/3645",0.0153846153846154,0.459646910466583,-0.817910120168792,0.892775111622879,0.9647973055017,0.935551451189065,"ENSG00000126562",1
"GO:0043549","regulation of kinase activity","1/122","65/3645",0.0153846153846154,0.459646910466583,-0.817910120168792,0.892775111622879,0.9647973055017,0.935551451189065,"ENSG00000175920",1
"GO:0044403","biological process involved in symbiotic interaction","1/122","65/3645",0.0153846153846154,0.459646910466583,-0.817910120168792,0.892775111622879,0.9647973055017,0.935551451189065,"ENSG00000172232",1
"GO:0051052","regulation of DNA metabolic process","1/122","65/3645",0.0153846153846154,0.459646910466583,-0.817910120168792,0.892775111622879,0.9647973055017,0.935551451189065,"ENSG00000160867",1
"GO:0090068","positive regulation of cell cycle process","1/122","65/3645",0.0153846153846154,0.459646910466583,-0.817910120168792,0.892775111622879,0.9647973055017,0.935551451189065,"ENSG00000124205",1
"GO:0055080","monoatomic cation homeostasis","4/122","193/3645",0.0207253886010363,0.619213454514567,-1.01143419818688,0.895869797253669,0.966040122363286,0.936756594602908,"ENSG00000124205/ENSG00000113739/ENSG00000104044/ENSG00000126562",4
"GO:0042325","regulation of phosphorylation","2/122","112/3645",0.0178571428571429,0.533518735362998,-0.933005440747175,0.89594159189017,0.966040122363286,0.936756594602908,"ENSG00000175920/ENSG00000104332",2
"GO:0061448","connective tissue development","2/122","112/3645",0.0178571428571429,0.533518735362998,-0.933005440747175,0.89594159189017,0.966040122363286,0.936756594602908,"ENSG00000143867/ENSG00000138696",2
"GO:0030162","regulation of proteolysis","1/122","66/3645",0.0151515151515152,0.452682563338301,-0.834916763190815,0.89642914413182,0.966040122363286,0.936756594602908,"ENSG00000160867",1
"GO:0060048","cardiac muscle contraction","1/122","66/3645",0.0151515151515152,0.452682563338301,-0.834916763190815,0.89642914413182,0.966040122363286,0.936756594602908,"ENSG00000171385",1
"GO:0002683","negative regulation of immune system process","3/122","155/3645",0.0193548387096774,0.578265468006346,-0.998401158758525,0.899391357146115,0.968150629427932,0.938803125968424,"ENSG00000168329/ENSG00000104332/ENSG00000134830",3
"GO:0051247","positive regulation of protein metabolic process","3/122","155/3645",0.0193548387096774,0.578265468006346,-0.998401158758525,0.899391357146115,0.968150629427932,0.938803125968424,"ENSG00000081479/ENSG00000160867/ENSG00000175920",3
"GO:0008037","cell recognition","1/122","67/3645",0.0149253731343284,0.445926107169073,-0.851721672901532,0.899959639917212,0.968222055437982,0.938872386845267,"ENSG00000106714",1
"GO:0006874","intracellular calcium ion homeostasis","2/122","114/3645",0.0175438596491228,0.524158757549612,-0.960458104620569,0.901572789627056,0.968599664415738,0.939238549380244,"ENSG00000124205/ENSG00000113739",2
"GO:0010038","response to metal ion","2/122","114/3645",0.0175438596491228,0.524158757549612,-0.960458104620569,0.901572789627056,0.968599664415738,0.939238549380244,"ENSG00000143546/ENSG00000164742",2
"GO:0001819","positive regulation of cytokine production","3/122","156/3645",0.0192307692307692,0.574558638083228,-1.01056511594824,0.901817002224295,0.968599664415738,0.939238549380244,"ENSG00000127743/ENSG00000145777/ENSG00000172232",3
"GO:0050801","monoatomic ion homeostasis","4/122","197/3645",0.0203045685279188,0.606640592493967,-1.05621371743839,0.90470575470804,0.970027506514455,0.940623109370106,"ENSG00000124205/ENSG00000113739/ENSG00000104044/ENSG00000126562",4
"GO:0098655","monoatomic cation transmembrane transport","6/122","273/3645",0.021978021978022,0.656638443523689,-1.09749357742063,0.905236516307639,0.970027506514455,0.940623109370106,"ENSG00000124205/ENSG00000143867/ENSG00000120251/ENSG00000108370/ENSG00000171385/ENSG00000126562",6
"GO:0030001","metal ion transport","7/122","310/3645",0.0225806451612903,0.674643046007403,-1.11430941308066,0.905910905600358,0.970027506514455,0.940623109370106,"ENSG00000124205/ENSG00000143867/ENSG00000081479/ENSG00000113739/ENSG00000108370/ENSG00000171385/ENSG00000126562",7
"GO:0043933","protein-containing complex organization","7/122","310/3645",0.0225806451612903,0.674643046007403,-1.11430941308066,0.905910905600358,0.970027506514455,0.940623109370106,"ENSG00000131095/ENSG00000196611/ENSG00000144712/ENSG00000069702/ENSG00000166405/ENSG00000171385/ENSG00000091831",7
"GO:0051668","localization within membrane","3/122","158/3645",0.0189873417721519,0.567285743930276,-1.03470500838871,0.906512291137157,0.970027506514455,0.940623109370106,"ENSG00000175920/ENSG00000134757/ENSG00000126562",3
"GO:0071705","nitrogen compound transport","9/122","382/3645",0.0235602094240838,0.703909535662175,-1.13804738059228,0.906609399211864,0.970027506514455,0.940623109370106,"ENSG00000131095/ENSG00000148053/ENSG00000124205/ENSG00000119147/ENSG00000081479/ENSG00000143546/ENSG00000117009/ENSG00000103569/ENSG00000114757",9
"GO:0050866","negative regulation of cell activation","1/122","69/3645",0.0144927536231884,0.433000712758375,-0.884751038670396,0.90666645632222,0.970027506514455,0.940623109370106,"ENSG00000104332",1
"GO:0090066","regulation of anatomical structure size","3/122","160/3645",0.01875,0.560194672131147,-1.05859993789012,0.911005620230282,0.973331670484933,0.943827114377084,"ENSG00000108830/ENSG00000140538/ENSG00000124205",3
"GO:0001934","positive regulation of protein phosphorylation","1/122","71/3645",0.0140845070422535,0.420803509582083,-0.917044899695422,0.912927079621164,0.973331670484933,0.943827114377084,"ENSG00000175920",1
"GO:0017157","regulation of exocytosis","1/122","71/3645",0.0140845070422535,0.420803509582083,-0.917044899695422,0.912927079621164,0.973331670484933,0.943827114377084,"ENSG00000149927",1
"GO:0051338","regulation of transferase activity","1/122","71/3645",0.0140845070422535,0.420803509582083,-0.917044899695422,0.912927079621164,0.973331670484933,0.943827114377084,"ENSG00000175920",1
"GO:0048871","multicellular organismal-level homeostasis","5/122","241/3645",0.020746887966805,0.619855792122985,-1.1362526292137,0.915288024656292,0.973331670484933,0.943827114377084,"ENSG00000141682/ENSG00000130045/ENSG00000069702/ENSG00000168329/ENSG00000126562",5
"GO:0051253","negative regulation of RNA metabolic process","6/122","279/3645",0.021505376344086,0.642517186673718,-1.15614682485563,0.915774467362755,0.973331670484933,0.943827114377084,"ENSG00000100146/ENSG00000143867/ENSG00000112183/ENSG00000104332/ENSG00000091831/ENSG00000159184",6
"GO:0006937","regulation of muscle contraction","1/122","72/3645",0.0138888888888889,0.414959016393443,-0.932929462511103,0.915899350546239,0.973331670484933,0.943827114377084,"ENSG00000124205",1
"GO:0033500","carbohydrate homeostasis","1/122","72/3645",0.0138888888888889,0.414959016393443,-0.932929462511103,0.915899350546239,0.973331670484933,0.943827114377084,"ENSG00000160867",1
"GO:0042593","glucose homeostasis","1/122","72/3645",0.0138888888888889,0.414959016393443,-0.932929462511103,0.915899350546239,0.973331670484933,0.943827114377084,"ENSG00000160867",1
"GO:0048706","embryonic skeletal system development","1/122","72/3645",0.0138888888888889,0.414959016393443,-0.932929462511103,0.915899350546239,0.973331670484933,0.943827114377084,"ENSG00000143867",1
"GO:0099504","synaptic vesicle cycle","1/122","72/3645",0.0138888888888889,0.414959016393443,-0.932929462511103,0.915899350546239,0.973331670484933,0.943827114377084,"ENSG00000149927",1
"GO:0000122","negative regulation of transcription by RNA polymerase II","4/122","203/3645",0.0197044334975369,0.588710328676411,-1.12202663669725,0.916730426145409,0.973331670484933,0.943827114377084,"ENSG00000100146/ENSG00000143867/ENSG00000091831/ENSG00000159184",4
"GO:0006259","DNA metabolic process","2/122","120/3645",0.0166666666666667,0.497950819672131,-1.04056712897591,0.916818893349468,0.973331670484933,0.943827114377084,"ENSG00000160867/ENSG00000112981",2
"GO:0051051","negative regulation of transport","2/122","120/3645",0.0166666666666667,0.497950819672131,-1.04056712897591,0.916818893349468,0.973331670484933,0.943827114377084,"ENSG00000143867/ENSG00000126562",2
"GO:0034764","positive regulation of transmembrane transport","1/122","73/3645",0.0136986301369863,0.409274646305861,-0.948645812177776,0.918770965221123,0.97486754230558,0.945316429389112,"ENSG00000124205",1
"GO:0030003","intracellular monoatomic cation homeostasis","3/122","164/3645",0.0182926829268293,0.546531387445022,-1.10568119268755,0.91941479814855,0.975014373627572,0.945458809820303,"ENSG00000124205/ENSG00000113739/ENSG00000104044",3
"GO:0001501","skeletal system development","4/122","205/3645",0.0195121951219512,0.58296681327469,-1.14361831996523,0.920430324867813,0.975047472317607,0.945490905191339,"ENSG00000143867/ENSG00000104332/ENSG00000136457/ENSG00000138696",4
"GO:0010810","regulation of cell-substrate adhesion","1/122","74/3645",0.0135135135135135,0.403743907842268,-0.964198701054683,0.92154530515478,0.975047472317607,0.945490905191339,"ENSG00000104332",1
"GO:0090276","regulation of peptide hormone secretion","1/122","74/3645",0.0135135135135135,0.403743907842268,-0.964198701054683,0.92154530515478,0.975047472317607,0.945490905191339,"ENSG00000119147",1
"GO:0140014","mitotic nuclear division","1/122","74/3645",0.0135135135135135,0.403743907842268,-0.964198701054683,0.92154530515478,0.975047472317607,0.945490905191339,"ENSG00000124205",1
"GO:0009890","negative regulation of biosynthetic process","11/122","463/3645",0.0237580993520518,0.709821902772368,-1.24341990201589,0.921973348630023,0.975047472317607,0.945490905191339,"ENSG00000100146/ENSG00000143867/ENSG00000112183/ENSG00000113739/ENSG00000168329/ENSG00000082175/ENSG00000104332/ENSG00000164879/ENSG00000134830/ENSG00000091831/ENSG00000159184",11
"GO:0002703","regulation of leukocyte mediated immunity","1/122","75/3645",0.0133333333333333,0.398360655737705,-0.979592679044146,0.924225639170774,0.975290622516643,0.945726684790087,"ENSG00000168329",1
"GO:0016485","protein processing","1/122","75/3645",0.0133333333333333,0.398360655737705,-0.979592679044146,0.924225639170774,0.975290622516643,0.945726684790087,"ENSG00000100031",1
"GO:0072659","protein localization to plasma membrane","1/122","75/3645",0.0133333333333333,0.398360655737705,-0.979592679044146,0.924225639170774,0.975290622516643,0.945726684790087,"ENSG00000126562",1
"GO:1903034","regulation of response to wounding","1/122","75/3645",0.0133333333333333,0.398360655737705,-0.979592679044146,0.924225639170774,0.975290622516643,0.945726684790087,"ENSG00000140538",1
"GO:0006909","phagocytosis","1/122","76/3645",0.0131578947368421,0.393119068162209,-0.994832104952942,0.926815127131885,0.976420742893177,0.946822547882009,"ENSG00000172232",1
"GO:0045444","fat cell differentiation","1/122","76/3645",0.0131578947368421,0.393119068162209,-0.994832104952942,0.926815127131885,0.976420742893177,0.946822547882009,"ENSG00000104332",1
"GO:0071375","cellular response to peptide hormone stimulus","1/122","76/3645",0.0131578947368421,0.393119068162209,-0.994832104952942,0.926815127131885,0.976420742893177,0.946822547882009,"ENSG00000164879",1
"GO:0050778","positive regulation of immune response","4/122","210/3645",0.019047619047619,0.569086651053864,-1.19687557020327,0.929050512506315,0.977454826943136,0.947825285791904,"ENSG00000143546/ENSG00000163220/ENSG00000134830/ENSG00000091831",4
"GO:0007626","locomotory behavior","1/122","77/3645",0.012987012987013,0.388013625718544,-1.00992115706996,0.929316823542619,0.977454826943136,0.947825285791904,"ENSG00000164128",1
"GO:0042327","positive regulation of phosphorylation","1/122","77/3645",0.012987012987013,0.388013625718544,-1.00992115706996,0.929316823542619,0.977454826943136,0.947825285791904,"ENSG00000175920",1
"GO:0006338","chromatin remodeling","1/122","78/3645",0.0128205128205128,0.383039092055485,-1.02486384302389,0.931733681033595,0.978396445679806,0.948738361285103,"ENSG00000091831",1
"GO:0032944","regulation of mononuclear cell proliferation","1/122","78/3645",0.0128205128205128,0.383039092055485,-1.02486384302389,0.931733681033595,0.978396445679806,0.948738361285103,"ENSG00000006128",1
"GO:0050670","regulation of lymphocyte proliferation","1/122","78/3645",0.0128205128205128,0.383039092055485,-1.02486384302389,0.931733681033595,0.978396445679806,0.948738361285103,"ENSG00000006128",1
"GO:0022407","regulation of cell-cell adhesion","3/122","171/3645",0.0175438596491228,0.524158757549612,-1.18592713678811,0.932420504959747,0.978584958687351,0.948921159906918,"ENSG00000143126/ENSG00000179388/ENSG00000136099",3
"GO:0002697","regulation of immune effector process","2/122","128/3645",0.015625,0.466828893442623,-1.1426104318743,0.933741695331168,0.979249043558869,0.94956511440567,"ENSG00000163220/ENSG00000168329",2
"GO:0045787","positive regulation of cell cycle","1/122","79/3645",0.0126582278481013,0.378190495953517,-1.03966400897874,0.934068553731633,0.979249043558869,0.94956511440567,"ENSG00000124205",1
"GO:0001775","cell activation","7/122","331/3645",0.0211480362537764,0.631840919221435,-1.30703145587192,0.93696399629615,0.979638984260488,0.949943234853558,"ENSG00000168329/ENSG00000006128/ENSG00000104332/ENSG00000179388/ENSG00000145777/ENSG00000172232/ENSG00000126562",7
"GO:0045892","negative regulation of DNA-templated transcription","5/122","255/3645",0.0196078431372549,0.585824493731919,-1.27604923292168,0.937243844064975,0.979638984260488,0.949943234853558,"ENSG00000100146/ENSG00000143867/ENSG00000104332/ENSG00000091831/ENSG00000159184",5
"GO:1901699","cellular response to nitrogen compound","3/122","174/3645",0.0172413793103448,0.51512153759186,-1.21953140614795,0.937385049658623,0.979638984260488,0.949943234853558,"ENSG00000103569/ENSG00000108370/ENSG00000164879",3
"GO:0045934","negative regulation of nucleobase-containing compound metabolic process","6/122","294/3645",0.0204081632653061,0.609735697557712,-1.29854814829033,0.937818655126874,0.979638984260488,0.949943234853558,"ENSG00000100146/ENSG00000143867/ENSG00000112183/ENSG00000104332/ENSG00000091831/ENSG00000159184",6
"GO:0001894","tissue homeostasis","1/122","81/3645",0.0123456790123457,0.368852459016393,-1.06885140917713,0.938503288187341,0.979638984260488,0.949943234853558,"ENSG00000130045",1
"GO:0033002","muscle cell proliferation","1/122","81/3645",0.0123456790123457,0.368852459016393,-1.06885140917713,0.938503288187341,0.979638984260488,0.949943234853558,"ENSG00000069702",1
"GO:0060249","anatomical structure homeostasis","1/122","81/3645",0.0123456790123457,0.368852459016393,-1.06885140917713,0.938503288187341,0.979638984260488,0.949943234853558,"ENSG00000130045",1
"GO:0099003","vesicle-mediated transport in synapse","1/122","81/3645",0.0123456790123457,0.368852459016393,-1.06885140917713,0.938503288187341,0.979638984260488,0.949943234853558,"ENSG00000149927",1
"GO:0055082","intracellular chemical homeostasis","4/122","217/3645",0.0184331797235023,0.550729017148901,-1.26978621453677,0.939719306606951,0.980245052922505,0.950530931785376,"ENSG00000124205/ENSG00000113739/ENSG00000104044/ENSG00000126562",4
"GO:0030323","respiratory tube development","1/122","82/3645",0.0121951219512195,0.364354258296681,-1.08324560293161,0.940608394483959,0.980245052922505,0.950530931785376,"ENSG00000082175",1
"GO:0030324","lung development","1/122","82/3645",0.0121951219512195,0.364354258296681,-1.08324560293161,0.940608394483959,0.980245052922505,0.950530931785376,"ENSG00000082175",1
"GO:1902679","negative regulation of RNA biosynthetic process","5/122","258/3645",0.0193798449612403,0.579012581014106,-1.30522129230666,0.941234788583197,0.980368200419539,0.950650346318257,"ENSG00000100146/ENSG00000143867/ENSG00000104332/ENSG00000091831/ENSG00000159184",5
"GO:0098662","inorganic cation transmembrane transport","5/122","260/3645",0.0192307692307692,0.574558638083228,-1.32452398054633,0.943768593765459,0.981032018348073,0.951294041965854,"ENSG00000124205/ENSG00000143867/ENSG00000108370/ENSG00000171385/ENSG00000126562",5
"GO:0042692","muscle cell differentiation","2/122","134/3645",0.0149253731343284,0.445926107169073,-1.21595485095906,0.944253003789952,0.981032018348073,0.951294041965854,"ENSG00000064309/ENSG00000112183",2
"GO:0007160","cell-matrix adhesion","1/122","84/3645",0.0119047619047619,0.355679156908665,-1.11165138812196,0.944606546338711,0.981032018348073,0.951294041965854,"ENSG00000104332",1
"GO:0050870","positive regulation of T cell activation","1/122","84/3645",0.0119047619047619,0.355679156908665,-1.11165138812196,0.944606546338711,0.981032018348073,0.951294041965854,"ENSG00000179388",1
"GO:0070663","regulation of leukocyte proliferation","1/122","84/3645",0.0119047619047619,0.355679156908665,-1.11165138812196,0.944606546338711,0.981032018348073,0.951294041965854,"ENSG00000006128",1
"GO:0045785","positive regulation of cell adhesion","3/122","179/3645",0.0167597765363128,0.500732667826724,-1.27455377798259,0.944923530373623,0.981032018348073,0.951294041965854,"ENSG00000104332/ENSG00000179388/ENSG00000172232",3
"GO:0010558","negative regulation of macromolecule biosynthetic process","10/122","450/3645",0.0222222222222222,0.663934426229508,-1.41679700325421,0.94697652979854,0.982026578823408,0.952258454377341,"ENSG00000100146/ENSG00000143867/ENSG00000112183/ENSG00000113739/ENSG00000168329/ENSG00000082175/ENSG00000104332/ENSG00000134830/ENSG00000091831/ENSG00000159184",10
"GO:0050776","regulation of immune response","5/122","263/3645",0.0190114068441065,0.568004737268591,-1.35326495397273,0.947386995703301,0.982026578823408,0.952258454377341,"ENSG00000143546/ENSG00000163220/ENSG00000147255/ENSG00000134830/ENSG00000091831",5
"GO:0006357","regulation of transcription by RNA polymerase II","10/122","451/3645",0.0221729490022173,0.662462287812148,-1.42480652511502,0.947922404425277,0.982026578823408,0.952258454377341,"ENSG00000100146/ENSG00000143867/ENSG00000064309/ENSG00000082175/ENSG00000179388/ENSG00000120057/ENSG00000138696/ENSG00000133169/ENSG00000091831/ENSG00000159184",10
"GO:0030217","T cell differentiation","1/122","86/3645",0.0116279069767442,0.347407548608464,-1.1395675016358,0.948337606877933,0.982026578823408,0.952258454377341,"ENSG00000179388",1
"GO:1903131","mononuclear cell differentiation","2/122","137/3645",0.0145985401459854,0.436161301902597,-1.25169393744592,0.948899006355848,0.982026578823408,0.952258454377341,"ENSG00000104332/ENSG00000179388",2
"GO:0002366","leukocyte activation involved in immune response","1/122","87/3645",0.0114942528735632,0.343414358394573,-1.1533491862967,0.950108557133873,0.982026578823408,0.952258454377341,"ENSG00000168329",1
"GO:0045055","regulated exocytosis","1/122","87/3645",0.0114942528735632,0.343414358394573,-1.1533491862967,0.950108557133873,0.982026578823408,0.952258454377341,"ENSG00000149927",1
"GO:0002263","cell activation involved in immune response","1/122","88/3645",0.0113636363636364,0.339511922503726,-1.16701695014332,0.95181928114446,0.982026578823408,0.952258454377341,"ENSG00000168329",1
"GO:0043270","positive regulation of monoatomic ion transport","1/122","88/3645",0.0113636363636364,0.339511922503726,-1.16701695014332,0.95181928114446,0.982026578823408,0.952258454377341,"ENSG00000124205",1
"GO:0046907","intracellular transport","3/122","185/3645",0.0162162162162162,0.484492689410722,-1.33904576795614,0.952865367548288,0.982026578823408,0.952258454377341,"ENSG00000131095/ENSG00000141682/ENSG00000114757",3
"GO:0010564","regulation of cell cycle process","2/122","140/3645",0.0142857142857143,0.426814988290398,-1.28684906115742,0.953177373719603,0.982026578823408,0.952258454377341,"ENSG00000124205/ENSG00000104332",2
"GO:0022402","cell cycle process","4/122","228/3645",0.0175438596491228,0.524158757549612,-1.38076507284655,0.953592025631061,0.982026578823408,0.952258454377341,"ENSG00000124205/ENSG00000119147/ENSG00000104332/ENSG00000114547",4
"GO:0006366","transcription by RNA polymerase II","10/122","459/3645",0.0217864923747277,0.650916104146577,-1.48842189197555,0.954978828966772,0.982026578823408,0.952258454377341,"ENSG00000100146/ENSG00000143867/ENSG00000064309/ENSG00000082175/ENSG00000179388/ENSG00000120057/ENSG00000138696/ENSG00000133169/ENSG00000091831/ENSG00000159184",10
"GO:0060541","respiratory system development","1/122","90/3645",0.0111111111111111,0.331967213114754,-1.19402111843556,0.955068109677349,0.982026578823408,0.952258454377341,"ENSG00000082175",1
"GO:0007596","blood coagulation","1/122","91/3645",0.010989010989011,0.328319221761845,-1.20736249898055,0.956610076096298,0.982026578823408,0.952258454377341,"ENSG00000171819",1
"GO:0031401","positive regulation of protein modification process","1/122","91/3645",0.010989010989011,0.328319221761845,-1.20736249898055,0.956610076096298,0.982026578823408,0.952258454377341,"ENSG00000175920",1
"GO:0050817","coagulation","1/122","91/3645",0.010989010989011,0.328319221761845,-1.20736249898055,0.956610076096298,0.982026578823408,0.952258454377341,"ENSG00000171819",1
"GO:0019220","regulation of phosphate metabolic process","2/122","143/3645",0.013986013986014,0.417860827696893,-1.3214463929362,0.957114975965456,0.982026578823408,0.952258454377341,"ENSG00000175920/ENSG00000104332",2
"GO:0051174","regulation of phosphorus metabolic process","2/122","143/3645",0.013986013986014,0.417860827696893,-1.3214463929362,0.957114975965456,0.982026578823408,0.952258454377341,"ENSG00000175920/ENSG00000104332",2
"GO:0030097","hemopoiesis","4/122","232/3645",0.0172413793103448,0.51512153759186,-1.42010847756174,0.957869292553061,0.982026578823408,0.952258454377341,"ENSG00000069702/ENSG00000106278/ENSG00000104332/ENSG00000179388",4
"GO:0006066","alcohol metabolic process","1/122","92/3645",0.0108695652173913,0.324750534568781,-1.22059991919801,0.958099544502671,0.982026578823408,0.952258454377341,"ENSG00000081479",1
"GO:0019722","calcium-mediated signaling","1/122","92/3645",0.0108695652173913,0.324750534568781,-1.22059991919801,0.958099544502671,0.982026578823408,0.952258454377341,"ENSG00000168329",1
"GO:0032943","mononuclear cell proliferation","1/122","92/3645",0.0108695652173913,0.324750534568781,-1.22059991919801,0.958099544502671,0.982026578823408,0.952258454377341,"ENSG00000006128",1
"GO:0046651","lymphocyte proliferation","1/122","92/3645",0.0108695652173913,0.324750534568781,-1.22059991919801,0.958099544502671,0.982026578823408,0.952258454377341,"ENSG00000006128",1
"GO:0006325","chromatin organization","1/122","93/3645",0.010752688172043,0.321258593336859,-1.23373565995258,0.959538287978797,0.982457196131157,0.952676018403354,"ENSG00000091831",1
"GO:0090257","regulation of muscle system process","1/122","93/3645",0.010752688172043,0.321258593336859,-1.23373565995258,0.959538287978797,0.982457196131157,0.952676018403354,"ENSG00000124205",1
"GO:0007599","hemostasis","1/122","94/3645",0.0106382978723404,0.317840948726892,-1.24677192589626,0.960928020204751,0.982836771460744,0.953044087684234,"ENSG00000171819",1
"GO:1903039","positive regulation of leukocyte cell-cell adhesion","1/122","94/3645",0.0106382978723404,0.317840948726892,-1.24677192589626,0.960928020204751,0.982836771460744,0.953044087684234,"ENSG00000179388",1
"GO:0002429","immune response-activating cell surface receptor signaling pathway","1/122","96/3645",0.0104166666666667,0.311219262295082,-1.27255449100363,0.963567020393779,0.984400533967675,0.954560447933512,"ENSG00000134830",1
"GO:0006816","calcium ion transport","2/122","149/3645",0.0134228187919463,0.401034217185609,-1.3890638633146,0.964066940251289,0.984400533967675,0.954560447933512,"ENSG00000113739/ENSG00000108370",2
"GO:0030100","regulation of endocytosis","1/122","97/3645",0.0103092783505155,0.30801081629204,-1.28530484793259,0.964819436148065,0.984400533967675,0.954560447933512,"ENSG00000172232",1
"GO:1990778","protein localization to cell periphery","1/122","97/3645",0.0103092783505155,0.30801081629204,-1.28530484793259,0.964819436148065,0.984400533967675,0.954560447933512,"ENSG00000126562",1
"GO:0019725","cellular homeostasis","4/122","240/3645",0.0166666666666667,0.497950819672131,-1.49729061689225,0.965362022477386,0.984400533967675,0.954560447933512,"ENSG00000124205/ENSG00000113739/ENSG00000104044/ENSG00000126562",4
"GO:0010562","positive regulation of phosphorus metabolic process","1/122","98/3645",0.0102040816326531,0.304867848778856,-1.29796385146518,0.966029139865634,0.984400533967675,0.954560447933512,"ENSG00000175920",1
"GO:0045937","positive regulation of phosphate metabolic process","1/122","98/3645",0.0102040816326531,0.304867848778856,-1.29796385146518,0.966029139865634,0.984400533967675,0.954560447933512,"ENSG00000175920",1
"GO:0006897","endocytosis","3/122","199/3645",0.0150753768844221,0.450407776587857,-1.48361856270512,0.967457094429253,0.985335129437186,0.955466713055512,"ENSG00000135063/ENSG00000081479/ENSG00000172232",3
"GO:0000280","nuclear division","1/122","103/3645",0.00970873786407767,0.29006843864396,-1.35995204932926,0.9714858894657,0.988916243155322,0.958939272645771,"ENSG00000124205",1
"GO:0070661","leukocyte proliferation","1/122","104/3645",0.00961538461538462,0.287279319041614,-1.37210025496574,0.972468024272359,0.989393891783428,0.959402442333989,"ENSG00000006128",1
"GO:0051649","establishment of localization in cell","7/122","374/3645",0.018716577540107,0.559196107653195,-1.67437884271631,0.974079014336813,0.990510500082084,0.960485202938999,"ENSG00000131095/ENSG00000124205/ENSG00000141682/ENSG00000149927/ENSG00000117009/ENSG00000112981/ENSG00000114757",7
"GO:0002768","immune response-regulating cell surface receptor signaling pathway","1/122","108/3645",0.00925925925925926,0.276639344262295,-1.41991389496414,0.976072143360919,0.99144686609027,0.961393184929421,"ENSG00000134830",1
"GO:0007346","regulation of mitotic cell cycle","1/122","109/3645",0.00917431192660551,0.274101368626861,-1.43167973031215,0.97689747514208,0.99144686609027,0.961393184929421,"ENSG00000124205",1
"GO:0048285","organelle fission","1/122","109/3645",0.00917431192660551,0.274101368626861,-1.43167973031215,0.97689747514208,0.99144686609027,0.961393184929421,"ENSG00000124205",1
"GO:0002521","leukocyte differentiation","2/122","164/3645",0.0121951219512195,0.364354258296681,-1.54987913684561,0.97705572443629,0.99144686609027,0.961393184929421,"ENSG00000104332/ENSG00000179388",2
"GO:0046649","lymphocyte activation","3/122","215/3645",0.013953488372093,0.416889058330156,-1.63997088740111,0.978928756806484,0.992825221808468,0.962729758617035,"ENSG00000006128/ENSG00000104332/ENSG00000179388",3
"GO:0002443","leukocyte mediated immunity","2/122","168/3645",0.0119047619047619,0.355679156908665,-1.59098928201956,0.979672140642505,0.993057046400101,0.962954555920973,"ENSG00000168329/ENSG00000172232",2
"GO:0060627","regulation of vesicle-mediated transport","2/122","170/3645",0.0117647058823529,0.351494696239151,-1.61128871862035,0.980870405206104,0.993749480904714,0.963626000691755,"ENSG00000149927/ENSG00000172232",2
"GO:0070588","calcium ion transmembrane transport","1/122","116/3645",0.00862068965517241,0.25756076879593,-1.5120872648664,0.981935498371912,0.993850553859328,0.963724009826758,"ENSG00000108370",1
"GO:0051129","negative regulation of cellular component organization","2/122","172/3645",0.0116279069767442,0.347407548608464,-1.6314232813381,0.982000599095841,0.993850553859328,0.963724009826758,"ENSG00000131095/ENSG00000069702",2
"GO:0048878","chemical homeostasis","5/122","311/3645",0.0160771704180064,0.48033841125929,-1.78291562650122,0.982912588028003,0.99425190472261,0.964113194560627,"ENSG00000124205/ENSG00000113739/ENSG00000160867/ENSG00000104044/ENSG00000126562",5
"GO:0022409","positive regulation of cell-cell adhesion","1/122","120/3645",0.00833333333333333,0.248975409836066,-1.55660348069253,0.984307886996319,0.995036625314317,0.964874127954785,"ENSG00000179388",1
"GO:0006887","exocytosis","1/122","122/3645",0.00819672131147541,0.244893845740392,-1.57849925592335,0.985375444860669,0.995036625314317,0.964874127954785,"ENSG00000149927",1
"GO:0032102","negative regulation of response to external stimulus","1/122","124/3645",0.00806451612903226,0.240943945002644,-1.60016385767478,0.986370930115754,0.995036625314317,0.964874127954785,"ENSG00000134830",1
"GO:0048562","embryonic organ morphogenesis","1/122","124/3645",0.00806451612903226,0.240943945002644,-1.60016385767478,0.986370930115754,0.995036625314317,0.964874127954785,"ENSG00000143867",1
"GO:0050863","regulation of T cell activation","1/122","124/3645",0.00806451612903226,0.240943945002644,-1.60016385767478,0.986370930115754,0.995036625314317,0.964874127954785,"ENSG00000179388",1
"GO:0031589","cell-substrate adhesion","1/122","126/3645",0.00793650793650794,0.23711943793911,-1.62160459533155,0.987299170996165,0.995036625314317,0.964874127954785,"ENSG00000104332",1
"GO:1903037","regulation of leukocyte cell-cell adhesion","1/122","126/3645",0.00793650793650794,0.23711943793911,-1.62160459533155,0.987299170996165,0.995036625314317,0.964874127954785,"ENSG00000179388",1
"GO:0051640","organelle localization","1/122","131/3645",0.00763358778625954,0.228069077712426,-1.67427188919052,0.989354425400378,0.996355782093321,0.966153297197802,"ENSG00000214456",1
"GO:0007049","cell cycle","4/122","287/3645",0.0139372822299652,0.416404866624779,-1.91657157162413,0.989671164103007,0.996355782093321,0.966153297197802,"ENSG00000124205/ENSG00000119147/ENSG00000104332/ENSG00000114547",4
"GO:0098657","import into cell","4/122","289/3645",0.013840830449827,0.41352317204606,-1.93331037139591,0.99020976409128,0.996355782093321,0.966153297197802,"ENSG00000135063/ENSG00000131095/ENSG00000081479/ENSG00000172232",4
"GO:0002252","immune effector process","3/122","244/3645",0.0122950819672131,0.367340768610589,-1.90359354953366,0.990674126518917,0.996355782093321,0.966153297197802,"ENSG00000163220/ENSG00000168329/ENSG00000172232",3
"GO:0051726","regulation of cell cycle","2/122","199/3645",0.0100502512562814,0.300271851058572,-1.88890895175257,0.992191788048976,0.996908449411541,0.966689211538189,"ENSG00000124205/ENSG00000104332",2
"GO:0051301","cell division","1/122","140/3645",0.00714285714285714,0.213407494145199,-1.76596702110827,0.992257243582249,0.996908449411541,0.966689211538189,"ENSG00000114547",1
"GO:0015031","protein transport","3/122","254/3645",0.0118110236220472,0.35287853362592,-1.98953483579897,0.993011132665297,0.997146525201124,0.966920070547814,"ENSG00000131095/ENSG00000081479/ENSG00000114757",3
"GO:1903047","mitotic cell cycle process","1/122","147/3645",0.00680272108843537,0.203245232519237,-1.8347893622313,0.993959130273393,0.997579168729124,0.967339599373361,"ENSG00000124205",1
"GO:0042060","wound healing","1/122","157/3645",0.00636942675159236,0.190299676307821,-1.92973946586259,0.995766266411295,0.998209412392643,0.967950738491024,"ENSG00000171819",1
"GO:0016192","vesicle-mediated transport","5/122","374/3645",0.0133689839572193,0.399425791180854,-2.28126104643539,0.996634522818617,0.998209412392643,0.967950738491024,"ENSG00000135063/ENSG00000081479/ENSG00000149927/ENSG00000108018/ENSG00000172232",5
"GO:0042110","T cell activation","1/122","166/3645",0.00602409638554217,0.179982223977879,-2.01216168250178,0.996928153488976,0.998209412392643,0.967950738491024,"ENSG00000179388",1
"GO:0045184","establishment of protein localization","3/122","290/3645",0.0103448275862069,0.309072922555116,-2.28190588092489,0.997594307364066,0.998209412392643,0.967950738491024,"ENSG00000131095/ENSG00000081479/ENSG00000114757",3
"GO:0048568","embryonic organ development","1/122","173/3645",0.00578034682080925,0.17269970624467,-2.07447951077296,0.997607882501482,0.998209412392643,0.967950738491024,"ENSG00000143867",1
"GO:0000278","mitotic cell cycle","1/122","174/3645",0.00574712643678161,0.171707179197287,-2.08326248074414,0.997691937321418,0.998209412392643,0.967950738491024,"ENSG00000124205",1
"GO:0002250","adaptive immune response","1/122","255/3645",0.00392156862745098,0.117164898746384,-2.71996058845121,0.999877101599639,0.999877101599639,0.969567875115309,"ENSG00000168329",1
