"Ensembl_ID","Gene_Symbol","ENTREZID","logFC","t","adj.P.Val"
"ENSG00000135063","FAM189A2","9413",-0.599353895049504,-12.2138809184615,5.35480560292395e-28
"ENSG00000272927","RP11-1191J2.5",NA,-0.777239987011486,-12.034814999927,1.71995519718883e-27
"ENSG00000233237","LINC00472","79940",-0.679551158350651,-11.3883668023158,7.00034167327451e-25
"ENSG00000131095","GFAP","2670",-0.516778892862501,-11.3734952103861,7.00034167327451e-25
"ENSG00000279312","RP3-331H24.7",NA,-0.649834848326229,-11.3086652116146,1.06470959473815e-24
"ENSG00000142273","CBLC","23624",-0.329442126422029,-11.243914097346,1.68106321021237e-24
"ENSG00000143126","CELSR2","1952",-0.553685239535459,-11.2099554766517,2.0124676170415e-24
"ENSG00000148053","NTRK2","4915",-0.511175201286544,-11.1575892281639,2.94342766297132e-24
"ENSG00000108830","RND2","8153",-0.635946272265753,-11.0054477615647,1.15241723852941e-23
"ENSG00000196668","LINC00173","100287569",-0.803997032627219,-10.8430223048451,4.96738659882443e-23
"ENSG00000196611","MMP1","4312",0.502897004389792,10.6585046185141,2.62094339481442e-22
"ENSG00000140538","NTRK3","4916",-0.602853776017712,-10.6428275404571,2.78681186802847e-22
"ENSG00000016391","CHDH","55349",-0.39503443570545,-10.6199607363494,3.19307938426782e-22
"ENSG00000133665","DYDC2","84332",-0.596834540519532,-10.5998390977014,3.58505763024548e-22
"ENSG00000259495","RP11-210M15.2","101929560",-0.589928841817193,-10.5853355769635,3.73622147078382e-22
"ENSG00000227388","RP11-112J3.16",NA,-0.775960097266866,-10.5812885123077,3.73622147078382e-22
"ENSG00000269911","RP1-172N19.5",NA,-0.552208985300756,-10.5594502651804,4.31878089925887e-22
"ENSG00000053747","LAMA3","3909",-0.571716539202551,-10.4343451798809,1.31583349253082e-21
"ENSG00000154529","CNTNAP3B","728577",-0.667732669272945,-10.3461158972652,2.82946190053589e-21
"ENSG00000164128","NPY1R","4886",-0.895679175394994,-10.2196484515443,8.62381697590202e-21
"ENSG00000178965","ERICH3","127254",-0.781789994459796,-10.2044868798603,9.43815707509577e-21
"ENSG00000124205","EDN3","1908",-0.761584901913375,-10.1722760026705,1.20984181719572e-20
"ENSG00000100146","SOX10","6663",-0.762862061214279,-10.1300623110127,1.70123373079255e-20
"ENSG00000141682","PMAIP1","5366",-0.527387294564298,-10.0972861619017,2.19706488936848e-20
"ENSG00000144649","FAM198A","729085",-0.573339696383481,-10.0634681365086,2.86720110210492e-20
"ENSG00000143867","OSR1","130497",-0.58747270409371,-10.0463028492589,3.22089238203335e-20
"ENSG00000186715","MST1L","11223",-0.637593055777573,-10.0261666119304,3.72148449268648e-20
"ENSG00000119147","C2orf40","84417",-0.65291560285981,-9.99576577315472,4.72235685109786e-20
"ENSG00000278989","RP11-762L8.6",NA,-0.537824289931722,-9.859595097882,1.54731347313016e-19
"ENSG00000135424","ITGA7","3679",-0.443683868576409,-9.85249688598798,1.59353946007813e-19
"ENSG00000143127","ITGA10","8515",-0.475334246323743,-9.84628212834883,1.63002369646881e-19
"ENSG00000115919","KYNU","8942",0.624024759353508,9.81586924757283,2.07030301849472e-19
"ENSG00000144712","CAND2","23066",-0.579982252541292,-9.78388724798616,2.66724565790584e-19
"ENSG00000081479","LRP2","4036",-0.56849081076072,-9.72878579853196,4.17438215200351e-19
"ENSG00000177098","SCN4B","6330",-0.431554586801784,-9.72664200417399,4.17438215200351e-19
"ENSG00000143546","S100A8","6279",0.70254499311912,9.69309371643419,5.45594210170807e-19
"ENSG00000157303","SUSD3","203328",-0.827264501913915,-9.68244456532976,5.83030809699694e-19
"ENSG00000133256","PDE6B","5158",-0.661737570217523,-9.66679286651327,6.51472977144314e-19
"ENSG00000272505","RP11-981G7.6",NA,-0.596790660513015,-9.53286192788598,2.04699650980784e-18
"ENSG00000183833","MAATS1","89876",-0.531185924559287,-9.49743580598696,2.68582943929852e-18
"ENSG00000149927","DOC2A","8448",-0.562910750752579,-9.49581389687936,2.68582943929852e-18
"ENSG00000250305","KIAA1456","57604",-0.598253445633561,-9.45906652066248,3.56414760261659e-18
"ENSG00000223878","AC005517.3",NA,-0.55664469769622,-9.45761778869018,3.56414760261659e-18
"ENSG00000146038","DCDC2","51473",-0.583903409450902,-9.44558413255413,3.86461534414686e-18
"ENSG00000276842","RP11-713N11.6",NA,-0.627971822313504,-9.39907927250755,5.64088932382156e-18
"ENSG00000184911","DMRTC1B","728656",-0.595485623420462,-9.37296438601368,6.90583311988354e-18
"ENSG00000064309","CDON","50937",-0.506654470453263,-9.35960540556214,7.57922970983313e-18
"ENSG00000130045","NXNL2","158046",-0.649558743011381,-9.34046926363833,8.74273480699296e-18
"ENSG00000144152","FBLN7","129804",-0.42169782129457,-9.32189442602691,1.0038308650204e-17
"ENSG00000112183","RBM24","221662",-0.715673617643729,-9.28650762589832,1.33038298539702e-17
"ENSG00000251095","RP11-115D19.1","105377329",-0.771731592628872,-9.2807239558592,1.3701386955837e-17
"ENSG00000162426","SLC45A1","50651",-0.413303459796596,-9.24484872369396,1.82289691501592e-17
"ENSG00000162931","TRIM17","51127",-0.637239847233792,-9.2205434709881,2.19775559413648e-17
"ENSG00000113739","STC2","8614",-0.652909315006619,-9.21658321645693,2.22465138055633e-17
"ENSG00000136883","KIF12","113220",-0.370296377652095,-9.21473206331171,2.22465138055633e-17
"ENSG00000120251","GRIA2","2891",-0.763761534893298,-9.20907911608469,2.29199183882506e-17
"ENSG00000171848","RRM2","6241",0.310671031283392,9.19743907173339,2.48470783215321e-17
"ENSG00000182379","NXPH4","11247",0.486232398307837,9.17991700236159,2.79031076482441e-17
"ENSG00000100626","GALNT16","57452",-0.494308894317162,-9.17962121616009,2.79031076482441e-17
"ENSG00000196136","SERPINA3","12",-0.408015460141013,-9.17664064923883,2.81368818625614e-17
"ENSG00000069702","TGFBR3","7049",-0.690667643331989,-9.15788428701885,3.24166010634718e-17
"ENSG00000204837","RP11-204M4.2",NA,-0.568411689499092,-9.14025963616706,3.69939245596854e-17
"ENSG00000239704","CDRT4","284040",-0.570909015148864,-9.1282273559061,3.99154109009702e-17
"ENSG00000117009","KMO","8564",0.571494157448002,9.12744001260903,3.99154109009702e-17
"ENSG00000163220","S100A9","6280",0.669349685225944,9.09674735087014,5.0843925050057e-17
"ENSG00000154263","ABCA10","10349",-0.510545823655008,-9.07668618507624,5.92298949957547e-17
"ENSG00000206549","PRSS50",NA,-0.678836476609796,-9.07188195487491,6.07374870919929e-17
"ENSG00000172159","FRMD3","257019",-0.506284431784444,-9.06019462329333,6.59834231031599e-17
"ENSG00000143375","CGN","57530",-0.279987346510254,-9.0362758778171,7.93884116238228e-17
"ENSG00000204065","TCEAL5","340543",-0.560451260676446,-9.02355416825653,8.70015220011507e-17
"ENSG00000107014","RLN2","6019",-0.500745248204931,-9.00561595924814,9.95788008880272e-17
"ENSG00000103569","AQP9","366",0.594417485579405,9.00074602616687,1.02250907646498e-16
"ENSG00000197291","RAMP2-AS1","100190938",-0.56145803099959,-8.99711581850549,1.03937534153369e-16
"ENSG00000166924","NYAP1","222950",-0.49143777028561,-8.99540663173009,1.03998673594599e-16
"ENSG00000186847","KRT14","3861",-0.524645576250116,-8.9641807629369,1.32938381065687e-16
"ENSG00000172379","ARNT2","9915",-0.472986269200044,-8.91684141922446,1.93990450987362e-16
"ENSG00000154065","ANKRD29","147463",-0.480196018890332,-8.87346389086496,2.73610883424922e-16
"ENSG00000269113","TRABD2B","388630",-0.436996582220921,-8.85527597414348,3.13582352586514e-16
"ENSG00000118298","CA14","23632",-0.564404938079685,-8.85348214208617,3.14200288463135e-16
"ENSG00000129951","LPPR3","79948",-0.611871585771407,-8.8156845518969,4.22756565204852e-16
"ENSG00000273291","RP11-136C24.3",NA,-0.505190075835127,-8.80190348204241,4.67264799891931e-16
"ENSG00000095637","SORBS1","10580",-0.358723482223934,-8.79959056132146,4.70359386357815e-16
"ENSG00000170549","IRX1","79192",-0.398394388297854,-8.78476622142718,5.24387981692457e-16
"ENSG00000168329","CX3CR1","1524",-0.544917334214455,-8.76825297013258,5.92699172169264e-16
"ENSG00000264299","RP11-680F20.12",NA,-0.417259936054784,-8.75820489178111,6.35588958674862e-16
"ENSG00000261857","MIA","8190",-0.718374140808816,-8.75077659089278,6.67277395770838e-16
"ENSG00000082175","PGR","5241",-0.795721044921866,-8.72948944799213,7.83960795667698e-16
"ENSG00000214578","HMGN2P15",NA,-0.506151138448667,-8.72218070444349,8.22338072359732e-16
"ENSG00000134533","RERG","85004",-0.432840887855378,-8.71695690669691,8.48232535872176e-16
"ENSG00000275395","FCGBP","8857",-0.532082585797429,-8.69625214562495,9.91727795766184e-16
"ENSG00000279833","RP4-742C19.13",NA,-0.451664742059794,-8.69073470537555,1.02553667388101e-15
"ENSG00000138685","FGF2","2247",-0.477458619149653,-8.64415446209084,1.47649359157583e-15
"ENSG00000154678","PDE1C","5137",-0.391672786514789,-8.62999196679389,1.63667712624587e-15
"ENSG00000099960","SLC7A4","6545",-0.855795487427879,-8.59602570500341,2.12613461108969e-15
"ENSG00000177791","MYOZ1","58529",-0.428624254014757,-8.59363898349591,2.14432922765611e-15
"ENSG00000273650","CTD-3193K9.11",NA,-0.599926230179834,-8.53850930847542,3.29501748830417e-15
"ENSG00000166682","TMPRSS5","80975",-0.648229296750501,-8.51411475673092,3.95917053935989e-15
"ENSG00000147576","ADHFE1","137872",-0.434883556925347,-8.50677041684373,4.15408310531388e-15
"ENSG00000267530","AC006273.5",NA,-0.589107600768631,-8.5016095915048,4.28401862702163e-15
"ENSG00000185156","MFSD6L","162387",-0.485181328753847,-8.49426370173362,4.49559148733254e-15
"ENSG00000160867","FGFR4","2264",0.595728928029397,8.47117975123458,5.34384330548775e-15
"ENSG00000146151","HMGCLL1","54511",-0.546415605411117,-8.41720776234345,8.10030910271211e-15
"ENSG00000113396","SLC27A6","28965",-0.480407017873823,-8.40948387775913,8.52413204618424e-15
"ENSG00000189159","HN1","51155",0.384804862651783,8.39488546392953,9.46824916592168e-15
"ENSG00000179796","LRRC3B","116135",-0.537594216072832,-8.39044099829301,9.7110444558967e-15
"ENSG00000153822","KCNJ16","3773",-0.489380335691436,-8.38609956280879,9.95277078345352e-15
"ENSG00000182132","KCNIP1","30820",-0.39834743338112,-8.38322066539097,1.00849386478681e-14
"ENSG00000168004","HRASLS5","117245",-0.59082075600487,-8.37994534119524,1.02515033029222e-14
"ENSG00000273259","SERPINA3",NA,-0.338849119239789,-8.37029555864629,1.09553650048015e-14
"ENSG00000162444","RBP7","116362",-0.420266808377045,-8.36580661428606,1.1244179152853e-14
"ENSG00000196932","TMEM26","219623",-0.536568708013385,-8.34823380473094,1.27121949911764e-14
"ENSG00000117407","ARTN","9048",-0.580602119147283,-8.34781639867707,1.27121949911764e-14
"ENSG00000165730","STOX1","219736",-0.463720991945995,-8.33576795199389,1.38430555820901e-14
"ENSG00000099769","IGFALS","3483",-0.762495829709341,-8.33224544762013,1.41041125961579e-14
"ENSG00000115112","TFCP2L1","29842",-0.475014906413797,-8.32670372270521,1.45992029819785e-14
"ENSG00000168497","SDPR","8436",-0.517991874467475,-8.2905005924108,1.91857768332431e-14
"ENSG00000165821","SALL2","6297",-0.437322127806526,-8.28844496533519,1.93280873084196e-14
"ENSG00000167371","PRRT2","112476",-0.395928834999879,-8.28232734755091,2.00969523483644e-14
"ENSG00000142583","SLC2A5","6518",0.458492887282978,8.27974021930964,2.03324178042191e-14
"ENSG00000108018","SORCS1","114815",-0.716073889380863,-8.27574669966512,2.07977551301471e-14
"ENSG00000112981","NME5","8382",-0.504794095642594,-8.25860084473726,2.35585451210752e-14
"ENSG00000171631","P2RY6","5031",0.382000036190749,8.23968837190488,2.70485948467735e-14
"ENSG00000166091","CMTM5","116173",-0.624623135871015,-8.22006239983337,3.12206238362569e-14
"ENSG00000183346","C10orf107","219621",-0.473395808505495,-8.21892620707733,3.12415661905959e-14
"ENSG00000148204","CRB2","286204",-0.395257430673751,-8.21705091128977,3.1443314459451e-14
"ENSG00000135423","GLS2","27165",-0.450034195880965,-8.2138275297822,3.19722516965088e-14
"ENSG00000066382","MPPED2","744",-0.405128533014747,-8.21283022092298,3.19722516965088e-14
"ENSG00000101605","MYOM1","8736",-0.343876739196914,-8.20574165400501,3.35041830120519e-14
"ENSG00000270607","RP11-359E10.1",NA,-0.452928411598293,-8.20317219476385,3.39091968676044e-14
"ENSG00000175920","DOK7","285489",-0.691877805547644,-8.19457209497548,3.5952271486548e-14
"ENSG00000224397","LINC01272","100506115",0.440438581285733,8.18033778557119,3.98060845449043e-14
"ENSG00000066468","FGFR2","2263",-0.389162612834159,-8.17881961835471,3.99681811759312e-14
"ENSG00000101447","FAM83D","81610",0.373378118746454,8.17543966656785,4.07113951503601e-14
"ENSG00000114854","TNNC1","7134",-0.367920142228041,-8.17126100714781,4.17255631690846e-14
"ENSG00000171241","SHCBP1","79801",0.407049133594062,8.15554345074658,4.67252880747435e-14
"ENSG00000157152","SYN2","6854",-0.446338433873594,-8.15100201728078,4.80248122416447e-14
"ENSG00000146410","MTFR2","113115",0.407808922481655,8.14679742196264,4.92351521390873e-14
"ENSG00000127743","IL17B","27190",-0.562282535951329,-8.13937592838441,5.1736623484911e-14
"ENSG00000254815","RP11-496I9.1","692247",-0.518366260446204,-8.13298505302474,5.3938805038668e-14
"ENSG00000006128","TAC1","6863",-0.559588488253026,-8.1145397211399,6.16610077827595e-14
"ENSG00000106278","PTPRZ1","5803",-0.533624983272249,-8.08672119033914,7.56895002693025e-14
"ENSG00000231943","PGM5P4-AS1","103344932",-0.647512833065642,-8.07213090163585,8.39798189932423e-14
"ENSG00000100526","CDKN3","1033",0.344934587661161,8.05962371083177,9.17055341503131e-14
"ENSG00000012171","SEMA3B","7869",-0.594015180574654,-8.04599036039778,1.00993373472962e-13
"ENSG00000104332","SFRP1","6422",-0.580442413629661,-8.03143461609621,1.11990462487628e-13
"ENSG00000256124","LINC01152","102606463",-0.573072318896716,-8.01855174513221,1.22609901983986e-13
"ENSG00000119698","PPP4R4","57718",-0.745041691206639,-8.01117766376814,1.28755206669574e-13
"ENSG00000197977","ELOVL2","54898",-0.663016167941975,-8.00376331989073,1.35250129682215e-13
"ENSG00000105855","ITGB8","3696",-0.441796907058069,-8.00261684928898,1.35510085435396e-13
"ENSG00000166405","RIC3","79608",-0.586848800721047,-8.00105260738682,1.3620528913159e-13
"ENSG00000263155","MYZAP","100820829",-0.357199845656014,-7.99777437304697,1.38691911771229e-13
"ENSG00000185101","ANO9","338440",-0.264879730243333,-7.99565848160662,1.3999624286636e-13
"ENSG00000173947","PIFO","128344",-0.408533866454176,-7.98583770700901,1.49769204429507e-13
"ENSG00000079101","CLUL1","27098",-0.332484096664934,-7.98412045075298,1.50734372126527e-13
"ENSG00000117834","SLC5A9","200010",-0.410399026357811,-7.97220113667262,1.63823073348957e-13
"ENSG00000179639","FCER1A","2205",-0.447078727298634,-7.94630124452032,1.97239395901357e-13
"ENSG00000116661","FBXO2","26232",-0.460533377438426,-7.9457900794571,1.97239395901357e-13
"ENSG00000114757","PEX5L","51555",-0.559243711714965,-7.9330810743989,2.15587972530692e-13
"ENSG00000167701","GPT","2875",-0.58270168508429,-7.92100566984223,2.3450838609038e-13
"ENSG00000154556","SORBS2","8470",-0.393097144024727,-7.91475558379267,2.44198887256067e-13
"ENSG00000146215","CRIP3","401262",-0.567844430471082,-7.91350209913353,2.44967844777131e-13
"ENSG00000134376","CRB1","23418",-0.466270629544679,-7.91019176633303,2.4955671579004e-13
"ENSG00000221932","HEPN1","641654",-0.506789892981707,-7.90892499709162,2.50385478434388e-13
"ENSG00000100031","GGT1","2678",0.551296099158574,7.89974992151349,2.66515635763085e-13
"ENSG00000232044","LINC01105",NA,0.589344163181745,7.89641011774095,2.71588836067076e-13
"ENSG00000142675","CNKSR1","10256",-0.210018058302791,-7.84999127591581,3.8142231402918e-13
"ENSG00000164309","CMYA5","202333",-0.381664917447304,-7.82852023960665,4.44616398999927e-13
"ENSG00000108370","RGS9","8787",-0.539674281515934,-7.81401035801428,4.92106940766311e-13
"ENSG00000165995","CACNB2","783",-0.440153569385685,-7.8054710560014,5.21089708393333e-13
"ENSG00000255794","RMST","196475",-0.541245246786559,-7.79851707113191,5.41211177150708e-13
"ENSG00000242759","LINC00882",NA,-0.332289177557653,-7.79818093489672,5.41211177150708e-13
"ENSG00000094755","GABRP","2568",-0.587770877570038,-7.7979633497154,5.41211177150708e-13
"ENSG00000164879","CA3","761",-0.552662317936536,-7.77652127360104,6.27197777924268e-13
"ENSG00000173991","TCAP","8557",0.420095246583624,7.77641294320493,6.27197777924268e-13
"ENSG00000240038","AMY2B","280",-0.392332433007116,-7.77234252728783,6.42601141521886e-13
"ENSG00000223839","FAM95B1",NA,-0.544414784966332,-7.76775847882881,6.60890511761197e-13
"ENSG00000156298","TSPAN7","7102",-0.36100385385911,-7.75417810776446,7.26214616557869e-13
"ENSG00000145075","CCDC39",NA,-0.42741464253896,-7.75053916556408,7.41712687191716e-13
"ENSG00000120729","MYOT","9499",-0.544574787047248,-7.74633225475969,7.6072505045816e-13
"ENSG00000143768","LEFTY2","7044",-0.572366448425266,-7.73443191709097,8.25565330459878e-13
"ENSG00000273108","RP11-416N2.4",NA,-0.490565778491802,-7.69373519437467,1.10594753581749e-12
"ENSG00000172478","C2orf54","79919",0.473820356449374,7.66627003619829,1.34381675351875e-12
"ENSG00000165795","NDRG2","57447",-0.341573488537618,-7.64851670247744,1.52074675538173e-12
"ENSG00000277877","RP11-11N7.5",NA,-0.43494791511917,-7.6468420802339,1.5310027446895e-12
"ENSG00000161649","CD300LG","146894",-0.53707150781422,-7.62649058825953,1.76515262058167e-12
"ENSG00000121753","ADGRB2","576",-0.448976503959822,-7.62223587692906,1.81065764098574e-12
"ENSG00000013297","CLDN11","5010",-0.383945410220879,-7.61730914182674,1.86642654353391e-12
"ENSG00000090530","P3H2","55214",-0.300541883824946,-7.60131206726295,2.08437336487353e-12
"ENSG00000099194","SCD","6319",0.403271740223614,7.59909757821326,2.1068081603126e-12
"ENSG00000254706","RP11-565P22.6",NA,-0.397001076902402,-7.59709287023478,2.12015960886389e-12
"ENSG00000129244","ATP1B2","482",-0.262021999804538,-7.59676731346289,2.12015960886389e-12
"ENSG00000255085","AF186192.5",NA,-0.453504761738772,-7.58925720409446,2.22670910913967e-12
"ENSG00000079337","RAPGEF3","10411",-0.359137076709826,-7.57387349226519,2.47521157602757e-12
"ENSG00000141738","GRB7","2886",0.239525478810224,7.56917207519777,2.54731951874678e-12
"ENSG00000133392","MYH11","4629",-0.343021656321246,-7.551647468009,2.87456637281093e-12
"ENSG00000086570","FAT2","2196",-0.492835759687881,-7.55095627435769,2.87456637281093e-12
"ENSG00000197748","CFAP43","80217",-0.438122526006586,-7.5403429361333,3.08664505553644e-12
"ENSG00000186193","SAPCD2","89958",0.260352109363684,7.53929536228903,3.09424792467214e-12
"ENSG00000101057","MYBL2","4605",0.298786530698816,7.52610272609019,3.38003622766323e-12
"ENSG00000267199","RP11-861E21.2",NA,-0.43422319662839,-7.5255838273993,3.38003622766323e-12
"ENSG00000182836","PLCXD3","345557",-0.498904551130106,-7.52474086951445,3.38360905609888e-12
"ENSG00000130208","APOC1","341",0.25217751964126,7.50629832831737,3.84229890679105e-12
"ENSG00000215252","GOLGA8B","23015",-0.436428712164883,-7.50147893771167,3.95747213620685e-12
"ENSG00000164591","MYOZ3","91977",-0.494685268808511,-7.49944430847371,3.99578268976479e-12
"ENSG00000162367","TAL1","6886",-0.328514603086742,-7.4974910992509,4.0322003396247e-12
"ENSG00000188001","TPRG1","285386",-0.612166136203924,-7.4860911718215,4.35305776124591e-12
"ENSG00000223814","RP11-543D5.2",NA,-0.566966827852408,-7.48475921391183,4.37341253429862e-12
"ENSG00000149654","CDH22","64405",-0.487778916478028,-7.4734058942146,4.71952436957591e-12
"ENSG00000092850","TEKT2","27285",-0.469876074991719,-7.47235996064614,4.72916568496524e-12
"ENSG00000087586","AURKA","6790",0.37018225696975,7.47177703533795,4.72916568496524e-12
"ENSG00000231367","AC016995.3","101929596",-0.444499761990243,-7.4672466304081,4.86116892141268e-12
"ENSG00000182103","FAM181B","220382",-0.527852814459958,-7.46196308449575,5.02375204833555e-12
"ENSG00000215018","COL28A1","340267",-0.414728097470841,-7.45486042356781,5.25939902795293e-12
"ENSG00000228214","LINC00693",NA,-0.41925667379563,-7.4495528980032,5.43618246504725e-12
"ENSG00000164303","ENPP6","133121",-0.349161799609323,-7.43973650137226,5.80177575312568e-12
"ENSG00000171819","ANGPTL7","10218",-0.549327979752497,-7.43839245376526,5.83029474621475e-12
"ENSG00000120049","KCNIP2","30819",-0.445515563088406,-7.43321741930602,6.02057188730437e-12
"ENSG00000196090","PTPRT","11122",-0.556669470131802,-7.43229493317754,6.03231172783858e-12
"ENSG00000238098","ABCA17P",NA,-0.378192077517554,-7.4298272341925,6.1108173668837e-12
"ENSG00000121005","CRISPLD1","83690",-0.491326812852322,-7.41908356287344,6.56444332033212e-12
"ENSG00000134757","DSG3","1830",-0.500046874436223,-7.41826151559005,6.57290766866041e-12
"ENSG00000181778","TMEM252","169693",-0.487108051670999,-7.41468923040508,6.71096632585324e-12
"ENSG00000275367","RP11-266K4.14",NA,-0.350961263332671,-7.4126420542548,6.76797414450521e-12
"ENSG00000170579","DLGAP1","9229",-0.542765380365994,-7.4122278010051,6.76797414450521e-12
"ENSG00000171817","ZNF540","163255",-0.353451639722042,-7.40981546812641,6.85393279036298e-12
"ENSG00000018625","ATP1A2","477",-0.368382207973015,-7.403339098283,7.14352516027485e-12
"ENSG00000179388","EGR3","1960",-0.523901864007367,-7.39784490320601,7.39374675067802e-12
"ENSG00000125931","CITED1","4435",-0.447501446744417,-7.3957874250526,7.46913233550772e-12
"ENSG00000135298","ADGRB3","577",-0.358986142704836,-7.38301649173548,8.1382572152441e-12
"ENSG00000174326","SLC16A11","162515",-0.621610801713395,-7.3821568260735,8.15216869786422e-12
"ENSG00000159648","TEPP","374739",-0.548620161297312,-7.38063514092176,8.20447832435682e-12
"ENSG00000108700","CCL8","6355",0.347710271881182,7.37587579713929,8.42605062919037e-12
"ENSG00000120057","SFRP5","6425",-0.514844773565817,-7.37563372186674,8.42605062919037e-12
"ENSG00000144452","ABCA12","26154",0.472217516932012,7.37497130363036,8.42931242683419e-12
"ENSG00000056736","IL17RB","55540",-0.398945702009558,-7.37377644303114,8.44291278518632e-12
"ENSG00000216490","IFI30","10437",0.277336620835042,7.3735351573502,8.44291278518632e-12
"ENSG00000016602","CLCA4","22802",-0.442187769784702,-7.36585540170328,8.87468147478115e-12
"ENSG00000150893","FREM2","341640",-0.583402797160047,-7.36121180691617,9.13106784992116e-12
"ENSG00000055813","CCDC85A","114800",-0.386873078818969,-7.35893029278152,9.24003029007815e-12
"ENSG00000167676","PLIN4","729359",-0.531941663295007,-7.33724948393922,1.0683578593865e-11
"ENSG00000214456","PLIN5","440503",-0.562589363930006,-7.33708783507215,1.0683578593865e-11
"ENSG00000134762","DSC3","1825",-0.427715484700158,-7.32067861555716,1.19155458843746e-11
"ENSG00000102010","BMX","660",-0.40728460867111,-7.32034458323622,1.19155458843746e-11
"ENSG00000271259","RP11-1109F11.5",NA,-0.499415473137916,-7.31281763686747,1.25089047925015e-11
"ENSG00000224713","AC025165.8",NA,-0.321158021563505,-7.31019919536489,1.26882243351257e-11
"ENSG00000118729","CASQ2","845",-0.332148597786293,-7.30818219313602,1.28162255263939e-11
"ENSG00000123560","PLP1","5354",-0.330252714204274,-7.30654243467033,1.29115792462823e-11
"ENSG00000169248","CXCL11","6373",0.323009068957825,7.30501016067417,1.29980543596341e-11
"ENSG00000157404","KIT","3815",-0.455206755565878,-7.29873483796245,1.35263623941496e-11
"ENSG00000272622","RP11-395N3.2",NA,-0.503448988193475,-7.29605221611114,1.36742193905456e-11
"ENSG00000147255","IGSF1","3547",-0.590617205191127,-7.29603364245092,1.36742193905456e-11
"ENSG00000131044","TTLL9","164395",-0.477689076976572,-7.29027703561293,1.41786116417512e-11
"ENSG00000198932","GPRASP1","9737",-0.32255177714492,-7.28696641974765,1.44526838567391e-11
"ENSG00000091651","ORC6","23594",0.415508893613264,7.27932407840184,1.51839651509536e-11
"ENSG00000277050","RP11-102G14.1",NA,-0.356520226387857,-7.27695536038739,1.53762272755346e-11
"ENSG00000106714","CNTNAP3","79937",-0.521431869812713,-7.27213360570277,1.58394929408034e-11
"ENSG00000152092","ASTN1","460",-0.389527548846999,-7.27120444648004,1.58803084832995e-11
"ENSG00000241684","ADAMTS9-AS2","100507098",-0.352710799366762,-7.25990042814604,1.71137031640036e-11
"ENSG00000134760","DSG1","1828",-0.544664183654633,-7.25642637042096,1.74645275092982e-11
"ENSG00000155970","MICU3","286097",-0.364431800727085,-7.25347368689936,1.77581646158775e-11
"ENSG00000009724","MASP2","10747",-0.338333976336311,-7.24631154308543,1.85926921986392e-11
"ENSG00000187123","LYPD6","130574",-0.451726977373739,-7.24308500243361,1.88890094950298e-11
"ENSG00000187720","THSD4","79875",-0.471056692496002,-7.24293503458303,1.88890094950298e-11
"ENSG00000103710","RASL12","51285",-0.23083829679596,-7.23846321718523,1.94106446077003e-11
"ENSG00000175356","SCUBE2","57758",-0.70663038413612,-7.23480576067503,1.9834308781831e-11
"ENSG00000121871","SLITRK3","22865",-0.451164549094229,-7.22293474999937,2.14542503752566e-11
"ENSG00000137558","PI15","51050",-0.506419832565733,-7.22153122553973,2.15826652201224e-11
"ENSG00000171243","SOSTDC1","25928",-0.529586855561346,-7.21620936871056,2.23090804963188e-11
"ENSG00000196104","SPOCK3","50859",-0.473032021301319,-7.21142267291576,2.29745391731681e-11
"ENSG00000172201","ID4","3400",-0.3696797135206,-7.20339973412371,2.41948959319129e-11
"ENSG00000109738","GLRB","2743",-0.375701529503695,-7.19834460298602,2.49622829853935e-11
"ENSG00000203685","C1orf95","375057",-0.502498375697029,-7.19664357484701,2.51643646580443e-11
"ENSG00000126895","AVPR2","554",-0.42380179196738,-7.17540043807072,2.90277196991259e-11
"ENSG00000111404","RERGL","79785",-0.489875426849141,-7.17229731982252,2.95464367603005e-11
"ENSG00000105695","MAG","4099",-0.459045522555648,-7.16921570586692,3.00701370428013e-11
"ENSG00000198774","RASSF9","9182",-0.323873207079734,-7.16729675358355,3.03594564081857e-11
"ENSG00000244161","FLNB-AS1","105377105",-0.403259043609469,-7.16427995381478,3.08842217600301e-11
"ENSG00000104951","IL4I1","259307",0.342978825895123,7.15980656948299,3.17344466621992e-11
"ENSG00000171462","DLK2","65989",-0.331667860333419,-7.15861663005263,3.18804144905802e-11
"ENSG00000268204","CTD-3214H19.6",NA,-0.319782097927322,-7.15544073842514,3.24097199090182e-11
"ENSG00000184925","LCN12","286256",-0.417563112920148,-7.15497628655029,3.24097199090182e-11
"ENSG00000177990","DPY19L2","283417",-0.340825821221294,-7.15466411030101,3.24097199090182e-11
"ENSG00000154451","GBP5","115362",0.468475219291347,7.15090539401144,3.31398575547656e-11
"ENSG00000133067","LGR6","59352",-0.534039165658491,-7.14458844003057,3.43775763654584e-11
"ENSG00000135451","TROAP","10024",0.275198441910115,7.14453807024073,3.43775763654584e-11
"ENSG00000168993","CPLX1","10815",-0.377646014974366,-7.14308583439198,3.46004424913578e-11
"ENSG00000240240","RP11-146D12.2",NA,-0.58927939675779,-7.14162398102593,3.48274168772235e-11
"ENSG00000242686","RP11-1191J2.2",NA,-0.544863071068602,-7.1272878271722,3.82898749570972e-11
"ENSG00000004799","PDK4","5166",-0.363995825604437,-7.12491538287008,3.87822880813913e-11
"ENSG00000163207","IVL","3713",0.474330675169573,7.12390302822066,3.89173320938626e-11
"ENSG00000184908","CLCNKB","1188",-0.40505085080898,-7.12158136744223,3.94047997344291e-11
"ENSG00000176692","FOXC2","2303",-0.364210003496583,-7.11810878388264,4.02140511297474e-11
"ENSG00000170962","PDGFD","80310",-0.320862360142363,-7.11581998576392,4.07091221042573e-11
"ENSG00000163362","C1orf106","55765",0.405924493675841,7.11032429244626,4.21239340821265e-11
"ENSG00000214447","FAM187A","100528020",-0.372489677030154,-7.08938595118498,4.84309085084107e-11
"ENSG00000181234","TMEM132C","92293",-0.509017161144175,-7.08651438010776,4.92213014368767e-11
"ENSG00000094804","CDC6","990",0.370035205082355,7.08213387685285,5.0541658527237e-11
"ENSG00000168389","MFSD2A","84879",0.380361825663916,7.0799304497932,5.11336327156538e-11
"ENSG00000276409","CCL14","6358",-0.378962078386515,-7.074679364113,5.28172343253014e-11
"ENSG00000167711","SERPINF2","5345",-0.330819351460028,-7.0737531514802,5.29739993139773e-11
"ENSG00000140488","CELF6","60677",-0.420884027665029,-7.06969883971699,5.42744404945677e-11
"ENSG00000064300","NGFR","4804",-0.466877711680427,-7.06657014642381,5.52578712325837e-11
"ENSG00000166428","PLD4","122618",-0.36493189175082,-7.05924300135386,5.78006633141198e-11
"ENSG00000175161","CADM2","253559",-0.401184546932979,-7.05897811231937,5.78006633141198e-11
"ENSG00000136457","CHAD","1101",-0.737879337527402,-7.05143312829973,6.06390947602639e-11
"ENSG00000068489","PRR11","55771",0.364806510188503,7.0441102116497,6.35189237240021e-11
"ENSG00000053438","NNAT","4826",-0.369073879076222,-7.03803152126114,6.5974851163137e-11
"ENSG00000225950","NTF4","4909",-0.374990170599113,-7.03066705462582,6.91234309724712e-11
"ENSG00000150627","WDR17","116966",-0.520425891146971,-7.02682635019797,7.07140208758318e-11
"ENSG00000272279","RP11-157J24.2","102723944",-0.527428776648157,-7.02394445891284,7.1873514045111e-11
"ENSG00000171385","KCND3","3752",-0.527021315988299,-7.02293861158349,7.21314253920399e-11
"ENSG00000163661","PTX3","5806",-0.484249915017254,-7.02159353328661,7.25571893137317e-11
"ENSG00000163879","DNALI1","7802",-0.570885783958108,-7.01620438104077,7.50085488859507e-11
"ENSG00000136160","EDNRB","1910",-0.279865963555655,-7.01545758247168,7.51479073668998e-11
"ENSG00000187474","FPR3","2359",0.289870983947657,6.99664162760416,8.50520355096166e-11
"ENSG00000153291","SLC25A27","9481",-0.343688680412809,-6.99268954154738,8.70713989674152e-11
"ENSG00000225670","CADM3-AS1",NA,-0.476720311078081,-6.98692363655694,9.02338609545802e-11
"ENSG00000240583","AQP1","358",-0.291870443547588,-6.97760278165134,9.57726668595824e-11
"ENSG00000214140","PRCD","768206",-0.381903673249791,-6.972750374039,9.86385646052842e-11
"ENSG00000151364","KCTD14","65987",-0.455010205908318,-6.97119089965237,9.91812524146709e-11
"ENSG00000277494","GPIHBP1","338328",-0.339140477452689,-6.97071502152445,9.91812524146709e-11
"ENSG00000277531","LLNLF-187D8.1","110806277",-0.462426182967641,-6.97054114202559,9.91812524146709e-11
"ENSG00000148488","ST8SIA6","338596",-0.507726870883502,-6.96372041247866,1.03509315654184e-10
"ENSG00000073282","TP63","8626",-0.375885361593001,-6.96286983027129,1.0378079324324e-10
"ENSG00000134830","C5AR2","27202",-0.560747900728107,-6.96085256443188,1.04871946542073e-10
"ENSG00000272141","RP11-465B22.8",NA,-0.174992389259811,-6.95338429419457,1.09921788613061e-10
"ENSG00000170629","DPY19L2P2",NA,-0.504903555425962,-6.94506267487444,1.15871082411287e-10
"ENSG00000138696","BMPR1B","658",-0.642175291722607,-6.94241092506497,1.17587760871011e-10
"ENSG00000101049","SGK2","10110",-0.444874551013384,-6.93961672149083,1.19444140058743e-10
"ENSG00000267532","MIR497HG","100506713",-0.312212803334927,-6.93165328650566,1.2559923087027e-10
"ENSG00000065618","COL17A1","1308",-0.405823939696853,-6.92414905165802,1.3166125417588e-10
"ENSG00000132554","RGS22","26166",-0.486798395238231,-6.91546283578245,1.3910384119905e-10
"ENSG00000198535","C2CD4A","145741",0.559086708405887,6.91321373738777,1.40783340419237e-10
"ENSG00000075826","SEC31B","25956",-0.364280431884645,-6.90855226246384,1.44794831223146e-10
"ENSG00000211896","IGHG1","3500",0.42521005086144,6.90423861848385,1.48574461677485e-10
"ENSG00000159433","STARD9","57519",-0.286858150368019,-6.90220675721388,1.50151717994289e-10
"ENSG00000112530","PACRG","135138",-0.320685981809082,-6.89437830518739,1.5771861321181e-10
"ENSG00000272511","RP11-180N14.1",NA,-0.380254623249781,-6.88865631342994,1.63355112021109e-10
"ENSG00000267710","AC006116.20","100506374",-0.443649383161816,-6.88514852624045,1.66717599283613e-10
"ENSG00000184454","NCMAP","400746",-0.405677335597731,-6.86355875997022,1.91850906717239e-10
"ENSG00000220563","PKMP3","100419758",-0.309416627406715,-6.85763004860007,1.98955813106574e-10
"ENSG00000160183","TMPRSS3","64699",-0.388420451168303,-6.85652345902969,1.99785696453962e-10
"ENSG00000108244","KRT23","25984",-0.354860404755769,-6.85611922879317,1.99785696453962e-10
"ENSG00000272668","RP11-190A12.8","107985216",-0.401869221231296,-6.85122139631909,2.05772969056728e-10
"ENSG00000104044","OCA2","4948",-0.575917138826783,-6.84782069082202,2.09847830556652e-10
"ENSG00000232224","LINC00202-1",NA,-0.53729055675414,-6.841379570926,2.18350357239133e-10
"ENSG00000152953","STK32B","55351",-0.573469034016558,-6.82947712753677,2.35536948201502e-10
"ENSG00000151790","TDO2","6999",0.235515481402078,6.82769738530905,2.37221308725419e-10
"ENSG00000232079","AL035610.1","284825",-0.473287205184074,-6.82698681780976,2.37221308725419e-10
"ENSG00000172575","RASGRP1","10125",-0.479661098863758,-6.8269292480529,2.37221308725419e-10
"ENSG00000172771","EFCAB12","90288",-0.495365472062872,-6.82614237858368,2.37221308725419e-10
"ENSG00000136099","PCDH8","5100",-0.510459887771062,-6.82589089689234,2.37221308725419e-10
"ENSG00000145777","TSLP","85480",-0.558192929375758,-6.82580094690312,2.37221308725419e-10
"ENSG00000139910","NOVA1","4857",-0.459344431840865,-6.81901854099335,2.47376280286108e-10
"ENSG00000183317","EPHA10","284656",-0.272086931418255,-6.81449878289102,2.54140433946793e-10
"ENSG00000146070","PLA2G7","7941",0.295978970990657,6.80083091779197,2.77294168757476e-10
"ENSG00000261786","RP4-555D20.2",NA,-0.433102707656784,-6.79483473174156,2.87640310133253e-10
"ENSG00000203727","SAMD5","389432",-0.350881311345615,-6.79421466824281,2.88008509964256e-10
"ENSG00000275385","CCL18","6362",0.344179112992435,6.78946049640462,2.96321549647179e-10
"ENSG00000147689","FAM83A","84985",0.372050634790504,6.78687429429507,3.00561461714553e-10
"ENSG00000204421","LY6G6C","80740",-0.461229658251133,-6.7791609875585,3.15296671023277e-10
"ENSG00000160678","S100A1","6271",-0.435426864471561,-6.77654312133131,3.19872375348009e-10
"ENSG00000005102","MEOX1","4222",-0.35978496756781,-6.77562244335107,3.20923302401268e-10
"ENSG00000261616","RP11-6O2.3","128193289",-0.408854233808428,-6.77519944698115,3.20930731606879e-10
"ENSG00000187288","CIDEC","63924",-0.522388360916543,-6.76851180819143,3.33774181527217e-10
"ENSG00000069535","MAOB","4129",-0.449000146812046,-6.76837777327061,3.33774181527217e-10
"ENSG00000165478","HEPACAM","220296",-0.438024846364185,-6.76556208026974,3.39061968827525e-10
"ENSG00000132563","REEP2","51308",-0.345915484333097,-6.76069828379175,3.4908344728119e-10
"ENSG00000175063","UBE2C","11065",0.233076569732666,6.76005556650009,3.49605185284571e-10
"ENSG00000236155","RP11-231P20.2",NA,-0.525836384137955,-6.75633572975696,3.5725191563661e-10
"ENSG00000260230","FRRS1L","23732",-0.409605917952003,-6.75582558237553,3.57480098807688e-10
"ENSG00000182272","B4GALNT4","338707",-0.220051730359993,-6.75237000915383,3.64668906862188e-10
"ENSG00000023839","ABCC2","1244",0.439351890083957,6.74868344658504,3.72563358571786e-10
"ENSG00000279392","AL158801.1",NA,0.204705335294463,6.74721233206429,3.7515691219162e-10
"ENSG00000167641","PPP1R14A","94274",-0.297912851722842,-6.74340727335605,3.83574627110454e-10
"ENSG00000101443","WFDC2","10406",-0.41205085064565,-6.740335959772,3.90305004252527e-10
"ENSG00000167165","UGT1A6","54578",0.430495596678504,6.73790682995037,3.95491974329196e-10
"ENSG00000227733","RP4-565E6.1","101927468",-0.392390411759689,-6.73536407462092,4.01045969021063e-10
"ENSG00000154080","CHST9","83539",-0.440454909956817,-6.73371388029896,4.04317595685754e-10
"ENSG00000112936","C7","730",-0.468016717952795,-6.73273633143739,4.0583333653878e-10
"ENSG00000174788","PCP2","126006",-0.337143967375173,-6.73172444986245,4.07448484180585e-10
"ENSG00000231995","RP11-111F5.2","643630",-0.525598601679054,-6.72544827200157,4.23354962563994e-10
"ENSG00000241158","ADAMTS9-AS1","101929335",-0.315515938391558,-6.71789326306706,4.43548987515191e-10
"ENSG00000145692","BHMT","635",-0.399614827108826,-6.70677889978799,4.75568488912597e-10
"ENSG00000154493","C10orf90","118611",-0.428899288433685,-6.69872837583044,4.99437304924195e-10
"ENSG00000100505","TRIM9","114088",-0.349979740271415,-6.69844301040752,4.99437304924195e-10
"ENSG00000118307","CASC1","55259",-0.387508298316329,-6.69767502707687,5.00637426803262e-10
"ENSG00000152076","CCDC74B","91409",-0.455928876640047,-6.68153402788231,5.54468368517588e-10
"ENSG00000269936","RP11-394O4.5",NA,-0.236002202626663,-6.67724717887982,5.68617805090816e-10
"ENSG00000121440","PDZRN3","23024",-0.23929782007257,-6.67491832119911,5.753150713859e-10
"ENSG00000163141","BNIPL","149428",-0.363151238971174,-6.67464707753721,5.753150713859e-10
"ENSG00000279561","RP11-4L24.4","100132249",-0.33603228801563,-6.67055817898873,5.89238341671782e-10
"ENSG00000163884","KLF15","28999",-0.307904053141635,-6.66987920611049,5.90326979969077e-10
"ENSG00000120262","CCDC170","80129",-0.511013994198111,-6.66790028768895,5.96416106015629e-10
"ENSG00000280721","AC133644.2","101928173",0.233169330468865,6.66418597720095,6.09370185293427e-10
"ENSG00000164850","GPER1","2852",-0.488920705941254,-6.66106467672413,6.20220794451046e-10
"ENSG00000169245","CXCL10","3627",0.279757184927674,6.6499910532744,6.64526516827162e-10
"ENSG00000158815","FGF17","8822",-0.453405798889581,-6.64954720149007,6.6475837997623e-10
"ENSG00000211897","IGHG3","3502",0.364525395772601,6.64732604706921,6.72664628727271e-10
"ENSG00000148926","ADM","133",0.393781077576096,6.64482683948357,6.81888197719721e-10
"ENSG00000168477","TNXB","7148",-0.367905023475582,-6.64441473383724,6.81998019360408e-10
"ENSG00000171811","CFAP46","54777",-0.589299926206617,-6.63988955583125,7.00442603825639e-10
"ENSG00000203709","C1orf132",NA,-0.539370569504362,-6.63488488149806,7.21603609978906e-10
"ENSG00000171346","KRT15","3866",-0.306425626621018,-6.63161552293995,7.35133961002215e-10
"ENSG00000257335","MGAM","8972",-0.513866698934299,-6.62873449518057,7.47046436042688e-10
"ENSG00000172232","AZU1","566",-0.525679871044369,-6.62263267714314,7.73336707900085e-10
"ENSG00000115884","SDC1","6382",0.198028220951149,6.62259297134045,7.73336707900085e-10
"ENSG00000111341","MGP","4256",-0.368558925729809,-6.62184728048202,7.75149589857608e-10
"ENSG00000139970","RTN1","6252",-0.3598007937031,-6.62044219305218,7.80272168965899e-10
"ENSG00000189057","FAM111B","374393",0.222515742626892,6.61803066704964,7.9052961229926e-10
"ENSG00000138400","MDH1B","130752",-0.333528138929016,-6.61615478746733,7.98170843688168e-10
"ENSG00000155511","GRIA1","2890",-0.470797472994976,-6.61564262721057,7.98858224234955e-10
"ENSG00000226306","NPY6R",NA,-0.469853831630743,-6.6126910817734,8.12178832917023e-10
"ENSG00000196208","GREB1","9687",-0.471516076446785,-6.60811284268122,8.34388636717715e-10
"ENSG00000168309","FAM107A","11170",-0.305183263523354,-6.60546642519301,8.46636582418828e-10
"ENSG00000164099","PRSS12","8492",-0.429317713210825,-6.60192080388184,8.64033505814096e-10
"ENSG00000183092","BEGAIN","57596",-0.359438442491635,-6.59818949422862,8.82834069596462e-10
"ENSG00000116031","CD207","50489",-0.363807999174708,-6.59517797225274,8.97887406944026e-10
"ENSG00000279700","RP13-554M15.2",NA,-0.389581137102629,-6.59407904518394,9.0207437829067e-10
"ENSG00000169760","NLGN1","22871",-0.441578145611539,-6.58687268636318,9.4243372728249e-10
"ENSG00000091704","CPA1","1357",-0.399457257181754,-6.57093209130699,1.04108965272471e-09
"ENSG00000129810","SGOL1","151648",0.23239637874325,6.56930124777844,1.04949829620968e-09
"ENSG00000009765","IYD","389434",0.449887080405874,6.56620429211766,1.06792836498975e-09
"ENSG00000126562","WNK4","65266",-0.565076662266344,-6.54743390246482,1.20086726291006e-09
"ENSG00000266964","FXYD1","5348",-0.347915516856407,-6.54259091945382,1.23555526810517e-09
"ENSG00000189431","RASSF10","644943",-0.422472236502146,-6.54064164267556,1.24754742690357e-09
"ENSG00000167178","ISLR2","57611",-0.285489939775968,-6.54033521373543,1.24754742690357e-09
"ENSG00000267385","CTB-50L17.14",NA,-0.523318452997907,-6.53951762626392,1.25112351189638e-09
"ENSG00000174599","TRAM1L1","133022",-0.231405700909189,-6.53757123287557,1.26375712794761e-09
"ENSG00000164742","ADCY1","107",-0.52765442015849,-6.53618636190683,1.2719714186808e-09
"ENSG00000006118","TMEM132A","54972",0.276660141597564,6.5233728975255,1.37665511967278e-09
"ENSG00000138755","CXCL9","4283",0.340003642944881,6.51668121770485,1.43304390081557e-09
"ENSG00000280435","RP4-555D20.1",NA,-0.431033076220171,-6.51529431680301,1.44236542599248e-09
"ENSG00000185739","SRL","6345",-0.264240016308561,-6.51318665886182,1.45840208803185e-09
"ENSG00000154330","PGM5","5239",-0.304462699196259,-6.5121071045642,1.46504129451238e-09
"ENSG00000261373","VPS9D1-AS1","100128881",-0.525221984061189,-6.50867495557357,1.4938219893021e-09
"ENSG00000144218","AFF3","3899",-0.589554908612747,-6.50446621547339,1.53067027667323e-09
"ENSG00000142910","TINAGL1","64129",-0.29344527012576,-6.47447399299949,1.84589558566719e-09
"ENSG00000134917","ADAMTS8","11095",-0.388672580916353,-6.47359370365172,1.85194401291758e-09
"ENSG00000133019","CHRM3","1131",-0.429374291653737,-6.47015952983565,1.88817947004675e-09
"ENSG00000151322","NPAS3","64067",-0.278124329566874,-6.46579508628227,1.9364309749781e-09
"ENSG00000260729","RP11-106M3.2",NA,-0.45480973749698,-6.46461518395553,1.94646374440819e-09
"ENSG00000142623","PADI1","29943",0.371035185306971,6.46089091892574,1.98815562675164e-09
"ENSG00000165125","TRPV6","55503",0.437088687944893,6.45956031151044,2.0003638228772e-09
"ENSG00000166828","SCNN1G","6340",-0.351260466860514,-6.45030770222885,2.11548797675018e-09
"ENSG00000118777","ABCG2","9429",-0.343107206441035,-6.44987906325783,2.11644028865417e-09
"ENSG00000204681","GABBR1","2550",-0.276382243081595,-6.44876355726595,2.12656514079342e-09
"ENSG00000102934","PLLP","51090",-0.298977159766758,-6.44683715147916,2.14766343685882e-09
"ENSG00000180061","TMEM150B","284417",0.292135088588976,6.44480444934811,2.17042399102391e-09
"ENSG00000112280","COL9A1","1297",-0.519692707012272,-6.43506152895511,2.30220083146474e-09
"ENSG00000183960","KCNH8","131096",-0.48826598239184,-6.42969510675984,2.37185242239929e-09
"ENSG00000152154","TMEM178A","130733",-0.279841258195717,-6.42943281004121,2.37185242239929e-09
"ENSG00000115163","CENPA","1058",0.230306526318354,6.42924959961488,2.37185242239929e-09
"ENSG00000115041","KCNIP3","30818",-0.25930558054187,-6.4267557323896,2.40391361694437e-09
"ENSG00000163071","SPATA18","132671",-0.359325431030008,-6.42588926173406,2.41169010681996e-09
"ENSG00000162595","DIRAS3","9077",-0.398078503049034,-6.41827750145753,2.52390173938879e-09
"ENSG00000170099","SERPINA6","866",-0.643020844242102,-6.40292164834831,2.7722049737848e-09
"ENSG00000138435","CHRNA1","1134",0.259070425633244,6.40086653253228,2.80188890487539e-09
"ENSG00000177359","OVOS2","144203",-0.542947639773851,-6.39633274838789,2.87575064486213e-09
"ENSG00000166292","TMEM100","55273",-0.342785066868364,-6.39600091026814,2.87575064486213e-09
"ENSG00000105707","HPN","3249",-0.332308677821277,-6.39126602954882,2.95554782211276e-09
"ENSG00000171954","CYP4F22","126410",-0.440702887212031,-6.37872156915023,3.1820933057493e-09
"ENSG00000164106","SCRG1","11341",-0.391234401874071,-6.37872024410631,3.1820933057493e-09
"ENSG00000162747","FCGR3B","2215",0.370509973900643,6.37819755298293,3.18558594067541e-09
"ENSG00000058085","LAMC2","3918",-0.295975062878167,-6.37692485802267,3.20402149665466e-09
"ENSG00000051180","RAD51","5888",0.27093128239325,6.37022658260314,3.3272968955339e-09
"ENSG00000146005","PSD2","84249",-0.309473954316411,-6.37016761443701,3.3272968955339e-09
"ENSG00000163395","IGFN1","91156",-0.388013045813636,-6.36721726607402,3.38166083180479e-09
"ENSG00000078018","MAP2","4133",-0.291486195679353,-6.36467919089484,3.42810898795633e-09
"ENSG00000171049","FPR2","2358",0.429186970859392,6.36324760314628,3.45138297255876e-09
"ENSG00000049283","EPN3","55040",0.177364417979552,6.3627312178199,3.45512314957578e-09
"ENSG00000154864","PIEZO2","63895",-0.403962362894708,-6.34289012760954,3.89949327018265e-09
"ENSG00000136014","USP44","84101",-0.396882739505983,-6.33814465242596,4.00733147697431e-09
"ENSG00000184113","CLDN5","7122",-0.30610819019682,-6.33586757789644,4.0520471697504e-09
"ENSG00000157456","CCNB2","9133",0.246118888245132,6.33567086229236,4.0520471697504e-09
"ENSG00000187715","KBTBD12","166348",-0.500319600045562,-6.33428374359547,4.07840119447289e-09
"ENSG00000160097","FNDC5","252995",-0.282176319120613,-6.32589691045383,4.28655725545423e-09
"ENSG00000230415","RP5-902P8.10",NA,-0.502488480729404,-6.32024217180169,4.42970952069902e-09
"ENSG00000107954","NEURL1","9148",-0.544850758975429,-6.31317357193973,4.61765810171132e-09
"ENSG00000145386","CCNA2","890",0.326520362243219,6.31095348886388,4.67159646882927e-09
"ENSG00000112796","ENPP5","59084",-0.349481873175632,-6.29179906996003,5.24584440670488e-09
"ENSG00000090382","LYZ","4069",0.312866649045279,6.2913284870451,5.25014074498862e-09
"ENSG00000189129","PLAC9","219348",-0.3380766049042,-6.28831013331003,5.33746002357502e-09
"ENSG00000255686","RP11-227B21.2",NA,-0.386704880281542,-6.28766306549158,5.34767079297843e-09
"ENSG00000046889","PREX2","80243",-0.270885188898647,-6.28707776676953,5.35329134813624e-09
"ENSG00000154099","DNAAF1","123872",-0.434574211789673,-6.286821646476,5.35329134813624e-09
"ENSG00000165072","MAMDC2","256691",-0.308415298380142,-6.28635856087703,5.35753245026882e-09
"ENSG00000181458","TMEM45A","55076",0.308204806966183,6.28497966682271,5.39207192106232e-09
"ENSG00000164949","GEM","2669",-0.274475799582219,-6.2846160554632,5.39308650160883e-09
"ENSG00000034239","EFCAB1","79645",-0.396851106298593,-6.28354959418672,5.41747675920051e-09
"ENSG00000277351","RP11-325L12.6",NA,-0.441409115704349,-6.28095586290911,5.49330611777026e-09
"ENSG00000131015","ULBP2","80328",0.325938001237283,6.27432172904638,5.71010550098124e-09
"ENSG00000167900","TK1","7083",0.255448289491727,6.2737618072039,5.71814214100888e-09
"ENSG00000170382","LRRN2","10446",-0.360471405436658,-6.2709145801716,5.80715244892445e-09
"ENSG00000114547","ROPN1B","152015",-0.520353295549763,-6.26936388928689,5.85081761007977e-09
"ENSG00000272573","MUSTN1","389125",-0.484758649562904,-6.26883511749505,5.85799117515026e-09
"ENSG00000100095","SEZ6L","23544",-0.452127417550719,-6.26758680114019,5.89113624703524e-09
"ENSG00000233251","AC007743.1","100129434",-0.404245946423579,-6.26638664383685,5.92273580333119e-09
"ENSG00000233041","PHGR1","644844",-0.521683823279288,-6.25513283236599,6.33280956013888e-09
"ENSG00000168679","SLC16A4","9122",-0.354024573293301,-6.25187549995811,6.44741629764683e-09
"ENSG00000174171","RP11-23P13.6","105370792",-0.40035265327596,-6.24853491399126,6.5674078376621e-09
"ENSG00000215915","ATAD3C","219293",-0.482495001294705,-6.24485589299915,6.70345143978474e-09
"ENSG00000182253","SYNM","23336",-0.352545826957888,-6.2383356602074,6.96206244855471e-09
"ENSG00000169282","KCNAB1","7881",-0.277727633666077,-6.23711913703968,7.00006543898366e-09
"ENSG00000186231","KLHL32","114792",-0.340098059254115,-6.23541670902085,7.0578303537436e-09
"ENSG00000198074","AKR1B10","57016",0.34768558180089,6.23512463244551,7.0578303537436e-09
"ENSG00000093009","CDC45","8318",0.251202330153404,6.22408235909762,7.53476217696143e-09
"ENSG00000071991","CDH19","28513",-0.491070030255177,-6.22142718827447,7.64261178179886e-09
"ENSG00000121152","NCAPH","23397",0.245492893168717,6.2103192857204,8.16133509883773e-09
"ENSG00000246022","ALDH1L1-AS2","100862662",-0.410823765471904,-6.20498038493986,8.41415880516537e-09
"ENSG00000157388","CACNA1D","776",-0.356256364659622,-6.20433148324565,8.43088642377909e-09
"ENSG00000169085","C8orf46","254778",-0.357110429780035,-6.2022169030887,8.52326726930253e-09
"ENSG00000039537","C6","729",-0.450686291031112,-6.19902242790197,8.67337536111644e-09
"ENSG00000277586","NEFL","4747",-0.350686168602679,-6.19091293503066,9.09336154286732e-09
"ENSG00000182902","SLC25A18","83733",0.328232838346987,6.18583102161555,9.34430932367154e-09
"ENSG00000107611","CUBN","8029",-0.228445436493296,-6.18578455759166,9.34430932367154e-09
"ENSG00000124731","TREM1","54210",0.293619116319749,6.18457869765046,9.38320555024586e-09
"ENSG00000178662","CSRNP3","80034",-0.31313834638876,-6.18446134172495,9.38320555024586e-09
"ENSG00000166851","PLK1","5347",0.321571072703973,6.18136717640898,9.54241227091386e-09
"ENSG00000137975","CLCA2","9635",0.445692990133091,6.17854220701677,9.68846701624972e-09
"ENSG00000176194","CIDEA","1149",-0.475453481569713,-6.17636877833396,9.79799616181037e-09
"ENSG00000228401","RP11-251M1.1","101928612",-0.437767131224518,-6.17566922658882,9.82073708130809e-09
"ENSG00000175928","LRRN1","57633",-0.368511962081752,-6.1697023528172,1.0162406051499e-08
"ENSG00000175164","ABO","28",-0.371053732252795,-6.16845925321824,1.02083412628096e-08
"ENSG00000170231","FABP6","2172",0.492763664753921,6.16832583343116,1.02083412628096e-08
"ENSG00000012124","CD22","933",-0.333638734821381,-6.16790388268244,1.02149702240218e-08
"ENSG00000189120","SP6","80320",0.266020220854774,6.16458054221331,1.04025442981103e-08
"ENSG00000112175","BMP5","653",-0.448759901564555,-6.15711739905721,1.08617594009803e-08
"ENSG00000149124","GLYAT","10249",-0.422054114582139,-6.14731249373228,1.15020714781384e-08
"ENSG00000112812","PRSS16","10279",-0.310198150362405,-6.14570710254468,1.15920446312115e-08
"ENSG00000211640","IGLV6-57","28778",0.348969241206728,6.14362571840939,1.17163053215023e-08
"ENSG00000008277","ADAM22","53616",-0.335068716814633,-6.13909140275496,1.20181979974488e-08
"ENSG00000227544","AC018647.3","100506725",-0.32871095943804,-6.13793755606492,1.20793078641148e-08
"ENSG00000112309","B3GAT2","135152",-0.270611680762773,-6.13732573278297,1.21011942199968e-08
"ENSG00000133116","KL","9365",-0.285039719590931,-6.13544297080943,1.2216286760875e-08
"ENSG00000103485","QPRT","23475",0.400477670705814,6.13463046348145,1.22532854758107e-08
"ENSG00000232352","SEMA3B-AS1",NA,-0.449768768141283,-6.12654407763562,1.28402067416924e-08
"ENSG00000183230","CTNNA3","29119",-0.339547286125947,-6.12365488371951,1.30408937371741e-08
"ENSG00000203747","FCGR3A","2214",0.247127090721459,6.12328881079511,1.30453704911718e-08
"ENSG00000164611","PTTG1","9232",0.250729616725732,6.12014639298049,1.32694206056927e-08
"ENSG00000108602","ALDH3A1","218",-0.382510247294933,-6.11602265004693,1.35770164773687e-08
"ENSG00000214796","RP11-480I12.5",NA,0.33268088160059,6.11533450978113,1.36080713037374e-08
"ENSG00000278134","RP11-12A20.4",NA,-0.5543483482909,-6.1130398162154,1.3771395061267e-08
"ENSG00000034971","MYOC","4653",-0.364744230641686,-6.10356981141049,1.45493995752753e-08
"ENSG00000128422","KRT17","3872",-0.359453548069422,-6.09752114128358,1.50586096022052e-08
"ENSG00000157150","TIMP4","7079",-0.408216123313979,-6.09518642408708,1.52426181635371e-08
"ENSG00000075275","CELSR1","9620",-0.25807107583945,-6.09365418850028,1.53549348577148e-08
"ENSG00000186998","EMID1","129080",-0.403531581262475,-6.09006894072231,1.56592626347117e-08
"ENSG00000137878","GCOM1","145781",-0.381408776527929,-6.08579919511192,1.60349865880115e-08
"ENSG00000182109","RP11-69E11.4",NA,-0.359793638128225,-6.08098697672906,1.64728262167038e-08
"ENSG00000125966","MMP24","10893",-0.333863305417892,-6.07869304969706,1.66697834135093e-08
"ENSG00000046604","DSG2","1829",-0.146393486968074,-6.07446222924238,1.70652507645354e-08
"ENSG00000232815","DUX4L50",NA,-0.452571536743721,-6.07352973554444,1.71294577278919e-08
"ENSG00000230937","MIR205HG","642587",-0.261173355402608,-6.07253244879039,1.71745469220931e-08
"ENSG00000121552","CSTA","1475",0.290608040625947,6.07248423302831,1.71745469220931e-08
"ENSG00000244482","LILRA6","79168",0.336116444401757,6.07155038307964,1.72394459916234e-08
"ENSG00000186081","KRT5","3852",-0.336797195471798,-6.06919119831003,1.7452380189674e-08
"ENSG00000152932","RAB3C","115827",-0.4501777912749,-6.06834907268221,1.75088166200716e-08
"ENSG00000138722","MMRN1","22915",-0.408139384890768,-6.06775850364975,1.75391531925087e-08
"ENSG00000214100","AC079776.2",NA,-0.567240755427085,-6.06452813476489,1.78482655466121e-08
"ENSG00000254909","RP11-110I1.5",NA,-0.502319378238149,-6.06163998769456,1.81257295227914e-08
"ENSG00000226007","RP11-211N8.2",NA,-0.52847496970936,-6.06127802716975,1.81325360595242e-08
"ENSG00000171885","AQP4","361",-0.286571915324176,-6.05932757116049,1.8308771470307e-08
"ENSG00000184905","TCEAL2","140597",-0.374188434908722,-6.05905777754925,1.8308771470307e-08
"ENSG00000146670","CDCA5","113130",0.277133869046735,6.05740146270244,1.84575180075597e-08
"ENSG00000130988","RGN","9104",-0.331334914366315,-6.05389105556205,1.8813964313344e-08
"ENSG00000183044","ABAT","18",-0.478948577197321,-6.05298509619317,1.88823048782667e-08
"ENSG00000108176","DNAJC12","56521",-0.480756432287385,-6.05071742313827,1.91050799348648e-08
"ENSG00000134532","SOX5","6660",-0.353882555994161,-6.04904280618866,1.92624053905465e-08
"ENSG00000253313","C1orf210","149466",-0.0973308134140322,-6.04594495246525,1.95860584571892e-08
"ENSG00000137872","SEMA6D","80031",-0.306720786215523,-6.0433720204438,1.98511814174747e-08
"ENSG00000089685","BIRC5","332",0.241625353829,6.04309320658858,1.98511814174747e-08
"ENSG00000184156","KCNQ3","3786",-0.271607016657677,-6.04261337349035,1.98731147285167e-08
"ENSG00000165810","BTNL9","153579",-0.285795320809893,-6.03826890253524,2.03570749903286e-08
"ENSG00000133169","BEX1","55859",-0.547564124685075,-6.0348806101487,2.07345578587736e-08
"ENSG00000004468","CD38","952",0.472801772070431,6.01918477994776,2.26859120310645e-08
"ENSG00000011426","ANLN","54443",0.267412827131633,6.01912272751348,2.26859120310645e-08
"ENSG00000280216","RP3-333H23.9",NA,-0.408800611305008,-6.01791435624609,2.27963505802846e-08
"ENSG00000170500","LONRF2","164832",-0.368645231987871,-6.01771809043705,2.27963505802846e-08
"ENSG00000116783","TNNI3K","51086",-0.428313451932708,-6.01643487291192,2.29305714396465e-08
"ENSG00000094963","FMO2","2327",-0.301004252879414,-6.01115815847671,2.36170713040731e-08
"ENSG00000249007","RP11-510N19.5",NA,-0.225790524468928,-6.00585363797866,2.43276144946471e-08
"ENSG00000230910","RP3-525N10.2",NA,-0.346030472974327,-6.00422053193891,2.45213938922158e-08
"ENSG00000132692","BCAN","63827",-0.277693002342059,-6.00300989583055,2.46551242206383e-08
"ENSG00000091831","ESR1","2099",-0.628978054614482,-6.00257640852066,2.46760882869423e-08
"ENSG00000178826","TMEM139","135932",-0.402289142687225,-6.00188574551736,2.47346837162274e-08
"ENSG00000153253","SCN3A","6328",-0.362016208270718,-5.999339112473,2.50667115685008e-08
"ENSG00000197261","C6orf141","135398",-0.360143716199981,-5.9935339034057,2.58963210436863e-08
"ENSG00000137960","GIPC2","54810",-0.283203467232448,-5.9909335002085,2.62519401179948e-08
"ENSG00000134020","PEBP4","157310",-0.37436297374426,-5.99063662252348,2.62533677939684e-08
"ENSG00000160716","CHRNB2","1141",-0.405180469473586,-5.99033795973133,2.62551453619754e-08
"ENSG00000105996","HOXA2","3199",-0.293386386911185,-5.98591694170137,2.69028645509953e-08
"ENSG00000099994","SUSD2","56241",0.357742205148133,5.98539022447045,2.69409876083798e-08
"ENSG00000211949","IGHV3-23","28442",0.306169508508206,5.98347918376917,2.72001705223385e-08
"ENSG00000151892","GFRA1","2674",-0.559354329914713,-5.98091872320468,2.75670659416787e-08
"ENSG00000152766","ANKRD22","118932",0.201095305997247,5.97858283683741,2.79019222159085e-08
"ENSG00000165304","MELK","9833",0.206170262108095,5.97688232527079,2.81150135869378e-08
"ENSG00000204403","CASP12","100506742",-0.385580969286065,-5.97654434568109,2.81150135869378e-08
"ENSG00000196616","ADH1B","125",-0.457392619842549,-5.97643715314171,2.81150135869378e-08
"ENSG00000169594","BNC1","646",-0.318576350021275,-5.9740306986894,2.84684056654467e-08
"ENSG00000166402","TUB","7275",-0.273271239641874,-5.97343781995873,2.85203330149714e-08
"ENSG00000144891","AGTR1","185",-0.427944068371618,-5.97259509282038,2.85987518485448e-08
"ENSG00000160460","SPTBN4","57731",-0.34978974513388,-5.97240616543311,2.85987518485448e-08
"ENSG00000279208","bP-21264C1.1",NA,-0.470627582133891,-5.96902802929283,2.91242010984792e-08
"ENSG00000188613","NANOS1","340719",0.368286315389779,5.96710416059884,2.94067189772779e-08
"ENSG00000186818","LILRB4","11006",0.251414229066322,5.9629409710672,3.00851254004064e-08
"ENSG00000105767","CADM4","199731",-0.219493445439838,-5.96195524974022,3.02099435290875e-08
"ENSG00000167653","PSCA","8000",0.380349330983432,5.9607364474693,3.03526878739398e-08
"ENSG00000014257","ACPP","55",0.215704813278754,5.96059224657373,3.03526878739398e-08
"ENSG00000213088","ACKR1","2532",-0.496801403524406,-5.95908403828419,3.05724290189509e-08
"ENSG00000071967","CYBRD1","79901",-0.405685400929163,-5.9558732823671,3.11029730840159e-08
"ENSG00000169507","SLC38A11","151258",-0.395980330009205,-5.95367064466261,3.14456823684083e-08
"ENSG00000130720","FIBCD1","84929",0.433167442593145,5.95344817797135,3.14456823684083e-08
"ENSG00000159217","IGF2BP1","10642",0.351190911194886,5.95249827564474,3.15698541100698e-08
"ENSG00000123485","HJURP","55355",0.20959669180015,5.95161567046672,3.16820714157632e-08
"ENSG00000072195","SPEG","10290",-0.24622492024377,-5.94616385577102,3.26577103597138e-08
"ENSG00000188662","HILS1",NA,-0.433356828324968,-5.94240179326588,3.33312252216344e-08
"ENSG00000164488","DACT2","168002",-0.364742952499828,-5.94108515849787,3.35348216152737e-08
"ENSG00000049540","ELN","2006",-0.337359589608907,-5.94006751729596,3.36807005160152e-08
"ENSG00000163017","ACTG2","72",-0.290912773749457,-5.93935449676655,3.37670138325872e-08
"ENSG00000204851","PNMAL2","57469",-0.263133980076459,-5.93736052245452,3.41083455130425e-08
"ENSG00000148357","HMCN2","256158",-0.299121158283091,-5.9314163602743,3.52582571836751e-08
"ENSG00000264230","ANXA8L1","728113",-0.377298134054638,-5.93049483908705,3.5391811300497e-08
"ENSG00000213412","HNRNPA1P33","728643",-0.413821002039927,-5.92991101480964,3.54558849470923e-08
"ENSG00000141469","SLC14A1","6563",-0.338577427735152,-5.92517037329738,3.63339113100652e-08
"ENSG00000132702","HAPLN2","60484",-0.391436612289486,-5.92506888970862,3.63339113100652e-08
"ENSG00000152527","PLEKHH2","130271",-0.292656304708006,-5.92490349034485,3.63339113100652e-08
"ENSG00000172508","CARNS1","57571",-0.242412633528468,-5.91666885318593,3.80623358238683e-08
"ENSG00000007174","DNAH9","1770",-0.377745656908182,-5.91522558333496,3.82830876360229e-08
"ENSG00000180139","ACTA2-AS1","100132116",-0.267609059030828,-5.91513231932893,3.82830876360229e-08
"ENSG00000154027","AK5","26289",-0.363461599583519,-5.91357563403824,3.85709846947751e-08
"ENSG00000267707","RP11-95O2.5",NA,-0.282865021045986,-5.91303052980864,3.86325491642736e-08
"ENSG00000152583","SPARCL1","8404",-0.189804009005523,-5.91183298950218,3.88417561764464e-08
"ENSG00000006555","TTC22","55001",-0.304858794817472,-5.91151982442811,3.88513525770834e-08
"ENSG00000021300","PLEKHB1","58473",-0.335121009366907,-5.9083452082328,3.95145208069008e-08
"ENSG00000169429","CXCL8","3576",0.355390882653862,5.90712530718421,3.97337847777742e-08
"ENSG00000162738","VANGL2","57216",-0.378333256748221,-5.8920002457031,4.33212662826807e-08
"ENSG00000198759","EGFL6","25975",0.219177332611859,5.89159137167769,4.33562792438534e-08
"ENSG00000139540","SLC39A5","283375",-0.356358253379593,-5.88965706653464,4.37777754918954e-08
"ENSG00000211673","IGLV3-1",NA,0.316486293358142,5.88574483510807,4.47140627432717e-08
"ENSG00000096006","CRISP3","10321",0.464519757061116,5.88544955752723,4.47209225949821e-08
"ENSG00000233175","CTD-2020K17.3","107985040",-0.353999531955423,-5.87852409598519,4.64825738373484e-08
"ENSG00000130675","MNX1","3110",0.408723287830905,5.87526805121682,4.72950046431167e-08
"ENSG00000224016","RP11-728K20.1",NA,-0.459387529743928,-5.87403744328223,4.75596773168319e-08
"ENSG00000174371","EXO1","9156",0.23507211866879,5.87301526629445,4.77681410090591e-08
"ENSG00000149451","ADAM33","80332",-0.247379323325653,-5.8716297809188,4.8078711111011e-08
"ENSG00000251381","LINC00958","100506305",-0.350141159784027,-5.86895359146096,4.8754535251088e-08
"ENSG00000232229","LINC00865","643529",-0.373337466701925,-5.86495007098576,4.98210841594514e-08
"ENSG00000118137","APOA1","335",-0.371428431521588,-5.86434492939015,4.99188874559226e-08
"ENSG00000100453","GZMB","3002",0.380530711716408,5.86360603547718,5.00557231560702e-08
"ENSG00000131831","RAI2","10742",-0.322422720123286,-5.85887599877014,5.13655687227434e-08
"ENSG00000159184","HOXB13","10481",0.533847570990443,5.85808919318114,5.15207087036467e-08
"ENSG00000188517","COL25A1","84570",-0.308547569746412,-5.85762368878915,5.15804835882394e-08
"ENSG00000177494","ZBED2","79413",0.284819756490012,5.85712205360677,5.15916583631822e-08
"ENSG00000198796","ALPK2","115701",0.245512590210231,5.85705739668984,5.15916583631822e-08
"ENSG00000267206","LCN6","158062",-0.398783116147936,-5.84867193114855,5.39193613664127e-08
"ENSG00000178919","FOXE1","2304",-0.300533008361525,-5.84866208661268,5.39193613664127e-08
"ENSG00000178363","CALML3","810",-0.370637467590298,-5.84863029636118,5.39193613664127e-08
"ENSG00000224958","PGM5-AS1","572558",-0.422223102141399,-5.8476409622167,5.41460092642363e-08
"ENSG00000163599","CTLA4","1493",0.367433586815746,5.84565762544843,5.46866108693373e-08
"ENSG00000224272","AC114730.3","124905349",0.448484258629525,5.84345619650062,5.53021089743185e-08
"ENSG00000189221","MAOA","4128",-0.357247869643518,-5.83817003618646,5.69283137152419e-08
"ENSG00000122952","ZWINT","11130",0.221649153346134,5.8375217790982,5.70553151917363e-08
"ENSG00000162552","WNT4","54361",-0.352748984169529,-5.83411468778391,5.80992893746045e-08
"ENSG00000000005","TNMD","64102",-0.403179449972661,-5.83075569327712,5.914552188504e-08
"ENSG00000065328","MCM10","55388",0.272759046297967,5.82641954913676,6.05497861968641e-08
"ENSG00000108387","SEPT4","5414",-0.191039111177627,-5.82499104678835,6.09581397459891e-08
"ENSG00000165816","VWA2","340706",-0.353845914480115,-5.82455641414024,6.0963025737174e-08
"ENSG00000103723","AP3B2","8120",-0.366221900616549,-5.82445684767706,6.0963025737174e-08
"ENSG00000186399","GOLGA8R","101059918",-0.364860661877346,-5.8236891341864,6.11415358256012e-08
"ENSG00000167608","TMC4","147798",-0.238385139371169,-5.81598875874301,6.38145438419898e-08
"ENSG00000131969","ABHD12B","145447",-0.50342881096496,-5.81514663319339,6.40287038352376e-08
"ENSG00000134824","FADS2","9415",0.509994358188765,5.81052096792325,6.56551838736469e-08
"ENSG00000186871","ERCC6L","54821",0.239984523602315,5.80572445351463,6.73879245140564e-08
"ENSG00000142677","IL22RA1","58985",-0.258717163769523,-5.79805025153771,7.0315713871613e-08
"ENSG00000103257","SLC7A5","8140",0.380281786317815,5.79442920903362,7.16837596917943e-08
"ENSG00000205517","RGL3","57139",-0.354323220317712,-5.79341735087882,7.19939548074507e-08
"ENSG00000255443","RP1-68D18.4",NA,-0.36674890862469,-5.79232249891122,7.23399608331724e-08
"ENSG00000223401","RP11-211G3.2",NA,-0.476528266492552,-5.79110393017593,7.2739221742656e-08
"ENSG00000243479","MNX1-AS1",NA,0.432265576959635,5.79034369165516,7.29490884054362e-08
"ENSG00000164344","KLKB1","3818",-0.303555447803331,-5.78940223009081,7.32356170023994e-08
"ENSG00000211956","IGHV4-34","28395",0.305444679062331,5.78675619427182,7.42440949969716e-08
"ENSG00000004776","HSPB6","126393",-0.28089861710663,-5.78311514201855,7.56957156046429e-08
"ENSG00000138115","CYP2C8","1558",-0.427841500308105,-5.78274528998937,7.57450875163189e-08
"ENSG00000050628","PTGER3","5733",-0.311476375854452,-5.78196785848688,7.59714957591976e-08
"ENSG00000175445","LPL","4023",-0.304992394370006,-5.77667717360241,7.81897862075371e-08
"ENSG00000184601","C14orf180","400258",-0.463635920870276,-5.77417958799685,7.91609270856845e-08
"ENSG00000172247","C1QTNF4","114900",-0.337858166026951,-5.77400657198581,7.91609270856845e-08
"ENSG00000221818","EBF2","64641",-0.187050723719286,-5.77335347835646,7.9341400462918e-08
"ENSG00000123243","ITIH5","80760",-0.26784818133474,-5.77186793258005,7.99012886170561e-08
"ENSG00000088325","TPX2","22974",0.225161162876253,5.76923987209089,8.09915576315078e-08
"ENSG00000212952","RP11-475I24.9",NA,-0.514859864936599,-5.76555494739877,8.25928070773823e-08
"ENSG00000105989","WNT2","7472",0.206519962501249,5.76442800010842,8.30054152460616e-08
"ENSG00000184524","CEND1","51286",-0.263880934416414,-5.75363336832065,8.7983861479111e-08
"ENSG00000243696","RP5-966M1.6",NA,-0.282614625391006,-5.7535893324926,8.7983861479111e-08
"ENSG00000186868","MAPT","4137",-0.410402801955175,-5.7534252893135,8.7983861479111e-08
"ENSG00000084636","COL16A1","1307",-0.220847180216105,-5.75319537823344,8.7983861479111e-08
"ENSG00000188573","FBLL1","345630",-0.377681010157096,-5.75225182067645,8.83309988278165e-08
"ENSG00000134028","ADAMDEC1","27299",0.274476295739799,5.74600715439989,9.13948526601473e-08
"ENSG00000274536","RP6-159A1.4","115891964",-0.341392393364423,-5.74296054786874,9.28589199814587e-08
"ENSG00000103089","FA2H","79152",0.226494029750143,5.73861182475293,9.50463842317997e-08
"ENSG00000280411","IGHV1-69-2","102723169",0.31249487237013,5.73589087220089,9.63890668919031e-08
"ENSG00000183248","PRR36","80164",-0.212255370376762,-5.73489657276721,9.6796872503462e-08
"ENSG00000138180","CEP55","55165",0.185944608753698,5.73122641804216,9.86939931897863e-08
"ENSG00000109832","DDX25","29118",-0.310523050953916,-5.7301679838387,9.91476231801851e-08
"ENSG00000135638","EMX1","2016",-0.477261276359216,-5.72983720090129,9.91931554838987e-08
"ENSG00000049768","FOXP3","50943",0.284422793239092,5.72782421752578,1.0004758212787e-07
"ENSG00000171124","FUT3","2525",0.365396438682204,5.72781562955412,1.0004758212787e-07
"ENSG00000164627","KIF6","221458",-0.311178056881244,-5.72757746986636,1.0004758212787e-07
"ENSG00000117477","CCDC181","57821",-0.295611286427395,-5.72662996618508,1.00387327786154e-07
"ENSG00000211653","IGLV1-40","28825",0.280382802060594,5.72648286688532,1.00387327786154e-07
"ENSG00000139219","COL2A1","1280",-0.482325288040885,-5.71748726415049,1.05488428543697e-07
"ENSG00000149575","SCN2B","6327",-0.367495696099884,-5.71629458612391,1.06054217337346e-07
"ENSG00000170312","CDK1","983",0.2208341656376,5.71444581163636,1.0701979853139e-07
"ENSG00000198914","POU3F3","5455",-0.304376511719109,-5.71274475994935,1.07903836368663e-07
"ENSG00000156103","MMP16","4325",-0.291990241993433,-5.71246518049387,1.07923720691676e-07
"ENSG00000171357","LURAP1","541468",-0.249027625389664,-5.711870453368,1.08136444923277e-07
"ENSG00000272405","RP11-284F21.10",NA,-0.436705770233864,-5.70875086240846,1.0990812877433e-07
"ENSG00000211945","IGHV1-18","28468",0.31659626972383,5.70308732376893,1.13325605968351e-07
"ENSG00000156970","BUB1B","701",0.208203881250829,5.70040683575884,1.14894761973021e-07
"ENSG00000128849","CGNL1","84952",-0.251980079634232,-5.69550701637014,1.179534790232e-07
"ENSG00000162543","UBXN10","127733",-0.396528872269295,-5.69055314829726,1.21128258700776e-07
"ENSG00000132746","ALDH3B2","222",0.214096352373602,5.68339841054559,1.25937990086533e-07
"ENSG00000158481","CD1C","911",-0.320643475897618,-5.68083106319269,1.27595631317644e-07
"ENSG00000122861","PLAU","5328",0.273346033303884,5.67894502032528,1.28779799290299e-07
"ENSG00000126787","DLGAP5","9787",0.162536081558004,5.67292164432973,1.32905325815165e-07
"ENSG00000230373","GOLGA6L5P","100133220",-0.288286394104457,-5.67285088579919,1.32905325815165e-07
"ENSG00000023171","GRAMD1B","57476",0.266685330419336,5.66716082159906,1.37036584436123e-07
"ENSG00000267053","CTD-3162L10.1","100134317",-0.292914508581782,-5.66598778783017,1.37753481327734e-07
"ENSG00000253755","IGHGP",NA,0.235054330169778,5.66562938788362,1.37842025302067e-07
"ENSG00000180525","PRR26","414235",-0.303883781726231,-5.66493423533598,1.38192020300474e-07
"ENSG00000131203","IDO1","3620",0.263948608619927,5.66182490003267,1.40434017731201e-07
"ENSG00000260807","RP11-161M6.2","115804232",-0.316825311413214,-5.66145295689966,1.40535576817338e-07
"ENSG00000132749","MTL5","9633",-0.244237713473876,-5.66015645656746,1.41369216638828e-07
"ENSG00000137033","IL33","90865",-0.375120501393128,-5.65819518012539,1.42739326814033e-07
"ENSG00000120738","EGR1","1958",-0.371628835927665,-5.65792347046545,1.42762870809603e-07
"ENSG00000116039","ATP6V1B1","525",-0.329501866191653,-5.65522243373826,1.4474580712177e-07
"ENSG00000211662","IGLV3-21","28796",0.301919809108377,5.65459593679937,1.45058448540946e-07
"ENSG00000280403","FKSG62",NA,-0.500195476122997,-5.65367465786656,1.45612470810909e-07
"ENSG00000143556","S100A7","6278",0.520189583831551,5.65128690617982,1.47199740994996e-07
"ENSG00000010310","GIPR","2696",-0.377104482922186,-5.65125865872271,1.47199740994996e-07
"ENSG00000129159","KCNC1","3746",-0.393072643748449,-5.6488100718451,1.49032400437483e-07
"ENSG00000007314","SCN4A","6329",-0.276787817550104,-5.64375513207884,1.53105688761362e-07
"ENSG00000148948","LRRC4C","57689",-0.29476208363782,-5.6422236706143,1.5419496200899e-07
"ENSG00000100739","BDKRB1","623",0.217048466513643,5.64200846986839,1.5419496200899e-07
"ENSG00000114805","PLCH1","23007",0.459398962405865,5.64133926330643,1.54566095331204e-07
"ENSG00000270871","AC015849.19",NA,-0.358732996851531,-5.63479156732694,1.60117474709346e-07
"ENSG00000274286","ADRA2B","151",-0.279461875152572,-5.63425656124178,1.60382400788216e-07
"ENSG00000158428","CATIP","375307",-0.385274072063069,-5.63340394584183,1.60933473686283e-07
"ENSG00000136235","GPNMB","10457",0.207823615862082,5.62271478570673,1.70605815279599e-07
"ENSG00000163568","AIM2","9447",0.303466446803031,5.62185177195682,1.71201099376304e-07
"ENSG00000165269","AQP7","364",-0.425950199448272,-5.61384688543852,1.78777974450988e-07
"ENSG00000077152","UBE2T","29089",0.257163311728342,5.61342412619258,1.78961659915641e-07
"ENSG00000182732","RGS6","9628",-0.373534135418704,-5.613145012072,1.7900249267832e-07
"ENSG00000248309","MEF2C-AS1","101929423",-0.417534490300329,-5.61257182781562,1.79337236203532e-07
"ENSG00000271959","CTD-3064M3.7",NA,-0.299049197406184,-5.61177282597519,1.79899045274702e-07
"ENSG00000160307","S100B","6285",-0.345278256980011,-5.61141805451082,1.80016820611031e-07
"ENSG00000108947","EFNB3","1949",-0.258682762400467,-5.60321368991228,1.88180965731746e-07
"ENSG00000104147","OIP5","11339",0.203305384094756,5.60228676379843,1.88904623145497e-07
"ENSG00000106018","VIPR2","7434",-0.436621766334461,-5.6003060272018,1.90745881155102e-07
"ENSG00000159212","CLIC6","54102",-0.470769434003935,-5.59414504692423,1.96974378611619e-07
"ENSG00000254461","RP11-755F10.3",NA,-0.411065777880683,-5.59388791089032,1.96974378611619e-07
"ENSG00000147697","GSDMC","56169",0.264435395431012,5.59381623555249,1.96974378611619e-07
"ENSG00000261888","AC144831.1",NA,-0.330742146898908,-5.5927539920797,1.97880740498721e-07
"ENSG00000181409","AATK","9625",-0.262903416236503,-5.59169640197406,1.98786281913213e-07
"ENSG00000103522","IL21R","50615",0.310443706217457,5.58854701460118,2.02028697126731e-07
"ENSG00000122574","WIPF3","644150",-0.258991651032325,-5.58766862552065,2.0275138329584e-07
"ENSG00000149090","PAMR1","25891",-0.225121315585275,-5.58549605801668,2.04943286684008e-07
"ENSG00000152049","KCNE4","23704",-0.401669707749968,-5.58500698321934,2.05232892477001e-07
"ENSG00000276850","CH17-360D5.2","653145",-0.363609299498517,-5.58315867535522,2.07078555284198e-07
"ENSG00000129226","CD68","968",0.238158809630615,5.58129813941682,2.08954716041288e-07
"ENSG00000187955","COL14A1","7373",-0.296784996250695,-5.57748995133257,2.13135798075874e-07
"ENSG00000225125","RANP4",NA,-0.308746680713725,-5.57255209757487,2.1866141631038e-07
"ENSG00000139874","SSTR1","6751",-0.309087275244187,-5.57240194791484,2.1866141631038e-07
"ENSG00000237978","KCNMB2-AS1",NA,0.512486262813709,5.57199167214448,2.18875890837749e-07
"ENSG00000067798","NAV3","89795",-0.328280861765999,-5.57053671997424,2.20361562076516e-07
"ENSG00000173369","C1QB","713",0.214779853171077,5.5698986525394,2.20856562282165e-07
"ENSG00000166278","C2","717",0.231924093495812,5.56774638020842,2.23215399062188e-07
"ENSG00000090889","KIF4A","24137",0.216237127037867,5.56526296227753,2.26012452130829e-07
"ENSG00000148773","MKI67","4288",0.18492770797136,5.56202594226159,2.29799054251032e-07
"ENSG00000182168","UNC5C","8633",-0.266337901454237,-5.55968545311759,2.32492813610857e-07
"ENSG00000149295","DRD2","1813",-0.325421183456889,-5.55713881078283,2.35229290358245e-07
"ENSG00000151023","ENKUR","219670",-0.295183965422206,-5.55710446316443,2.35229290358245e-07
"ENSG00000198723","C19orf45","374877",-0.237972255077696,-5.55479193980942,2.37948748234631e-07
"ENSG00000276644","DACH1","1602",-0.473595457914702,-5.5542268847938,2.38388194733173e-07
"ENSG00000157992","KRTCAP3","200634",-0.276812405620228,-5.54982626681624,2.43938156912275e-07
"ENSG00000177602","GSG2","83903",0.207283339106889,5.54781623216593,2.46344570359282e-07
"ENSG00000125740","FOSB","2354",-0.36883786598547,-5.54691450216878,2.47258534172012e-07
"ENSG00000280237","MIR4697HG",NA,-0.344149452585869,-5.54395124476847,2.5101276028511e-07
"ENSG00000150337","FCGR1A","2209",0.185362637272006,5.54282741149306,2.5225267427428e-07
"ENSG00000142765","SYTL1","84958",-0.180320044256577,-5.54133746796147,2.5392889219858e-07
"ENSG00000249264","EEF1A1P9",NA,-0.130343341559864,-5.54116664460502,2.5392889219858e-07
"ENSG00000205362","MT1A","4489",-0.394710333680227,-5.53773326675485,2.58450472716301e-07
"ENSG00000178233","TMEM151B","441151",-0.335923694691341,-5.53567115570765,2.61072300802422e-07
"ENSG00000159164","SV2A","9900",-0.295381860072155,-5.53241379557213,2.65460362608846e-07
"ENSG00000124253","PCK1","5105",-0.393541631728685,-5.53070159978203,2.67635987231989e-07
"ENSG00000235681","AC008746.5",NA,-0.414545463995699,-5.52364271261145,2.77877012815329e-07
"ENSG00000166819","PLIN1","5346",-0.410840323479378,-5.52318979553688,2.78220269493631e-07
"ENSG00000069764","PLA2G10","8399",-0.335585306161107,-5.51808895331054,2.85766138996544e-07
"ENSG00000158258","CLSTN2","64084",-0.421062847191353,-5.51644582256498,2.87994675273749e-07
"ENSG00000132517","SLC52A1","55065",-0.310121654389821,-5.51431669868577,2.91015301213533e-07
"ENSG00000242808","SOX2-OT","347689",-0.272779677122983,-5.51261030229345,2.93385897651273e-07
"ENSG00000250208","FZD10-AS1","440119",-0.250470393754063,-5.51109726584173,2.95462077136591e-07
"ENSG00000159374","M1AP","130951",-0.388772660028979,-5.50854335443848,2.98919567726047e-07
"ENSG00000005513","SOX8","30812",-0.338439617536775,-5.5085214722489,2.98919567726047e-07
"ENSG00000167757","KLK11","11012",-0.417870718737367,-5.50398398149812,3.06064391470763e-07
"ENSG00000228314","CYP4F29P",NA,-0.399454065299684,-5.4989530552806,3.14222334369104e-07
"ENSG00000206075","SERPINB5","5268",-0.282044311370275,-5.4974346794702,3.16451969323738e-07
"ENSG00000184313","MROH7","374977",-0.29731753071231,-5.49571678354401,3.19045299707142e-07
"ENSG00000239951","IGKV3-20","28912",0.283784240893512,5.49372983723354,3.22133161445734e-07
"ENSG00000187800","PEAR1","375033",-0.24804632863889,-5.49304283200473,3.22946879112504e-07
"ENSG00000168490","PHYHIP","9796",-0.210020194885121,-5.49099396076661,3.26182378821526e-07
"ENSG00000164530","PI16","221476",-0.416569766466954,-5.48361541709927,3.39181002744566e-07
"ENSG00000123119","NECAB1","64168",-0.310766644977662,-5.47881524621584,3.4775628806986e-07
"ENSG00000169583","CLIC3","9022",0.264771681978627,5.47466626544996,3.55278282139671e-07
"ENSG00000124249","KCNK15","60598",-0.371189206308001,-5.47434112988494,3.55472427491756e-07
"ENSG00000169679","BUB1","699",0.207853166230337,5.47115766865556,3.61251167184686e-07
"ENSG00000107518","ATRNL1","26033",-0.4292064969034,-5.4707550490653,3.61601928192185e-07
"ENSG00000100285","NEFH","4744",-0.319871853684989,-5.46826794283653,3.66086795958867e-07
"ENSG00000254109","RBPMS-AS1","100128750",-0.214838711787643,-5.46757781223981,3.66667597975381e-07
"ENSG00000091513","TF","7018",-0.341181428836466,-5.46752899822681,3.66667597975381e-07
"ENSG00000131097","HIGD1B","51751",-0.187008513508923,-5.46703636650336,3.67205275915865e-07
"ENSG00000175311","ANKS4B","257629",0.256260026001372,5.46491649692666,3.71016471317349e-07
"ENSG00000235280","MCF2L-AS1",NA,-0.161239394971526,-5.46384098272213,3.72741843880139e-07
"ENSG00000162706","CADM3","57863",-0.294637749072,-5.46297833169641,3.74041903784308e-07
"ENSG00000163873","GRIK3","2899",-0.358552418564972,-5.46141432075579,3.76781811323231e-07
"ENSG00000173546","CSPG4","1464",-0.225848015615799,-5.45834086551891,3.826699607629e-07
"ENSG00000166257","SCN3B","55800",-0.286768513976111,-5.45569229295252,3.87751026782751e-07
"ENSG00000187889","C1orf168","199920",-0.31792762003427,-5.4539332736263,3.91003306364612e-07
"ENSG00000256462","RP11-116G8.5",NA,-0.389175526795005,-5.45259430441842,3.93383682740045e-07
"ENSG00000176697","BDNF","627",-0.406462451818959,-5.44997615222311,3.98537622918545e-07
"ENSG00000153347","FAM81B","153643",-0.384515400024436,-5.44967158101253,3.98717505277619e-07
"ENSG00000109805","NCAPG","64151",0.214224406303945,5.44551330164956,4.07330301947501e-07
"ENSG00000112984","KIF20A","10112",0.178734902387979,5.44443333947488,4.09232953119234e-07
"ENSG00000147465","STAR","6770",-0.326800394286293,-5.44356108955259,4.1029185307425e-07
"ENSG00000130940","CASZ1","54897",-0.201520369681775,-5.44351550708178,4.1029185307425e-07
"ENSG00000249307","LINC01088",NA,-0.271257663803602,-5.4380069624802,4.22226812507443e-07
"ENSG00000172551","MUCL1","118430",0.391111161465925,5.43660532720741,4.24819580306471e-07
"ENSG00000164089","ETNPPL","64850",-0.348868755405644,-5.43643691098021,4.24819580306471e-07
"ENSG00000234899","SOX9-AS1","400618",-0.330168528327744,-5.43611892170707,4.25045571330441e-07
"ENSG00000271894","RP11-482H16.1",NA,-0.314700993814009,-5.43542735639814,4.26133867233227e-07
"ENSG00000103742","IGDCC4","57722",-0.229224459679207,-5.43290412427001,4.31484930074772e-07
"ENSG00000164736","SOX17","64321",-0.168639975540142,-5.43170396085705,4.33783052471362e-07
"ENSG00000241644","INMT","11185",-0.26920998537013,-5.42910009584381,4.39419534643365e-07
"ENSG00000122367","LDB3","11155",-0.183110511758033,-5.42632402551595,4.45542129584605e-07
"ENSG00000147256","ARHGAP36","158763",-0.456867286228345,-5.42335381341516,4.52222118075626e-07
"ENSG00000265190","ANXA8","653145",-0.33180987260635,-5.42312403658573,4.52249746426665e-07
"ENSG00000126861","OMG","4974",-0.259031298395558,-5.42209546348448,4.54235444180884e-07
"ENSG00000165480","SKA3","221150",0.187617203307708,5.42154884470284,4.55043065532484e-07
"ENSG00000137804","NUSAP1","51203",0.22124235192154,5.417674836068,4.64123108404064e-07
"ENSG00000176402","GJC3","349149",-0.253104517129502,-5.41591404107972,4.67587231898196e-07
"ENSG00000105219","CNTD2","79935",-0.397859968779983,-5.41586305803173,4.67587231898196e-07
"ENSG00000277831","RP11-269C23.5",NA,-0.416862203638755,-5.41330785967854,4.73090689905084e-07
"ENSG00000157782","CABP1","9478",-0.194610874246057,-5.41326175703348,4.73090689905084e-07
"ENSG00000268120","CTD-3193O13.11",NA,-0.191410902387065,-5.41256772684852,4.74311026454618e-07
"ENSG00000010282","HHATL","57467",-0.334752917584983,-5.40982057335491,4.80516229012172e-07
"ENSG00000147642","SYBU","55638",-0.323908534259646,-5.4097262607829,4.80516229012172e-07
"ENSG00000178999","AURKB","9212",0.189512873088393,5.40833902320028,4.83561542191522e-07
"ENSG00000007306","CEACAM7","1087",0.32428222513335,5.40729802307979,4.85718180394495e-07
"ENSG00000186642","PDE2A","5138",-0.225549958640959,-5.40701659849479,4.85890292008691e-07
"ENSG00000112414","ADGRG6","57211",0.342260089954706,5.40310531978507,4.95375166868767e-07
"ENSG00000204071","TCEAL6","158931",-0.29470694396534,-5.40299980696863,4.95375166868767e-07
"ENSG00000259244","RP11-182J1.12",NA,-0.329304653296793,-5.40273340441931,4.95512066413661e-07
"ENSG00000188488","SERPINA5","5104",-0.362483905125843,-5.40162014362574,4.97916660347831e-07
"ENSG00000178162","FAR2P2",NA,-0.397424523093012,-5.4006029663005,4.9950111703198e-07
"ENSG00000141293","SKAP1","8631",-0.29883695545532,-5.40060131655949,4.9950111703198e-07
"ENSG00000152969","JAKMIP1","152789",0.30335561557986,5.39997915487754,5.00600019590363e-07
"ENSG00000211677","IGLC2","3538",0.297501823654309,5.39957000818067,5.01126524760758e-07
"ENSG00000203760","CENPW","387103",0.284534444268493,5.39933106311054,5.01194500819123e-07
"ENSG00000170011","MYRIP","25924",-0.365599262597991,-5.39459574876479,5.13546242386673e-07
"ENSG00000280334","RP11-361L15.5",NA,-0.342088629452378,-5.38998001137855,5.25854513353643e-07
"ENSG00000134460","IL2RA","3559",0.257289576160099,5.38939215704376,5.26914626474153e-07
"ENSG00000092009","CMA1","1215",-0.380739392593512,-5.38775266235165,5.30971203103559e-07
"ENSG00000132321","IQCA1","79781",-0.257478395302937,-5.3866322417779,5.33567720661607e-07
"ENSG00000279041","CTD-2373N4.3",NA,-0.287949480095422,-5.38060779817368,5.50483392428501e-07
"ENSG00000211947","IGHV3-21","28444",0.271239774071656,5.38039741096727,5.50483392428501e-07
"ENSG00000131409","LRRC4B","94030",-0.267265260199148,-5.37262442189306,5.73276774066205e-07
"ENSG00000173805","HAP1","9001",-0.297187313823958,-5.37023664716615,5.80002333168525e-07
"ENSG00000168913","ENHO","375704",-0.303675920561021,-5.369406374898,5.8192671780627e-07
"ENSG00000169515","CCDC8","83987",-0.256729088598427,-5.3674666272449,5.87339640127608e-07
"ENSG00000185479","KRT6B","3854",-0.343393544308792,-5.36333091254271,5.99814966389262e-07
"ENSG00000162722","TRIM58","25893",-0.416086752512845,-5.36096156475202,6.06783399691194e-07
"ENSG00000145103","ILDR1","286676",-0.110922364553949,-5.36020608635674,6.08552035628251e-07
"ENSG00000253771","TPTE2P1",NA,-0.352901143107785,-5.35988730171828,6.0890161210085e-07
"ENSG00000157445","CACNA2D3","55799",-0.320012020024498,-5.35780851898055,6.15016806783271e-07
"ENSG00000112214","FHL5","9457",-0.206716347840863,-5.35661592430532,6.1825445468304e-07
"ENSG00000257151","PWAR6",NA,-0.301396407240111,-5.35597318964205,6.19684138337692e-07
"ENSG00000127564","PKMYT1","9088",0.2411271501297,5.35489333348659,6.22571312516713e-07
"ENSG00000134057","CCNB1","891",0.2106972183371,5.35100528074751,6.34931727225642e-07
"ENSG00000157927","RADIL","55698",-0.31240864321937,-5.35041059084269,6.36237031588803e-07
"ENSG00000187045","TMPRSS6","164656",-0.444655874153842,-5.34776326355991,6.44575139572011e-07
"ENSG00000205364","MT1M","4499",-0.224015355178771,-5.34591816132472,6.50228228228065e-07
"ENSG00000230804","C2orf27AP3",NA,-0.458730093060584,-5.34453764638061,6.54305021888978e-07
"ENSG00000267128","RP11-449J21.5","100507218",-0.304478190760271,-5.34201811848541,6.62421516102442e-07
"ENSG00000238018","AC093110.3",NA,-0.402468560926708,-5.34050139121064,6.67057865341687e-07
"ENSG00000186481","ANKRD20A5P",NA,-0.358407984458188,-5.33961102757167,6.69485691936252e-07
"ENSG00000185634","SHC4","399694",-0.400381313603876,-5.33811987906748,6.74079060098632e-07
"ENSG00000198930","CSAG1","158511",0.441204781553639,5.3363258778152,6.79800214254096e-07
"ENSG00000235098","ANKRD65","441869",-0.233823354508039,-5.33610367689529,6.79848910671517e-07
"ENSG00000237438","CECR7",NA,-0.337505408575836,-5.33586719344659,6.79950191086958e-07
"ENSG00000178726","THBD","7056",-0.244880126785522,-5.33409723090388,6.85633458337128e-07
"ENSG00000106511","MEOX2","4223",-0.235541102083081,-5.33277476212854,6.89716772048611e-07
"ENSG00000133083","DCLK1","9201",-0.27967999252222,-5.33114755840423,6.94536376103565e-07
"ENSG00000211663","IGLV3-19","28797",0.27399516499128,5.33105191977385,6.94536376103565e-07
"ENSG00000142661","MYOM3","127294",-0.181076355670048,-5.32904937210307,7.01207711575597e-07
"ENSG00000077274","CAPN6","827",-0.372662286164727,-5.32799141596711,7.04390472881539e-07
"ENSG00000133106","EPSTI1","94240",0.317791068001511,5.32544899951077,7.13200613983599e-07
"ENSG00000165194","PCDH19","57526",-0.291628151943529,-5.32379032637781,7.18507338054036e-07
"ENSG00000172367","PDZD3","79849",-0.338139901311262,-5.32364185654124,7.18507338054036e-07
"ENSG00000087495","PHACTR3","116154",-0.201907028652468,-5.32034928134432,7.30397484368192e-07
"ENSG00000173432","SAA1","6288",-0.248956967084568,-5.31476032539762,7.51593266822556e-07
"ENSG00000026751","SLAMF7","57823",0.254797298646438,5.31078810411514,7.66775121523723e-07
"ENSG00000136546","SCN7A","6332",-0.323791564308167,-5.30457582713653,7.91604328929044e-07
"ENSG00000169607","CKAP2L","150468",0.187065883647674,5.30314597979064,7.96756705228247e-07
"ENSG00000162267","ITIH3","3699",-0.239394705238333,-5.30281213425427,7.97295979344469e-07
"ENSG00000129451","KLK10","5655",-0.371936856266924,-5.30218782607996,7.99066040133718e-07
"ENSG00000231789","PIK3CD-AS2","101929074",-0.282670790497602,-5.30042598284692,8.05683900390825e-07
"ENSG00000165238","WNK2","65268",-0.206778287561061,-5.29993738312543,8.06892945180669e-07
"ENSG00000121211","MND1","84057",0.229985421259728,5.29922508649553,8.0906306054059e-07
"ENSG00000184811","TUSC5","286753",-0.469801508707842,-5.29791416866681,8.13816535273183e-07
"ENSG00000135502","SLC26A10",NA,-0.241841709705501,-5.29583325228893,8.21942816346934e-07
"ENSG00000100336","APOL4","80832",0.2841283966407,5.29289390757111,8.33733338700903e-07
"ENSG00000251546","IGKV1D-39","28893",0.281403197487319,5.29273346639203,8.33733338700903e-07
"ENSG00000180287","PLD5","200150",-0.351372187839458,-5.29108397669606,8.40133379590958e-07
"ENSG00000170369","CST2","1470",-0.291240745064462,-5.28638225052918,8.60358983203372e-07
"ENSG00000211648","IGLV1-47","28822",0.275130364322118,5.28566911379229,8.62676545966093e-07
"ENSG00000225792","AC004540.4","105375304",-0.287713778286521,-5.28399531302992,8.69404664123556e-07
"ENSG00000174950","CD164L2","388611",-0.26715050341158,-5.27842029750597,8.94427624403016e-07
"ENSG00000179299","NSUN7","79730",-0.271523817679207,-5.27701750984756,9.00107135017801e-07
"ENSG00000108852","MPP2","4355",-0.346998409299746,-5.27556684674882,9.06051127028618e-07
"ENSG00000230596","GPAA1P2","106481722",-0.286233619971714,-5.27497134741388,9.07927060252022e-07
"ENSG00000181374","CCL13","6357",0.2928704769391,5.27312734140677,9.15821121988887e-07
"ENSG00000171759","PAH","5053",-0.390061242859483,-5.27078876796155,9.26194926839523e-07
"ENSG00000197561","ELANE","1991",-0.369781930667047,-5.27002259446909,9.28949171998723e-07
"ENSG00000189292","FAM150B","285016",-0.465358483998842,-5.26827168725872,9.36074336702009e-07
"ENSG00000071539","TRIP13","9319",0.237703415993494,5.26816771255641,9.36074336702009e-07
"ENSG00000128342","LIF","3976",-0.258271830354722,-5.26519082831732,9.49861783343415e-07
"ENSG00000167619","TMEM145","284339",-0.352341776031048,-5.26459561527135,9.51714711028606e-07
"ENSG00000122254","HS3ST2","9956",0.256637781648777,5.26441625795012,9.51714711028606e-07
"ENSG00000255026","RP11-326C3.2",NA,-0.437566542491313,-5.26369296864268,9.54331685080365e-07
"ENSG00000269227","RP11-345P4.6",NA,-0.366418387499963,-5.26021541613174,9.70937177217122e-07
"ENSG00000170837","GPR27","2850",-0.266834534267163,-5.25841831055919,9.79125213030252e-07
"ENSG00000105894","PTN","5764",-0.242609709909657,-5.25630844741801,9.89006757009321e-07
"ENSG00000211598","IGKV4-1","28908",0.266999743820195,5.25610632599513,9.89010244755792e-07
"ENSG00000143590","EFNA3","1944",0.282943504693326,5.25235888799048,1.00762931185726e-06
"ENSG00000128383","APOBEC3A","200315",0.338550143104843,5.24897989124524,1.02460180881075e-06
"ENSG00000229953","RP11-284F21.7","126568844",-0.379354563769971,-5.24443185242229,1.04826670501043e-06
"ENSG00000168079","SCARA5","286133",-0.337078205034541,-5.24371855235861,1.05109019146282e-06
"ENSG00000211899","IGHM","3507",0.349949921888179,5.23853088743164,1.07896114187349e-06
"ENSG00000130038","CRACR2A","84766",-0.34670904597761,-5.23822569689751,1.079552284993e-06
"ENSG00000265787","CYP4F35P",NA,-0.394284867654227,-5.23665414977551,1.08734266225555e-06
"ENSG00000262372","RP11-669E14.6",NA,-0.443333386255436,-5.23503694840964,1.09545026698308e-06
"ENSG00000141338","ABCA8","10351",-0.305146012839169,-5.23400070366039,1.10026149054021e-06
"ENSG00000099958","DERL3","91319",0.290732444634077,5.23358974360767,1.10147831330568e-06
"ENSG00000130595","TNNT3","7140",-0.326912545460278,-5.23193629846732,1.10990093708723e-06
"ENSG00000124479","NDP","4693",-0.362639830964551,-5.23143925234939,1.11159073416522e-06
"ENSG00000184005","ST6GALNAC3","256435",-0.261388898985354,-5.23124668340963,1.11159073416522e-06
"ENSG00000135111","TBX3","6926",-0.253297305776218,-5.22992363913955,1.11815373215759e-06
"ENSG00000073670","ADAM11","4185",-0.265708668679509,-5.22801792338668,1.12819223406872e-06
"ENSG00000145708","CRHBP","1393",-0.280890459597647,-5.2274321432062,1.1304792654924e-06
"ENSG00000137819","PAQR5","54852",-0.261388232889987,-5.22683671485874,1.13282904317758e-06
"ENSG00000204860","FAM201A",NA,-0.378766188988828,-5.22251418832731,1.15754403513278e-06
"ENSG00000236279","CLEC2L","154790",-0.342212134569453,-5.2215521368665,1.16214592796917e-06
"ENSG00000169418","NPR1","4881",-0.191821700164091,-5.22135871883169,1.16214592796917e-06
"ENSG00000166960","CCDC178","374864",-0.301706742206925,-5.21810257065588,1.18087867242144e-06
"ENSG00000164109","MAD2L1","4085",0.242346983473938,5.21779143874059,1.18157652114831e-06
"ENSG00000179914","ITLN1","55600",0.345531139549417,5.21546247435315,1.19481031122413e-06
"ENSG00000078549","ADCYAP1R1","117",-0.201269588423255,-5.21327648640057,1.20728587374319e-06
"ENSG00000196666","FAM180B","399888",-0.370183264698715,-5.21290874886044,1.2083588376533e-06
"ENSG00000122585","NPY","4852",-0.292474173105843,-5.209327376078,1.2298997796989e-06
"ENSG00000235033","RP11-61I13.3","100505635",-0.284191171944142,-5.20883668556207,1.23178418811795e-06
"ENSG00000142945","KIF2C","11004",0.240286931073256,5.20857444612559,1.2322023988086e-06
"ENSG00000131435","PDLIM4","8572",-0.210073276637413,-5.20763961080493,1.2369564288649e-06
"ENSG00000115194","SLC30A3","7781",0.325848741320257,5.20573927193428,1.2480001245399e-06
"ENSG00000188833","ENTPD8","377841",-0.313686844503527,-5.20479262834339,1.25289200702326e-06
"ENSG00000265415","CTD-2510F5.4",NA,0.18679568830227,5.20382524484582,1.25793945897662e-06
"ENSG00000145936","KCNMB1","3779",-0.236238306961992,-5.20357546829223,1.25828994657404e-06
"ENSG00000109758","HGFAC","3083",-0.393604115858488,-5.20299527642332,1.26081234391705e-06
"ENSG00000173253","DMRT2","10655",-0.234727160055302,-5.20148012882895,1.26951404980685e-06
"ENSG00000180745","CLRN3","119467",-0.256061063069212,-5.19936302953485,1.28174613518481e-06
"ENSG00000275371","RP11-455F5.6",NA,-0.408277279326736,-5.19914849466883,1.28174613518481e-06
"ENSG00000224373","IGHV4-59","28392",0.28630129530143,5.19905338097193,1.28174613518481e-06
"ENSG00000004838","ZMYND10","51364",-0.419288161190583,-5.19100247540056,1.33526768016255e-06
"ENSG00000168874","ATOH8","84913",-0.241362310214774,-5.18735968150696,1.35943165896355e-06
"ENSG00000157765","SLC34A2","10568",-0.342682207396007,-5.18639819841623,1.36485905239634e-06
"ENSG00000170891","CYTL1","54360",-0.247169182120561,-5.18365016760904,1.38309414129552e-06
"ENSG00000175170","FAM182B",NA,-0.301893047526338,-5.1822004894284,1.39214185395919e-06
"ENSG00000134259","NGF","4803",-0.213976884518862,-5.18166852928214,1.39458231950607e-06
"ENSG00000197705","KLHL14","57565",-0.303239664775273,-5.18094374999365,1.39775010193505e-06
"ENSG00000108381","ASPA","443",-0.255065395050603,-5.1808426023104,1.39775010193505e-06
"ENSG00000166535","A2ML1","144568",0.364811833208859,5.17868171551599,1.41210075191061e-06
"ENSG00000105357","MYH14","79784",-0.214699215281135,-5.17479128195817,1.43945924091943e-06
"ENSG00000229598","PRDX3P1",NA,-0.313232929815393,-5.17233912405436,1.45642350324576e-06
"ENSG00000164045","CDC25A","993",0.272826456877937,5.17004032818565,1.47240996313564e-06
"ENSG00000129596","CDO1","1036",-0.246122186998547,-5.16640606380303,1.49890596335497e-06
"ENSG00000170345","FOS","2353",-0.380031646219974,-5.16073163502813,1.54206867055789e-06
"ENSG00000198838","RYR3","6263",-0.294596462356125,-5.15687069259136,1.57161700552689e-06
"ENSG00000164764","SBSPON","157869",-0.443189213857292,-5.15386968260347,1.59460542315054e-06
"ENSG00000163815","CLEC3B","7123",-0.233385918499795,-5.15263111092187,1.60177562353723e-06
"ENSG00000229754","CXCR2P1",NA,0.379135593679302,5.1526149018781,1.60177562353723e-06
"ENSG00000112742","TTK","7272",0.191438109007758,5.14969433294927,1.62451638241253e-06
"ENSG00000007402","CACNA2D2","9254",-0.390994436212831,-5.14866068540204,1.63158665925234e-06
"ENSG00000254852","NPIPA2","642799",-0.434250264017397,-5.14731984512283,1.64129035849177e-06
"ENSG00000184144","CNTN2","6900",-0.29181060546033,-5.14667412919992,1.64513372895434e-06
"ENSG00000070388","FGF22","27006",-0.369944404455579,-5.14583790531697,1.64945198642884e-06
"ENSG00000108924","HLF","3131",-0.292275334790451,-5.14578126806853,1.64945198642884e-06
"ENSG00000169181","GSG1L","146395",-0.358387794127071,-5.14402790894464,1.66280067040675e-06
"ENSG00000115353","TACR1","6869",-0.35071994706204,-5.14357943858696,1.66500161890574e-06
"ENSG00000205002","AARD","441376",-0.294061429714587,-5.14324707551655,1.66620786110543e-06
"ENSG00000159166","LAD1","3898",0.171810220650117,5.14048477826146,1.68845842638024e-06
"ENSG00000085840","ORC1","4998",0.258790310669414,5.13958313381253,1.69465345668763e-06
"ENSG00000173114","LRRN3","54674",-0.281528996549023,-5.13634380147526,1.72150127532865e-06
"ENSG00000106571","GLI3","2737",-0.254138523072144,-5.1349075189393,1.732583902434e-06
"ENSG00000177627","C12orf54","121273",-0.38823243104523,-5.13469150102996,1.73280369276381e-06
"ENSG00000258515","RP11-203M5.7",NA,-0.348043355392379,-5.13223425509725,1.7531580202031e-06
"ENSG00000197646","PDCD1LG2","80380",0.247131678117598,5.13154230063234,1.75768767599518e-06
"ENSG00000248441","LINC01197","400456",-0.225499177055301,-5.13074047326877,1.76322768160873e-06
"ENSG00000129521","EGLN3","112399",0.25605615665359,5.13020966961596,1.76631844963542e-06
"ENSG00000185518","SV2B","9899",-0.271466861108563,-5.12564111134248,1.80658439691274e-06
"ENSG00000272636","DOC2B","8447",-0.292329288383718,-5.12377848630451,1.8221954531051e-06
"ENSG00000106689","LHX2","9355",0.273724310023343,5.1230323345033,1.8274123510258e-06
"ENSG00000154548","SRSF12","135295",-0.399875900586181,-5.11949241249783,1.85916505770379e-06
"ENSG00000144908","ALDH1L1","10840",-0.281200658139681,-5.11651296182716,1.88601098460909e-06
"ENSG00000101542","CDH20","28316",-0.289808322840554,-5.11351184600603,1.91344437280816e-06
"ENSG00000272720","CTA-228A9.3",NA,-0.28818882218344,-5.11288639904486,1.91772781286271e-06
"ENSG00000144230","GPR17","2840",-0.275182807869486,-5.11122384369114,1.93228422945661e-06
"ENSG00000269190","FBXO17","115290",-0.21709542042521,-5.10887225881786,1.95384548383154e-06
"ENSG00000130653","PNPLA7","375775",-0.278014856466901,-5.10571892266773,1.98378147777007e-06
"ENSG00000249550","LINC01234","100506465",0.354177460999775,5.10442208645898,1.99507896422422e-06
"ENSG00000261113","RP11-141O15.1",NA,-0.369919041310267,-5.10358702212653,2.00169492055086e-06
"ENSG00000128274","A4GALT","53947",-0.228508790937685,-5.10261133055564,2.0097818826029e-06
"ENSG00000135069","PSAT1","29968",0.406411701691176,5.10239762408505,2.01003530886163e-06
"ENSG00000128266","GNAZ","2781",-0.242458019047421,-5.10189381650779,2.0132822269688e-06
"ENSG00000101003","GINS1","9837",0.206813727827524,5.10035603136706,2.02725007264671e-06
"ENSG00000092853","CLSPN","63967",0.213989497614,5.09987658972893,2.02872641382827e-06
"ENSG00000108001","EBF3","253738",-0.21380807843491,-5.09983686859653,2.02872641382827e-06
"ENSG00000017427","IGF1","3479",-0.283407183201019,-5.09585738771326,2.06850816352265e-06
"ENSG00000128596","CCDC136","64753",-0.248450569422788,-5.09422356991163,2.08387413360142e-06
"ENSG00000271880","AGAP11",NA,-0.256064067159215,-5.09365017618895,2.08798803710678e-06
"ENSG00000134709","HOOK1","51361",-0.14608482260065,-5.09177429859042,2.10610304403802e-06
"ENSG00000077616","NAALAD2","10003",-0.241497320742065,-5.08898921938503,2.13426122028457e-06
"ENSG00000276663","RP11-407G23.7",NA,-0.385927170494692,-5.0886406262851,2.13426122028457e-06
"ENSG00000174175","SELP","6403",-0.336571276273806,-5.08861500968034,2.13426122028457e-06
"ENSG00000118997","DNAH7","56171",-0.266375969736721,-5.08517721006862,2.16960487135645e-06
"ENSG00000211660","IGLV2-23","28813",0.241291915304652,5.08502777872339,2.16960487135645e-06
"ENSG00000170323","FABP4","2167",-0.354488187054533,-5.08383542201171,2.18077903518894e-06
"ENSG00000056487","PHF21B","112885",-0.415016993518158,-5.07731978670863,2.25241488937695e-06
"ENSG00000172215","CXCR6","10663",0.290517389078393,5.07332777752455,2.2964076177276e-06
"ENSG00000188175","HEPACAM2","253012",-0.397646675030519,-5.07315483507311,2.2964076177276e-06
"ENSG00000117399","CDC20","991",0.207942606103759,5.07069772535174,2.32314830240519e-06
"ENSG00000141526","SLC16A3","9123",0.278716084371627,5.06445432371575,2.39513406178758e-06
"ENSG00000102384","CENPI","2491",0.238098144767422,5.06433567388427,2.39513406178758e-06
"ENSG00000133454","MYO18B","84700",-0.349260735881889,-5.06262384457662,2.41380878812417e-06
"ENSG00000130234","ACE2","59272",0.38372014774031,5.06043487745578,2.43726249116981e-06
"ENSG00000060982","BCAT1","586",0.27807352429592,5.06035148889018,2.43726249116981e-06
"ENSG00000197769","MAP1LC3C","440738",-0.296551032178188,-5.05979571938005,2.44185118849016e-06
"ENSG00000123358","NR4A1","3164",-0.279214021302334,-5.05288341405152,2.52682787111059e-06
"ENSG00000182575","NXPH3","11248",-0.3057623189105,-5.04909926995489,2.57344837661936e-06
"ENSG00000259318","RP11-454L9.2",NA,-0.419347544559027,-5.0469277880886,2.59952807757922e-06
"ENSG00000139044","B4GALNT3","283358",-0.281664351218673,-5.04672272523265,2.59978116942865e-06
"ENSG00000247809","NR2F2-AS1","644192",-0.215160601544208,-5.04651077436323,2.60012743298409e-06
"ENSG00000173210","ABLIM3","22885",-0.314588865052246,-5.03948138916817,2.6920045164031e-06
"ENSG00000103888","CEMIP","57214",0.304459774923891,5.03843020741574,2.70384533980223e-06
"ENSG00000161405","IKZF3","22806",0.301635733795379,5.03538148282207,2.74337197189735e-06
"ENSG00000137463","MGARP","84709",-0.242656687196892,-5.03345721487564,2.76716283817911e-06
"ENSG00000122733","PHF24","23349",-0.32953964518001,-5.03330653176651,2.76716283817911e-06
"ENSG00000197558","SSPO","23145",-0.298295413029997,-5.0316084327647,2.78844877527697e-06
"ENSG00000236058","RP11-215A21.2","729340",-0.0988401302288493,-5.02825055199036,2.83360066613054e-06
"ENSG00000168081","PNOC","5368",0.271203385859421,5.02474817856378,2.88156285097518e-06
"ENSG00000255201","RP11-350N15.4",NA,-0.340869990308905,-5.02376700702783,2.89319129552801e-06
"ENSG00000177575","CD163","9332",0.221810315566509,5.02285271736784,2.90388455009413e-06
"ENSG00000198133","TMEM229B","161145",-0.280928159964426,-5.02210636295081,2.91214421395002e-06
"ENSG00000204099","NEU4","129807",0.415445144449395,5.02189043310642,2.91260801955832e-06
"ENSG00000149970","CNKSR2","22866",-0.292179304286148,-5.02138638800167,2.91732022367445e-06
"ENSG00000187116","LILRA5","353514",0.213283583319779,5.02117579526586,2.91771080178459e-06
"ENSG00000131080","EDA2R","60401",-0.256922442714899,-5.01884764626926,2.94949994816708e-06
"ENSG00000178343","SHISA3","152573",-0.338393306975469,-5.01818182095662,2.95669122069718e-06
"ENSG00000129946","SHC2","25759",-0.237683692679041,-5.01784013514415,2.95905205058424e-06
"ENSG00000149403","GRIK4","2900",-0.303991600195167,-5.01489943947737,3.00054561850561e-06
"ENSG00000187244","BCAM","4059",-0.261100006981497,-5.0143915319178,3.0054649362073e-06
"ENSG00000204175","GPRIN2","9721",-0.312291407730807,-5.01270154930659,3.02841103268986e-06
"ENSG00000123405","NFE2","4778",-0.326074639671495,-5.01037799026982,3.06129798103515e-06
"ENSG00000236333","TRHDE-AS1",NA,-0.364102264025361,-5.00899729202543,3.0798487785259e-06
"ENSG00000104722","NEFM","4741",-0.286539769937376,-5.00605844884044,3.12294888641718e-06
"ENSG00000101307","SIRPB1","10326",0.301344971393948,5.00547479897571,3.12926446293133e-06
"ENSG00000072657","TRHDE","29953",-0.394793317072916,-5.0010409033951,3.1970213265808e-06
"ENSG00000211893","IGHG2","3501",0.251328400593447,4.99845028402196,3.23602426775296e-06
"ENSG00000125657","TNFSF9","8744",0.244248862283953,4.9958695147148,3.27532407133199e-06
"ENSG00000196302","RP11-497H16.5",NA,-0.321465202173282,-4.9910507616946,3.35260831142687e-06
"ENSG00000024526","DEPDC1","55635",0.194915131364618,4.98989151530493,3.36911222303508e-06
"ENSG00000149926","FAM57B","83723",-0.253848076773733,-4.987410788511,3.40820007711846e-06
"ENSG00000157890","MEGF11","84465",-0.317901524351073,-4.98723177495161,3.40820007711846e-06
"ENSG00000163145","C1QTNF7","114905",-0.293398844077093,-4.98641895652045,3.41901698036177e-06
"ENSG00000240204","SMKR1","100287482",-0.19532396890267,-4.98555918455257,3.43067819214965e-06
"ENSG00000196569","LAMA2","3908",-0.246552188159142,-4.98471916605619,3.4420382856801e-06
"ENSG00000139200","PIANP","196500",-0.255192888405114,-4.98415472844063,3.44866046550237e-06
"ENSG00000149599","DUSP15","128853",-0.331089390352716,-4.98235491721941,3.4767973644929e-06
"ENSG00000244734","HBB","3043",-0.248365985158144,-4.98164057886152,3.48611048587851e-06
"ENSG00000164619","BMPER","168667",-0.31412931436175,-4.97755071391752,3.55516049888021e-06
"ENSG00000175206","NPPA","4878",-0.324613892488661,-4.97691238503579,3.56331987256391e-06
"ENSG00000136274","NACAD","23148",-0.234367596773598,-4.97659786597089,3.56570404917134e-06
"ENSG00000094796","KRT31","3881",-0.388288720819915,-4.97511612700213,3.58903907732114e-06
"ENSG00000211679","IGLC3","3539",0.2680042874918,4.97333600809565,3.61793021107247e-06
"ENSG00000123975","CKS2","1164",0.186701969273337,4.97060184639823,3.66452297123879e-06
"ENSG00000167588","GPD1","2819",-0.364690411689408,-4.96786558379042,3.70872639514166e-06
"ENSG00000065609","SNAP91","9892",-0.300350485899416,-4.96784679223268,3.70872639514166e-06
"ENSG00000181092","ADIPOQ","9370",-0.398625527112558,-4.9631264718007,3.79397289937193e-06
"ENSG00000267060","PTGES3L","100885848",-0.243652323828075,-4.95973255553591,3.85545063064905e-06
"ENSG00000126950","TMEM35","59353",-0.237954297654422,-4.95176699876714,4.00635696593649e-06
"ENSG00000083067","TRPM3","80036",-0.32269163217475,-4.95168843008881,4.00635696593649e-06
"ENSG00000036530","CYP46A1","10858",-0.198990916106587,-4.95148813163028,4.00675642774308e-06
"ENSG00000183010","PYCR1","5831",0.164515133305743,4.94999182985884,4.03317163797668e-06
"ENSG00000213424","KRT222","125113",-0.339008685907787,-4.94742215404911,4.0815606640165e-06
"ENSG00000166106","ADAMTS15","170689",-0.348335736361616,-4.94678262112678,4.09093013363799e-06
"ENSG00000164318","EGFLAM","133584",-0.160120705318479,-4.94310378403113,4.16294988988154e-06
"ENSG00000231920","NEBL-AS1",NA,-0.155841939321701,-4.94173828024142,4.18763074195154e-06
"ENSG00000112186","CAP2","10486",-0.200643894720554,-4.9401246404353,4.21766668550225e-06
"ENSG00000123388","HOXC11","3227",0.315844267236098,4.93675511827776,4.28522876741191e-06
"ENSG00000248485","PCP4L1","654790",0.324298753054149,4.93266703569532,4.36943184501988e-06
"ENSG00000156076","WIF1","11197",-0.394399023347333,-4.92937521510192,4.43761829089989e-06
"ENSG00000153246","PLA2R1","22925",-0.150635230941906,-4.92516689197496,4.52740739545808e-06
"ENSG00000261488","RP11-757F18.5","112806053",-0.257867870730493,-4.92250160159539,4.58173999801335e-06
"ENSG00000118513","MYB","4602",-0.219860768635552,-4.92240740107838,4.58173999801335e-06
"ENSG00000176998","HCG4",NA,-0.319627575140409,-4.91954345264809,4.64324101188755e-06
"ENSG00000262663","RP11-497H17.1",NA,-0.412134711572324,-4.91764203186048,4.68311166463821e-06
"ENSG00000143502","SUSD4","55061",-0.251584690605195,-4.91439940141364,4.75484777194716e-06
"ENSG00000185046","ANKS1B","56899",-0.180700357571696,-4.91321664446171,4.77858116921233e-06
"ENSG00000150625","GPM6A","2823",-0.326514411175913,-4.91267677026114,4.78714512446885e-06
"ENSG00000185585","OLFML2A","169611",-0.185953641537793,-4.91145138183599,4.81142551650494e-06
"ENSG00000272711","RP11-259N19.1","118568819",-0.173185837181327,-4.91116760243884,4.81142551650494e-06
"ENSG00000198756","COLGALT2","23127",-0.255395665425855,-4.91112081271375,4.81142551650494e-06
"ENSG00000169908","TM4SF1","4071",-0.249733204695052,-4.9095203548158,4.84546526501793e-06
"ENSG00000260911","RP11-196G11.2",NA,-0.435707832250563,-4.90725019076434,4.89595740162402e-06
"ENSG00000197565","COL4A6","1288",-0.301011293218226,-4.90298132461975,4.99615813677332e-06
"ENSG00000175229","GAL3ST3","89792",-0.214565469985672,-4.89697859030498,5.14224215666498e-06
"ENSG00000173372","C1QA","712",0.181644144028852,4.89565427228429,5.17146981201909e-06
"ENSG00000276107","CTD-2033D15.2",NA,-0.229706440731678,-4.8945713410471,5.19465761217364e-06
"ENSG00000211651","IGLV1-44","28823",0.254584698010202,4.89165735953144,5.265374332246e-06
"ENSG00000211659","IGLV3-25","28793",0.256103128834844,4.88883500135203,5.33460367113596e-06
"ENSG00000077063","CTTNBP2","83992",-0.271298415552256,-4.88855399049757,5.33732531375905e-06
"ENSG00000243422","RPL23AP49","653236",-0.320176182378312,-4.88788225449156,5.35036400873987e-06
"ENSG00000104888","SLC17A7","57030",-0.208998138629356,-4.88573674876446,5.4025956396602e-06
"ENSG00000175265","GOLGA8A","23015",-0.3019484068586,-4.8819367403545,5.50002373122632e-06
"ENSG00000132031","MATN3","4148",-0.27677531374665,-4.8816512710494,5.50295823488966e-06
"ENSG00000169291","SHE","126669",-0.199114716363735,-4.87913275741005,5.56685372610026e-06
"ENSG00000241351","IGKV3-11","28914",0.273943340605434,4.87487885281062,5.6756670070557e-06
"ENSG00000115523","GNLY","10578",0.329709539943259,4.87485015252266,5.6756670070557e-06
"ENSG00000260618","RP11-23N2.4",NA,-0.293121081839668,-4.87459505204757,5.67785301029591e-06
"ENSG00000266524","GDF10","2662",-0.28928641771333,-4.87395960457838,5.69069405994497e-06
"ENSG00000005108","THSD7A","221981",-0.215032079362321,-4.87328944227617,5.70454154466228e-06
"ENSG00000111339","ART4","420",-0.344732223498028,-4.87199309819117,5.73608202256181e-06
"ENSG00000130203","APOE","348",0.182647773911205,4.8672585048847,5.86620347146683e-06
"ENSG00000182175","RGMA","56963",-0.261227050439963,-4.86356364469579,5.96858097644119e-06
"ENSG00000150556","LYPD6B","130576",-0.209876298637341,-4.86248612104237,5.995077153253e-06
"ENSG00000184937","WT1","7490",0.287249309814956,4.8595676927336,6.07639959381893e-06
"ENSG00000078114","NEBL","10529",-0.163330667746285,-4.85873502202154,6.09602498708793e-06
"ENSG00000158445","KCNB1","3745",-0.258998091382293,-4.85565572001783,6.18142458436312e-06
"ENSG00000211970","IGHV4-61","28391",0.286651358242128,4.85554967413809,6.18142458436312e-06
"ENSG00000272734","ADIRF-AS1",NA,-0.214228390163457,-4.85529638554733,6.18377464020801e-06
"ENSG00000141639","MAPK4","5596",-0.376365969648592,-4.851980736675,6.27978912815596e-06
"ENSG00000009950","MLXIPL","51085",-0.242567552146053,-4.85075056154565,6.31235442281892e-06
"ENSG00000235373","RP11-206L10.3",NA,-0.264569933938351,-4.85046833526498,6.31565778428214e-06
"ENSG00000125804","FAM182A","284800",-0.286592066310318,-4.8500337916821,6.32368882285957e-06
"ENSG00000181649","PHLDA2","7262",0.228729504375702,4.84956722308152,6.33272806540028e-06
"ENSG00000198019","FCGR1B",NA,0.175566049791977,4.84750706029802,6.39152157413798e-06
"ENSG00000133519","ZDHHC8P1",NA,-0.179768678468199,-4.84664535332182,6.41306794545971e-06
"ENSG00000211959","IGHV4-39","28394",0.277366213854743,4.84537275398108,6.44765566319177e-06
"ENSG00000111665","CDCA3","83461",0.266673070577946,4.84240898397109,6.5363428965845e-06
"ENSG00000211448","DIO2","1734",0.227621031577644,4.84142877200238,6.5604027734698e-06
"ENSG00000109674","NEIL3","55247",0.152377520974145,4.84130923412745,6.5604027734698e-06
"ENSG00000170153","RNF150","57484",-0.24526583703979,-4.83349514760884,6.81025378446219e-06
"ENSG00000254855","RP11-867G23.1",NA,-0.394541717320021,-4.82973423710784,6.9306763636959e-06
"ENSG00000189001","SBSN","374897",0.348918300574453,4.82891090992587,6.95267800954209e-06
"ENSG00000128833","MYO5C","55930",-0.209906951718579,-4.82780332890001,6.98444072603967e-06
"ENSG00000168077","SCARA3","51435",-0.197171997887813,-4.82508026109511,7.07190687223295e-06
"ENSG00000168702","LRP1B","53353",-0.377829244107961,-4.82451527968312,7.08540773786432e-06
"ENSG00000211644","IGLV1-51","28820",0.277064646916446,4.82239157486039,7.15314282619521e-06
"ENSG00000140534","TICRR","90381",0.266952692387752,4.82084177069888,7.20131459329655e-06
"ENSG00000100968","NFATC4","4776",-0.25226438432635,-4.82028095450241,7.21491626721734e-06
"ENSG00000131471","AOC3","8639",-0.201583233350864,-4.81903972247625,7.24955625616294e-06
"ENSG00000153294","ADGRF4","221393",0.300454396029238,4.81895130909723,7.24955625616294e-06
"ENSG00000152253","SPC25","57405",0.146965149909926,4.81844481052003,7.26133449493985e-06
"ENSG00000115616","SLC9A2","6549",0.400519037990483,4.8147926393669,7.38550771321785e-06
"ENSG00000173467","AGR3","155465",-0.305721326587074,-4.81158656426348,7.49542090137504e-06
"ENSG00000272949","RP11-514P8.8",NA,-0.304367271535736,-4.81019330971468,7.5400747641377e-06
"ENSG00000121621","KIF18A","81930",0.190879128720544,4.80931164042367,7.56612249653861e-06
"ENSG00000090539","CHRD","8646",-0.294515250140804,-4.80764601994095,7.62128203761908e-06
"ENSG00000065320","NTN1","9423",-0.261365910419752,-4.80539805791213,7.69860854433022e-06
"ENSG00000269929","RP11-2B6.2","112903833",-0.375331531488174,-4.80222317466013,7.8118162006578e-06
"ENSG00000105609","LILRB5","10990",0.262380507691154,4.8014621814218,7.83232990958485e-06
"ENSG00000280202","RP5-1180D12.1",NA,-0.303517571520578,-4.80133794821779,7.83232990958485e-06
"ENSG00000105974","CAV1","857",-0.174171183709679,-4.79849133039345,7.93476607573397e-06
"ENSG00000158008","EXTL1","2134",-0.245352146641333,-4.79777862243389,7.94994633649285e-06
"ENSG00000198203","SULT1C2","6819",0.254885884807948,4.79775279200597,7.94994633649285e-06
"ENSG00000196263","ZNF471","57573",-0.256661948027211,-4.79608876446761,8.00775086445538e-06
"ENSG00000182107","TMEM30B","161291",-0.138146118252855,-4.79576684756376,8.01357258957638e-06
"ENSG00000197614","MFAP5","8076",0.175927706342993,4.79507127765799,8.02735838075762e-06
"ENSG00000118407","FILIP1","27145",-0.17659867335889,-4.79497340574749,8.02735838075762e-06
"ENSG00000205358","MT1H","4496",0.326188331845074,4.79489688523525,8.02735838075762e-06
"ENSG00000165443","PHYHIPL","84457",-0.235819466033012,-4.79158136448112,8.15078290953312e-06
"ENSG00000116147","TNR","7143",-0.241311317142944,-4.78997072167241,8.20788171713661e-06
"ENSG00000135842","FAM129A","116496",-0.287545543586003,-4.78903456790083,8.23837560480624e-06
"ENSG00000187486","KCNJ11","3767",-0.271866171788517,-4.78786741928234,8.2782491836489e-06
"ENSG00000112562","SMOC2","64094",-0.207113776259874,-4.78658359020791,8.32301793860672e-06
"ENSG00000043039","BARX2","8538",-0.185985876338409,-4.7819373127564,8.50546470783052e-06
"ENSG00000112303","VNN2","8875",0.275575248490033,4.77903118355564,8.61884989857784e-06
"ENSG00000175857","GAPT","202309",-0.228423458368747,-4.77861558498223,8.6279427491563e-06
"ENSG00000149527","PLCH2","9651",-0.259339103530631,-4.77847105590011,8.6279427491563e-06
"ENSG00000141052","MYOCD","93649",-0.234271246801159,-4.77823714672823,8.63057245231508e-06
"ENSG00000181856","SLC2A4","6517",-0.255127234911289,-4.77079027603054,8.93972275889777e-06
"ENSG00000183114","FAM43B","163933",-0.194163504889852,-4.7694956676724,8.98840563289805e-06
"ENSG00000175643","RMI2","116028",0.192850543567434,4.76800400840729,9.04124374534493e-06
"ENSG00000182916","TCEAL7","56849",-0.159872006810462,-4.76794110785064,9.04124374534493e-06
"ENSG00000144857","BOC","91653",-0.206283461312314,-4.76695278851542,9.07702958461325e-06
"ENSG00000011677","GABRA3","2556",0.360024677314852,4.76501056684138,9.15503012003377e-06
"ENSG00000179915","NRXN1","9378",-0.281622280746816,-4.76439460302798,9.17474707071084e-06
"ENSG00000165105","RASEF","158158",-0.158274933406807,-4.76021817458788,9.3538593766287e-06
"ENSG00000168546","GFRA2","2675",-0.263997159682056,-4.75846420840376,9.42558719666676e-06
"ENSG00000166592","RRAD","6236",-0.26053966665959,-4.75626599888744,9.51820900342648e-06
"ENSG00000243896","OR2A7","401427",-0.22592669504399,-4.75527578959153,9.55591080458563e-06
"ENSG00000184613","NELL2","4753",-0.366376893751434,-4.75362822337956,9.62419805510554e-06
"ENSG00000275896","PRSS2","5645",-0.29714507316222,-4.75280199236514,9.64968205129494e-06
"ENSG00000244437","IGKV3-15","28913",0.229049258534321,4.75273968517239,9.64968205129494e-06
"ENSG00000049089","COL9A2","1298",-0.294233093895227,-4.75183371350191,9.68397043276969e-06
"ENSG00000084628","NKAIN1","79570",-0.324153719636988,-4.74952549223918,9.78422560114989e-06
"ENSG00000115339","GALNT3","2591",0.302548341922424,4.74580173374915,9.95304670607921e-06
"ENSG00000169313","P2RY12","64805",-0.260752626776686,-4.74561261721097,9.95398832945462e-06
"ENSG00000273272","CTA-384D8.34",NA,0.340803815412506,4.74375449611559,1.00351835113444e-05
"ENSG00000153002","CPB1","1360",-0.483433549148758,-4.74345239395615,1.00415979836592e-05
"ENSG00000187922","LCN10","414332",-0.347282598563952,-4.74251185924976,1.00789190123502e-05
"ENSG00000172955","ADH6","130",-0.323154917362677,-4.74183393525295,1.01036124865665e-05
"ENSG00000151572","ANO4","121601",-0.269968439064451,-4.73856835688651,1.02551225275222e-05
"ENSG00000161249","DMKN","93099",-0.225101200202007,-4.73214633761482,1.05677454196043e-05
"ENSG00000144619","CNTN4","152330",-0.257656495927633,-4.72512290313448,1.09209459540412e-05
"ENSG00000272789","RP11-286H15.1",NA,-0.31036236222775,-4.72436314099847,1.09519115061797e-05
"ENSG00000113296","THBS4","7060",-0.318772384575077,-4.71578016729283,1.14022004211602e-05
"ENSG00000060718","COL11A1","1301",0.228436505181359,4.71356772959767,1.1514209118405e-05
"ENSG00000129173","E2F8","79733",0.183717547044582,4.71291054382544,1.15411266392044e-05
"ENSG00000108823","SGCA","6442",-0.238309640814019,-4.70999054171733,1.16939346288593e-05
"ENSG00000072133","RPS6KA6","27330",-0.24668756671099,-4.70932221141967,1.17218874662389e-05
"ENSG00000181847","TIGIT","201633",0.289940639512531,4.70591404890469,1.19047192359766e-05
"ENSG00000185818","NAT8L","339983",-0.238949259812075,-4.70487832456695,1.19541173321645e-05
"ENSG00000113924","HGD","3081",0.290947571354035,4.70417121173502,1.19848982124353e-05
"ENSG00000100181","TPTEP1",NA,-0.364842172013322,-4.70205163235062,1.20970479402765e-05
"ENSG00000173404","INSM1","3642",-0.372897389686736,-4.69788396467931,1.23300766127623e-05
"ENSG00000141622","RNF165","494470",-0.255894235905156,-4.69608278334069,1.24264487665401e-05
"ENSG00000254419","RP11-261P9.4",NA,-0.372904035456224,-4.69563879462436,1.24427924721882e-05
"ENSG00000169035","KLK7","5650",-0.338059570382035,-4.69346083971252,1.25625519007391e-05
"ENSG00000179902","C1orf194","127003",-0.248978617865451,-4.69297891034239,1.25813520046012e-05
"ENSG00000271730","RP11-787I22.3",NA,-0.429391729737233,-4.69192420823808,1.26346149516721e-05
"ENSG00000183242","WT1-AS","51352",0.328685602736889,4.69088003144676,1.26874629385209e-05
"ENSG00000103647","CORO2B","10391",-0.190619364188096,-4.6892606148434,1.27692568268754e-05
"ENSG00000260459","FTLP14",NA,0.166371352323063,4.68919515263003,1.27692568268754e-05
"ENSG00000188385","JAKMIP3","282973",-0.298572520567165,-4.68847437576951,1.28029338991572e-05
"ENSG00000167779","IGFBP6","3489",-0.165165490358723,-4.68705420533712,1.28795060520537e-05
"ENSG00000126460","PRRG2","5639",-0.157366060786031,-4.68662767204508,1.28954026429142e-05
"ENSG00000163823","CCR1","1230",0.231251968386878,4.68377363266912,1.30613045139125e-05
"ENSG00000179178","TMEM125","128218",-0.093201747624884,-4.68223982004848,1.31464714675511e-05
"ENSG00000181019","NQO1","1728",0.263510791107285,4.67773049340458,1.34206220833324e-05
"ENSG00000259969","RP11-999E24.3",NA,-0.238204482939381,-4.67592301548227,1.35256074921968e-05
"ENSG00000102678","FGF9","2254",-0.361326676407224,-4.67529418701566,1.35553039062258e-05
"ENSG00000154928","EPHB1","2047",-0.250078203026275,-4.6712484355335,1.38072154671187e-05
"ENSG00000186074","CD300LF","146722",0.17574022852278,4.66846274479539,1.39798234713414e-05
"ENSG00000249669","MIR143HG",NA,-0.182765930349637,-4.66745521962602,1.40356688076285e-05
"ENSG00000211973","IGHV1-69","28461",0.348790790819468,4.6662857078397,1.41025598914267e-05
"ENSG00000186479","RGS7BP","401190",-0.281885560135761,-4.6645352706155,1.42088306569569e-05
"ENSG00000159189","C1QC","714",0.164534858648225,4.6598720660605,1.45147528162396e-05
"ENSG00000223350","IGLV9-49","28773",0.350415467986603,4.65863052830263,1.45888133796519e-05
"ENSG00000259363","CTD-2054N24.2",NA,-0.338309787722426,-4.65660657601527,1.4717639514768e-05
"ENSG00000124343","XG","7499",0.163078279853452,4.65625982954498,1.47302018280109e-05
"ENSG00000167105","TMEM92","162461",0.211096987479085,4.65492023571587,1.48122001431092e-05
"ENSG00000166959","MS4A8","83661",-0.364828979883042,-4.65208976903103,1.50000256862046e-05
"ENSG00000145824","CXCL14","9547",-0.264892457948363,-4.64979215430264,1.51519284999319e-05
"ENSG00000151967","SCHIP1","29970",-0.211175708695457,-4.64932115098351,1.51737752477241e-05
"ENSG00000124194","GDAP1L1","78997",-0.283025060191318,-4.64693671673794,1.53336573505958e-05
"ENSG00000226145","KRT16P6",NA,-0.333129972937635,-4.64453784150817,1.5496211976982e-05
"ENSG00000085563","ABCB1","5243",-0.23837612575164,-4.64396752602631,1.55258276774357e-05
"ENSG00000274253","RP11-566K19.6","283683",-0.39982557939631,-4.64033816585516,1.5781704007812e-05
"ENSG00000243466","IGKV1-5","28299",0.235507651347454,4.63919495260207,1.58546402315324e-05
"ENSG00000111432","FZD10","11211",-0.20565872802905,-4.63654431588763,1.6041522663028e-05
"ENSG00000115361","ACADL","33",-0.313240110624938,-4.63089325005187,1.64615610141536e-05
"ENSG00000151789","ZNF385D","79750",-0.264089853519746,-4.63017109932077,1.65047546769892e-05
"ENSG00000133636","NTS","4922",-0.403599897071106,-4.62959593116015,1.65366159496102e-05
"ENSG00000019169","MARCO","8685",0.367245193164602,4.62541157923849,1.68523813972095e-05
"ENSG00000118193","KIF14","9928",0.199901602881138,4.61950510755476,1.73134961382819e-05
"ENSG00000183807","FAM162B","221303",-0.192966550509619,-4.61824673208371,1.74026313750413e-05
"ENSG00000105696","TMEM59L","25789",-0.186641033320964,-4.61737470645015,1.74604945815716e-05
"ENSG00000170509","HSD17B13","345275",-0.349497254892981,-4.61077633703612,1.79912130686553e-05
"ENSG00000252464","RN7SKP70","107057644",-0.349761188326308,-4.61066586261957,1.79912130686553e-05
"ENSG00000197472","ZNF695","57116",0.210831178929774,4.61042860628554,1.79972879075676e-05
"ENSG00000278621","CTD-2033D15.3",NA,-0.335550423337745,-4.60921130292916,1.80863299201384e-05
"ENSG00000267605","CTD-3220F14.1",NA,-0.226594123687119,-4.6050036071953,1.84323954721045e-05
"ENSG00000072041","SLC6A15","55117",-0.367156654621154,-4.60060989140984,1.88011686957762e-05
"ENSG00000211637","IGLV4-69","28784",0.267027675649702,4.59801300559959,1.90164301311234e-05
"ENSG00000157193","LRP8","7804",0.282567941056644,4.59768978727357,1.90305120548223e-05
"ENSG00000250366","TUNAR","100507043",-0.340785775019843,-4.59702301535692,1.90752568722617e-05
"ENSG00000273036","FAM95C","107133499",-0.348450792846448,-4.5938454867735,1.93459964656171e-05
"ENSG00000225492","GBP1P1",NA,0.315018188535621,4.59351751672815,1.93607640427811e-05
"ENSG00000142303","ADAMTS10","81794",-0.229409264097605,-4.59156463220384,1.95233106790915e-05
"ENSG00000183734","ASCL2","430",0.27548874060061,4.58866153955252,1.97747690778849e-05
"ENSG00000125869","LAMP5","24141",-0.219405545267817,-4.58815019539337,1.98068298336531e-05
"ENSG00000226065","ZBTB45P2",NA,-0.296418254896734,-4.5873666902697,1.98641864580951e-05
"ENSG00000109906","ZBTB16","7704",-0.347641537330748,-4.58548065443265,2.00207842014423e-05
"ENSG00000043591","ADRB1","153",-0.361059703608283,-4.58535654400003,2.00207842014423e-05
"ENSG00000153902","LGI4","163175",-0.149597194553221,-4.58437797667727,2.00970491978007e-05
"ENSG00000159708","LRRC36","55282",-0.208008753682076,-4.58070097791581,2.04292189943843e-05
"ENSG00000138769","CDKL2","8999",-0.361529325490938,-4.58053110498743,2.04297713834303e-05
"ENSG00000137941","TTLL7","79739",0.255753281219806,4.57894909540524,2.05653394223253e-05
"ENSG00000072571","HMMR","3161",0.177742354169736,4.57872505718906,2.05711094404267e-05
"ENSG00000141485","SLC13A5","284111",-0.28180753655524,-4.57812724913759,2.06127856474544e-05
"ENSG00000182013","PNMAL1","55228",-0.227245558289307,-4.577711567489,2.06370210351656e-05
"ENSG00000007968","E2F2","1870",0.165906130978855,4.5760931045687,2.07774603074678e-05
"ENSG00000275620","FLJ16779","100192386",-0.292870667532689,-4.56855917277536,2.15030859352278e-05
"ENSG00000079215","SLC1A3","6507",0.179055595060624,4.56423176709689,2.19236810278435e-05
"ENSG00000237886","LINC01573","101928483",-0.346262080142457,-4.5599814120325,2.23441424436811e-05
"ENSG00000137812","CASC5","57082",0.169810531828969,4.55397546064475,2.29586555594556e-05
"ENSG00000113303","BTNL8","79908",0.343871671365331,4.55367192313129,2.29735640793948e-05
"ENSG00000211592","IGKC","3514",0.263513091136093,4.55073038495228,2.32715790196154e-05
"ENSG00000160469","BRSK1","84446",-0.227538596727811,-4.54060378235283,2.43711317988435e-05
"ENSG00000162105","SHANK2","22941",-0.140817785722227,-4.54020103888368,2.43981132244465e-05
"ENSG00000262061","RP11-1260E13.4","100506388",-0.240431007938653,-4.53938910973957,2.44714372142131e-05
"ENSG00000165188","RNF183","138065",-0.346775818050125,-4.53688863551411,2.4737489966983e-05
"ENSG00000211951","IGHV2-26","28455",0.318543890372178,4.53578826405949,2.4844926258956e-05
"ENSG00000101916","TLR8","51311",0.254134928514952,4.53522363746785,2.48910738815419e-05
"ENSG00000188580","NKAIN2","154215",-0.246261978466651,-4.53430306349797,2.49783913677766e-05
"ENSG00000184564","SLITRK6","84189",-0.33730273745822,-4.53330082941871,2.50754748162346e-05
"ENSG00000051341","POLQ","10721",0.190271355949693,4.53221518358867,2.51826339519107e-05
"ENSG00000167754","KLK5","25818",-0.333969093640398,-4.5318145389811,2.52103085981274e-05
"ENSG00000136999","NOV","4856",-0.221161431641146,-4.52915622523908,2.55026533971402e-05
"ENSG00000134690","CDCA8","55143",0.191965905087062,4.52858671367373,2.55506011311715e-05
"ENSG00000271141","RP11-171I2.4",NA,-0.293679749680653,-4.52822235548563,2.55744043632259e-05
"ENSG00000260051","LA16c-390E6.4",NA,-0.378747232744072,-4.52482203689073,2.59595495134798e-05
"ENSG00000064886","CHI3L2","1117",-0.342270666178325,-4.52158890534288,2.63299271445275e-05
"ENSG00000154839","SKA1","220134",0.175803466499856,4.51711756940398,2.68393987727197e-05
"ENSG00000165197","FIGF","2277",-0.296572667831599,-4.51710687574453,2.68393987727197e-05
"ENSG00000254866","DEFB109P3","503838",-0.391577455299131,-4.51616513771417,2.69359451328403e-05
"ENSG00000115598","IL1RL2","8808",-0.252170281761579,-4.51558113281472,2.69883181788284e-05
"ENSG00000196878","LAMB3","3914",-0.233772067881067,-4.5151889084509,2.70169210899875e-05
"ENSG00000174740","PABPC5","140886",-0.207971109791854,-4.51371427453168,2.71807362978062e-05
"ENSG00000109101","FOXN1","8456",-0.221750972440451,-4.51092156437652,2.75119370993276e-05
"ENSG00000104327","CALB1","793",-0.272130570762443,-4.51056562161737,2.75364975619083e-05
"ENSG00000067445","TRO","7216",-0.225614181479002,-4.50716030496573,2.79504964864535e-05
"ENSG00000186472","PCLO","27445",-0.186597032093831,-4.50631262026928,2.80387850594977e-05
"ENSG00000075218","GTSE1","51512",0.190597722215917,4.50356529151445,2.83740629274226e-05
"ENSG00000115252","PDE1A","5136",-0.1641235703041,-4.50328663324909,2.83893040376225e-05
"ENSG00000163993","S100P","6286",0.277989685654963,4.50291186352802,2.84171164247405e-05
"ENSG00000135917","SLC19A3","80704",-0.335387111735995,-4.49938630412139,2.88596984537692e-05
"ENSG00000065534","MYLK","4638",-0.212956935747263,-4.49416916410581,2.95293463466626e-05
"ENSG00000101098","RIMS4","140730",-0.330830932047442,-4.49406587716,2.95293463466626e-05
"ENSG00000144406","UNC80","285175",-0.293404889422952,-4.49320145084128,2.96247187158801e-05
"ENSG00000141744","PNMT","5409",0.394048375991738,4.48769941000822,3.03590200686064e-05
"ENSG00000259933","RP11-304L19.1","105371049",-0.364919386080161,-4.48450261637242,3.07840781345265e-05
"ENSG00000211666","IGLV2-14","28815",0.238496529783017,4.48304880837402,3.09667740906217e-05
"ENSG00000138131","LOXL4","84171",-0.274716293571895,-4.4795907524615,3.14375147735648e-05
"ENSG00000099864","PALM","5064",-0.249986291105081,-4.47818827936002,3.16164979075174e-05
"ENSG00000110076","NRXN2","9379",-0.204229137541287,-4.47753599531145,3.16875711581081e-05
"ENSG00000211964","IGHV3-48","28424",0.314927745949123,4.4770808244216,3.17301970230858e-05
"ENSG00000101197","BIRC7","79444",0.260112002171972,4.47690511842248,3.17323166469938e-05
"ENSG00000187773","FAM69C","125704",-0.258045139735255,-4.47509892840529,3.19718888972552e-05
"ENSG00000188064","WNT7B","7477",0.147558447417266,4.47127275917831,3.25118407698468e-05
"ENSG00000134339","SAA2","6289",-0.228368936955672,-4.4706963085963,3.25736008137181e-05
"ENSG00000070193","FGF10","2255",-0.306198496684323,-4.46969508829032,3.26988491497603e-05
"ENSG00000215910","C1orf167","284498",-0.403276793328846,-4.46791129042233,3.29420402440793e-05
"ENSG00000063015","SEZ6","124925",-0.32969311175111,-4.46552828893813,3.32778213055251e-05
"ENSG00000107295","SH3GL2","6456",-0.290596879063869,-4.46357232925904,3.35514665379809e-05
"ENSG00000143318","CASQ1","844",-0.260231827261569,-4.46261631458219,3.36733914122034e-05
"ENSG00000101311","FERMT1","55612",-0.28715455394776,-4.46095999611469,3.39038146070894e-05
"ENSG00000158560","DYNC1I1","1780",-0.200694973636768,-4.45937512105791,3.41246378075364e-05
"ENSG00000144642","RBMS3","27303",-0.201707589870035,-4.45792649574622,3.43059327075265e-05
"ENSG00000221946","FXYD7","53822",-0.286526029402182,-4.4578915592095,3.43059327075265e-05
"ENSG00000196091","MYBPC1","4604",-0.3207926441386,-4.45431831020844,3.4843320850176e-05
"ENSG00000163239","TDRD10","126668",-0.203558381103313,-4.45236210339381,3.51293237305826e-05
"ENSG00000254709","IGLL5","100423062",0.237690208297302,4.44981745523085,3.55124999624772e-05
"ENSG00000134323","MYCN","4613",0.244502683581283,4.44858257786683,3.56865117607447e-05
"ENSG00000167434","CA4","762",-0.372333786500598,-4.44717420785416,3.58896425428717e-05
"ENSG00000160188","RSPH1","89765",-0.234773784764167,-4.44651159583763,3.59717478152004e-05
"ENSG00000267640","CTD-2554C21.2",NA,-0.23437276413131,-4.44618185838938,3.59995394835553e-05
"ENSG00000105967","TFEC","22797",0.234556848583871,4.44593395374443,3.60139710601257e-05
"ENSG00000146469","VIP","7432",-0.239838232903845,-4.44549652229226,3.6059471587827e-05
"ENSG00000141576","RNF157","114804",-0.257777734556456,-4.44104266961649,3.67698001346216e-05
"ENSG00000168743","NPNT","255743",-0.231975305485364,-4.43945766861396,3.70085248789783e-05
"ENSG00000163631","ALB","213",-0.277257122246963,-4.43258757885268,3.81523866457394e-05
"ENSG00000271447","MMP28","79148",-0.184390586861323,-4.43221767969376,3.81887786058788e-05
"ENSG00000130487","KLHDC7B","113730",0.281589469564285,4.42975350199883,3.85629866685562e-05
"ENSG00000267815","CTB-191K22.5",NA,-0.182103900303788,-4.42974700534719,3.85629866685562e-05
"ENSG00000181617","FDCSP","260436",-0.339756306371159,-4.42341422629106,3.96283909840415e-05
"ENSG00000224183","SDHDP6",NA,-0.387395124346893,-4.42340922037004,3.96283909840415e-05
"ENSG00000242715","CCDC169","728591",-0.315991053022159,-4.41857993448224,4.04742845657058e-05
"ENSG00000261655","CTD-3064M3.3",NA,-0.231499384694376,-4.4139693139097,4.12965921056444e-05
"ENSG00000260228","RP11-483P21.2","102724163",0.224370390599144,4.4122040073584,4.15971609932824e-05
"ENSG00000128268","MGAT3","4248",-0.234660311357456,-4.41109838933977,4.17752473145495e-05
"ENSG00000140379","BCL2A1","597",0.236791788256953,4.40843436283366,4.22316581798509e-05
"ENSG00000152661","GJA1","2697",-0.239787445917662,-4.40837211699654,4.22316581798509e-05
"ENSG00000267421","AC005498.3","101928982",-0.292408635225816,-4.407401140743,4.23866165557769e-05
"ENSG00000035499","DEPDC1B","55789",0.180506031592749,4.40649786149768,4.25291434766154e-05
"ENSG00000162913","C1orf145","574407",-0.232591656161294,-4.40478704311553,4.28277899720488e-05
"ENSG00000043355","ZIC2","7546",0.343763333907703,4.40302022490084,4.31393291819279e-05
"ENSG00000152954","NRSN1","140767",-0.259175540542822,-4.40282848226778,4.31457381613708e-05
"ENSG00000149043","SYT8","90019",-0.272611060895934,-4.4016363620797,4.33471226766773e-05
"ENSG00000165887","ANKRD2","26287",-0.244520372059231,-4.39834437291179,4.39632042307963e-05
"ENSG00000262943","ALOX12P2",NA,-0.371247355327256,-4.39813614822308,4.39730308953443e-05
"ENSG00000133134","BEX2","84707",-0.257667693092896,-4.39630400713128,4.43055737863345e-05
"ENSG00000174469","CNTNAP2","26047",0.309569120954062,4.39397348817838,4.47407234139935e-05
"ENSG00000164946","FREM1","158326",-0.260930735317648,-4.39314010454789,4.48767761357107e-05
"ENSG00000124440","HIF3A","64344",-0.267332566201748,-4.39142200423901,4.51926739951831e-05
"ENSG00000146250","PRSS35","167681",-0.2461587153012,-4.39092476931241,4.52616074324863e-05
"ENSG00000279809","AC005538.3",NA,0.334151359448666,4.39039483653815,4.53373227163132e-05
"ENSG00000143153","ATP1B1","481",-0.215113766206373,-4.38967450155998,4.54520593534688e-05
"ENSG00000166482","MFAP4","4239",-0.244438504916133,-4.38929090054314,4.54981793416598e-05
"ENSG00000158488","CD1E","913",-0.222394646240225,-4.38911265466258,4.55023489128096e-05
"ENSG00000131094","C1QL1","10882",-0.23007276652878,-4.38891174438223,4.55111758814976e-05
"ENSG00000198780","FAM169A","26049",-0.328048577148986,-4.38712072132053,4.58464215515056e-05
"ENSG00000104723","TUSC3","7991",-0.182586226808353,-4.38444338948804,4.63682073942176e-05
"ENSG00000087258","GNAO1","2775",-0.254998663395029,-4.38390672119658,4.6447199594452e-05
"ENSG00000180818","HOXC10","3226",0.190317275148402,4.38249603262999,4.67092337354757e-05
"ENSG00000159307","SCUBE1","80274",-0.323852273155639,-4.38181506294528,4.68191206461603e-05
"ENSG00000127423","AUNIP","79000",0.217694770007924,4.38092557939116,4.69731988607876e-05
"ENSG00000259207","ITGB3","3690",-0.200410587163228,-4.37955551244614,4.72294869300307e-05
"ENSG00000164161","HHIP","64399",-0.285635254064275,-4.37695175411983,4.77505396673219e-05
"ENSG00000166803","KIAA0101","9768",0.129496229921175,4.37584194288977,4.7954908351537e-05
"ENSG00000151715","TMEM45B","120224",0.254685236524809,4.37249713075738,4.86448171402112e-05
"ENSG00000130176","CNN1","1264",-0.164351659455193,-4.3721217861118,4.86924058972293e-05
"ENSG00000151006","PRSS53","339105",-0.230975273632101,-4.3695606149521,4.92194603812314e-05
"ENSG00000255571","LINC00925","254559",0.210810786288152,4.36881576415476,4.93491700937641e-05
"ENSG00000242076","IGKV1-33","28933",0.227013464447032,4.3683955547004,4.94073806135106e-05
"ENSG00000152580","IGSF10","285313",-0.244499811454393,-4.36334200992685,5.0478427754252e-05
"ENSG00000088726","TMEM40","55287",0.241071849285772,4.363288041856,5.0478427754252e-05
"ENSG00000198734","F5","2153",0.195452126580201,4.36247645862964,5.06264451346064e-05
"ENSG00000167244","IGF2","3481",-0.229102748555977,-4.36006728216815,5.11387133607861e-05
"ENSG00000163687","DNASE1L3","1776",-0.275757506867519,-4.3583186388308,5.15037465052634e-05
"ENSG00000273760","CH17-360D5.3",NA,-0.294688273945423,-4.35812258667777,5.15128460424338e-05
"ENSG00000259134","LINC00924","145820",-0.23817234323668,-4.35399057302033,5.24353706916479e-05
"ENSG00000231359","AC072052.7","100271193",-0.285381136898949,-4.35014228386798,5.33061408701409e-05
"ENSG00000248890","HHIP-AS1","646576",-0.244375689123929,-4.34850145461904,5.36601209892404e-05
"ENSG00000100427","MLC1","23209",-0.28543488393883,-4.3480223741498,5.37373704404361e-05
"ENSG00000269416","LINC01224","104472717",-0.360375400749177,-4.34734478747349,5.38623809379137e-05
"ENSG00000197822","OCLN","100506658",-0.177014287052754,-4.34471367233047,5.44596509945881e-05
"ENSG00000230953","RP4-631H13.6",NA,-0.385513427672409,-4.34408615465746,5.45741132820941e-05
"ENSG00000211689","TRGC1","6966",0.290403622043191,4.3411904912065,5.52439281321624e-05
"ENSG00000214870","AC004540.5","441204",-0.204714182430813,-4.33940716239092,5.56454836550739e-05
"ENSG00000163531","NFASC","23114",-0.25413073511109,-4.33908577733442,5.56864483572884e-05
"ENSG00000229299","RP4-583P15.10",NA,-0.346781693259793,-4.33773153674985,5.59841274348439e-05
"ENSG00000227953","LINC01341",NA,-0.28840931761242,-4.33673670594065,5.61934387097475e-05
"ENSG00000274576","IGHV2-70","28454",0.299886122997082,4.33656634795359,5.61970861709196e-05
"ENSG00000089012","SIRPG","55423",0.229470779414335,4.33625688614925,5.62355372719891e-05
"ENSG00000167971","CASKIN1","57524",-0.19244146908202,-4.33067847168744,5.76074121951428e-05
"ENSG00000138778","CENPE","1062",0.198944387185663,4.32987513373326,5.77733845065891e-05
"ENSG00000249590","RP4-539M6.19",NA,-0.118373989451502,-4.32531202088559,5.89149508525448e-05
"ENSG00000166342","NETO1","81832",0.269108280344897,4.32422805712444,5.91581255906682e-05
"ENSG00000129455","KLK8","11202",-0.300335172020683,-4.3237374776659,5.92461242041871e-05
"ENSG00000245532","NEAT1","283131",-0.250513141490791,-4.32185283262918,5.97022428396297e-05
"ENSG00000189184","PCDH18","54510",-0.179392533713068,-4.32048049397411,6.00252404106305e-05
"ENSG00000135549","PKIB","5570",-0.251156145478233,-4.31808764058258,6.06234502609708e-05
"ENSG00000011347","SYT7","9066",-0.163218498702692,-4.31743484894247,6.07572290053449e-05
"ENSG00000211965","IGHV3-49","28423",0.250094458941429,4.31492272984658,6.13948081344781e-05
"ENSG00000111206","FOXM1","2305",0.204147511028978,4.31438516392071,6.14988508331664e-05
"ENSG00000003989","SLC7A2","6542",-0.382841675496906,-4.31034781147674,6.25646535002447e-05
"ENSG00000281406","BLACAT1","101669762",-0.321348622042234,-4.30664575516994,6.35537613181354e-05
"ENSG00000165449","SLC16A9","220963",-0.231925592935897,-4.30460352359651,6.40588017821424e-05
"ENSG00000158023","WDR66","144406",-0.267744036280584,-4.30454472462658,6.40588017821424e-05
"ENSG00000275302","CCL4","6351",0.19461395836073,4.3032087710986,6.43939246154846e-05
"ENSG00000038945","MSR1","4481",0.192582253546912,4.3027400518287,6.44832559767926e-05
"ENSG00000149633","KIAA1755","85449",-0.186703828947635,-4.30191874273577,6.46733637404944e-05
"ENSG00000211941","IGHV3-11","28450",0.24157403034891,4.30082586613051,6.49418508912402e-05
"ENSG00000184292","TACSTD2","4070",-0.115846963383581,-4.29862317376815,6.55316523425931e-05
"ENSG00000138771","SHROOM3","57619",-0.149589437510253,-4.29820240288315,6.56086741197617e-05
"ENSG00000164171","ITGA2","3673",-0.2101372108657,-4.29803075304054,6.5613634924257e-05
"ENSG00000169684","CHRNA5","1138",0.320090776438425,4.29489797586829,6.64814307007587e-05
"ENSG00000170743","SYT9","143425",-0.385227872102827,-4.29368958110809,6.67911323130358e-05
"ENSG00000055732","MCOLN3","55283",-0.230648203836112,-4.29145497404112,6.74064191354637e-05
"ENSG00000197815","RP1-253P7.4",NA,-0.265140903545561,-4.28993198870171,6.78141699723576e-05
"ENSG00000132329","RAMP1","10267",-0.24964647144933,-4.2863086665065,6.88581950378348e-05
"ENSG00000278771","Metazoa_SRP","378707",0.266621534919232,4.28177526211183,7.01979703924002e-05
"ENSG00000214491","SEC14L6","730005",-0.211159481386919,-4.27917547048545,7.0956914366922e-05
"ENSG00000179674","ARL14","80117",0.266461925260093,4.27641134313434,7.17754702883921e-05
"ENSG00000178568","ERBB4","2066",-0.289386989317846,-4.27024866353214,7.36942625125884e-05
"ENSG00000078900","TP73","7161",-0.211776508351997,-4.27001030516669,7.37214353571063e-05
"ENSG00000082482","KCNK2","3776",-0.234940597021607,-4.26818577266169,7.42636262975143e-05
"ENSG00000264350","SNRPGP2",NA,0.110784826846247,4.26554489724936,7.50778490241834e-05
"ENSG00000102837","OLFM4","10562",-0.344345433928964,-4.26374673770759,7.55433845594133e-05
"ENSG00000187398","LUZP2","338645",-0.245978325393417,-4.26370865151508,7.55433845594133e-05
"ENSG00000058404","CAMK2B","816",-0.229871714152062,-4.26367228772309,7.55433845594133e-05
"ENSG00000259417","LINC01314","100996492",-0.207624222873145,-4.2597194227243,7.6811029024366e-05
"ENSG00000114013","CD86","942",0.182493708745443,4.25936369802083,7.68789213109888e-05
"ENSG00000148541","FAM13C","220965",-0.149103478188449,-4.25866680348819,7.70619161895812e-05
"ENSG00000117525","F3","2152",-0.2041394775752,-4.2567505884787,7.76586734141705e-05
"ENSG00000268496","CTD-2587H19.2",NA,-0.337943143853278,-4.2564571541207,7.77061639130866e-05
"ENSG00000101938","CHRDL1","91851",-0.25798630822963,-4.25569542783053,7.79131897218109e-05
"ENSG00000165863","C10orf82","143379",-0.428318836433259,-4.25430423561423,7.83261531740007e-05
"ENSG00000176907","C8orf4","56892",-0.224965182124646,-4.25417993959479,7.83261531740007e-05
"ENSG00000152467","ZSCAN1","284312",-0.329064528234309,-4.25363237339271,7.8461296257643e-05
"ENSG00000110693","SOX6","55553",-0.318383846809123,-4.2520332619027,7.89588858165968e-05
"ENSG00000261349","RP3-465N24.5",NA,-0.370457035812836,-4.25154290884247,7.90753291290704e-05
"ENSG00000228649","AC005682.5","109729180",-0.337237222750009,-4.24988923168862,7.95956239850864e-05
"ENSG00000143297","FCRL5","83416",0.28042854831639,4.24745730231984,8.03920126879912e-05
"ENSG00000160471","COX6B2","125965",-0.296269022267848,-4.24481934590303,8.12690385606445e-05
"ENSG00000132437","DDC","1644",0.313813986888397,4.24340501910616,8.17176618583198e-05
"ENSG00000231475","IGHV4-31","28398",0.26848640177733,4.24300221115108,8.18067887027588e-05
"ENSG00000281205","LINC00950",NA,-0.234341649749374,-4.24159282878523,8.22564905063353e-05
"ENSG00000211934","IGHV1-2","28474",0.255592988418151,4.24143769669151,8.22573026332508e-05
"ENSG00000214274","ANG","283",-0.183625708763315,-4.24082343342491,8.24230583715537e-05
"ENSG00000204869","IGFL4","444882",-0.26350824540238,-4.23896416671316,8.30387666070881e-05
"ENSG00000162878","PKDCC","91461",-0.167742293092656,-4.23718452544546,8.36298236167301e-05
"ENSG00000137857","DUOX1","53905",-0.209969575887501,-4.23531659570661,8.4257291567166e-05
"ENSG00000182263","FIGN","55137",-0.259649395083092,-4.23467773694359,8.44359897962051e-05
"ENSG00000054938","CHRDL2","25884",-0.266871911301284,-4.23238848642599,8.52254406126971e-05
"ENSG00000178947","SMIM10L2A","399668",-0.216425467823501,-4.23193643816932,8.53366884111519e-05
"ENSG00000169302","STK32A","202374",-0.210497974968896,-4.22914470890869,8.63227010117048e-05
"ENSG00000115896","PLCL1","5334",-0.284614550462971,-4.22589035594798,8.74953843093968e-05
"ENSG00000136634","IL10","3586",0.191563232077685,4.2251895051431,8.77043072009061e-05
"ENSG00000133958","UNC79","57578",-0.207911089928796,-4.22465711454667,8.78493685555259e-05
"ENSG00000258461","RP11-164J13.1",NA,-0.242326506607387,-4.22413645592375,8.79901986161496e-05
"ENSG00000154721","JAM2","58494",-0.185528123567257,-4.22270390007092,8.84812440625143e-05
"ENSG00000179593","ALOX15B","247",0.287305632358142,4.22142953483417,8.89137782514071e-05
"ENSG00000161888","SPC24","147841",0.18881692935287,4.22127688911964,8.89140342201872e-05
"ENSG00000112320","SOBP","55084",-0.180495429133296,-4.21841082241723,8.99683356182058e-05
"ENSG00000185652","NTF3","4908",-0.248079507550758,-4.21815374033752,9.00094391927604e-05
"ENSG00000126233","SLURP1","57152",0.338125376615228,4.21689447857845,9.04432029511858e-05
"ENSG00000135324","MRAP2","112609",-0.27641903659012,-4.21357552960317,9.16713822019903e-05
"ENSG00000104537","ANXA13","312",-0.179722846624802,-4.21348239315422,9.16713822019903e-05
"ENSG00000230084","RP4-613B23.1",NA,-0.312124606460539,-4.21273538683638,9.19083973076841e-05
"ENSG00000127585","FBXL16","146330",-0.220063329700426,-4.2122422233942,9.2044648625478e-05
"ENSG00000240253","FAR2P3","100288897",-0.341906603087937,-4.21195251325991,9.20998385836131e-05
"ENSG00000126262","FFAR2","2867",0.260834334106827,4.21075580798458,9.25181774748153e-05
"ENSG00000187556","NANOS3","342977",-0.216978761183428,-4.20734756102504,9.38331930669926e-05
"ENSG00000257386","RP11-56G10.2",NA,-0.384453284844753,-4.20555771677212,9.45014507023696e-05
"ENSG00000132639","SNAP25","6616",-0.223713151520006,-4.20375947412829,9.51776956609005e-05
"ENSG00000186198","SLC51B","123264",-0.287534418706926,-4.20201807563245,9.58349679113711e-05
"ENSG00000017483","SLC38A5","92745",0.237220744611963,4.19795040684747,9.74722230332403e-05
"ENSG00000281183","NPTN-IT1","101241892",-0.216953617818583,-4.19631364148885,9.81001629862804e-05
"ENSG00000103154","NECAB2","54550",-0.190882463452874,-4.19517622966814,9.85191579469045e-05
"ENSG00000114378","HYAL1","3373",-0.20292171308437,-4.18932974580556,0.000100972243555976
"ENSG00000145428","RNF175","285533",-0.210920558070325,-4.18668858024514,0.000102062847436274
"ENSG00000164220","F2RL2","2151",-0.247017848951659,-4.18500377197307,0.000102740123560524
"ENSG00000178222","RNF212","285498",-0.295776140417237,-4.18453629998229,0.000102880349866925
"ENSG00000019102","VSIG2","23584",-0.336047222738001,-4.18142106640787,0.000104203159492145
"ENSG00000019186","CYP24A1","1591",-0.275681857566697,-4.17667775348387,0.000106284473030413
"ENSG00000279806","RP11-58O9.2",NA,-0.200362690658632,-4.17506108406297,0.000106932914523411
"ENSG00000258818","RNASE4","6038",-0.195769630148745,-4.17496229369433,0.000106932914523411
"ENSG00000234742","AC144530.1","100129657",-0.115704599761151,-4.17295886414224,0.000107788499520184
"ENSG00000134827","TCN1","6947",-0.311577266360179,-4.16994819690377,0.000109122065623196
"ENSG00000163072","NOSTRIN","115677",-0.283478713921998,-4.16790992069504,0.00011001074005604
"ENSG00000179314","WSCD1","23302",-0.178615477320589,-4.15667933973739,0.000115367995819578
"ENSG00000170890","PLA2G1B","5319",-0.260639104760478,-4.15572700019724,0.000115761748963735
"ENSG00000172733","PURG","29942",-0.202995247890932,-4.15558217628769,0.000115761748963735
"ENSG00000011422","PLAUR","5329",0.190850808102273,4.15470846401591,0.000116120819011351
"ENSG00000198797","BRINP2","57795",-0.322772613051986,-4.15336483676304,0.000116715688349536
"ENSG00000234409","AC006547.14","388849",-0.305602780948914,-4.15244545555058,0.000117100513812299
"ENSG00000248429","RP11-597D13.9","285505",-0.309928937674789,-4.15187742427543,0.000117309939589164
"ENSG00000170075","GPR37L1","9283",-0.213177565643328,-4.14993456856499,0.000118213497654594
"ENSG00000253250","C8orf88","100127983",-0.229033756000366,-4.14794623588941,0.000119146844294712
"ENSG00000163545","NUAK2","81788",-0.178733377216686,-4.14613450806869,0.000119932730885721
"ENSG00000203867","RBM20","282996",-0.284141371735245,-4.14610821426971,0.000119932730885721
"ENSG00000120471","TP53AIP1","63970",-0.202501543032346,-4.14212461224732,0.00012191432475717
"ENSG00000081052","COL4A4","1286",0.251790578166077,4.14052822567005,0.000122669819367544
"ENSG00000258498","DIO3OS","64150",-0.207355685660087,-4.13993377439397,0.00012290268725911
"ENSG00000182472","CAPN12","147968",-0.227703327300368,-4.13755286620126,0.000124078960895351
"ENSG00000157423","HYDIN","54768",-0.225951983223819,-4.13696189296388,0.000124312563803363
"ENSG00000138759","FRAS1","80144",-0.236554213901682,-4.13654481979965,0.000124454203610493
"ENSG00000144031","ANKRD53","79998",-0.241869233194303,-4.13565287453187,0.000124848816549793
"ENSG00000174939","ASPHD1","253982",-0.225196555317294,-4.13510943018564,0.000125058530836566
"ENSG00000116690","PRG4","10216",-0.288681416177378,-4.13481533297612,0.00012513540844161
"ENSG00000196381","ZNF781",NA,-0.198996453142247,-4.13420907005914,0.000125379254879762
"ENSG00000003096","KLHL13","90293",-0.285504214819977,-4.13325360407586,0.000125762205281606
"ENSG00000270550","IGHV3-30","28439",0.211316971717778,4.13319443284998,0.000125762205281606
"ENSG00000206077","ZDHHC11B","653082",-0.267609671714784,-4.13261159767084,0.000125994726785203
"ENSG00000147168","IL2RG","3561",0.226930561571,4.13200436209022,0.000126225481514307
"ENSG00000196159","FAT4","79633",-0.205264065069555,-4.13184836907556,0.000126225481514307
"ENSG00000251169","AC005355.2","101927934",-0.318831162861989,-4.13173375975104,0.000126225481514307
"ENSG00000130558","OLFM1","10439",-0.217127165352736,-4.13075820674118,0.00012667088582715
"ENSG00000080854","IGSF9B","22997",-0.324097067779296,-4.13053126948342,0.000126712789879663
"ENSG00000205221","VIT","5212",-0.192873895026534,-4.12951508971874,0.000127181904501022
"ENSG00000141665","FBXO15","201456",-0.257768904856375,-4.12731743871608,0.000128296918399878
"ENSG00000010932","FMO1","2326",0.169763563819154,4.12700397636648,0.00012838674123328
"ENSG00000069188","SDK2","54549",-0.316314103427176,-4.12677370453943,0.000128431146976151
"ENSG00000168280","KIF5C","3800",-0.239234031365149,-4.12548711015407,0.000129054929409568
"ENSG00000115414","FN1","2335",0.159181409357289,4.12515449064887,0.000129155908640712
"ENSG00000168481","LGI3","203190",-0.236461418494846,-4.12359082731206,0.00012993624358485
"ENSG00000168824","D4S234E","27065",-0.224649962354254,-4.12245499868539,0.000130483264724033
"ENSG00000177363","LRRN4CL","221091",-0.199783614982286,-4.11894910914146,0.000132360229447085
"ENSG00000162782","TDRD5","163589",-0.188876611502289,-4.11250234797574,0.000135950748389778
"ENSG00000153404","PLEKHG4B","153478",-0.229625264139773,-4.11191890412332,0.0001362018686079
"ENSG00000273045","C2orf15","150590",-0.157870617462751,-4.1111743557198,0.000136546836488232
"ENSG00000211668","IGLV2-11","28816",0.207186443948363,4.11010573504344,0.000137081116831908
"ENSG00000180644","PRF1","5551",0.255051000258554,4.10988692704993,0.000137121928939103
"ENSG00000214787","MS4A4E","643680",-0.298935426886162,-4.1082503505461,0.00013799057072581
"ENSG00000117707","PROX1","5629",-0.221527465151251,-4.10564517454723,0.000139436084836719
"ENSG00000170561","IRX2","153572",-0.172560167442634,-4.103765325166,0.000140463411780447
"ENSG00000264569","RP13-650J16.1","113523640",-0.226181223522105,-4.10068570536584,0.000142219037892846
"ENSG00000260306","RP11-645C24.5",NA,-0.311369629709253,-4.09986785836513,0.000142622848252209
"ENSG00000006377","DLX6","1750",-0.301814153585658,-4.09823977241382,0.000143519354002275
"ENSG00000249306","LINC01411","101928176",-0.339577973988453,-4.09428972827323,0.000145847279225337
"ENSG00000187634","SAMD11","148398",0.319197056764283,4.09181492412842,0.000147289425847597
"ENSG00000251188","RP11-478C6.6",NA,-0.249599666817637,-4.08954048682848,0.000148541052796915
"ENSG00000106633","GCK","2645",-0.241791192162906,-4.08951649143867,0.000148541052796915
"ENSG00000204653","ASPDH","554235",-0.296235509038699,-4.08809060010122,0.000149345159246984
"ENSG00000255986","MT1JP",NA,-0.288564515389655,-4.08612670897713,0.000150494988019662
"ENSG00000156689","GLYATL2","219970",0.294558799152541,4.08405202768579,0.000151724151252165
"ENSG00000244116","IGKV2-28","28921",0.204463178661273,4.08378321982428,0.000151801423359658
"ENSG00000261123","RP11-304L19.3",NA,-0.315325128068349,-4.08331415822221,0.000152007216385955
"ENSG00000165949","IFI27","3429",0.270644700744872,4.08184888724658,0.000152854571727387
"ENSG00000177679","SRRM3","222183",-0.216681818435024,-4.0810917831639,0.000153247909791594
"ENSG00000198576","ARC","23237",-0.304572851867386,-4.08080100011885,0.000153340302838047
"ENSG00000231107","LINC01508","101927873",0.311369078667616,4.0793669643906,0.000154174450241398
"ENSG00000163273","NPPC","4880",-0.293706927922374,-4.07296923756859,0.000158289329811496
"ENSG00000270069","MIR222HG",NA,-0.261038133842381,-4.07233272405288,0.000158615377817067
"ENSG00000109846","CRYAB","1410",-0.189034888500803,-4.06941876982912,0.000160473168998082
"ENSG00000112378","PERP","64065",0.133393518996955,4.06856775473895,0.000160948716380524
"ENSG00000172156","CCL11","6356",0.133735402798455,4.06559517126948,0.000162872511257762
"ENSG00000267280","TBX2-AS1","101927855",-0.274584933683023,-4.0648845445607,0.000163194752236297
"ENSG00000138160","KIF11","3832",0.155895605622441,4.06479626033219,0.000163194752236297
"ENSG00000162892","IL24","11009",-0.211879452216614,-4.06468204834231,0.000163194752236297
"ENSG00000129988","LBP","3929",0.295228509113211,4.06430710943653,0.000163249678227465
"ENSG00000189377","CXCL17","284340",0.221963821603521,4.06430706463122,0.000163249678227465
"ENSG00000066279","ASPM","259266",0.153981963306054,4.06131359323336,0.000165213980235212
"ENSG00000154917","RAB6B","51560",0.251779762382574,4.06065954626546,0.000165515777327674
"ENSG00000122188","LAX1","54900",0.262437404559554,4.06058453300409,0.000165515777327674
"ENSG00000106631","MYL7","58498",-0.331715268673377,-4.05964841638282,0.000166065129304461
"ENSG00000211966","IGHV5-51","28388",0.211110275270156,4.0577922714429,0.000167261064437744
"ENSG00000181790","ADGRB1","575",-0.222031066727977,-4.05564045055271,0.000168674303819156
"ENSG00000047648","ARHGAP6","395",-0.182380082154131,-4.05248684110773,0.000170814965526619
"ENSG00000150594","ADRA2A","150",-0.232361389754322,-4.05173795043773,0.000171233919855821
"ENSG00000073756","PTGS2","5743",-0.273479108474137,-4.05160850872272,0.000171233919855821
"ENSG00000185272","RBM11","54033",-0.279733379079422,-4.04971621484352,0.000172468461723469
"ENSG00000211967","IGHV3-53","28420",0.257823368078496,4.04960082305335,0.000172468461723469
"ENSG00000235351","AC114730.11",NA,-0.342942329332889,-4.04567886699956,0.000175217472032619
"ENSG00000259658","RP11-89K11.1",NA,-0.326258481942677,-4.04384459303842,0.000176459599468116
"ENSG00000225194","LINC00092","100188953",-0.391512925157251,-4.04338434516904,0.000176691237267216
"ENSG00000244300","GATA2-AS1",NA,0.326324143944444,4.04185524809896,0.000177702791007668
"ENSG00000124302","CHST8","64377",-0.340378483267891,-4.04172664355818,0.000177702791007668
"ENSG00000282164","RP11-570L14.2","359809",-0.204616637302198,-4.04117805918748,0.000178001870434203
"ENSG00000090534","THPO","7066",-0.274028171827961,-4.03977886740607,0.000178874950995939
"ENSG00000161682","FAM171A2","284069",0.198692722823126,4.03971518839118,0.000178874950995939
"ENSG00000238039","AF011889.2",NA,-0.304920580171275,-4.03760510654115,0.000180349517394518
"ENSG00000162063","CCNF","899",0.170385584770644,4.03555481324492,0.000181790165055382
"ENSG00000080986","NDC80","10403",0.154554487581386,4.03468863088259,0.000182337667790031
"ENSG00000254995","STX16-NPEPL1","100534593",-0.271926428829646,-4.03427777004692,0.000182539289950698
"ENSG00000183019","MCEMP1","199675",0.246762982520235,4.03361403599237,0.000182934272591101
"ENSG00000181085","MAPK15","225689",-0.208677835307303,-4.03306839336316,0.000183239723436723
"ENSG00000225511","LINC00475",NA,-0.251782480965631,-4.03253019445429,0.000183539999090369
"ENSG00000224126","UBE2SP2",NA,0.0793618278370873,4.02785617958985,0.000187041208807221
"ENSG00000253549","CA3-AS1",NA,-0.273969966022834,-4.02750414302098,0.000187201974360787
"ENSG00000131730","CKMT2","1160",-0.163822206053076,-4.02628003962692,0.000188045540331535
"ENSG00000170276","HSPB2","3316",-0.144916571600016,-4.02594309814993,0.000188195369973931
"ENSG00000111405","ENDOU","8909",-0.23207829976789,-4.02519005165805,0.00018867238108517
"ENSG00000196581","AJAP1","55966",-0.195300994568526,-4.02427989838537,0.000189274476372825
"ENSG00000111879","FAM184A","79632",-0.2063429626528,-4.02069375952281,0.000191991105386532
"ENSG00000279204","RP11-175K6.2",NA,-0.175254155700384,-4.02056793467923,0.000191991105386532
"ENSG00000135744","AGT","183",-0.224937244943466,-4.01932394454361,0.000192871180155976
"ENSG00000189056","RELN","5649",-0.27146093978598,-4.01786299529608,0.000193930141249369
"ENSG00000154269","ENPP3","5169",0.230068771269647,4.01608724653675,0.000195239082178712
"ENSG00000156234","CXCL13","10563",0.236163632173437,4.01595538159245,0.000195239082178712
"ENSG00000170476","MZB1","51237",0.198698147827035,4.01443390845573,0.000196359817254843
"ENSG00000106078","COBL","23242",-0.172530038915883,-4.01348155919906,0.000197019861737479
"ENSG00000164330","EBF1","1879",-0.183520904041734,-4.01222566962995,0.000197931649968508
"ENSG00000165905","GYLTL1B","120071",-0.138776864490114,-4.0097811926951,0.000199832020386133
"ENSG00000107105","ELAVL2","1993",-0.193110749016221,-4.00936737193489,0.000200055087642544
"ENSG00000147588","PMP2","5375",-0.186016252157644,-4.00917457220875,0.000200094636344494
"ENSG00000132840","BHMT2","23743",-0.153783940767452,-4.00861546009845,0.000200439033558257
"ENSG00000196787","HIST1H2AG","8969",0.325112702205086,4.00778116401967,0.000201013651492791
"ENSG00000004848","ARX","170302",0.315622878429151,4.00712703792517,0.000201439099706835
"ENSG00000118432","CNR1","1268",-0.262589457972535,-4.00676499117102,0.00020162077996582
"ENSG00000267653","RP1-193H18.3",NA,-0.292216434395374,-4.00412436920229,0.000203720411925431
"ENSG00000105270","CLIP3","25999",-0.144079049223756,-4.00346284130847,0.000204157642901566
"ENSG00000258545","RHOXF1-AS1","101928969",-0.256862950554282,-4.00235613990719,0.000204974003510785
"ENSG00000188505","NCCRP1","342897",0.273756271271779,4.00158281861792,0.000205509126437433
"ENSG00000176083","ZNF683","257101",0.188850884612066,4.00135738161078,0.000205530399234144
"ENSG00000127903","ZNF835","90485",-0.257208910040394,-4.0012685868105,0.000205530399234144
"ENSG00000172554","SNTG2","54221",-0.304872233521025,-3.99886966251528,0.000207460541949091
"ENSG00000165799","RNASE7","84659",-0.284921255401048,-3.99661022513225,0.00020928682186168
"ENSG00000125775","SDCBP2","27111",0.222894037779066,3.99638416206703,0.000209357566016312
"ENSG00000237940","AC093642.3",NA,-0.360087016580036,-3.99620416267539,0.000209388437846001
"ENSG00000110436","SLC1A2","6506",-0.193629009466827,-3.99276660683716,0.000212263609442806
"ENSG00000211950","IGHV1-24","28467",0.245323526672439,3.99200947431522,0.000212802699248727
"ENSG00000068078","FGFR3","2261",-0.250743036548825,-3.9900664439147,0.000214392577887289
"ENSG00000042062","FAM65C","140876",-0.251173805654027,-3.98366066630363,0.00022001508100996
"ENSG00000228630","HOTAIR","100124700",0.27898786427837,3.98325015260757,0.000220257119936434
"ENSG00000140284","SLC27A2","11001",-0.24185810008987,-3.98097149756935,0.000222207282123998
"ENSG00000125850","OVOL2","58495",-0.058351871274656,-3.97863850041489,0.000224224028440474
"ENSG00000228412","RP4-625H18.2","100506885",-0.286220554107357,-3.97557246554408,0.000226943179958404
"ENSG00000240382","IGKV1-17","28937",0.207965135501323,3.97254202299515,0.000229659758431049
"ENSG00000196735","HLA-DQA1","3117",0.1979657610474,3.97193905200388,0.000230094298096739
"ENSG00000107159","CA9","768",0.336393747065168,3.97086950150754,0.000230973270938566
"ENSG00000130528","HRC","3270",-0.1828152863185,-3.96863441721493,0.000232971107758891
"ENSG00000117595","IRF6","3664",-0.106411752101253,-3.96812638047289,0.000233262859022187
"ENSG00000224543","SNRPGP15",NA,-0.254377676904937,-3.96804223929131,0.000233262859022187
"ENSG00000145335","SNCA","6622",-0.155365121636383,-3.96440182844162,0.000236643922800784
"ENSG00000188153","COL4A5","1287",-0.225299547191007,-3.96275844990979,0.000238107931189765
"ENSG00000088827","SIGLEC1","6614",0.192095840930242,3.95984419704759,0.000240835401313119
"ENSG00000158402","CDC25C","995",0.124210349923473,3.95817676444708,0.000242347832389238
"ENSG00000151834","GABRA2","2555",-0.278557888189156,-3.95729867007644,0.00024307983742563
"ENSG00000268518","CTD-2545M3.8",NA,0.27587628781584,3.95698472367102,0.00024324966901869
"ENSG00000060558","GNA15","2769",-0.163841148117139,-3.95379958681989,0.000246306393607779
"ENSG00000075643","MOCOS","55034",-0.152534095559179,-3.95291053215338,0.000246944886871889
"ENSG00000243264","IGKV2D-29","28882",0.249442406263159,3.95288115492002,0.000246944886871889
"ENSG00000211675","IGLC1","3537",0.205325345951056,3.95186531584183,0.000247830204318882
"ENSG00000099954","CECR2","27443",0.340031068150795,3.94859249349726,0.000251031401982116
"ENSG00000259171","RP11-903H12.5",NA,-0.125971552461503,-3.94654122471302,0.000253002005077613
"ENSG00000115009","CCL20","6364",0.172113656497444,3.94613912730215,0.000253270092283544
"ENSG00000100162","CENPM","79019",0.137183839454382,3.9412769523796,0.00025821228645216
"ENSG00000166510","CCDC68","80323",-0.280061812464884,-3.93844071328224,0.000261032149354534
"ENSG00000185904","LINC00839","84856",-0.235584923144951,-3.93833542762072,0.000261032149354534
"ENSG00000253764","RP11-439C15.4","101928058",-0.299959787254449,-3.93206534376669,0.000267652286671127
"ENSG00000125731","SH2D3A","10045",-0.100627877571789,-3.93057346594997,0.000269130224289775
"ENSG00000272189","RP3-325F22.5","123706512",0.135860553629677,3.92901069659751,0.000270652784762784
"ENSG00000106976","DNM1","1759",-0.167737099496384,-3.92890455934111,0.000270652784762784
"ENSG00000265763","ZNF488","118738",-0.227030902507769,-3.92633238301642,0.000273348758746832
"ENSG00000137745","MMP13","4322",0.183562384816264,3.92312829076064,0.000276782294698964
"ENSG00000089101","CFAP61","26074",-0.210946626273722,-3.92000562788085,0.000280163506602262
"ENSG00000124256","ZBP1","81030",0.232191690681037,3.91895299938262,0.000281165405621069
"ENSG00000164749","HNF4G","3174",-0.201328786092282,-3.91884228836149,0.000281165405621069
"ENSG00000211669","IGLV3-10","28803",0.240798489887211,3.91816190351711,0.000281780980826783
"ENSG00000204866","IGFL2","147920",0.185779556707423,3.91706526955316,0.00028287694057859
"ENSG00000155980","KIF5A","3798",-0.199504170659142,-3.91634553523932,0.000283541567823623
"ENSG00000241935","HOGA1","112817",-0.286401346009838,-3.91311694842607,0.000287124187845703
"ENSG00000135476","ESPL1","9700",0.160240504969966,3.91057868424604,0.000289934576361469
"ENSG00000246090","RP11-696N14.1","100507053",-0.201344355451409,-3.90783871336893,0.000293010948969561
"ENSG00000177459","ERICH5","203111",-0.307381147618752,-3.90742453403892,0.000293333644213252
"ENSG00000118849","RARRES1","5918",0.254248677600558,3.9049730362857,0.000296096923384925
"ENSG00000188389","PDCD1","5133",0.256681700541932,3.90371467463295,0.000297440645363716
"ENSG00000133328","HRASLS2","54979",0.210853437111547,3.89924425272357,0.000302709481666586
"ENSG00000198185","ZNF334","55713",-0.255062934451295,-3.89906750975974,0.000302750631748222
"ENSG00000188536","HBA2","3040",-0.238428821272495,-3.89710675825509,0.00030499008925374
"ENSG00000067715","SYT1","6857",-0.302553943247742,-3.89684620364611,0.000305135302230939
"ENSG00000251050","RP11-168A11.4",NA,-0.331557054087624,-3.89456869389553,0.000307786170348151
"ENSG00000244575","IGKV1-27","28935",0.200138864338056,3.89248031760709,0.000310221030686988
"ENSG00000231806","PCAT7","101928099",0.19049896176633,3.89166167802736,0.000311070881165726
"ENSG00000133661","SFTPD","6441",-0.177962249248593,-3.88715352856165,0.000316614909740227
"ENSG00000186973","FAM183A","440585",-0.179915983497746,-3.88667129880376,0.000317037262053619
"ENSG00000137309","HMGA1","3159",0.16099747986624,3.8865379490517,0.000317037262053619
"ENSG00000154645","CHODL","140578",-0.28223391991838,-3.88473239563554,0.000319175892260179
"ENSG00000141433","ADCYAP1","116",-0.300371131007261,-3.88233462286157,0.0003220980026205
"ENSG00000211955","IGHV3-33","28434",0.235618103251318,3.87672545773867,0.000329286764490676
"ENSG00000149243","KLHL35","283212",-0.222422164804818,-3.87642006769752,0.000329502687846298
"ENSG00000135750","KCNK1","3775",0.254108521642175,3.87602459152115,0.000329838708267895
"ENSG00000104140","RHOV","171177",0.124418399340248,3.87473843463283,0.000331363646639264
"ENSG00000198807","PAX9","5083",0.201272642917277,3.87350918179891,0.000332818868950939
"ENSG00000259459","RP11-321G12.1",NA,-0.304101583895664,-3.87193626124979,0.00033474359637926
"ENSG00000198003","CCDC151","115948",-0.282443126194065,-3.87133712363818,0.000335360064825671
"ENSG00000137265","IRF4","3662",0.252751550452813,3.8709689481937,0.000335665072755097
"ENSG00000164047","CAMP","820",0.246854789503891,3.87012100697267,0.00033662061846474
"ENSG00000254681","PKD1P5","348156",-0.277614267190623,-3.86873135381397,0.000338316302053828
"ENSG00000108309","RUNDC3A","10900",-0.243715957628546,-3.86753897738769,0.000339750017790002
"ENSG00000134531","EMP1","2012",-0.160101478896868,-3.8664570105245,0.000341037846422618
"ENSG00000229481","CTD-2554C21.3",NA,-0.260099756777579,-3.86532981466638,0.000342392640775309
"ENSG00000151725","CENPU","79682",0.168461383444859,3.86360172559794,0.000344584748490842
"ENSG00000177807","KCNJ10","3766",0.175153987421352,3.86296165742359,0.000345275555365557
"ENSG00000172824","CES4A","283848",-0.250145791574349,-3.86263918639147,0.000345525998189844
"ENSG00000183798","EMILIN3","90187",-0.268514021377584,-3.86040106729454,0.000348106305015458
"ENSG00000172987","HPSE2","60495",-0.24224191588954,-3.86038295214107,0.000348106305015458
"ENSG00000152578","GRIA4","2893",-0.281129770132172,-3.86036295456331,0.000348106305015458
"ENSG00000205089","CCNI2","645121",-0.193799779220606,-3.85939214387842,0.000349268184529299
"ENSG00000274403","CTD-2036P10.6",NA,-0.326516020579963,-3.85864204334778,0.000350123032119475
"ENSG00000149300","C11orf52","91894",-0.118287220665056,-3.85476375228114,0.000355418420960854
"ENSG00000018280","SLC11A1","6556",0.183927356381721,3.85459440903799,0.00035545754851785
"ENSG00000022267","FHL1","2273",-0.178908642685299,-3.85389802173336,0.000356249903106878
"ENSG00000230316","FEZF1-AS1","154860",0.292680310538096,3.85016735536975,0.00036141823189558
"ENSG00000188883","KLRG2","346689",0.195544462649484,3.84634727310877,0.00036678851394586
"ENSG00000178038","ALS2CL","259173",-0.158354320508673,-3.84482619761906,0.00036882144883618
"ENSG00000254979","RP11-872D17.8",NA,-0.207251933574389,-3.84327244815664,0.000370913541658496
"ENSG00000171557","FGG","2266",0.280845620889758,3.84303929554855,0.000371046609548965
"ENSG00000256612","CYP2B7P",NA,-0.475819027771115,-3.84289934641641,0.000371046609548965
"ENSG00000146233","CYP39A1","51302",-0.227617645066197,-3.84189901333667,0.000372324728777576
"ENSG00000211962","IGHV1-46","28465",0.233809738514942,3.84162377095688,0.000372524000608343
"ENSG00000151067","CACNA1C","775",-0.172050194721458,-3.84057476505338,0.000373879862145115
"ENSG00000162522","KIAA1522","57648",-0.116659576692035,-3.83669284208188,0.000379517661778707
"ENSG00000272168","CASC15","105374971",-0.186170561556019,-3.83461002518287,0.000382475116060435
"ENSG00000113368","LMNB1","4001",0.161444674695716,3.83101720004312,0.000387786636330968
"ENSG00000166126","AMN","81693",-0.237477913460206,-3.82858751183738,0.000391346224085869
"ENSG00000065361","ERBB3","2065",-0.105676906629302,-3.82823265504684,0.000391679607161506
"ENSG00000211658","IGLV3-27","28791",0.287792447539677,3.8271786661408,0.000393108802362625
"ENSG00000226887","ERVMER34-1","100288413",-0.167611663312438,-3.82392393789808,0.000398021918584114
"ENSG00000229422","RP11-262H14.5",NA,-0.230722625891899,-3.81522167407501,0.00041183177026558
"ENSG00000162975","KCNF1","3754",-0.255788592774055,-3.81378180320472,0.000413964962894765
"ENSG00000232216","IGHV3-43","28426",0.246659546938663,3.81112961907217,0.000418119729337398
"ENSG00000280143","AP000892.6",NA,-0.175572961266309,-3.8100473081643,0.00041951487415854
"ENSG00000092051","JPH4","84502",-0.137598741878331,-3.80999892329905,0.00041951487415854
"ENSG00000102230","PCYT1B","9468",-0.229991288633639,-3.80986710933964,0.00041951487415854
"ENSG00000111664","GNB3","2784",-0.174057854175672,-3.80892299311403,0.000420855557071133
"ENSG00000251039","IGKV2D-40","28878",0.336204048436679,3.80805006408887,0.000421896807467355
"ENSG00000139926","FRMD6","122786",-0.163601118837608,-3.80801851116655,0.000421896807467355
"ENSG00000119888","EPCAM","4072",0.0704991611058062,3.80652939064268,0.000424162235826465
"ENSG00000185736","ADARB2","105",-0.285107870916187,-3.80445992662317,0.000427422980057071
"ENSG00000064692","SNCAIP","9627",-0.183077313821796,-3.80427997229927,0.000427488736177975
"ENSG00000146006","LRRTM2","26045",-0.187929926410363,-3.80367062863699,0.000428284118152908
"ENSG00000243649","CFB","629",-0.266120005734122,-3.80035018343845,0.000433486517058795
"ENSG00000275479","RP11-334C17.6",NA,-0.317351782295931,-3.80034600165993,0.000433486517058795
"ENSG00000245812","RP11-175K6.1","101927740",-0.17535870276687,-3.79930494562493,0.00043503679776564
"ENSG00000120907","ADRA1A","148",-0.233267141681567,-3.79621145038823,0.000440159055790657
"ENSG00000178372","CALML5","51806",0.234711453758398,3.79478075363349,0.000442414248526236
"ENSG00000227471","AKR1B15","441282",0.238314808171866,3.79210739209331,0.000446874040184378
"ENSG00000163218","PGLYRP4","57115",0.286241905169042,3.79190160258129,0.000446988736422898
"ENSG00000274642","CH17-472G23.1",NA,-0.273400800113118,-3.79146007768368,0.000447521061835437
"ENSG00000126500","FLRT1","23769",-0.188322383211436,-3.78864642446957,0.000452280127822667
"ENSG00000187627","RGPD1","400966",0.282014896424316,3.78533522225168,0.000457986747381978
"ENSG00000106004","HOXA5","3202",-0.13507701748293,-3.78508804888896,0.000458179245207867
"ENSG00000088320","REM1","28954",-0.140130101323437,-3.78276947638612,0.000462139772948949
"ENSG00000278196","IGLV2-8","28817",0.19833590645721,3.78012078783805,0.000466740483167947
"ENSG00000163209","SPRR3","6707",0.257128896437635,3.77838364841919,0.00046969129664296
"ENSG00000185527","PDE6G","5148",0.162752691240213,3.77741091304187,0.000470939832694242
"ENSG00000181291","TMEM132E","124842",-0.215620055845354,-3.77733789712968,0.000470939832694242
"ENSG00000104967","NOVA2","4858",-0.113746955591938,-3.77728885713813,0.000470939832694242
"ENSG00000103316","CRYM","1428",0.287268459872999,3.77421262707932,0.000476425302589063
"ENSG00000153956","CACNA2D1","781",-0.164315082479146,-3.77270990153599,0.000478990836933761
"ENSG00000130413","STK33","65975",-0.244374722617888,-3.77052600899651,0.000482863693598938
"ENSG00000008323","PLEKHG6","55200",-0.119254079542502,-3.77033571516627,0.000482958303409477
"ENSG00000146966","DENND2A","27147",-0.13338844016383,-3.76952841357025,0.00048422867356297
"ENSG00000170214","ADRA1B","147",-0.191436377525786,-3.76778243670566,0.000487300301531894
"ENSG00000234690","AC073283.4","101927043",-0.191405797931863,-3.76405375023131,0.000494231457707947
"ENSG00000183578","TNFAIP8L3","388121",-0.175069234121049,-3.7633972772463,0.000495235758060602
"ENSG00000091490","SEL1L3","23231",0.221691978581418,3.76197209031063,0.000497744588343031
"ENSG00000183098","GPC6","10082",0.197191414679488,3.76039051395413,0.00050057302142598
"ENSG00000204241","RP11-713P17.3","100128239",-0.27112954077705,-3.75741519356237,0.00050618086036646
"ENSG00000280339","RP11-736K20.4",NA,-0.178167483641551,-3.75508911035488,0.000510544606077211
"ENSG00000130768","SMPDL3B","27293",-0.100109574281248,-3.75483376581349,0.00051077512857957
"ENSG00000140287","HDC","3067",-0.233126845429774,-3.75231437656098,0.000515566932873739
"ENSG00000106772","PRUNE2","158471",-0.15592561145564,-3.7516733683101,0.000516580767888702
"ENSG00000137801","THBS1","7057",-0.155537211676587,-3.74890635323904,0.000521930125222914
"ENSG00000072694","FCGR2B","2213",0.170791867355168,3.74483317303328,0.000530036764311192
"ENSG00000136944","LMX1B","4010",-0.149765976611546,-3.74134035437486,0.000537040251834295
"ENSG00000145832","SLC25A48","153328",-0.247502622046257,-3.73862076648977,0.000542487378442197
"ENSG00000138135","CH25H","9023",-0.191747905136851,-3.73548814623467,0.000548871717396607
"ENSG00000197380","DACT3","147906",-0.152977281599112,-3.73444386161947,0.000550814103298821
"ENSG00000167311","ART5","116969",-0.200533300367135,-3.73221146720375,0.000555334388237971
"ENSG00000276043","UHRF1","29128",0.143437470240795,3.73175967387978,0.000556010315585996
"ENSG00000173762","CD7","924",0.243045640808935,3.73117828475876,0.000556968918266776
"ENSG00000277632","CCL3","6348",0.146785803777308,3.73073499734401,0.000557628416256584
"ENSG00000164440","TXLNB","167838",-0.192493365950421,-3.72882461979723,0.000561495042312059
"ENSG00000250486","FAM218A","152756",-0.212361582278379,-3.72858243462843,0.000561718707696065
"ENSG00000162814","SPATA17","128153",-0.147184211356561,-3.72507450196827,0.000569147038022878
"ENSG00000175084","DES","1674",-0.171474355003776,-3.72470975540209,0.000569645782671366
"ENSG00000198758","EPS8L3","79574",-0.223354552252812,-3.72250449656058,0.000574250042246946
"ENSG00000261040","WFDC21P",NA,0.178977763822076,3.71900026181462,0.000581825085070399
"ENSG00000123892","RAB38","23682",-0.210954696837369,-3.71786231442783,0.000584089909254237
"ENSG00000141449","GREB1L","80000",-0.240994364293569,-3.7161681146691,0.000587633724045325
"ENSG00000182771","GRID1","2894",-0.12872859172755,-3.7159927028867,0.000587714684709979
"ENSG00000211952","IGHV4-28","28400",0.280174084778733,3.71540583941093,0.000588737569257807
"ENSG00000058335","RASGRF1","5923",0.187732491781446,3.71397962244184,0.000591649191504046
"ENSG00000155011","DKK2","27123",-0.169171255333387,-3.71385788847988,0.000591649191504046
"ENSG00000176678","FOXL1","2300",-0.162123260406183,-3.71249742457551,0.000594464285505483
"ENSG00000136531","SCN2A","6326",-0.212841507261267,-3.71212173422785,0.000595009843798506
"ENSG00000139155","SLCO1C1","53919",-0.184832136667708,-3.71073059501693,0.000597911289966388
"ENSG00000113361","CDH6","1004",-0.112879120387989,-3.7100101227904,0.000599262369574542
"ENSG00000116824","CD2","914",0.193256916467471,3.70361763476427,0.000613990067716041
"ENSG00000171208","NETO2","81831",0.238242652735765,3.7022759728628,0.000616859656264204
"ENSG00000241755","IGKV1-9","28941",0.184374127656927,3.69909345560529,0.000624180561754913
"ENSG00000162670","BRINP3","339479",0.356779621625175,3.69273113968109,0.000639406442776393
"ENSG00000137726","FXYD6","53826",-0.142482936364067,-3.69206739652801,0.000640704095233858
"ENSG00000129654","FOXJ1","2302",-0.279784682796065,-3.69051081455446,0.000644225709480753
"ENSG00000163131","CTSS","1520",0.187379633930034,3.68995446247803,0.000645264591664748
"ENSG00000243290","IGKV1-12","28940",0.255868063117546,3.68752261487344,0.00065100888029609
"ENSG00000244056","RN7SL417P","107080636",-0.270266230565698,-3.68618935286212,0.00065386717528494
"ENSG00000236756","DNAJC9-AS1","414245",-0.354386139748138,-3.68610970290286,0.00065386717528494
"ENSG00000105784","RUNDC3B","154661",-0.193818242023924,-3.6846470884139,0.000657218009631221
"ENSG00000105697","HAMP","57817",0.13686366344911,3.68294996660869,0.000661183417344634
"ENSG00000267405","CTC-296K1.4",NA,-0.255812210324395,-3.68037787595129,0.000667421309853053
"ENSG00000100985","MMP9","4318",0.182984555836028,3.67792585256386,0.000673402324167581
"ENSG00000255090","MIR100HG",NA,-0.284457347805797,-3.67458347973275,0.000681769107971452
"ENSG00000276742","RP11-500G22.4",NA,-0.305162590547503,-3.67283045605323,0.000686020638660725
"ENSG00000120693","SMAD9","4093",-0.153507768089193,-3.67176116834002,0.000688193383776371
"ENSG00000139209","SLC38A4","55089",0.213400278502071,3.6717026527567,0.000688193383776371
"ENSG00000279118","RP11-517I3.2",NA,-0.148785112394331,-3.67155065623644,0.000688193383776371
"ENSG00000198826","ARHGAP11A","9824",0.193060537449735,3.67145147091525,0.000688193383776371
"ENSG00000033122","LRRC7","57554",-0.159659248010294,-3.6701996069233,0.000691147791414352
"ENSG00000279569","RP11-394B2.1",NA,-0.21767566646664,-3.66295431717638,0.000710300686329913
"ENSG00000130876","SLC7A10","56301",-0.243398676043782,-3.66255788306433,0.00071100251444581
"ENSG00000180071","ANKRD18A","253650",-0.299597786812065,-3.66074844507752,0.000715579501501997
"ENSG00000162692","VCAM1","7412",0.16075960881722,3.65896164762242,0.000720121430789884
"ENSG00000181577","C6orf223","221416",0.244298832686194,3.65877460624586,0.000720253241147763
"ENSG00000163586","FABP1","2168",-0.143927857343194,-3.65703094757948,0.00072470295069773
"ENSG00000128510","CPA4","51200",0.188629627901308,3.65526815365553,0.000729231900560354
"ENSG00000177108","ZDHHC22","283576",-0.242279922837266,-3.65506150855912,0.000729420407794728
"ENSG00000196196","HRCT1","646962",-0.246334286731357,-3.65369647528779,0.000732858196794379
"ENSG00000133962","CATSPERB","79820",0.183315120896255,3.65328210432595,0.000733632033406216
"ENSG00000260027","HOXB7","3217",0.123897675657311,3.6498510176211,0.000742948294106928
"ENSG00000183690","EFHC2","80258",-0.220965493055988,-3.64601923994734,0.000753530169671608
"ENSG00000130222","GADD45G","10912",-0.196797976338606,-3.64544174384272,0.000754795482475629
"ENSG00000277200","RP11-74E22.8","101928991",-0.310883551961141,-3.64499371664384,0.000755319263366604
"ENSG00000214860","EVPLL","645027",-0.254296902944922,-3.64498227284981,0.000755319263366604
"ENSG00000131620","ANO1","55107",-0.160436812784607,-3.64481537785511,0.000755399860008332
"ENSG00000174500","GCSAM","257144",-0.169290661880182,-3.64451014453223,0.000755880733787609
"ENSG00000034053","APBA2","321",0.210524127214243,3.6443172418477,0.000756037005758537
"ENSG00000179242","CDH4","1002",-0.198259041197402,-3.64161081668481,0.000763499669532142
"ENSG00000131650","KREMEN2","79412",0.229252205453686,3.63987481920168,0.00076817644378098
"ENSG00000233806","LINC01237","101927289",-0.194413618143277,-3.63957552783737,0.00076855164244937
"ENSG00000237649","KIFC1","3833",0.138919029305275,3.63946951427397,0.00076855164244937
"ENSG00000143412","ANXA9","8416",-0.319969909499338,-3.63863357055531,0.000770602506881407
"ENSG00000110777","POU2AF1","5450",0.243535662579858,3.63848410834958,0.000770634397025753
"ENSG00000173175","ADCY5","111",-0.251297864397795,-3.63827703911856,0.000770836160532824
"ENSG00000117650","NEK2","4751",0.106623746906246,3.63701069207271,0.000774165001075016
"ENSG00000101638","ST8SIA5","29906",-0.215538246377906,-3.63594359255661,0.000776915889442969
"ENSG00000277639","RP11-295M3.4","105371267",-0.185873688838949,-3.63563472600567,0.000777421758382379
"ENSG00000171401","KRT13","3860",-0.244789259261602,-3.63500066330093,0.000778894719016752
"ENSG00000120129","DUSP1","1843",-0.235181458037783,-3.63084737578453,0.000790921645388596
"ENSG00000124429","POF1B","79983",0.229020035095068,3.63064538803106,0.000791113588033056
"ENSG00000174332","GLIS1","148979",-0.181670852190549,-3.62984034097815,0.000793127933595424
"ENSG00000223764","RP11-54O7.3","100130417",0.269585154371107,3.62807631808155,0.000798059698419174
"ENSG00000099625","C19orf26","255057",-0.173883080583039,-3.62730866026727,0.000799976676572071
"ENSG00000130035","GALNT8","26290",-0.197898661695997,-3.62556404034086,0.000804888740711443
"ENSG00000204959","ARHGEF34P",NA,-0.151458516779772,-3.62536619242264,0.000805071721722935
"ENSG00000084453","SLCO1A2","6579",-0.253693951652584,-3.62434295338595,0.000807790699182387
"ENSG00000106538","RARRES2","5919",0.144441446179518,3.62144665827182,0.000816318638876051
"ENSG00000117215","PLA2G2D","26279",0.225637525706425,3.61888710824804,0.000823874641352644
"ENSG00000113231","PDE8B","8622",-0.208157848780854,-3.61728279962815,0.000828481513425436
"ENSG00000245694","CRNDE","643911",-0.114296330319497,-3.6151733251516,0.00083470974845554
"ENSG00000048462","TNFRSF17","608",0.240273154475893,3.61503644957339,0.00083470974845554
"ENSG00000163106","HPGDS","27306",-0.177094820194937,-3.61448911637538,0.00083600911214072
"ENSG00000279649","RP11-96D1.8",NA,-0.180378485915083,-3.61309192026916,0.000840018295073155
"ENSG00000140022","STON2","85439",-0.238026686449132,-3.60971095757413,0.00085042635793541
"ENSG00000275830","RP11-403A3.3","101927646",-0.233888867475363,-3.60912100547836,0.000851886434237716
"ENSG00000154734","ADAMTS1","9510",-0.163906248761381,-3.60743810649012,0.000856894962906103
"ENSG00000046653","GPM6B","2824",-0.155460262997226,-3.60712172701368,0.000857475301135858
"ENSG00000273018","CTD-2303H24.2","80039",-0.244608091038398,-3.60158887048631,0.000875192356313546
"ENSG00000100450","GZMH","2999",0.192739799496769,3.60069584690966,0.000877699104463963
"ENSG00000175707","KDF1","126695",-0.0496168673985201,-3.59929678123756,0.000881900869724909
"ENSG00000163406","SLC15A2","6565",0.26748621521807,3.59841900639402,0.000884374636366435
"ENSG00000117724","CENPF","1063",0.129030468609716,3.59677380319897,0.000889434348484555
"ENSG00000101489","CELF4","56853",-0.209945827371137,-3.59367890724947,0.000899438835222147
"ENSG00000182901","RGS7","6000",-0.214899343960194,-3.58652251623478,0.000923607189140747
"ENSG00000148795","CYP17A1","1586",-0.218896138041401,-3.58437994066432,0.000930620573773123
"ENSG00000163331","DAPL1","92196",-0.230616894373124,-3.5832008883156,0.000934282405131911
"ENSG00000127241","MASP1","5648",-0.229425062165505,-3.58291166790782,0.000934441542920396
"ENSG00000185760","KCNQ5","56479",-0.219251432875691,-3.5828798378307,0.000934441542920396
"ENSG00000137261","KIAA0319","9856",0.272661401374963,3.58170074023942,0.000938117839182242
"ENSG00000203710","CR1","1378",0.260577252706197,3.58130593172278,0.000939027250696362
"ENSG00000237949","LINC00844","102724768",-0.228518393818301,-3.58048533843906,0.000941447502875589
"ENSG00000137440","FGFBP1","9982",-0.264346727163934,-3.57973553818715,0.000943621887792213
"ENSG00000158458","NRG2","9542",-0.241240310098053,-3.57891698577315,0.000946046120812923
"ENSG00000167513","CDT1","81620",0.157615697750101,3.57677289623748,0.000953223681349605
"ENSG00000180383","DEFB124","245937",-0.239547021730422,-3.57356472506623,0.000964306134831206
"ENSG00000114279","FGF12","2257",0.184667112176452,3.57302543953645,0.000965764579913178
"ENSG00000143228","NUF2","83540",0.151102274810577,3.5715681633295,0.000970571108277576
"ENSG00000106809","OGN","4969",-0.223983224077914,-3.57063656735968,0.000973473777633955
"ENSG00000224167","RP3-522D1.1",NA,-0.193065032407671,-3.56939300695446,0.000977530447961367
"ENSG00000215914","MMP23A",NA,-0.197687859268846,-3.56661439636882,0.000987281272824479
"ENSG00000242516","LINC00960","401074",-0.284046778533033,-3.56231677411774,0.00100282450054881
"ENSG00000271503","CCL5","6352",0.198023968285283,3.56213590217911,0.00100298738321912
"ENSG00000176920","FUT2","2524",-0.200892896911767,-3.56007311558109,0.00101025855046035
"ENSG00000137807","KIF23","9493",0.142524781024412,3.55852383323255,0.00101562151147726
"ENSG00000135519","KCNH3","23416",-0.222779797332691,-3.55792083934535,0.00101739557055626
"ENSG00000276026","RP4-545L17.11",NA,0.293440571365274,3.55538237098121,0.00102659215638682
"ENSG00000206052","DOK6","220164",-0.191530955492839,-3.55519108423077,0.00102679917259376
"ENSG00000185352","HS6ST3","266722",0.285381347497363,3.55269490381587,0.00103591081397797
"ENSG00000160255","ITGB2","3689",0.175957483140324,3.55026887266641,0.00104482341807075
"ENSG00000151650","VENTX","27287",-0.174706978898044,-3.5487046468102,0.00105041591078198
"ENSG00000142731","PLK4","10733",0.155292669552483,3.54826784793404,0.00105159291829333
"ENSG00000211937","IGHV2-5","28457",0.20687984141526,3.54756318876544,0.00105382650664144
"ENSG00000188985","DHFRP1",NA,0.120931454215168,3.54714349198336,0.00105493995254203
"ENSG00000232415","CTB-51J22.1","107986809",-0.249430479226574,-3.54465938301057,0.0010642357619262
"ENSG00000237641","RP11-690I21.1","100270971",-0.267137493783121,-3.54405044267754,0.00106611323307025
"ENSG00000163808","KIF15","56992",0.169152740314746,3.5432743190939,0.00106853870053104
"ENSG00000112297","AIM1","202",0.182855260746316,3.54316784430251,0.00106853870053104
"ENSG00000211972","IGHV3-66","28412",0.252188434581543,3.54233513918297,0.00107131876858965
"ENSG00000196338","NLGN3","54413",-0.135035161686131,-3.54213572227862,0.00107156832782799
"ENSG00000100448","CTSG","1511",-0.208853187499222,-3.54107683940949,0.00107526375167662
"ENSG00000244538","RP11-10G12.1",NA,-0.0908494651168268,-3.53903269635385,0.00108279050276241
"ENSG00000274565","CTD-3035K23.7","107985020",-0.166481138656927,-3.53893431331234,0.00108279050276241
"ENSG00000179913","B3GNT3","10331",0.178759145283588,3.53503748315927,0.0010980840466631
"ENSG00000143365","RORC","6097",-0.144218021136071,-3.53042556224961,0.00111654864871826
"ENSG00000007908","SELE","6401",-0.178025895990915,-3.53026642102495,0.00111664060643846
"ENSG00000187134","AKR1C1","1645",-0.236909671638204,-3.52842845837237,0.00112373518246672
"ENSG00000129437","KLK14","43847",-0.326340444061447,-3.52748120751465,0.00112712947990979
"ENSG00000188626","GOLGA8M","653720",-0.256923245007426,-3.52650759264241,0.00113064431874321
"ENSG00000253414","RP11-150O12.6",NA,-0.190194251024715,-3.52616017834506,0.00113153033036613
"ENSG00000077327","SPAG6","9576",-0.324131057100132,-3.52577861177251,0.00113256109381283
"ENSG00000255071","SAA2-SAA4","100528017",-0.250587522524404,-3.52495633888154,0.00113545273528354
"ENSG00000105523","FAM83E","54854",-0.206697204646947,-3.52212780040347,0.00114651235381411
"ENSG00000128165","ADM2","79924",0.117491173510491,3.52207590349241,0.00114651235381411
"ENSG00000054219","LY75","4065",-0.201615024843743,-3.52168626557343,0.0011473772846124
"ENSG00000172403","SYNPO2","171024",-0.160494680818291,-3.52159970553433,0.0011473772846124
"ENSG00000078596","ITM2A","9452",-0.221198648669539,-3.52077411104425,0.0011503188826602
"ENSG00000215784","FAM72D","728833",0.182695971955858,3.52042102849061,0.001151244873811
"ENSG00000164935","DCSTAMP","81501",0.132757087793287,3.51804942776643,0.0011608421647804
"ENSG00000170477","KRT4","3851",0.245410550916747,3.51031384660123,0.00119403249364941
"ENSG00000111863","ADTRP","84830",0.181512021826339,3.50911725887632,0.00119863340544488
"ENSG00000139734","DIAPH3","81624",0.14541651499235,3.50900275551513,0.00119863340544488
"ENSG00000134569","LRP4","4038",-0.151284376614031,-3.50762582467038,0.001203538141794
"ENSG00000047617","ANO2","57101",-0.215803526937842,-3.50746625470887,0.001203538141794
"ENSG00000005249","PRKAR2B","5577",-0.205504768626081,-3.50736945696967,0.001203538141794
"ENSG00000166670","MMP10","4319",-0.182428505650824,-3.50735447542133,0.001203538141794
"ENSG00000166523","CLEC4E","26253",0.228304487136633,3.50107749331072,0.00123120163874356
"ENSG00000171533","MAP6","4135",-0.146054143527355,-3.49690145152515,0.00124972191333411
"ENSG00000142871","CYR61","3491",-0.143035967242282,-3.49540560654402,0.00125601200976554
"ENSG00000025423","HSD17B6","8630",0.118039529777869,3.49381712407248,0.00126276330123008
"ENSG00000161896","IP6K3","117283",-0.283918464656221,-3.49083098830513,0.00127597494011103
"ENSG00000266903","CTB-171A8.1","107985305",-0.226316540797208,-3.49072349552002,0.00127597494011103
"ENSG00000166086","JAM3","83700",-0.16327291972046,-3.4886251949493,0.00128523953815582
"ENSG00000197766","CFD","1675",-0.202016307453353,-3.48814668757106,0.00128686112739571
"ENSG00000164638","SLC29A4","222962",0.182537870034124,3.48766787890778,0.00128848625421751
"ENSG00000137766","UNC13C","440279",-0.223380350759269,-3.48699768570186,0.00129102377053724
"ENSG00000260105","AOC4P",NA,-0.195031377693657,-3.48620881060246,0.00129413189268338
"ENSG00000153283","CD96","10225",0.201534928710646,3.48429220363027,0.00130264692018383
"ENSG00000234906","APOC2","344",0.124951322506998,3.48392412933333,0.00130375937874059
"ENSG00000229776","C4B-AS1","102060414",-0.263794723477442,-3.48293947083566,0.00130718312891473
"ENSG00000233627","C4A-AS1",NA,-0.263794723477442,-3.48293947083566,0.00130718312891473
"ENSG00000183780","SLC35F3","148641",-0.237054922876876,-3.4816871604253,0.00131256508659573
"ENSG00000091622","PITPNM3","83394",0.169066492017167,3.48108069501103,0.00131483921316
"ENSG00000144339","TMEFF2","23671",-0.159923433942218,-3.47899215741332,0.0013243180164757
"ENSG00000140749","IGSF6","10261",0.171822846750932,3.47623451097944,0.00133714506631582
"ENSG00000113578","FGF1","2246",-0.12303316961165,-3.47604942733434,0.00133738598968827
"ENSG00000220008","LINGO3","645191",-0.213683991386473,-3.47559575045945,0.00133894831538681
"ENSG00000272398","CD24","100133941",0.147853181300315,3.47332766219516,0.00134947808161364
"ENSG00000154258","ABCA9","10350",-0.179531375019693,-3.46788906841052,0.00137600085147063
"ENSG00000235776","AC000089.3","728139",-0.132680016208961,-3.46449562216383,0.00139253341780204
"ENSG00000148344","PTGES","9536",-0.177860779810005,-3.46381739073493,0.00139530270564302
"ENSG00000166780","C16orf45","89927",-0.247610175482287,-3.46091617294667,0.00140950759994047
"ENSG00000074047","GLI2","2736",-0.156621919635094,-3.45878196612036,0.00141985561063153
"ENSG00000259498","RP11-244F12.3",NA,-0.176270340871397,-3.45799744802097,0.00142322877115664
"ENSG00000225873","LINC00694",NA,-0.277936985673233,-3.45676889384517,0.00142892882765382
"ENSG00000186810","CXCR3","2833",0.159639174589318,3.45541369097243,0.00143531473585248
"ENSG00000129048","ACKR4","51554",0.180135798641395,3.45373368810397,0.00144343997431808
"ENSG00000170091","HMP19","51617",-0.20644892410169,-3.45070265269034,0.00145873475517249
"ENSG00000137672","TRPC6","7225",-0.124603757122649,-3.45057704406258,0.00145873475517249
"ENSG00000184860","SDR42E1","93517",-0.204060897290294,-3.44981988072068,0.00146204792796176
"ENSG00000223573","TINCR","257000",0.250042755220711,3.44898303420141,0.00146579462401488
"ENSG00000147676","MAL2","114569",0.072067131594765,3.44881060572494,0.00146599016284231
"ENSG00000082684","SEMA5B","54437",-0.115852615084639,-3.44663038606142,0.00147697015496941
"ENSG00000165379","LRFN5","145581",-0.188221800307718,-3.44547589773156,0.00148246951879653
"ENSG00000188783","PRELP","5549",-0.144179021168165,-3.44150662979093,0.00150333598148163
"ENSG00000105011","ASF1B","55723",0.112945670812572,3.439798581473,0.00151197233976239
"ENSG00000074410","CA12","771",-0.213459895780106,-3.43313541289476,0.00154832427101574
"ENSG00000171877","FRMD5","84978",-0.153867353403158,-3.43130868821574,0.00155787177887174
"ENSG00000162739","SLAMF6","114836",0.209111882110996,3.43061197302401,0.00156105007850012
"ENSG00000164708","PGAM2","5224",-0.243293903628244,-3.42803163704848,0.00157497607170423
"ENSG00000162062","C16orf59","80178",0.147753991560458,3.42766417291995,0.00157630075897228
"ENSG00000235576","AC092580.4","101929531",0.240744622381087,3.42459228236817,0.00159319252275135
"ENSG00000181631","P2RY13","53829",-0.175241247189479,-3.42349575869944,0.00159875530171258
"ENSG00000226465","RP13-401N8.1",NA,-0.265195720600235,-3.42138378656664,0.00161025551557478
"ENSG00000268119","CTD-2561J22.5","105372321",-0.250946182617868,-3.41955192513883,0.00162018657195779
"ENSG00000057657","PRDM1","639",0.154904192851134,3.41887231330461,0.00162307531864263
"ENSG00000197576","HOXA4","3201",-0.11371548440218,-3.41878858317658,0.00162307531864263
"ENSG00000211943","IGHV3-15","28448",0.18200719323959,3.41844203553449,0.00162431514653817
"ENSG00000130037","KCNA5","3741",-0.170001244311399,-3.4173817216533,0.00162976528096085
"ENSG00000158246","FAM46B","115572",-0.165581924381326,-3.4083010587381,0.00168338040535859
"ENSG00000224318","CHL1-AS2",NA,-0.246615846761007,-3.40717726493844,0.00168898200768277
"ENSG00000271576","RP11-486G15.2",NA,-0.231813710819363,-3.4071099024893,0.00168898200768277
"ENSG00000204128","C2orf72","257407",0.198577365850584,3.40317903315244,0.00171229085422172
"ENSG00000253304","TMEM200B","399474",-0.178595524387002,-3.40020507241817,0.00172991668031722
"ENSG00000078725","BRINP1","1620",-0.22482589236229,-3.39902367008889,0.00173645158448879
"ENSG00000105143","SLC1A6","6511",0.253022600089485,3.39579569502657,0.0017559139589992
"ENSG00000128683","GAD1","2571",-0.244911305095973,-3.39490911637639,0.00176066871731076
"ENSG00000112394","SLC16A10","117247",0.230011411503091,3.39346389229696,0.00176899106237923
"ENSG00000203805","PPAPDC1A","196051",0.147522369884434,3.39253451946699,0.00177405210410916
"ENSG00000146054","TRIM7","81786",-0.231064712270863,-3.39230067985172,0.00177467762345071
"ENSG00000175591","P2RY2","5029",0.182357293451273,3.39190766953038,0.00177632123689566
"ENSG00000240694","PNMA2","10687",-0.159642488337587,-3.38761887172657,0.00180306187470058
"ENSG00000133687","TMTC1","83857",-0.208552612587697,-3.38681405044904,0.00180740377990861
"ENSG00000085831","TTC39A","22996",-0.172862547102803,-3.38472915413963,0.00182010972934169
"ENSG00000167286","CD3D","915",0.164654622964352,3.38412328161023,0.00182318611849895
"ENSG00000196132","MYT1","4661",-0.251531319992476,-3.38304731321061,0.00182935400815769
"ENSG00000143603","KCNN3","3782",0.148176272858339,3.3798963466414,0.00184926556337612
"ENSG00000067840","PDZD4","57595",-0.16806154881485,-3.37864166080316,0.00185670517563589
"ENSG00000242534","IGKV2D-28","28883",0.276296157917642,3.37780118395256,0.00186140488849948
"ENSG00000179869","ABCA13","154664",-0.283302105556205,-3.37684333179096,0.00186690145517556
"ENSG00000172031","EPHX4","253152",-0.195355536486258,-3.3756159187765,0.00187422362972366
"ENSG00000260566","RP11-20G6.3",NA,-0.199993302010705,-3.37542122031326,0.00187462009054171
"ENSG00000187479","C11orf96","387763",-0.129697884677012,-3.37428961082631,0.00188132440484272
"ENSG00000099984","GSTT2","2953",-0.305144190008579,-3.37268771101669,0.00189123489055852
"ENSG00000178776","C5orf46","389336",0.137381711229213,3.37229429686853,0.00189288687555243
"ENSG00000126218","F10","2159",-0.141305413110527,-3.37216747548207,0.00189288687555243
"ENSG00000099337","KCNK6","9424",-0.190983950223891,-3.37191893859338,0.00189288687555243
"ENSG00000162511","LAPTM5","7805",0.1352820661059,3.37181023592937,0.00189288687555243
"ENSG00000183117","CSMD1","64478",-0.26202480900203,-3.37176655118329,0.00189288687555243
"ENSG00000104059","FAM189A1","23359",-0.256147461894779,-3.37010608083607,0.00190324511343352
"ENSG00000198300","PEG3","5178",-0.224250282778827,-3.36997195898101,0.00190324511343352
"ENSG00000259772","RP11-16E12.2","283710",0.256620815505867,3.36778813060795,0.00191725105261427
"ENSG00000146090","RASGEF1C","255426",-0.247582367666764,-3.36750644531994,0.00191825588330733
"ENSG00000186204","CYP4F12","66002",-0.236015670179447,-3.36713753735348,0.00191986054609142
"ENSG00000274628","FAM95B1",NA,-0.273270706407069,-3.36515221418618,0.00193260712030631
"ENSG00000036672","USP2","9099",-0.176076443445753,-3.36301916543931,0.00194645926229866
"ENSG00000115956","PLEK","5341",0.173080423069846,3.36166984058101,0.00195492229767617
"ENSG00000116833","NR5A2","2494",-0.121896541977711,-3.36141868647874,0.00195573280344521
"ENSG00000111247","RAD51AP1","10635",0.162092133074732,3.35864823100786,0.00197422555835725
"ENSG00000168621","GDNF","2668",0.221501186550374,3.35835182003494,0.00197450145817468
"ENSG00000104413","ESRP1","54845",0.0455392427787937,3.35833895098104,0.00197450145817468
"ENSG00000171119","NRTN","4902",-0.189759755923421,-3.35641240067027,0.00198716609593959
"ENSG00000102466","FGF14","2259",-0.173576877048897,-3.35498670560259,0.00199633661210817
"ENSG00000258643","BCL2L2-PABPN1","100529063",-0.247798345457304,-3.35290415597436,0.00201024817776796
"ENSG00000211670","IGLV3-9","28804",0.243317072208068,3.35092299116597,0.00202351818200593
"ENSG00000161281","COX7A1","1346",-0.150069114766631,-3.347298186256,0.0020488239827197
"ENSG00000127249","ATP13A4","84239",0.214822565834157,3.3464450691745,0.00205406721254636
"ENSG00000122420","PTGFR","5737",-0.193996631481652,-3.34539574704122,0.00206076113619558
"ENSG00000181418","DDN","23109",0.185930092884361,3.34433730610103,0.00206714948966823
"ENSG00000177508","IRX3","79191",-0.0902053652405558,-3.3442557989464,0.00206714948966823
"ENSG00000170689","HOXB9","3219",0.118847585031867,3.3440797655388,0.00206745214636444
"ENSG00000260401","RP11-800A3.4",NA,0.203690434146469,3.34261348009928,0.00207726442723895
"ENSG00000274956","UG0898H09",NA,-0.19707515632638,-3.34158745052656,0.00208385627394592
"ENSG00000224650","IGHV3-74","28408",0.190083520881898,3.34084230354154,0.00208838188489374
"ENSG00000183166","CALN1","83698",-0.217971452845365,-3.33865219387484,0.00210368808086243
"ENSG00000102452","NALCN","259232",-0.163248495626476,-3.3383821927758,0.0021046989605588
"ENSG00000272159","RP11-350N15.6",NA,-0.307534171354785,-3.33767122276847,0.0021090064429574
"ENSG00000145247","OCIAD2","132299",-0.0915422853170118,-3.3375371570546,0.0021090064429574
"ENSG00000259803","SLC22A31","146429",0.246381774361521,3.33548564604687,0.00212340717844346
"ENSG00000166825","ANPEP","290",-0.211188059363797,-3.33485723322594,0.00212713160637821
"ENSG00000154914","USP43","124739",-0.098536676457604,-3.33256258794987,0.0021434940225613
"ENSG00000272702","RP11-44N22.3",NA,-0.21989593969685,-3.33077601189709,0.00215608613597412
"ENSG00000135100","HNF1A","6927",-0.204905017552901,-3.32866532614781,0.00217123841731224
"ENSG00000117090","SLAMF1","6504",0.195679149362456,3.3245578639985,0.00220199981036359
"ENSG00000196139","AKR1C3","8644",-0.190469687880951,-3.3229421824382,0.00221356997050016
"ENSG00000278677","HIST1H2AM","8336",0.15356487183688,3.32124004485382,0.00222587663663639
"ENSG00000172572","PDE3A","5139",-0.143232203243062,-3.31517587493412,0.00227300531472778
"ENSG00000183150","GPR19","2842",0.154978367968968,3.31374308768978,0.00228344450113465
"ENSG00000256802","RP11-680F8.1","100130111",-0.184121196954237,-3.31317609724496,0.0022869304448269
"ENSG00000124507","PACSIN1","29993",-0.138704004021949,-3.31226186279253,0.00229322952626662
"ENSG00000101204","CHRNA4","1137",0.228130872072771,3.3114951686766,0.00229834827884303
"ENSG00000167759","KLK13","26085",-0.241274640606338,-3.31094280684363,0.00230173713530061
"ENSG00000184809","B3GALT5-AS1","114041",-0.204586182741909,-3.3104938181424,0.00230429068482046
"ENSG00000256262","USP30-AS1",NA,0.17876851436151,3.30239889683976,0.00236982648220518
"ENSG00000204442","FAM155A","728215",-0.1931539006397,-3.30189775366271,0.00237246262179766
"ENSG00000119514","GALNT12","79695",0.182280826680943,3.30181349680579,0.00237246262179766
"ENSG00000123838","C4BPA","722",-0.217778659977765,-3.29920945245656,0.00239316033433982
"ENSG00000272666","CTA-384D8.35","105373098",0.147491425218869,3.29852239865428,0.00239781286107598
"ENSG00000167755","KLK6","5653",-0.224745151000033,-3.29734969795207,0.00240657863288488
"ENSG00000204338","CYP21A1P",NA,-0.270099192069535,-3.29692328841643,0.00240904789285136
"ENSG00000137460","FHDC1","85462",-0.133041367170328,-3.29670277780492,0.00240977558923821
"ENSG00000176868","RP11-334J6.7",NA,-0.289290450932448,-3.29626210547314,0.00241236950860274
"ENSG00000167208","SNX20","124460",0.174739127852174,3.29189700128469,0.00244847819131883
"ENSG00000226197","RP11-536O18.1","105375977",-0.185814280156792,-3.29121893581384,0.0024531530946228
"ENSG00000145934","TENM2","57451",-0.187248323016979,-3.29059302440071,0.0024573867281083
"ENSG00000107485","GATA3","2625",-0.183033488693138,-3.2903918017289,0.00245796234176081
"ENSG00000277734","TRAC","28755",0.193649681670089,3.28821301989204,0.00247497021923174
"ENSG00000232354","VIPR1-AS1",NA,-0.161821330081282,-3.28815701934983,0.00247497021923174
"ENSG00000162687","KCNT2","343450",-0.1393279557388,-3.28686729844924,0.00248501562272496
"ENSG00000125845","BMP2","650",-0.176153877888926,-3.28670224156971,0.00248528316459827
"ENSG00000132744","ACY3","91703",0.191163005204491,3.28651134456267,0.0024857763564669
"ENSG00000140955","ADAD2","161931",-0.231826154503029,-3.2852484358489,0.00249562804831032
"ENSG00000185761","ADAMTSL5","339366",-0.226074684108511,-3.28500568871795,0.00249657728619621
"ENSG00000267082","CTC-510F12.2",NA,-0.283577945236742,-3.27937729924103,0.00254506638474249
"ENSG00000130032","PRRG3","79057",-0.179541150250922,-3.27683196730971,0.00256661846713133
"ENSG00000262484","CCER2","643669",-0.267396408148435,-3.27324943431977,0.0025977346362032
"ENSG00000187867","PALM3","342979",-0.170487649621111,-3.27120563018556,0.00261511439456381
"ENSG00000155629","PIK3AP1","118788",0.152011663919439,3.26936503647723,0.00263073496526509
"ENSG00000125726","CD70","970",0.146549351423857,3.26919531933886,0.00263105937951599
"ENSG00000213519","AC132008.1","100271010",-0.273667636436387,-3.268060220161,0.00264026216785387
"ENSG00000175175","PPM1E","22843",-0.223801783576521,-3.26341777791679,0.00268208680812852
"ENSG00000226644","RP11-128M1.1",NA,-0.223047623599767,-3.26264674810548,0.0026880422010155
"ENSG00000027869","SH2D2A","9047",0.20240102220368,3.26213784478449,0.0026907581639608
"ENSG00000203697","CAPN8","388743",-0.215014760739601,-3.26208816073888,0.0026907581639608
"ENSG00000184661","CDCA2","157313",0.130609537327533,3.26130440846374,0.00269685157940741
"ENSG00000132561","MATN2","4147",-0.195415348600849,-3.26049798112587,0.00270317129361368
"ENSG00000133433","GSTT2B","653689",-0.185301892036182,-3.26017172772451,0.00270497947068375
"ENSG00000080493","SLC4A4","8671",-0.194539413652675,-3.25984735144882,0.00270677150144683
"ENSG00000205076","LGALS7","3963",-0.229476145641126,-3.25964335960661,0.00270743028694433
"ENSG00000124701","APOBEC2","10930",-0.216444369052059,-3.25938533699012,0.00270859906835454
"ENSG00000160791","CCR5","1234",0.158587911491404,3.25852278974566,0.00271547575862219
"ENSG00000261625","RP11-554A11.4",NA,-0.180617553042742,-3.25758774602444,0.00272305541051194
"ENSG00000240864","IGKV1-16","28938",0.171755862866157,3.25741100927558,0.00272346115482247
"ENSG00000171234","UGT2B7","7364",0.208517212091647,3.25496010882179,0.00274549581304254
"ENSG00000142178","SIK1","150094",-0.267550122066873,-3.25407867139135,0.00275263986150389
"ENSG00000118898","PPL","5493",-0.118495238144773,-3.25273896407503,0.00276419952839272
"ENSG00000137573","SULF1","23213",0.121791645071259,3.2524485975711,0.00276570337569678
"ENSG00000187260","WDR86","349136",-0.180857722143578,-3.25170951229912,0.00277043040495331
"ENSG00000019505","SYT13","57586",-0.24717633708121,-3.25168953628027,0.00277043040495331
"ENSG00000180660","MAB21L1","4081",-0.14796501845329,-3.25049351288056,0.00278067138860208
"ENSG00000171714","ANO5","203859",-0.260239058545269,-3.24995146563416,0.00278461743422786
"ENSG00000050555","LAMC3","10319",-0.178881861994648,-3.24980812192203,0.00278471150457195
"ENSG00000145147","SLIT2","9353",-0.136339958630956,-3.2492204486147,0.00278910529685265
"ENSG00000186439","TRDN","10345",-0.21466644499995,-3.24437432770125,0.00283508070682256
"ENSG00000115221","ITGB6","3694",0.152990063985935,3.24363499484044,0.00284104031271128
"ENSG00000134443","GRP","2922",-0.169119440327617,-3.24283284291135,0.00284763158114214
"ENSG00000078589","P2RY10","27334",0.172939946879444,3.24036251173285,0.00287077993555013
"ENSG00000172828","CES3","23491",0.257663999942656,3.23968007519596,0.0028762420059141
"ENSG00000175567","UCP2","7351",0.154917348618772,3.23882791674732,0.00288277101308144
"ENSG00000166793","YPEL4","219539",-0.141804839377936,-3.23875820326116,0.00288277101308144
"ENSG00000244558","KCNK15-AS1","79015",-0.161245495578828,-3.23650160004119,0.0029024400018094
"ENSG00000204655","MOG","4340",-0.203609921493058,-3.23645994558585,0.0029024400018094
"ENSG00000204420","C6orf25","80739",-0.161145498104383,-3.2363933054689,0.0029024400018094
"ENSG00000211632","IGKV3D-11","28876",0.220826598685143,3.23542514367353,0.00291017850057937
"ENSG00000114923","SLC4A3","6508",-0.130247445940627,-3.23535700064561,0.00291017850057937
"ENSG00000100842","EFS","10278",0.132393769479884,3.23483356568607,0.00291410860001513
"ENSG00000242574","HLA-DMB","3109",0.146085223403012,3.23357230197863,0.00292549817695114
"ENSG00000145649","GZMA","3001",0.164389339234579,3.23161571422495,0.00294399484408118
"ENSG00000114200","BCHE","590",-0.179182699589381,-3.23081970586105,0.00295074494812188
"ENSG00000275894","RP3-453C12.14",NA,-0.174670720459446,-3.23045418874553,0.00295311453011942
"ENSG00000185008","ROBO2","6092",-0.277345765469499,-3.22875818682033,0.00296909855264969
"ENSG00000149294","NCAM1","4684",-0.152866665025858,-3.22841421290301,0.00297126109144665
"ENSG00000234665","RP11-262H14.3","403323",-0.282103477942011,-3.22783044780881,0.00297588813465887
"ENSG00000093134","VNN3",NA,0.2841118223177,3.22729943222857,0.00297997944740051
"ENSG00000170608","FOXA3","3171",-0.213918995911933,-3.22622277869733,0.00298970078374013
"ENSG00000077264","PAK3","5063",-0.149358856964123,-3.22463953190846,0.00300469774766504
"ENSG00000103942","HOMER2","9455",-0.163964957341653,-3.22356141164175,0.00301450848044527
"ENSG00000186235","AC016757.3","151174",-0.281575359441264,-3.22295934425838,0.00301938890055251
"ENSG00000224259","LINC01133","100505633",0.205847669796823,3.220166855278,0.00304719398381114
"ENSG00000261279","ULK4P1",NA,-0.256733829120561,-3.21847880978674,0.0030635610536378
"ENSG00000105929","ATP6V0A4","50617",0.212621277892087,3.21661843759538,0.00308094572943989
"ENSG00000138271","GPR87","53836",-0.154446047702505,-3.2165694851238,0.00308094572943989
"ENSG00000152503","TRIM36","55521",0.214294705230005,3.21433036164993,0.00310335739982192
"ENSG00000233429","HOTAIRM1","100506311",-0.143577999696111,-3.21382849118684,0.00310729894020448
"ENSG00000105737","GRIK5","2901",-0.133744598559521,-3.20767438217564,0.00317226074405333
"ENSG00000075340","ADD2","119",-0.172880196696902,-3.20754256339261,0.00317226074405333
"ENSG00000163431","LMOD1","25802",-0.115962488510554,-3.20730976393676,0.00317334875572753
"ENSG00000130948","HSD17B3","3293",-0.263538287686017,-3.20658663477009,0.00317978642007569
"ENSG00000115828","QPCT","25797",-0.16730260830147,-3.20645360351568,0.00317978839628488
"ENSG00000167549","CORO6","84940",-0.212487481095443,-3.20595137632688,0.0031838235832455
"ENSG00000159713","TPPP3","51673",-0.177556929853245,-3.20391003191457,0.00320474520176227
"ENSG00000128578","STRIP2","57464",-0.168774791108282,-3.20341583518173,0.00320872131520525
"ENSG00000183186","C2CD4C","126567",-0.184230790938528,-3.20110670975522,0.00323275941303169
"ENSG00000162630","B3GALT2","8707",-0.165389180688886,-3.1961629139401,0.00328648628711086
"ENSG00000167767","KRT80","144501",0.117449032827897,3.19375661167328,0.00331215968040339
"ENSG00000137843","PAK6","56924",-0.146880793470974,-3.19322561782508,0.00331667437950426
"ENSG00000186310","NAP1L3","4675",-0.126332953017114,-3.19035134627585,0.00334791590164565
"ENSG00000101222","SPEF1","25876",-0.186422699033749,-3.1889748996049,0.00336217659116514
"ENSG00000198597","ZNF536","9745",-0.180821768769296,-3.18749162600323,0.00337760004727745
"ENSG00000085741","WNT11","7481",-0.229142993170932,-3.18736963992632,0.00337760004727745
"ENSG00000276649","RP5-858L17.1",NA,-0.257642434935285,-3.18434706715954,0.00341109298985849
"ENSG00000120645","IQSEC3","440073",-0.157289333029476,-3.18300963922245,0.00342514414398434
"ENSG00000088836","SLC4A11","83959",0.190290394721282,3.1796413705248,0.00346314809737603
"ENSG00000147394","ZNF185","7739",-0.162898366345946,-3.1732072581893,0.00353827961652639
"ENSG00000162069","CCDC64B","146439",-0.0730156664248339,-3.17273645116102,0.0035423488058038
"ENSG00000273107","RP11-165A20.3",NA,-0.28070146894114,-3.17240355857625,0.00354475892135581
"ENSG00000278763","FAM27B",NA,-0.277176604535381,-3.17170523732735,0.00355158370059694
"ENSG00000167614","TTYH1","57348",-0.198804525051902,-3.17024733187687,0.00356762516900268
"ENSG00000213131","YWHAZP4",NA,0.0905714152931313,3.16989145383853,0.00357033105278826
"ENSG00000179750","APOBEC3B","9582",0.169832341816981,3.16909818244094,0.00357835651030366
"ENSG00000169247","SH3TC2","79628",-0.168112307656532,-3.16646531684013,0.00360888754620351
"ENSG00000225472","RP11-120J1.1","123706550",-0.24665251352873,-3.16423757076878,0.00363465464214329
"ENSG00000262877","RP11-1055B8.4",NA,-0.220906276319529,-3.16334176139653,0.00364408037980348
"ENSG00000172260","NEGR1","257194",-0.157619767063826,-3.16114946528329,0.00366963596522924
"ENSG00000184709","LRRC26","389816",0.169310532443216,3.16003073197935,0.00368192745888273
"ENSG00000021645","NRXN3","9369",-0.18676865039954,-3.15966545560364,0.00368483069251488
"ENSG00000171766","GATM","2628",-0.164050702383831,-3.15894974137591,0.00369039042850566
"ENSG00000217624","RP11-204C16.4",NA,0.116905562376709,3.15893893331717,0.00369039042850566
"ENSG00000174938","SEZ6L2","26470",-0.172219828158934,-3.15882253320582,0.00369039042850566
"ENSG00000185924","RTN4RL1","146760",-0.186598819894571,-3.15686031075737,0.00371246061653922
"ENSG00000003249","DBNDD1","79007",0.135832764028592,3.15668308381871,0.00371246061653922
"ENSG00000173698","ADGRG2","10149",-0.1853021471119,-3.15666542610914,0.00371246061653922
"ENSG00000240801","AC132217.4",NA,-0.204465835733155,-3.15592563279301,0.0037201062811006
"ENSG00000255072","PIGY","84992",-0.16101189849419,-3.15473506937129,0.00373346215377417
"ENSG00000082074","FYB","2533",0.171154927998786,3.15429210958402,0.00373738936071262
"ENSG00000281453","TGFB2-OT1","103611157",-0.169429469776747,-3.15393494317158,0.00374023413585716
"ENSG00000178750","STX19","415117",0.16565032984763,3.15373578390265,0.00374107951389598
"ENSG00000132821","VSTM2L","128434",0.216186673580794,3.15288175753446,0.00375023047589616
"ENSG00000187068","C3orf70","285382",-0.1489655477181,-3.15207636786496,0.00375878336889348
"ENSG00000172348","RCAN2","10231",-0.096049956513319,-3.14871557045581,0.0038000584356786
"ENSG00000156427","FGF18","8817",-0.160067288520265,-3.14638132505108,0.00382844680658735
"ENSG00000275131","CH17-472G23.4",NA,-0.149257525119499,-3.14032713924278,0.00390576457138985
"ENSG00000124839","RAB17","64284",-0.132148788152622,-3.13689663574785,0.0039494438364372
"ENSG00000110900","TSPAN11","441631",-0.136254279206768,-3.13478294722138,0.00397589689410822
"ENSG00000171101","SIGLEC17P",NA,-0.191531941260341,-3.13405749624233,0.00398384432059971
"ENSG00000161905","ALOX15","246",0.220439799473116,3.13340002727504,0.00399089280903497
"ENSG00000275143","SCARNA16","677781",-0.272353429321972,-3.13202494323105,0.00400762345351189
"ENSG00000184343","SRPK3","26576",0.271868593530683,3.13039736880431,0.00402783885969445
"ENSG00000127954","STEAP4","79689",-0.201728332256609,-3.12955481525669,0.00403611110956947
"ENSG00000155761","SPAG17","200162",-0.211619101833138,-3.12952253235243,0.00403611110956947
"ENSG00000224287","MSL3P1",NA,0.240407524227437,3.12707155009865,0.00406770352674821
"ENSG00000116194","ANGPTL1","9068",-0.149450299156573,-3.12662386136122,0.00407201607655433
"ENSG00000089169","RPH3A","22895",0.158855841099892,3.12508437710391,0.00409131691243754
"ENSG00000118523","CTGF","1490",-0.14374121055633,-3.12394703694843,0.00410515255069269
"ENSG00000143185","XCL2","6846",0.17508631221549,3.12174956940455,0.00413371846752756
"ENSG00000054179","ENTPD2","954",0.1278220389955,3.11957238038449,0.0041621827492508
"ENSG00000087116","ADAMTS2","9509",0.158335004824862,3.1191834651338,0.00416576558751436
"ENSG00000282413","RP11-359E7.3",NA,-0.267612064748054,-3.11484677511798,0.00422490177320658
"ENSG00000211643","IGLV5-52",NA,-0.280299121878883,-3.11395939878767,0.00423560079180017
"ENSG00000267512","CTC-250I14.3",NA,0.283082147795536,3.11234197430368,0.00425671922602692
"ENSG00000137809","ITGA11","22801",0.187541717302864,3.11004944274706,0.00428761061395243
"ENSG00000253671","RP11-806O11.1",NA,-0.192964282478491,-3.10602486058414,0.00434379096951565
"ENSG00000163710","PCOLCE2","26577",-0.224036538193814,-3.10506009050701,0.00435589042474614
"ENSG00000238260","RP11-46F15.2",NA,-0.233902623271517,-3.10420909996922,0.00436636052841524
"ENSG00000198125","MB","4151",0.101121948351674,3.0989638065753,0.00444153868951976
"ENSG00000263424","CTD-2541J13.2",NA,-0.217182547918005,-3.09843473598225,0.00444741694151159
"ENSG00000215217","C5orf49","134121",-0.146423861670463,-3.09728450624871,0.00446196604734513
"ENSG00000160801","PTH1R","5745",-0.140493565130041,-3.09719039488305,0.00446196604734513
"ENSG00000250742","RP11-834C11.4","400043",-0.116849905313935,-3.09607998634121,0.00447653884648772
"ENSG00000073111","MCM2","4171",0.145306650907566,3.09469847125775,0.00449521505314951
"ENSG00000111199","TRPV4","59341",-0.127783212402732,-3.09213108483347,0.00453182837006253
"ENSG00000270100","RP11-130L8.1",NA,-0.254217099698513,-3.09113594603647,0.00454486445024503
"ENSG00000125999","BPIFB1","92747",-0.20240905722464,-3.08853909891936,0.00458229547980276
"ENSG00000140279","DUOX2","50506",-0.150191909535225,-3.08824675722031,0.00458312127427659
"ENSG00000231170","AC002451.3",NA,-0.265012642717559,-3.08821989258065,0.00458312127427659
"ENSG00000155093","PTPRN2","5799",-0.260684666720866,-3.08404931128882,0.00464507347056182
"ENSG00000105374","NKG7","4818",0.18296437098447,3.08370449180644,0.00464835137582955
"ENSG00000134198","TSPAN2","10100",-0.152846675026908,-3.08066271375808,0.00469348683712989
"ENSG00000141837","CACNA1A","773",-0.143152408689988,-3.08020719722103,0.00469852216603381
"ENSG00000092096","SLC22A17","51310",-0.137165834867072,-3.079324405567,0.00471023824530821
"ENSG00000162383","SLC1A7","6512",-0.17772931745932,-3.07831286167605,0.00472399888718149
"ENSG00000115380","EFEMP1","2202",-0.13941852545932,-3.07702218904214,0.0047421535614218
"ENSG00000198483","ANKRD35","148741",-0.160774117985145,-3.07689174885157,0.0047421535614218
"ENSG00000225986","UBXN10-AS1",NA,-0.15193451180778,-3.07670572643666,0.00474299728570502
"ENSG00000125872","LRRN4","164312",-0.201621705854035,-3.07612373155693,0.00475007542262581
"ENSG00000249096","RP11-290F5.1",NA,0.259352928503309,3.07549813553066,0.00475668785149719
"ENSG00000198075","SULT1C4","27233",-0.155415230339022,-3.07543964449848,0.00475668785149719
"ENSG00000122592","HOXA7","3204",-0.112350447865397,-3.07361850565808,0.00478339127284158
"ENSG00000162951","LRRTM1","347730",-0.168756120267713,-3.07233129571546,0.0048017312671837
"ENSG00000211789","TRAV12-2","28673",0.188723466616651,3.07078344921299,0.00482429729041249
"ENSG00000229950","TFAP2A-AS1","106660610",-0.0797323007310114,-3.0691173907932,0.00484885669352547
"ENSG00000204983","PRSS1","5644",-0.21199359189248,-3.06753755695953,0.00487213988290738
"ENSG00000178934","LGALS7B","3963",-0.212695390296532,-3.06666382143988,0.00488410577829678
"ENSG00000141750","STAC2","342667",-0.260989529128879,-3.06638291718042,0.00488650900230587
"ENSG00000197106","SLC6A17","388662",0.155453325233487,3.05840658678463,0.00501479850061692
"ENSG00000123360","PDE1B","5153",-0.131782429425646,-3.05807114656086,0.00501816051635208
"ENSG00000123473","STIL","6491",0.147397243141581,3.05776607373935,0.0050210221011247
"ENSG00000104833","TUBB4A","10382",0.18478983345852,3.05762463772451,0.0050211741507197
"ENSG00000267795","SMIM22","440335",-0.100507357169579,-3.05727721586767,0.00502474075306039
"ENSG00000205090","TMEM240","339453",-0.144252788692078,-3.05423314534983,0.0050732247456814
"ENSG00000114771","AADAC","13",0.205860655961993,3.05138944143285,0.00511875560385933
"ENSG00000155966","AFF2","2334",-0.168710286876907,-3.04848517662364,0.00516568815118772
"ENSG00000176595","KBTBD11","9920",-0.17620673379177,-3.04738324603548,0.00518219713955943
"ENSG00000183918","SH2D1A","4068",0.206289913448914,3.04658028087248,0.00519364408851086
"ENSG00000173641","HSPB7","27129",-0.122506570252616,-3.04539229128266,0.00521170934443831
"ENSG00000105419","MEIS3","56917",-0.137505236809932,-3.04414263237012,0.0052308921766315
"ENSG00000130600","H19","283120",-0.109367049077622,-3.04373742194174,0.00523558811860546
"ENSG00000161798","AQP5","362",-0.240362536288132,-3.04344192698523,0.00523839916038036
"ENSG00000100625","SIX4","51804",-0.116312272366551,-3.04216896609092,0.00525796378784733
"ENSG00000168961","LGALS9","3965",0.156167122277849,3.04191884273956,0.00525796378784733
"ENSG00000114115","RBP1","5947",-0.165724088164787,-3.04191115486714,0.00525796378784733
"ENSG00000110195","FOLR1","2348",-0.204379813797936,-3.04132932818156,0.00526573890349965
"ENSG00000279192","PWAR5","8123",-0.221659391623139,-3.04052771385147,0.00527733292376404
"ENSG00000044524","EPHA3","2042",-0.16557549216068,-3.03955564472178,0.00529191129003894
"ENSG00000065621","GSTO2","119391",-0.163460588897211,-3.03787725523632,0.00531692085261472
"ENSG00000164626","KCNK5","8645",-0.1742856091431,-3.03785541874678,0.00531692085261472
"ENSG00000134258","VTCN1","79679",-0.157831869282756,-3.03743953610602,0.00532092264591514
"ENSG00000149328","GLB1L2","89944",-0.212441950905279,-3.03736242068123,0.00532092264591514
"ENSG00000100078","PLA2G3","50487",-0.260874627332494,-3.03575998594621,0.00534665558955269
"ENSG00000019991","HGF","3082",-0.161269478895039,-3.03435880363187,0.00536895792844301
"ENSG00000135114","OASL","8638",0.180871373860002,3.03286886346413,0.00539266822662142
"ENSG00000178752","FAM132B","151176",0.194602570798351,3.03275095209844,0.00539266822662142
"ENSG00000167644","C19orf33","64073",-0.172622171982307,-3.03235849797571,0.00539727764266766
"ENSG00000129195","FAM64A","54478",0.114888894303725,3.03024576124178,0.00543241765841385
"ENSG00000125730","C3","718",-0.119421236328261,-3.0296674551469,0.00544036813538993
"ENSG00000125895","TMEM74B","55321",0.179755276424107,3.0291109704051,0.00544734132736405
"ENSG00000138152","BTBD16","118663",-0.195768724593322,-3.02901293029278,0.00544734132736405
"ENSG00000224916","APOC4-APOC2",NA,0.0892331878721446,3.02793532808549,0.0054633721903011
"ENSG00000088992","TESC","54997",-0.150883674671357,-3.02785206304191,0.0054633721903011
"ENSG00000187243","MAGED4B","81557",-0.165925130857632,-3.02576389594602,0.00549845979143449
"ENSG00000128298","BAIAP2L2","80115",-0.203002871923796,-3.02396175356065,0.00552858011867569
"ENSG00000166415","WDR72","256764",-0.220115953975529,-3.02016530212018,0.00559518439279867
"ENSG00000229183","PGA4","643847",-0.193729763708962,-3.01948280535416,0.00560525877612724
"ENSG00000105376","ICAM5","7087",-0.214491869954851,-3.0185468206062,0.0056199987667429
"ENSG00000136872","ALDOB","229",-0.131050679420042,-3.01699683206719,0.00564607583851161
"ENSG00000239855","IGKV1-6","28943",0.175834659379652,3.01596331599161,0.00566271482553241
"ENSG00000188039","NWD1","284434",-0.199375076866501,-3.01537058399386,0.00567123976533962
"ENSG00000275718","CCL15","6359",0.188141262030101,3.01463235247552,0.00568247234171272
"ENSG00000089199","CHGB","1114",-0.220857948394655,-3.01427361518374,0.00568668482630587
"ENSG00000267340","RP11-242D8.3",NA,-0.263546249490136,-3.01390953269746,0.00569099999796872
"ENSG00000242600","MBL1P",NA,-0.210478043150576,-3.01119162838729,0.00573917494018453
"ENSG00000161509","GRIN2C","2905",-0.201815625726958,-3.00851282650375,0.00578698370587516
"ENSG00000278309","RP11-102K13.5",NA,-0.160225457502975,-3.00647136020103,0.00582306779997409
"ENSG00000224137","AC079767.4","102724714",0.132366520296833,3.00501168472573,0.00584828057751214
"ENSG00000256569","RP11-173P15.5",NA,-0.215231924226283,-3.00442267598635,0.00585698846661224
"ENSG00000137648","TMPRSS4","56649",0.165888670386118,3.00196501191271,0.00590144474364497
"ENSG00000101134","DOK5","55816",-0.122021885372124,-3.00115519304588,0.00591446596371976
"ENSG00000197299","BLM","641",0.15268888999209,2.99870851549749,0.00595910521402563
"ENSG00000070731","ST6GALNAC2","10610",-0.180299737843992,-2.99738473330165,0.0059822127493276
"ENSG00000152939","MARVELD2","153562",-0.0915902868466003,-2.99634709488831,0.00599982891001522
"ENSG00000150051","MKX","283078",-0.229748202891213,-2.99521248661366,0.00601938520003911
"ENSG00000231852","CYP21A2","1589",-0.224718121217529,-2.99489165090283,0.00602308370260351
"ENSG00000146530","VWDE","221806",-0.219681526408981,-2.99451151262461,0.00602794416000054
"ENSG00000185070","FLRT2","23768",-0.142606129218869,-2.99381636064781,0.00603897393669913
"ENSG00000240671","IGKV1-8","28942",0.16946987794516,2.99183727153389,0.00607525097948489
"ENSG00000169783","LINGO1","84894",-0.163054204103842,-2.98869962046349,0.00613469775668822
"ENSG00000165929","TC2N","123036",0.135830198611348,2.98766911706432,0.00615257896123457
"ENSG00000169509","CRCT1","54544",0.133927518273836,2.98321990033904,0.00623911437287489
"ENSG00000233930","KRTAP5-AS1","338651",0.170133654937831,2.98275141665213,0.00624591448022797
"ENSG00000277701","RP11-734K23.9","100506076",-0.208300309552982,-2.98071805799925,0.00628441866091235
"ENSG00000180871","CXCR2","3579",-0.141287881950129,-2.98054280848895,0.00628530744058475
"ENSG00000163508","EOMES","8320",0.206325542787976,2.97850147068445,0.00632419420410153
"ENSG00000153233","PTPRR","5801",-0.141398681875919,-2.97762414719384,0.00633943976180052
"ENSG00000163485","ADORA1","134",-0.149371561649836,-2.97720217896439,0.0063453873694584
"ENSG00000136155","SCEL","8796",0.218234864947581,2.97632219610222,0.00636073438554778
"ENSG00000261069","RP11-701H24.4",NA,-0.219852468829385,-2.97472694775958,0.00639084238161774
"ENSG00000170627","GTSF1","121355",0.14845078058047,2.97457387592359,0.00639128995484677
"ENSG00000117115","PADI2","11240",0.187408046202349,2.97314795177519,0.0064180246339151
"ENSG00000100604","CHGA","1113",-0.222389896544981,-2.9713838383516,0.00645188767534998
"ENSG00000120149","MSX2","4488",0.167743380571041,2.96909991781928,0.00649677869611972
"ENSG00000107242","PIP5K1B","8395",0.228380190867904,2.96662278440914,0.00654602139998899
"ENSG00000167861","HID1","283987",0.143443184086438,2.96602186357285,0.00655591855875006
"ENSG00000205236","RP11-514P8.6",NA,-0.260060004052838,-2.96419404237173,0.00659178992363228
"ENSG00000123364","HOXC13","3229",0.153783165252855,2.96119701126519,0.00665278864302855
"ENSG00000165168","CYBB","1536",0.159202214798715,2.95824784354251,0.00671172989165711
"ENSG00000087128","TMPRSS11E","28983",0.167394539870347,2.95818772968845,0.00671172989165711
"ENSG00000126583","PRKCG","5582",0.181352801122224,2.95751313046879,0.00672344288668908
"ENSG00000002726","AOC1","26",0.139242508260622,2.95537232044834,0.00676693361829628
"ENSG00000174607","UGT8","7368",-0.19047044666225,-2.95488490329012,0.00677466545433901
"ENSG00000243955","GSTA1","2938",-0.189680037411278,-2.95472569150538,0.00677527060403805
"ENSG00000145362","ANK2","287",-0.123161280911288,-2.95429340144099,0.00678181344587118
"ENSG00000105825","TFPI2","7980",-0.210859579779503,-2.95362823452351,0.00679343333320022
"ENSG00000278071","RP11-736N17.10",NA,-0.191179966837536,-2.95279344529964,0.00680877281182202
"ENSG00000165124","SVEP1","79987",-0.14181897293205,-2.94982220540648,0.00687076980558268
"ENSG00000276775","IGHV4-4","28401",0.23294129486621,2.94970201382979,0.00687076980558268
"ENSG00000119938","PPP1R3C","5507",-0.180625711348244,-2.94793384452724,0.00690687616659279
"ENSG00000228798","AP000473.5",NA,-0.20366632920235,-2.94633231671645,0.00693945299761526
"ENSG00000152779","SLC16A12","387700",-0.172950488998161,-2.94604374041663,0.00694124053368467
"ENSG00000106034","CPED1","79974",-0.15336421646744,-2.94598939782386,0.00694124053368467
"ENSG00000211625","IGKV3D-20","28874",0.186703994605891,2.94320342720005,0.00700042540198606
"ENSG00000204287","HLA-DRA","3122",0.130834790704564,2.94236516674815,0.00701626529940473
"ENSG00000134775","FHOD3","80206",-0.121247010520982,-2.94198748402316,0.00702179537412395
"ENSG00000121207","LRAT","9227",-0.213898169964613,-2.94116426143483,0.00703648045175494
"ENSG00000133808","MICALCL",NA,-0.151220515099933,-2.94107146723623,0.00703648045175494
"ENSG00000273179","RP11-20I20.4",NA,-0.188271384066373,-2.94092968866397,0.00703672180679322
"ENSG00000236819","LINC01563","101060544",-0.202370274730005,-2.9373479687482,0.00711468732805278
"ENSG00000205502","C2CD4B","388125",0.176435616430823,2.93539056778066,0.00715626789541589
"ENSG00000256500","RP11-73M18.2",NA,0.0941663887942121,2.93414890046038,0.00718166006781785
"ENSG00000015592","STMN4","81551",-0.174163833109062,-2.93268152545122,0.00721232075998419
"ENSG00000145794","MEGF10","84466",-0.162458244284284,-2.93225139877814,0.00721919837451448
"ENSG00000139572","GPR84","53831",0.148130106345998,2.93132546088839,0.00723750808495286
"ENSG00000173391","OLR1","4973",0.105151866216114,2.93061739021615,0.00725082594057686
"ENSG00000132854","KANK4","163782",-0.163595933784773,-2.92927966136528,0.00727874760730202
"ENSG00000130540","SULT4A1","25830",-0.209981954058056,-2.92873945190752,0.007288238196208
"ENSG00000153446","C16orf89","146556",-0.188158393262764,-2.92842687027616,0.00729152403199192
"ENSG00000107984","DKK1","22943",0.214052116807667,2.92833602391999,0.00729152403199192
"ENSG00000173898","SPTBN2","6712",0.144380005007362,2.92614973318389,0.00733937803581603
"ENSG00000137078","SIT1","27240",0.151607252211956,2.92351194986746,0.00739812818420856
"ENSG00000109193","SULT1E1","6783",0.218741726110485,2.92291616863712,0.00740906887402981
"ENSG00000242732","RGAG4","340526",-0.159519207028041,-2.922083828594,0.00742560517951161
"ENSG00000010438","PRSS3","5646",-0.202743261182649,-2.92171029540952,0.00743133351765069
"ENSG00000070526","ST6GALNAC1","55808",0.169214682949787,2.91914184708376,0.007489097375195
"ENSG00000188931","CFAP126","257177",-0.179024157613033,-2.91630256382267,0.00755375539033687
"ENSG00000106327","TFR2","7036",-0.18238635090188,-2.91464592314362,0.00759040115610355
"ENSG00000170835","CEL","1056",0.181323375474957,2.91387612792097,0.00760579342750709
"ENSG00000107562","CXCL12","6387",-0.132048947931592,-2.91346462550774,0.00761256272775077
"ENSG00000103044","HAS3","3038",-0.164811234110517,-2.91254961426808,0.0076315080511283
"ENSG00000185686","PRAME","23532",0.257735570134066,2.91203709991836,0.00764074461917116
"ENSG00000121966","CXCR4","7852",0.120683239112835,2.9118588639128,0.00764189314948511
"ENSG00000135914","HTR2B","3357",-0.148562717902534,-2.9104810656417,0.00767214458402254
"ENSG00000008735","MAPK8IP2","23542",-0.175982192651272,-2.90943943600674,0.00769430919459753
"ENSG00000198851","CD3E","916",0.166186874850739,2.90780660704769,0.00773098604330051
"ENSG00000114529","C3orf52","79669",-0.154344446268118,-2.90477885245272,0.00780217020252616
"ENSG00000144354","CDCA7","83879",0.204236133037399,2.90382199464417,0.00782257601434836
"ENSG00000140451","PIF1","80119",0.178969661250558,2.90206194645411,0.0078589250808811
"ENSG00000165474","GJB2","2706",0.126374613217611,2.90197899617377,0.0078589250808811
"ENSG00000182566","CLEC4G","339390",-0.242704238950058,-2.90196301618628,0.0078589250808811
"ENSG00000254510","RP11-867G23.10",NA,-0.179335516417714,-2.89854610800211,0.00794091849674858
"ENSG00000137875","BCL2L10","10017",-0.166087682552068,-2.89798575488108,0.00795169403121665
"ENSG00000186007","LEMD1","93273",-0.234934692130457,-2.89614998197985,0.00799459183988749
"ENSG00000133135","RNF128","79589",-0.119507154962002,-2.89485208629966,0.0080240768592377
"ENSG00000101850","GPR143","4935",-0.127288024960848,-2.89471032316894,0.00802435584895918
"ENSG00000213260","YWHAZP5",NA,0.102617245327824,2.89421021105906,0.00803370854409598
"ENSG00000092758","COL9A3","1299",-0.225598766333107,-2.89156307591611,0.00809768036944234
"ENSG00000124664","SPDEF","25803",0.140655036225242,2.88974581875383,0.00814081203807893
"ENSG00000161055","SCGB3A1","92304",-0.232473895428911,-2.88923000317999,0.00814778494496076
"ENSG00000151490","PTPRO","5800",0.138625988936125,2.88921252870115,0.00814778494496076
"ENSG00000166923","GREM1","26585",0.125857750986662,2.88880092003664,0.00815499586258502
"ENSG00000130226","DPP6","1804",-0.148413602253094,-2.88644157068125,0.00821239655980738
"ENSG00000226777","KIAA0125","9834",0.188913935193939,2.88289792597789,0.00830100651585053
"ENSG00000162409","PRKAA2","5563",-0.194190214980904,-2.8809072305682,0.00834965968003717
"ENSG00000148082","SHC3","53358",-0.12113179635208,-2.87510191996034,0.00849969454758152
"ENSG00000237807","RP11-400K9.4","100507516",0.155837015739548,2.87339375808839,0.00854182893156448
"ENSG00000271344","RP11-274B21.9",NA,-0.185996673910872,-2.87173595662294,0.0085796897318008
"ENSG00000186510","CLCNKA","1187",-0.156770230831194,-2.871720637896,0.0085796897318008
"ENSG00000133216","EPHB2","2048",0.121284911764135,2.8709834803057,0.00859493188376325
"ENSG00000229807","XIST","7503",-0.0913800959744461,-2.87077996732807,0.00859493188376325
"ENSG00000165507","C10orf10","11067",-0.136367477161179,-2.87076157672779,0.00859493188376325
"ENSG00000145284","SCD5","79966",-0.141576171571488,-2.86712574672584,0.00868975639831257
"ENSG00000171236","LRG1","116844",-0.238966388567403,-2.86619896032094,0.0087114214852671
"ENSG00000114812","VIPR1","7433",-0.124420273553169,-2.86560339993515,0.0087240939645591
"ENSG00000158164","TMSB15A","11013",0.169649435190445,2.8651452201659,0.00873303121579077
"ENSG00000163121","NEURL3","93082",-0.122746544402264,-2.86354405931242,0.00877326884381274
"ENSG00000127472","PLA2G5","5322",0.110954590226656,2.86222095827041,0.00880601972776949
"ENSG00000085276","MECOM","2122",-0.104363367174985,-2.86199118805534,0.00880874520496329
"ENSG00000250120","PCDHA10","56139",-0.198676824044655,-2.85871725481345,0.00889563150295497
"ENSG00000143851","PTPN7","5778",0.149975622638327,2.85723508693103,0.00893322495566845
"ENSG00000172322","CLEC12A","160364",0.163243552118345,2.85446752036822,0.00900616829512102
"ENSG00000279377","AC003973.3",NA,-0.186845487084224,-2.85436591840112,0.00900616829512102
"ENSG00000157399","ARSE","415",-0.115762950381886,-2.85182963974541,0.009073932412357
"ENSG00000064270","ATP2C2","9914",0.125007495022032,2.85123193468336,0.00908713848781662
"ENSG00000244124","ATP1B3-AS1",NA,-0.237255344162293,-2.84965587659015,0.00912812598617998
"ENSG00000135378","PRRG4","79056",-0.0958363589236074,-2.8486705700226,0.00915243803440499
"ENSG00000162989","KCNJ3","3760",-0.299559835490448,-2.84788731268624,0.00917104101520239
"ENSG00000249430","CTD-2231H16.1",NA,-0.170451525666689,-2.84775156302724,0.00917118438470058
"ENSG00000089127","OAS1","4938",0.171071322846445,2.84464143938526,0.00925655989301738
"ENSG00000163221","S100A12","6283",0.232473505499295,2.84420726706548,0.00926529467002699
"ENSG00000118473","SGIP1","84251",0.141736108063306,2.84055785310419,0.00936641241302407
"ENSG00000146122","DAAM2","23500",-0.0993807372708097,-2.84045175373945,0.00936641241302407
"ENSG00000233836","RP11-255H23.2",NA,-0.130014622096887,-2.83954002632607,0.00938914911272775
"ENSG00000188095","MESP2","145873",-0.161473999139086,-2.83857196533168,0.00941358106818773
"ENSG00000166897","ELFN2","114794",0.204043384275874,2.83840938825896,0.00941451215633951
"ENSG00000074317","SNCB","6620",0.175285239132039,2.83801162102213,0.00942231813586133
"ENSG00000136943","CTSV","1515",0.117745914613354,2.83603538094876,0.00947641287675611
"ENSG00000157851","DPYSL5","56896",0.213376564090671,2.83459964943137,0.00951483319264155
"ENSG00000171388","APLN","8862",0.119930914548106,2.83384159285202,0.00953173816679567
"ENSG00000203499","FAM83H-AS1","642574",0.0599584100861774,2.83376564225465,0.00953173816679567
"ENSG00000110786","PTPN5","84867",-0.134695015706456,-2.83250235268652,0.00956524870021615
"ENSG00000227827","RP11-958N24.2","283955",-0.234724495472566,-2.83132963036706,0.00959617319267474
"ENSG00000128045","RASL11B","65997",-0.132926378811481,-2.83017009271434,0.00962679446184186
"ENSG00000137142","IGFBPL1","347252",0.172400462747551,2.82867099777508,0.00966765652423261
"ENSG00000257542","OR7E47P",NA,0.14757431898293,2.82761128826674,0.00969548783417323
"ENSG00000267834","RP11-167N5.5",NA,-0.236349472182502,-2.82564990135949,0.0097505382019787
"ENSG00000157502","MUM1L1","139221",-0.184013258061612,-2.82544186194704,0.00975225469056222
"ENSG00000123338","NCKAP1L","3071",0.144308507624594,2.82533189396888,0.00975225469056222
"ENSG00000112782","CLIC5","53405",-0.1222292437535,-2.82247094415779,0.0098348856905776
"ENSG00000144868","TMEM108","66000",-0.156450473081199,-2.82086434084932,0.00987759525331177
"ENSG00000105976","MET","4233",-0.140940862088757,-2.82060362710853,0.00987759525331177
"ENSG00000166473","PKD1L2","114780",-0.154527448521304,-2.82060054430853,0.00987759525331177
"ENSG00000276771","HOTAIRM1_2",NA,-0.222023256080104,-2.82054577103839,0.00987759525331177
"ENSG00000154227","CERS3","204219",-0.169941581125135,-2.81860843974696,0.00993283216830362
"ENSG00000171368","TPPP","11076",-0.171365192930553,-2.81735905666041,0.0099671773206791
"ENSG00000139193","CD27","939",0.173124573481995,2.81665350726139,0.00998487176453588
"ENSG00000165084","C8orf34","116328",-0.164055717027043,-2.81370337287665,0.0100720304209365
"ENSG00000167183","PRR15L","79170",0.0745371831948212,2.81118356577947,0.0101464217950448
"ENSG00000084710","EFR3B","22979",-0.152512191646717,-2.80926409292621,0.0102024441434092
"ENSG00000240764","PCDHGC5","56097",-0.14961207065491,-2.80905595350223,0.0102048818240268
"ENSG00000171303","KCNK3","3777",-0.182920590269137,-2.80583713094502,0.0103022671087922
"ENSG00000224307","RP11-344B5.2",NA,-0.143720978084276,-2.80036674692618,0.0104726288532754
"ENSG00000134061","CD180","4064",0.118757630677907,2.79929612887579,0.0105028779652947
"ENSG00000131016","AKAP12","9590",-0.143797627148485,-2.79862029270734,0.0105204581734413
"ENSG00000137673","MMP7","4316",-0.117668656036535,-2.79804190269823,0.0105349162504521
"ENSG00000255301","RP11-624G17.3",NA,-0.0718793806473091,-2.79618072636744,0.0105909639326439
"ENSG00000262406","MMP12","4321",0.140170270649857,2.7915561896445,0.0107346649415455
"ENSG00000241728","AP001062.8",NA,-0.270062782081428,-2.79151974138536,0.0107346649415455
"ENSG00000081923","ATP8B1","5205",-0.117870779458124,-2.78818180543039,0.010840521247138
"ENSG00000238279","BX470102.3",NA,-0.228789179932373,-2.78786296723131,0.0108467573660569
"ENSG00000181541","MAB21L2","10586",-0.148114127777452,-2.78729282598666,0.0108613399804807
"ENSG00000211976","IGHV3-73","28409",0.185414211669081,2.78632608102279,0.0108891335937841
"ENSG00000121807","CCR2","729230",0.156111041124833,2.78608980712943,0.0108926481620741
"ENSG00000115226","FNDC4","64838",-0.105329212120351,-2.78332243014928,0.0109807451829862
"ENSG00000135480","KRT7","3855",0.122274209395786,2.78270218021978,0.0109945243192821
"ENSG00000171951","SCG2","7857",-0.1157442408125,-2.78265037246734,0.0109945243192821
"ENSG00000105369","CD79A","973",0.18095344680461,2.78145557261951,0.0110302986343255
"ENSG00000086548","CEACAM6","4680",0.160369326547212,2.77979001754171,0.0110820818331161
"ENSG00000178882","FAM101A","144347",0.153487351256557,2.77850197429387,0.011121272518235
"ENSG00000256751","PLBD1-AS1","101928290",-0.116892339433734,-2.77815400130976,0.0111286457811832
"ENSG00000145506","NKD2","85409",-0.134596446646873,-2.77711027021521,0.011159669913026
"ENSG00000261011","RP11-96C23.11",NA,-0.176498711193928,-2.77680479702822,0.011165620869655
"ENSG00000164181","ELOVL7","79993",-0.152954968560738,-2.77540605341745,0.0112088554902531
"ENSG00000244731","C4A","720",-0.21053819390294,-2.77345483985278,0.0112711864433839
"ENSG00000134716","CYP2J2","1573",0.123805874225866,2.76981716925396,0.0113921312329166
"ENSG00000198046","ZNF667","63934",-0.16106256430959,-2.7692532412357,0.0114071538073285
"ENSG00000069812","HES2","54626",0.124137710787372,2.76657423144549,0.0114958695360501
"ENSG00000243238","IGKV2-30","28919",0.163020000352465,2.7630811186576,0.0116093847105155
"ENSG00000231439","WASIR2","100132169",-0.177529767199792,-2.76307771131162,0.0116093847105155
"ENSG00000149968","MMP3","4314",0.11184193519505,2.76240861860092,0.0116283727466202
"ENSG00000169469","SPRR1B","6699",0.182681409433765,2.76022863067903,0.0117009014379633
"ENSG00000113211","PCDHB6","56130",-0.156671363220866,-2.75964521563063,0.0117169780837309
"ENSG00000258656","RP11-193F5.4",NA,-0.25299772952009,-2.75946958933245,0.011718575536116
"ENSG00000259120","SMIM6","100130933",-0.184658994925428,-2.75878153701124,0.0117383989739731
"ENSG00000248668","OXCT1-AS1","100874002",-0.178987840453176,-2.75741396606884,0.011782495135162
"ENSG00000224189","HAGLR","401022",0.127429228965631,2.75430936732719,0.0118891222255945
"ENSG00000203877","RIPPLY2","134701",-0.187804980315118,-2.75390026215877,0.0118991490661665
"ENSG00000103067","ESRP2","80004",0.0580343224404388,2.75315265307148,0.011921393536864
"ENSG00000239268","RP11-384F7.2","127138867",-0.154386285594717,-2.7528737534827,0.0119267453246486
"ENSG00000133878","DUSP26","78986",-0.166496901766901,-2.75260148189912,0.0119318612087579
"ENSG00000172543","CTSW","1521",0.175092469965631,2.75239215893384,0.0119347066705915
"ENSG00000085999","RAD54L","8438",0.139527752971526,2.75005273686512,0.0120147240590539
"ENSG00000164283","ESM1","11082",0.0786617801721568,2.74949622478391,0.0120302101753028
"ENSG00000123572","NRK","203447",0.14772979103013,2.74763379456347,0.0120933551855007
"ENSG00000122877","EGR2","1959",-0.141548317757316,-2.74734533402899,0.0120991283975407
"ENSG00000001626","CFTR","1080",-0.184446131545175,-2.74576411859692,0.0121522700064648
"ENSG00000171564","FGB","2244",0.225721786949919,2.74532627477066,0.0121635553642533
"ENSG00000183421","RIPK4","54101",0.106044736376626,2.74493865049638,0.0121730049733147
"ENSG00000183691","NOG","9241",-0.192377714605922,-2.74389005693567,0.0122067952533927
"ENSG00000258017","RP11-386G11.10",NA,0.0893331702217069,2.74361087266483,0.0122122783861289
"ENSG00000140092","FBLN5","10516",-0.116031864875555,-2.74275247083806,0.0122391401632016
"ENSG00000214199","EEF1A1P12",NA,-0.0832566168239774,-2.74216870099782,0.0122524350434249
"ENSG00000216921","AC131097.4","285095",-0.209289134116495,-2.74213200175475,0.0122524350434249
"ENSG00000099617","EFNA2","1943",0.196927770413932,2.74106747877826,0.0122870133325649
"ENSG00000149571","KIRREL3","84623",-0.167834946314985,-2.73822381492575,0.0123874890599095
"ENSG00000184669","OR7E14P","10819",-0.0752068457704766,-2.73810548207573,0.0123874890599095
"ENSG00000124780","KCNK17","89822",-0.159034919367103,-2.73714905444312,0.0124183621192619
"ENSG00000134817","APLNR","187",-0.0923920357073285,-2.73689313373733,0.0124230641471707
"ENSG00000105509","HAS1","3036",-0.187424808328616,-2.73655413538459,0.0124268893300828
"ENSG00000168925","CTRB1","1504",0.131655789199149,2.73653054770126,0.0124268893300828
"ENSG00000151224","MAT1A","4143",-0.184645188588768,-2.73544101749711,0.0124628454348432
"ENSG00000111674","ENO2","2026",-0.163270565872426,-2.73501913213417,0.0124737984275797
"ENSG00000225932","CTAGE4",NA,-0.152651554985842,-2.73434933289838,0.012494081418689
"ENSG00000130762","ARHGEF16","27237",-0.0745776704272772,-2.73359863066112,0.012517441582478
"ENSG00000196565","HBG2","3048",-0.20101079330356,-2.7325938417461,0.0125504315525393
"ENSG00000088002","SULT2B1","6820",0.120794353867778,2.7312712225761,0.01259553292378
"ENSG00000127324","TSPAN8","7103",0.210106641163176,2.72929634661842,0.0126655862500038
"ENSG00000149948","HMGA2","8091",-0.128702069095327,-2.72625202390329,0.0127769592077631
"ENSG00000174808","BTC","685",-0.117143443475788,-2.72594068171413,0.0127839139136213
"ENSG00000164398","ACSL6","23305",-0.171546151020878,-2.72563096430709,0.0127908108553178
"ENSG00000154975","CA10","56934",0.165295572756827,2.72371047879387,0.0128597313268115
"ENSG00000183715","OPCML","4978",-0.149652021097802,-2.7230420840711,0.0128805182049558
"ENSG00000102890","ELMO3","79767",-0.109171994533041,-2.72186748875992,0.0129209368707281
"ENSG00000129151","BBOX1","8424",-0.172895824476755,-2.72062451521565,0.0129641255945019
"ENSG00000156463","SH3RF2","153769",-0.134311817262056,-2.72019166425962,0.0129758989824572
"ENSG00000112276","BVES","11149",-0.116957264342463,-2.71994216080272,0.0129805478759811
"ENSG00000196754","S100A2","6273",-0.157840917084162,-2.71973108581478,0.0129837042592095
"ENSG00000115008","IL1A","3552",0.121176159420863,2.7147143844422,0.0131751129694819
"ENSG00000157551","KCNJ15","3772",0.103920591604216,2.71399361085355,0.0131984210567707
"ENSG00000008394","MGST1","4257",0.146590219238331,2.71196570342473,0.013271054814846
"ENSG00000172602","RND1","27289",0.163093272737729,2.71189862590285,0.013271054814846
"ENSG00000160654","CD3G","917",0.147558957562381,2.71164418289964,0.0132718537435705
"ENSG00000123570","RAB9B","51209",-0.124888122392792,-2.7116185164797,0.0132718537435705
"ENSG00000119866","BCL11A","53335",-0.21303980906392,-2.71040120635365,0.0133150628796479
"ENSG00000211892","IGHG4","3503",0.131936112352859,2.70785350087299,0.0134115877947097
"ENSG00000147573","TRIM55","84675",0.184648644338772,2.70482076356366,0.0135283016318016
"ENSG00000168907","PLA2G4F","255189",0.104440108402877,2.70223322371281,0.0136278219992738
"ENSG00000136732","GYPC","2995",-0.121523049126631,-2.70140975659081,0.013656019399941
"ENSG00000223749","MIR503HG",NA,-0.146594086739579,-2.70060335943528,0.0136835728536408
"ENSG00000167600","CYP2S1","29785",-0.0921543826164005,-2.69837603292622,0.013769329929754
"ENSG00000224389","C4B","721",-0.202323179239434,-2.69382140552624,0.0139518282777183
"ENSG00000196126","HLA-DRB1","3123",0.136978844232385,2.69155520022697,0.0140407037903114
"ENSG00000169403","PTAFR","5724",0.136383314388624,2.69052024468255,0.0140784990290229
"ENSG00000103740","ACSBG1","23205",0.122074685462782,2.68901999171943,0.0141333815872487
"ENSG00000227051","C14orf132","56967",-0.152519509322377,-2.68894986318479,0.0141333815872487
"ENSG00000164932","CTHRC1","115908",0.09923222020553,2.6886706080162,0.0141396385057772
"ENSG00000105971","CAV2","858",-0.107129861304567,-2.68818671353312,0.0141544965291495
"ENSG00000171551","ECEL1","9427",0.161138379208338,2.68647180456714,0.0142212321466118
"ENSG00000204253","HNRNPCP2",NA,-0.0585189210503614,-2.68529758497136,0.0142653511180387
"ENSG00000211829","TRDC",NA,0.129871120776435,2.68312264287635,0.014352110377201
"ENSG00000254560","BBOX1-AS1","103695435",0.160470528782787,2.68246712190099,0.0143744759221792
"ENSG00000270885","RASL10B","91608",-0.131807791530484,-2.68157168199112,0.0144071113240541
"ENSG00000234456","MAGI2-AS3","100505881",-0.0988799618222622,-2.68131093085581,0.0144126878139974
"ENSG00000095713","CRTAC1","55118",-0.157459637862685,-2.68018402641777,0.0144553075375476
"ENSG00000157005","SST","6750",-0.115961453348877,-2.67699156737491,0.0145869465765963
"ENSG00000224961","RP1-278O22.1",NA,-0.214910560503245,-2.67603231957902,0.0146173247048276
"ENSG00000012504","NR1H4","9971",0.103351398623875,2.6760280572998,0.0146173247048276
"ENSG00000160862","AZGP1","563",-0.106246818061362,-2.6757698014012,0.0146189775012542
"ENSG00000131398","KCNC3","3748",-0.211840362511854,-2.67572967292421,0.0146189775012542
"ENSG00000211942","IGHV3-13","28449",0.190570538427486,2.67454717682535,0.0146645482557942
"ENSG00000122641","INHBA","3624",0.113263221618896,2.66777134524854,0.0149552472858205
"ENSG00000230838","AC093850.2","105373869",0.0913306542881928,2.66653348659524,0.0150041947620139
"ENSG00000136231","IGF2BP3","10643",0.167530660073869,2.66545464154538,0.0150462279097474
"ENSG00000126878","AIF1L","83543",0.147892135819216,2.66505661409478,0.0150581131743352
"ENSG00000182866","LCK","3932",0.150063118724806,2.66425400544398,0.0150879909895434
"ENSG00000145358","DDIT4L","115265",-0.146211937075875,-2.66386742632651,0.0150937609694664
"ENSG00000140274","DUOXA2","405753",-0.1518360179727,-2.66386399081887,0.0150937609694664
"ENSG00000172346","CSDC2","27254",-0.131147146819383,-2.6636120355762,0.0150991831558276
"ENSG00000276691","RP5-1057I20.5",NA,-0.212683097775438,-2.65822867630612,0.0153345595772627
"ENSG00000125878","TCF15","6939",-0.154529327928079,-2.65759228212523,0.0153574117015456
"ENSG00000134184","GSTM1","2944",-0.281193352818199,-2.65508951327109,0.0154649261203047
"ENSG00000166143","PPP1R14D","54866",0.120013010460983,2.65478724610344,0.0154727480626759
"ENSG00000256164","CCND2-AS1",NA,-0.195218065419139,-2.65255637963994,0.015568539403477
"ENSG00000136826","KLF4","9314",-0.136384273386357,-2.64989716257082,0.0156845625023953
"ENSG00000230630","DNM3OS",NA,-0.122729646555352,-2.64809614350575,0.0157616328597339
"ENSG00000187672","ERC2","26059",-0.149064055051059,-2.64599680833243,0.0158528954705291
"ENSG00000205704","LINC00634","339674",0.140080339864472,2.64416870813136,0.0159294546089173
"ENSG00000092529","CAPN3","825",-0.118677013394248,-2.64409207206883,0.0159294546089173
"ENSG00000119411","BSPRY","54836",-0.0738732443745149,-2.64129977500418,0.0160541097588886
"ENSG00000237513","RP11-325F22.2",NA,0.178240004045539,2.63871374288245,0.0161698727744913
"ENSG00000189366","ALG1L",NA,0.225357907347246,2.63811111340855,0.0161922176853906
"ENSG00000267328","AC002398.12",NA,-0.175174270140417,-2.63630251657581,0.0162659985618095
"ENSG00000188906","LRRK2","120892",0.143917649862289,2.63629519655284,0.0162659985618095
"ENSG00000076344","RGS11","8786",-0.135410432263117,-2.63498609404604,0.016322118796414
"ENSG00000272763","RP11-357H14.17","127379715",0.16653652359722,2.63408439842252,0.0163589342821419
"ENSG00000244649","CTD-2377D24.6",NA,0.137820546440845,2.63367678114193,0.0163721854400121
"ENSG00000230847","RP11-195E2.1",NA,-0.221398104451232,-2.63171077770242,0.0164549539731718
"ENSG00000271347","RP11-701H24.7",NA,-0.215524109566363,-2.63168879183127,0.0164549539731718
"ENSG00000162493","PDPN","10630",0.0943869575505073,2.6313468245199,0.0164651210724302
"ENSG00000182580","EPHB3","2049",-0.106228112383539,-2.63026986767286,0.0165106624653061
"ENSG00000106006","HOXA6","3203",-0.13984937945147,-2.62990296505696,0.0165220633020475
"ENSG00000211685","IGLC7","28834",0.177364443129834,2.62910306397234,0.0165543640431177
"ENSG00000172724","CCL19","6363",-0.167345642060114,-2.62601812492166,0.0166975520683534
"ENSG00000129194","SOX15","6665",-0.163889300159953,-2.62578910273895,0.0167023557356407
"ENSG00000088538","DOCK3","1795",-0.166728974866801,-2.62466572628642,0.0167420187594331
"ENSG00000108813","DLX4","1748",0.171069982925823,2.62460802688003,0.0167420187594331
"ENSG00000162873","KLHDC8A","55220",-0.0898683784250523,-2.62458412899335,0.0167420187594331
"ENSG00000260314","MRC1","4360",0.164230594809683,2.62419466282033,0.0167546658828757
"ENSG00000217442","SYCE3","644186",-0.107859373665649,-2.62383042945753,0.016766090929598
"ENSG00000183570","PCBP3","54039",0.15546710092916,2.62199760188492,0.0168493914555024
"ENSG00000164972","C9orf24","84688",-0.217516226685903,-2.62086117549607,0.0168987940115037
"ENSG00000102854","MSLN","10232",-0.175708001556517,-2.62032342356434,0.0169188426579599
"ENSG00000205927","OLIG2","10215",0.12451514543438,2.61850106576154,0.0170022946446755
"ENSG00000272541","XXbac-BPGBPG55C20.1",NA,-0.237723185655433,-2.61557970949194,0.0171407397984629
"ENSG00000172935","MRGPRF","116535",-0.0997982316569575,-2.61449542395838,0.0171882927103122
"ENSG00000211933","IGHV6-1","28385",0.186234127897274,2.61383207931798,0.0172149168156234
"ENSG00000110448","CD5","921",0.163783661306938,2.61304878403177,0.017247580577187
"ENSG00000255020","AF131216.5","100129129",0.194751244148974,2.61251093870459,0.0172679979020445
"ENSG00000263968","RN7SL381P","106479362",-0.206025422376699,-2.61230145225918,0.0172719762458749
"ENSG00000157654","PALM2-AKAP2","445815",-0.139071324339604,-2.6098326030851,0.0173895257714232
"ENSG00000172236","TPSAB1","7177",-0.128989016154671,-2.60798804395693,0.0174761459859351
"ENSG00000137727","ARHGAP20","57569",-0.123601283485581,-2.60659731269692,0.0175400794071956
"ENSG00000077984","CST7","8530",0.136234038667053,2.60220773354018,0.0177576433604447
"ENSG00000136695","IL36RN","26525",0.173892832627596,2.60180208825101,0.0177717918857849
"ENSG00000270412","RP11-92C4.6",NA,-0.0916308145996203,-2.59990859578736,0.0178626169614356
"ENSG00000086696","HSD17B2","3294",0.151297074772713,2.59881859972795,0.0179122251406331
"ENSG00000196482","ESRRG","2104",-0.147954165984334,-2.59850324260709,0.0179218072619775
"ENSG00000133317","LGALS12","85329",-0.180737017420354,-2.59705775359115,0.0179900195710231
"ENSG00000099985","OSM","5008",0.140302412993774,2.59396806479503,0.018144344180057
"ENSG00000172995","ARPP21","10777",-0.16605969769549,-2.5930256926879,0.018186895476782
"ENSG00000007216","SLC13A2","9058",-0.174936051757191,-2.59280251251897,0.0181917687791946
"ENSG00000180616","SSTR2","6752",-0.197557848403439,-2.59190136918624,0.0182322513049051
"ENSG00000147655","RSPO2","340419",0.158681110775319,2.5903964642232,0.0183046365862763
"ENSG00000236698","EIF1AXP1",NA,0.114130499355905,2.5899712895215,0.0183201995883105
"ENSG00000081041","CXCL2","2920",-0.194273810776789,-2.58769717937955,0.0184336783828706
"ENSG00000123689","G0S2","50486",-0.170313551022167,-2.58424558889003,0.0186073828658508
"ENSG00000198753","PLXNB3","5365",0.107788857447114,2.58417745182306,0.0186073828658508
"ENSG00000196361","ELAVL3","1995",-0.160789690513092,-2.58376335559667,0.0186199921597476
"ENSG00000236723","RP5-1024G6.2",NA,-0.246670749151293,-2.58368135699567,0.0186199921597476
"ENSG00000128710","HOXD10","3236",-0.0756238401407801,-2.58277395641295,0.0186616478282017
"ENSG00000069482","GAL","51083",0.145258431186859,2.58061653438772,0.0187706901448844
"ENSG00000109255","NMU","10874",0.165992802772297,2.57930028060701,0.0188321657415827
"ENSG00000160321","ZNF208","7757",-0.153821077524381,-2.57921773030881,0.0188321657415827
"ENSG00000261701","HPR","3250",-0.156551042748641,-2.57526097722207,0.0190401230020753
"ENSG00000244257","PKD1P1","339044",-0.22858398715855,-2.57490864456271,0.019052251072228
"ENSG00000145244","CORIN","10699",0.16961284419476,2.57307259155134,0.019145656552411
"ENSG00000211650","IGLV5-45","28781",0.176311947111369,2.57089031215596,0.0192585557609444
"ENSG00000171016","PYGO1","26108",-0.121165187361457,-2.57035699336693,0.0192807961305079
"ENSG00000120088","CRHR1","1394",-0.14787869002013,-2.56966299154378,0.0193119432798993
"ENSG00000145283","SLC10A6","345274",-0.117940017483398,-2.56660496441268,0.0194744344952983
"ENSG00000142512","SIGLEC10","89790",0.120243104876231,2.56565198138274,0.0195203070131065
"ENSG00000165490","DDIAS","220042",0.117664455027947,2.56523913374241,0.0195360813324718
"ENSG00000254427","RP11-430H10.1",NA,-0.209649920672325,-2.56431335424337,0.0195805591499809
"ENSG00000122756","CNTFR","1271",-0.162852193191308,-2.56324638741473,0.0196330456415253
"ENSG00000132470","ITGB4","3691",-0.13054889171549,-2.56070164389045,0.0197689147404195
"ENSG00000176956","LY6H","4062",-0.103814974581905,-2.56057064979096,0.0197689501717105
"ENSG00000100385","IL2RB","3560",0.152877600097407,2.55871589916053,0.0198664945324348
"ENSG00000100558","PLEK2","26499",0.0641668183010633,2.55813726590659,0.0198919213056214
"ENSG00000211445","GPX3","2878",-0.109336367747439,-2.55730094400549,0.0199320228280175
"ENSG00000131746","TNS4","84951",-0.110040164893873,-2.55687826175406,0.0199486503105919
"ENSG00000255690","TRIL","9865",0.096754267780208,2.55637404231564,0.0199699338149856
"ENSG00000118520","ARG1","383",-0.17372273227474,-2.55532288989061,0.0200224327478958
"ENSG00000229417","NPM1P25","399804",-0.0992416672836391,-2.55238939290108,0.0201829919162693
"ENSG00000154262","ABCA6","23460",-0.117364604641675,-2.55165956306633,0.0202174766973227
"ENSG00000016082","ISL1","3670",-0.154428733467523,-2.55083033806326,0.0202577444729124
"ENSG00000169860","P2RY1","5028",0.112766434027719,2.55019958640322,0.0202866209816513
"ENSG00000128709","HOXD9","3235",-0.0594880068280734,-2.54990203896701,0.020296281027253
"ENSG00000271200","RP11-430G17.3",NA,-0.227838333154505,-2.54686142788875,0.0204649923295083
"ENSG00000143001","TMEM61","199964",-0.111274659531492,-2.54507045610698,0.0205598671981106
"ENSG00000113263","ITK","3702",0.168019619269979,2.54497344899505,0.0205598671981106
"ENSG00000171450","CDK5R2","8941",0.17432741281068,2.5445788006954,0.0205753154889733
"ENSG00000174348","PODN","127435",-0.115283086339801,-2.54115291775886,0.0207687562865579
"ENSG00000145536","ADAMTS16","170690",-0.173433010569388,-2.54002274631255,0.0208277590856286
"ENSG00000132514","CLEC10A","10462",-0.177604601009889,-2.53877000716862,0.0208941699585058
"ENSG00000157570","TSPAN18","90139",-0.104721899322397,-2.53749326929956,0.0209621922138772
"ENSG00000151882","CCL28","56477",-0.200296421194521,-2.53704792392418,0.0209809166816861
"ENSG00000214575","CPEB1","64506",-0.112699552395079,-2.53690017934862,0.0209819531376112
"ENSG00000268790","CTC-429P9.4",NA,-0.148476332965226,-2.53593346652511,0.0210317436811866
"ENSG00000158806","NPM2","10361",-0.185903820273036,-2.53532032623143,0.0210605343535308
"ENSG00000073737","DHRS9","10170",0.137490811369369,2.5344917808143,0.0211022298504185
"ENSG00000243509","TNFRSF6B","8771",0.231526118774679,2.53406486472397,0.0211199665299373
"ENSG00000026559","KCNG1","3755",0.201657521140345,2.53391412228528,0.0211211952488634
"ENSG00000196542","SPTSSB","165679",0.162740473903564,2.53361346252928,0.0211313940839853
"ENSG00000123500","COL10A1","1300",0.113647894768626,2.52771570924306,0.021478962704688
"ENSG00000115457","IGFBP2","3485",-0.144099732929981,-2.52694759911563,0.021517706316883
"ENSG00000226051","ZNF503-AS1","253264",0.157435251781675,2.52596804271896,0.021569389711489
"ENSG00000273837","LLNLR-470E3.1",NA,-0.183076371388208,-2.52579667072463,0.0215718926513948
"ENSG00000257660","RP11-579D7.4","100506125",-0.119949697381065,-2.5239844736444,0.0216745787998369
"ENSG00000274173","RP4-568C11.4",NA,-0.0574473850562043,-2.51958672436559,0.0219370566314301
"ENSG00000157064","NMNAT2","23057",-0.134734446874089,-2.51758913865621,0.0220527808684758
"ENSG00000128645","HOXD1","3231",0.101338396834987,2.51729549399435,0.0220629212693757
"ENSG00000113083","LOX","4015",0.120447175453196,2.51503181687672,0.0221958439930562
"ENSG00000211751","TRBV25-1","28639",0.148567614286519,2.51464772527212,0.0222116947961581
"ENSG00000271659","RP11-435O5.4",NA,-0.252983192525581,-2.50910761923992,0.0225521489217225
"ENSG00000211772","TRBC2","28638",0.163736218806533,2.50740680915896,0.0226518281641876
"ENSG00000151136","BTBD11","121551",0.127018904293921,2.50676147604231,0.0226845864692344
"ENSG00000140807","NKD1","85407",0.125870856297893,2.50258731915873,0.0229433889753776
"ENSG00000125735","TNFSF14","8740",0.138193736859503,2.50233995510748,0.0229508927754418
"ENSG00000182985","CADM1","23705",-0.107026938302696,-2.50103046700817,0.0230268475899637
"ENSG00000162174","ASRGL1","80150",0.184191846543199,2.50064647980029,0.0230431967508395
"ENSG00000075702","WDR62","284403",0.122575270746888,2.49960234182308,0.0231022411671095
"ENSG00000156113","KCNMA1","3778",0.140221120949173,2.49854657315381,0.0231621718761114
"ENSG00000170558","CDH2","1000",0.119256188283254,2.49746692875499,0.0232237902229945
"ENSG00000183347","GBP6","163351",0.117297042344126,2.49729422249735,0.0232265242712775
"ENSG00000235734","HMGN1P36",NA,-0.0509027559149882,-2.4960590408405,0.0232984290795494
"ENSG00000137203","TFAP2A","7020",-0.0587161913453523,-2.49583612377311,0.0233044465946969
"ENSG00000243709","LEFTY1","10637",-0.155764344232448,-2.49545065895021,0.0233210697942219
"ENSG00000260997","RP4-647J21.1",NA,0.115416505142111,2.49453888508851,0.0233720826048594
"ENSG00000227644","HIGD1AP11",NA,-0.204759546241773,-2.49392957907283,0.0234033931228246
"ENSG00000166823","MESP1","55897",-0.19418419085287,-2.49200328376366,0.0235211591892404
"ENSG00000091583","APOH","350",0.0771851386853811,2.49143282956311,0.0235500870532216
"ENSG00000007062","PROM1","8842",-0.197529499941044,-2.49069333203034,0.0235901828461701
"ENSG00000118785","SPP1","6696",0.113603677634625,2.48944745235504,0.0236637742539058
"ENSG00000135373","EHF","26298",0.103316080111826,2.48890403463376,0.0236910681939674
"ENSG00000079385","CEACAM1","634",-0.12851284133452,-2.48826436901609,0.0237247628708676
"ENSG00000243480","AMY2A","279",-0.16206241281056,-2.48795024615178,0.0237369265058724
"ENSG00000278828","HIST1H3H","8357",0.198481351217466,2.48613669859711,0.0238486486468398
"ENSG00000116299","KIAA1324","57535",-0.105797862355333,-2.483454310677,0.0240189222986163
"ENSG00000282221","RP11-27G14.4",NA,0.129233825438516,2.48281164104527,0.0240532229183957
"ENSG00000183549","ACSM5","54988",-0.101503686569845,-2.48221862142927,0.0240842356871155
"ENSG00000122194","PLG","5340",-0.165853420895859,-2.48207865986834,0.0240848722884067
"ENSG00000184194","GPR173","54328",-0.118509351633732,-2.48155469704979,0.0241112853394711
"ENSG00000156885","COX6A2","1339",-0.18841501115388,-2.48114103038045,0.0241303123436155
"ENSG00000100170","SLC5A1","6523",-0.161661994224712,-2.4805733959431,0.02415633019472
"ENSG00000176842","IRX5","10265",-0.0658967766900803,-2.48049327343362,0.02415633019472
"ENSG00000197253","TPSB2","64499",-0.140149298524683,-2.48034891454936,0.0241572751812616
"ENSG00000127152","BCL11B","64919",0.15812486179651,2.47861245108289,0.0242655059583123
"ENSG00000135472","FAIM2","23017",0.127841561266922,2.47799339220135,0.0242985244396337
"ENSG00000137441","FGFBP2","83888",-0.184289916267557,-2.47719276496329,0.0243438729399008
"ENSG00000144331","ZNF385B","151126",-0.175128011326526,-2.47646487627752,0.0243843632238912
"ENSG00000188959","C9orf152","401546",0.114824478248229,2.47564982105913,0.0244308316359584
"ENSG00000048540","LMO3","55885",-0.124246294530993,-2.47520626423624,0.0244475648755681
"ENSG00000158270","COLEC12","81035",-0.129756861119749,-2.47507073416146,0.0244475648755681
"ENSG00000130829","DUSP9","1852",0.165970997785771,2.47501291981499,0.0244475648755681
"ENSG00000169213","RAB3B","5865",0.12772294923436,2.47150031755638,0.0246783375906149
"ENSG00000246223","LINC01550","388011",0.198000974701819,2.46846616310044,0.024877988484821
"ENSG00000183831","ANKRD45","339416",-0.129416503545643,-2.46697802008417,0.0249718285522897
"ENSG00000197635","DPP4","1803",0.112982602707089,2.46665916160653,0.0249848835838396
"ENSG00000008517","IL32","9235",0.129947297500033,2.46560126123175,0.0250491955154699
"ENSG00000161133","USP41","373856",0.141840094139939,2.46430252136394,0.0251250634485083
"ENSG00000102271","KLHL4","56062",-0.115041999085502,-2.46421430479411,0.0251250634485083
"ENSG00000000971","CFH","3075",0.0996223975234557,2.46411883940386,0.0251250634485083
"ENSG00000215492","HNRNPA1P7",NA,-0.126779225961191,-2.46172646443557,0.0252829085861358
"ENSG00000280308","FKSG61",NA,-0.222869995544573,-2.46012683045712,0.0253859010060423
"ENSG00000013588","GPRC5A","9052",0.100103853424231,2.45862014059108,0.0254827096487068
"ENSG00000261600","RP11-575H3.1","124906033",-0.191462198553898,-2.45840412020413,0.0254887508136572
"ENSG00000110675","ELMOD1","55531",-0.108446721102261,-2.45449379807564,0.0257563304490341
"ENSG00000164761","TNFRSF11B","4982",-0.12770941464889,-2.44859567960694,0.0261693780332496
"ENSG00000186474","KLK12","43849",-0.205222642991456,-2.44843379900261,0.0261716370972047
"ENSG00000186407","CD300E","342510",0.137399722006,2.4474748227201,0.0262314433444119
"ENSG00000235408","SNORA71B",NA,-0.188048019282829,-2.44716284768649,0.0262445588673731
"ENSG00000005073","HOXA11","3207",0.0867469498598871,2.44680457425134,0.0262610305709794
"ENSG00000111335","OAS2","4939",0.163554890126569,2.44437341086109,0.0264278970444169
"ENSG00000086205","FOLH1","2346",0.0897751511700882,2.44298484278899,0.0265195337338016
"ENSG00000122176","FMOD","2331",-0.114407290166876,-2.44227568530012,0.0265617742403973
"ENSG00000211747","TRBV20-1","28567",0.124470067840051,2.44042741927251,0.0266860264005424
"ENSG00000273338","RP11-386I14.4",NA,-0.210206196681818,-2.44031717975575,0.0266860264005424
"ENSG00000156959","LHFPL4","375323",-0.159064426322781,-2.43998336797697,0.0267009427718547
"ENSG00000253552","HOXA-AS2",NA,-0.0827525726713044,-2.43975896042741,0.0267078378042309
"ENSG00000101333","PLCB4","5332",0.136584944547555,2.4392248479357,0.0267374795229286
"ENSG00000138944","KIAA1644","85352",-0.130259212051163,-2.43808786735622,0.0268115119663006
"ENSG00000124140","SLC12A5","57468",0.146626106987183,2.4368639069584,0.0268921430534752
"ENSG00000179348","GATA2","2624",0.190451045569783,2.43638552828877,0.0269178444157399
"ENSG00000126803","HSPA2","3306",-0.161831046952583,-2.43620798522179,0.026921330261703
"ENSG00000277010","RP11-616M22.12",NA,-0.214087399356676,-2.42872797897402,0.0274692623776922
"ENSG00000260418","RP3-406A7.7",NA,-0.0653472583492305,-2.42822060087928,0.0274976140880735
"ENSG00000091129","NRCAM","4897",-0.128783186763418,-2.42798352903479,0.0275056322898114
"ENSG00000143476","DTL","51514",0.0898481086563336,2.42557750827423,0.0276749891049684
"ENSG00000139626","ITGB7","3695",0.14694251385863,2.42547922277198,0.0276749891049684
"ENSG00000171033","PKIA","5569",0.154413160599808,2.41980141058742,0.0280977163744836
"ENSG00000114646","CSPG5","10675",0.100082307423514,2.419395008182,0.0281188697764088
"ENSG00000187726","DNAJB13","374407",-0.146694910985686,-2.41859799471849,0.0281700554883187
"ENSG00000258947","TUBB3","10381",0.124902538030557,2.41834819976009,0.0281792127970048
"ENSG00000214855","APOC1P1",NA,0.120828717393281,2.41565445856138,0.0283769158504315
"ENSG00000121769","FABP3","2170",0.0965139668883633,2.41340116701759,0.0285388698053512
"ENSG00000170577","SIX2","10736",0.126137744543979,2.41330493885732,0.0285388698053512
"ENSG00000186212","SOWAHB","345079",-0.0821723201353013,-2.41210300179814,0.0286222645008983
"ENSG00000225449","RAB6C-AS1",NA,-0.206258517388208,-2.41154218887756,0.0286475429927731
"ENSG00000173597","SULT1B1","27284",-0.139750227025244,-2.41151737443572,0.0286475429927731
"ENSG00000137563","GGH","8836",0.163218296889736,2.41125636857542,0.028657710835799
"ENSG00000151365","THRSP","7069",0.14227395895382,2.40947880213584,0.0287864638392492
"ENSG00000167157","PRRX2","51450",0.0741548171433481,2.40800069636183,0.0288921774524598
"ENSG00000101282","RSPO4","343637",-0.182250500929876,-2.40532056536174,0.0290931217325484
"ENSG00000181449","SOX2","6657",0.176567254298185,2.40394975744718,0.0291913011775709
"ENSG00000244067","GSTA2","2939",0.155254664075678,2.40251177972855,0.0292951088733097
"ENSG00000273802","HIST1H2BG","8339",0.161034479719795,2.40127353507333,0.0293833045721736
"ENSG00000116771","AGMAT","79814",-0.0840145043030283,-2.40112819942662,0.0293844649174289
"ENSG00000168878","SFTPB","6439",0.123082364680214,2.39977944561051,0.0294817287067632
"ENSG00000184226","PCDH9","5101",-0.139466601754893,-2.39848636475891,0.0295748058617236
"ENSG00000174963","ZIC4","84107",-0.169184947973689,-2.39752670527725,0.0296413374246736
"ENSG00000077522","ACTN2","88",0.161562066430605,2.39681567023646,0.0296879898097954
"ENSG00000136492","BRIP1","83990",0.106295159522416,2.3959320603234,0.0297486115961293
"ENSG00000270704","RP11-701H24.5",NA,-0.20802530353062,-2.39576143182771,0.0297518268490718
"ENSG00000223802","CERS1","10715",-0.131781184774469,-2.39500732704887,0.0298021074033219
"ENSG00000272783","RP13-1016M1.2",NA,-0.175230699082727,-2.39422203725179,0.029854982442131
"ENSG00000108950","FAM20A","54757",0.110371782506364,2.39370414481734,0.0298862973675507
"ENSG00000196167","COLCA1","399948",-0.153893791709876,-2.39323400045472,0.0298964388856573
"ENSG00000262539","RP11-259G18.3",NA,-0.201599426026337,-2.39320930952596,0.0298964388856573
"ENSG00000156510","HKDC1","80201",0.149028059686526,2.39318698997301,0.0298964388856573
"ENSG00000124212","PTGIS","5740",-0.0983395221361853,-2.3902903665045,0.0301210034345769
"ENSG00000188112","C6orf132","647024",-0.0507480650090871,-2.38783321983197,0.0303103173670689
"ENSG00000069011","PITX1","5307",0.114708655439119,2.38771115226289,0.0303103173670689
"ENSG00000228956","SATB1-AS1",NA,-0.152519072701548,-2.38754603234443,0.0303131424519517
"ENSG00000128591","FLNC","2318",-0.09920076115991,-2.38722906091345,0.0303284098965004
"ENSG00000204179","PTPN20","26095",-0.173362602406173,-2.38550312465798,0.0304593629778852
"ENSG00000131153","GINS2","51659",0.113244819927995,2.38481769072021,0.030505021133789
"ENSG00000184985","SORCS2","57537",-0.155519780417068,-2.38387798536819,0.030571709211924
"ENSG00000086991","NOX4","50507",0.0794616524378404,2.37823228665414,0.0310296588103894
"ENSG00000148123","RP11-35N6.1","54886",-0.156283200098363,-2.37757781596552,0.0310734553779552
"ENSG00000115507","OTX1","5013",0.11200172672125,2.37650984975938,0.0311519646640371
"ENSG00000102683","SGCG","6445",-0.158614130774491,-2.3763249270941,0.0311523452558124
"ENSG00000255248","RP11-166D19.1","399959",-0.0844479501993543,-2.37624388141055,0.0311523452558124
"ENSG00000204540","PSORS1C1","170679",-0.108208480200509,-2.37571137024691,0.031186057020852
"ENSG00000145107","TM4SF19","116211",0.131837226664412,2.37529536747146,0.0312100152462702
"ENSG00000172061","LRRC15","131578",0.101250480746586,2.37350498976464,0.0313496753649177
"ENSG00000112837","TBX18","9096",-0.0838175577908125,-2.37292571099955,0.0313875185475297
"ENSG00000203886","CYP17A1-AS1",NA,-0.165980476188408,-2.37197597930386,0.0314567116835859
"ENSG00000162728","KCNJ9","3765",-0.124754265463521,-2.37164661396696,0.0314735206776961
"ENSG00000163435","ELF3","1999",-0.0494914701797461,-2.37085269343356,0.0315296746830874
"ENSG00000237975","FLG-AS1",NA,-0.138412008522791,-2.36974619574345,0.0316124465083372
"ENSG00000183036","PCP4","5121",-0.155354313635073,-2.36847914145353,0.0317090715577512
"ENSG00000154102","C16orf74","404550",-0.130252211518403,-2.36677267633103,0.0318434778360919
"ENSG00000258757","RP11-841O20.2",NA,-0.208499906629192,-2.36447676414781,0.0320289621683242
"ENSG00000160161","CILP2","148113",-0.125813542678853,-2.36406157009889,0.0320534054683397
"ENSG00000157680","DGKI","9162",-0.0974293003859406,-2.36020289526699,0.0323751647445116
"ENSG00000007237","GAS7","8522",-0.125602023715355,-2.35946113728127,0.032428166488877
"ENSG00000108342","CSF3","1440",-0.169556631639799,-2.35890783040371,0.0324648652084571
"ENSG00000185862","EVI2B","2124",0.120762114018809,2.35835476543674,0.0325015796049536
"ENSG00000161082","CELF5","60680",-0.154700098283016,-2.3555702240979,0.0327330985911838
"ENSG00000279232","DKFZp434P228",NA,-0.167748938941969,-2.35494775204975,0.0327761509784918
"ENSG00000169994","MYO7B","4648",-0.122333375914656,-2.35434709563297,0.0328173394772839
"ENSG00000185567","AHNAK2","113146",-0.101843112917266,-2.35160278656675,0.0330472438484994
"ENSG00000237515","SHISA9","729993",0.175690546535007,2.35070875644995,0.033114644257621
"ENSG00000055118","KCNH2","3757",-0.145248079178604,-2.3504934908416,0.0331221110233204
"ENSG00000170624","SGCD","6444",-0.106527431609788,-2.34919179662804,0.0332257614128962
"ENSG00000029153","ARNTL2","56938",0.136927206619135,2.34838407233648,0.0332858119445732
"ENSG00000237125","HAND2-AS1","79804",-0.0726184857007057,-2.34817922014494,0.0332923901437239
"ENSG00000204936","CD177","57126",0.184091840222259,2.34504915607477,0.0335596197680947
"ENSG00000150687","PRSS23","11098",-0.12833788537043,-2.33904980560852,0.0340878968976451
"ENSG00000177103","DSCAML1","57453",-0.160976902715761,-2.33875205230484,0.0341030105265385
"ENSG00000227191","TRGC2","6967",0.14314665346562,2.33839883050696,0.0341231634976758
"ENSG00000169258","GPRIN1","114787",0.102015236653787,2.33634408707277,0.0342980512285614
"ENSG00000229314","ORM1","5004",0.186182167945723,2.33579367522626,0.0343362809486842
"ENSG00000171051","FPR1","2357",0.115302309087727,2.3350580806466,0.0343914556532223
"ENSG00000184221","OLIG1","116448",0.164208533788849,2.33458140095487,0.0344230373222305
"ENSG00000075223","SEMA3C","10512",-0.112745943963915,-2.3340080065328,0.0344634917311941
"ENSG00000276566","IGKV1D-13","28902",0.196044710731668,2.331581411289,0.034674051200354
"ENSG00000005187","ACSM3","6296",-0.096649140802831,-2.33091622042729,0.0347232074945944
"ENSG00000154096","THY1","7070",0.0737103121222327,2.33067076026058,0.0347337500946749
"ENSG00000189134","NKAPL","222698",-0.107783168592436,-2.32974543364866,0.0348069739335785
"ENSG00000198948","MFAP3L","9848",0.129231085120009,2.32778621562901,0.0349760038081493
"ENSG00000277363","SRCIN1","80725",-0.120885168645657,-2.32755769834786,0.0349850420258279
"ENSG00000139144","PIK3C2G","5288",-0.144059646581573,-2.32681678058427,0.0350416037653569
"ENSG00000106025","TSPAN12","23554",-0.105241152534975,-2.3252348756499,0.0351764641275627
"ENSG00000105668","UPK1A","11045",0.18069116806918,2.3240551836142,0.0352697652684644
"ENSG00000255642","PABPC1P4",NA,-0.111210486749892,-2.32397193859246,0.0352697652684644
"ENSG00000213145","CRIP1","1396",-0.162167329616277,-2.32293396785514,0.0353544862412734
"ENSG00000205038","PKHD1L1","93035",0.162576119955775,2.31871220792015,0.0357387746287899
"ENSG00000183160","TMEM119","338773",-0.10801190777973,-2.31843022562066,0.0357448017301664
"ENSG00000118402","ELOVL4","6785",-0.11126171555267,-2.31838629025982,0.0357448017301664
"ENSG00000183671","GPR1","2825",0.120514579146842,2.31679362731339,0.0358829949284005
"ENSG00000188060","RAB42","115273",0.0943403307839201,2.31566340280848,0.035977729435651
"ENSG00000127863","TNFRSF19","55504",-0.11664019835865,-2.31550824291529,0.0359800224461631
"ENSG00000152760","TCTEX1D1","200132",-0.104934132736522,-2.31514812108318,0.0360017785503068
"ENSG00000182333","LIPF","8513",-0.130389829246813,-2.31350342117402,0.0361457764042458
"ENSG00000101335","MYL9","10398",-0.0799751544635611,-2.31249501827471,0.036229469923347
"ENSG00000039068","CDH1","999",0.0754000774691543,2.31177817486694,0.0362854452676657
"ENSG00000163624","CDS1","1040",-0.0568942305676716,-2.3113723318161,0.0363117338169041
"ENSG00000002746","HECW1","23072",0.126045175585742,2.31100334074073,0.0363345132468898
"ENSG00000253174","RP11-360L9.7",NA,-0.146106972751639,-2.31071852687677,0.036349247144433
"ENSG00000164122","ASB5","140458",-0.126839488129321,-2.31015174731161,0.0363910008258671
"ENSG00000099957","P2RX6","9127",-0.149353298044614,-2.30908085549927,0.0364811799873681
"ENSG00000165973","NELL1","4745",-0.205759002460423,-2.3087009973946,0.0365050999620334
"ENSG00000163737","PF4","5196",-0.151230695267668,-2.3078799878496,0.0365714667734818
"ENSG00000145113","MUC4","4585",-0.131345249400361,-2.30730359111661,0.0366143674940969
"ENSG00000164236","ANKRD33B","651746",-0.120881350258043,-2.30681468233003,0.0366488773263223
"ENSG00000012223","LTF","4057",-0.210591112381004,-2.30606209594172,0.0367010884055683
"ENSG00000213578","CPLX3","594855",0.148759775337442,2.30601189449358,0.0367010884055683
"ENSG00000130700","GATA5","140628",0.207598809376534,2.30559911280374,0.0367283202272864
"ENSG00000173406","DAB1","1600",-0.141309488136508,-2.30465189513201,0.0367982081620779
"ENSG00000011332","DPF1","8193",0.1011110407383,2.30461464154814,0.0367982081620779
"ENSG00000154175","ABI3BP","25890",-0.122583294785209,-2.30298720895306,0.036943225461557
"ENSG00000128285","MCHR1","2847",-0.132585505667531,-2.30159445487092,0.037065885133869
"ENSG00000153976","HS3ST3A1","9955",0.10556578203486,2.30065417762853,0.0371447516905925
"ENSG00000134363","FST","10468",-0.112590763295397,-2.29986716718807,0.0372087928614786
"ENSG00000081237","PTPRC","5788",0.136996646965308,2.29971744449279,0.0372106543646212
"ENSG00000261068","RP11-7K24.3",NA,-0.0722321689341181,-2.29826954382565,0.0373394700968519
"ENSG00000180730","SHISA2","387914",-0.156452371935055,-2.29648230747294,0.0375020119296707
"ENSG00000167306","MYO5B","4645",-0.0613889798423477,-2.29633652167744,0.0375034975435803
"ENSG00000075043","KCNQ2","3785",0.148699772042742,2.29292742590394,0.0378269747047745
"ENSG00000227591","RP1-28O10.1","101930114",-0.221961025615518,-2.29057540420406,0.0380475122185019
"ENSG00000158477","CD1A","909",-0.151701764274958,-2.28867888692207,0.038213159500107
"ENSG00000272114","RP1-261G23.7",NA,0.0912186909692476,2.28865264350699,0.038213159500107
"ENSG00000186493","C5orf38",NA,-0.0843492210548115,-2.28792797353387,0.0382725276375857
"ENSG00000128040","SPINK2","6691",-0.151504473304234,-2.28722377580916,0.0383299241741839
"ENSG00000250934","RP11-71E19.1","105374088",-0.159728824771892,-2.28645614401932,0.0383902947847725
"ENSG00000239246","RP11-464D20.2","100271548",-0.0804662198743901,-2.2863599039291,0.0383902947847725
"ENSG00000211788","TRAV13-1","28671",0.14613523747033,2.28394093825491,0.0386203702882456
"ENSG00000115705","TPO","7173",-0.087445490405112,-2.2812216066378,0.0388820749708247
"ENSG00000272991","AF129408.17",NA,0.206129469596047,2.27963622943514,0.0390297981085745
"ENSG00000115165","CYTIP","9595",0.129536137204064,2.27928360746471,0.0390523603937526
"ENSG00000151320","AKAP6","9472",-0.0980786955919584,-2.27908581010271,0.0390591741628894
"ENSG00000170381","SEMA3E","9723",0.146537400758293,2.27772147553068,0.0391849000136958
"ENSG00000132872","SYT4","6860",-0.150187188253457,-2.27742351000777,0.0392019614708408
"ENSG00000259884","RP11-1100L3.8","115409980",-0.208583833522927,-2.27579393379103,0.0393552416898507
"ENSG00000087085","ACHE","43",0.146773470791718,2.27505765191289,0.0394173066561101
"ENSG00000068831","RASGRP2","10235",-0.110754574675027,-2.27430775284147,0.0394808539447219
"ENSG00000136542","GALNT5","11227",-0.112876202680662,-2.27371623596558,0.0395282006194133
"ENSG00000106236","NPTX2","4885",0.117392136943475,2.27263469155138,0.0396197542522527
"ENSG00000163564","PYHIN1","149628",0.139987083320495,2.27255804821987,0.0396197542522527
"ENSG00000176092","AIM1L","55057",0.0793009264591009,2.2724343627084,0.0396197542522527
"ENSG00000206172","HBA1","3039",-0.161381534183105,-2.27207665414648,0.0396431436585402
"ENSG00000138207","RBP4","5950",-0.126334081425989,-2.27075144977904,0.0397664163677043
"ENSG00000164694","FNDC1","84624",0.0916819680436972,2.26902945853345,0.0399311456402011
"ENSG00000227640","SOX21-AS1","100507533",-0.112049531320037,-2.26831106470699,0.0399921274504433
"ENSG00000171004","HS6ST2","90161",0.131902697981152,2.26459519160932,0.040365896383182
"ENSG00000236304","AP001189.4","139355198",-0.144760955926342,-2.26310804255254,0.0405080813737469
"ENSG00000165140","FBP1","2203",-0.114697548081978,-2.26148038878728,0.0406654913665435
"ENSG00000134874","DZIP1","22873",-0.0875172918854314,-2.25931858637754,0.0408799118331356
"ENSG00000165591","FAAH2","158584",-0.0843742020364719,-2.25405201692763,0.0414264841334901
"ENSG00000197506","SLC28A3","64078",-0.14268577628076,-2.25251994918545,0.0415766729290992
"ENSG00000169562","GJB1","2705",0.130250433173363,2.25221379319299,0.0415954668279069
"ENSG00000128564","VGF","7425",0.139162810259572,2.25138532064123,0.0416704256824178
"ENSG00000135094","SDS","10993",0.0787501034570323,2.24888097039366,0.0419205626191341
"ENSG00000176165","FOXG1","2290",-0.127149355369244,-2.24879251959285,0.0419205626191341
"ENSG00000183888","C1orf64","149563",-0.216369435804277,-2.24867257967804,0.0419205626191341
"ENSG00000143847","PPFIA4","8497",-0.134982788424689,-2.24844778975392,0.0419306929239324
"ENSG00000139352","ASCL1","429",-0.225258706310151,-2.24759413218719,0.042008892217392
"ENSG00000134873","CLDN10","9071",-0.156842269583008,-2.24703538062323,0.0420552347528325
"ENSG00000166165","CKB","1152",0.137909844803154,2.24685320023146,0.0420607786765171
"ENSG00000228278","ORM2","5005",0.169800809976922,2.24614010532364,0.0421239239239481
"ENSG00000241794","SPRR2A","6700",0.132404208452034,2.24492037479894,0.0422422459261408
"ENSG00000149131","SERPING1","710",0.0932807378259217,2.24408724472306,0.0423187011630946
"ENSG00000257084","U47924.27","105369635",-0.0387219328968358,-2.24307933780272,0.0424143529915699
"ENSG00000241362","RPL36AP43",NA,-0.167619050968895,-2.24162133280877,0.0425594506053708
"ENSG00000107165","TYRP1","7306",0.145949049881398,2.24067169784765,0.0426491701991334
"ENSG00000101746","NOL4","8715",-0.165007806376813,-2.24023844429495,0.0426806104162708
"ENSG00000237988","OR2I1P","442197",0.11883539874407,2.24012316453074,0.0426806104162708
"ENSG00000155816","FMN2","56776",-0.117692932052951,-2.23958598542901,0.0427243017169678
"ENSG00000144834","TAGLN3","29114",-0.153624240044924,-2.23946337321954,0.0427243017169678
"ENSG00000184672","RALYL","138046",-0.144926655516645,-2.23670395382967,0.0430138711925511
"ENSG00000110400","PVRL1","5818",0.0882523678438554,2.23081930948059,0.0436522925149972
"ENSG00000136541","ERMN","57471",0.115914615724483,2.23070009534463,0.0436522925149972
"ENSG00000221955","SLC12A8","84561",0.0654402059937836,2.23009697417984,0.04370512900501
"ENSG00000104313","EYA1","2138",-0.143420587460495,-2.22973208331972,0.0437224434900412
"ENSG00000156711","MAPK13","5603",-0.0702608949941476,-2.22956688830385,0.0437224434900412
"ENSG00000110203","FOLR3","2352",0.168119068786946,2.22954909622719,0.0437224434900412
"ENSG00000154118","JPH3","57338",0.118183937893365,2.22933218594657,0.0437320651560766
"ENSG00000196188","CTSE","1510",0.140012204172927,2.22833741529415,0.0438289378384082
"ENSG00000103056","SMPD3","55512",-0.151060377090649,-2.22732936574852,0.0439274852970768
"ENSG00000124935","SCGB1D2","10647",-0.177817600473595,-2.22552738852004,0.0441157626165313
"ENSG00000106565","TMEM176B","28959",0.110468820476141,2.22313839979776,0.0443712752028392
"ENSG00000163623","NKX6-1","4825",-0.105700145233653,-2.22241310373782,0.0444387245797915
"ENSG00000226453","RP11-379B8.1","102724168",0.151622787062714,2.22151812176296,0.0445255633351318
"ENSG00000171320","ESCO2","157570",0.0828680764035107,2.2201617003551,0.0446651589447704
"ENSG00000144045","DQX1","165545",0.133039639459975,2.21933470383414,0.044744603077144
"ENSG00000276600","RAB7B","338382",-0.102798507233143,-2.21873896485694,0.0447977129376589
"ENSG00000183840","GPR39","2863",0.102107924799213,2.21856513894669,0.0448026015174519
"ENSG00000131747","TOP2A","7153",0.082168125635083,2.21826712056857,0.0448217006043574
"ENSG00000254615","RP11-395G23.3",NA,-0.138167255032075,-2.21577089118102,0.0450929857439459
"ENSG00000241472","PTPRG-AS1","100506994",0.105677443218245,2.21454043728248,0.0452195582490066
"ENSG00000211752","TRBV27","28560",0.158607677337566,2.21400243546776,0.0452664819787091
"ENSG00000198121","LPAR1","1902",-0.0874677134507423,-2.21334399925755,0.0453273560555767
"ENSG00000168589","DYNLRB2","83657",-0.129748378499201,-2.21289516446642,0.0453640696997575
"ENSG00000163347","CLDN1","9076",-0.0949446359340455,-2.21219597577137,0.0454297714320202
"ENSG00000122223","CD244","51744",0.114914029767525,2.21144672456336,0.0454872050223783
"ENSG00000170955","PRKCDBP","112464",-0.0809446597550692,-2.21143784759864,0.0454872050223783
"ENSG00000165646","SLC18A2","6571",-0.147741738758168,-2.20961411968057,0.045683632805979
"ENSG00000249908","BRD9P2","109729114",-0.189254329485072,-2.20839907097316,0.0458098038369448
"ENSG00000176490","DIRAS1","148252",-0.125642600552473,-2.20693041286815,0.0459658989715189
"ENSG00000170425","ADORA2B","136",-0.131089872353941,-2.20510201614102,0.0461646234291169
"ENSG00000100033","PRODH","5625",0.175181593405196,2.20399572003433,0.0462791306103309
"ENSG00000143387","CTSK","1513",0.119441733709554,2.20369355807884,0.0462992418433549
"ENSG00000099953","MMP11","4320",0.11819484963081,2.20037393094403,0.0466754567943273
"ENSG00000257341","AL928654.7",NA,-0.133891230429731,-2.19967446666394,0.0467427828238537
"ENSG00000134121","CHL1","10752",-0.118781995842785,-2.19639994711054,0.047116675842573
"ENSG00000225490","RP4-610C12.3",NA,-0.187964251336299,-2.19615963438597,0.0471296928604613
"ENSG00000181690","PLAG1","5324",-0.149877324342244,-2.19536380894104,0.0472090860427971
"ENSG00000124749","COL21A1","81578",-0.106004139627078,-2.19206836454502,0.0475886534592857
"ENSG00000266970","RP11-806H10.4","101928674",-0.112866396367029,-2.19109344532126,0.0476790829462446
"ENSG00000276170","AC124789.1","101929494",-0.113348202083901,-2.19105503690464,0.0476790829462446
"ENSG00000205403","CFI","3426",-0.0799522023866789,-2.19076249085993,0.0476985265233109
"ENSG00000081985","IL12RB2","3595",0.208143519657271,2.18976083566378,0.0478035863219805
"ENSG00000236782","RP11-96L14.7","118568799",-0.176843720442935,-2.18934786159594,0.0478272871492045
"ENSG00000170290","SLN","6588",-0.120456788025441,-2.18930221117983,0.0478272871492045
"ENSG00000138311","ZNF365","22891",-0.0949919800609766,-2.18857757776082,0.0478990525502163
"ENSG00000112486","CCR6","1235",-0.123968942673415,-2.1873846121566,0.048027680883942
"ENSG00000142748","FCN3","8547",0.0717276231379107,2.18581703634846,0.0482021554801794
"ENSG00000261183","RP11-532F12.5","102724362",-0.0380616656005036,-2.18402576200442,0.0484044700994254
"ENSG00000171889","MIR31HG","554202",-0.15460885465098,-2.18354362062396,0.0484473246186334
"ENSG00000135333","EPHA7","2045",-0.12726737640873,-2.18336450308033,0.0484531746787427
"ENSG00000253958","CLDN23","137075",-0.0981416915611429,-2.17972230826599,0.0488837934218021
"ENSG00000078328","RBFOX1","54715",-0.128944346504795,-2.17560475785,0.049376669469679
"ENSG00000237686","RP5-1120P11.1","101929705",0.131666182724504,2.17100497538268,0.0499342092581352
"ENSG00000257653","RP11-579D7.2",NA,0.164659726134387,2.16927013319007,0.0501355587805698
"ENSG00000143674","MLK4","84451",-0.127633266810743,-2.16719631639209,0.0503804005630183
"ENSG00000113494","PRLR","5618",-0.0886171897899913,-2.16633090888535,0.0504731572911615
"ENSG00000149418","ST14","6768",0.0503325826066795,2.16543258412819,0.0505702285461802
"ENSG00000204531","POU5F1","5460",-0.131272613642434,-2.1602924710318,0.0512083493193563
"ENSG00000217275","RP1-34B20.4","394255",0.151319348282974,2.15863179962231,0.0514044936615034
"ENSG00000114948","ADAM23","8745",-0.0962004227124851,-2.15756141438439,0.0515252121980558
"ENSG00000169432","SCN9A","6335",-0.109174802063545,-2.15694022557411,0.0515882399640917
"ENSG00000268942","CKS1BP3",NA,0.146038396146531,2.15662682505846,0.0516116332447041
"ENSG00000169218","RSPO1","284654",-0.117926559880577,-2.15542776597876,0.0517493840922662
"ENSG00000169903","TM4SF4","7104",-0.12341525286887,-2.15400316952152,0.051916661750363
"ENSG00000178796","RIIAD1","284485",0.147921714284388,2.1534357815617,0.0519731118760004
"ENSG00000265303","CTD-2510F5.6",NA,0.189083183447758,2.1522989868397,0.0520917275403275
"ENSG00000269068","RP11-256I23.2",NA,-0.177738287172813,-2.15219043117851,0.0520917275403275
"ENSG00000183856","IQGAP3","128239",0.0846134575572026,2.15212633205501,0.0520917275403275
"ENSG00000165794","SLC39A2","29986",-0.125260111893812,-2.15076207243552,0.0522520638827717
"ENSG00000186919","ZACN","353174",-0.174911810070096,-2.14852327750118,0.052502769238438
"ENSG00000237289","CKMT1B","1159",0.107021634921029,2.14850039658351,0.052502769238438
"ENSG00000260391","RP11-71H17.7",NA,-0.119546728252761,-2.14844576787126,0.052502769238438
"ENSG00000175426","PCSK1","5122",-0.15201546134082,-2.14547848710883,0.0528747264604046
"ENSG00000137285","TUBB2B","347733",-0.111811959079514,-2.1450146953516,0.0529184036585701
"ENSG00000167889","MGAT5B","146664",0.136384642104861,2.14287662290911,0.0531831013166991
"ENSG00000169071","ROR2","4920",-0.0862380695177166,-2.14111189037408,0.0533993596935287
"ENSG00000186891","TNFRSF18","8784",-0.108803965907462,-2.13932095313921,0.0536198458196073
"ENSG00000152977","ZIC1","7545",-0.165425707452511,-2.13892244895538,0.053655329489944
"ENSG00000084110","HAL","3034",-0.126608150178375,-2.13865943213946,0.0536727792840414
"ENSG00000151948","GLT1D1","144423",0.128390564544581,2.13573840010156,0.0540454915800766
"ENSG00000164434","FABP7","2173",-0.17873330952116,-2.13411391427493,0.0542440261242605
"ENSG00000132185","FCRLA","84824",0.1251023441654,2.13399518120756,0.0542440261242605
"ENSG00000233327","USP32P2",NA,-0.139489530365003,-2.13145101994864,0.054569125521404
"ENSG00000088386","SLC15A1","6564",0.161708656939993,2.13038549788653,0.054695364517489
"ENSG00000149591","TAGLN","6876",-0.087307010625227,-2.12969778463317,0.0547706178970574
"ENSG00000155659","VSIG4","11326",0.0914493860428762,2.12909293980976,0.054834714190758
"ENSG00000109956","B3GAT1","27087",0.130312930925573,2.12860941473748,0.0548824006729271
"ENSG00000273445","RP11-1399P15.1",NA,0.0996729773434814,2.12562627309395,0.0552706215140305
"ENSG00000109610","SOD3","6649",-0.0873161812026085,-2.1252549550011,0.0553032834898198
"ENSG00000006606","CCL26","10344",0.0915946332781499,2.12424454600166,0.0554233909819248
"ENSG00000077420","APBB1IP","54518",0.0999779842667966,2.12327888384532,0.0555375793227824
"ENSG00000278978","RP11-164P12.5",NA,-0.0610866652854892,-2.12307197914046,0.0555478225582223
"ENSG00000170166","HOXD4","3233",-0.105174919289991,-2.1222654623543,0.055640364675589
"ENSG00000145087","STXBP5L","9515",0.142026574815962,2.1218103313735,0.0556847303909092
"ENSG00000185052","SLC24A3","57419",-0.116619190465506,-2.12067776706439,0.0558223448945586
"ENSG00000112559","MDFI","4188",-0.108205890760954,-2.12023311462052,0.0558653884309692
"ENSG00000101470","TNNC2","7125",-0.120420038116349,-2.11976013788469,0.0559042405982499
"ENSG00000169900","PYDC1","260434",-0.209273729243529,-2.11968696572649,0.0559042405982499
"ENSG00000125798","FOXA2","3170",0.0944301988570367,2.11901958457786,0.0559780740747774
"ENSG00000235961","PNMA6A","84968",-0.130183359259291,-2.11774356388368,0.0561361297012616
"ENSG00000166920","C15orf48","84419",-0.0826765149380999,-2.11550474889433,0.0564281938429815
"ENSG00000168754","FAM178B","51252",0.135455034305056,2.11396918680228,0.0566234664717948
"ENSG00000155066","PROM2","150696",0.0612956424496814,2.11367569630859,0.0566459484669709
"ENSG00000162896","PIGR","5284",-0.13433313380515,-2.11302201524401,0.0567186807320194
"ENSG00000178531","CTXN1","404217",-0.0730096798656258,-2.11245524793396,0.056779352129764
"ENSG00000228532","RP1-241P17.4",NA,-0.113360168771184,-2.11093336202993,0.0569737150848486
"ENSG00000186185","KIF18B","146909",0.082738390301157,2.10690976497487,0.0575209481172836
"ENSG00000134201","GSTM5","2949",-0.135199867226406,-2.10460602547284,0.0578282407908441
"ENSG00000166183","ASPG","374569",-0.131829702392253,-2.10215256738649,0.0581582461435462
"ENSG00000243015","RN7SL737P","106481123",-0.18308788208228,-2.10187498504278,0.0581789360738024
"ENSG00000146197","SCUBE3","222663",-0.153194850566716,-2.10147822497862,0.0582166318453152
"ENSG00000146374","RSPO3","84870",-0.0834340754186897,-2.0994375146096,0.0584893504128989
"ENSG00000137699","TRIM29","23650",-0.116844931648589,-2.09885514055411,0.058553807595941
"ENSG00000124920","MYRF","745",-0.0996162378762719,-2.09683065463149,0.0588255081614918
"ENSG00000127831","VIL1","7429",-0.131752466664724,-2.09471591425076,0.0591113019560438
"ENSG00000165868","HSPA12A","259217",-0.0747143641105887,-2.09282923062753,0.0593651831022164
"ENSG00000130287","NCAN","1463",-0.141913221310722,-2.09168344181711,0.0595122438256505
"ENSG00000119508","NR4A3","8013",-0.124956544022843,-2.0896973622469,0.0597820559654214
"ENSG00000168078","PBK","55872",0.0682191409777314,2.08911678353624,0.0598474164917971
"ENSG00000179455","MKRN3","7681",0.206706925183522,2.08850819468356,0.0599169297280901
"ENSG00000151617","EDNRA","1909",-0.0793857580821541,-2.08582214489115,0.0602910058414803
"ENSG00000263513","FAM72C","554282",0.128565357566092,2.08477809434874,0.0604087518850721
"ENSG00000124493","GRM4","2914",-0.137954326526773,-2.08475579127764,0.0604087518850721
"ENSG00000100867","DHRS2","10202",0.191889553226418,2.08349691285368,0.0605746261194178
"ENSG00000182010","RTKN2","219790",0.0718488652596021,2.08302683792266,0.0606243935005407
"ENSG00000119681","LTBP2","4053",-0.0918534053368484,-2.08030925241234,0.0610068111139078
"ENSG00000178078","STAP2","55620",-0.0608747435609659,-2.07832988526886,0.0612807741312136
"ENSG00000244255","XXbac-BPG116M5.17",NA,0.148288658248479,2.07820027674802,0.0612807741312136
"ENSG00000276101","RP11-455O6.8",NA,-0.182955931786491,-2.07541316664143,0.0616721153993206
"ENSG00000179344","HLA-DQB1","3119",0.12200584126452,2.07531330459174,0.0616721153993206
"ENSG00000169031","COL4A3","1285",0.14205040395723,2.0733621971104,0.0619357325425847
"ENSG00000233098","CCDC144NL-AS1","339260",-0.101184678392834,-2.07328963054629,0.0619357325425847
"ENSG00000233705","SLC26A4-AS1",NA,-0.135490090369869,-2.07281775577486,0.0619866804474081
"ENSG00000139329","LUM","4060",0.0733612316470077,2.07059867131537,0.0623009409988747
"ENSG00000117013","KCNQ4","9132",-0.152817667075793,-2.0684529967072,0.062605403948248
"ENSG00000198915","RASGEF1A","221002",-0.136855910576135,-2.06823795339022,0.062617852786016
"ENSG00000135144","DTX1","1840",-0.102958596512508,-2.06768276397899,0.0626818966304379
"ENSG00000145040","UCN2","90226",-0.123262276510689,-2.06743686864978,0.0626990461415263
"ENSG00000161929","SCIMP","388325",0.106814796477409,2.06569273176377,0.0629260025347545
"ENSG00000076826","CAMSAP3","57662",-0.0451088244361555,-2.06567776245117,0.0629260025347545
"ENSG00000099822","HCN2","610",0.114947527331391,2.06359706785763,0.0632230465026866
"ENSG00000166707","ZCCHC18","644353",-0.111551491649784,-2.06300926521678,0.0632925872927142
"ENSG00000143816","WNT9A","7483",-0.0980772049221208,-2.06162800422413,0.0634837493585488
"ENSG00000236439","RP11-175B9.3",NA,-0.0995477765801582,-2.06131620953559,0.0635111815464605
"ENSG00000132386","SERPINF1","5176",0.0931548288971482,2.05981952783714,0.0637206360175743
"ENSG00000167768","KRT1","3848",-0.13539457448607,-2.05869764910892,0.0638728832027363
"ENSG00000205436","EXOC3L4","91828",-0.115996168074087,-2.0576974579185,0.064006643442638
"ENSG00000111319","SCNN1A","6337",-0.0929122374296686,-2.05738687051277,0.0640340730047998
"ENSG00000211611","IGKV6-21","28906",0.147555128451314,2.05611858129487,0.0642095923055051
"ENSG00000007038","PRSS21","10942",-0.139326021712943,-2.05590033396157,0.0642228000397682
"ENSG00000077009","NMRK2","27231",-0.106114366358756,-2.05193309479601,0.0648186195895291
"ENSG00000268104","SLC6A14","11254",-0.137664480608115,-2.05124939034484,0.0648893643782559
"ENSG00000229859","PGA3","643834",-0.132374000603188,-2.05121374717788,0.0648893643782559
"ENSG00000224945","RP11-82L18.2",NA,-0.1157637033749,-2.05008658253121,0.0650071083234143
"ENSG00000133063","CHIT1","1118",0.141513514832628,2.05008283160877,0.0650071083234143
"ENSG00000162949","CAPN13","92291",0.0978434061905589,2.05006124861201,0.0650071083234143
"ENSG00000196684","HSH2D","84941",-0.106282682240909,-2.04947556774956,0.0650779277025322
"ENSG00000230387","RP4-737E23.2","100505664",-0.154633705218017,-2.04801538955787,0.0652858986965592
"ENSG00000125954","CHURC1-FNTB","100529261",-0.167897140237126,-2.04606640928877,0.0655713552813311
"ENSG00000160191","PDE9A","5152",-0.110213486882364,-2.04557994452214,0.0656270392509801
"ENSG00000256812","CAPNS2","84290",0.137165250144409,2.04539526606444,0.065635190335215
"ENSG00000138356","AOX1","316",-0.0984912764635093,-2.04474605004122,0.0657165927578489
"ENSG00000259460","RP11-128A17.1",NA,-0.169995539575148,-2.04239100186703,0.0660679100266579
"ENSG00000222112","RN7SKP16","106480837",-0.165009231513912,-2.04201206380642,0.0661068916208993
"ENSG00000211694","TRGV10","6984",0.145986160533562,2.04089573285237,0.066262932710763
"ENSG00000273184","RP11-212P7.3",NA,0.108886291900361,2.04056707437787,0.0662816818275807
"ENSG00000091656","ZFHX4","79776",-0.0979734896178457,-2.04051179819493,0.0662816818275807
"ENSG00000188015","S100A3","6274",0.0766848627919664,2.03828446548747,0.0666074184953742
"ENSG00000211655","IGLV1-36","28826",0.157627626508319,2.03819963728202,0.0666074184953742
"ENSG00000101144","BMP7","655",0.0995591290188395,2.03526178134057,0.0670560780028197
"ENSG00000274641","HIST1H2BO","8348",0.117600264011219,2.0348777177367,0.0670963547955048
"ENSG00000164107","HAND2","9464",-0.0516058402428946,-2.03371434992327,0.0672618757997542
"ENSG00000171246","NPTX1","4884",-0.115291346291321,-2.03321164942626,0.0673213441530781
"ENSG00000133800","LYVE1","10894",-0.0913749331043407,-2.03228862366221,0.0674485735723401
"ENSG00000198088","NUP62CL","54830",-0.107357463949422,-2.03215309911084,0.0674489799516229
"ENSG00000176945","MUC20","200958",-0.146117976716426,-2.03195975754387,0.0674587103782178
"ENSG00000166450","PRTG","283659",-0.110737399716488,-2.02846299512665,0.0679937975818846
"ENSG00000180739","S1PR5","53637",-0.0944393821225032,-2.0283848608406,0.0679937975818846
"ENSG00000265531","FCGR1C","100132417",0.0906682514996892,2.02654465264373,0.0682559792142168
"ENSG00000196747","HIST1H2AI","8329",0.108901225387636,2.02646918767818,0.0682559792142168
"ENSG00000133937","GSC","145258",-0.0950255348232393,-2.0263723337761,0.0682559792142168
"ENSG00000160182","TFF1","7031",-0.15715626777132,-2.02542350462232,0.0683888599751939
"ENSG00000173557","C2orf70","339778",-0.139347017913752,-2.02474549776253,0.0684777469739837
"ENSG00000225698","IGHV3-72","28410",0.12540655558125,2.02339646127602,0.0686764186328698
"ENSG00000147041","SYTL5","94122",-0.159804387244465,-2.01784848672431,0.0695639144462223
"ENSG00000256663","RP11-424C20.2",NA,0.0776030209248755,2.01773376917013,0.0695639144462223
"ENSG00000259704","CTD-3094K11.1","105370969",0.158884313796989,2.0163842516563,0.0697652631225736
"ENSG00000159674","SPON2","10417",-0.0986134265284044,-2.01474757668334,0.0700148126570137
"ENSG00000128482","RNF112","7732",-0.0894854516808479,-2.01219027004884,0.0704187363941825
"ENSG00000237187","NR2F1-AS1","441094",0.075064690507008,2.01201121369809,0.0704263711743434
"ENSG00000280323","AC053503.12",NA,-0.068567364814207,-2.0105861595515,0.0706320937401236
"ENSG00000162733","DDR2","4921",-0.0889884681993959,-2.01051447450402,0.0706320937401236
"ENSG00000256671","LIMS3L","100288695",-0.0910352984261544,-2.00830664638935,0.0709801591408853
"ENSG00000177614","PGBD5","79605",-0.122562412042159,-2.00683203005008,0.071205953827465
"ENSG00000205277","MUC12","10071",-0.115093077072132,-2.00667550159129,0.0712098523632242
"ENSG00000176244","ACBD7","414149",-0.104755196902981,-2.00615617633522,0.0712749362613052
"ENSG00000105852","PON3","5446",-0.148878970556662,-2.00546166596083,0.0713696492677994
"ENSG00000171903","CYP4F11","57834",-0.140868428576561,-2.00471093869681,0.0714739696019371
"ENSG00000101425","BPI","671",-0.16906307325953,-2.00299840213525,0.0717413818301573
"ENSG00000092607","TBX15","6913",-0.0677900711776981,-2.00154104094609,0.0719461678503087
"ENSG00000198467","TPM2","7169",-0.0824555266476938,-2.00152555664634,0.0719461678503087
"ENSG00000171476","HOPX","84525",0.0777568953109089,2.00131836836453,0.0719587172314467
"ENSG00000274944","RP5-864K19.6",NA,0.187320956330674,2.00105935303519,0.0719800856747116
"ENSG00000235946","LL0XNC01-240C2.1",NA,-0.150243290509535,-1.99831731512751,0.0724248179349313
"ENSG00000169442","CD52","1043",0.10146523785551,1.99811148913592,0.0724371975893092
"ENSG00000262528","LA16c-349E10.1",NA,-0.186587220899187,-1.99708583470447,0.0725898513883593
"ENSG00000271581","XXbac-BPG248L24.12",NA,0.092381856487629,1.9966396844337,0.0726434229057509
"ENSG00000175344","CHRNA7","1139",-0.127939835895485,-1.99565644741006,0.0727891504028862
"ENSG00000102349","KLF8","11279",0.102299247800512,1.99269139699582,0.0732764509466634
"ENSG00000234431","AC007283.5",NA,0.0771480741406555,1.99181888685201,0.0733858442879837
"ENSG00000153898","MCOLN2","255231",0.0956038995052303,1.99179093964819,0.0733858442879837
"ENSG00000158220","ESYT3","83850",-0.122414597906963,-1.98923195331858,0.073805904617424
"ENSG00000177181","RIMKLA","284716",0.120847713151053,1.98814576835504,0.073971434606291
"ENSG00000100373","UPK3A","7380",-0.126996360033697,-1.98732929426772,0.0740902860245387
"ENSG00000254859","RP11-661A12.5",NA,-0.125195113748562,-1.98563541467627,0.0743624196065092
"ENSG00000122122","SASH3","54440",0.0956202212306584,1.9854639885505,0.0743690332452969
"ENSG00000104892","KLC3","147700",-0.0609650654054131,-1.98513024568996,0.0744040113964841
"ENSG00000105997","HOXA3","3200",-0.0807981262539775,-1.98374691154775,0.0746226647355908
"ENSG00000248690","HAS2-AS1","594842",-0.107150944078536,-1.98311631065275,0.0747097713810503
"ENSG00000198768","APCDD1L","164284",-0.0981286059823271,-1.98177309261304,0.0749221063002907
"ENSG00000198944","SOWAHA","134548",-0.140513290943777,-1.98044594363704,0.0751321037096279
"ENSG00000113430","IRX4","50805",-0.120929696364857,-1.97984925752981,0.0752027275104059
"ENSG00000157613","CREB3L1","90993",0.101250107934721,1.97977801441835,0.0752027275104059
"ENSG00000169252","ADRB2","154",-0.119774293716883,-1.97945848403852,0.0752355193257958
"ENSG00000139618","BRCA2","675",0.0932906661842481,1.97793749215296,0.0754804871873362
"ENSG00000153157","SYCP2L","221711",-0.138485932432039,-1.97680338751676,0.0756575503199652
"ENSG00000111181","SLC6A12","6539",0.0801207359580509,1.97666291923813,0.0756587774817089
"ENSG00000105388","CEACAM5","1048",0.123568560572611,1.97575103671206,0.0757967493923118
"ENSG00000236081","ELFN1-AS1","101927125",0.168669074696049,1.97421594298215,0.0760457099055482
"ENSG00000214290","COLCA2","120376",-0.109655889206133,-1.97239939184006,0.0763455525640901
"ENSG00000109339","MAPK10","5602",0.107215064003484,1.97187202323438,0.0764158472179395
"ENSG00000263639","MSMB","4477",0.114662310130311,1.97140519842727,0.0764753762813139
"ENSG00000185290","NUPR1L","389493",-0.116709778858411,-1.97123910753578,0.0764811895578275
"ENSG00000225783","MIAT","440823",0.107859990316149,1.96861313780178,0.076927643222898
"ENSG00000196376","SLC35F1","222553",-0.0762795983301736,-1.96380616234127,0.0777706114652199
"ENSG00000189223","PAX8-AS1","654433",-0.159269225446584,-1.96324285231621,0.0778087706566261
"ENSG00000188508","KRTDAP","388533",-0.137823809613262,-1.96324155065759,0.0778087706566261
"ENSG00000186832","KRT16","3868",-0.110852689417422,-1.96319425953249,0.0778087706566261
"ENSG00000185483","ROR1","4919",-0.0952625312966451,-1.95692470827478,0.0789275398832942
"ENSG00000174946","GPR171","29909",0.136063101411631,1.95643818324486,0.0789922240284268
"ENSG00000274877","RP11-65I12.1",NA,-0.168639650407692,-1.95569151795629,0.0791047425766886
"ENSG00000274419","TBC1D3D","101060389",-0.161657476937668,-1.95222974020354,0.0797182003895682
"ENSG00000101230","ISM1","140862",-0.091354054204615,-1.951055026308,0.0799108376435869
"ENSG00000170006","TMEM154","201799",-0.0923691652837949,-1.94987309996681,0.0801051913523959
"ENSG00000131386","GALNT15","117248",-0.0844983300585437,-1.94710280548364,0.080595889764535
"ENSG00000198959","TGM2","7052",0.0860942317955117,1.94368075286111,0.0812113860144318
"ENSG00000186281","GPAT2","150763",-0.152985626677574,-1.94150228854096,0.0815960140879442
"ENSG00000211642","IGLV10-54","28772",0.154485048636373,1.94022149051603,0.0818123761908848
"ENSG00000251791","SCARNA6","677772",-0.160091676202837,-1.93991499169998,0.0818448874961486
"ENSG00000249971","RP11-256P1.1",NA,0.173927841961058,1.93971234860639,0.0818577806828673
"ENSG00000101198","NKAIN4","128414",-0.120651876123585,-1.93890991812349,0.0819775951648154
"ENSG00000132170","PPARG","5468",-0.0868431029641017,-1.9388100295604,0.0819775951648154
"ENSG00000130055","GDPD2","54857",0.13984095382088,1.93842916835003,0.08202424932652
"ENSG00000170786","SDR16C5","195814",0.136139645934004,1.93818410161929,0.082045213040585
"ENSG00000035720","STAP1","26228",0.0976315422922057,1.93313645248212,0.0829798785210775
"ENSG00000111245","MYL2","4633",-0.107633446674393,-1.93279087950944,0.0830202240511146
"ENSG00000162078","ZG16B","124220",-0.0821154494406784,-1.93047347963985,0.0834384544131192
"ENSG00000244357","RN7SL145P","106481753",-0.16227295719947,-1.92940633329428,0.0836176571581706
"ENSG00000070182","SPTB","6710",-0.088213656620767,-1.92908224730232,0.083654109345556
"ENSG00000132698","RAB25","57111",-0.0291563050806773,-1.92339540556664,0.0847279843995744
"ENSG00000231389","HLA-DPA1","3113",0.101558859500209,1.92270165759522,0.0848367200408006
"ENSG00000170423","KRT78","196374",0.121728743666513,1.91867339963642,0.0855973451542487
"ENSG00000254894","NAV2-AS1",NA,-0.155627355439233,-1.91745049420388,0.0858108894319407
"ENSG00000165215","CLDN3","1365",-0.0464295242972579,-1.91712185799863,0.0858489448328799
"ENSG00000185133","INPP5J","27124",-0.11281455895147,-1.91420876130537,0.0863964097454846
"ENSG00000254966","RP11-1081L13.4",NA,0.1101742249339,1.91381973255414,0.0864465986732838
"ENSG00000162676","GFI1","2672",0.114044258443008,1.91247289300013,0.0866863997156958
"ENSG00000189367","KIAA0408","9729",-0.0900357453696908,-1.9106947503113,0.0870124147866696
"ENSG00000214049","UCA1","652995",0.110822817893426,1.90944810969345,0.0872335284619991
"ENSG00000135406","PRPH","5630",-0.114151704995042,-1.90914358380391,0.0872647263462766
"ENSG00000267045","AC006126.4",NA,-0.07914327122861,-1.90902120387943,0.0872647263462766
"ENSG00000125285","SOX21","11166",-0.0919722927608081,-1.90821089342408,0.0873992971204392
"ENSG00000204335","SP5","389058",-0.156576196799141,-1.9077612015353,0.0874620538115704
"ENSG00000198523","PLN","5350",-0.0749981296908914,-1.90754914689468,0.087477416739503
"ENSG00000270640","RP11-373D23.2",NA,-0.163182520367362,-1.90606042262965,0.0877478834835639
"ENSG00000258647","LINC00930",NA,-0.116653546782705,-1.90567479957334,0.0877980183456808
"ENSG00000006327","TNFRSF12A","51330",0.0841459024116304,1.90492501179877,0.0879211194493876
"ENSG00000144681","STAC","6769",-0.122931812143421,-1.90387076893344,0.0881054464887689
"ENSG00000163462","TRIM46","80128",-0.10349108270291,-1.90197974850172,0.0884584464738913
"ENSG00000265933","LINC00668","400643",0.144732863012654,1.90128397582926,0.0885713979984915
"ENSG00000100678","SLC8A3","6547",-0.106631274425053,-1.90030872368985,0.0887236195249758
"ENSG00000148408","CACNA1B","774",0.125563766187679,1.9002590771446,0.0887236195249758
"ENSG00000114248","LRRC31","79782",0.181796693514225,1.89927316112512,0.08889547924978
"ENSG00000150471","ADGRL3","23284",-0.0992059000670586,-1.89675846254915,0.089377579587681
"ENSG00000197249","SERPINA1","5265",-0.0999867717038354,-1.89576497805778,0.0895519946569103
"ENSG00000259974","LINC00261","140828",0.0594376256755145,1.8951140551399,0.0896569277708517
"ENSG00000230798","FOXD3-AS1","100996301",-0.132549856563555,-1.89411844880527,0.0898322105065831
"ENSG00000243232","PCDHAC2","56134",-0.0931691186290635,-1.89301094288274,0.09000141060565
"ENSG00000197921","HES5","388585",-0.117232181746607,-1.89293578627224,0.09000141060565
"ENSG00000171017","LRRC8E","80131",-0.0398141933381682,-1.89288362700602,0.09000141060565
"ENSG00000114270","COL7A1","1294",-0.0952526922459827,-1.89257248954997,0.0900373515742463
"ENSG00000118194","TNNT2","7139",0.124707677774854,1.88945269804715,0.0906485879385859
"ENSG00000121316","PLBD1","79887",0.0883094859890639,1.8889736280125,0.0907192234942911
"ENSG00000100196","KDELR3","11015",0.0844389951667091,1.88767105432172,0.0909593578084554
"ENSG00000159167","STC1","6781",-0.0997702581761181,-1.88737073499395,0.0909933594251583
"ENSG00000197360","ZNF98","148198",-0.13427408017536,-1.88550463634756,0.0913504595930383
"ENSG00000183196","CHST6","4166",-0.105627713798184,-1.88397804942381,0.0916383327780327
"ENSG00000149596","JPH2","57158",-0.0911670718514346,-1.88184279588623,0.0920534325395689
"ENSG00000236924","RP11-390F4.6","105375968",-0.157177080523342,-1.88160738658476,0.0920742379420771
"ENSG00000205307","SAP25","100316904",-0.159796774149286,-1.88127349577967,0.0921155382956066
"ENSG00000062282","DGAT2","84649",-0.114939360269926,-1.875460011835,0.0933030622249764
"ENSG00000162482","AKR7A3","22977",-0.175293200539363,-1.87531913653608,0.0933041781456576
"ENSG00000178150","ZNF114","163071",-0.119805102100629,-1.87441319868705,0.0934662583367774
"ENSG00000243650","RN7SL834P","106481148",-0.132004351347526,-1.87032374197335,0.0943017327079098
"ENSG00000274423","RP11-544O24.2",NA,-0.140361732938787,-1.86963117853449,0.0944198871097651
"ENSG00000277125","CH17-264B6.3","122149300",-0.155465914395132,-1.86844533972536,0.0946228408649324
"ENSG00000171772","SYCE1","93426",-0.138222447451044,-1.86840454374332,0.0946228408649324
"ENSG00000006071","ABCC8","6833",-0.13723415061901,-1.86742102527122,0.094803264204765
"ENSG00000130283","GDF1","2657",-0.114707578792704,-1.86695532608009,0.094845025905761
"ENSG00000089225","TBX5","6910",0.0512761449403245,1.866953593139,0.094845025905761
"ENSG00000170775","GPR37","2861",-0.0769117179608477,-1.8664132171013,0.0949118221629951
"ENSG00000102554","KLF5","688",-0.0976664946336795,-1.86636885503607,0.0949118221629951
"ENSG00000148671","ADIRF","10974",-0.095734709008048,-1.86581157963422,0.095001727877326
"ENSG00000267890","CTD-2126E3.4",NA,0.140108089504171,1.86298758118047,0.0955734272093942
"ENSG00000242255","RPL39P34",NA,-0.145078733865428,-1.86286642604069,0.0955734272093942
"ENSG00000173705","SUSD5","26032",-0.098235652603852,-1.8619456784692,0.0957418103619859
"ENSG00000197632","SERPINB2","5055",-0.129808996065105,-1.86084205762338,0.0959497406205834
"ENSG00000187416","LHFPL3","375612",-0.0934832504865481,-1.86002512691687,0.0960962995848698
"ENSG00000138772","ANXA3","306",-0.118614378531087,-1.85788157383548,0.0965293083363745
"ENSG00000170571","EMB","133418",-0.107839189724597,-1.85650042330034,0.0967986827753537
"ENSG00000235142","RP1-60O19.1","100422737",0.108621904125342,1.85500808138319,0.0970819284306973
"ENSG00000150782","IL18","3606",0.0919589681343449,1.85492232477262,0.0970819284306973
"ENSG00000136688","IL36G","56300",-0.123089861892544,-1.85376534400849,0.0973037740784897
"ENSG00000111799","COL12A1","1303",0.0749948905711858,1.85268178716159,0.0975100291832455
"ENSG00000261829","RP11-223I10.1",NA,0.126957050229598,1.85217955733084,0.0975691073503466
"ENSG00000154274","C4orf19","55286",-0.126594965693221,-1.85203906481871,0.0975691073503466
"ENSG00000171916","LGALS9C","654346",-0.131319136970174,-1.85200325919614,0.0975691073503466
"ENSG00000170421","KRT8","3856",0.0477752059743315,1.85177814958223,0.0975885849720917
"ENSG00000263429","LINC00675","100289255",0.133074511480404,1.85111579515882,0.0976871633147436
"ENSG00000254211","LINC01485","101928154",-0.13922366555368,-1.85105456889399,0.0976871633147436
"ENSG00000281852","LINC00891","441501",0.0872130967581987,1.85047043809606,0.0977850005106582
"ENSG00000267583","RP11-322E11.5",NA,-0.0860353836122313,-1.84952841551461,0.0979611087810139
"ENSG00000175745","NR2F1","7025",0.0921106765199726,1.84802691166427,0.0982599836844012
"ENSG00000276070","CCL4L2","9560",0.104321296683271,1.84675269878165,0.0985096773402475
"ENSG00000137968","SLC44A5","204962",-0.136832978492266,-1.8465347792532,0.0985277267537626
"ENSG00000121380","BCL2L14","79370",-0.0903726009307186,-1.84468125418803,0.0988845632023235
"ENSG00000189433","GJB4","127534",-0.119205776101814,-1.84464050664214,0.0988845632023235
"ENSG00000151388","ADAMTS12","81792",0.0749330968874169,1.84304515727191,0.0992063899773935
"ENSG00000148826","NKX6-2","84504",-0.113890019084476,-1.84277103073658,0.099236945245745
"ENSG00000115138","POMC","5443",-0.11945630425664,-1.84203951911437,0.0993685760790409
"ENSG00000211890","IGHA2","3494",-0.113004487380753,-1.83927717402738,0.0999505713004331
"ENSG00000119969","HELLS","3070",0.0779578296582048,1.83767883801998,0.100275829092713
"ENSG00000154856","APCDD1","147495",-0.0836083462125371,-1.83649020266632,0.100510489653707
"ENSG00000130643","CALY","50632",-0.129337399474104,-1.83304647206308,0.101250708598741
"ENSG00000125355","TMEM255A","55026",-0.0910694932287557,-1.82970116700906,0.101973122741739
"ENSG00000122735","DNAI1","27019",-0.101351588227633,-1.82880408390149,0.102145020847575
"ENSG00000205663","RP11-706O15.5",NA,-0.152174565761453,-1.8269672047555,0.102530066059616
"ENSG00000168447","SCNN1B","6338",-0.0879436674687075,-1.82565929592487,0.102796019594934
"ENSG00000172901","LVRN","206338",-0.104547886191068,-1.82188729238442,0.103624848894829
"ENSG00000261189","RP3-512B11.3","101928076",0.0555320707864665,1.82072305289716,0.103860142239183
"ENSG00000185303","SFTPA2","729238",0.10244385990138,1.81942966268931,0.104125507909687
"ENSG00000128573","FOXP2","93986",-0.0926643071857453,-1.81850493621853,0.10430661864281
"ENSG00000205795","CYS1","192668",0.0793254699999594,1.81668600689753,0.104694023129726
"ENSG00000156675","RAB11FIP1","80223",-0.115795989609466,-1.81366323289172,0.105361332346487
"ENSG00000176049","JAKMIP2","9832",0.0822611003727578,1.81074806282809,0.106007000283591
"ENSG00000100884","CPNE6","9362",-0.101632824169423,-1.80864582525352,0.106465670272745
"ENSG00000150672","DLG2","1740",0.0846930037256469,1.80779966150837,0.106631593854228
"ENSG00000140254","DUOXA1","90527",-0.0880567532916859,-1.80712357575845,0.10675786814069
"ENSG00000108846","ABCC3","8714",0.0849071951165979,1.80581473920113,0.107032720111196
"ENSG00000241294","IGKV2-24","28923",0.0974009211966098,1.8053650032631,0.107106188945923
"ENSG00000223403","MEG9","378881",-0.109333860874203,-1.80353849453668,0.107503642448422
"ENSG00000108691","CCL2","6347",0.0802052825819567,1.80296675837166,0.107606118127128
"ENSG00000126778","SIX1","6495",0.100819710353514,1.80035069304886,0.10819186943229
"ENSG00000251301","RP11-81H14.2",NA,0.101969818490145,1.79885654749402,0.108513612232544
"ENSG00000164690","SHH","6469",0.108328196120393,1.79678796558005,0.108972855708281
"ENSG00000280165","PCDH20","64881",-0.126022566722466,-1.79656501504647,0.108993304384737
"ENSG00000263961","C1orf186","440712",-0.0883311479246054,-1.79602661535185,0.109088928802056
"ENSG00000178562","CD28","940",0.0900502880824662,1.79575193806372,0.109112832599338
"ENSG00000158022","TRIM63","84676",-0.111018372041005,-1.79555766012867,0.109112832599338
"ENSG00000105290","APLP1","333",0.094208832228184,1.79551525937138,0.109112832599338
"ENSG00000144785","RP11-977G19.10",NA,0.152604419527095,1.79328830656275,0.109591720513503
"ENSG00000198113","TOR4A","54863",0.0723811828265453,1.79323563914113,0.109591720513503
"ENSG00000197641","SERPINB13","5275",-0.098702218896837,-1.79199602203789,0.109855699037578
"ENSG00000174899","PQLC2L",NA,-0.0853271272710383,-1.79002863825589,0.110295032789919
"ENSG00000137273","FOXF2","2295",-0.0601181897204589,-1.78935808342785,0.110423341596195
"ENSG00000211716","TRBV9","28586",0.119233141876969,1.78843243169814,0.110613221072282
"ENSG00000270132","WISP1-OT1",NA,-0.115915019890214,-1.78804191108911,0.110674297023224
"ENSG00000157111","TMEM171","134285",0.0964040457173092,1.78407771775549,0.111599950835111
"ENSG00000155961","RAB39B","116442",-0.127323382007029,-1.78341874626435,0.111726620627229
"ENSG00000013725","CD6","923",0.10088649863946,1.78322660207384,0.111739956011317
"ENSG00000244693","CTAGE8",NA,-0.0960866366906939,-1.7783805677822,0.112888535241707
"ENSG00000156535","CD109","135228",-0.102673941436104,-1.7767516285032,0.113254330336651
"ENSG00000105464","GRIN2D","2906",0.0908291655919482,1.77545754217545,0.113538641055818
"ENSG00000266274","RN7SL138P","106480489",-0.076251455253125,-1.77454175032749,0.113730271515759
"ENSG00000185737","NRG3","10718",-0.103089020693803,-1.77152519044335,0.114441417262693
"ENSG00000105366","SIGLEC8","27181",0.0773362522205423,1.77122643308551,0.114481317994868
"ENSG00000196218","RYR1","6261",-0.112659086999658,-1.77090279121123,0.11452739932333
"ENSG00000128262","POM121L9P",NA,-0.0881741688252252,-1.76992292113346,0.114736226386659
"ENSG00000211721","TRBV6-5","28602",0.112844546625747,1.76930571483515,0.114855266341905
"ENSG00000111816","FRK","2444",-0.0778266049690294,-1.76886617733965,0.114904305158673
"ENSG00000177133","LINC00982","440556",-0.0927872196691107,-1.76883306748983,0.114904305158673
"ENSG00000102575","ACP5","54",0.068869701035193,1.76840901843409,0.114975478677795
"ENSG00000188910","GJB3","2707",-0.113985146079503,-1.76814599365808,0.115006664163662
"ENSG00000267228","RP11-49K24.6",NA,0.130007773281487,1.76722579688911,0.115184691588071
"ENSG00000271361","HTATSF1P2",NA,0.134495000452697,1.76715506381637,0.115184691588071
"ENSG00000102802","MEDAG","84935",-0.0648395258309323,-1.76624426520868,0.115377225466433
"ENSG00000163694","RBM47","54502",-0.0569386228738285,-1.76162864563218,0.116471295086083
"ENSG00000109819","PPARGC1A","10891",-0.108065885163414,-1.76159433791117,0.116471295086083
"ENSG00000272482","RP11-474O21.5",NA,-0.144965878875951,-1.76129564154612,0.116511725333275
"ENSG00000140297","GCNT3","9245",0.0968277239643722,1.75936533109149,0.116962540670279
"ENSG00000106123","EPHB6","2051",0.115375959812614,1.75707505914183,0.117505708674657
"ENSG00000248663","LINC00992","124900192",0.1640327491945,1.75646296356008,0.117625663284548
"ENSG00000172425","TTC36","143941",-0.16726521212187,-1.75630616553216,0.11763047592638
"ENSG00000132677","RHBG","57127",0.0845747577083474,1.75522747807897,0.117853995098469
"ENSG00000175793","SFN","2810",-0.0500455317700191,-1.75514782829362,0.117853995098469
"ENSG00000105699","LSR","51599",0.0522704428801703,1.75461692180041,0.117953642306487
"ENSG00000124143","ARHGAP40","343578",-0.141862177542128,-1.7530486782252,0.118316752627867
"ENSG00000107742","SPOCK2","9806",0.0996233385542501,1.75104557947085,0.118791570611905
"ENSG00000164142","FAM160A1","729830",-0.0640426018729864,-1.75077541245354,0.118825313994087
"ENSG00000235162","C12orf75","387882",0.0863489523996329,1.75011317405805,0.118959102989727
"ENSG00000270872","SRGAP2D",NA,-0.133020484001478,-1.74787919669759,0.11949505515445
"ENSG00000154654","NCAM2","4685",-0.111958545579327,-1.74770576154835,0.119504162079441
"ENSG00000119865","CNRIP1","25927",-0.0701367677875062,-1.74723575206039,0.119589264742753
"ENSG00000232445","RP11-132A1.4",NA,-0.0801198905031406,-1.74671332804611,0.119687856457811
"ENSG00000266036","RP11-452I5.2",NA,0.121845995835227,1.74529302564537,0.120017087402184
"ENSG00000139055","ERP27","121506",-0.10142987968745,-1.74484931158994,0.120095708664714
"ENSG00000125398","SOX9","6662",-0.0687856922888578,-1.74366702831666,0.120364488165252
"ENSG00000145703","IQGAP2","10788",-0.103797855878871,-1.74308962499172,0.120455089903401
"ENSG00000184160","ADRA2C","152",0.117346744195425,1.74303964609074,0.120455089903401
"ENSG00000261105","LMO7-AS1","101927155",-0.0989151139466259,-1.74216067909583,0.120642215077007
"ENSG00000237742","RP11-624M8.1","105377986",-0.135211127048304,-1.7420382945144,0.120642215077007
"ENSG00000163364","LINC01116","375295",-0.0852662625483136,-1.74156240302322,0.120729465500561
"ENSG00000008196","TFAP2B","7021",0.152485522578194,1.73932474554001,0.12127248816796
"ENSG00000258754","LINC01579",NA,-0.117412541816794,-1.73918289964064,0.121273519375895
"ENSG00000156299","TIAM1","7074",-0.087198837767254,-1.73758547655523,0.121652094061752
"ENSG00000138061","CYP1B1","1545",0.0952088804254474,1.73719629935848,0.121715734352541
"ENSG00000129990","SYT5","6861",-0.130652436677086,-1.73706471960725,0.121715734352541
"ENSG00000146674","IGFBP3","3486",0.0529546921853706,1.73497114392302,0.122224632574716
"ENSG00000049130","KITLG","4254",-0.0914964418915653,-1.73297392179418,0.12271001241268
"ENSG00000101213","PTK6","5753",0.0810072475876748,1.72961194215447,0.123555306424558
"ENSG00000225071","GS1-184P14.2",NA,-0.111607719130602,-1.72848373225946,0.123815826825303
"ENSG00000281508","CDR1-AS",NA,-0.0885522431681336,-1.72787907845313,0.123938726606101
"ENSG00000116254","CHD5","26038",0.10842156630675,1.72660014142538,0.124239663901832
"ENSG00000108551","RASD1","51655",-0.106056748139398,-1.72617801182516,0.124314659900233
"ENSG00000117154","IGSF21","84966",-0.101127707857049,-1.72447987091655,0.124727291276651
"ENSG00000130224","LRCH2","57631",-0.0653297098318058,-1.7233807276549,0.12498200597965
"ENSG00000211652","IGLV7-43","28776",0.106982222357122,1.72239793389969,0.125206209906838
"ENSG00000186462","NAP1L2","4674",-0.103456808254456,-1.72211217511368,0.125245402922068
"ENSG00000254507","RP11-481A20.10",NA,-0.120345137296521,-1.7217069238274,0.125316370134232
"ENSG00000135083","CCNJL","79616",-0.101400651883363,-1.72134819736716,0.125374999120056
"ENSG00000144057","ST6GAL2","84620",-0.0766772659295021,-1.72079121679992,0.125451813019025
"ENSG00000114631","PODXL2","50512",0.0893979751255806,1.72078304192873,0.125451813019025
"ENSG00000158104","HPD","3242",0.116443969645002,1.71895025880091,0.125896391203084
"ENSG00000159403","C1R","715",0.070622253062016,1.71883771854938,0.125896391203084
"ENSG00000235333","PVRIG2P",NA,0.118906736654144,1.71761605521808,0.126185657712831
"ENSG00000068976","PYGM","5837",-0.0631178906684759,-1.71736877926362,0.126214811339861
"ENSG00000143452","HORMAD1","84072",-0.156985190885266,-1.71504336952198,0.126800428839989
"ENSG00000100302","RASD2","23551",-0.088151352031648,-1.71347766213749,0.127159966776029
"ENSG00000100344","PNPLA3","80339",0.108587479737021,1.71342795281344,0.127159966776029
"ENSG00000183287","CCBE1","147372",0.0803394076438892,1.71248626689746,0.127376087737466
"ENSG00000147509","RGS20","8601",0.0952061659858409,1.71103827280285,0.127729017418144
"ENSG00000198829","SUCNR1","56670",0.0778005874565538,1.70954605828783,0.128094662025165
"ENSG00000185274","WBSCR17","64409",-0.0751404919757457,-1.70717575113441,0.128699249910375
"ENSG00000138669","PRKG2","5593",0.0931686122384657,1.70621134673019,0.128923555830032
"ENSG00000101670","LIPG","9388",-0.0853153169305729,-1.70283990595913,0.129804522711831
"ENSG00000163817","SLC6A20","54716",-0.0770694264678132,-1.70167621493923,0.130084848567353
"ENSG00000111846","GCNT2","2651",-0.122433166285448,-1.70150945351153,0.130092548234573
"ENSG00000155886","SLC24A2","25769",-0.0903130985852524,-1.70007676846583,0.130447110634936
"ENSG00000135253","KCP","375616",-0.0757130497717035,-1.69940833194056,0.130592484728876
"ENSG00000083454","P2RX5","5026",0.124280837407358,1.69794581298941,0.130956302786927
"ENSG00000144063","MALL","7851",0.0661295090260544,1.697586957527,0.131016885905299
"ENSG00000109205","ODAM","54959",-0.135655437570997,-1.69541123085548,0.131578437229756
"ENSG00000232149","FERP1","553112",-0.129925084016303,-1.69469465374507,0.131738071178058
"ENSG00000204291","COL15A1","1306",-0.0532171035895459,-1.69366172370837,0.13198539475559
"ENSG00000170961","HAS2","3037",-0.0727808303009177,-1.69172120901252,0.13248484990493
"ENSG00000105131","EPHX3","79852",-0.0819572540185379,-1.68953423545883,0.133054420812019
"ENSG00000277559","RP11-434E6.4",NA,-0.047250228671959,-1.68901571941418,0.133160195871616
"ENSG00000269994","RP11-276H19.2","440173",-0.116855176534798,-1.68452878117896,0.134376520253009
"ENSG00000125851","PCSK2","5126",0.128317856281737,1.68365890703417,0.134534560265567
"ENSG00000152128","TMEM163","81615",-0.0695091252685948,-1.68355848041501,0.134534560265567
"ENSG00000150054","MPP7","143098",-0.101486829684851,-1.68354881682534,0.134534560265567
"ENSG00000204475","NCR3","259197",0.11667902063029,1.68279276400359,0.134708007992502
"ENSG00000117594","HSD11B1","3290",0.0775486382929539,1.67594441188964,0.136605601292734
"ENSG00000188933","USP32P1",NA,-0.114558319339209,-1.67556268467458,0.136674534282483
"ENSG00000120756","PLS1","5357",-0.0714044234128362,-1.67496305225063,0.136805528072252
"ENSG00000158769","F11R","50848",0.0568422109622405,1.67422347372144,0.136976495962015
"ENSG00000213886","UBD","10537",0.0787676436045378,1.67396275664426,0.137011078345824
"ENSG00000131668","BARX1","56033",0.108626727834738,1.67156430290763,0.137656179549033
"ENSG00000240247","DEFA1B","1667",-0.059798197973697,-1.67068608201825,0.137867656728857
"ENSG00000170390","DCLK2","166614",-0.0675844126757539,-1.66724122902845,0.13881698254871
"ENSG00000061455","PRDM6","93166",0.0788626709361558,1.66629270973237,0.139050086888757
"ENSG00000259834","RP11-284N8.3",NA,0.106320555685028,1.66550544928467,0.139236932109006
"ENSG00000241244","IGKV1D-16","28901",0.117561221655971,1.66337491325191,0.139795348571604
"ENSG00000115596","WNT6","7475",-0.133135469556715,-1.66329458766117,0.139795348571604
"ENSG00000117091","CD48","962",0.0770717362412417,1.66147427206513,0.140282636617667
"ENSG00000128652","HOXD3","3232",-0.0521885998485857,-1.66100118654295,0.140379442227325
"ENSG00000158089","GALNT14","79623",0.101779647930823,1.66015035491256,0.140586120094699
"ENSG00000198626","RYR2","6262",-0.0851381830808962,-1.6595835741447,0.140710347307022
"ENSG00000189334","S100A14","57402",0.0668183029186581,1.65937202325987,0.140725614919545
"ENSG00000111424","VDR","7421",0.0489427394663574,1.65925167222369,0.140725614919545
"ENSG00000153563","CD8A","925",0.100474776587415,1.65831075751498,0.140958916049925
"ENSG00000162374","ELAVL4","1996",-0.0654840200414412,-1.65695376618126,0.141313935775053
"ENSG00000163519","TRAT1","50852",0.102026424175713,1.65415387317664,0.142062985116153
"ENSG00000123999","INHA","3623",0.0982614073764591,1.65411369450802,0.142062985116153
"ENSG00000163075","CFAP221","200373",-0.099324979674267,-1.65370138972843,0.142142879109346
"ENSG00000106537","TSPAN13","27075",-0.0807445273398112,-1.65295879358319,0.142289518575009
"ENSG00000173838","MARCH10","162333",-0.110694310302758,-1.65292195279546,0.142289518575009
"ENSG00000272872","LL22NC03-N14H11.1",NA,-0.0686434547381647,-1.65177832196717,0.142584347504757
"ENSG00000081853","PCDHGA2","56113",-0.107515672931363,-1.65148028463801,0.142630868149151
"ENSG00000223756","TSSC2",NA,-0.0749872372494133,-1.6475467057177,0.143749652374221
"ENSG00000258399","MEG8",NA,-0.116350519677315,-1.6462130438768,0.144103101569541
"ENSG00000107796","ACTA2","59",-0.0649130231743817,-1.64565871436148,0.14422594161968
"ENSG00000223534","HLA-DQB1-AS1","106480429",-0.115050102867154,-1.6448887462895,0.144412862814312
"ENSG00000127252","HRASLS","57110",0.117411883409291,1.64440244194629,0.144515695451668
"ENSG00000130294","KIF1A","547",0.120870607247189,1.64410331099915,0.144562972463516
"ENSG00000228477","RP3-342P20.2",NA,0.107691348835237,1.64169595154791,0.145237763801743
"ENSG00000111057","KRT18","3875",0.0451737118632239,1.64025696798505,0.145625442128864
"ENSG00000267633","CTB-5E10.3",NA,-0.147650411327648,-1.63938985463656,0.145842776418309
"ENSG00000103241","FOXF1","2294",-0.0592278557250127,-1.63902465492566,0.145910116729874
"ENSG00000186148","AC013271.3",NA,-0.100395593809329,-1.6381509040324,0.14612975540525
"ENSG00000159763","PIP","5304",0.124824649558274,1.63743713734111,0.146289539253667
"ENSG00000148600","CDHR1","92211",-0.0996631127416481,-1.63733751660061,0.146289539253667
"ENSG00000104213","PDGFRL","5157",-0.0665001371910992,-1.63556362116532,0.146779947652613
"ENSG00000109321","AREG","374",-0.114543975770332,-1.63516471088238,0.146857742025805
"ENSG00000113763","UNC5A","90249",0.104319497091802,1.63500568339374,0.146863432969603
"ENSG00000160111","CPAMD8","27151",-0.108446156495489,-1.63406392411366,0.147104611747298
"ENSG00000163082","SGPP2","130367",0.104068794635499,1.63332959863487,0.147283575436306
"ENSG00000254221","PCDHGB1","56104",0.127132091035527,1.62984285734375,0.148294645774003
"ENSG00000047457","CP","1356",0.134284678869421,1.62868931952325,0.148601843992354
"ENSG00000159958","TNFRSF13C","115650",-0.112913702173415,-1.62772890696628,0.1488508405547
"ENSG00000132938","MTUS2","23281",0.107325883928452,1.62695839410678,0.149042392392107
"ENSG00000104879","CKM","1158",0.0780396055718822,1.62615226078573,0.14924497058197
"ENSG00000240929","HIST2H2BB",NA,-0.140391986137194,-1.6255251849314,0.149393199062828
"ENSG00000073350","LLGL2","3993",0.0568467178958899,1.62460557172359,0.149630739917776
"ENSG00000196620","UGT2B15","7366",0.121374588880972,1.6244297873737,0.149641558228828
"ENSG00000198910","L1CAM","3897",0.102747854436696,1.62340022852413,0.149891247076651
"ENSG00000227212","PFN1P6",NA,-0.123644745128554,-1.62333104759895,0.149891247076651
"ENSG00000140945","CDH13","1012",-0.0531256553099001,-1.62173832043467,0.150335272984098
"ENSG00000235034","C19orf81","342918",0.143018302150148,1.62159802100903,0.150335272984098
"ENSG00000170160","CCDC144A","9720",-0.121465939230055,-1.61953362367658,0.150925033893803
"ENSG00000169385","RNASE2","6036",0.0589919584281815,1.61872102245324,0.151131501124163
"ENSG00000172927","MYEOV","26579",-0.0961470297141384,-1.61680129254587,0.15167905750706
"ENSG00000117600","LPPR4","9890",-0.0553098202375611,-1.61607383469334,0.151860030805608
"ENSG00000157703","SVOPL","136306",-0.0926555928774468,-1.61499528616806,0.152149582731685
"ENSG00000131019","ULBP3","79465",0.110502506775447,1.61115109186962,0.153296985741162
"ENSG00000274444","RP11-128A17.2",NA,-0.109038001040252,-1.6100705069097,0.153589243798798
"ENSG00000008118","CAMK1G","57172",0.0647218395209601,1.60838858223291,0.154069402068628
"ENSG00000153292","ADGRF1","266977",0.0955170839729495,1.60723153596622,0.154386653014079
"ENSG00000150275","PCDH15","65217",-0.0838239677509198,-1.60419522556437,0.155271551638
"ENSG00000135218","CD36","948",-0.110545322580054,-1.60412367015597,0.155271551638
"ENSG00000096088","PGC","5225",0.105396278583579,1.60354210583571,0.155409879241769
"ENSG00000117069","ST6GALNAC5","81849",-0.081469918740878,-1.60194824280898,0.155866623816767
"ENSG00000179148","ALOXE3","59344",-0.0853931229485379,-1.60136608537601,0.15600552616658
"ENSG00000123610","TNFAIP6","7130",-0.0626125815869884,-1.59814247416109,0.156978652600452
"ENSG00000227053","RP11-395B7.4","102724094",-0.0984788014848425,-1.59739258839197,0.157171395310522
"ENSG00000163701","IL17RE","132014",0.107743097400506,1.59700712125223,0.157248814683959
"ENSG00000205106","DKFZp779M0652","374387",0.124631851422942,1.59656524728918,0.157344143992902
"ENSG00000182885","ADGRG3","222487",0.0985182989831065,1.59620898525648,0.157412371105086
"ENSG00000172986","GXYLT2","727936",-0.0866165519154044,-1.59587974749751,0.157415978972593
"ENSG00000279399","RP11-369J21.12",NA,-0.168559655622119,-1.59584347141406,0.157415978972593
"ENSG00000197083","ZNF300P1",NA,-0.0732346565481264,-1.59577462527514,0.157415978972593
"ENSG00000100167","SEPT3","55964",0.0745798093302983,1.59482911597624,0.157671192524839
"ENSG00000152611","CAPSL","133690",-0.107398661647466,-1.59188937026547,0.158561472083842
"ENSG00000163216","SPRR2D","6703",0.0845265535083785,1.58445973920742,0.16089842053935
"ENSG00000064195","DLX3","1747",0.0830543057321865,1.58222217528257,0.16157546022339
"ENSG00000279508","AL589743.1",NA,-0.0756242076766587,-1.58106208395263,0.16190523335255
"ENSG00000187037","GPR141","353345",0.0719588874342944,1.58088854424118,0.161915580299644
"ENSG00000079102","RUNX1T1","862",-0.0699438300681709,-1.5805084792214,0.161992868726195
"ENSG00000104435","STMN2","11075",-0.0637104305537402,-1.57997499655509,0.162119937577841
"ENSG00000122224","LY9","4063",0.0843994404149261,1.57935171145273,0.16227622303695
"ENSG00000120322","PCDHB8","56128",0.113302018925125,1.57869366416566,0.162438205427557
"ENSG00000279152","AC129492.1",NA,-0.143433831525774,-1.57856967693257,0.162438205427557
"ENSG00000236882","LINC01554","202299",-0.120914023658549,-1.5761725824812,0.163171992677956
"ENSG00000206538","VGLL3","389136",0.0632945584412396,1.57557870226086,0.163273513279116
"ENSG00000121898","CPXM2","119587",-0.0642276926061908,-1.57557790345976,0.163273513279116
"ENSG00000258967","HMGN1P3",NA,-0.123800182377946,-1.57450223769691,0.163576985864343
"ENSG00000058866","DGKG","1608",0.0832694974680532,1.57436451095491,0.163576985864343
"ENSG00000020633","RUNX3","864",0.0875740449998034,1.5740947405989,0.163618840028872
"ENSG00000196584","XRCC2","7516",0.0688761445894942,1.57125948416295,0.164500156716384
"ENSG00000134668","SPOCD1","90853",0.0795211008945906,1.57033338921315,0.164757485355688
"ENSG00000169184","MN1","4330",0.0868433749134603,1.56806754882132,0.165455859927044
"ENSG00000139211","AMIGO2","347902",-0.106535002907566,-1.56686968714008,0.165803918805886
"ENSG00000104055","TGM5","9333",-0.0994421937017975,-1.56197899756744,0.167376066113543
"ENSG00000198502","HLA-DRB5","3127",0.0934588008635674,1.56108176980796,0.167604848194654
"ENSG00000184574","LPAR5","57121",0.0628864893706158,1.56100665478379,0.167604848194654
"ENSG00000271857","RP1-244F24.1",NA,-0.0967822257089608,-1.55944953925274,0.168075991189771
"ENSG00000144824","PHLDB2","90102",-0.0746044194140527,-1.55894795309939,0.16819583718549
"ENSG00000187094","CCK","885",0.109372015515156,1.55835530615852,0.168346130636917
"ENSG00000140459","CYP11A1","1583",-0.0769304186644425,-1.55742228424865,0.168610206191414
"ENSG00000145850","TIMD4","91937",0.0877039364690819,1.55631703075881,0.168932200282048
"ENSG00000204262","COL5A2","1290",0.0719410985687843,1.55421485456119,0.169588922263857
"ENSG00000129991","TNNI3","7137",-0.135777494406682,-1.55325609649584,0.16982601916065
"ENSG00000211938","IGHV3-7","28452",0.0936165042644886,1.55322417747778,0.16982601916065
"ENSG00000262370","RP11-473M20.9",NA,-0.0805987505984563,-1.55290820151556,0.169884391693775
"ENSG00000108405","P2RX1","5023",0.0842313212166956,1.55251294911884,0.169969424509739
"ENSG00000132164","SLC6A11","6538",0.110721304803122,1.5503431653441,0.170651883180307
"ENSG00000197444","OGDHL","55753",-0.0960897364608898,-1.54926197921817,0.170968615679148
"ENSG00000182752","PAPPA","5069",-0.0716880323815324,-1.54663012752758,0.171810611320719
"ENSG00000125848","FLRT3","23767",-0.104223139925292,-1.54365848031232,0.172730448549434
"ENSG00000108375","RNF43","54894",0.0743299629910078,1.5436361846704,0.172730448549434
"ENSG00000155918","RAET1L","154064",0.113303286634896,1.5432954235671,0.172797907459253
"ENSG00000168427","KLHL30","377007",-0.0880180501922328,-1.54198511920786,0.173195672837429
"ENSG00000143850","PLEKHA6","22874",-0.0653767805599783,-1.5413947520179,0.173348389538314
"ENSG00000268307","CTD-2619J13.13","110806301",-0.0918490355413895,-1.53759816315364,0.174504699710713
"ENSG00000101203","COL20A1","57642",0.0934315816132306,1.5375893646539,0.174504699710713
"ENSG00000164093","PITX2","5308",-0.0590679830236319,-1.53758577572462,0.174504699710713
"ENSG00000112655","PTK7","5754",0.0698656576985224,1.53673018816695,0.174749246755279
"ENSG00000125968","ID1","3397",-0.0660371767883586,-1.53599770135575,0.174915189214607
"ENSG00000183837","PNMA3","29944",-0.125157006828334,-1.5359615137825,0.174915189214607
"ENSG00000225978","HAR1A",NA,-0.129598614329519,-1.52992548850341,0.176948070496911
"ENSG00000080031","PTPRH","5794",0.0835128593156395,1.52784119138887,0.177621700773892
"ENSG00000223485","RP11-417E7.1","101929484",0.0536138721825012,1.52652804076143,0.178028658932436
"ENSG00000172296","SPTLC3","55304",-0.0818158844796342,-1.52593959865964,0.178183734627745
"ENSG00000105650","PDE4C","5143",-0.0683566233075509,-1.52509294116715,0.178405919345654
"ENSG00000234961","RP11-124N14.3",NA,-0.0979599324653389,-1.52501583223608,0.178405919345654
"ENSG00000211746","TRBV19","28568",0.0882697590216881,1.52356607577174,0.178861880583228
"ENSG00000259052","AL157871.2",NA,-0.124854228565904,-1.52109845288559,0.179675191685101
"ENSG00000022556","NLRP2","55655",-0.127535762834957,-1.51959267786709,0.180153235926703
"ENSG00000172137","CALB2","794",-0.0773461026249878,-1.51895540325703,0.180326787972395
"ENSG00000140090","SLC24A4","123041",0.0754694432517007,1.51774642312606,0.180701609028066
"ENSG00000165061","ZMAT4","79698",-0.106152264301105,-1.51742442309297,0.180764513936407
"ENSG00000162631","NTNG1","22854",-0.125623081745692,-1.51576364316444,0.181299355945098
"ENSG00000111452","ADGRD1","283383",-0.0779048658793492,-1.51547814900187,0.181349516025273
"ENSG00000143333","RGS16","6004",0.070129612692035,1.51494895099755,0.181485725968929
"ENSG00000182389","CACNB4","785",-0.0908661695580865,-1.51459133174471,0.181540374883858
"ENSG00000224769","AC069213.1",NA,-0.108444157091189,-1.5144014588574,0.181540374883858
"ENSG00000146938","NLGN4X","57502",-0.0992459600575875,-1.51436431257548,0.181540374883858
"ENSG00000255629","RP11-196H14.3",NA,0.14374543814993,1.51360847801925,0.181756777574467
"ENSG00000165828","PRAP1","118471",0.127826763148391,1.51312442846814,0.181877248535426
"ENSG00000241186","TDGF1","6997",-0.092598321588652,-1.51158320238959,0.182372037179726
"ENSG00000099725","PRKY",NA,-0.0567623547776716,-1.51105785384949,0.182507432907826
"ENSG00000139865","TTC6","319089",-0.0890414865110108,-1.51079236159389,0.182550756908283
"ENSG00000269235","ZNF350-AS1","101669766",0.114745092357195,1.50823244138785,0.183409037574943
"ENSG00000158014","SLC30A2","7780",0.0986669056340955,1.50756996683513,0.183593792991896
"ENSG00000249992","TMEM158","25907",0.0986878810339666,1.50625932392952,0.184009742308007
"ENSG00000169435","RASSF6","166824",-0.0603165282554849,-1.50309636559611,0.185089064322261
"ENSG00000146955","RAB19","401409",-0.0495663443931971,-1.50281633448754,0.185137952671275
"ENSG00000125618","PAX8","7849",-0.0733808434279736,-1.49923416501476,0.186305398179989
"ENSG00000176153","GPX2","2877",0.0802951397449638,1.49920270082268,0.186305398179989
"ENSG00000006468","ETV1","2115",0.0581891743043693,1.49913487486462,0.186305398179989
"ENSG00000118271","TTR","7276",0.0916551804574064,1.49867912587249,0.186417765370193
"ENSG00000163618","CADPS","8618",-0.056851600746315,-1.49813738026883,0.18656116709689
"ENSG00000223561","AC003090.1","646588",-0.113469970974624,-1.49598765602896,0.18728505306223
"ENSG00000278030","TRBV7-9","28589",0.0958941059055173,1.49578229557273,0.187307321481004
"ENSG00000078081","LAMP3","27074",0.0752265273698778,1.49344333539702,0.188101930928362
"ENSG00000160181","TFF2","7032",0.117590132958145,1.49234387962574,0.188448632591864
"ENSG00000010030","ETV7","51513",0.0795700491876788,1.49154319057549,0.18868720355279
"ENSG00000241069","CTD-3141N22.1",NA,-0.121573351859077,-1.4883980209765,0.189760040947576
"ENSG00000273389","RP13-514E23.2",NA,-0.125364383695092,-1.48830927954168,0.189760040947576
"ENSG00000100218","RSPH14","27156",-0.109655837080814,-1.48811030746472,0.189780108096592
"ENSG00000172005","MAL","4118",0.0858832957571277,1.48790137543159,0.189803820533367
"ENSG00000197177","ADGRA1","84435",-0.0635261942877551,-1.48716404223827,0.190020469605682
"ENSG00000123219","CENPK","64105",0.0619714273426389,1.48647286917861,0.190220420129024
"ENSG00000099812","MISP","126353",-0.0684534683869074,-1.48582047076491,0.190400193644937
"ENSG00000057294","PKP2","5318",-0.0590020144290756,-1.48569332294404,0.190400193644937
"ENSG00000105605","CACNG7","59284",-0.0592138806188956,-1.48340079720027,0.191187255639074
"ENSG00000146285","SCML4","256380",0.105951592691744,1.48140017994925,0.191869327440672
"ENSG00000180155","LYNX1","66004",-0.0801913866689652,-1.48057816571535,0.192118828587547
"ENSG00000125384","PTGER2","5732",-0.0843278626689964,-1.47892925919454,0.192673515754246
"ENSG00000168528","SERINC2","347735",0.0471044967649974,1.47745517425166,0.193164733780655
"ENSG00000126860","EVI2A","2123",0.0690828401076047,1.4772481758546,0.193187940545275
"ENSG00000250067","YJEFN3","374887",-0.0750315015468162,-1.47706714966539,0.193198338925548
"ENSG00000120457","KCNJ5","3762",0.0637880534872651,1.47693167381772,0.193198338925548
"ENSG00000165376","CLDN2","9075",0.0712049150893174,1.47618556316459,0.193420973470583
"ENSG00000165731","RET","5979",-0.134747908149545,-1.47408409853494,0.194146196736708
"ENSG00000114790","ARHGEF26","26084",-0.0600452218634423,-1.47380356023557,0.194196771091453
"ENSG00000271723","MROH7-TTC4","100527960",-0.108841654790168,-1.47339340236311,0.194295474192757
"ENSG00000124785","NRN1","51299",-0.0619421304513449,-1.47277157718276,0.194472829315405
"ENSG00000101187","SLCO4A1","28231",0.096496962528914,1.4722441496833,0.19461521262165
"ENSG00000273204","RP4-549L20.3",NA,0.13349839323908,1.47064379251953,0.195091888882541
"ENSG00000105251","SHD","56961",0.0950794888031531,1.47055220131689,0.195091888882541
"ENSG00000128918","ALDH1A2","8854",-0.0880519028979074,-1.47053000447474,0.195091888882541
"ENSG00000253404","AC034243.1","105379194",-0.0936560029395557,-1.46960077274759,0.195384293222638
"ENSG00000100290","BIK","638",0.0445285020861148,1.4692331076884,0.1954668987407
"ENSG00000186340","THBS2","7058",0.0697397317674513,1.46909074029116,0.1954668987407
"ENSG00000144810","COL8A1","1295",0.0603503026843311,1.46815375133598,0.195762584647377
"ENSG00000184682","PRR33",NA,-0.0998527204821812,-1.46686920490228,0.196188461544398
"ENSG00000167037","SGSM1","129049",-0.0760689660012276,-1.4658194202322,0.196527134923367
"ENSG00000204644","ZFP57","346171",0.12909131678052,1.46465957714787,0.196907469576195
"ENSG00000115386","REG1A","5967",-0.0459834412417197,-1.4630229095318,0.197467350681917
"ENSG00000072952","MRVI1","10335",-0.0623208084849569,-1.46229616761939,0.197686157720685
"ENSG00000248144","ADH1C","126",-0.0968462015411197,-1.4614270397259,0.197954635941757
"ENSG00000183018","SPNS2","124976",0.0804449985160115,1.46129346893013,0.197954635941757
"ENSG00000261150","EPPK1","83481",0.056888233050299,1.46096579186286,0.198023612896065
"ENSG00000106624","AEBP1","165",0.0744704801503346,1.4602875754825,0.198224574370309
"ENSG00000243244","STON1","11037",-0.0759059139727204,-1.46013716881916,0.198226863481959
"ENSG00000230453","ANKRD18B","441459",-0.117620939655834,-1.45947271782955,0.198422780777722
"ENSG00000171345","KRT19","3880",-0.0373150419681975,-1.45913083899149,0.198497233563479
"ENSG00000277224","HIST1H2BF","8343",0.10320871228497,1.45785656431332,0.19892342860366
"ENSG00000120885","CLU","1191",-0.0742699637500787,-1.45746066658445,0.199018403186835
"ENSG00000111783","RFX4","5992",-0.0842826183682669,-1.45516093646543,0.199833495568439
"ENSG00000204610","TRIM15","89870",0.0854016986027499,1.45447854787294,0.200037320184035
"ENSG00000140968","IRF8","3394",0.0774409745439052,1.45371906721086,0.200250463791783
"ENSG00000197471","SPN","6693",0.0687484166460614,1.45362754567294,0.200250463791783
"ENSG00000143632","ACTA1","58",-0.084618211472367,-1.45290255520705,0.200430583368398
"ENSG00000204616","TRIM31","11074",0.0825044556901331,1.4527568505413,0.200430583368398
"ENSG00000161681","SHANK1","50944",-0.0770078317436849,-1.45271962813273,0.200430583368398
"ENSG00000225864","HCG4P11",NA,-0.14172041919343,-1.45222671714536,0.200562883537454
"ENSG00000164294","GPX8","493869",0.0466726148307865,1.45098861051451,0.200973494255354
"ENSG00000172461","FUT9","10690",-0.0956684467214575,-1.45085722594461,0.200973494255354
"ENSG00000118242","MREG","55686",-0.0624426597915503,-1.4496881057364,0.201363369352655
"ENSG00000273623","TP53TG1_1",NA,-0.106837719421445,-1.44854070056883,0.201745505707787
"ENSG00000142235","LMTK3","114783",-0.0796462526256636,-1.44783191287646,0.201913802887597
"ENSG00000173801","JUP","3728",-0.0452203968446245,-1.44781057653026,0.201913802887597
"ENSG00000142627","EPHA2","1969",-0.0492537222992749,-1.44726538933285,0.202066728412538
"ENSG00000164825","DEFB1","1672",0.0855696163600532,1.44674834631395,0.202208987968387
"ENSG00000182870","GALNT9","50614",-0.0945644316087274,-1.44639636939148,0.20228826790405
"ENSG00000148584","A1CF","29974",0.0675260953848082,1.44593142195309,0.202410732334464
"ENSG00000225342","AC079630.4","107985190",-0.0901343136570615,-1.44505093566118,0.202692126098873
"ENSG00000237580","GCSHP3",NA,-0.10418512859227,-1.44451695675162,0.202841172107646
"ENSG00000255330","SOGA3",NA,-0.0901264467385387,-1.44408254850415,0.202952177914099
"ENSG00000162981","FAM84A","151354",-0.063518141364482,-1.44233994093137,0.203564630043643
"ENSG00000157087","ATP2B2","491",-0.0833739211949045,-1.44210587635706,0.203599025136339
"ENSG00000177335","C8orf31","286122",-0.0796250020681291,-1.4402943831841,0.20423936012301
"ENSG00000185681","MORN5","254956",-0.102387313750069,-1.43841705581479,0.204906539090446
"ENSG00000148702","HABP2","3026",-0.0962758332628981,-1.4360504235887,0.205764454901403
"ENSG00000266010","GATA6-AS1","100128893",-0.0902625199840424,-1.43331535268949,0.206767968440296
"ENSG00000103175","WFDC1","58189",-0.0665626601856203,-1.43043094568408,0.207833268644274
"ENSG00000214548","MEG3","55384",-0.0524434093255575,-1.42996977874133,0.207956494326663
"ENSG00000196169","KIF19","124602",-0.100715163310743,-1.42906085260314,0.208254414887074
"ENSG00000105427","CNFN","84518",-0.0512324790192237,-1.42686350164245,0.20905630812595
"ENSG00000239002","SCARNA10","692148",-0.109518922746482,-1.42495496081012,0.209747151419595
"ENSG00000176769","TCERG1L","256536",-0.0899390708013027,-1.42449213142864,0.209871783098102
"ENSG00000179954","SSC5D","284297",-0.0836335896918792,-1.42354780064376,0.210185541974069
"ENSG00000257764","RP11-1143G9.4",NA,0.131188155898063,1.42222184683792,0.210599764380422
"ENSG00000153012","LGI2","55203",0.0597132660376359,1.42220368056783,0.210599764380422
"ENSG00000167642","SPINT2","10653",0.0330695414988982,1.42157128584122,0.210791472939497
"ENSG00000250264","XXbac-BPG246D15.9",NA,0.0980951480646555,1.42054349332681,0.211139069790215
"ENSG00000132000","PODNL1","79883",0.0745305709585705,1.41948985735034,0.211497265038487
"ENSG00000077943","ITGA8","8516",-0.051032705505833,-1.41824616198947,0.211930976355919
"ENSG00000101825","MXRA5","25878",0.0497900030792325,1.41768413747171,0.212095693765765
"ENSG00000260197","RP11-424G14.1",NA,-0.0262818584949786,-1.41626970725632,0.212597872634631
"ENSG00000188338","SLC38A3","10991",0.0706708040051784,1.41033272760439,0.214900799914927
"ENSG00000104112","SCG3","29106",-0.0912389936502104,-1.40972697192796,0.215084543794999
"ENSG00000276953","TRBV12-4","28576",0.0970710499541836,1.408898191829,0.215357555755418
"ENSG00000105048","TNNT1","7138",-0.0995098678887895,-1.40679954127529,0.21613946622714
"ENSG00000118495","PLAGL1","5325",-0.0793746442383411,-1.40582671998215,0.216471217010879
"ENSG00000184293","CLECL1",NA,-0.0705558339205922,-1.40484474563231,0.216806999390663
"ENSG00000274752","TRBV12-3","28577",0.0975581930484177,1.40362388337806,0.217239252065284
"ENSG00000183778","B3GALT5","10317",-0.0945357807646551,-1.40344974264711,0.217250631284919
"ENSG00000168453","HR","55806",-0.0767358133991337,-1.40284282369694,0.217436207615022
"ENSG00000182667","NTM","50863",0.0457431908402371,1.40058724098095,0.218229457348916
"ENSG00000177685","CRACR2B","283229",-0.0754274219279633,-1.40058335436252,0.218229457348916
"ENSG00000164520","RAET1E","135250",0.0876337729711712,1.39992449687558,0.218436579315677
"ENSG00000102962","CCL22","6367",0.0560265543434185,1.39863520377812,0.218898762476848
"ENSG00000149534","MS4A2","2206",-0.0794461636902883,-1.3982884097014,0.21898001854326
"ENSG00000189423","USP32P3",NA,-0.0899004762268009,-1.3965832908858,0.219611560895309
"ENSG00000197757","HOXC6","3223",-0.0334110660692932,-1.39427445257283,0.220489827406955
"ENSG00000167749","KLK4","9622",0.0701235009129612,1.39400560893604,0.220539737872548
"ENSG00000142149","HUNK","30811",0.0793380696941461,1.39381562812371,0.220557585075945
"ENSG00000275713","HIST1H2BH","8345",0.08218304059122,1.39025382204109,0.221950065183398
"ENSG00000170419","VSTM2A","222008",-0.143303028428203,-1.38968876378013,0.22212123574367
"ENSG00000143196","DPT","1805",0.0550552784343154,1.38879464464139,0.222421573078257
"ENSG00000160200","CBS","875",0.119808699640354,1.38866193891674,0.222421573078257
"ENSG00000164692","COL1A2","1278",0.0547090392656528,1.38827881428457,0.222518511260297
"ENSG00000198515","CNGA1","1259",-0.101719750082789,-1.38756959608113,0.222749020922985
"ENSG00000174403","C20orf166-AS1",NA,-0.0731029790720701,-1.38503930955662,0.22372709076038
"ENSG00000173068","BNC2","54796",-0.0669947906147369,-1.3844866989669,0.223894061939578
"ENSG00000197409","HIST1H3D","8351",0.0887401029446811,1.38327343818062,0.22433299460609
"ENSG00000225383","SFTA1P","207107",0.0548357277063923,1.3823472450056,0.224601872211347
"ENSG00000170370","EMX2","2018",0.042260803103082,1.38232778086782,0.224601872211347
"ENSG00000254389","RHPN1-AS1","78998",0.0558292355164895,1.38129080729721,0.224969020762461
"ENSG00000143320","CRABP2","1382",-0.0659790627561604,-1.38024442504881,0.225340469829932
"ENSG00000187546","AGMO","392636",-0.078958583604174,-1.38002874590003,0.225369056644828
"ENSG00000225434","LINC01504","100507540",0.07182770439956,1.37896083026363,0.225749854789548
"ENSG00000168398","BDKRB2","624",0.0456409675750116,1.37811795709621,0.225987847233055
"ENSG00000095932","SMIM24","284422",-0.0644269429508462,-1.3780925328748,0.225987847233055
"ENSG00000202538","RNU4-2","26834",-0.0928354141091748,-1.3755717347043,0.226971850113398
"ENSG00000245526","LINC00461","645323",0.103333323891919,1.37258977941974,0.22815105152426
"ENSG00000095917","TPSD1","23430",-0.117497936417973,-1.37161599929342,0.228495851948954
"ENSG00000116133","DHCR24","1718",0.0623097547270194,1.37131323565016,0.228560930180902
"ENSG00000111344","RASAL1","8437",0.0782073429205092,1.36903804384984,0.229450163396623
"ENSG00000213214","ARHGEF35","445328",-0.0665287877816217,-1.36871652214231,0.229520735312325
"ENSG00000271824","AC009014.3","389332",0.0982253418018018,1.36857568824223,0.229520735312325
"ENSG00000235957","COX7CP1",NA,-0.103564938055426,-1.36841203307482,0.229527784995254
"ENSG00000006047","YBX2","51087",0.072382225272972,1.36810278668287,0.229595767173832
"ENSG00000184058","TBX1","6899",0.0852844060259818,1.36786507375292,0.229633829166868
"ENSG00000277013","CTC-526N19.1",NA,0.0686030699762863,1.36758404895741,0.229690030877021
"ENSG00000243566","UPK3B","105375355",-0.0729671709993458,-1.36714305241592,0.229813219425994
"ENSG00000243888","RP11-548B3.3",NA,-0.110861247783318,-1.36699628690422,0.229813244315124
"ENSG00000233493","TMEM238","388564",-0.0508176034290442,-1.36146035775051,0.232077695573699
"ENSG00000021826","CPS1","1373",-0.0666938127338289,-1.35985092167663,0.232695006729091
"ENSG00000163888","CAMK2N2","94032",0.0573333477446203,1.35964002984279,0.232721969742897
"ENSG00000281103","TRG-AS1","100506776",0.0746202322754567,1.35878276696188,0.233022187894606
"ENSG00000226781","TBCAP1",NA,-0.0411404823133828,-1.35569879870716,0.23426665692352
"ENSG00000080007","DDX43","55510",-0.0993163290339873,-1.35498673632888,0.234506544919547
"ENSG00000146216","TTBK1","84630",0.0634815241369123,1.35474421158548,0.234547025531174
"ENSG00000188761","BCL2L15","440603",-0.0777154218091414,-1.35403934953065,0.234784040022733
"ENSG00000253661","ZFHX4-AS1","100192378",-0.0683174392765378,-1.35219619727748,0.235505913341826
"ENSG00000112379","ARFGEF3","57221",0.0522822736108065,1.35009074457082,0.236341402438286
"ENSG00000249741","RP11-673E1.3",NA,-0.0974206910168536,-1.34992643637751,0.23634861656907
"ENSG00000182742","HOXB4","3214",-0.0722390704522079,-1.34949284307035,0.236470902377638
"ENSG00000204252","HLA-DOA","3111",0.0697910019679897,1.34819019438501,0.236964963958631
"ENSG00000100346","CACNA1I","8911",-0.0823206564393163,-1.3474595342055,0.237214662827651
"ENSG00000074370","ATP2A3","489",0.0889637722191388,1.34681598611431,0.237427201725499
"ENSG00000105877","DNAH11","8701",0.12096262067957,1.34601259637601,0.237708416125616
"ENSG00000136167","LCP1","3936",0.0640104442435497,1.34508452617032,0.238043377442333
"ENSG00000188803","SHISA6","388336",-0.0667126310896916,-1.34131560235884,0.239601843187159
"ENSG00000234380","LINC01426","100506385",-0.061306391574024,-1.33720953645958,0.241313858820746
"ENSG00000087237","CETP","1071",-0.0509938442241808,-1.33625780635673,0.241662585738066
"ENSG00000246100","LINC00900",NA,-0.0507629471590361,-1.33427332420591,0.242460716825653
"ENSG00000134042","MRO","83876",0.0483433712452755,1.33349580843513,0.242734701411249
"ENSG00000040731","CDH10","1008",0.0825649091917645,1.33303563180939,0.242870625922648
"ENSG00000186377","CYP4X1","260293",-0.105899941580564,-1.33092124854037,0.24372823340627
"ENSG00000166831","RBPMS2","348093",-0.0567374600969689,-1.33074853883398,0.243738947095075
"ENSG00000151917","BEND6","221336",0.0556642329330782,1.33056085148777,0.243756213056036
"ENSG00000254415","SIGLEC14","100049587",-0.107279768045101,-1.32833556685298,0.24466449681175
"ENSG00000170074","FAM153A","285596",-0.104559346531234,-1.32489699954654,0.24610829828914
"ENSG00000170439","METTL7B","196410",0.0691479787775256,1.32241429641792,0.247136328923233
"ENSG00000110427","KIAA1549L","25758",-0.0555877847145016,-1.32201186184044,0.2472483192559
"ENSG00000196549","MME","4311",0.0676396824207168,1.31917157345652,0.248437956979809
"ENSG00000134215","VAV3","10451",-0.0788360852797506,-1.31748020296106,0.24912160894372
"ENSG00000181634","TNFSF15","9966",0.062437582903001,1.3171824590629,0.2491876907396
"ENSG00000115290","GRB14","2888",-0.113788668500105,-1.31697147474066,0.249215293938211
"ENSG00000116132","PRRX1","5396",0.0465098661344796,1.31518959278536,0.249940607539609
"ENSG00000231955","AC007383.4",NA,-0.0991653920338317,-1.31158839294974,0.251478906935644
"ENSG00000221890","NPTXR","23467",-0.0752976779706203,-1.31113708987952,0.251613912804645
"ENSG00000147257","GPC3","2719",-0.071802569708607,-1.31090171689668,0.251652485496194
"ENSG00000187122","SLIT1","6585",-0.0955551842512542,-1.3104432066724,0.251790259630934
"ENSG00000050767","COL23A1","91522",-0.0603513356256219,-1.31029536545727,0.251790259630934
"ENSG00000105664","COMP","1311",0.0581327654368833,1.30944062198842,0.252105773846796
"ENSG00000078399","HOXA9","3205",-0.0481467805339348,-1.30766492002301,0.252834049831662
"ENSG00000184408","KCND2","3751",-0.0608518102609016,-1.30683577060586,0.253086366686866
"ENSG00000105851","PIK3CG","5294",0.0672565780347354,1.30680394509248,0.253086366686866
"ENSG00000178033","FAM26E","254228",0.0561172780181634,1.30658803010528,0.253116349594081
"ENSG00000215808","LINC01139","339535",-0.0914178841077401,-1.30620233172,0.253222492945012
"ENSG00000234449","RP11-706O15.3",NA,-0.0927285814866521,-1.30503926024137,0.253677623361163
"ENSG00000183508","FAM46C","54855",-0.0749249084557949,-1.30410263479016,0.254031492009173
"ENSG00000002933","TMEM176A","55365",0.0681449894492448,1.30377779656717,0.254110505959104
"ENSG00000079841","RIMS1","22999",0.0813870617069537,1.30148300821082,0.255076548101376
"ENSG00000259439","RP11-89K21.1","107985879",0.117752392991414,1.30018678306122,0.255594035936598
"ENSG00000144596","GRIP2","80852",-0.0594522546628933,-1.29988071737604,0.255664843925705
"ENSG00000136574","GATA4","2626",0.103919833647705,1.2983622120603,0.256251437273168
"ENSG00000171658","RP11-443P15.2",NA,0.0929599732779831,1.29828414786218,0.256251437273168
"ENSG00000078053","AMPH","273",-0.0792699943746396,-1.29688971109137,0.256814982929773
"ENSG00000204624","PTCHD2","57540",0.0815366880589907,1.29606883758727,0.257119275340853
"ENSG00000234743","EIF5AP4",NA,0.0166978897663798,1.29557204323498,0.25727680864062
"ENSG00000118322","ATP10B","23120",0.0830545136706598,1.29516500582105,0.257393687763139
"ENSG00000091482","SMPX","23676",-0.088522684199397,-1.29378524226358,0.257952225244533
"ENSG00000185090","MANEAL","149175",-0.0703811319150612,-1.29238980826986,0.25851871649157
"ENSG00000005001","PRSS22","64063",-0.0279621273100974,-1.28930704200254,0.25985579303135
"ENSG00000088882","CPXM1","56265",-0.0572030942965407,-1.28909994542806,0.25988204715922
"ENSG00000244239","AC007009.1",NA,-0.0408531098899637,-1.28537700661583,0.261517589390169
"ENSG00000079689","SCGN","10590",0.100583572339261,1.28504087114901,0.261603074628377
"ENSG00000105409","ATP1A3","478",0.0692139600977177,1.2815231097898,0.263151650082898
"ENSG00000138615","CILP","8483",-0.0780968141830942,-1.281194078376,0.263205386120049
"ENSG00000156218","ADAMTSL3","57188",-0.0594717859301776,-1.28110652023244,0.263205386120049
"ENSG00000101463","SYNDIG1","79953",0.0651012525416075,1.28082268669025,0.263267080789688
"ENSG00000179083","FAM133A","286499",-0.0748467954874417,-1.27993645765648,0.263606528035849
"ENSG00000240747","KRBOX1","100506243",-0.0763927082140341,-1.27978651566537,0.263606528035849
"ENSG00000109472","CPE","1363",-0.0479413327503281,-1.27698508162621,0.264831411171221
"ENSG00000164695","CHMP4C","92421",-0.033484945244641,-1.27559868107184,0.265403915320238
"ENSG00000127561","SYNGR3","9143",0.0695371993895065,1.27463195644393,0.265782520679451
"ENSG00000250451","HOXC-AS1","100874363",-0.0345214978238314,-1.27388897368386,0.266057603138521
"ENSG00000182326","C1S","716",0.0574297313149426,1.2732443317886,0.26626003186442
"ENSG00000230061","TRPM2-AS",NA,0.0960825342624614,1.27300252776552,0.26626003186442
"ENSG00000175497","DPP10","57628",-0.105266393462564,-1.27300246463239,0.26626003186442
"ENSG00000197415","VEPH1","79674",-0.063547146747438,-1.2683566674782,0.268353475852875
"ENSG00000186529","CYP4F3","4051",-0.0991403305392583,-1.26774925024891,0.268566935689211
"ENSG00000166391","MOGAT2","80168",0.0722021639547233,1.26635176641059,0.269150012853191
"ENSG00000160588","MPZL3","196264",0.0464404204163917,1.26374658810182,0.270300340697549
"ENSG00000277758","ABC7-42404400C24.1","102724488",-0.0818589369135122,-1.26050723079323,0.271752761799308
"ENSG00000166589","CDH16","1014",0.0562332901558454,1.25996318740796,0.271938061382695
"ENSG00000259153","RP6-65G23.3","100506411",0.0312355554591316,1.25865683617954,0.272483076789249
"ENSG00000029534","ANK1","286",-0.0905043255021324,-1.25808890072067,0.272679968017526
"ENSG00000009694","TENM1","10178",-0.0784978477555158,-1.25641838000741,0.273398200765409
"ENSG00000233013","FAM157B",NA,-0.112614803556943,-1.25556369871505,0.273731244976832
"ENSG00000163827","LRRC2","79442",-0.0701172888020929,-1.25447336716743,0.27417622866821
"ENSG00000153823","PID1","55022",0.0617008145920828,1.25279093640435,0.274902750396696
"ENSG00000147234","FRMPD3","84443",0.0763944690897226,1.25255019208949,0.27494532058413
"ENSG00000280874","AC239868.2",NA,0.0488209221807752,1.25124792557374,0.27549236039173
"ENSG00000184368","MAP7D2","256714",0.0931266808872301,1.25013523156744,0.2758954619976
"ENSG00000270933","CTD-2227E11.1",NA,-0.0595857052234738,-1.25009834645341,0.2758954619976
"ENSG00000168350","DEGS2","123099",-0.0909979495865313,-1.24680806302123,0.277392432192619
"ENSG00000133101","CCNA1","8900",-0.0655349486782596,-1.24663230157628,0.277404105103589
"ENSG00000236060","HSPB1P1",NA,0.0321522044170985,1.24208454243058,0.279510270011809
"ENSG00000153064","BANK1","55024",0.0812939172036271,1.2416467879427,0.279647748207267
"ENSG00000129354","AP1M2","10053",-0.0193712421364546,-1.23896344319531,0.280866096074668
"ENSG00000177455","CD19","930",0.0902213462006121,1.2362992554981,0.282078843921196
"ENSG00000213225","AC018804.7","643276",-0.132375192064438,-1.23576015856368,0.282194164764067
"ENSG00000125538","IL1B","3553",-0.0549259278863874,-1.23575695905862,0.282194164764067
"ENSG00000255126","CTD-2531D15.5",NA,0.108197665747376,1.23502018882675,0.282477064112206
"ENSG00000140563","MCTP2","55784",0.0738604715567034,1.23413414208209,0.282832418678955
"ENSG00000168314","MOBP","4336",0.0630980745490617,1.23353735057445,0.283047897982706
"ENSG00000267007","CTB-31O20.3",NA,0.11135077110459,1.23233022961612,0.283559413500209
"ENSG00000112541","PDE10A","10846",0.0547433853203175,1.2313709894659,0.283951167020111
"ENSG00000254245","PCDHGA3","56112",-0.0687408216409776,-1.22955067240231,0.284694081498973
"ENSG00000228594","C1orf233","643988",-0.0521911588904836,-1.22953810278598,0.284694081498973
"ENSG00000276443","PVT1_1",NA,-0.107895416881822,-1.22918663134639,0.284791084978516
"ENSG00000167992","VWCE","220001",0.0697200921650555,1.22876942545417,0.284920094164416
"ENSG00000096696","DSP","1832",-0.0418140572615874,-1.22720403500386,0.285608332766059
"ENSG00000186417","GLDN","342035",-0.0714602771748808,-1.22507370480013,0.286503759887758
"ENSG00000139220","PPFIA2","8499",0.0520640529903839,1.22506442060778,0.286503759887758
"ENSG00000223572","CKMT1A","1159",0.0568093650154603,1.22289651638952,0.287489377212174
"ENSG00000111249","CUX2","23316",0.0836836592860924,1.2204364490808,0.288620694248822
"ENSG00000167656","LY6D","8581",-0.0889137303011781,-1.21873791234975,0.289301910914282
"ENSG00000159251","ACTC1","70",-0.0752274477469076,-1.21868415677413,0.289301910914282
"ENSG00000175093","SPSB4","92369",0.0643159742015789,1.21859247751369,0.289301910914282
"ENSG00000158874","APOA2","336",0.067651087948258,1.21581079807653,0.29058131734101
"ENSG00000075461","CACNG4","27092",-0.0675034007193673,-1.2156889868079,0.29058131734101
"ENSG00000050165","DKK3","27122",-0.0480784838888097,-1.2154526452736,0.290622625442833
"ENSG00000166396","SERPINB7","8710",0.0752377674880656,1.21474927227131,0.290894323488871
"ENSG00000204072","ARMCX7P",NA,-0.129871112130041,-1.21417265519998,0.291103600767293
"ENSG00000124107","SLPI","6590",0.0742639799726684,1.21301959706939,0.291597747599008
"ENSG00000253445","CTB-79E8.2",NA,0.113712080874806,1.21265076889033,0.291704610064054
"ENSG00000204323","SMIM5","643008",0.0647672323926462,1.21220217447988,0.29185093612973
"ENSG00000279909","AC110615.1",NA,0.115129441997452,1.21152830522978,0.292108737970599
"ENSG00000128408","RIBC2","26150",0.0397451925220203,1.21110182984624,0.292244239989101
"ENSG00000125675","GRIA3","2892",-0.0655888255257008,-1.20789461970325,0.293713691288442
"ENSG00000196866","HIST1H2AD","3013",0.073240168343242,1.2077542640563,0.293713691288442
"ENSG00000145423","SFRP2","6423",-0.0454836514116404,-1.20767925080896,0.293713691288442
"ENSG00000175121","WFDC5","149708",-0.0754947720375419,-1.20576359077193,0.294589865019443
"ENSG00000272440","RP11-379F4.6",NA,-0.105003603339948,-1.2051753364623,0.29473513572449
"ENSG00000171724","VAT1L","57687",-0.0499343761222638,-1.2051659850365,0.29473513572449
"ENSG00000112299","VNN1","8876",0.05208098839904,1.19980857526039,0.297333025103997
"ENSG00000110881","ASIC1","41",-0.0581267853090477,-1.19954670023552,0.29738746423071
"ENSG00000143061","IGSF3","3321",-0.0438179886533908,-1.19908698079166,0.297541002487473
"ENSG00000185615","PDIA2","64714",-0.0890139958721878,-1.19623848890768,0.298893158360629
"ENSG00000106178","CCL24","6369",-0.0921641505294336,-1.19386363384167,0.300010821040859
"ENSG00000255399","TBX5-AS1","255480",0.0361414947149382,1.19300508852445,0.300366154748033
"ENSG00000142611","PRDM16","63976",0.0542994003133312,1.19284056533467,0.300371732153302
"ENSG00000166147","FBN1","2200",0.064310156392802,1.19230200853041,0.3005222942174
"ENSG00000254829","RP11-7I15.3",NA,-0.0972294948453017,-1.19223507526478,0.3005222942174
"ENSG00000224689","ZNF812",NA,0.0686300602527714,1.19129586189212,0.300918678338218
"ENSG00000225329","LHFPL3-AS2",NA,-0.0797422112100946,-1.18932892026402,0.301834806063033
"ENSG00000119125","GDA","9615",-0.0662150237953024,-1.18549903053823,0.303697908546614
"ENSG00000145681","HAPLN1","1404",0.0708374343171466,1.1830793648997,0.304850176621449
"ENSG00000232869","TRBV29-1","28558",0.0716855272796048,1.18102636478194,0.305818220667665
"ENSG00000181143","MUC16","94025",-0.0763199480724853,-1.1792636113465,0.306639892171297
"ENSG00000186197","EDARADD","128178",0.0719712409029284,1.17888053755115,0.306756944477887
"ENSG00000137868","STRA6","64220",-0.0336841559540059,-1.17829803374827,0.306976034846944
"ENSG00000105289","TJP3","27134",-0.0338679126338557,-1.1780669880712,0.307013568488249
"ENSG00000253293","HOXA10","3206",0.0382925261288757,1.17791643020326,0.307013568488249
"ENSG00000275155","CTD-2595P9.4",NA,-0.0972161879822125,-1.17751982175725,0.307137640221234
"ENSG00000211649","IGLV7-46","28775",0.0717307861831876,1.17639499025733,0.307586307629383
"ENSG00000081818","PCDHB4","56131",-0.0547782195409733,-1.17633511866965,0.307586307629383
"ENSG00000142449","FBN3","84467",-0.0806626336226695,-1.17472671106283,0.308331639602829
"ENSG00000280282","LLNLR-259H9.1",NA,-0.08087975610143,-1.17261518158671,0.309336710449537
"ENSG00000258377","RP11-649E7.5",NA,0.0278890107882232,1.1699067861956,0.310651570562441
"ENSG00000163751","CPA3","1359",-0.0641859782377277,-1.16869237256867,0.311144054121195
"ENSG00000136514","RTP4","64108",-0.0783613120540629,-1.1686430932004,0.311144054121195
"ENSG00000175130","MARCKSL1","65108",-0.0355224968100767,-1.16584871434955,0.312508427778095
"ENSG00000187193","MT1X","4501",0.0582925279217045,1.16513966090168,0.312795477995988
"ENSG00000146013","GFRA3","2676",-0.0845368265143685,-1.16468114210057,0.312952873709369
"ENSG00000172782","FADS6","283985",-0.0815302472164884,-1.16376078610533,0.313349705390897
"ENSG00000114251","WNT5A","7474",-0.0575981037654862,-1.16237463114763,0.313988615110269
"ENSG00000174640","SLCO2A1","6578",-0.042594643600306,-1.16210398043225,0.314048794490163
"ENSG00000167964","RAB26","25837",-0.0621446575165414,-1.16122423742674,0.314425367714213
"ENSG00000142549","IGLON5","402665",-0.066930177282599,-1.15968917610592,0.315143117146724
"ENSG00000178031","ADAMTSL1","92949",-0.0408230203935297,-1.15890112080228,0.31547275030661
"ENSG00000067646","ZFY","7544",-0.0383519530175294,-1.15785009187645,0.315939643474374
"ENSG00000143028","SYPL2","284612",-0.0398752900630761,-1.15689057669358,0.316359219542938
"ENSG00000260265","RP11-44F21.5",NA,0.102945442550893,1.15658363993814,0.316438527436572
"ENSG00000205683","DPF3","8110",0.0756212955191097,1.15238430670059,0.318553469270215
"ENSG00000152056","AP1S3","130340",0.0504919791496062,1.14956669386519,0.319951007757701
"ENSG00000227755","AP000344.4",NA,0.0822822833533473,1.14933084668112,0.319993319526881
"ENSG00000198598","MMP17","4326",-0.0728996169129089,-1.14782738377061,0.320702554277341
"ENSG00000106952","TNFSF8","944",0.0488009805175185,1.14574491419091,0.321718187160633
"ENSG00000007171","NOS2","4843",-0.0462124071135718,-1.14501737684651,0.322020063156421
"ENSG00000282416","LLNLF-173C4.2",NA,-0.0732527042392249,-1.14099264807601,0.324050318152762
"ENSG00000141934","PPAP2C","8612",0.0308819185323646,1.14086842131783,0.324050318152762
"ENSG00000162745","OLFML2B","25903",-0.0441500396415076,-1.13982430015757,0.32452148056236
"ENSG00000110848","CD69","969",-0.0631437653950789,-1.13951495160038,0.324602946014323
"ENSG00000163814","CDCP1","64866",0.0426576121266094,1.1375340257176,0.325572485195531
"ENSG00000185905","C16orf54","283897",0.0582213840360766,1.13660889626382,0.325981672677991
"ENSG00000165495","PKNOX2","63876",-0.0652400546252167,-1.13544274128833,0.326454554718049
"ENSG00000233117","LINC00702",NA,-0.0433900243722168,-1.135408764681,0.326454554718049
"ENSG00000103449","SALL1","6299",0.0440555830260748,1.13506364805096,0.32649017115755
"ENSG00000136842","TMOD1","7111",-0.064143080691536,-1.13502996620687,0.32649017115755
"ENSG00000237512","UNC5B-AS1","728978",-0.0575979586379729,-1.13466960278605,0.326599060908471
"ENSG00000254528","RP11-728F11.4","123706543",-0.0845107315274269,-1.13298719502345,0.327355727102429
"ENSG00000081277","PKP1","5317",-0.0635496830654989,-1.13293827006284,0.327355727102429
"ENSG00000077942","FBLN1","2192",-0.0415846826891652,-1.13276632310487,0.327364250154272
"ENSG00000198643","FAM3D","131177",-0.0625275350211265,-1.13048597907638,0.328498758200001
"ENSG00000260892","CTD-2026K11.1",NA,-0.0941453914949566,-1.12987651701848,0.328741214947285
"ENSG00000168491","CCDC110","256309",-0.0493239103071035,-1.12818752146056,0.329561829846933
"ENSG00000168685","IL7R","3575",0.0736603110013939,1.12667383717263,0.330289674739331
"ENSG00000104921","FCER2","2208",-0.101877111301863,-1.11965779209131,0.333984395344561
"ENSG00000267459","AC006116.27",NA,-0.0705770517970918,-1.11949074436329,0.333989954188706
"ENSG00000213023","SYT3","84258",0.0775948233051802,1.11893343125972,0.334206553796475
"ENSG00000164266","SPINK1","6690",0.0699755613401957,1.11769632738055,0.33479116800618
"ENSG00000176890","TYMS","7298",0.0531375452949083,1.11683717898693,0.335171577646357
"ENSG00000175318","GRAMD2","196996",0.0675998505387901,1.11660463467691,0.335212602254251
"ENSG00000145198","VWA5B2","90113",-0.0685832675240062,-1.11568759617879,0.335624669809216
"ENSG00000178860","MSC","9242",0.0492852425546134,1.1154188869024,0.335685331731289
"ENSG00000206047","DEFA1","1667",-0.0639919984129531,-1.11159466798924,0.337593375312653
"ENSG00000131037","EPS8L1","54869",-0.0379221263031527,-1.11159306482677,0.337593375312653
"ENSG00000254452","RP11-867G23.4",NA,-0.0710769855652596,-1.11041199766441,0.338151048673625
"ENSG00000090104","RGS1","5996",-0.0597320325583148,-1.10919810182975,0.338727190852953
"ENSG00000104783","KCNN4","3783",0.0671521981945092,1.10848811563144,0.339028828819734
"ENSG00000038295","TLL1","7092",-0.057714587420592,-1.10820624736341,0.339096888810772
"ENSG00000261377","PDCD6IPP2",NA,-0.0828511343977404,-1.10348522990096,0.341594035464577
"ENSG00000174807","CD248","57124",-0.041095800472824,-1.10189969991558,0.342361984853611
"ENSG00000179292","TMEM151A","256472",0.0790848288523796,1.10167110936646,0.342361984853611
"ENSG00000167207","NOD2","64127",0.061858336058398,1.10161361562619,0.342361984853611
"ENSG00000185519","FAM131C","348487",-0.0740611152818194,-1.10114050813566,0.342535343491231
"ENSG00000166963","MAP1A","4130",-0.0462645235971457,-1.09953736867883,0.343330141577014
"ENSG00000273032","DGCR9","26220",0.07888144393338,1.09785308674252,0.344170808792229
"ENSG00000256210","AC005255.3",NA,-0.021530988936779,-1.09729862178985,0.34438950591442
"ENSG00000174567","GOLT1A","127845",-0.0293664707498288,-1.09683251356036,0.344559551949448
"ENSG00000165092","ALDH1A1","216",0.0519807780184544,1.09576988998509,0.345058783900575
"ENSG00000135116","HRK","8739",0.0793912720462134,1.09412109129541,0.345882386062187
"ENSG00000150551","LYPD1","116372",0.0346497103679541,1.09204485881988,0.346943927645296
"ENSG00000275234","CTD-2396E7.11",NA,-0.0201020339937935,-1.09109110158431,0.347384900671347
"ENSG00000147889","CDKN2A","1029",-0.0533303949165166,-1.08894787636469,0.348486545716114
"ENSG00000078098","FAP","2191",0.0422244192775151,1.08739794383574,0.349260247977511
"ENSG00000006210","CX3CL1","6376",-0.0482904342058621,-1.08495213831934,0.350534358603478
"ENSG00000169946","ZFPM2","23414",-0.0489162553611966,-1.08300877664081,0.351530658050995
"ENSG00000205363","C15orf59","388135",-0.0579125548992167,-1.08115657385286,0.35241698028346
"ENSG00000272079","LA16c-380H5.5",NA,-0.049445694837191,-1.08110652862745,0.35241698028346
"ENSG00000261822","RP11-265N6.2",NA,-0.097639868846841,-1.07969294163717,0.353119668279485
"ENSG00000196436","NPIPB15","440348",-0.0925763969041978,-1.07891155539446,0.353468675160495
"ENSG00000180438","TPRXL",NA,0.0726716572793657,1.0781984849623,0.353779556162501
"ENSG00000274266","SNORA73A","6080",-0.0852075553206712,-1.07745178838979,0.354109458976845
"ENSG00000184012","TMPRSS2","7113",0.0392897237473545,1.0764116239964,0.354604345653254
"ENSG00000138079","SLC3A1","6519",-0.0566817216079794,-1.0748048874152,0.355418250197899
"ENSG00000268621","AC006262.5","645553",-0.0815237312790005,-1.07443719376429,0.355535751658158
"ENSG00000225526","MKRN2OS","100129480",-0.0574597584120045,-1.07408664964638,0.355643626073495
"ENSG00000181195","PENK","5179",-0.0660270871014925,-1.07280450649819,0.35627603504351
"ENSG00000106789","CORO2A","7464",-0.0477848014469055,-1.07086582444105,0.357201325410581
"ENSG00000279296","RP11-609D21.3",NA,-0.0813938968805345,-1.07084539205561,0.357201325410581
"ENSG00000164078","MST1R","4486",-0.0484170698596578,-1.06877684373082,0.358279756996323
"ENSG00000140519","RHCG","51458",0.0739412203802746,1.06732121457098,0.359013173311424
"ENSG00000163083","INHBB","3625",0.0549813879118484,1.06656853029208,0.359287208405736
"ENSG00000171560","FGA","2243",0.0604368980679818,1.06651888612129,0.359287208405736
"ENSG00000169862","CTNND2","1501",-0.0582877476215983,-1.06583120504395,0.359586563269619
"ENSG00000144847","IGSF11","152404",-0.0591584514366236,-1.06525446845035,0.359823173884218
"ENSG00000057149","SERPINB3","6317",0.0659822414148535,1.06355205150081,0.360698440893425
"ENSG00000165272","AQP3","360",0.0665846543391458,1.06329856433635,0.360751930200593
"ENSG00000267484","CTC-518P12.6",NA,-0.0521221036525903,-1.06241939484777,0.361160711704002
"ENSG00000164379","FOXQ1","94234",-0.0532896665632115,-1.06163459291162,0.361443472048243
"ENSG00000272502","RP11-713M15.2",NA,0.0511669316144559,1.06160314628009,0.361443472048243
"ENSG00000158055","GRHL3","57822",-0.043639768557722,-1.06029424520024,0.362097078870805
"ENSG00000133710","SPINK5","11005",-0.0650855181070746,-1.05924999752977,0.362600687485723
"ENSG00000145287","PLAC8","51316",-0.0624140471669065,-1.0582612776883,0.363073060080524
"ENSG00000165246","NLGN4Y","22829",-0.0383661228388241,-1.05616650834739,0.364176897424146
"ENSG00000187583","PLEKHN1","84069",-0.0342711898817815,-1.05586901114603,0.364255665715184
"ENSG00000111052","LIN7A","8825",-0.0967193880814268,-1.05497590063691,0.364674653913088
"ENSG00000254445","HSPB2-C11orf52","100528019",-0.0708137113967111,-1.05442890042084,0.364896057083685
"ENSG00000130701","RBBP8NL","140893",-0.0197514637980582,-1.05405168263469,0.365020467314985
"ENSG00000171747","LGALS4","3960",-0.0501123658170529,-1.05319550663665,0.365418800681942
"ENSG00000261063","RP11-538I12.2",NA,-0.0782520104537878,-1.05240749941896,0.365778359317057
"ENSG00000240618","RP11-206L10.5",NA,0.096590127511094,1.05193714051125,0.365956234094831
"ENSG00000146411","SLC2A12","154091",-0.0667754054094471,-1.05107593986199,0.366358003746915
"ENSG00000100234","TIMP3","7078",-0.0475184736339077,-1.05071901233138,0.366403560307724
"ENSG00000105880","DLX5","1749",-0.0449246027861752,-1.05067717362465,0.366403560307724
"ENSG00000138080","EMILIN1","11117",0.0509954820935797,1.0480096127895,0.367841933424213
"ENSG00000266844","RP11-862L9.3",NA,-0.0646602348184475,-1.04708983668605,0.368189907751526
"ENSG00000124766","SOX4","6659",-0.0382993216867636,-1.04703984615127,0.368189907751526
"ENSG00000072858","SIDT1","54847",0.0783386366715229,1.04692451545688,0.368189907751526
"ENSG00000168421","RHOH","399",-0.0653714353925007,-1.04670950776845,0.368214823330993
"ENSG00000261295","RP11-524D16__A.3",NA,-0.0417120206539106,-1.0465617060538,0.368214823330993
"ENSG00000105278","ZFR2","23217",-0.0958170116071265,-1.04601751355783,0.368435724268002
"ENSG00000163501","IHH","3549",-0.058751434774677,-1.04537206165772,0.368714899734291
"ENSG00000214940","NPIPA8","101059953",0.0954697070489789,1.04469619356987,0.369011679149666
"ENSG00000282304","RP11-1223D19.3","128966597",-0.0813556796471014,-1.0441025096389,0.369173813721954
"ENSG00000168952","STXBP6","29091",0.063817991812229,1.04409487263771,0.369173813721954
"ENSG00000180828","BHLHE22","27319",-0.0502710259993247,-1.04316905342366,0.36961463073055
"ENSG00000115602","IL1RL1","9173",-0.0586687275436868,-1.04215877090819,0.370104397685169
"ENSG00000264019","RP11-6N17.6",NA,0.0817759179481636,1.04110621845835,0.370618904239445
"ENSG00000179399","GPC5","2262",-0.0769193775157824,-1.03976809638378,0.37129863154926
"ENSG00000204677","FAM153C","653316",-0.0730841824878161,-1.03858481778151,0.371889621786267
"ENSG00000152910","CNTNAP4","85445",0.0602409089840217,1.03791107926504,0.372186542686575
"ENSG00000228623","ZNF883","169834",-0.0704479807533745,-1.03486031066877,0.373859935361697
"ENSG00000137709","POU2F3","25833",-0.0312565005498829,-1.03460923198087,0.373912638283258
"ENSG00000198848","CES1","1066",0.0523593853599697,1.03136986121414,0.375700480033913
"ENSG00000003436","TFPI","7035",-0.0497842096198932,-1.02965315371491,0.376606197036978
"ENSG00000227028","SLC8A1-AS1",NA,-0.0571603892248047,-1.02948151000924,0.37661269960612
"ENSG00000089356","FXYD3","5349",-0.0249591960048763,-1.02889686302042,0.376859775897575
"ENSG00000270136","MINOS1-NBL1",NA,0.0321241827271644,1.02549778806288,0.378749536874559
"ENSG00000189320","FAM180A","389558",-0.0429066084633007,-1.02517756128842,0.378842774631629
"ENSG00000251493","FOXD1","2297",0.0739321127595187,1.02457779604035,0.378901265097965
"ENSG00000269210","RP11-173C1.1","375196",-0.0764456964042591,-1.02455409399267,0.378901265097965
"ENSG00000109072","VTN","7448",-0.0590399007811752,-1.02451638160711,0.378901265097965
"ENSG00000269404","SPIB","6689",-0.0684536513554055,-1.02443486442795,0.378901265097965
"ENSG00000122121","XPNPEP2","7512",-0.0578365354712749,-1.0219807861973,0.380243022198043
"ENSG00000163958","ZDHHC19","131540",-0.0864495977820163,-1.02115799523072,0.38063088456333
"ENSG00000277075","HIST1H2AE","3012",0.0746754986359251,1.01891877449627,0.381850169787414
"ENSG00000274276","CBS","102724560",-0.0949603978380231,-1.01852577175103,0.381986458990016
"ENSG00000169436","COL22A1","169044",-0.0535108203659373,-1.01780803927249,0.382313563157137
"ENSG00000106823","ECM2","1842",-0.0504078025932989,-1.01600413642714,0.383279742911162
"ENSG00000180537","RNF182","221687",-0.0629606632044482,-1.01492910383119,0.383817881319428
"ENSG00000168306","ACOX2","8309",0.0843595618179995,1.01361856790084,0.384495304148407
"ENSG00000235288","RP11-70C1.3",NA,-0.0864806389066091,-1.01218808877523,0.385244229692449
"ENSG00000197582","GPX1P1",NA,-0.0566082250383846,-1.00998597096412,0.386450314936216
"ENSG00000230018","RP11-481H12.1","111082963",-0.0511979286561042,-1.00570011907359,0.388836940062081
"ENSG00000166840","GLYATL1","92292",0.0578201525221244,1.00563636731394,0.388836940062081
"ENSG00000275216","RP11-54H7.4",NA,-0.068463374426404,-1.00443000868341,0.38945762593777
"ENSG00000258227","CLEC5A","23601",-0.0512171651018345,-1.00402659130108,0.389601291339845
"ENSG00000174672","BRSK2","9024",0.0704419370118531,0.999224918126648,0.392366160794463
"ENSG00000162438","CTRC","11330",-0.0750597883484932,-0.998849451551065,0.39249359397004
"ENSG00000120093","HOXB3","3213",-0.0604523419530084,-0.998226150173524,0.39276912920413
"ENSG00000259607","CTD-2647L4.5",NA,0.0981124483509058,0.995572501086784,0.394259723996279
"ENSG00000054690","PLEKHH1","57475",-0.0401060109379331,-0.994770440693635,0.394643033219948
"ENSG00000175264","CHST1","8534",0.0546163040062385,0.99312886259281,0.395530178963235
"ENSG00000178773","CPNE7","27132",-0.0602942081194569,-0.99270389906724,0.395575053473608
"ENSG00000087250","MT3","4504",0.0726698678621115,0.992694900261139,0.395575053473608
"ENSG00000104267","CA2","760",-0.0701754748402894,-0.992566864814905,0.395575053473608
"ENSG00000183742","MACC1","346389",-0.0373981858483257,-0.990515878743507,0.396709308738253
"ENSG00000166448","TMEM130","222865",-0.0386984644427572,-0.989444902829222,0.397255627346951
"ENSG00000187017","ESPN","83715",-0.0467137596048078,-0.987407473530072,0.398384550880491
"ENSG00000152292","SH2D6","284948",0.0706044599852378,0.985762692413829,0.399278372694745
"ENSG00000177570","SAMD12","401474",-0.0434653777374676,-0.985345919920757,0.399431668528884
"ENSG00000254726","MEX3A","92312",0.0504033111113058,0.985149497087479,0.399451977991214
"ENSG00000163739","CXCL1","2919",0.0721610823001068,0.983663301304619,0.400251242092674
"ENSG00000118004","COLEC11","78989",-0.0534685594797172,-0.982755287196233,0.400701693512346
"ENSG00000276980","CTD-3128G10.7",NA,-0.0470563248326581,-0.979997678412081,0.402272623868767
"ENSG00000241484","ARHGAP8","23779",0.0252855373609156,0.978872642729528,0.402855991797451
"ENSG00000124875","CXCL6","6372",-0.0695534997583424,-0.978059304825105,0.403250578312669
"ENSG00000102243","VGLL1","51442",-0.0776483045834226,-0.974956080113344,0.405037770177047
"ENSG00000144407","PTH2R","5746",0.0471779675299425,0.974279423822335,0.405348139404513
"ENSG00000232810","TNF","7124",-0.0488522748010214,-0.974119522976389,0.405348139404513
"ENSG00000163032","VSNL1","7447",-0.0423815265513281,-0.973788687456898,0.405450111066734
"ENSG00000259038","CTD-2325P2.4",NA,-0.047807380572745,-0.972576427627179,0.406089149117211
"ENSG00000101955","SRPX","8406",-0.0383694771015017,-0.970098728700388,0.407437381885409
"ENSG00000137747","TMPRSS13","84000",0.0376397621599821,0.97003977303908,0.407437381885409
"ENSG00000203618","GP1BB","2812",0.0826916131841754,0.969060209888698,0.407935915799133
"ENSG00000184305","CCSER1","401145",-0.0541223505253472,-0.968525063508346,0.408122736083777
"ENSG00000137959","IFI44L","10964",0.071681478278773,0.968427334137767,0.408122736083777
"ENSG00000164251","F2RL1","2150",-0.0334193805001772,-0.967220529101028,0.408760689893773
"ENSG00000237541","HLA-DQA2","3117",0.0479591937438511,0.964189052553929,0.410517605533703
"ENSG00000134317","GRHL1","29841",0.036618358411214,0.961231213539805,0.412171432095623
"ENSG00000187642","PERM1","84808",-0.0339094060775584,-0.961168533614778,0.412171432095623
"ENSG00000095303","PTGS1","5742",-0.0436562134533515,-0.960724140090087,0.412343835639711
"ENSG00000241670","RPL23AP21",NA,0.0871799313838614,0.958919960600364,0.413353342303755
"ENSG00000226386","PARD3-AS1",NA,-0.0820959245060732,-0.957603107350782,0.414063712880618
"ENSG00000238057","ZEB2-AS1","100303491",-0.0676746562886397,-0.953125570719693,0.416728625438851
"ENSG00000225969","ABHD11-AS1",NA,-0.0426539213770719,-0.952707341240005,0.416885654546545
"ENSG00000280755","AC009950.1",NA,0.0839677506369335,0.952105227715474,0.41715659972701
"ENSG00000120068","HOXB8","3218",0.035104634926892,0.948698799600031,0.419167536523148
"ENSG00000132429","POPDC3","64208",0.0623564124835952,0.948308066066514,0.419307861246816
"ENSG00000092054","MYH7","4625",0.0430427859736867,0.947892655690849,0.41946354232747
"ENSG00000130477","UNC13A","23025",-0.0537178378495215,-0.947088991474617,0.41986060536326
"ENSG00000038427","VCAN","1462",0.0490788765279567,0.945355142018726,0.420836760487782
"ENSG00000165966","PDZRN4","29951",-0.0572931995703749,-0.944928287044768,0.420999803275513
"ENSG00000166741","NNMT","4837",0.0294774047045415,0.943539825976218,0.421762060406994
"ENSG00000176387","HSD11B2","3291",0.0343783486423081,0.943204918603689,0.421867927545073
"ENSG00000127533","F2RL3","9002",-0.0361461425361595,-0.942250666162037,0.422360072833059
"ENSG00000074276","CDHR2","54825",0.0533840504258734,0.938540430626632,0.424552565069635
"ENSG00000168928","CTRB2","440387",0.055701857567734,0.938411170036655,0.424552565069635
"ENSG00000101076","HNF4A","3172",-0.0423053210283832,-0.93680664606505,0.425453711184636
"ENSG00000135919","SERPINE2","5270",-0.0443816895620469,-0.934844583728492,0.426580278073053
"ENSG00000164116","GUCY1A3","2982",-0.0509285434692061,-0.934395032053346,0.426741525644959
"ENSG00000237945","LINC00649","100506334",0.0729690543243619,0.934256442347756,0.426741525644959
"ENSG00000168539","CHRM1","1128",0.0561644400565365,0.933313857456911,0.427229327011994
"ENSG00000225217","HSPA7","3311",-0.0496701984827837,-0.932268916373086,0.427781737915471
"ENSG00000275966","RP11-1055B8.9",NA,-0.0911143445234233,-0.9315403098525,0.428135592047656
"ENSG00000146477","SLC22A3","6581",0.0529660720577948,0.930411455517116,0.428741400883577
"ENSG00000127325","BEST3","144453",0.0605402508522342,0.930108471226408,0.428827748237155
"ENSG00000197406","DIO3","1735",-0.0625123521407385,-0.927659266482077,0.430266105833221
"ENSG00000166206","GABRB3","2562",-0.067961475069543,-0.927451955868498,0.430292199588648
"ENSG00000185666","SYN3","8224",0.0503533345404948,0.926498336186416,0.430789022244787
"ENSG00000152377","SPOCK1","6695",0.0445422895319698,0.925195748063432,0.43150649114813
"ENSG00000178445","GLDC","2731",0.0698753271762114,0.924532603871851,0.431820491577139
"ENSG00000232656","IDI2-AS1","55853",0.0745356699968301,0.923502069745692,0.432366833480107
"ENSG00000187653","TMSB4XP8",NA,0.0806401696733315,0.9220996459033,0.433148858560731
"ENSG00000237039","AC018738.2",NA,-0.0829253645582008,-0.920859890085701,0.433828598735774
"ENSG00000178401","DNAJC22","79962",0.0454326042858737,0.920385826211385,0.433943301427832
"ENSG00000258986","TMEM179","388021",-0.0766712900926038,-0.920346323046554,0.433943301427832
"ENSG00000189058","APOD","347",0.0534802204913818,0.919846633451959,0.43415455654599
"ENSG00000139629","GALNT6","11226",0.0609149902906979,0.918233166232531,0.435072057692809
"ENSG00000163735","CXCL5","6374",-0.0627596425364718,-0.917910512651038,0.435171227546253
"ENSG00000274225","KB-68A7.1",NA,-0.056721600925312,-0.915563497194505,0.43655596677074
"ENSG00000116990","MYCL","4610",-0.0457035949371224,-0.915357888886018,0.436580832564071
"ENSG00000131187","F12","2161",0.0402412702873394,0.91498596103263,0.436711425567488
"ENSG00000256340","ABCC6P1",NA,0.0637013815396631,0.913750853401663,0.437390995196176
"ENSG00000052344","PRSS8","5652",-0.0192961130900133,-0.912907625954768,0.437821622380981
"ENSG00000074211","PPP2R2C","5522",0.0693223069324544,0.910398513016696,0.439314256690024
"ENSG00000170465","KRT6C","286887",-0.0631149944640193,-0.908090157756963,0.440610626906994
"ENSG00000184363","PKP3","11187",-0.0165089794253324,-0.908034188324366,0.440610626906994
"ENSG00000189410","SH2D5","400745",-0.0546349613986868,-0.90761065976783,0.440774609620589
"ENSG00000114638","UPK1B","7348",-0.0589803386055146,-0.907301052896616,0.440785094910871
"ENSG00000166105","GLB1L3","112937",-0.0531355381969623,-0.907244147025306,0.440785094910871
"ENSG00000281383","CH507-513H4.5",NA,-0.0283677375481674,-0.907093682380526,0.440785094910871
"ENSG00000110492","MDK","4192",-0.0406913206102971,-0.906759179482963,0.440892227453812
"ENSG00000274415","RP11-433J22.2",NA,0.0893511183327211,0.906591570820759,0.44089274675456
"ENSG00000187210","GCNT1","2650",-0.0578622602540189,-0.90588368234089,0.441238486393977
"ENSG00000232803","SLCO4A1-AS1","100127888",0.0783794572891906,0.904127157144419,0.442255111167628
"ENSG00000132932","ATP8A2","51761",0.0596409816977842,0.902876665053738,0.44294882976478
"ENSG00000118526","TCF21","6943",-0.0414061695334767,-0.902632231551485,0.44299843392013
"ENSG00000166501","PRKCB","5579",0.0541655973993934,0.902119659528516,0.443219811444594
"ENSG00000168772","CXXC4","80319",-0.0489550985642094,-0.90136390038526,0.443597083877576
"ENSG00000112319","EYA4","2070",-0.0660280765410358,-0.900640702258473,0.44386005715768
"ENSG00000142973","CYP4B1","1580",-0.0510090889830228,-0.900619625470967,0.44386005715768
"ENSG00000188257","PLA2G2A","5320",0.0509627971435765,0.899588526754796,0.444414164114075
"ENSG00000204165","CXorf65","158830",0.066510007112304,0.894738099338846,0.447424589027424
"ENSG00000279322","RP4-738P15.6",NA,0.0844300358190176,0.893956490352451,0.447820269157535
"ENSG00000125780","TGM3","7053",-0.0627346792683556,-0.893586648283957,0.447950681377527
"ENSG00000260001","TGFBR3L","100507588",-0.0843666151143729,-0.893255235537547,0.448056340368552
"ENSG00000171798","KNDC1","85442",-0.0836561020590845,-0.892276013530567,0.448579686228751
"ENSG00000108821","COL1A1","1277",0.0359809289223696,0.892057650137533,0.448612482974882
"ENSG00000169347","GP2","2813",-0.0669233302888684,-0.889219028331641,0.450328245921947
"ENSG00000101210","EEF1A2","1917",-0.06664940943496,-0.889038839947531,0.450328245921947
"ENSG00000215218","UBE2QL1","134111",0.0437485996543057,0.888897200459584,0.450328245921947
"ENSG00000267279","RP11-879F14.2",NA,-0.0530605528112413,-0.886710278697773,0.451602100861191
"ENSG00000273046","RP11-834C11.14",NA,0.0256243262313127,0.886592152080794,0.451602100861191
"ENSG00000167771","RCOR2","283248",0.0536929744843538,0.886392930906571,0.451622446798596
"ENSG00000173917","HOXB2","3212",0.0607294094945321,0.885336181483778,0.452159048840821
"ENSG00000147883","CDKN2B","1030",-0.0382127800280087,-0.885228505276569,0.452159048840821
"ENSG00000131711","MAP1B","4131",-0.0373006765473149,-0.884537359210241,0.452414944049049
"ENSG00000154319","FAM167A","83648",-0.0434492768196104,-0.884497795182908,0.452414944049049
"ENSG00000184347","SLIT3","6586",-0.0358256109707134,-0.883613189897426,0.452879333983972
"ENSG00000091972","CD200","4345",-0.033641778318217,-0.881252671130068,0.454301547329027
"ENSG00000167880","EVPL","2125",-0.0220922793713746,-0.879870280902947,0.455090331400825
"ENSG00000226363","HAGLROS",NA,0.0401217045781407,0.877222324479783,0.456703549691664
"ENSG00000111110","PPM1H","57460",-0.0492219615797834,-0.876721601708071,0.45692005617956
"ENSG00000130635","COL5A1","1289",0.0413658092475311,0.875554811679027,0.457570666065339
"ENSG00000253161","LINC01605","100507420",0.0353068875538648,0.873665970902908,0.458657493151121
"ENSG00000179023","KLHDC7A","127707",0.0669371165354111,0.873551789610957,0.458657493151121
"ENSG00000276089","DLEU1_1",NA,-0.0753461465448731,-0.87334380966731,0.458683284856299
"ENSG00000229391","HLA-DRB6",NA,0.0425281914709942,0.872459691786873,0.459150484741068
"ENSG00000182162","P2RY8","286530",0.0393155202803948,0.870858166258362,0.460086777562783
"ENSG00000169083","AR","367",0.0628593260371993,0.870331079022894,0.460321166340499
"ENSG00000281272","AP003391.1",NA,0.0714923034277846,0.869853515862913,0.460523210229731
"ENSG00000240891","PLCXD2","257068",0.0659408991496898,0.868827974359306,0.460998367358102
"ENSG00000120658","ENOX1","55068",-0.0407345912921947,-0.86878991986321,0.460998367358102
"ENSG00000248596","RP11-844P9.2","643201",-0.0664145432701219,-0.86840259023035,0.461141473131457
"ENSG00000139364","TMEM132B","114795",0.0459360399476653,0.867172148824716,0.461836568293566
"ENSG00000100079","LGALS2","3957",-0.0439461441130002,-0.866087140335971,0.462363689787905
"ENSG00000180801","ARSJ","79642",-0.0409000039468118,-0.866030066473636,0.462363689787905
"ENSG00000185306","C12orf56","115749",0.0699931312055085,0.865688125713352,0.462477195394111
"ENSG00000154736","ADAMTS5","11096",-0.0371520454868904,-0.86318895435423,0.464005740170772
"ENSG00000267259","CTD-2008P7.9","112267992",0.0373608039619179,0.860900224965581,0.465398674697557
"ENSG00000228221","LINC00578","100505566",0.0488759634940638,0.86059516686678,0.465413151127434
"ENSG00000102109","PCSK1N","27344",-0.0719081222445584,-0.860540090816779,0.465413151127434
"ENSG00000144802","NFKBIZ","64332",-0.0688429588938312,-0.856819377087185,0.467752046634409
"ENSG00000146555","SDK1","221935",-0.0449640650640952,-0.855384936976994,0.468479157945926
"ENSG00000163449","TMEM169","92691",-0.0354115647133266,-0.85537858989829,0.468479157945926
"ENSG00000235531","MSC-AS1","100132891",0.0391545380368561,0.853222452072218,0.469791472193724
"ENSG00000174460","ZCCHC12","170261",-0.035199771210478,-0.852571244455507,0.470109929522307
"ENSG00000235238","SUMO2P1",NA,0.0707942471886665,0.851609595716481,0.470633861868653
"ENSG00000253701","AL928768.3",NA,-0.0539385567640928,-0.850806261809215,0.47105325685077
"ENSG00000180806","HOXC9","3225",0.0186341835964384,0.850405926366732,0.471205964551608
"ENSG00000196876","SCN8A","6334",0.0588844345825802,0.846415149934753,0.473739611073903
"ENSG00000125462","C1orf61","10485",-0.0378704115678273,-0.845812193995295,0.474027187869992
"ENSG00000121858","TNFSF10","8743",0.0479228976335751,0.845313823745008,0.474245337946341
"ENSG00000262223","RP11-1055B8.3","100130370",-0.0579401484537569,-0.844698789130655,0.474541058146495
"ENSG00000268460","DKFZp434J0226","93429",-0.0586033822787732,-0.844393097355484,0.474631221177
"ENSG00000166145","SPINT1","6692",0.0163259912877344,0.84391961631284,0.47483292346858
"ENSG00000184185","KCNJ12","3768",0.0471065156393553,0.843509992508405,0.474992200827479
"ENSG00000064787","BCAS1","8537",0.0543150924605666,0.842306727218138,0.475679358546433
"ENSG00000205456","TP53TG3D","24150",-0.0622391127280901,-0.841841128200973,0.475875976381311
"ENSG00000204950","LRRC10B","390205",-0.0505853749269648,-0.841250441090602,0.47615587788061
"ENSG00000108231","LGI1","9211",-0.0648248887150934,-0.841003756035475,0.476206843641292
"ENSG00000153993","SEMA3D","223117",0.049703822175795,0.840166734008725,0.476650828274091
"ENSG00000142494","SLC47A1","55244",0.0402763209775752,0.839373681898014,0.47706570115312
"ENSG00000120280","CXorf21","80231",0.0355650118817919,0.83862859307809,0.477406663999437
"ENSG00000143171","RXRG","6258",-0.0464008123103783,-0.838521573192192,0.477406663999437
"ENSG00000136573","BLK","640",-0.0629576323853889,-0.837010143017775,0.4783008290677
"ENSG00000115468","EFHD1","80303",-0.0367490052706427,-0.835716627687983,0.479050352545952
"ENSG00000157766","ACAN","176",-0.0400496874215482,-0.835497456912304,0.47908294135119
"ENSG00000257017","HP","3240",-0.0628849074379644,-0.834439177729364,0.479675863529143
"ENSG00000111728","ST8SIA1","6489",-0.0541716447317808,-0.833729801206631,0.480035947660327
"ENSG00000178538","CA8","767",-0.0626754881597433,-0.833218148619196,0.48026398043792
"ENSG00000154764","WNT7A","7476",-0.044532694417805,-0.831489398174657,0.481214771207898
"ENSG00000165457","FOLR2","2350",0.042864896380586,0.831455308000281,0.481214771207898
"ENSG00000104611","SH2D4A","63898",0.0460076325931637,0.829261757142594,0.48256923331155
"ENSG00000183876","ARSI","340075",0.0411689628051801,0.828406931145858,0.483027751157289
"ENSG00000101194","SLC17A9","63910",-0.0556487583181863,-0.827960571300271,0.483212539964709
"ENSG00000263970","RP11-789C17.5",NA,-0.067738316551494,-0.826648405407141,0.483978148832803
"ENSG00000196990","FAM163B","642968",0.0507620218423582,0.826387215851914,0.484038793975351
"ENSG00000185668","POU3F1","5453",0.0410392683052216,0.826128487965893,0.484097796390336
"ENSG00000184254","ALDH1A3","220",-0.0382304607713289,-0.825174471579217,0.484623488900014
"ENSG00000173930","SLCO4C1","353189",0.0430479142225279,0.824923834217997,0.484677067113229
"ENSG00000224864","CTC-260E6.2",NA,-0.0777544482004973,-0.824289986554719,0.484987966504682
"ENSG00000163520","FBLN2","2199",-0.0395637902606933,-0.821718212387409,0.486601805109229
"ENSG00000112799","LY86","9450",0.0283294593108252,0.821075539193401,0.48691916628302
"ENSG00000090659","CD209","30835",0.0468480244212676,0.820298922055357,0.487326785211106
"ENSG00000213058","RP4-765C7.2",NA,0.065867453432444,0.817706658768768,0.488901224213707
"ENSG00000160539","PPAPDC3","84814",-0.0343538937289006,-0.817441122706926,0.488901224213707
"ENSG00000158859","ADAMTS4","9507",0.0327857519015453,0.817373849999851,0.488901224213707
"ENSG00000204385","SLC44A4","80736",-0.0474162485322817,-0.817277630572157,0.488901224213707
"ENSG00000244682","FCGR2C",NA,0.0419237078428258,0.816670886140259,0.489194932526589
"ENSG00000267034","RP11-384O8.1",NA,0.0612225837188263,0.814919286000888,0.490261478344254
"ENSG00000169427","KCNK9","51305",-0.0532309451390852,-0.813951688074297,0.490600902279354
"ENSG00000138650","PCDH10","57575",-0.0621281067215403,-0.813913231533274,0.490600902279354
"ENSG00000137825","ITPKA","3706",-0.0506378717678149,-0.813902584066876,0.490600902279354
"ENSG00000231793","DOC2GP",NA,0.0866105296454583,0.813258364625079,0.490920307142074
"ENSG00000166148","AVPR1A","552",-0.0285735057708921,-0.812871403523643,0.491065956985004
"ENSG00000197594","ENPP1","5167",0.0413493668203902,0.809242483388062,0.493405078314783
"ENSG00000106688","SLC1A1","6505",-0.0634570265879864,-0.806855678833918,0.49490696868454
"ENSG00000182489","XKRX","402415",0.0326791565326141,0.806228913750356,0.495185906913761
"ENSG00000281134","AC239868.3",NA,0.0317974646442001,0.806100920896201,0.495185906913761
"ENSG00000086300","SNX10","29887",0.0346046848658124,0.805772448481774,0.495292199129826
"ENSG00000166407","LMO1","4004",0.0632352485187034,0.803079873647415,0.496900850935985
"ENSG00000136244","IL6","3569",-0.0534539610848262,-0.803060497987419,0.496900850935985
"ENSG00000106484","MEST","4232",0.0422708005510059,0.802722011536645,0.497014018950101
"ENSG00000148346","LCN2","3934",0.0476909529953429,0.799442033861939,0.499129616376828
"ENSG00000165548","TMEM63C","57156",0.0439911990899197,0.796325149321302,0.501055090477513
"ENSG00000180581","SRP9P1",NA,0.0307991482704658,0.796274950289917,0.501055090477513
"ENSG00000108511","HOXB6","3216",0.0406915154292728,0.795899553691637,0.501193635640378
"ENSG00000135097","MSI1","4440",-0.0468426661738824,-0.795080132110062,0.50163553398488
"ENSG00000276664","TUG1_1",NA,-0.0481284748325542,-0.794252010035474,0.50208353687859
"ENSG00000103528","SYT17","51760",-0.0590129616957776,-0.793217232937633,0.502673036879984
"ENSG00000130822","PNCK","139728",-0.0456469613429193,-0.792251803322305,0.503215382567073
"ENSG00000185565","LSAMP","4045",-0.0400755804232636,-0.791608605102791,0.503537375077367
"ENSG00000196664","TLR7","51284",0.0364937280886411,0.790657469804878,0.504070315029543
"ENSG00000164199","ADGRV1","84059",0.0590864197028368,0.790034365752955,0.504378745458731
"ENSG00000238271","IFNWP19","3474",-0.0596483291852249,-0.789668496812362,0.504510993038558
"ENSG00000279624","RP5-1042K10.14",NA,-0.0766316000679221,-0.789152520359642,0.504746100500152
"ENSG00000133401","PDZD2","23037",0.0431137778267423,0.788668575900632,0.504959289405701
"ENSG00000113209","PCDHB5","26167",-0.0433074273137572,-0.78823655413122,0.505136917078465
"ENSG00000247993","FOXD1-AS1",NA,0.0615081024157679,0.787464272887451,0.505547827638014
"ENSG00000137077","CCL21","6366",-0.0532078541791432,-0.785946434307646,0.506449222876301
"ENSG00000104760","FGL1","2267",0.0551651517713186,0.785619691639859,0.506449222876301
"ENSG00000087245","MMP2","4313",0.0342319858077168,0.785509105265307,0.506449222876301
"ENSG00000162545","CAMK2N1","55450",-0.0423565374258214,-0.785458432810546,0.506449222876301
"ENSG00000257607","RP11-449P15.1",NA,-0.0465070442612446,-0.784551613377531,0.506952845522102
"ENSG00000106819","ASPN","54829",-0.0474525658048267,-0.784027584394798,0.507193837841147
"ENSG00000168542","COL3A1","1281",0.0286618211054107,0.783486849902395,0.507407175519999
"ENSG00000138798","EGF","1950",0.0454288669333379,0.783370911103568,0.507407175519999
"ENSG00000259479","SORD2P",NA,0.0356169522275283,0.78188622717535,0.508308141252243
"ENSG00000275097","RP11-627K11.6",NA,-0.0527956971675297,-0.78165871626025,0.508345562069307
"ENSG00000175832","ETV4","2118",-0.041307051945169,-0.781384096411445,0.508415363519176
"ENSG00000042980","ADAM28","10863",-0.0410946295272497,-0.78089374814433,0.508633420350894
"ENSG00000235912","RP1-159A19.3",NA,-0.0663766162838885,-0.779916838764134,0.50918600832808
"ENSG00000102385","DRP2","1821",0.0317987517787416,0.778291456623566,0.510185098874928
"ENSG00000102359","SRPX2","27286",0.0285670676735911,0.777361684371704,0.510664800794338
"ENSG00000117983","MUC5B","727897",0.059161609286071,0.777248211236117,0.510664800794338
"ENSG00000114374","USP9Y","8287",-0.0217558424066297,-0.776480884317343,0.511073930701351
"ENSG00000257767","RP11-162P23.2",NA,-0.0662043420482836,-0.775245882537886,0.511805501002379
"ENSG00000140832","MARVELD3","91862",0.0168197386746098,0.772401426260337,0.513648459678557
"ENSG00000140937","CDH11","1009",0.0358677611572062,0.771462950347349,0.514176851667902
"ENSG00000177519","RPRM","56475",-0.051350378632972,-0.770481670431049,0.514735059804145
"ENSG00000106927","AMBP","259",0.0441160105282375,0.767398453635692,0.516748680717225
"ENSG00000159409","CELF3","11189",0.0513301786300299,0.766298021333638,0.517390753529203
"ENSG00000198353","HOXC4","3221",-0.0304357029340864,-0.766053321858786,0.517439742535861
"ENSG00000131910","NR0B2","8431",-0.0431367636413936,-0.765471132154944,0.517722723846624
"ENSG00000117152","RGS4","5999",0.0342428288187266,0.764932874783028,0.517975284846139
"ENSG00000152784","PRDM8","56978",0.0353099732655172,0.763670145435883,0.518730545109079
"ENSG00000130475","FCHO1","23149",0.04739647740717,0.761991917085578,0.519743646439817
"ENSG00000115648","MLPH","79083",-0.0426454287326227,-0.761862681102327,0.519743646439817
"ENSG00000042832","TG","7038",-0.0249332883420149,-0.759729570921664,0.521105280931763
"ENSG00000211638","IGLV8-61","28774",0.0552046743067915,0.758943525513847,0.52153081131587
"ENSG00000113088","GZMK","3003",0.0436502326981894,0.756706410849163,0.522967164218039
"ENSG00000070808","CAMK2A","815",0.0323775090998068,0.755475267651534,0.523703670785091
"ENSG00000134755","DSC2","1824",-0.0389083362100933,-0.754365445908638,0.524349888421976
"ENSG00000186487","MYT1L","23040",-0.0451449324951669,-0.754196173914932,0.524349888421976
"ENSG00000109182","CWH43","80157",-0.0541281326062219,-0.75387886664313,0.524349888421976
"ENSG00000218336","TENM3","55714",-0.0387873260778598,-0.753849891501528,0.524349888421976
"ENSG00000253683","CTB-79E8.3",NA,0.0606970067535808,0.752128347611864,0.525429470367219
"ENSG00000156219","ART3","419",-0.0673141695200036,-0.751537006641127,0.525557121642245
"ENSG00000125144","MT1G","4495",-0.0470009554311131,-0.751484890409054,0.525557121642245
"ENSG00000231245","C1DP1",NA,0.0338036476680185,0.751421050153125,0.525557121642245
"ENSG00000196660","SLC30A10","55532",-0.0427550994151123,-0.75123719037457,0.525563451668794
"ENSG00000135925","WNT10A","80326",0.0341611638705634,0.749277060016057,0.526810621493352
"ENSG00000163736","PPBP","5473",-0.0539975672769032,-0.747423464264204,0.527875052166745
"ENSG00000154545","MAGED4","728239",-0.0548233659274955,-0.747405044023625,0.527875052166745
"ENSG00000203785","SPRR2E","6704",0.0389804508967018,0.746371356315952,0.528406678956044
"ENSG00000100628","ASB2","51676",0.0350334123225005,0.746284946609346,0.528406678956044
"ENSG00000223813","AC007255.8",NA,-0.0528878328933115,-0.746120172821041,0.528406678956044
"ENSG00000129824","RPS4Y1","6192",-0.0338746178536285,-0.745933934412813,0.528414512575019
"ENSG00000232460","BMPR1APS2",NA,-0.0499089733479513,-0.742972808680891,0.530366048450531
"ENSG00000140067","FAM181A","90050",-0.0390821318960211,-0.742461187149924,0.530601888640912
"ENSG00000277578","Metazoa_SRP",NA,-0.0670304552129636,-0.739878280415004,0.532291647229478
"ENSG00000168484","SFTPC","6440",0.0375825194330778,0.735831273171654,0.534899636795557
"ENSG00000156413","FUT6","2528",-0.0519123530004785,-0.735804788604299,0.534899636795557
"ENSG00000142173","COL6A2","1292",-0.0299528817903025,-0.735643133887574,0.534899636795557
"ENSG00000131002","TXLNGY",NA,-0.0222613503257648,-0.735376385774667,0.534963658695043
"ENSG00000005961","ITGA2B","3674",0.0498932730166349,0.734339003952954,0.535570465248849
"ENSG00000105371","ICAM4","3386",0.0501506577742089,0.734017319805517,0.53567318569657
"ENSG00000262454","RP11-65J21.3","100129781",0.026485035581665,0.73358195620193,0.535813329167101
"ENSG00000128713","HOXD11","3237",0.0384530815541351,0.73346666173918,0.535813329167101
"ENSG00000172548","NIPAL4","348938",-0.0427260055942034,-0.730427031952055,0.537743649099041
"ENSG00000146147","MLIP","90523",-0.0533640011991252,-0.730377153239701,0.537743649099041
"ENSG00000169174","PCSK9","255738",-0.037511398530296,-0.728708257699779,0.53879768251434
"ENSG00000100024","UPB1","51733",-0.0395186043279706,-0.727601997885242,0.539454876740012
"ENSG00000102970","CCL17","6361",0.0362816495788787,0.726171326177401,0.540341869721502
"ENSG00000281379","SEPT14P19",NA,-0.0503543478502385,-0.72594825308349,0.54037489391632
"ENSG00000259384","GH1","2688",-0.0460278413490122,-0.724048464920068,0.541594650637804
"ENSG00000230943","RP11-367G18.1","101927686",0.0499556282905728,0.723742091749816,0.54168660403371
"ENSG00000163630","SYNPR","132204",-0.0336086218491055,-0.723504674537718,0.541729730847419
"ENSG00000153707","PTPRD","5789",0.036314815164671,0.720042113205723,0.544059276283663
"ENSG00000204060","FOXO6","100132074",0.0324465976629345,0.719743736236374,0.544145550630381
"ENSG00000172020","GAP43","2596",-0.0263460557567736,-0.719032223141979,0.544525091602212
"ENSG00000144355","DLX1","1745",0.0563417643214716,0.718781758421567,0.544577358700934
"ENSG00000232110","RP11-149I23.3","124902477",-0.0575351471508855,-0.718533576030169,0.544628013562836
"ENSG00000166922","SCG5","6447",-0.0250413006829478,-0.716744940235625,0.545772752058282
"ENSG00000166743","ACSM1","116285",-0.0430637982451818,-0.714861381762392,0.546986120558506
"ENSG00000156475","PPP2R2B","5521",-0.0300379655515256,-0.713412433568922,0.547891248670554
"ENSG00000101977","MCF2","4168",-0.0474544847518781,-0.713012571141639,0.548049766984106
"ENSG00000160282","FTCD","10841",-0.0508125399300115,-0.712832965100034,0.548051468112725
"ENSG00000171502","COL24A1","255631",-0.0310742910882876,-0.71138320550242,0.548957796662684
"ENSG00000075213","SEMA3A","10371",0.0347440576803488,0.710963814438743,0.549130287382346
"ENSG00000226674","TEX41","401014",-0.0256536686084567,-0.709874391059001,0.549780384124802
"ENSG00000166863","TAC3","6866",-0.050776133284344,-0.70907389193478,0.550224698891684
"ENSG00000164120","HPGD","3248",0.0514605487471364,0.70641720594978,0.551924872197727
"ENSG00000197584","KCNMB2","10242",-0.0525251441179496,-0.706336741236194,0.551924872197727
"ENSG00000262074","SNORD3B-2",NA,0.0637900338401231,0.705622192414714,0.552308408586022
"ENSG00000050438","SLC4A8","9498",-0.0517135317935672,-0.705170892016461,0.55250391204618
"ENSG00000262533","RP11-667K14.4",NA,-0.0233221329670952,-0.703807090165906,0.553351697884618
"ENSG00000260570","RP11-24N18.1",NA,-0.0437272416791218,-0.70282525311917,0.553926746096385
"ENSG00000240990","HOXA11-AS","221883",0.029488242457749,0.702483760393472,0.554043821228913
"ENSG00000100362","PVALB","5816",-0.0620736984832102,-0.700885597886355,0.555060306215855
"ENSG00000243449","C4orf48","401115",-0.0407619990713829,-0.699866085745423,0.555662996270133
"ENSG00000164076","CAMKV","79012",-0.0477820990747827,-0.699044261361177,0.556124255102022
"ENSG00000255513","AC005363.9",NA,-0.0605629806792052,-0.698568165857587,0.556337830443337
"ENSG00000172179","PRL","5617",-0.0403516209039467,-0.697831952116988,0.556737881636507
"ENSG00000154639","CXADR","1525",-0.0323855390915316,-0.693153058869698,0.559969192395756
"ENSG00000196557","CACNA1H","8912",-0.050809821908875,-0.692003275480332,0.560607855730123
"ENSG00000064655","EYA2","2139",0.0334919253961286,0.691907866085134,0.560607855730123
"ENSG00000176406","RIMS2","9699",-0.0481760484411041,-0.690426168998623,0.561545566765341
"ENSG00000007933","FMO3","2328",0.0330904065971663,0.689607798852614,0.562006120689568
"ENSG00000172116","CD8B","926",0.0439446264907891,0.689159955227982,0.562199897963824
"ENSG00000259345","RP11-624L4.1","105370777",0.0407147309595165,0.687998200685732,0.562908033628844
"ENSG00000263934","SNORD3A",NA,0.055386732461627,0.68627870866647,0.564018749678222
"ENSG00000115590","IL1R2","7850",0.0413663336964011,0.684992348010533,0.564817740586955
"ENSG00000185499","MUC1","4582",-0.0389353875968856,-0.683579623182095,0.565708457475392
"ENSG00000224163","RP11-309L24.6","392787",0.0508780078126966,0.678608856188394,0.569174861159385
"ENSG00000053328","METTL24","728464",0.0387126166715118,0.676062448068805,0.570891023010914
"ENSG00000164920","OSR2","116039",-0.0289834076392202,-0.67579573527176,0.570954001947584
"ENSG00000132465","JCHAIN","3512",0.0412384486638808,0.675213325402078,0.571246092219703
"ENSG00000231106","LINC01436","100996609",-0.0380752624888761,-0.674617773124939,0.571547755501651
"ENSG00000188763","FZD9","8326",-0.0601673773070413,-0.673984296304508,0.571876989822605
"ENSG00000140839","CLEC18B","497190",-0.0471494966015024,-0.673401628903171,0.572169372778295
"ENSG00000069431","ABCC9","10060",-0.0272182598119272,-0.670467991182517,0.574170644892054
"ENSG00000127129","EDN2","1907",0.0287117968527023,0.66747825264272,0.576216084298174
"ENSG00000272921","RP11-500M8.7",NA,-0.0448544592815591,-0.664761023743538,0.578066018727288
"ENSG00000279225","RP11-2K6.1",NA,0.0628198162069954,0.663535829678189,0.578828490068984
"ENSG00000124491","F13A1","2162",0.0419257568595225,0.66307966248719,0.579029520233541
"ENSG00000151640","DPYSL4","10570",-0.038158995227518,-0.662788214418979,0.579110250454777
"ENSG00000130303","BST2","684",-0.046576142866665,-0.66142363237081,0.579974998773762
"ENSG00000211664","IGLV2-18","28814",0.0449214426615208,0.659905219153017,0.580952761163839
"ENSG00000131941","RHPN2","85415",-0.0263982107329969,-0.6589441695279,0.581473522948804
"ENSG00000164418","GRIK2","2898",-0.0322019986214109,-0.658831001772061,0.581473522948804
"ENSG00000113805","CNTN3","5067",-0.0340975246685904,-0.658627274259374,0.581490030550348
"ENSG00000254835","RNF185-AS1",NA,0.0364802677219138,0.656442398900757,0.58295662245413
"ENSG00000248810","RP11-362F19.1","100507639",0.0582509552961036,0.655162698767512,0.583635328846598
"ENSG00000180535","BHLHA15","168620",-0.0368109303224486,-0.6551531514234,0.583635328846598
"ENSG00000204539","CDSN","1041",-0.0560408982728677,-0.652332951552996,0.585570235659079
"ENSG00000167281","RBFOX3","146713",-0.0392954475455787,-0.651537760084189,0.586020536284627
"ENSG00000243836","WDR86-AS1","100131176",-0.0362883294564805,-0.649112880158822,0.587668267301269
"ENSG00000233834","AC005083.1","100506098",-0.0172872962478117,-0.648383633742823,0.588070620830429
"ENSG00000124882","EREG","2069",0.0491926756127821,0.647299671647458,0.588733950892056
"ENSG00000254680","RP11-265D17.2",NA,-0.0521422780792533,-0.646350842423434,0.589298089750953
"ENSG00000155974","GRIP1","23426",-0.0311481726479013,-0.645846222147366,0.58953542590646
"ENSG00000265185","SNORD3B-1",NA,0.0574355470596453,0.644860258823208,0.590127122767104
"ENSG00000227403","AC009299.3","100996579",0.0430487816893005,0.643650851848086,0.590883608280272
"ENSG00000249790","RP11-20D14.6",NA,0.0427890930511304,0.641997193838054,0.591967944271381
"ENSG00000211895","IGHA1","3493",0.0365241498378562,0.640679783183054,0.592790085916796
"ENSG00000262831","RP11-498C9.2",NA,0.0499688944130647,0.640517457907545,0.592790085916796
"ENSG00000274736","CCL23","6368",0.0376081135043565,0.639729684906916,0.593236612190056
"ENSG00000124466","LYPD3","27076",-0.0233939593331984,-0.637968384120183,0.594300285899064
"ENSG00000168405","CMAHP",NA,0.03953788086732,0.637923416428855,0.594300285899064
"ENSG00000136928","GABBR2","9568",0.0522881763010631,0.635860620953859,0.595689234177113
"ENSG00000261496","RP13-514E23.1",NA,0.0421301128771967,0.634909425473212,0.596257265876591
"ENSG00000226686","LINC01535","101927667",-0.0385228236241975,-0.634025395154114,0.596775780465427
"ENSG00000249684","RP11-423H2.3",NA,0.0373332231458118,0.633084934640636,0.597262978978509
"ENSG00000095752","IL11","3589",-0.0224121143658748,-0.633000842872581,0.597262978978509
"ENSG00000183023","SLC8A1","6546",-0.0347888218950266,-0.631827767901368,0.597995648640252
"ENSG00000143341","HMCN1","83872",-0.0284915541078539,-0.630413369467224,0.598779679099323
"ENSG00000237380","HOXD-AS2",NA,-0.0238720377963221,-0.630402582939804,0.598779679099323
"ENSG00000260107","AC005606.15",NA,-0.0558667231503774,-0.629203528690229,0.599532181696551
"ENSG00000073150","PANX2","56666",-0.0405230043881236,-0.628545527874709,0.599883966837904
"ENSG00000167748","KLK1","3816",-0.0325220672078892,-0.628116919868195,0.600065770037228
"ENSG00000143195","ILDR2","387597",-0.0323642036920759,-0.627491773575732,0.600393254124972
"ENSG00000244306","LINC01296",NA,0.026905345919843,0.626013903610771,0.60121863993941
"ENSG00000006016","CRLF1","9244",-0.0364980757749572,-0.625874626119008,0.60121863993941
"ENSG00000138100","TRIM54","57159",0.0488013893131542,0.625782294755545,0.60121863993941
"ENSG00000230882","AC005077.14",NA,0.0408240082714224,0.62564502342757,0.60121863993941
"ENSG00000214402","LCNL1","401562",-0.0382820139480188,-0.62226241511076,0.60359283294646
"ENSG00000197629","MPEG1","219972",0.0306153381125322,0.621556151852879,0.603981041729331
"ENSG00000080293","SCTR","6344",-0.042983334765705,-0.620891986260507,0.604338020320979
"ENSG00000243069","ARHGEF26-AS1","100507524",-0.0251372699964966,-0.620429531404247,0.604545121735922
"ENSG00000133110","POSTN","10631",0.0220413710987259,0.618263101106784,0.606019358283958
"ENSG00000072182","ASIC4","55515",-0.033032048142464,-0.617868426742647,0.606176114289062
"ENSG00000282031","TMBIM4",NA,-0.0558407585823208,-0.614863185487411,0.608276831739558
"ENSG00000103534","TMC5","79838",0.0407720609428924,0.612657578978915,0.609783994343591
"ENSG00000163898","LIPH","200879",-0.0254859800060822,-0.611339386702738,0.61063004412256
"ENSG00000091262","ABCC6","368",0.0418506888832785,0.610342516853214,0.61123651447275
"ENSG00000152213","ARL11","115761",-0.030743249365147,-0.610017506215109,0.611241666620875
"ENSG00000145526","CDH18","1016",-0.0457793359699133,-0.609966316609186,0.611241666620875
"ENSG00000250056","LINC01018","255167",-0.040096280769188,-0.609329454682825,0.611461181323747
"ENSG00000160013","PTGIR","5739",0.0226527891485665,0.609191701968283,0.611461181323747
"ENSG00000133742","CA1","759",0.0395928047367915,0.609085742334963,0.611461181323747
"ENSG00000181885","CLDN7","1366",0.0150877312547254,0.608624826139766,0.611461181323747
"ENSG00000234753","FOXP4-AS1","101060264",0.0252231939050385,0.608617714149585,0.611461181323747
"ENSG00000079156","OSBPL6","114880",0.0393337297569197,0.6085647380317,0.611461181323747
"ENSG00000154620","TMSB4Y","9087",-0.013946379034132,-0.605695078427656,0.613466439040157
"ENSG00000111291","GPRC5D","55507",0.0333810982293061,0.604701133284949,0.614071273451648
"ENSG00000109265","KIAA1211","57482",0.032701273119997,0.602782213638462,0.615246783612754
"ENSG00000116035","VAX2","25806",-0.0309969126874497,-0.602759594311672,0.615246783612754
"ENSG00000116983","HPCAL4","51440",0.0314087926180943,0.6011865661213,0.616285653237975
"ENSG00000141314","RHBDL3","162494",-0.0414378294761405,-0.600981443045577,0.616300602962949
"ENSG00000169271","HSPB3","8988",0.0321418483711858,0.600346599434957,0.616555888927584
"ENSG00000118160","SLC8A2","6543",-0.0431847831911298,-0.600270173425724,0.616555888927584
"ENSG00000104808","DHDH","27294",-0.0296504775646563,-0.599773444266183,0.616789168961651
"ENSG00000225746","SNHG23",NA,0.0419062812872146,0.599104561821089,0.617151368307773
"ENSG00000274248","AJ011932.1","101928796",-0.0461300729670642,-0.596547680365424,0.618928514219341
"ENSG00000255545","RP11-627G23.1","283177",-0.0437106772663595,-0.595916148910901,0.619263025293373
"ENSG00000118514","ALDH8A1","64577",0.031922223188739,0.595568938732182,0.619384320778008
"ENSG00000012817","KDM5D","8284",-0.0174027995748862,-0.59468303974266,0.619909660898126
"ENSG00000167912","RP11-25K19.1","100505501",-0.0405014953509246,-0.594000353975271,0.620282633440238
"ENSG00000123496","IL13RA2","3598",-0.0287557982848857,-0.593008251926622,0.620887867809649
"ENSG00000182050","MGAT4C","25834",0.0380162694960061,0.592381736136994,0.621218795810435
"ENSG00000265287","RP11-192H23.6",NA,-0.050768564724524,-0.592091408510139,0.621297363642316
"ENSG00000258484","SPESP1","246777",-0.0462987002129842,-0.591404330572761,0.621673775606697
"ENSG00000248871","TNFSF12-TNFSF13","407977",-0.0513085516765951,-0.589697454151442,0.622816255066154
"ENSG00000095585","BLNK","29760",-0.0223401100504962,-0.589171326343753,0.623071936651395
"ENSG00000277991","CH507-338C24.1","102723360",0.0511431393394887,0.587730941875056,0.624014884566292
"ENSG00000160808","MYL3","4634",-0.0327651838986344,-0.587258885980082,0.624229980555907
"ENSG00000176728","TTTY14","83869",-0.0125654986425581,-0.586843146384544,0.624402729748919
"ENSG00000117394","SLC2A1","6513",0.0249663269347932,0.585587862921379,0.625206958099758
"ENSG00000221866","PLXNA4","91584",-0.0313026452157801,-0.585127079175626,0.625413607963826
"ENSG00000235026","DPP10-AS1","389023",0.047760072191928,0.584815666970437,0.625507872884587
"ENSG00000134193","REG4","83998",0.0363232287502549,0.583016693332836,0.626721758703215
"ENSG00000163064","EN1","2019",-0.0284670785594893,-0.582668443788222,0.626843714665207
"ENSG00000262413","RP11-498C9.3",NA,-0.0568103791143332,-0.582165922344778,0.627081833654679
"ENSG00000075035","WSCD2","9671",-0.0319815914177535,-0.579658048289361,0.628831009222318
"ENSG00000134853","PDGFRA","5156",0.0258369997242949,0.578968364481831,0.629210367775937
"ENSG00000125998","FAM83C","128876",-0.0287855740305745,-0.578260648089489,0.629603364992122
"ENSG00000041982","TNC","3371",-0.0280461672683866,-0.577270617074883,0.630080472776825
"ENSG00000132970","WASF3","10810",-0.0268652438653654,-0.577254825587175,0.630080472776825
"ENSG00000234678","RP11-465N4.4",NA,0.0201840331808061,0.577057002955195,0.630088901521773
"ENSG00000070190","DAPP1","27071",0.0283006282091989,0.57499648591253,0.631502865250345
"ENSG00000169752","NRG4","145957",-0.0297920294992206,-0.573166554078965,0.6327438012685
"ENSG00000173890","GPR160","26996",0.0299097008023625,0.571651846577738,0.633747277576421
"ENSG00000180767","CHST13","166012",-0.0276787941647226,-0.571403012664465,0.633793926157838
"ENSG00000170373","CST1","1469",0.0309401128977817,0.569612781783755,0.635006326332057
"ENSG00000183878","UTY","7404",-0.0160867478475878,-0.565769230512243,0.637775302875691
"ENSG00000164308","ERAP2","64167",-0.0523112283206916,-0.565471202602752,0.637858943925342
"ENSG00000251003","ZFPM2-AS1",NA,-0.0376960709736243,-0.564515009137712,0.638441585645882
"ENSG00000275688","CCL15-CCL14",NA,-0.0391807188739218,-0.563263278847067,0.639248557016486
"ENSG00000169884","WNT10B","7480",0.0349661856186569,0.560989101916067,0.640832140670397
"ENSG00000211898","IGHD","3495",-0.0403744767207085,-0.560300182697402,0.64121252401825
"ENSG00000076864","RAP1GAP","5909",-0.0218348891135927,-0.559407222448513,0.641747964037314
"ENSG00000272661","RP4-548D19.3",NA,-0.047519697543332,-0.557994534258636,0.642678567067156
"ENSG00000127083","OMD","4958",-0.0307773465192859,-0.557566411810431,0.642860875247686
"ENSG00000162366","PDZK1IP1","10158",-0.028664254409353,-0.557023761490596,0.643130254651672
"ENSG00000163430","FSTL1","11167",-0.0237237643451856,-0.556345916461338,0.643502441762057
"ENSG00000266079","SNORA59B",NA,-0.0487357509875453,-0.556155964418742,0.643503640009315
"ENSG00000169550","MUC15","143662",-0.0394181690840252,-0.553988832685281,0.645008843600975
"ENSG00000084734","GCKR","2646",-0.032590994354491,-0.551554899057894,0.646718633111259
"ENSG00000229237","HMGN1P37",NA,-0.00720891484860588,-0.550949588939308,0.647035979391253
"ENSG00000088340","FER1L4","80307",0.0319510741330342,0.550370835182776,0.647333099526666
"ENSG00000247134","RP11-11N9.4",NA,0.0251093794037701,0.547126076436164,0.649663692932831
"ENSG00000204792","LINC01291","102724515",0.0535517928902444,0.546633926478615,0.649894914495354
"ENSG00000198286","CARD11","84433",0.0277645723430752,0.544584342677371,0.651315535387899
"ENSG00000185559","DLK1","8788",0.0437768305550525,0.544151151809573,0.651501761583265
"ENSG00000131459","GFPT2","9945",0.0212417556860772,0.543717240342121,0.651688533678687
"ENSG00000267580","CTD-2540B15.11",NA,0.0159569213974385,0.542235281601266,0.652676288831319
"ENSG00000225210","DUXAP9",NA,0.024118093360926,0.541641752731963,0.652985094276092
"ENSG00000261416","RP11-455F5.5",NA,-0.046588693920093,-0.53724076184902,0.656208230443535
"ENSG00000188176","SMTNL2","342527",-0.0384653583084963,-0.536631867540456,0.656496132957251
"ENSG00000109625","CPZ","8532",0.0217231913131748,0.536484784345077,0.656496132957251
"ENSG00000176788","BASP1","10409",-0.0232830240892127,-0.535307180429858,0.657252845902222
"ENSG00000173267","SNCG","6623",-0.0309333611781136,-0.534821388582195,0.657479403895213
"ENSG00000265206","RP5-1171I10.5","123466215",-0.030681853314724,-0.534442997464033,0.657623632219705
"ENSG00000187908","DMBT1","1755",-0.0336509474419046,-0.532008797270733,0.659344486211618
"ENSG00000158315","RHBDL2","54933",-0.0216009731938227,-0.531596861884599,0.659514412105117
"ENSG00000101680","LAMA1","284217",-0.0220516168985822,-0.531403222925471,0.659516835921712
"ENSG00000169169","CPT1C","126129",-0.0213732163923235,-0.530339793834263,0.660186689070352
"ENSG00000135119","RNFT2","84900",-0.0247011517302832,-0.528203199451167,0.661680883201269
"ENSG00000228252","COL6A4P2",NA,0.0392238344241265,0.52701799910261,0.662444924348568
"ENSG00000141574","SECTM1","6398",0.0306933171322961,0.526773637630776,0.662486034586353
"ENSG00000244457","ENO1P1","2025",-0.0370539263081951,-0.52410889363652,0.664388093606085
"ENSG00000243742","RPLP0P2",NA,-0.0172596855874765,-0.522277197848328,0.665650655899192
"ENSG00000135374","ELF5","2001",-0.036655566540027,-0.521792606841694,0.665876449009357
"ENSG00000152931","PART1","25859",-0.0367725484956027,-0.521104025361864,0.666259311321719
"ENSG00000121742","GJB6","10804",-0.0344460387777748,-0.51796174970853,0.668533130484512
"ENSG00000180875","GREM2","64388",-0.0297335738317221,-0.516882338364901,0.669217748489876
"ENSG00000225706","PTPRD-AS1","101929407",0.0278703213025913,0.516306000926578,0.669514377129842
"ENSG00000073792","IGF2BP2","10644",0.0348564328744935,0.515595246991232,0.669914715480648
"ENSG00000176884","GRIN1","2902",-0.0238185540391326,-0.514596382230668,0.670537425171588
"ENSG00000041353","RAB27B","5874",-0.0216204207026286,-0.514091351034867,0.670779052717128
"ENSG00000120055","C10orf95","79946",-0.0192488007060281,-0.513087996246109,0.671405359684919
"ENSG00000101276","SLC52A3","113278",-0.0201296536518103,-0.512672920839161,0.671577539028084
"ENSG00000181392","SYNE4","163183",-0.0178647091794858,-0.51171224198591,0.672170999759262
"ENSG00000267436","AC005786.7",NA,-0.0444676479609178,-0.510996412255816,0.672575436768617
"ENSG00000011465","DCN","1634",0.0213636628779138,0.508411304110746,0.674424576301118
"ENSG00000196917","HCAR1","27198",-0.0264729135578362,-0.507986672452188,0.674604092681635
"ENSG00000067048","DDX3Y","8653",-0.0163348179822331,-0.506776147465042,0.675391386073684
"ENSG00000175294","CATSPER1","117144",0.0220567618759489,0.505970695578528,0.675865482770881
"ENSG00000124208","TMEM189-UBE2V1","387522",-0.0434435521570815,-0.502121794778536,0.678696493920973
"ENSG00000218416","PP14571","100130449",0.0432964742227878,0.49946740308082,0.680604975264341
"ENSG00000136352","NKX2-1","7080",0.0201314901275865,0.498661674102712,0.681080118578187
"ENSG00000235688","AC116614.1","101060391",-0.0368433062259913,-0.498253579328778,0.681246713138233
"ENSG00000095739","BAMBI","25805",0.0378144312344421,0.497086145300115,0.68200263995933
"ENSG00000156049","GNA14","9630",-0.031439062801801,-0.496415540228535,0.682372995234327
"ENSG00000267748","CTB-102L5.4",NA,-0.0265263346686737,-0.495062744812611,0.683257530914589
"ENSG00000019549","SNAI2","6591",-0.0166628567671908,-0.49484719743587,0.683257530914589
"ENSG00000165891","E2F7","144455",0.0211962895780885,0.494695512344692,0.683257530914589
"ENSG00000146267","FAXC","84553",0.0136062035499034,0.492827819964322,0.684557827842231
"ENSG00000079931","MOXD1","26002",0.0238005542099269,0.492166603282212,0.684889193173985
"ENSG00000183971","NPW","283869",0.0395509856306538,0.492013694092083,0.684889193173985
"ENSG00000164188","RANBP3L","202151",0.0302148323209412,0.491426380644272,0.685194924090172
"ENSG00000183844","FAM3B","54097",0.030928578769707,0.490781058662337,0.685545733284051
"ENSG00000062038","CDH3","1001",-0.0217514238697007,-0.488748418309675,0.686975177499615
"ENSG00000163235","TGFA","7039",-0.0250162053982495,-0.484993613336068,0.689746587806043
"ENSG00000143217","PVRL4","81607",0.0110184895966463,0.483405348862455,0.690832540766958
"ENSG00000225756","DBH-AS1","138948",-0.0297047300452773,-0.482351115193771,0.69150254912318
"ENSG00000166426","CRABP1","1381",0.0368620578791511,0.47855087286484,0.694315680764919
"ENSG00000180921","FAM83H","286077",-0.0124144295551849,-0.477464362328552,0.695011762986569
"ENSG00000204618","RNF39","80352",0.0264611331511448,0.476594541675095,0.695538670182629
"ENSG00000247627","MTND4P12","100293090",0.0434140835206582,0.474452298763877,0.697060275404598
"ENSG00000224940","PRRT4","401399",0.0329236078487515,0.47339150976736,0.697736836277
"ENSG00000104918","RETN","56729",0.0338771284905291,0.472820828312115,0.698030113616941
"ENSG00000128340","RAC2","5880",0.0209651652930366,0.472396972671462,0.698208534748868
"ENSG00000154553","PDLIM3","27295",-0.0173897604033957,-0.469614857719459,0.700232517054741
"ENSG00000141448","GATA6","2627",0.0167722840589692,0.46802913801616,0.701320887507655
"ENSG00000080709","KCNN2","3781",0.0146474593071343,0.46709188875389,0.701901473922829
"ENSG00000160180","TFF3","7033",-0.037795635504606,-0.465872506027624,0.702703275227479
"ENSG00000197165","SULT1A2","6799",-0.0304565781097251,-0.465264390035782,0.703026002674786
"ENSG00000185168","LINC00482",NA,0.0348120323720711,0.464895832846787,0.703160921935152
"ENSG00000221887","HMSD","284293",-0.0384563820993599,-0.464408140731067,0.703389220257262
"ENSG00000267143","RP11-677O4.6",NA,0.035866537397564,0.463341703879794,0.704071254119634
"ENSG00000104369","JPH1","56704",-0.024437712382686,-0.462989103799104,0.704193602236771
"ENSG00000164176","EDIL3","10085",-0.0239896266240414,-0.462000970037681,0.704814299547081
"ENSG00000275410","HNF1B","6928",-0.0187948381789872,-0.451133704246736,0.713202405526663
"ENSG00000235508","RPS2P7","86781",0.0184257774549729,0.450424375548642,0.713533454868492
"ENSG00000256977","LIMS3","96626",-0.0460961343018637,-0.450317551743861,0.713533454868492
"ENSG00000203722","RAET1G","353091",0.0255543387229642,0.449809825450889,0.713777477869332
"ENSG00000129514","FOXA1","3169",0.0207461638160858,0.448930015002469,0.714314699322958
"ENSG00000228203","RNF144A-AS1","386597",0.0242543193317842,0.445895820202707,0.716475462182141
"ENSG00000270505","IGHV1OR15-1",NA,0.0280405245136302,0.445594782860847,0.716475462182141
"ENSG00000281179","RP11-294C11.4",NA,0.0280385764523531,0.445594615195728,0.716475462182141
"ENSG00000264272","CTD-2514K5.4",NA,-0.0373653829833145,-0.444280618313592,0.717355493557902
"ENSG00000134548","SPX","80763",-0.032596826258385,-0.441325115653853,0.719531914477889
"ENSG00000148848","ADAM12","8038",0.0203503099808188,0.440386707411619,0.720116093713069
"ENSG00000112964","GHR","2690",-0.0228746903935607,-0.44012479477916,0.720165825952878
"ENSG00000087510","TFAP2C","7022",-0.0118566878400601,-0.439379251926596,0.720597620650347
"ENSG00000215861","WI2-1896O14.1",NA,-0.0201109997617951,-0.437912411319275,0.721599447170192
"ENSG00000107249","GLIS3","169792",-0.0245495084350532,-0.436846743939688,0.722284386095926
"ENSG00000227036","LINC00511","400619",0.020884589246221,0.43567361930636,0.722822959870787
"ENSG00000166250","CLMP","79827",-0.0164943708990084,-0.435632544555559,0.722822959870787
"ENSG00000080573","COL5A3","50509",-0.0195155196204335,-0.43556766721381,0.722822959870787
"ENSG00000237517","DGCR5",NA,-0.0244114351080514,-0.432805611652496,0.724849760041469
"ENSG00000150656","CNDP1","84735",-0.0261416124233365,-0.43210247119396,0.725248201150669
"ENSG00000089472","HEPH","9843",0.0167185911627682,0.431575917497322,0.725506885506381
"ENSG00000065675","PRKCQ","5588",0.029582302224586,0.431320081675892,0.725551322014451
"ENSG00000230043","TMSB4XP6",NA,-0.0371955580752196,-0.430675564856991,0.725903315242741
"ENSG00000156414","TDRD9","122402",0.0279648685656439,0.429595584738482,0.726599950133246
"ENSG00000185985","SLITRK2","84631",-0.0212272400188176,-0.428617514122074,0.727215995434977
"ENSG00000082497","SERTAD4","56256",0.016469247571362,0.426152277165965,0.729010095483444
"ENSG00000224594","RPL29P19",NA,0.0210702138924897,0.425755906848768,0.729165538063847
"ENSG00000056998","GYG2","8908",-0.0194735955448092,-0.425354227018201,0.72932517271509
"ENSG00000167191","GPRC5B","51704",-0.0171860473836423,-0.425097235435742,0.729370166832977
"ENSG00000175785","PRIMA1","145270",-0.020099278030618,-0.424060160225093,0.730033181372523
"ENSG00000224557","HLA-DPB2","3116",0.0210738750588653,0.42325019523511,0.730337679096555
"ENSG00000105255","FSD1","79187",-0.0284461671585369,-0.423220914175276,0.730337679096555
"ENSG00000168298","HIST1H1E","3008",0.0272922218137779,0.423074970034919,0.730337679096555
"ENSG00000140285","FGF7","2252",-0.01804942343261,-0.421671633204333,0.731290847472684
"ENSG00000171219","CDC42BPG","55561",0.0109144181770425,0.421371877008655,0.731302316708627
"ENSG00000151012","SLC7A11","23657",0.0220736443804921,0.421256332004577,0.731302316708627
"ENSG00000106031","HOXA13","3209",-0.021035204901982,-0.421010033190909,0.731338685835145
"ENSG00000244528","SEPT14P2",NA,-0.0331127159582901,-0.418101535937818,0.733484978557475
"ENSG00000106366","SERPINE1","5054",-0.0184100763275635,-0.416948392976602,0.734240289757889
"ENSG00000141579","ZNF750","79755",-0.0149842229248333,-0.41643537228728,0.734487901988814
"ENSG00000103034","NDRG4","65009",0.0170769468311815,0.415966198150763,0.734700715252925
"ENSG00000090932","DLL3","10683",0.0270131960206997,0.415034986699027,0.735280015400453
"ENSG00000015413","DPEP1","1800",-0.0168902808385214,-0.413626107050527,0.736096699502045
"ENSG00000182230","FAM153B",NA,-0.0306154378774461,-0.413603582502744,0.736096699502045
"ENSG00000165553","NGB","58157",-0.0270989097250768,-0.412872593260681,0.7365171590522
"ENSG00000245164","LINC00861","100130231",0.0311269927372283,0.410925336177243,0.737903057892995
"ENSG00000106258","CYP3A5","1577",0.0161087732563057,0.410698343931904,0.737923430708674
"ENSG00000168843","FSTL5","56884",0.0240169953448444,0.410414221232691,0.737989161099148
"ENSG00000166869","CHP2","63928",-0.0251861705378651,-0.409648563302484,0.738437131311945
"ENSG00000233101","HOXB-AS3","404266",-0.0298652495998071,-0.408203374016706,0.739424690097523
"ENSG00000213199","ASIC3","9311",-0.0254876279264033,-0.407407312517456,0.739896853990184
"ENSG00000103460","TOX3","27324",-0.0219455487561184,-0.406338746731291,0.740585493679564
"ENSG00000068615","REEP1","65055",-0.0241974771959541,-0.4060356312081,0.740666066080073
"ENSG00000152669","CCNO","10309",-0.0296113009228998,-0.405120252783697,0.741233006107085
"ENSG00000047597","XK","7504",-0.0323744572419379,-0.403885229848236,0.742053979075616
"ENSG00000136383","ALPK3","57538",0.0158034141022812,0.401556341118819,0.743744829923982
"ENSG00000135447","PPP1R1A","5502",0.02374336274619,0.400852470802349,0.744143824882613
"ENSG00000171227","TMEM37","140738",-0.0142876965143162,-0.399971826976276,0.744683414302617
"ENSG00000239961","LILRA4","23547",0.018718285300543,0.398015497969805,0.746078967285461
"ENSG00000136689","IL1RN","3557",-0.0159230045300565,-0.397808597566076,0.746082469508433
"ENSG00000054356","PTPRN","5798",-0.0192055032317077,-0.395406945864978,0.747833072082431
"ENSG00000149557","FEZ1","9638",-0.0145235325789202,-0.393447309217145,0.749232498978503
"ENSG00000173227","SYT12","91683",-0.0186166306068245,-0.392516184932135,0.749812697629614
"ENSG00000167646","DNAAF3","352909",-0.0259095784053399,-0.390300637813327,0.751416936922242
"ENSG00000095203","EPB41L4B","54566",0.0126534311570293,0.388913194843279,0.752361311112367
"ENSG00000196368","NUDT11","55190",-0.0180360462810183,-0.384695689755275,0.75556544095727
"ENSG00000198729","PPP1R14C","81706",-0.0262755603054812,-0.384124822551463,0.755846221696328
"ENSG00000261684","RP11-265N6.1",NA,0.0335542760103237,0.383936138321178,0.755846221696328
"ENSG00000198846","TOX","9760",0.0254546618626726,0.383522108346388,0.756013946231485
"ENSG00000113645","WWC1","23286",-0.00835262401051097,-0.382927061428487,0.756326225244145
"ENSG00000198542","ITGBL1","9358",0.015269027105109,0.381804734936321,0.757059666896361
"ENSG00000219438","FAM19A5","25817",-0.0190555233473377,-0.381117859623645,0.757445260134273
"ENSG00000184451","CCR10","2826",-0.0230907956656377,-0.379850990087938,0.758294269193385
"ENSG00000174502","SLC26A9","115019",-0.0271979618694613,-0.377899963368349,0.759690345011361
"ENSG00000138316","ADAMTS14","140766",-0.0196185360528977,-0.377067174787328,0.760192609720145
"ENSG00000268525","CTB-59C6.3",NA,0.0196449389549203,0.375044085086264,0.76164697059256
"ENSG00000053918","KCNQ1","3784",0.0151666969616888,0.373595808590968,0.762641847716972
"ENSG00000225489","RP11-390F4.3",NA,-0.0199756663068643,-0.373113203325878,0.762863961031788
"ENSG00000217801","RP11-465B22.3",NA,-0.0154825711581625,-0.366670755592164,0.767751487876708
"ENSG00000256007","ARAP1-AS1",NA,0.0285464135037228,0.366601150469015,0.767751487876708
"ENSG00000124102","PI3","5266",0.0267436730861459,0.36639395469381,0.767752533126593
"ENSG00000278058","RP11-70D24.2","101928230",-0.0194112370026097,-0.36478132887275,0.768765415361482
"ENSG00000159618","ADGRG5","221188",-0.02254905982482,-0.364718852820401,0.768765415361482
"ENSG00000278023","RDM1","201299",0.0136820603986341,0.361740874324894,0.770989112200893
"ENSG00000237523","LINC00857","439990",0.0176266568022998,0.361239464838615,0.771225875395874
"ENSG00000267059","AC005943.2",NA,-0.0283464555328525,-0.36074226908809,0.771459228057651
"ENSG00000163689","C3orf67","200844",0.0148821168468593,0.360258733909948,0.771681589107216
"ENSG00000003137","CYP26B1","56603",-0.0158518440470445,-0.359310357236777,0.772276986980367
"ENSG00000187730","GABRD","2563",0.0124078920150024,0.359066836559083,0.772306650401475
"ENSG00000203799","CCDC162P","221262",0.0240882134642363,0.358290313634107,0.772675880419779
"ENSG00000144278","GALNT13","114805",0.0193507256240515,0.358023955289479,0.772675880419779
"ENSG00000272558","U91328.21",NA,0.0321937516149444,0.357986999702029,0.772675880419779
"ENSG00000230006","ANKRD36BP2",NA,0.0230767444418318,0.357582034680031,0.772835043335215
"ENSG00000260465","RP11-63M22.2",NA,0.0433130018753261,0.35679063046316,0.773304212341491
"ENSG00000187957","DNER","92737",-0.0243714977654443,-0.355446429933729,0.774203694128176
"ENSG00000104415","WISP1","8840",0.0153547055467534,0.35510727695593,0.774203694128176
"ENSG00000281457","AC010168.1",NA,0.0254839654883354,0.355049390705655,0.774203694128176
"ENSG00000203930","LINC00632","286411",-0.0213782052832118,-0.353816491531005,0.775027004999907
"ENSG00000188373","C10orf99","387695",-0.015404066579783,-0.353536931370376,0.775085316084708
"ENSG00000141527","CARD14","79092",0.0159515425883186,0.352180656573054,0.775970464379552
"ENSG00000267458","CTC-425F1.4",NA,-0.0396346714529265,-0.352019946042509,0.775970464379552
"ENSG00000270149","RP11-544M22.13",NA,0.0170612209842287,0.350943975819594,0.776584335316281
"ENSG00000145920","CPLX2","10814",0.0249883778313274,0.350840861724884,0.776584335316281
"ENSG00000280320","RP11-629N8.5",NA,0.012121677886626,0.348484286757355,0.777998076687595
"ENSG00000167723","TRPV3","162514",0.0259800604996465,0.348474650310529,0.777998076687595
"ENSG00000119946","CNNM1","26507",-0.0246196975781093,-0.348457699837931,0.777998076687595
"ENSG00000204632","HLA-G","3135",0.0231736398544281,0.348110308583638,0.778110511723401
"ENSG00000182782","HCAR2","338442",0.01367557924331,0.343720968817642,0.781468755189724
"ENSG00000163734","CXCL3","2921",0.0251278808408709,0.343302881250812,0.781637664383369
"ENSG00000173376","NDNF","79625",-0.0182068356323583,-0.342946024245747,0.78175735249489
"ENSG00000148798","INA","9118",0.0223723168450194,0.342702134684941,0.781786269185108
"ENSG00000242265","PEG10","23089",-0.0305832991655753,-0.342201433616657,0.782021484540975
"ENSG00000240409","MTATP8P1","106480795",0.0270342847307822,0.338398096352005,0.78491114876585
"ENSG00000230955","RP11-109P14.10",NA,0.027596167319233,0.337558028312892,0.78534043647156
"ENSG00000157168","NRG1","3084",0.0210944337464498,0.337447377567624,0.78534043647156
"ENSG00000273541","DLEU1_2",NA,-0.02413062605662,-0.336751573378929,0.785732294577229
"ENSG00000133048","CHI3L1","1116",-0.021687092158724,-0.336489930134742,0.785775013248031
"ENSG00000110723","EXPH5","23086",-0.0113072612982973,-0.335703464102858,0.786239689294365
"ENSG00000111058","ACSS3","79611",-0.0177650476729984,-0.335285065587214,0.786408385431142
"ENSG00000122824","NUDT10","170685",-0.0176588037507332,-0.332863220523202,0.78818801219623
"ENSG00000124939","SCGB2A1","4246",0.0195481940561414,0.332654653996827,0.78818801219623
"ENSG00000140323","DISP2","85455",-0.0213166670049178,-0.332115142091899,0.788287804010747
"ENSG00000144285","SCN1A","6323",-0.0235597086464641,-0.332112820587843,0.788287804010747
"ENSG00000258424","RP11-471B22.2",NA,-0.0302837742905103,-0.330574093512557,0.789357331680026
"ENSG00000262967","RP11-294J22.6",NA,0.0294168767578422,0.330278474562154,0.789377838625738
"ENSG00000135127","CCDC64","92558",0.0131548048042752,0.330130523161658,0.789377838625738
"ENSG00000254352","RP11-578O24.2",NA,-0.0283525262128795,-0.329906756188821,0.789389698683264
"ENSG00000011201","ANOS1","3730",-0.015020528498607,-0.329283114103133,0.789723075373841
"ENSG00000154760","SLFN13","146857",0.0255037539156117,0.327094244673538,0.791315287649682
"ENSG00000153132","CLGN","1047",-0.0232947800474292,-0.325425607336352,0.792254719533824
"ENSG00000256546","AC156455.1","100506691",0.0212394417632818,0.325383884843824,0.792254719533824
"ENSG00000157103","SLC6A1","6529",-0.010008530792475,-0.325298294618228,0.792254719533824
"ENSG00000242441","GTF2A1L","11036",-0.0256988259235234,-0.323225732551706,0.793627018313374
"ENSG00000221947","XKR9","389668",0.023923922163184,0.323173490575108,0.793627018313374
"ENSG00000211452","DIO1","1733",-0.0261041283007614,-0.322396044790783,0.793996956197463
"ENSG00000176532","PRR15","222171",-0.0190728438080908,-0.322219265281067,0.793996956197463
"ENSG00000179542","SLITRK4","139065",-0.015830516216695,-0.3220846249287,0.793996956197463
"ENSG00000115461","IGFBP5","3488",0.0172803124117544,0.321187223094797,0.794550149671704
"ENSG00000180178","FAR2P1",NA,-0.0238101483226668,-0.320461393911315,0.794965282204551
"ENSG00000276085","CCL3L3","6349",-0.0189316146730295,-0.320162217116439,0.795037148397804
"ENSG00000256713","PGA5","5222",-0.020324232051577,-0.316976972237677,0.797431382443618
"ENSG00000227627","RP1-101K10.6",NA,0.0274889934969956,0.315545240229121,0.798414787373608
"ENSG00000175315","CST6","1474",0.0157626031377125,0.315001308099851,0.79868332569581
"ENSG00000156127","BATF","10538",-0.0140896420813011,-0.313356104596939,0.79983870383092
"ENSG00000275882","IKBKGP1","246210",0.0277835426319529,0.310383230047168,0.802064208903763
"ENSG00000183801","OLFML1","283298",0.0128822908165223,0.30980078699068,0.802363550482406
"ENSG00000143382","ADAMTSL4","54507",0.0150242815299525,0.309561057308598,0.802386641676242
"ENSG00000196260","SFTA2","389376",-0.0206699545508069,-0.307586149085144,0.803808304686518
"ENSG00000154188","ANGPT1","284",-0.0152969391039653,-0.306378856148542,0.804611292498967
"ENSG00000196353","CPNE4","131034",0.025102845311158,0.304446639155294,0.80598647406557
"ENSG00000129009","ISLR","3671",0.0108067193422122,0.304250486328919,0.80598647406557
"ENSG00000148735","PLEKHS1","79949",0.0147836245630966,0.303298504128967,0.806432072667759
"ENSG00000233864","TTTY15",NA,-0.00822855742080966,-0.303073201976846,0.806432072667759
"ENSG00000150394","CDH8","1006",-0.0140327203750857,-0.302968945993332,0.806432072667759
"ENSG00000188322","SBK1","388228",-0.0113640521143826,-0.302851128312719,0.806432072667759
"ENSG00000280693","SH3PXD2A-AS1","100505839",0.0148404620296515,0.299938029798753,0.808610496464383
"ENSG00000279535","AC113188.2",NA,-0.0166207944084693,-0.29924278284222,0.809000252698828
"ENSG00000142606","MMEL1","79258",-0.0154025895792736,-0.296438357939998,0.81109202776856
"ENSG00000126353","CCR7","1236",0.0200536694051942,0.296067180313827,0.811184819956292
"ENSG00000138829","FBN2","2201",0.0165474457058097,0.295898368454319,0.811184819956292
"ENSG00000188404","SELL","6402",-0.0172771796288859,-0.295627800956474,0.811231674936459
"ENSG00000115232","ITGA4","3676",-0.0153324151188845,-0.293587907804499,0.812706410544738
"ENSG00000113389","NPR3","4883",-0.0167267513032045,-0.293372333056808,0.812708687335489
"ENSG00000105991","HOXA1","3198",0.0102112408112719,0.293112665156066,0.812746557248114
"ENSG00000165566","AMER2","219287",-0.016180190291076,-0.292692299678387,0.812914096072483
"ENSG00000123342","MMP19","4327",0.0115561822437986,0.291082491524805,0.814041487378334
"ENSG00000102924","CBLN1","869",0.0185233901436071,0.289477803462381,0.815164878385914
"ENSG00000175879","HOXD8","3234",-0.00937232121472989,-0.288995881580256,0.815381853334505
"ENSG00000158125","XDH","7498",-0.013156690907076,-0.287146406499251,0.816702940563424
"ENSG00000222328","RNU2-2P","26855",-0.0170755856298216,-0.286460775452491,0.817084259127821
"ENSG00000237361","TUSC8",NA,-0.0176442936396567,-0.286053611572324,0.81724066504406
"ENSG00000224093","RP5-1033H22.2",NA,-0.0151208794843014,-0.284870354406086,0.818023719514376
"ENSG00000149256","TENM4","26011",0.013522484196661,0.283214810296613,0.819188242058828
"ENSG00000253426","RP11-10A14.4",NA,0.0225539436397284,0.282507925519465,0.819425589183248
"ENSG00000164647","STEAP1","26872",-0.010902508814994,-0.282351150909975,0.819425589183248
"ENSG00000163359","COL6A3","1293",0.0107730965683468,0.28227947177073,0.819425589183248
"ENSG00000117122","MFAP2","4237",-0.00968990713760855,-0.281658469103648,0.819754353736316
"ENSG00000269968","RP5-940J5.9",NA,-0.0245783748682348,-0.281175354286019,0.819971736279471
"ENSG00000088756","ARHGAP28","79822",-0.0129558174054437,-0.280709182033997,0.820175402118554
"ENSG00000062524","LTK","4058",0.0210140312552866,0.278118208779961,0.82209480974298
"ENSG00000169116","PARM1","25849",0.0127428044733123,0.277250659758596,0.822528232750513
"ENSG00000060709","RIMBP2","23504",0.0168978277366355,0.277152989927335,0.822528232750513
"ENSG00000018236","CNTN1","1272",0.0135916984629571,0.276812398529753,0.822630200674851
"ENSG00000167741","GGT6","124975",0.0107305532468656,0.276466893918475,0.822736118731086
"ENSG00000152270","PDE3B","5140",-0.0194824846875225,-0.276004439757196,0.822936438240768
"ENSG00000117472","TSPAN1","10103",0.0158372967672428,0.275610260235086,0.82308160379651
"ENSG00000133321","RARRES3","5920",0.0214051184138547,0.275315246531727,0.823146697352767
"ENSG00000224114","RP11-343H5.4","100271063",-0.0233618585876846,-0.273127317959195,0.824739902563322
"ENSG00000128594","LRRC4","64101",0.0116915274201133,0.271206822953052,0.826117468650362
"ENSG00000107317","PTGDS","5730",0.0146456429356353,0.27061672070596,0.826420505407904
"ENSG00000280178","AP000349.2",NA,-0.0216199509413015,-0.268012539891354,0.828350633742125
"ENSG00000255498","RP11-618K13.2",NA,0.024120074616319,0.265467844460837,0.830233328267494
"ENSG00000145721","LIX1","167410",-0.0143226366159526,-0.265181254541394,0.830290682544714
"ENSG00000261115","TMEM178B","100507421",-0.0184148874066499,-0.262738694948905,0.832091124978093
"ENSG00000116774","OLFML3","56944",0.0107727534909136,0.261200088752318,0.833160801409414
"ENSG00000103196","CRISPLD2","83716",-0.0133457859515315,-0.260097958531952,0.833716062626238
"ENSG00000163293","NIPAL1","152519",0.0139054155800846,0.260081185364562,0.833716062626238
"ENSG00000233682","RP11-13P5.2","101929122",-0.0111709891801407,-0.25839552836365,0.834747368067968
"ENSG00000147206","NXF3","56000",0.0158082101300607,0.258373405647898,0.834747368067968
"ENSG00000258064","RP11-293I14.2",NA,0.0229745239308525,0.257239235238619,0.83548962680987
"ENSG00000270547","LINC01235","401492",0.01140675166151,0.25627569709681,0.836093815308837
"ENSG00000259357","RP11-316M1.12",NA,0.0157281314725015,0.255332966292849,0.836681111640441
"ENSG00000156738","MS4A1","931",-0.0198332665981639,-0.254940923499176,0.836684985139395
"ENSG00000139292","LGR5","8549",-0.0148138679351571,-0.254774213235899,0.836684985139395
"ENSG00000147488","ST18","9705",-0.0133445234456991,-0.254677989683432,0.836684985139395
"ENSG00000131401","NAPSB",NA,-0.0129493524738113,-0.254257296279772,0.836839964423576
"ENSG00000255100","RP11-21L23.3","101928837",0.0177157548311398,0.254052860777454,0.836839964423576
"ENSG00000269032","AC016629.7",NA,-0.0214442957468039,-0.253223220879996,0.837335381492532
"ENSG00000172250","SERHL",NA,-0.0187816524143119,-0.252766983011413,0.837411248057664
"ENSG00000206195","DUXAP8","503637",-0.0109433623663321,-0.252695762865324,0.837411248057664
"ENSG00000130054","FAM155B","27112",0.0135783050694906,0.252125083478073,0.837697203077284
"ENSG00000175906","ARL4D","379",0.0125080462777951,0.251574562060678,0.837966817199151
"ENSG00000130513","GDF15","9518",-0.0159408823516418,-0.251287442851078,0.838023572929109
"ENSG00000135454","B4GALNT1","2583",-0.0123231853506021,-0.248810189859136,0.839721769778647
"ENSG00000203952","CCDC160","347475",0.0133891617174643,0.248751614192075,0.839721769778647
"ENSG00000237732","AC010980.2",NA,-0.0215657178033291,-0.246780095962119,0.841139490077212
"ENSG00000037965","HOXC8","3224",-0.00509155414992823,-0.246147906434437,0.841474703881661
"ENSG00000229119","CTB-63M22.1",NA,-0.0167281922571478,-0.245521935263854,0.841804831535732
"ENSG00000184731","FAM110C","642273",0.010467972650573,0.244231981196312,0.842671547659869
"ENSG00000171517","LPAR3","23566",-0.0144720134635499,-0.24379378598262,0.842849759317936
"ENSG00000159263","SIM2","6493",-0.0182308265943486,-0.243564659477851,0.842858984581496
"ENSG00000165323","FAT3","120114",-0.0135502424193868,-0.242161826540105,0.843816662846316
"ENSG00000237330","RNF223","401934",0.00800858377775364,0.240719222554465,0.844806474041022
"ENSG00000259399","TGIF2-C20orf24","100527943",-0.0114230274860896,-0.239978542521222,0.845078269673693
"ENSG00000115255","REEP6","92840",0.0204537191037471,0.239821366012898,0.845078269673693
"ENSG00000234147","RP3-460G2.2",NA,-0.017953512090502,-0.239728700377022,0.845078269673693
"ENSG00000268388","FENDRR","400550",-0.014415709132826,-0.236527883923998,0.847488789753553
"ENSG00000156284","CLDN8","9073",0.010632995870792,0.235267821055048,0.848158114716989
"ENSG00000273001","RP11-118K6.3","101927824",0.0214065551773128,0.235262743280911,0.848158114716989
"ENSG00000189143","CLDN4","1364",-0.00438688309859034,-0.233848439643722,0.849124613766684
"ENSG00000170482","SLC23A1","9963",0.0157914857077954,0.233227812862772,0.849449424878573
"ENSG00000005844","ITGAL","3683",0.0126670948905767,0.232135471041822,0.850129044066566
"ENSG00000155265","GOLGA7B","401647",-0.0122564771135614,-0.231949215423882,0.850129044066566
"ENSG00000249948","GBA3","57733",-0.0157803929318406,-0.23095529708047,0.850755389880915
"ENSG00000105088","OLFM2","93145",-0.0121352785480633,-0.229408305069704,0.851828756285239
"ENSG00000177822","AC108142.1",NA,-0.0128304136250182,-0.228028627524564,0.852766839920436
"ENSG00000085552","IGSF9","57549",-0.00610727707308763,-0.226802523132665,0.853462815759452
"ENSG00000131771","PPP1R1B","84152",0.01525855355977,0.226728745605893,0.853462815759452
"ENSG00000060140","STYK1","55359",-0.0109474829000375,-0.226414864572702,0.853539049890859
"ENSG00000066032","CTNNA2","1496",0.0149296004823778,0.224958584801631,0.854406346624369
"ENSG00000225108","ZBTB45P1",NA,0.0192339884798311,0.22490255553086,0.854406346624369
"ENSG00000180044","C3orf80","401097",0.00863039915355686,0.223516464938623,0.855349047360235
"ENSG00000164929","BAALC","79870",-0.0117186623926873,-0.22323082473713,0.855402184717121
"ENSG00000120075","HOXB5","3215",-0.0127710042611087,-0.221736403833225,0.856432270653744
"ENSG00000130545","CRB3","92359",-0.00413526843856699,-0.221199001715747,0.856688734148471
"ENSG00000255277","ABCC6P2",NA,-0.0164760766752128,-0.22071425954699,0.856902584280833
"ENSG00000175592","FOSL1","8061",-0.0120848503464226,-0.215776808680364,0.860716334436645
"ENSG00000167654","ATCAY","85300",-0.00988074989481875,-0.214752529968169,0.861366122743696
"ENSG00000140600","SH3GL3","6457",-0.0148692699877114,-0.213731242264291,0.86201340437385
"ENSG00000167772","ANGPTL4","51129",-0.0136261747382679,-0.211711356377935,0.863304976840686
"ENSG00000162614","NEXN","91624",-0.00848752890359316,-0.211692036516619,0.863304976840686
"ENSG00000272851","RP11-801F7.1",NA,0.0185813842267172,0.209339505235316,0.86502901064611
"ENSG00000282033","RP11-506F3.1",NA,-0.0155589048014794,-0.208834483482952,0.865258228477954
"ENSG00000168135","KCNJ4","3761",0.012079722907315,0.207892248854501,0.865837695092781
"ENSG00000277150","F8A3","474384",0.0175985430058118,0.207674625251436,0.865837695092781
"ENSG00000168032","ENTPD3","956",-0.0106654066959955,-0.206718055570553,0.86643199191246
"ENSG00000184515","BEX5","340542",-0.0112030592961243,-0.203203769040036,0.86909569670567
"ENSG00000273275","RP11-474G23.2",NA,-0.0139458884113275,-0.202480766683532,0.869500755800313
"ENSG00000113749","HRH2","3274",-0.0112543406806918,-0.201474747670484,0.870061763936479
"ENSG00000268027","AC006129.2",NA,0.0121193114258624,0.201342320406803,0.870061763936479
"ENSG00000107147","KCNT1","57582",-0.0124657611758055,-0.199887838592597,0.871058463571844
"ENSG00000265263","RP11-135L13.4",NA,0.018055304457676,0.198704508654286,0.871835663953028
"ENSG00000135046","ANXA1","301",-0.00848644418414338,-0.196647668939998,0.873319715995219
"ENSG00000172818","OVOL1","5017",-0.00521486099453147,-0.19630229388188,0.873418548354384
"ENSG00000111796","KLRB1","3820",-0.0113611721873143,-0.194383798509903,0.87479046635093
"ENSG00000066248","NGEF","25791",-0.00877406196195916,-0.192877739095643,0.875828524153192
"ENSG00000120820","GLT8D2","83468",-0.00993768461861413,-0.192598883463999,0.8758731434237
"ENSG00000169851","PCDH7","5099",0.00774683287554332,0.18760613155911,0.879734117249151
"ENSG00000267283","AC005306.3",NA,-0.0179774232562542,-0.185369728965739,0.881363716363422
"ENSG00000110169","HPX","3263",-0.0146839987274553,-0.184739460966734,0.881692139912043
"ENSG00000159387","IRX6","79190",0.00990003673839229,0.184471170296322,0.88172730109232
"ENSG00000230148","HOXB-AS1","100874362",-0.00904390984271111,-0.183734341323958,0.882141898655618
"ENSG00000134240","HMGCS2","3158",0.0142913792891795,0.183369655095065,0.88225504926755
"ENSG00000176971","FIBIN","387758",-0.00730929304644124,-0.182511338658294,0.882747242764741
"ENSG00000236679","RPL23AP24","728517",0.0169579445985269,0.182311741536982,0.882747242764741
"ENSG00000170298","LGALS9B","284194",0.0146372195813323,0.181536682561927,0.883192471807461
"ENSG00000176381","PRR18","285800",0.0123656932828583,0.180107076801343,0.884167477067925
"ENSG00000179603","GRM8","2918",-0.00594581260532716,-0.177136934946218,0.886169674953899
"ENSG00000236699","ARHGEF38","54848",-0.00752100102005498,-0.177060809404945,0.886169674953899
"ENSG00000272512","RP11-54O7.17",NA,0.0110937516842993,0.176808212751906,0.886169674953899
"ENSG00000010379","SLC6A13","6540",0.0124040729350824,0.176731608524683,0.886169674953899
"ENSG00000006611","USH1C","10083",-0.0101707536364543,-0.175493667944768,0.8869889176595
"ENSG00000184486","POU3F2","5454",-0.0103252782729191,-0.174696378686465,0.887451386340888
"ENSG00000140465","CYP1A1","1543",-0.0120032839124719,-0.166246290899114,0.893955158749284
"ENSG00000223414","LINC00473",NA,-0.0124449436092466,-0.166211567606079,0.893955158749284
"ENSG00000259288","PAK6",NA,0.00778997616338147,0.164943685751755,0.894635121735768
"ENSG00000086506","HBQ1","3049",-0.0113363325691785,-0.164917555860812,0.894635121735768
"ENSG00000273297","RP11-38M8.1","105375517",0.00846747056982334,0.161127399220579,0.89720514789269
"ENSG00000136002","ARHGEF4","50649",-0.00740075158656155,-0.161068933229535,0.89720514789269
"ENSG00000265107","GJA5","2702",-0.00543308721710015,-0.161061870068107,0.89720514789269
"ENSG00000152785","BMP3","651",-0.0107637028305888,-0.159504184660077,0.898202640005629
"ENSG00000279487","AC234582.1",NA,-0.00915046645960964,-0.159374370197703,0.898202640005629
"ENSG00000154277","UCHL1","7345",0.00708959335119446,0.158675064367598,0.898523086535158
"ENSG00000148677","ANKRD1","27063",0.0098623306370157,0.158407055035921,0.898523086535158
"ENSG00000104899","AMH","268",0.0129425467197203,0.158294283627815,0.898523086535158
"ENSG00000110665","C11orf21","29125",0.0103647278333231,0.156888990399044,0.899475998647442
"ENSG00000134398","ERN2","10595",-0.00982064982309255,-0.155239620421946,0.90062637544454
"ENSG00000250654","RP11-834C11.7",NA,0.00635191249592464,0.154332078095536,0.901176029348881
"ENSG00000258608","DNAJC19P9",NA,-0.00728583067680347,-0.152981537712244,0.902084185133925
"ENSG00000114455","HHLA2","11148",-0.00876575293929477,-0.152055325388521,0.90264868274
"ENSG00000161958","FGF11","2256",-0.0081164773396857,-0.150151521553189,0.903733152497145
"ENSG00000234511","C5orf58","133874",-0.0109974846744642,-0.150061032105219,0.903733152497145
"ENSG00000270181","BIVM-ERCC5","100533467",-0.00951997134854387,-0.150028271381121,0.903733152497145
"ENSG00000104321","TRPA1","8989",0.00844614204438286,0.144939868262359,0.907666312952552
"ENSG00000134955","SLC37A2","219855",0.00808215621560314,0.144034188386288,0.908063015807554
"ENSG00000100721","TCL1A","8115",-0.0104004629434638,-0.143989815246801,0.908063015807554
"ENSG00000229847","EMX2OS","196047",0.00507288058646794,0.142738184699165,0.908889884396421
"ENSG00000230267","HERC2P4",NA,-0.0105425708131123,-0.140750385344768,0.91016696766218
"ENSG00000100253","MIOX","55586",-0.00808276811159574,-0.140699689329241,0.91016696766218
"ENSG00000213937","CLDN9","9080",-0.00787697761754315,-0.140392753819153,0.910228836359543
"ENSG00000079393","DUSP13","51207",-0.0105616078166368,-0.139730518591666,0.910420151446814
"ENSG00000101115","SALL4","57167",0.0062009857050195,0.139695294082617,0.910420151446814
"ENSG00000073067","CYP2W1","54905",-0.00885369340688933,-0.138840886329144,0.910924807229537
"ENSG00000151632","AKR1C2","1646",0.00940031648174385,0.138358677091082,0.911128294972196
"ENSG00000216866","RPS2P55","286444",-0.00389197234612117,-0.135909679589163,0.912922467234679
"ENSG00000164855","TMEM184A","202915",-0.00497089456876266,-0.134825902381765,0.913612186480221
"ENSG00000128714","HOXD13","3239",-0.0076426174532564,-0.134324102766789,0.913831057216069
"ENSG00000261116","RP3-523K23.2",NA,0.00691892527244097,0.133370884418906,0.914312803083689
"ENSG00000099834","CDHR5","53841",0.00748074764879496,0.133265847834327,0.914312803083689
"ENSG00000261804","RP11-44F14.2",NA,-0.00749350243278663,-0.132197572538177,0.914819909590438
"ENSG00000144837","PLA1A","51365",-0.00571997750585334,-0.132175880438405,0.914819909590438
"ENSG00000139438","FAM222A","84915",-0.0065803982084607,-0.130928472537945,0.915641091795262
"ENSG00000236740","RP11-411K7.1",NA,-0.00905850331744748,-0.129790467608359,0.916326389342343
"ENSG00000185269","NOTUM","147111",0.0069204528408396,0.129617274439788,0.916326389342343
"ENSG00000184828","ZBTB7C","201501",-0.00690750347909242,-0.12883185792974,0.91677378947005
"ENSG00000257671","RP3-416H24.1","109729127",-0.00523944774156324,-0.127846527983278,0.917382589663612
"ENSG00000213144","RP11-64B16.2",NA,-0.00674588907754799,-0.12670983579692,0.918113526703863
"ENSG00000135773","CAPN9","10753",-0.00736047788450506,-0.125259633326859,0.919097573771412
"ENSG00000227507","LTB","4050",-0.00884068260363253,-0.124465939295889,0.919551081085231
"ENSG00000230076","AC016708.2","285176",0.0122780966252683,0.123311968772494,0.920295474851445
"ENSG00000133477","FAM83F","113828",0.00318929955364607,0.121737222824683,0.921379568054548
"ENSG00000253187","HOXA10-AS","100874323",0.00565699315987795,0.121201226889421,0.921624481859937
"ENSG00000168143","FAM83B","222584",0.00637677743594706,0.119490717835749,0.922709043798311
"ENSG00000228748","RP13-39P12.3",NA,0.00790108927099589,0.119392403739493,0.922709043798311
"ENSG00000132026","RTBDN","83546",0.0091805866168047,0.118611744840443,0.923151194427481
"ENSG00000234648","AL162151.3",NA,0.011971188395736,0.117899302028385,0.9235381526235
"ENSG00000151025","GPR158","57512",0.00755180765751778,0.116439606805706,0.924446984669627
"ENSG00000066230","SLC9A3","6550",-0.00793332682659611,-0.116306850080478,0.924446984669627
"ENSG00000263873","RP11-334E6.12",NA,-0.00625990388832053,-0.113350612033074,0.926644612736068
"ENSG00000016402","IL20RA","53832",-0.0056067550726092,-0.112986632025747,0.926749646641187
"ENSG00000186603","HPDL","84842",0.0086525732901045,0.112520355656237,0.926937199665056
"ENSG00000197353","LYPD2","137797",-0.00517354745006603,-0.112230259700083,0.926982546362131
"ENSG00000106483","SFRP4","6424",0.00536884818978848,0.107695403933215,0.930452916688715
"ENSG00000115363","EVA1A","84141",0.00312140393619656,0.105803052419611,0.93179067813715
"ENSG00000164604","GPR85","54329",0.00355056686787063,0.10522429868224,0.932068111966243
"ENSG00000108242","CYP2C18","1562",0.00571704034406223,0.10249425620031,0.93401079250441
"ENSG00000106541","AGR2","10551",-0.005156312422442,-0.102182344732505,0.93401079250441
"ENSG00000149380","P4HA3","283208",-0.00486512146854024,-0.102110908301867,0.93401079250441
"ENSG00000170801","HTRA3","94031",-0.00532513992204694,-0.101476056769847,0.934233439838658
"ENSG00000122870","BICC1","80114",0.00448490803371595,0.101364001268605,0.934233439838658
"ENSG00000149573","MPZL2","10205",-0.00400353212647374,-0.100943751724849,0.934382445671878
"ENSG00000234964","FABP5P7",NA,-0.00487886365093682,-0.0976731148755654,0.936726235546313
"ENSG00000159247","TUBBP5",NA,-0.00619376183201301,-0.0974410659426688,0.936726235546313
"ENSG00000083307","GRHL2","79977",-0.00137345052991086,-0.097329441439238,0.936726235546313
"ENSG00000100473","COCH","1690",-0.0086956426079681,-0.0965300546883852,0.937180338461035
"ENSG00000258232","RP11-161H23.5",NA,-0.00413555421271281,-0.0941335830676959,0.938921533542479
"ENSG00000121895","TMEM156","80008",-0.00482493480440998,-0.0920318685280246,0.940300264751187
"ENSG00000006747","SCIN","85477",0.00472610413866901,0.0919496862337204,0.940300264751187
"ENSG00000102287","GABRE","2564",-0.0054475678268563,-0.0915049684969681,0.9404678208549
"ENSG00000130508","PXDN","7837",0.00398376431992186,0.0894662185668428,0.941919603296779
"ENSG00000160963","COL26A1","136227",-0.00497531290510077,-0.0885791560170275,0.942443206450626
"ENSG00000255398","HCAR3","8843",0.00340761471796305,0.0869724215980179,0.943546394617151
"ENSG00000279618","CTD-2196E14.7",NA,-0.00582756450053995,-0.0849434600407286,0.94494455663742
"ENSG00000235499","AC073046.25",NA,-0.00405132906417784,-0.0847613904082384,0.94494455663742
"ENSG00000152137","HSPB8","26353",-0.00466155068910243,-0.0836831487249687,0.945621374101845
"ENSG00000147647","DPYS","1807",0.00517449389163727,0.0827108120510415,0.946212717803421
"ENSG00000181218","HIST3H2A","92815",-0.00675907826859438,-0.0811321198623946,0.947108280179309
"ENSG00000078295","ADCY2","108",-0.00442542524637705,-0.0811221494050916,0.947108280179309
"ENSG00000085265","FCN1","2219",-0.00552965051849562,-0.0799206663180302,0.947883571012562
"ENSG00000180447","GAS1","2619",-0.00368005534876171,-0.0795580560795855,0.947927100560448
"ENSG00000138028","CGREF1","10669",0.00397698739122123,0.0792957925834264,0.947927100560448
"ENSG00000245750","DRAIC","145837",-0.00539631705377093,-0.07915128459266,0.947927100560448
"ENSG00000233608","TWIST2","117581",-0.00313643825796901,-0.0785320971141543,0.948181204701958
"ENSG00000241431","RPL37P6",NA,0.001762314183613,0.0783584659899718,0.948181204701958
"ENSG00000105642","KCNN1","3780",0.00354910641909431,0.0776413311556794,0.94856608313488
"ENSG00000006453","BAIAP2L1","55971",-0.00264569315473146,-0.0764526108752538,0.94932998582919
"ENSG00000164691","TAGAP","117289",0.00396318558831852,0.0746508527850583,0.950586505128748
"ENSG00000105613","MAST1","22983",-0.00464039369016293,-0.074184495391715,0.950769247133754
"ENSG00000177301","KCNA2","3737",-0.00412957105333444,-0.0708817507427532,0.953231704826373
"ENSG00000168779","SHOX2","6474",0.00199434009472278,0.0705669942567201,0.953292099161837
"ENSG00000242173","ARHGDIG","398",-0.0045047161754725,-0.0694692684174648,0.953981649886302
"ENSG00000165023","DIRAS2","54769",-0.00412008906886669,-0.0669249249385531,0.955808363384682
"ENSG00000122691","TWIST1","7291",0.00247117651664486,0.0667158861350259,0.955808363384682
"ENSG00000168243","GNG4","2786",0.00420116155870922,0.0664405515956609,0.955836594445914
"ENSG00000173702","MUC13","56667",-0.00442233260563922,-0.0661300729516222,0.955893043448693
"ENSG00000152207","CYSLTR2","57105",0.00302530943536479,0.0648875718285467,0.956697898115442
"ENSG00000261685","RP11-401P9.4",NA,-0.00337322587547041,-0.0642723426028872,0.956998859128759
"ENSG00000171812","COL8A2","1296",-0.00360169934489447,-0.0626787015514438,0.958057991505132
"ENSG00000269981","RP11-34P13.16",NA,-0.00529329402573134,-0.0624718828194068,0.958057991505132
"ENSG00000182492","BGN","633",-0.00205666502742599,-0.0618386338934023,0.958373033499791
"ENSG00000198692","EIF1AY","9086",-0.00197659081791551,-0.0606820883957471,0.959107874309278
"ENSG00000064205","WISP2","8839",-0.00256546416665632,-0.0596092475723717,0.959775325420074
"ENSG00000134769","DTNA","1837",-0.00300782186883746,-0.0583197252420855,0.960616389238815
"ENSG00000129682","FGF13","2258",0.00316969767760382,0.0557107809825879,0.962515572626077
"ENSG00000198732","SMOC1","64093",-0.0035535181054728,-0.0549419563557121,0.962938340627404
"ENSG00000205420","KRT6A","3853",0.00317024283444585,0.0530693845410615,0.964246117903804
"ENSG00000189280","GJB5","2709",0.00346936350505284,0.0527989530363944,0.964268825094069
"ENSG00000164484","TMEM200A","114801",0.00212930204638925,0.0519588254900383,0.964748245176581
"ENSG00000219928","RP11-40C6.2",NA,-0.000745922643731965,-0.0514528058475136,0.964959691767838
"ENSG00000260552","RP11-49I11.1","101927809",-0.00172044073161375,-0.0507593293946867,0.965321296173303
"ENSG00000162849","KIF26B","55083",-0.0025473142909675,-0.049590629204247,0.966063573296922
"ENSG00000262655","SPON1","10418",0.00253714559999388,0.046894546157095,0.968029387289029
"ENSG00000276185","TP53TG1_2",NA,-0.00282159746557649,-0.0427244067942352,0.971152913821993
"ENSG00000169894","MUC3A","4584",-0.00168862633473687,-0.0425091530389504,0.971152913821993
"ENSG00000248101","AC002116.8",NA,-0.00402416732847834,-0.0421792907304412,0.971221905851295
"ENSG00000155897","ADCY8","114",-0.00251971835061247,-0.0415845761274155,0.97150296657311
"ENSG00000128242","GAL3ST1","9514",0.00268340110939223,0.0409269480141323,0.971834298507158
"ENSG00000127951","FGL2","10875",0.00223178448927079,0.0397323582522629,0.972595365834255
"ENSG00000189350","FAM179A","165186",-0.00297273924758305,-0.0383811229704383,0.973481554851769
"ENSG00000150722","PPP1R1C","151242",0.00355932645460883,0.0373923731140052,0.974035655669643
"ENSG00000263986","RP11-746M1.1",NA,0.00352456276951919,0.0372000728989798,0.974035655669643
"ENSG00000254665","RP11-152H18.3",NA,-0.00366814184057956,-0.0365753537380305,0.974339909961741
"ENSG00000053108","FSTL4","23105",0.00197827285772357,0.0332342671989938,0.976816845421166
"ENSG00000162576","MXRA8","54587",0.00163693721247388,0.0327716324747374,0.976990856980422
"ENSG00000171433","GLOD5","392465",0.00118069246683516,0.0297455464229173,0.979214697821461
"ENSG00000266835","GAPLINC","100505592",-0.000664405480288204,-0.0289675662418131,0.979640332619114
"ENSG00000118946","PCDH17","27253",0.000816916351444201,0.0258824687639988,0.981910197923821
"ENSG00000232629","HLA-DQB2","3120",0.000942472431913155,0.0210398436923316,0.985584271541381
"ENSG00000091986","CCDC80","151887",-0.000899420258509642,-0.0201607113927929,0.98596585865535
"ENSG00000280653","AP002518.1",NA,0.00172807761071253,0.0200679582453691,0.98596585865535
"ENSG00000087494","PTHLH","5744",0.000831654922888916,0.0156619716436466,0.989288504384738
"ENSG00000095970","TREM2","54209",0.000386697785103936,0.0138127972087513,0.990567521165774
"ENSG00000248587","GDNF-AS1","101929745",-0.000888893798836909,-0.0126768501236844,0.991276405381809
"ENSG00000182795","C1orf116","79098",0.000416146000363669,0.00819935179384991,0.994653468356014
"ENSG00000175874","CREG2","200407",-0.000378659709229703,-0.00789621789072735,0.994696366598882
"ENSG00000137869","CYP19A1","1588",-0.000429873610244724,-0.00725305902954587,0.995010677831286
"ENSG00000160886","LY6K","54742",-0.000510357930613677,-0.00626094931686654,0.995603366624273
"ENSG00000120875","DUSP4","1846",0.000361285814630069,0.00506814143114407,0.996355971403972
"ENSG00000123843","C4BPB","725",0.000221068324132292,0.00340462598703396,0.997483811972287
"ENSG00000223969","AC002456.2",NA,0.000224819319162774,0.00295296739093612,0.997644577553535
