"gene_id","gene_symbol","logFC","t","P.Value","adj.P.Val"
"ENSG00000129514","FOXA1",-1.11703757504222,-43.0111263497902,1.74080786906252e-214,8.7040393453126e-211
"ENSG00000115648","MLPH",-1.33541323022468,-41.2523159194052,3.82191259578749e-204,9.55478148946872e-201
"ENSG00000124664","SPDEF",-1.1165694773998,-36.508551666517,1.58268086656417e-175,2.63780144427362e-172
"ENSG00000168350","DEGS2",-1.61457689559852,-33.7051427336724,3.40555818706235e-158,4.25694773382793e-155
"ENSG00000160180","TFF3",-1.7667937723501,-32.5648589384995,4.46865623768381e-151,4.46865623768381e-148
"ENSG00000139865","TTC6",-1.28244347306786,-32.4199039583916,3.60819462812141e-150,3.00682885676784e-147
"ENSG00000106541","AGR2",-1.09587451563543,-32.3798209140901,6.42994730760103e-150,4.59281950542931e-147
"ENSG00000176532","PRR15",-1.28328402062397,-32.2478015522838,4.314055528304e-149,2.69628470519e-146
"ENSG00000107485","GATA3",-1.20214562710829,-31.5763641603262,6.99371460998124e-145,3.88539700554514e-142
"ENSG00000169083","AR",-1.5512731813798,-31.5574459704967,9.19271769946429e-145,4.59635884973215e-142
"ENSG00000074410","CA12",-1.33116117576645,-30.9029657365321,1.18766819535119e-140,5.39849179705086e-138
"ENSG00000204385","SLC44A4",-1.23082660989779,-30.7363867435829,1.32459342849799e-139,5.51913928540828e-137
"ENSG00000091831","ESR1",-2.23556999345283,-29.7823194318201,1.3386724677028e-133,5.1487402603954e-131
"ENSG00000230882","AC005077.14",-1.35882609654819,-29.5785162413261,2.57205000400265e-132,9.18589287143804e-130
"ENSG00000245750","DRAIC",-1.40905378893388,-29.1410276527698,1.46654671380522e-129,4.88848904601741e-127
"ENSG00000173467","AGR3",-1.31958326120924,-28.6390656343979,2.13222003164562e-126,6.66318759889255e-124
"ENSG00000160182","TFF1",-1.57853063996967,-28.1098905030262,4.59442338707458e-123,1.35130099619841e-120
"ENSG00000183888","C1orf64",-1.95625162499377,-28.041878826242,1.23182898541654e-122,3.4217471817126e-120
"ENSG00000169347","GP2",-1.51137090603027,-27.5219554277632,2.31023113547557e-119,6.07955561967255e-117
"ENSG00000072858","SIDT1",-1.50221271474273,-27.4966914588226,3.33145375045409e-119,8.32863437613522e-117
"ENSG00000187486","KCNJ11",-1.14387937325362,-27.0193823206358,3.34707660868277e-116,7.96923002067325e-114
"ENSG00000165140","FBP1",-1.01083912660421,-27.0083151832512,3.92856385167992e-116,8.92855420836344e-114
"ENSG00000006071","ABCC8",-1.45999765330496,-26.8899367389534,2.17890901778758e-115,4.73675873432083e-113
"ENSG00000223813","AC007255.8",-1.40555803287221,-26.8817870175603,2.45160993595123e-115,5.1075206998984e-113
"ENSG00000172425","TTC36",-1.88727879541368,-26.7731966562129,1.17955046760077e-114,2.35910093520155e-112
"ENSG00000143412","ANXA9",-1.73599479220765,-26.2960076281923,1.16733872587251e-111,2.24488216513945e-109
"ENSG00000173890","GPR160",-1.01831128239649,-25.9899492877581,9.67848698416058e-110,1.79231240447418e-107
"ENSG00000064787","BCAS1",-1.24287981012963,-25.527825849873,7.5534381243285e-107,1.34882823648723e-104
"ENSG00000154548","SRSF12",1.52343293188287,25.3861283241223,5.80440667245442e-106,1.00075977111283e-103
"ENSG00000115255","REEP6",-1.63680475567593,-25.3489431231118,9.90974023957845e-106,1.65162337326308e-103
"ENSG00000167861","HID1",-0.931215795422667,-25.2728672331018,2.95928718354202e-105,4.77304384442262e-103
"ENSG00000134830","C5AR2",-1.58417167431971,-25.1873686483727,1.01142439314152e-104,1.58035061428362e-102
"ENSG00000187720","THSD4",-1.28093835097131,-25.1584460684467,1.53261948194846e-104,2.32215073022494e-102
"ENSG00000168589","DYNLRB2",-1.12087387494419,-25.052960491218,6.97442603676527e-104,1.0256508877596e-101
"ENSG00000004838","ZMYND10",-1.55913235487515,-24.9099862035244,5.43036371059137e-103,7.75766244370195e-101
"ENSG00000172602","RND1",-1.14656967311642,-24.8714879184838,9.43420140298571e-103,1.31030575041468e-100
"ENSG00000163879","DNALI1",-1.58314459003572,-24.7060407037232,1.01144645079846e-101,1.36681952810603e-99
"ENSG00000178568","ERBB4",-1.29052304777349,-24.548718498561,9.62932370593566e-101,1.2670162770968e-98
"ENSG00000111057","KRT18",-0.519128590745801,-24.531247685258,1.23655889937105e-100,1.58533192227058e-98
"ENSG00000259459","RP11-321G12.1",-1.49073376629432,-24.4884447567529,2.28178577651791e-100,2.85223222064738e-98
"ENSG00000188959","C9orf152",-0.875574909840458,-24.4865900583206,2.34315940278447e-100,2.85751146681033e-98
"ENSG00000163064","EN1",0.915362328132788,24.3140976988405,2.76190672783336e-99,3.28798419980161e-97
"ENSG00000120262","CCDC170",-1.47126821603183,-24.2565746283409,6.28375038056216e-99,7.30668648902577e-97
"ENSG00000248429","RP11-597D13.9",-1.40440284326492,-24.0697447191513,9.05182122102401e-98,1.02861604784364e-95
"ENSG00000154645","CHODL",1.36108944343415,23.9496408776483,5.01926504286808e-97,5.57696115874231e-95
"ENSG00000117472","TSPAN1",-1.06668667906304,-23.9395003568357,5.79986156998603e-97,6.30419735868046e-95
"ENSG00000162949","CAPN13",-0.880575854261036,-23.6027277609927,7.00516804964456e-95,7.45230643579209e-93
"ENSG00000165548","TMEM63C",-1.0149130231705,-23.5164735329016,2.38632982532484e-94,2.48576023471337e-92
"ENSG00000147041","SYTL5",-1.45463100554778,-23.4241805765096,8.84855582678062e-94,9.02913859875574e-92
"ENSG00000188763","FZD9",1.63056796937287,23.2910053360391,5.85202088145904e-93,5.85202088145904e-91
"ENSG00000135069","PSAT1",1.47255926004929,23.1810530144062,2.77924804924349e-92,2.72475298945441e-90
"ENSG00000225449","RAB6C-AS1",-1.55726536714257,-23.0496083524656,1.78606454509874e-91,1.71736975490264e-89
"ENSG00000182175","RGMA",0.987631909289377,23.0328195863268,2.26476054931521e-91,2.13656655595774e-89
"ENSG00000005513","SOX8",1.12848546718471,22.8456320577656,3.18918019407047e-90,2.95294462413933e-88
"ENSG00000119866","BCL11A",1.4211789174183,22.7574376413889,1.10695931772675e-89,1.00632665247886e-87
"ENSG00000251169","AC005355.2",-1.40122052822076,-22.7049580425758,2.32003093739034e-89,2.07145619409851e-87
"ENSG00000118513","MYB",-0.814050843207147,-22.6949646172226,2.6709722973072e-89,2.34295815553263e-87
"ENSG00000136944","LMX1B",-0.724409971030064,-22.6559966105293,4.62545599991238e-89,3.98746206888998e-87
"ENSG00000185133","INPP5J",-1.05878244150339,-22.6048586012713,9.50544715393204e-89,8.05546368977291e-87
"ENSG00000158258","CLSTN2",-1.39272163753541,-22.5990691508867,1.03128034541317e-88,8.59400287844309e-87
"ENSG00000162482","AKR7A3",-1.67274082816235,-22.4633627745413,6.9603720982953e-88,5.70522303138959e-86
"ENSG00000203697","CAPN8",-1.18335990670059,-22.4310006468464,1.09699913077665e-87,8.8467671836827e-86
"ENSG00000186868","MAPT",-1.29664940331305,-22.4082620609322,1.5100295345849e-87,1.19843613855944e-85
"ENSG00000164626","KCNK5",1.02828913608701,22.4026806018673,1.63322164717567e-87,1.27595441185599e-85
"ENSG00000111319","SCNN1A",-0.804194649513393,-22.2807960282146,9.04256200456582e-87,6.9558169265891e-85
"ENSG00000198729","PPP1R14C",1.21072644463678,22.1463037658865,5.9597072485338e-86,4.51492973373772e-84
"ENSG00000234899","SOX9-AS1",1.09267280553561,22.1155528646227,9.16832838057513e-86,6.84203610490681e-84
"ENSG00000124249","KCNK15",-1.22012227220987,-22.1138384999575,9.39111314636933e-86,6.90523025468333e-84
"ENSG00000164106","SCRG1",1.1102146414124,22.1070219647327,1.03317466022933e-85,7.48677290021254e-84
"ENSG00000106537","TSPAN13",-0.864211874886919,-22.080979653174,1.48773885806033e-85,1.06267061290023e-83
"ENSG00000108176","DNAJC12",-1.42991381594605,-21.9843426298667,5.75055316226306e-85,4.04968532553737e-83
"ENSG00000075275","CELSR1",-0.761376093385689,-21.9459009273095,9.84233860867887e-85,6.8349573671381e-83
"ENSG00000256612","CYP2B7P",-2.19483882593576,-21.8957532813935,1.98331817147899e-84,1.35843710375273e-82
"ENSG00000167614","TTYH1",1.10737184799385,21.8634459986601,3.11410050131735e-84,2.10412196034956e-82
"ENSG00000175356","SCUBE2",-1.76429410088571,-21.8051542122633,7.02534623707614e-84,4.68356415805076e-82
"ENSG00000162543","UBXN10",-1.24443360668702,-21.803969594815,7.14242384450115e-84,4.69896305559286e-82
"ENSG00000120149","MSX2",-0.99388855363886,-21.7602185311729,1.31482881577467e-83,8.53784945308229e-82
"ENSG00000156219","ART3",1.56608167610257,21.714373298808,2.49127254168854e-83,1.59696957800547e-81
"ENSG00000007402","CACNA2D2",-1.347274789467,-21.6934129465601,3.3362883862432e-83,2.11157492800203e-81
"ENSG00000174607","UGT8",1.12907134991492,21.6137604094997,1.01151537914322e-82,6.32197111964515e-81
"ENSG00000213145","CRIP1",-1.21970705723154,-21.5937016137274,1.33721839385108e-82,8.25443452994491e-81
"ENSG00000081985","IL12RB2",1.65655896474591,21.5197985881364,3.73746599510856e-82,2.27894267994425e-80
"ENSG00000163072","NOSTRIN",-1.19343008863885,-21.5022539730516,4.76961122468255e-82,2.87325977390515e-80
"ENSG00000196917","HCAR1",-0.90506648457386,-21.4988752494554,4.9989105306397e-82,2.97554198252363e-80
"ENSG00000094755","GABRP",1.35379935518009,21.4552880561315,9.15935319610811e-82,5.38785482124007e-80
"ENSG00000187244","BCAM",-0.915746254836008,-21.431069918754,1.28210035943294e-81,7.45407185716828e-80
"ENSG00000041353","RAB27B",-0.728611452400879,-21.4216933721259,1.46035444643835e-81,8.39284164619744e-80
"ENSG00000114547","ROPN1B",1.47019013215065,21.3951375802012,2.11124490392765e-81,1.19957096814071e-79
"ENSG00000144681","STAC",1.11966634899523,21.3788351587065,2.64717295141947e-81,1.4871758154042e-79
"ENSG00000142973","CYP4B1",-0.979883649030689,-21.3599308483917,3.44095160825625e-81,1.91163978236458e-79
"ENSG00000183044","ABAT",-1.39738242823933,-21.3465659427142,4.14173988937659e-81,2.27568125789922e-79
"ENSG00000276644","DACH1",-1.49581713187703,-21.2357673770193,1.92315268984584e-80,1.04519167926404e-78
"ENSG00000117013","KCNQ4",1.26746730779315,21.0165174688844,3.98554316928579e-79,2.14276514477731e-77
"ENSG00000134215","VAV3",-1.02466500178288,-21.0071034686613,4.53858490666293e-79,2.41414090779943e-77
"ENSG00000204531","POU5F1",1.04212317938515,20.999662268939,5.02946536153726e-79,2.64708703238803e-77
"ENSG00000196208","GREB1",-1.25121609193587,-20.9872224538966,5.97135980771328e-79,3.110083233184e-77
"ENSG00000050438","SLC4A8",-1.25378009280594,-20.9780651957384,6.77553698909614e-79,3.49254483974028e-77
"ENSG00000101222","SPEF1",-1.00467002237137,-20.9638191595259,8.24691658179119e-79,4.20761050091387e-77
"ENSG00000085831","TTC39A",-0.877543858419342,-20.9352496802527,1.22291748726929e-78,6.17635094580449e-77
"ENSG00000124839","RAB17",-0.719040597857991,-20.7573933698665,1.41565400310843e-77,7.07827001554217e-76
"ENSG00000166106","ADAMTS15",-1.21202028889372,-20.7460080542158,1.65555098019955e-77,8.19579693168095e-76
"ENSG00000163364","LINC01116",-0.830861678653541,-20.7003633329525,3.10015091310232e-77,1.5196818201482e-75
"ENSG00000099812","MISP",-0.780414825250117,-20.6596026543341,5.42637028724336e-77,2.63416033361328e-75
"ENSG00000148671","ADIRF",-0.867783590019117,-20.5852956539968,1.5042967089689e-76,7.23219571619665e-75
"ENSG00000144218","AFF3",-1.56678972696591,-20.5600607726843,2.12618106711836e-76,1.01246717481827e-74
"ENSG00000178796","RIIAD1",-1.16005831850444,-20.5162145484006,3.87747853016443e-76,1.82899930668134e-74
"ENSG00000111728","ST8SIA1",1.09195455753292,20.4385129848314,1.12340899902909e-75,5.2495747618182e-74
"ENSG00000081923","ATP8B1",-0.712305800388728,-20.3953170763215,2.02822495105606e-75,9.38993032896324e-74
"ENSG00000102243","VGLL1",1.33669190179811,20.3920742508203,2.12017062985881e-75,9.72555334797619e-74
"ENSG00000249684","RP11-423H2.3",-0.989019978892646,-20.3824806944431,2.41728477433888e-75,1.09876580651767e-73
"ENSG00000136928","GABBR2",1.3759478449311,20.3091356184818,6.58387626318866e-75,2.96571002846336e-73
"ENSG00000281406","BLACAT1",1.26037105756406,20.2721995172927,1.0899902004756e-74,4.86602768069465e-73
"ENSG00000185924","RTN4RL1",-0.992489199153985,-20.2458732496692,1.56095670986517e-74,6.90688809674853e-73
"ENSG00000068615","REEP1",-0.994270761903313,-20.2281897490116,1.98663010251754e-74,8.71328992332256e-73
"ENSG00000147642","SYBU",-1.01415207101418,-20.1700918298561,4.38498376910015e-74,1.90651468221746e-72
"ENSG00000162078","ZG16B",-0.704202484549389,-19.9399678850504,1.00135678334748e-72,4.31619303167016e-71
"ENSG00000151892","GFRA1",-1.5770232390783,-19.9245061704671,1.23502913136304e-72,5.27790227078222e-71
"ENSG00000174788","PCP2",-0.848047602681901,-19.8926970167795,1.9010492430845e-72,8.05529340290044e-71
"ENSG00000134755","DSC2",0.849069970350167,19.8264805109765,4.66213423594427e-72,1.95887993106902e-70
"ENSG00000143452","HORMAD1",1.50446819952977,19.7355011407111,1.59629134718553e-71,6.65121394660638e-70
"ENSG00000133328","HRASLS2",-0.893648684428536,-19.6881989311496,3.02464365278975e-71,1.24985274908667e-69
"ENSG00000104783","KCNN4",0.992553507322282,19.6762594188608,3.55381828079781e-71,1.45648290196631e-69
"ENSG00000133019","CHRM3",1.10916944194485,19.5703331417531,1.48332080341384e-70,6.02975936347091e-69
"ENSG00000168907","PLA2G4F",-0.632375399767661,-19.5410809121878,2.19980502649512e-70,8.87018155844805e-69
"ENSG00000089101","CFAP61",-0.883887703805797,-19.5108967632586,3.30283208497807e-70,1.32113283399123e-68
"ENSG00000274173","RP4-568C11.4",-0.371768163061017,-19.4805389222402,4.96938111825747e-70,1.97197663422916e-68
"ENSG00000118307","CASC1",-0.965056411379853,-19.4658120144922,6.05803161116587e-70,2.38505181541963e-68
"ENSG00000163661","PTX3",1.1515694978974,19.423623886677,1.06818052952585e-69,4.17258019346037e-68
"ENSG00000166959","MS4A8",-1.28777521627432,-19.3973564202606,1.52021381418081e-69,5.89230160535199e-68
"ENSG00000167646","DNAAF3",-1.07179696217226,-19.2786666886201,7.47195221328766e-69,2.87382777434141e-67
"ENSG00000103534","TMC5",-1.07280856125316,-19.2318836130753,1.39818767161154e-68,5.33659416645628e-67
"ENSG00000160188","RSPH1",-0.859396451693103,-19.1849824308094,2.61896297056402e-68,9.92031428243948e-67
"ENSG00000167183","PRR15L",-0.427550419834918,-19.1366147031216,4.99973808654691e-68,1.87960078441613e-66
"ENSG00000104332","SFRP1",1.20365666963896,19.1161076522706,6.57546056122104e-68,2.45353006015711e-66
"ENSG00000110169","HPX",-1.27487721547053,-19.0972198807793,8.46187200087054e-68,3.13402666698909e-66
"ENSG00000186832","KRT16",0.905678404923139,19.0382343512888,1.85901635440005e-67,6.83461895000019e-66
"ENSG00000186007","LEMD1",1.30338878480752,19.0100732500152,2.70600582168217e-67,9.87593365577434e-66
"ENSG00000168993","CPLX1",-0.869246687772441,-18.9723415924364,4.47338760219677e-67,1.62079260949158e-65
"ENSG00000185634","SHC4",1.21744151227087,18.9683947062488,4.71479208538517e-67,1.69596837603783e-65
"ENSG00000170743","SYT9",-1.44755016428013,-18.9622156083948,5.11910857004105e-67,1.82825306072895e-65
"ENSG00000163694","RBM47",-0.516004477828566,-18.9339910291093,7.45331951570865e-67,2.64302110486122e-65
"ENSG00000197594","ENPP1",-0.814721829221201,-18.9302565236683,7.83303858968033e-67,2.7581121794649e-65
"ENSG00000174502","SLC26A9",1.14595840109352,18.8975111792531,1.21082924394183e-66,4.23366868511128e-65
"ENSG00000203760","CENPW",0.851724490413608,18.8457256580383,2.40965208992446e-66,8.36684753445992e-65
"ENSG00000104044","OCA2",1.37185880627607,18.8181782627771,3.47380843625219e-66,1.197864978018e-64
"ENSG00000260807","RP11-161M6.2",0.904605834169606,18.8043873328081,4.17153585717564e-66,1.42860817026563e-64
"ENSG00000187045","TMPRSS6",-1.34062707771726,-18.7863393709862,5.300147877056e-66,1.80277138675374e-64
"ENSG00000179023","KLHDC7A",-1.21342838106472,-18.7410429941942,9.66289956076e-66,3.26449309485135e-64
"ENSG00000170500","LONRF2",-0.990245428017245,-18.7400321175304,9.79321426407682e-66,3.28631351143518e-64
"ENSG00000227036","LINC00511",0.756705334590749,18.6705074961658,2.4589359905341e-65,8.19645330178034e-64
"ENSG00000167964","RAB26",-0.845004280017655,-18.6575627367308,2.91825404861404e-65,9.66309287620543e-64
"ENSG00000082175","PGR",-1.50172620433261,-18.649941848615,3.22775152515875e-65,1.06176037011801e-63
"ENSG00000172771","EFCAB12",-1.17442270167255,-18.6140199248099,5.1897855028925e-65,1.69600833427859e-63
"ENSG00000166535","A2ML1",1.12700994959002,18.6084178745991,5.58855396978766e-65,1.81446557460638e-63
"ENSG00000278621","CTD-2033D15.3",-1.15977931478603,-18.5820751751113,7.91455139430755e-65,2.55308109493792e-63
"ENSG00000117115","PADI2",0.994765985438437,18.5262378202621,1.65375347600608e-64,5.30049191027591e-63
"ENSG00000196196","HRCT1",1.06598819215168,18.5053115135341,2.1792747371175e-64,6.9403654048328e-63
"ENSG00000109846","CRYAB",0.735662417526667,18.5026648833263,2.25665287824979e-64,7.14130657673985e-63
"ENSG00000168306","ACOX2",-1.3058471651276,-18.4940643356539,2.52754758473362e-64,7.94826284507429e-63
"ENSG00000158220","ESYT3",0.96650335457427,18.476036319386,3.20532007319512e-64,1.00166252287347e-62
"ENSG00000261857","MIA",1.34202816500526,18.4427152694572,4.97110816070606e-64,1.54382241015716e-62
"ENSG00000118242","MREG",-0.674037600222177,-18.4146794294697,7.18943208444876e-64,2.21896051989159e-62
"ENSG00000267795","SMIM22",-0.515663597324189,-18.3709952351567,1.27694373614755e-63,3.91700532560598e-62
"ENSG00000134533","RERG",-0.809072471124771,-18.3694660039948,1.30286847326191e-63,3.97215997945704e-62
"ENSG00000215217","C5orf49",-0.741112341212141,-18.3450956415165,1.79458764202241e-63,5.43814436976489e-62
"ENSG00000046653","GPM6B",0.67687955754964,18.3421700530688,1.86489190294831e-63,5.61714428598888e-62
"ENSG00000167608","TMC4",-0.649493471446298,-18.2620993663445,5.33308344502091e-63,1.59673157036554e-61
"ENSG00000275216","RP11-54H7.4",1.05977017330393,18.260531864949,5.44381233044369e-63,1.62018224120348e-61
"ENSG00000103528","SYT17",-1.15597871176851,-18.2494072944405,6.29843872953599e-63,1.86344341110532e-61
"ENSG00000165731","RET",-1.41869725594222,-18.195594320549,1.27451741163211e-62,3.73881048246676e-61
"ENSG00000003989","SLC7A2",-1.39181475126659,-18.1953456270268,1.27867318500363e-62,3.73881048246676e-61
"ENSG00000165105","RASEF",-0.521911721075851,-18.189867900054,1.37371772171366e-62,3.99336547009784e-61
"ENSG00000073792","IGF2BP2",1.04720484410496,18.1772715339475,1.61989116012311e-62,4.68176635873732e-61
"ENSG00000166780","C16orf45",-1.11192920506958,-18.0860117253798,5.33949386396528e-62,1.5343373172314e-60
"ENSG00000130513","GDF15",-0.977968735519823,-18.0604027986211,7.45865038598073e-62,2.13104296742307e-60
"ENSG00000160191","PDE9A",0.832250672203381,18.0496910654937,8.57731809650797e-62,2.43673809559886e-60
"ENSG00000105388","CEACAM5",-0.965552839139343,-18.0389369743085,9.8688607175076e-62,2.7878137620078e-60
"ENSG00000112379","ARFGEF3",-0.596646943010003,-18.0256716920724,1.17323534228225e-61,3.29560489405126e-60
"ENSG00000168743","NPNT",-0.812665535142813,-17.9927573586865,1.80163558520404e-61,5.03250163464815e-60
"ENSG00000105289","TJP3",-0.441670491227128,-17.9687539777548,2.46276204343766e-61,6.84100567621573e-60
"ENSG00000254615","RP11-395G23.3",0.960122611830413,17.9578326418026,2.83898931856703e-61,7.84251192974318e-60
"ENSG00000144354","CDCA7",1.0851623209933,17.9559766271525,2.90840364602739e-61,7.99011990666864e-60
"ENSG00000116299","KIAA1324",-0.656137962588161,-17.951048244053,3.10105537362471e-61,8.472828889685e-60
"ENSG00000128298","BAIAP2L2",1.03575449089805,17.9457783678944,3.32116718166811e-61,9.02491081975031e-60
"ENSG00000088002","SULT2B1",-0.680248244081029,-17.8979344065231,6.18715770440593e-61,1.67220478497458e-59
"ENSG00000196620","UGT2B15",-1.14510434575966,-17.8743587862866,8.40462221490571e-61,2.25930704701766e-59
"ENSG00000099864","PALM",-0.863939962462839,-17.8655060569314,9.42866645496446e-61,2.52103381148782e-59
"ENSG00000258818","RNASE4",-0.72421308029659,-17.8542790585072,1.09083277450674e-60,2.90115099602858e-59
"ENSG00000225194","LINC00092",1.49432525038839,17.8460599161447,1.21365121690866e-60,3.21071750504936e-59
"ENSG00000184709","LRRC26",-0.821905899355122,-17.793361766448,2.40412002397141e-60,6.32663164203003e-59
"ENSG00000118997","DNAH7",-0.809145968256209,-17.7366717347273,5.01034755808082e-60,1.31160930839812e-58
"ENSG00000146013","GFRA3",1.10499759913773,17.7297033651682,5.48323899459261e-60,1.42792682150849e-58
"ENSG00000130045","NXNL2",-1.11025674374927,-17.7039776889778,7.64859596976417e-60,1.98150154657103e-58
"ENSG00000101425","BPI",1.28499473939004,17.6912415581364,9.01793501039922e-60,2.3242100542266e-58
"ENSG00000102854","MSLN",1.02241207862274,17.68812254823,9.38900879957644e-60,2.40743815373755e-58
"ENSG00000173210","ABLIM3",-0.960150328337609,-17.6378723335222,1.79710232390545e-59,4.58444470384044e-58
"ENSG00000214447","FAM187A",-0.818256807563801,-17.59759706058,3.02199794073715e-59,7.67004553486587e-58
"ENSG00000141639","MAPK4",1.1843846744948,17.4865331870514,1.26336033586652e-58,3.19030387845081e-57
"ENSG00000244731","C4A",-1.14778609336629,-17.4742090159948,1.48030429231464e-58,3.7193575183785e-57
"ENSG00000125999","BPIFB1",-0.991029719130474,-17.4523544996275,1.96038592614029e-58,4.90096481535071e-57
"ENSG00000185904","LINC00839",0.906908365656466,17.4309738899501,2.5799938360195e-58,6.41789511447636e-57
"ENSG00000007062","PROM1",1.19529945822992,17.4190298326049,3.00761448151801e-58,7.44459030078716e-57
"ENSG00000186603","HPDL",1.15322159077159,17.3880178608963,4.47770120275899e-58,1.10288206964507e-56
"ENSG00000065361","ERBB3",-0.416654940673363,-17.3519983596347,7.10584937938963e-58,1.7416297498504e-56
"ENSG00000268204","CTD-3214H19.6",-0.688226564508542,-17.3200597240974,1.06977407860878e-57,2.60920506977752e-56
"ENSG00000163873","GRIK3",-0.997869265071336,-17.2940685053483,1.49200241912686e-57,3.6213650949681e-56
"ENSG00000163735","CXCL5",1.02119058312175,17.2810028773143,1.76343356233889e-57,4.25950135830649e-56
"ENSG00000260228","RP11-483P21.2",-0.767510519219243,-17.2719872606335,1.97894062267411e-57,4.75706880450507e-56
"ENSG00000224389","C4B",-1.12510120529532,-17.2609406423686,2.27913524851856e-57,5.45247667109702e-56
"ENSG00000165591","FAAH2",-0.558930502217199,-17.2230915845998,3.69649757009351e-57,8.80118469069884e-56
"ENSG00000105419","MEIS3",-0.675429837285996,-17.1953185587233,5.26940627619249e-57,1.2486744730314e-55
"ENSG00000157388","CACNA1D",-0.873049024120553,-17.1870594946275,5.8549956776181e-57,1.3808952069854e-55
"ENSG00000062038","CDH3",0.661172225472565,17.1692519862392,7.34794075340029e-57,1.72486872145547e-55
"ENSG00000139629","GALNT6",-0.985220411862634,-17.1490212012782,9.50974538740454e-57,2.22190312789826e-55
"ENSG00000231367","AC016995.3",0.911591755641833,17.1275562447731,1.25007565430888e-56,2.90715268443925e-55
"ENSG00000164076","CAMKV",1.01321453153362,17.1099990117792,1.563253241728e-56,3.61864176325925e-55
"ENSG00000151715","TMEM45B",-0.872648654367492,-17.1037600607476,1.69246565668611e-56,3.89969045319381e-55
"ENSG00000078018","MAP2",0.694163199178533,17.0908988080067,1.99343121525922e-56,4.5720899432551e-55
"ENSG00000101210","EEF1A2",-1.10953820545121,-17.0696071130432,2.61348359960836e-56,5.96685753335243e-55
"ENSG00000090539","CHRD",-0.91830691242297,-17.0630685876054,2.84004689581168e-56,6.45465203593565e-55
"ENSG00000115596","WNT6",1.18449993012862,17.0393703115264,3.83823771577468e-56,8.68379573704678e-55
"ENSG00000076344","RGS11",-0.761672080824298,-17.0218506845018,4.79488458331946e-56,1.07992896020709e-54
"ENSG00000132554","RGS22",-1.06762386716522,-17.0065819750863,5.82060878086329e-56,1.30506923337742e-54
"ENSG00000105695","MAG",-0.968615414372795,-16.9025441112454,2.17596864130007e-55,4.85707286004479e-54
"ENSG00000103460","TOX3",-0.793027103493575,-16.8997935392607,2.25304710385837e-55,5.00677134190749e-54
"ENSG00000118849","RARRES1",0.963562753051369,16.8745799024348,3.09951140382806e-55,6.85732611466385e-54
"ENSG00000101311","FERMT1",0.951215878112939,16.7800537800818,1.02262870302936e-54,2.25248613002061e-53
"ENSG00000136457","CHAD",-1.57245305938433,-16.7715195941066,1.13881496147466e-54,2.49740123130407e-53
"ENSG00000133048","CHI3L1",0.937718947324363,16.6931413772865,3.05578440302131e-54,6.67201834720811e-53
"ENSG00000175592","FOSL1",0.814168370350913,16.6763638350691,3.77358607433347e-54,8.20344798768146e-53
"ENSG00000152076","CCDC74B",-1.01801499562037,-16.6759362939411,3.79392468966995e-54,8.21195820274882e-53
"ENSG00000205363","C15orf59",-0.778921663489314,-16.6686815854746,4.15619668205555e-54,8.95732043546456e-53
"ENSG00000214100","AC079776.2",-1.38826187697898,-16.6597068460116,4.65245555511234e-54,9.98381020410374e-53
"ENSG00000146090","RASGEF1C",1.07405474930475,16.6356199687405,6.29635283273099e-54,1.34086029626242e-52
"ENSG00000049283","EPN3",-0.41387801394659,-16.6355480282722,6.30204339243335e-54,1.34086029626242e-52
"ENSG00000006377","DLX6",1.07692355283348,16.586826431836,1.1614321419832e-53,2.46066131776102e-52
"ENSG00000150054","MPP7",-0.872801026576836,-16.5504371175269,1.83251155083105e-53,3.8533486450487e-52
"ENSG00000135773","CAPN9",-0.849362670477776,-16.5503638518409,1.83419395504318e-53,3.8533486450487e-52
"ENSG00000117399","CDC20",0.600466253832185,16.5072952886627,3.14462138242804e-53,6.57870582097917e-52
"ENSG00000170482","SLC23A1",-0.976631075571736,-16.5030013090891,3.31813363007184e-53,6.91277839598299e-52
"ENSG00000160307","S100B",0.903609107878517,16.4943313259081,3.69812128150456e-53,7.67245079150324e-52
"ENSG00000184661","CDCA2",0.580728195164445,16.4872764453806,4.03912692454686e-53,8.34530356311335e-52
"ENSG00000069482","GAL",0.813612038511311,16.4646024069568,5.36224041758377e-53,1.1033416497086e-51
"ENSG00000137309","HMGA1",0.601303980034807,16.4521161801585,6.26723919790489e-53,1.28427032743953e-51
"ENSG00000088386","SLC15A1",1.09510887813448,16.4490975519813,6.50798507291522e-53,1.32816021896229e-51
"ENSG00000260618","RP11-23N2.4",-0.87720828558625,-16.4465642827506,6.71712625232676e-53,1.36526956348105e-51
"ENSG00000188001","TPRG1",-1.214058290265,-16.4280167226514,8.46695643594922e-53,1.71395879270227e-51
"ENSG00000163751","CPA3",-0.789205081025195,-16.4054491970798,1.12198053515597e-52,2.26205753055638e-51
"ENSG00000233041","PHGR1",-1.22427279464212,-16.3891058803922,1.37553252169612e-52,2.76211349738176e-51
"ENSG00000114812","VIPR1",-0.625851233828956,-16.3873689078542,1.40563479452488e-52,2.81126958904977e-51
"ENSG00000100867","DHRS2",-1.32480947023416,-16.386628042192,1.4186733040289e-52,2.82604243830458e-51
"ENSG00000187889","C1orf168",-0.850553292776374,-16.3763741319517,1.61202471487413e-52,3.19846173586136e-51
"ENSG00000075461","CACNG4",-0.796820544852176,-16.3743982899021,1.65219759795512e-52,3.26521264418008e-51
"ENSG00000136943","CTSV",0.597713611086225,16.3634424755293,1.89376677555306e-52,3.72788735345091e-51
"ENSG00000183837","PNMA3",1.16847157790159,16.3452430961131,2.37536175565751e-52,4.6575720699167e-51
"ENSG00000152049","KCNE4",-1.04789705949547,-16.3269104412382,2.98398863548991e-52,5.82810280369122e-51
"ENSG00000197165","SULT1A2",-0.936300345118661,-16.3187600000001,3.30234855486149e-52,6.4248026359173e-51
"ENSG00000179869","ABCA13",1.20790997214559,16.317025826624,3.37433999776091e-52,6.53941860031185e-51
"ENSG00000143674","MLK4",0.843166592528562,16.2828357233298,5.16105904376418e-52,9.9634344474212e-51
"ENSG00000203709","C1orf132",-1.18733166963734,-16.2213769339367,1.10656980341326e-51,2.12801885271781e-50
"ENSG00000196090","PTPRT",-1.10026086132575,-16.2101387567598,1.27197522410994e-51,2.43673414580447e-50
"ENSG00000184731","FAM110C",-0.609223282547915,-16.191065101727,1.61105596792608e-51,3.07453428993526e-50
"ENSG00000141665","FBXO15",-0.895487678279698,-16.1597466038946,2.37407484198187e-51,4.51345026992752e-50
"ENSG00000142606","MMEL1",-0.737414551505617,-16.1560440734847,2.48536333225636e-51,4.70712752321281e-50
"ENSG00000111344","RASAL1",0.811144267528195,16.1431514685212,2.9150742562804e-51,5.50014010618944e-50
"ENSG00000138131","LOXL4",0.880148869864611,16.1426067520065,2.93477787083343e-51,5.51649975720569e-50
"ENSG00000100302","RASD2",0.730720127802419,16.1372746443979,3.13480625434108e-51,5.87042369726794e-50
"ENSG00000135374","ELF5",0.996157351617473,16.1337268763781,3.27537373891519e-51,6.11077190096117e-50
"ENSG00000218416","PP14571",-1.22811127374401,-16.1139899298132,4.1802377845277e-51,7.76995870730056e-50
"ENSG00000157193","LRP8",0.881082824034169,16.1062645139482,4.5988537512983e-51,8.5163958357376e-50
"ENSG00000268104","SLC6A14",0.951567900576005,16.0822884202403,6.18330784217285e-51,1.14083170519794e-49
"ENSG00000198732","SMOC1",0.914709745875886,16.0814001544044,6.25147151575864e-51,1.14916755804387e-49
"ENSG00000146233","CYP39A1",0.845045023944314,16.0775023069923,6.55955441079562e-51,1.20138359172081e-49
"ENSG00000162989","KCNJ3",-1.49221050191082,-16.0434531417274,9.98302262503286e-51,1.82171945712279e-49
"ENSG00000119938","PPP1R3C",-0.867870078048107,-16.0059129649886,1.58531318683742e-50,2.88238761243167e-49
"ENSG00000007306","CEACAM7",-0.859069787616543,-15.9914184274662,1.89495904545658e-50,3.43289682147932e-49
"ENSG00000185761","ADAMTSL5",-0.972181740961702,-15.9238481748615,4.34838805091465e-50,7.84907590417806e-49
"ENSG00000268496","CTD-2587H19.2",1.12602938939189,15.9165303472197,4.75714773854271e-50,8.55602111248688e-49
"ENSG00000128833","MYO5C",-0.617768812997948,-15.8964709432719,6.08490593516008e-50,1.0904849346165e-48
"ENSG00000133808","MICALCL",-0.72406189091733,-15.8871418034539,6.8225934040033e-50,1.21832025071487e-48
"ENSG00000080854","IGSF9B",-1.10926993953841,-15.8633362648063,9.13460277737347e-50,1.625374159675e-48
"ENSG00000154654","NCAM2",-0.897962890446303,-15.8586818484061,9.67069945742181e-50,1.71466302436557e-48
"ENSG00000154928","EPHB1",0.758626258089299,15.8567766537827,9.89908744913761e-50,1.74895537970629e-48
"ENSG00000131831","RAI2",-0.7854193139076,-15.8553761441323,1.00703986758069e-49,1.77295751334629e-48
"ENSG00000162545","CAMK2N1",-0.753411673847103,-15.8217776478047,1.5195139131372e-49,2.66581388269684e-48
"ENSG00000019169","MARCO",1.12293393130188,15.8199394096656,1.55408074625677e-49,2.71692438156778e-48
"ENSG00000197748","CFAP43",-0.837157719046635,-15.7880678356351,2.29483533734073e-49,3.99797097097688e-48
"ENSG00000125869","LAMP5",-0.674943951852341,-15.7853475009446,2.37241939400334e-49,4.11878367014468e-48
"ENSG00000113494","PRLR",-0.571639494137117,-15.7797357317003,2.54082854570847e-49,4.39589713790393e-48
"ENSG00000167771","RCOR2",0.844021634571028,15.7635304801957,3.09707182931402e-49,5.33977901605865e-48
"ENSG00000177679","SRRM3",-0.745986420784767,-15.7438553311857,3.93797457205082e-49,6.76627933342065e-48
"ENSG00000099769","IGFALS",-1.32195237690241,-15.6975159164013,6.92942852703206e-49,1.18654598065617e-47
"ENSG00000152953","STK32B",-1.19759374827604,-15.6957990941045,7.07591556735033e-49,1.20749412412122e-47
"ENSG00000171385","KCND3",-1.06940812781849,-15.6491807797855,1.24817774822553e-48,2.1227512724924e-47
"ENSG00000053108","FSTL4",-0.824044827192103,-15.6416311132059,1.36822635917865e-48,2.31902772742143e-47
"ENSG00000135111","TBX3",-0.681162805087551,-15.6388668340718,1.41500443889317e-48,2.39021020083306e-47
"ENSG00000231852","CYP21A2",-1.04395656329614,-15.6342091188006,1.49745882099267e-48,2.5209744461156e-47
"ENSG00000171236","LRG1",-1.15830003835232,-15.6132891629397,1.93100262051551e-48,3.23993728274415e-47
"ENSG00000099337","KCNK6",-0.787341232915048,-15.5896471589772,2.5732555498798e-48,4.3031029262204e-47
"ENSG00000184454","NCMAP",0.838051934683794,15.5737532651547,3.12074135283995e-48,5.20123558806658e-47
"ENSG00000110693","SOX6",1.04380016404656,15.5656022323216,3.44510841005946e-48,5.7227714452815e-47
"ENSG00000078081","LAMP3",0.69529181437278,15.5576678936717,3.79310240528142e-48,6.27997086967123e-47
"ENSG00000170011","MYRIP",-0.949174650520401,-15.5321424089149,5.16848672925557e-48,8.52885598887058e-47
"ENSG00000182580","EPHB3",0.557784049840211,15.515896928585,6.29243348428592e-48,1.03493971781018e-46
"ENSG00000259171","RP11-903H12.5",-0.442978209696622,-15.5151781129002,6.34744070684543e-48,1.04056405030253e-46
"ENSG00000090534","THPO",-0.941340194928936,-15.4966459169906,7.94365596092043e-48,1.2979830001504e-46
"ENSG00000230148","HOXB-AS1",-0.676422452320573,-15.4950717312612,8.09641607146222e-48,1.31681740591231e-46
"ENSG00000172159","FRMD3",0.804595705896029,15.4949169315066,8.11159522041982e-48,1.31681740591231e-46
"ENSG00000179348","GATA2",-1.07765044619616,-15.4859998420827,9.03559788289975e-48,1.46207085483815e-46
"ENSG00000149534","MS4A2",-0.781208050767738,-15.4820046395844,9.48294003476575e-48,1.52950645722028e-46
"ENSG00000160460","SPTBN4",-0.820486456779646,-15.4631731686473,1.19075251486157e-47,1.91439311070991e-46
"ENSG00000137673","MMP7",0.578812183382624,15.4361263690755,1.65089977250875e-47,2.64567271235377e-46
"ENSG00000225526","MKRN2OS",-0.733329142060296,-15.4317748931447,1.7399536626624e-47,2.77947869434888e-46
"ENSG00000135638","EMX1",-1.16319854113214,-15.4309461964321,1.75744828740436e-47,2.79848453408338e-46
"ENSG00000159763","PIP",-1.04521630652784,-15.4160692056554,2.10310546030152e-47,3.33826263539924e-46
"ENSG00000106571","GLI3",-0.687211529782198,-15.3942695172728,2.73558597972154e-47,4.32845882867333e-46
"ENSG00000132031","MATN3",-0.786101735415207,-15.3932662517229,2.76887561833638e-47,4.36731170084603e-46
"ENSG00000103056","SMPD3",-0.930025911175559,-15.3925691969266,2.79224229049393e-47,4.39031806681436e-46
"ENSG00000182253","SYNM",0.790198340529055,15.3891847332618,2.90852128734717e-47,4.55881079521499e-46
"ENSG00000164434","FABP7",1.1477031118319,15.3833823152636,3.11921590540416e-47,4.873774852194e-46
"ENSG00000225472","RP11-120J1.1",1.07058315321187,15.3638210630052,3.94815005978606e-47,6.14976644826489e-46
"ENSG00000106927","AMBP",-0.784539893902826,-15.3499432094989,4.66618085872388e-47,7.2456224514346e-46
"ENSG00000075223","SEMA3C",-0.659929170116153,-15.315588538602,7.05419364148438e-47,1.09198043985826e-45
"ENSG00000232803","SLCO4A1-AS1",1.18029861893327,15.2991880291156,8.59118471669235e-47,1.32580011060067e-45
"ENSG00000153132","CLGN",-0.973548623814224,-15.2871129355355,9.93227638566094e-47,1.52804252087091e-45
"ENSG00000049130","KITLG",-0.718816622670413,-15.275874453973,1.13672410394371e-46,1.74344187721428e-45
"ENSG00000134690","CDCA8",0.582498028818047,15.2584691972046,1.40078787841485e-46,2.14187748993097e-45
"ENSG00000079337","RAPGEF3",-0.663967410873389,-15.2150445448924,2.35750569503143e-46,3.59375868145035e-45
"ENSG00000121753","ADGRB2",-0.823359911630735,-15.1716763781085,3.96167722368242e-46,6.0207860542286e-45
"ENSG00000010310","GIPR",-0.918494198939948,-15.1591211990462,4.60334075424737e-46,6.97475871855662e-45
"ENSG00000198133","TMEM229B",-0.766533518716991,-15.1487040399946,5.21365458029385e-46,7.87561114848013e-45
"ENSG00000140022","STON2",-0.896637615889541,-15.1354711837424,6.1065485133271e-46,9.19660920681792e-45
"ENSG00000154277","UCHL1",0.602661868189924,15.1312947926701,6.41883765569243e-46,9.63789437791657e-45
"ENSG00000064886","CHI3L2",1.03353760437295,15.1305769561642,6.47409495704538e-46,9.69175891773261e-45
"ENSG00000103257","SLC7A5",0.902455590209504,15.1220702771498,7.16616511761198e-46,1.06957688322567e-44
"ENSG00000232352","SEMA3B-AS1",-1.01112274008384,-15.1090165671837,8.37421398679222e-46,1.2461627956536e-44
"ENSG00000172201","ID4",0.712190587945879,15.1002373240019,9.29882866597146e-46,1.37964817002544e-44
"ENSG00000229776","C4B-AS1",-1.02740333995738,-15.0987968371154,9.45997107440105e-46,1.39527596967567e-44
"ENSG00000233627","C4A-AS1",-1.02740333995738,-15.0987968371154,9.45997107440105e-46,1.39527596967567e-44
"ENSG00000137440","FGFBP1",1.00198503066798,15.0963917516175,9.73524733557249e-46,1.43165401993713e-44
"ENSG00000134240","HMGCS2",-1.04949220386838,-15.0950432014112,9.89307583887243e-46,1.4505976303332e-44
"ENSG00000170421","KRT8",-0.347423014948945,-15.0723613856802,1.29643609094185e-45,1.89537440196177e-44
"ENSG00000092758","COL9A3",1.05414223898883,15.0650286036152,1.41478445732816e-45,2.0623680135979e-44
"ENSG00000147889","CDKN2A",0.658548705544118,15.0578168704203,1.54167546066329e-45,2.24080735561525e-44
"ENSG00000111846","GCNT2",0.967719414799057,15.0386764760377,1.93618814072719e-45,2.80404879450273e-44
"ENSG00000152977","ZIC1",1.0411847857005,15.0384937949881,1.94040176579589e-45,2.80404879450273e-44
"ENSG00000152939","MARVELD2",-0.412267223394183,-15.0343977491474,2.03731666507465e-45,2.93561479117384e-44
"ENSG00000198807","PAX9",-0.702860442553954,-15.0145946537573,2.5783838919225e-45,3.70457455735991e-44
"ENSG00000148798","INA",0.874851123664284,15.0028363191469,2.96515043552816e-45,4.24806652654463e-44
"ENSG00000136883","KIF12",-0.564406666690481,-14.9848386073979,3.6719990187103e-45,5.24571288387186e-44
"ENSG00000157303","SUSD3",-1.20508101602835,-14.9695775200197,4.4013869358397e-45,6.26978195988562e-44
"ENSG00000084628","NKAIN1",-0.924534248733195,-14.9569694149328,5.11167391032597e-45,7.26090044080394e-44
"ENSG00000135116","HRK",0.970406671707327,14.9510860940599,5.48114237518198e-45,7.76365775521526e-44
"ENSG00000259345","RP11-624L4.1",-0.790246154240851,-14.9320890064206,6.86575226381289e-45,9.69739020312555e-44
"ENSG00000114248","LRRC31",-1.27899855310011,-14.9068275241551,9.26084687151678e-45,1.3043446297911e-43
"ENSG00000116133","DHCR24",-0.60628134856344,-14.9036438287097,9.61658555716219e-45,1.35064403892727e-43
"ENSG00000182107","TMEM30B",-0.388502062479262,-14.8801655464656,1.26964301993696e-44,1.77821151251676e-43
"ENSG00000249992","TMEM158",0.872944748326624,14.8690654969027,1.44773654620903e-44,2.02197841649306e-43
"ENSG00000177359","OVOS2",1.15654499533254,14.8666564141604,1.489563210864e-44,2.07460057223399e-43
"ENSG00000136231","IGF2BP3",0.839566293475776,14.863482567031,1.54651184644667e-44,2.14793312006482e-43
"ENSG00000168421","RHOH",-0.83106440409174,-14.8586513930849,1.63739073567827e-44,2.26785420454054e-43
"ENSG00000126562","WNK4",-1.17650558555664,-14.8553881621691,1.70176786248142e-44,2.35050809735002e-43
"ENSG00000277010","RP11-616M22.12",-1.175777285852,-14.8487047096164,1.84160048780256e-44,2.53663979036165e-43
"ENSG00000234964","FABP5P7",0.663780129457397,14.8468356377536,1.88271544832801e-44,2.58614759385716e-43
"ENSG00000171119","NRTN",0.755836611244015,14.834049849468,2.1895934368858e-44,2.99944306422712e-43
"ENSG00000188910","GJB3",0.857355953889804,14.8254431468322,2.42375805305908e-44,3.31114488122825e-43
"ENSG00000168280","KIF5C",-0.777452877730235,-14.8236938180472,2.47432139475884e-44,3.37101007460332e-43
"ENSG00000225511","LINC00475",-0.836675878707988,-14.8221788040819,2.51896071142943e-44,3.42250096661607e-43
"ENSG00000173917","HOXB2",-0.910397489197902,-14.8127974677283,2.81381625629399e-44,3.81275915486991e-43
"ENSG00000182575","NXPH3",-0.815106350419519,-14.8053676098642,3.07154816698022e-44,4.15074076618949e-43
"ENSG00000204338","CYP21A1P",-1.09239227846747,-14.7877541553357,3.78044821296601e-44,5.0949436832426e-43
"ENSG00000140284","SLC27A2",-0.81207782217258,-14.7802937990882,4.12784864548137e-44,5.54818366328142e-43
"ENSG00000198598","MMP17",-0.841462883194441,-14.7749030927772,4.39850699624217e-44,5.89612197887691e-43
"ENSG00000026559","KCNG1",1.0569053581753,14.7616271093559,5.14288680538459e-44,6.87551711949812e-43
"ENSG00000136099","PCDH8",1.01572371725599,14.7484865646694,6.00317652600639e-44,8.00423536800852e-43
"ENSG00000112394","SLC16A10",0.901624314622974,14.7367333515398,6.89340630650586e-44,9.16676370545992e-43
"ENSG00000010438","PRSS3",0.920921646420295,14.7261775866746,7.80449184314456e-44,1.03507849378575e-42
"ENSG00000013588","GPRC5A",-0.538200102171166,-14.6841492659495,1.27870507324098e-43,1.69140882703833e-42
"ENSG00000115163","CENPA",0.482517703205784,14.6563805562732,1.77112294665218e-43,2.33657380824826e-42
"ENSG00000162814","SPATA17",-0.523720302687187,-14.6500372417209,1.90785442825364e-43,2.51033477401794e-42
"ENSG00000086205","FOLH1",0.484136604079964,14.6249820394168,2.55877513080432e-43,3.3579726126041e-42
"ENSG00000135549","PKIB",-0.771489181245625,-14.6079833833441,3.12214223795393e-43,4.08657360988734e-42
"ENSG00000134874","DZIP1",0.50758765039228,14.5351558154696,7.31202613976814e-43,9.5457260310289e-42
"ENSG00000181418","DDN",0.730768316425894,14.5225336175486,8.47192972513236e-43,1.10311584962661e-41
"ENSG00000176678","FOXL1",0.574249289129826,14.5045993102132,1.04419595963733e-42,1.35609864887965e-41
"ENSG00000143365","RORC",-0.535995293389703,-14.4796748671727,1.3959248985157e-42,1.808192873725e-41
"ENSG00000080986","NDC80",0.502496731441784,14.4357684290835,2.32621698347224e-42,3.00544829905974e-41
"ENSG00000085999","RAD54L",0.662222206589656,14.4345235338177,2.36011325736713e-42,3.04138306361743e-41
"ENSG00000140519","RHCG",0.900591617582948,14.4286367813271,2.52718601240239e-42,3.24831106992595e-41
"ENSG00000157613","CREB3L1",-0.665650979297611,-14.4228236120512,2.70372937545137e-42,3.46631971211715e-41
"ENSG00000149926","FAM57B",-0.669666019232853,-14.3964962596195,3.67020522260308e-42,4.69335706215227e-41
"ENSG00000102554","KLF5",0.679420967454093,14.3827544173547,4.30438794762511e-42,5.49029074952183e-41
"ENSG00000105880","DLX5",0.554131601590337,14.3773319166011,4.58368808532113e-42,5.83166423068846e-41
"ENSG00000166743","ACSM1",-0.78041739056544,-14.3740529266623,4.76126789260626e-42,6.0422181378252e-41
"ENSG00000091482","SMPX",0.886723899518489,14.367580454084,5.13216584819578e-42,6.4964124660706e-41
"ENSG00000166682","TMPRSS5",1.02692006519335,14.3590444275467,5.6656783317705e-42,7.15363425728598e-41
"ENSG00000109101","FOXN1",-0.643542395454221,-14.3537868578228,6.02142337948091e-42,7.58365664922029e-41
"ENSG00000249306","LINC01411",-1.08109220520547,-14.3111992716954,9.8563258516614e-42,1.23823189091224e-40
"ENSG00000164309","CMYA5",-0.651578364712014,-14.3081495135465,1.02100165847334e-41,1.27945069984128e-40
"ENSG00000232415","CTB-51J22.1",-0.914607272343687,-14.3046247371685,1.06345777569876e-41,1.32932221962345e-40
"ENSG00000027869","SH2D2A",0.805126453362548,14.2964185944124,1.1692399314127e-41,1.45790515138741e-40
"ENSG00000146955","RAB19",-0.425624813516985,-14.2930024107403,1.21630905994004e-41,1.51282221385577e-40
"ENSG00000280237","MIR4697HG",-0.814789531282233,-14.2919983195984,1.23049934010751e-41,1.52667411924009e-40
"ENSG00000101098","RIMS4",-0.959220736785497,-14.2699409487325,1.58740551548489e-41,1.9646107864912e-40
"ENSG00000197472","ZNF695",0.593851458115416,14.2024044198776,3.45708883429464e-41,4.26801090653659e-40
"ENSG00000183831","ANKRD45",0.67523541062478,14.2015201052505,3.49244969163032e-41,4.30104641826394e-40
"ENSG00000177459","ERICH5",1.01780270731515,14.1953965174439,3.74739967420854e-41,4.60368510345029e-40
"ENSG00000178999","AURKB",0.456539730672501,14.1820320802263,4.37003660904288e-41,5.35543702088588e-40
"ENSG00000254726","MEX3A",0.655189901343568,14.1651659165,5.30489711981547e-41,6.48520430295289e-40
"ENSG00000112742","TTK",0.483056003482346,14.1621226936863,5.49365728864154e-41,6.69958205931895e-40
"ENSG00000165821","SALL2",-0.702083621194006,-14.1577161008938,5.77890285508162e-41,7.03029544413823e-40
"ENSG00000101213","PTK6",-0.598800831073013,-14.1165771100056,9.26577451511998e-41,1.12448719843689e-39
"ENSG00000257341","AL928654.7",-0.778864050591908,-14.1100088589546,9.9904335486988e-41,1.20949558700954e-39
"ENSG00000111206","FOXM1",0.610134832443796,14.1045607309632,1.06341544382582e-40,1.28431816887176e-39
"ENSG00000012171","SEMA3B",-0.977026833207022,-14.0986958992878,1.13733569425393e-40,1.37028396898064e-39
"ENSG00000164855","TMEM184A",-0.469641485063985,-14.0860297932785,1.31490695726592e-40,1.58041701594461e-39
"ENSG00000170369","CST2",-0.713376943326085,-14.0823389602918,1.37166560223098e-40,1.64468297629614e-39
"ENSG00000172236","TPSAB1",-0.632016846717495,-14.0677168704056,1.62154886159853e-40,1.9396517483236e-39
"ENSG00000112981","NME5",-0.808945779154593,-14.0671459600329,1.63217575623677e-40,1.94770376639233e-39
"ENSG00000198944","SOWAHA",-0.905126902772944,-14.0660652462524,1.65248244021463e-40,1.96724100025551e-39
"ENSG00000173838","MARCH10",-0.852850807546477,-14.0483902583579,2.0226743759121e-40,2.40222609965807e-39
"ENSG00000100968","NFATC4",-0.674276932406368,-14.043161507086,2.14725455323235e-40,2.5441404659151e-39
"ENSG00000157502","MUM1L1",-0.831435460981647,-14.0371968989498,2.29872477623055e-40,2.71358709351672e-39
"ENSG00000204655","MOG",0.80431318371633,14.0371056873315,2.30112185530218e-40,2.71358709351672e-39
"ENSG00000177614","PGBD5",0.777625170771083,14.0325066377036,2.42527067218578e-40,2.85325961433622e-39
"ENSG00000149403","GRIK4",-0.780951357681877,-14.021821708391,2.74006885398087e-40,3.21604325584609e-39
"ENSG00000214456","PLIN5",-1.0017075093986,-13.9795770030599,4.43679483349597e-40,5.19531010948005e-39
"ENSG00000069764","PLA2G10",-0.782530718613145,-13.9477917690165,6.3723420496554e-40,7.44432482436379e-39
"ENSG00000140534","TICRR",0.709352205757406,13.9432128691804,6.7132233750249e-40,7.82426966786119e-39
"ENSG00000155918","RAET1L",0.928633286869996,13.9344273075344,7.41895102374714e-40,8.62668723691528e-39
"ENSG00000176842","IRX5",-0.335887113085705,-13.9015834210418,1.0776615495685e-39,1.25018741249246e-38
"ENSG00000196557","CACNA1H",-0.925151705916859,-13.8876794076321,1.26197610114289e-39,1.4606204874339e-38
"ENSG00000142449","FBN3",0.865619369197238,13.8873719546345,1.26638827651638e-39,1.46234212068867e-38
"ENSG00000150556","LYPD6B",-0.550979661234303,-13.8814219405951,1.3548665630282e-39,1.56090617860391e-38
"ENSG00000234753","FOXP4-AS1",0.521729742306822,13.8778072872768,1.41159657597085e-39,1.6225247999665e-38
"ENSG00000196660","SLC30A10",0.716455599431989,13.8725616152174,1.4981583388368e-39,1.71807148949174e-38
"ENSG00000142945","KIF2C",0.588920162331007,13.8469910303948,2.0020081790148e-39,2.29062720711076e-38
"ENSG00000237438","CECR7",0.806669125751558,13.8150310544113,2.87496781375748e-39,3.28192672803365e-38
"ENSG00000250742","RP11-834C11.4",-0.475428701653546,-13.7972083238807,3.51706796984317e-39,4.00577217522001e-38
"ENSG00000130829","DUSP9",0.843150959077206,13.7950026108471,3.60587496168563e-39,4.09758518373367e-38
"ENSG00000167755","KLK6",0.859087894329749,13.7889474017859,3.86132010775839e-39,4.37791395437459e-38
"ENSG00000206075","SERPINB5",0.653520433647112,13.7790912222474,4.31621100521223e-39,4.88259163485547e-38
"ENSG00000150594","ADRA2A",-0.724489215492868,-13.7737365875571,4.58532647758011e-39,5.17531205144482e-38
"ENSG00000149573","MPZL2",0.495980359703849,13.7690996571066,4.83183368904425e-39,5.44125415432911e-38
"ENSG00000129195","FAM64A",0.475760830184736,13.7358552898223,7.0310258831489e-39,7.90002908218978e-38
"ENSG00000171811","CFAP46",-1.13643768156426,-13.7313713154372,7.39558725505397e-39,8.29101710207844e-38
"ENSG00000171903","CYP4F11",-0.876776449048655,-13.6869889757544,1.21907855085071e-38,1.36362254010147e-37
"ENSG00000164045","CDC25A",0.666241033785166,13.6632691316231,1.59168598394328e-38,1.7764352499367e-37
"ENSG00000174963","ZIC4",0.879889893617324,13.6584305764082,1.68061783523497e-38,1.87151206596321e-37
"ENSG00000139910","NOVA1",-0.859229845043142,-13.6448051258532,1.95853533167182e-38,2.17615036852425e-37
"ENSG00000197757","HOXC6",-0.297407788607648,-13.633989096633,2.21136490950716e-38,2.45162406818976e-37
"ENSG00000140451","PIF1",0.768964476568819,13.632862920865,2.23948987511369e-38,2.47731180875408e-37
"ENSG00000146411","SLC2A12",0.788524373396031,13.6281451323344,2.36123544408543e-38,2.60622013695964e-37
"ENSG00000106123","EPHB6",0.815656353479743,13.6217836286505,2.53589662117094e-38,2.79283768851425e-37
"ENSG00000164099","PRSS12",0.826692045331347,13.6165049923468,2.69055169626715e-38,2.95665021567818e-37
"ENSG00000034053","APBA2",0.721283285079411,13.6081836762908,2.95364241329086e-38,3.23864299702945e-37
"ENSG00000105855","ITGB8",0.709462140818049,13.607082228764,2.99033407261778e-38,3.27170029826891e-37
"ENSG00000189001","SBSN",0.907302184721655,13.6039376105666,3.09760515967012e-38,3.38166502147394e-37
"ENSG00000158806","NPM2",0.911521091154877,13.6010500910405,3.19947727317767e-38,3.48526936075998e-37
"ENSG00000267385","CTB-50L17.14",-1.01577771802868,-13.5983309359622,3.29845748362253e-38,3.58527987350275e-37
"ENSG00000188833","ENTPD8",-0.757927546898964,-13.593691255678,3.47443752120962e-38,3.76837041345945e-37
"ENSG00000131097","HIGD1B",-0.430370274110006,-13.5801391538367,4.04382474144536e-38,4.37643370286294e-37
"ENSG00000266010","GATA6-AS1",0.778815269080683,13.5591060725634,5.11682254951932e-38,5.52572629537724e-37
"ENSG00000147697","GSDMC",0.594380572471018,13.5522293304014,5.52580431120091e-38,5.9545305077596e-37
"ENSG00000163235","TGFA",0.636683914463772,13.5466320032077,5.88260390695629e-38,6.32538054511429e-37
"ENSG00000236699","ARHGEF38",-0.524132279666074,-13.5446860466789,6.01194845440379e-38,6.45058847039033e-37
"ENSG00000167191","GPRC5B",0.49883411897916,13.543059890614,6.1222058334412e-38,6.55482423280642e-37
"ENSG00000130940","CASZ1",-0.464545983355189,-13.5378526504947,6.48899829402164e-38,6.93269048506585e-37
"ENSG00000280403","FKSG62",1.11138919811684,13.5277428758166,7.26475431714932e-38,7.74494063661974e-37
"ENSG00000227051","C14orf132",-0.702085538477026,-13.523495063338,7.61764068766932e-38,8.10387307198864e-37
"ENSG00000126460","PRRG2",-0.417897722182589,-13.4771025192942,1.27800441569579e-37,1.35669258566432e-36
"ENSG00000181143","MUC16",0.79578843935208,13.4708097725267,1.3708025651834e-37,1.45212136142309e-36
"ENSG00000085840","ORC1",0.628202115037574,13.4701154177484,1.38144453017191e-37,1.46030077185191e-36
"ENSG00000136546","SCN7A",-0.761653064310057,-13.4550148008145,1.63435673811359e-37,1.72400499801011e-36
"ENSG00000154102","C16orf74",-0.677444888339109,-13.4487412798547,1.75252753853017e-37,1.84476583003176e-36
"ENSG00000187957","DNER",0.839390292331769,13.4108385989966,2.67082647930126e-37,2.80548999926602e-36
"ENSG00000137699","TRIM29",0.682986758302764,13.4053710111627,2.8380115128671e-37,2.97485483529046e-36
"ENSG00000135423","GLS2",-0.696583295224512,-13.3994895793869,3.02949911519014e-37,3.16893212885997e-36
"ENSG00000115705","TPO",-0.470196387830542,-13.3983454613887,3.06821754055032e-37,3.20273229702539e-36
"ENSG00000260552","RP11-49I11.1",0.414261495744168,13.392093908508,3.28864498974137e-37,3.42567186431392e-36
"ENSG00000170423","KRT78",0.777002863057888,13.383384414553,3.62225924923303e-37,3.76065051446303e-36
"ENSG00000166143","PPP1R14D",-0.554663473810019,-13.383309579984,3.62526709594236e-37,3.76065051446303e-36
"ENSG00000188488","SERPINA5",-0.833046032700225,-13.3609514348755,4.64495949356329e-37,4.80844668070734e-36
"ENSG00000183248","PRR36",-0.458151992617486,-13.2856933527104,1.06772960978415e-36,1.10302645638858e-35
"ENSG00000213424","KRT222",-0.844261954663681,-13.2835404621108,1.09340936805667e-36,1.12722615263575e-35
"ENSG00000158315","RHBDL2",0.493426526493034,13.2818999310657,1.11338968134786e-36,1.14546263513154e-35
"ENSG00000133321","RARRES3",-0.943908062736065,-13.2763015365632,1.18435026761452e-36,1.2159653671607e-35
"ENSG00000071991","CDH19",0.979320804865173,13.2638176124637,1.35921809268674e-36,1.39264148840854e-35
"ENSG00000131019","ULBP3",0.832967491239191,13.2582535730344,1.44522060689961e-36,1.47773068190145e-35
"ENSG00000161798","AQP5",0.962905165338785,13.2569246892717,1.4665498281051e-36,1.49647941643378e-35
"ENSG00000280693","SH3PXD2A-AS1",0.599318963889419,13.2415940182206,1.73648170780274e-36,1.76831131140809e-35
"ENSG00000100290","BIK",-0.367391747344795,-13.2409928756433,1.74801920415845e-36,1.77644228064883e-35
"ENSG00000122733","PHF24",0.804594523122193,13.2343367819513,1.88098213852908e-36,1.90768979566844e-35
"ENSG00000091490","SEL1L3",0.718785779224523,13.2189462975565,2.22824720739317e-36,2.25531093865705e-35
"ENSG00000126878","AIF1L",0.673056257359042,13.1953599414545,2.88813644032036e-36,2.91730953567713e-35
"ENSG00000114805","PLCH1",1.00079709288586,13.1745365490289,3.63050874247652e-36,3.65978703878682e-35
"ENSG00000029153","ARNTL2",0.704895651243184,13.1584195426831,4.33304463290662e-36,4.35919983189801e-35
"ENSG00000176165","FOXG1",0.682446059144887,13.1373153184676,5.4613450080861e-36,5.48327812056838e-35
"ENSG00000050628","PTGER3",-0.660860290942291,-13.1332973090698,5.70719987128149e-36,5.71863714557264e-35
"ENSG00000145703","IQGAP2",-0.717376677679365,-13.1258932478919,6.18945382705888e-36,6.18945382705888e-35
"ENSG00000165863","C10orf82",-1.22275210301744,-13.1123254167888,7.18085168317803e-36,7.16651864588626e-35
"ENSG00000136002","ARHGEF4",0.550905734956932,13.0809282636815,1.01233243925612e-35,1.00829924228697e-34
"ENSG00000065328","MCM10",0.57239078774655,13.0771372216693,1.05515479000068e-35,1.04886162027901e-34
"ENSG00000130222","GADD45G",-0.652226348559612,-13.076459743484,1.06299509505354e-35,1.05455862604518e-34
"ENSG00000112562","SMOC2",-0.5256060523947,-13.0750714370276,1.07924330209814e-35,1.06855772484964e-34
"ENSG00000108852","MPP2",-0.800876232951287,-13.0648398848717,1.20686410460836e-35,1.19255346305174e-34
"ENSG00000277363","SRCIN1",-0.623427238534175,-13.0477323059178,1.45466282617328e-35,1.43457872403677e-34
"ENSG00000156049","GNA14",-0.757777952645103,-13.0443265328256,1.50973331593772e-35,1.48595798812768e-34
"ENSG00000120875","DUSP4",-0.852735132478217,-13.0423096298162,1.54331944390251e-35,1.51603088791996e-34
"ENSG00000100146","SOX10",0.953245346579456,13.0248842790217,1.86626245733326e-35,1.82966907581692e-34
"ENSG00000204175","GPRIN2",0.754750125512192,13.0104333816946,2.18448781363614e-35,2.13746361412538e-34
"ENSG00000130234","ACE2",0.917843376388217,12.9919052824129,2.67267388305095e-35,2.61003308891695e-34
"ENSG00000115112","TFCP2L1",0.707572306704242,12.9891275647005,2.75468097238543e-35,2.68487424209106e-34
"ENSG00000124102","PI3",0.870208566890245,12.9883444824038,2.77824932243958e-35,2.70257716190621e-34
"ENSG00000111665","CDCA3",0.664825766916772,12.9714700294667,3.33782980664028e-35,3.24061146275755e-34
"ENSG00000211452","DIO1",-0.964196124036338,-12.9701853506058,3.38476532390963e-35,3.27981136037755e-34
"ENSG00000011426","ANLN",0.539923648308685,12.9623450757892,3.68578796812563e-35,3.56459184538262e-34
"ENSG00000020633","RUNX3",0.662853515129576,12.9579640109833,3.8654510805195e-35,3.73113038660183e-34
"ENSG00000158164","TMSB15A",0.707116474435613,12.9411274458616,4.64079469683095e-35,4.47090047864254e-34
"ENSG00000198515","CNGA1",0.872061754742018,12.9375903506245,4.82239508592707e-35,4.63691835185295e-34
"ENSG00000185479","KRT6B",0.773328103779938,12.9307111361497,5.19608397957354e-35,4.98664489402451e-34
"ENSG00000124493","GRM4",-0.787740438578265,-12.9266500824397,5.4300728785255e-35,5.20121923230412e-34
"ENSG00000228649","AC005682.5",0.9510741927031,12.9065177868144,6.75429577737295e-35,6.45726173745024e-34
"ENSG00000100167","SEPT3",0.555230771724037,12.9048210621176,6.87959874839542e-35,6.56450262251471e-34
"ENSG00000144063","MALL",0.462538151312281,12.904230784324,6.9237309725481e-35,6.59402949766486e-34
"ENSG00000152611","CAPSL",-0.801093888489304,-12.903797502271,6.95630460162156e-35,6.61172256446304e-34
"ENSG00000123572","NRK",-0.64026312017181,-12.9036324172869,6.96875558294405e-35,6.61172256446304e-34
"ENSG00000133454","MYO18B",-0.829841497919468,-12.8947740262986,7.67043402723929e-35,7.26366858640085e-34
"ENSG00000203886","CYP17A1-AS1",-0.831567685521358,-12.8879180425225,8.26139842604644e-35,7.80850512858832e-34
"ENSG00000086548","CEACAM6",-0.686094991750778,-12.8811684493158,8.88742555987074e-35,8.38436373572711e-34
"ENSG00000154493","C10orf90",0.77726959057253,12.8670715609101,1.03512937751493e-34,9.74698095588449e-34
"ENSG00000187715","KBTBD12",0.954793684755873,12.8422430225999,1.35365456265366e-34,1.27223173181735e-33
"ENSG00000124302","CHST8",-1.00380425280134,-12.8366188423756,1.43840071662203e-34,1.34934401184055e-33
"ENSG00000127585","FBXL16",-0.622930039116551,-12.8313978085274,1.5217900197208e-34,1.42489702221049e-33
"ENSG00000171243","SOSTDC1",0.891971472599673,12.8224551840757,1.67594644309673e-34,1.56630508700629e-33
"ENSG00000259479","SORD2P",-0.537210232327293,-12.8186818293556,1.7455664955414e-34,1.62832695479609e-33
"ENSG00000205517","RGL3",-0.734809588112789,-12.8070165795909,1.97952253089379e-34,1.84313084813202e-33
"ENSG00000143867","OSR1",0.72882041497425,12.7998712862732,2.13797671623843e-34,1.98696720840003e-33
"ENSG00000126262","FFAR2",-0.736425919889474,-12.7854066788952,2.49841557032743e-34,2.31763967562841e-33
"ENSG00000118495","PLAGL1",0.664785175428743,12.7800663539189,2.64626014712786e-34,2.45024087697024e-33
"ENSG00000144891","AGTR1",-0.860315602796909,-12.7782238667008,2.69926296023391e-34,2.494697745133e-33
"ENSG00000006210","CX3CL1",0.523349267153609,12.7683398447195,3.0021594267832e-34,2.76951976640516e-33
"ENSG00000196932","TMEM26",-0.785953414288072,-12.7664258425342,3.06461022422164e-34,2.82192470001993e-33
"ENSG00000140379","BCL2A1",0.638027730908723,12.7581496627713,3.34987187989941e-34,3.07892636020166e-33
"ENSG00000141449","GREB1L",-0.767613490574751,-12.7536679939619,3.51521892980366e-34,3.22497149523272e-33
"ENSG00000174469","CNTNAP2",-0.835998726005241,-12.7421378775027,3.97889232073188e-34,3.64367428638451e-33
"ENSG00000197299","BLM",0.59938094244513,12.7140105643052,5.3813797924923e-34,4.91899432586133e-33
"ENSG00000276600","RAB7B",0.543977263677384,12.7117517859479,5.51335382031436e-34,5.03043231780507e-33
"ENSG00000163293","NIPAL1",0.625608599664993,12.7030066754042,6.055389376184e-34,5.51492657211658e-33
"ENSG00000175591","P2RY2",-0.632969454744097,-12.6938356692452,6.68084887204009e-34,6.0734989745819e-33
"ENSG00000129151","BBOX1",0.746251298819733,12.6899856687668,6.96220276371953e-34,6.31778835183261e-33
"ENSG00000267259","CTD-2008P7.9",-0.507186401370432,-12.6803657578449,7.71782100566844e-34,6.99077989643881e-33
"ENSG00000062282","DGAT2",0.717156542403065,12.6721304725593,8.42915483396049e-34,7.62129731822829e-33
"ENSG00000157111","TMEM171",0.63203768904418,12.6691615840438,8.70128880076021e-34,7.8531487371482e-33
"ENSG00000164742","ADCY1",-0.96615025584006,-12.6675815509491,8.84966400195691e-34,7.97267027203325e-33
"ENSG00000115507","OTX1",0.551895562176806,12.6658338189568,9.01672135921288e-34,8.10856237339287e-33
"ENSG00000113924","HGD",-0.730290085386718,-12.6432647468745,1.14778868632728e-33,1.03033095720581e-32
"ENSG00000168453","HR",0.637942916688104,12.6359444815119,1.24116994457885e-33,1.11215944854736e-32
"ENSG00000188931","CFAP126",-0.718284167121939,-12.6264733115313,1.37328983849206e-33,1.22834511493029e-32
"ENSG00000197253","TPSB2",-0.660150611699181,-12.6252044093601,1.39202230187253e-33,1.24287705524333e-32
"ENSG00000163106","HPGDS",-0.574477605618487,-12.6185794517401,1.49403287394486e-33,1.33158010155513e-32
"ENSG00000180537","RNF182",0.72034635475748,12.5785567195872,2.2891795165806e-33,2.03663658058773e-32
"ENSG00000148488","ST8SIA6",-0.870009223576814,-12.5745289050893,2.38950656970825e-33,2.12211951128619e-32
"ENSG00000115457","IGFBP2",-0.663757729586194,-12.5671481853544,2.5848371376182e-33,2.29152228512252e-32
"ENSG00000147509","RGS20",0.645778361176774,12.554399712539,2.96035919454551e-33,2.61978689782788e-32
"ENSG00000150687","PRSS23",-0.637528849278075,-12.5493920764269,3.12229489548569e-33,2.75821103841492e-32
"ENSG00000101134","DOK5",0.473178768870021,12.5444414771498,3.29104552146085e-33,2.90215654449811e-32
"ENSG00000105707","HPN",-0.616149954408661,-12.5374192566525,3.54608722067102e-33,3.12155565199914e-32
"ENSG00000127423","AUNIP",0.581441499973806,12.5343220124712,3.66473718598061e-33,3.22033144638015e-32
"ENSG00000130653","PNPLA7",-0.639641234362018,-12.5326882809767,3.7289053420834e-33,3.27096959831877e-32
"ENSG00000214274","ANG",-0.506128799709951,-12.5306410215149,3.81089594969635e-33,3.33703673353446e-32
"ENSG00000170153","RNF150",0.594778346081144,12.5240219376477,4.08845663737285e-33,3.57382573196928e-32
"ENSG00000149970","CNKSR2",0.682736925019059,12.5226193439424,4.14980646401506e-33,3.62112256894857e-32
"ENSG00000241935","HOGA1",-0.853452212066137,-12.5148214566069,4.50797038748337e-33,3.92680347341757e-32
"ENSG00000256124","LINC01152",0.85658882489442,12.5092445895165,4.78282735246878e-33,4.1589803064946e-32
"ENSG00000153347","FAM81B",-0.828966367421015,-12.5027530592643,5.12382508674178e-33,4.44776483224113e-32
"ENSG00000011201","ANOS1",-0.52653340041435,-12.4996683359621,5.29423760057268e-33,4.58772755682208e-32
"ENSG00000169507","SLC38A11",-0.783669330810254,-12.4968169003053,5.45677275610793e-33,4.72039165753281e-32
"ENSG00000143850","PLEKHA6",-0.490094015300741,-12.4960361269833,5.50213712247515e-33,4.75141374997854e-32
"ENSG00000171954","CYP4F22",-0.815537092317945,-12.4793075745444,6.56949089592032e-33,5.66335422062096e-32
"ENSG00000122735","DNAI1",-0.639619290485273,-12.4680441198935,7.40180033304258e-33,6.36987980468381e-32
"ENSG00000123473","STIL",0.558149085610671,12.464388113335,7.69389368053553e-33,6.60987429599272e-32
"ENSG00000237649","KIFC1",0.442794478876596,12.4604856928048,8.01833565639827e-33,6.8767887276143e-32
"ENSG00000163739","CXCL1",0.84510351776448,12.4602806660937,8.03575270149924e-33,6.87992525813291e-32
"ENSG00000166426","CRABP1",0.886504836846117,12.452214859578,8.75164701752474e-33,7.48004018591858e-32
"ENSG00000251095","RP11-115D19.1",-1.00258833494526,-12.4202918209996,1.22636644445942e-32,1.04638775124523e-31
"ENSG00000131044","TTLL9",-0.775766626585165,-12.4199625098657,1.23063853172918e-32,1.04824406450526e-31
"ENSG00000156127","BATF",-0.516160112217608,-12.4187295260792,1.2467656848855e-32,1.06017490211352e-31
"ENSG00000163362","C1orf106",0.67434958608163,12.4080861782852,1.39501310108351e-32,1.18422164777887e-31
"ENSG00000024526","DEPDC1",0.454292118319761,12.3976629472228,1.55716684717636e-32,1.31963292133589e-31
"ENSG00000187730","GABRD",-0.395787395631844,-12.3882721122557,1.71924790377396e-32,1.45452445327746e-31
"ENSG00000164199","ADGRV1",-0.857052730070608,-12.3857649754245,1.76528841502417e-32,1.49095305322987e-31
"ENSG00000113739","STC2",-0.850826662132599,-12.3734018180152,2.01089159970733e-32,1.69552411442439e-31
"ENSG00000158560","DYNC1I1",0.520847389407965,12.3669533296508,2.15219338640516e-32,1.81161059461714e-31
"ENSG00000105976","MET",0.573524394194519,12.3474765678002,2.64177759196598e-32,2.21998116971931e-31
"ENSG00000187123","LYPD6",-0.734420097638918,-12.3469629848505,2.65608639820349e-32,2.22826040117742e-31
"ENSG00000181617","FDCSP",0.887224699408547,12.3391652804339,2.88305163843605e-32,2.41461611259301e-31
"ENSG00000273045","C2orf15",-0.441970912476591,-12.3136901523619,3.7677701183034e-32,3.15030946346438e-31
"ENSG00000144452","ABCA12",-0.752843345431836,-12.3087046277111,3.97019685627994e-32,3.31402074814686e-31
"ENSG00000154099","DNAAF1",-0.805960865200898,-12.3083939134838,3.98316497747565e-32,3.31930414789637e-31
"ENSG00000101670","LIPG",0.571712604100951,12.3061295456006,4.07895279648298e-32,3.39347154449499e-31
"ENSG00000165868","HSPA12A",-0.407572646998944,-12.3037817781034,4.18068850816486e-32,3.47233264797746e-31
"ENSG00000165304","MELK",0.400073149098329,12.2685587335744,6.04779847189532e-32,5.01475826856992e-31
"ENSG00000111052","LIN7A",-1.04226057078396,-12.2650327392903,6.27526069544193e-32,5.1947522313261e-31
"ENSG00000169679","BUB1",0.439003484360985,12.2621316633505,6.46877515318743e-32,5.3460951679235e-31
"ENSG00000113763","UNC5A",-0.725505976140727,-12.2557155022619,6.91809871840545e-32,5.70800224290878e-31
"ENSG00000188803","SHISA6",-0.565176243372431,-12.2550181793027,6.96876487818626e-32,5.74033350756694e-31
"ENSG00000100095","SEZ6L",-0.837416271625035,-12.2468777770371,7.58824942651133e-32,6.24033669943366e-31
"ENSG00000111199","TRPV4",0.471182331928361,12.2390319360378,8.23707722420562e-32,6.76278918243483e-31
"ENSG00000134760","DSG1",0.877429893455289,12.2383398662151,8.29689114379469e-32,6.80073044573336e-31
"ENSG00000131037","EPS8L1",-0.386953440139334,-12.2373997160888,8.37883867680295e-32,6.85666012831665e-31
"ENSG00000130528","HRC",-0.526899468985712,-12.2316088802798,8.9016441459133e-32,7.27258508653047e-31
"ENSG00000115590","IL1R2",0.683728526437559,12.2127018628465,1.08451536211699e-31,8.8459654332544e-31
"ENSG00000128510","CPA4",0.58837041720221,12.2046566106336,1.17951311747768e-31,9.59063461757173e-31
"ENSG00000186377","CYP4X1",-0.901133502522588,-12.2046456474661,1.17964805796132e-31,9.59063461757173e-31
"ENSG00000132164","SLC6A11",0.808926426301304,12.2015621075073,1.21821790050691e-31,9.88813230930934e-31
"ENSG00000108244","KRT23",0.600697535822497,12.1819942533738,1.49395253528151e-31,1.210658456468e-30
"ENSG00000107954","NEURL1",-0.997583381947494,-12.1800574016752,1.52441215528507e-31,1.23334316770637e-30
"ENSG00000185499","MUC1",-0.643120766269134,-12.1738453931405,1.62633351222277e-31,1.3136781197276e-30
"ENSG00000115598","IL1RL2",0.637336248158218,12.1594940196305,1.88845646239453e-31,1.52294875999559e-30
"ENSG00000123485","HJURP",0.405008707278818,12.1491623864124,2.10278254465086e-31,1.69306163015367e-30
"ENSG00000171234","UGT2B7",0.726144805818606,12.1432547378664,2.23603210554634e-31,1.79745346105011e-30
"ENSG00000165905","GYLTL1B",0.393411066540158,12.1425810229504,2.25175172297184e-31,1.80718436835621e-30
"ENSG00000101489","CELF4",0.662657780262149,12.1339054775487,2.46427134028311e-31,1.97427518087336e-30
"ENSG00000091651","ORC6",0.662487617143725,12.1337660836924,2.4678439760917e-31,1.97427518087336e-30
"ENSG00000144857","BOC",0.493467292080164,12.1303194097548,2.55783860708691e-31,2.04300208233779e-30
"ENSG00000269210","RP11-173C1.1",0.840181798114073,12.1288979197453,2.59589835645776e-31,2.07009438314016e-30
"ENSG00000169684","CHRNA5",0.847421234167543,12.1215751507855,2.80106922586723e-31,2.2301506575376e-30
"ENSG00000159713","TPPP3",-0.626801275799607,-12.1153906500804,2.98685455015495e-31,2.37428819567166e-30
"ENSG00000142910","TINAGL1",0.521412214163498,12.0985328177774,3.5578527751302e-31,2.82369267867476e-30
"ENSG00000261616","RP11-6O2.3",0.695599761788712,12.0927142853981,3.77914585638609e-31,2.99456882439468e-30
"ENSG00000065621","GSTO2",-0.607122535763485,-12.0902248956619,3.8779551735551e-31,3.06800251072397e-30
"ENSG00000165646","SLC18A2",-0.751677245904886,-12.0737066533254,4.60193133854176e-31,3.63501685508827e-30
"ENSG00000188175","HEPACAM2",-0.89150058835165,-12.0654012709711,5.01522554957882e-31,3.95522519682872e-30
"ENSG00000167656","LY6D",0.817585606335607,12.0572749976284,5.45529361475662e-31,4.29550678327293e-30
"ENSG00000163624","CDS1",-0.276135473942023,-12.0519847732333,5.7622033693161e-31,4.5300340953743e-30
"ENSG00000157765","SLC34A2",0.750288096430322,12.033689844229,6.96204998248127e-31,5.46471741168074e-30
"ENSG00000185046","ANKS1B",-0.416400291124427,-12.0187019974852,8.12777546437296e-31,6.36972998775311e-30
"ENSG00000124935","SCGB1D2",-0.89475070419441,-12.0177572945533,8.20743839087365e-31,6.42209576750677e-30
"ENSG00000197977","ELOVL2",-0.959549523428778,-12.0173571601897,8.24141371407909e-31,6.43860446412429e-30
"ENSG00000231106","LINC01436",0.629658122986366,12.0035012699248,9.50827850661061e-31,7.41675390531249e-30
"ENSG00000130287","NCAN",0.758545206901346,12.0002205415276,9.83554404290409e-31,7.66008103029913e-30
"ENSG00000057149","SERPINB3",0.692057305995893,11.9959010253397,1.02835728325706e-30,7.9965574125743e-30
"ENSG00000174371","EXO1",0.454224479692814,11.9667911189235,1.38800563988588e-30,1.07764413034618e-29
"ENSG00000134762","DSC3",0.670106652256302,11.9613848623419,1.46742653612276e-30,1.13753995048276e-29
"ENSG00000149633","KIAA1755",0.487799447697517,11.9605173134969,1.48058543101911e-30,1.14596395589714e-29
"ENSG00000138180","CEP55",0.367265472641553,11.9476262690253,1.69052231156387e-30,1.30643146179588e-29
"ENSG00000140600","SH3GL3",0.77195602801891,11.9302524672882,2.02099629016231e-30,1.55941071771783e-29
"ENSG00000236060","HSPB1P1",-0.287253838646274,-11.9297913427667,2.03059160297027e-30,1.56440031045475e-29
"ENSG00000127083","OMD",-0.611924606684801,-11.9159917164915,2.33968220605151e-30,1.79975554311654e-29
"ENSG00000182667","NTM",-0.361877615716755,-11.9004583370967,2.74386517510123e-30,2.10742332957084e-29
"ENSG00000081277","PKP1",0.621222807283145,11.8942966051472,2.92279055513755e-30,2.24140379995211e-29
"ENSG00000118322","ATP10B",0.709970407413301,11.8859993505729,3.18218410025297e-30,2.43658813189355e-29
"ENSG00000152154","TMEM178A",-0.492821591687409,-11.880160216841,3.3783298609166e-30,2.58282099458455e-29
"ENSG00000158458","NRG2",0.750505407131923,11.8730066089344,3.63508350836484e-30,2.77487290714873e-29
"ENSG00000075218","GTSE1",0.473152345850066,11.872224300169,3.66431275280811e-30,2.79292130549399e-29
"ENSG00000273046","RP11-834C11.14",-0.319173876240379,-11.8661071591404,3.90107046992939e-30,2.96885119477123e-29
"ENSG00000181019","NQO1",-0.629423044901497,-11.8490722686669,4.64358947591762e-30,3.52856343154834e-29
"ENSG00000163218","PGLYRP4",0.839257378148928,11.8396204091458,5.11454187453568e-30,3.8762203325823e-29
"ENSG00000121380","BCL2L14",0.541080127987796,11.8395808251458,5.11661083900864e-30,3.8762203325823e-29
"ENSG00000109472","CPE",-0.413913637070306,-11.8323657784873,5.50796486844502e-30,4.16638794889941e-29
"ENSG00000149300","C11orf52",-0.340515511258505,-11.8168837737366,6.45103293391937e-30,4.87238137002974e-29
"ENSG00000106789","CORO2A",-0.491041911815353,-11.8085260559138,7.02516089228147e-30,5.29800972268587e-29
"ENSG00000075340","ADD2",0.596177307472648,11.8037356979041,7.37684418025182e-30,5.55485254537035e-29
"ENSG00000213412","HNRNPA1P33",0.782753943294437,11.7960825163885,7.97536496715878e-30,5.99651501290134e-29
"ENSG00000079393","DUSP13",-0.829717932525755,-11.7810918685126,9.29112131944194e-30,6.97531630588734e-29
"ENSG00000224397","LINC01272",0.613701366211383,11.7731224716843,1.00762761253719e-29,7.5534303788395e-29
"ENSG00000106714","CNTNAP3",0.810167239523963,11.7588284304401,1.16533459637839e-29,8.72256434414962e-29
"ENSG00000067715","SYT1",-0.858470255293595,-11.7575681785131,1.18036358127229e-29,8.821850383201e-29
"ENSG00000166851","PLK1",0.582148690389936,11.7413822277578,1.39140711598249e-29,1.03836351938992e-28
"ENSG00000154839","SKA1",0.430633385815511,11.7295835797648,1.56850225416689e-29,1.16877962307518e-28
"ENSG00000237517","DGCR5",0.615440183181225,11.6988611931653,2.14187911168664e-29,1.59366005333827e-28
"ENSG00000136155","SCEL",0.803843206109065,11.6918990184556,2.29838873362884e-29,1.70756963865441e-28
"ENSG00000115138","POMC",0.708512963786585,11.6896195785027,2.35206095735811e-29,1.74485234225379e-28
"ENSG00000185352","HS6ST3",-0.881099742243956,-11.6688062411471,2.90350640628168e-29,2.15074548613458e-28
"ENSG00000071967","CYBRD1",-0.756442779295108,-11.6577331762584,3.24744449635573e-29,2.40195598842879e-28
"ENSG00000173698","ADGRG2",0.64217701932578,11.6550317219602,3.3373224269334e-29,2.46478761221078e-28
"ENSG00000162722","TRIM58",-0.858022022728806,-11.6480549327013,3.58104392432435e-29,2.64088784979672e-28
"ENSG00000166126","AMN",0.679987599797666,11.6459730971753,3.65713871108673e-29,2.69303292421703e-28
"ENSG00000107159","CA9",0.92884661273207,11.638264447717,3.95316255574129e-29,2.90673717333918e-28
"ENSG00000272666","CTA-384D8.35",0.488354448182747,11.6271841704439,4.42084299555752e-29,3.24584654593063e-28
"ENSG00000198125","MB",-0.355789467480145,-11.6183808819677,4.83128900934124e-29,3.54200073998625e-28
"ENSG00000167723","TRPV3",0.808226230553039,11.6103319551923,5.2396076097968e-29,3.83573031463894e-28
"ENSG00000077063","CTTNBP2",-0.609137957549324,-11.5904829452722,6.3990815218607e-29,4.67769117095081e-28
"ENSG00000172137","CALB2",0.551780618479149,11.5885938504708,6.52191273266684e-29,4.76052024282251e-28
"ENSG00000170786","SDR16C5",-0.761733491815148,-11.5860894449623,6.68837182319344e-29,4.8749065766716e-28
"ENSG00000177602","GSG2",0.411492237005498,11.5857246457042,6.71296854328855e-29,4.88571218579953e-28
"ENSG00000232354","VIPR1-AS1",-0.535747534419251,-11.583276868533,6.88035239910005e-29,5.00025610399713e-28
"ENSG00000066279","ASPM",0.414022625227874,11.582357344674,6.94429750192676e-29,5.03940312186267e-28
"ENSG00000112414","ADGRG6",0.69666588068961,11.5755136604898,7.43914481061719e-29,5.39068464537478e-28
"ENSG00000120093","HOXB3",-0.655067134857517,-11.5742857594673,7.53156835886174e-29,5.44976002811993e-28
"ENSG00000167619","TMEM145",-0.734596767453768,-11.5601104395238,8.68483718813099e-29,6.27517137870736e-28
"ENSG00000072041","SLC6A15",0.872458561616084,11.5566573258957,8.99138505843778e-29,6.48729080695367e-28
"ENSG00000276649","RP5-858L17.1",0.878709773271124,11.5547305874755,9.16707947744316e-29,6.60452411919536e-28
"ENSG00000169436","COL22A1",0.566763400784733,11.5292073952546,1.18431876615747e-28,8.52027889321924e-28
"ENSG00000243955","GSTA1",0.69499146367057,11.5242666612533,1.24446175540335e-28,8.94009881755279e-28
"ENSG00000154917","RAB6B",0.673853049752861,11.5148555563388,1.36754368682834e-28,9.81021296146583e-28
"ENSG00000170425","ADORA2B",0.641524664676523,11.51200367602,1.40717674290859e-28,1.00800626282851e-27
"ENSG00000129451","KLK10",0.766467610858696,11.4963234774891,1.64637224750873e-28,1.17766255186605e-27
"ENSG00000196218","RYR1",0.684934753354982,11.4948271481471,1.67120909921512e-28,1.19372078515366e-27
"ENSG00000163145","C1QTNF7",-0.641538350414868,-11.4935540141356,1.69263418433916e-28,1.20729970352294e-27
"ENSG00000228623","ZNF883",0.731908247841172,11.4922751362477,1.71443073189205e-28,1.22110450989462e-27
"ENSG00000141750","STAC2",0.919173452667533,11.4852171315682,1.83983826238781e-28,1.30856206428721e-27
"ENSG00000170099","SERPINA6",-1.10452514711606,-11.4847717565898,1.84805072459973e-28,1.31253602599413e-27
"ENSG00000129946","SHC2",-0.516109934507518,-11.4833820115427,1.87391175424022e-28,1.32901542853916e-27
"ENSG00000157456","CCNB2",0.42656460095207,11.4742590834579,2.05283639639142e-28,1.45385013908741e-27
"ENSG00000203952","CCDC160",-0.576703875020554,-11.4553059968823,2.48063647446622e-28,1.75433979806663e-27
"ENSG00000115009","CCL20",0.471464906069402,11.452645839806,2.54738008308759e-28,1.79899723381892e-27
"ENSG00000007968","E2F2",0.392852899602632,11.4452355058169,2.74286367616672e-28,1.93431853044197e-27
"ENSG00000093009","CDC45",0.441362267050626,11.4300073215845,3.1925986951703e-28,2.24830894026078e-27
"ENSG00000153404","PLEKHG4B",0.602702555846849,11.4200714996105,3.52479530554049e-28,2.47875900530274e-27
"ENSG00000271659","RP11-435O5.4",1.08151317383506,11.4194950339776,3.5450901837304e-28,2.48952962340618e-27
"ENSG00000185519","FAM131C",0.718860001323183,11.4127551267174,3.79116521604964e-28,2.65860113327464e-27
"ENSG00000244558","KCNK15-AS1",-0.535146135622221,-11.4076605822545,3.98836500946864e-28,2.79297269570633e-27
"ENSG00000164188","RANBP3L",-0.656450027576548,-11.4068514090192,4.02061104877282e-28,2.81161611802295e-27
"ENSG00000183150","GPR19",0.5023161979656,11.4030856241601,4.17412125048706e-28,2.91488914140158e-27
"ENSG00000109906","ZBTB16",-0.818922149646566,-11.3984857933118,4.36955262999649e-28,3.04710783123883e-27
"ENSG00000175879","HOXD8",-0.345850848732965,-11.3981930050969,4.38229557350681e-28,3.05173786455906e-27
"ENSG00000145386","CCNA2",0.56468141217162,11.3939476576294,4.57126839965822e-28,3.1789070929473e-27
"ENSG00000106809","OGN",-0.673624128480413,-11.3854927402725,4.97207548821573e-28,3.45283020014981e-27
"ENSG00000142235","LMTK3",-0.586948927489637,-11.3841720434236,5.03776123152399e-28,3.49359308704853e-27
"ENSG00000171017","LRRC8E",-0.224052771572102,-11.3661863857131,6.02299990048919e-28,4.17105256266564e-27
"ENSG00000237330","RNF223",-0.353897778030659,-11.3647297039005,6.11071348815446e-28,4.22594293786616e-27
"ENSG00000153002","CPB1",-1.09901955982297,-11.3644868572641,6.1254593500823e-28,4.23028960641043e-27
"ENSG00000104055","TGM5",0.677689604728278,11.3500957676887,7.06544947023124e-28,4.87272377257327e-27
"ENSG00000245532","NEAT1",-0.622650054011529,-11.3444802022508,7.46995547638512e-28,5.14459743552694e-27
"ENSG00000172548","NIPAL4",0.621514241495391,11.3411892391438,7.71762176327194e-28,5.30785540802747e-27
"ENSG00000155093","PTPRN2",-0.902907143659295,-11.3401525636032,7.79731534115556e-28,5.3552989980464e-27
"ENSG00000088325","TPX2",0.422090352227979,11.3256248509818,9.00405384965577e-28,6.17561992431809e-27
"ENSG00000159958","TNFRSF13C",0.736949828318785,11.3222197279674,9.31273730537927e-28,6.37858719546525e-27
"ENSG00000168309","FAM107A",0.501772636840409,11.3019688494466,1.13782165308127e-27,7.7826378459731e-27
"ENSG00000215910","C1orf167",-0.967107720208989,-11.3001043094801,1.15898690388424e-27,7.90877471117629e-27
"ENSG00000169085","C8orf46",0.623461983482569,11.3000659542744,1.15942637265844e-27,7.90877471117629e-27
"ENSG00000146410","MTFR2",0.5504480868313,11.297749589068,1.18627618370017e-27,8.08090043392484e-27
"ENSG00000073756","PTGS2",0.721489051251315,11.2964922288165,1.20110844033728e-27,8.17080571658016e-27
"ENSG00000205420","KRT6A",0.631655099687094,11.2820601707309,1.3851330331691e-27,9.40987114924663e-27
"ENSG00000268120","CTD-3193O13.11",-0.380039871460064,-11.2736640141347,1.50481197420325e-27,1.02090364599949e-26
"ENSG00000125845","BMP2",0.569863488653937,11.271589291018,1.5359345621953e-27,1.04060607194803e-26
"ENSG00000185686","PRAME",0.938321485860172,11.2498576283511,1.90293890211556e-27,1.28750940603218e-26
"ENSG00000204610","TRIM15",0.620063109438474,11.249274766711,1.913898026472e-27,1.29317434221081e-26
"ENSG00000176890","TYMS",0.501897788248314,11.2430418960154,2.0350832419932e-27,1.37320056814656e-26
"ENSG00000152137","HSPB8",-0.58712034133915,-11.2406687748438,2.08320141899069e-27,1.40377454109885e-26
"ENSG00000170465","KRT6C",0.732872428481273,11.2391348810269,2.1149028105053e-27,1.42321858042079e-26
"ENSG00000160200","CBS",0.910351603131315,11.2387935653206,2.12202180184151e-27,1.42608992059241e-26
"ENSG00000127252","HRASLS",0.753583478559633,11.236597718485,2.16839434907522e-27,1.45529822085585e-26
"ENSG00000181392","SYNE4",-0.367668131669155,-11.2322159824414,2.26395909897749e-27,1.51739885990449e-26
"ENSG00000144406","UNC80",0.696040769761989,11.2319750460362,2.26933357052448e-27,1.51896490664289e-26
"ENSG00000266036","RP11-452I5.2",-0.736070987746803,-11.2206467375916,2.53686544547748e-27,1.69576567211062e-26
"ENSG00000101187","SLCO4A1",0.690024878891357,11.2084109838825,2.86110483630267e-27,1.90994982396707e-26
"ENSG00000142627","EPHA2",0.358031310500921,11.2049456355183,2.96019541126578e-27,1.97346360751052e-26
"ENSG00000148795","CYP17A1",-0.646636489844166,-11.2017884909988,3.05343727784584e-27,2.03291429949789e-26
"ENSG00000115468","EFHD1",-0.462190637159121,-11.2012201402422,3.07052996112044e-27,2.04157577202157e-26
"ENSG00000159307","SCUBE1",-0.785440499221494,-11.2003133734733,3.0979972348516e-27,2.0571030775907e-26
"ENSG00000111247","RAD51AP1",0.51022158593524,11.194872131216,3.26802306854432e-27,2.16712405075884e-26
"ENSG00000078114","NEBL",-0.357723135156826,-11.1899461483441,3.42992667354184e-27,2.27147461823963e-26
"ENSG00000269404","SPIB",0.701854216316105,11.1873704290512,3.51773073201316e-27,2.3265414894267e-26
"ENSG00000021300","PLEKHB1",0.607459892609725,11.1842668967758,3.62649817178193e-27,2.39530922838965e-26
"ENSG00000156113","KCNMA1",-0.590736025428732,-11.1761287511148,3.92783598092722e-27,2.59092083174619e-26
"ENSG00000124107","SLPI",0.642545510830787,11.1743893766735,3.99539888885556e-27,2.63201507829747e-26
"ENSG00000170549","IRX1",0.496757379002058,11.171633039949,4.10483566205404e-27,2.70054977766713e-26
"ENSG00000110436","SLC1A2",-0.512876112079576,-11.1643195874863,4.40985194876768e-27,2.89740601101687e-26
"ENSG00000253426","RP11-10A14.4",0.836371393935806,11.160938709527,4.55836430444984e-27,2.99105269320856e-26
"ENSG00000117724","CENPF",0.3784647769472,11.1579926362618,4.69182124871774e-27,3.07458797425802e-26
"ENSG00000237940","AC093642.3",-0.952556686526819,-11.1563606482039,4.76741333647578e-27,3.12003490607054e-26
"ENSG00000159166","LAD1",0.355250218901314,11.1539423178695,4.88165807058634e-27,3.19062618992571e-26
"ENSG00000186185","KIF18B",0.412111749560449,11.1535840100781,4.89881469038697e-27,3.19765971957374e-26
"ENSG00000186407","CD300E",0.589692509681675,11.1511941907366,5.01478689637586e-27,3.26909184900643e-26
"ENSG00000280339","RP11-736K20.4",-0.500131217397309,-11.1358080311485,5.82956662741534e-27,3.79529077305686e-26
"ENSG00000176381","PRR18",0.717546481573474,11.1309411135414,6.11370762903123e-27,3.97510248961718e-26
"ENSG00000156427","FGF18",-0.534211928589748,-11.1182569017467,6.92053969479364e-27,4.49385694467119e-26
"ENSG00000016402","IL20RA",-0.517662207932959,-11.1090744205969,7.56981156558724e-27,4.90908661840936e-26
"ENSG00000261183","RP11-532F12.5",-0.181950373161136,-11.1058115926617,7.81479990260928e-27,5.06139890065368e-26
"ENSG00000225986","UBXN10-AS1",-0.517817858109029,-11.1036206198116,7.98371185443945e-27,5.1641085733761e-26
"ENSG00000168135","KCNJ4",0.605922225935753,11.1031951909752,8.01692806916773e-27,5.17889410152954e-26
"ENSG00000167513","CDT1",0.462872284279304,11.1014004035764,8.15857743282955e-27,5.263598343761e-26
"ENSG00000236882","LINC01554",0.800747960690685,11.0961989292537,8.58328719554807e-27,5.53046855383252e-26
"ENSG00000167371","PRRT2",-0.517689947658964,-11.0855704062794,9.52060239954437e-27,6.12651377062057e-26
"ENSG00000253958","CLDN23",0.469828172693246,11.0776001649873,1.02895648152726e-26,6.61283085814437e-26
"ENSG00000167754","KLK5",0.776229048029865,11.0766208721664,1.03882038454056e-26,6.667653302571e-26
"ENSG00000183196","CHST6",0.584059905252114,11.0639365752634,1.17539666094748e-26,7.53459398043255e-26
"ENSG00000129951","LPPR3",-0.753906506689463,-11.0587818668446,1.23586703171864e-26,7.91208086887731e-26
"ENSG00000145832","SLC25A48",-0.693352088745928,-11.0533646554317,1.30274845876122e-26,8.32959372609473e-26
"ENSG00000160862","AZGP1",-0.413421419025452,-11.0326102593456,1.59395583637035e-26,1.01785174736293e-25
"ENSG00000172232","AZU1",-0.844224136261438,-11.0298682746635,1.63697749191076e-26,1.04399074739206e-25
"ENSG00000169247","SH3TC2",0.553629720932043,11.0285999335854,1.65726591513787e-26,1.05558338543814e-25
"ENSG00000265787","CYP4F35P",-0.793205996629682,-11.0282590904279,1.66276049636533e-26,1.05773568471077e-25
"ENSG00000166963","MAP1A",-0.436369029676804,-11.0269085092712,1.68471107029142e-26,1.07033740170993e-25
"ENSG00000135046","ANXA1",0.447187676787886,11.0249404607813,1.71721336108759e-26,1.0896023864769e-25
"ENSG00000132749","MTL5",-0.455391244700219,-11.0198105133637,1.80489121210684e-26,1.14378403809052e-25
"ENSG00000270547","LINC01235",0.460858875716713,11.0146328125909,1.89789268957608e-26,1.20119790479499e-25
"ENSG00000135127","CCDC64",-0.412520751793819,-11.0133355734213,1.92192967379233e-26,1.21487337155015e-25
"ENSG00000139734","DIAPH3",0.432014637317582,11.0096948959425,1.99101600477533e-26,1.25695454846927e-25
"ENSG00000130558","OLFM1",-0.548991200034312,-10.9965931799708,2.26067570214077e-26,1.42539451585168e-25
"ENSG00000276107","CTD-2033D15.2",-0.492046144744274,-10.9951236420554,2.29309799385306e-26,1.4440163689251e-25
"ENSG00000197291","RAMP2-AS1",-0.67533767729049,-10.9902593195055,2.40374905623756e-26,1.51179185926891e-25
"ENSG00000112280","COL9A1",0.85477352594181,10.986114858717,2.50219760428625e-26,1.57173216349639e-25
"ENSG00000198768","APCDD1L",0.512683328434463,10.9848479451124,2.53308374803418e-26,1.58913660478932e-25
"ENSG00000126803","HSPA2",-0.688643100173336,-10.9841446563211,2.55039237656428e-26,1.59799021087987e-25
"ENSG00000146670","CDCA5",0.482636900281166,10.980547875426,2.64076604839705e-26,1.65254446082419e-25
"ENSG00000105366","SIGLEC8",-0.450985591930706,-10.9611649605145,3.18540218290629e-26,1.99087636431643e-25
"ENSG00000198003","CCDC151",-0.758932721489155,-10.960005799362,3.2212984719566e-26,2.01079804741361e-25
"ENSG00000149418","ST14",0.239996020463923,10.9551912378116,3.37474276195847e-26,2.10395434037311e-25
"ENSG00000169908","TM4SF1",0.531515866023571,10.9511426089121,3.50937875175334e-26,2.18516734231217e-25
"ENSG00000128422","KRT17",0.61989626559787,10.9356645213914,4.0751124314691e-26,2.53427390016735e-25
"ENSG00000205927","OLIG2",0.491252127344499,10.9353375807626,4.08799104427188e-26,2.53912487221856e-25
"ENSG00000112559","MDFI",0.526210101895825,10.9281013877843,4.38361131574697e-26,2.71936185840383e-25
"ENSG00000168539","CHRM1",0.61883799088879,10.921136725952,4.68815975443961e-26,2.9046838627259e-25
"ENSG00000129354","AP1M2",-0.160463208050884,-10.9200903087261,4.73569768980085e-26,2.93050599616389e-25
"ENSG00000186204","CYP4F12",-0.724360839424872,-10.904653247481,5.49523543211491e-26,3.3963136168819e-25
"ENSG00000121742","GJB6",0.682198650657691,10.8944317048516,6.06352651960033e-26,3.74291760469156e-25
"ENSG00000186481","ANKRD20A5P",-0.699984541252166,-10.8935280266742,6.1164915444049e-26,3.77095656251843e-25
"ENSG00000070193","FGF10",-0.710699435671621,-10.8901803237839,6.31673624609205e-26,3.88961591508131e-25
"ENSG00000186197","EDARADD",-0.626222746119645,-10.8856094075388,6.6006988141755e-26,4.05947036542159e-25
"ENSG00000106819","ASPN",-0.620483370849448,-10.884567956381,6.66715032659101e-26,4.09530118340971e-25
"ENSG00000122574","WIPF3",0.483595325395636,10.8818357184314,6.84465944503019e-26,4.19917757363815e-25
"ENSG00000280202","RP5-1180D12.1",-0.656414885090118,-10.87960610476,6.99298494590481e-26,4.2849172462652e-25
"ENSG00000124920","MYRF",0.48766564702355,10.8737870853939,7.39530155149248e-26,4.52588834240666e-25
"ENSG00000173376","NDNF",-0.543247395631824,-10.8656320294838,7.99807676263175e-26,4.88879997715877e-25
"ENSG00000101057","MYBL2",0.419356571048426,10.8577937299032,8.6233444748153e-26,5.26455706643181e-25
"ENSG00000183840","GPR39",-0.471787276881645,-10.8531323291082,9.0179573466357e-26,5.49875447965591e-25
"ENSG00000259439","RP11-89K21.1",0.926758886949164,10.8526980797055,9.05561941171803e-26,5.51499355159442e-25
"ENSG00000163734","CXCL3",0.747762296282253,10.8443131437336,9.81424153218631e-26,5.96973329208413e-25
"ENSG00000167644","C19orf33",-0.584052959596176,-10.8314620778486,1.11011053478107e-25,6.74429243487892e-25
"ENSG00000121211","MND1",0.449967400394541,10.8267585645511,1.16128569884943e-25,7.04663652214462e-25
"ENSG00000155886","SLC24A2",-0.542681949714537,-10.8245861725152,1.18570592454822e-25,7.18609651241345e-25
"ENSG00000118193","KIF14",0.446749867678307,10.8223739715284,1.21109760197395e-25,7.33109928555662e-25
"ENSG00000130294","KIF1A",0.750872347161619,10.8221806806412,1.21334167782409e-25,7.33580216338628e-25
"ENSG00000204241","RP11-713P17.3",-0.741930344659157,-10.8216148005402,1.21993521715824e-25,7.36675855771881e-25
"ENSG00000273760","CH17-360D5.3",0.697100913226908,10.8195499811127,1.24429729428494e-25,7.50480877132051e-25
"ENSG00000161958","FGF11",0.550865053115699,10.8155446361925,1.2929405406264e-25,7.78879843750842e-25
"ENSG00000182263","FIGN",0.631324656797336,10.8120064082763,1.33747867205717e-25,8.04740476568695e-25
"ENSG00000262406","MMP12",0.513741185370063,10.8082033227964,1.38705031581787e-25,8.33563891717469e-25
"ENSG00000078053","AMPH",-0.623088747588718,-10.806709687048,1.40701437370561e-25,8.44546442800484e-25
"ENSG00000128268","MGAT3",0.547779252878532,10.8024655817504,1.46531189210084e-25,8.7848434778228e-25
"ENSG00000165480","SKA3",0.358180414698104,10.7986384601352,1.51993467150625e-25,9.1014052186003e-25
"ENSG00000171101","SIGLEC17P",-0.625166443553342,-10.7904640538903,1.64346707894515e-25,9.82934855828441e-25
"ENSG00000145103","ILDR1",-0.213771043841437,-10.7903022762369,1.64600988027446e-25,9.8327949837184e-25
"ENSG00000178401","DNAJC22",-0.502011221799091,-10.7847599229641,1.73552338529443e-25,1.03551514635706e-24
"ENSG00000254979","RP11-872D17.8",0.552588225154725,10.7763617675736,1.88045091627946e-25,1.12065012889122e-24
"ENSG00000131203","IDO1",0.482447201556559,10.7752968229085,1.89966686480256e-25,1.130754086192e-24
"ENSG00000188153","COL4A5",-0.582335549021542,-10.7639582230749,2.11674825098951e-25,1.25847101723514e-24
"ENSG00000173175","ADCY5",-0.705850005113219,-10.7529691171735,2.35059354362111e-25,1.39583939644959e-24
"ENSG00000163032","VSNL1",0.441385646076997,10.7507676247717,2.40043673732895e-25,1.42374658204564e-24
"ENSG00000105088","OLFM2",0.535821976111544,10.7412083979844,2.62931794781257e-25,1.55765281268517e-24
"ENSG00000259704","CTD-3094K11.1",0.799767060646512,10.7352780589243,2.7820678644787e-25,1.64619400265012e-24
"ENSG00000160678","S100A1",0.666984837302176,10.7145163294331,3.38959312716847e-25,2.00330563071423e-24
"ENSG00000170091","HMP19",-0.608549840659038,-10.7060142645127,3.67484805474217e-25,2.16933179146527e-24
"ENSG00000245526","LINC00461",0.760554052901911,10.6943583549766,4.10501622046918e-25,2.42041050735211e-24
"ENSG00000108950","FAM20A",0.466387230825441,10.6835996580819,4.54626972568352e-25,2.67742622242846e-24
"ENSG00000188505","NCCRP1",0.696135536309749,10.6810923873846,4.65568684150656e-25,2.73863931853327e-24
"ENSG00000189292","FAM150B",0.904906668674284,10.6794595522978,4.72834507364708e-25,2.77811108909934e-24
"ENSG00000125850","OVOL2",-0.148807015966067,-10.6792396170607,4.73821742583037e-25,2.78064402924318e-24
"ENSG00000140287","HDC",-0.631349508285596,-10.6788020862009,4.75791799135987e-25,2.78893199962478e-24
"ENSG00000271447","MMP28",-0.423668847649811,-10.6677225169389,5.28481433720776e-25,3.09415359321297e-24
"ENSG00000105131","EPHX3",0.489180879892091,10.6673564069425,5.30317975613648e-25,3.10127471119092e-24
"ENSG00000198542","ITGBL1",-0.40222585631087,-10.6562875506469,5.88936751464132e-25,3.44005111836526e-24
"ENSG00000121152","NCAPH",0.406555171676897,10.6557149715688,5.92138135828512e-25,3.4547149114849e-24
"ENSG00000168528","SERINC2",-0.320901000706308,-10.6532427660229,6.06160118476222e-25,3.53240162282181e-24
"ENSG00000196754","S100A2",0.586135761930246,10.6521502358975,6.12461328868337e-25,3.56496698992047e-24
"ENSG00000164220","F2RL2",-0.599470081349028,-10.6479591792601,6.37242338252542e-25,3.70489731542176e-24
"ENSG00000111783","RFX4",0.582854813888017,10.6462187480225,6.47823359808832e-25,3.76204041700832e-24
"ENSG00000131080","EDA2R",-0.522018727984892,-10.6435480077785,6.64400307466634e-25,3.84946708933738e-24
"ENSG00000100234","TIMP3",-0.454675465841988,-10.6435451896665,6.64418019619632e-25,3.84946708933738e-24
"ENSG00000175920","DOK7",-0.881655500406266,-10.6424069448653,6.71610477830869e-25,3.88663470966938e-24
"ENSG00000112655","PTK7",0.457356274004625,10.6417901442068,6.75540212486833e-25,3.90485671957707e-24
"ENSG00000163121","NEURL3",0.432093043111679,10.6250707081134,7.91208465896125e-25,4.56817820956192e-24
"ENSG00000205683","DPF3",0.658172942577083,10.6114105621632,9.00142580198282e-25,5.19113368049759e-24
"ENSG00000101746","NOL4",0.740150722773826,10.6073466529577,9.35334707701746e-25,5.38787274021743e-24
"ENSG00000165795","NDRG2",0.462635845313238,10.6065113896476,9.42735254010204e-25,5.42425347531763e-24
"ENSG00000179954","SSC5D",-0.588821274826137,-10.5980189276928,1.02135867452689e-24,5.86987743980972e-24
"ENSG00000139874","SSTR1",-0.564094541051394,-10.5699772606884,1.3301489349148e-24,7.63575737608956e-24
"ENSG00000175832","ETV4",0.528023429138419,10.5677018016173,1.3589375198364e-24,7.79207293484174e-24
"ENSG00000077274","CAPN6",0.709816208852258,10.5621400748207,1.43193246995323e-24,8.20121689549388e-24
"ENSG00000021645","NRXN3",-0.593220738339969,-10.5575661530418,1.49486884228358e-24,8.5518812487619e-24
"ENSG00000132746","ALDH3B2",-0.382382608846056,-10.5415760420533,1.73724626086201e-24,9.92712149064008e-24
"ENSG00000229417","NPM1P25",-0.388729052052812,-10.5392087302006,1.77630067992179e-24,1.01387025109691e-23
"ENSG00000018625","ATP1A2",-0.511437455436597,-10.5364422342864,1.82304586321539e-24,1.03936480228927e-23
"ENSG00000197106","SLC6A17",0.508862098670757,10.5336169515606,1.87204435877644e-24,1.06608448677474e-23
"ENSG00000125848","FLRT3",-0.673031413437622,-10.5301531070145,1.93390396000297e-24,1.1000591353828e-23
"ENSG00000170419","VSTM2A",-1.02602608662029,-10.5104644474048,2.32605787520443e-24,1.32162379272979e-23
"ENSG00000183549","ACSM5",-0.407651190219059,-10.5068812173175,2.40548004868558e-24,1.36519866554233e-23
"ENSG00000148346","LCN2",0.592507389294063,10.4997035809525,2.57275541996653e-24,1.45847812923273e-23
"ENSG00000165194","PCDH19",-0.552511579499608,-10.4903371420376,2.80851141497064e-24,1.59032356453604e-23
"ENSG00000068489","PRR11",0.528539666603212,10.4864815092249,2.91167709257079e-24,1.64687618358076e-23
"ENSG00000006555","TTC22",0.521830565005836,10.4838355363521,2.98464291323228e-24,1.68623893402954e-23
"ENSG00000126787","DLGAP5",0.289160552211104,10.4774663948994,3.1678049254895e-24,1.78770029655163e-23
"ENSG00000183798","EMILIN3",0.694974231126852,10.4700802074796,3.39422061127199e-24,1.91331488797744e-23
"ENSG00000262454","RP11-65J21.3",-0.35751920006411,-10.4684825953244,3.44526729896641e-24,1.93990275842703e-23
"ENSG00000071539","TRIP13",0.45346633791173,10.4528258322049,3.98764238614287e-24,2.24104200966541e-23
"ENSG00000188373","C10orf99",0.430851707939277,10.4527878862497,3.98905477720442e-24,2.24104200966541e-23
"ENSG00000205704","LINC00634",0.525941383953113,10.4503065905632,4.08249699800552e-24,2.29096352301095e-23
"ENSG00000130038","CRACR2A",-0.66429512473986,-10.4371413945667,4.61583228787315e-24,2.58734993714863e-23
"ENSG00000196584","XRCC2",0.433457449374586,10.4362459425525,4.65452224950186e-24,2.60611548124405e-23
"ENSG00000272622","RP11-395N3.2",-0.701195812573161,-10.410629083292,5.9085581694095e-24,3.30456273456907e-23
"ENSG00000143228","NUF2",0.419950699336033,10.4100387744618,5.94109825911335e-24,3.31904930676724e-23
"ENSG00000276850","CH17-360D5.2",0.653266831397457,10.4052906166398,6.20938483373494e-24,3.46505850096816e-23
"ENSG00000198353","HOXC4",-0.391368664416514,-10.4051342207125,6.21842327599554e-24,3.46623371014244e-23
"ENSG00000105613","MAST1",0.616037038309212,10.4039054732581,6.28989077294199e-24,3.50216635464476e-23
"ENSG00000255690","TRIL",-0.373994126911939,-10.4008514808564,6.47106924804333e-24,3.59903740158139e-23
"ENSG00000129455","KLK8",0.690567725589907,10.3850351234148,7.49555113167781e-24,4.16419507315434e-23
"ENSG00000183856","IQGAP3",0.387543069263176,10.3847858692398,7.51292164327866e-24,4.16921289860081e-23
"ENSG00000061455","PRDM6",-0.465563872541033,-10.3722810278409,8.43761724652884e-24,4.67717142268783e-23
"ENSG00000254815","RP11-496I9.1",-0.650153682612157,-10.3714338464548,8.50419906289944e-24,4.70885883881475e-23
"ENSG00000135919","SERPINE2",0.466327256424942,10.3684474041723,8.74309468479372e-24,4.83454644034673e-23
"ENSG00000137726","FXYD6",0.381882070493063,10.3683557710787,8.75052905702758e-24,4.83454644034673e-23
"ENSG00000171345","KRT19",-0.251113588294322,-10.3634521461698,9.15765341144713e-24,5.05389261117391e-23
"ENSG00000136695","IL36RN",0.658575061745795,10.3629579528003,9.19971195637801e-24,5.07150603989968e-23
"ENSG00000171658","RP11-443P15.2",0.70245087571855,10.3466236755045,1.07030865240965e-23,5.89377011238796e-23
"ENSG00000101447","FAM83D",0.464661099000964,10.3380969858522,1.15822318169008e-23,6.37086458575403e-23
"ENSG00000149043","SYT8",0.612903674925144,10.3270949499137,1.2823202134617e-23,7.04571545858079e-23
"ENSG00000237523","LINC00857",0.477054154592566,10.3188403949443,1.38400749437172e-23,7.59608943123884e-23
"ENSG00000152931","PART1",0.689906608990205,10.3162728672952,1.41723852226359e-23,7.76994803872582e-23
"ENSG00000152583","SPARCL1",-0.319846074402197,-10.3049267618123,1.57382382962173e-23,8.6189694940949e-23
"ENSG00000264230","ANXA8L1",0.633784311677849,10.2983223726802,1.67275040718077e-23,9.15071338720334e-23
"ENSG00000169035","KLK7",0.711067058777182,10.2806024028602,1.96970710218593e-23,1.07634267879012e-22
"ENSG00000174348","PODN",-0.443532591415789,-10.2757071214153,2.06058945986988e-23,1.12477590604251e-22
"ENSG00000180660","MAB21L1",-0.445749576246389,-10.2660567522138,2.25210878143231e-23,1.22797643480497e-22
"ENSG00000137875","BCL2L10",0.560528940239522,10.2656255820391,2.26106601404625e-23,1.23151743684436e-22
"ENSG00000145824","CXCL14",-0.561172327558885,-10.2588310535628,2.40697430022663e-23,1.30956164321362e-22
"ENSG00000275234","CTD-2396E7.11",-0.178837003930713,-10.246193927993,2.70362607088588e-23,1.46936199504667e-22
"ENSG00000265763","ZNF488",0.56650350083714,10.2379174259756,2.91728591165268e-23,1.58375999546834e-22
"ENSG00000044524","EPHA3",-0.531306343780504,-10.2283437067741,3.1853956697723e-23,1.72743799879192e-22
"ENSG00000246090","RP11-696N14.1",0.504154308019836,10.2250083478683,3.28442954559756e-23,1.77921427172132e-22
"ENSG00000183508","FAM46C",-0.557656280533576,-10.2236126293394,3.3267722415958e-23,1.80020142943496e-22
"ENSG00000137563","GGH",0.65770041367182,10.2069335789211,3.87666695847742e-23,2.09549565323104e-22
"ENSG00000198838","RYR3",0.561601622013209,10.2025653291255,4.03500722546802e-23,2.17872960338446e-22
"ENSG00000148773","MKI67",0.327167451967322,10.1888342236283,4.57570287115704e-23,2.46801665110952e-22
"ENSG00000151967","SCHIP1",0.444618150019867,10.1878631504896,4.61655483547226e-23,2.48736790704324e-22
"ENSG00000136842","TMOD1",0.546488527442131,10.1838836269938,4.78778195139041e-23,2.57684712130808e-22
"ENSG00000165816","VWA2",-0.598567938406536,-10.1797752634847,4.97116130941774e-23,2.6726673706547e-22
"ENSG00000175063","UBE2C",0.341739749796952,10.1750377417032,5.19128546788662e-23,2.78801582593267e-22
"ENSG00000110427","KIAA1549L",0.40624525454423,10.1721226393388,5.33150899076242e-23,2.86025160448628e-22
"ENSG00000102287","GABRE",0.574489247254565,10.1683026386751,5.52096134970809e-23,2.95871454968279e-22
"ENSG00000196302","RP11-497H16.5",-0.630301219588792,-10.1610744402723,5.89789692958844e-23,3.15733240341993e-22
"ENSG00000154639","CXADR",0.45010606246865,10.1471100187055,6.69986166410174e-23,3.58281372411858e-22
"ENSG00000187634","SAMD11",-0.758837516216582,-10.1464053256355,6.74308120786381e-23,3.60207329479904e-22
"ENSG00000118777","ABCG2",-0.524130353456827,-10.1304142476064,7.80167686670316e-23,4.16311465672527e-22
"ENSG00000070731","ST6GALNAC2",-0.58158550975306,-10.1296436412505,7.85665837738395e-23,4.18798420969294e-22
"ENSG00000170962","PDGFD",-0.446447251594364,-10.128701594033,7.92439416912181e-23,4.21959220933004e-22
"ENSG00000164611","PTTG1",0.402465988025831,10.12541855299,8.16501154794032e-23,4.34309124890442e-22
"ENSG00000072195","SPEG",0.406121173227106,10.1199928778461,8.57864544442708e-23,4.55826006611428e-22
"ENSG00000228214","LINC00693",0.558345310310305,10.1195639009573,8.61222195493735e-23,4.57124307586908e-22
"ENSG00000143318","CASQ1",-0.566801313988712,-10.1172036616796,8.79930519268682e-23,4.66559130047021e-22
"ENSG00000125398","SOX9",0.379473166818233,10.1141550717621,9.04692628902262e-23,4.79180417850774e-22
"ENSG00000187398","LUZP2",-0.559792833362291,-10.1093311163149,9.45294214027759e-23,5.00155668797756e-22
"ENSG00000224189","HAGLR",-0.446069001239688,-10.1085331577936,9.52182375974755e-23,5.03267640578623e-22
"ENSG00000054219","LY75",0.553119469455953,10.0988235303837,1.04009392357384e-22,5.49152018782385e-22
"ENSG00000260401","RP11-800A3.4",-0.587732685663362,-10.0871725096927,1.15626173136489e-22,6.09842685319036e-22
"ENSG00000123500","COL10A1",-0.431856975072274,-10.074019985761,1.30291768862768e-22,6.86468750594142e-22
"ENSG00000169550","MUC15",0.681072352061707,10.0735084708208,1.30897952607289e-22,6.88936592669942e-22
"ENSG00000125872","LRRN4",0.630456449141358,10.0677631145337,1.37901770487672e-22,7.25035596675459e-22
"ENSG00000253161","LINC01605",-0.385759372192508,-10.0422535397051,1.7376380668688e-22,9.12625035120169e-22
"ENSG00000171368","TPPP",-0.582160095489005,-10.022178155881,2.08365565108717e-22,1.09320863121048e-21
"ENSG00000112964","GHR",-0.494979277430161,-10.0186896537077,2.15039510575043e-22,1.12704146003691e-21
"ENSG00000224259","LINC01133",0.61176849954604,10.0048518763634,2.43666185929602e-22,1.2757391933487e-21
"ENSG00000142765","SYTL1",-0.314951675260577,-10.0032545767039,2.47204726908707e-22,1.29291175161457e-21
"ENSG00000140563","MCTP2",0.569501686401812,9.99986659024547,2.54879747644052e-22,1.33166012353214e-21
"ENSG00000162576","MXRA8",-0.474697012377585,-9.99632317302055,2.63159692372886e-22,1.37348482449314e-21
"ENSG00000274286","ADRA2B",0.480093593482609,9.99372726010613,2.69394323874807e-22,1.4045585186382e-21
"ENSG00000100453","GZMB",0.628969018006806,9.99026395127844,2.77940756739335e-22,1.44760810801737e-21
"ENSG00000100362","PVALB",-0.841539322527227,-9.98944717299819,2.79995183906364e-22,1.45552930793406e-21
"ENSG00000144834","TAGLN3",0.65354090894607,9.98942790136912,2.80043838846513e-22,1.45552930793406e-21
"ENSG00000109805","NCAPG",0.380038872236731,9.98705039076573,2.86111080642409e-22,1.48551962950368e-21
"ENSG00000114529","C3orf52",-0.506757763678109,-9.97976356375076,3.05530200247906e-22,1.5847002087547e-21
"ENSG00000181577","C6orf223",0.637809281803248,9.96398166991157,3.52181914751076e-22,1.82477676036827e-21
"ENSG00000184160","ADRA2C",-0.638948582886097,-9.9600426262606,3.64887021103993e-22,1.8886491775569e-21
"ENSG00000257151","PWAR6",-0.541936744076567,-9.95646618033578,3.76815635922994e-22,1.94837453941569e-21
"ENSG00000197766","CFD",-0.551973186175386,-9.94734682994819,4.09009991480822e-22,2.11265491467367e-21
"ENSG00000077264","PAK3",0.440840499991466,9.94479646973533,4.18491733433155e-22,2.15940006931452e-21
"ENSG00000135925","WNT10A",0.431329846997482,9.9427426225729,4.26285679273434e-22,2.1973488622342e-21
"ENSG00000196542","SPTSSB",-0.609679246467694,-9.93904884287667,4.40666676196046e-22,2.26913839441836e-21
"ENSG00000120075","HOXB5",-0.543146307724782,-9.90941195418529,5.74876537948433e-22,2.9571838371833e-21
"ENSG00000231789","PIK3CD-AS2",0.511169976414592,9.90799773296672,5.82207370578875e-22,2.99181588170028e-21
"ENSG00000149571","KIRREL3",0.580401113904264,9.90581744166991,5.93691199725973e-22,3.04769609715592e-21
"ENSG00000132429","POPDC3",0.620164510731507,9.90452797061882,6.00588358796302e-22,3.0799403015195e-21
"ENSG00000177103","DSCAML1",-0.650919231363682,-9.9042652942717,6.02003077513336e-22,3.08403215939209e-21
"ENSG00000188385","JAKMIP3",-0.607348087233359,-9.89101019891197,6.77849681889612e-22,3.46903624303793e-21
"ENSG00000228956","SATB1-AS1",0.603250305742173,9.88714360045935,7.01707901411726e-22,3.58746370864891e-21
"ENSG00000163710","PCOLCE2",0.682903577010971,9.88616904686925,7.07851413014757e-22,3.61517575594871e-21
"ENSG00000138615","CILP",-0.574045564090516,-9.88344076293904,7.25335314463906e-22,3.70069037991789e-21
"ENSG00000179455","MKRN3",0.933454675655773,9.88094492623727,7.41704191228224e-22,3.78034755977688e-21
"ENSG00000261488","RP11-757F18.5",-0.499206809489257,-9.86850433587984,8.28919238386215e-22,4.22056638689519e-21
"ENSG00000228314","CYP4F29P",-0.694652849272975,-9.8675532861689,8.35990371722713e-22,4.25223993755195e-21
"ENSG00000196684","HSH2D",-0.488307617821033,-9.86600892779838,8.47600394278517e-22,4.30691257255344e-21
"ENSG00000110195","FOLR1",0.634547008874756,9.86298728542784,8.70780413619831e-22,4.42020514527833e-21
"ENSG00000171817","ZNF540",-0.462260046184925,-9.86179617998077,8.80089476830239e-22,4.46292838149208e-21
"ENSG00000177570","SAMD12",-0.414270270832309,-9.85904846264601,9.01942153553075e-22,4.56910918719896e-21
"ENSG00000230387","RP4-737E23.2",-0.71036243538654,-9.85550892062524,9.30886566858877e-22,4.71096440718055e-21
"ENSG00000067798","NAV3",-0.562873307391534,-9.85003543385699,9.77468262041364e-22,4.94170001032034e-21
"ENSG00000145428","RNF175",0.477338139647624,9.84844511815917,9.91430577037793e-22,5.00722513655451e-21
"ENSG00000236740","RP11-411K7.1",0.654413089903872,9.84576047884952,1.015450516745e-21,5.12336284936931e-21
"ENSG00000258647","LINC00930",-0.573935431384096,-9.82199641323991,1.254848092654e-21,6.32483917668349e-21
"ENSG00000163808","KIF15",0.449754383450503,9.81811365086549,1.29895903862796e-21,6.54057924787491e-21
"ENSG00000132329","RAMP1",-0.550617752931612,-9.81792191090793,1.30117672144765e-21,6.54515453444492e-21
"ENSG00000185008","ROBO2",-0.807025256263458,-9.79960790641692,1.53124517946792e-21,7.69469939431113e-21
"ENSG00000137968","SLC44A5",-0.693232258194534,-9.79849549059046,1.54645169777577e-21,7.76331173582215e-21
"ENSG00000139926","FRMD6",-0.404273547801361,-9.79340520062972,1.61796654463277e-21,8.1141752489106e-21
"ENSG00000081052","COL4A4",0.571930778045263,9.76908763511545,2.00748754208885e-21,1.00575528160764e-20
"ENSG00000244161","FLNB-AS1",-0.539570028793348,-9.76388711768247,2.10215325315331e-21,1.05212875533199e-20
"ENSG00000137807","KIF23",0.375391387549268,9.762427544447,2.12950813924505e-21,1.06475406962253e-20
"ENSG00000184368","MAP7D2",0.693679301797253,9.76016584989847,2.17259452900693e-21,1.08521205245101e-20
"ENSG00000089685","BIRC5",0.379070655548815,9.73685265224364,2.67029520281292e-21,1.33248263613419e-20
"ENSG00000272405","RP11-284F21.10",-0.723613263044044,-9.73394010512825,2.7399270221176e-21,1.36586591331884e-20
"ENSG00000157703","SVOPL",0.532895782867603,9.72677882106045,2.91888041915465e-21,1.45362570675032e-20
"ENSG00000086506","HBQ1",0.637187410508327,9.72084766928584,3.07582613065387e-21,1.53026175654422e-20
"ENSG00000167549","CORO6",-0.618105972501241,-9.72070651499419,3.07966137262178e-21,1.53064680547802e-20
"ENSG00000154678","PDE1C",0.438860447896456,9.72013695977758,3.09518470631689e-21,1.5368345115774e-20
"ENSG00000058866","DGKG",0.490737213870864,9.71616740698285,3.2055502324005e-21,1.59005467877009e-20
"ENSG00000079156","OSBPL6",-0.598733551424124,-9.71169680225074,3.33452085149172e-21,1.65238892541711e-20
"ENSG00000198643","FAM3D",0.511996023411564,9.69861509113205,3.74218997618078e-21,1.852569295139e-20
"ENSG00000265190","ANXA8",0.575368447715516,9.69078028836438,4.00960541461713e-21,1.98298981929631e-20
"ENSG00000134460","IL2RA",0.448595227683095,9.68583672752264,4.1879925290799e-21,2.06916626930825e-20
"ENSG00000131015","ULBP2",0.490804307563313,9.68051608248607,4.38877930881065e-21,2.16622868154524e-20
"ENSG00000162738","VANGL2",0.604940418138232,9.6775609470751,4.50438817023338e-21,2.2210987032709e-20
"ENSG00000105376","ICAM5",0.659455531201581,9.67542955992057,4.58963901397475e-21,2.26090591821416e-20
"ENSG00000100473","COCH",0.831248705705801,9.67148906192737,4.75148177023117e-21,2.3383276428303e-20
"ENSG00000112984","KIF20A",0.308056383622406,9.67038793328056,4.797709192164e-21,2.35875574835988e-20
"ENSG00000163815","CLEC3B",-0.424281743777325,-9.66785261981876,4.90584746141386e-21,2.40955179833687e-20
"ENSG00000261040","WFDC21P",0.447130075868159,9.65922146915452,5.29241557699222e-21,2.59686730961345e-20
"ENSG00000257542","OR7E47P",-0.483090376078606,-9.65550676692437,5.46793895060497e-21,2.68036223068871e-20
"ENSG00000058404","CAMK2B",-0.50175147572715,-9.64933546977791,5.77237650623045e-21,2.82682492959375e-20
"ENSG00000144278","GALNT13",0.497572579993486,9.64692987723993,5.89554464693268e-21,2.88431734194358e-20
"ENSG00000009765","IYD",-0.646565059887369,-9.64391820916235,6.05342059255077e-21,2.95866109117828e-20
"ENSG00000174899","PQLC2L",0.439450056949126,9.64304817477709,6.0998038746761e-21,2.97841986068169e-20
"ENSG00000153291","SLC25A27",0.464902104144036,9.63527771805525,6.52999221957179e-21,3.1853620583277e-20
"ENSG00000233429","HOTAIRM1",0.413099953038486,9.63060654521139,6.80292482095774e-21,3.31526550728935e-20
"ENSG00000139211","AMIGO2",-0.625788350136013,-9.62876185670575,6.9137948452846e-21,3.36601501717848e-20
"ENSG00000186081","KRT5",0.520911960917075,9.62622645664378,7.06910471299097e-21,3.43828050242751e-20
"ENSG00000271880","AGAP11",-0.468852171128583,-9.62432925937121,7.18757680240755e-21,3.49250573489191e-20
"ENSG00000100626","GALNT16",-0.518558971957269,-9.61780450519917,7.61023591511131e-21,3.69428927918025e-20
"ENSG00000047457","CP",0.758059268866543,9.61591815566301,7.73695428382122e-21,3.75216017644094e-20
"ENSG00000035499","DEPDC1B",0.380087943086085,9.61117864441869,8.06463706700775e-21,3.90562096901863e-20
"ENSG00000117707","PROX1",0.499972358278472,9.61111665272028,8.0690129219925e-21,3.90562096901863e-20
"ENSG00000137441","FGFBP2",0.684825863403485,9.60697608285058,8.36667470269081e-21,4.04578080400909e-20
"ENSG00000237380","HOXD-AS2",-0.346955769040221,-9.59662633299878,9.15913643308988e-21,4.42470359086468e-20
"ENSG00000151365","THRSP",-0.542821649067699,-9.59542295630587,9.25597183021427e-21,4.46716787172503e-20
"ENSG00000171241","SHCBP1",0.474893407921838,9.59337892422768,9.42278445946412e-21,4.5432904819017e-20
"ENSG00000109255","NMU",0.591629944806529,9.58999752905676,9.70530149855358e-21,4.67500072184662e-20
"ENSG00000163141","BNIPL",-0.510709552138219,-9.57930632899173,1.06549293924e-20,5.12749248912415e-20
"ENSG00000166450","PRTG",-0.500138970516081,-9.56987102231137,1.15691198538775e-20,5.56207685282573e-20
"ENSG00000187193","MT1X",0.457089306319107,9.55839970611699,1.27857798618578e-20,6.14110464066177e-20
"ENSG00000008517","IL32",0.48254160284284,9.55103204742968,1.36331878629797e-20,6.5418367864586e-20
"ENSG00000011422","PLAUR",0.423246317273106,9.54922594422089,1.38492716116884e-20,6.63915225871926e-20
"ENSG00000151617","EDNRA",-0.34751327012834,-9.53511126513157,1.5659022751013e-20,7.49953196887598e-20
"ENSG00000272763","RP11-357H14.17",0.578090922706593,9.53098848803231,1.6230521679003e-20,7.76579984641292e-20
"ENSG00000224167","RP3-522D1.1",0.495800587372431,9.52179976327873,1.75796650131009e-20,8.40328155501956e-20
"ENSG00000138696","BMPR1B",-0.864766035085903,-9.51332337532016,1.89224383878048e-20,9.03650352808252e-20
"ENSG00000164303","ENPP6",0.440385705502837,9.51210044057711,1.91243744447331e-20,9.12422444882305e-20
"ENSG00000134201","GSTM5",-0.585343886538741,-9.50990125748632,1.94928976901982e-20,9.29118097721556e-20
"ENSG00000167912","RP11-25K19.1",0.619700585988365,9.508350335909,1.97570107255036e-20,9.40810034547791e-20
"ENSG00000105699","LSR",0.270790287995291,9.49857682049502,2.1504862829575e-20,1.02306673784848e-19
"ENSG00000156675","RAB11FIP1",-0.579764674949959,-9.48093269504501,2.50567248287442e-20,1.1909089747502e-19
"ENSG00000183833","MAATS1",-0.53334259088134,-9.47996643188251,2.52672022443195e-20,1.19977218633996e-19
"ENSG00000185272","RBM11",-0.631719619544379,-9.47438853153334,2.65168946449269e-20,1.25791720326978e-19
"ENSG00000155066","PROM2",-0.263192920615852,-9.47395903542781,2.66156205761072e-20,1.26140381877285e-19
"ENSG00000131668","BARX1",0.589350557866595,9.47056203391453,2.74094051840318e-20,1.29779380606211e-19
"ENSG00000171433","GLOD5",-0.359055010239581,-9.46360697803315,2.9108479086113e-20,1.37693846197318e-19
"ENSG00000171551","ECEL1",0.544738227027075,9.45813428924797,3.0518398629388e-20,1.44226836622817e-19
"ENSG00000084453","SLCO1A2",0.637653572067775,9.45334752497275,3.18069209028989e-20,1.50174319654858e-19
"ENSG00000153898","MCOLN2",0.434695754088253,9.44990048400479,3.27680396388704e-20,1.54566224711653e-19
"ENSG00000136542","GALNT5",-0.449804973800489,-9.44720019823654,3.35409873647847e-20,1.58063088429711e-19
"ENSG00000149380","P4HA3",-0.43016580371725,-9.44228772878699,3.49937521856009e-20,1.64754012173262e-19
"ENSG00000178882","FAM101A",0.500892115136085,9.43876344633206,3.60742109666379e-20,1.69681142834609e-19
"ENSG00000090932","DLL3",0.587508206982663,9.43778747237379,3.63792182670675e-20,1.70954973059528e-19
"ENSG00000176769","TCERG1L",-0.570014926825287,-9.42816646932289,3.9526000397969e-20,1.8556807698577e-19
"ENSG00000158874","APOA2",0.50139608385854,9.41222663130971,4.53431798388549e-20,2.12679079919582e-19
"ENSG00000129810","SGOL1",0.326392548098455,9.40921452127241,4.65340660564233e-20,2.1806029079861e-19
"ENSG00000088836","SLC4A11",0.541601133219229,9.40360682911021,4.88342527811759e-20,2.28624778938089e-19
"ENSG00000180730","SHISA2",-0.614745639825705,-9.40261134303072,4.92541947595956e-20,2.30375092420933e-19
"ENSG00000124939","SCGB2A1",-0.52855244424254,-9.40139288544912,4.97730662411948e-20,2.32584421687826e-19
"ENSG00000108018","SORCS1",-0.808126857838826,-9.38506291408942,5.72723615393407e-20,2.67377971705606e-19
"ENSG00000165125","TRPV6",0.62241007452637,9.38260167611166,5.84957449719364e-20,2.72834631398957e-19
"ENSG00000131620","ANO1",-0.398150665478841,-9.38041666278504,5.96034900929278e-20,2.77742265111499e-19
"ENSG00000164591","MYOZ3",-0.611512354257088,-9.37904746870785,6.03081961912767e-20,2.80764414298309e-19
"ENSG00000105255","FSD1",0.603072375332397,9.37516949837117,6.2349223800988e-20,2.89996389772037e-19
"ENSG00000163216","SPRR2D",0.479149064882128,9.37225982716578,6.3925397426285e-20,2.97051103281994e-19
"ENSG00000273650","CTD-3193K9.11",-0.655932766751606,-9.35592923458539,7.35321497061183e-20,3.41374882572508e-19
"ENSG00000108511","HOXB6",-0.457863136962107,-9.35378751461682,7.48937084714968e-20,3.47373415916033e-19
"ENSG00000178752","FAM132B",0.577562168124271,9.35279407171159,7.55337175897656e-20,3.50017227014669e-19
"ENSG00000138772","ANXA3",0.572600632797103,9.35091876886838,7.67566451747652e-20,3.55354838772061e-19
"ENSG00000047597","XK",0.717505621768652,9.35028645174823,7.71733970116464e-20,3.56953732708818e-19
"ENSG00000186472","PCLO",-0.374953639934723,-9.34972706915145,7.75439459003571e-20,3.58336164049709e-19
"ENSG00000166086","JAM3",-0.421625214028493,-9.34509146574329,8.06832507892752e-20,3.72498849442637e-19
"ENSG00000102384","CENPI",0.426797850058209,9.3429857698942,8.21505128920223e-20,3.78923029944752e-19
"ENSG00000113296","THBS4",-0.611634200824412,-9.32812282984723,9.32859685250249e-20,4.29889255875691e-19
"ENSG00000136688","IL36G",0.593994664379882,9.32437585402294,9.63214274476657e-20,4.43468818819824e-19
"ENSG00000275385","CCL18",0.46435365639938,9.31505538363434,1.04302780776033e-19,4.79773600625726e-19
"ENSG00000249430","CTD-2231H16.1",0.535857611189713,9.30423623077949,1.14391489514525e-19,5.25696183430723e-19
"ENSG00000088538","DOCK3",0.56829706529843,9.30405937750184,1.14564182518918e-19,5.26006347653433e-19
"ENSG00000179913","B3GNT3",0.452548861867896,9.274722695391,1.47091940461231e-19,6.7473367184051e-19
"ENSG00000261189","RP3-512B11.3",0.271183859443632,9.26776479443432,1.56060114667502e-19,7.15215924232365e-19
"ENSG00000154529","CNTNAP3B",0.607715748970241,9.25585358993378,1.72686098537583e-19,7.90687264366221e-19
"ENSG00000232656","IDI2-AS1",0.715770683220102,9.25079674840053,1.80264054009379e-19,8.24629707270718e-19
"ENSG00000111058","ACSS3",-0.469571039835276,-9.24953112528129,1.82211598869719e-19,8.32776960099266e-19
"ENSG00000108375","RNF43",-0.427233675329564,-9.2479039200025,1.84746179353001e-19,8.43589860059364e-19
"ENSG00000148082","SHC3",0.375016645700355,9.2460540392442,1.8767001644184e-19,8.56158834132481e-19
"ENSG00000183960","KCNH8",0.68905635003507,9.2444824218013,1.90189998252365e-19,8.66864167057269e-19
"ENSG00000120088","CRHR1",0.511361436481146,9.23694171954197,2.02754676426565e-19,9.23290876259405e-19
"ENSG00000095585","BLNK",-0.335600721568412,-9.23683181565368,2.02943749611632e-19,9.23310962746281e-19
"ENSG00000178750","STX19",0.467404720764208,9.23195491629458,2.11511768100612e-19,9.61417127730055e-19
"ENSG00000172260","NEGR1",-0.4436124838072,-9.2298563421782,2.15307956049914e-19,9.7778363328753e-19
"ENSG00000233806","LINC01237",-0.47615347999599,-9.2296083502338,2.15760989954535e-19,9.78951860047802e-19
"ENSG00000261373","VPS9D1-AS1",0.731514603180522,9.2287237413625,2.17384700677488e-19,9.85424753751078e-19
"ENSG00000143546","S100A8",0.675874441182846,9.22748457431828,2.196795644265e-19,9.94925563525816e-19
"ENSG00000151364","KCTD14",0.593443821124735,9.22365829711459,2.26918019490353e-19,1.02677836873463e-18
"ENSG00000184828","ZBTB7C",-0.473791964655503,-9.2205629387755,2.32946076085443e-19,1.05310160978952e-18
"ENSG00000171124","FUT3",0.574282217838223,9.21389163560968,2.46482317987183e-19,1.11328960247147e-18
"ENSG00000051341","POLQ",0.374943075415084,9.20711103568839,2.61037904363382e-19,1.17796888250624e-18
"ENSG00000161281","COX7A1",-0.398171509301488,-9.20532481995114,2.650118263465e-19,1.19482338298692e-18
"ENSG00000178965","ERICH3",-0.715973558978992,-9.19444900935065,2.90533234766141e-19,1.30870826471235e-18
"ENSG00000226145","KRT16P6",0.640076098819931,9.19084469284344,2.99516532619947e-19,1.34795919270903e-18
"ENSG00000119946","CNNM1",0.622142729546409,9.1832835442599,3.19264637058521e-19,1.43554243281709e-18
"ENSG00000112183","RBM24",-0.712163644628608,-9.17756451000294,3.35052564886475e-19,1.50517773983142e-18
"ENSG00000175264","CHST1",-0.484075758553792,-9.17514153392391,3.41972209246834e-19,1.53488424258005e-18
"ENSG00000170381","SEMA3E",-0.567642887038383,-9.17339133477928,3.47058306862516e-19,1.55631527741038e-18
"ENSG00000128045","RASL11B",-0.414816921773465,-9.1678498288685,3.63660909693937e-19,1.6293051509585e-18
"ENSG00000168398","BDKRB2",-0.29132489017778,-9.16652372175813,3.67749136152395e-19,1.64614653604474e-18
"ENSG00000006128","TAC1",-0.629475586993511,-9.16601574713834,3.69327180419631e-19,1.65173157611642e-18
"ENSG00000134443","GRP",-0.46118529539168,-9.16518512784632,3.71921984661426e-19,1.66184979741477e-18
"ENSG00000281205","LINC00950",-0.490706292518637,-9.16479297650226,3.73153303609928e-19,1.66586296254432e-18
"ENSG00000197415","VEPH1",0.440527415353843,9.16071234386728,3.86207973850796e-19,1.72260470049419e-18
"ENSG00000163017","ACTG2",0.439038981485059,9.15708027157468,3.9820721712919e-19,1.77454196581635e-18
"ENSG00000102678","FGF9",0.687496245303649,9.15690647267658,3.98790554071233e-19,1.77555901189329e-18
"ENSG00000086696","HSD17B2",0.513161732419756,9.15445578384623,4.07106626867182e-19,1.81097253944476e-18
"ENSG00000161888","SPC24",0.396779788087137,9.15410231332562,4.08320157651318e-19,1.81475625622808e-18
"ENSG00000141837","CACNA1A",0.410045633900221,9.1488262101315,4.26865355072243e-19,1.89549447190161e-18
"ENSG00000176884","GRIN1",-0.406126447192487,-9.14818274637642,4.29183370310366e-19,1.90409658522789e-18
"ENSG00000204420","C6orf25",-0.439474770477275,-9.14641568654039,4.35613303743887e-19,1.93091003432574e-18
"ENSG00000198046","ZNF667",0.512231834583774,9.14056976705303,4.57572289877792e-19,2.02644946801502e-18
"ENSG00000168772","CXXC4",-0.476353805134749,-9.1399449253702,4.59983217651752e-19,2.03532397191041e-18
"ENSG00000184254","ALDH1A3",0.406093307566414,9.13526046744398,4.78462917940929e-19,2.11522068055229e-18
"ENSG00000185483","ROR1",0.427369567199388,9.13224796890165,4.90733125467036e-19,2.16754914075546e-18
"ENSG00000172403","SYNPO2",-0.401965210898569,-9.12835236763311,5.07063016942735e-19,2.23770086912063e-18
"ENSG00000196132","MYT1",-0.655362488975668,-9.12594859113075,5.17406449917856e-19,2.2813335534297e-18
"ENSG00000106278","PTPRZ1",0.599446091816911,9.12030367334736,5.42524598818557e-19,2.38997620624915e-18
"ENSG00000182902","SLC25A18",-0.474481019151832,-9.11543231188561,5.65168084254042e-19,2.48753558210406e-18
"ENSG00000116774","OLFML3",-0.360141013097297,-9.10174560743443,6.33914994524515e-19,2.78766488357307e-18
"ENSG00000124875","CXCL6",0.621166834221513,9.09721719180105,6.58434354346916e-19,2.8929453178687e-18
"ENSG00000166523","CLEC4E",0.573389311775686,9.09704206701749,6.59401193504542e-19,2.89464966419904e-18
"ENSG00000217442","SYCE3",-0.360109478088798,-9.09341452402177,6.7974728202715e-19,2.98134772818925e-18
"ENSG00000186973","FAM183A",-0.407443465291894,-9.09182853729205,6.88836747596875e-19,3.01856594038946e-18
"ENSG00000233101","HOXB-AS3",-0.638406966510771,-9.09157885510325,6.90278619688821e-19,3.02223563786699e-18
"ENSG00000099953","MMP11",-0.469928958395267,-9.09062256496304,6.95828708902838e-19,3.04387011768521e-18
"ENSG00000170390","DCLK2",0.354138858660329,9.09050323055253,6.9652439013279e-19,3.04424995687408e-18
"ENSG00000105991","HOXA1",0.303652646123943,9.0849874361351,7.29441976996942e-19,3.18533614409145e-18
"ENSG00000122420","PTGFR",0.508606896845996,9.07834912395117,7.71105074819963e-19,3.36433278717261e-18
"ENSG00000260391","RP11-71H17.7",0.48600043790384,9.07558091206452,7.89166685362572e-19,3.44013376356832e-18
"ENSG00000133083","DCLK1",-0.46386110979908,-9.05943138196843,9.03194025924086e-19,3.93377188991327e-18
"ENSG00000101282","RSPO4",0.660920713745573,9.05474507603885,9.39233756358755e-19,4.08717909642626e-18
"ENSG00000238279","BX470102.3",0.716630493839845,9.05386008578212,9.46197717458603e-19,4.11390311938523e-18
"ENSG00000106823","ECM2",-0.431312276340451,-9.05064977958986,9.71891008592513e-19,4.22194182707434e-18
"ENSG00000086570","FAT2",0.58601985044775,9.05014564719218,9.75988002238847e-19,4.23605903749499e-18
"ENSG00000162522","KIAA1522",-0.266215095363917,-9.04484883302218,1.02008080057351e-18,4.42359410482876e-18
"ENSG00000204644","ZFP57",0.765735988803153,9.0362350346491,1.09603079193445e-18,4.74883358723764e-18
"ENSG00000242516","LINC00960",0.697014663428901,9.03555833254349,1.10222916901625e-18,4.77155484422618e-18
"ENSG00000245694","CRNDE",-0.276224550379033,-9.03318277650978,1.12426434034069e-18,4.85956953431667e-18
"ENSG00000146530","VWDE",0.639718689748831,9.03315715179735,1.12450439024088e-18,4.85956953431667e-18
"ENSG00000221818","EBF2",-0.286346898974075,-9.03058183014397,1.14889021064593e-18,4.96066584907568e-18
"ENSG00000129654","FOXJ1",-0.662289299138107,-9.02400019547532,1.21361481302994e-18,5.23561179046566e-18
"ENSG00000128645","HOXD1",-0.350039031976463,-9.02270298572162,1.22679094514199e-18,5.28585132503491e-18
"ENSG00000183421","RIPK4",0.336143118846667,9.02264583572599,1.22737467767311e-18,5.28585132503491e-18
"ENSG00000163406","SLC15A2",0.648124225530809,9.00876623704756,1.37759283473964e-18,5.92768001178849e-18
"ENSG00000143320","CRABP2",-0.41379360415466,-9.00337970410061,1.44066996652869e-18,6.19376597819727e-18
"ENSG00000138400","MDH1B",-0.446750912407933,-8.99538849177846,1.53954722927708e-18,6.61317538349259e-18
"ENSG00000188015","S100A3",0.325578558716039,8.9890209711943,1.62311518070078e-18,6.96615957382307e-18
"ENSG00000169607","CKAP2L",0.309150047841143,8.97624510582733,1.80455398384045e-18,7.73822463053368e-18
"ENSG00000166897","ELFN2",-0.621984622537008,-8.96151250353394,2.03879577337907e-18,8.73520040008172e-18
"ENSG00000132437","DDC",0.643396128369463,8.95816596817874,2.09606094280462e-18,8.9728636250198e-18
"ENSG00000162426","SLC45A1",-0.403771637834938,-8.95547480222047,2.14326335786289e-18,9.16708023038018e-18
"ENSG00000172250","SERHL",-0.638751110887265,-8.94434537780892,2.34989364558508e-18,1.00422805366884e-17
"ENSG00000277494","GPIHBP1",-0.429748090642711,-8.93655391272648,2.50615802110865e-18,1.07009309184827e-17
"ENSG00000255571","LINC00925",-0.419033983787149,-8.93536607272068,2.53086735415848e-18,1.07953776557843e-17
"ENSG00000233836","RP11-255H23.2",-0.395040957438753,-8.93528342140412,2.53259559804699e-18,1.07953776557843e-17
"ENSG00000198910","L1CAM",0.544179247410184,8.93151222491306,2.61270570459759e-18,1.11273667146405e-17
"ENSG00000259803","SLC22A31",0.638184157564957,8.92941012461788,2.65844248047173e-18,1.13125211934967e-17
"ENSG00000271576","RP11-486G15.2",0.586823454979791,8.91014630407895,3.1162229639972e-18,1.32492472959065e-17
"ENSG00000237732","AC010980.2",0.748376771032821,8.90690063860393,3.20068117951525e-18,1.35967764635312e-17
"ENSG00000105784","RUNDC3B",-0.453876614142069,-8.9038756802673,3.28143265385528e-18,1.39279824017627e-17
"ENSG00000068078","FGFR3",-0.542709012997462,-8.89839246780526,3.43297681796369e-18,1.45588499489554e-17
"ENSG00000003137","CYP26B1",0.376926849619231,8.88590565767469,3.80439946541202e-18,1.61203367178475e-17
"ENSG00000224287","MSL3P1",0.659988377414436,8.87489798347844,4.164612712637e-18,1.76317218993946e-17
"ENSG00000106688","SLC1A1",-0.670955342681772,-8.86657735132566,4.45909321765486e-18,1.88624924604689e-17
"ENSG00000132470","ITGB4",0.436217201007149,8.86247352947422,4.61182485398288e-18,1.94920746153123e-17
"ENSG00000133110","POSTN",-0.303821432454625,-8.86159756178137,4.64508962719157e-18,1.96160879526671e-17
"ENSG00000159212","CLIC6",-0.730450001860064,-8.86041587879559,4.69034012904302e-18,1.97904646795064e-17
"ENSG00000163545","NUAK2",-0.370969587175151,-8.85834223431432,4.77080284840054e-18,2.01129968313682e-17
"ENSG00000173557","C2orf70",0.587672904411311,8.85591976812264,4.86653082228052e-18,2.04992873727065e-17
"ENSG00000178726","THBD",-0.397183444825219,-8.84652583787193,5.25605037456305e-18,2.21214241353664e-17
"ENSG00000185303","SFTPA2",-0.47972239543116,-8.83946974195002,5.5687619337334e-18,2.34178382410993e-17
"ENSG00000138778","CENPE",0.39498679416683,8.83916844170554,5.58251686087454e-18,2.34559531969519e-17
"ENSG00000150551","LYPD1",0.269784958337377,8.8359847136997,5.72992900181884e-18,2.40551175559145e-17
"ENSG00000176907","C8orf4",-0.454219745624923,-8.83416351731527,5.81597744752587e-18,2.43958785550582e-17
"ENSG00000263639","MSMB",-0.495277044178635,-8.8308100203161,5.97778046889166e-18,2.50535644127899e-17
"ENSG00000154864","PIEZO2",-0.553626134460215,-8.82605984032965,6.21461643539829e-18,2.60243569321536e-17
"ENSG00000157404","KIT",0.546010832612901,8.82351690742459,6.34519165295905e-18,2.65489190500379e-17
"ENSG00000125462","C1orf61",0.380211557523927,8.82341446954685,6.35050812104041e-18,2.65489469943161e-17
"ENSG00000167244","IGF2",-0.451015564522644,-8.82212827449156,6.41763695596091e-18,2.68071719129528e-17
"ENSG00000230006","ANKRD36BP2",0.547820524001986,8.82173249028192,6.43843447119241e-18,2.68715962904524e-17
"ENSG00000115828","QPCT",0.445450773279797,8.81964160123162,6.54941670370908e-18,2.73119962623398e-17
"ENSG00000138771","SHROOM3",-0.298408332110446,-8.81762490892359,6.65825210261275e-18,2.77427170942198e-17
"ENSG00000157851","DPYSL5",0.64139536163664,8.81241186275939,6.94794189756392e-18,2.89256531955201e-17
"ENSG00000175906","ARL4D",-0.421431368749248,-8.80897035918609,7.14598062928567e-18,2.97253769937008e-17
"ENSG00000073111","MCM2",0.400040184109291,8.80449977557189,7.41159175702724e-18,3.08046207690243e-17
"ENSG00000170775","GPR37",0.349678437433061,8.80111746837761,7.61900996860894e-18,3.16404068463826e-17
"ENSG00000241794","SPRR2A",0.5009380743111,8.7993425403317,7.73014217355893e-18,3.20752787284603e-17
"ENSG00000165490","DDIAS",0.389802243509494,8.79706083506906,7.87536216686202e-18,3.26507552523301e-17
"ENSG00000233705","SLC26A4-AS1",0.554737298254531,8.79569065418165,7.96386070759706e-18,3.29903094763756e-17
"ENSG00000279569","RP11-394B2.1",0.506643762052258,8.78821626449883,8.46421861836792e-18,3.50340174601321e-17
"ENSG00000058085","LAMC2",0.401803597204069,8.78519343300616,8.67529208751051e-18,3.58779656224587e-17
"ENSG00000156970","BUB1B",0.314581245119229,8.78248559420835,8.86878479803785e-18,3.66271419856621e-17
"ENSG00000134757","DSG3",0.588207410129564,8.78245363489947,8.87109378892736e-18,3.66271419856621e-17
"ENSG00000273107","RP11-165A20.3",0.752372357835322,8.78086603014964,8.98654600191743e-18,3.70732095788673e-17
"ENSG00000144045","DQX1",-0.507730249448075,-8.77324349736949,9.56188668148692e-18,3.94142072608694e-17
"ENSG00000168491","CCDC110",-0.368590495879918,-8.75119131892582,1.14394832730322e-17,4.71148404984852e-17
"ENSG00000251493","FOXD1",0.608118519494497,8.74685951354015,1.18490280291509e-17,4.87614322187278e-17
"ENSG00000092853","CLSPN",0.358511079655553,8.74055304600745,1.24713036621261e-17,5.12800315054528e-17
"ENSG00000169245","CXCL10",0.36302521657627,8.7357881488316,1.29627943928002e-17,5.32571667740352e-17
"ENSG00000090889","KIF4A",0.332640602535645,8.73271479632007,1.32899135308217e-17,5.45562952825194e-17
"ENSG00000074370","ATP2A3",-0.555629148927258,-8.72475205990081,1.41758935353969e-17,5.81455846406762e-17
"ENSG00000267034","RP11-384O8.1",0.631398815381364,8.72277801985174,1.44044184348183e-17,5.90345017820423e-17
"ENSG00000151025","GPR158",0.544444636790824,8.71579119278356,1.5242890801565e-17,6.24197002521088e-17
"ENSG00000156689","GLYATL2",0.611426271396826,8.71536034929042,1.52961462691828e-17,6.25865231963289e-17
"ENSG00000178776","C5orf46",0.344194476142825,8.7152126907547,1.53144402515133e-17,6.26101400307167e-17
"ENSG00000179902","C1orf194",-0.451041323686702,-8.71383390664736,1.5486310369051e-17,6.32610717689994e-17
"ENSG00000169862","CTNND2",-0.459034168696854,-8.70896395038657,1.61087676342704e-17,6.57500719766137e-17
"ENSG00000141314","RHBDL3",-0.578518625254565,-8.70880919370097,1.61289482056993e-17,6.57787447214492e-17
"ENSG00000090530","P3H2",0.342782087443706,8.70811865465127,1.62193008068446e-17,6.60933203212902e-17
"ENSG00000004468","CD38",0.672841332637203,8.70658046726987,1.64223651772895e-17,6.68663077251203e-17
"ENSG00000145423","SFRP2",-0.31599594644035,-8.70536793548319,1.65842075762947e-17,6.7470331880776e-17
"ENSG00000163347","CLDN1",0.360797425388754,8.70342079969972,1.68474058312243e-17,6.84853895578223e-17
"ENSG00000164825","DEFB1",0.496368538307947,8.70157119713661,1.71012425879753e-17,6.94607741185026e-17
"ENSG00000133937","GSC",-0.393834951107113,-8.69809696234854,1.75883035697881e-17,7.13811021501141e-17
"ENSG00000148948","LRRC4C",-0.44560794896038,-8.69139466707064,1.8566976288475e-17,7.5291874649128e-17
"ENSG00000091513","TF",0.531280501719924,8.68386007905944,1.97315522478976e-17,7.99495634031509e-17
"ENSG00000174599","TRAM1L1",-0.303010798602284,-8.66909138474676,2.22276663778836e-17,8.99905521371805e-17
"ENSG00000099194","SCD",-0.457910466553108,-8.66194480861191,2.35451611628086e-17,9.52474157071544e-17
"ENSG00000149575","SCN2B",-0.54691771930554,-8.66117379794295,2.3691831883102e-17,9.57632654935407e-17
"ENSG00000279487","AC234582.1",-0.479045606606377,-8.65829905931507,2.42467025592309e-17,9.79269085590907e-17
"ENSG00000007174","DNAH9",-0.543717347194686,-8.65653217293268,2.45940928397073e-17,9.92497693289237e-17
"ENSG00000205358","MT1H",0.575072210658356,8.65393568697827,2.51135360376054e-17,1.01263099800673e-16
"ENSG00000165810","BTNL9",-0.403160300516396,-8.65383695084216,2.51335013705271e-17,1.01263099800673e-16
"ENSG00000167749","KLK4",-0.419648879527031,-8.64665738440779,2.66281084690729e-17,1.07198504303836e-16
"ENSG00000166091","CMTM5",0.658234413912241,8.64641097355133,2.6680934878325e-17,1.0732475815899e-16
"ENSG00000188064","WNT7B",-0.27804606699809,-8.64280678992881,2.74655538991058e-17,1.10392097665216e-16
"ENSG00000145075","CCDC39",-0.475400322863857,-8.64087634245257,2.78951397580082e-17,1.1202867372694e-16
"ENSG00000146070","PLA2G7",0.371788544283794,8.62932186636793,3.06087488120413e-17,1.2282804499214e-16
"ENSG00000134317","GRHL1",0.316718774599927,8.62189636656231,3.24886940315195e-17,1.30267417929108e-16
"ENSG00000012124","CD22",-0.459120489584266,-8.61130174056019,3.53700567658377e-17,1.41706958196465e-16
"ENSG00000167178","ISLR2",-0.371424628026304,-8.61065143983591,3.55549196909295e-17,1.42333545600198e-16
"ENSG00000008196","TFAP2B",-0.728988948122255,-8.60854353121599,3.61607294010795e-17,1.44642917604318e-16
"ENSG00000121621","KIF18A",0.333820385912159,8.60798555331532,3.63227916146031e-17,1.45175026437263e-16
"ENSG00000141448","GATA6",0.297220193140436,8.60380945048123,3.75587266223321e-17,1.49994914625927e-16
"ENSG00000102109","PCSK1N",0.693199902084133,8.59930724208283,3.89377483665184e-17,1.55378086059531e-16
"ENSG00000126233","SLURP1",0.671830881265727,8.59860942155488,3.91559223109302e-17,1.56124092148844e-16
"ENSG00000186417","GLDN",-0.483999081200788,-8.59787578526833,3.93865967284665e-17,1.56918712065604e-16
"ENSG00000104951","IL4I1",0.408437994331993,8.58435330312232,4.38871221650693e-17,1.74709881230372e-16
"ENSG00000163568","AIM2",0.454939288883833,8.57972441861283,4.55415682267432e-17,1.81151822699854e-16
"ENSG00000171049","FPR2",0.571321477757226,8.57878139572072,4.58861022352221e-17,1.8237719489357e-16
"ENSG00000152661","GJA1",-0.45463844753006,-8.56791176000558,5.00481486868125e-17,1.98761511861845e-16
"ENSG00000103569","AQP9",0.571344152581428,8.56590155283654,5.08577542588932e-17,2.01816485154338e-16
"ENSG00000184347","SLIT3",-0.334948031914326,-8.56290041142227,5.20905953948135e-17,2.06544787449697e-16
"ENSG00000106258","CYP3A5",-0.323744646185396,-8.55832024458701,5.40292258672763e-17,2.14061909141348e-16
"ENSG00000170801","HTRA3",-0.433165590759169,-8.55808633112798,5.41301245026385e-17,2.14291862639107e-16
"ENSG00000169184","MN1",-0.45764621248447,-8.55443067647701,5.57313990879399e-17,2.2045648373394e-16
"ENSG00000118402","ELOVL4",0.396895303187248,8.54663059829059,5.93061665243656e-17,2.34411725392749e-16
"ENSG00000184408","KCND2",-0.382976724530691,-8.51579770972369,7.57933661394545e-17,2.99341888386471e-16
"ENSG00000198846","TOX",0.545317725837455,8.5135533265805,7.71566843458141e-17,3.04485731435731e-16
"ENSG00000109956","B3GAT1",0.503950243693879,8.50723666252894,8.11250493570804e-17,3.1989372774874e-16
"ENSG00000169894","MUC3A",0.325979239943032,8.5052635539926,8.24054693554557e-17,3.24686640486429e-16
"ENSG00000176692","FOXC2",0.432389214143962,8.50436274221003,8.29966565161157e-17,3.26758490220928e-16
"ENSG00000163220","S100A9",0.632501411887096,8.49737267129836,8.77287779973365e-17,3.45117143970639e-16
"ENSG00000092054","MYH7",0.372386219988167,8.49341766814774,9.05232837482482e-17,3.55830517878334e-16
"ENSG00000261116","RP3-523K23.2",0.425011359795093,8.48850265792146,9.41189108084591e-17,3.69409601664425e-16
"ENSG00000272168","CASC15",0.401203374133389,8.48849373309445,9.41255665040955e-17,3.69409601664425e-16
"ENSG00000240891","PLCXD2",-0.62170068015339,-8.48202976167149,9.90702504183863e-17,3.88510785954456e-16
"ENSG00000105664","COMP",-0.363750600477274,-8.48092477882326,9.99408293386328e-17,3.91617669822229e-16
"ENSG00000152377","SPOCK1",-0.394105708409982,-8.4768373849936,1.03227330901185e-16,4.04179055995245e-16
"ENSG00000157766","ACAN",0.392262355763145,8.47452011172635,1.05137736860644e-16,4.11336998672318e-16
"ENSG00000078900","TP73",-0.410051963380308,-8.47398083656388,1.05587311536282e-16,4.12772914528078e-16
"ENSG00000182010","RTKN2",0.282778474370481,8.47379020744808,1.05746686158131e-16,4.13072992805198e-16
"ENSG00000273032","DGCR9",0.58811676491735,8.47273972440102,1.06629210012758e-16,4.1619519911303e-16
"ENSG00000155511","GRIA1",-0.596939324737427,-8.47092844558902,1.0816800698437e-16,4.21872102123126e-16
"ENSG00000107742","SPOCK2",0.466006002129657,8.4694594017308,1.09432147093428e-16,4.26469786022713e-16
"ENSG00000056487","PHF21B",-0.67824700127246,-8.46549129694884,1.12920187371783e-16,4.39720355809122e-16
"ENSG00000134020","PEBP4",-0.521325854879457,-8.46206914236862,1.16016364254518e-16,4.51425541846373e-16
"ENSG00000137747","TMPRSS13",0.317020395332203,8.45980331734845,1.18112347053045e-16,4.59223744374203e-16
"ENSG00000166840","GLYATL1",-0.469565690109239,-8.45378521459415,1.2386267919418e-16,4.8120698987638e-16
"ENSG00000244300","GATA2-AS1",-0.664925928626934,-8.44713635907754,1.30537558937636e-16,5.06745182211318e-16
"ENSG00000118194","TNNT2",0.539283594873504,8.44371483963444,1.34109688648077e-16,5.20208256974696e-16
"ENSG00000243649","CFB",-0.575417845730348,-8.43698407090351,1.4142084776206e-16,5.48142820783178e-16
"ENSG00000261295","RP11-524D16__A.3",-0.324828105679011,-8.43613104670708,1.42375093349092e-16,5.5141399438068e-16
"ENSG00000182885","ADGRG3",0.502699341863626,8.42040502689157,1.61151194688778e-16,6.23650134244496e-16
"ENSG00000065675","PRKCQ",0.557812270859776,8.41980262363617,1.61917111898847e-16,6.26129589709385e-16
"ENSG00000227953","LINC01341",-0.546769037614783,-8.41861320459904,1.63439954908815e-16,6.31529964871773e-16
"ENSG00000203877","RIPPLY2",0.556711455844551,8.41374499272915,1.69821664287678e-16,6.55682101496826e-16
"ENSG00000143171","RXRG",-0.449552956159511,-8.40740881371013,1.78497549198112e-16,6.88647952153209e-16
"ENSG00000139572","GPR84",0.412281712456846,8.40390024075124,1.83488526028077e-16,7.07357463485263e-16
"ENSG00000173947","PIFO",-0.429716477785204,-8.38230827298159,2.17382140753165e-16,8.37373423548401e-16
"ENSG00000175161","CADM2",-0.473560769371693,-8.37936704582362,2.22453674163403e-16,8.56249708096239e-16
"ENSG00000187094","CCK",0.568892967015832,8.3769049412962,2.26788767713998e-16,8.72264491207685e-16
"ENSG00000253414","RP11-150O12.6",-0.439693652036592,-8.37555988778855,2.29192167806146e-16,8.80830775580884e-16
"ENSG00000197815","RP1-253P7.4",-0.505541944614857,-8.3742800981048,2.31502295878773e-16,8.89025713820171e-16
"ENSG00000242808","SOX2-OT",-0.407364717682011,-8.37057752891686,2.3831602598409e-16,9.14489739002646e-16
"ENSG00000244067","GSTA2",0.524007959552689,8.36264312185743,2.5359144354152e-16,9.7235982953037e-16
"ENSG00000147234","FRMPD3",-0.493246272830175,-8.36114680564681,2.56578666504033e-16,9.83060024919665e-16
"ENSG00000149599","DUSP15",-0.544273252584236,-8.35232841958313,2.74902633919404e-16,1.05246031362712e-15
"ENSG00000142583","SLC2A5",0.464826192874281,8.35184556602207,2.75942460234648e-16,1.05563297717922e-15
"ENSG00000109738","GLRB",-0.433949309073358,-8.34984242305505,2.80297869223195e-16,1.07147503525686e-15
"ENSG00000197565","COL4A6",-0.502227286655272,-8.3456340255543,2.89670451421979e-16,1.1064570336974e-15
"ENSG00000214870","AC004540.5",-0.384461453556715,-8.33977539178439,3.03235536217779e-16,1.15738754281595e-15
"ENSG00000164692","COL1A2",-0.31777299176774,-8.33498602365237,3.1478926724595e-16,1.20056928774199e-15
"ENSG00000235961","PNMA6A",0.4965519393775,8.33477216866764,3.1531517992672e-16,1.20165846008659e-15
"ENSG00000115252","PDE1A",-0.296951293924098,-8.33187982928358,3.22513820629224e-16,1.22785853089465e-15
"ENSG00000188338","SLC38A3",0.403999295269236,8.33181333020596,3.22681221919113e-16,1.22785853089465e-15
"ENSG00000197558","SSPO",-0.484474496671575,-8.32977892066712,3.27844205948863e-16,1.24655591615537e-15
"ENSG00000104833","TUBB4A",0.489191483004215,8.32764939428826,3.33335959380786e-16,1.26584930984033e-15
"ENSG00000170624","SGCD",-0.366175212010578,-8.32761526550661,3.33424708211944e-16,1.26584930984033e-15
"ENSG00000184925","LCN12",-0.483334427008012,-8.31740440964082,3.6105232066603e-16,1.36969772635065e-15
"ENSG00000185585","OLFML2A",-0.308660568804,-8.31651668927242,3.63558395558748e-16,1.3781591946882e-15
"ENSG00000141293","SKAP1",-0.452252783227569,-8.31120318447074,3.7892174216374e-16,1.43530962940811e-15
"ENSG00000158428","CATIP",-0.558917648604117,-8.2965173127062,4.24797641241245e-16,1.6078638956898e-15
"ENSG00000253174","RP11-360L9.7",0.508675557980442,8.29355817170194,4.34684467912345e-16,1.64404110405577e-15
"ENSG00000183801","OLFML1",-0.333257462557219,-8.28922441480979,4.49575338095874e-16,1.69907535183626e-15
"ENSG00000188039","NWD1",0.532596815637873,8.28495856208422,4.64724420570753e-16,1.75500158825813e-15
"ENSG00000159409","CELF3",-0.536622797335845,-8.28106160624178,4.79003324642782e-16,1.80755971563314e-15
"ENSG00000152669","CCNO",-0.585342412402496,-8.27987400571538,4.83440318870977e-16,1.82292729589358e-15
"ENSG00000155629","PIK3AP1",0.374392464062007,8.27460269613482,5.03629221333213e-16,1.89762329063004e-15
"ENSG00000047648","ARHGAP6",-0.363361242397801,-8.26878406370128,5.26881607952252e-16,1.98374099379613e-15
"ENSG00000182742","HOXB4",-0.428402354377132,-8.26603400570162,5.38237106397336e-16,2.02497030247305e-15
"ENSG00000112378","PERP",0.264240309506147,8.2544347928188,5.88850654841946e-16,2.21372426632311e-15
"ENSG00000075702","WDR62",0.392680558513113,8.24825398402614,6.17710899699032e-16,2.32047670811056e-15
"ENSG00000135324","MRAP2",0.528893734336203,8.24747775850074,6.21432636380186e-16,2.33270509151722e-15
"ENSG00000111799","COL12A1",-0.323248102000658,-8.23948579867067,6.61062083107818e-16,2.47664010455624e-15
"ENSG00000107611","CUBN",0.300922958351031,8.23945549454789,6.61216999837382e-16,2.47664010455624e-15
"ENSG00000258947","TUBB3",0.413084306103094,8.23944651555942,6.61262907916516e-16,2.47664010455624e-15
"ENSG00000112796","ENPP5",-0.452933436327291,-8.2371436185563,6.73141721298617e-16,2.51924296893195e-15
"ENSG00000160282","FTCD",0.56805445286775,8.23432130855923,6.87987332048171e-16,2.57287708320184e-15
"ENSG00000272711","RP11-259N19.1",0.28471685619035,8.23054352346228,7.08365711820601e-16,2.6471065464148e-15
"ENSG00000133101","CCNA1",0.418901712377942,8.22907332278736,7.16456421809363e-16,2.67534138091622e-15
"ENSG00000168143","FAM83B",0.424748295435061,8.22665967194714,7.29937295836351e-16,2.72364662625504e-15
"ENSG00000172782","FADS6",0.557594954871406,8.2187688637156,7.75780665860385e-16,2.89254536114983e-15
"ENSG00000155011","DKK2",-0.365037939895329,-8.21584186251414,7.93498679619225e-16,2.95640342630114e-15
"ENSG00000120658","ENOX1",-0.372692016012502,-8.21178821276559,8.18697906154057e-16,3.04719467698156e-15
"ENSG00000183780","SLC35F3",0.544926385907081,8.21172676130989,8.19085929172644e-16,3.04719467698156e-15
"ENSG00000156076","WIF1",0.644532508183052,8.20610952714994,8.55332223977701e-16,3.17967369508439e-15
"ENSG00000171346","KRT15",0.376330494531343,8.20509491748372,8.62045943314925e-16,3.20225090384445e-15
"ENSG00000124440","HIF3A",0.488842112074378,8.2043549389851,8.66975188584976e-16,3.21817070744238e-15
"ENSG00000010030","ETV7",0.42405642147335,8.20365654685044,8.71652925857758e-16,3.23313399798872e-15
"ENSG00000125931","CITED1",-0.495655058799616,-8.20180319312393,8.8418754588053e-16,3.27719624121768e-15
"ENSG00000095970","TREM2",-0.222009172444557,-8.19934201308615,9.01108375153101e-16,3.33743842649297e-15
"ENSG00000115896","PLCL1",-0.539925013105043,-8.19662336358848,9.20170965954e-16,3.40551800871207e-15
"ENSG00000144331","ZNF385B",-0.562958821640493,-8.19545959649591,9.2845219506602e-16,3.43362498175303e-15
"ENSG00000233682","RP11-13P5.2",0.342833677584085,8.19494148238207,9.32162655850976e-16,3.44479917165919e-15
"ENSG00000079102","RUNX1T1",-0.351195554983954,-8.18852862288195,9.79317743870341e-16,3.61638753275606e-15
"ENSG00000155761","SPAG17",-0.538974538461298,-8.18741959517314,9.87708102834211e-16,3.6446793462517e-15
"ENSG00000148677","ANKRD1",0.493300321135916,8.18613461249951,9.9751840012054e-16,3.67816519218488e-15
"ENSG00000115602","IL1RL1",-0.446112189045008,-8.1821834937166,1.02828991493131e-15,3.78883535346834e-15
"ENSG00000175745","NR2F1",-0.395152586678927,-8.17433153659651,1.09224834682316e-15,4.02153294117512e-15
"ENSG00000113361","CDH6",-0.242540650572597,-8.17246482011597,1.10802226808175e-15,4.07660878617275e-15
"ENSG00000064205","WISP2",-0.340372014927612,-8.17138864364813,1.11721799539717e-15,4.10741910072487e-15
"ENSG00000134061","CD180",0.336931392224191,8.16761995293333,1.15001838067689e-15,4.22490220674832e-15
"ENSG00000162383","SLC1A7",-0.458982593449673,-8.16629626697491,1.16176298142712e-15,4.2649154971627e-15
"ENSG00000187017","ESPN",-0.374088680431199,-8.16426376199364,1.18002746899161e-15,4.3287874871299e-15
"ENSG00000006453","BAIAP2L1",0.273241722152218,8.15871053540432,1.23138708364832e-15,4.51197699661758e-15
"ENSG00000160886","LY6K",0.643888657476415,8.15867002683429,1.2317697200766e-15,4.51197699661758e-15
"ENSG00000203785","SPRR2E",0.412524628711349,8.15653315909967,1.25212138743297e-15,4.58316759675318e-15
"ENSG00000169031","COL4A3",0.542268516312757,8.15418140575786,1.27490331126724e-15,4.66314305511061e-15
"ENSG00000075643","MOCOS",0.307259224927159,8.15076198590272,1.30875945248228e-15,4.78347753100248e-15
"ENSG00000091622","PITPNM3",0.385968758929685,8.15040673014314,1.31232735791233e-15,4.79301445548695e-15
"ENSG00000064270","ATP2C2",-0.347551969447661,-8.14943450563531,1.3221407551583e-15,4.82533122320547e-15
"ENSG00000180616","SSTR2",-0.603419535675881,-8.14333468788829,1.38538436478385e-15,5.0524593901672e-15
"ENSG00000138311","ZNF365",-0.342979012643698,-8.13904357267489,1.43165458115653e-15,5.21740007710104e-15
"ENSG00000176402","GJC3",-0.374140462703353,-8.12737176580622,1.5653649434134e-15,5.70052783471742e-15
"ENSG00000176244","ACBD7",0.411781526532922,8.12424920554636,1.60317865517586e-15,5.83398346133866e-15
"ENSG00000118298","CA14",-0.524171982837507,-8.11955830814366,1.66168478074791e-15,6.04249011181059e-15
"ENSG00000279700","RP13-554M15.2",-0.475905242697675,-8.10961303039155,1.79278176015053e-15,6.51446860519814e-15
"ENSG00000104879","CKM",0.377305516516605,8.10523852867793,1.85362893642612e-15,6.73067878150372e-15
"ENSG00000159387","IRX6",0.420883064032848,8.09649401889688,1.98143249082811e-15,7.18952282593654e-15
"ENSG00000042062","FAM65C",-0.498766736042947,-8.0898671554539,2.08404068055685e-15,7.55634764523876e-15
"ENSG00000184613","NELL2",-0.611874099563726,-8.08648591830883,2.1383967281887e-15,7.74781423256776e-15
"ENSG00000214578","HMGN2P15",-0.474386932660226,-8.08013276338827,2.24433840434269e-15,8.12577264425304e-15
"ENSG00000163359","COL6A3",-0.298579663019592,-8.07688766266063,2.30043307362816e-15,8.32284035321331e-15
"ENSG00000188883","KLRG2",0.401194113418451,8.07502499130817,2.33325359239885e-15,8.43547936514408e-15
"ENSG00000091262","ABCC6",-0.536398808939576,-8.0720739188627,2.38619994645889e-15,8.62066454645552e-15
"ENSG00000258545","RHOXF1-AS1",0.506613593787635,8.07072714368785,2.4107551757722e-15,8.70308727715597e-15
"ENSG00000225492","GBP1P1",0.542749251987974,8.06721145678013,2.47603619263063e-15,8.93230949722451e-15
"ENSG00000105048","TNNT1",-0.553392822307002,-8.06451759300065,2.52723441644335e-15,9.11043408955786e-15
"ENSG00000135454","B4GALNT1",0.386905948912307,8.06253177302812,2.5656432415848e-15,9.24223069735159e-15
"ENSG00000244306","LINC01296",0.335746495526198,8.06165283758419,2.58282651133874e-15,9.29743164628778e-15
"ENSG00000197641","SERPINB13",0.430936151619214,8.05931230013013,2.62913986802312e-15,9.45733765475942e-15
"ENSG00000154330","PGM5",-0.373983131342227,-8.05485241795902,2.71966887861664e-15,9.77594852126756e-15
"ENSG00000112812","PRSS16",0.402596405701366,8.05269150975615,2.76463121072824e-15,9.93042819945488e-15
"ENSG00000130762","ARHGEF16",-0.213656620176474,-8.05108038322763,2.79863055561185e-15,1.00453358062163e-14
"ENSG00000152779","SLC16A12",-0.46002752048772,-8.04460495467395,2.93949037503006e-15,1.05433657640964e-14
"ENSG00000164109","MAD2L1",0.367633344126153,8.03883052227736,3.07098597307564e-15,1.10071181830668e-14
"ENSG00000131016","AKAP12",-0.402132163530449,-8.03861852722457,3.07592237797673e-15,1.10169139612347e-14
"ENSG00000259384","GH1",0.495318177176571,8.03695877552753,3.11484196198616e-15,1.11483248460492e-14
"ENSG00000205795","CYS1",-0.340646427847645,-8.03488407136122,3.16417545417189e-15,1.13167934698566e-14
"ENSG00000105143","SLC1A6",0.584206136483265,8.03443218925087,3.17502234803673e-15,1.13474708650348e-14
"ENSG00000248663","LINC00992",-0.728072220986249,-8.02811561720704,3.33053949632428e-15,1.18947839154439e-14
"ENSG00000137801","THBS1",-0.325176261313257,-8.02053322984143,3.52716922023244e-15,1.25880414712079e-14
"ENSG00000050165","DKK3",-0.307661477048446,-8.01875841481201,3.57482330040404e-15,1.2749013196876e-14
"ENSG00000231107","LINC01508",0.598894848522226,8.01489094920138,3.68087593013446e-15,1.31178757310565e-14
"ENSG00000223764","RP11-54O7.3",-0.58147959435699,-8.00959431814286,3.83116963183511e-15,1.36437664951393e-14
"ENSG00000109205","ODAM",0.622086216994476,8.00567390618625,3.94629516753651e-15,1.40437550446139e-14
"ENSG00000107014","RLN2",-0.451849861649558,-8.00496437523264,3.96749264651034e-15,1.41091488140481e-14
"ENSG00000164638","SLC29A4",0.409048794220995,8.00452336726211,3.98072446033377e-15,1.41461423608165e-14
"ENSG00000261786","RP4-555D20.2",0.507750433694362,7.99956236415125,4.13260422110204e-15,1.46754411260726e-14
"ENSG00000232445","RP11-132A1.4",0.356305417598781,7.99879744355484,4.15652510636528e-15,1.47499116620486e-14
"ENSG00000107984","DKK1",0.569681153904789,7.99751759233735,4.19685485249096e-15,1.48824640159254e-14
"ENSG00000101333","PLCB4",0.435588029293504,7.99551918887149,4.26060012068343e-15,1.50896063951667e-14
"ENSG00000186642","PDE2A",-0.328884564789968,-7.99549726105506,4.26130484599507e-15,1.50896063951667e-14
"ENSG00000133067","LGR6",0.596555089820667,7.9917935165206,4.38200187174356e-15,1.55060221930062e-14
"ENSG00000106483","SFRP4",-0.386202779712295,-7.99074327755976,4.41683623576775e-15,1.56182327997445e-14
"ENSG00000203799","CCDC162P",-0.520262990639715,-7.97974851435116,4.79831018738675e-15,1.69551596727447e-14
"ENSG00000177685","CRACR2B",-0.416609282681526,-7.96817599013947,5.23493719393663e-15,1.84849477187028e-14
"ENSG00000130487","KLHDC7B",0.496866221222342,7.96736276191012,5.26705293605924e-15,1.85852256035965e-14
"ENSG00000265415","CTD-2510F5.4",0.281637019857984,7.96541064319697,5.34494049375861e-15,1.88467577353971e-14
"ENSG00000164176","EDIL3",-0.400821411119725,-7.95871194006712,5.62094719609472e-15,1.97935883704314e-14
"ENSG00000124491","F13A1",-0.488174591123198,-7.95870171412655,5.62137909720252e-15,1.97935883704314e-14
"ENSG00000135914","HTR2B",-0.395667355975622,-7.95267062025356,5.88189315724411e-15,2.06963165279525e-14
"ENSG00000187800","PEAR1",-0.35417040418466,-7.94571648683496,6.19707983973447e-15,2.17900135011761e-14
"ENSG00000266835","GAPLINC",-0.176524807277142,-7.94239839894541,6.35328014535666e-15,2.23235423238112e-14
"ENSG00000136352","NKX2-1",0.310977297958321,7.9418435232959,6.37977734671278e-15,2.24009036050308e-14
"ENSG00000177098","SCN4B",-0.360164439259526,-7.93426827058715,6.75260792489859e-15,2.36933611399951e-14
"ENSG00000082684","SEMA5B",0.260194255953814,7.92633793802529,7.16593345374836e-15,2.5125993877098e-14
"ENSG00000019186","CYP24A1",0.512723065945213,7.92505792598577,7.23494549129327e-15,2.53501944334032e-14
"ENSG00000115461","IGFBP5",-0.413340133507233,-7.91873702919081,7.58546308680538e-15,2.65597447016995e-14
"ENSG00000137825","ITPKA",-0.478137737418463,-7.91811615903084,7.62078268182092e-15,2.66647399643839e-14
"ENSG00000117154","IGSF21",-0.451150800512304,-7.91560262892771,7.76543499730556e-15,2.71518706199495e-14
"ENSG00000115363","EVA1A",0.2262474972307,7.90801840403847,8.21851057806902e-15,2.8715969874455e-14
"ENSG00000280435","RP4-555D20.1",0.520003441966989,7.90311674797111,8.52509490665504e-15,2.97663928304994e-14
"ENSG00000162728","KCNJ9",0.404610488898296,7.90109102568046,8.65506613041121e-15,3.01991142024118e-14
"ENSG00000165507","C10orf10",0.365910565752078,7.90069173810071,8.68091412156027e-15,3.02681803401683e-14
"ENSG00000114638","UPK1B",0.498502191951799,7.89882389449076,8.80284377064303e-15,3.06719295144356e-14
"ENSG00000121005","CRISPLD1",0.52374844581003,7.89519346154021,9.04468211339329e-15,3.14926257430129e-14
"ENSG00000108700","CCL8",0.372628827032858,7.89480109657174,9.07120817931557e-15,3.15630068869714e-14
"ENSG00000231920","NEBL-AS1",-0.24472549876472,-7.88607410495449,9.68143042730333e-15,3.36628318056444e-14
"ENSG00000171766","GATM",-0.399716567089935,-7.88491882816786,9.76518633675965e-15,3.39304598219585e-14
"ENSG00000224126","UBE2SP2",0.151971133153836,7.88267393071852,9.9299859739834e-15,3.44791179652201e-14
"ENSG00000108821","COL1A1",-0.308577854738981,-7.88087765668083,1.00638238677194e-14,3.49195831634956e-14
"ENSG00000164398","ACSL6",0.483343300124786,7.87803885527924,1.02789734954132e-14,3.56413782781317e-14
"ENSG00000175344","CHRNA7",0.490652815102455,7.86627146446455,1.12202133487792e-14,3.88780781315981e-14
"ENSG00000261011","RP11-96C23.11",-0.487186274909941,-7.86021049657739,1.17376606369292e-14,4.06428692414445e-14
"ENSG00000270069","MIR222HG",0.492733763032428,7.84060608813331,1.35777876060845e-14,4.69819640348945e-14
"ENSG00000135472","FAIM2",-0.394093231680295,-7.84011713664045,1.36271418517623e-14,4.71201308843787e-14
"ENSG00000255071","SAA2-SAA4",0.544936378912699,7.83738933043108,1.39057461454969e-14,4.80502631150548e-14
"ENSG00000134028","ADAMDEC1",0.37011121975334,7.82827834940059,1.48776097032744e-14,5.13729616825775e-14
"ENSG00000100448","CTSG",-0.451563685658196,-7.82708063011943,1.50102490884605e-14,5.1795200443273e-14
"ENSG00000102359","SRPX2",-0.279213364150429,-7.82441488970201,1.53096600969039e-14,5.27919313686342e-14
"ENSG00000179388","EGR3",-0.555281478060725,-7.82399358398769,1.5357515995706e-14,5.29204548439213e-14
"ENSG00000237515","SHISA9",-0.569658223069708,-7.82355956952068,1.54069696499352e-14,5.30543032022563e-14
"ENSG00000184564","SLITRK6",-0.57194250094555,-7.82078711320769,1.57266007686501e-14,5.41176901880594e-14
"ENSG00000198915","RASGEF1A",0.503572658883108,7.81714768445114,1.61561219077221e-14,5.55575031214652e-14
"ENSG00000204624","PTCHD2",-0.47774078594007,-7.81220726218009,1.67577358324248e-14,5.75867210736247e-14
"ENSG00000169429","CXCL8",0.465477512763545,7.80640830303472,1.74921084053523e-14,6.00690535898086e-14
"ENSG00000165124","SVEP1",-0.366251521871419,-7.80479361835479,1.77021750177597e-14,6.07487131700745e-14
"ENSG00000070526","ST6GALNAC1",-0.441562292383811,-7.80439276321211,1.77547093556586e-14,6.08872062951254e-14
"ENSG00000092096","SLC22A17",-0.339457381758431,-7.8042640285796,1.77716133320065e-14,6.09034041535521e-14
"ENSG00000181374","CCL13",0.427810057192035,7.80360321550067,1.78586338222741e-14,6.11597048708018e-14
"ENSG00000109674","NEIL3",0.241655638296446,7.80103043740448,1.82014535910712e-14,6.22910800515784e-14
"ENSG00000165929","TC2N",-0.34605400713139,-7.7969893175935,1.87530649675654e-14,6.41349691093209e-14
"ENSG00000119865","CNRIP1",-0.30434092529063,-7.79372669854734,1.92104033798455e-14,6.56541468894241e-14
"ENSG00000129437","KLK14",0.705360723696961,7.79182637770841,1.94818284569885e-14,6.65362993749607e-14
"ENSG00000046889","PREX2",-0.333346268943454,-7.78540533767392,2.04272123163066e-14,6.97174481785208e-14
"ENSG00000182916","TCEAL7",-0.256848432928263,-7.78454934419675,2.05566095003751e-14,7.01112193055085e-14
"ENSG00000011465","DCN",-0.317704203762943,-7.78418197736968,2.06123903154266e-14,7.0253545724017e-14
"ENSG00000101463","SYNDIG1",-0.384455286051782,-7.77993505078943,2.12681717809298e-14,7.24392771830032e-14
"ENSG00000189221","MAOA",-0.471702159227181,-7.77957065678105,2.13253874295324e-14,7.25847087458557e-14
"ENSG00000158270","COLEC12",-0.397201284005602,-7.77151844024634,2.26291404987538e-14,7.69698656420197e-14
"ENSG00000140279","DUOX2",0.368999162980944,7.76699336273909,2.3395955775432e-14,7.9523982921251e-14
"ENSG00000139329","LUM",-0.26789544026411,-7.76600433568009,2.35669346818285e-14,8.00507292181675e-14
"ENSG00000166707","ZCCHC18",0.408950581035971,7.76583743551799,2.35959088614409e-14,8.00947347638863e-14
"ENSG00000172818","OVOL1",-0.200188110632472,-7.76190433552098,2.42889541062239e-14,8.23912961540838e-14
"ENSG00000130988","RGN",0.421116813115582,7.75226263469736,2.60738927876459e-14,8.83860772462572e-14
"ENSG00000149451","ADAM33",-0.323643761633189,-7.75015417279803,2.64811207308439e-14,8.97056935326692e-14
"ENSG00000105877","DNAH11",0.676962159655135,7.74361249469116,2.77848792441185e-14,9.40584943944431e-14
"ENSG00000103089","FA2H",-0.302610666630286,-7.7420476405628,2.81060114690991e-14,9.50812295977642e-14
"ENSG00000132932","ATP8A2",-0.497059741718945,-7.74007584181559,2.85158663603833e-14,9.64025231926413e-14
"ENSG00000269113","TRABD2B",-0.388051610692981,-7.73984601910622,2.85640184507523e-14,9.65000623336225e-14
"ENSG00000169851","PCDH7",-0.310465636739948,-7.73892188102725,2.87584524710813e-14,9.70913317727257e-14
"ENSG00000169071","ROR2",-0.303576978902871,-7.73714397355082,2.91361900006599e-14,9.83002361695677e-14
"ENSG00000123975","CKS2",0.286168268573124,7.72910611031694,3.09058449238786e-14,1.04200421186374e-13
"ENSG00000244457","ENO1P1",-0.530829902176122,-7.72448456611701,3.19708614532337e-14,1.07718535893645e-13
"ENSG00000187243","MAGED4B",0.413860130027998,7.72418787957456,3.20404535306353e-14,1.07880314917964e-13
"ENSG00000102452","NALCN",0.369416030673173,7.72304302103058,3.23103983902605e-14,1.08716010734389e-13
"ENSG00000165966","PDZRN4",-0.455239854512304,-7.72167491833948,3.26359216219792e-14,1.09737463422929e-13
"ENSG00000104147","OIP5",0.277286259819295,7.72155591166913,3.26643900792124e-14,1.09759375266171e-13
"ENSG00000145244","CORIN",-0.496365691663582,-7.71735990867166,3.36839375800906e-14,1.13109259839122e-13
"ENSG00000175857","GAPT",-0.363110224963525,-7.71235131185349,3.49420375438242e-14,1.17255159543034e-13
"ENSG00000113396","SLC27A6",0.445726622103779,7.70971249762261,3.56233813602965e-14,1.19461372770947e-13
"ENSG00000140254","DUOXA1",0.365650883566519,7.70612777465283,3.65699678346552e-14,1.22553511510239e-13
"ENSG00000243422","RPL23AP49",0.49722394181326,7.70030254023678,3.81612990292445e-14,1.27800733520578e-13
"ENSG00000263961","C1orf186",0.368647989049677,7.69715173850476,3.90502603286636e-14,1.30690295611324e-13
"ENSG00000266903","CTB-171A8.1",-0.488502875556843,-7.69551261365246,3.95207550459614e-14,1.32176438280807e-13
"ENSG00000154451","GBP5",0.504671491540382,7.69374664551032,4.00339089033756e-14,1.33803171468501e-13
"ENSG00000280165","PCDH20",-0.525529474243297,-7.69194488231486,4.0564227994339e-14,1.35485063441346e-13
"ENSG00000254966","RP11-1081L13.4",-0.43118606097778,-7.68830075020958,4.16580587668267e-14,1.39045590009435e-13
"ENSG00000180155","LYNX1",0.405191058320537,7.68578117640731,4.24312770428165e-14,1.4153194477257e-13
"ENSG00000176153","GPX2",-0.400516304026263,-7.68228794119991,4.35267325887467e-14,1.45089108629156e-13
"ENSG00000038295","TLL1",-0.389166808765932,-7.68130177677815,4.38409980015893e-14,1.4603930047165e-13
"ENSG00000006016","CRLF1",0.434966959940783,7.66994233986903,4.76261153933976e-14,1.58542328207049e-13
"ENSG00000166510","CCDC68",-0.534832611975877,-7.66457691453818,4.9524140478043e-14,1.64750966327488e-13
"ENSG00000184985","SORCS2",-0.487820469533711,-7.66438503716317,4.95933795675529e-14,1.64871607604896e-13
"ENSG00000100739","BDKRB1",-0.291907984803116,-7.66175483977771,5.05521549767955e-14,1.67947358726895e-13
"ENSG00000151948","GLT1D1",0.44869765886372,7.65513000394896,5.30487316123751e-14,1.76124606946797e-13
"ENSG00000166147","FBN1",-0.401485557299815,-7.6482434813826,5.57726408519862e-14,1.85045258301215e-13
"ENSG00000165323","FAT3",-0.415917702884453,-7.64325744530032,5.78303516549884e-14,1.91745197795054e-13
"ENSG00000121207","LRAT",0.543216890417127,7.64090184135225,5.88283286833012e-14,1.94924879666339e-13
"ENSG00000086991","NOX4",-0.248782181384208,-7.6330527112686,6.22776874092729e-14,2.06217507977725e-13
"ENSG00000095917","TPSD1",-0.636217709949757,-7.62677307974292,6.51800853162743e-14,2.15685259153787e-13
"ENSG00000198088","NUP62CL",-0.392726048146602,-7.6246049236988,6.62128070304694e-14,2.18957695206579e-13
"ENSG00000105737","GRIK5",-0.310799552932314,-7.61817217628532,6.93725740283931e-14,2.2925503644545e-13
"ENSG00000135451","TROAP",0.293579070966112,7.60896759085373,7.4153643973364e-14,2.44893143901466e-13
"ENSG00000226197","RP11-536O18.1",0.420353606036603,7.60489920366112,7.63689055828391e-14,2.52042592682637e-13
"ENSG00000176490","DIRAS1",0.422036623488288,7.59808358976349,8.02269663811795e-14,2.64600812602835e-13
"ENSG00000128652","HOXD3",-0.23241410653457,-7.59402701348929,8.26136907108332e-14,2.72292981907822e-13
"ENSG00000007216","SLC13A2",-0.499724214718397,-7.58164535351277,9.03393224792668e-14,2.97560350722223e-13
"ENSG00000255686","RP11-227B21.2",-0.464012473410602,-7.57737267232197,9.31670191877576e-14,3.06672215891236e-13
"ENSG00000221887","HMSD",0.610477709967052,7.57488133362447,9.48558439652644e-14,3.12025802517317e-13
"ENSG00000172061","LRRC15",-0.315232947369809,-7.56990022648654,9.83233112810464e-14,3.23219300726648e-13
"ENSG00000087586","AURKA",0.376764405483827,7.56781170739636,9.98140417800169e-14,3.27904210841054e-13
"ENSG00000273001","RP11-118K6.3",0.668397796374457,7.54652623564581,1.16334673806286e-13,3.81926046639154e-13
"ENSG00000189280","GJB5",0.482402879247451,7.54256951189568,1.1968966732846e-13,3.92606746136796e-13
"ENSG00000269190","FBXO17",0.316717456355324,7.54250510756881,1.19745057571723e-13,3.92606746136796e-13
"ENSG00000242732","RGAG4",-0.402565409882274,-7.53814693430495,1.23552477437628e-13,4.04824631184889e-13
"ENSG00000133116","KL",-0.348209705599665,-7.53389024091775,1.27386207655251e-13,4.16857605687078e-13
"ENSG00000247993","FOXD1-AS1",0.57305399142648,7.53388425072743,1.27391684297971e-13,4.16857605687078e-13
"ENSG00000146147","MLIP",0.535760482607956,7.53025412903752,1.3075358355662e-13,4.2757875590785e-13
"ENSG00000078098","FAP",-0.284733985817201,-7.52936135826316,1.31593680172487e-13,4.30044706446037e-13
"ENSG00000112309","B3GAT2",0.330285796445231,7.5292290101293,1.31718671065582e-13,4.30172015237042e-13
"ENSG00000234690","AC073283.4",0.375398832028186,7.5206402823308,1.40084795966128e-13,4.57195809288931e-13
"ENSG00000145936","KCNMB1",0.337379870970435,7.5140448278836,1.46862378460185e-13,4.79003191324804e-13
"ENSG00000187955","COL14A1",-0.396290155137734,-7.51216354313506,1.48854089411041e-13,4.85182820766104e-13
"ENSG00000008735","MAPK8IP2",-0.44446891136556,-7.50982680657095,1.51365040314579e-13,4.9304573392371e-13
"ENSG00000163431","LMOD1",-0.265879079996606,-7.50958829241068,1.51623669827688e-13,4.93566633553671e-13
"ENSG00000149927","DOC2A",-0.455892777538392,-7.50619187971113,1.5535406693466e-13,5.05380829325504e-13
"ENSG00000108381","ASPA",-0.365450199159403,-7.50568643335104,1.55916884072491e-13,5.06881937816939e-13
"ENSG00000268518","CTD-2545M3.8",0.514069151914851,7.50315360943134,1.58767564498049e-13,5.15765198739507e-13
"ENSG00000180044","C3orf80",-0.282012027470046,-7.50307603305839,1.58855681211768e-13,5.15765198739507e-13
"ENSG00000160963","COL26A1",0.410195430568624,7.50074812313441,1.6152239794121e-13,5.24083056266094e-13
"ENSG00000204677","FAM153C",-0.513716085362355,-7.49214503371608,1.71765431649188e-13,5.56956652558974e-13
"ENSG00000188176","SMTNL2",0.523009268665412,7.49171644182146,1.72292110503206e-13,5.58302367152321e-13
"ENSG00000162892","IL24",-0.383940923261167,-7.49124002528424,1.72879424677277e-13,5.59842696493774e-13
"ENSG00000181458","TMEM45A",0.365898747018625,7.4890880804439,1.75556934046766e-13,5.68145417627074e-13
"ENSG00000130768","SMPDL3B",0.195890508386437,7.48774793277491,1.77244963205527e-13,5.73237267805716e-13
"ENSG00000102924","CBLN1",-0.46630023233374,-7.48270811024964,1.83737255862564e-13,5.93850212871894e-13
"ENSG00000046604","DSG2",0.1792349768875,7.48092275876105,1.86092832206767e-13,6.01075039427543e-13
"ENSG00000138160","KIF11",0.281865416858225,7.47515090521608,1.93913376408266e-13,6.25930847024746e-13
"ENSG00000116035","VAX2",0.374230591086484,7.47109253558434,1.99605025826423e-13,6.43887180085235e-13
"ENSG00000174640","SLCO2A1",-0.26675275683259,-7.46879720485239,2.0289656793218e-13,6.54083068769116e-13
"ENSG00000255398","HCAR3",-0.284790323028291,-7.46476763828846,2.08804725000684e-13,6.72695634667151e-13
"ENSG00000116833","NR5A2",-0.265278039035086,-7.46297756581975,2.11483340921884e-13,6.80886480753006e-13
"ENSG00000019991","HGF",-0.388177816017279,-7.45825472485299,2.18713851173865e-13,7.0371251986443e-13
"ENSG00000112214","FHL5",-0.284948982004885,-7.45621993493369,2.21903528708411e-13,7.13516169480421e-13
"ENSG00000153446","C16orf89",-0.468757478577428,-7.4517786496145,2.29025412220881e-13,7.35942841326739e-13
"ENSG00000115226","FNDC4",0.275065911461168,7.42846678168406,2.70260610527269e-13,8.67888922695147e-13
"ENSG00000162975","KCNF1",-0.489466445232536,-7.42641233121664,2.7422688759794e-13,8.80060614884276e-13
"ENSG00000204442","FAM155A",-0.425258292825997,-7.41296593693231,3.01637742650367e-13,9.67407769885718e-13
"ENSG00000168243","GNG4",0.456540916837685,7.40969401553243,3.08705295512752e-13,9.89440049720358e-13
"ENSG00000096006","CRISP3",-0.581488082153558,-7.40920125760234,3.09783704987614e-13,9.92260425969295e-13
"ENSG00000276842","RP11-713N11.6",-0.506992333529072,-7.40741242512504,3.13729839327457e-13,1.00425684803924e-12
"ENSG00000168542","COL3A1",-0.263924730578299,-7.40310532280143,3.23435271139172e-13,1.03466177587707e-12
"ENSG00000164879","CA3",0.530768165292853,7.40193460090422,3.26123992075025e-13,1.04259588259279e-12
"ENSG00000127152","BCL11B",0.461695430918105,7.39947618391765,3.31841855640565e-13,1.06019762185484e-12
"ENSG00000171219","CDC42BPG",0.186623050111285,7.39821032497535,3.34824383109181e-13,1.06904336880326e-12
"ENSG00000235946","LL0XNC01-240C2.1",0.543241974391891,7.39645376634575,3.3900679561203e-13,1.08170643143596e-12
"ENSG00000115339","GALNT3",0.465366829083046,7.39188158125005,3.50135816971688e-13,1.11650451840462e-12
"ENSG00000272502","RP11-713M15.2",0.347367121348371,7.39109150524256,3.52095006686832e-13,1.12203635018111e-12
"ENSG00000079841","RIMS1",-0.450618536342469,-7.38635306276453,3.64073495384508e-13,1.15946973052391e-12
"ENSG00000139209","SLC38A4",-0.421641222657164,-7.3847692125718,3.68166078976104e-13,1.17175709413146e-12
"ENSG00000173801","JUP",-0.224896958958063,-7.38212513262903,3.75099310347601e-13,1.19306396420993e-12
"ENSG00000186871","ERCC6L",0.303229271591659,7.38139408585162,3.77038801334555e-13,1.19847044289433e-12
"ENSG00000232810","TNF",0.360944238733048,7.38101106952747,3.78058891245174e-13,1.20094946393003e-12
"ENSG00000211896","IGHG1",0.455313285825988,7.37873395436052,3.84179841738074e-13,1.21958419371162e-12
"ENSG00000058335","RASGRF1",0.366464710332993,7.37864794508444,3.84412937857902e-13,1.21958419371162e-12
"ENSG00000164691","TAGAP",0.381521323062743,7.37331025401151,3.99154281789937e-13,1.2655494032655e-12
"ENSG00000173898","SPTBN2",0.356227847744377,7.37006987670609,4.08373185493889e-13,1.29395812894135e-12
"ENSG00000229953","RP11-284F21.7",-0.527953673346921,-7.3678828911536,4.14713239379469e-13,1.31321481754107e-12
"ENSG00000143126","CELSR2",-0.380049556541168,-7.36241909616862,4.30978941614432e-13,1.3634539388017e-12
"ENSG00000263513","FAM72C",0.443722537520876,7.36237124344814,4.31124135449097e-13,1.3634539388017e-12
"ENSG00000166396","SERPINB7",0.444788273364992,7.36049439508143,4.36856944993571e-13,1.38071095130711e-12
"ENSG00000198121","LPAR1",-0.284276750650577,-7.35969186458715,4.39331090876842e-13,1.38765347718523e-12
"ENSG00000101003","GINS1",0.295129962499226,7.35462476671738,4.55273937812547e-13,1.43710207642849e-12
"ENSG00000132854","KANK4",0.402388720385335,7.35362445071718,4.58487881765022e-13,1.44633401187704e-12
"ENSG00000122176","FMOD",-0.336927990681778,-7.35272259709731,4.61404597217125e-13,1.45461726739321e-12
"ENSG00000169271","HSPB3",0.383436692329456,7.34485386394901,4.87639780079681e-13,1.53569588096902e-12
"ENSG00000089356","FXYD3",-0.173663329740704,-7.34482548283724,4.87737011795762e-13,1.53569588096902e-12
"ENSG00000159708","LRRC36",-0.329130183525715,-7.34414648738641,4.90068896910321e-13,1.542067013563e-12
"ENSG00000144824","PHLDB2",-0.343092892082076,-7.34381702574667,4.91204320344923e-13,1.54466767404064e-12
"ENSG00000183570","PCBP3",0.42602654964713,7.33965523657045,5.05771815933154e-13,1.58931540912658e-12
"ENSG00000166428","PLD4",-0.380721397127498,-7.33958028495382,5.06038026265904e-13,1.58931540912658e-12
"ENSG00000186510","CLCNKA",-0.392222503873638,-7.33322506463273,5.29118720950394e-13,1.66076183600249e-12
"ENSG00000125144","MT1G",0.446985094996704,7.32696007976591,5.52884209736558e-13,1.73426665538444e-12
"ENSG00000233493","TMEM238",-0.266795667898967,-7.32428992356639,5.63329379951616e-13,1.76592282116494e-12
"ENSG00000103067","ESRP2",-0.150912891912535,-7.31761806217397,5.9028431543567e-13,1.84926163983606e-12
"ENSG00000163273","NPPC",0.519539314571802,7.31601964409197,5.96928117139188e-13,1.86890456211393e-12
"ENSG00000106624","AEBP1",-0.364251018382832,-7.3157934767695,5.97874098000407e-13,1.87069492490741e-12
"ENSG00000165061","ZMAT4",-0.498600940612195,-7.2976282635094,6.78868425393965e-13,2.12279057346456e-12
"ENSG00000185306","C12orf56",0.575347489107776,7.29214155756188,7.05388473739086e-13,2.20433898043465e-12
"ENSG00000169752","NRG4",0.369620878335559,7.28976271331917,7.17200826229451e-13,2.23985267404575e-12
"ENSG00000154096","THY1",-0.225472698068116,-7.28901557747392,7.20950774454958e-13,2.25015847208164e-12
"ENSG00000179593","ALOX15B",-0.488951495082531,-7.28847917619798,7.23654908760774e-13,2.25718935982774e-12
"ENSG00000183715","OPCML",-0.392213784868894,-7.28481464826617,7.42397408644823e-13,2.31420638604995e-12
"ENSG00000169252","ADRB2",-0.430875264015239,-7.28344022430759,7.49549404437113e-13,2.33504487363587e-12
"ENSG00000233117","LINC00702",-0.271573127658077,-7.28166753154305,7.58873962713114e-13,2.36262130359002e-12
"ENSG00000160588","MPZL3",0.261092551908529,7.27889233364973,7.73701344392111e-13,2.40728483009369e-12
"ENSG00000133742","CA1",0.461565034073378,7.27749206584324,7.81290483828351e-13,2.4293858327996e-12
"ENSG00000158022","TRIM63",-0.439726821010768,-7.2768265621442,7.84922980450068e-13,2.43916401631469e-12
"ENSG00000234380","LINC01426",-0.325672763971309,-7.27529585644753,7.93341124050832e-13,2.46379231071687e-12
"ENSG00000161681","SHANK1",-0.376580640486951,-7.27378554811217,8.01734080715181e-13,2.48831185820975e-12
"ENSG00000231793","DOC2GP",0.755660398949835,7.26993348148046,8.23537789403558e-13,2.55439760981253e-12
"ENSG00000137809","ITGA11",-0.429973962403587,-7.2674389870532,8.37967225030097e-13,2.5975425450406e-12
"ENSG00000140937","CDH11",-0.329601473009094,-7.26514490300072,8.51456655153337e-13,2.63772198002893e-12
"ENSG00000183317","EPHA10",-0.290630352196546,-7.26460931219484,8.54636592884259e-13,2.64593372409987e-12
"ENSG00000083454","P2RX5",0.519493885326504,7.26225335323124,8.68763730774079e-13,2.68800659274158e-12
"ENSG00000070190","DAPP1",0.3480499696494,7.24678791692558,9.6737054244349e-13,2.99125090427795e-12
"ENSG00000143387","CTSK",-0.383928734309377,-7.23879771314139,1.02254578276935e-12,3.15990662166055e-12
"ENSG00000128709","HOXD9",-0.165200427885953,-7.23573522046287,1.04450371878528e-12,3.22576812472291e-12
"ENSG00000218336","TENM3",-0.363170178891226,-7.23127271059702,1.07733189325776e-12,3.32509843598073e-12
"ENSG00000180438","TPRXL",0.475364322731967,7.22173143611027,1.15096185214197e-12,3.55015993874759e-12
"ENSG00000077943","ITGA8",-0.253750961537,-7.21954188165587,1.16854423733309e-12,3.60217089190225e-12
"ENSG00000130635","COL5A1",-0.332570255667492,-7.20985666941185,1.24953761050769e-12,3.84946891715245e-12
"ENSG00000102890","ELMO3",-0.283347826620439,-7.20784269897081,1.26705998254643e-12,3.90104674429319e-12
"ENSG00000196611","MMP1",0.35346167021262,7.20406084879423,1.30061868607715e-12,4.00190364946815e-12
"ENSG00000179674","ARL14",0.442812076447916,7.20294847036904,1.3106547295514e-12,4.03030359640653e-12
"ENSG00000154188","ANGPT1",0.350856569144918,7.1996449734111,1.34091021608922e-12,4.12080582694906e-12
"ENSG00000189129","PLAC9",-0.386388100460695,-7.19567330721951,1.37819504571433e-12,4.2327857669359e-12
"ENSG00000189058","APOD",-0.408549962126805,-7.19544761530848,1.38034410409877e-12,4.23678362215707e-12
"ENSG00000109610","SOD3",0.289269148575722,7.19513351751611,1.38334045394161e-12,4.24337562558775e-12
"ENSG00000148600","CDHR1",0.428151471555107,7.19462932827653,1.38816356234039e-12,4.25555966382706e-12
"ENSG00000125780","TGM3",-0.492783515398549,-7.18675868326854,1.4656330045735e-12,4.48855664689407e-12
"ENSG00000128165","ADM2",0.23566112836358,7.18672607880375,1.4659626008756e-12,4.48855664689407e-12
"ENSG00000198826","ARHGAP11A",0.371577819136851,7.18145784141986,1.52018695263625e-12,4.65173486118803e-12
"ENSG00000214290","COLCA2",0.390545182613594,7.17944137749043,1.54145936547887e-12,4.71394301369686e-12
"ENSG00000051180","RAD51",0.305079248366516,7.17743415516917,1.56292476429821e-12,4.77666492756176e-12
"ENSG00000162366","PDZK1IP1",0.360507521665083,7.17507516569279,1.5885277147074e-12,4.85194781523335e-12
"ENSG00000157890","MEGF11",0.452890839243265,7.1719148682854,1.6234745328328e-12,4.9556609671331e-12
"ENSG00000177363","LRRN4CL",-0.342940083521549,-7.17060972199569,1.63812641067465e-12,4.99733499290621e-12
"ENSG00000184113","CLDN5",-0.345876776320663,-7.16378011051709,1.71694242925124e-12,5.2345805769855e-12
"ENSG00000278978","RP11-164P12.5",0.201671462903836,7.16368340384406,1.71808479541261e-12,5.23487140588851e-12
"ENSG00000198758","EPS8L3",-0.423033991374112,-7.16224831186742,1.73512514413626e-12,5.28357230248557e-12
"ENSG00000166819","PLIN1",-0.529409207880952,-7.16002653604708,1.76183475514545e-12,5.36163954700379e-12
"ENSG00000180644","PRF1",0.438046402830447,7.15756043736164,1.79195483577631e-12,5.44998429372358e-12
"ENSG00000148926","ADM",0.424488119827943,7.15011003342307,1.88605862547493e-12,5.73270098928551e-12
"ENSG00000167281","RBFOX3",0.421056989029419,7.14768153656598,1.91776906554381e-12,5.82554394150611e-12
"ENSG00000204262","COL5A2",-0.323376220252109,-7.14488813517559,1.95489255211353e-12,5.93470720131612e-12
"ENSG00000120129","DUSP1",-0.455370777226339,-7.14330297051767,1.97627204657381e-12,5.99597101509045e-12
"ENSG00000099822","HCN2",-0.389177803538791,-7.13649404950942,2.07074860016653e-12,6.2788010920756e-12
"ENSG00000094963","FMO2",0.356203708010682,7.1326298640555,2.12632526391556e-12,6.44340989065321e-12
"ENSG00000213886","UBD",0.328276058656037,7.13253444171588,2.12771605723659e-12,6.4437191315463e-12
"ENSG00000180178","FAR2P1",-0.517454353898413,-7.13035084262216,2.15978769880421e-12,6.53688770824519e-12
"ENSG00000129173","E2F8",0.274693869010198,7.12306232944993,2.27031491358463e-12,6.86725624193777e-12
"ENSG00000128342","LIF",0.346750789230808,7.12168289698813,2.29185018096697e-12,6.92820490014198e-12
"ENSG00000198523","PLN",-0.273895723472833,-7.11876936265741,2.33799715130634e-12,7.06343550243606e-12
"ENSG00000182168","UNC5C",-0.338694390827963,-7.10915855858351,2.49678840172018e-12,7.53861232403436e-12
"ENSG00000152467","ZSCAN1",-0.542795767636496,-7.10642572007647,2.54384404453979e-12,7.67605324242542e-12
"ENSG00000076826","CAMSAP3",-0.151688176056049,-7.10071302146317,2.64504068340514e-12,7.97660037215061e-12
"ENSG00000111879","FAM184A",0.358904516719226,7.09114609204769,2.82344009814959e-12,8.50583375522764e-12
"ENSG00000181541","MAB21L2",-0.369800792389173,-7.09112029343225,2.82393680673558e-12,8.50583375522764e-12
"ENSG00000186847","KRT14",0.424078086372177,7.0854602448701,2.93501271994995e-12,8.83507742308836e-12
"ENSG00000168329","CX3CR1",-0.44897078110076,-7.07723189557537,3.10418389511682e-12,9.3387000454778e-12
"ENSG00000162267","ITIH3",-0.31716668497074,-7.07394361673474,3.1744364596553e-12,9.5443068540448e-12
"ENSG00000182103","FAM181B",0.504676237298302,7.07067810465906,3.24574755779861e-12,9.75284722896217e-12
"ENSG00000189423","USP32P3",0.445224534156711,7.07033190949562,3.25339927583031e-12,9.7699677952862e-12
"ENSG00000261105","LMO7-AS1",0.392913730539853,7.06993773623575,3.26213299568107e-12,9.79031511308844e-12
"ENSG00000141579","ZNF750",0.248496604044321,7.0694402454245,3.27318881093172e-12,9.8176029122127e-12
"ENSG00000104808","DHDH",0.341497470821789,7.06884797175097,3.2863990003201e-12,9.85131594820174e-12
"ENSG00000185739","SRL",-0.287133928403027,-7.06840085967141,3.29640615338223e-12,9.87539291007259e-12
"ENSG00000170439","METTL7B",0.361234717675046,7.0630607908945,3.41826469959279e-12,1.02343254478826e-11
"ENSG00000157103","SLC6A1",-0.212113159596012,-7.058021449591,3.53731350106731e-12,1.05844210085796e-11
"ENSG00000173432","SAA1",0.328396604373933,7.05736518973223,3.55311356240691e-12,1.06253396004991e-11
"ENSG00000130545","CRB3",-0.128724953313601,-7.05720484695043,3.5569844880088e-12,1.06305573461112e-11
"ENSG00000134548","SPX",0.509352650644911,7.05579384011991,3.5912274962008e-12,1.0723440867365e-11
"ENSG00000197646","PDCD1LG2",0.337187388108364,7.05574770027828,3.59235269056729e-12,1.0723440867365e-11
"ENSG00000141052","MYOCD",-0.342398100618504,-7.05170951302705,3.69218350737115e-12,1.10148672654271e-11
"ENSG00000135480","KRT7",0.304124055840817,7.05106071369307,3.70847499054167e-12,1.10568723629746e-11
"ENSG00000131969","ABHD12B",-0.608124813312251,-7.0468151575569,3.81683806621133e-12,1.13731765977692e-11
"ENSG00000172551","MUCL1",-0.503807128804161,-7.04257297536253,3.92821966817627e-12,1.16980931154743e-11
"ENSG00000106178","CCL24",0.531717396158516,7.0411773123328,3.96555702313287e-12,1.18022530450383e-11
"ENSG00000154721","JAM2",-0.305444013641078,-7.0400516011671,3.99592626831843e-12,1.18855629634694e-11
"ENSG00000115386","REG1A",0.216377488675821,7.03817018086349,4.0471935882807e-12,1.20308965168868e-11
"ENSG00000163071","SPATA18",-0.393673497288875,-7.03243527010176,4.20748421063618e-12,1.24999530916107e-11
"ENSG00000114115","RBP1",0.376309204911897,7.02856279549892,4.3192293343126e-12,1.28243151256312e-11
"ENSG00000163599","CTLA4",0.440406795655385,7.02682537875279,4.37030701124365e-12,1.29682700630375e-11
"ENSG00000154080","CHST9",0.461211417004267,7.02650603066738,4.37975973333587e-12,1.29886113088253e-11
"ENSG00000072952","MRVI1",-0.292760792343037,-7.01988542533175,4.58031560824505e-12,1.35753278252669e-11
"ENSG00000134339","SAA2",0.354400159316718,7.0150293809518,4.73312493494031e-12,1.40199198309843e-11
"ENSG00000081041","CXCL2",0.516473533689133,7.00897528626205,4.9306599758192e-12,1.45963883239171e-11
"ENSG00000133256","PDE6B",-0.494257335109502,-7.00595310410308,5.03227581650223e-12,1.48883899896516e-11
"ENSG00000206195","DUXAP8",0.296399180887238,7.00177978841362,5.17598437818194e-12,1.53045073275634e-11
"ENSG00000109193","SULT1E1",0.514699409760705,6.99904132248221,5.27246553020695e-12,1.55805718977747e-11
"ENSG00000092850","TEKT2",-0.444068205213505,-6.99431582012232,5.44312305465552e-12,1.60753781885869e-11
"ENSG00000278134","RP11-12A20.4",0.633624731315694,6.99217600966584,5.52217354671425e-12,1.62992135381176e-11
"ENSG00000142731","PLK4",0.301321674644612,6.99073683665536,5.57597347627347e-12,1.64400624173344e-11
"ENSG00000261069","RP11-701H24.4",-0.507822189351404,-6.99072364005747,5.57646917195983e-12,1.64400624173344e-11
"ENSG00000255794","RMST",-0.491188649075389,-6.98965767837233,5.616652464694e-12,1.6548769784013e-11
"ENSG00000055813","CCDC85A",-0.370292619736625,-6.98243604179217,5.89647212451789e-12,1.73629921216663e-11
"ENSG00000179750","APOBEC3B",0.367908802761892,6.97992508552808,5.99693647034827e-12,1.7648429871537e-11
"ENSG00000154258","ABCA9",-0.355669769002813,-6.97680552842786,6.12409454514606e-12,1.80120427798414e-11
"ENSG00000125798","FOXA2",0.304272474766332,6.96456838529258,6.64896208229495e-12,1.95442741983979e-11
"ENSG00000077152","UBE2T",0.317761313727168,6.96426852844538,6.66236258751499e-12,1.95721580126762e-11
"ENSG00000122585","NPY",0.388456841196977,6.96375502427458,6.68537253118148e-12,1.96282223463931e-11
"ENSG00000016602","CLCA4",0.421659638095848,6.9610672585356,6.80708920172202e-12,1.99738532914379e-11
"ENSG00000141576","RNF157",-0.399700769317981,-6.96032930652953,6.84088661951671e-12,2.00612510836267e-11
"ENSG00000102271","KLHL4",-0.318724621381191,-6.95664403629453,7.0121491790725e-12,2.05514337018538e-11
"ENSG00000008323","PLEKHG6",0.216881963066411,6.95581116177705,7.05143396013695e-12,2.0654463855117e-11
"ENSG00000277050","RP11-102G14.1",-0.343206879251604,-6.94741526011481,7.45971424010755e-12,2.18375709605022e-11
"ENSG00000269235","ZNF350-AS1",-0.51758591284059,-6.94617584774843,7.52191839325763e-12,2.20067828942587e-11
"ENSG00000180806","HOXC9",-0.148527315851282,-6.93447598711444,8.13477694621661e-12,2.37858975035573e-11
"ENSG00000198756","COLGALT2",0.357734994999879,6.93435483961185,8.14137250507882e-12,2.37912697401485e-11
"ENSG00000151067","CACNA1C",-0.306324539143329,-6.9309131450295,8.33095503857416e-12,2.43310602762096e-11
"ENSG00000106018","VIPR2",-0.538337940962434,-6.93042330709223,8.3582871806821e-12,2.43966350866378e-11
"ENSG00000111110","PPM1H",-0.380749276616244,-6.93016169989732,8.37292046389757e-12,2.44250888678459e-11
"ENSG00000117152","RGS4",-0.303457674308092,-6.928560124274,8.46305612916537e-12,2.46736330296366e-11
"ENSG00000279192","PWAR5",-0.49670435710318,-6.92689136747876,8.55798585030299e-12,2.49358562071765e-11
"ENSG00000186310","NAP1L3",-0.269808713672983,-6.92512126377651,8.65982317395229e-12,2.52118830346998e-11
"ENSG00000113231","PDE8B",-0.392838133971383,-6.92506977742906,8.66280301072284e-12,2.52118830346998e-11
"ENSG00000171208","NETO2",0.439113799026758,6.91915689799117,9.01179790123056e-12,2.62123266469766e-11
"ENSG00000173762","CD7",0.44448536930922,6.9180306285808,9.07982091666604e-12,2.63948282461222e-11
"ENSG00000127954","STEAP4",-0.438767698400379,-6.91783818011848,9.09149448427037e-12,2.64134064040394e-11
"ENSG00000105219","CNTD2",-0.505460777660972,-6.91316995847952,9.37921605677113e-12,2.72334960998e-11
"ENSG00000178033","FAM26E",-0.290602892648694,-6.91023081536067,9.56493245958492e-12,2.77566235043091e-11
"ENSG00000144285","SCN1A",0.479554349280094,6.90912267586777,9.635885643022e-12,2.7935254465821e-11
"ENSG00000197506","SLC28A3",0.429467620649338,6.90909502347957,9.63766279070826e-12,2.7935254465821e-11
"ENSG00000171631","P2RY6",0.32572451642069,6.90834812723931,9.68578575897825e-12,2.80584755474457e-11
"ENSG00000100170","SLC5A1",0.441595933386925,6.90018941916624,1.0227059361417e-11,2.96093206757875e-11
"ENSG00000173546","CSPG4",0.284099882107721,6.89764823006012,1.0401633443821e-11,3.00973189925376e-11
"ENSG00000119681","LTBP2",-0.298512606701858,-6.89293687331787,1.07330641270904e-11,3.10383577995675e-11
"ENSG00000104435","STMN2",-0.272237297513196,-6.89110201137881,1.08649266527318e-11,3.1401522117722e-11
"ENSG00000169562","GJB1",-0.390482963160077,-6.87936467700377,1.17468442314293e-11,3.39308036725283e-11
"ENSG00000175567","UCP2",-0.323937358643129,-6.87875940315996,1.17941798486116e-11,3.40478633043061e-11
"ENSG00000105523","FAM83E",-0.397882367445537,-6.87791591844381,1.18604571223091e-11,3.42194377446887e-11
"ENSG00000164736","SOX17",-0.212471058423098,-6.87666277477564,1.19595989231038e-11,3.44855793630445e-11
"ENSG00000277013","CTC-526N19.1",-0.337835329886313,-6.87490824941752,1.20997748744568e-11,3.48696682261002e-11
"ENSG00000109321","AREG",-0.472003286424783,-6.87425285449195,1.21525494962434e-11,3.50015826504707e-11
"ENSG00000196569","LAMA2",-0.337311078103494,-6.86820868146684,1.2650015726464e-11,3.64134016305816e-11
"ENSG00000134258","VTCN1",0.351149355902271,6.86809065637298,1.26599260370911e-11,3.64209609812746e-11
"ENSG00000137872","SEMA6D",-0.34837451293426,-6.86656170630061,1.27889992974344e-11,3.67711308149349e-11
"ENSG00000139438","FAM222A",-0.337702274246544,-6.86619910389961,1.28197989459721e-11,3.68385027183106e-11
"ENSG00000131471","AOC3",-0.28482046200699,-6.86428280787704,1.29837828410342e-11,3.72882907554113e-11
"ENSG00000112299","VNN1",0.291794499625573,6.86388973490046,1.30176729197636e-11,3.73641587823294e-11
"ENSG00000169427","KCNK9",0.439364293470184,6.86175782072167,1.32030004641308e-11,3.78743558925152e-11
"ENSG00000241362","RPL36AP43",-0.50313212924297,-6.8538040271461,1.3917550882279e-11,3.99012353276346e-11
"ENSG00000197822","OCLN",-0.276249187021926,-6.85230187046491,1.40566980706005e-11,4.02770718355315e-11
"ENSG00000080709","KCNN2",-0.210222127238001,-6.85141615148257,1.41393823716666e-11,4.04907857149675e-11
"ENSG00000128564","VGF",0.415560460585917,6.84797899801123,1.44647932028617e-11,4.13989502085336e-11
"ENSG00000169946","ZFPM2",-0.302578954876919,-6.83999869228256,1.52489234605399e-11,4.36182021182492e-11
"ENSG00000139292","LGR5",0.388545098702438,6.82582104521493,1.67461241821548e-11,4.78734253349195e-11
"ENSG00000236279","CLEC2L",0.444939128851896,6.82478678882979,1.68608211567198e-11,4.81737747334852e-11
"ENSG00000170837","GPR27",-0.344423532544155,-6.8221977724287,1.7151327765028e-11,4.89758074386866e-11
"ENSG00000139352","ASCL1",-0.671421415234704,-6.82194083331621,1.71804246334389e-11,4.90308922187183e-11
"ENSG00000248144","ADH1C",-0.442998009348005,-6.81944037671137,1.7466127445038e-11,4.9817819295602e-11
"ENSG00000213937","CLDN9",0.374564136840955,6.81919354017506,1.74945825189818e-11,4.98705316960712e-11
"ENSG00000178372","CALML5",0.416434935682126,6.8189600455731,1.75215413999814e-11,4.99189213674685e-11
"ENSG00000181634","TNFSF15",0.316632720581097,6.81645277998127,1.78136064998051e-11,5.07221141793995e-11
"ENSG00000137812","CASC5",0.251693014651996,6.8124895440918,1.82850416626221e-11,5.20348368315939e-11
"ENSG00000275155","CTD-2595P9.4",-0.550726277140923,-6.80687917894101,1.89733940310104e-11,5.39630091894494e-11
"ENSG00000198753","PLXNB3",0.279034016646222,6.80671214946806,1.89942722601713e-11,5.39916778287984e-11
"ENSG00000160111","CPAMD8",0.44276110686312,6.80272612109177,1.94992548251413e-11,5.53956102986968e-11
"ENSG00000186462","NAP1L2",-0.400611780071338,-6.79840841923778,2.00611172707057e-11,5.69594471059219e-11
"ENSG00000118729","CASQ2",-0.311964809338492,-6.79810338356391,2.01014067104378e-11,5.70414492350676e-11
"ENSG00000157087","ATP2B2",0.385297767313276,6.79793908713688,2.01231400336032e-11,5.70707318026182e-11
"ENSG00000144868","TMEM108",0.370667257051035,6.79334552909585,2.07401991090517e-11,5.87874124406227e-11
"ENSG00000019505","SYT13",-0.508763069118034,-6.79201767148521,2.09220040005892e-11,5.92691331461451e-11
"ENSG00000110400","PVRL1",0.263574860710925,6.78509104784396,2.1896010005368e-11,6.19932333107814e-11
"ENSG00000167971","CASKIN1",-0.29829923399806,-6.78044510110928,2.25740882564144e-11,6.38768767866847e-11
"ENSG00000248668","OXCT1-AS1",0.432671063903976,6.77546091795782,2.33244330668539e-11,6.59627631981162e-11
"ENSG00000168497","SDPR",-0.430910661206099,-6.77028975199558,2.41287744694561e-11,6.81989103150257e-11
"ENSG00000225210","DUXAP9",0.295013451592648,6.76438767464416,2.50800746193437e-11,7.08476684162252e-11
"ENSG00000185615","PDIA2",0.493410603016776,6.76402842875682,2.51391508722925e-11,7.09744519262917e-11
"ENSG00000196169","KIF19",0.467434100568476,6.76330571707612,2.52584110199075e-11,7.12709114557209e-11
"ENSG00000173267","SNCG",-0.382971387191488,-6.75921600514682,2.59438119347657e-11,7.316359823679e-11
"ENSG00000162552","WNT4",-0.40675405701286,-6.73189244385515,3.10144907407225e-11,8.74140099794885e-11
"ENSG00000231439","WASIR2",-0.42405038326368,-6.70505567091305,3.69361785374635e-11,1.04045573344967e-10
"ENSG00000110777","POU2AF1",0.443145484388703,6.70389198929161,3.72165970693259e-11,1.04776455713192e-10
"ENSG00000179603","GRM8",-0.220320157800874,-6.70082196394155,3.79664515291646e-11,1.06827381905359e-10
"ENSG00000148702","HABP2",-0.440052090217598,-6.68953856968199,4.08518294451799e-11,1.14881410138301e-10
"ENSG00000138435","CHRNA1",-0.271609003976768,-6.68780532972793,4.13136903852292e-11,1.16114925197384e-10
"ENSG00000250934","RP11-71E19.1",0.45881161424133,6.68042380903358,4.33386449718285e-11,1.21737766774799e-10
"ENSG00000271503","CCL5",0.366464510871902,6.67608810192756,4.45730693793241e-11,1.25134950531511e-10
"ENSG00000120820","GLT8D2",-0.337498140794018,-6.67409217735158,4.51528524552509e-11,1.2669150520553e-10
"ENSG00000065609","SNAP91",0.401223649978842,6.67374337557278,4.52549295580033e-11,1.2690670094785e-10
"ENSG00000112186","CAP2",-0.269351567514858,-6.67146167524626,4.59282720935529e-11,1.28722735688209e-10
"ENSG00000139970","RTN1",-0.364469203526703,-6.6707762062652,4.61324689846003e-11,1.2922260219776e-10
"ENSG00000132677","RHBG",-0.315140685631264,-6.66092989921253,4.91656907800821e-11,1.37641911478393e-10
"ENSG00000230838","AC093850.2",-0.224447853247258,-6.65967942781175,4.95646277677347e-11,1.38681107352364e-10
"ENSG00000188613","NANOS1",0.411100839708855,6.65547183892153,5.09304073911203e-11,1.42422839460627e-10
"ENSG00000171502","COL24A1",-0.285005004899451,-6.65523016544485,5.10099646640031e-11,1.42565580391289e-10
"ENSG00000180875","GREM2",-0.375179734622428,-6.65253063853995,5.19069508211117e-11,1.44991482740535e-10
"ENSG00000240253","FAR2P3",-0.534085264881896,-6.64113252481198,5.58677324928856e-11,1.55967985742282e-10
"ENSG00000153246","PLA2R1",-0.201755509339669,-6.63668032066103,5.74940050318574e-11,1.60418540825495e-10
"ENSG00000113389","NPR3",0.370454604974497,6.62689528993731,6.12329493176131e-11,1.70755575341922e-10
"ENSG00000011677","GABRA3",0.496537091599005,6.61301689560618,6.69475740584949e-11,1.86587441634601e-10
"ENSG00000206077","ZDHHC11B",-0.423851429914338,-6.60806635381604,6.91099022215104e-11,1.9250669142482e-10
"ENSG00000144031","ANKRD53",0.382784750587305,6.60789238656922,6.91871202177703e-11,1.92614477220964e-10
"ENSG00000204403","CASP12",-0.426823546698315,-6.60763293866454,6.93024371550149e-11,1.9282815012525e-10
"ENSG00000114757","PEX5L",-0.473555357108325,-6.60716702865215,6.95099932942196e-11,1.93298090362123e-10
"ENSG00000177807","KCNJ10",0.295712454136114,6.59279374839678,7.62209790496997e-11,2.11842632155919e-10
"ENSG00000151388","ADAMTS12",-0.263328425881768,-6.5923234504181,7.64509630200848e-11,2.12363786166902e-10
"ENSG00000138722","MMRN1",-0.444264751518257,-6.59167292101312,7.67702041688169e-11,2.13132160379836e-10
"ENSG00000109182","CWH43",0.464152251300194,6.58915080632526,7.80203008062107e-11,2.16482521659852e-10
"ENSG00000109625","CPZ",-0.261391012776366,-6.58224744300672,8.15448596871024e-11,2.26136604789524e-10
"ENSG00000225125","RANP4",-0.364206994801402,-6.58206799189659,8.16385290760597e-11,2.26270867727438e-10
"ENSG00000023171","GRAMD1B",0.309272604889216,6.5768823681661,8.43913036485143e-11,2.33770924234112e-10
"ENSG00000236081","ELFN1-AS1",0.552347134365152,6.5757427466423,8.50083458675677e-11,2.35349794760708e-10
"ENSG00000054938","CHRDL2",0.410544177388292,6.56815084500284,8.92332089949459e-11,2.469098201299e-10
"ENSG00000228412","RP4-625H18.2",0.467811546102106,6.56253373653082,9.24908130318553e-11,2.55782115685441e-10
"ENSG00000170312","CDK1",0.253306440982037,6.55728495821999,9.56399215619729e-11,2.64344725157471e-10
"ENSG00000091656","ZFHX4",-0.30956875402544,-6.55707098693759,9.57705012224279e-11,2.64559395642066e-10
"ENSG00000169903","TM4SF4",0.369396585578247,6.55431807736277,9.74661671116222e-11,2.69094884350144e-10
"ENSG00000137265","IRF4",0.42317135519296,6.54811897743269,1.01392907454668e-10,2.79781753462108e-10
"ENSG00000172379","ARNT2",-0.355409895022622,-6.52713470346674,1.15869719628525e-10,3.19552453470836e-10
"ENSG00000255399","TBX5-AS1",-0.193994301230311,-6.52408697014049,1.18134030937236e-10,3.2561750533968e-10
"ENSG00000171533","MAP6",-0.269214586345508,-6.5230539143809,1.18911327216566e-10,3.2757941381974e-10
"ENSG00000257660","RP11-579D7.4",-0.305117916928127,-6.51914279557193,1.21899779761988e-10,3.35627146921774e-10
"ENSG00000249096","RP11-290F5.1",0.542443250748588,6.51841051512577,1.22467425654528e-10,3.37004473457698e-10
"ENSG00000081818","PCDHB4",-0.29800043645109,-6.51715106011304,1.23449784215681e-10,3.3952085867899e-10
"ENSG00000114923","SLC4A3",0.25887048362756,6.51403826073665,1.25910947023253e-10,3.46099359602124e-10
"ENSG00000228221","LINC00578",-0.363159666840397,-6.5138042960536,1.2609786242948e-10,3.46422698982088e-10
"ENSG00000169248","CXCL11",0.291025597439981,6.50430077540611,1.33924280122574e-10,3.67721801544686e-10
"ENSG00000189433","GJB4",0.413235963528596,6.5028810017596,1.35133616685613e-10,3.70838684647674e-10
"ENSG00000013725","CD6",0.361693656584833,6.50253974736399,1.35425880772877e-10,3.71436864434659e-10
"ENSG00000204071","TCEAL6",-0.353744435978346,-6.49664048595997,1.40577171391217e-10,3.85354088243467e-10
"ENSG00000276980","CTD-3128G10.7",0.306257388112193,6.49599623735813,1.41151221788862e-10,3.86715676133869e-10
"ENSG00000124466","LYPD3",-0.233682913789461,-6.493689926841,1.43225108544934e-10,3.92182663047465e-10
"ENSG00000105929","ATP6V0A4",0.423361347748587,6.4857234010693,1.50620860647236e-10,4.12208157217395e-10
"ENSG00000088320","REM1",0.237624442958726,6.48234610760787,1.538678555145e-10,4.20863937402899e-10
"ENSG00000178343","SHISA3",0.435314067850571,6.48045258056309,1.55718204336831e-10,4.256921933757e-10
"ENSG00000167772","ANGPTL4",0.409255143830846,6.47806698583913,1.58080432128182e-10,4.31913748984105e-10
"ENSG00000105971","CAV2",0.254417323590249,6.47780082565562,1.58346150500944e-10,4.32403469418199e-10
"ENSG00000158815","FGF17",0.444576489686892,6.47412033102509,1.62065669422242e-10,4.42318966763761e-10
"ENSG00000134398","ERN2",0.401900484269731,6.47218289377711,1.64057872069512e-10,4.47511925994305e-10
"ENSG00000182866","LCK",0.359261555679369,6.47103662583382,1.65247807505874e-10,4.50512016101075e-10
"ENSG00000172005","MAL",0.367055962481965,6.47006243790808,1.66265745289292e-10,4.53040177899979e-10
"ENSG00000227471","AKR1B15",0.402363481109079,6.46728568789329,1.6920099588568e-10,4.60787025832463e-10
"ENSG00000113209","PCDHB5",-0.348780741212578,-6.46487701085553,1.71788200325328e-10,4.67578117379771e-10
"ENSG00000064309","CDON",-0.360893371243579,-6.46313868992069,1.73679379601805e-10,4.72468388470634e-10
"ENSG00000243244","STON1",0.329941609671016,6.45751366728121,1.79939765017506e-10,4.89232640069348e-10
"ENSG00000198483","ANKRD35",0.333027749875794,6.45651605135543,1.81072892468272e-10,4.9204590344639e-10
"ENSG00000171517","LPAR3",0.375096656302075,6.4356181705882,2.06480834222515e-10,5.60784449273534e-10
"ENSG00000205002","AARD",0.366886136404807,6.43528783160772,2.06909245629199e-10,5.61642903445166e-10
"ENSG00000137285","TUBB2B",0.330225170470067,6.43508875540285,2.0716784436213e-10,5.62039729685649e-10
"ENSG00000170955","PRKCDBP",0.231864490779773,6.43497903080099,2.07310511108164e-10,5.62121776323654e-10
"ENSG00000177575","CD163",0.282671198538147,6.4240953976741,2.21949900100642e-10,6.01490244175182e-10
"ENSG00000167779","IGFBP6",-0.225057769285464,-6.42284974532721,2.23688582918653e-10,6.05873734882593e-10
"ENSG00000130413","STK33",0.412074886500491,6.42074643144161,2.26654689849472e-10,6.13575229695375e-10
"ENSG00000139626","ITGB7",0.383284243022885,6.42056086678835,2.26918214244164e-10,6.13956207370574e-10
"ENSG00000221946","FXYD7",0.40994048130922,6.41968907521905,2.28160282765624e-10,6.1698291715961e-10
"ENSG00000279561","RP11-4L24.4",-0.325774124160802,-6.41838658100936,2.30028390526267e-10,6.21698352773696e-10
"ENSG00000174740","PABPC5",-0.293786473396537,-6.41672520486222,2.32432958939483e-10,6.27857803726319e-10
"ENSG00000137727","ARHGAP20",-0.299517403770285,-6.40681817570699,2.47290788285137e-10,6.67631717832444e-10
"ENSG00000230804","C2orf27AP3",0.549160639136855,6.406590300292,2.47643246763542e-10,6.68222468331199e-10
"ENSG00000081479","LRP2",-0.387662672976738,-6.40421013486385,2.5135419058046e-10,6.77869985384197e-10
"ENSG00000163958","ZDHHC19",0.53267533520874,6.40249395640214,2.54063607553421e-10,6.84807567529437e-10
"ENSG00000121966","CXCR4",0.261822848076605,6.40158691654244,2.55507117916838e-10,6.88327365077688e-10
"ENSG00000172116","CD8B",0.4009786490252,6.401219487895,2.56094143914232e-10,6.89537274944083e-10
"ENSG00000158089","GALNT14",0.385979694045943,6.40016646905993,2.57783829429347e-10,6.93713211596735e-10
"ENSG00000104415","WISP1",-0.271754792497953,-6.40007271443836,2.57934796839632e-10,6.9374609155361e-10
"ENSG00000170345","FOS",-0.46987446398609,-6.39602965811194,2.64528033321955e-10,7.11096863768697e-10
"ENSG00000165891","E2F7",0.269129216562699,6.39567859124466,2.65108256593078e-10,7.12273660916383e-10
"ENSG00000099960","SLC7A4",-0.652247425794096,-6.39468640745477,2.66754821835698e-10,7.1631262576718e-10
"ENSG00000225978","HAR1A",-0.532587890563922,-6.39220026911562,2.70924729860275e-10,7.27119511165526e-10
"ENSG00000014257","ACPP",-0.231860718685994,-6.39156779494639,2.71995690009894e-10,7.2960217277332e-10
"ENSG00000170298","LGALS9B",-0.505749905549848,-6.38572289970008,2.82090800488472e-10,7.56275604526735e-10
"ENSG00000108691","CCL2",0.279333515348096,6.38152528052635,2.89566014516188e-10,7.75900360439945e-10
"ENSG00000100253","MIOX",0.359806583583602,6.37652692752087,2.98720211779204e-10,8.00000567164445e-10
"ENSG00000204335","SP5",-0.514953855941785,-6.37329366346352,3.0479190956957e-10,8.15654364343021e-10
"ENSG00000150672","DLG2",-0.293822084990064,-6.37324110361052,3.04891601391421e-10,8.15654364343021e-10
"ENSG00000103647","CORO2B",-0.257715341942611,-6.37258614835176,3.06136552731677e-10,8.1854693243764e-10
"ENSG00000164850","GPER1",-0.470999877706026,-6.36602292331969,3.18889865250531e-10,8.52190981428462e-10
"ENSG00000205364","MT1M",0.266303375085735,6.36304726367131,3.24841857804401e-10,8.67633167212609e-10
"ENSG00000178538","CA8",-0.470183589948158,-6.35990818597802,3.31238493983805e-10,8.84245846192751e-10
"ENSG00000102466","FGF14",-0.325269312019749,-6.35764586811939,3.3592474538293e-10,8.96277335600133e-10
"ENSG00000173068","BNC2",-0.302322450867873,-6.35284546822045,3.46084283576276e-10,9.2289142287007e-10
"ENSG00000259969","RP11-999E24.3",-0.32198461960889,-6.35185857333643,3.48209879533492e-10,9.2806471091016e-10
"ENSG00000179148","ALOXE3",-0.332817801836358,-6.34318468950887,3.67449545248822e-10,9.78821377860474e-10
"ENSG00000143816","WNT9A",-0.296806029942864,-6.33446582819693,3.87835583882506e-10,1.03257610192361e-09
"ENSG00000158125","XDH",0.284642531921751,6.32264899172375,4.17239381282256e-10,1.11026977456694e-09
"ENSG00000163082","SGPP2",0.396060426235962,6.31549065294971,4.36100142049567e-10,1.15984080332332e-09
"ENSG00000162913","C1orf145",0.331264467387186,6.31165122665035,4.46557141077793e-10,1.18702057702763e-09
"ENSG00000237187","NR2F1-AS1",-0.231662927769043,-6.304902453413,4.65535337926081e-10,1.23681014326802e-09
"ENSG00000138685","FGF2",0.356722883170648,6.29722631856476,4.88080821105705e-10,1.29601917447081e-09
"ENSG00000105374","NKG7",0.368995829215944,6.29217263736535,5.03503043402246e-10,1.33626073089768e-09
"ENSG00000268621","AC006262.5",0.469402501809007,6.2896391877199,5.1141259143604e-10,1.35653207277464e-09
"ENSG00000151006","PRSS53",0.330443032903744,6.28948720780988,5.11890922594383e-10,1.35708091886104e-09
"ENSG00000159263","SIM2",0.462693624458131,6.28877918312865,5.14125082312096e-10,1.36228161714917e-09
"ENSG00000164330","EBF1",-0.285326791616557,-6.28741335316978,5.18461899890703e-10,1.3730452857275e-09
"ENSG00000182732","RGS6",0.418847277630014,6.28664054228538,5.20931569942518e-10,1.37885539953022e-09
"ENSG00000073150","PANX2",0.398161442652093,6.28154169863,5.37516621211264e-10,1.42200164341604e-09
"ENSG00000087510","TFAP2C",0.166488096462144,6.28025026561386,5.41798534579639e-10,1.43257148223067e-09
"ENSG00000255085","AF186192.5",-0.381243801467491,-6.27898079342757,5.46040126371904e-10,1.44302358977776e-09
"ENSG00000211662","IGLV3-21",0.335562593815919,6.27554222097293,5.57692880700095e-10,1.47303983280532e-09
"ENSG00000183018","SPNS2",0.339780832927317,6.27120766603113,5.72728771663564e-10,1.51195557461342e-09
"ENSG00000149596","JPH2",0.299221415724632,6.27065507804991,5.74673864216786e-10,1.51628987919996e-09
"ENSG00000122824","NUDT10",-0.326973879659771,-6.26984616458328,5.77532864480645e-10,1.52302970590887e-09
"ENSG00000171357","LURAP1",-0.273785844385103,-6.26859472567719,5.81983327612527e-10,1.53395711020698e-09
"ENSG00000153292","ADGRF1",0.366639623349528,6.26624804348609,5.90419327993874e-10,1.55537230767617e-09
"ENSG00000147647","DPYS",0.385202845702028,6.26330594408877,6.0116478005917e-10,1.58284565576401e-09
"ENSG00000177181","RIMKLA",-0.375024606306979,-6.26136684931744,6.08351215427144e-10,1.60092425112406e-09
"ENSG00000177301","KCNA2",0.358320561543262,6.25618634161789,6.27964923183916e-10,1.65166997155159e-09
"ENSG00000250366","TUNAR",0.461358567909143,6.25177156127993,6.45166247092215e-10,1.69602062852843e-09
"ENSG00000166482","MFAP4",-0.346140361269162,-6.25102775298422,6.4810932894762e-10,1.70286213596327e-09
"ENSG00000225864","HCG4P11",0.600343165156135,6.24876179122524,6.5715633817652e-10,1.72572567798456e-09
"ENSG00000188060","RAB42",0.251015705519853,6.24830455861448,6.58996779285383e-10,1.72965033933171e-09
"ENSG00000241644","INMT",-0.309784933717995,-6.24613818696968,6.67785505616784e-10,1.75179828335987e-09
"ENSG00000178826","TMEM139",0.420225622274253,6.24400990496258,6.76531215700451e-10,1.77381021421198e-09
"ENSG00000197380","DACT3",-0.253135945112444,-6.23441765239263,7.17357702040527e-10,1.8798681919301e-09
"ENSG00000275097","RP11-627K11.6",0.413986096253982,6.23101417127414,7.32414520209396e-10,1.91831985387479e-09
"ENSG00000230630","DNM3OS",-0.284795566126257,-6.22395174743033,7.64650218575538e-10,2.0017021428679e-09
"ENSG00000185269","NOTUM",0.326569916551412,6.22034094078054,7.81662854286028e-10,2.04516707034544e-09
"ENSG00000162692","VCAM1",0.270834320812099,6.22022282520104,7.82225568246592e-10,2.04556895461975e-09
"ENSG00000079689","SCGN",-0.479072212085413,-6.21756717367734,7.94982359915416e-10,2.07784202800684e-09
"ENSG00000101977","MCF2",0.406994248736879,6.21650270694636,8.00152548465616e-10,2.09026266579315e-09
"ENSG00000144810","COL8A1",-0.251312144619313,-6.21003724823482,8.32268895267529e-10,2.17302583620765e-09
"ENSG00000108846","ABCC3",-0.28764490130828,-6.20941263235237,8.35437499359946e-10,2.18016048893514e-09
"ENSG00000134057","CCNB1",0.244368608749362,6.20708055495406,8.47372351619039e-10,2.21015219514616e-09
"ENSG00000250120","PCDHA10",-0.426119643169902,-6.2040991244155,8.6287324028532e-10,2.24940886414317e-09
"ENSG00000183807","FAM162B",-0.258101521977051,-6.20380332158663,8.64426184322621e-10,2.25228291902715e-09
"ENSG00000237988","OR2I1P",0.324198236554474,6.19557747310308,9.08722018423902e-10,2.36646358964558e-09
"ENSG00000121858","TNFSF10",-0.34542259390326,-6.19239616089705,9.26441409022734e-10,2.41135192353653e-09
"ENSG00000108242","CYP2C18",0.33954283221428,6.1891454490483,9.4489591017214e-10,2.45810590575479e-09
"ENSG00000157150","TIMP4",-0.415546057424804,-6.1723134049038,1.04634777894694e-09,2.72061304978403e-09
"ENSG00000140274","DUOXA2",0.34722496830316,6.16679117625943,1.08189361121119e-09,2.81157383370892e-09
"ENSG00000162981","FAM84A",0.267319849952741,6.16378689767238,1.10172433388455e-09,2.86162164645336e-09
"ENSG00000004799","PDK4",-0.318926283187973,-6.16269157130443,1.10904234936554e-09,2.87913382493649e-09
"ENSG00000132970","WASF3",0.281775276905899,6.15364600581923,1.17131970344108e-09,3.03923119730432e-09
"ENSG00000158055","GRHL3",0.249279543386238,6.15335311757477,1.17339225059162e-09,3.04302969551768e-09
"ENSG00000170373","CST1",-0.328791360641867,-6.15170069230346,1.18515248363699e-09,3.07193489797043e-09
"ENSG00000169594","BNC1",0.329303179160181,6.14753681700554,1.21529944006306e-09,3.14844414524109e-09
"ENSG00000187116","LILRA5",0.26046029774223,6.14171717964032,1.2586924208138e-09,3.25917250340186e-09
"ENSG00000276409","CCL14",-0.332895581365453,-6.13621792244838,1.30108495558514e-09,3.36719709002367e-09
"ENSG00000104112","SCG3",0.390935576930518,6.13139388436627,1.33941797069915e-09,3.46460933962531e-09
"ENSG00000183160","TMEM119",-0.281932567817654,-6.13129819270004,1.34018940745412e-09,3.4648123253726e-09
"ENSG00000178445","GLDC",0.456202848387641,6.13098628435468,1.34270692959669e-09,3.46952694986225e-09
"ENSG00000100526","CDKN3",0.267777444166534,6.12696328489432,1.37559480529913e-09,3.55267253434694e-09
"ENSG00000198948","MFAP3L",0.33574391674889,6.12643129561829,1.38000225762777e-09,3.56221543011815e-09
"ENSG00000168078","PBK",0.197036794284674,6.11834447328851,1.44872295939758e-09,3.73767533384309e-09
"ENSG00000119125","GDA",0.336359825932694,6.11461410891871,1.48153854631418e-09,3.82036757688029e-09
"ENSG00000008277","ADAM22",-0.335682040968605,-6.11433696245692,1.48400532886948e-09,3.82475600224093e-09
"ENSG00000233098","CCDC144NL-AS1",-0.294289216054358,-6.11242284953227,1.50115199829505e-09,3.86695517335149e-09
"ENSG00000163736","PPBP",0.434551964946651,6.10976899358575,1.52524568005925e-09,3.92699711652742e-09
"ENSG00000253661","ZFHX4-AS1",-0.304020697747059,-6.10832264059236,1.5385352795526e-09,3.95917467718116e-09
"ENSG00000115008","IL1A",0.269458050950153,6.10817554921227,1.53989312306749e-09,3.96063046056452e-09
"ENSG00000103449","SALL1",-0.233269792322103,-6.10358339017262,1.58287812500223e-09,4.06909543702372e-09
"ENSG00000085265","FCN1",0.415521367418177,6.10195491794135,1.59840106654483e-09,4.10688866018713e-09
"ENSG00000113368","LMNB1",0.255180154728282,6.10067590027631,1.61069704174914e-09,4.1363560394174e-09
"ENSG00000213578","CPLX3",0.388371307711012,6.09766283421632,1.64002962680706e-09,4.20952162938158e-09
"ENSG00000244056","RN7SL417P",0.443092346943822,6.0907447009503,1.70936572760447e-09,4.38523788508074e-09
"ENSG00000135083","CCNJL",0.353715897689026,6.09001279754911,1.71686638622739e-09,4.40222150314715e-09
"ENSG00000165269","AQP7",-0.463256507666811,-6.08964832027977,1.72061357937881e-09,4.40956837360023e-09
"ENSG00000107562","CXCL12",-0.272767469294332,-6.08440925982981,1.77536672628915e-09,4.54755821283081e-09
"ENSG00000272279","RP11-157J24.2",0.462285705550499,6.07807235363762,1.84386915829652e-09,4.7206071640976e-09
"ENSG00000133962","CATSPERB",-0.302501466162547,-6.07682573988923,1.85764563054196e-09,4.75344327160174e-09
"ENSG00000277639","RP11-295M3.4",0.308031785817443,6.07353180854377,1.89453250035018e-09,4.8453516632997e-09
"ENSG00000136244","IL6",0.398100788106545,6.07335618941726,1.89651910583166e-09,4.84795272451856e-09
"ENSG00000179242","CDH4",0.327642586311321,6.06594922062456,1.98218366251333e-09,5.0643425204735e-09
"ENSG00000160321","ZNF208",-0.357483100950681,-6.06509674498841,1.99228195662802e-09,5.0875433008887e-09
"ENSG00000115523","GNLY",0.409430992732207,6.06392766475823,2.00621238433344e-09,5.1205012361752e-09
"ENSG00000149256","TENM4",-0.284819656949744,-6.05979445679005,2.05622884711329e-09,5.24548175284002e-09
"ENSG00000145147","SLIT2",-0.251835655756431,-6.05956312309945,2.05906392103183e-09,5.25003549472673e-09
"ENSG00000131386","GALNT15",-0.259407338240053,-6.05921134195655,2.06338243274693e-09,5.25836501719402e-09
"ENSG00000171476","HOPX",-0.231954462634124,-6.05100777529522,2.16663455526823e-09,5.51868200526803e-09
"ENSG00000259772","RP11-16E12.2",0.456820105387051,6.04824456722567,2.20253514520853e-09,5.60726869961438e-09
"ENSG00000221955","SLC12A8",0.175079401711965,6.0454164940509,2.23987942344641e-09,5.69943873650486e-09
"ENSG00000015413","DPEP1",-0.242932415771726,-6.04301193185653,2.27211672890399e-09,5.77852677747708e-09
"ENSG00000154262","ABCA6",-0.274668608064445,-6.04259317173642,2.27777703161594e-09,5.7899772028875e-09
"ENSG00000187672","ERC2",0.336398947194506,6.03982854567776,2.31549276545367e-09,5.88285763580709e-09
"ENSG00000241484","ARHGAP8",-0.15354769740797,-6.03826872050879,2.33704048340094e-09,5.93458731183581e-09
"ENSG00000135378","PRRG4",-0.200746229701331,-6.03331230562426,2.40681604525558e-09,6.10867016562331e-09
"ENSG00000243650","RN7SL834P",-0.420122277840366,-6.03263254565688,2.41654270912487e-09,6.13024533009861e-09
"ENSG00000214548","MEG3",-0.218018018125645,-6.03177500064581,2.42886801987943e-09,6.15838747433932e-09
"ENSG00000118004","COLEC11",0.323260067309638,6.03094854304006,2.44080455054901e-09,6.18551584021544e-09
"ENSG00000135333","EPHA7",0.346895638651335,6.02686183011705,2.50067532964692e-09,6.33403072352311e-09
"ENSG00000164440","TXLNB",-0.308852588280837,-6.02661783864572,2.50429480459199e-09,6.33998684706834e-09
"ENSG00000164379","FOXQ1",0.298016199542545,6.02583354913264,2.51596395034635e-09,6.36630554237436e-09
"ENSG00000163823","CCR1",0.296617227498322,6.02334397356378,2.55335797204464e-09,6.457657997078e-09
"ENSG00000255277","ABCC6P2",-0.442538188196264,-6.01971517109301,2.60883641331211e-09,6.59463198511655e-09
"ENSG00000115290","GRB14",0.512713429140725,6.01938739052207,2.61390516427478e-09,6.6041060239383e-09
"ENSG00000215914","MMP23A",-0.33082898005319,-6.01592570292457,2.66802619000789e-09,6.73743987375731e-09
"ENSG00000134873","CLDN10",0.414639064690247,6.01403855528985,2.69798925182491e-09,6.80966494655454e-09
"ENSG00000117983","MUC5B",0.450901565249207,6.01290607974871,2.71612740326778e-09,6.8519863856402e-09
"ENSG00000160801","PTH1R",-0.270026178945514,-6.01127158654094,2.74251597395362e-09,6.91506801299451e-09
"ENSG00000198759","EGFL6",0.224608920384881,6.0094667137792,2.77194589462572e-09,6.98575074250433e-09
"ENSG00000094796","KRT31",-0.46829224234367,-6.00438835448107,2.85641544510349e-09,7.19500112116747e-09
"ENSG00000157927","RADIL",-0.350977691194579,-6.00207799382127,2.8956703279554e-09,7.29020727078399e-09
"ENSG00000050767","COL23A1",0.272432308683028,6.0003613735082,2.92517735739194e-09,7.36078851885238e-09
"ENSG00000106034","CPED1",-0.308883296835968,-5.99379647620297,3.04075130574686e-09,7.64776485348808e-09
"ENSG00000087494","PTHLH",-0.31334562194521,-5.99170781901503,3.07844703622405e-09,7.73868033238826e-09
"ENSG00000006747","SCIN",-0.30323456099687,-5.99031115239454,3.10390774198532e-09,7.79876317081738e-09
"ENSG00000181847","TIGIT",0.368199064873607,5.98902706971387,3.1274972384689e-09,7.85408648535636e-09
"ENSG00000274444","RP11-128A17.2",0.399788308042474,5.98401702224299,3.22121882809059e-09,8.08538862472537e-09
"ENSG00000197632","SERPINB2",0.411943071701796,5.9828284479304,3.24385202392952e-09,8.13811345692303e-09
"ENSG00000228748","RP13-39P12.3",-0.389562675135704,-5.97595416576224,3.37782894421027e-09,8.46998230744801e-09
"ENSG00000109819","PPARGC1A",0.361719614962809,5.97501739058569,3.39649908357677e-09,8.51252903152072e-09
"ENSG00000264299","RP11-680F20.12",-0.292687156602662,-5.97046141177447,3.48874531181357e-09,8.73934196346085e-09
"ENSG00000170571","EMB",-0.34218405948004,-5.96797110135012,3.54019543852794e-09,8.86378427272894e-09
"ENSG00000126218","F10",-0.247664730196692,-5.96046001581455,3.69989763042293e-09,9.25545857398055e-09
"ENSG00000130303","BST2",-0.413603584850486,-5.96044000541294,3.70033233787742e-09,9.25545857398055e-09
"ENSG00000279833","RP4-742C19.13",-0.318458196019381,-5.9581924622778,3.74947640673284e-09,9.37369101683211e-09
"ENSG00000171916","LGALS9C",-0.416849626381086,-5.95500470442831,3.82027198883047e-09,9.54590701856689e-09
"ENSG00000259153","RP6-65G23.3",-0.145580847380304,-5.95384276506858,3.84639978852786e-09,9.6063930782414e-09
"ENSG00000005187","ACSM3",0.243895330174339,5.95248312642042,3.87719441101651e-09,9.6784683250537e-09
"ENSG00000189410","SH2D5",0.35302264312245,5.9497315945687,3.94025149163508e-09,9.8309667954967e-09
"ENSG00000254665","RP11-152H18.3",0.586302193289045,5.9326068436663,4.35578302991588e-09,1.08623018202391e-08
"ENSG00000160161","CILP2",-0.312043854771432,-5.93131536545287,4.38879801404727e-09,1.09391775026104e-08
"ENSG00000143297","FCRL5",0.389823863853411,5.9287586739071,4.45487764528133e-09,1.10983498885933e-08
"ENSG00000124766","SOX4",0.21369027735751,5.92663103261869,4.51060673301487e-09,1.12315904706546e-08
"ENSG00000225969","ABHD11-AS1",-0.261481924015983,-5.92476747374066,4.55997663247279e-09,1.13488716587177e-08
"ENSG00000144712","CAND2",0.365091236948619,5.92177558530488,4.64034231938387e-09,1.15431400979698e-08
"ENSG00000189057","FAM111B",0.201158903628191,5.92123212089734,4.65508786799225e-09,1.15740623271811e-08
"ENSG00000203710","CR1",0.427361255484902,5.91510391149348,4.82455566855995e-09,1.19894524566599e-08
"ENSG00000272482","RP11-474O21.5",0.480583389010788,5.91390239158287,4.85848025997753e-09,1.2067760208588e-08
"ENSG00000080573","COL5A3",-0.260798014818884,-5.90664793999261,5.06830282436796e-09,1.25826783127308e-08
"ENSG00000262061","RP11-1260E13.4",-0.311931568438731,-5.90428090146902,5.13865718507404e-09,1.27510103847991e-08
"ENSG00000154734","ADAMTS1",0.26633339320028,5.90316373273054,5.17219203601896e-09,1.28278572321899e-08
"ENSG00000206052","DOK6",-0.315700488058818,-5.9021644647602,5.20236843606662e-09,1.28963025187571e-08
"ENSG00000168032","ENTPD3",-0.300000266858668,-5.90025879834082,5.26039311725943e-09,1.3033679676064e-08
"ENSG00000137203","TFAP2A",-0.136946109686718,-5.88985903442265,5.58833731368439e-09,1.38393692760881e-08
"ENSG00000215784","FAM72D",0.303201703980029,5.88474988515528,5.75666433541969e-09,1.42426487698504e-08
"ENSG00000104967","NOVA2",-0.176053552808447,-5.88474347395325,5.75687863277351e-09,1.42426487698504e-08
"ENSG00000165449","SLC16A9",-0.315829579378886,-5.88298127086642,5.81607676738825e-09,1.43819900281609e-08
"ENSG00000142748","FCN3",0.190704245920814,5.88173002074101,5.85847005055438e-09,1.44796590473415e-08
"ENSG00000173930","SLCO4C1",0.302562451511102,5.88030314967745,5.90718104324131e-09,1.45928385455566e-08
"ENSG00000164695","CHMP4C",0.151977638950846,5.87195091028317,6.20032931606574e-09,1.53094551013969e-08
"ENSG00000211677","IGLC2",0.324361280418313,5.87149773427217,6.21663403256163e-09,1.53421372965489e-08
"ENSG00000164128","NPY1R",-0.537857919437166,-5.87091178541482,6.23777769715334e-09,1.53867234759579e-08
"ENSG00000172346","CSDC2",-0.286043703368082,-5.86943168934756,6.29149874568424e-09,1.55115846787087e-08
"ENSG00000100842","EFS",0.237953047214396,5.8626330038022,6.54410839252389e-09,1.61264376355936e-08
"ENSG00000251546","IGKV1D-39",0.312254186229861,5.8609889646623,6.60666203878173e-09,1.62725665979846e-08
"ENSG00000211673","IGLV3-1",0.31677788223026,5.85659652100446,6.77666037307885e-09,1.6683063449234e-08
"ENSG00000171848","RRM2",0.204500861829223,5.85547658370641,6.82068201631373e-09,1.67831742527405e-08
"ENSG00000168477","TNXB",-0.327606601303748,-5.84984598791619,7.04626111729839e-09,1.73297125363954e-08
"ENSG00000060558","GNA15",0.241045566178263,5.84712292509544,7.15794691514447e-09,1.75957397127445e-08
"ENSG00000272505","RP11-981G7.6",0.379891929032626,5.84679333082981,7.1715815955622e-09,1.76205936008899e-08
"ENSG00000081853","PCDHGA2",-0.375185112547837,-5.83548571899836,7.65499069635774e-09,1.87990930657115e-08
"ENSG00000180525","PRR26",0.314446345824944,5.83512771766933,7.67080269879632e-09,1.88286762366135e-08
"ENSG00000198848","CES1",-0.292201702162516,-5.8344312535078,7.70165494256009e-09,1.88951298885184e-08
"ENSG00000167759","KLK13",0.421713299488697,5.83108690946422,7.85149578467413e-09,1.92533001095491e-08
"ENSG00000256812","CAPNS2",0.38643397129687,5.82965323210679,7.91659676613077e-09,1.94034234463989e-08
"ENSG00000129521","EGLN3",-0.291226479489833,-5.82749173338992,8.01574197427537e-09,1.96368005249274e-08
"ENSG00000277586","NEFL",-0.332381195359541,-5.81951417771953,8.39223987642063e-09,2.0549069237073e-08
"ENSG00000248596","RP11-844P9.2",0.438488563952767,5.8112291892286,8.80146738275251e-09,2.15405467027717e-08
"ENSG00000130643","CALY",-0.404968746727442,-5.80831041118384,8.9502154640284e-09,2.18905941948463e-08
"ENSG00000211651","IGLV1-44",0.302297240869135,5.80825130077919,8.95325302569214e-09,2.18905941948463e-08
"ENSG00000104723","TUSC3",0.24096721297967,5.80249824580634,9.25374448812954e-09,2.26142338419588e-08
"ENSG00000102575","ACP5",-0.223155078764025,-5.80094703050258,9.3364338192494e-09,2.28051632126268e-08
"ENSG00000179399","GPC5",0.423172733978368,5.79622919588706,9.59237001695689e-09,2.34079102220894e-08
"ENSG00000139155","SLCO1C1",-0.287032997951699,-5.79622571027572,9.59256160901223e-09,2.34079102220894e-08
"ENSG00000147465","STAR",0.349170822833812,5.79612754463455,9.59795896688933e-09,2.34096560168032e-08
"ENSG00000111674","ENO2",-0.342712876534761,-5.79544510192069,9.63556295930228e-09,2.34899145765536e-08
"ENSG00000144057","ST6GAL2",-0.254808180848117,-5.78867635397504,1.00163883597898e-08,2.44064043854527e-08
"ENSG00000158008","EXTL1",0.29587442245818,5.78786973226315,1.00627365440876e-08,2.45073953825805e-08
"ENSG00000165828","PRAP1",0.482753516967438,5.7856471943238,1.01915257810059e-08,2.48089722030329e-08
"ENSG00000257084","U47924.27",-0.0985435297012555,-5.78110542180682,1.04597177755782e-08,2.54494349770758e-08
"ENSG00000147257","GPC3",-0.312571051267614,-5.7800885496595,1.05206989848731e-08,2.55776131868815e-08
"ENSG00000175265","GOLGA8A",0.357577381785308,5.78005644238782,1.05226300650831e-08,2.55776131868815e-08
"ENSG00000279809","AC005538.3",0.438683751785993,5.77741275084588,1.06828235955388e-08,2.59543819133596e-08
"ENSG00000043039","BARX2",0.224563472070062,5.77699761376146,1.070819342239e-08,2.60033837357698e-08
"ENSG00000164488","DACT2",0.357045569944295,5.77604748682341,1.07664784676768e-08,2.61322292904776e-08
"ENSG00000126895","AVPR2",-0.346619345066782,-5.7754590234232,1.0802732218714e-08,2.62075017436051e-08
"ENSG00000196878","LAMB3",0.297872994373048,5.76322830051342,1.15837133094196e-08,2.8088538577642e-08
"ENSG00000128714","HOXD13",0.323243245442307,5.75930637938849,1.18455856011138e-08,2.8709611248458e-08
"ENSG00000213519","AC132008.1",-0.478551275571409,-5.7561431870187,1.20609866934923e-08,2.92175065249329e-08
"ENSG00000133392","MYH11",-0.266483771696493,-5.75554913872195,1.21018621605589e-08,2.93023296865832e-08
"ENSG00000159167","STC1",-0.300540250026418,-5.75125611699142,1.24012926592654e-08,3.00128089527235e-08
"ENSG00000147488","ST18",0.297124643765669,5.74812664584282,1.26240996142135e-08,3.0537251122916e-08
"ENSG00000189334","S100A14",-0.22854151455443,-5.74480159601326,1.28650997584992e-08,3.11051734973385e-08
"ENSG00000204060","FOXO6",-0.2553178352256,-5.73959400266719,1.32515717196908e-08,3.2024097920954e-08
"ENSG00000104213","PDGFRL",-0.230525960136711,-5.73887211606879,1.33060290760375e-08,3.21401668503322e-08
"ENSG00000100721","TCL1A",0.408943853033016,5.73825724602421,1.33525850834018e-08,3.22370475214916e-08
"ENSG00000152503","TRIM36",-0.379739254055316,-5.73798563008657,1.33732014291161e-08,3.22712389698749e-08
"ENSG00000166670","MMP10",-0.29615155087957,-5.72935957998154,1.40442987943818e-08,3.3874333802175e-08
"ENSG00000211897","IGHG3",0.317671560680294,5.72261167114355,1.45920180933762e-08,3.51784428480622e-08
"ENSG00000115353","TACR1",0.390991631022707,5.7218720526979,1.4653301166302e-08,3.53091594368723e-08
"ENSG00000149557","FEZ1",-0.208350550543553,-5.72144765266666,1.46885789831921e-08,3.53771170115416e-08
"ENSG00000073350","LLGL2",-0.197643266165397,-5.71728043034155,1.50393942203214e-08,3.62046081375094e-08
"ENSG00000120057","SFRP5",0.406148281762639,5.71418009552612,1.53056699291829e-08,3.68278872213256e-08
"ENSG00000143341","HMCN1",-0.254769820663252,-5.71216733858033,1.54809876640583e-08,3.72318125638728e-08
"ENSG00000189159","HN1",0.26885700613059,5.70986536780895,1.56838926950559e-08,3.77016651323458e-08
"ENSG00000254245","PCDHGA3",-0.315060884513522,-5.70583839329298,1.60450863062104e-08,3.8551384685753e-08
"ENSG00000165376","CLDN2",0.271741863746186,5.70198949075861,1.63978652825896e-08,3.93800799293697e-08
"ENSG00000011347","SYT7",-0.214844512155173,-5.69730559673828,1.68373660919395e-08,4.04161452038873e-08
"ENSG00000211679","IGLC3",0.307389302405878,5.69711987415746,1.68550270385392e-08,4.04391243726949e-08
"ENSG00000018280","SLC11A1",0.27050425861135,5.69482833424905,1.70744253794795e-08,4.09458642193753e-08
"ENSG00000147655","RSPO2",0.345611856296185,5.69427181148999,1.71281262739719e-08,4.10549527180535e-08
"ENSG00000166402","TUB",0.262306993163021,5.69093399526472,1.7453669054162e-08,4.18152109587014e-08
"ENSG00000145287","PLAC8",0.331228881697893,5.68683764076586,1.78614268024854e-08,4.27716159063349e-08
"ENSG00000211592","IGKC",0.328908519300813,5.68570106824073,1.79761957122485e-08,4.30258394261572e-08
"ENSG00000234431","AC007283.5",0.217793061913146,5.6854084711558,1.8005857521882e-08,4.30762141671819e-08
"ENSG00000182795","C1orf116",0.284670848097254,5.68349219095354,1.82012993218163e-08,4.35229539019997e-08
"ENSG00000116771","AGMAT",0.196794119272893,5.68107365541861,1.84509138033626e-08,4.40987423598532e-08
"ENSG00000197083","ZNF300P1",-0.257657298666807,-5.6805786903199,1.85024075499879e-08,4.42006869326036e-08
"ENSG00000168004","HRASLS5",-0.411291332000007,-5.67763099053534,1.88119794586068e-08,4.49187666155846e-08
"ENSG00000176956","LY6H",-0.227869974729712,-5.67337859073598,1.92674662533315e-08,4.59844063325333e-08
"ENSG00000182472","CAPN12",0.310854413976684,5.66525730571094,2.01673531289504e-08,4.81091439144809e-08
"ENSG00000175318","GRAMD2",0.338678075299835,5.66330191372002,2.03900538446877e-08,4.86172003926745e-08
"ENSG00000169469","SPRR1B",0.371627555890744,5.66285392095915,2.04414117540285e-08,4.87109736875758e-08
"ENSG00000127564","PKMYT1",0.255924765360761,5.66278898232673,2.04488667540443e-08,4.87109736875758e-08
"ENSG00000163221","S100A12",0.459066372115638,5.66236146819504,2.04980117204947e-08,4.88047898107017e-08
"ENSG00000141744","PNMT",-0.496614398213874,-5.66182843250284,2.05594478560521e-08,4.89277673870825e-08
"ENSG00000175121","WFDC5",0.350210864633292,5.66162360890624,2.05831028216994e-08,4.89607583770205e-08
"ENSG00000122223","CD244",0.291213240471877,5.66141080214255,2.06077077958424e-08,4.89959766900676e-08
"ENSG00000153157","SYCP2L",0.391849509972593,5.65291768166696,2.16133893661271e-08,5.13626173149409e-08
"ENSG00000162676","GFI1",0.333414767730881,5.65175886641415,2.17542537073684e-08,5.1672811656457e-08
"ENSG00000166823","MESP1",0.43598135384144,5.64648362931874,2.24068692037633e-08,5.319769516563e-08
"ENSG00000169282","KCNAB1",0.253825944411821,5.64580650293551,2.24920049497505e-08,5.3360471974377e-08
"ENSG00000076864","RAP1GAP",-0.217532665885512,-5.6457686382785,2.24967749843973e-08,5.3360471974377e-08
"ENSG00000221947","XKR9",0.412567066033373,5.6447685642201,2.26231169256578e-08,5.36347011039777e-08
"ENSG00000272573","MUSTN1",-0.440611846871525,-5.6408690519201,2.31223753358761e-08,5.47923586158201e-08
"ENSG00000143382","ADAMTSL4",0.270080263194589,5.63685967089794,2.36468661634034e-08,5.6008683475612e-08
"ENSG00000122367","LDB3",-0.190888015681186,-5.63388872049354,2.4042957196494e-08,5.69198797265484e-08
"ENSG00000166415","WDR72",-0.407461601405322,-5.63197356738787,2.43016994947928e-08,5.75052046729598e-08
"ENSG00000164920","OSR2",-0.238462344730207,-5.63118228905153,2.440939188044e-08,5.77327149490067e-08
"ENSG00000164142","FAM160A1",0.203595056865483,5.62879764962829,2.47367532846393e-08,5.84793221859085e-08
"ENSG00000101049","SGK2",-0.366283674148222,-5.62793226607949,2.48566048333774e-08,5.87348885476782e-08
"ENSG00000183346","C10orf107",-0.332652814686564,-5.62777577211491,2.48783387072353e-08,5.87584759263942e-08
"ENSG00000182379","NXPH4",0.308676910660286,5.62729543803879,2.49451629265876e-08,5.88884866066751e-08
"ENSG00000120756","PLS1",-0.236928556326889,-5.62052194527526,2.59062803771838e-08,6.11285520934021e-08
"ENSG00000188906","LRRK2",-0.304171436145044,-5.62023883839937,2.59472255674093e-08,6.11962867155881e-08
"ENSG00000145920","CPLX2",-0.395256943634054,-5.61990656921604,2.59953612583822e-08,6.12809081998637e-08
"ENSG00000124785","NRN1",0.233599219718446,5.61906166163953,2.61181540237991e-08,6.15413619787914e-08
"ENSG00000100162","CENPM",0.194730718036147,5.61628635236619,2.65254784956888e-08,6.2471687460407e-08
"ENSG00000162069","CCDC64B",-0.128247169624444,-5.61584352284797,2.65910400630197e-08,6.2596610317843e-08
"ENSG00000166407","LMO1",0.436698509276075,5.61434162461721,2.68145735785953e-08,6.30931143025772e-08
"ENSG00000137804","NUSAP1",0.230154085885933,5.61165521854784,2.72189663555002e-08,6.40145022471783e-08
"ENSG00000148848","ADAM12",-0.25574187750621,-5.60470599395363,2.82927526597994e-08,6.65085864123164e-08
"ENSG00000134363","FST",-0.271737874000172,-5.60414336586739,2.83814690268432e-08,6.66857824878835e-08
"ENSG00000136826","KLF4",-0.285839091469488,-5.60121162555409,2.88481452326754e-08,6.77504585079272e-08
"ENSG00000171798","KNDC1",-0.518739282163497,-5.5998488805268,2.9067598910688e-08,6.8233800259831e-08
"ENSG00000114790","ARHGEF26",-0.225397903634334,-5.59628000428876,2.96500408390862e-08,6.95683736252608e-08
"ENSG00000079931","MOXD1",0.267117674041145,5.59319835874334,3.01620796518736e-08,7.07365845494222e-08
"ENSG00000128482","RNF112",0.245890848223485,5.5861161424068,3.1371628781909e-08,7.35387453865658e-08
"ENSG00000182389","CACNB4",-0.331384289806167,-5.58556704325447,3.14673521421155e-08,7.37285664060813e-08
"ENSG00000072571","HMMR",0.216616806277511,5.58231891149772,3.20394251739137e-08,7.50337826086972e-08
"ENSG00000128262","POM121L9P",0.275001494947819,5.57942658026434,3.25573306153808e-08,7.62109799049176e-08
"ENSG00000144152","FBLN7",-0.261788922563624,-5.5787124578388,3.26864495021205e-08,7.64774204541893e-08
"ENSG00000142677","IL22RA1",0.250670815754495,5.57836332583598,3.27497562589634e-08,7.65897012604382e-08
"ENSG00000009950","MLXIPL",-0.279157239075732,-5.57519749810657,3.3329268700311e-08,7.79085289862342e-08
"ENSG00000165238","WNK2",0.218223948749888,5.57205880469531,3.39136457619976e-08,7.92374900981253e-08
"ENSG00000054690","PLEKHH1",-0.221954303345034,-5.57193892960764,3.39361609398427e-08,7.92530615129443e-08
"ENSG00000154545","MAGED4",0.403737455179947,5.57075700139976,3.41589320793457e-08,7.97360692795184e-08
"ENSG00000235142","RP1-60O19.1",0.322784799746491,5.56990743613271,3.43199361904994e-08,8.00745128103113e-08
"ENSG00000102683","SGCG",-0.368206251952532,-5.5663003791825,3.50117723449752e-08,8.16505884910802e-08
"ENSG00000135100","HNF1A",-0.340042906002656,-5.55588046780256,3.70873006203508e-08,8.64505841966218e-08
"ENSG00000171812","COL8A2",-0.315316573065372,-5.55540446577451,3.7184916017104e-08,8.66377353613793e-08
"ENSG00000115194","SLC30A3",0.348958659959455,5.55502867757755,3.72621564901352e-08,8.67604565757088e-08
"ENSG00000025423","HSD17B6",-0.186654983075426,-5.55497942205244,3.72722921449245e-08,8.67604565757088e-08
"ENSG00000183114","FAM43B",-0.226301822194998,-5.55416079010173,3.74411405026301e-08,8.71129374188694e-08
"ENSG00000197614","MFAP5",-0.203938991015856,-5.55339486040226,3.75997914245541e-08,8.74413754059399e-08
"ENSG00000129159","KCNC1",-0.388271935351885,-5.54397967522852,3.96041677914735e-08,9.20598972372699e-08
"ENSG00000146267","FAXC",0.151080523551157,5.54229954751029,3.9972597508602e-08,9.28731354753764e-08
"ENSG00000147588","PMP2",0.256318825550684,5.54017577862769,4.04430784909498e-08,9.39226160960284e-08
"ENSG00000180581","SRP9P1",-0.211689676512027,-5.53948412583643,4.05974590622094e-08,9.42373701536895e-08
"ENSG00000177494","ZBED2",0.27137147958298,5.53758506056736,4.1024289990207e-08,9.51839674946797e-08
"ENSG00000171951","SCG2",-0.228224655334852,-5.52949712881394,4.2891448728026e-08,9.94699645826206e-08
"ENSG00000185760","KCNQ5",0.336046685549456,5.5161241999774,4.6161194920553e-08,1.07003233473697e-07
"ENSG00000227755","AP000344.4",0.390442153747113,5.51534321342847,4.63594531784564e-08,1.07413005510789e-07
"ENSG00000162873","KLHDC8A",0.18719573070538,5.51261530318685,4.70584596757263e-08,1.08982074283757e-07
"ENSG00000204253","HNRNPCP2",-0.119069618002085,-5.51250102508128,4.70879648495778e-08,1.08999918633282e-07
"ENSG00000124731","TREM1",0.264329366750109,5.51148700356215,4.7350560643028e-08,1.09557058405895e-07
"ENSG00000211598","IGKV4-1",0.28106794649687,5.51047765663675,4.76133579334584e-08,1.10109095346385e-07
"ENSG00000166920","C15orf48",-0.213295060965111,-5.51040168789998,4.76331946468461e-08,1.10109095346385e-07
"ENSG00000260027","HOXB7",-0.186207812013615,-5.51023636142136,4.7676391909014e-08,1.1015802197092e-07
"ENSG00000151917","BEND6",0.227834331240978,5.5069912065298,4.85320435709036e-08,1.12083241503242e-07
"ENSG00000183671","GPR1",-0.283912256447598,-5.50666091336163,4.86199636389166e-08,1.12234449766659e-07
"ENSG00000172955","ADH6",0.375618266892921,5.5047625222102,4.91282996146e-08,1.13355559793724e-07
"ENSG00000052344","PRSS8",-0.114848422429123,-5.50284270797248,4.96476192725307e-08,1.14500966956943e-07
"ENSG00000143375","CGN",-0.176231595813086,-5.49737098394415,5.11571660534294e-08,1.17927999201082e-07
"ENSG00000120055","C10orf95",-0.203438978820166,-5.48824635843318,5.37741446041447e-08,1.23903558995725e-07
"ENSG00000189350","FAM179A",0.419929666088524,5.48615263041466,5.43927195413402e-08,1.25271118243529e-07
"ENSG00000130475","FCHO1",0.337276681814909,5.48520477189445,5.4675023052581e-08,1.25863312736144e-07
"ENSG00000103034","NDRG4",0.222498516450795,5.48491151202911,5.47626532713199e-08,1.26007025474735e-07
"ENSG00000119514","GALNT12",0.301075542849096,5.48341556163866,5.52117906231403e-08,1.26982039151657e-07
"ENSG00000136014","USP44",0.347205716812425,5.4812408037525,5.58711143387035e-08,1.28439343307364e-07
"ENSG00000228278","ORM2",0.410231372262378,5.47426343650045,5.80384605373219e-08,1.33360433219949e-07
"ENSG00000238039","AF011889.2",-0.412203229303243,-5.46967112512095,5.95092513561559e-08,1.36677196500128e-07
"ENSG00000018236","CNTN1",-0.265381738970056,-5.46905430183619,5.97095382440239e-08,1.37074238393076e-07
"ENSG00000092607","TBX15",-0.183390102176915,-5.46770984695166,6.01483622656518e-08,1.38018270458127e-07
"ENSG00000273623","TP53TG1_1",-0.398973303075325,-5.46624260788945,6.06308348059699e-08,1.39061547720115e-07
"ENSG00000161905","ALOX15",-0.381982042159951,-5.46156878858781,6.21929014612158e-08,1.42578866256799e-07
"ENSG00000140488","CELF6",-0.33077611722357,-5.46147462215325,6.2224771411409e-08,1.4258655227179e-07
"ENSG00000089225","TBX5",-0.148431870051283,-5.46020468392014,6.2656124277409e-08,1.43509217309686e-07
"ENSG00000227644","HIGD1AP11",-0.444521921191751,-5.4573022550121,6.36529008143771e-08,1.4572550552742e-07
"ENSG00000267128","RP11-449J21.5",-0.31246027411396,-5.45466012374275,6.45736535559044e-08,1.47765797610765e-07
"ENSG00000241351","IGKV3-11",0.30715267373978,5.45352607489997,6.49728096387392e-08,1.48611183986137e-07
"ENSG00000105011","ASF1B",0.17812340430343,5.45232181221276,6.53993006123896e-08,1.49518291294901e-07
"ENSG00000120471","TP53AIP1",-0.265903317894665,-5.44775171702718,6.70426620472433e-08,1.53205352027521e-07
"ENSG00000146038","DCDC2",-0.350083624367147,-5.44729071588696,6.72106414833104e-08,1.53519053182527e-07
"ENSG00000272511","RP11-180N14.1",-0.305378429218489,-5.44528680653346,6.79455839818294e-08,1.55126904068104e-07
"ENSG00000113805","CNTN3",-0.278610776958538,-5.44340924023646,6.86412626579395e-08,1.56643684751117e-07
"ENSG00000171877","FRMD5",0.242864171223211,5.44187897587238,6.92133664759496e-08,1.57877204552805e-07
"ENSG00000125726","CD70",0.242521378267329,5.43938403127009,7.01560610046493e-08,1.59954539454285e-07
"ENSG00000217801","RP11-465B22.3",-0.226890383100736,-5.43642249566327,7.12912316240342e-08,1.62468622661883e-07
"ENSG00000119888","EPCAM",0.100206912826003,5.43538962854168,7.169131068203e-08,1.63305946883895e-07
"ENSG00000100985","MMP9",0.269234503987823,5.43114349154325,7.33590527202026e-08,1.67028808561481e-07
"ENSG00000111863","ADTRP",0.279705978716195,5.43083580458292,7.34813539184408e-08,1.67231119523079e-07
"ENSG00000163701","IL17RE",0.362651865167998,5.42923151576047,7.412224780094e-08,1.68612938582666e-07
"ENSG00000121316","PLBD1",0.251387191370323,5.42864005023808,7.43598967556938e-08,1.69076618362196e-07
"ENSG00000161682","FAM171A2",0.26633555839072,5.42559926303427,7.55933931466561e-08,1.718031662424e-07
"ENSG00000163083","INHBB",-0.276507889545384,-5.42249317276628,7.68738682989122e-08,1.74633957971177e-07
"ENSG00000184911","DMRTC1B",-0.357737360525704,-5.41914730911876,7.82767297717988e-08,1.77740076684375e-07
"ENSG00000280323","AC053503.12",0.182976721476924,5.41600708203788,7.9615945243454e-08,1.80698922477199e-07
"ENSG00000186399","GOLGA8R",-0.34198306810484,-5.41292047059187,8.09539439773779e-08,1.83652322997681e-07
"ENSG00000157152","SYN2",0.304357747539188,5.41210306302193,8.13119150638991e-08,1.84380759782084e-07
"ENSG00000243069","ARHGEF26-AS1",0.216705079424486,5.4098247302887,8.23177996494e-08,1.86577061762013e-07
"ENSG00000167900","TK1",0.222761652087144,5.40941108796425,8.25017130195278e-08,1.86909182191952e-07
"ENSG00000203805","PPAPDC1A",-0.234023588359867,-5.40729554964093,8.34485720984342e-08,1.88921797199869e-07
"ENSG00000271894","RP11-482H16.1",-0.314920149883115,-5.40725760716732,8.34656500029019e-08,1.88921797199869e-07
"ENSG00000116783","TNNI3K",-0.388665744101275,-5.40643678981847,8.38359309137342e-08,1.89674051841028e-07
"ENSG00000164708","PGAM2",-0.381920164799899,-5.40488491623007,8.45403594250454e-08,1.91181274140763e-07
"ENSG00000180061","TMEM150B",0.248012037214596,5.40254824076161,8.56118687448139e-08,1.9351688233457e-07
"ENSG00000154319","FAM167A",-0.262380168466479,-5.40013921639781,8.67303422995029e-08,1.95956489605745e-07
"ENSG00000275302","CCL4",0.244066659806029,5.39969112550726,8.69399416793091e-08,1.96341331705757e-07
"ENSG00000273179","RP11-20I20.4",0.343507546403943,5.39915598323261,8.71909040969558e-08,1.96819196607124e-07
"ENSG00000103316","CRYM",-0.409767567974708,-5.39906969540185,8.72314357046962e-08,1.96821831463665e-07
"ENSG00000163131","CTSS",0.273233018437825,5.39870135472978,8.74046603769755e-08,1.97123726605718e-07
"ENSG00000152253","SPC25",0.164918636371573,5.39710366183813,8.81598996517588e-08,1.98695499020102e-07
"ENSG00000156103","MMP16",-0.277995240586557,-5.39705908381073,8.81810624651211e-08,1.98695499020102e-07
"ENSG00000172031","EPHX4",0.310674996746944,5.39284919516211,9.02020116777994e-08,2.03157683959008e-07
"ENSG00000142494","SLC47A1",-0.255908160206781,-5.39203763812975,9.0596729572386e-08,2.03954816687046e-07
"ENSG00000186919","ZACN",-0.435098405312523,-5.38993249796238,9.16284335951564e-08,2.06184594048507e-07
"ENSG00000182013","PNMAL1",0.267630951024577,5.38588035868538,9.36465093399495e-08,2.1063092519107e-07
"ENSG00000135119","RNFT2",0.249058752206329,5.38577270204848,9.37007088156779e-08,2.10658068380571e-07
"ENSG00000110675","ELMOD1",-0.236082308139562,-5.38522011558611,9.39793863193538e-08,2.11189632178323e-07
"ENSG00000211959","IGHV4-39",0.308887236098254,5.38232708788875,9.54515533808926e-08,2.14401512535698e-07
"ENSG00000119969","HELLS",0.226185647557312,5.38212193759799,9.55567925823811e-08,2.14541519044412e-07
"ENSG00000136514","RTP4",0.357106183861099,5.38127845951409,9.59906685448631e-08,2.1541891504682e-07
"ENSG00000204632","HLA-G",0.354260288510124,5.38114970900213,9.60570642481309e-08,2.15471207375798e-07
"ENSG00000130054","FAM155B",-0.286348964676717,-5.37688540926729,9.82814728324933e-08,2.20362046709626e-07
"ENSG00000272114","RP1-261G23.7",0.212199213397146,5.36810565808643,1.03019686247852e-07,2.30882308937364e-07
"ENSG00000135476","ESPL1",0.219440510005968,5.36768151802957,1.03254106018235e-07,2.31304000936907e-07
"ENSG00000036530","CYP46A1",-0.216301874697112,-5.36578814726675,1.04306884026899e-07,2.33557734050379e-07
"ENSG00000151572","ANO4",0.306053938044416,5.36079540401103,1.07133170261335e-07,2.39778805419282e-07
"ENSG00000150625","GPM6A",-0.35731270411983,-5.35937148590798,1.0795273493473e-07,2.41504999853983e-07
"ENSG00000231475","IGHV4-31",0.338818911890658,5.35691091116938,1.09383317254556e-07,2.44595968816091e-07
"ENSG00000254829","RP11-7I15.3",0.432221594814659,5.35391576069083,1.11149518145233e-07,2.48434327548577e-07
"ENSG00000172461","FUT9",0.349278927714492,5.34885036202494,1.14199622481263e-07,2.55137673103805e-07
"ENSG00000161405","IKZF3",0.321478079129318,5.34590397136435,1.16010937568204e-07,2.59068641286744e-07
"ENSG00000256340","ABCC6P1",-0.368571648754287,-5.34241090324137,1.18194421721215e-07,2.6382683419914e-07
"ENSG00000236304","AP001189.4",-0.339017396579277,-5.34216139835215,1.18351900117462e-07,2.64060464340611e-07
"ENSG00000088726","TMEM40",0.295121811933776,5.34045837893341,1.19432228733432e-07,2.66351982010331e-07
"ENSG00000087250","MT3",0.386715032127837,5.33742361957868,1.21381100622925e-07,2.7057757606537e-07
"ENSG00000185985","SLITRK2",0.261391117777974,5.33589835551619,1.22372204063946e-07,2.72665338823409e-07
"ENSG00000131747","TOP2A",0.195889796072828,5.33230836847239,1.24736003558869e-07,2.77808471177882e-07
"ENSG00000141469","SLC14A1",-0.307563051296983,-5.33126659532539,1.25430195609059e-07,2.79230177224085e-07
"ENSG00000176092","AIM1L",0.184518715934479,5.33094738264959,1.25643653398225e-07,2.79580893186971e-07
"ENSG00000198914","POU3F3",0.286254484711062,5.32917573642264,1.26834769494051e-07,2.82105804034811e-07
"ENSG00000169291","SHE",-0.217953711962408,-5.32525041829184,1.29512960961969e-07,2.87934550826966e-07
"ENSG00000007314","SCN4A",-0.263155297940213,-5.3248458949765,1.29792056615631e-07,2.88426792479181e-07
"ENSG00000248485","PCP4L1",0.350822050136041,5.31756931102754,1.34913125573678e-07,2.9967375738267e-07
"ENSG00000184221","OLIG1",0.37104673336088,5.31515107958901,1.36657959961762e-07,3.03414653556311e-07
"ENSG00000167037","SGSM1",-0.273183799075922,-5.31490144372355,1.36839320771885e-07,3.036824695337e-07
"ENSG00000171227","TMEM37",-0.187559697070734,-5.30859002455422,1.41502847557332e-07,3.13892740810408e-07
"ENSG00000130037","KCNA5",-0.262990662084411,-5.30753761541263,1.42295310314476e-07,3.15510665885756e-07
"ENSG00000117650","NEK2",0.155016493332631,5.30612682759184,1.43364380779888e-07,3.17740205629184e-07
"ENSG00000280411","IGHV1-69-2",0.291188482762943,5.29978495920425,1.48267030252255e-07,3.28460412610223e-07
"ENSG00000182901","RGS7",-0.316503183665219,-5.29870823148385,1.49115379224279e-07,3.30193488096277e-07
"ENSG00000105251","SHD",0.339374677943392,5.29857185336664,1.49223165910479e-07,3.30285891789462e-07
"ENSG00000197444","OGDHL",0.325346856300507,5.29435690002689,1.5259193177177e-07,3.37592769406571e-07
"ENSG00000102837","OLFM4",0.427504730844837,5.29290218793473,1.5377161070493e-07,3.40052212969769e-07
"ENSG00000118271","TTR",-0.320618513265096,-5.29168019649328,1.5476939200382e-07,3.42107409380681e-07
"ENSG00000177108","ZDHHC22",-0.349675361723949,-5.28971617684791,1.56386209678148e-07,3.45528523371959e-07
"ENSG00000156510","HKDC1",0.326909892228461,5.2878771597624,1.5791494860029e-07,3.48752094965305e-07
"ENSG00000136732","GYPC",0.236130917743756,5.28292923364307,1.62100284955192e-07,3.57837273631769e-07
"ENSG00000259495","RP11-210M15.2",-0.310101323217426,-5.28236459422626,1.6258467614328e-07,3.58748182134333e-07
"ENSG00000204869","IGFL4",-0.328300031778133,-5.28131556100043,1.63488342642918e-07,3.6058302303246e-07
"ENSG00000167208","SNX20",0.279020705033119,5.27873324708059,1.65733597768822e-07,3.65373892788409e-07
"ENSG00000243466","IGKV1-5",0.268439615503949,5.27733389368879,1.66962747730046e-07,3.67921436161405e-07
"ENSG00000227507","LTB",0.370666786746029,5.27365911085851,1.70232754591574e-07,3.74962014518885e-07
"ENSG00000270885","RASL10B",0.257359672329519,5.26925656271499,1.74232086905544e-07,3.83602128810093e-07
"ENSG00000090382","LYZ",0.265294927380853,5.26886250082259,1.74594462543258e-07,3.8423077144203e-07
"ENSG00000147168","IL2RG",0.289183471292407,5.26814450080632,1.75256606227791e-07,3.85518271508559e-07
"ENSG00000126778","SIX1",-0.292473982123931,-5.26801040529923,1.75380539101441e-07,3.85621238129817e-07
"ENSG00000198734","F5",0.23597768773554,5.26400420578514,1.79122519911722e-07,3.9367586793785e-07
"ENSG00000033122","LRRC7",0.228346319223305,5.26331640392147,1.79772689070101e-07,3.94931215004615e-07
"ENSG00000164181","ELOVL7",0.2881622851632,5.25996441405479,1.82974127078432e-07,4.01787718661468e-07
"ENSG00000186493","C5orf38",-0.192400508535053,-5.25880110357548,1.84098040400378e-07,4.04078227393279e-07
"ENSG00000132692","BCAN",0.245620445936941,5.25446842845421,1.88343097705838e-07,4.13214343365155e-07
"ENSG00000017427","IGF1",-0.293557105960841,-5.25328802470662,1.89515963756358e-07,4.15605183676223e-07
"ENSG00000130540","SULT4A1",0.374471158351264,5.25069038802351,1.92121973356459e-07,4.2113540849728e-07
"ENSG00000110203","FOLR3",0.392751167288272,5.24720478642616,1.95673384969986e-07,4.28732219478498e-07
"ENSG00000261115","TMEM178B",0.363859142520603,5.2452311391183,1.97712395928835e-07,4.33010065547164e-07
"ENSG00000188389","PDCD1",0.344401762116548,5.24497790602885,1.97975500131283e-07,4.3339645387759e-07
"ENSG00000183186","C2CD4C",-0.300394504731721,-5.24212738510637,2.00960619678229e-07,4.39738773912973e-07
"ENSG00000101276","SLC52A3",-0.203488406161074,-5.23678389979785,2.0667425982383e-07,4.52043437934887e-07
"ENSG00000154027","AK5",-0.324741078488498,-5.2304543073203,2.13645952550019e-07,4.67087784324483e-07
"ENSG00000145708","CRHBP",-0.282587224380085,-5.22923759397363,2.15011936979825e-07,4.69868743399967e-07
"ENSG00000106689","LHX2",0.280780842911728,5.22860505541038,2.15725414202225e-07,4.71221961996998e-07
"ENSG00000154760","SLFN13",0.402953670444697,5.22054093350955,2.25024709739796e-07,4.91320326942787e-07
"ENSG00000154065","ANKRD29",-0.292184551953899,-5.21577350011376,2.30703639135656e-07,5.03499867166425e-07
"ENSG00000127903","ZNF835",-0.335003290583507,-5.21537247435804,2.31187613060922e-07,5.04335979626793e-07
"ENSG00000262655","SPON1",-0.279117308159433,-5.21202702146671,2.35263514609257e-07,5.13003738790355e-07
"ENSG00000036672","USP2",0.271910954709611,5.21192638543308,2.35387194856074e-07,5.13049683644451e-07
"ENSG00000262877","RP11-1055B8.4",-0.362158374014143,-5.20787944094006,2.40413316053787e-07,5.23776287698882e-07
"ENSG00000112276","BVES",0.222472729984298,5.20451025936173,2.44676775711117e-07,5.32832699719331e-07
"ENSG00000203867","RBM20",-0.356644695885799,-5.20391063697512,2.45443186460337e-07,5.34269017110006e-07
"ENSG00000211966","IGHV5-51",0.270582988914525,5.2034528750711,2.46029840749099e-07,5.35312969427978e-07
"ENSG00000154269","ENPP3",-0.297674900792271,-5.19944142390602,2.51229182002075e-07,5.46387955637396e-07
"ENSG00000262943","ALOX12P2",0.439401330495473,5.19848486663652,2.52484611843775e-07,5.48879590964728e-07
"ENSG00000164120","HPGD",-0.37494255535867,-5.19741980935194,2.5388958519663e-07,5.51694013899674e-07
"ENSG00000267748","CTB-102L5.4",0.275650938157119,5.19616591409946,2.55553362498967e-07,5.55068120110701e-07
"ENSG00000177133","LINC00982",-0.270014497900693,-5.19003057793853,2.6384755150494e-07,5.72834458325966e-07
"ENSG00000250264","XXbac-BPG246D15.9",0.354692186097623,5.18163914591928,2.75614564905892e-07,5.98121885646466e-07
"ENSG00000181690","PLAG1",0.351228198898421,5.18140499581632,2.75950080560179e-07,5.98590196442904e-07
"ENSG00000259417","LINC01314",-0.252655247360067,-5.18047765326524,2.77282763360404e-07,6.0101373593972e-07
"ENSG00000153283","CD96",0.298791898720382,5.18042826143393,2.77353918683791e-07,6.0101373593972e-07
"ENSG00000092009","CMA1",-0.368669691875563,-5.18037689285421,2.77427940509775e-07,6.0101373593972e-07
"ENSG00000007237","GAS7",-0.273724802970897,-5.17665934459162,2.82835951153091e-07,6.1246416447183e-07
"ENSG00000143768","LEFTY2",0.392197868867306,5.17144708702059,2.90590403912229e-07,6.28983558251579e-07
"ENSG00000174808","BTC",0.220891826242072,5.16951157050767,2.93521980740884e-07,6.3505404747054e-07
"ENSG00000181885","CLDN7",-0.126726561877537,-5.16605689935766,2.98825759660072e-07,6.46249480233719e-07
"ENSG00000137573","SULF1",-0.192670514751034,-5.16544746863018,2.99770956986007e-07,6.48013309524441e-07
"ENSG00000145934","TENM2",-0.292877050560753,-5.1650154375417,3.00442767213743e-07,6.49184890263058e-07
"ENSG00000157992","KRTCAP3",0.259549196371144,5.16200498269544,3.05164634222971e-07,6.59102881691082e-07
"ENSG00000153822","KCNJ16",0.310284812216385,5.15819704426949,3.11240249753401e-07,6.71934908794043e-07
"ENSG00000211945","IGHV1-18",0.288657571424224,5.15250037121422,3.20548326852794e-07,6.91731391568394e-07
"ENSG00000224016","RP11-728K20.1",-0.407093639525411,-5.15166595317005,3.21934131185572e-07,6.94422198415816e-07
"ENSG00000244734","HBB",-0.25783756541322,-5.14744883447282,3.29027051325684e-07,7.09121370471414e-07
"ENSG00000206047","DEFA1",0.293646565104034,5.14744573717878,3.29032315898736e-07,7.09121370471414e-07
"ENSG00000261888","AC144831.1",-0.306970274905185,-5.14694832995899,3.29878833272924e-07,7.10639451255761e-07
"ENSG00000234678","RP11-465N4.4",0.178174961743492,5.14476051870294,3.33627252969436e-07,7.1840493748802e-07
"ENSG00000186529","CYP4F3",-0.398592746817024,-5.14175817632755,3.3883833638601e-07,7.29311959504971e-07
"ENSG00000198535","C2CD4A",-0.422849538893214,-5.13525248168843,3.50401547343133e-07,7.53875962442197e-07
"ENSG00000087245","MMP2",-0.221620838237012,-5.13404966244609,3.52580829588293e-07,7.5823834320063e-07
"ENSG00000132744","ACY3",0.297582324818211,5.13321923549975,3.54093048446954e-07,7.61163044812885e-07
"ENSG00000079385","CEACAM1",0.263419978893497,5.13152801978731,3.571921911819e-07,7.67495039067255e-07
"ENSG00000204179","PTPN20",0.370512670381749,5.1304215057851,3.59234047543618e-07,7.71550789397804e-07
"ENSG00000211640","IGLV6-57",0.294886464917587,5.12815648394501,3.63448958855188e-07,7.80268267185891e-07
"ENSG00000149090","PAMR1",-0.208359065785,-5.12655962744316,3.66449197471167e-07,7.86371668393062e-07
"ENSG00000272872","LL22NC03-N14H11.1",0.210749354381262,5.11285377993608,3.93204164124824e-07,8.43423775471523e-07
"ENSG00000174950","CD164L2",0.260344211580234,5.10972775523015,3.99565787823384e-07,8.5670194644808e-07
"ENSG00000179914","ITLN1",0.340434670227744,5.1056975969312,4.07914319986052e-07,8.74227003827802e-07
"ENSG00000144837","PLA1A",-0.218718840042775,-5.10331692432487,4.12924871489661e-07,8.84586271400301e-07
"ENSG00000211659","IGLV3-25",0.268247293479407,5.0978203694379,4.24721625909384e-07,9.09468149698896e-07
"ENSG00000109072","VTN",-0.290883511365569,-5.09267206890369,4.36065933183636e-07,9.33360302191002e-07
"ENSG00000150627","WDR17",-0.384428143356628,-5.09213841885539,4.37258446478723e-07,9.35512294562951e-07
"ENSG00000165566","AMER2",0.278700893927926,5.08940498107203,4.43416268226894e-07,9.48281155318422e-07
"ENSG00000145506","NKD2",-0.245423350147189,-5.08906071503072,4.4419773916124e-07,9.49546257292091e-07
"ENSG00000163207","IVL",0.345582617053095,5.08789326926187,4.46857718960333e-07,9.54824185812678e-07
"ENSG00000254709","IGLL5",0.272248115314035,5.08573323064272,4.5181992710971e-07,9.65014795193742e-07
"ENSG00000131771","PPP1R1B",0.338829217086705,5.08202917138478,4.60453385760874e-07,9.83034555424582e-07
"ENSG00000117394","SLC2A1",0.214531577198996,5.07920307189845,4.67147480470779e-07,9.96900299766921e-07
"ENSG00000060982","BCAT1",0.280652973419164,5.07883017012787,4.68037753316131e-07,9.98374047176048e-07
"ENSG00000124205","EDN3",0.399163567070631,5.07774835576685,4.70629784345891e-07,1.00347501992727e-06
"ENSG00000242715","CCDC169",0.363497604182893,5.07179899124413,4.85134244412804e-07,1.03396045271271e-06
"ENSG00000230415","RP5-902P8.10",-0.408837822495757,-5.07106625937227,4.86950228429101e-07,1.03738864173221e-06
"ENSG00000216921","AC131097.4",-0.385087951006359,-5.06988796507811,4.89884263516735e-07,1.04319476898794e-06
"ENSG00000197705","KLHL14",-0.298322833129087,-5.06437478071292,5.03840917793983e-07,1.07245831799486e-06
"ENSG00000096088","PGC",-0.330286146400325,-5.06425319589267,5.04152998571862e-07,1.07266595440822e-06
"ENSG00000159374","M1AP",-0.360185636611647,-5.06028005076773,5.14454550338904e-07,1.09411856728818e-06
"ENSG00000072133","RPS6KA6",-0.26573844896103,-5.05413380638341,5.30792196469334e-07,1.1283847714059e-06
"ENSG00000080031","PTPRH",-0.274049396324291,-5.05340706368423,5.32756803240322e-07,1.13207990488806e-06
"ENSG00000163531","NFASC",0.296370437704972,5.05098731581794,5.3934887453261e-07,1.1456008380047e-06
"ENSG00000144642","RBMS3",-0.228880723588302,-5.04655738866884,5.5162195029007e-07,1.17117186898104e-06
"ENSG00000146054","TRIM7",-0.342602448891647,-5.04159159660426,5.65700318667018e-07,1.20055245897075e-06
"ENSG00000038427","VCAN",-0.259412591456171,-5.04046543105663,5.68941016083478e-07,1.20691772609987e-06
"ENSG00000139618","BRCA2",0.235962971606563,5.03770129526448,5.76971392110069e-07,1.22343382550905e-06
"ENSG00000074211","PPP2R2C",-0.380224885050025,-5.03654908964888,5.80351010297421e-07,1.23007844488644e-06
"ENSG00000152910","CNTNAP4",0.289376955985752,5.0282164089872,6.05367627164497e-07,1.28255853212817e-06
"ENSG00000105369","CD79A",0.325617841331645,5.02764157303915,6.07131288627022e-07,1.28575029357692e-06
"ENSG00000181778","TMEM252",-0.337648899727633,-5.02451841349605,6.16800540472354e-07,1.30567430243936e-06
"ENSG00000279508","AL589743.1",0.23845391732934,5.02380036267382,6.19044546608073e-07,1.30986996743139e-06
"ENSG00000112320","SOBP",0.215126266023051,5.02144413125756,6.26463598643972e-07,1.32500761134512e-06
"ENSG00000164266","SPINK1",0.311759515316329,5.02117571700617,6.27314179942292e-07,1.32624562355664e-06
"ENSG00000168490","PHYHIP",-0.193632119739231,-5.02046846250994,6.29560751014429e-07,1.33043269445146e-06
"ENSG00000150893","FREM2",0.406639913702702,5.01775228323694,6.38261028710259e-07,1.34824889883874e-06
"ENSG00000107105","ELAVL2",0.241627146183228,5.01484534812478,6.47700899599626e-07,1.36749591246972e-06
"ENSG00000265185","SNORD3B-1",0.442785395365265,5.01477849816031,6.47919563328153e-07,1.36749591246972e-06
"ENSG00000141338","ABCA8",-0.294371990835031,-5.01387431141289,6.50884134545655e-07,1.37317327963218e-06
"ENSG00000241472","PTPRG-AS1",-0.237732340431397,-5.01283094921342,6.54321297845716e-07,1.37984246698801e-06
"ENSG00000137672","TRPC6",-0.180532108667721,-5.01065495742124,6.61546171060919e-07,1.39449024253988e-06
"ENSG00000125740","FOSB",-0.335892245975148,-5.005948421592,6.77437509809828e-07,1.42738624064439e-06
"ENSG00000148357","HMCN2",-0.255147258618556,-5.00155921208842,6.92589045550675e-07,1.45869638911263e-06
"ENSG00000224373","IGHV4-59",0.277215156367147,4.99957691564668,6.99538667359049e-07,1.47271298391379e-06
"ENSG00000159648","TEPP",0.380007321164737,4.99826363696615,7.04179834615889e-07,1.48185992132973e-06
"ENSG00000248871","TNFSF12-TNFSF13",0.430654796477749,4.99235248799537,7.25440549460336e-07,1.52595824455266e-06
"ENSG00000172215","CXCR6",0.287485861333453,4.9893561999339,7.36452629267575e-07,1.54847062503695e-06
"ENSG00000163898","LIPH",-0.206010847358152,-4.98539712899539,7.51250828275145e-07,1.57892145497088e-06
"ENSG00000155966","AFF2",0.274961496266899,4.98520990768006,7.51957682827406e-07,1.57974303115001e-06
"ENSG00000116031","CD207",0.279495407221234,4.98446722726272,7.54768002989161e-07,1.58498110665511e-06
"ENSG00000069431","ABCC9",-0.20052946980424,-4.98319236500258,7.59615761437555e-07,1.59449152274886e-06
"ENSG00000264350","SNRPGP2",0.129530367157874,4.98146910863874,7.6621635339973e-07,1.60767174443921e-06
"ENSG00000077522","ACTN2",0.333911841217743,4.98042076251339,7.7025887659592e-07,1.61547583178674e-06
"ENSG00000172995","ARPP21",-0.317190964896083,-4.97677610185181,7.84473814583602e-07,1.64459919199916e-06
"ENSG00000213088","ACKR1",-0.419815896023327,-4.97564551357346,7.88934553109338e-07,1.65325765530037e-06
"ENSG00000148344","PTGES",-0.254878483097339,-4.97242078443056,8.01792605179852e-07,1.67949854457447e-06
"ENSG00000125538","IL1B",0.219225948308196,4.97194612461682,8.03702219063638e-07,1.68279359100427e-06
"ENSG00000211972","IGHV3-66",0.353427096053296,4.97087758783298,8.08017144500951e-07,1.69112001779186e-06
"ENSG00000173114","LRRN3",-0.274248583750299,-4.97027665997077,8.10453600103997e-07,1.69550962364853e-06
"ENSG00000211648","IGLV1-47",0.2606209267161,4.96927159750227,8.14544465988638e-07,1.70335521954964e-06
"ENSG00000085563","ABCB1",-0.255903386917754,-4.9661552040716,8.27356054878336e-07,1.72942319163532e-06
"ENSG00000108370","RGS9",0.351984796478515,4.96361919330132,8.37924942367313e-07,1.750783414892e-06
"ENSG00000089012","SIRPG",0.263261184654437,4.96338056584074,8.38926106235709e-07,1.75214307902195e-06
"ENSG00000183019","MCEMP1",0.303897083784476,4.96320477515085,8.39664375947021e-07,1.75295276815662e-06
"ENSG00000151012","SLC7A11",0.257765054352535,4.96206098717762,8.44483281908521e-07,1.76227729947521e-06
"ENSG00000168843","FSTL5",0.287826608507464,4.96113921525155,8.48386214578821e-07,1.7696833846033e-06
"ENSG00000129991","TNNI3",-0.429911869919556,-4.95336574249979,8.8199983330899e-07,1.83903217954335e-06
"ENSG00000206172","HBA1",-0.349858945279996,-4.9530973412728,8.8318308652381e-07,1.84073173514758e-06
"ENSG00000211829","TRDC",0.238633076276501,4.95231183599098,8.86654810336641e-07,1.84719752153467e-06
"ENSG00000130876","SLC7A10",0.32846148413991,4.94588666563216,9.15550844362868e-07,1.9066031744333e-06
"ENSG00000262074","SNORD3B-2",0.443272087256194,4.94383293372664,9.24977188370153e-07,1.92543128303529e-06
"ENSG00000136492","BRIP1",0.21812438919119,4.94295906393041,9.29016456665442e-07,1.93303465806376e-06
"ENSG00000123838","C4BPA",0.325497644670468,4.94163799747252,9.35155109065417e-07,1.94499814697466e-06
"ENSG00000211956","IGHV4-34",0.263609566865936,4.93998775081604,9.42878350098078e-07,1.96024605009995e-06
"ENSG00000277200","RP11-74E22.8",0.420934222142953,4.93853491692213,9.49728578064491e-07,1.97366703670925e-06
"ENSG00000090659","CD209",0.279690746782362,4.93765477992283,9.53901814729184e-07,1.9815160256111e-06
"ENSG00000211675","IGLC1",0.256663138716984,4.93709820681826,9.56549970649235e-07,1.98619179952084e-06
"ENSG00000101680","LAMA1",0.203104521722538,4.93668696216458,9.58511212100565e-07,1.98943796616971e-06
"ENSG00000244437","IGKV3-15",0.239003041712629,4.93648744901567,9.59464094479174e-07,1.99058940763314e-06
"ENSG00000128383","APOBEC3A",0.320387231494409,4.92963308230899,9.92761351866531e-07,2.05881657375888e-06
"ENSG00000198930","CSAG1",0.410678077657121,4.92637878093924,1.00895763063777e-06,2.09153737694396e-06
"ENSG00000049768","FOXP3",0.24706021480766,4.92298689223656,1.02610974589591e-06,2.12621165747185e-06
"ENSG00000170477","KRT4",0.343584129491201,4.9202618076339,1.04009331194177e-06,2.15429434950656e-06
"ENSG00000198797","BRINP2",-0.38293430459855,-4.91885669546168,1.04737515481461e-06,2.16847858139672e-06
"ENSG00000275620","FLJ16779",-0.316167341500972,-4.91299875346656,1.07826645202208e-06,2.23151169706556e-06
"ENSG00000149294","NCAM1",0.231488458329508,4.90010915429559,1.14936179525318e-06,2.37766196783861e-06
"ENSG00000145721","LIX1",0.26231038227585,4.89736866875899,1.16504960973367e-06,2.40911829969742e-06
"ENSG00000186193","SAPCD2",0.173166454162672,4.89519579152734,1.17763466844613e-06,2.43413532130246e-06
"ENSG00000134323","MYCN",0.269768590799708,4.89215222261168,1.19548319307322e-06,2.47000659725871e-06
"ENSG00000272398","CD24",0.207880525768317,4.89004080253523,1.2080181549114e-06,2.49487433893308e-06
"ENSG00000165443","PHYHIPL",0.241855916572503,4.88923399557777,1.21284133237981e-06,2.50380126420275e-06
"ENSG00000130720","FIBCD1",-0.360060394505307,-4.88755492032365,1.22293859722023e-06,2.52360420392122e-06
"ENSG00000196616","ADH1B",-0.378700667927613,-4.88626502172892,1.23075049025893e-06,2.53867675383442e-06
"ENSG00000133519","ZDHHC8P1",0.182079386849872,4.88320204369874,1.24949367966469e-06,2.57627562817461e-06
"ENSG00000253755","IGHGP",0.204546307711071,4.87962124711449,1.27175438774332e-06,2.62109313219975e-06
"ENSG00000281183","NPTN-IT1",-0.25270623155523,-4.87769786810436,1.28386871325871e-06,2.64497056707604e-06
"ENSG00000156234","CXCL13",0.287185655152828,4.87741256035013,1.28567515667198e-06,2.64760122873142e-06
"ENSG00000143217","PVRL4",0.110129736437517,4.87575272463852,1.29623317899043e-06,2.66824450183291e-06
"ENSG00000174171","RP11-23P13.6",0.316879136243883,4.87441547562469,1.30479998505237e-06,2.68465848829999e-06
"ENSG00000084710","EFR3B",-0.263676495171331,-4.87434064860075,1.30528095701145e-06,2.68465848829999e-06
"ENSG00000146006","LRRTM2",-0.240777581203445,-4.87207020505206,1.31995638176112e-06,2.71372611381809e-06
"ENSG00000172367","PDZD3",-0.311982070922805,-4.87066890302864,1.32909315622961e-06,2.73138749738925e-06
"ENSG00000108001","EBF3",-0.205453532330802,-4.86686379262399,1.35421169384739e-06,2.78186461349095e-06
"ENSG00000127863","TNFRSF19",-0.24387079290005,-4.86583230112391,1.36109925299732e-06,2.79486499588771e-06
"ENSG00000165092","ALDH1A1",-0.229063041269612,-4.86536009324261,1.36426356809203e-06,2.80021257818562e-06
"ENSG00000180745","CLRN3",-0.24136314445779,-4.86380959848665,1.37470351791611e-06,2.82048321279464e-06
"ENSG00000153956","CACNA2D1",-0.211845584887637,-4.86356940387017,1.37632769066421e-06,2.82265728192005e-06
"ENSG00000104611","SH2D4A",-0.267309735053158,-4.8555351842997,1.43173204750987e-06,2.93508004819571e-06
"ENSG00000125878","TCF15",0.281204879071314,4.85524629408748,1.43376373715551e-06,2.93804044499079e-06
"ENSG00000120885","CLU",-0.245701614335083,-4.8550749387617,1.43497014646625e-06,2.93930796080756e-06
"ENSG00000100196","KDELR3",0.215578954060216,4.8488381372863,1.4795513096307e-06,3.0289742835735e-06
"ENSG00000184185","KCNJ12",-0.268711717398978,-4.84878224025703,1.47995683495401e-06,3.0289742835735e-06
"ENSG00000280721","AC133644.2",0.172579537808595,4.84744709806691,1.48967498964892e-06,3.04761659093477e-06
"ENSG00000273272","CTA-384D8.34",0.350028309695147,4.84686507538148,1.49393059311049e-06,3.05507278754701e-06
"ENSG00000250305","KIAA1456",-0.319855925042955,-4.84647573775675,1.49678386566643e-06,3.05965630757652e-06
"ENSG00000150051","MKX",-0.370445448653997,-4.84236732803793,1.52721417609171e-06,3.12058474885923e-06
"ENSG00000223414","LINC00473",0.359506990122996,4.83983018572438,1.54630304015056e-06,3.15829869311797e-06
"ENSG00000117090","SLAMF1",0.284363087525555,4.83849093994792,1.55647166144361e-06,3.17776982736548e-06
"ENSG00000144785","RP11-977G19.10",0.409223723943887,4.83793747096604,1.56069281896182e-06,3.18508738563637e-06
"ENSG00000250654","RP11-834C11.7",-0.19747805508078,-4.83758581026081,1.56338056513905e-06,3.18927083871695e-06
"ENSG00000039537","C6",-0.356475579679337,-4.83291821218938,1.59948003773856e-06,3.26055194361146e-06
"ENSG00000183844","FAM3B",-0.302188678521833,-4.83289944605546,1.59962678353578e-06,3.26055194361146e-06
"ENSG00000198774","RASSF9",0.222895043321008,4.82719616095484,1.64483072307907e-06,3.35132584164441e-06
"ENSG00000053747","LAMA3",-0.278568813944369,-4.82166139546214,1.68987351136199e-06,3.44169757914866e-06
"ENSG00000278828","HIST1H3H",-0.383231342520035,-4.82039463217086,1.70034840321967e-06,3.46162134205959e-06
"ENSG00000188508","KRTDAP",0.336404782970352,4.81874565277313,1.71407753450163e-06,3.48815127086209e-06
"ENSG00000139144","PIK3C2G",0.2968279739363,4.81677336634731,1.7306386603097e-06,3.52042038305472e-06
"ENSG00000240801","AC132217.4",-0.31132209714659,-4.81472712866252,1.74798353212267e-06,3.5542568770286e-06
"ENSG00000165084","C8orf34",-0.279462822119744,-4.80826474035394,1.80386755570018e-06,3.66639747093533e-06
"ENSG00000211949","IGHV3-23",0.249202878421751,4.80742710849933,1.81123574558551e-06,3.6798775814415e-06
"ENSG00000211947","IGHV3-21",0.244275280956854,4.80180510736558,1.86144448318225e-06,3.78035029078441e-06
"ENSG00000229807","XIST",-0.152256593355121,-4.79929177057369,1.88432135242436e-06,3.82525650106447e-06
"ENSG00000166589","CDH16",0.212577872436415,4.796377400591,1.91118737431179e-06,3.87822113293788e-06
"ENSG00000026751","SLAMF7",0.231930172202593,4.79247063807657,1.94778063200032e-06,3.95087349290125e-06
"ENSG00000211644","IGLV1-51",0.27686242282873,4.79057223918326,1.965804797188e-06,3.98581670151662e-06
"ENSG00000184860","SDR42E1",0.283141483465742,4.7901956042008,1.96939975357737e-06,3.99148713736801e-06
"ENSG00000116990","MYCL",0.237348115508356,4.78856766148757,1.98501126641311e-06,4.02149770343012e-06
"ENSG00000119411","BSPRY",-0.133328699324552,-4.78716143460301,1.99859239485199e-06,4.04737220504657e-06
"ENSG00000169313","P2RY12",-0.264388780155152,-4.7855144545411,2.01461238636229e-06,4.07816272542973e-06
"ENSG00000177822","AC108142.1",-0.266897517777049,-4.7800541168123,2.06861321852402e-06,4.18578150247676e-06
"ENSG00000114279","FGF12",-0.246968054893307,-4.77943868961517,2.07478619751723e-06,4.19657402410442e-06
"ENSG00000270550","IGHV3-30",0.244836227964764,4.77768502336062,2.09247353357863e-06,4.23063795709387e-06
"ENSG00000279377","AC003973.3",-0.311821768950669,-4.77706041248102,2.09880827797763e-06,4.24173055371389e-06
"ENSG00000235688","AC116614.1",0.350554562994186,4.77630842657048,2.10645933029913e-06,4.25547339454369e-06
"ENSG00000138798","EGF",-0.274687076957422,-4.77136190049679,2.1574605278221e-06,4.35674581547273e-06
"ENSG00000204866","IGFL2",-0.226469899401301,-4.76869615048626,2.18543628333892e-06,4.41145798009472e-06
"ENSG00000157399","ARSE",0.192944478897283,4.76750869381421,2.19801011945155e-06,4.43489133450627e-06
"ENSG00000124256","ZBP1",0.282867371015289,4.767432516443,2.19881912364821e-06,4.43489133450627e-06
"ENSG00000242076","IGKV1-33",0.248500386326889,4.76483038280717,2.22662646169381e-06,4.48902450170094e-06
"ENSG00000262528","LA16c-349E10.1",-0.442885075518478,-4.76475342794288,2.22745395774401e-06,4.48902450170094e-06
"ENSG00000170382","LRRN2",-0.278015207551812,-4.76318995170665,2.24433022901137e-06,4.52121319301243e-06
"ENSG00000211955","IGHV3-33",0.289616234935437,4.75901868487651,2.28995917026204e-06,4.61127501059613e-06
"ENSG00000102230","PCYT1B",0.287528755498458,4.75825348836775,2.29842585338713e-06,4.62646105754253e-06
"ENSG00000261804","RP11-44F14.2",-0.267636074982963,-4.75747306148607,2.3070920689108e-06,4.64133265842491e-06
"ENSG00000267532","MIR497HG",-0.218638881491325,-4.75742106313495,2.30767059776886e-06,4.64133265842491e-06
"ENSG00000109339","MAPK10",-0.257128892308313,-4.75408541567174,2.34507571740963e-06,4.71466770689511e-06
"ENSG00000141485","SLC13A5",0.294020406561962,4.75373424648025,2.34904739945949e-06,4.72075442013563e-06
"ENSG00000146216","TTBK1",-0.221136982303757,-4.75023607351447,2.3889661791005e-06,4.79904817014966e-06
"ENSG00000235576","AC092580.4",0.333510396834548,4.74671334728962,2.42982406500304e-06,4.87916478916273e-06
"ENSG00000137857","DUOX1",0.235965323924623,4.74548473840855,2.44423135328381e-06,4.9061247556881e-06
"ENSG00000230084","RP4-613B23.1",0.352413696448019,4.74214033938978,2.48386687066358e-06,4.98368152219819e-06
"ENSG00000006611","USH1C",0.272659639423477,4.7399452467665,2.51021679451975e-06,5.03453027380615e-06
"ENSG00000203930","LINC00632",0.284166195467563,4.73792198502758,2.53474196702007e-06,5.08167996595844e-06
"ENSG00000279232","DKFZp434P228",-0.336032685998112,-4.73687521775635,2.5475207397038e-06,5.10525198337435e-06
"ENSG00000186212","SOWAHB",-0.16051967008424,-4.73238527081701,2.60303950090655e-06,5.21442207713652e-06
"ENSG00000233175","CTD-2020K17.3",0.28850646755483,4.73027108510339,2.62958279722817e-06,5.26548417546689e-06
"ENSG00000163075","CFAP221",-0.282460797285916,-4.73014007778368,2.63123610945433e-06,5.26668556736255e-06
"ENSG00000258232","RP11-161H23.5",0.20619475366445,4.72900841077291,2.64555941189532e-06,5.29323611823794e-06
"ENSG00000163884","KLF15",0.222257138924391,4.72728131748943,2.6675635184764e-06,5.3351270369528e-06
"ENSG00000112936","C7",-0.334802779563657,-4.72603905787383,2.6834992672444e-06,5.36485259345142e-06
"ENSG00000113578","FGF1",-0.167156396104385,-4.72531460759652,2.69283474934082e-06,5.38136440715592e-06
"ENSG00000253304","TMEM200B",-0.247940046983152,-4.72324543299722,2.71967101567322e-06,5.43282264417344e-06
"ENSG00000079215","SLC1A3",0.185941406407918,4.717618757813,2.793953008625e-06,5.57897964981031e-06
"ENSG00000091986","CCDC80",-0.208771918964227,-4.71477633957867,2.83221558337334e-06,5.65312491691286e-06
"ENSG00000186340","THBS2",-0.222394430374983,-4.71370783569323,2.84672886183136e-06,5.6798261409245e-06
"ENSG00000235776","AC000089.3",-0.180372021043142,-4.71201176163936,2.8699132085731e-06,5.72372004129737e-06
"ENSG00000273297","RP11-38M8.1",0.245803256167775,4.71193127063433,2.87101797271476e-06,5.72372004129737e-06
"ENSG00000146250","PRSS35",-0.265196151929936,-4.71159241766922,2.87567331969798e-06,5.73071606157429e-06
"ENSG00000211973","IGHV1-69",0.353920464177896,4.70868384622814,2.91593240427485e-06,5.8086302874001e-06
"ENSG00000138356","AOX1",-0.225555941069367,-4.70568265170874,2.95804118506111e-06,5.89016564130049e-06
"ENSG00000101307","SIRPB1",0.284980243756011,4.69849586750758,3.06126537630642e-06,6.09328299424049e-06
"ENSG00000244482","LILRA6",0.263571624119114,4.69382963936846,3.13013076028289e-06,6.22787656244108e-06
"ENSG00000211899","IGHM",0.316355177514543,4.69373028779305,3.13161307954269e-06,6.22834741356938e-06
"ENSG00000272636","DOC2B",-0.269845089442348,-4.69121471191937,3.16937086948085e-06,6.30093612222834e-06
"ENSG00000111664","GNB3",0.214478796440117,4.68756386165984,3.2249477125114e-06,6.4088786019702e-06
"ENSG00000237361","TUSC8",-0.286693801393782,-4.68105235251583,3.32640493804488e-06,6.60787631713326e-06
"ENSG00000143847","PPFIA4",0.279721844454593,4.67873870682439,3.36318729372868e-06,6.67829089302757e-06
"ENSG00000182771","GRID1",-0.162183685846716,-4.67852999815299,3.36652449236921e-06,6.68226378001034e-06
"ENSG00000108602","ALDH3A1",0.296673042806114,4.67439097965446,3.433367216732e-06,6.81223654113492e-06
"ENSG00000105997","HOXA3",0.189425941172161,4.67395311619774,3.44051256659438e-06,6.82370600276552e-06
"ENSG00000134709","HOOK1",-0.135069093267348,-4.67241830515871,3.46567160763805e-06,6.87087947588828e-06
"ENSG00000187134","AKR1C1",0.313356800743725,4.66549143714656,3.58143409526768e-06,7.09757054155307e-06
"ENSG00000133134","BEX2",0.27459700980949,4.66502914065572,3.589290834135e-06,7.1103225715828e-06
"ENSG00000128242","GAL3ST1",0.303673169287916,4.66428999057997,3.60188711063971e-06,7.13244972403903e-06
"ENSG00000060140","STYK1",0.223914093860235,4.66407291621579,3.6055944565815e-06,7.13696448254453e-06
"ENSG00000211964","IGHV3-48",0.329510663791547,4.66201049991531,3.64100113935299e-06,7.20419695162839e-06
"ENSG00000158445","KCNB1",0.250118495941066,4.65751119348282,3.71940586545184e-06,7.35533326671596e-06
"ENSG00000133433","GSTT2B",-0.26452103936458,-4.65745884468494,3.72032756630493e-06,7.35533326671596e-06
"ENSG00000276043","UHRF1",0.179061506095865,4.65401446275525,3.78145690707949e-06,7.47323499422824e-06
"ENSG00000270933","CTD-2227E11.1",0.220247309401722,4.64925985828235,3.86742619432109e-06,7.64011496309975e-06
"ENSG00000241186","TDGF1",0.283150373111992,4.64817866784,3.88723577326018e-06,7.67621598195139e-06
"ENSG00000078328","RBFOX1",-0.274334298869715,-4.64802384314989,3.89008043501378e-06,7.6788007007773e-06
"ENSG00000077327","SPAG6",-0.427479176712129,-4.64777958650128,3.89457233398855e-06,7.68463365033257e-06
"ENSG00000134824","FADS2",0.412475361102033,4.63936645266614,4.05236668928353e-06,7.99283370667363e-06
"ENSG00000198932","GPRASP1",-0.210016326550769,-4.63380339585457,4.16005770775367e-06,8.20200652159636e-06
"ENSG00000114251","WNT5A",-0.228182194464091,-4.63339915869119,4.16798919377326e-06,8.2144051907238e-06
"ENSG00000164171","ITGA2",-0.227380689092467,-4.63258837353551,4.18394128715022e-06,8.24259512834953e-06
"ENSG00000280308","FKSG61",0.41822573841765,4.63134128760937,4.20859200044281e-06,8.28789287208115e-06
"ENSG00000170276","HSPB2",0.167075755107793,4.63048778113846,4.22554326310496e-06,8.31776356146237e-06
"ENSG00000099954","CECR2",-0.399705130699493,-4.63041019420538,4.22708744193518e-06,8.31776356146237e-06
"ENSG00000173406","DAB1",-0.282837971571482,-4.63006129807878,4.23403806657663e-06,8.32816299483995e-06
"ENSG00000179178","TMEM125",-0.0925732451706128,-4.62890102099017,4.25723182343916e-06,8.37049119826811e-06
"ENSG00000151834","GABRA2",-0.326454048252751,-4.62649500756437,4.30571693768014e-06,8.46249398128958e-06
"ENSG00000211637","IGLV4-69",0.270074876688067,4.62463569080979,4.34354783256619e-06,8.53349279482551e-06
"ENSG00000019102","VSIG2",-0.372960798063826,-4.6243836497292,4.34870051801093e-06,8.54026024746844e-06
"ENSG00000211663","IGLV3-19",0.239873950435153,4.6218775623461,4.40025476674834e-06,8.63811300892882e-06
"ENSG00000275894","RP3-453C12.14",-0.249696769564393,-4.62122947257739,4.41368218217887e-06,8.66107178606529e-06
"ENSG00000170323","FABP4",-0.324826782319379,-4.61958152199806,4.44800253333229e-06,8.72499516149919e-06
"ENSG00000008118","CAMK1G",0.184824598120596,4.61828577798064,4.47516752652316e-06,8.7748382873003e-06
"ENSG00000114948","ADAM23",-0.205037804701689,-4.61782246112575,4.48491945429428e-06,8.79051245451642e-06
"ENSG00000117122","MFAP2",0.157701457280561,4.61661212248329,4.51049107753458e-06,8.83716903905677e-06
"ENSG00000141527","CARD14",-0.207657902952014,-4.61625180036757,4.51813083088805e-06,8.84866986072866e-06
"ENSG00000242265","PEG10",0.409680204339609,4.61448553947384,4.5557600837964e-06,8.91887252113625e-06
"ENSG00000125355","TMEM255A",-0.228512571451152,-4.6135486162603,4.57584263527558e-06,8.95468226081326e-06
"ENSG00000158477","CD1A",0.304262402798993,4.60693968681413,4.71993478901931e-06,9.23304927429443e-06
"ENSG00000162745","OLFML2B",-0.17731624547948,-4.60631511236439,4.73377513002016e-06,9.25650201411842e-06
"ENSG00000136574","GATA4",-0.366555570664601,-4.60575326939792,4.74625862958778e-06,9.27728426424508e-06
"ENSG00000135097","MSI1",0.269549502135755,4.60441909292094,4.77602918003115e-06,9.33182723726289e-06
"ENSG00000203722","RAET1G",0.2597675400376,4.60287759437459,4.81064898640137e-06,9.39579880156518e-06
"ENSG00000183036","PCP4",0.300719070115073,4.60009815402108,4.87368053888336e-06,9.51519043124436e-06
"ENSG00000186891","TNFRSF18",-0.232837723233352,-4.5966586688072,4.95277788792999e-06,9.66273310458462e-06
"ENSG00000275688","CCL15-CCL14",-0.317682162703015,-4.59664403701249,4.95311698941008e-06,9.66273310458462e-06
"ENSG00000250056","LINC01018",0.300439496863067,4.59518643315242,4.9870097841188e-06,9.72505808135491e-06
"ENSG00000100079","LGALS2",0.231637106157582,4.59396342015875,5.01561933669059e-06,9.77703574403624e-06
"ENSG00000171462","DLK2",0.217583669441432,4.59016498403711,5.10548233722684e-06,9.94832879428458e-06
"ENSG00000169213","RAB3B",-0.236162388206769,-4.58388529255888,5.25744360255048e-06,1.02404433240173e-05
"ENSG00000178031","ADAMTSL1",-0.160470426715415,-4.5836045340009,5.26433796757528e-06,1.02498792203568e-05
"ENSG00000171714","ANO5",-0.366847934590492,-4.58270251346906,5.28654690536003e-06,1.02891142572208e-05
"ENSG00000254419","RP11-261P9.4",-0.365907340418398,-4.5780006590298,5.40377556336821e-06,1.05131820298992e-05
"ENSG00000125735","TNFSF14",0.252073379965774,4.57773317587156,5.41051898072493e-06,1.05222072748443e-05
"ENSG00000087085","ACHE",0.294190935658025,4.57606194573204,5.45283483800339e-06,1.06003787675027e-05
"ENSG00000250486","FAM218A",0.26089341407893,4.57328588844745,5.52382751585562e-06,1.0734215926653e-05
"ENSG00000160255","ITGB2",0.226816027204361,4.57277183455734,5.53707042297983e-06,1.07557700524084e-05
"ENSG00000239951","IGKV3-20",0.238754130991504,4.57126946550218,5.57594877263369e-06,1.08270849954052e-05
"ENSG00000226781","TBCAP1",-0.13783275528986,-4.56908457540673,5.63295693417241e-06,1.09335344219185e-05
"ENSG00000196167","COLCA1",0.292871830240979,4.56879122556673,5.6406534463276e-06,1.0944224769747e-05
"ENSG00000138152","BTBD16",0.294725205968919,4.56500952177872,5.74078000503955e-06,1.11341737878967e-05
"ENSG00000167676","PLIN4",-0.339055840353251,-4.56305610921116,5.79316498027178e-06,1.12314171777274e-05
"ENSG00000224864","CTC-260E6.2",0.427679606572093,4.56123223641011,5.84248959639457e-06,1.13226542565786e-05
"ENSG00000211893","IGHG2",0.231182068312793,4.56076117888172,5.85529410562705e-06,1.13430726571621e-05
"ENSG00000116194","ANGPTL1",-0.21770820051695,-4.55829651504565,5.92272965670919e-06,1.14692673445182e-05
"ENSG00000240671","IGKV1-8",0.257875831138038,4.55808891961422,5.92844354207899e-06,1.14758876153291e-05
"ENSG00000144407","PTH2R",0.219343958159769,4.55702946662923,5.95768648067027e-06,1.1528031115848e-05
"ENSG00000163586","FABP1",0.179499372990682,4.55537971011009,6.00349844945806e-06,1.16121826875398e-05
"ENSG00000211952","IGHV4-28",0.343818064814436,4.55139784191238,6.11546613099991e-06,1.18241804543695e-05
"ENSG00000179639","FCER1A",-0.26364849633744,-4.54850186376738,6.19815379372074e-06,1.19794236446091e-05
"ENSG00000204421","LY6G6C",-0.315645253346235,-4.54636603697858,6.25982274033729e-06,1.20939388337274e-05
"ENSG00000196747","HIST1H2AI",-0.243240676383493,-4.54455554696697,6.31255824840829e-06,1.21911128783474e-05
"ENSG00000229847","EMX2OS",-0.160118700129967,-4.53550980415452,6.58248291845496e-06,1.27074959815733e-05
"ENSG00000177508","IRX3",-0.122267789897818,-4.5347905346109,6.60441425399264e-06,1.27449136510858e-05
"ENSG00000127325","BEST3",-0.293159316474632,-4.53017688687591,6.74676371335635e-06,1.30145904964436e-05
"ENSG00000070182","SPTB",0.206069952634439,4.52551112683462,6.89370880413987e-06,1.32929209489778e-05
"ENSG00000053438","NNAT",-0.242521793765046,-4.52274777784954,6.98217954285835e-06,1.34583260270978e-05
"ENSG00000146197","SCUBE3",0.328449412734531,4.52193662912209,7.00835495592462e-06,1.35008405187109e-05
"ENSG00000273259","SERPINA3",-0.189309136964217,-4.52189699316403,7.00963639731471e-06,1.35008405187109e-05
"ENSG00000136531","SCN2A",0.25972409411298,4.52154571174703,7.02100323790575e-06,1.35175264495683e-05
"ENSG00000160539","PPAPDC3",-0.188624769557364,-4.51549398412884,7.21962143457234e-06,1.38945755091846e-05
"ENSG00000258498","DIO3OS",-0.226959437127486,-4.51428653541859,7.25988902979971e-06,1.39666968637932e-05
"ENSG00000117069","ST6GALNAC5",0.228431135501402,4.51325969117737,7.29430280505847e-06,1.40275053943432e-05
"ENSG00000205038","PKHD1L1",0.315325988381432,4.51083458852089,7.37619945247348e-06,1.41795452758045e-05
"ENSG00000102934","PLLP",-0.212903982130305,-4.50980703979011,7.41116520728601e-06,1.42412859478978e-05
"ENSG00000167768","KRT1",-0.295470611830971,-4.50929936157645,7.42849919228789e-06,1.42691110109256e-05
"ENSG00000211950","IGHV1-24",0.277853806321272,4.50698575363654,7.50798719104665e-06,1.44162580473246e-05
"ENSG00000183578","TNFAIP8L3",-0.209983867128559,-4.50474211277212,7.58584908997916e-06,1.45601709980406e-05
"ENSG00000220563","PKMP3",-0.20751370794969,-4.50394310908824,7.6137635170575e-06,1.46081418209085e-05
"ENSG00000249550","LINC01234",0.314955043594246,4.49783108453768,7.83057535006363e-06,1.5018364691338e-05
"ENSG00000282221","RP11-27G14.4",0.233308537278711,4.49373199223779,7.97928182680545e-06,1.52977028888141e-05
"ENSG00000164116","GUCY1A3",0.243474490891214,4.49244932823628,8.0263671052152e-06,1.53820757094964e-05
"ENSG00000130600","H19",-0.16118351364723,-4.49006597869369,8.11456487990575e-06,1.55451434480953e-05
"ENSG00000211941","IGHV3-11",0.253372057209252,4.48954748845805,8.1338745662417e-06,1.55761673041779e-05
"ENSG00000144619","CNTN4",-0.246483733344488,-4.48889002892512,8.15842304582227e-06,1.56171957232432e-05
"ENSG00000163737","PF4",0.292894200356954,4.48278553868905,8.38976785166495e-06,1.60538994482682e-05
"ENSG00000267583","RP11-322E11.5",-0.207481713841541,-4.47887553157575,8.54123331204773e-06,1.63374776435496e-05
"ENSG00000140945","CDH13",-0.145988588995742,-4.4784367903326,8.55839168229668e-06,1.63640376334545e-05
"ENSG00000211668","IGLV2-11",0.226445177926863,4.47496878044497,8.69518543021062e-06,1.66192382075891e-05
"ENSG00000177519","RPRM",0.296164507528333,4.46891237016566,8.93911161841947e-06,1.70789293435603e-05
"ENSG00000006118","TMEM132A",0.19305209545781,4.46837793996457,8.96094790107534e-06,1.71141098187077e-05
"ENSG00000177455","CD19",0.324369159450207,4.46734250330061,9.00340018959371e-06,1.71886219732602e-05
"ENSG00000223350","IGLV9-49",0.337933160972224,4.46211130140218,9.22083616357187e-06,1.75970155793356e-05
"ENSG00000167642","SPINT2",-0.103152233133407,-4.45969644708605,9.32289731287242e-06,1.7785000596857e-05
"ENSG00000189143","CLDN4",0.0829966081743153,4.45748916333306,9.41713078717918e-06,1.79579153073592e-05
"ENSG00000145777","TSLP",0.372179922309745,4.45606320169428,9.47849195835339e-06,1.80680365199264e-05
"ENSG00000151790","TDO2",0.156916809586702,4.45572253527196,9.49320784830778e-06,1.80891917841231e-05
"ENSG00000134817","APLNR",-0.150113201813465,-4.45508372569751,9.52086169851618e-06,1.81349746638403e-05
"ENSG00000172935","MRGPRF",-0.169686472449899,-4.454961416172,9.52616522244893e-06,1.8138166836346e-05
"ENSG00000062524","LTK",0.334547984174003,4.45363432517865,9.58389193448373e-06,1.82411342491125e-05
"ENSG00000181092","ADIPOQ",-0.360777493340345,-4.45350605738935,9.58948912231692e-06,1.82448423179546e-05
"ENSG00000224945","RP11-82L18.2",0.250513244989264,4.4517876958763,9.66477513707182e-06,1.83810862249369e-05
"ENSG00000214402","LCNL1",0.272308191388931,4.45158041996699,9.67389458505203e-06,1.83914345723423e-05
"ENSG00000049089","COL9A2",0.277647625637186,4.45116956239167,9.69199529019778e-06,1.84188431968791e-05
"ENSG00000169884","WNT10B",0.275588212926581,4.44680149167995,9.88644938388385e-06,1.87812488295666e-05
"ENSG00000196136","SERPINA3",-0.20607906977932,-4.44533679659054,9.95248514230381e-06,1.88969880817601e-05
"ENSG00000100884","CPNE6",0.248799672706445,4.44528267410458,9.95493332147123e-06,1.88969880817601e-05
"ENSG00000151224","MAT1A",0.299610672972339,4.44496504227655,9.96931271330319e-06,1.89171019227765e-05
"ENSG00000073067","CYP2W1",0.281581546718899,4.44160291862789,1.01227417288856e-05,1.92009516860501e-05
"ENSG00000142549","IGLON5",0.255011933566727,4.44112905505917,1.01445470873968e-05,1.9235015334465e-05
"ENSG00000005249","PRKAR2B",-0.259907373135639,-4.42947266757615,1.06952967951016e-05,2.0271601203756e-05
"ENSG00000240694","PNMA2",-0.208857942627002,-4.42812211406172,1.07609272089431e-05,2.03882667846592e-05
"ENSG00000272851","RP11-801F7.1",0.390706819621913,4.42686381316994,1.08224211074035e-05,2.04970096731126e-05
"ENSG00000100427","MLC1",0.291992882223612,4.42411944211691,1.09577082120661e-05,2.07453771527189e-05
"ENSG00000165072","MAMDC2",-0.220765333064981,-4.42340292212058,1.09932953413232e-05,2.08048738480758e-05
"ENSG00000257671","RP3-416H24.1",0.180135605973031,4.42174477976868,1.10760740631971e-05,2.09536020870168e-05
"ENSG00000100625","SIX4",-0.168925713892149,-4.42066614829809,1.11302417890801e-05,2.1048112309153e-05
"ENSG00000003096","KLHL13",0.306279888910812,4.41471084969985,1.14339012173385e-05,2.16141799949689e-05
"ENSG00000181234","TMEM132C",-0.324470201791756,-4.41297827620169,1.15237221290687e-05,2.17757409846347e-05
"ENSG00000037965","HOXC8",-0.0906034699950575,-4.41065331487117,1.16453146267479e-05,2.19971942326179e-05
"ENSG00000115361","ACADL",0.300209136268676,4.40757128370124,1.18083930737388e-05,2.22968147162742e-05
"ENSG00000255986","MT1JP",0.312393101118533,4.40503008695927,1.19444947712617e-05,2.2545290243982e-05
"ENSG00000163485","ADORA1",0.220806252552578,4.40324315711505,1.20410961283227e-05,2.2719049298722e-05
"ENSG00000196482","ESRRG",-0.250225182424454,-4.40213675218125,1.21012822782891e-05,2.28239952438496e-05
"ENSG00000243888","RP11-548B3.3",0.3553688446245,4.40167537144454,1.21264653240448e-05,2.28628682580031e-05
"ENSG00000159403","C1R",0.180019750861801,4.399413188341,1.22506664143637e-05,2.30883272038517e-05
"ENSG00000205307","SAP25",0.37221373861051,4.39727394299493,1.23692359319662e-05,2.33030066540433e-05
"ENSG00000211962","IGHV1-46",0.268394770999394,4.39638340337072,1.2418917576157e-05,2.33829077791529e-05
"ENSG00000149243","KLHL35",-0.25306346563081,-4.39634613954348,1.2421000612286e-05,2.33829077791529e-05
"ENSG00000173702","MUC13",0.292039688192518,4.39155584713175,1.2691575715183e-05,2.38832813609014e-05
"ENSG00000125775","SDCBP2",0.245837514423119,4.39116551905496,1.27138695448006e-05,2.39162331542525e-05
"ENSG00000112799","LY86",-0.15062748008161,-4.38998528849792,1.27815070805781e-05,2.40344247472323e-05
"ENSG00000124882","EREG",0.331838468710737,4.38971249697498,1.27971892849314e-05,2.40548670769387e-05
"ENSG00000129009","ISLR",-0.154941418934352,-4.38785475642832,1.29044769671539e-05,2.42474200810858e-05
"ENSG00000101825","MXRA5",-0.153372373246205,-4.38773817182692,1.29112385172365e-05,2.42510114899259e-05
"ENSG00000258484","SPESP1",-0.34162670577624,-4.38713997258926,1.29459855393098e-05,2.43071452108708e-05
"ENSG00000112319","EYA4",-0.31999652806775,-4.38701025315359,1.2953532210387e-05,2.43121850795552e-05
"ENSG00000115414","FN1",-0.169987056707905,-4.38673695534189,1.29694455859271e-05,2.43329185477057e-05
"ENSG00000132321","IQCA1",-0.212025129916807,-4.385898670507,1.30183732302049e-05,2.4415553695058e-05
"ENSG00000047617","ANO2",-0.270205201768034,-4.38424232217525,1.31155674266122e-05,2.45886153479794e-05
"ENSG00000144339","TMEFF2",0.201676330747425,4.3808611111314,1.33161334690729e-05,2.49552726182026e-05
"ENSG00000188662","HILS1",0.32407391091176,4.37728226881347,1.35316144167514e-05,2.53495961347909e-05
"ENSG00000101850","GPR143",-0.192322159010175,-4.37687823095159,1.3556149683196e-05,2.53860480958727e-05
"ENSG00000085276","MECOM",-0.159422795626696,-4.3761884320137,1.35981361138343e-05,2.54551406099482e-05
"ENSG00000196368","NUDT11",0.203980506935941,4.37502487711833,1.3669240686262e-05,2.55786689488435e-05
"ENSG00000251301","RP11-81H14.2",0.247052736697293,4.37415055730961,1.37229038110521e-05,2.56694796315977e-05
"ENSG00000188536","HBA2",-0.2684649234902,-4.37299221228703,1.37943096403795e-05,2.57933987292062e-05
"ENSG00000269227","RP11-345P4.6",-0.307852508783582,-4.37231619931552,1.3836146169872e-05,2.58619554577047e-05
"ENSG00000140538","NTRK3",0.262347042302316,4.37168630644529,1.38752375516139e-05,2.59253317481576e-05
"ENSG00000138759","FRAS1",0.250676400212713,4.36343827212521,1.43969517905483e-05,2.68900855258654e-05
"ENSG00000106366","SERPINE1",-0.19136690933483,-4.357929804557,1.47557611130399e-05,2.75499647368184e-05
"ENSG00000172543","CTSW",0.276921048294027,4.35721163278393,1.48031659159127e-05,2.76281558714309e-05
"ENSG00000093134","VNN3",0.383812532800171,4.35631957963755,1.48622508064931e-05,2.77280798628603e-05
"ENSG00000172824","CES4A",-0.283003351785328,-4.35523389153535,1.49344650044274e-05,2.78524151518602e-05
"ENSG00000167757","KLK11",0.334754475534813,4.35513990687188,1.49407321027079e-05,2.78537138380088e-05
"ENSG00000169385","RNASE2",0.157784311799643,4.34748082245598,1.54599867545516e-05,2.88110077423624e-05
"ENSG00000230596","GPAA1P2",-0.238434803734309,-4.34660359256451,1.55205476848006e-05,2.89130918122217e-05
"ENSG00000170579","DLGAP1",0.326728998652218,4.3459173808538,1.55680792455606e-05,2.89908365839118e-05
"ENSG00000114455","HHLA2",0.24911846443146,4.34469406803603,1.56531590010493e-05,2.91384195849764e-05
"ENSG00000069188","SDK2",0.334195863839187,4.33944614586513,1.60232094738849e-05,2.98161694713153e-05
"ENSG00000178934","LGALS7B",0.300604078098612,4.33292358468263,1.64947907905507e-05,3.06822745359946e-05
"ENSG00000253549","CA3-AS1",0.295871902655699,4.33088045861734,1.66452144473933e-05,3.09505660977934e-05
"ENSG00000005108","THSD7A",-0.192706312745658,-4.3303959409841,1.66810783447757e-05,3.1005721830438e-05
"ENSG00000104313","EYA1",-0.277468720083474,-4.32373025767663,1.7182021556668e-05,3.19249750216797e-05
"ENSG00000168484","SFTPC",0.219632905379223,4.32183460602678,1.73270871106081e-05,3.21825540687373e-05
"ENSG00000138271","GPR87",0.207580206792154,4.31985701749948,1.74796686071906e-05,3.2443283692657e-05
"ENSG00000128594","LRRC4",-0.185226602344928,-4.31984704532676,1.74804412536036e-05,3.2443283692657e-05
"ENSG00000085741","WNT11",0.310784046237509,4.31953126253669,1.75049250506028e-05,3.24766698526953e-05
"ENSG00000184811","TUSC5",-0.387337924078879,-4.31903126794334,1.75437584221971e-05,3.25366439580808e-05
"ENSG00000272734","ADIRF-AS1",-0.192168247982141,-4.3186847444211,1.75707202959983e-05,3.25745648794926e-05
"ENSG00000143196","DPT",-0.1701710188626,-4.3110946578053,1.81712971842383e-05,3.3675495152406e-05
"ENSG00000198467","TPM2",0.176855035558784,4.30588493732303,1.85948089430432e-05,3.44475897425773e-05
"ENSG00000211943","IGHV3-15",0.229443944561362,4.30211388673911,1.89072266506046e-05,3.50004315927526e-05
"ENSG00000243742","RPLP0P2",-0.141406422027731,-4.30211380895124,1.8907233146405e-05,3.50004315927526e-05
"ENSG00000228203","RNF144A-AS1",0.232737524313981,4.30050304015796,1.9042200515888e-05,3.52372326348779e-05
"ENSG00000260997","RP4-647J21.1",0.198575358465122,4.29866671330707,1.91971889149041e-05,3.55108932943101e-05
"ENSG00000244116","IGKV2-28",0.216048937555608,4.29529262832141,1.94851089153855e-05,3.60301570180945e-05
"ENSG00000230267","HERC2P4",-0.319760994231838,-4.29061922274196,1.98907157863015e-05,3.67665726179326e-05
"ENSG00000274276","CBS",0.397841165934891,4.28588808453706,2.03095305925533e-05,3.75268488406381e-05
"ENSG00000232216","IGHV3-43",0.278316882779647,4.2852069542109,2.037051463144e-05,3.76256273207241e-05
"ENSG00000117215","PLA2G2D",0.267725910240958,4.282454998468,2.0618690255579e-05,3.80699598515122e-05
"ENSG00000237513","RP11-325F22.2",0.288883855165398,4.28058029092211,2.07894029031499e-05,3.83709909618862e-05
"ENSG00000159217","IGF2BP1",0.256325138364864,4.27727945962274,2.10932611166319e-05,3.89174559347452e-05
"ENSG00000229422","RP11-262H14.5",-0.25952451100397,-4.276279796185,2.11861177169016e-05,3.90743594926256e-05
"ENSG00000181291","TMEM132E",0.244831802404258,4.27465337840503,2.13380258074587e-05,3.93400180815978e-05
"ENSG00000169783","LINGO1",-0.233101153897999,-4.27162747616012,2.16234145274906e-05,3.9851482726669e-05
"ENSG00000196338","NLGN3",-0.162997687447291,-4.26633604143403,2.21312463397694e-05,4.07723771919112e-05
"ENSG00000103522","IL21R",0.240145345571871,4.26619655161403,2.21447861470482e-05,4.07822949301071e-05
"ENSG00000147676","MAL2",-0.0892166752468036,-4.26593490868055,2.21702042507982e-05,4.08140726266536e-05
"ENSG00000234456","MAGI2-AS3",-0.157088356506219,-4.26398367064664,2.23606424665263e-05,4.11495076675125e-05
"ENSG00000174939","ASPHD1",0.233210822705412,4.26058283705473,2.26962930995573e-05,4.17518268939611e-05
"ENSG00000083067","TRPM3",0.28002919290368,4.2565380665039,2.31017530160074e-05,4.24820761603667e-05
"ENSG00000230043","TMSB4XP6",0.365845787985351,4.25617734922585,2.31382458588774e-05,4.253354018176e-05
"ENSG00000233251","AC007743.1",-0.278801250814204,-4.24477879478874,2.43201269649855e-05,4.46896857129465e-05
"ENSG00000205106","DKFZp779M0652",-0.330127760715376,-4.24298476525753,2.45113064752725e-05,4.5024442460089e-05
"ENSG00000229754","CXCR2P1",0.315231140057324,4.23826478185971,2.50211532026792e-05,4.59440932843907e-05
"ENSG00000114631","PODXL2",0.219434291042122,4.23711159795103,2.51472461985602e-05,4.61586751074893e-05
"ENSG00000267530","AC006273.5",-0.304470187718458,-4.23651324638982,2.52129103412801e-05,4.62622208096882e-05
"ENSG00000211653","IGLV1-40",0.21023074442134,4.23298446275186,2.56035007383571e-05,4.69616667981605e-05
"ENSG00000211448","DIO2",-0.200611728230627,-4.229349559143,2.60118619262299e-05,4.76931828497065e-05
"ENSG00000184451","CCR10",-0.255836714304945,-4.22850439980201,2.61076961345692e-05,4.78513492202515e-05
"ENSG00000171885","AQP4",0.203285826892917,4.22799243628143,2.61659121487961e-05,4.7940476637589e-05
"ENSG00000174175","SELP",-0.282443338755201,-4.22599494722431,2.63942339359643e-05,4.83410877948064e-05
"ENSG00000250208","FZD10-AS1",-0.194326598384944,-4.22107094116036,2.69652037971731e-05,4.9368736355132e-05
"ENSG00000152292","SH2D6",-0.300877227288621,-4.2181624208927,2.73079726442318e-05,4.99779880018884e-05
"ENSG00000132386","SERPINF1",-0.190178888056659,-4.21508912155953,2.76746686534609e-05,5.06305683378355e-05
"ENSG00000260570","RP11-24N18.1",0.261059126909128,4.21463966443369,2.77286879202178e-05,5.0700491544076e-05
"ENSG00000168685","IL7R",0.274455830673235,4.21460241896575,2.77331688746096e-05,5.0700491544076e-05
"ENSG00000177791","MYOZ1",0.218112131495881,4.21268438527535,2.79648596161414e-05,5.11053721055216e-05
"ENSG00000196668","LINC00173",-0.331648495968374,-4.20862072981808,2.84618379372399e-05,5.199458885137e-05
"ENSG00000168702","LRP1B",-0.332501757107173,-4.20754555424736,2.8594730619209e-05,5.22182808970215e-05
"ENSG00000162438","CTRC",0.314762931009314,4.20563829707268,2.88319244418967e-05,5.26322096420166e-05
"ENSG00000244649","CTD-2377D24.6",0.219840924918458,4.20367360137745,2.90782200602028e-05,5.30624453653335e-05
"ENSG00000099985","OSM",0.227182141521431,4.20331587265871,2.91232802522159e-05,5.31252832036043e-05
"ENSG00000274944","RP5-864K19.6",0.392580396411729,4.20301204112211,2.9161603664124e-05,5.31757907806783e-05
"ENSG00000213144","RP11-64B16.2",-0.222700734278816,-4.20283434235784,2.91840397270076e-05,5.31973017262261e-05
"ENSG00000174946","GPR171",0.291405681357017,4.19996201336666,2.95489850934394e-05,5.38429028670544e-05
"ENSG00000104059","FAM189A1",-0.319799800881959,-4.19867214612126,2.97142799787794e-05,5.41243715460463e-05
"ENSG00000211937","IGHV2-5",0.245145823028763,4.19199567213272,3.05840292709467e-05,5.56883271503036e-05
"ENSG00000170627","GTSF1",0.209289373471464,4.19135782920162,3.06683781925169e-05,5.58215838960991e-05
"ENSG00000112782","CLIC5",-0.181306800681628,-4.18681897964385,3.12750263090391e-05,5.69050697034918e-05
"ENSG00000145536","ADAMTS16",-0.285575448579267,-4.18547812901233,3.14564147095786e-05,5.72142864852284e-05
"ENSG00000225342","AC079630.4",-0.259953828256768,-4.18150921343433,3.19992113566038e-05,5.81803842847343e-05
"ENSG00000136167","LCP1",0.198261401392223,4.18119468428492,3.20426060963758e-05,5.82381063183856e-05
"ENSG00000137558","PI15",0.300263377042271,4.17338721973796,3.31379059260347e-05,6.02069511737548e-05
"ENSG00000104921","FCER2",0.378094163405639,4.17070367675508,3.35225368303924e-05,6.08836484387802e-05
"ENSG00000143556","S100A7",0.389055671302623,4.16685217506722,3.40820016921498e-05,6.18772724984565e-05
"ENSG00000118785","SPP1",0.189958744891003,4.16660993500872,3.41174845521326e-05,6.19192097134894e-05
"ENSG00000146374","RSPO3",0.16511071383443,4.16333010446818,3.46013809606681e-05,6.27746388981642e-05
"ENSG00000165730","STOX1",-0.239785176251782,-4.16103821516965,3.49433875739407e-05,6.3372121098913e-05
"ENSG00000135218","CD36",-0.28582922607791,-4.15972547374559,3.51407271701702e-05,6.37069020488945e-05
"ENSG00000099994","SUSD2",-0.252412462493261,-4.15423975652861,3.59769059219778e-05,6.5199177096734e-05
"ENSG00000158402","CDC25C",0.13069677852934,4.1466067104769,3.71719387101585e-05,6.73404686778233e-05
"ENSG00000162739","SLAMF6",0.253347243648556,4.14569407765671,3.73173218501216e-05,6.75793586565042e-05
"ENSG00000163888","CAMK2N2",-0.174155644152121,-4.14439901956653,3.75245540753053e-05,6.79300399625368e-05
"ENSG00000276566","IGKV1D-13",0.34807289872152,4.14417986996648,3.7559729984358e-05,6.79691096351032e-05
"ENSG00000138115","CYP2C8",-0.311096612543554,-4.14138574056708,3.80109760399617e-05,6.87608104919713e-05
"ENSG00000187773","FAM69C",0.24048672862372,4.13986519558019,3.82587022330178e-05,6.91839100054572e-05
"ENSG00000271259","RP11-1109F11.5",-0.290271199554947,-4.1390632309212,3.83899754193404e-05,6.93961956242596e-05
"ENSG00000182985","CADM1",0.176870159964858,4.13649403287784,3.88134161867925e-05,7.01362778944571e-05
"ENSG00000139364","TMEM132B",-0.217993174869912,-4.13146569190685,3.9655044077724e-05,7.16312212386633e-05
"ENSG00000122254","HS3ST2",-0.203630269837291,-4.12792936829618,4.02573041149269e-05,7.26928568344654e-05
"ENSG00000162687","KCNT2",0.175224481628759,4.12577972940648,4.0627641079933e-05,7.3335092202045e-05
"ENSG00000150394","CDH8",-0.190211065733572,-4.12464649621983,4.08241744088564e-05,7.3663252271484e-05
"ENSG00000189134","NKAPL",-0.190568083914723,-4.12406636134851,4.09251349316521e-05,7.38187859517534e-05
"ENSG00000138755","CXCL9",0.219472753130337,4.12187291928192,4.13090076297342e-05,7.44843267755756e-05
"ENSG00000169258","GPRIN1",0.179721207685215,4.12087467970944,4.14848398191404e-05,7.47722779394972e-05
"ENSG00000253313","C1orf210",-0.0673362570469799,-4.12071331974404,4.15133288365303e-05,7.47722779394972e-05
"ENSG00000122641","INHBA",-0.174909170273713,-4.12071196155164,4.15135687120088e-05,7.47722779394972e-05
"ENSG00000232044","LINC01105",0.317379373939962,4.12021107558825,4.1602121961567e-05,7.49047928728249e-05
"ENSG00000257764","RP11-1143G9.4",0.37876825971827,4.11848962136956,4.19078343043348e-05,7.54280675024024e-05
"ENSG00000162409","PRKAA2",-0.277533403203068,-4.1144706406837,4.26298963995873e-05,7.67000654904413e-05
"ENSG00000166960","CCDC178",-0.240488116094372,-4.11089717046764,4.32818329786042e-05,7.78450233428133e-05
"ENSG00000213225","AC018804.7",-0.438883207683356,-4.11027638801776,4.33960488369468e-05,7.80223819434498e-05
"ENSG00000198723","C19orf45",-0.178470295748088,-4.10936874156995,4.35635595768878e-05,7.82953982330838e-05
"ENSG00000144847","IGSF11",0.22735786559859,4.10866857513262,4.36931984556205e-05,7.85001768875684e-05
"ENSG00000242534","IGKV2D-28",0.336888806636081,4.10785964466612,4.38434319067104e-05,7.87417958094654e-05
"ENSG00000260314","MRC1",0.257001874432418,4.10705934279298,4.39925458088962e-05,7.89812312547507e-05
"ENSG00000254706","RP11-565P22.6",-0.220877454979365,-4.10603567288123,4.41839806085354e-05,7.92964476104368e-05
"ENSG00000174807","CD248",-0.152520028688181,-4.10488653853052,4.43998212672256e-05,7.96552229408424e-05
"ENSG00000143603","KCNN3",0.180369453826152,4.10433283099966,4.45041808713742e-05,7.98138107449321e-05
"ENSG00000267280","TBX2-AS1",-0.278662949845529,-4.10228785710891,4.48916292569608e-05,8.04797942935834e-05
"ENSG00000211666","IGLV2-14",0.219804299438203,4.10042467199384,4.52474235663161e-05,8.10885726994912e-05
"ENSG00000168314","MOBP",0.209036022266024,4.10024345290239,4.52821718128064e-05,8.11217696395671e-05
"ENSG00000151136","BTBD11",-0.207439278571439,-4.0959517193065,4.61125479180825e-05,8.25797777902623e-05
"ENSG00000143851","PTPN7",0.214663451338733,4.08690752036241,4.79100491706916e-05,8.57680794319578e-05
"ENSG00000137078","SIT1",0.211966871952088,4.08377677364391,4.85476334904941e-05,8.68783705985936e-05
"ENSG00000105696","TMEM59L",-0.166359263745585,-4.08183401204492,4.89473247049907e-05,8.75622982200192e-05
"ENSG00000260911","RP11-196G11.2",-0.365857441260516,-4.07896319330458,4.95436735752233e-05,8.85974134034751e-05
"ENSG00000211670","IGLV3-9",0.296948506870849,4.07886348853947,4.95645084921905e-05,8.86029826460324e-05
"ENSG00000171759","PAH",-0.305375033740158,-4.07616400414068,5.01317817494643e-05,8.95850281441464e-05
"ENSG00000197249","SERPINA1",-0.21453583213972,-4.07570659434548,5.02285111930254e-05,8.97258149214459e-05
"ENSG00000126500","FLRT1",0.203205227913093,4.07028583396509,5.13884295151646e-05,9.1765052705651e-05
"ENSG00000172575","RASGRP1",0.292406155345793,4.06702463958487,5.20984547865351e-05,9.29997407828189e-05
"ENSG00000022267","FHL1",-0.189522795993923,-4.06361922033011,5.28498157867377e-05,9.43073086843999e-05
"ENSG00000230847","RP11-195E2.1",-0.341757429653102,-4.0616364420913,5.32920160065758e-05,9.5062461659964e-05
"ENSG00000138650","PCDH10",-0.30879309952686,-4.05968845754488,5.37298751025858e-05,9.58093350616723e-05
"ENSG00000198626","RYR2",0.207735057988958,4.05913240418209,5.38554873841112e-05,9.59990862461875e-05
"ENSG00000145358","DDIT4L",0.222707885243418,4.05676751647209,5.43928350731481e-05,9.69223718338349e-05
"ENSG00000168913","ENHO",0.232390290502097,4.05638260528942,5.44807743343783e-05,9.70444858111476e-05
"ENSG00000197921","HES5",-0.25066584386843,-4.05489255966166,5.48224735808478e-05,9.76183646382617e-05
"ENSG00000170166","HOXD4",-0.200464931497143,-4.05054429638151,5.58312894440441e-05,9.93792976932077e-05
"ENSG00000108231","LGI1",-0.310917158411286,-4.04761028382225,5.65219199646965e-05,0.000100572811325083
"ENSG00000139220","PPFIA2",-0.171140995010984,-4.03973384190333,5.84162531136939e-05,0.000103906533464415
"ENSG00000134198","TSPAN2",0.200712084922624,4.03873609773137,5.8660471037394e-05,0.000104303824746433
"ENSG00000235499","AC073046.25",0.192167609699952,4.03652403739732,5.92053760492684e-05,0.000105235293368767
"ENSG00000083307","GRHL2",-0.0565441951681508,-4.03410656903557,5.98063701715577e-05,0.000106265760788127
"ENSG00000118137","APOA1",-0.259615123258229,-4.03301255944081,6.00802441125274e-05,0.000106714465563992
"ENSG00000175793","SFN",0.114684486113967,4.0326044935376,6.01827034785754e-05,0.000106858493392357
"ENSG00000000971","CFH",-0.162954341126276,-4.03247165030086,6.02160942141655e-05,0.000106879826436218
"ENSG00000164418","GRIK2",-0.196207111283695,-4.02904415309056,6.10837114599329e-05,0.000108381319126921
"ENSG00000205456","TP53TG3D",-0.296571194200942,-4.0248569192282,6.21597382143763e-05,0.000110251398038979
"ENSG00000060718","COL11A1",-0.19677597988547,-4.02329953315624,6.25645195414853e-05,0.000110929999187031
"ENSG00000204539","CDSN",-0.34421333170778,-4.02067379147557,6.32526438252243e-05,0.000112110322270869
"ENSG00000133169","BEX1",-0.371102949075798,-4.01900923147083,6.36925832312088e-05,0.000112850076596755
"ENSG00000100344","PNPLA3",0.253559036953215,4.00894476805403,6.6415033350987e-05,0.000117632010894416
"ENSG00000227591","RP1-28O10.1",0.388107854372082,4.00728186856375,6.68753361270759e-05,0.000118405340168336
"ENSG00000244124","ATP1B3-AS1",0.333991348940054,4.00694257682178,6.69696253195547e-05,0.000118530310300097
"ENSG00000156298","TSPAN7",-0.192159385297529,-4.00247518874935,6.82229258254204e-05,0.000120705813562315
"ENSG00000213199","ASIC3",-0.249482854309659,-4.00228664620408,6.82763062792264e-05,0.000120757527908076
"ENSG00000173641","HSPB7",-0.161137497007292,-3.99939513726486,6.90999303856931e-05,0.000122171022605539
"ENSG00000105642","KCNN1",0.182097567999603,3.99888766161997,6.92454488684263e-05,0.000122385028045999
"ENSG00000129244","ATP1B2",-0.141977310928461,-3.9977985757935,6.95587250246598e-05,0.000122895273895159
"ENSG00000140090","SLC24A4",0.198129839901185,3.99407637121567,7.06395907738799e-05,0.000124760845591452
"ENSG00000162367","TAL1",-0.18003170100582,-3.99296805306601,7.09644907122401e-05,0.000125290414393079
"ENSG00000117834","SLC5A9",0.212322256427736,3.9915520352639,7.13816525727631e-05,0.000125982443651188
"ENSG00000106327","TFR2",0.249794349711714,3.9862875612769,7.29530482810404e-05,0.000128710388639803
"ENSG00000245812","RP11-175K6.1",-0.184666726998162,-3.98188716838482,7.42916171311755e-05,0.000131025779772796
"ENSG00000178919","FOXE1",0.207655078150334,3.97579668058917,7.61827347364632e-05,0.000134313707222255
"ENSG00000211976","IGHV3-73",0.264645521400471,3.97281645250787,7.71246365251671e-05,0.000135926395003819
"ENSG00000224114","RP11-343H5.4",-0.338437396249849,-3.9703800022324,7.79028615911694e-05,0.000137249579970348
"ENSG00000124253","PCK1",-0.286495731064762,-3.96886377807549,7.83909060012674e-05,0.000138060771400612
"ENSG00000196159","FAT4",-0.198388872371511,-3.96787257218207,7.87115205669415e-05,0.000138576620716446
"ENSG00000007171","NOS2",0.159525970077455,3.96437184372291,7.98538299304613e-05,0.000140538243453821
"ENSG00000133216","EPHB2",0.167495997609981,3.96015481481324,8.12507211685779e-05,0.000142946377847604
"ENSG00000279041","CTD-2373N4.3",-0.214695626825258,-3.95843250173829,8.18278660713686e-05,0.000143911125697096
"ENSG00000102010","BMX",-0.226152318754348,-3.9548668583914,8.30350683826969e-05,0.000145956947402525
"ENSG00000173404","INSM1",-0.316926068052484,-3.9548245211626,8.30495030720365e-05,0.000145956947402525
"ENSG00000064655","EYA2",0.190698685248088,3.95264496216145,8.37958316630276e-05,0.000147216851129704
"ENSG00000132698","RAB25",-0.0596828420235849,-3.95196894900312,8.40286004683616e-05,0.0001475739383006
"ENSG00000238018","AC093110.3",0.301730984743262,3.95096879317396,8.43741030127431e-05,0.000148128692086979
"ENSG00000170370","EMX2",-0.12044087190455,-3.95069802007129,8.44678723123814e-05,0.000148202354893162
"ENSG00000239246","RP11-464D20.2",0.138943221952834,3.95067646161753,8.44753422891023e-05,0.000148202354893162
"ENSG00000124429","POF1B",-0.250141784819199,-3.94834519027159,8.52868255206774e-05,0.000149573527745839
"ENSG00000089472","HEPH",0.152247041528015,3.94420930568374,8.67446582809023e-05,0.000152076890394289
"ENSG00000272512","RP11-54O7.17",0.2466267561614,3.94411343331874,8.67787298366741e-05,0.000152083297996274
"ENSG00000204983","PRSS1",0.27307208915084,3.94278854550405,8.72508734220249e-05,0.000152857171377058
"ENSG00000122188","LAX1",0.256338656395853,3.94128537281385,8.77894954145345e-05,0.000153746927170814
"ENSG00000165188","RNF183",-0.30385660083358,-3.94079934597949,8.79643224330928e-05,0.000153999163923482
"ENSG00000150275","PCDH15",0.205441302449247,3.93935742806926,8.84849306234057e-05,0.00015485637140953
"ENSG00000125657","TNFSF9",0.19469674692274,3.93821879766295,8.88980951854262e-05,0.000155525009071774
"ENSG00000124212","PTGIS",0.16189800891345,3.9360115215121,8.97042351917798e-05,0.00015688043930007
"ENSG00000137959","IFI44L",0.290336744047688,3.93344327092894,9.06509169411366e-05,0.000158480624022966
"ENSG00000240247","DEFA1B",0.140487964080662,3.93309351316364,9.07805700312276e-05,0.000158651817600887
"ENSG00000163564","PYHIN1",0.242168434840111,3.93265510268576,9.09433339740051e-05,0.000158880737201267
"ENSG00000136383","ALPK3",-0.154031172948447,-3.92758471869769,9.28459363079643e-05,0.00016214798516934
"ENSG00000167711","SERPINF2",0.188243965749309,3.92385776608369,9.42683798464007e-05,0.000164574685486035
"ENSG00000162931","TRIM17",0.283552524898988,3.92267797958577,9.4722941199499e-05,0.000165310543105583
"ENSG00000154556","SORBS2",0.201250613075415,3.92226022544988,9.48843947100466e-05,0.000165534533688148
"ENSG00000149295","DRD2",0.232904594132819,3.9191613728604,9.60901919553207e-05,0.000167579686005094
"ENSG00000104369","JPH1",0.206011211478881,3.91570340618621,9.74528316227512e-05,0.000169896847319999
"ENSG00000157445","CACNA2D3",-0.236770840335956,-3.91095678854038,9.93530603592107e-05,0.00017314928609134
"ENSG00000154175","ABI3BP",-0.207892929422445,-3.9063984226262,0.000101210867552891,0.000176325553228032
"ENSG00000225746","SNHG23",-0.272116935185416,-3.90195777038189,0.000103052251018269,0.000179471004908166
"ENSG00000188517","COL25A1",0.208911411892034,3.90029179281254,0.000103751209424473,0.000180625364596924
"ENSG00000175084","DES",0.180318618553967,3.8979183401951,0.000104754733031257,0.000182308968032122
"ENSG00000100628","ASB2",0.182397626983025,3.89717299429847,0.000105071762686702,0.000182797081918409
"ENSG00000176788","BASP1",-0.168897177286725,-3.8956585421862,0.000105718724364072,0.000183858651067952
"ENSG00000258227","CLEC5A",0.198148624582337,3.89483953709184,0.000106070163814731,0.000184405708996402
"ENSG00000263934","SNORD3A",0.313253004892898,3.89253532493897,0.000107064847465982,0.000186070294518564
"ENSG00000121552","CSTA",0.18963193310164,3.89108522354115,0.000107695341640469,0.000187101010494213
"ENSG00000104892","KLC3",0.119282651612494,3.88922745266869,0.000108508216783876,0.000188447754053275
"ENSG00000109265","KIAA1211",-0.210347355858162,-3.88906486785929,0.000108579631721026,0.000188506305071226
"ENSG00000248690","HAS2-AS1",0.209889060518012,3.88805325993945,0.000109024976875679,0.000189213774515236
"ENSG00000265933","LINC00668",0.295583638090607,3.8867380415633,0.000109606563718487,0.000190157119567118
"ENSG00000005001","PRSS22",-0.0839845011716646,-3.88528715835534,0.00011025154229016,0.000191209750763371
"ENSG00000267206","LCN6",-0.26939751508037,-3.88516222265149,0.000110307248877978,0.000191240029261404
"ENSG00000154856","APCDD1",0.176478602956506,3.88140500175515,0.00011199500879412,0.000194098802069533
"ENSG00000078725","BRINP1",0.257119403382799,3.87275657032178,0.000115973120598614,0.00020092363236073
"ENSG00000149328","GLB1L2",0.271296350020464,3.86954430712108,0.000117484415558705,0.000203471450569285
"ENSG00000205362","MT1A",-0.279888992828804,-3.86882581480277,0.000117824986203772,0.000203990627084093
"ENSG00000185736","ADARB2",-0.291515482403154,-3.8686372985184,0.000117914498643101,0.000204074937077018
"ENSG00000137648","TMPRSS4",-0.213998860856079,-3.86398677145445,0.00012014313675586,0.000207849372100869
"ENSG00000165023","DIRAS2",0.23714306029674,3.86391362295906,0.000120178506948723,0.000207849372100869
"ENSG00000077984","CST7",0.202420519936078,3.86302963771012,0.000120606727180825,0.000208517854738632
"ENSG00000227212","PFN1P6",-0.293672448219415,-3.86119522493495,0.000121499956361975,0.000209989554721699
"ENSG00000119508","NR4A3",0.230633146497027,3.8587851246967,0.000122683004193977,0.000211960960943292
"ENSG00000181449","SOX2",-0.283237004357386,-3.85455092669446,0.000124787837116198,0.000215523034743002
"ENSG00000101916","TLR8",0.217876870603365,3.85318572593542,0.000125473721070913,0.000216632805716355
"ENSG00000105668","UPK1A",-0.299426021181061,-3.85026906732528,0.000126951010585368,0.00021910771588776
"ENSG00000215915","ATAD3C",-0.303177324491547,-3.84722533866645,0.000128510163880887,0.000221722159904911
"ENSG00000048462","TNFRSF17",0.256570741213565,3.84188893159145,0.000131287467220918,0.000226435783409655
"ENSG00000187037","GPR141",-0.17433842942944,-3.83622888073314,0.000134295077080125,0.000231543236345043
"ENSG00000172927","MYEOV",0.227741997446271,3.83507887724863,0.00013491405677547,0.000232530259868098
"ENSG00000118526","TCF21",-0.175340536237529,-3.83219654226464,0.00013647730228395,0.000235143525644297
"ENSG00000185101","ANO9",-0.130925080352081,-3.82214172906011,0.00014206544400426,0.00024468729590813
"ENSG00000101144","BMP7",0.186690316773935,3.81839242123725,0.000144203911423562,0.000248284971459301
"ENSG00000175445","LPL",0.204943496612117,3.81795771486862,0.000144453807248734,0.000248629616607114
"ENSG00000182326","C1S",0.171695460345906,3.81429807450458,0.000146573848861319,0.000252191756471643
"ENSG00000002746","HECW1",0.207946866682396,3.81156630094122,0.000148175468545916,0.000254859767020839
"ENSG00000252464","RN7SKP70",-0.291843986822176,-3.80997333414117,0.000149117018342326,0.000256391021909088
"ENSG00000169174","PCSK9",0.195572649827435,3.80908805471444,0.000149642714127431,0.000257206452608166
"ENSG00000180535","BHLHA15",0.213379520529384,3.80757719278336,0.000150543931943678,0.000258666549731406
"ENSG00000009724","MASP2",-0.182559593786484,-3.80427962452992,0.000152528715696876,0.000261986801265675
"ENSG00000115956","PLEK",0.19658177779898,3.80360945569429,0.000152935091383091,0.000262594593720966
"ENSG00000160808","MYL3",-0.211620148092951,-3.80292647412751,0.000153350286732633,0.000263217107333734
"ENSG00000281457","AC010168.1",-0.272190639488539,-3.80242912535357,0.00015365330154619,0.000263646708212406
"ENSG00000142512","SIGLEC10",0.178269351284769,3.79997438651646,0.000155157164528223,0.000266135788213075
"ENSG00000234743","EIF5AP4",0.0486732529470995,3.79642968860271,0.000157353284107595,0.000269810157934833
"ENSG00000132000","PODNL1",-0.198755069248699,-3.79155672685716,0.000160420202577142,0.000274974635888142
"ENSG00000162174","ASRGL1",0.279257878133451,3.7874201365068,0.000163067801301441,0.000279417068713915
"ENSG00000134955","SLC37A2",-0.21193034575015,-3.78728602143355,0.000163154326297555,0.000279469555151687
"ENSG00000179292","TMEM151A",0.271180214871986,3.78502134595069,0.000164621943703287,0.000281886889902888
"ENSG00000185518","SV2B",0.202848361007577,3.78193018890089,0.000166645252028721,0.000285253769306267
"ENSG00000105464","GRIN2D",0.193273387908927,3.7813835875014,0.000167005458059815,0.000285772515502764
"ENSG00000247809","NR2F2-AS1",0.163111070134312,3.77980813387337,0.000168047779300895,0.000287457713480834
"ENSG00000143476","DTL",0.140054272360686,3.77902256933121,0.000168569796985456,0.000288252046828755
"ENSG00000073670","ADAM11",0.194158609020779,3.76979234138758,0.000174818966134222,0.000298835839545678
"ENSG00000267060","PTGES3L",0.18724296444686,3.76712691068809,0.000176663770276988,0.000301886141963411
"ENSG00000180383","DEFB124",0.253489151642961,3.76290072689039,0.000179626442410865,0.000306843939888734
"ENSG00000226306","NPY6R",-0.273323484541767,-3.75999327668174,0.000181691750768432,0.000310265967842267
"ENSG00000197561","ELANE",-0.2673229432465,-3.75796404061587,0.000183146449533895,0.000312643307500675
"ENSG00000233930","KRTAP5-AS1",-0.214727935585977,-3.75459439078803,0.000185586307377955,0.000316700183238831
"ENSG00000146215","CRIP3",0.278502759493219,3.75365859940334,0.000186269295752271,0.000317757242839085
"ENSG00000005844","ITGAL",-0.204162828341541,-3.75115254787495,0.000188110015442181,0.000320787884451196
"ENSG00000197406","DIO3",-0.252157042077478,-3.74951720239382,0.000189320413676139,0.00032274192580317
"ENSG00000163395","IGFN1",-0.233331111894832,-3.74932169588508,0.000189465607250022,0.000322879357958456
"ENSG00000138669","PRKG2",-0.204520348578876,-3.74870072856488,0.000189927466401321,0.000323556160819968
"ENSG00000166501","PRKCB",0.224535639351556,3.74740414453156,0.00019089525114638,0.000325094092551738
"ENSG00000163618","CADPS",-0.141917255889614,-3.74528289002841,0.000192488597253594,0.000327695943570981
"ENSG00000211965","IGHV3-49",0.218611509628938,3.74012090435823,0.000196418402110963,0.000334272297670121
"ENSG00000211655","IGLV1-36",0.289057444350317,3.73761339162521,0.000198354502255068,0.00033745236858637
"ENSG00000227733","RP4-565E6.1",-0.222808804425222,-3.73459242556196,0.000200710906724243,0.000341345079462999
"ENSG00000142661","MYOM3",-0.128612116601797,-3.73322517545492,0.000201786022828257,0.00034305682221737
"ENSG00000197353","LYPD2",0.171605578207114,3.73238853031208,0.000202446576371871,0.000344062842236355
"ENSG00000171772","SYCE1",-0.275980731853198,-3.73190779803992,0.000202827047286701,0.000344592333140844
"ENSG00000184486","POU3F2",0.220005963947524,3.73160784840899,0.000203064780333802,0.000344879042686484
"ENSG00000141433","ADCYAP1",0.2901325674438,3.72574422509581,0.000207765150683454,0.000352742191313164
"ENSG00000075035","WSCD2",-0.204951196115788,-3.72321262665426,0.000209825996420138,0.000356120156856989
"ENSG00000205502","C2CD4B",-0.224313879554356,-3.72207742585163,0.00021075633782245,0.000357577770312945
"ENSG00000273338","RP11-386I14.4",0.320836140310122,3.72028008122563,0.000212237272368984,0.000359968236718086
"ENSG00000241755","IGKV1-9",0.18639784144848,3.71893952674926,0.000213348199421905,0.000361729737914387
"ENSG00000265206","RP5-1171I10.5",0.212754646158959,3.71436117605909,0.000217183694874284,0.000368107957414041
"ENSG00000134184","GSTM1",-0.39365246094376,-3.70993625871784,0.00022095220926103,0.000374368365403304
"ENSG00000166924","NYAP1",0.211442934902417,3.70522618644491,0.000225031100786245,0.000381150238459088
"ENSG00000261685","RP11-401P9.4",-0.193662395881577,-3.69886520953279,0.000230652135088682,0.000390538664220592
"ENSG00000223485","RP11-417E7.1",0.12961111936261,3.69507818001992,0.000234061051648597,0.000396176458443799
"ENSG00000003249","DBNDD1",0.159421369872962,3.69223879734693,0.000236647945335119,0.000400419535254009
"ENSG00000151725","CENPU",0.161980386304587,3.69148408893553,0.000237340049575924,0.000401454752327342
"ENSG00000006327","TNFRSF12A",0.162898943286788,3.68886227417751,0.000239759194900981,0.000405409528070648
"ENSG00000133477","FAM83F",0.0962860779649936,3.6863551328272,0.000242094192342386,0.000409219392059476
"ENSG00000184515","BEX5",-0.202603168645641,-3.68330844041507,0.000244960460829545,0.000413924401536912
"ENSG00000138028","CGREF1",0.184270402078328,3.68276731667301,0.000245472862664151,0.000414561818038838
"ENSG00000231170","AC002451.3",-0.317121344117095,-3.68273498653098,0.0002455035086426,0.000414561818038838
"ENSG00000167701","GPT",0.280221066518676,3.68260770836297,0.000245624191492295,0.000414625576455596
"ENSG00000050555","LAMC3",0.203469480945587,3.6819789488049,0.000246221188267861,0.000415493061538747
"ENSG00000216490","IFI30",0.14249577929656,3.68078699361052,0.000247356674280614,0.000417268343928161
"ENSG00000137975","CLCA2",-0.270422848847444,-3.67446713847633,0.000253459783993858,0.000427419534559626
"ENSG00000277351","RP11-325L12.6",0.263558167503781,3.6732165448804,0.000254684134472977,0.000429339404034013
"ENSG00000138061","CYP1B1",0.201179786573038,3.67252602281984,0.000255362544961569,0.000430337959153301
"ENSG00000146674","IGFBP3",0.111979366586133,3.67223227500359,0.000255651654902493,0.000430680011628189
"ENSG00000196091","MYBPC1",0.266896310537747,3.67093485167698,0.000256932275868246,0.000432691606379667
"ENSG00000134121","CHL1",-0.19860570367782,-3.67024179754352,0.00025761882139268,0.000433701719516296
"ENSG00000004776","HSPB6",-0.181194182064728,-3.66669151363535,0.000261162870571193,0.000439520145693694
"ENSG00000226686","LINC01535",0.221706574248467,3.65598406562543,0.000272130839755249,0.000457824427582855
"ENSG00000103175","WFDC1",0.169844959485423,3.65382255372562,0.000274396777578128,0.000461481294278721
"ENSG00000211934","IGHV1-2",0.221976279054808,3.65260925857239,0.000275676439246811,0.00046347753740217
"ENSG00000267459","AC006116.27",-0.229929742465869,-3.65222341442391,0.00027608456163045,0.000464007666605799
"ENSG00000140092","FBLN5",0.15451238050766,3.64443565613262,0.000284444237296106,0.000477896904059318
"ENSG00000232079","AL035610.1",-0.258973378788976,-3.64359885670682,0.000285356490698228,0.000479268543329237
"ENSG00000211638","IGLV8-61",0.264537655477535,3.64307281096847,0.00028593137482725,0.000480072825431918
"ENSG00000120068","HOXB8",-0.134124881866839,-3.63125169620141,0.000299140229607013,0.000502081620689851
"ENSG00000165794","SLC39A2",0.211431311599126,3.62786441253505,0.000303029409967604,0.000508438607328194
"ENSG00000173991","TCAP",-0.202348047494912,-3.62518250911497,0.000306142287070122,0.00051348924366005
"ENSG00000187474","FPR3",0.154113713113568,3.62393151489728,0.000307604548858801,0.000515768861265595
"ENSG00000065534","MYLK",0.173225733289818,3.62015975783375,0.000312053031519826,0.000523052349178387
"ENSG00000184601","C14orf180",-0.295802158283959,-3.6199585594966,0.00031229201568745,0.000523277506178703
"ENSG00000167286","CD3D",0.176835334566116,3.61750013605079,0.000315226037680799,0.000528016813535677
"ENSG00000171564","FGB",-0.298045005035349,-3.61573370775892,0.000317350132682079,0.000531396739253313
"ENSG00000211970","IGHV4-61",0.21593794918065,3.61467017464783,0.000318635475875648,0.000533370398184881
"ENSG00000145113","MUC4",0.205947186239789,3.61365231036775,0.000319870196080709,0.000535258025570129
"ENSG00000163631","ALB",-0.228144755011017,-3.6125935302405,0.000321159309024266,0.000537235378093453
"ENSG00000243709","LEFTY1",-0.225776790712616,-3.61085095111591,0.00032329159042705,0.000540621388673997
"ENSG00000268942","CKS1BP3",0.24460831587899,3.60927990278266,0.000325225352171344,0.000543673273439224
"ENSG00000078549","ADCYAP1R1",-0.141185286412556,-3.60708873639511,0.000327940516909894,0.000548028938686321
"ENSG00000279208","bP-21264C1.1",-0.289815011615916,-3.60699391197917,0.000328058496142763,0.000548042927067763
"ENSG00000225950","NTF4",0.197373478063181,3.60335835094553,0.00033261193606171,0.000555464155079677
"ENSG00000158859","ADAMTS4",0.144246643333325,3.6024906251903,0.000333707462328942,0.000557107616575863
"ENSG00000137745","MMP13",-0.169744729396157,-3.60238943896593,0.000333835432539943,0.000557135234545966
"ENSG00000175170","FAM182B",-0.212545945197986,-3.5984722658315,0.00033882498863385,0.000565273587977727
"ENSG00000176868","RP11-334J6.7",-0.317072950794374,-3.5962433069401,0.000341695272413566,0.00056987203537953
"ENSG00000038945","MSR1",-0.162083540541575,-3.58928890547717,0.000350797767487959,0.000584857898446081
"ENSG00000135917","SLC19A3",0.270206140902543,3.58857459147658,0.000351745478744763,0.000586088453933264
"ENSG00000235026","DPP10-AS1",0.292596478923845,3.58855591479984,0.000351770290050745,0.000586088453933264
"ENSG00000240864","IGKV1-16",0.189785036444219,3.5836597707849,0.000358331508152173,0.000596821299387364
"ENSG00000244575","IGKV1-27",0.185513926067021,3.5827937746939,0.000359503877058607,0.000598574553877134
"ENSG00000253671","RP11-806O11.1",-0.223292646712502,-3.58030654602974,0.000362891050996841,0.000604013067571307
"ENSG00000143185","XCL2",0.201568430679682,3.57993981390771,0.000363392997990176,0.000604647251231574
"ENSG00000196990","FAM163B",0.219499930633189,3.57848636863635,0.000365388734712438,0.000607765693134461
"ENSG00000163814","CDCP1",0.133944933411072,3.57659773452525,0.000367997371742889,0.000611901183476703
"ENSG00000105270","CLIP3",-0.1295933705891,-3.5746385260119,0.000370721914431374,0.000616226586488321
"ENSG00000092529","CAPN3",0.160760728262668,3.57386360300243,0.000371804753677925,0.000617821126084953
"ENSG00000234961","RP11-124N14.3",0.228955460772462,3.56569235871843,0.000383404559987896,0.000636884651142684
"ENSG00000104321","TRPA1",-0.207407119383871,-3.56556850471845,0.000383582960753707,0.000636969380195461
"ENSG00000187546","AGMO",0.203800076159358,3.56437099476461,0.000385311881329713,0.000639573977300441
"ENSG00000133687","TMTC1",-0.220584463577331,-3.56430506578684,0.000385407278721246,0.000639573977300441
"ENSG00000274248","AJ011932.1",0.275185460674657,3.56401358629578,0.000385829306464762,0.000640061888627675
"ENSG00000113645","WWC1",-0.077491960856845,-3.56256110643256,0.000387938782439356,0.000643347897909379
"ENSG00000226777","KIAA0125",0.234062542787578,3.56052576724272,0.000390912931599636,0.000647754908673753
"ENSG00000135447","PPP1R1A",0.210542568031487,3.56049254857521,0.000390961649093235,0.000647754908673753
"ENSG00000125851","PCSK2",-0.271352118327025,-3.56047672131375,0.000390984862875477,0.000647754908673753
"ENSG00000270704","RP11-701H24.5",-0.309310677764161,-3.55602215653507,0.000397569887288956,0.000658446318795885
"ENSG00000146469","VIP",-0.19365944546672,-3.55436367955404,0.000400047964429099,0.000662331066935595
"ENSG00000243509","TNFRSF6B",0.325310661840156,3.55282654443444,0.00040235763551863,0.000665934517574694
"ENSG00000164318","EGFLAM",-0.116354022456094,-3.54831489050587,0.000409209039148288,0.000677050031681482
"ENSG00000159618","ADGRG5",0.218985258783034,3.54772853270946,0.000410107456365934,0.00067831203500816
"ENSG00000108823","SGCA",-0.181523843303609,-3.54749636597055,0.000410463691969977,0.000678676739368349
"ENSG00000073737","DHRS9",-0.192821425447775,-3.54712851238473,0.000411028717744863,0.000679386310322088
"ENSG00000137463","MGARP",-0.173162735781214,-3.54528980313642,0.000413863915329803,0.000683846522355921
"ENSG00000113263","ITK",0.234557628200206,3.5451221149594,0.000414123390535086,0.000684049208019633
"ENSG00000167588","GPD1",-0.263545585558354,-3.54425478260314,0.000415467903638279,0.000686043434013011
"ENSG00000174567","GOLT1A",-0.0947242671515098,-3.54380005236062,0.000416174443938031,0.000686983235288926
"ENSG00000077942","FBLN1",-0.129866800310056,-3.54183976128027,0.000419233147844741,0.000691803874331255
"ENSG00000167748","KLK1",0.182797690339027,3.53572712358109,0.000428906464403439,0.000707532933690926
"ENSG00000256164","CCND2-AS1",-0.260740290983342,-3.53374750238987,0.000432083725928115,0.000712539125870903
"ENSG00000230373","GOLGA6L5P",0.182568744226713,3.53166288172183,0.000435453296912151,0.000717859045354684
"ENSG00000108309","RUNDC3A",-0.224146496769264,-3.53147853750545,0.000435752449707109,0.000718115441178492
"ENSG00000132185","FCRLA",0.207142066270737,3.52969343980864,0.000438659255070787,0.000722667636030951
"ENSG00000125998","FAM83C",0.175431434576078,3.52950836738679,0.000438961657279512,0.000722927630565731
"ENSG00000118160","SLC8A2",-0.253447747273882,-3.52774714526078,0.00044184920703287,0.00072744354137779
"ENSG00000226007","RP11-211N8.2",0.313729363674971,3.52749396435951,0.00044226575807165,0.000727889661079082
"ENSG00000185070","FLRT2",-0.168613519854227,-3.52714374527325,0.000442842568481685,0.000728599158410144
"ENSG00000128285","MCHR1",-0.20344026761197,-3.52627172934801,0.000444281835410374,0.000730726702977588
"ENSG00000248101","AC002116.8",0.335695008301577,3.52391198855089,0.00044819856303086,0.000736926279235218
"ENSG00000279312","RP3-331H24.7",-0.216988316803967,-3.52342594597241,0.00044900930196557,0.000738016604151166
"ENSG00000102385","DRP2",-0.143712278689201,-3.52251376826867,0.00045053455433733,0.000740280240449113
"ENSG00000211652","IGLV7-43",0.218819476710262,3.52237661969845,0.000450764298935839,0.000740414420065439
"ENSG00000131409","LRRC4B",-0.177887460842225,-3.52191884127027,0.000451531940233615,0.000741431757362258
"ENSG00000275966","RP11-1055B8.9",0.344123666940382,3.52173976024198,0.000451832570773845,0.000741681829897973
"ENSG00000198780","FAM169A",-0.265800751612539,-3.52001992871635,0.000454729264622854,0.000746191769975145
"ENSG00000149527","PLCH2",-0.193102954322607,-3.51630754017155,0.000461041285318199,0.000756301321060038
"ENSG00000130176","CNN1",-0.13340167168128,-3.51550560524911,0.000462415495424474,0.000758306814405499
"ENSG00000136160","EDNRB",-0.144016353766654,-3.51495943107773,0.00046335362002533,0.00075959609840218
"ENSG00000267580","CTD-2540B15.11",-0.103201675850239,-3.51368433275516,0.000465550694743258,0.000762947713443557
"ENSG00000132026","RTBDN",-0.271020798442286,-3.50669312141077,0.000477771045645787,0.000782717964688379
"ENSG00000164294","GPX8",-0.112690771941452,-3.50587114667155,0.000479227353596309,0.000784846632159039
"ENSG00000281103","TRG-AS1",0.192263779765624,3.50260638423115,0.000485052646550926,0.000794126795270017
"ENSG00000260418","RP3-406A7.7",0.0943360725112255,3.50079537238485,0.000488312483506642,0.000799202100665536
"ENSG00000164161","HHIP",-0.230653742566138,-3.50000804660277,0.000489736050155628,0.000801269715568763
"ENSG00000107295","SH3GL2",0.22999084820717,3.4966448601711,0.000495860804158894,0.000811025194895148
"ENSG00000174332","GLIS1",-0.175857123101229,-3.49185821934044,0.000504701302765178,0.000825214687320434
"ENSG00000120693","SMAD9",0.146887169979606,3.49130717812875,0.000505728421896381,0.000826623769036255
"ENSG00000123360","PDE1B",-0.151021780310372,-3.49087648424535,0.000506532577201572,0.00082766760980649
"ENSG00000152932","RAB3C",-0.263565876087787,-3.48223045394346,0.000522930502997383,0.000853942202393199
"ENSG00000134193","REG4",-0.216683373369007,-3.48221814112495,0.000522954204745595,0.000853942202393199
"ENSG00000279535","AC113188.2",-0.19297010776594,-3.47914498977672,0.00052890138129431,0.000863371500643667
"ENSG00000175130","MARCKSL1",0.105850202207588,3.47782708137316,0.000531471097397685,0.000867283122385256
"ENSG00000106976","DNM1",-0.14958548427163,-3.4774765855133,0.000532156469068674,0.000868118220340414
"ENSG00000145649","GZMA",0.177704125745122,3.47700428949855,0.000533081317944187,0.000869343310411264
"ENSG00000205221","VIT",0.163715775600082,3.47545321114526,0.000536129201342576,0.000874028694722165
"ENSG00000160791","CCR5",0.16977380579614,3.47166830009335,0.000543634994971236,0.000885976197801885
"ENSG00000211933","IGHV6-1",0.247656607787431,3.46646307813531,0.000554117652839228,0.00090276580781888
"ENSG00000211967","IGHV3-53",0.222471142294731,3.46539228133891,0.000556297362203672,0.000906021762546697
"ENSG00000129194","SOX15",0.216756908748847,3.46333403881714,0.00056050959810794,0.000912584822709117
"ENSG00000187867","PALM3",-0.181341837384733,-3.46240816015218,0.000562414115698481,0.000915387558102996
"ENSG00000204475","NCR3",0.239975392340216,3.45973151276358,0.000567953947726088,0.000924103396885923
"ENSG00000145247","OCIAD2",0.0953122003891182,3.45899053064437,0.000569496524277458,0.000926311848206666
"ENSG00000063015","SEZ6",-0.258050038354261,-3.45884708814642,0.00056979559404388,0.000926496900884359
"ENSG00000068831","RASGRP2",0.168653279784211,3.45755934298544,0.000572487041649848,0.000930570613865163
"ENSG00000145526","CDH18",-0.259193024370102,-3.45716311177048,0.000573317566335676,0.000931617754851603
"ENSG00000104918","RETN",0.247379269030447,3.45665091505824,0.000574392827254762,0.000933061772668554
"ENSG00000178162","FAR2P2",-0.258396988688446,-3.45634770768489,0.000575030240357161,0.000933793829745309
"ENSG00000182836","PLCXD3",-0.236434781465333,-3.4560694418049,0.000575615801153217,0.000934441235638339
"ENSG00000116824","CD2",0.181516587465131,3.45534269541736,0.000577147733288661,0.000936624039741416
"ENSG00000224650","IGHV3-74",0.197548515131672,3.45384298498072,0.000580321049843691,0.000941468283328506
"ENSG00000270505","IGHV1OR15-1",0.216891105307544,3.45071490837435,0.000586992353301012,0.000951678057252612
"ENSG00000281179","RP11-294C11.4",0.216876036987948,3.4507136619764,0.000586995025713411,0.000951678057252612
"ENSG00000104722","NEFM",-0.199882565150712,-3.44563093582905,0.000597987812143311,0.000969175745117548
"ENSG00000135253","KCP",0.153551562616377,3.44553751374289,0.000598191647925234,0.000969175745117548
"ENSG00000149948","HMGA2",0.163144889881282,3.44545620570507,0.000598369105035574,0.000969175745117548
"ENSG00000274576","IGHV2-70",0.240411157121037,3.4424960650369,0.000604863220081505,0.000979376975520571
"ENSG00000139540","SLC39A5",-0.211776636788935,-3.43424698577287,0.000623308863219971,0.00100891690388471
"ENSG00000188761","BCL2L15",-0.19688866382004,-3.43095128944737,0.00063082384280406,0.00102075055469913
"ENSG00000105278","ZFR2",0.314085558333327,3.43048710144095,0.000631889061608216,0.00102214341897156
"ENSG00000211660","IGLV2-23",0.165035871924453,3.43020469656085,0.000632537944327123,0.00102286213506973
"ENSG00000148408","CACNA1B",0.226792096297614,3.42898018238867,0.000635358705229878,0.00102709134372758
"ENSG00000157782","CABP1",-0.125149832857308,-3.42711373448218,0.000639680767727086,0.00103374396853117
"ENSG00000133661","SFTPD",-0.158020535514393,-3.42549018556352,0.000643462622738305,0.00103951958439145
"ENSG00000215218","UBE2QL1",-0.168389575085282,-3.42419594696394,0.000646492302386544,0.00104407671574054
"ENSG00000087116","ADAMTS2",-0.174571650222979,-3.42364243822375,0.000647792062645376,0.00104583800879137
"ENSG00000204851","PNMAL2",0.154585339970044,3.42162486030817,0.00065255041909626,0.00105318014702431
"ENSG00000267045","AC006126.4",-0.141919233989104,-3.42054640310101,0.000655107241676182,0.00105696553997448
"ENSG00000245164","LINC00861",0.258463579678021,3.41557724320651,0.000667009225609443,0.00107582133162813
"ENSG00000169116","PARM1",-0.156644719321092,-3.41239330353775,0.000674740845518681,0.00108794073769539
"ENSG00000223756","TSSC2",-0.155228656403257,-3.40936926401693,0.000682161386136669,0.00109955091253493
"ENSG00000186818","LILRB4",0.146462252636815,3.40687473676809,0.000688339708301202,0.00110915196310216
"ENSG00000161649","CD300LG",-0.247630070028837,-3.40426115043758,0.000694868774954617,0.00111931181532638
"ENSG00000168427","KLHL30",0.194091505602176,3.39930445110124,0.000707409878939212,0.00113914634289728
"ENSG00000263968","RN7SL381P",-0.268864826433091,-3.398826052325,0.000708631375227902,0.00114074593565342
"ENSG00000101198","NKAIN4",-0.211479304487622,-3.39460791300786,0.000719486846099879,0.00115784815915655
"ENSG00000169435","RASSF6",-0.136109342599293,-3.39166601409677,0.000727149282862223,0.00116980257860718
"ENSG00000144802","NFKBIZ",-0.272084117111992,-3.38823334562627,0.000736185950762436,0.00118395939331366
"ENSG00000188580","NKAIN2",-0.186020088881767,-3.38763594632413,0.000737769269137145,0.00118612422690859
"ENSG00000065320","NTN1",0.186554709252264,3.3874388498342,0.000738292338929997,0.00118658363698167
"ENSG00000243264","IGKV2D-29",0.215442225357563,3.38627649040161,0.000741384122210258,0.00119116986216301
"ENSG00000156475","PPP2R2B",0.142432877750907,3.38596447348831,0.000742216110817509,0.00119212353166963
"ENSG00000269936","RP11-394O4.5",-0.122545152041795,-3.38318789416383,0.000749658173481354,0.00120369006660461
"ENSG00000179314","WSCD1",-0.146646340252895,-3.3821681120588,0.000752408881621307,0.00120771891110964
"ENSG00000223573","TINCR",0.246663003299444,3.38185182948062,0.000753263911877374,0.00120870332457858
"ENSG00000185681","MORN5",-0.24074111460772,-3.38130106309641,0.000754754997506121,0.00121070740697164
"ENSG00000157551","KCNJ15",0.1298605417137,3.38098158950941,0.000755621163690194,0.00121170808802148
"ENSG00000225108","ZBTB45P1",0.288784237025187,3.3798413455821,0.000758720172016465,0.00121628754731719
"ENSG00000172733","PURG",-0.166382801962249,-3.37528065566811,0.000771234020925635,0.00123595195661159
"ENSG00000269968","RP5-940J5.9",0.294241050554559,3.36897300343699,0.000788857802203269,0.0012637901348979
"ENSG00000141622","RNF165",0.185485306810142,3.36348595170025,0.000804492618111644,0.0012884250770526
"ENSG00000016391","CHDH",-0.133031487034926,-3.36196384448465,0.000808880476447502,0.00129503758637128
"ENSG00000176971","FIBIN",-0.134482141401584,-3.3618488923141,0.000809212756969272,0.00129515486070626
"ENSG00000170891","CYTL1",-0.162651682143358,-3.36137318292518,0.000810589191096261,0.00129694270575402
"ENSG00000256462","RP11-116G8.5",-0.243810478298339,-3.36005980797991,0.000814400662847345,0.00130262422080509
"ENSG00000271723","MROH7-TTC4",0.248218883955927,3.35880393447972,0.000818060837312951,0.00130806018118476
"ENSG00000281453","TGFB2-OT1",0.181290517507135,3.35822579568015,0.000819750925370028,0.00131034355078329
"ENSG00000145362","ANK2",-0.140561462258281,-3.35805528745482,0.000820249995817988,0.00131072226880471
"ENSG00000271730","RP11-787I22.3",-0.310991612050676,-3.35733395230332,0.000822364439651555,0.00131368121350089
"ENSG00000271959","CTD-3064M3.7",0.181948143663145,3.35531979216531,0.000828295382200745,0.00132273296422987
"ENSG00000273291","RP11-136C24.3",0.201058430737411,3.35497863512463,0.000829303889268895,0.0013239206405953
"ENSG00000129988","LBP",0.245803918730133,3.35403160122026,0.000832109435344718,0.00132797547932448
"ENSG00000139193","CD27",0.206778570798497,3.35145795418478,0.000839778367568428,0.00133978680211938
"ENSG00000134376","CRB1",0.204586016521736,3.35133761476485,0.000840138556182324,0.00133993390140721
"ENSG00000165973","NELL1",-0.298934315588513,-3.34627114312718,0.00085543393429474,0.0013638933901383
"ENSG00000228401","RP11-251M1.1",-0.242303346839628,-3.34598462692182,0.000856306591258584,0.00136484952384218
"ENSG00000118514","ALDH8A1",-0.179172456481014,-3.34522543028614,0.000858622915695093,0.00136810534686917
"ENSG00000142149","HUNK",-0.190343292728565,-3.34312341846994,0.000865066600246228,0.00137793341867829
"ENSG00000168077","SCARA3",0.138253208235885,3.34086028409575,0.00087205440131813,0.00138862165814989
"ENSG00000163689","C3orf67",-0.137828979742712,-3.33977259420095,0.000875431444712561,0.00139355530836129
"ENSG00000225329","LHFPL3-AS2",-0.223724635665955,-3.33673344883968,0.000884931829756978,0.00140823015556489
"ENSG00000111432","FZD10",-0.149725428614504,-3.33645656877101,0.000885802100370475,0.00140916656120025
"ENSG00000244528","SEPT14P2",-0.26386624690733,-3.33398686799439,0.000893599933539104,0.00142111948718051
"ENSG00000055118","KCNH2",0.206496963362516,3.33351585083446,0.00089509434179241,0.00142304346866838
"ENSG00000235033","RP11-61I13.3",-0.184609720701825,-3.33320011762401,0.000896097375459681,0.00142395996930722
"ENSG00000225706","PTPRD-AS1",-0.179793572942315,-3.33315512186803,0.000896240404681964,0.00142395996930722
"ENSG00000091129","NRCAM",-0.177230407362432,-3.33267409380353,0.000897770786768585,0.00142593835255493
"ENSG00000144596","GRIP2",0.152280842953802,3.32933726776812,0.000908453817936783,0.00144244810723529
"ENSG00000183918","SH2D1A",0.22641945532651,3.3281661468725,0.000912231121179519,0.00144798590663416
"ENSG00000143195","ILDR2",-0.171527993161104,-3.3278284863264,0.000913322907801434,0.00144925881910732
"ENSG00000183347","GBP6",0.156690074844044,3.32674827683081,0.000916823794343429,0.0014543524656463
"ENSG00000212952","RP11-475I24.9",0.302557082924698,3.32540278465929,0.000921201866173883,0.00146083391400869
"ENSG00000124143","ARHGAP40",-0.269362952736991,-3.32501220190754,0.000922476405863816,0.00146201801127615
"ENSG00000266844","RP11-862L9.3",0.205290965328266,3.32493392229988,0.000922732042710229,0.00146201801127615
"ENSG00000256663","RP11-424C20.2",0.12805202745398,3.32490522711793,0.000922825768717504,0.00146201801127615
"ENSG00000197576","HOXA4",0.11120709630669,3.32428391533908,0.000924857304725858,0.00146477241800104
"ENSG00000183166","CALN1",-0.218213885868135,-3.32299404854605,0.000929088112226667,0.00147100714412075
"ENSG00000198074","AKR1B10",-0.189229086860696,-3.32027897242688,0.000938052422998215,0.00148473001424219
"ENSG00000267458","CTC-425F1.4",0.373410918956899,3.31846915919087,0.000944072362167114,0.00149378538317581
"ENSG00000138316","ADAMTS14",-0.172479730300726,-3.31756118803437,0.000947106012135386,0.00149811137636094
"ENSG00000143028","SYPL2",-0.114242147329738,-3.31554415516302,0.000953877579245652,0.00150834531822526
"ENSG00000114013","CD86",0.143377452914597,3.31390030254741,0.000959429505099848,0.00151664480730295
"ENSG00000132702","HAPLN2",-0.223275665044208,-3.31360699497484,0.000960423264763639,0.0015177358798414
"ENSG00000280178","AP000349.2",-0.266928078360951,-3.31111360123477,0.000968909818014624,0.00153066321961236
"ENSG00000198851","CD3E",0.189912735423675,3.30888129013209,0.000976566718955659,0.00154227213985417
"ENSG00000168081","PNOC",0.180988630480606,3.30655995790068,0.000984588471470075,0.00155444974971594
"ENSG00000140323","DISP2",-0.211925494020453,-3.30394889470377,0.000993684455260202,0.00156831511246875
"ENSG00000226465","RP13-401N8.1",-0.257107686042123,-3.29625229606834,0.00102095203155078,0.00161084258685829
"ENSG00000139055","ERP27",0.191798601281361,3.29580085494088,0.00102257274440594,0.00161289076404723
"ENSG00000150782","IL18",0.163410045070324,3.29195855185962,0.00103646381276454,0.00163428541905478
"ENSG00000279618","CTD-2196E14.7",-0.22561468268854,-3.29069291924853,0.00104107761750729,0.00164104290275423
"ENSG00000146005","PSD2",-0.1634850892542,-3.28916623794366,0.00104666839575027,0.00164933563780377
"ENSG00000166148","AVPR1A",-0.115530477405202,-3.28863912632428,0.00104860515739206,0.00165186697761825
"ENSG00000178233","TMEM151B",0.202938178150912,3.28698406602756,0.00105470794217425,0.00166095738925079
"ENSG00000133106","EPSTI1",0.199221328138373,3.28567952252877,0.00105954143157893,0.00166804381545801
"ENSG00000100033","PRODH",-0.261461761544553,-3.28192012155591,0.00107358552651356,0.00168962153999616
"ENSG00000178947","SMIM10L2A",0.169440093901774,3.2807270811036,0.00107807833186615,0.00169615848311226
"ENSG00000164520","RAET1E",-0.205434375207179,-3.27998779725646,0.00108087109649,0.00170001745279963
"ENSG00000103196","CRISPLD2",-0.168138918953739,-3.27904169193034,0.00108445494197828,0.00170511783329918
"ENSG00000160654","CD3G",0.178992267501318,3.27715521155021,0.0010916338134708,0.0017158657866564
"ENSG00000196581","AJAP1",-0.160084678338237,-3.26951555903787,0.00112115851147376,0.00176171984832457
"ENSG00000111249","CUX2",-0.224248584371963,-3.26935971692878,0.00112176841504619,0.00176212443456831
"ENSG00000180447","GAS1",0.151034949133933,3.2674780810744,0.00112915667816394,0.00177290277145156
"ENSG00000182566","CLEC4G",0.274496628036485,3.26743177523437,0.00112933906541465,0.00177290277145156
"ENSG00000163462","TRIM46",0.178033783712197,3.26696052397457,0.00113119675991929,0.00177526170734352
"ENSG00000004848","ARX",-0.259623706984907,-3.26679191144339,0.0011318621255462,0.00177574854964889
"ENSG00000261063","RP11-538I12.2",-0.242892232728492,-3.26622110956158,0.00113411727070712,0.00177872846723199
"ENSG00000165168","CYBB",0.176316780598263,3.26130955816766,0.00115369466037796,0.00180886588331446
"ENSG00000211658","IGLV3-27",0.246757817558407,3.25480403140907,0.00118010746256448,0.0018496982171857
"ENSG00000280282","LLNLR-259H9.1",0.224554193924317,3.25461537863534,0.00118088168918725,0.0018503316972536
"ENSG00000259134","LINC00924",-0.17980609473635,-3.25236137386691,0.00119016851197922,0.00186418338773896
"ENSG00000154118","JPH3",-0.172823193296971,-3.25228907454882,0.0011904675114101,0.00186418338773896
"ENSG00000154227","CERS3",0.196844868793248,3.25119969299236,0.0011949811573262,0.00187066555624014
"ENSG00000092051","JPH4",-0.118323826401248,-3.25099599555069,0.00119582689472352,0.00187140359111662
"ENSG00000251039","IGKV2D-40",0.288836313530205,3.24499779499952,0.00122098072206511,0.00191017009084029
"ENSG00000211689","TRGC1",-0.219385774959747,-3.24489652723225,0.00122140956662264,0.00191024330094252
"ENSG00000211751","TRBV25-1",0.192269744787367,3.24380579792108,0.00122603738474855,0.00191688146458498
"ENSG00000082497","SERTAD4",0.125244899347578,3.24282324785787,0.0012302200970249,0.00192281978278353
"ENSG00000188573","FBLL1",-0.216882338415703,-3.24150096780927,0.00123586987875112,0.00193104668554862
"ENSG00000237975","FLG-AS1",-0.189626544404994,-3.23735931674084,0.00125372186257509,0.00195832843263837
"ENSG00000223802","CERS1",0.17859085785935,3.23633484194456,0.00125817435922396,0.00196466951783879
"ENSG00000094804","CDC6",0.173802086738642,3.23294771671594,0.00127299955842125,0.00198719881114776
"ENSG00000107518","ATRNL1",-0.257937418396505,-3.23190479200402,0.00127759679106504,0.00199375279504532
"ENSG00000236819","LINC01563",0.223698744194337,3.23171195620703,0.00127844849505559,0.00199445943066395
"ENSG00000180921","FAM83H",-0.0836925781342055,-3.22210576506225,0.0013215470758629,0.00206105283197583
"ENSG00000187479","C11orf96",-0.124511116077865,-3.21969078640946,0.00133259124888713,0.00207762901292037
"ENSG00000141526","SLC16A3",0.179593075487548,3.21596529223829,0.0013497960835237,0.00210379688828507
"ENSG00000167880","EVPL",-0.0806629291596201,-3.2148862462278,0.0013548174678118,0.0021109652038202
"ENSG00000232224","LINC00202-1",0.259296974600368,3.21434779341954,0.00135732963087696,0.00211422060884262
"ENSG00000248441","LINC01197",-0.143299493458167,-3.21220231722806,0.00136738220190362,0.00212921551215139
"ENSG00000171724","VAT1L",0.132977004067293,3.20839555251293,0.00138538818773318,0.00215658186135302
"ENSG00000235288","RP11-70C1.3",-0.274055572379896,-3.20653345578795,0.00139427545314611,0.00216974082344555
"ENSG00000160183","TMPRSS3",0.186567110301242,3.2060526183563,0.00139657889561303,0.00217264918421443
"ENSG00000225932","CTAGE4",-0.179694312614252,-3.2057407933805,0.00139807456567206,0.00217429948004986
"ENSG00000175206","NPPA",-0.211999737740452,-3.20447579682313,0.00140415731739028,0.00218308040639037
"ENSG00000138080","EMILIN1",-0.155901606550842,-3.20323878017508,0.00141012915940037,0.00219168349300647
"ENSG00000260001","TGFBR3L",-0.302301979981302,-3.19994096430544,0.00142616457288899,0.00221591760859072
"ENSG00000270412","RP11-92C4.6",-0.113090821437275,-3.19803079885754,0.00143552947869251,0.00222977551831703
"ENSG00000176697","BDNF",-0.24232713436702,-3.19402513671123,0.00145535258608827,0.00225986426411222
"ENSG00000099958","DERL3",0.179917278158833,3.18820703700383,0.00148459547548346,0.00230455677659649
"ENSG00000172020","GAP43",-0.116779148128546,-3.1879619400949,0.00148583920396782,0.00230577157661053
"ENSG00000184343","SRPK3",0.278392169998205,3.18761353693875,0.00148760880865402,0.00230780144066711
"ENSG00000128713","HOXD11",0.167070273827392,3.18681029235909,0.00149169605296826,0.00231342439976468
"ENSG00000120322","PCDHB8",-0.228888405137133,-3.18522588487429,0.00149978858374396,0.00232525361820769
"ENSG00000106484","MEST",-0.167677351694672,-3.1840068883546,0.00150604229715509,0.00233416481232306
"ENSG00000267653","RP1-193H18.3",-0.234515101315443,-3.18392369559174,0.0015064699698733,0.00233416481232306
"ENSG00000162595","DIRAS3",-0.202146841182659,-3.18294660466991,0.00151150133992337,0.00234123503705603
"ENSG00000106631","MYL7",-0.262502838069662,-3.18214247681063,0.00151565369278959,0.00234693975346794
"ENSG00000204936","CD177",-0.250325897254054,-3.17897424870907,0.00153211642873388,0.00237169725810198
"ENSG00000253404","AC034243.1",-0.202708208576099,-3.17744514311074,0.00154012085232446,0.0023833501273978
"ENSG00000066032","CTNNA2",-0.210707555422445,-3.17551407258832,0.00155028457366416,0.00239833628351509
"ENSG00000110076","NRXN2",-0.146415080166595,-3.17349441504244,0.00156098072436975,0.00241413659815922
"ENSG00000105967","TFEC",0.169323072339911,3.17322793081939,0.0015623971032603,0.00241557993701346
"ENSG00000138769","CDKL2",-0.253464307464313,-3.17249145062224,0.00156631770559283,0.00242089289890701
"ENSG00000271581","XXbac-BPG248L24.12",0.147075426966709,3.17230359549443,0.00156731919117319,0.00242169219896969
"ENSG00000132170","PPARG",-0.142233982253221,-3.16947337611334,0.0015824792002175,0.00244436082826306
"ENSG00000070388","FGF22",-0.231329253670823,-3.1686991697596,0.00158664971442546,0.00245004588391825
"ENSG00000048540","LMO3",0.159379236333199,3.1644628624859,0.00160964999464016,0.00248479468144513
"ENSG00000120251","GRIA2",-0.274956257477145,-3.15991881586104,0.0016346625578948,0.00252262740415865
"ENSG00000163519","TRAT1",0.19508822330546,3.15836319323219,0.00164330743577399,0.00253518580033013
"ENSG00000133317","LGALS12",-0.220480572683017,-3.15589879357412,0.00165708885908604,0.00255565832678292
"ENSG00000123610","TNFAIP6",-0.123703060327224,-3.15386822068605,0.00166852420248982,0.00257250108308637
"ENSG00000167654","ATCAY",0.145018982904614,3.15269128560118,0.00167518546260125,0.00258197512731389
"ENSG00000095713","CRTAC1",0.185952783690148,3.15224201791022,0.00167773470145323,0.00258510739823302
"ENSG00000035720","STAP1",0.159440397808437,3.15066349279397,0.00168671995856765,0.00259815150734388
"ENSG00000240204","SMKR1",-0.125139343708441,-3.14902076001619,0.00169611776844796,0.00261182286487212
"ENSG00000239855","IGKV1-6",0.184431261608467,3.14688024929778,0.0017084356827743,0.00262998103875354
"ENSG00000274641","HIST1H2BO",0.182248407108435,3.14622494104815,0.00171222320715834,0.00263500031880322
"ENSG00000186235","AC016757.3",0.276534837996102,3.14601114556547,0.0017134605664813,0.002636093179202
"ENSG00000170231","FABP6",0.256838667790913,3.1447854287623,0.00172057042086461,0.00264621719603908
"ENSG00000111245","MYL2",0.175237920485823,3.14023677503598,0.00174719344683605,0.00268633678787831
"ENSG00000053918","KCNQ1",-0.127330240834976,-3.13716166968068,0.00176540628949435,0.0027135049023891
"ENSG00000100450","GZMH",0.16901443016486,3.13377919389137,0.00178564141639441,0.0027437637006675
"ENSG00000135842","FAM129A",-0.190682336942126,-3.13355954998712,0.00178696275756814,0.00274495047245491
"ENSG00000159184","HOXB13",0.291146515185691,3.13145894338295,0.00179964521479048,0.00276358294654557
"ENSG00000134531","EMP1",0.130750579452918,3.13070129731745,0.00180423981878348,0.00276978787040756
"ENSG00000267082","CTC-510F12.2",-0.272166635797329,-3.12738395501025,0.00182448467309055,0.00279943942378013
"ENSG00000078596","ITM2A",-0.197916336499214,-3.12735299147983,0.00182467461641989,0.00279943942378013
"ENSG00000164949","GEM",-0.139661665578928,-3.12577436708902,0.00183438272015413,0.0028128129410894
"ENSG00000226051","ZNF503-AS1",0.195547453621395,3.1257526508098,0.00183451660017851,0.0028128129410894
"ENSG00000006468","ETV1",-0.121311068623035,-3.1220470764606,0.00185749348192325,0.00284716965346911
"ENSG00000164236","ANKRD33B",0.164033472353312,3.1207162255302,0.00186581002800229,0.00285904080294559
"ENSG00000248309","MEF2C-AS1",0.236367150704907,3.11924576568997,0.00187503883554311,0.0028723021377805
"ENSG00000187122","SLIT1",-0.227629544540282,-3.11845572058628,0.00188001459683269,0.00287904226161208
"ENSG00000203727","SAMD5",0.165364763710629,3.11772022177922,0.00188465773973119,0.00288526904429148
"ENSG00000279296","RP11-609D21.3",0.236934574118156,3.1149287674762,0.00190237614351015,0.00291150312750252
"ENSG00000118898","PPL",0.114035960332872,3.11169942377685,0.00192306513618291,0.0029422661202309
"ENSG00000100385","IL2RB",0.186577315869554,3.11066146564495,0.00192975870746232,0.00295160401875546
"ENSG00000280874","AC239868.2",-0.121424623813748,-3.10985002973015,0.00193500640378449,0.00295872538804968
"ENSG00000173705","SUSD5",0.164303367445218,3.10790868060428,0.00194761475787703,0.00297709379070167
"ENSG00000151322","NPAS3",0.136920738345296,3.10715023928438,0.00195256105111878,0.0029837424375287
"ENSG00000082482","KCNK2",0.172848215380588,3.10668958510581,0.00195557091605805,0.00298742883601902
"ENSG00000110786","PTPN5",-0.148213269816147,-3.10221439468658,0.00198503421450979,0.0030315122396301
"ENSG00000106511","MEOX2",-0.13929544594364,-3.10197178255638,0.00198664310382399,0.00303304290660151
"ENSG00000236698","EIF1AXP1",0.137144282896146,3.10020136441649,0.00199842003126032,0.00305009162280269
"ENSG00000180739","S1PR5",0.144646057386237,3.09937505895194,0.00200393860589404,0.00305758102821795
"ENSG00000104899","AMH",-0.252509378798014,-3.08779468859911,0.00208276785605607,0.00317688812699217
"ENSG00000101938","CHRDL1",0.189129241682343,3.08645759672796,0.00209205083184386,0.00319007446148804
"ENSG00000233237","LINC00472",-0.197820680303956,-3.08518788899945,0.00210090115838762,0.00320259322924942
"ENSG00000277991","CH507-338C24.1",0.268495309676653,3.08432683592258,0.00210692257302827,0.00321079331458134
"ENSG00000072182","ASIC4",0.16487684055992,3.08317814486692,0.00211498014973628,0.00322209041702663
"ENSG00000211951","IGHV2-26",0.219147914200605,3.08249266158777,0.00211980199955305,0.00322845263410456
"ENSG00000237641","RP11-690I21.1",-0.23409954021408,-3.082277393726,0.00212131832651149,0.0032297782072343
"ENSG00000073282","TP63",-0.171090468145757,-3.08134380881284,0.00212790595055525,0.00323882184254985
"ENSG00000135094","SDS",-0.108145259875286,-3.07972476573761,0.00213937492146126,0.00325528746418329
"ENSG00000075826","SEC31B",-0.166458016265171,-3.07049764341573,0.00220582895344619,0.00335538325744781
"ENSG00000123342","MMP19",-0.121460172242659,-3.0593427805072,0.00228869523034748,0.0034803759585576
"ENSG00000169900","PYDC1",-0.302824300172162,-3.05817300504012,0.00229754865340707,0.00349277691305422
"ENSG00000145850","TIMD4",0.172574681705643,3.05744106180851,0.00230310432400608,0.0035001585471217
"ENSG00000157654","PALM2-AKAP2",0.163364486574647,3.05287000516123,0.00233807981072667,0.0035522330761572
"ENSG00000230953","RP4-631H13.6",-0.273673537381621,-3.048813164244,0.00236952819197094,0.00359891888209438
"ENSG00000104413","ESRP1",0.0414948350713946,3.0484557167023,0.00237231761879359,0.00360206137077678
"ENSG00000167641","PPP1R14A",0.138002664904109,3.04212205276624,0.0024222459977506,0.00367675470211081
"ENSG00000279204","RP11-175K6.2",-0.133793464600944,-3.03995797420258,0.0024395250955702,0.00370185902210955
"ENSG00000282164","RP11-570L14.2",-0.155325811875086,-3.03769029596406,0.00245775257446429,0.00372838679378685
"ENSG00000198075","SULT1C4",-0.154134395695776,-3.03241815997392,0.00250061326397326,0.00379225548069951
"ENSG00000162733","DDR2",0.134342038888867,3.0274322326472,0.00254177633292948,0.00385351172366506
"ENSG00000110448","CD5",0.190566081300579,3.02711109775484,0.00254444873809053,0.00385639396497504
"ENSG00000117594","HSD11B1",0.140261652346442,3.02563863846171,0.00255673517456076,0.00387384117357691
"ENSG00000260230","FRRS1L",0.188331549622027,3.02416483663056,0.00256908721946966,0.00389137718792738
"ENSG00000112175","BMP5",0.22531089685527,3.0227149186674,0.00258129241517714,0.00390868021680367
"ENSG00000198597","ZNF536",-0.172247336242651,-3.01719088951099,0.00262828112628948,0.00397862719692625
"ENSG00000269068","RP11-256I23.2",0.249907094422309,3.01650220508181,0.00263419383709428,0.00398637081884728
"ENSG00000181409","AATK",-0.144341301617471,-3.01364685261967,0.00265883868174992,0.00402244883774572
"ENSG00000268790","CTC-429P9.4",-0.177048014521757,-3.01137445447637,0.00267860265199767,0.00405112318813924
"ENSG00000124194","GDAP1L1",-0.185808536450069,-3.01118365023411,0.00268026825975073,0.00405241647981665
"ENSG00000087258","GNAO1",-0.177035119825994,-3.00825371937955,0.00270596417066178,0.00409003048769919
"ENSG00000156535","CD109",0.174207717426831,3.00791559541433,0.00270894403431906,0.00409329712045794
"ENSG00000137960","GIPC2",-0.1452199362135,-3.00757020327384,0.00271199105291622,0.00409666322192783
"ENSG00000243290","IGKV1-12",0.210295201319724,3.00523295848167,0.00273269259625486,0.00412668770198559
"ENSG00000012504","NR1H4",0.116381012121225,3.00015380710845,0.00277817940753942,0.00419411142442545
"ENSG00000211772","TRBC2",0.196643938382409,2.99886195419086,0.00278985870357067,0.00421047193415434
"ENSG00000154263","ABCA10",-0.176796024662389,-2.99829703828927,0.0027949800600544,0.00421692827407121
"ENSG00000276775","IGHV4-4",0.238037777154468,2.9973198767347,0.00280385902188189,0.00422904829846439
"ENSG00000211669","IGLV3-10",0.185854055656108,2.99560680574107,0.00281948710995507,0.00425133762055952
"ENSG00000225217","HSPA7",0.159736362751517,2.99547630855527,0.00282068087629075,0.00425185540592516
"ENSG00000235531","MSC-AS1",-0.137391275818808,-2.9917063590556,0.00285536799515331,0.00430284508009841
"ENSG00000281134","AC239868.3",-0.117921096199993,-2.98762489777661,0.00289336080455414,0.00435878397793633
"ENSG00000146477","SLC22A3",0.170198105120626,2.9869306801233,0.00289986883027658,0.00436690129600108
"ENSG00000127129","EDN2",0.128551224739893,2.98686387153891,0.00290049584080392,0.00436690129600108
"ENSG00000198203","SULT1C2",-0.160805490476587,-2.98500667817022,0.00291797563164542,0.00439089929832941
"ENSG00000278771","Metazoa_SRP",0.187976325501423,2.98498378783524,0.00291819167366973,0.00439089929832941
"ENSG00000155961","RAB39B",-0.213554242408917,-2.98411482314673,0.00292640390133688,0.00440193125953201
"ENSG00000171450","CDK5R2",0.205296262616988,2.9836651671064,0.00293066170599935,0.00440701008420955
"ENSG00000175643","RMI2",0.122095405689632,2.97778780176472,0.00298683786930281,0.00449013510117681
"ENSG00000116132","PRRX1",-0.105194048688811,-2.97104280885201,0.00305251860463295,0.0045874941458265
"ENSG00000089127","OAS1",-0.179306207265624,-2.96578137431691,0.0031046661255042,0.00466446232798107
"ENSG00000276691","RP5-1057I20.5",-0.238255037350851,-2.96362529059473,0.00312626972957829,0.00469550875574991
"ENSG00000226453","RP11-379B8.1",0.202907907051968,2.96255887297604,0.0031370057269641,0.0047102188092554
"ENSG00000170509","HSD17B13",-0.227450637104871,-2.96163416555936,0.00314634232318877,0.00472281945840404
"ENSG00000053328","METTL24",-0.169500458759238,-2.95773013666291,0.00318604094795294,0.00478097381145399
"ENSG00000060709","RIMBP2",-0.180291265977429,-2.95530264671629,0.00321095523414594,0.00481691454267318
"ENSG00000176387","HSD11B2",-0.107665899530655,-2.95154151622762,0.00324990863425716,0.00487388817375099
"ENSG00000153563","CD8A",0.179197229519158,2.95109422599123,0.00325456972923138,0.00487941488640387
"ENSG00000215808","LINC01139",0.206833922469823,2.95049195596182,0.00326085546716885,0.00488737330211158
"ENSG00000134827","TCN1",-0.222818974368693,-2.94980223451814,0.00326806752179549,0.00489671489630729
"ENSG00000165887","ANKRD2",-0.165887034674569,-2.94850812150429,0.00328163867582724,0.00491557620705099
"ENSG00000211625","IGKV3D-20",0.187952136383902,2.9459410955271,0.00330871096444018,0.00495464355262081
"ENSG00000226065","ZBTB45P2",0.192812772731068,2.94547216657178,0.00331367832582736,0.00496059629614874
"ENSG00000141738","GRB7",-0.0963438025393959,-2.94516247429773,0.00331696262393065,0.00496402667454453
"ENSG00000175497","DPP10",0.243683669604375,2.94207364813483,0.00334988265734149,0.00501179332337148
"ENSG00000169860","P2RY1",0.130586416805733,2.94046519103747,0.00336714300518338,0.00503610978938585
"ENSG00000171246","NPTX1",-0.167167716797203,-2.93911626454812,0.00338168083547001,0.00505634096212622
"ENSG00000255201","RP11-350N15.4",-0.202382040775786,-2.93696784950645,0.00340495326429086,0.0050896162395977
"ENSG00000173372","C1QA",0.110470304754199,2.93472416795911,0.00342941350239548,0.00512464659652642
"ENSG00000182870","GALNT9",0.192181117282477,2.93391047316621,0.00343832378590889,0.00513642633090662
"ENSG00000163508","EOMES",0.204208321830222,2.93049669962081,0.00347593650513901,0.00519106407577511
"ENSG00000273108","RP11-416N2.4",-0.193301918994407,-2.92815861878747,0.0035019133551779,0.00522829703669439
"ENSG00000091583","APOH",0.0909845877810135,2.92549217807859,0.00353175430932608,0.00527003014437638
"ENSG00000225670","CADM3-AS1",-0.205468662070786,-2.92547260581976,0.00353197420276105,0.00527003014437638
"ENSG00000108813","DLX4",0.191546476840247,2.92478727090603,0.00353968178233966,0.00527995492592431
"ENSG00000272927","RP11-1191J2.5",-0.204598516077245,-2.92370838904421,0.0035518464319099,0.00529652017880987
"ENSG00000131459","GFPT2",0.114272310479016,2.92320161167046,0.00355757360874167,0.00530347884427798
"ENSG00000211632","IGKV3D-11",0.200761766718718,2.92121495173675,0.00358010644604717,0.00533547905521188
"ENSG00000169181","GSG1L",-0.206729927181397,-2.91947056534119,0.00359999854802484,0.00536352584628254
"ENSG00000013297","CLDN11",-0.152163437642696,-2.9178608965247,0.0036184436874971,0.0053894007856674
"ENSG00000135298","ADGRB3",-0.146408784857088,-2.9160974809974,0.00363874940735609,0.00541803068397274
"ENSG00000124507","PACSIN1",-0.12286819804474,-2.91360047015143,0.00366768006767688,0.00545948208942673
"ENSG00000230943","RP11-367G18.1",0.20122650619566,2.91224187641865,0.00368350875864016,0.00548141184321453
"ENSG00000156738","MS4A1",0.226655649877276,2.91111872833662,0.00369664127476225,0.00549931757626041
"ENSG00000249590","RP4-539M6.19",-0.0805334050027258,-2.91015728483336,0.00370791690460992,0.00551445107764711
"ENSG00000227053","RP11-395B7.4",-0.179715303201604,-2.9085855055702,0.00372641791519534,0.00554031804221728
"ENSG00000224272","AC114730.3",-0.227763167274965,-2.90676865388951,0.00374790833240975,0.00557061286029987
"ENSG00000154914","USP43",0.0864051755256788,2.90250336966341,0.00379880388647215,0.00564458229787839
"ENSG00000129596","CDO1",-0.14044206236503,-2.90040782769931,0.00382403875715403,0.00568039031068633
"ENSG00000184672","RALYL",0.188334629645231,2.89575367408498,0.00388063149619904,0.00576274353459911
"ENSG00000259460","RP11-128A17.1",0.241816311613969,2.89565869264843,0.00388179432907607,0.00576275880207254
"ENSG00000186810","CXCR3",0.134585747280161,2.89072571421904,0.00394262514928793,0.00585132850888681
"ENSG00000111816","FRK",-0.127424470425158,-2.88892273201509,0.0039650740882815,0.00588289924077373
"ENSG00000230798","FOXD3-AS1",0.202322097152721,2.88255834895961,0.00404524979138119,0.0060000738525381
"ENSG00000099957","P2RX6",-0.187095922745449,-2.8810698014162,0.00406421332645352,0.00602641359201293
"ENSG00000099834","CDHR5",0.16183082224385,2.88064758970582,0.00406960684055491,0.00603262205833814
"ENSG00000211721","TRBV6-5",0.184013180984003,2.87739311030476,0.00411139987882288,0.00609276804804814
"ENSG00000118407","FILIP1",-0.107455909082578,-2.87689358460103,0.00411784906476866,0.00609996209979235
"ENSG00000223814","RP11-543D5.2",-0.225269061483339,-2.87682816060712,0.0041186944097798,0.00609996209979235
"ENSG00000142611","PRDM16",-0.131099770444166,-2.87552383366012,0.00413558060766191,0.00612315754761905
"ENSG00000103710","RASL12",0.0945451981674782,2.87506996129854,0.00414147131520824,0.00613006411368892
"ENSG00000039068","CDH1",-0.0941061208921792,-2.87493510865256,0.00414322300654718,0.00613084197476647
"ENSG00000277632","CCL3",0.114100473357719,2.87450371890282,0.0041488311409452,0.00613732417299586
"ENSG00000196664","TLR7",-0.132771424306701,-2.87343926250762,0.00416269877065305,0.00615601711128815
"ENSG00000088756","ARHGAP28",0.132686107973052,2.872662862626,0.00417284018606465,0.00616919010358465
"ENSG00000136573","BLK",0.216142143843025,2.86977202040989,0.00421079843085317,0.00622346797347498
"ENSG00000082074","FYB",0.156506765762825,2.86503419797744,0.00427368746474485,0.00631455003656154
"ENSG00000110492","MDK",0.128624954609065,2.86274826376042,0.0043043346885882,0.006357953749761
"ENSG00000135373","EHF",0.119329341197269,2.8621482315992,0.00431241225202965,0.006368003916169
"ENSG00000224958","PGM5-AS1",-0.211000020922526,-2.86188852066768,0.00431591271801647,0.00637129128729919
"ENSG00000224557","HLA-DPB2",0.142617749898323,2.86176822703104,0.00431753494803869,0.00637180482296146
"ENSG00000277831","RP11-269C23.5",-0.224236641192031,-2.85968324501898,0.00434574027987649,0.00641153773956402
"ENSG00000158769","F11R",0.097287148584408,2.85921146929293,0.00435214556431377,0.00641909375267517
"ENSG00000255443","RP1-68D18.4",0.184763665739999,2.85892155021612,0.00435608603882941,0.0064215596393108
"ENSG00000135744","AGT",-0.16166564780952,-2.85889948606958,0.00435638605930844,0.0064215596393108
"ENSG00000204950","LRRC10B",-0.17210845615838,-2.85848510007169,0.00436202422077408,0.00642797556848523
"ENSG00000151320","AKAP6",0.12343518816691,2.85738794367333,0.00437698421249851,0.00644632842012806
"ENSG00000135114","OASL",0.171488374336881,2.85738261401342,0.00437705699726695,0.00644632842012806
"ENSG00000268027","AC006129.2",0.172140022459199,2.85721442864942,0.00437935439379617,0.00644781271171403
"ENSG00000144649","FAM198A",0.172456951120963,2.85699037594072,0.00438241663407329,0.00645042189295451
"ENSG00000147206","NXF3",-0.174949078140676,-2.85674069991744,0.00438583137152832,0.00645354822178976
"ENSG00000137142","IGFBPL1",0.17495815608566,2.85448121334496,0.00441684367281359,0.0064972693039329
"ENSG00000153012","LGI2",0.120074801685992,2.85434713441048,0.00441869019924161,0.00649807382241414
"ENSG00000081237","PTPRC",0.170353141217708,2.84808984965904,0.00450564866479373,0.00662400568184906
"ENSG00000260105","AOC4P",-0.16041733191223,-2.84437132679503,0.00455805844780333,0.00669908649001077
"ENSG00000196876","SCN8A",-0.19763165188142,-2.83674638050287,0.00466726019999734,0.00685756714663141
"ENSG00000255301","RP11-624G17.3",-0.0732665914583239,-2.83635166724355,0.00467297721426186,0.00686395007970308
"ENSG00000241244","IGKV1D-16",0.200858818137647,2.83441760490426,0.00470108202586747,0.00690320414958512
"ENSG00000249669","MIR143HG",-0.11248148423599,-2.83387137278454,0.00470904730713657,0.00691287038628387
"ENSG00000162670","BRINP3",0.275832712854696,2.82894548820989,0.00478143242462272,0.00701588538008341
"ENSG00000187556","NANOS3",0.147556726983161,2.82890527534472,0.00478202747506485,0.00701588538008341
"ENSG00000168389","MFSD2A",0.156587943021104,2.82871397325404,0.00478485918996367,0.00701798062476337
"ENSG00000122224","LY9",0.15147948582755,2.8277421056906,0.00479926857797793,0.0070370507008474
"ENSG00000244693","CTAGE8",-0.153034612932048,-2.8243524865598,0.00484983312481789,0.00710910748287583
"ENSG00000154975","CA10",0.172191794293751,2.82204513582889,0.00488452865988461,0.00715786732105013
"ENSG00000162951","LRRTM1",0.155998667572266,2.82149019955483,0.00489290669796988,0.00716804380013167
"ENSG00000278196","IGLV2-8",0.149411599332673,2.821034258008,0.00489979992585017,0.00717603972737284
"ENSG00000130283","GDF1",0.173759839435278,2.81934362388517,0.00492543693999864,0.00721057350424015
"ENSG00000174938","SEZ6L2",-0.154770470435814,-2.81928922821823,0.00492626381809687,0.00721057350424015
"ENSG00000223403","MEG9",-0.171260561890066,-2.81671520447644,0.0049655360997159,0.00726419441008052
"ENSG00000254995","STX16-NPEPL1",-0.191890647474137,-2.81669775470882,0.00496580329873105,0.00726419441008052
"ENSG00000166863","TAC3",0.201964372539702,2.81650534729543,0.00496875039495435,0.00726637963579168
"ENSG00000123570","RAB9B",0.130376080528846,2.81589955879569,0.00497803958277595,0.00727783564733326
"ENSG00000240382","IGKV1-17",0.148929385222168,2.81573499421354,0.00498056573932462,0.00727940037901874
"ENSG00000176194","CIDEA",-0.221528201001203,-2.81142600532387,0.00504712576446321,0.00737452624848512
"ENSG00000167157","PRRX2",0.086758923069039,2.8059499344053,0.00513287554583804,0.00749642365666463
"ENSG00000136235","GPNMB",0.105728450516391,2.80589856668094,0.00513368612002767,0.00749642365666463
"ENSG00000259658","RP11-89K11.1",0.228826479809805,2.80581213844604,0.00513505020481527,0.00749642365666463
"ENSG00000227403","AC009299.3",-0.187800297395663,-2.80415675265488,0.00516124034207053,0.00753245817581805
"ENSG00000211747","TRBV20-1",0.14355033194181,2.80177036177067,0.00519920867329698,0.0075856560742588
"ENSG00000254835","RNF185-AS1",-0.155787708069987,-2.79965074873538,0.00523314428726108,0.00763294090907392
"ENSG00000173391","OLR1",-0.10103993050423,-2.79953660550251,0.00523497742887108,0.00763338791028154
"ENSG00000156414","TDRD9",-0.182332735159106,-2.79757287886659,0.00526660603953496,0.00767726827920548
"ENSG00000211788","TRAV13-1",0.179696078700057,2.79667486896451,0.00528112730490551,0.00769619251662126
"ENSG00000224137","AC079767.4",0.123737264812991,2.791430995099,0.00536664919545946,0.00781854486517987
"ENSG00000142675","CNKSR1",-0.0772494094709786,-2.7855645102309,0.00546380842529017,0.00795777516063235
"ENSG00000278989","RP11-762L8.6",-0.160642133888056,-2.78491832054188,0.00547460713278514,0.00797118103201098
"ENSG00000204959","ARHGEF34P",-0.117309683932069,-2.78358097763725,0.00549701727330238,0.00800148074716504
"ENSG00000139219","COL2A1",0.239600260503717,2.78311702958678,0.00550481110755841,0.00801049346268686
"ENSG00000103723","AP3B2",0.178648696001633,2.78233970108809,0.00551789179650988,0.00802719202285406
"ENSG00000121807","CCR2",0.156708413279067,2.78080495254583,0.00554380070814964,0.00806253738823392
"ENSG00000211664","IGLV2-18",0.189395250538451,2.77823449265637,0.00558744045985255,0.00812364126178039
"ENSG00000254894","NAV2-AS1",0.226208315305893,2.77756939294986,0.00559878258086682,0.00813776537916689
"ENSG00000176406","RIMS2",0.194022994375981,2.77648508352702,0.00561731822074788,0.00816233394470775
"ENSG00000134917","ADAMTS8",-0.17091702050966,-2.77502123724665,0.0056424298000598,0.00819644073221935
"ENSG00000100558","PLEK2",-0.0698410801228972,-2.77250867445695,0.00568576820743822,0.00825677169006341
"ENSG00000271824","AC009014.3",-0.199446925218372,-2.77242224492819,0.00568726434011568,0.00825677169006341
"ENSG00000270607","RP11-359E10.1",-0.159228346562277,-2.77162733323862,0.00570104129673719,0.00827437053227458
"ENSG00000274536","RP6-159A1.4",0.168121018658854,2.7709522081061,0.00571276585365825,0.00828898121540663
"ENSG00000251791","SCARNA6",-0.229400115954803,-2.77007451078424,0.00572804094922612,0.00830873360781276
"ENSG00000169509","CRCT1",0.124972091316104,2.76617276039514,0.0057963930499567,0.00840544235782584
"ENSG00000127561","SYNGR3",-0.151171398653089,-2.76512578035381,0.00581485931490902,0.00842863843795691
"ENSG00000265287","RP11-192H23.6",0.237442651643097,2.76507476158285,0.00581576052219027,0.00842863843795691
"ENSG00000235034","C19orf81",-0.244495328222434,-2.76429953426363,0.00582946984552091,0.00844605888948262
"ENSG00000226887","ERVMER34-1",0.12228894171006,2.76302494729249,0.0058520734277307,0.00847635201003867
"ENSG00000122194","PLG",0.185342472162778,2.76019469044511,0.00590254857806643,0.00854675396005465
"ENSG00000105409","ATP1A3",-0.149391390590257,-2.76010817737298,0.00590409763560576,0.00854675396005465
"ENSG00000234449","RP11-706O15.3",0.196524128812119,2.75955611514381,0.00591399121881441,0.0085585980011786
"ENSG00000135750","KCNK1",0.182687859482015,2.75858963847719,0.00593134762644901,0.00858123209845054
"ENSG00000171320","ESCO2",0.10306366411403,2.75047802370198,0.0060788420238346,0.00879207697980127
"ENSG00000105996","HOXA2",0.137583140518148,2.74581336608667,0.00616515115426067,0.00891433076093215
"ENSG00000275367","RP11-266K4.14",-0.134323793527647,-2.74534679682234,0.00617384451251975,0.00892431990823901
"ENSG00000262223","RP11-1055B8.3",0.188420717900879,2.74220039226604,0.00623275923940235,0.00900687751358721
"ENSG00000124140","SLC12A5",0.16576891696166,2.74183660414566,0.00623960357506162,0.00901416292265475
"ENSG00000228594","C1orf233",-0.11660776981439,-2.74159651814329,0.00624412428240617,0.00901808821837979
"ENSG00000128849","CGNL1",-0.123741994491723,-2.74131657942874,0.00624939912766462,0.00902310009769654
"ENSG00000162062","C16orf59",0.119103417815558,2.74082331961544,0.00625870333173248,0.00903392513240831
"ENSG00000087128","TMPRSS11E",-0.156056312478196,-2.74012355823865,0.00627192414163977,0.00905039558678178
"ENSG00000263873","RP11-334E6.12",-0.151459489506745,-2.73910070876958,0.00629129446856867,0.0090757277388469
"ENSG00000186487","MYT1L",0.163834532587628,2.73256411238968,0.00641636104961392,0.00925347714106421
"ENSG00000145681","HAPLN1",0.163949549665996,2.73234730584237,0.00642054740404942,0.00925684458484633
"ENSG00000166250","CLMP",0.103431104462847,2.7285221993163,0.00649481303912356,0.00936121798662952
"ENSG00000123689","G0S2",0.180649831963091,2.72657416128796,0.00653293152469867,0.00941344600100672
"ENSG00000128918","ALDH1A2",-0.163678850290555,-2.72644792810901,0.00653540854904861,0.00941430214498503
"ENSG00000167306","MYO5B",0.073022959474755,2.721185583837,0.00663942541224787,0.00956138452224635
"ENSG00000253764","RP11-439C15.4",-0.209749429556007,-2.72075002282433,0.00664810128607477,0.00957112192063745
"ENSG00000115919","KYNU",0.182806781128316,2.71982148141446,0.00666663085741582,0.00959503577636129
"ENSG00000168447","SCNN1B",0.131414964327245,2.71930238545019,0.00667700997025193,0.00960720859029054
"ENSG00000147576","ADHFE1",-0.144900574175,-2.71611255766002,0.00674110937139419,0.00969664754228163
"ENSG00000160097","FNDC5",-0.124027046494574,-2.71314493053763,0.00680124062920027,0.00978032877365584
"ENSG00000205277","MUC12",-0.156079715502454,-2.71111979509072,0.00684255148149723,0.00983690552256647
"ENSG00000168952","STXBP6",0.16566609957247,2.7048535975762,0.00697181051194751,0.010019848393141
"ENSG00000266079","SNORA59B",0.237283411322418,2.70329319368296,0.00700433828388304,0.0100621618937818
"ENSG00000168405","CMAHP",-0.167820537482667,-2.70324825370191,0.00700527711045089,0.0100621618937818
"ENSG00000130224","LRCH2",-0.102668028651268,-2.70047375815249,0.00706345790812284,0.0101428172144211
"ENSG00000241294","IGKV2-24",0.146139271283706,2.69982424045054,0.00707714083877578,0.0101595475721731
"ENSG00000154736","ADAMTS5",0.116386805273775,2.69956241619536,0.00708266324444418,0.0101645568950117
"ENSG00000112303","VNN2",0.157982650073364,2.69946179514259,0.00708478657775122,0.0101646866251811
"ENSG00000255248","RP11-166D19.1",-0.0962940072814644,-2.69753639687207,0.00712552731755473,0.0102202055616103
"ENSG00000223878","AC005517.3",-0.166903770744459,-2.69196839033564,0.00724453267381706,0.0103879160794624
"ENSG00000274736","CCL23",0.158455334817125,2.69089922201464,0.00726758752219418,0.010417986700393
"ENSG00000243232","PCDHAC2",-0.132783766070702,-2.68851025133417,0.00731934022681717,0.0104891662751751
"ENSG00000135063","FAM189A2",0.143321973647997,2.68766186762986,0.00733779846892534,0.01051260525634
"ENSG00000204291","COL15A1",-0.08461416498073,-2.68560029541294,0.00738282646337225,0.0105740854531255
"ENSG00000267710","AC006116.20",-0.17803699831539,-2.68421266403695,0.00741327418140062,0.0106146537534373
"ENSG00000257335","MGAM",-0.213677864384029,-2.68288735110997,0.00744245979110673,0.0106533922002673
"ENSG00000206549","PRSS50",0.210385590601935,2.6790529474246,0.0075274820962275,0.0107720121583107
"ENSG00000260107","AC005606.15",0.238117180113569,2.67698518015589,0.00757369301870391,0.0108350400839827
"ENSG00000261416","RP11-455F5.5",0.232530039260965,2.6767871230304,0.00757813258704425,0.0108382903132784
"ENSG00000196361","ELAVL3",0.167424158405456,2.67574904585497,0.00760143995633081,0.0108685158083083
"ENSG00000164078","MST1R",-0.121406380767506,-2.67451850312459,0.00762915202157565,0.0109050200422751
"ENSG00000183690","EFHC2",-0.163116685641423,-2.66639853248078,0.00781430098686049,0.0111664775462425
"ENSG00000278763","FAM27B",0.234258745828025,2.66038342587912,0.0079540451377707,0.0113629216253867
"ENSG00000153823","PID1",0.131288320252022,2.65936927348673,0.00797782575884628,0.0113936386158901
"ENSG00000182492","BGN",-0.0884734131398441,-2.65707979601953,0.00803174585580845,0.011467369868373
"ENSG00000131711","MAP1B",0.112210601270409,2.65605072808547,0.00805608801678608,0.0114988410173938
"ENSG00000211611","IGKV6-21",0.191255088438697,2.65413115210274,0.0081016716587499,0.0115606045358874
"ENSG00000166405","RIC3",0.20220140965005,2.65309910690977,0.00812627484034597,0.0115924034812353
"ENSG00000256262","USP30-AS1",0.144666153225114,2.65120618473392,0.00817157487662278,0.0116537006226794
"ENSG00000069812","HES2",-0.119435276429533,-2.64590612843788,0.00829961884929088,0.0118329324911475
"ENSG00000244357","RN7SL145P",-0.223333974352924,-2.64515953351351,0.00831779959464267,0.0118554726263436
"ENSG00000236924","RP11-390F4.6",0.221530400502075,2.64201817723846,0.00839468815519374,0.0119616531136987
"ENSG00000261625","RP11-554A11.4",-0.147549415628243,-2.64038945303974,0.00843480335846397,0.0120153893995213
"ENSG00000230937","MIR205HG",-0.116155258301147,-2.63949266632102,0.00845696430547796,0.0120435264959812
"ENSG00000140807","NKD1",-0.133379281855878,-2.63800373654293,0.00849387321359561,0.0120926440968047
"ENSG00000223969","AC002456.2",-0.201007970012773,-2.63580834409496,0.00854855780154066,0.0121670335917174
"ENSG00000237580","GCSHP3",-0.190556027083357,-2.6343862135527,0.00858414944726105,0.0122142137838091
"ENSG00000123243","ITIH5",-0.124804106274838,-2.63362736861386,0.00860319530103534,0.0122378311536776
"ENSG00000237686","RP5-1120P11.1",0.16030485329108,2.63156163218513,0.00865523401069532,0.0123083532575303
"ENSG00000227544","AC018647.3",-0.144236132677608,-2.63066150239286,0.00867799753538101,0.0123372157170614
"ENSG00000168679","SLC16A4",-0.152590823097947,-2.62983455910247,0.00869895746261461,0.0123634983834773
"ENSG00000260729","RP11-106M3.2",-0.18986010564786,-2.62950676275177,0.00870727841327187,0.012371807918829
"ENSG00000164694","FNDC1",0.106712117120752,2.62920253213224,0.00871500753440827,0.0123792720659208
"ENSG00000221890","NPTXR",-0.151301020860675,-2.62762264479264,0.00875524416579474,0.0124316342091415
"ENSG00000107165","TYRP1",-0.1719448812852,-2.62755999572797,0.00875684313691926,0.0124316342091415
"ENSG00000204323","SMIM5",0.140701857041185,2.62693927410153,0.00877269973859473,0.0124506099043354
"ENSG00000187210","GCNT1",0.168086859640182,2.62591041303593,0.00879903905056668,0.0124844481421207
"ENSG00000167165","UGT1A6",0.172457907383091,2.62472778658569,0.00882940224984557,0.012523974822476
"ENSG00000130595","TNNT3",-0.166920560757271,-2.62456073864384,0.00883369865173893,0.0125265153881721
"ENSG00000139200","PIANP",-0.136457866662913,-2.62241517852283,0.00888904812906469,0.0126014291594339
"ENSG00000232229","LINC00865",-0.170346390088649,-2.61847740136636,0.0089914398041517,0.0127429702439792
"ENSG00000088827","SIGLEC1",0.128390475541868,2.61813605818906,0.00900036505024881,0.0127520048884228
"ENSG00000166869","CHP2",0.161153830417618,2.61649677871795,0.00904333851253692,0.0128092613492024
"ENSG00000152527","PLEKHH2",-0.131943006325509,-2.61288911944749,0.00913855977419245,0.0129404698020284
"ENSG00000164047","CAMP",-0.168288564735791,-2.61071324358061,0.00919642278060559,0.0130187185455912
"ENSG00000215018","COL28A1",0.149844553794919,2.60418128878221,0.00937209965973775,0.0132636564672201
"ENSG00000099984","GSTT2",-0.2376020444651,-2.60386804179333,0.0093805993020716,0.0132719288371132
"ENSG00000275479","RP11-334C17.6",0.219591711163566,2.60266680562624,0.00941325753558169,0.0133143670941749
"ENSG00000166206","GABRB3",-0.190943917264771,-2.59981789831444,0.00949111787993103,0.013420698359631
"ENSG00000184156","KCNQ3",0.119513324622992,2.59874930455797,0.00952047049761407,0.0134583976500057
"ENSG00000235280","MCF2L-AS1",0.0780820845972515,2.59694741293042,0.00957014937989318,0.0135248012717541
"ENSG00000215861","WI2-1896O14.1",-0.11943956025037,-2.59629400720668,0.0095882211685805,0.0135465119646517
"ENSG00000164089","ETNPPL",-0.169625524653858,-2.59339457360269,0.00966878149146878,0.013656471033148
"ENSG00000182489","XKRX",0.105267826789291,2.59206840348486,0.00970582997932989,0.0137011052700036
"ENSG00000166145","SPINT1",-0.0501805585289497,-2.59206722446543,0.00970586297327054,0.0137011052700036
"ENSG00000146285","SCML4",0.185882973674117,2.59095078848275,0.00973715054987686,0.0137413922521548
"ENSG00000205090","TMEM240",-0.123207930167699,-2.59002175026862,0.00976325500987978,0.013774343975564
"ENSG00000255100","RP11-21L23.3",-0.180871997999445,-2.58905122152785,0.0097905919992299,0.0138090155137234
"ENSG00000142623","PADI1",-0.152422671976914,-2.58602986584498,0.00987613287174035,0.0139257372697974
"ENSG00000100346","CACNA1I",-0.158295105890182,-2.58366436072866,0.00994357017622742,0.0140144930726064
"ENSG00000260306","RP11-645C24.5",0.198533517375844,2.58362540141086,0.00994468428432153,0.0140144930726064
"ENSG00000204165","CXorf65",0.192368327724094,2.5819106111378,0.00999383212528574,0.014079786031679
"ENSG00000095303","PTGS1",-0.117569886286535,-2.58163581173026,0.0100017283062491,0.0140869412764072
"ENSG00000116690","PRG4",-0.182348956091731,-2.58091863384599,0.0100223621713474,0.0141120278391262
"ENSG00000140465","CYP1A1",-0.186638961606658,-2.58019928740702,0.0100430965725145,0.0141372417968954
"ENSG00000261150","EPPK1",-0.100687152714941,-2.57849817196088,0.010092281765701,0.0142024792649887
"ENSG00000067646","ZFY",-0.0855033452231979,-2.5756711655865,0.0101744958196725,0.0143141471858082
"ENSG00000239961","LILRA4",-0.121333435751801,-2.57538169649785,0.0101829476843434,0.0143220079948571
"ENSG00000211694","TRGV10",0.184981033549895,2.57490969170124,0.0101967426228935,0.0143373771413014
"ENSG00000186439","TRDN",-0.171699746847389,-2.57418085569038,0.0102180765182721,0.0143633349989768
"ENSG00000129048","ACKR4",-0.13538373312414,-2.57296845843974,0.0102536530179896,0.0144092931674952
"ENSG00000225489","RP11-390F4.3",0.137437563827908,2.56231561180693,0.0105710292918926,0.0148511229163988
"ENSG00000136999","NOV",0.126755862696186,2.56019519117607,0.0106352368268217,0.0149353676368635
"ENSG00000116147","TNR",-0.130957549203928,-2.56013815077512,0.0106369688309742,0.0149353676368635
"ENSG00000243696","RP5-966M1.6",-0.128370083875265,-2.55885725244302,0.0106759289262495,0.0149858631755327
"ENSG00000145087","STXBP5L",0.171914842238979,2.55665747219253,0.0107431346331979,0.0150759677704152
"ENSG00000267228","RP11-49K24.6",0.188692027043426,2.55529877110179,0.0107848324468704,0.0151302363171583
"ENSG00000196263","ZNF471",0.138846113253705,2.55507872455805,0.0107915991031338,0.0151354826130909
"ENSG00000166448","TMEM130",-0.100110775825519,-2.55398585443456,0.0108252620285721,0.015178438065861
"ENSG00000034971","MYOC",-0.156223460460399,-2.55333885444108,0.0108452351601147,0.0152021799272703
"ENSG00000175311","ANKS4B",0.122047375522659,2.5531674430342,0.0108505321896809,0.0152053421940595
"ENSG00000197360","ZNF98",0.182540161289776,2.55298456251765,0.0108561861826078,0.0152090027775397
"ENSG00000155980","KIF5A",-0.131439947865493,-2.5523796109655,0.0108749077556901,0.0152309632432634
"ENSG00000017483","SLC38A5",0.145957060043836,2.55152162718929,0.0109015092707576,0.0152639446524189
"ENSG00000140297","GCNT3",0.140894688191947,2.55067688590601,0.0109277567908712,0.0152964120812867
"ENSG00000117091","CD48",0.118498709768263,2.54584422404983,0.0110790000716294,0.0155037784377685
"ENSG00000187627","RGPD1",0.191431010414861,2.54287215823701,0.0111729365194311,0.0156308569102281
"ENSG00000261349","RP3-465N24.5",0.224338326701898,2.54230913446791,0.0111908113300488,0.0156514843776907
"ENSG00000125384","PTGER2",-0.145409958311771,-2.54209633156153,0.0111975739938396,0.0156565631904916
"ENSG00000152270","PDE3B",0.179757340600934,2.54153672077502,0.0112153752216507,0.015673364009524
"ENSG00000185274","WBSCR17",0.112253976151405,2.54152151448255,0.0112158592852154,0.015673364009524
"ENSG00000125804","FAM182A",-0.152454166012405,-2.53978963959908,0.0112711120061275,0.0157461749177529
"ENSG00000110881","ASIC1",0.123360127649933,2.53896821133113,0.0112974029268241,0.0157784957078549
"ENSG00000072694","FCGR2B",0.116852167961828,2.53646471041198,0.0113778676440077,0.0158864390449703
"ENSG00000141934","PPAP2C",0.068603019996193,2.52921154765291,0.0116138755309478,0.0162114398812784
"ENSG00000170961","HAS2",0.109118391651384,2.52754720231992,0.0116686409878366,0.0162833393634337
"ENSG00000274752","TRBV12-3",0.175971455680491,2.52381008143343,0.0117924483920577,0.0164515184040983
"ENSG00000055732","MCOLN3",0.137187117602302,2.52013593885688,0.0119153057966259,0.016618278656382
"ENSG00000155659","VSIG4",0.108715890170361,2.51974325211042,0.0119285036246233,0.0166320463254648
"ENSG00000105852","PON3",0.187169654028436,2.51009870090134,0.0122567495704947,0.0170849589775504
"ENSG00000067840","PDZD4",-0.12584080915941,-2.50801486972026,0.0123287158045005,0.0171804846773975
"ENSG00000179542","SLITRK4",-0.12334213148314,-2.50452468596693,0.0124500914456672,0.0173447916490209
"ENSG00000151789","ZNF385D",-0.144786247167963,-2.50167896567429,0.012549838389206,0.0174788835504261
"ENSG00000121440","PDZRN3",0.0921308602392086,2.49996241762226,0.0126103482438452,0.0175582682314748
"ENSG00000121769","FABP3",-0.100378200759563,-2.4968263263535,0.0127215667546455,0.01770819425758
"ENSG00000172348","RCAN2",-0.076704884298053,-2.49595073115593,0.0127527738235945,0.0177466933253472
"ENSG00000258017","RP11-386G11.10",0.0817513215881419,2.49550286249079,0.0127687625228586,0.0177639990579557
"ENSG00000211895","IGHA1",0.142503807017359,2.49405305864654,0.0128206417811315,0.0178312124911426
"ENSG00000086300","SNX10",-0.107181880993427,-2.4900720214281,0.0129640600149127,0.0180256674289666
"ENSG00000272921","RP11-500M8.7",0.168073023619333,2.48504071470119,0.0131473473375076,0.0182754341638971
"ENSG00000279322","RP4-738P15.6",0.235145011831834,2.48317803993608,0.0132157834239637,0.0183654577876093
"ENSG00000137460","FHDC1",-0.101016340584135,-2.48245194707766,0.0132425459783885,0.0183975353964831
"ENSG00000103044","HAS3",0.141371614433563,2.4807004887398,0.0133072993970394,0.0184789491006878
"ENSG00000101443","WFDC2",-0.15602133047788,-2.48066702965524,0.0133085391423153,0.0184789491006878
"ENSG00000007908","SELE",0.126067448273597,2.47657725955898,0.0134608481130353,0.0186852416893882
"ENSG00000120738","EGR1",-0.165920007330496,-2.47400454594187,0.0135574484985755,0.018814111155392
"ENSG00000205436","EXOC3L4",-0.139954170628452,-2.4713182362954,0.0136589685141389,0.01894973434259
"ENSG00000261496","RP13-514E23.1",-0.164324598984455,-2.47053403264813,0.0136887314233852,0.0189857578687729
"ENSG00000233013","FAM157B",0.22202788275987,2.46766523159732,0.0137981006514371,0.0191321417795855
"ENSG00000175928","LRRN1",0.15097693725259,2.46704992127982,0.0138216589722343,0.0191594940008792
"ENSG00000188783","PRELP",0.104269270849882,2.46671207233375,0.0138346092845471,0.0191721303832415
"ENSG00000256500","RP11-73M18.2",-0.0796507727084401,-2.46502189227655,0.0138995579921851,0.019256799656671
"ENSG00000262539","RP11-259G18.3",-0.20862338844019,-2.4627437120029,0.0139875285049016,0.0193733081785341
"ENSG00000185090","MANEAL",-0.134524492120405,-2.46263061898171,0.0139919083201432,0.0193740076435104
"ENSG00000271857","RP1-244F24.1",0.153299943961186,2.46127322579087,0.0140445715339888,0.0194415442054109
"ENSG00000152954","NRSN1",0.146782814561624,2.45998531363816,0.0140947010232417,0.0195055369820671
"ENSG00000133710","SPINK5",0.151517755457441,2.45898725978884,0.0141336570639138,0.0195540357829466
"ENSG00000152580","IGSF10",0.139621853858045,2.45870973195111,0.0141445064309922,0.0195636326846365
"ENSG00000125285","SOX21",0.118917526975913,2.45688484561926,0.0142160300660663,0.0196571212196714
"ENSG00000234906","APOC2",-0.0886662214610592,-2.44996174359303,0.0144902856273785,0.020030806783769
"ENSG00000166292","TMEM100",0.134645637746731,2.44807233789056,0.0145659408393922,0.0201298242667112
"ENSG00000188626","GOLGA8M",-0.179327535216362,-2.43791196403293,0.0149787930748416,0.0206946574673137
"ENSG00000159189","C1QC",0.0870112054230427,2.42836783237304,0.015375976558023,0.0212375366823522
"ENSG00000116254","CHD5",0.152938132175084,2.42575115496336,0.0154864804120487,0.0213842590611002
"ENSG00000104888","SLC17A7",-0.105390318853206,-2.42436557192581,0.0155452774739009,0.0214595216370802
"ENSG00000259834","RP11-284N8.3",0.155332660281181,2.42378890026706,0.0155698064082112,0.0214874501907414
"ENSG00000162630","B3GALT2",0.126365280126948,2.42199915747544,0.0156461511449473,0.0215868531249273
"ENSG00000134259","NGF",0.101750501114703,2.42050653202885,0.015710073924664,0.0216690674822952
"ENSG00000166923","GREM1",-0.105988110055953,-2.41562569005725,0.0159207091353144,0.0219535426576316
"ENSG00000183242","WT1-AS",0.171823417088648,2.41510755615065,0.0159432148737722,0.0219785151278911
"ENSG00000141682","PMAIP1",-0.133823734496889,-2.41411719712832,0.0159863102349028,0.0220318498275949
"ENSG00000040731","CDH10",-0.149959967066999,-2.41308497025752,0.0160313366374419,0.0220878157032817
"ENSG00000126950","TMEM35",-0.117850128347178,-2.41212029691474,0.0160735172381139,0.022139830906493
"ENSG00000126583","PRKCG",0.148956451493512,2.41112840681656,0.0161169897784275,0.0221935965001755
"ENSG00000259974","LINC00261",0.0758668337989678,2.40936264697588,0.0161946357223072,0.0222943773710177
"ENSG00000255498","RP11-618K13.2",0.219425425738138,2.40918786824707,0.0162023391694635,0.0222951398593458
"ENSG00000174500","GCSAM",-0.113033690038439,-2.40914775462152,0.0162041076497726,0.0222951398593458
"ENSG00000272949","RP11-514P8.8",0.154809153689233,2.40801506755876,0.0162541143672749,0.0223577914267881
"ENSG00000100218","RSPH14",0.178030946182732,2.40718623864754,0.0162907921543045,0.0224020794201107
"ENSG00000179915","NRXN1",0.144456835367165,2.40599100426835,0.0163438125959158,0.0224688102775856
"ENSG00000274956","UG0898H09",-0.143033301499603,-2.4037807573195,0.0164422591023172,0.0225979371939488
"ENSG00000179083","FAM133A",-0.140902944685635,-2.4016866029916,0.0165360157925238,0.0227205493164658
"ENSG00000180818","HOXC10",-0.105638922398354,-2.4000441214066,0.0166098796149995,0.0228157687019224
"ENSG00000257653","RP11-579D7.2",-0.183030082176495,-2.39886000647534,0.0166633101976434,0.0228828758550445
"ENSG00000148541","FAM13C",-0.0850542461805008,-2.39870243281812,0.0166704317486178,0.0228863697811887
"ENSG00000164619","BMPER",-0.153900549669625,-2.39784599916791,0.0167091851579998,0.0229332763628874
"ENSG00000233834","AC005083.1",-0.0639993517643281,-2.3958607553871,0.0167993218154603,0.0230506611079312
"ENSG00000138100","TRIM54",-0.187132630826814,-2.39331474986155,0.0169155445834235,0.0232037648606632
"ENSG00000164107","HAND2",0.0609187330661879,2.39108893144812,0.0170177296924939,0.0233375338624437
"ENSG00000156284","CLDN8",0.108274252595264,2.39034127938419,0.0170521751968231,0.0233783591949865
"ENSG00000282416","LLNLF-173C4.2",0.153845393409358,2.38881602169205,0.0171226363068789,0.0234685256399107
"ENSG00000164647","STEAP1",-0.0921765484875782,-2.38200366245408,0.0174404744479688,0.0238976081775402
"ENSG00000008394","MGST1",0.129547595954212,2.38070842846407,0.0175014879226907,0.0239746409899873
"ENSG00000183023","SLC8A1",-0.131408717418531,-2.38049950350703,0.0175113471096309,0.0239815764306092
"ENSG00000183971","NPW",0.191777331490947,2.37955422373459,0.0175560159324591,0.0240361663916472
"ENSG00000211898","IGHD",0.171682122819777,2.37631924800101,0.0177096415151666,0.0242398597251116
"ENSG00000074317","SNCB",0.147608485605257,2.37283788455856,0.0178762850944952,0.0244612549185758
"ENSG00000255642","PABPC1P4",-0.114149932662261,-2.37232626930839,0.0179008903842124,0.0244882221398254
"ENSG00000224916","APOC4-APOC2",-0.0703978087973375,-2.37143576970582,0.0179437883881662,0.0245401919969451
"ENSG00000127472","PLA2G5",-0.0925171803326512,-2.36992257607486,0.0180168903308007,0.0246334294924811
"ENSG00000134569","LRP4",-0.103118303187739,-2.36822376183619,0.0180992708012469,0.0247392985254878
"ENSG00000105371","ICAM4",0.162047736405108,2.36522545714983,0.0182454739273506,0.024926690000809
"ENSG00000198829","SUCNR1",0.108072804743038,2.36520781844487,0.0182463370805922,0.024926690000809
"ENSG00000141574","SECTM1",0.138131123861496,2.36461001041497,0.0182756121099652,0.0249598635754783
"ENSG00000277578","Metazoa_SRP",-0.214534847836861,-2.36131894782183,0.0184375162703171,0.0251741074144144
"ENSG00000277531","LLNLF-187D8.1",-0.161315759212955,-2.35841213772582,0.0185815616185833,0.0253638569732232
"ENSG00000224961","RP1-278O22.1",0.190526791929177,2.35645264105638,0.0186792191343694,0.025490200783801
"ENSG00000149124","GLYAT",-0.165674207569104,-2.35471743188885,0.0187660738377228,0.0256017378413681
"ENSG00000170561","IRX2",-0.100193155705779,-2.3538769957499,0.0188082683587723,0.0256523027260942
"ENSG00000134532","SOX5",-0.140967134951593,-2.35302755735706,0.0188509992891562,0.0257035714332646
"ENSG00000096696","DSP",0.080329764328706,2.35056839281159,0.0189751872997475,0.0258658496452392
"ENSG00000167434","CA4",-0.19957358779935,-2.35018513825728,0.0189946060957951,0.025885263144992
"ENSG00000271200","RP11-430G17.3",0.211556868527806,2.34980537690551,0.0190138650655744,0.0259044483182212
"ENSG00000272720","CTA-228A9.3",0.134757677644147,2.34871301068304,0.0190693580037294,0.0259729746713831
"ENSG00000254445","HSPB2-C11orf52",-0.157928518190726,-2.34416864453845,0.0193017401591474,0.0262823259247649
"ENSG00000198692","EIF1AY",-0.0765059768416447,-2.34392018766904,0.0193145165037969,0.0262925626242811
"ENSG00000154274","C4orf19",0.160023654130736,2.33039631724499,0.0200212147529618,0.0272471621569975
"ENSG00000150722","PPP1R1C",-0.222273402546594,-2.32900597201272,0.0200951341549243,0.0273403185781283
"ENSG00000167767","KRT80",0.0863013886322175,2.32743787422746,0.0201787901965272,0.0274466678407606
"ENSG00000108830","RND2",-0.143961101027005,-2.32316858798445,0.0204080957786511,0.0277510141129332
"ENSG00000124780","KCNK17",0.135890764847442,2.32260950164948,0.0204382925746933,0.0277845195414537
"ENSG00000162896","PIGR",-0.148384768058616,-2.32195803415349,0.0204735282102583,0.0278248548658037
"ENSG00000077009","NMRK2",0.120653619515582,2.32151508017198,0.0204975163687198,0.0278498863705432
"ENSG00000270871","AC015849.19",-0.15086214474125,-2.32017292481956,0.0205703507351872,0.0279412533756957
"ENSG00000249007","RP11-510N19.5",-0.0890951490029468,-2.31522403925182,0.020840867790081,0.0283010154672475
"ENSG00000124208","TMEM189-UBE2V1",0.20081213604412,2.31454493851224,0.0208782302688734,0.0283440541255409
"ENSG00000240240","RP11-146D12.2",0.197168550578476,2.31403337109416,0.0209064140781192,0.028374611940987
"ENSG00000107242","PIP5K1B",0.178837454291691,2.30490615810175,0.0214148724771619,0.0290568147586999
"ENSG00000114646","CSPG5",0.0956553875348306,2.29882831997598,0.0217594100347342,0.0295162914198781
"ENSG00000211649","IGLV7-46",0.140577275630441,2.29761709572121,0.0218286459271305,0.0296021778236106
"ENSG00000211752","TRBV27",0.165420280941442,2.29630876359322,0.0219036483758167,0.0296958356505107
"ENSG00000170629","DPY19L2P2",0.172080110113537,2.29572331849335,0.0219372827315067,0.0297333731790549
"ENSG00000164251","F2RL1",-0.0794641121720117,-2.29336429548555,0.0220732673116701,0.029909576303076
"ENSG00000161929","SCIMP",0.119082091642548,2.29124996873593,0.022195770123185,0.0300674209200555
"ENSG00000172986","GXYLT2",-0.124191038319818,-2.27877116137349,0.0229309177418424,0.0310548723481072
"ENSG00000010282","HHATL",-0.14381512092136,-2.27861637647386,0.0229401678545491,0.0310589870762918
"ENSG00000106538","RARRES2",-0.0916796730057029,-2.27529124198945,0.0231396670714264,0.0313188304796625
"ENSG00000138829","FBN2",0.127577113194302,2.27520907826214,0.0231446157244706,0.0313188304796625
"ENSG00000128591","FLNC",-0.0949573240691443,-2.27175631977165,0.0233534064226413,0.0315928117189412
"ENSG00000169218","RSPO1",-0.124825780203612,-2.26925967157391,0.0235053990756294,0.0317898283413976
"ENSG00000115165","CYTIP",0.129632814864987,2.26793852134566,0.0235861763857521,0.0318904494128611
"ENSG00000162444","RBP7",0.118745460103427,2.26505878337973,0.0237630850021235,0.0321209583699967
"ENSG00000242173","ARHGDIG",-0.147074714615714,-2.26195875085886,0.0239548145593138,0.0323713710260997
"ENSG00000178562","CD28",0.113840579646398,2.25989357579716,0.024083285308634,0.0325361865828614
"ENSG00000240929","HIST2H2BB",0.195951183362119,2.25896233154784,0.0241414118127219,0.0326059046633197
"ENSG00000259244","RP11-182J1.12",0.14042485115049,2.25873780091902,0.0241554448074609,0.0326160475391046
"ENSG00000152578","GRIA4",-0.166253346647588,-2.25670767265268,0.0242826482379168,0.032775558729938
"ENSG00000184313","MROH7",0.124591987299316,2.25664333449049,0.0242866890188841,0.032775558729938
"ENSG00000111405","ENDOU",-0.13169101132167,-2.25626437045976,0.0243105018388752,0.0327988422003173
"ENSG00000247134","RP11-11N9.4",0.103765408537955,2.2547744391048,0.0244043207430178,0.0329165372848904
"ENSG00000137878","GCOM1",0.144743807713174,2.25409124573424,0.0244474454902564,0.0329658110710038
"ENSG00000211650","IGLV5-45",0.155581382872152,2.25352862760027,0.0244830089073983,0.0330048650679405
"ENSG00000164972","C9orf24",0.188226145189612,2.25242613900146,0.0245528280908668,0.033090064812489
"ENSG00000274565","CTD-3035K23.7",0.106949666364503,2.25080011937069,0.0246561172097367,0.0332203142141427
"ENSG00000178662","CSRNP3",0.116787056534673,2.24974984145104,0.0247230339461494,0.0333015004662572
"ENSG00000236333","TRHDE-AS1",-0.166361872237085,-2.24896524124963,0.0247731262493853,0.0333599868696274
"ENSG00000135144","DTX1",0.112553524129546,2.24868168383077,0.0247912514459946,0.0333754058239022
"ENSG00000101638","ST8SIA5",-0.13470314003177,-2.24852301442862,0.0248013987295494,0.033380079043808
"ENSG00000140459","CYP11A1",0.111491520331242,2.24789013660423,0.0248419086250562,0.0334256036397419
"ENSG00000166391","MOGAT2",0.128250726273913,2.24112687654851,0.0252784155175844,0.0340037873521447
"ENSG00000185905","C16orf54",0.115154175528782,2.2403171783621,0.0253311172862681,0.0340655154468372
"ENSG00000084110","HAL",-0.133118196269558,-2.23636746153714,0.0255895649448306,0.034403824878772
"ENSG00000168928","CTRB2",0.133092557559752,2.23487388091673,0.0256878903903044,0.0345267343955704
"ENSG00000184012","TMPRSS2",0.0817338436936286,2.23215592857237,0.025867658794535,0.0347590147736294
"ENSG00000254211","LINC01485",0.168434553779593,2.2285435429274,0.0261082720921167,0.0350729071629725
"ENSG00000255020","AF131216.5",-0.167178742187308,-2.22724737421049,0.0261950783537923,0.0351800676252919
"ENSG00000157168","NRG1",0.139544808369596,2.22591314169253,0.0262846947025637,0.0352909434782005
"ENSG00000267640","CTD-2554C21.2",0.118992525377663,2.22514342017846,0.0263365151927022,0.0353510271042982
"ENSG00000106031","HOXA13",-0.111447385592908,-2.22429126402346,0.0263939886176131,0.0354186642748432
"ENSG00000269911","RP1-172N19.5",-0.124086220327161,-2.22327496135993,0.0264626747730278,0.035501307718041
"ENSG00000156218","ADAMTSL3",-0.103525936496941,-2.22195459766443,0.0265521417075741,0.0356117780412743
"ENSG00000180801","ARSJ",0.104862880262709,2.21339796583227,0.0271383020001102,0.0363881764549614
"ENSG00000173227","SYT12",-0.105237318288797,-2.21261857373333,0.0271922449644048,0.036450730515288
"ENSG00000269416","LINC01224",-0.185079625842489,-2.20152513072878,0.0279701477074564,0.0374834464050609
"ENSG00000132465","JCHAIN",0.134680456433068,2.19827969758566,0.0282013293528442,0.0377831315016669
"ENSG00000120645","IQSEC3",0.109381153727585,2.19414924360778,0.0284979377727409,0.0381702890071537
"ENSG00000157570","TSPAN18",0.091100639502726,2.19313204686249,0.0285713945626225,0.0382584287126707
"ENSG00000043355","ZIC2",-0.173681915888121,-2.19287372810088,0.0285900750249759,0.0382731928045193
"ENSG00000164604","GPR85",0.0740642571965846,2.18943454754088,0.0288397871015808,0.038597145478561
"ENSG00000243896","OR2A7",-0.105587253446911,-2.18694718956011,0.0290215594316319,0.0388300233230291
"ENSG00000127533","F2RL3",-0.0841083538762425,-2.18557285554173,0.0291224167410415,0.0389545435273428
"ENSG00000276085","CCL3L3",-0.129407672230184,-2.1820258920209,0.0293841127602585,0.0392940796473101
"ENSG00000227640","SOX21-AS1",0.10825155836828,2.17857471822936,0.0296406841985733,0.0396265831531728
"ENSG00000225873","LINC00694",-0.17689929297542,-2.17814634019902,0.0296726654658793,0.0396587349183097
"ENSG00000258754","LINC01579",0.147734026081695,2.17797258639625,0.0296856458136624,0.0396654807772079
"ENSG00000087495","PHACTR3",0.0841685826089068,2.17559992823679,0.029863386242252,0.0398923139757575
"ENSG00000115380","EFEMP1",-0.0993434158267603,-2.17421058365188,0.0299678896332841,0.0400212201299199
"ENSG00000231245","C1DP1",-0.0979086084309849,-2.16959836881454,0.0303170710893118,0.0404767304263175
"ENSG00000123892","RAB38",-0.124399302896556,-2.1682588836272,0.0304191347094612,0.0406021552448761
"ENSG00000128683","GAD1",-0.157916990306501,-2.16766022139271,0.0304648459953062,0.0406523165136191
"ENSG00000120049","KCNIP2",-0.134511460361832,-2.16750199661035,0.0304769372337533,0.0406576003651992
"ENSG00000153294","ADGRF4",-0.137373425285747,-2.16706592092614,0.0305102826885208,0.0406848522597733
"ENSG00000170558","CDH2",0.104156116854237,2.16702204888556,0.0305136391948299,0.0406848522597733
"ENSG00000278071","RP11-736N17.10",-0.141437195700793,-2.166833740893,0.0305280496322696,0.040686145716316
"ENSG00000277877","RP11-11N7.5",0.127838188039123,2.16679671519706,0.0305308837455236,0.040686145716316
"ENSG00000204099","NEU4",-0.182205574324532,-2.16359731211173,0.0307766369467822,0.0410027137580365
"ENSG00000198576","ARC",-0.163541283125129,-2.1632783929565,0.0308012268302048,0.0410245429278167
"ENSG00000126353","CCR7",0.146894883949352,2.16214250696508,0.0308889452986346,0.0411304198383949
"ENSG00000164344","KLKB1",0.11593650919689,2.16200692000495,0.0308994303018429,0.0411334269193861
"ENSG00000276089","DLEU1_1",0.187074252400071,2.16083484456,0.0309901951051011,0.0412432726977656
"ENSG00000278030","TRBV7-9",0.13907196436807,2.15996310454958,0.0310578506982241,0.0413223133291965
"ENSG00000260051","LA16c-390E6.4",-0.183234221209157,-2.15628147897132,0.0313449835588804,0.0416932476175585
"ENSG00000147256","ARHGAP36",-0.184961654703286,-2.15157230168188,0.0317155791689237,0.0421749722991006
"ENSG00000276953","TRBV12-4",0.148828278251296,2.1510588705423,0.0317562110314727,0.0422177758993256
"ENSG00000116983","HPCAL4",0.112518364001179,2.1469105103851,0.0320861467466333,0.0426450647881889
"ENSG00000180139","ACTA2-AS1",-0.0993722369528752,-2.14594126875919,0.0321636572132798,0.0427367223136856
"ENSG00000172247","C1QTNF4",-0.128319622184804,-2.14429071138246,0.0322960226253321,0.0429011990240862
"ENSG00000255330","SOGA3",0.134383396427346,2.14407906231676,0.0323130294648776,0.042912389727593
"ENSG00000015592","STMN4",-0.128278154792836,-2.14262447746897,0.0324301191944675,0.0430564513999835
"ENSG00000122122","SASH3",0.103319889402026,2.13406530273279,0.0331265077740475,0.0439693493151679
"ENSG00000105825","TFPI2",-0.15356850603096,-2.13347111593999,0.033175324183227,0.0440224577802907
"ENSG00000176595","KBTBD11",-0.124339344103764,-2.13214414235637,0.0332845666289464,0.044155699958804
"ENSG00000105974","CAV1",-0.0785610918450529,-2.12945046914383,0.0335072705168565,0.044439350818112
"ENSG00000185737","NRG3",0.124507431150932,2.12915768699382,0.0335315535304741,0.0444597633657838
"ENSG00000229481","CTD-2554C21.3",0.144880401690695,2.12761444917993,0.0336597972724444,0.0446179709337811
"ENSG00000232815","DUX4L50",-0.162458598617376,-2.12724021285058,0.0336909597107294,0.0446474419702218
"ENSG00000134668","SPOCD1",-0.108119418854047,-2.12561710841137,0.0338264008958523,0.0448150515313359
"ENSG00000163331","DAPL1",0.138261372404109,2.12547091859133,0.0338386226808421,0.0448193677891948
"ENSG00000230955","RP11-109P14.10",0.174256732659591,2.12473364486537,0.0339003180156363,0.044889192287654
"ENSG00000100678","SLC8A3",-0.119659852409389,-2.12149150180608,0.0341727663887637,0.0452379750976486
"ENSG00000102970","CCL17",0.106330870395661,2.12120099132864,0.0341972702433449,0.0452584307085031
"ENSG00000041982","TNC",0.103326512934614,2.12003506474754,0.0342957647241479,0.0453767725908282
"ENSG00000144355","DLX1",-0.166631214942567,-2.11851127625689,0.0344248564780085,0.0455355244418102
"ENSG00000122952","ZWINT",0.0822098563790934,2.11651606580769,0.0345945146140057,0.045747837363139
"ENSG00000173369","C1QB",0.0833232992702402,2.11597233170306,0.0346408736716951,0.0457970302375663
"ENSG00000273445","RP11-1399P15.1",-0.099509532348998,-2.11017003668543,0.0351388996250388,0.0464431663032498
"ENSG00000021826","CPS1",-0.103882541042636,-2.10944609701571,0.0352014647704034,0.0465135633858396
"ENSG00000204618","RNF39",-0.117413278153804,-2.10800424970965,0.0353263575622334,0.0466662583384853
"ENSG00000205089","CCNI2",-0.106972656873855,-2.1052697389926,0.0355642615364716,0.0469681214163651
"ENSG00000171388","APLN",-0.0897318641094119,-2.10403432937592,0.0356721911148325,0.0470982190584004
"ENSG00000171557","FGG",-0.155388972047159,-2.10121418939676,0.0359196172771395,0.0474123776097406
"ENSG00000123219","CENPK",0.0878964122755001,2.0993974715017,0.0360797829801783,0.0476112206125341
"ENSG00000250067","YJEFN3",0.107031200140233,2.09788368337288,0.0362137072523777,0.047775339383084
"ENSG00000242441","GTF2A1L",0.167240324377738,2.09663627422748,0.0363243838787959,0.0479087099430175
"ENSG00000227627","RP1-101K10.6",0.183034577539493,2.09419484728586,0.0365418358995564,0.0481828005004699
"ENSG00000152213","ARL11",-0.105810071411493,-2.09265338261431,0.0366797019120315,0.0483518348431735
"ENSG00000259052","AL157871.2",-0.172532125738554,-2.09235728907186,0.0367062347819431,0.0483740574353494
"ENSG00000276663","RP11-407G23.7",-0.161562393679934,-2.09149452860066,0.0367836399492438,0.0484505514562264
"ENSG00000123843","C4BPB",-0.136232944980699,-2.09149432017534,0.0367836586655671,0.0484505514562264
"ENSG00000088882","CPXM1",-0.0931524155898566,-2.09090252037801,0.036836834299788,0.048507814458504
"ENSG00000189431","RASSF10",0.138847142170014,2.09025405535939,0.0368951768344298,0.0485718494397443
"ENSG00000168546","GFRA2",0.117806167440084,2.08885613433447,0.0370212162905407,0.0487249490530939
"ENSG00000272668","RP11-190A12.8",-0.126284972634238,-2.08864541944761,0.0370402465996531,0.0487371665784909
"ENSG00000274628","FAM95B1",0.171192548274744,2.08733645358357,0.0371586503482384,0.0488800978008925
"ENSG00000257607","RP11-449P15.1",-0.12410453481054,-2.08626646401955,0.0372556769151499,0.0489948407616385
"ENSG00000095739","BAMBI",0.15922524434273,2.08608049562298,0.0372725625341363,0.0490041579465373
"ENSG00000243566","UPK3B",0.111709692885363,2.08424209113479,0.0374398380222829,0.0492111435624118
"ENSG00000143127","ITGA10",0.106482782112,2.08205140135824,0.0376400031502518,0.0494612393564412
"ENSG00000266970","RP11-806H10.4",0.107874719739619,2.08178348432923,0.0376645454354359,0.0494804853329426
"ENSG00000164627","KIF6",-0.115554499573531,-2.08003901615139,0.0378246795503017,0.0496778034545596
"ENSG00000072657","TRHDE",-0.1671297883083,-2.0795536004865,0.0378693415119962,0.0497234000945328
"ENSG00000188095","MESP2",0.119219469025458,2.07925535716432,0.0378968044639764,0.0497463959884174
"ENSG00000163239","TDRD10",-0.0963589585940641,-2.07684598164133,0.0381192884250117,0.0500253128937161
"ENSG00000237949","LINC00844",-0.133903878634387,-2.0755837684564,0.0382362858273537,0.050165685945098
"ENSG00000137273","FOXF2",-0.0700189634208964,-2.07426128699084,0.0383591975986565,0.0503137429153417
"ENSG00000182132","KCNIP1",0.102911578906875,2.07406057808369,0.0383778809125703,0.0503250470922769
"ENSG00000279225","RP11-2K6.1",0.196816539156119,2.07153754092772,0.0386134036609824,0.050620613084665
"ENSG00000176083","ZNF683",0.098930522604426,2.07004683766382,0.0387531366175904,0.0507904804948761
"ENSG00000166257","SCN3B",-0.11101987856783,-2.06916063545732,0.038836409718607,0.0508862810778393
"ENSG00000243836","WDR86-AS1",0.115944918133449,2.06691737423551,0.0390478814999764,0.0511499626669851
"ENSG00000267605","CTD-3220F14.1",0.103224530344264,2.06536518634464,0.0391947787757205,0.0513289402510745
"ENSG00000275713","HIST1H2BH",0.122529470265865,2.06380211277388,0.0393431810728872,0.0515097945442357
"ENSG00000275830","RP11-403A3.3",0.135152782339847,2.06288678064401,0.0394303067785755,0.0516103491866171
"ENSG00000150337","FCGR1A",0.0703482498394253,2.06026758097958,0.0396805218269589,0.0519242630554291
"ENSG00000188112","C6orf132",-0.0440115403071937,-2.05965806463116,0.0397389428369193,0.051987104705546
"ENSG00000241728","AP001062.8",-0.200589614475336,-2.05702414329756,0.0399922407345413,0.0523047877773232
"ENSG00000143590","EFNA3",0.112950169086975,2.05656957881567,0.0400360936555503,0.0523484488174037
"ENSG00000249908","BRD9P2",-0.177277396947922,-2.05586575100279,0.0401040742233982,0.0524236264358147
"ENSG00000069535","MAOB",-0.140419220748719,-2.05456025201713,0.0402304280774381,0.0525750497614194
"ENSG00000155816","FMN2",-0.108578089318672,-2.05347762680114,0.0403354672923355,0.0526985462403129
"ENSG00000224307","RP11-344B5.2",-0.10620703689118,-2.05332350072579,0.0403504399473405,0.0527043363993475
"ENSG00000172724","CCL19",0.131756193264929,2.05244064057062,0.0404362968508311,0.0528026858851282
"ENSG00000262831","RP11-498C9.2",0.160141172223347,2.04546339166471,0.0411202990326149,0.053681852522996
"ENSG00000167207","NOD2",0.115152157221253,2.04263219802369,0.041400637586664,0.0540337217262647
"ENSG00000178531","CTXN1",-0.0709862785697542,-2.04252205714897,0.0414115761800258,0.0540338937630817
"ENSG00000231359","AC072052.7",-0.135880952977774,-2.04161810913811,0.0415014440605946,0.0541370259073762
"ENSG00000108387","SEPT4",0.0684719077342959,2.04096609780397,0.04156636778219,0.0542075740508476
"ENSG00000235912","RP1-159A19.3",-0.174306544953654,-2.0405211804926,0.0416107196474717,0.0542512642079162
"ENSG00000268388","FENDRR",0.124551789129641,2.03687271832123,0.0419759353373904,0.0547131586775162
"ENSG00000166165","CKB",-0.125797654305975,-2.03671916938143,0.0419913651879056,0.0547190059785061
"ENSG00000184905","TCEAL2",0.128558284615945,2.03093415840599,0.0425762035041887,0.0554576616061462
"ENSG00000144908","ALDH1L1",0.11371162215859,2.03089296507623,0.0425803925811991,0.0554576616061462
"ENSG00000107796","ACTA2",-0.0804106689081263,-2.02905562323263,0.0427675929899456,0.0556849319366186
"ENSG00000169432","SCN9A",-0.103310752237894,-2.0289281692729,0.0427806046482536,0.0556849319366186
"ENSG00000150656","CNDP1",0.123160012768273,2.02885278928548,0.0427883017000977,0.0556849319366186
"ENSG00000132514","CLEC10A",0.142346163733234,2.02023609633172,0.0436759161653712,0.0568252877509384
"ENSG00000163520","FBLN2",0.0975567575439717,2.01889460648541,0.0438154962877224,0.0569920607280468
"ENSG00000106565","TMEM176B",0.100616082941925,2.01238789089152,0.0444978760909991,0.0578645982977881
"ENSG00000255072","PIGY",0.103205163944355,2.00366366218672,0.045426891733608,0.0590553057764555
"ENSG00000066382","MPPED2",-0.103062686126106,-2.00356815187807,0.0454371522644049,0.0590553057764555
"ENSG00000104327","CALB1",0.122720509916511,2.00318101185011,0.0454787621855907,0.0590940257089276
"ENSG00000153707","PTPRD",-0.101310202573184,-2.00157137639872,0.0456521113741329,0.0593038599300246
"ENSG00000171004","HS6ST2",0.117318048010605,2.00138792330017,0.0456719036574121,0.0593141605940417
"ENSG00000198185","ZNF334",0.132369493438486,1.99865511808277,0.0459675975863264,0.0596826766895955
"ENSG00000110900","TSPAN11",0.0875698715338208,1.99660919786265,0.046190025373107,0.0599559000170133
"ENSG00000162511","LAPTM5",0.0808220248631356,1.9946257082654,0.0464065319398171,0.0602212976120128
"ENSG00000002933","TMEM176A",0.104522477007912,1.99113259615675,0.0467899012668907,0.0607030374505588
"ENSG00000239002","SCARNA10",0.15365248376819,1.98991390121456,0.0469242798103092,0.0608615821145385
"ENSG00000022556","NLRP2",0.167745230814549,1.98906152710143,0.0470184594340653,0.0609679193906449
"ENSG00000177335","C8orf31",0.110451985172517,1.98878076346011,0.047049516131803,0.0609799753384528
"ENSG00000153253","SCN3A",-0.122966627679344,-1.98875696883398,0.0470521489711502,0.0609799753384528
"ENSG00000105290","APLP1",0.104885991736884,1.9885631582274,0.0470735984457901,0.0609919648170383
"ENSG00000167311","ART5",-0.107938450418993,-1.98578424834612,0.0473820541009767,0.0613757177473792
"ENSG00000267328","AC002398.12",-0.132568032556353,-1.98009442815389,0.0480189314986485,0.0621845784753283
"ENSG00000241684","ADAMTS9-AS2",-0.0994909148495449,-1.97986754651356,0.0480444756738053,0.0622015479981943
"ENSG00000142173","COL6A2",-0.0808050546933552,-1.97758712664434,0.0483018596800774,0.0625185861766469
"ENSG00000211685","IGLC7",0.134216298968245,1.97456213952893,0.0486450702793996,0.0629465195126806
"ENSG00000172322","CLEC12A",0.113678133735801,1.97148277031405,0.0489965556877922,0.063384936206717
"ENSG00000066248","NGEF",0.0898574928562771,1.96876610453342,0.0493084120120062,0.0637718727522067
"ENSG00000243479","MNX1-AS1",0.150348814140192,1.96806564232156,0.0493890907228674,0.0638596983745376
"ENSG00000259038","CTD-2325P2.4",0.097051493053576,1.96668219358333,0.0495487612853412,0.0640495880110408
"ENSG00000088992","TESC",-0.0987594171425898,-1.964513059914,0.0497999846921532,0.0643576953891874
"ENSG00000117525","F3",-0.0952323533351336,-1.95813640128378,0.0505447167526839,0.0653032516184547
"ENSG00000125618","PAX8",-0.0962873632941613,-1.95801183858361,0.0505593570551673,0.0653052919854912
"ENSG00000181856","SLC2A4",-0.106457912189884,-1.95760244041984,0.0506075001706279,0.0653505942286001
"ENSG00000213058","RP4-765C7.2",-0.158150515744857,-1.95565769479315,0.0508367180305055,0.0656296385624909
"ENSG00000270640","RP11-373D23.2",0.168268171586198,1.95429428773317,0.0509979352210856,0.0658207733880816
"ENSG00000166105","GLB1L3",0.114887769598472,1.9539021836402,0.0510443792286092,0.0658637151336892
"ENSG00000235408","SNORA71B",0.151066660780308,1.95203844915974,0.0512656205593196,0.0661321214645505
"ENSG00000168824","D4S234E",0.107661788759343,1.94925808443175,0.0515971682142812,0.0665426466524133
"ENSG00000131398","KCNC3",0.155512391570786,1.94902825688161,0.0516246545100589,0.0665609263925463
"ENSG00000236155","RP11-231P20.2",-0.156226331753359,-1.94797660480414,0.0517505838030174,0.0667060889443379
"ENSG00000185818","NAT8L",0.100430237985643,1.94524764040805,0.0520785630948162,0.0671115503799178
"ENSG00000125895","TMEM74B",0.116151387847799,1.93992279443537,0.0527235431274388,0.0679252037199675
"ENSG00000133636","NTS",-0.171735089816622,-1.93831102005629,0.0529200854274037,0.068153637527957
"ENSG00000243238","IGKV2-30",0.115268891007207,1.93813945372768,0.0529410425670284,0.068153637527957
"ENSG00000255090","MIR100HG",-0.151775789364756,-1.93813369905067,0.052941745631717,0.068153637527957
"ENSG00000257386","RP11-56G10.2",-0.179490866880831,-1.93613773120569,0.0531860704309079,0.0684505410951196
"ENSG00000251003","ZFPM2-AS1",-0.129648753115567,-1.93433109722565,0.0534080319529506,0.0687185176955103
"ENSG00000232110","RP11-149I23.3",0.155385105518916,1.93301839403036,0.0535697952685758,0.0689089211069922
"ENSG00000163430","FSTL1",-0.0826014929912177,-1.93026106914931,0.0539109129741015,0.0693298777959125
"ENSG00000229314","ORM1",0.154820122819144,1.92912442311677,0.0540520589423669,0.0694935188253624
"ENSG00000105697","HAMP",-0.0724911741808477,-1.92886642153877,0.0540841399457813,0.0695168893904645
"ENSG00000196188","CTSE",0.121910111746972,1.9277063769147,0.0542285815494178,0.0696846331912334
"ENSG00000134853","PDGFRA",0.0862468006112947,1.92574565153465,0.0544734520675707,0.0699813104670744
"ENSG00000151023","ENKUR",0.104414392584103,1.92380547671809,0.05471666496187,0.0702757063471231
"ENSG00000254109","RBPMS-AS1",-0.0771483190336206,-1.9229757158876,0.0548209572295107,0.070388757843916
"ENSG00000231995","RP11-111F5.2",-0.154824505760248,-1.92288124019442,0.0548328423604106,0.070388757843916
"ENSG00000184144","CNTN2",0.111018724936529,1.92110848551333,0.0550562559944691,0.070657412723908
"ENSG00000235238","SUMO2P1",0.160266535763888,1.92012035158292,0.0551811164523587,0.0707994822329468
"ENSG00000065618","COL17A1",-0.116055077341024,-1.91911956866049,0.0553078161655373,0.0709328582108667
"ENSG00000214860","EVPLL",-0.135425725643253,-1.91907516883023,0.0553134428328338,0.0709328582108667
"ENSG00000267279","RP11-879F14.2",0.115289949393211,1.91894622860059,0.0553297857797658,0.0709356227945716
"ENSG00000067445","TRO",-0.0974532674059387,-1.91705740568783,0.0555696532033181,0.071224882342115
"ENSG00000258515","RP11-203M5.7",-0.132462060335902,-1.91647651065962,0.0556435971365068,0.0713013802364259
"ENSG00000204540","PSORS1C1",-0.0878271605699543,-1.91522691779064,0.0558029400585963,0.0714872406592318
"ENSG00000178078","STAP2",0.0563833746418737,1.91428129516216,0.0559237748984934,0.0716236871138492
"ENSG00000091704","CPA1",-0.119729499953906,-1.91393024468773,0.0559686888414465,0.0716628538302772
"ENSG00000140839","CLEC18B",0.134249818150574,1.90998348898368,0.0564757172852039,0.0722935449119354
"ENSG00000002726","AOC1",0.0905479325713956,1.90531745266287,0.0570800847432735,0.0730484831626228
"ENSG00000189056","RELN",0.130376394671402,1.90452286365207,0.0571835388758379,0.0731621531164764
"ENSG00000261377","PDCD6IPP2",0.143386361455054,1.90143693694856,0.0575868040084472,0.0736592530166887
"ENSG00000198796","ALPK2",0.0815342502797814,1.9000678914565,0.0577664662081911,0.0738701613915487
"ENSG00000274403","CTD-2036P10.6",-0.162691975787556,-1.89883826216802,0.0579282302223283,0.0740580800592283
"ENSG00000259318","RP11-454L9.2",-0.160461302067379,-1.89557515063822,0.0583593384679098,0.0745901565285146
"ENSG00000111452","ADGRD1",-0.0978512594199923,-1.89419477479151,0.0585425097111784,0.0748051491326072
"ENSG00000169403","PTAFR",0.0967104884388743,1.89300699487498,0.058700506773903,0.0749878727310973
"ENSG00000130208","APOC1",-0.0658397378345862,-1.89099257504489,0.0589692733585977,0.0753119710837774
"ENSG00000109832","DDX25",0.104739768958377,1.88932193754084,0.0591929476504258,0.0755783294821575
"ENSG00000277734","TRAC",0.112246347540427,1.8870026917008,0.0595046302215929,0.0759568933132409
"ENSG00000260465","RP11-63M22.2",0.229536786121091,1.88360177635127,0.0599641437137486,0.0765239200022315
"ENSG00000128274","A4GALT",-0.0859076450779909,-1.88267272515467,0.0600901835591227,0.0766651997437136
"ENSG00000130035","GALNT8",-0.103813510468602,-1.88041992283619,0.0603967242541841,0.0770366380793164
"ENSG00000171560","FGA",-0.106870318131692,-1.87785650779629,0.0607471085650765,0.0774637956708448
"ENSG00000214575","CPEB1",-0.0839766579278289,-1.87656710755227,0.0609239890305481,0.0776695423642887
"ENSG00000226644","RP11-128M1.1",-0.129497136923065,-1.87543516298823,0.0610796217881857,0.0778481032222607
"ENSG00000259288","PAK6",-0.0887821848291481,-1.87319379262098,0.0613887645739458,0.07822217708199
"ENSG00000240038","AMY2B",-0.0981940399745346,-1.87215740128454,0.0615321478798665,0.0783849017577918
"ENSG00000163449","TMEM169",0.0776678288812598,1.86879129166063,0.0619997618009612,0.0789604709640362
"ENSG00000273275","RP11-474G23.2",-0.128689744739693,-1.86149415330959,0.0630235868810034,0.0802439354227188
"ENSG00000225792","AC004540.4",-0.103300327962995,-1.85960833089921,0.0632904419718064,0.0805631898826456
"ENSG00000180828","BHLHE22",0.0899713483185342,1.85911404142988,0.0633605413873991,0.0806318928320172
"ENSG00000103942","HOMER2",-0.0954483808934839,-1.85830042477857,0.0634760672790689,0.0807583553168816
"ENSG00000123338","NCKAP1L",0.0956239486596203,1.85660941378589,0.0637167326751911,0.0810439235247915
"ENSG00000163687","DNASE1L3",-0.119122620474188,-1.85490987662796,0.0639593718061331,0.0813318563150218
"ENSG00000164764","SBSPON",-0.16252613382247,-1.85382527642463,0.0641146169586897,0.0815085392304725
"ENSG00000049540","ELN",-0.107780370442903,-1.85227980267323,0.0643363680027667,0.0817696593832826
"ENSG00000279649","RP11-96D1.8",-0.0933023563532055,-1.84783759218866,0.0649772888634353,0.0825632641212646
"ENSG00000114771","AADAC",0.125394471733834,1.84154386799007,0.0658943710515256,0.0837072802991941
"ENSG00000117477","CCDC181",-0.0971594912116585,-1.83973574892837,0.0661598062905964,0.0840231220353015
"ENSG00000234742","AC144530.1",0.0516829806064659,1.8392203242719,0.0662356330318741,0.0840980612390479
"ENSG00000267053","CTD-3162L10.1",0.0970769631566224,1.8361638251395,0.066686765318924,0.0846493593791876
"ENSG00000170006","TMEM154",-0.0874248712986424,-1.8346782262274,0.0669069500532378,0.0849072970218754
"ENSG00000172572","PDE3A",-0.0799726589788892,-1.83244513022387,0.0672390511803211,0.0853070936060913
"ENSG00000118946","PCDH17",-0.0580165241189629,-1.83210636881043,0.0672895495610933,0.0853495047705395
"ENSG00000130822","PNCK",-0.105728028738588,-1.82751702456551,0.0679767588422541,0.0861992884126986
"ENSG00000151632","AKR1C2",0.124476116762667,1.82516780249314,0.0683307631042774,0.0866262209739825
"ENSG00000181195","PENK",-0.112809583985189,-1.82480676809129,0.0683853017379359,0.0866733862331253
"ENSG00000271141","RP11-171I2.4",-0.120055260970096,-1.82203264765431,0.068805563393942,0.0871839373972909
"ENSG00000213131","YWHAZP4",0.0524861040408049,1.82024259474667,0.0690778719074602,0.0875068050512543
"ENSG00000211942","IGHV3-13",0.130715360776079,1.81981280869829,0.0691433841866955,0.0875676091523499
"ENSG00000122756","CNTFR",0.116433683637046,1.81862272798943,0.06932505499969,0.0877754558112054
"ENSG00000143153","ATP1B1",-0.0904028350047034,-1.81727610037659,0.0695310967745035,0.0880140465500044
"ENSG00000139044","B4GALNT3",0.103279341335597,1.81626128345348,0.0696867022221218,0.0881886892206046
"ENSG00000176998","HCG4",-0.12005889137071,-1.81492167121172,0.0698925481312218,0.0884268068461814
"ENSG00000124749","COL21A1",-0.0882721821808479,-1.81350158931936,0.0701113047340868,0.0886811342449871
"ENSG00000279399","RP11-369J21.12",-0.192444898947954,-1.81216538589259,0.0703176539555621,0.0889196433428959
"ENSG00000265303","CTD-2510F5.6",0.160096697677219,1.81033336143506,0.0706013836840595,0.0892558580076606
"ENSG00000239268","RP11-384F7.2",-0.102278199246049,-1.80874937054992,0.0708474575559136,0.0895443093477169
"ENSG00000211892","IGHG4",0.0888187488709094,1.80831204420244,0.0709155204263004,0.0896076831264852
"ENSG00000185527","PDE6G",0.0787580744440284,1.8060306008903,0.071271462183513,0.0900346919953423
"ENSG00000260566","RP11-20G6.3",0.108113107035344,1.80559930252794,0.0713389162514785,0.0900971410096975
"ENSG00000258064","RP11-293I14.2",0.161598088098555,1.80227995499665,0.0718598104668364,0.0907320839227732
"ENSG00000178773","CPNE7",-0.109835853219738,-1.80045615271376,0.0721473397759902,0.0910721279676726
"ENSG00000198019","FCGR1B",0.0663214080205135,1.79974784399389,0.0722592614826258,0.0911903855156812
"ENSG00000178038","ALS2CL",0.0750186884105561,1.79910384589459,0.0723611448789799,0.0912959183434014
"ENSG00000273184","RP11-212P7.3",-0.0964458140250162,-1.79619215714277,0.07282325883531,0.0918467571445094
"ENSG00000142178","SIK1",0.149183663891402,1.79612165338531,0.0728344784155959,0.0918467571445094
"ENSG00000188404","SELL",0.105210875118101,1.79332316146978,0.0732809607875099,0.0923864861163766
"ENSG00000118473","SGIP1",-0.0902174550379863,-1.79272083452593,0.0733773511253338,0.0924846875791956
"ENSG00000128266","GNAZ",0.0865408137559448,1.78676015348819,0.0743368506636428,0.0936704267435016
"ENSG00000189320","FAM180A",0.0750720828933468,1.78606001584052,0.0744502238671551,0.0937896496184871
"ENSG00000268119","CTD-2561J22.5",-0.131899044955653,-1.77800557515852,0.0757646856994382,0.0954215185131464
"ENSG00000133135","RNF128",-0.0739233460900033,-1.77527389933685,0.0762147725289047,0.0959642061557602
"ENSG00000175229","GAL3ST3",0.0791230830179792,1.77396432063464,0.076431319814911,0.0962126382362928
"ENSG00000131650","KREMEN2",0.112926442690358,1.77209440301022,0.0767413937413056,0.0965786480509761
"ENSG00000281379","SEPT14P19",-0.123411037140255,-1.77170906389666,0.0768054190306344,0.096634900642469
"ENSG00000170075","GPR37L1",0.0920095171150713,1.76631799979259,0.0777057437571848,0.0977430739084085
"ENSG00000135502","SLC26A10",0.0821595756821102,1.76316967418039,0.0782354946173178,0.0983668865586019
"ENSG00000148735","PLEKHS1",0.0862713129380955,1.76313691910696,0.0782410215687119,0.0983668865586019
"ENSG00000140968","IRF8",0.0943679974724412,1.76247916220471,0.0783520760744674,0.098481744688873
"ENSG00000169442","CD52",0.0900007377325815,1.76141659733342,0.0785317491345428,0.0986827709657487
"ENSG00000267199","RP11-861E21.2",0.105153548041679,1.75708681290522,0.0792673646171414,0.0995821163531927
"ENSG00000256569","RP11-173P15.5",-0.126954632124866,-1.75577606625194,0.0794911596338505,0.0998381809015957
"ENSG00000183778","B3GALT5",-0.118768502829917,-1.75422997062093,0.0797557990380308,0.10014540311154
"ENSG00000100505","TRIM9",-0.0944083708720666,-1.7537452361505,0.0798389167895692,0.100224600539253
"ENSG00000235681","AC008746.5",-0.134064978708925,-1.74781340844304,0.0808617748651381,0.101483151186167
"ENSG00000221866","PLXNA4",-0.0936096562964439,-1.74268186908796,0.0817552106142105,0.102578683330252
"ENSG00000281852","LINC00891",-0.0825883950182204,-1.74212083278906,0.0818533754696302,0.102676085636766
"ENSG00000114270","COL7A1",-0.0880250698498814,-1.73852980784298,0.0824839699945842,0.10344114621844
"ENSG00000219438","FAM19A5",-0.0871705320238907,-1.736581643374,0.0828277207549774,0.103846189512259
"ENSG00000176728","TTTY14",-0.0372820826337637,-1.73598293037187,0.0829335961182787,0.103952865528051
"ENSG00000132938","MTUS2",-0.115028327505588,-1.7340876637425,0.0832694762984348,0.104347714659693
"ENSG00000266274","RN7SL138P",-0.0748730550165582,-1.73264180693339,0.0835264534341806,0.104643514700803
"ENSG00000181790","ADGRB1",-0.0960953879443762,-1.73156122215636,0.08371892932894,0.104858378418011
"ENSG00000279806","RP11-58O9.2",-0.0842225286406751,-1.73037192979754,0.0839311841605822,0.105097901528403
"ENSG00000259120","SMIM6",-0.116606654235191,-1.72735174834175,0.0844721624093875,0.105748826251111
"ENSG00000170074","FAM153A",0.136785952146493,1.72448062032677,0.0849890592841028,0.106369285712269
"ENSG00000236756","DNAJC9-AS1",0.167518052116072,1.72148199358142,0.0855316428329146,0.10702157511626
"ENSG00000174326","SLC16A11",0.149485658629841,1.7133522605489,0.0870167906759553,0.108852627815806
"ENSG00000273541","DLEU1_2",0.123015541341319,1.70969485585212,0.0876916958027169,0.109669454480636
"ENSG00000103742","IGDCC4",-0.0734837874499087,-1.70528412323032,0.0885112332945135,0.110666708295216
"ENSG00000112541","PDE10A",-0.0760280521673832,-1.70200591206454,0.0891243398177601,0.1114054247722
"ENSG00000197629","MPEG1",0.0839658246099904,1.69760764318637,0.089952303616537,0.112412276451558
"ENSG00000173597","SULT1B1",0.0990953027619831,1.69728628795001,0.0900130403241744,0.112460070370033
"ENSG00000258986","TMEM179",0.141892812508743,1.69543474767654,0.0903636291093608,0.112869883973721
"ENSG00000111424","VDR",-0.0502095564936577,-1.69348805831268,0.0907334204583356,0.113303472100819
"ENSG00000254681","PKD1P5",-0.123068301126127,-1.69304581943862,0.0908175974937954,0.113380271527834
"ENSG00000246223","LINC01550",0.136785077898082,1.69219271413493,0.0909801577998388,0.11355486495237
"ENSG00000165457","FOLR2",-0.087607918802692,-1.69192349469758,0.0910315065389287,0.113590599624318
"ENSG00000131746","TNS4",-0.073320885598377,-1.69052826227555,0.0912979960103407,0.113894705601722
"ENSG00000226363","HAGLROS",-0.0774843439866734,-1.68673344633481,0.0920259853016171,0.114774239587948
"ENSG00000068976","PYGM",-0.0623272361316702,-1.68654121994515,0.0920629855560932,0.114791752563707
"ENSG00000213214","ARHGEF35",-0.0822965699111769,-1.68455998577072,0.0924450368473735,0.115239387742924
"ENSG00000240583","AQP1",-0.0726895389907441,-1.68292945781122,0.0927604155990737,0.115603708373721
"ENSG00000274423","RP11-544O24.2",-0.127018505607646,-1.68147283335209,0.0930428889717823,0.115926848955622
"ENSG00000204072","ARMCX7P",0.180591290786526,1.679873271899,0.0933538774608998,0.116285348107748
"ENSG00000243015","RN7SL737P",-0.146532616367576,-1.67085488682739,0.0951229079976921,0.11845941220136
"ENSG00000186198","SLC51B",-0.115994394509943,-1.67072152171996,0.0951492691194469,0.118462735457479
"ENSG00000170890","PLA2G1B",-0.105724645771397,-1.6618181000118,0.0969224310562154,0.120640317471017
"ENSG00000258656","RP11-193F5.4",-0.15353711085046,-1.66014572584673,0.0972584277167478,0.121028406815266
"ENSG00000111341","MGP",0.0950812888608847,1.65862610057922,0.097564543930291,0.121379129049877
"ENSG00000228532","RP1-241P17.4",0.0893633001434838,1.6529562778671,0.0987134979596808,0.122777982536916
"ENSG00000261822","RP11-265N6.2",0.150076455236379,1.65143632199631,0.0990233398801341,0.123132728028021
"ENSG00000006606","CCL26",0.0712758914279226,1.64206908187501,0.100950044286705,0.125497320097843
"ENSG00000266964","FXYD1",-0.0898214019017728,-1.64091566424884,0.101189340488784,0.125763535283103
"ENSG00000146966","DENND2A",0.0585127003915162,1.63347419192174,0.102744099941394,0.127637678798583
"ENSG00000254507","RP11-481A20.10",-0.114857048774259,-1.63345406179951,0.102748331432859,0.127637678798583
"ENSG00000233864","TTTY15",-0.0444268518807435,-1.6305326825244,0.103363899504884,0.128370466349832
"ENSG00000106025","TSPAN12",0.0741672291568008,1.62686601969628,0.104140659778126,0.129303029275051
"ENSG00000056736","IL17RB",-0.0910347629342036,-1.62393423763983,0.104765076176749,0.130046023059519
"ENSG00000109758","HGFAC",0.125217753820344,1.62231909937698,0.105110341327655,0.130442220560505
"ENSG00000162105","SHANK2",-0.0510235769427025,-1.61922784631205,0.105773675231706,0.131232847682018
"ENSG00000131187","F12",-0.0714927830194301,-1.61823478520655,0.105987474956449,0.131465486177684
"ENSG00000281508","CDR1-AS",0.0833976371558121,1.61775790949709,0.10609026520722,0.13156034871927
"ENSG00000168621","GDNF",-0.107812232160672,-1.61695306188489,0.106263929194532,0.131743031483426
"ENSG00000152760","TCTEX1D1",-0.0738080787788238,-1.6166930466394,0.106320081566987,0.131779972195076
"ENSG00000184292","TACSTD2",0.0441606061919239,1.61518685137518,0.106645820282601,0.132150954501364
"ENSG00000160716","CHRNB2",-0.111862634859907,-1.61276398574753,0.107171465554126,0.132769407277163
"ENSG00000131153","GINS2",0.0770750178798822,1.61106108963953,0.10754214097163,0.133195616759512
"ENSG00000186474","KLK12",0.136048441389573,1.6104982309284,0.107664883830245,0.13331461593641
"ENSG00000124479","NDP",-0.113651979203033,-1.60664658447573,0.108507798848018,0.134325079039389
"ENSG00000254427","RP11-430H10.1",-0.132230527479394,-1.60420290707432,0.10904529288803,0.134955392032612
"ENSG00000277075","HIST1H2AE",0.118135439837217,1.60408650756359,0.109070947840757,0.134955392032612
"ENSG00000198113","TOR4A",0.0650862274793624,1.60300988532223,0.109308466735173,0.135215817336929
"ENSG00000244239","AC007009.1",-0.0511851033280955,-1.60282541012274,0.109349205793802,0.135232755124662
"ENSG00000101605","MYOM1",0.0700392207054416,1.60159293275866,0.109621691775839,0.135536216340058
"ENSG00000168481","LGI3",-0.0930368882848933,-1.59955136658759,0.110074240289017,0.136062101716955
"ENSG00000237512","UNC5B-AS1",-0.0814491270853755,-1.59667801241424,0.110713672806014,0.136818676230862
"ENSG00000131002","TXLNGY",-0.0485125271331215,-1.59609105036044,0.110844655319595,0.136946695477631
"ENSG00000105605","CACNG7",-0.0640201787432471,-1.59531472995956,0.111018082001405,0.137127077570905
"ENSG00000267340","RP11-242D8.3",-0.140715404888615,-1.59371301910989,0.111376575483843,0.13753590452438
"ENSG00000089199","CHGB",-0.117846177712553,-1.59291805844429,0.111554842394569,0.137722027647617
"ENSG00000180071","ANKRD18A",0.131819972444776,1.59114078888125,0.111954204120176,0.138176055933079
"ENSG00000172179","PRL",0.0924150271291557,1.59103560109566,0.111977875728167,0.138176055933079
"ENSG00000185666","SYN3",-0.0867974046438833,-1.58958501347058,0.112304721511998,0.138545178277817
"ENSG00000162493","PDPN",-0.0574560093178709,-1.58896482411187,0.112444692090368,0.138683636026601
"ENSG00000163630","SYNPR",0.0741157352359889,1.58847389880471,0.11255558673038,0.138786173526979
"ENSG00000101076","HNF4A",-0.072058921427587,-1.58831686346553,0.112591077517897,0.13879570699938
"ENSG00000151650","VENTX",-0.0790032541587154,-1.58624573759154,0.113059989922253,0.139339400939429
"ENSG00000202538","RNU4-2",-0.10758733626941,-1.58558649509813,0.113209568466388,0.139489364793479
"ENSG00000164690","SHH",-0.0961710152927311,-1.58536243872891,0.113260441190186,0.139517665915479
"ENSG00000161509","GRIN2C",-0.10712944896229,-1.58169694842749,0.114095267281467,0.140505524364946
"ENSG00000185168","LINC00482",-0.118957250622109,-1.58159486265121,0.114118586889209,0.140505524364946
"ENSG00000168079","SCARA5",0.103745351632439,1.58135959630082,0.114172343449631,0.140518881620209
"ENSG00000114854","TNNC1",-0.074281937628988,-1.58130140321471,0.114185643204582,0.140518881620209
"ENSG00000197769","MAP1LC3C",0.0944702826890109,1.58113681708288,0.114223265201893,0.140530592029888
"ENSG00000263970","RP11-789C17.5",-0.130092596318315,-1.58011023348759,0.114458147966245,0.140784929847779
"ENSG00000178150","ZNF114",0.101547668613125,1.57870963138113,0.11477922031724,0.14114513073935
"ENSG00000257767","RP11-162P23.2",-0.135369446344065,-1.57775032312242,0.114999540314503,0.141381288805635
"ENSG00000182230","FAM153B",-0.117147621092687,-1.57566271636549,0.115480143201348,0.141937245822699
"ENSG00000254352","RP11-578O24.2",0.135986387113746,1.57537643850008,0.115546172451281,0.141983500185895
"ENSG00000125730","C3",0.0625885059890189,1.57287748562839,0.116123812919958,0.142658246830415
"ENSG00000105427","CNFN",-0.0567536646123252,-1.57249075176983,0.11621341039641,0.142733247846242
"ENSG00000234147","RP3-460G2.2",-0.118262226772586,-1.57227369717898,0.116263720865954,0.142759971593755
"ENSG00000103485","QPRT",-0.105283016688096,-1.57104162814055,0.116549623585404,0.143075894408794
"ENSG00000147255","IGSF1",-0.131527153328454,-1.56879548520604,0.117072266478811,0.143682212173308
"ENSG00000187583","PLEKHN1",0.0509978976436618,1.56410869124968,0.118168746513696,0.14499232701067
"ENSG00000125966","MMP24",-0.0879791660011163,-1.56108343682088,0.118880782528085,0.145830204278809
"ENSG00000136274","NACAD",-0.0747626779014149,-1.55808908679273,0.119588858242598,0.146662813640665
"ENSG00000188985","DHFRP1",-0.0536745517707553,-1.55656916827442,0.119949538499479,0.147069076139625
"ENSG00000105894","PTN",-0.0732315335695438,-1.55463044147451,0.120410840884606,0.147598481103954
"ENSG00000280334","RP11-361L15.5",-0.100784401045055,-1.55448257386143,0.12044608166113,0.147605492231776
"ENSG00000104267","CA2",-0.109908357264224,-1.54689970340369,0.122264147227555,0.149796798857577
"ENSG00000275143","SCARNA16",0.135766270934572,1.54545034006728,0.122614079267155,0.150188730116554
"ENSG00000172508","CARNS1",-0.0646657165360503,-1.54004234418175,0.12392670064597,0.151759368902731
"ENSG00000181631","P2RY13",-0.079649401642095,-1.53871487316825,0.124250575881057,0.152081939592686
"ENSG00000178363","CALML3",-0.0999093031938504,-1.53871336324457,0.124250944647225,0.152081939592686
"ENSG00000156711","MAPK13",-0.0487401804404303,-1.53612289985969,0.124884869792698,0.152820447617105
"ENSG00000168961","LGALS9",0.0793779951510995,1.53117216724414,0.126103412861013,0.154273810693679
"ENSG00000228252","COL6A4P2",-0.114296210312655,-1.52871852525841,0.126710765746207,0.154978920922465
"ENSG00000255126","CTD-2531D15.5",0.134405082131713,1.52600018650663,0.127386300332016,0.155767058366368
"ENSG00000234511","C5orf58",0.11231421046957,1.5257899057121,0.127438673971766,0.155792999965484
"ENSG00000162849","KIF26B",-0.0785417366865176,-1.52249635491374,0.128261174626593,0.156760174317517
"ENSG00000100604","CHGA",-0.115017766066652,-1.52203163018828,0.128377562718343,0.156864079567868
"ENSG00000130701","RBBP8NL",-0.0285971924974759,-1.52084553566919,0.128674987247256,0.157189087768454
"ENSG00000164929","BAALC",-0.0799785559860842,-1.51693688598746,0.129658916141501,0.158328062980043
"ENSG00000171051","FPR1",0.075467026049757,1.51689027978798,0.129670683580655,0.158328062980043
"ENSG00000034239","EFCAB1",-0.09843541041348,-1.51653154897124,0.129761286097331,0.158400007443031
"ENSG00000279909","AC110615.1",0.144328773425262,1.51070809234017,0.131238978723747,0.160164728732911
"ENSG00000243480","AMY2A",-0.0989815552726845,-1.50733078673749,0.132101933395705,0.161178542454496
"ENSG00000184226","PCDH9",0.088194715810014,1.50497955474934,0.132705305845982,0.161875220597685
"ENSG00000151882","CCL28",-0.119610849900406,-1.5025687110705,0.133326193401877,0.162592918782777
"ENSG00000176920","FUT2",-0.0856739222123529,-1.50035641827689,0.133897925683968,0.163250336117981
"ENSG00000211716","TRBV9",0.100357540939958,1.49581566755005,0.135077361027182,0.164648172875649
"ENSG00000151640","DPYSL4",0.0863494921940705,1.49286323823551,0.135848542624331,0.16554782186733
"ENSG00000137709","POU2F3",0.0452475170968829,1.49092849246921,0.136355747219841,0.166125423026122
"ENSG00000270181","BIVM-ERCC5",-0.0947712972275751,-1.48691407914442,0.137412818355846,0.16737249495231
"ENSG00000105609","LILRB5",0.082676724243269,1.48608010301835,0.137633212185971,0.167600112257636
"ENSG00000131095","GFAP",0.0728419204802667,1.48588865509572,0.137683844400284,0.167620945215832
"ENSG00000104760","FGL1",-0.104793380514686,-1.48520355926459,0.137865149487695,0.16780081485844
"ENSG00000125675","GRIA3",-0.0810358680300653,-1.48456383610259,0.138034613465189,0.167966188202956
"ENSG00000254528","RP11-728F11.4",-0.111203462353459,-1.48305133944978,0.138435916550725,0.168413523784337
"ENSG00000211746","TRBV19",0.086376084577707,1.48227984310846,0.138640960280212,0.168621941474352
"ENSG00000159674","SPON2",-0.0725989384789417,-1.4732577910689,0.141056216005859,0.171517772380665
"ENSG00000130508","PXDN",0.065847240046254,1.47242948528759,0.141279572196286,0.171747595667744
"ENSG00000196787","HIST1H2AG",0.121063725975566,1.47166934120451,0.141484787810022,0.171955259856614
"ENSG00000080007","DDX43",0.108254879871973,1.46870574388034,0.142287060021858,0.17288828678233
"ENSG00000127241","MASP1",0.0950280375304862,1.46626570955251,0.14295022192857,0.173651873091072
"ENSG00000269994","RP11-276H19.2",0.102261671003988,1.46507853925609,0.143273733720858,0.173989758485629
"ENSG00000166278","C2",0.0624065198378049,1.46498970194647,0.143297965088764,0.173989758485629
"ENSG00000272783","RP13-1016M1.2",-0.107534421271954,-1.45768408676528,0.145301452669605,0.176379524969174
"ENSG00000263429","LINC00675",-0.10543140887941,-1.45701724073647,0.145485393171274,0.176559943169022
"ENSG00000277224","HIST1H2BF",0.103714584426535,1.45656842490543,0.145609293507064,0.176667427210706
"ENSG00000123999","INHA",-0.0869576606513098,-1.4549433342369,0.146058594017638,0.177169570618192
"ENSG00000101194","SLC17A9",-0.0981738284540012,-1.4535088577624,0.14645607660968,0.177608630377977
"ENSG00000255026","RP11-326C3.2",-0.123236605797286,-1.45198121129527,0.146880286919708,0.178079882298385
"ENSG00000134716","CYP2J2",-0.0651259864497297,-1.4441081481404,0.149081490163806,0.180704836562189
"ENSG00000267007","CTB-31O20.3",0.130995554134817,1.44181119867536,0.149728416488267,0.181421104409766
"ENSG00000184937","WT1",0.0868004984485402,1.44175249013793,0.149744979579821,0.181421104409766
"ENSG00000133800","LYVE1",0.0652496213437483,1.44137883297389,0.149850430078595,0.181504881393647
"ENSG00000158246","FAM46B",-0.0707891974379272,-1.44077547454019,0.150020824789882,0.181667261794481
"ENSG00000110665","C11orf21",0.0954028917554189,1.43755632490795,0.150932449157205,0.182726936025672
"ENSG00000165272","AQP3",-0.0903729087494755,-1.43571321005864,0.151456297580506,0.183316748463455
"ENSG00000078399","HOXA9",0.0530424584663076,1.43309892336375,0.15220170588794,0.184174377889569
"ENSG00000114200","BCHE",-0.0802582873322509,-1.43179045073971,0.152575838050221,0.18458243170847
"ENSG00000169994","MYO7B",0.0748495003009668,1.42939280448935,0.153263216954017,0.185369154516228
"ENSG00000165246","NLGN4Y",-0.0520280614713259,-1.42527454457546,0.154449380046108,0.186758621579333
"ENSG00000267405","CTC-296K1.4",0.10022616563064,1.42395612994428,0.154830589587584,0.187174310429864
"ENSG00000057294","PKP2",0.0566702019588917,1.41897413147124,0.156277562097557,0.188877885058686
"ENSG00000279624","RP5-1042K10.14",-0.13819115680769,-1.41598707282217,0.157150038164006,0.189886464673762
"ENSG00000237978","KCNMB2-AS1",0.133102227934688,1.41455342603631,0.157570096713399,0.190319439955174
"ENSG00000001626","CFTR",0.0958816365086902,1.41450433221189,0.157584496282884,0.190319439955174
"ENSG00000271347","RP11-701H24.7",-0.116822584998585,-1.41409558360841,0.157704423948598,0.19039956981944
"ENSG00000128573","FOXP2",-0.0725183768368793,-1.41401865180591,0.157727003638424,0.19039956981944
"ENSG00000189377","CXCL17",-0.0782835896645219,-1.41315272581534,0.157981324492404,0.190660541265272
"ENSG00000187288","CIDEC",-0.112430513084829,-1.41204689664453,0.158306556712517,0.191006945840392
"ENSG00000100336","APOL4",-0.0772397384644147,-1.40908356598922,0.159180597267691,0.192015195739072
"ENSG00000122691","TWIST1",-0.0523320275716893,-1.40681077850592,0.159853435550219,0.192780313012806
"ENSG00000259357","RP11-316M1.12",-0.087048003727406,-1.40667323884349,0.159894221958982,0.192783002120788
"ENSG00000248890","HHIP-AS1",-0.0802899353358064,-1.4065058495535,0.159943870697013,0.192796372585599
"ENSG00000101115","SALL4",-0.062646610720084,-1.40507003193993,0.160370223213153,0.193263705969093
"ENSG00000187653","TMSB4XP8",0.123380337324204,1.40357955878461,0.160813714921906,0.193751463761333
"ENSG00000132639","SNAP25",-0.0757488504533905,-1.40229978875717,0.161195251915769,0.194164360293627
"ENSG00000131401","NAPSB",-0.0716808770729415,-1.40107517140287,0.161560987197426,0.194558028898635
"ENSG00000196735","HLA-DQA1",0.0707353897486966,1.39977841669656,0.161948950366281,0.19497826916239
"ENSG00000133401","PDZD2",0.0768479803685003,1.39889344342737,0.162214120891479,0.195250506609869
"ENSG00000278309","RP11-102K13.5",0.0752285836401064,1.39772354833385,0.162565168067078,0.195625954352681
"ENSG00000107317","PTGDS",0.0759238914190346,1.39649793696825,0.162933549369662,0.196022075757533
"ENSG00000162374","ELAVL4",0.0554030852730063,1.39351194780758,0.163833686053576,0.197057596889074
"ENSG00000137868","STRA6",-0.0400253382301297,-1.39337936694881,0.163873739879381,0.197058369263324
"ENSG00000214199","EEF1A1P12",-0.0426517671491003,-1.39284135410787,0.164036354084938,0.19720648483402
"ENSG00000100078","PLA2G3",-0.12081426228095,-1.39174864558264,0.164366999726284,0.197556490055629
"ENSG00000138944","KIAA1644",0.0748098461473753,1.38899002257642,0.165203976138409,0.198514751428033
"ENSG00000172901","LVRN",-0.0802009191864762,-1.38850594812555,0.165351176971331,0.198643893526347
"ENSG00000130700","GATA5",-0.125920594847137,-1.38757484948993,0.165634590117683,0.198936572324865
"ENSG00000273018","CTD-2303H24.2",0.0952924207676632,1.38594846822831,0.166130515502544,0.199484288547724
"ENSG00000112297","AIM1",0.0723692287587846,1.38564112046663,0.166224359274461,0.199549050749653
"ENSG00000069702","TGFBR3",-0.110065840611905,-1.38512743393865,0.166381294465292,0.199689503678939
"ENSG00000184574","LPAR5",-0.0560674206884423,-1.38364901451066,0.166833585811116,0.20018428823028
"ENSG00000219928","RP11-40C6.2",-0.0200906147905099,-1.38323328757609,0.166960935340306,0.200289029918794
"ENSG00000265107","GJA5",-0.0467850975629372,-1.38105677683662,0.167628860183986,0.201042048673527
"ENSG00000196565","HBG2",-0.102486505729741,-1.38064514183732,0.167755407977489,0.201145573114495
"ENSG00000119698","PPP4R4",-0.13374903388204,-1.37967877524801,0.168052777767348,0.201453821346617
"ENSG00000275371","RP11-455F5.6",-0.110355788056963,-1.37678346039015,0.168946095901912,0.202476145615906
"ENSG00000185565","LSAMP",-0.0699719936953431,-1.3753879103501,0.169377950412102,0.202945063997247
"ENSG00000182162","P2RY8",0.0621983716574633,1.37095072070069,0.17075655441314,0.204547861060301
"ENSG00000270872","SRGAP2D",-0.104922506595632,-1.36975899788025,0.171128244910369,0.204944005880682
"ENSG00000182272","B4GALNT4",-0.0459855386044884,-1.36846252906103,0.171533293928812,0.205379901734689
"ENSG00000163993","S100P",-0.085831190278487,-1.36748145049752,0.171840284764544,0.205698210156265
"ENSG00000237541","HLA-DQA2",0.0683164689453117,1.36648564007161,0.172152306402674,0.206022386791137
"ENSG00000143001","TMEM61",0.0601875126838559,1.36521369726859,0.172551467139652,0.206450666594463
"ENSG00000264272","CTD-2514K5.4",0.115273417323216,1.36403347778977,0.172922463136502,0.206845051598687
"ENSG00000113303","BTNL8",0.104734818294258,1.36372553272615,0.173019362311554,0.206911459353688
"ENSG00000152207","CYSLTR2",-0.0637612330674608,-1.36140739584138,0.173750101792766,0.207735654941136
"ENSG00000171401","KRT13",0.0922579912534515,1.35299953129433,0.176419874807946,0.210877211102015
"ENSG00000156413","FUT6",0.0958526580726369,1.35183015451293,0.176793603810241,0.211273427115489
"ENSG00000128040","SPINK2",0.0902215546935552,1.35150512316447,0.176897587657183,0.211347177607148
"ENSG00000161082","CELF5",-0.0894450389633842,-1.35115494970135,0.177009666031488,0.211430561432737
"ENSG00000184194","GPR173",0.0650452478751272,1.35091306817212,0.177087114857334,0.211472551776133
"ENSG00000254461","RP11-755F10.3",-0.101443669845548,-1.34909492958902,0.177670080146973,0.212118051751401
"ENSG00000235333","PVRIG2P",0.0939043226267045,1.34774844414025,0.178102737029883,0.212583835079832
"ENSG00000184809","B3GALT5-AS1",-0.0841939306967529,-1.34728698907032,0.178251193809531,0.212710255142638
"ENSG00000145284","SCD5",0.0670297844675702,1.34469676693209,0.179086218471452,0.213655712802973
"ENSG00000204653","ASPDH",-0.0988240921320067,-1.34407869172737,0.179285900865772,0.213842916108984
"ENSG00000104140","RHOV",0.0437057091275569,1.34340268869804,0.179504487913707,0.214052573233612
"ENSG00000261113","RP11-141O15.1",-0.0987186783853312,-1.33501588442128,0.182232905010959,0.217254297819455
"ENSG00000101203","COL20A1",-0.0815565218859417,-1.33403382454457,0.182554395724584,0.217585692162794
"ENSG00000106078","COBL",0.0581248281507626,1.33331545619221,0.182789830060423,0.217808892979349
"ENSG00000258757","RP11-841O20.2",-0.118514573034641,-1.333196662016,0.182828784766865,0.217808892979349
"ENSG00000106633","GCK",-0.0799167357620877,-1.33217451726526,0.18316421881533,0.218156525506586
"ENSG00000224318","CHL1-AS2",-0.0973833249280823,-1.32991866434039,0.183906131404795,0.218988010722548
"ENSG00000099617","EFNA2",-0.0963216913602116,-1.32846619006589,0.184385004536053,0.219505957781015
"ENSG00000196104","SPOCK3",-0.0900911369500142,-1.3265394845764,0.185021655215301,0.22021144396013
"ENSG00000196666","FAM180B",0.0961376320462546,1.32613658114305,0.185154994288216,0.220317699057848
"ENSG00000204128","C2orf72",-0.0782419967027699,-1.32553829076157,0.185353127156543,0.220500984007308
"ENSG00000261068","RP11-7K24.3",-0.0419635553576439,-1.32538003529574,0.185405562099983,0.2205108968839
"ENSG00000198300","PEG3",0.0889103753953349,1.32092967128166,0.186884609191627,0.222217133402648
"ENSG00000101230","ISM1",-0.0619597112166024,-1.31424329912806,0.189123163247959,0.224825443708939
"ENSG00000244257","PKD1P1",-0.117483229647966,-1.31190796277485,0.189909666468013,0.225706758340875
"ENSG00000233327","USP32P2",0.0864095480710799,1.31059951815269,0.190351383052286,0.226177974159085
"ENSG00000140749","IGSF6",-0.0654362813750221,-1.30838076240457,0.191102142287025,0.227016087297487
"ENSG00000228630","HOTAIR",0.0927646599563782,1.30588609258001,0.191948866953767,0.22796482270429
"ENSG00000143061","IGSF3",0.0479687406317857,1.30575930610679,0.191991973681553,0.22796482270429
"ENSG00000226386","PARD3-AS1",0.112511955382986,1.30539761227931,0.192114986853436,0.228056727033993
"ENSG00000128340","RAC2",0.0581622149745653,1.30438590127544,0.19245938114219,0.228411323453822
"ENSG00000134775","FHOD3",0.0542224432690932,1.30303300722409,0.192920626939863,0.228904398362438
"ENSG00000261655","CTD-3064M3.3",-0.0694229423835638,-1.30249355907876,0.193104769169475,0.229068528077669
"ENSG00000084734","GCKR",0.0772316570036829,1.30065250369481,0.193734192947699,0.229733149086464
"ENSG00000258377","RP11-649E7.5",-0.0311470603852461,-1.30053289751225,0.19377513629656,0.229733149086464
"ENSG00000267815","CTB-191K22.5",0.0543241929653716,1.3003728858137,0.193829921132896,0.229733149086464
"ENSG00000231943","PGM5P4-AS1",-0.108797434337312,-1.300317662344,0.193848831199159,0.229733149086464
"ENSG00000153233","PTPRR",-0.0622130091177953,-1.29722889090549,0.194908674717183,0.230934448717042
"ENSG00000148204","CRB2",0.0651069654550628,1.29614349846302,0.19528211226347,0.231282839374462
"ENSG00000099725","PRKY",0.0489674291243273,1.29598256308497,0.195337528019231,0.231282839374462
"ENSG00000126860","EVI2A",-0.0609650086512254,-1.29597106942504,0.19534148613567,0.231282839374462
"ENSG00000157680","DGKI",-0.0539018446260317,-1.29555488461735,0.195484849009057,0.231397785285342
"ENSG00000228798","AP000473.5",0.0903327641148715,1.29390702735427,0.196053243891847,0.232015673244789
"ENSG00000179344","HLA-DQB1",0.0762977350902351,1.28839688643639,0.197962664804685,0.234219906299912
"ENSG00000276170","AC124789.1",-0.067052782599555,-1.28642391686064,0.198649657924801,0.234977120800569
"ENSG00000198502","HLA-DRB5",0.0774765428690263,1.28613970941941,0.198748763398454,0.235038745740839
"ENSG00000211938","IGHV3-7",0.0779056407623613,1.28459847950625,0.199286833603805,0.23561933507189
"ENSG00000183878","UTY",-0.0366713182249965,-1.28412354774215,0.199452855278427,0.235759876215635
"ENSG00000258643","BCL2L2-PABPN1",-0.0959113485777176,-1.28297858354455,0.199853516013964,0.236177636509057
"ENSG00000078295","ADCY2",0.0702638024329305,1.28194207025499,0.200216733747923,0.236550961422404
"ENSG00000183876","ARSI",0.063947177558572,1.28023207134113,0.200817011003769,0.237204123557487
"ENSG00000152785","BMP3",0.0867955518444322,1.28003977840769,0.200884595632816,0.237227911706207
"ENSG00000074276","CDHR2",0.0731800506278519,1.27982918917492,0.20095862988105,0.237259303283412
"ENSG00000185156","MFSD6L",0.0765124130846179,1.27936778751915,0.201120908858425,0.237344953754006
"ENSG00000182333","LIPF",0.0726770273230887,1.2793529929789,0.201126113811144,0.237344953754006
"ENSG00000266524","GDF10",-0.0772975177139411,-1.27819960087083,0.201532198411233,0.237768049093007
"ENSG00000123405","NFE2",-0.0846610481149449,-1.27574444988933,0.20239859827018,0.238678585657739
"ENSG00000274253","RP11-566K19.6",0.111862517832873,1.27574206657716,0.202399440637763,0.238678585657739
"ENSG00000165949","IFI27",-0.0857520312925307,-1.27454670357169,0.202822257229566,0.239120793715593
"ENSG00000183734","ASCL2",-0.0777281970023891,-1.27266704150527,0.203488423013976,0.239849626371966
"ENSG00000165553","NGB",0.0838490827968855,1.27127112948388,0.203984175863339,0.240377298919796
"ENSG00000262370","RP11-473M20.9",0.066373142652046,1.27099261980766,0.204083192787387,0.240437314782501
"ENSG00000181649","PHLDA2",0.0608813678873927,1.26718253234201,0.205441290647534,0.241980318783904
"ENSG00000253445","CTB-79E8.2",0.119420419776132,1.26623162339135,0.205781263905108,0.242323673934418
"ENSG00000172478","C2orf54",-0.0811273803679324,-1.26289852827044,0.206976160072741,0.243673369522888
"ENSG00000228477","RP3-342P20.2",0.0833143188834067,1.26197097098283,0.207309579758755,0.24400845075183
"ENSG00000211643","IGLV5-52",-0.114750525619837,-1.26135566205364,0.207530973956038,0.244211548547939
"ENSG00000100031","GGT1",-0.0916548197909105,-1.26102196888167,0.207651111872895,0.244295425732818
"ENSG00000143333","RGS16",-0.0585115377984106,-1.25636760142501,0.209332072024023,0.246215092947569
"ENSG00000108405","P2RX1",0.0685401366936812,1.25551451183257,0.209641239497767,0.246520742589096
"ENSG00000175874","CREG2",0.060422623945564,1.25409757415191,0.210155482398093,0.247067343519978
"ENSG00000165495","PKNOX2",-0.0724285703400038,-1.25358680874575,0.210341076302484,0.247227405151016
"ENSG00000167653","PSCA",0.0820470880730782,1.25340753782748,0.210406245113186,0.247245881449102
"ENSG00000272189","RP3-325F22.5",0.0438787055250995,1.25184472908648,0.210974979523939,0.24785594398959
"ENSG00000214855","APOC1P1",0.0630996143543832,1.25123188088305,0.211198309850983,0.248060030362912
"ENSG00000211445","GPX3",0.0537759917865867,1.24711625995157,0.212702536554585,0.249768126531922
"ENSG00000160867","FGFR4",-0.0917684052104913,-1.24645574442942,0.212944669698122,0.249993742308197
"ENSG00000186479","RGS7BP",0.0766302626746627,1.24593255690349,0.213136602311076,0.250160331351028
"ENSG00000187726","DNAJB13",-0.0760764091323015,-1.24395141488264,0.213864522806101,0.250955788319761
"ENSG00000267059","AC005943.2",-0.0982025287211893,-1.24357106304477,0.21400447879801,0.251061096665896
"ENSG00000165474","GJB2",-0.0546267797704923,-1.24236909171975,0.214447196652318,0.251521459831477
"ENSG00000183010","PYCR1",0.0420178915154218,1.2406763839532,0.215071786998497,0.252194872183979
"ENSG00000276443","PVT1_1",0.109091418359948,1.23561980870106,0.216945425934332,0.254332269559592
"ENSG00000160471","COX6B2",-0.0874385798350599,-1.23354195586107,0.217718744090215,0.25517902495337
"ENSG00000274415","RP11-433J22.2",0.122215908524649,1.23335558009639,0.217788204792545,0.255200614943222
"ENSG00000258424","RP11-471B22.2",-0.113317661175936,-1.23081306413216,0.218737373762238,0.256252780883597
"ENSG00000169515","CCDC8",-0.0601462355753082,-1.23061599426316,0.218811067759286,0.25627906741542
"ENSG00000154764","WNT7A",0.0662160433182708,1.22994540144909,0.219061968810524,0.256512844040426
"ENSG00000267283","AC005306.3",0.119859166448269,1.22979765883426,0.219117274245595,0.256517530140008
"ENSG00000079101","CLUL1",-0.0532616590872052,-1.22731606621988,0.220047726245994,0.257546496074431
"ENSG00000184058","TBX1",-0.0768480446667519,-1.22523596844777,0.220829826295161,0.258401388129138
"ENSG00000108551","RASD1",-0.0757509280291921,-1.224797664644,0.220994879373222,0.258534018920475
"ENSG00000267834","RP11-167N5.5",-0.10342630986585,-1.22463345466389,0.22105673911379,0.25854589370034
"ENSG00000259363","CTD-2054N24.2",0.0904825783659656,1.2236619906846,0.22142295487562,0.258913651631923
"ENSG00000241158","ADAMTS9-AS1",0.0592231332933086,1.22258253636216,0.221830390713877,0.259329425665043
"ENSG00000268307","CTD-2619J13.13",-0.0734693083423597,-1.22226227769279,0.221951374529712,0.259410208660252
"ENSG00000162747","FCGR3B",0.0730179274286171,1.22168022114764,0.222171378689972,0.259606658903917
"ENSG00000146938","NLGN4X",-0.0805465724509079,-1.22140624423509,0.222274989878332,0.259667044250388
"ENSG00000145794","MEGF10",0.0681524242910997,1.2179747073806,0.22357564766903,0.261125493656891
"ENSG00000154620","TMSB4Y",-0.0280755734706514,-1.21435022737831,0.224955349133602,0.26267555947408
"ENSG00000226674","TEX41",0.0440848391793325,1.21398687504537,0.225093998832122,0.262755697806337
"ENSG00000225434","LINC01504",-0.0636053618261181,-1.21389496004517,0.225129081880469,0.262755697806337
"ENSG00000000005","TNMD",-0.0859313643617997,-1.2123704360936,0.225711548336617,0.263343245889144
"ENSG00000211789","TRAV12-2",0.0752873696526349,1.21230171293963,0.225737830376174,0.263343245889144
"ENSG00000005961","ITGA2B",0.0827316563319042,1.21133467257563,0.226107891149249,0.26371342564643
"ENSG00000168878","SFTPB",0.0625707586494055,1.20998980766367,0.226623256069802,0.264252863887362
"ENSG00000258967","HMGN1P3",0.0956274771498691,1.20844142109441,0.227217651320295,0.26488418200081
"ENSG00000067048","DDX3Y",-0.0391241275145495,-1.2082344990473,0.227297168902547,0.264915115271034
"ENSG00000174403","C20orf166-AS1",0.0641116932342223,1.20748251219549,0.227586315489431,0.265190300034294
"ENSG00000224163","RP11-309L24.6",-0.0909761315355012,-1.20715295660187,0.227713115695394,0.26527622984086
"ENSG00000170577","SIX2",0.0633803205355772,1.20262819450622,0.229459170447083,0.267248043847057
"ENSG00000011332","DPF1",0.0531057277052099,1.20094098593626,0.230112681696903,0.267946764900912
"ENSG00000128596","CCDC136",-0.0596928523363217,-1.19969989841196,0.230594241255856,0.268444983999832
"ENSG00000144230","GPR17",0.0657965256219189,1.19771887435963,0.231364392808565,0.269278855689671
"ENSG00000232869","TRBV29-1",0.0730056396925452,1.19593102610987,0.232061014255424,0.270026779445455
"ENSG00000262372","RP11-669E14.6",-0.103154189660335,-1.19274636436749,0.23330558572823,0.271411802848103
"ENSG00000088340","FER1L4",-0.0695191496701705,-1.19146698409544,0.233806902446435,0.271880131183729
"ENSG00000100373","UPK3A",-0.0766903718520908,-1.19144145707408,0.233816912818007,0.271880131183729
"ENSG00000161055","SCGB3A1",-0.0966619697881967,-1.1894960029015,0.234580714411185,0.272704852837927
"ENSG00000279392","AL158801.1",0.0371856989792776,1.18846327843448,0.234986889252196,0.273113539344719
"ENSG00000204065","TCEAL5",-0.0775357911462612,-1.1860855625234,0.23592395056671,0.274138915369173
"ENSG00000181218","HIST3H2A",0.0990794127190011,1.18339027686894,0.236989365341117,0.275257269141533
"ENSG00000074047","GLI2",-0.0542207238969228,-1.18329779780173,0.237025981579396,0.275257269141533
"ENSG00000241431","RPL37P6",0.0267119472025692,1.18312025975329,0.237096287366297,0.275257269141533
"ENSG00000244682","FCGR2C",0.0610522745205871,1.18309419176423,0.237106611638517,0.275257269141533
"ENSG00000205403","CFI",0.0434752924922691,1.18241125029538,0.237377205189263,0.275507434063676
"ENSG00000156885","COX6A2",0.0905016292649289,1.18155439655038,0.237717014919555,0.275837798699878
"ENSG00000204792","LINC01291",-0.116041035675894,-1.17837715672623,0.238980043606034,0.277239029705376
"ENSG00000240409","MTATP8P1",-0.0943552324337305,-1.17513731350878,0.240272834976735,0.278674130105237
"ENSG00000225071","GS1-184P14.2",-0.076343064359506,-1.17443768261474,0.24055265495024,0.278933969098144
"ENSG00000162782","TDRD5",0.054522951219937,1.1697550850665,0.242431398666959,0.281047297318525
"ENSG00000155897","ADCY8",0.0708913541925034,1.16422277041451,0.244664357456364,0.283564036890463
"ENSG00000084636","COL16A1",-0.0457722119433968,-1.16409582657345,0.24471576383647,0.283564036890463
"ENSG00000124701","APOBEC2",0.0781591668241197,1.16383106550302,0.244823004251794,0.283622572117463
"ENSG00000178222","RNF212",-0.0834045632486441,-1.16207740757516,0.245534150599578,0.284380531155406
"ENSG00000205076","LGALS7",0.0825102433265074,1.15891386870307,0.246820702298755,0.285804426005969
"ENSG00000197471","SPN",0.0551074495219124,1.15813726674141,0.247137253635245,0.286104715947263
"ENSG00000057657","PRDM1",0.0529986185068281,1.15610108997526,0.247968573320334,0.287000663565201
"ENSG00000242759","LINC00882",-0.0511545694624158,-1.15372496693575,0.248941160809396,0.288059663051835
"ENSG00000080293","SCTR",-0.0802608086762917,-1.15334585689749,0.249096583811494,0.288172817921673
"ENSG00000253701","AL928768.3",0.0734649213907799,1.15258798192414,0.24940749202553,0.288465755292077
"ENSG00000056998","GYG2",0.0529975947568383,1.15192272015936,0.249680630730125,0.288714882897925
"ENSG00000227028","SLC8A1-AS1",-0.064299743982308,-1.15166932840529,0.249784721657468,0.288768464343894
"ENSG00000164283","ESM1",-0.0332201535303801,-1.1509242503685,0.250090968584807,0.289055673352759
"ENSG00000103154","NECAB2",0.0530525057429108,1.14839980959047,0.25113053367639,0.290190124423839
"ENSG00000165379","LRFN5",-0.0634117234436391,-1.14701488737848,0.251702126294869,0.290783417623462
"ENSG00000247627","MTND4P12",-0.105450988625917,-1.14648039531675,0.251922967679048,0.29097131864062
"ENSG00000164932","CTHRC1",-0.0426720764484669,-1.14588046118897,0.252171009597056,0.29119054225988
"ENSG00000230910","RP3-525N10.2",-0.0676996483956712,-1.14461158393826,0.252696186837888,0.291729608448266
"ENSG00000158488","CD1E",0.0589252923190281,1.14421932646993,0.252858693174132,0.291849830533394
"ENSG00000223839","FAM95B1",0.0833428826737579,1.14287273380627,0.253417121095217,0.292426864868702
"ENSG00000162063","CCNF",0.0488453794806456,1.14036899804755,0.254457698402617,0.293559873560933
"ENSG00000108342","CSF3",0.0826277617112482,1.14002886386685,0.254599290953159,0.293655468227404
"ENSG00000183287","CCBE1",-0.0538221245945371,-1.13972007022262,0.254727884468606,0.293736029138152
"ENSG00000229119","CTB-63M22.1",0.0779893617840941,1.13892219713249,0.255060358933815,0.294051601261027
"ENSG00000260892","CTD-2026K11.1",-0.095421831160041,-1.1385807871606,0.255202717093892,0.294147898909511
"ENSG00000183117","CSMD1",-0.0890322179911763,-1.13229115958262,0.257835215078882,0.297113638025907
"ENSG00000100181","TPTEP1",0.0893814543635249,1.13136313919448,0.258225225812579,0.297494499784077
"ENSG00000225383","SFTA1P",0.0451370460155692,1.13117956481613,0.258302423474312,0.297514885365483
"ENSG00000275718","CCL15",-0.0712524901639548,-1.12992907429548,0.258828712779385,0.298052409925593
"ENSG00000124343","XG",-0.0402478015312532,-1.12934976732974,0.259072775677924,0.298264765919784
"ENSG00000234409","AC006547.14",-0.0843310195113199,-1.12859733677311,0.259390014193411,0.298561250222618
"ENSG00000262967","RP11-294J22.6",0.100993734863884,1.12811441851981,0.259593763328031,0.298727000377481
"ENSG00000120280","CXorf21",0.0480230852386715,1.12649697720443,0.260276990167892,0.299444305301302
"ENSG00000112486","CCR6",-0.0642925965283925,-1.12561434875178,0.260650348425261,0.299804863613137
"ENSG00000272159","RP11-350N15.6",-0.104878687848684,-1.12505832344578,0.260885741644479,0.300006602627046
"ENSG00000267707","RP11-95O2.5",-0.0550242391527087,-1.12151415246011,0.262389627335331,0.30166662144784
"ENSG00000159164","SV2A",-0.0612335405833974,-1.12099183118445,0.262611768225571,0.301852607155829
"ENSG00000272440","RP11-379F4.6",0.0978561233802296,1.11649492612275,0.264529663687769,0.303987202583049
"ENSG00000171819","ANGPTL7",0.0853261438220476,1.11348066865041,0.265820623164118,0.305400532127893
"ENSG00000189184","PCDH18",0.0468643022189795,1.11097877719737,0.266895439434283,0.306564943067176
"ENSG00000172156","CCL11",-0.0369930709455319,-1.10856961992338,0.267933243538268,0.307686315500997
"ENSG00000164308","ERAP2",-0.103070866393673,-1.10830219255542,0.268048615561018,0.307748123491409
"ENSG00000188933","USP32P1",-0.0761042703884451,-1.10568540296509,0.269179340738684,0.30897536815735
"ENSG00000152092","ASTN1",0.0613243009778791,1.10480912776931,0.269558714711386,0.309339814908637
"ENSG00000174672","BRSK2",0.0777716081952066,1.09698338505149,0.272963083988566,0.313174717747322
"ENSG00000115616","SLC9A2",-0.0926858182780672,-1.09355986076092,0.274461615917511,0.314821766365578
"ENSG00000012223","LTF",0.100638677238304,1.09296574431938,0.274722242406105,0.315048443126267
"ENSG00000259498","RP11-244F12.3",-0.0563355432843881,-1.09196099934456,0.275163388225996,0.315481986042188
"ENSG00000163501","IHH",-0.0616650011517933,-1.09104001533046,0.27556818304295,0.315873662360099
"ENSG00000122592","HOXA7",-0.0400260422648643,-1.08374733667507,0.278787863571974,0.319491019449891
"ENSG00000164484","TMEM200A",0.0445642923052686,1.08220268605105,0.279473095875542,0.320202905448605
"ENSG00000164935","DCSTAMP",0.0413075050392374,1.08148834004844,0.279790379040318,0.32049298859143
"ENSG00000165215","CLDN3",-0.0263524520656824,-1.0812288833584,0.27990567974187,0.320551625906859
"ENSG00000123560","PLP1",0.0506245430556896,1.08070957675777,0.280136553044039,0.320742561305288
"ENSG00000117009","KMO",-0.0712693469057594,-1.08020690760714,0.280360153089778,0.320925083665038
"ENSG00000156959","LHFPL4",-0.0709298303192701,-1.07872868616892,0.281018407240337,0.321604952209129
"ENSG00000173253","DMRT2",-0.0495888792472237,-1.07628856789223,0.282107293354195,0.322777223517385
"ENSG00000185559","DLK1",0.0869754146876445,1.07541450135076,0.282498035957604,0.32315034998582
"ENSG00000267484","CTC-518P12.6",-0.0529318616692025,-1.0728703367751,0.283637470198118,0.324379540482751
"ENSG00000272991","AF129408.17",0.0976098215939277,1.07065353628444,0.284632829134525,0.325443436010204
"ENSG00000183092","BEGAIN",-0.060098755893399,-1.07031900738848,0.284783240290524,0.32554096969653
"ENSG00000214140","PRCD",0.0603442730437083,1.06582060690416,0.286811046980934,0.327784053692496
"ENSG00000262413","RP11-498C9.3",0.104316304677935,1.06327272131989,0.287963915000874,0.329026411107031
"ENSG00000157064","NMNAT2",0.0573073245549639,1.06146871185372,0.28878208450631,0.329885863041249
"ENSG00000229237","HMGN1P37",-0.0139103238215941,-1.06113489050558,0.288933653871242,0.329983615659253
"ENSG00000134042","MRO",-0.0386579014603748,-1.0601438438323,0.289383948348842,0.33042241190779
"ENSG00000176049","JAKMIP2",0.0484490826024896,1.05915833994566,0.289832193710276,0.330858668619037
"ENSG00000272541","XXbac-BPGBPG55C20.1",-0.0971327853656601,-1.05892022131495,0.28994056949892,0.330906835766857
"ENSG00000203618","GP1BB",0.090628907540723,1.05603636153305,0.291255280735641,0.332331447667322
"ENSG00000153064","BANK1",0.0694320472725333,1.05412306842513,0.292129736597297,0.333253178869834
"ENSG00000169169","CPT1C",0.0425805923191331,1.05126397898806,0.293439751225151,0.334671249116276
"ENSG00000126861","OMG",-0.0513106284256405,-1.05048271349305,0.293798407435411,0.335003885331142
"ENSG00000100285","NEFH",-0.0627974889953939,-1.0495897719246,0.29420869145128,0.335395225092659
"ENSG00000162614","NEXN",0.0422819615495148,1.04943606135128,0.294279356369258,0.335399312023316
"ENSG00000166183","ASPG",0.0662657752915729,1.0485581828745,0.294683159360329,0.335738244852946
"ENSG00000145040","UCN2",0.0629895944788888,1.04849761827215,0.294711031331916,0.335738244852946
"ENSG00000186074","CD300LF",0.0401571719043386,1.04811425440649,0.294887497335173,0.335801915946469
"ENSG00000131435","PDLIM4",-0.0431663612551761,-1.04808439998259,0.294901242584189,0.335801915946469
"ENSG00000256546","AC156455.1",0.0687422532782766,1.04769742612446,0.295079447791737,0.33592833309624
"ENSG00000223534","HLA-DQB1-AS1",0.0735571433899279,1.04460650909078,0.296505438721301,0.337474890418053
"ENSG00000121895","TMEM156",-0.0548217492752681,-1.04043276059099,0.298438310151749,0.339597530896391
"ENSG00000114374","USP9Y",-0.0291608556391285,-1.03574323052088,0.300620075453038,0.342002361152489
"ENSG00000012817","KDM5D",-0.0303772315527965,-1.03311063016063,0.301849526110456,0.343322936886324
"ENSG00000147573","TRIM55",0.0710062825909714,1.03033223795202,0.303150694387306,0.344724464847972
"ENSG00000155970","MICU3",0.0536183670830711,1.03006132448723,0.303277767331444,0.344790549490046
"ENSG00000164749","HNF4G",0.0536473737654745,1.02962395201349,0.303482993320157,0.344945434553486
"ENSG00000187416","LHFPL3",0.0519421447620234,1.02619327658279,0.305095957354456,0.346699951539154
"ENSG00000070808","CAMK2A",-0.0440767963841419,-1.02304306464241,0.306582068465222,0.348309552903002
"ENSG00000010379","SLC6A13",-0.0721450580570161,-1.02261757575955,0.306783160350137,0.348458837290024
"ENSG00000169418","NPR1",-0.0383136050494514,-1.02141341224219,0.307352738845219,0.349026503344559
"ENSG00000233608","TWIST2",-0.0408014963599477,-1.01661826807471,0.309627832070591,0.3515302362291
"ENSG00000269981","RP11-34P13.16",0.0862787590990504,1.01298845967492,0.311357415578278,0.353413638567852
"ENSG00000186231","KLHL32",-0.0566779871919139,-1.01073862366925,0.312432648176025,0.354553617993673
"ENSG00000145107","TM4SF19",0.0565117713817122,1.00961084285105,0.312972553691201,0.355085720094396
"ENSG00000198286","CARD11",0.0516728115618119,1.00824143657561,0.313628960077427,0.355749727855521
"ENSG00000132561","MATN2",-0.0610081987329807,-1.00636928391792,0.314527818593817,0.356688385794757
"ENSG00000276070","CCL4L2",0.0571338719019197,1.00423022661899,0.31555689825925,0.35777426106491
"ENSG00000196126","HLA-DRB1",0.0514895986129038,1.00231846798829,0.31647849944098,0.358737813920857
"ENSG00000205663","RP11-706O15.5",0.0840668964808247,1.00205350577433,0.31660636920484,0.358801415689982
"ENSG00000259207","ITGB3",-0.046206358465971,-0.993406059116967,0.320798231733658,0.363469557821956
"ENSG00000127324","TSPAN8",0.0768949944844749,0.989303871260815,0.322799420963132,0.365654079024844
"ENSG00000151490","PTPRO",-0.0478190009397362,-0.986719246980399,0.324064469275833,0.367003928964704
"ENSG00000265263","RP11-135L13.4",-0.0900975498478199,-0.986348054371661,0.324246415359416,0.367126828984846
"ENSG00000268525","CTB-59C6.3",-0.0518274738658067,-0.984334407398297,0.325234598225563,0.368162325362874
"ENSG00000054179","ENTPD2",-0.0407360595736353,-0.983586657983439,0.325602050141817,0.368494850771636
"ENSG00000166828","SCNN1G",0.055016329406611,0.981110846304468,0.326820619524087,0.369790246123656
"ENSG00000278058","RP11-70D24.2",0.0524616445037457,0.980775170539141,0.326986063886604,0.369893737428285
"ENSG00000256751","PLBD1-AS1",0.0416015144274809,0.979330189151986,0.327698873221463,0.370616233003238
"ENSG00000189366","ALG1L",-0.0842785487964014,-0.977393037285485,0.328656054022359,0.37161471508634
"ENSG00000224940","PRRT4",-0.068291699207272,-0.976708840098014,0.328994561412533,0.371913363568317
"ENSG00000078589","P2RY10",0.0526215470831975,0.974859328541474,0.329910742156381,0.372864762834969
"ENSG00000111796","KLRB1",0.057236161928144,0.974229055537817,0.330223334224412,0.373086532050448
"ENSG00000184005","ST6GALNAC3",0.0497150130163899,0.974162815115921,0.330256198171056,0.373086532050448
"ENSG00000121871","SLITRK3",0.0627210983008404,0.969290152155014,0.33267949444033,0.375739207635339
"ENSG00000183691","NOG",-0.0684882177942238,-0.967444455549002,0.333600401386622,0.376694220174595
"ENSG00000149654","CDH22",-0.0655279227180633,-0.967124803806453,0.333760058260178,0.376789408738065
"ENSG00000261600","RP11-575H3.1",0.0758565721526035,0.965454102388054,0.334595328984595,0.377647098176743
"ENSG00000281272","AP003391.1",0.0797710061724218,0.965066380777289,0.334789364016995,0.37778082150417
"ENSG00000089169","RPH3A",0.0495439338858881,0.964096660557256,0.335274977836744,0.378243431675027
"ENSG00000110723","EXPH5",0.0326192650622111,0.963731738288346,0.335457840242627,0.378364358496083
"ENSG00000249307","LINC01088",0.0489886372075031,0.960330155496636,0.337165466262976,0.380204630427352
"ENSG00000225698","IGHV3-72",0.0599624714420399,0.960134066290757,0.337264075216167,0.380230073524428
"ENSG00000254510","RP11-867G23.10",0.0598610144148898,0.957729465796923,0.338474805882829,0.381509023763333
"ENSG00000105989","WNT2",-0.0350171609747649,-0.953944102147685,0.340386415402424,0.383577209153058
"ENSG00000066230","SLC9A3",0.0653714823453583,0.953383005495642,0.34067035795672,0.383810678184678
"ENSG00000066468","FGFR2",0.0473462491005331,0.95276957760624,0.340980956563238,0.384074066865553
"ENSG00000255513","AC005363.9",-0.0829050662704605,-0.950969116383481,0.341893637680506,0.385015357748317
"ENSG00000214491","SEC14L6",-0.0475960499192553,-0.949328988162837,0.34272640502883,0.385866252002736
"ENSG00000158481","CD1C",0.0547583138410868,0.947119261203908,0.34385043553241,0.386975723914627
"ENSG00000258461","RP11-164J13.1",0.055190813172432,0.947087461763484,0.343866628270537,0.386975723914627
"ENSG00000275395","FCGBP",0.0607637013731601,0.946265151640124,0.344285529938092,0.387359957176071
"ENSG00000165799","RNASE7",0.0683371746106317,0.944616792160272,0.345126220170481,0.388218470382994
"ENSG00000197261","C6orf141",-0.0582273206081911,-0.944019375084995,0.345431236120272,0.38847417467417
"ENSG00000132840","BHMT2",-0.0367340252831887,-0.943807007673571,0.34553970342025,0.388508773802845
"ENSG00000143502","SUSD4",-0.0490669414428393,-0.940126414188683,0.347423031569298,0.390538479731675
"ENSG00000171303","KCNK3",-0.061831337186044,-0.939102424831365,0.34794815916748,0.391040862179681
"ENSG00000196381","ZNF781",-0.0458744911263472,-0.938693601956993,0.348157955002695,0.391188713486175
"ENSG00000203499","FAM83H-AS1",-0.0200219711671298,-0.938003438520212,0.348512309254932,0.391498887053395
"ENSG00000262663","RP11-497H17.1",0.0801032896060033,0.937364960540209,0.34884033074072,0.391779347193082
"ENSG00000214787","MS4A4E",-0.0692136955322632,-0.936845424289487,0.349107390205781,0.391991230862094
"ENSG00000007933","FMO3",0.0451863131730736,0.936625589726216,0.349220431869543,0.392030121092886
"ENSG00000260197","RP11-424G14.1",-0.0174610294834637,-0.936421164689337,0.349325570654067,0.392060124190872
"ENSG00000125968","ID1",0.0403502421341945,0.932495503888922,0.351348499983554,0.394242033195191
"ENSG00000263986","RP11-746M1.1",0.0886177627086819,0.930364683368785,0.352449638574312,0.395388869838806
"ENSG00000101470","TNNC2",0.0530781779485092,0.92702114277058,0.354181876241875,0.397243019562444
"ENSG00000152784","PRDM8",-0.0429474538291684,-0.923803671789865,0.355853877171608,0.399028792522548
"ENSG00000148123","RP11-35N6.1",0.0610744101142188,0.921183337384394,0.357219246267362,0.400470007026191
"ENSG00000145335","SNCA",0.0363996220738771,0.915631984612571,0.360122772183454,0.403634579896272
"ENSG00000166342","NETO1",-0.0570889486332584,-0.902547913849531,0.367024656085346,0.411278189248483
"ENSG00000214940","NPIPA8",-0.0828149178898863,-0.900810483589611,0.367947327839286,0.412219726461221
"ENSG00000235098","ANKRD65",0.0402256255924962,0.898217534833585,0.369327015606734,0.413672732534424
"ENSG00000163209","SPRR3",0.0619407025399749,0.897793938604475,0.369552713674355,0.413832826063108
"ENSG00000244538","RP11-10G12.1",0.0231340009092405,0.890507632390446,0.373448396007998,0.4181016524944
"ENSG00000187922","LCN10",0.0662020337990838,0.887464071085675,0.375083173665363,0.419837893066222
"ENSG00000122121","XPNPEP2",0.0504991985017469,0.887118511484677,0.375269062548127,0.419951950031476
"ENSG00000140955","ADAD2",-0.0631810655505881,-0.88494412343145,0.3764400514877,0.421167774227167
"ENSG00000235162","C12orf75",-0.0439612204433651,-0.884788419992542,0.376523990159087,0.421167774227167
"ENSG00000223749","MIR503HG",-0.0484191858468091,-0.883518670867451,0.377208935093492,0.421839560605561
"ENSG00000180767","CHST13",-0.0426385450770648,-0.875517011093008,0.38154297991685,0.426590988279126
"ENSG00000006047","YBX2",-0.0465776053678372,-0.874809007376397,0.381927933940079,0.426925926604157
"ENSG00000277150","F8A3",-0.0744955447172019,-0.87438225282763,0.382160083104331,0.427089945355757
"ENSG00000236723","RP5-1024G6.2",0.0842185275480532,0.873931044201164,0.382405629240019,0.427268859486055
"ENSG00000225783","MIAT",-0.0479696877168232,-0.868941882742175,0.385127168114044,0.43021354793794
"ENSG00000274642","CH17-472G23.1",0.063441060450012,0.867715858022265,0.38579776364304,0.430866387807728
"ENSG00000095932","SMIM24",0.0407604955486836,0.866393140131381,0.386522047858569,0.431578883272185
"ENSG00000254855","RP11-867G23.1",-0.0720536809591551,-0.865388248230416,0.387072854561528,0.432097404065113
"ENSG00000168874","ATOH8",-0.0410634115102569,-0.864242965199347,0.387701197666029,0.432702229537978
"ENSG00000274877","RP11-65I12.1",-0.0750299669642881,-0.863491301948423,0.388113925247331,0.433066196437548
"ENSG00000106952","TNFSF8",-0.0369117884825913,-0.861515232127069,0.389200235507244,0.434181431846547
"ENSG00000270132","WISP1-OT1",-0.0561436586650056,-0.859821463639241,0.390132829155202,0.435124725803259
"ENSG00000186998","EMID1",-0.0582873539961405,-0.856295613206042,0.392078532261192,0.437197292887145
"ENSG00000254560","BBOX1-AS1",-0.0515946263000514,-0.854267322595303,0.393200489833187,0.438350601820721
"ENSG00000169760","NLGN1",0.0589191306867279,0.852462849356215,0.394200277932563,0.439367229082214
"ENSG00000152766","ANKRD22",-0.0294129240476736,-0.852189442878284,0.394351896108261,0.43943826176539
"ENSG00000189223","PAX8-AS1",-0.0695376931269996,-0.850621260561815,0.395222217735633,0.440309957370357
"ENSG00000007038","PRSS21",-0.0579683489035499,-0.848701656372144,0.396289155976187,0.441400262838256
"ENSG00000246022","ALDH1L1-AS2",0.057734771640948,0.848152344999251,0.396594789887157,0.441642304996834
"ENSG00000282413","RP11-359E7.3",0.0734774093796599,0.845769684764077,0.397922138252301,0.443021752674573
"ENSG00000171889","MIR31HG",0.0601738094585973,0.84291312337275,0.399517020998858,0.44469837600051
"ENSG00000204287","HLA-DRA",0.0378099766172585,0.84160566114216,0.400248289997733,0.445413187177535
"ENSG00000184305","CCSER1",0.0472774366681717,0.841112093875229,0.400524553621423,0.44562144372655
"ENSG00000270100","RP11-130L8.1",0.0697417617018333,0.838708988258857,0.401871279268482,0.447020332890414
"ENSG00000104537","ANXA13",-0.0362776080955047,-0.83733295539847,0.402643646465533,0.447779855944766
"ENSG00000129990","SYT5",-0.0634106451098638,-0.837048394784294,0.4028034814919,0.44785799587714
"ENSG00000227191","TRGC2",0.0516701247796545,0.836873199380136,0.402901906050555,0.447866964728333
"ENSG00000158014","SLC30A2",-0.055128365599944,-0.836715177617182,0.402990694862554,0.447866964728333
"ENSG00000260459","FTLP14",-0.0301232487453508,-0.83393852707467,0.404552746911309,0.449503052123677
"ENSG00000103241","FOXF1",-0.0302487627535877,-0.83156098309846,0.405893153812204,0.450892194859147
"ENSG00000213023","SYT3",0.057912621873886,0.830032609087961,0.406756218789528,0.451750576176731
"ENSG00000236679","RPL23AP24",-0.0775797153720889,-0.82952699193895,0.407041979495513,0.45196755440319
"ENSG00000248810","RP11-362F19.1",0.0740090532686624,0.827697387691506,0.408077022722354,0.453016233039913
"ENSG00000117407","ARTN",-0.0601342276739893,-0.826372052055311,0.408827771364626,0.453748913834213
"ENSG00000137941","TTLL7",0.0469513087813586,0.825919591957019,0.409084260039704,0.453932822946853
"ENSG00000127249","ATP13A4",0.0536389108683948,0.825634637413856,0.409245843090659,0.454011363535233
"ENSG00000166825","ANPEP",0.0525477686234861,0.819946266270308,0.41247937785521,0.457497091676142
"ENSG00000085552","IGSF9",0.022163411766242,0.819219965202782,0.412893330607921,0.457854658026082
"ENSG00000128710","HOXD10",-0.0240833057082285,-0.815347876343747,0.415104371988542,0.460204403534969
"ENSG00000185862","EVI2B",0.0420701244262399,0.814575342593996,0.415546341737389,0.460592265281965
"ENSG00000280216","RP3-333H23.9",-0.0567771739564512,-0.813969960399989,0.41589287790409,0.460874199805064
"ENSG00000149131","SERPING1",0.0340213336416315,0.811827337094311,0.417120742288373,0.462132442154191
"ENSG00000229950","TFAP2A-AS1",0.0212807180267402,0.810848640554041,0.41768231153762,0.462652095190098
"ENSG00000273837","LLNLR-470E3.1",0.0591438092824632,0.808522420569534,0.419018869889644,0.464029756245453
"ENSG00000275896","PRSS2",0.0511039436315332,0.802316265905762,0.422597001935625,0.46788862038931
"ENSG00000187908","DMBT1",-0.0509710912575112,-0.80139232966226,0.423131222731131,0.468376381150244
"ENSG00000122877","EGR2",0.04165170420643,0.800577823659834,0.423602499182388,0.468794266470106
"ENSG00000130055","GDPD2",0.0580142703747487,0.798063100629997,0.425059468066811,0.470302575865027
"ENSG00000170476","MZB1",-0.0400552680143172,-0.797395546369112,0.425446724610559,0.470626907755043
"ENSG00000282304","RP11-1223D19.3",0.0623600222609828,0.795477509765019,0.426560549150345,0.47175464405037
"ENSG00000229391","HLA-DRB6",0.0389783859593333,0.795079727678633,0.426791758571199,0.471905969229543
"ENSG00000136634","IL10",0.0365524806029945,0.793620454998734,0.427640582073785,0.472739975761425
"ENSG00000224093","RP5-1033H22.2",0.0423130957647066,0.792904707554098,0.428057274724236,0.473096015389297
"ENSG00000255545","RP11-627G23.1",-0.0584344253057312,-0.792185502789923,0.428476218521355,0.473454385106469
"ENSG00000182782","HCAR2",-0.0315363263185964,-0.788512696823059,0.430619386715779,0.475717395841559
"ENSG00000220008","LINGO3",0.0490320152483805,0.787600951663173,0.431152375222684,0.476200988759315
"ENSG00000108924","HLF",0.0456676363603684,0.787422599805833,0.431256681052241,0.476210999395143
"ENSG00000105509","HAS1",0.0543919809254616,0.786395269166272,0.431857781943898,0.476769465603774
"ENSG00000123119","NECAB1",0.0456057497943815,0.785825719375336,0.432191240361953,0.477032274130191
"ENSG00000132872","SYT4",-0.0521732550429084,-0.784480885285347,0.432979202638602,0.477796515822778
"ENSG00000256713","PGA5",0.0505055044763429,0.783411772276365,0.433606208745122,0.478382842834424
"ENSG00000275131","CH17-472G23.4",0.0376078206222339,0.782521821626639,0.434128541815374,0.478853454462138
"ENSG00000273389","RP13-514E23.2",0.0660560671287046,0.778923550780582,0.43624416201624,0.481080902091134
"ENSG00000178860","MSC",0.034604831832829,0.778517968421317,0.436482998807869,0.481238146425434
"ENSG00000230076","AC016708.2",0.0778980473737272,0.778074352801093,0.436744318793667,0.481420104490374
"ENSG00000157423","HYDIN",-0.0430575263530048,-0.776278237442552,0.437803276053288,0.482481018352753
"ENSG00000239704","CDRT4",-0.0511457758939876,-0.775795263784247,0.438088280866122,0.482688718450993
"ENSG00000197582","GPX1P1",-0.0435627259518227,-0.772620711092047,0.439964256225109,0.484648883261852
"ENSG00000128408","RIBC2",-0.0254759481531814,-0.771766923951366,0.440469581408249,0.485098657938601
"ENSG00000217624","RP11-204C16.4",0.0286134640287815,0.764704480144659,0.444662347218438,0.489608398170489
"ENSG00000142273","CBLC",-0.0241368896831401,-0.764239563344042,0.444939152557623,0.489805319856476
"ENSG00000273802","HIST1H2BG",-0.0515441754378532,-0.761843855729417,0.446367084987913,0.491251891223176
"ENSG00000147883","CDKN2B",0.0330682132025482,0.761705351241839,0.446449718743622,0.491251891223176
"ENSG00000230316","FEZF1-AS1",0.0584631603959329,0.75823494157229,0.448523060376977,0.493424708885563
"ENSG00000137033","IL33",-0.0513008324812556,-0.755360784889295,0.450244318288083,0.495209324997891
"ENSG00000118432","CNR1",-0.0501444265309378,-0.753834321318461,0.451159999913589,0.496107323414987
"ENSG00000256210","AC005255.3",0.0148546791568209,0.753499161428226,0.451361193959245,0.496219430474104
"ENSG00000137766","UNC13C",-0.0488230808108967,-0.752595328287988,0.451904011821412,0.496706981557938
"ENSG00000164530","PI16",-0.0583186641922817,-0.750203459865035,0.453342286135184,0.49817833641229
"ENSG00000175785","PRIMA1",0.0357110756450818,0.749388038398236,0.453833204916717,0.49860822337587
"ENSG00000185052","SLC24A3",-0.0413995070296334,-0.746813246096199,0.455385310664338,0.500203548620758
"ENSG00000256007","ARAP1-AS1",0.0582211339372751,0.743559449194723,0.457351000581737,0.502252361719457
"ENSG00000257017","HP",0.0561577327971586,0.74081067582257,0.459015307406032,0.503969375720281
"ENSG00000113088","GZMK",0.0427539030162424,0.736934939768382,0.461367724945913,0.506440971400563
"ENSG00000250451","HOXC-AS1",-0.0199629308006294,-0.732460181351297,0.464092097496512,0.509300450945183
"ENSG00000128578","STRIP2",-0.0390265331594193,-0.732321898658404,0.46417643099144,0.509300450945183
"ENSG00000162631","NTNG1",-0.0609754531587363,-0.730703722140901,0.465163931825764,0.510271974359109
"ENSG00000136872","ALDOB",0.0318949046869799,0.726493280338725,0.467738851225226,0.512979963815889
"ENSG00000182050","MGAT4C",0.0468670858184076,0.7261907990938,0.467924139470755,0.512979963815889
"ENSG00000005102","MEOX1",0.0398124843270961,0.726164382809551,0.467940322992854,0.512979963815889
"ENSG00000197409","HIST1H3D",-0.0468638183357639,-0.725726072900784,0.468208892012713,0.513161871999904
"ENSG00000237945","LINC00649",-0.0569584704713045,-0.724903650761685,0.46871305177112,0.513585418186442
"ENSG00000175093","SPSB4",0.0384917246737047,0.724760608955798,0.468800769720584,0.513585418186442
"ENSG00000183098","GPC6",-0.0384899709153631,-0.723998582958999,0.469268222513347,0.513984909653173
"ENSG00000043591","ADRB1",0.0578648757600463,0.721867299460217,0.470576994744063,0.51530551329836
"ENSG00000182109","RP11-69E11.4",-0.0438008811897465,-0.720600881839759,0.471355627870533,0.516045136709582
"ENSG00000187260","WDR86",0.0405283020594658,0.720237334788822,0.47157927938725,0.516176969556973
"ENSG00000231389","HLA-DPA1",-0.0381925694921954,-0.71760818169117,0.473198458861857,0.517835914709846
"ENSG00000251188","RP11-478C6.6",-0.0444356230313478,-0.717007354628318,0.473568911438615,0.518127911858441
"ENSG00000223561","AC003090.1",-0.0546066992473505,-0.71504624921858,0.47477918338158,0.51933841980046
"ENSG00000238057","ZEB2-AS1",0.0510236159956668,0.714308416671207,0.475234967673336,0.519723280482651
"ENSG00000272661","RP4-548D19.3",0.0609741117040003,0.711917685890372,0.476713454454058,0.521226169313425
"ENSG00000170835","CEL",0.0447249866878425,0.711250392696644,0.477126575024986,0.521563811789447
"ENSG00000204616","TRIM31",-0.0403675391237805,-0.706080472065922,0.480333910619718,0.524955093573462
"ENSG00000102349","KLF8",-0.0365134696152072,-0.705774083435853,0.48052435800083,0.525048468095313
"ENSG00000119147","C2orf40",0.0489521472561019,0.704608115071383,0.48124948626047,0.525725897160226
"ENSG00000132517","SLC52A1",0.0405237435773481,0.704037822115012,0.481604374780034,0.525998661839268
"ENSG00000277559","RP11-434E6.4",0.0198042194589228,0.703322981381711,0.482049415563595,0.526369748376932
"ENSG00000129824","RPS4Y1",-0.0319801390559318,-0.700257506296425,0.483960436485147,0.528341087865881
"ENSG00000189367","KIAA0408",0.0332127781442191,0.699560444720828,0.484395559278785,0.528700675920962
"ENSG00000122861","PLAU",-0.0344638583519109,-0.698897471706322,0.484809600203595,0.529037101924482
"ENSG00000227827","RP11-958N24.2",-0.0582094101764398,-0.694970638007514,0.487265925981095,0.531601490269578
"ENSG00000138135","CH25H",-0.0361341196539284,-0.694416676940172,0.487612982556718,0.53186407346937
"ENSG00000223572","CKMT1A",-0.0319697740345561,-0.683922181852525,0.494212962454158,0.538945433428744
"ENSG00000166473","PKD1L2",0.0377542040578986,0.682185195314834,0.49530995080091,0.540023932403958
"ENSG00000224543","SNRPGP15",0.0443149080438344,0.681142417235446,0.495969139296661,0.540624743074625
"ENSG00000238271","IFNWP19",0.0517130571925238,0.680601042405997,0.496311552336825,0.540880070114238
"ENSG00000251381","LINC00958",-0.0416426791006272,-0.680393821017954,0.496442650780588,0.540905045522541
"ENSG00000127743","IL17B",0.0490246119202017,0.679478939308815,0.497021671019081,0.541417942286581
"ENSG00000273204","RP4-549L20.3",-0.061924548127494,-0.677528549917649,0.498257256987899,0.5426456730428
"ENSG00000269929","RP11-2B6.2",-0.0537591023538044,-0.674835939399967,0.499965731454783,0.544387773796585
"ENSG00000152969","JAKMIP1",0.0387003575230692,0.673570219097149,0.500769911861946,0.545144689594978
"ENSG00000140067","FAM181A",0.035611444919246,0.672659967914908,0.50134866787427,0.545655929336384
"ENSG00000255629","RP11-196H14.3",-0.0642924906661024,-0.672319028013355,0.501565535645879,0.54577316174742
"ENSG00000160469","BRSK1",-0.0342753721311647,-0.672101396546098,0.5017039944194,0.545805041796562
"ENSG00000196866","HIST1H2AD",-0.0407738623833844,-0.668131984719829,0.504232916319329,0.548436933129573
"ENSG00000175175","PPM1E",0.0462833306854125,0.66697417742854,0.504971825098247,0.549121166918494
"ENSG00000229598","PRDX3P1",0.0412100560907815,0.666253145620073,0.505432273869254,0.549502363415149
"ENSG00000224594","RPL29P19",0.03314091554922,0.665997362717525,0.505595669277861,0.549560510084632
"ENSG00000158104","HPD",-0.0454030407200103,-0.665397886780866,0.505978726665422,0.549857342605327
"ENSG00000204837","RP11-204M4.2",-0.0435814446233386,-0.664695281246933,0.506427877185214,0.550225855264248
"ENSG00000272789","RP11-286H15.1",-0.0444661008305036,-0.664389430449327,0.506623462227216,0.550318772786461
"ENSG00000277125","CH17-264B6.3",-0.0549497446564427,-0.655390705697164,0.512395711008533,0.556467974596583
"ENSG00000253250","C8orf88",-0.0367392232667686,-0.655083733591727,0.512593222992342,0.556561588482456
"ENSG00000230061","TRPM2-AS",0.0496783330729622,0.653929764301452,0.513336065366226,0.557247139998075
"ENSG00000090104","RGS1",0.035378531990996,0.652928578505541,0.513981011371266,0.557826146484985
"ENSG00000254415","SIGLEC14",0.0530595549632676,0.652663696507752,0.514151714235678,0.557890314925866
"ENSG00000181085","MAPK15",-0.0342481763346382,-0.65204709507974,0.514549196618225,0.558200473658304
"ENSG00000177990","DPY19L2",0.0320552266694337,0.649782698711313,0.51601027562589,0.559664073346953
"ENSG00000147689","FAM83A",0.0364142341793745,0.643244680732697,0.520240932327747,0.564130267108812
"ENSG00000175707","KDF1",-0.00892988425306125,-0.641242202382854,0.521540281195783,0.565416610142869
"ENSG00000274419","TBC1D3D",-0.0534286652415419,-0.640194146249159,0.522220999991261,0.566031866454868
"ENSG00000154553","PDLIM3",0.0238045297059143,0.639424464815249,0.522721203938497,0.566451239638596
"ENSG00000125731","SH2D3A",-0.0165872139233046,-0.638988987724016,0.523004322860773,0.566635236035507
"ENSG00000211642","IGLV10-54",0.0511463764670231,0.637376701701496,0.524053212636922,0.567584725789226
"ENSG00000137077","CCL21",0.0433988289483933,0.637292937557547,0.524107735793771,0.567584725789226
"ENSG00000159433","STARD9",0.0272846648986897,0.635255481421887,0.525434838675983,0.56889869930271
"ENSG00000166803","KIAA0101",0.0190922061866851,0.634752272123997,0.525762870480908,0.569130624032159
"ENSG00000172554","SNTG2",0.0490282101968577,0.63351852853837,0.526567566224581,0.569878318424871
"ENSG00000186715","MST1L",0.0427825282888167,0.632283811644208,0.52737352718715,0.570627058198604
"ENSG00000143632","ACTA1",0.0368382975096572,0.628271941772638,0.529996618255671,0.573341214036858
"ENSG00000164122","ASB5",0.0347385679410829,0.627266461750995,0.530655073039499,0.57392934570571
"ENSG00000166922","SCG5",0.0220025420914861,0.626333331073815,0.531266520626005,0.574466393410473
"ENSG00000156299","TIAM1",0.0316411896451133,0.62597294102458,0.531502767277571,0.574597586246022
"ENSG00000276185","TP53TG1_2",0.0415296012029494,0.625375516711035,0.531894514600531,0.57489679485574
"ENSG00000167741","GGT6",-0.0243019244839164,-0.622813143714378,0.533576392618601,0.576474315200696
"ENSG00000238098","ABCA17P",-0.0329055241308072,-0.622800609847734,0.533584626149764,0.576474315200696
"ENSG00000184908","CLCNKB",0.0364118505750448,0.618293202344405,0.536549718868949,0.579552515520575
"ENSG00000164093","PITX2",0.0238191299770475,0.615913181864466,0.538118702806034,0.581121709293773
"ENSG00000230453","ANKRD18B",0.0497060468386361,0.612560768525399,0.540332624427589,0.583386551962416
"ENSG00000173805","HAP1",0.0345898826285245,0.611226167895307,0.541215258193604,0.584213361607949
"ENSG00000106236","NPTX2",0.031827781369867,0.610943888088349,0.541402035409612,0.584288835969794
"ENSG00000135519","KCNH3",0.0385363903610837,0.607499279430553,0.543683837621569,0.586522815638264
"ENSG00000153993","SEMA3D",-0.0361506618636716,-0.607464878179508,0.543706650096671,0.586522815638264
"ENSG00000242600","MBL1P",-0.0427602037720066,-0.605102256421289,0.545274514250406,0.588010572752812
"ENSG00000170689","HOXB9",0.0217582192284148,0.605032250678488,0.545321005170958,0.588010572752812
"ENSG00000064300","NGFR",-0.0413408629380845,-0.604555507633532,0.545637663354025,0.588225165323442
"ENSG00000164761","TNFRSF11B",0.0317320632258693,0.602946763469353,0.546706883574234,0.589250790659877
"ENSG00000261684","RP11-265N6.1",0.0529400179521492,0.602318998477004,0.547124397014336,0.589573703679241
"ENSG00000240764","PCDHGC5",0.0323567219287433,0.601387193933066,0.547744412152794,0.590114643560433
"ENSG00000249264","EEF1A1P9",-0.0144583030596126,-0.600932369389412,0.548047175029026,0.590313631009291
"ENSG00000169583","CLIC3",0.02957058070076,0.597549629050591,0.550301558543281,0.592614213378507
"ENSG00000129682","FGF13",0.0340496951659519,0.595179290409128,0.551883961138437,0.594190311303226
"ENSG00000166831","RBPMS2",0.0254625466776701,0.593399301808911,0.553073725016319,0.595343083978815
"ENSG00000176945","MUC20",0.0425689722033373,0.587246894546011,0.557195737096232,0.599651030021774
"ENSG00000164946","FREM1",-0.0354254403232671,-0.586455026471805,0.557727362462393,0.600093998775977
"ENSG00000099625","C19orf26",-0.0283303055660402,-0.5832366406148,0.559890586105878,0.602291938582055
"ENSG00000148053","NTRK2",-0.0287529703983532,-0.582516125852596,0.560375434644398,0.602683840228434
"ENSG00000238260","RP11-46F15.2",-0.0443767113232985,-0.582329132944385,0.56050129914536,0.602689568973506
"ENSG00000123364","HOXC13",0.030492522958765,0.580926813170417,0.561445634350787,0.603575182058468
"ENSG00000110848","CD69",0.0322972908382042,0.579206714620271,0.562605016421479,0.604691548174419
"ENSG00000146151","HMGCLL1",-0.0393446487175594,-0.578802138518524,0.562877877190773,0.604854800333949
"ENSG00000224689","ZNF812",-0.0334945520657036,-0.577722623675911,0.563606253985695,0.605507363542861
"ENSG00000166592","RRAD",-0.0318683153624719,-0.57094039547007,0.568192780932315,0.610303738917631
"ENSG00000242574","HLA-DMB",0.025995052763707,0.568764314440152,0.569668150696256,0.611757034682406
"ENSG00000272079","LA16c-380H5.5",-0.0260663787895528,-0.566458794205125,0.571233274381879,0.613306070841614
"ENSG00000147394","ZNF185",-0.0293547414985383,-0.565320176584011,0.572006990923766,0.61400492799889
"ENSG00000105650","PDE4C",0.0254932384645084,0.564929604110005,0.572272508675607,0.61415809044388
"ENSG00000258608","DNAJC19P9",0.0269224687506525,0.562221618373647,0.574115054258583,0.616003277101483
"ENSG00000149968","MMP3",0.0229350679184239,0.560919628994767,0.575001944019639,0.61674061526756
"ENSG00000196260","SFTA2",-0.0379021353107187,-0.560850649393298,0.575048949675473,0.61674061526756
"ENSG00000131094","C1QL1",-0.0297670240917599,-0.55836528693082,0.576743795112197,0.61841979725912
"ENSG00000106004","HOXA5",0.020194703042519,0.558192096512989,0.576861986883307,0.61841979725912
"ENSG00000267436","AC005786.7",0.0486404146524668,0.555724152690916,0.578547447618096,0.620093727350585
"ENSG00000174460","ZCCHC12",0.023065116997266,0.555435459213895,0.578744759695986,0.620172267141006
"ENSG00000261701","HPR",-0.0338953811796258,-0.552317172898201,0.580878017298089,0.622324852472776
"ENSG00000133878","DUSP26",0.0336455141976251,0.550687255036994,0.58199452943165,0.623387456546326
"ENSG00000256802","RP11-680F8.1",0.0309533444948144,0.550341365144536,0.582231597047765,0.623507814358283
"ENSG00000102962","CCL22",-0.0221649623264121,-0.549737088717917,0.582645867197344,0.623817844965036
"ENSG00000279152","AC129492.1",0.0502263294480985,0.548846866624047,0.583256422322304,0.624337853053205
"ENSG00000203747","FCGR3A",0.0225667520508081,0.544153936842814,0.586479977461047,0.62765408546773
"ENSG00000196376","SLC35F1",-0.0211547096720318,-0.540496073155162,0.588998273088439,0.630214287490305
"ENSG00000232149","FERP1",-0.0416011429776153,-0.538670623507588,0.590256890772374,0.631425856624277
"ENSG00000091972","CD200",-0.0206345689189601,-0.537417955580251,0.591121302005509,0.632215296262577
"ENSG00000279118","RP11-517I3.2",-0.0219987174740914,-0.535676619727274,0.592323889213651,0.633366006430336
"ENSG00000264569","RP13-650J16.1",0.0297121486623332,0.530429942411534,0.595954086985569,0.637054195659262
"ENSG00000170608","FOXA3",0.0355792918229827,0.530323405486159,0.596027905458806,0.637054195659262
"ENSG00000237742","RP11-624M8.1",0.0411787847913413,0.526613557517421,0.598601024924611,0.639667690665325
"ENSG00000215252","GOLGA8B",0.0317181224105661,0.524860822931938,0.599818460286616,0.640831688340402
"ENSG00000130948","HSD17B3",-0.0435651749649625,-0.523898486645392,0.600487368412097,0.641409280508542
"ENSG00000100024","UPB1",0.0285366955300117,0.522347978059348,0.601565817882096,0.642423983214541
"ENSG00000142871","CYR61",0.0215396606297656,0.519781458228262,0.603352870548432,0.64419482228105
"ENSG00000148584","A1CF",0.024394849957302,0.518878081851331,0.603982454763505,0.644729349662153
"ENSG00000267421","AC005498.3",0.0349807863790715,0.518353436609542,0.604348227991877,0.644982100311502
"ENSG00000146122","DAAM2",-0.0181694267076919,-0.514129481259221,0.607296715363199,0.647990520020486
"ENSG00000120729","MYOT",0.0375454498924732,0.513062133451883,0.608042783155356,0.648648157835882
"ENSG00000137869","CYP19A1",-0.0304424844539999,-0.51079190206306,0.609631016639682,0.650203729351196
"ENSG00000249741","RP11-673E1.3",-0.0370072730205342,-0.509370789490454,0.61062615326557,0.651126203098283
"ENSG00000276664","TUG1_1",-0.0310066965921173,-0.508660868057624,0.611123547260457,0.65151764100262
"ENSG00000282033","RP11-506F3.1",0.037929083107539,0.506219784019832,0.612835220891873,0.653203177245654
"ENSG00000134769","DTNA",0.0262186058620302,0.505566342890056,0.613293769664729,0.65355261046966
"ENSG00000280320","RP11-629N8.5",0.0176369152159705,0.504354314095121,0.61414470569485,0.654319950665726
"ENSG00000160181","TFF2",0.0394315617893638,0.496951840418741,0.619353071970745,0.659728453313533
"ENSG00000242686","RP11-1191J2.2",0.0391013073627456,0.493882089443973,0.621518590775372,0.661894132881121
"ENSG00000167600","CYP2S1",-0.0168937473775248,-0.489964520642098,0.624286966757825,0.66470077380518
"ENSG00000282031","TMBIM4",-0.0445311932747201,-0.487448068061387,0.626068044874104,0.666455231929001
"ENSG00000225490","RP4-610C12.3",0.0419091368378052,0.485502909580493,0.627446276026496,0.667780200113342
"ENSG00000262533","RP11-667K14.4",0.0160768495353555,0.482501610449912,0.629575385317025,0.669903580886386
"ENSG00000130203","APOE",0.0183865821611338,0.480632637322697,0.630902788481706,0.671173179235858
"ENSG00000152128","TMEM163",0.0199238548484182,0.47916197232481,0.631948140372784,0.672142246727063
"ENSG00000106006","HOXA6",0.0254353455626425,0.473726164243893,0.635818312368559,0.676114751561633
"ENSG00000231955","AC007383.4",-0.0359516133052164,-0.472341749785633,0.636805583406565,0.677020607491564
"ENSG00000274225","KB-68A7.1",-0.0294299279237572,-0.47214983843086,0.636942492690871,0.677022207366997
"ENSG00000111291","GPRC5D",0.0259652807135511,0.467651816612753,0.640154922817219,0.680292160273347
"ENSG00000175426","PCSK1",0.0330624596306598,0.462736117521925,0.643673393992908,0.683885883970366
"ENSG00000105767","CADM4",0.0173712562350946,0.459705223027907,0.645846794614307,0.68604928257309
"ENSG00000276771","HOTAIRM1_2",0.0364443013825224,0.458199623677456,0.646927561764774,0.687051361262504
"ENSG00000182752","PAPPA",-0.0212984977153815,-0.456339645337155,0.648263744024124,0.688324213234364
"ENSG00000254866","DEFB109P3",0.0402241011060041,0.455782280735616,0.648664368225236,0.688603363296429
"ENSG00000135406","PRPH",-0.0274241919154572,-0.45511138260284,0.649146733515414,0.688969150409058
"ENSG00000102802","MEDAG",-0.0167989921421676,-0.454336761950449,0.649703857066496,0.689414109790424
"ENSG00000171033","PKIA",-0.0291427357565329,-0.452559191161893,0.650983065184327,0.690624936541828
"ENSG00000232460","BMPR1APS2",-0.0305498386148497,-0.452077427113981,0.651329938690246,0.6908463499048
"ENSG00000137843","PAK6",0.0208063135592551,0.447151738015867,0.654880797671219,0.694465320966298
"ENSG00000138207","RBP4",-0.0250716214440276,-0.446765525043011,0.655159545317632,0.694613597665004
"ENSG00000259933","RP11-304L19.1",0.0366267313858359,0.442290798768278,0.658392662797332,0.697893430991448
"ENSG00000253683","CTB-79E8.3",0.0358870134678221,0.442026093720908,0.658584121110755,0.697948411520512
"ENSG00000254452","RP11-867G23.4",-0.0284336869592068,-0.441392988978085,0.659042129896765,0.698285791371864
"ENSG00000168298","HIST1H1E",0.0284739327938025,0.438867885359945,0.660870146055719,0.700074307262414
"ENSG00000155974","GRIP1",0.0212485786373183,0.438048651503774,0.661463656176915,0.700463426585373
"ENSG00000253187","HOXA10-AS",0.0205550946018688,0.437974123469641,0.661517660067227,0.700463426585373
"ENSG00000127951","FGL2",-0.0247052461296078,-0.437375887703793,0.661951212647365,0.700774097657596
"ENSG00000224769","AC069213.1",-0.0315171082916883,-0.437049717339576,0.662187642219886,0.700795993483193
"ENSG00000276742","RP11-500G22.4",0.0368048094631621,0.436960644572814,0.662252213841618,0.700795993483193
"ENSG00000118523","CTGF",0.0202838746686235,0.43589080280049,0.663027971896041,0.701468442547652
"ENSG00000184669","OR7E14P",0.0120368679722293,0.434121826575831,0.664311476886538,0.702677678111422
"ENSG00000077420","APBB1IP",0.0205715170577403,0.433325393499233,0.664889662254305,0.703140505768089
"ENSG00000183230","CTNNA3",0.0244386491043935,0.428818286513555,0.668165435547052,0.706455313540973
"ENSG00000269032","AC016629.7",-0.0363829887216408,-0.427167921317393,0.669366513409022,0.707508324762156
"ENSG00000244255","XXbac-BPG116M5.17",0.0307244713864451,0.427060971669835,0.669444376889952,0.707508324762156
"ENSG00000140285","FGF7",0.018234395806215,0.423630702323214,0.67194362982482,0.7099996088597
"ENSG00000268460","DKFZp434J0226",-0.0291439017906574,-0.417374807551197,0.676510949723174,0.714526430808722
"ENSG00000167105","TMEM92",0.0192758063835524,0.417371148438595,0.676513624689698,0.714526430808722
"ENSG00000161896","IP6K3",0.033911818360516,0.411606819760756,0.680732651474485,0.71883067737538
"ENSG00000165197","FIGF",-0.0274270114793191,-0.410430609845326,0.681594779064041,0.719589082626732
"ENSG00000132821","VSTM2L",0.0282944727155815,0.407910506215056,0.683443343180444,0.721388371522529
"ENSG00000171747","LGALS4",-0.0193635649552199,-0.404447561997204,0.685986608718887,0.723920017643401
"ENSG00000138079","SLC3A1",-0.0214433897420161,-0.404072561396225,0.686262232317827,0.724058063217796
"ENSG00000254859","RP11-661A12.5",-0.0254009046798266,-0.399661827670311,0.689507229079172,0.727328300716426
"ENSG00000077616","NAALAD2",-0.0193493567239653,-0.399380493983825,0.689714402540244,0.727393379603717
"ENSG00000213260","YWHAZP5",0.0142612354474775,0.398108092605084,0.690651686726859,0.728228265211788
"ENSG00000167889","MGAT5B",-0.0253827522325387,-0.395487391440759,0.692583660309348,0.730111385525351
"ENSG00000277758","ABC7-42404400C24.1",0.0257930077081127,0.394561328004333,0.693266831802249,0.730677520870835
"ENSG00000113749","HRH2",0.0221323270471372,0.39398775058372,0.693690094209146,0.730969540789406
"ENSG00000242255","RPL39P34",-0.0308738849368325,-0.393367344105058,0.694148021179887,0.731297957416653
"ENSG00000237886","LINC01573",-0.0302617695489779,-0.391441889921608,0.695569926041632,0.732641590522047
"ENSG00000175315","CST6",-0.0195730498906213,-0.388957831851692,0.697405932105791,0.734420737263891
"ENSG00000162878","PKDCC",0.0156140638472504,0.388152278099478,0.698001711394713,0.734893357964533
"ENSG00000172987","HPSE2",0.0246926609564402,0.387860488816389,0.698217561784628,0.734965854510135
"ENSG00000116661","FBXO2",-0.023405708212878,-0.387268080719128,0.698655869396531,0.735272436746507
"ENSG00000276101","RP11-455O6.8",-0.0343935524054298,-0.386934950672511,0.698902388034972,0.735377091787639
"ENSG00000276026","RP4-545L17.11",-0.0321640770776013,-0.384601484623608,0.70063006024839,0.737039827738681
"ENSG00000150471","ADGRL3",-0.0201418811189833,-0.382138687764309,0.70245517164325,0.738804345438841
"ENSG00000165995","CACNB2",-0.0223559890060067,-0.380660510650336,0.703551434970314,0.739801719211687
"ENSG00000224183","SDHDP6",0.0338452290371226,0.379849655402783,0.704153053567836,0.740278651774428
"ENSG00000237125","HAND2-AS1",-0.0118381344024132,-0.379575107963249,0.704356797638346,0.740337184820628
"ENSG00000267633","CTB-5E10.3",0.0343681278886132,0.378809086972155,0.704925380900076,0.740658356722625
"ENSG00000235957","COX7CP1",-0.0288462607913928,-0.378559511521432,0.705110665330184,0.740658356722625
"ENSG00000101542","CDH20",-0.0219023261677088,-0.378441698304771,0.705198135770025,0.740658356722625
"ENSG00000240747","KRBOX1",0.0227350973430008,0.378365262986526,0.705254887271283,0.740658356722625
"ENSG00000130032","PRRG3",-0.0207002473386356,-0.373311053746455,0.709011156201599,0.744446825075178
"ENSG00000197177","ADGRA1",-0.0158874999036336,-0.36941169035136,0.71191400519223,0.747337817753758
"ENSG00000140832","MARVELD3",-0.00806654332437103,-0.368627095920715,0.712498597495017,0.74779449779074
"ENSG00000115884","SDC1",0.0112987143490071,0.366464532235439,0.714110774214102,0.749329248913014
"ENSG00000145692","BHMT",-0.0223927477326644,-0.364079980294991,0.715889924656923,0.75088699801404
"ENSG00000133958","UNC79",-0.0181963135089206,-0.363842008552307,0.716067564025012,0.75088699801404
"ENSG00000196139","AKR1C3",0.0211073310430449,0.363788041515163,0.716107851077736,0.75088699801404
"ENSG00000113211","PCDHB6",-0.0208567985100985,-0.363669939140553,0.716196018705792,0.75088699801404
"ENSG00000029534","ANK1",-0.0263047952774029,-0.363240403326952,0.716516714443015,0.751065738409869
"ENSG00000277701","RP11-734K23.9",0.02564599316875,0.362989511054872,0.71670405630205,0.75110464923711
"ENSG00000080493","SLC4A4",-0.0219046114857048,-0.362696309166644,0.716923012494999,0.751176668582355
"ENSG00000160013","PTGIR",-0.0135175452428577,-0.361492333861478,0.71782235680523,0.751961404572837
"ENSG00000186281","GPAT2",0.0286626181148178,0.360867552357027,0.718289210017706,0.752224747249925
"ENSG00000161249","DMKN",0.0174845995914334,0.360753246703525,0.718374633623678,0.752224747249925
"ENSG00000131941","RHPN2",0.0144498368078033,0.358643450351815,0.719951971834753,0.753718563478594
"ENSG00000216866","RPS2P55",0.0102829733651225,0.357263894196804,0.720984010280874,0.754640998828631
"ENSG00000115232","ITGA4",0.0187321620260564,0.356667602073143,0.721430250918651,0.754950032355223
"ENSG00000265531","FCGR1C",-0.0160565376187307,-0.356039530898462,0.72190037644069,0.755283925968498
"ENSG00000232629","HLA-DQB2",0.0158570248885701,0.352046179135514,0.724891946036482,0.758255173678328
"ENSG00000114378","HYAL1",0.0171895759795404,0.349279304453396,0.726967188972398,0.760197236810184
"ENSG00000042980","ADAM28",0.018484785436643,0.349165435643306,0.72705263728526,0.760197236810184
"ENSG00000064692","SNCAIP",-0.0169781882974735,-0.347859140228684,0.728033137703214,0.761063284239195
"ENSG00000214796","RP11-480I12.5",0.0189726829021821,0.339326206398651,0.734448833452097,0.767609566735051
"ENSG00000280143","AP000892.6",-0.0157947875086469,-0.33795418625121,0.735482169214949,0.768528912450313
"ENSG00000120907","ADRA1A",0.0208737895479789,0.334921082496818,0.737768248758318,0.770737648625294
"ENSG00000263424","CTD-2541J13.2",-0.0237320949465834,-0.334740770879372,0.737904224793857,0.770737648625294
"ENSG00000249790","RP11-20D14.6",-0.0223908176917975,-0.333958640644641,0.738494137474313,0.77119270830651
"ENSG00000256671","LIMS3L",-0.015176802308666,-0.332167541291642,0.739845634064906,0.772442716710071
"ENSG00000237039","AC018738.2",0.0299559530743498,0.330576588961908,0.741046782542755,0.773535263614567
"ENSG00000235351","AC114730.11",-0.0283562199404197,-0.32940703049307,0.741930187675755,0.774295750026878
"ENSG00000246100","LINC00900",-0.0124295775915491,-0.324596704309448,0.745567153046476,0.77792899942245
"ENSG00000117595","IRF6",-0.00881916461322912,-0.324202980425482,0.745865090581388,0.778077499041715
"ENSG00000130675","MNX1",0.0230818853724966,0.323328492109956,0.746526966841868,0.77860551401947
"ENSG00000115041","KCNIP3",0.0133094087406906,0.320284460522181,0.748832369345788,0.780847100464847
"ENSG00000130226","DPP6",-0.0165784885120763,-0.319048350480182,0.749769183154097,0.781660949910443
"ENSG00000275882","IKBKGP1",0.0285511383320607,0.317109482020096,0.751239342931182,0.782941885566679
"ENSG00000259399","TGIF2-C20orf24",0.0151747069732602,0.317014966150246,0.751311033389785,0.782941885566679
"ENSG00000237807","RP11-400K9.4",0.0172571006733151,0.314864337701584,0.752942868984907,0.784478921634619
"ENSG00000227388","RP11-112J3.16",-0.0245818191400532,-0.313075452058362,0.754301067764835,0.785730278921703
"ENSG00000118520","ARG1",-0.0213911790918851,-0.311648452126443,0.755385053716409,0.786695536051249
"ENSG00000075043","KCNQ2",0.0202155609727238,0.308985982780701,0.757408823032713,0.788638924440559
"ENSG00000145283","SLC10A6",-0.0141525164742281,-0.305087035033219,0.760375456876539,0.791563040679304
"ENSG00000280653","AP002518.1",-0.0259118027195576,-0.299183291247658,0.764874216194995,0.796041946860445
"ENSG00000105357","MYH14",0.0126720123397712,0.29902321206831,0.764996310932888,0.796041946860445
"ENSG00000185668","POU3F1",-0.0148904224253981,-0.29795397625141,0.765811982690375,0.796724909166017
"ENSG00000196353","CPNE4",0.0246820302323491,0.297610315371095,0.766074201360987,0.796831913210929
"ENSG00000249971","RP11-256P1.1",0.0268487291983543,0.297042099295031,0.766507818070477,0.797041978908282
"ENSG00000111404","RERGL",-0.02101211423864,-0.296927899083885,0.766594975313985,0.797041978908282
"ENSG00000205236","RP11-514P8.6",0.0262279278517447,0.295688785224962,0.767540853127117,0.797859514685153
"ENSG00000188322","SBK1",-0.0111226648040058,-0.294802623729247,0.768217517577955,0.798396921199288
"ENSG00000281383","CH507-513H4.5",-0.00922910026241283,-0.293430989429313,0.769265233238856,0.799319652160075
"ENSG00000116039","ATP6V1B1",0.0175050712078182,0.293209932482007,0.76943412598223,0.799329031770445
"ENSG00000254909","RP11-110I1.5",-0.0248349530470845,-0.291659187954781,0.770619239207934,0.800393891989961
"ENSG00000222112","RN7SKP16",0.0234972831849182,0.288399918752392,0.773111791062447,0.802815982411679
"ENSG00000231806","PCAT7",0.0143095344322459,0.288109520416674,0.773333989694584,0.80287997268956
"ENSG00000236439","RP11-175B9.3",0.0139263588145042,0.286041674484503,0.77491674156885,0.804199708629754
"ENSG00000155265","GOLGA7B",0.0151998558632081,0.286028485945982,0.774926839235631,0.804199708629754
"ENSG00000261123","RP11-304L19.3",-0.0221574693075614,-0.282495099575526,0.777633508091618,0.80684115801164
"ENSG00000280755","AC009950.1",-0.0248316585176518,-0.279794511592473,0.779704057151882,0.80882163604967
"ENSG00000267512","CTC-250I14.3",0.025319314131396,0.275187657169488,0.783239755094072,0.812320841209367
"ENSG00000197584","KCNMB2",-0.0205365566157322,-0.27450576191223,0.783763483579092,0.812695441288979
"ENSG00000142303","ADAMTS10",-0.0139435061626801,-0.274095331140139,0.784078761562793,0.812853785572044
"ENSG00000204681","GABBR1",0.0120712737961586,0.27341482335906,0.784601581098856,0.813227177755863
"ENSG00000132563","REEP2",-0.0142398978240556,-0.269511151473967,0.787602563416433,0.81609266643731
"ENSG00000148826","NKX6-2",0.0167783765633844,0.269394041723502,0.787692641645291,0.81609266643731
"ENSG00000123388","HOXC11",-0.0174957686118618,-0.268047916752406,0.788728255201122,0.816996328155296
"ENSG00000172296","SPTLC3",0.0144357243683625,0.267354792041495,0.789261642476044,0.817379497179002
"ENSG00000262484","CCER2",0.0220104989649079,0.266194669260394,0.790154624818619,0.818134836217249
"ENSG00000153902","LGI4",-0.00879536450488116,-0.264815878567435,0.791216281605299,0.819064473711489
"ENSG00000225756","DBH-AS1",-0.0163366977624549,-0.263736540936224,0.792047633091219,0.819755364408216
"ENSG00000217275","RP1-34B20.4",-0.0184530030097412,-0.261012809045428,0.794146617973234,0.821757675882899
"ENSG00000184682","PRR33",0.0178362097790648,0.260191912087452,0.794779518136118,0.822242414790108
"ENSG00000235734","HMGN1P36",0.0052061051811096,0.253225110365129,0.800156234095329,0.827633672005926
"ENSG00000111181","SLC6A12",0.0101501798633238,0.248467687797477,0.803833310181883,0.831265057065029
"ENSG00000101204","CHRNA4",0.0172893817407439,0.247921681495194,0.804255605821913,0.831529782694285
"ENSG00000241069","CTD-3141N22.1",-0.0201759604373267,-0.245266946929144,0.806309660835537,0.833481146201713
"ENSG00000113430","IRX4",0.0148962596898932,0.24193115802851,0.808892567072283,0.835978262786568
"ENSG00000204252","HLA-DOA",0.0123297672773187,0.236586915891344,0.813034961767931,0.839972070077154
"ENSG00000095203","EPB41L4B",0.00773125205829767,0.236351774187282,0.813217344621113,0.839972070077154
"ENSG00000214049","UCA1",-0.0138224212148767,-0.236295546154159,0.8132609582487,0.839972070077154
"ENSG00000189120","SP6",-0.0104516370830286,-0.235588659633363,0.813809308673111,0.840364837539354
"ENSG00000111339","ART4",0.0167086115896451,0.231536564527933,0.816954381503284,0.84343834555367
"ENSG00000271361","HTATSF1P2",-0.0176861055560364,-0.230618989146277,0.817666978663594,0.843999771535502
"ENSG00000240618","RP11-206L10.5",0.020946225390516,0.226653596074775,0.820748266857108,0.847005435353052
"ENSG00000254680","RP11-265D17.2",-0.0182439588272852,-0.224793691540286,0.822194454463278,0.848190761479334
"ENSG00000264019","RP11-6N17.6",0.0177661843141355,0.224740112764096,0.822236124178066,0.848190761479334
"ENSG00000165478","HEPACAM",0.0148837833017757,0.222591708293785,0.823907411188273,0.84973949173708
"ENSG00000107147","KCNT1",-0.0139383769280381,-0.222224031651316,0.824193514644931,0.849802503887491
"ENSG00000153976","HS3ST3A1",-0.010279224815598,-0.222076361931852,0.824308428770866,0.849802503887491
"ENSG00000222328","RNU2-2P",-0.0130165966834451,-0.217116668289588,0.828170156340694,0.853607664750252
"ENSG00000131910","NR0B2",-0.0121434866590569,-0.214194838696373,0.830447113295662,0.855695290148577
"ENSG00000278023","RDM1",-0.00814186746317223,-0.21407844368528,0.830537848618209,0.855695290148577
"ENSG00000069011","PITX1",0.0103580973316819,0.21367940666252,0.830848933703915,0.855839445512891
"ENSG00000185652","NTF3",0.012695785281716,0.212405730644378,0.831842055623571,0.856685948119022
"ENSG00000215492","HNRNPA1P7",-0.0110225893857928,-0.212063229042284,0.832109159960237,0.856784555148514
"ENSG00000229299","RP4-583P15.10",-0.0171490966574309,-0.210925810756473,0.832996329617603,0.857521442884088
"ENSG00000224713","AC025165.8",-0.00958310286132587,-0.210330713820532,0.833460581526583,0.857798181367516
"ENSG00000168925","CTRB1",0.0102120681333425,0.210141412985614,0.833608272652952,0.857798181367516
"ENSG00000123496","IL13RA2",-0.0101651299832219,-0.208411406638137,0.834958282818295,0.859010579031168
"ENSG00000187068","C3orf70",0.00967224385775916,0.202326372958154,0.839710584126852,0.863722057320358
"ENSG00000267890","CTD-2126E3.4",0.0151042690107297,0.199273151030378,0.842097314087445,0.865998883265575
"ENSG00000241670","RPL23AP21",0.0181447845877109,0.19831851516089,0.842843860630274,0.866588382305443
"ENSG00000267143","RP11-677O4.6",-0.0153909191282841,-0.197658828764986,0.843359832828662,0.866940617628147
"ENSG00000113083","LOX",0.00952253710039564,0.196985941965593,0.843886199086588,0.867303390633698
"ENSG00000121898","CPXM2",-0.00797644336155641,-0.194309740517425,0.845980349028231,0.869276971874466
"ENSG00000149591","TAGLN",0.00802083390856699,0.194055213450797,0.846179575596736,0.869303036364019
"ENSG00000254852","NPIPA2",0.0166633113463144,0.193350312991145,0.846731375373291,0.869691223678401
"ENSG00000136541","ERMN",-0.0100958413709714,-0.192623975596875,0.847300034859177,0.870096564858469
"ENSG00000261829","RP11-223I10.1",-0.0131507722633912,-0.190370088412618,0.849065139800555,0.871730122998517
"ENSG00000251050","RP11-168A11.4",-0.0164182319585121,-0.19003221040552,0.849329810520824,0.871758845610884
"ENSG00000103888","CEMIP",-0.0117133373707397,-0.189889226983798,0.849441819163246,0.871758845610884
"ENSG00000108947","EFNB3",-0.00892873714704845,-0.188825145665808,0.850275481948959,0.872435339574142
"ENSG00000170160","CCDC144A",-0.0141779300391213,-0.187658465257417,0.851189719505638,0.873194213690643
"ENSG00000254389","RHPN1-AS1",0.00753668512052936,0.185234385065597,0.853089923826718,0.87496402443766
"ENSG00000172828","CES3",-0.0147936854077991,-0.183788813573405,0.854223495523989,0.875792874708407
"ENSG00000184363","PKP3",-0.00335386638911691,-0.183636596220065,0.854342877173086,0.875792874708407
"ENSG00000101197","BIRC7",-0.01085159360798,-0.183533764220799,0.854423528565522,0.875792874708407
"ENSG00000253293","HOXA10",-0.00592883796711697,-0.181263129505264,0.856204779867213,0.877438798798127
"ENSG00000270149","RP11-544M22.13",-0.00868236650837348,-0.17758017663524,0.859095513569883,0.880220813083896
"ENSG00000137261","KIAA0319",0.0135876525972926,0.176121495676918,0.860240951487702,0.88121384090115
"ENSG00000259607","CTD-2647L4.5",-0.0171447826815105,-0.172862465900555,0.862801185090002,0.883655453799675
"ENSG00000260265","RP11-44F21.5",-0.0153685071934677,-0.17152919230777,0.863848998028262,0.884472564100016
"ENSG00000125954","CHURC1-FNTB",-0.0141813989317836,-0.171397126948012,0.863952800612896,0.884472564100016
"ENSG00000235508","RPS2P7",0.00689721819193403,0.167657508390986,0.86689308822706,0.887301011491361
"ENSG00000120457","KCNJ5",-0.00722844609766066,-0.166223184686737,0.868021322074318,0.888273968557428
"ENSG00000163623","NKX6-1",-0.00791920110391964,-0.165090118651619,0.86891277825957,0.888888346531013
"ENSG00000196549","MME",-0.00851740340341257,-0.165008184580163,0.868977247568718,0.888888346531013
"ENSG00000159251","ACTC1",-0.0101614504687683,-0.163532433079225,0.870138582356651,0.88989423435943
"ENSG00000234648","AL162151.3",-0.0166657859390109,-0.163181095607982,0.870415106959473,0.889994996891076
"ENSG00000122870","BICC1",0.00712894387740901,0.160226664990974,0.872741053642595,0.89213543179212
"ENSG00000136689","IL1RN",-0.00643901928233619,-0.159970434894881,0.872942829202226,0.89213543179212
"ENSG00000105851","PIK3CG",0.00828152478033754,0.159842302750204,0.873043733551769,0.89213543179212
"ENSG00000254221","PCDHGB1",0.0124290936726417,0.158173999538739,0.874357714304524,0.89329558061353
"ENSG00000166793","YPEL4",-0.00692152676120318,-0.156234540687189,0.875885697496922,0.894546073788791
"ENSG00000112530","PACRG",-0.00750867959622992,-0.156166240682119,0.875939515453985,0.894546073788791
"ENSG00000197635","DPP4",-0.00712262808636298,-0.154078524095718,0.877584837427047,0.896020820695653
"ENSG00000253552","HOXA-AS2",0.00526591463846471,0.153879144059358,0.877741995953461,0.896020820695653
"ENSG00000019549","SNAI2",0.00517938202760263,0.152973134552409,0.878456205999469,0.896566856500784
"ENSG00000278677","HIST1H2AM",0.00712837826805111,0.15231206709232,0.878977390057373,0.896915704140176
"ENSG00000229859","PGA3",-0.00966258088457177,-0.148499847117073,0.881983953703395,0.899799993576204
"ENSG00000204860","FAM201A",-0.0107714163926724,-0.145323809306737,0.88449008627787,0.902172670622062
"ENSG00000177627","C12orf54",0.0111491770161473,0.144359342135463,0.88525135379633,0.902764994693382
"ENSG00000135424","ITGA7",0.00686606868746327,0.143546882852048,0.885892721728466,0.903234830473559
"ENSG00000112837","TBX18",0.00496776061370241,0.139416519348524,0.889154444006522,0.906375580027036
"ENSG00000166741","NNMT",-0.00432825400880465,-0.137742720158718,0.890476771435306,0.907538495144013
"ENSG00000170290","SLN",0.007615070545843,0.137228745209509,0.890882881078663,0.907767353860468
"ENSG00000010932","FMO1",0.00569885180066073,0.136400661279737,0.891537239528113,0.908249021524157
"ENSG00000249948","GBA3",0.00930389718075187,0.135382805429003,0.892341658582002,0.908883335284174
"ENSG00000196436","NPIPB15",0.0115624061178364,0.133879660725256,0.893529807763997,0.909908154545822
"ENSG00000162706","CADM3",0.00731372367249441,0.132504487338184,0.894617012769429,0.91069805555327
"ENSG00000275410","HNF1B",-0.00554882077056557,-0.132437762967643,0.894669769775533,0.91069805555327
"ENSG00000169302","STK32A",0.00661765373457884,0.130822516786624,0.895947039502495,0.911812578366064
"ENSG00000273036","FAM95C",-0.0100641204016344,-0.130290351017909,0.896367913479433,0.912055264020587
"ENSG00000263155","MYZAP",0.00604457218018406,0.129733869440271,0.896808049349773,0.912317445930593
"ENSG00000009694","TENM1",-0.00798347113033357,-0.126932592114889,0.899024133451224,0.914385815145672
"ENSG00000179299","NSUN7",-0.00657815394475315,-0.125067115339039,0.900500346618112,0.915700982934831
"ENSG00000272141","RP11-465B22.8",-0.00318657500686914,-0.122513709178678,0.902521499005284,0.917569641119646
"ENSG00000229183","PGA4",0.00785470059938539,0.121068047221161,0.903666096375128,0.918546550493117
"ENSG00000274266","SNORA73A",0.00957335636136702,0.12027379325239,0.904295029465931,0.918935645958617
"ENSG00000168754","FAM178B",0.00776170490855644,0.120120448868136,0.90441646275247,0.918935645958617
"ENSG00000075213","SEMA3A",0.00587533589985697,0.119515402786599,0.904895620049182,0.919235696921152
"ENSG00000016082","ISL1",0.0071559881879679,0.117074746487,0.906828812145803,0.92101240315438
"ENSG00000211890","IGHA2",0.00717785072309187,0.115927665576973,0.907737582370907,0.921748154316518
"ENSG00000163435","ELF3",0.00243061527720272,0.115527614932063,0.908054549398932,0.921882791267951
"ENSG00000175294","CATSPER1",0.00503348115737821,0.114807088758486,0.908625471680701,0.922275143809075
"ENSG00000179796","LRRC3B",0.00764799039529173,0.113999419538454,0.909265499567143,0.922618295796279
"ENSG00000185290","NUPR1L",-0.00679878080861323,-0.113914757602729,0.909332592336813,0.922618295796279
"ENSG00000168779","SHOX2",0.00318497096484479,0.112119189979839,0.910755693010735,0.923874713948808
"ENSG00000259884","RP11-1100L3.8",0.0103062507617824,0.111453483379039,0.911283380643898,0.924222495582047
"ENSG00000235373","RP11-206L10.3",0.00605551814853162,0.108874355663094,0.913328153522778,0.926108450134636
"ENSG00000158023","WDR66",0.00686829032879974,0.108599626459779,0.913545997260097,0.926141521958736
"ENSG00000270136","MINOS1-NBL1",-0.00339274442433533,-0.107669731903779,0.914283395915788,0.926701191887075
"ENSG00000240990","HOXA11-AS",-0.00448269056496686,-0.106167536802898,0.91547478003472,0.927720693184759
"ENSG00000133063","CHIT1",0.00721831136110419,0.103710831430754,0.917423590682003,0.9294379328622
"ENSG00000101335","MYL9",0.00361238109585128,0.103562682836371,0.917541127321564,0.9294379328622
"ENSG00000156463","SH3RF2",0.00509000507067882,0.102058585925328,0.918734534352097,0.930458309046077
"ENSG00000003436","TFPI",-0.00486957721816906,-0.100085858954463,0.920300047719853,0.93185505034412
"ENSG00000243449","C4orf48",0.00583384575654277,0.0995655360999716,0.92071301648798,0.932084446738186
"ENSG00000183742","MACC1",-0.00374384248552562,-0.0985604650676495,0.921510779740101,0.932703218360426
"ENSG00000188257","PLA2G2A",-0.00560200822436472,-0.0982767521107003,0.921735987900819,0.932742347602528
"ENSG00000161133","USP41",-0.00556349691005014,-0.095763672570053,0.923731114656231,0.934572151614965
"ENSG00000137819","PAQR5",0.00487068460587609,0.0953097523010789,0.924091532302949,0.934707200802922
"ENSG00000258399","MEG8",-0.00677296793538047,-0.0951246876317082,0.92423848015393,0.934707200802922
"ENSG00000185567","AHNAK2",-0.00403788575070482,-0.0924152921715803,0.926390129285941,0.936693760653125
"ENSG00000157005","SST",-0.00393629188288944,-0.0899824571577882,0.928322609824614,0.938457955746679
"ENSG00000115221","ITGB6",-0.00417589289092619,-0.0874932734917401,0.930300288272842,0.940267119742108
"ENSG00000111335","OAS2",0.00580589010033243,0.0859676318927587,0.931512637967732,0.941302180646455
"ENSG00000130477","UNC13A",-0.00484806172344955,-0.0849441189907682,0.932326060957431,0.941933785570248
"ENSG00000042832","TG",0.0027927362015589,0.0846149288584448,0.932587695437664,0.942007773169358
"ENSG00000146555","SDK1",-0.00445507076695715,-0.0842363653847028,0.932888579992436,0.942121369412681
"ENSG00000236058","RP11-215A21.2",0.00166339783389085,0.0830123601684788,0.933861492318543,0.942913461549418
"ENSG00000237289","CKMT1B",0.00409914132782131,0.0816046350765229,0.934980558442768,0.943852774523287
"ENSG00000095637","SORBS1",0.00340650577945392,0.0795150756581697,0.93664188304331,0.94519141232465
"ENSG00000271344","RP11-274B21.9",-0.00520155092992128,-0.0794612395948654,0.936684689613728,0.94519141232465
"ENSG00000005073","HOXA11",0.00282347695159059,0.0789291242599497,0.93710779934732,0.94542756189197
"ENSG00000180871","CXCR2",-0.00376718638722346,-0.0786106407254874,0.937361048986185,0.945492282616689
"ENSG00000163827","LRRC2",0.00439142582853663,0.0780480675033452,0.937808407749081,0.94575273068685
"ENSG00000103740","ACSBG1",0.00352159372192428,0.0768095683315641,0.93879333257718,0.946555084268179
"ENSG00000107249","GLIS3",-0.00420899936256629,-0.0744631976664061,0.940659555676158,0.948245519834837
"ENSG00000272558","U91328.21",0.00634580439672232,0.070149449270551,0.944091408232164,0.951513211280149
"ENSG00000123358","NR4A1",0.00387439981315763,0.0686799211031045,0.945260749064158,0.95249974714244
"ENSG00000234665","RP11-262H14.3",-0.00569105491463665,-0.0643419520631638,0.948713260740236,0.955786077715329
"ENSG00000133665","DYDC2",0.00381618180434241,0.0632887095900292,0.949551665562341,0.95643801930131
"ENSG00000145198","VWA5B2",0.00385856514707989,0.0623649205462484,0.950287068620469,0.956985970413362
"ENSG00000186148","AC013271.3",-0.00378676450973087,-0.0613376038485042,0.951104936986715,0.957616730755855
"ENSG00000054356","PTPRN",0.00292241667434588,0.0598237750235736,0.95231022165161,0.958637227352134
"ENSG00000095752","IL11",0.00205469280661452,0.0577053800689189,0.953997034403796,0.960141942837959
"ENSG00000101955","SRPX",0.00213998794501608,0.0537784030948048,0.957124505805099,0.963095699139766
"ENSG00000236782","RP11-96L14.7",0.00430027624476142,0.0527798066788192,0.957919902217952,0.963702114907396
"ENSG00000221932","HEPN1",0.00344647323859718,0.0515902573452837,0.958867450090483,0.964461325780007
"ENSG00000261279","ULK4P1",0.00414435187762977,0.0513387360606306,0.959067809483026,0.964468834958795
"ENSG00000064195","DLX3",-0.00261514628101071,-0.0494643101945313,0.960561039497803,0.965776231145991
"ENSG00000171016","PYGO1",-0.00233212073879703,-0.0490031875535318,0.960928406584137,0.965951353622977
"ENSG00000167992","VWCE",0.0024003653701295,0.0420264732270553,0.966487583137092,0.971344304660393
"ENSG00000180287","PLD5",0.00268897234639813,0.0396043512116065,0.96841797073766,0.973059791740317
"ENSG00000187642","PERM1",0.00139818105032405,0.0393963952459079,0.968583716698311,0.973059791740317
"ENSG00000117600","LPPR4",-0.00134608599101656,-0.0390591456712692,0.968852515695817,0.973134306645056
"ENSG00000170214","ADRA1B",-0.00198595144734069,-0.0385418031367651,0.969264861582109,0.973333082084751
"ENSG00000163817","SLC6A20",-0.00174838018209818,-0.0383223858831209,0.969439749756412,0.973333082084751
"ENSG00000127831","VIL1",0.00239580250530186,0.0377740542225462,0.96987680805434,0.973576398368138
"ENSG00000106772","PRUNE2",0.00145520081425147,0.0345312855863142,0.972461700068936,0.975975210827916
"ENSG00000253771","TPTE2P1",-0.00221605318932508,-0.0329063424971381,0.973757093558369,0.976971064351252
"ENSG00000131730","CKMT2",0.00135471775922537,0.0327963806341156,0.973844756945328,0.976971064351252
"ENSG00000223401","RP11-211G3.2",0.00268269319443753,0.0317848733667689,0.974651161713642,0.977583913454004
"ENSG00000256977","LIMS3",0.00316461485890524,0.0307319008896773,0.97549065138878,0.978223741631165
"ENSG00000023839","ABCC2",0.00205009483374422,0.0304939541372541,0.975680359902923,0.978223741631165
"ENSG00000203685","C1orf95",-0.00186357286788904,-0.0257537332728685,0.979459882945026,0.981816241925648
"ENSG00000184524","CEND1",-0.00113546559343187,-0.0241476673080731,0.980740557475848,0.982902943952543
"ENSG00000175164","ABO",0.00124408715114,0.0201131611993279,0.983957878454571,0.985929737930432
"ENSG00000272702","RP11-44N22.3",0.00127122133302822,0.0190195717165436,0.984830009717669,0.986605900338278
"ENSG00000159247","TUBBP5",0.00112302791195418,0.0175663684400794,0.985988958818378,0.98745383505096
"ENSG00000087237","CETP",0.000670789352499406,0.0174629975059766,0.986071399681889,0.98745383505096
"ENSG00000198959","TGM2",0.000733024141168111,0.0164198501297314,0.986903343571065,0.987947000049622
"ENSG00000206538","VGLL3",-0.000661426023279024,-0.016349998478746,0.986959053049572,0.987947000049622
"ENSG00000152056","AP1S3",-0.000683703892083228,-0.0154673415553209,0.987663012558182,0.988453775578645
"ENSG00000184293","CLECL1",0.000476526595483123,0.00942362631420122,0.992483383300947,0.99307923083945
"ENSG00000230018","RP11-481H12.1",0.000444498106675361,0.00867695193346382,0.993078941512275,0.993476332045093
"ENSG00000129226","CD68",-0.000332015914436781,-0.00759800815894659,0.993939529301992,0.994138356973386
"ENSG00000248587","GDNF-AS1",0.000291907146500093,0.00413905196672719,0.996698506691539,0.996698506691539
