"gene_id","gene_symbol","logFC","t","P.Value","adj.P.Val"
"ENSG00000134853","PDGFRA",-0.676298798547992,-16.9828599169748,7.88812787462733e-56,3.94406393731367e-52
"ENSG00000162733","DDR2",-0.652818229912899,-16.3328403929436,2.7789484062601e-52,6.20968696017517e-49
"ENSG00000185483","ROR1",-0.717138963414088,-16.3092636670972,3.7258121761051e-52,6.20968696017517e-49
"ENSG00000243244","STON1",-0.7610052830206,-16.1949305423739,1.53959681243897e-51,1.92449601554872e-48
"ENSG00000118495","PLAGL1",-0.81745287079203,-15.9641456034938,2.65664815319236e-50,2.65664815319236e-47
"ENSG00000164484","TMEM200A",-0.5892306965104,-15.8483503981239,1.10011162887901e-49,9.1675969073251e-47
"ENSG00000122870","BICC1",-0.621488420937666,-15.3768556154962,3.3815717545281e-47,2.4154083960915e-44
"ENSG00000088756","ARHGAP28",-0.640332014467672,-15.1348807656112,6.16206696567527e-46,3.85129185354704e-43
"ENSG00000105971","CAV2",-0.553664988401665,-15.0815750717036,1.1639206922574e-45,6.46622606809665e-43
"ENSG00000182326","C1S",-0.619348393645059,-14.9205913874525,7.88283675196128e-45,3.94141837598064e-42
"ENSG00000057657","PRDM1",-0.622303472430927,-14.8136553599453,2.79066189636094e-44,1.26848268016406e-41
"ENSG00000166250","CLMP",-0.512550160055753,-14.6727115954022,1.46502118497504e-43,6.10425493739599e-41
"ENSG00000077264","PAK3",-0.62768841525217,-14.5795383874451,4.36212826724802e-43,1.67774164124924e-40
"ENSG00000105991","HOXA1",-0.463886372844301,-14.3757591580329,4.67585654130638e-42,1.66994876475228e-39
"ENSG00000168779","SHOX2",-0.375661174884793,-14.3490704913041,6.37004445045728e-42,2.12334815015243e-39
"ENSG00000135046","ANXA1",-0.573683835555398,-14.3433504760756,6.80616953663731e-42,2.12692798019916e-39
"ENSG00000153012","LGI2",-0.554714070459998,-14.2133761501454,3.05184442135419e-41,8.97601300398292e-39
"ENSG00000163430","FSTL1",-0.562360838734086,-14.1993680578272,3.58577163450517e-41,9.96047676251436e-39
"ENSG00000206538","VGLL3",-0.524962026129545,-14.0177384001316,2.87525912322783e-40,7.56647137691533e-38
"ENSG00000151917","BEND6",-0.544445737863408,-13.953575384728,5.97534209675e-40,1.4938355241875e-37
"ENSG00000149970","CNKSR2",-0.766862634144683,-13.9316949472923,7.66466998954363e-40,1.82492142608182e-37
"ENSG00000197646","PDCD1LG2",-0.632199634883826,-13.8542731123382,1.84613970564569e-39,4.19577205828566e-37
"ENSG00000149633","KIAA1755",-0.565372592368022,-13.8020677713235,3.33387820278498e-39,7.24756131040214e-37
"ENSG00000189184","PCDH18",-0.534689476269798,-13.6073131805398,2.98673880997129e-38,6.22237252077352e-36
"ENSG00000235531","MSC-AS1",-0.582870123710443,-13.5533869621256,5.46220502518657e-38,1.0384467317334e-35
"ENSG00000000971","CFH",-0.515043431623973,-13.5515457284605,5.57580871705934e-38,1.0384467317334e-35
"ENSG00000159403","C1R",-0.522449283715002,-13.5510369613329,5.60761235136037e-38,1.0384467317334e-35
"ENSG00000113083","LOX",-0.609727307443182,-13.5374126704403,6.52985549170528e-38,1.1660456235188e-35
"ENSG00000110427","KIAA1549L",-0.533700802854454,-13.5328565524791,6.87080073987277e-38,1.18462081721944e-35
"ENSG00000134874","DZIP1",-0.489130703826829,-13.4163786745888,2.51474185383175e-37,4.19123642305292e-35
"ENSG00000162692","VCAM1",-0.556981847940223,-13.3998645946827,3.02087871671614e-37,4.87238502696151e-35
"ENSG00000170153","RNF150",-0.646800172510635,-13.3930440041549,3.25842449276863e-37,5.09128826995098e-35
"ENSG00000180828","BHLHE22",-0.604712781842989,-13.3512353144676,5.17948860789824e-37,7.84771001196703e-35
"ENSG00000074047","GLI2",-0.569810428140533,-13.2931489150342,9.84608765655528e-37,1.44795406714048e-34
"ENSG00000110900","TSPAN11",-0.543251366672207,-13.2050787790974,2.59869673591993e-36,3.71242390845705e-34
"ENSG00000163520","FBLN2",-0.597009828553652,-13.1639727296958,4.08192736084569e-36,5.66934355673013e-34
"ENSG00000164694","FNDC1",-0.501306079000524,-13.132638123227,5.75561160294962e-36,7.77785351749948e-34
"ENSG00000145147","SLIT2",-0.522175315557667,-13.1295946863168,5.95076916108287e-36,7.82995942247746e-34
"ENSG00000144681","STAC",-0.799133786233465,-13.1049352320999,7.79525314708336e-36,9.99391429113251e-34
"ENSG00000196159","FAT4",-0.618463307914612,-13.0742788158593,1.08994259611162e-35,1.36242824513952e-33
"ENSG00000038427","VCAN",-0.639093489229149,-13.0472095299786,1.46473473370708e-35,1.78626187037449e-33
"ENSG00000101825","MXRA5",-0.432023823333157,-13.0289674890827,1.78714637296752e-35,2.12755520591371e-33
"ENSG00000134198","TSPAN2",-0.612603901062126,-13.0147949384464,2.08560569598924e-35,2.42512290231307e-33
"ENSG00000136235","GPNMB",-0.462067868693615,-13.0103399237131,2.18930298978881e-35,2.44113941323486e-33
"ENSG00000140285","FGF7",-0.525407787271577,-13.0100166044041,2.19702547191137e-35,2.44113941323486e-33
"ENSG00000180447","GAS1",-0.567494866875685,-13.0031874195512,2.36662627113454e-35,2.57241985992885e-33
"ENSG00000089472","HEPH",-0.474509721234898,-12.9784315448619,3.09816840587297e-35,3.29592383603508e-33
"ENSG00000108950","FAM20A",-0.566419923429948,-12.9703091287957,3.38417583597202e-35,3.52518316247086e-33
"ENSG00000196549","MME",-0.62569521884508,-12.9030774740515,7.01883958280335e-35,7.16208120694219e-33
"ENSG00000122420","PTGFR",-0.710835757539383,-12.8858234065273,8.46050654685851e-35,8.46050654685851e-33
"ENSG00000019549","SNAI2",-0.409286465351062,-12.8600981845304,1.11744776767985e-34,1.09553702713711e-32
"ENSG00000177301","KCNA2",-0.707047282483752,-12.8336793216894,1.4864502805947e-34,1.42927911595644e-32
"ENSG00000081052","COL4A4",-0.7434405704728,-12.7910441985442,2.35387877460372e-34,2.22064035339974e-32
"ENSG00000116132","PRRX1",-0.427416607996142,-12.759348908048,3.31061223994935e-34,3.06538170365681e-32
"ENSG00000145362","ANK2",-0.505663550130034,-12.7486507072137,3.71407003722037e-34,3.37642730656398e-32
"ENSG00000162614","NEXN",-0.482837643103164,-12.7181782052997,5.15169976069823e-34,4.54298914477796e-32
"ENSG00000170390","DCLK2",-0.488953872670661,-12.7176854437979,5.17900762504687e-34,4.54298914477796e-32
"ENSG00000130224","LRCH2",-0.457148756750502,-12.7134792845975,5.41804492460519e-34,4.67072838328034e-32
"ENSG00000185070","FLRT2",-0.576235711788215,-12.7051187958216,5.92625630525387e-34,5.02225110614735e-32
"ENSG00000154736","ADAMTS5",-0.517786621412631,-12.6954781474468,6.57142054774824e-34,5.4761837897902e-32
"ENSG00000203710","CR1",-0.879648476487759,-12.6592783176334,9.68217265201495e-34,7.93620709181554e-32
"ENSG00000276600","RAB7B",-0.556935525115031,-12.6452972955247,1.1243271108803e-33,9.0671541200024e-32
"ENSG00000115363","EVA1A",-0.353380370524902,-12.6415859946418,1.16981663166496e-33,9.28425898146793e-32
"ENSG00000007237","GAS7",-0.638492775569588,-12.6057263075019,1.71544859059794e-33,1.34019421140464e-31
"ENSG00000131459","GFPT2",-0.466741597380067,-12.5959406797286,1.90411381014367e-33,1.46470293087975e-31
"ENSG00000157654","PALM2-AKAP2",-0.63887956247638,-12.5885609245798,2.05992500751918e-33,1.56054924812059e-31
"ENSG00000260314","MRC1",-0.750256712532355,-12.5856693613871,2.1243783415814e-33,1.5853569713294e-31
"ENSG00000058866","DGKG",-0.631397058349595,-12.5625301458435,2.71789256960738e-33,1.99845041882895e-31
"ENSG00000135919","SERPINE2",-0.565838958432984,-12.5536302446686,2.9878035435904e-33,2.16507503158725e-31
"ENSG00000154188","ANGPT1",-0.593724708395683,-12.5262961806283,3.99502720827706e-33,2.85359086305504e-31
"ENSG00000137726","FXYD6",-0.462358983915722,-12.5206727985602,4.24085113292668e-33,2.98651488234273e-31
"ENSG00000144857","BOC",-0.520864713970473,-12.5097780346671,4.76073469010931e-33,3.30606575702036e-31
"ENSG00000075213","SEMA3A",-0.580274388964279,-12.5009523913201,5.22799833378772e-33,3.58082077656693e-31
"ENSG00000029153","ARNTL2",-0.694254168234608,-12.496769495721,5.46512504098865e-33,3.69265205472206e-31
"ENSG00000112320","SOBP",-0.512633477940134,-12.4837072306235,6.27670093609582e-33,4.18446729073055e-31
"ENSG00000198846","TOX",-0.785533188222097,-12.454466108837,8.55435532772365e-33,5.62786534718661e-31
"ENSG00000117600","LPPR4",-0.405162408176911,-12.4412349893683,9.83912113076813e-33,6.38903969530398e-31
"ENSG00000169860","P2RY1",-0.523485698566664,-12.4049987025419,1.44265215976048e-32,9.24777025487489e-31
"ENSG00000091972","CD200",-0.449663898695773,-12.3822559003068,1.8336162037919e-32,1.16051658467842e-30
"ENSG00000105851","PIK3CG",-0.605908208042998,-12.3640790519353,2.2205112206463e-32,1.38781951290394e-30
"ENSG00000079931","MOXD1",-0.568409588610772,-12.3537964543093,2.47429159747014e-32,1.52734049226552e-30
"ENSG00000122188","LAX1",-0.766350291636864,-12.3403465093579,2.85026617398995e-32,1.73796717926217e-30
"ENSG00000006468","ETV1",-0.455591782221463,-12.3177323017861,3.61473417312676e-32,2.17755070670287e-30
"ENSG00000101916","TLR8",-0.663805420903113,-12.2924900795802,4.71093246602556e-32,2.80412646787236e-30
"ENSG00000211956","IGHV4-34",-0.629318888448765,-12.2781533896815,5.47480258299146e-32,3.22047210764203e-30
"ENSG00000103196","CRISPLD2",-0.599350842135617,-12.2641810123888,6.33755338179163e-32,3.68462405918118e-30
"ENSG00000182175","RGMA",-0.635240179605267,-12.243456994361,7.87215156150521e-32,4.52422503534782e-30
"ENSG00000204291","COL15A1",-0.365764526691424,-12.1954245282147,1.29998384693611e-31,7.38627185759151e-30
"ENSG00000143341","HMCN1",-0.524944111035435,-12.1809345068201,1.51195931221293e-31,8.49415343939846e-30
"ENSG00000087116","ADAMTS2",-0.592647827168347,-12.1748426270365,1.61103324289562e-31,8.95018468275343e-30
"ENSG00000152580","IGSF10",-0.657358626327107,-12.1649249462003,1.78632111241919e-31,9.81495116713843e-30
"ENSG00000153823","PID1",-0.571307651282464,-12.1517560070483,2.04870911789137e-31,1.09583712050565e-29
"ENSG00000091490","SEL1L3",-0.688710232989703,-12.1514683360975,2.05484948669074e-31,1.09583712050565e-29
"ENSG00000198774","RASSF9",-0.539429912616542,-12.1512195884886,2.06017378655062e-31,1.09583712050565e-29
"ENSG00000168685","IL7R",-0.757813599468228,-12.1420608429909,2.26606317069252e-31,1.19266482668027e-29
"ENSG00000170961","HAS2",-0.498774768091343,-12.1338401314372,2.46822632626253e-31,1.2855345449284e-29
"ENSG00000115232","ITGA4",-0.60381390180324,-12.1171287712699,2.93613619893723e-31,1.51347226749342e-29
"ENSG00000197635","DPP4",-0.52989667934866,-12.0758484610187,4.50505370293559e-31,2.29849678721204e-29
"ENSG00000228203","RNF144A-AS1",-0.627062878894936,-12.0742495636263,4.58028484854607e-31,2.31327517603337e-29
"ENSG00000196569","LAMA2",-0.578334515263192,-12.0706558172729,4.75396821601257e-31,2.37698410800628e-29
"ENSG00000053328","METTL24",-0.659642020290507,-12.0616216548155,5.22005433423194e-31,2.58418531397621e-29
"ENSG00000164236","ANKRD33B",-0.603748991275804,-12.0234857643338,7.74295848054462e-31,3.79556788261991e-29
"ENSG00000020633","RUNX3",-0.639299088803118,-12.0096142540407,8.93506013904423e-31,4.33740783448749e-29
"ENSG00000155966","AFF2",-0.638295690828141,-12.0049247118951,9.37801629093559e-31,4.50866167833442e-29
"ENSG00000123342","MMP19",-0.455201885821013,-12.0010961984447,9.75578131836422e-31,4.64561015160201e-29
"ENSG00000112837","TBX18",-0.406243569771933,-11.999111665104,9.95751403437506e-31,4.69694058225238e-29
"ENSG00000133216","EPHB2",-0.486229347909662,-11.9862804213737,1.13657574514845e-30,5.31110161284325e-29
"ENSG00000172986","GXYLT2",-0.621660417049749,-11.9636820813596,1.43440178764033e-30,6.64074901685336e-29
"ENSG00000162687","KCNT2",-0.487469100745954,-11.9530471770783,1.600258635862e-30,7.34063594432108e-29
"ENSG00000120693","SMAD9",-0.480865263828886,-11.9336494617677,1.95338652067647e-30,8.87902963943848e-29
"ENSG00000152784","PRDM8",-0.526348789260611,-11.8951451731895,2.89997347217397e-30,1.30629435683512e-28
"ENSG00000131016","AKAP12",-0.587377762861573,-11.8932664315468,2.95635986796069e-30,1.31980351248245e-28
"ENSG00000157570","TSPAN18",-0.47104750355066,-11.88456872268,3.23194069732636e-30,1.43006225545414e-28
"ENSG00000110777","POU2AF1",-0.766226659019487,-11.8673394757072,3.85547297672041e-30,1.69099691961421e-28
"ENSG00000091986","CCDC80",-0.506400800171829,-11.8604636601209,4.13648121928231e-30,1.79847009534013e-28
"ENSG00000146374","RSPO3",-0.451893024610727,-11.8493389971586,4.63487909339403e-30,1.99779271266984e-28
"ENSG00000153993","SEMA3D",-0.669445083291363,-11.8102239351655,6.91035193795864e-30,2.95314185382848e-28
"ENSG00000118849","RARRES1",-0.740850558809412,-11.7678931873895,1.0635769814889e-29,4.50668212495296e-28
"ENSG00000105088","OLFM2",-0.596430752961165,-11.7663891516925,1.0799757534858e-29,4.53771324994034e-28
"ENSG00000136002","ARHGEF4",-0.517358802289249,-11.7488105613503,1.2913227491514e-29,5.38051145479748e-28
"ENSG00000124212","PTGIS",-0.464720026087839,-11.7471460402255,1.31335007490195e-29,5.42706642521469e-28
"ENSG00000102452","NALCN",-0.553448528440012,-11.7288711812093,1.58117933014771e-29,6.48024315634308e-28
"ENSG00000100678","SLC8A3",-0.632174893515027,-11.7263871032694,1.62154962336583e-29,6.59166513563347e-28
"ENSG00000253250","C8orf88",-0.626679801872239,-11.7179687737731,1.76613425016991e-29,7.12150907326576e-28
"ENSG00000118523","CTGF",-0.518917894458096,-11.6919654400711,2.29870312107831e-29,9.19481248431322e-28
"ENSG00000166923","GREM1",-0.490858299650653,-11.6903135591824,2.33748012632549e-29,9.27571478700592e-28
"ENSG00000146477","SLC22A3",-0.63796320686809,-11.676316883196,2.69325083172939e-29,1.06033497312181e-27
"ENSG00000240382","IGKV1-17",-0.591008327954593,-11.6573295392111,3.263331586646e-29,1.2747389010336e-27
"ENSG00000255248","RP11-166D19.1",-0.398517078346958,-11.6499942617412,3.51438185925336e-29,1.36216351133851e-27
"ENSG00000211943","IGHV3-15",-0.598933477681982,-11.6413166459479,3.83626377648911e-29,1.47548606788043e-27
"ENSG00000155629","PIK3AP1",-0.521089249210321,-11.5997018530783,5.83645637241407e-29,2.22765510397484e-27
"ENSG00000175344","CHRNA7",-0.715342829845882,-11.5923986675211,6.28179613001594e-29,2.37946823106664e-27
"ENSG00000140937","CDH11",-0.516964105418247,-11.5738971705167,7.56695768434323e-29,2.84472093396362e-27
"ENSG00000142173","COL6A2",-0.452528097532065,-11.5692551449131,7.92846351941055e-29,2.95838191022782e-27
"ENSG00000069431","ABCC9",-0.450645527165578,-11.5539232922204,9.24887594353755e-29,3.42550960871761e-27
"ENSG00000189320","FAM180A",-0.464746430396693,-11.5531326565152,9.32260215138451e-29,3.42742726153842e-27
"ENSG00000178033","FAM26E",-0.476881866836216,-11.5465288180692,9.96166402321876e-29,3.63564380409444e-27
"ENSG00000149131","SERPING1",-0.461857069352052,-11.5297019506935,1.17936752801821e-28,4.27307075368915e-27
"ENSG00000211947","IGHV3-21",-0.567667630280385,-11.5202941128405,1.29600712201044e-28,4.66189612233972e-27
"ENSG00000079215","SLC1A3",-0.439122962687465,-11.505199866647,1.50755208975382e-28,5.38411460626363e-27
"ENSG00000125845","BMP2",-0.596463937961777,-11.5040876063634,1.5244338970893e-28,5.40579396130956e-27
"ENSG00000211965","IGHV3-49",-0.647929942286135,-11.5024426235553,1.54974631089199e-28,5.42892823681936e-27
"ENSG00000137265","IRF4",-0.728380055100475,-11.5022541203491,1.55267347573034e-28,5.42892823681936e-27
"ENSG00000122877","EGR2",-0.572148374536568,-11.5011485122995,1.56995282375893e-28,5.45122508249629e-27
"ENSG00000128591","FLNC",-0.460737534246833,-11.4961530546326,1.65043912486838e-28,5.69116939609787e-27
"ENSG00000034053","APBA2",-0.643225247833857,-11.4912752395518,1.73298413457822e-28,5.93487717321309e-27
"ENSG00000101938","CHRDL1",-0.675509220647439,-11.4636138551752,2.28490055343484e-28,7.77177058991443e-27
"ENSG00000196368","NUDT11",-0.516473712885238,-11.453165527432,2.5361075168387e-28,8.54351294461275e-27
"ENSG00000166147","FBN1",-0.594647824758977,-11.4527767386477,2.5459668574946e-28,8.54351294461275e-27
"ENSG00000094963","FMO2",-0.561975531256241,-11.4213041071527,3.48437847031072e-28,1.16145949010357e-26
"ENSG00000104415","WISP1",-0.474982011824982,-11.4165096757486,3.65477833907769e-28,1.21019150300586e-26
"ENSG00000081237","PTPRC",-0.654333969041163,-11.3734520494138,5.60794373889483e-28,1.84471833516277e-26
"ENSG00000164691","TAGAP",-0.580786970327507,-11.3620450622241,6.28029053942347e-28,2.05238252922335e-26
"ENSG00000127152","BCL11B",-0.700236197260323,-11.3571786550258,6.5909538078853e-28,2.13992006749523e-26
"ENSG00000121807","CCR2",-0.615274506753949,-11.3505157862973,7.04120483635793e-28,2.27135639882514e-26
"ENSG00000105976","MET",-0.546856092662554,-11.3059269352779,1.09494109090741e-27,3.5094265734212e-26
"ENSG00000184254","ALDH1A3",-0.50398019319058,-11.2837236926114,1.36353931877567e-27,4.34248190692888e-26
"ENSG00000211949","IGHV3-23",-0.567758228005863,-11.2745678761785,1.49250939751816e-27,4.71555523611821e-26
"ENSG00000003137","CYP26B1",-0.479384295432749,-11.2740911805913,1.49954656508559e-27,4.71555523611821e-26
"ENSG00000214290","COLCA2",-0.605422836208395,-11.2720890047094,1.52946524629074e-27,4.77957889465857e-26
"ENSG00000065534","MYLK",-0.520855901684785,-11.2697967552866,1.56444727889489e-27,4.85853192203384e-26
"ENSG00000134755","DSC2",-0.559762613329731,-11.2538875959448,1.83014370086859e-27,5.64859166934751e-26
"ENSG00000183876","ARSI",-0.539314118212878,-11.252368570535,1.85774516496917e-27,5.69860480051892e-26
"ENSG00000124343","XG",-0.384563717351351,-11.247245827167,1.95391282809877e-27,5.95705130517917e-26
"ENSG00000151948","GLT1D1",-0.653529999241294,-11.2444968476263,2.0075411790234e-27,6.08345811825272e-26
"ENSG00000187474","FPR3",-0.460957254195517,-11.2148821595925,2.68667400481818e-27,8.09239158077764e-26
"ENSG00000183023","SLC8A1",-0.595180598743883,-11.2032720679465,3.01135306503102e-27,9.01602714081144e-26
"ENSG00000143603","KCNN3",-0.476879214986345,-11.2014301165054,3.06632997604456e-27,9.1259820715612e-26
"ENSG00000103522","IL21R",-0.611272102352108,-11.2007155589563,3.08792486361599e-27,9.13587237756209e-26
"ENSG00000137727","ARHGAP20",-0.514101096698541,-11.1935345943283,3.31350937849764e-27,9.74561581911072e-26
"ENSG00000119681","LTBP2",-0.477829530892501,-11.1892657765835,3.45529230596618e-27,1.01031938770941e-25
"ENSG00000185518","SV2B",-0.580582915987556,-11.1886473526927,3.47632616085187e-27,1.01055993048019e-25
"ENSG00000003436","TFPI",-0.521690293067542,-11.1753361182953,3.96120574935366e-27,1.14485715299239e-25
"ENSG00000101955","SRPX",-0.426576509512991,-11.1722350139595,4.08348823997074e-27,1.17341616091113e-25
"ENSG00000065675","PRKCQ",-0.73924277483139,-11.1670144631749,4.29787130374632e-27,1.2279632296418e-25
"ENSG00000186340","THBS2",-0.512085182989836,-11.1640728054457,4.42355789046537e-27,1.25669258251857e-25
"ENSG00000144642","RBMS3",-0.493039609368756,-11.1602084310726,4.59423314982357e-27,1.29780597452643e-25
"ENSG00000115226","FNDC4",-0.409185686832845,-11.1536407237818,4.89943981672555e-27,1.37624713952965e-25
"ENSG00000101134","DOK5",-0.439149568704871,-11.1296019138187,6.19847680827973e-27,1.73141810287143e-25
"ENSG00000165507","C10orf10",-0.512758060654836,-11.1264923475659,6.3897742889608e-27,1.77493730248911e-25
"ENSG00000137273","FOXF2",-0.36102814964209,-11.1097959736354,7.52173480886478e-27,2.07782729526651e-25
"ENSG00000234961","RP11-124N14.3",-0.689860118012136,-11.1048202490563,7.89608825710281e-27,2.16925501568758e-25
"ENSG00000255642","PABPC1P4",-0.513768963782254,-11.0790405412056,1.01529359821669e-26,2.77402622463575e-25
"ENSG00000124785","NRN1",-0.450114761189967,-11.0638990693628,1.17660592593457e-26,3.19729871177873e-25
"ENSG00000189367","KIAA0408",-0.504704209065807,-11.0619143495928,1.19955584953265e-26,3.24204283657472e-25
"ENSG00000011465","DCN",-0.448944233413187,-11.0566968613259,1.26202987763894e-26,3.39255343451329e-25
"ENSG00000234456","MAGI2-AS3",-0.39539587658219,-11.0506676909649,1.33825698225297e-26,3.57822722527533e-25
"ENSG00000073756","PTGS2",-0.727631048517919,-11.046910127988,1.38805921275073e-26,3.69164684242216e-25
"ENSG00000101425","BPI",-0.902365437359082,-11.033823127335,1.57632081561023e-26,4.17016088785776e-25
"ENSG00000211966","IGHV5-51",-0.558333062858168,-10.9911779811649,2.3839964764844e-26,6.27367493811685e-25
"ENSG00000122121","XPNPEP2",-0.601397387629233,-10.981410946661,2.62048529536726e-26,6.85990915017608e-25
"ENSG00000237125","HAND2-AS1",-0.32924182079749,-10.9760925697387,2.75890896934209e-26,7.18465877432835e-25
"ENSG00000148848","ADAM12",-0.490479057822302,-10.9738360610511,2.81981191543148e-26,7.30521221614373e-25
"ENSG00000159433","STARD9",-0.453318134063538,-10.971772193867,2.87668362811913e-26,7.3822593193594e-25
"ENSG00000157551","KCNJ15",-0.408036770963879,-10.9716860812593,2.87908113455017e-26,7.3822593193594e-25
"ENSG00000198948","MFAP3L",-0.590906600377944,-10.9689518036424,2.95624815814199e-26,7.54144938301527e-25
"ENSG00000280411","IGHV1-69-2",-0.589014427151321,-10.9643920378206,3.08952892447774e-26,7.84144397075567e-25
"ENSG00000073792","IGF2BP2",-0.71696663811531,-10.9612584290422,3.18456622085497e-26,8.0418338910479e-25
"ENSG00000183801","OLFML1",-0.440743748772444,-10.9577580780044,3.29416228109131e-26,8.2767896509832e-25
"ENSG00000104332","SFRP1",-0.794657319740071,-10.9520451648963,3.48113431379697e-26,8.70283578449243e-25
"ENSG00000107611","CUBN",-0.399998445478515,-10.9512567811732,3.5077507465965e-26,8.72574812586195e-25
"ENSG00000270181","BIVM-ERCC5",-0.672168269544344,-10.9485844027926,3.59948479602018e-26,8.90961583173313e-25
"ENSG00000101670","LIPG",-0.531264957767651,-10.9409445532881,3.87508525149296e-26,9.54454495441615e-25
"ENSG00000178860","MSC",-0.467821672625652,-10.9351085554935,4.0996417033415e-26,1.00481414297586e-24
"ENSG00000117594","HSD11B1",-0.48992617192848,-10.9236201995078,4.58012506843884e-26,1.11710367522899e-24
"ENSG00000112414","ADGRG6",-0.681051738611852,-10.9208654362251,4.70341307888517e-26,1.14160511623426e-24
"ENSG00000154734","ADAMTS1",-0.4836322303671,-10.914760691504,4.98849557820086e-26,1.20495062275383e-24
"ENSG00000171051","FPR1",-0.522688253154912,-10.9004572611442,5.72541915309663e-26,1.37630268103284e-24
"ENSG00000211448","DIO2",-0.502487783455527,-10.8895753201434,6.3575921982584e-26,1.52095507135368e-24
"ENSG00000259834","RP11-284N8.3",-0.67358606432615,-10.8795830364161,6.99890191658416e-26,1.66640521823432e-24
"ENSG00000255399","TBX5-AS1",-0.318985917611394,-10.8690523318021,7.74436027527867e-26,1.83515646333618e-24
"ENSG00000211964","IGHV3-48",-0.748684834558611,-10.8608721756899,8.3773804524898e-26,1.97579727653061e-24
"ENSG00000166707","ZCCHC18",-0.56986419888951,-10.8543540618915,8.91834617880142e-26,2.09350849267639e-24
"ENSG00000143297","FCRL5",-0.701397999736089,-10.8523514990932,9.091409711761e-26,2.12416114760771e-24
"ENSG00000163661","PTX3",-0.745738312867745,-10.8495987854681,9.33475645133962e-26,2.1708735933348e-24
"ENSG00000148600","CDHR1",-0.639998533310223,-10.8365450414025,1.05797257154914e-25,2.44901058228966e-24
"ENSG00000138131","LOXL4",-0.651250361550438,-10.8331863018387,1.09258794517175e-25,2.51748374463536e-24
"ENSG00000165092","ALDH1A1",-0.498134056009366,-10.832641759432,1.09830500380026e-25,2.51904817385381e-24
"ENSG00000232216","IGHV3-43",-0.684881433601329,-10.8294166416893,1.13277902102308e-25,2.58625347265543e-24
"ENSG00000134061","CD180",-0.44621864316312,-10.8051327465629,1.42927111747565e-25,3.2483434488083e-24
"ENSG00000166501","PRKCB",-0.628629843128232,-10.7978500051487,1.53236662726765e-25,3.4668928218725e-24
"ENSG00000278196","IGLV2-8",-0.553509259737456,-10.7938675836557,1.59183062376683e-25,3.58520410758294e-24
"ENSG00000211668","IGLV2-11",-0.532158681819834,-10.7839501147812,1.75005810967315e-25,3.92389710689046e-24
"ENSG00000160654","CD3G",-0.571194944835459,-10.7822020124449,1.77952404065326e-25,3.9612560746996e-24
"ENSG00000167912","RP11-25K19.1",-0.712780680730306,-10.7820232287535,1.78256523361482e-25,3.9612560746996e-24
"ENSG00000163032","VSNL1",-0.455035319350606,-10.7814828774739,1.79178825851577e-25,3.96413331530037e-24
"ENSG00000111863","ADTRP",-0.544030375105522,-10.7710235691379,1.97994503612338e-25,4.36111241436867e-24
"ENSG00000105974","CAV1",-0.383911761722287,-10.7659002571779,2.07914158785587e-25,4.55952102599971e-24
"ENSG00000134460","IL2RA",-0.506730701253114,-10.7645389377491,2.10631875679886e-25,4.59894925065254e-24
"ENSG00000228649","AC005682.5",-0.836386234399197,-10.7547781621552,2.31178852669647e-25,5.02562723194885e-24
"ENSG00000090659","CD209",-0.595703736325727,-10.7531936404103,2.3469713971222e-25,5.08002466909567e-24
"ENSG00000253552","HOXA-AS2",-0.35441634229779,-10.7402049662159,2.65614650941884e-25,5.72445368409233e-24
"ENSG00000123610","TNFAIP6",-0.408120486897817,-10.725797495203,3.04656563444991e-25,6.51449551919299e-24
"ENSG00000165379","LRFN5",-0.572299421330822,-10.7257209899424,3.04878390298232e-25,6.51449551919299e-24
"ENSG00000154262","ABCA6",-0.479993591033032,-10.7179104815847,3.28389478990669e-25,6.98701019129083e-24
"ENSG00000255330","SOGA3",-0.649381356353509,-10.7125015299898,3.45717665019957e-25,7.32452680127027e-24
"ENSG00000117090","SLAMF1",-0.614962697064284,-10.6986286811942,3.94421998365531e-25,8.32113920602386e-24
"ENSG00000182752","PAPPA",-0.481671454209875,-10.696274480753,4.03337980664505e-25,8.47348698875011e-24
"ENSG00000211970","IGHV4-61",-0.620679235928835,-10.6857499685355,4.4570705485841e-25,9.3244153736069e-24
"ENSG00000151388","ADAMTS12",-0.421821279704036,-10.6703868821385,5.15604500120787e-25,1.07417604191831e-23
"ENSG00000162493","PDPN",-0.372647850899429,-10.6622148361012,5.57112164635178e-25,1.15583436646302e-23
"ENSG00000211598","IGKV4-1",-0.533685706169138,-10.6493102711558,6.29510022653998e-25,1.30064054267355e-23
"ENSG00000163359","COL6A3",-0.394307823013569,-10.6441678950982,6.60896326218465e-25,1.35986898398861e-23
"ENSG00000129151","BBOX1",-0.659208879597392,-10.6370825455105,7.06700654135226e-25,1.44815707814595e-23
"ENSG00000152270","PDE3B",-0.728760195715126,-10.6322021642037,7.40069699616391e-25,1.51034632574774e-23
"ENSG00000241755","IGKV1-9",-0.518652750521088,-10.6314193505837,7.45565739242428e-25,1.51537751878542e-23
"ENSG00000090382","LYZ",-0.524647437528184,-10.6171551700547,8.53114087128894e-25,1.72695159337833e-23
"ENSG00000149256","TENM4",-0.491983318636729,-10.6102328035838,9.10722650907327e-25,1.83613437682929e-23
"ENSG00000164116","GUCY1A3",-0.561285550893236,-10.596790859277,1.03384024029098e-24,2.07598441825498e-23
"ENSG00000111452","ADGRD1",-0.529669437802884,-10.5934479711108,1.0669401689391e-24,2.13388033787819e-23
"ENSG00000183098","GPC6",-0.543845710482351,-10.5877398721335,1.12590828488169e-24,2.24284518900734e-23
"ENSG00000183160","TMEM119",-0.480490875139399,-10.5836105826425,1.17057194900173e-24,2.32256339087645e-23
"ENSG00000184226","PCDH9",-0.599765079341431,-10.5809959545294,1.19975725766854e-24,2.3710617740485e-23
"ENSG00000224373","IGHV4-59",-0.574754295874518,-10.573955151055,1.28198911045499e-24,2.52360061113187e-23
"ENSG00000046653","GPM6B",-0.445762847476523,-10.5643457707395,1.40331596880167e-24,2.7515999388268e-23
"ENSG00000173068","BNC2",-0.497178906210309,-10.5625277367011,1.42752036281078e-24,2.78812570861481e-23
"ENSG00000165124","SVEP1",-0.495846751454782,-10.5599357053715,1.46274747244395e-24,2.84581220319834e-23
"ENSG00000171033","PKIA",-0.657063844560681,-10.5593958911182,1.47019167969925e-24,2.8492086815877e-23
"ENSG00000183570","PCBP3",-0.609622173570411,-10.5346138883993,1.85563654809132e-24,3.58230993840023e-23
"ENSG00000262655","SPON1",-0.553756772049203,-10.5298094648459,1.94122552118516e-24,3.73312600227916e-23
"ENSG00000075340","ADD2",-0.554966071048114,-10.5285472127925,1.96435458701121e-24,3.76313139274178e-23
"ENSG00000120457","KCNJ5",-0.44248710622143,-10.5272891974252,1.98767810220917e-24,3.79327882100986e-23
"ENSG00000106034","CPED1",-0.535370089378733,-10.5253913607699,2.02338487637948e-24,3.84673930870623e-23
"ENSG00000154928","EPHB1",-0.554396345352385,-10.5164308192935,2.20076029660172e-24,4.16810662235174e-23
"ENSG00000241351","IGKV3-11",-0.582336813621482,-10.5110347872134,2.31493235819363e-24,4.36779690225213e-23
"ENSG00000060982","BCAT1",-0.569501323296157,-10.4995064518828,2.57892208791676e-24,4.84759790961796e-23
"ENSG00000088882","CPXM1",-0.453195320992905,-10.4932862040229,2.73355347474257e-24,5.11901399764525e-23
"ENSG00000139292","LGR5",-0.593295909617968,-10.4924374495813,2.7553542334804e-24,5.13440237818774e-23
"ENSG00000140092","FBLN5",-0.433509192763414,-10.4921681060197,2.76230847946501e-24,5.13440237818774e-23
"ENSG00000131019","ULBP3",-0.700792317103999,-10.4903118052508,2.81071274310342e-24,5.20502359833967e-23
"ENSG00000010932","FMO1",-0.42321909853112,-10.4738996308672,3.2769845137695e-24,6.04609688887362e-23
"ENSG00000122641","INHBA",-0.434117228354966,-10.4693043019305,3.42077280155844e-24,6.28818529698242e-23
"ENSG00000164107","HAND2",-0.258362725937398,-10.4462452710467,4.24243178294709e-24,7.77002158048917e-23
"ENSG00000164303","ENPP6",-0.491982479131392,-10.4355379467639,4.68785267578763e-24,8.55447568574385e-23
"ENSG00000172348","RCAN2",-0.311422739572101,-10.4345910530764,4.72940787378695e-24,8.59892340688536e-23
"ENSG00000162739","SLAMF6",-0.622995521425589,-10.4300180459852,4.93530049554745e-24,8.94076176729611e-23
"ENSG00000211673","IGLV3-1",-0.556709159739937,-10.4261593047896,5.11593555213445e-24,9.23454070782392e-23
"ENSG00000122691","TWIST1",-0.37559414202211,-10.4217594630369,5.32991608992393e-24,9.58475991894029e-23
"ENSG00000211941","IGHV3-11",-0.575912116437566,-10.4213897482502,5.34829603476868e-24,9.58475991894029e-23
"ENSG00000211962","IGHV1-46",-0.622448455978893,-10.4169262479476,5.57521922906443e-24,9.95574862332933e-23
"ENSG00000123338","NCKAP1L",-0.520157382942738,-10.4145379594811,5.70053632444368e-24,1.01433030684051e-22
"ENSG00000105989","WNT2",-0.370131186759143,-10.4132566609024,5.76891583434323e-24,1.02285741743674e-22
"ENSG00000145428","RNF175",-0.515787383145193,-10.4113028043278,5.87475782732965e-24,1.03794307903351e-22
"ENSG00000128573","FOXP2",-0.516874436863875,-10.4003725227854,6.50339192325092e-24,1.14496336676953e-22
"ENSG00000182866","LCK",-0.572598585242105,-10.3996720050951,6.54588376701136e-24,1.14773862491284e-22
"ENSG00000117707","PROX1",-0.551655859437276,-10.3993572624295,6.56506493450146e-24,1.14773862491284e-22
"ENSG00000205038","PKHD1L1",-0.711131100708174,-10.3835743874422,7.6019205355984e-24,1.32437639993003e-22
"ENSG00000211648","IGLV1-47",-0.534705547388753,-10.3795968650109,7.88789668066586e-24,1.36942650706004e-22
"ENSG00000006210","CX3CL1",-0.44969062462999,-10.3694390758194,8.6675766071892e-24,1.4995807278874e-22
"ENSG00000251546","IGKV1D-39",-0.544981331154746,-10.3535957579619,1.00389139350996e-23,1.73084723018959e-22
"ENSG00000164932","CTHRC1",-0.373197538176677,-10.3386781919002,1.15260654020245e-23,1.98042360859528e-22
"ENSG00000280693","SH3PXD2A-AS1",-0.497975671653867,-10.3314785756986,1.23200522428341e-23,2.10959798678667e-22
"ENSG00000169946","ZFPM2",-0.454560800119313,-10.3239125178721,1.32129600563957e-23,2.25477134068186e-22
"ENSG00000164946","FREM1",-0.603752391126297,-10.3147548344765,1.43799575154312e-23,2.44557100602571e-22
"ENSG00000256671","LIMS3L",-0.456370700414078,-10.3086232896115,1.52179040442988e-23,2.57930577022013e-22
"ENSG00000204262","COL5A2",-0.465524494656203,-10.3073072938456,1.54039688514805e-23,2.60202176545279e-22
"ENSG00000168542","COL3A1",-0.367335369923763,-10.303162340821,1.60048864389833e-23,2.69442532642817e-22
"ENSG00000197629","MPEG1",-0.494317131153045,-10.2961317046871,1.70777899516198e-23,2.86540099859392e-22
"ENSG00000183347","GBP6",-0.472582946263426,-10.2858854509083,1.87703753073399e-23,3.13885874704681e-22
"ENSG00000132465","JCHAIN",-0.611764481649418,-10.272782585385,2.11792818993684e-23,3.52988031656139e-22
"ENSG00000211666","IGLV2-14",-0.538952249152866,-10.2706447178634,2.16004234191553e-23,3.58811020251749e-22
"ENSG00000233608","TWIST2",-0.39967211999126,-10.2672343596302,2.22894938014378e-23,3.69031354328441e-22
"ENSG00000119865","CNRIP1",-0.40221943824682,-10.2610165397773,2.3602405778444e-23,3.89478643208646e-22
"ENSG00000105997","HOXA3",-0.408131779810379,-10.25530384868,2.48761396061736e-23,4.09147032996276e-22
"ENSG00000204252","HLA-DOA",-0.517195352932773,-10.2344276735148,3.01382255124015e-23,4.94069270695107e-22
"ENSG00000119514","GALNT12",-0.554018583860082,-10.2234919511922,3.3321151516701e-23,5.44463260076814e-22
"ENSG00000161405","IKZF3",-0.605778937496465,-10.2144310525985,3.62093122038848e-23,5.89728211789655e-22
"ENSG00000092607","TBX15",-0.337999089185263,-10.2095381013408,3.7870807186432e-23,6.14785830948572e-22
"ENSG00000091656","ZFHX4",-0.478712155486767,-10.1949775892678,4.32757037912909e-23,7.00254106655192e-22
"ENSG00000178562","CD28",-0.499656084315363,-10.1939443384468,4.36871070425838e-23,7.04630758751351e-22
"ENSG00000082074","FYB",-0.542658040171396,-10.1904381722389,4.51122653287989e-23,7.25277577633424e-22
"ENSG00000281852","LINC00891",-0.469446275609837,-10.1890595319571,4.56851901205387e-23,7.32134457059915e-22
"ENSG00000106823","ECM2",-0.493474601570033,-10.1886113973692,4.5872972143068e-23,7.32795082157636e-22
"ENSG00000132970","WASF3",-0.462670662840274,-10.1880804175813,4.60964599512418e-23,7.34020062917863e-22
"ENSG00000133101","CCNA1",-0.522363495803617,-10.173614917119,5.26183312212457e-23,8.3521160668644e-22
"ENSG00000136732","GYPC",-0.448391522146349,-10.1710866222237,5.38487044636364e-23,8.52036463032222e-22
"ENSG00000144063","MALL",-0.387181133893135,-10.1693912023185,5.46897057015946e-23,8.62613654599283e-22
"ENSG00000237513","RP11-325F22.2",-0.672084760465759,-10.1512249377814,6.4560473934055e-23,1.01510179141596e-21
"ENSG00000132840","BHMT2",-0.383444595857824,-10.1448623921289,6.8419851932748e-23,1.07241147230013e-21
"ENSG00000119508","NR4A3",-0.593621476528584,-10.1434543406826,6.93043910308999e-23,1.08288110985781e-21
"ENSG00000270550","IGHV3-30",-0.511028201807588,-10.136603533351,7.3772557104227e-23,1.14910525084466e-21
"ENSG00000244575","IGKV1-27",-0.513171876128722,-10.132695893967,7.64479087113383e-23,1.18707932781581e-21
"ENSG00000249741","RP11-673E1.3",-0.714602286842254,-10.1309971227814,7.76407657761836e-23,1.20186943925981e-21
"ENSG00000274576","IGHV2-70",-0.691531695337394,-10.12952093483,7.86923050036735e-23,1.2143874228962e-21
"ENSG00000172215","CXCR6",-0.574436661046468,-10.120010531827,8.58137631568988e-23,1.32021174087537e-21
"ENSG00000211934","IGHV1-2",-0.601038100624284,-10.1056349529671,9.78087662815203e-23,1.50013445217056e-21
"ENSG00000079102","RUNX1T1",-0.436961246191424,-10.0961747636149,1.06594889312394e-22,1.62989127388981e-21
"ENSG00000183196","CHST6",-0.553344667415121,-10.0828256286342,1.20339174838337e-22,1.83443864082831e-21
"ENSG00000153283","CD96",-0.573363128074504,-10.0748795094723,1.29340368442805e-22,1.96565909487546e-21
"ENSG00000162676","GFI1",-0.58801578523432,-10.0719197534933,1.32861119875966e-22,2.01304727084797e-21
"ENSG00000176971","FIBIN",-0.393425311526314,-10.0558511969355,1.53700441855426e-22,2.32175894041428e-21
"ENSG00000188783","PRELP",-0.414408203339718,-10.0545937270459,1.55461805337885e-22,2.34129224906453e-21
"ENSG00000118407","FILIP1",-0.366199893879533,-10.0404655369799,1.76681285198219e-22,2.6528721501234e-21
"ENSG00000143196","DPT",-0.389231415853053,-10.0372806164621,1.81848079669053e-22,2.72227664175229e-21
"ENSG00000146411","SLC2A12",-0.62332253139021,-10.0322471071749,1.9032089139159e-22,2.84061031927747e-21
"ENSG00000143387","CTSK",-0.532717850599362,-10.0275079815215,1.98655482364354e-22,2.95618277327908e-21
"ENSG00000234964","FABP5P7",-0.489298687218861,-10.0223930642373,2.08057362997413e-22,3.08690449551058e-21
"ENSG00000111728","ST8SIA1",-0.636286578752826,-10.0136157149342,2.25230389183423e-22,3.33181049087904e-21
"ENSG00000205403","CFI",-0.35811567788803,-10.0121623903224,2.28206420560496e-22,3.35823640773584e-21
"ENSG00000211662","IGLV3-21",-0.53241082090677,-10.0120878649354,2.28360075726037e-22,3.35823640773584e-21
"ENSG00000211653","IGLV1-40",-0.488416337386729,-10.0116007092624,2.29367014885139e-22,3.3631527109258e-21
"ENSG00000013725","CD6",-0.554697101028184,-10.0110300165281,2.30552223755619e-22,3.37064654613479e-21
"ENSG00000154175","ABI3BP",-0.522158910894725,-10.0032010279109,2.47437794425882e-22,3.6069649333219e-21
"ENSG00000138061","CYP1B1",-0.536151880717137,-9.98723376321,2.85768909889408e-22,4.15361787629953e-21
"ENSG00000144810","COL8A1",-0.401560837047411,-9.97866847384912,3.08699794143543e-22,4.47391006005135e-21
"ENSG00000169432","SCN9A",-0.495197485950899,-9.97765250100308,3.11537989834266e-22,4.50199407274951e-21
"ENSG00000154096","THY1",-0.30937332796509,-9.97463647400533,3.20116776498758e-22,4.61263366712908e-21
"ENSG00000235499","AC073046.25",-0.465940880387564,-9.96857295710338,3.38078884699144e-22,4.85745523993022e-21
"ENSG00000101680","LAMA1",-0.404465192727302,-9.96589828729267,3.46316383254421e-22,4.96155276868799e-21
"ENSG00000137673","MMP7",-0.411681742814962,-9.96445144634173,3.50855008054081e-22,5.01221440077259e-21
"ENSG00000165023","DIRAS2",-0.599932957458929,-9.96376596884502,3.53025835425898e-22,5.02885805449998e-21
"ENSG00000224650","IGHV3-74",-0.55807890841064,-9.96292469460928,3.55708260246196e-22,5.05267415122438e-21
"ENSG00000211644","IGLV1-51",-0.56692775096468,-9.9510167106207,3.95916918266632e-22,5.60788836071716e-21
"ENSG00000140968","IRF8",-0.518302882082111,-9.93266073234683,4.6689023880485e-22,6.59449489837359e-21
"ENSG00000113263","ITK",-0.644001908098805,-9.93178471721318,4.70576003407079e-22,6.62783103390252e-21
"ENSG00000197769","MAP1LC3C",-0.578095635048424,-9.93136455995653,4.72354002607915e-22,6.63418542988644e-21
"ENSG00000133110","POSTN",-0.346274045099727,-9.92780556154995,4.87684391937025e-22,6.83031361256338e-21
"ENSG00000103742","IGDCC4",-0.416560682765705,-9.9185197390372,5.30044661976835e-22,7.4028584074977e-21
"ENSG00000211959","IGHV4-39",-0.563172262022523,-9.91651960764877,5.39635745013669e-22,7.50354326894988e-21
"ENSG00000163449","TMEM169",-0.401820524339541,-9.91639165779433,5.40255115364391e-22,7.50354326894988e-21
"ENSG00000112541","PDE10A",-0.431232568249256,-9.90371511013939,6.05244721113642e-22,8.38289087415017e-21
"ENSG00000127951","FGL2",-0.54433964737205,-9.90220012352486,6.13512596882656e-22,8.45319085007714e-21
"ENSG00000243466","IGKV1-5",-0.498198741916579,-9.90216571799709,6.137016557156e-22,8.45319085007714e-21
"ENSG00000159674","SPON2",-0.475398980545055,-9.90111204251841,6.19519667932738e-22,8.50988554852662e-21
"ENSG00000087245","MMP2",-0.422181701215758,-9.89574382964965,6.50020656614582e-22,8.90439255636413e-21
"ENSG00000128268","MGAT3",-0.521062789722431,-9.8937730865097,6.61587635072413e-22,9.03808244634444e-21
"ENSG00000198768","APCDD1L",-0.480478554269253,-9.89147280318695,6.75347078218406e-22,9.20091387218537e-21
"ENSG00000211937","IGHV2-5",-0.568766516489036,-9.89070641704427,6.79994020213137e-22,9.23904918767849e-21
"ENSG00000108405","P2RX1",-0.525810480618124,-9.88724238982883,7.01396496044431e-22,9.50401756157766e-21
"ENSG00000136634","IL10",-0.443129492706294,-9.8811724526915,7.40521785243511e-22,1.00070511519393e-20
"ENSG00000101311","FERMT1",-0.629461829223121,-9.87211616601697,8.02952029806395e-22,1.08214559273099e-20
"ENSG00000211945","IGHV1-18",-0.546220046138687,-9.86051485253061,8.90601530724988e-22,1.19704506817875e-20
"ENSG00000140563","MCTP2",-0.578219924057989,-9.85850321721794,9.06736468305874e-22,1.21546443472637e-20
"ENSG00000155970","MICU3",-0.499619832880357,-9.85212107012543,9.59868812374005e-22,1.28324707536632e-20
"ENSG00000107742","SPOCK2",-0.549700824174387,-9.84909574281046,9.86122090521792e-22,1.31482945402906e-20
"ENSG00000086570","FAT2",-0.650052964483598,-9.84135713609126,1.05655967049556e-21,1.40381082586519e-20
"ENSG00000129009","ISLR",-0.342239817691123,-9.84115409805869,1.05847336270236e-21,1.40381082586519e-20
"ENSG00000107249","GLIS3",-0.54163470833279,-9.84085383440748,1.06130973340964e-21,1.40384885371646e-20
"ENSG00000139329","LUM",-0.342207885565295,-9.84038771636731,1.06572774052941e-21,1.40597327246624e-20
"ENSG00000242076","IGKV1-33",-0.506247949955705,-9.83636348196574,1.10463661818758e-21,1.45346923445734e-20
"ENSG00000165168","CYBB",-0.520772344198075,-9.82936104920299,1.17572571694048e-21,1.5429471350925e-20
"ENSG00000167191","GPRC5B",-0.388799351767729,-9.81855978727884,1.294368176128e-21,1.69419918341361e-20
"ENSG00000169515","CCDC8",-0.467403844857,-9.80917953570511,1.4069800525912e-21,1.83678858040626e-20
"ENSG00000112394","SLC16A10",-0.65578239493851,-9.80880257351162,1.41170304541794e-21,1.83815500705461e-20
"ENSG00000211640","IGLV6-57",-0.557767883105901,-9.80548389006389,1.45396706423117e-21,1.88826891458593e-20
"ENSG00000130635","COL5A1",-0.45384754386214,-9.80154562054585,1.5057512602255e-21,1.9504550002921e-20
"ENSG00000089225","TBX5",-0.263994686446073,-9.79562509614795,1.58705860837578e-21,2.05046331831497e-20
"ENSG00000254245","PCDHGA3",-0.536804532421995,-9.79083060562299,1.65607854884403e-21,2.13412184129385e-20
"ENSG00000254709","IGLL5",-0.518398095355211,-9.79038750581328,1.66260548324637e-21,2.13702504273312e-20
"ENSG00000169403","PTAFR",-0.487613087708908,-9.77439519261024,1.91603757365622e-21,2.45645842776439e-20
"ENSG00000152207","CYSLTR2",-0.445786988141544,-9.75557991917692,2.26357552411876e-21,2.89459785692936e-20
"ENSG00000198729","PPP1R14C",-0.654108383823149,-9.75448796572177,2.28556148785226e-21,2.91525699981155e-20
"ENSG00000186310","NAP1L3",-0.38048341857674,-9.74467436873866,2.49289537693091e-21,3.17162261696044e-20
"ENSG00000132854","KANK4",-0.536171792217271,-9.74392656208058,2.5094380159145e-21,3.18456601004378e-20
"ENSG00000211660","IGLV2-23",-0.459809187319533,-9.73606985972268,2.68995314750769e-21,3.40500398418695e-20
"ENSG00000228956","SATB1-AS1",-0.611654779684253,-9.73301536966784,2.76355601296535e-21,3.48933840020878e-20
"ENSG00000163131","CTSS",-0.488415026235366,-9.73208685219607,2.78632315119956e-21,3.50922311234202e-20
"ENSG00000149968","MMP3",-0.387860455842688,-9.7283790641394,2.87910557431865e-21,3.61696680190785e-20
"ENSG00000243264","IGKV2D-29",-0.607065529127164,-9.72085251175743,3.07696558528217e-21,3.85190526738806e-20
"ENSG00000131015","ULBP2",-0.506593330101976,-9.72068481225145,3.08152421391045e-21,3.85190526738806e-20
"ENSG00000102271","KLHL4",-0.44642093472649,-9.71773536473335,3.16280275671485e-21,3.94364433505593e-20
"ENSG00000122224","LY9",-0.509576218807444,-9.70970724230541,3.39495403789122e-21,4.22257964911844e-20
"ENSG00000211637","IGLV4-69",-0.559865986105668,-9.70923777280828,3.4090406396701e-21,4.22957895740707e-20
"ENSG00000231475","IGHV4-31",-0.608527187976158,-9.70216617853616,3.62836846009844e-21,4.4905550248743e-20
"ENSG00000120820","GLT8D2",-0.490556688082701,-9.69355580981389,3.91437359603723e-21,4.83255999510769e-20
"ENSG00000134775","FHOD3",-0.393638266692459,-9.68961232380343,4.05271380627232e-21,4.99102685501518e-20
"ENSG00000180537","RNF182",-0.589876884268897,-9.68825471661686,4.10145186104133e-21,5.03863864992792e-20
"ENSG00000221866","PLXNA4",-0.508350976482051,-9.68586588883987,4.18862480091922e-21,5.13311862857748e-20
"ENSG00000078081","LAMP3",-0.479049257249034,-9.68308812976341,4.29230130020705e-21,5.23670593120214e-20
"ENSG00000115602","IL1RL1",-0.53504675355235,-9.68304055700528,4.29409886358575e-21,5.23670593120214e-20
"ENSG00000241244","IGKV1D-16",-0.672356731653555,-9.68170945335008,4.34469890785351e-21,5.27885772791521e-20
"ENSG00000156475","PPP2R2B",-0.399928647977459,-9.6815766701335,4.34977876780214e-21,5.27885772791521e-20
"ENSG00000176678","FOXL1",-0.417735225300794,-9.6730351795514,4.68921888988282e-21,5.67702044780002e-20
"ENSG00000274736","CCL23",-0.557386933794598,-9.66129730142481,5.19887332301414e-21,6.27883251571756e-20
"ENSG00000138944","KIAA1644",-0.508156018923686,-9.66016790263578,5.25071467105042e-21,6.32616225427762e-20
"ENSG00000168081","PNOC",-0.51916224806107,-9.65969384114829,5.27262722464735e-21,6.33729233731653e-20
"ENSG00000198113","TOR4A",-0.383192482705014,-9.65903001371616,5.30346368070022e-21,6.35906916151106e-20
"ENSG00000239951","IGKV3-20",-0.498212746637174,-9.658299606569,5.33759942881103e-21,6.38468831197491e-20
"ENSG00000004468","CD38",-0.760139438519131,-9.65595627713484,5.4485917998842e-21,6.50189952253485e-20
"ENSG00000146070","PLA2G7",-0.423385205836749,-9.65338970637122,5.57278320322711e-21,6.63426571812751e-20
"ENSG00000182162","P2RY8",-0.427745400738691,-9.65274435570942,5.6044492196857e-21,6.65611546280962e-20
"ENSG00000172935","MRGPRF",-0.362550402408293,-9.64151975965622,6.18461947506309e-21,7.32774819320271e-20
"ENSG00000211663","IGLV3-19",-0.494324610263982,-9.63927970264122,6.30733376436162e-21,7.4554772628388e-20
"ENSG00000163710","PCOLCE2",-0.68625997833239,-9.63592991410131,6.49535582107859e-21,7.65961771353607e-20
"ENSG00000160307","S100B",-0.59248896668097,-9.63212056539281,6.7159280851327e-21,7.90109186486201e-20
"ENSG00000250264","XXbac-BPG246D15.9",-0.653384871002737,-9.62849622813089,6.93267097567414e-21,8.13693776487575e-20
"ENSG00000136231","IGF2BP3",-0.595862671647539,-9.61739712609575,7.64046075123476e-21,8.94667535273392e-20
"ENSG00000130508","PXDN",-0.42029329459569,-9.61693071357524,7.6717221362463e-21,8.96175054151084e-20
"ENSG00000078596","ITM2A",-0.59743487482892,-9.61667103586423,7.6891819646163e-21,8.96175054151084e-20
"ENSG00000211679","IGLC3",-0.516075898921951,-9.6159874432301,7.73533280966499e-21,8.99457303449418e-20
"ENSG00000145335","SNCA",-0.37304887200118,-9.60906148483578,8.21867483624287e-21,9.53442556408685e-20
"ENSG00000162849","KIF26B",-0.484477963799091,-9.60821667311644,8.27964231536812e-21,9.58291934649088e-20
"ENSG00000158560","DYNC1I1",-0.428700535322402,-9.58966766785059,9.73713204679063e-21,1.1243801439712e-19
"ENSG00000211747","TRBV20-1",-0.48174934620427,-9.58609508047761,1.00457373305555e-20,1.15734301043266e-19
"ENSG00000138080","EMILIN1",-0.458231995860894,-9.58503802395755,1.01388910757894e-20,1.16538977882636e-19
"ENSG00000118473","SGIP1",-0.47178549299265,-9.58383230129418,1.02461911996383e-20,1.17502192656402e-19
"ENSG00000211651","IGLV1-44",-0.496629536374995,-9.58274621529603,1.0343807197811e-20,1.18350196771293e-19
"ENSG00000134760","DSG1",-0.728026212723114,-9.58117486962306,1.04866705303428e-20,1.19710850803001e-19
"ENSG00000279618","CTD-2196E14.7",-0.645297076358615,-9.57810064956895,1.07718486242533e-20,1.22686203009719e-19
"ENSG00000131711","MAP1B",-0.39671243864924,-9.57697786896482,1.08779068216471e-20,1.23612577518717e-19
"ENSG00000172572","PDE3A",-0.408907595754349,-9.57666485997006,1.09076576947002e-20,1.23669588375286e-19
"ENSG00000022267","FHL1",-0.440353846084759,-9.57615560411425,1.09562337832164e-20,1.23939296190231e-19
"ENSG00000161929","SCIMP",-0.48697888697897,-9.56540524449548,1.20331768673855e-20,1.35814637329407e-19
"ENSG00000182492","BGN",-0.312306378719718,-9.56434543224937,1.21448624328627e-20,1.36766468838544e-19
"ENSG00000109846","CRYAB",-0.44024986598383,-9.55625247132035,1.30322658605863e-20,1.46429953489733e-19
"ENSG00000153956","CACNA2D1",-0.412106162751358,-9.55384106065971,1.33088903206572e-20,1.49202806285395e-19
"ENSG00000136167","LCP1",-0.44630604902409,-9.53703116721035,1.54056638826609e-20,1.72322862222158e-19
"ENSG00000072952","MRVI1",-0.399558968799559,-9.53197394690577,1.60982513020895e-20,1.79667983282249e-19
"ENSG00000026751","SLAMF7",-0.4567000663198,-9.53104484852079,1.62288042817336e-20,1.8072165124425e-19
"ENSG00000185862","EVI2B",-0.480917261002637,-9.52819827351882,1.66353570146943e-20,1.84837300163269e-19
"ENSG00000077420","APBB1IP",-0.441815231439133,-9.52532086941358,1.70565640234572e-20,1.89097162122585e-19
"ENSG00000135925","WNT10A",-0.426699403485076,-9.52321540519464,1.73714477494241e-20,1.91995176098e-19
"ENSG00000269210","RP11-173C1.1",-0.698618686653602,-9.52306101495816,1.73947629544788e-20,1.91995176098e-19
"ENSG00000183918","SH2D1A",-0.636773776013526,-9.51798312287069,1.81791183069638e-20,2.00210554041451e-19
"ENSG00000144031","ANKRD53",-0.552381329461477,-9.51575308586818,1.85345565398385e-20,2.03676445492731e-19
"ENSG00000211933","IGHV6-1",-0.668547574666658,-9.50957364526972,1.95558435838682e-20,2.14428109472239e-19
"ENSG00000211973","IGHV1-69",-0.707278440763837,-9.50575516039354,2.02145923659991e-20,2.2116621844638e-19
"ENSG00000240671","IGKV1-8",-0.531667065807067,-9.50031733577861,2.11908036591034e-20,2.31340651300255e-19
"ENSG00000102802","MEDAG",-0.343171995872883,-9.49632764588097,2.19366034291508e-20,2.3896082166831e-19
"ENSG00000136244","IL6",-0.621370004441869,-9.49424835251529,2.23355352057282e-20,2.42777556584002e-19
"ENSG00000211659","IGLV3-25",-0.49566233138922,-9.49331587835311,2.25167648339656e-20,2.44216538329345e-19
"ENSG00000072694","FCGR2B",-0.428855532625719,-9.48907799479304,2.33589354860712e-20,2.52802332100337e-19
"ENSG00000112276","BVES",-0.402562703638297,-9.48414309094085,2.43790021707395e-20,2.63272161671053e-19
"ENSG00000263961","C1orf186",-0.459297795658549,-9.48342138947438,2.45318333189915e-20,2.64351652144305e-19
"ENSG00000117122","MFAP2",-0.320579825675542,-9.48243715037819,2.47417913216739e-20,2.66040766899719e-19
"ENSG00000211746","TRBV19",-0.540667138824237,-9.48081845219639,2.50909692897577e-20,2.69216408688387e-19
"ENSG00000211951","IGHV2-26",-0.662246832752381,-9.47707791189771,2.59166422692528e-20,2.77480109949174e-19
"ENSG00000136014","USP44",-0.596983249544942,-9.47415247602492,2.65810958844289e-20,2.83986067141335e-19
"ENSG00000227028","SLC8A1-AS1",-0.517385986064863,-9.47334138529736,2.67682875275928e-20,2.85376199654507e-19
"ENSG00000163235","TGFA",-0.480238225314006,-9.46992375240564,2.75714896636073e-20,2.9331371982561e-19
"ENSG00000175445","LPL",-0.500953587210309,-9.46529872718917,2.86965776663076e-20,3.04634582444879e-19
"ENSG00000211899","IGHM",-0.63124539085381,-9.45720719377612,3.07753394925231e-20,3.26009952251304e-19
"ENSG00000276649","RP5-858L17.1",-0.756519095673797,-9.45193734096282,3.22086874643419e-20,3.40472383343995e-19
"ENSG00000168824","D4S234E",-0.510958751017384,-9.44015596727134,3.56566237154581e-20,3.761247227369e-19
"ENSG00000187546","AGMO",-0.531648817612873,-9.43848399136392,3.61746865145567e-20,3.80786173837439e-19
"ENSG00000164949","GEM",-0.414569117111917,-9.43408564922287,3.75733840611963e-20,3.94678404004163e-19
"ENSG00000118322","ATP10B",-0.595170948305042,-9.42729001066304,3.98404172528091e-20,4.17614436612255e-19
"ENSG00000160539","PPAPDC3",-0.389659246894847,-9.42484253890876,4.06896475064293e-20,4.2562392789152e-19
"ENSG00000134762","DSC3",-0.55783865909856,-9.41075623159829,4.5937540648255e-20,4.79515038081994e-19
"ENSG00000180644","PRF1",-0.580098948426688,-9.40843553607127,4.6864215873408e-20,4.88168915348e-19
"ENSG00000166793","YPEL4",-0.407457369738246,-9.40255236076968,4.92971947398714e-20,5.12444851765815e-19
"ENSG00000163599","CTLA4",-0.592797070792063,-9.39687520360366,5.17634310058461e-20,5.36965051927864e-19
"ENSG00000135069","PSAT1",-0.74760830114248,-9.39523892611129,5.24966652404297e-20,5.43443739548962e-19
"ENSG00000178882","FAM101A",-0.512710671297635,-9.39070717064436,5.45815160566813e-20,5.63858636949187e-19
"ENSG00000128918","ALDH1A2",-0.55387203593701,-9.38955349546998,5.51252320502474e-20,5.68301361342757e-19
"ENSG00000157404","KIT",-0.593057391059112,-9.37015622150535,6.51129172139186e-20,6.69885979567064e-19
"ENSG00000126860","EVI2A",-0.431591452209897,-9.36684315398148,6.69895560827339e-20,6.87777783190287e-19
"ENSG00000132386","SERPINF1",-0.417394950777183,-9.35473357833453,7.43158528846855e-20,7.61432918900467e-19
"ENSG00000140090","SLC24A4",-0.458148834801515,-9.3486392079287,7.82976210266067e-20,8.00589172051193e-19
"ENSG00000154721","JAM2",-0.408390026025068,-9.34575273667703,8.02565143576068e-20,8.18944024057212e-19
"ENSG00000241294","IGKV2-24",-0.496856309439055,-9.33765538787299,8.60145213269647e-20,8.75911622474183e-19
"ENSG00000239855","IGKV1-6",-0.53871412555214,-9.33616460026508,8.71183450038262e-20,8.8534903459173e-19
"ENSG00000256124","LINC01152",-0.681011223415368,-9.32801577004604,9.34044969567957e-20,9.47307271367096e-19
"ENSG00000165443","PHYHIPL",-0.457891575895548,-9.32408778295993,9.65930089252374e-20,9.77662033656249e-19
"ENSG00000244437","IGKV3-15",-0.448092563797957,-9.31978625414084,1.0020845292103e-19,1.01220659516192e-18
"ENSG00000211592","IGKC",-0.537650747276193,-9.31599844464637,1.03502848108362e-19,1.04337548496332e-18
"ENSG00000166148","AVPR1A",-0.322449188781375,-9.31552486163002,1.03922209562433e-19,1.04549506602045e-18
"ENSG00000172005","MAL",-0.530028439816108,-9.31375088792053,1.05508083650833e-19,1.0593181089441e-18
"ENSG00000211942","IGHV3-13",-0.655830814479583,-9.30730398218483,1.11475796922924e-19,1.11699195313551e-18
"ENSG00000225698","IGHV3-72",-0.569017729911452,-9.30023293626244,1.18405997213686e-19,1.18405997213686e-18
"ENSG00000211952","IGHV4-28",-0.696020108838939,-9.29573180049947,1.23037910735175e-19,1.22792326083009e-18
"ENSG00000133106","EPSTI1",-0.55539869393365,-9.29504841154002,1.23756667364848e-19,1.23263612913196e-18
"ENSG00000240864","IGKV1-16",-0.485569839337149,-9.29264077787675,1.26322181956354e-19,1.25568769340312e-18
"ENSG00000177614","PGBD5",-0.560230117677645,-9.29203205708338,1.26979115048346e-19,1.25971344293994e-18
"ENSG00000134121","CHL1",-0.496239934887797,-9.29072296103399,1.28403374820603e-19,1.27132054277825e-18
"ENSG00000157168","NRG1",-0.57187907912364,-9.28799768002252,1.3141933299403e-19,1.29861000982243e-18
"ENSG00000116983","HPCAL4",-0.477944528497587,-9.28693506649799,1.32614195039358e-19,1.30783229821852e-18
"ENSG00000211625","IGKV3D-20",-0.583120683645203,-9.28520834891073,1.34578790827497e-19,1.32459439790844e-18
"ENSG00000118946","PCDH17",-0.288498508807722,-9.28407202356704,1.35887351493357e-19,1.33484628186009e-18
"ENSG00000170624","SGCD",-0.415482290127521,-9.27215546401175,1.50392050826894e-19,1.4744318708519e-18
"ENSG00000174788","PCP2",0.469544890271955,9.27133517093233,1.51445087557544e-19,1.48185017179593e-18
"ENSG00000169031","COL4A3",-0.627083801552784,-9.26742372087353,1.5656758885914e-19,1.52898035995254e-18
"ENSG00000188517","COL25A1",-0.490535941850194,-9.26641821648574,1.57911894742528e-19,1.53910228793887e-18
"ENSG00000149557","FEZ1",-0.336756775866854,-9.26185061294951,1.64163805214827e-19,1.5969241752415e-18
"ENSG00000164330","EBF1",-0.421126876181348,-9.25803384490796,1.69575460825778e-19,1.64636369733765e-18
"ENSG00000160791","CCR5",-0.446260072539839,-9.24883928468804,1.83348001104022e-19,1.77662791767463e-18
"ENSG00000211650","IGLV5-45",-0.627265308277771,-9.24630660160909,1.87332453917517e-19,1.8117258599373e-18
"ENSG00000211967","IGHV3-53",-0.585392969752026,-9.24149247596797,1.95143867015034e-19,1.88362805999068e-18
"ENSG00000077984","CST7",-0.478609992627665,-9.24111852715487,1.95763960980507e-19,1.88597264913783e-18
"ENSG00000099958","DERL3",-0.513161383471888,-9.22439656926622,2.25579993158282e-19,2.16903839575271e-18
"ENSG00000237523","LINC00857",-0.443483853314273,-9.22211779676225,2.29976700231232e-19,2.20707005980069e-18
"ENSG00000147883","CDKN2B",-0.39243773753371,-9.2214834415827,2.31215658597642e-19,2.21470937354063e-18
"ENSG00000102554","KLF5",-0.476338663503604,-9.21712680082459,2.39904951694027e-19,2.2935463833081e-18
"ENSG00000115956","PLEK",-0.470522709996009,-9.21054971929852,2.53638793362812e-19,2.42021749391997e-18
"ENSG00000154548","SRSF12",-0.719692970868847,-9.20450451421471,2.66946941293339e-19,2.54235182184132e-18
"ENSG00000110448","CD5",-0.570381355169427,-9.19353703380663,2.92879126144778e-19,2.78402211164238e-18
"ENSG00000106714","CNTNAP3",-0.670015441166091,-9.19328592831052,2.93501161333997e-19,2.78464099937379e-18
"ENSG00000137078","SIT1",-0.471871846723933,-9.18313735929462,3.19765890456217e-19,3.02808608386569e-18
"ENSG00000184985","SORCS2",-0.59261932978123,-9.18239270945437,3.21782210156728e-19,3.04141975573467e-18
"ENSG00000185634","SHC4",-0.690382736644793,-9.18088301003808,3.25908783587265e-19,3.07461116591759e-18
"ENSG00000170558","CDH2",-0.433555111746221,-9.17527208666891,3.41709791937241e-19,3.21760632709266e-18
"ENSG00000122122","SASH3",-0.436561504307822,-9.17255234177551,3.49639422835418e-19,3.28608480108475e-18
"ENSG00000211972","IGHV3-66",-0.648503997680281,-9.1693258939585,3.59282838145541e-19,3.37038309705011e-18
"ENSG00000122223","CD244",-0.4710659746287,-9.16719299828478,3.65801824420707e-19,3.42511071554969e-18
"ENSG00000132000","PODNL1",-0.474968631981362,-9.16293407362485,3.79171065802046e-19,3.54365482057987e-18
"ENSG00000119866","BCL11A",-0.712750911249257,-9.15435168482977,4.07598482378724e-19,3.80222464905526e-18
"ENSG00000171016","PYGO1",-0.426861858543265,-9.14621551559485,4.36491583194249e-19,4.06416744128724e-18
"ENSG00000211950","IGHV1-24",-0.559577587368712,-9.14589041736005,4.37687249023874e-19,4.06772536267541e-18
"ENSG00000005108","THSD7A",-0.403526965349005,-9.14499973343961,4.40979690554867e-19,4.09072069160359e-18
"ENSG00000211669","IGLV3-10",-0.559130627844779,-9.14074029098452,4.57066872088455e-19,4.23210066748569e-18
"ENSG00000121898","CPXM2",-0.367956502332634,-9.13944642048212,4.6206762446772e-19,4.27049560506211e-18
"ENSG00000158458","NRG2",-0.612194249755431,-9.13809582782458,4.67345366626804e-19,4.31130412017347e-18
"ENSG00000246223","LINC01550",-0.725477469127009,-9.135668689059,4.76980318429373e-19,4.39208396343806e-18
"ENSG00000166292","TMEM100",-0.493926536389075,-9.12294291589991,5.30807411706119e-19,4.87874459288712e-18
"ENSG00000181847","TIGIT",-0.561044745596913,-9.11006023360208,5.91416594524929e-19,5.42584031674247e-18
"ENSG00000279118","RP11-517I3.2",-0.366832064421895,-9.10312353672831,6.26838111340975e-19,5.74027574488072e-18
"ENSG00000166086","JAM3",-0.423022974701812,-9.09496150880487,6.71212450975406e-19,6.13539717527794e-18
"ENSG00000100628","ASB2",-0.421256592807978,-9.09141314722918,6.91460159388025e-19,6.30894306010971e-18
"ENSG00000184005","ST6GALNAC3",-0.455120074818609,-9.08316876444591,7.40867541001799e-19,6.74742751367759e-18
"ENSG00000094755","GABRP",-0.699111833527004,-9.07415588510624,7.98882841262541e-19,7.26257128420492e-18
"ENSG00000157680","DGKI",-0.370641134007886,-9.06806743598517,8.40595158827192e-19,7.62790525251535e-18
"ENSG00000141338","ABCA8",-0.52987774810103,-9.06083808749413,8.92929684259631e-19,8.08813119800391e-18
"ENSG00000248690","HAS2-AS1",-0.484359971732474,-9.06054075067301,8.95149834089996e-19,8.09357897007229e-18
"ENSG00000135914","HTR2B",-0.458703960863218,-9.05851238837572,9.10441580148986e-19,8.21698177029771e-18
"ENSG00000114948","ADAM23",-0.399726619033456,-9.05779930333738,9.15878675171938e-19,8.23910597461689e-18
"ENSG00000078098","FAP",-0.347368191429802,-9.05775878444582,9.16188584377398e-19,8.23910597461689e-18
"ENSG00000185905","C16orf54",-0.458226123385928,-9.05545490714561,9.33981545118747e-19,8.38056246442907e-18
"ENSG00000148541","FAM13C",-0.316244388494162,-9.05528966612183,9.35270771030285e-19,8.38056246442907e-18
"ENSG00000153976","HS3ST3A1",-0.411214508668815,-9.05040294080874,9.74203789287683e-19,8.71380849094529e-18
"ENSG00000235961","PNMA6A",-0.55034323347242,-9.04386078728421,1.02884648247666e-18,9.18612930782733e-18
"ENSG00000023171","GRAMD1B",-0.427998018217605,-9.04167909187137,1.04773469724375e-18,9.33809890591573e-18
"ENSG00000120280","CXorf21",-0.37858124816887,-9.03923043235107,1.06934302051173e-18,9.51372794049586e-18
"ENSG00000244116","IGKV2-28",-0.450523854667002,-9.0240194741789,1.2138007700869e-18,1.07797581712868e-17
"ENSG00000018236","CNTN1",-0.437510077826172,-9.02378584162211,1.21616379098347e-18,1.07815938916975e-17
"ENSG00000167208","SNX20",-0.475767976717872,-9.0185993045908,1.26980969535502e-18,1.12372539411949e-17
"ENSG00000163827","LRRC2",-0.497198672302839,-8.9977883351261,1.50963670250673e-18,1.33360132730276e-17
"ENSG00000114013","CD86",-0.384714240439066,-8.99516932616335,1.54282974346533e-18,1.3605200559659e-17
"ENSG00000177494","ZBED2",-0.440454419404701,-8.98830934736291,1.6332337297847e-18,1.43770574804991e-17
"ENSG00000171877","FRMD5",-0.400677151059144,-8.98338071545474,1.70140148980819e-18,1.49508039526203e-17
"ENSG00000154451","GBP5",-0.598186844124874,-8.97271177293361,1.8587525816795e-18,1.63048472077149e-17
"ENSG00000145777","TSLP",-0.744592769532219,-8.96974212724263,1.90505549429822e-18,1.66817468852734e-17
"ENSG00000266524","GDF10",-0.53312447834102,-8.96505689576412,1.98043830103338e-18,1.73115236104317e-17
"ENSG00000143851","PTPN7",-0.467152211267296,-8.9645312876211,1.98907697764674e-18,1.73566926496225e-17
"ENSG00000166741","NNMT",-0.276720970770453,-8.96351650478042,2.00586111524576e-18,1.74726577983081e-17
"ENSG00000185985","SLITRK2",-0.438304660066063,-8.9562359429202,2.13045727923419e-18,1.85257154716017e-17
"ENSG00000198796","ALPK2",-0.378099333377663,-8.94824699177845,2.27599691062231e-18,1.97569176269297e-17
"ENSG00000154856","APCDD1",-0.403315773316218,-8.94779162008913,2.28458272370377e-18,1.97970773284555e-17
"ENSG00000211955","IGHV3-33",-0.542040023505507,-8.94491106711273,2.33964131747493e-18,2.02266990583364e-17
"ENSG00000268027","AC006129.2",-0.53208558728906,-8.94477616491691,2.34225175095535e-18,2.02266990583364e-17
"ENSG00000122733","PHF24",-0.58732784317581,-8.9432752476798,2.37149039940815e-18,2.04438827535185e-17
"ENSG00000133019","CHRM3",-0.600855823387931,-8.94127731273159,2.41097203723733e-18,2.07484684788066e-17
"ENSG00000241158","ADAMTS9-AS1",-0.425498977347414,-8.93019198587511,2.64213640019553e-18,2.26987663247039e-17
"ENSG00000174348","PODN",-0.401886315235387,-8.9295723598512,2.65568563082444e-18,2.27760345696779e-17
"ENSG00000070808","CAMK2A",-0.3782932011767,-8.92883030774689,2.672002386376e-18,2.28767327600685e-17
"ENSG00000273275","RP11-474G23.2",-0.60746694606286,-8.92239177097209,2.81780450166874e-18,2.40837991595618e-17
"ENSG00000163508","EOMES",-0.614090873451767,-8.92115768922558,2.84663611736597e-18,2.42887040730885e-17
"ENSG00000081277","PKP1",-0.494909545876564,-8.91929653219272,2.89067069373135e-18,2.46224079534186e-17
"ENSG00000077616","NAALAD2",-0.424398469812927,-8.91116032868757,3.09121618566055e-18,2.62858519188822e-17
"ENSG00000172322","CLEC12A",-0.505724017089452,-8.90168374523314,3.34219883513451e-18,2.83718067498685e-17
"ENSG00000164692","COL1A2",-0.346968195380423,-8.89681281116901,3.47894039090177e-18,2.94825456856082e-17
"ENSG00000105371","ICAM4",-0.601016254444149,-8.89382998369516,3.56539371893392e-18,3.01640754562938e-17
"ENSG00000144847","IGSF11",-0.488607500713858,-8.89276626881204,3.59673527910069e-18,3.03778317491613e-17
"ENSG00000135324","MRAP2",-0.58259396278569,-8.88784820459931,3.74522121489651e-18,3.15785937175085e-17
"ENSG00000225783","MIAT",-0.482514106345691,-8.88624179360459,3.79502314031824e-18,3.1944639228268e-17
"ENSG00000123360","PDE1B",-0.380687003704625,-8.88602448321278,3.80181029119543e-18,3.19479856402977e-17
"ENSG00000270412","RP11-92C4.6",-0.3107232854159,-8.88285303433435,3.90223951423957e-18,3.27369086765064e-17
"ENSG00000162745","OLFML2B",-0.340137226682093,-8.87490251472841,4.16568582517955e-18,3.48884909981537e-17
"ENSG00000100336","APOL4",-0.478893668193059,-8.87468741136758,4.17305257452163e-18,3.48917439341273e-17
"ENSG00000218336","TENM3",-0.451654334355233,-8.87404515774968,4.19512489610631e-18,3.5017737029268e-17
"ENSG00000211789","TRAV12-2",-0.541904045231151,-8.86600126359511,4.48154404672984e-18,3.73462003894154e-17
"ENSG00000137699","TRIM29",-0.489244908045388,-8.86277584633086,4.60174897220089e-18,3.82841012662303e-17
"ENSG00000154678","PDE1C",-0.414963369415056,-8.86085709371121,4.67476390724541e-18,3.88269427512077e-17
"ENSG00000211677","IGLC2",-0.491119335866454,-8.86016524271977,4.70137120021392e-18,3.89831774478767e-17
"ENSG00000163823","CCR1",-0.438222244813105,-8.85968182825449,4.7200512398796e-18,3.9073271853308e-17
"ENSG00000231106","LINC01436",-0.494427391316064,-8.85463762261695,4.91940130307274e-18,4.06562091163036e-17
"ENSG00000197576","HOXA4",-0.292981215251869,-8.8463212420586,5.26640239551897e-18,4.33931816815875e-17
"ENSG00000139193","CD27",-0.540385610352486,-8.84628579007386,5.26793225614472e-18,4.33931816815875e-17
"ENSG00000243836","WDR86-AS1",-0.489238406401242,-8.84498092158777,5.32454809907123e-18,4.378740213052e-17
"ENSG00000211896","IGHG1",-0.553793625345802,-8.84256787924112,5.43083527691634e-18,4.45881385625315e-17
"ENSG00000243290","IGKV1-12",-0.611556550737123,-8.83776869288014,5.64849942122123e-18,4.62991755837806e-17
"ENSG00000211897","IGHG3",-0.491838661958418,-8.83701972212232,5.68323796928543e-18,4.65076756897335e-17
"ENSG00000103647","CORO2B",-0.359922641909494,-8.83680940933801,5.69303057047452e-18,4.65116876672755e-17
"ENSG00000171049","FPR2",-0.602836406394815,-8.82312782778982,6.36724483726575e-18,5.19351128651366e-17
"ENSG00000282304","RP11-1223D19.3",-0.68035492621774,-8.81848741773061,6.61339172272839e-18,5.38549814554429e-17
"ENSG00000011422","PLAUR",-0.404789677602263,-8.81669836953048,6.71078322159202e-18,5.4559213183675e-17
"ENSG00000211895","IGHA1",-0.497228133212934,-8.81260641006816,6.93890311613047e-18,5.6322265553007e-17
"ENSG00000225194","LINC00092",-0.852433496917846,-8.81072670488953,7.04624749369385e-18,5.7100871099626e-17
"ENSG00000203727","SAMD5",-0.461516668293087,-8.791550536435,8.23962981305765e-18,6.666367162668e-17
"ENSG00000188060","RAB42",-0.355070364712755,-8.778722208139,9.14739713645698e-18,7.38885067565184e-17
"ENSG00000139220","PPFIA2",-0.369458712757496,-8.77602913142298,9.35017020461917e-18,7.54045984243481e-17
"ENSG00000153253","SCN3A",-0.534575227103443,-8.76293086099316,1.04015428684697e-17,8.37483322743129e-17
"ENSG00000277758","ABC7-42404400C24.1",-0.563817339376219,-8.76135463622776,1.05356915747544e-17,8.46920544594408e-17
"ENSG00000165457","FOLR2",-0.447204426592632,-8.75893007203734,1.07453865868171e-17,8.62390576791103e-17
"ENSG00000154917","RAB6B",-0.542566994606245,-8.75264906771587,1.13080006147545e-17,9.06089792848917e-17
"ENSG00000167723","TRPV3",-0.645033905078119,-8.73633214250235,1.29093174714204e-17,1.03274539771364e-16
"ENSG00000211670","IGLV3-9",-0.631898725919581,-8.72920364695957,1.36774177888955e-17,1.09244551029517e-16
"ENSG00000172548","NIPAL4",-0.505656715176901,-8.72638636326239,1.3993287331386e-17,1.11589213168947e-16
"ENSG00000163564","PYHIN1",-0.533791141686631,-8.72326946852149,1.43511557054864e-17,1.1426079383349e-16
"ENSG00000116824","CD2",-0.45436522760015,-8.72183444040749,1.45189466419156e-17,1.15412930380887e-16
"ENSG00000265763","ZNF488",-0.503897610357646,-8.71965606070358,1.47773672547352e-17,1.17280692497898e-16
"ENSG00000167748","KLK1",-0.44712061492384,-8.71765860270657,1.50183185537076e-17,1.1900410898342e-16
"ENSG00000081985","IL12RB2",-0.822654643620314,-8.71259583532004,1.56465706508164e-17,1.23786160212155e-16
"ENSG00000137809","ITGA11",-0.523096204571302,-8.70794278201992,1.62468553114152e-17,1.28332190453517e-16
"ENSG00000255090","MIR100HG",-0.672988473527091,-8.70675499361392,1.64037028774161e-17,1.29366741935459e-16
"ENSG00000129226","CD68",-0.374379744123962,-8.69851705494284,1.7533485644688e-17,1.38058942084158e-16
"ENSG00000164099","PRSS12",-0.5740865603298,-8.68845303415947,1.90185132289485e-17,1.4951661343513e-16
"ENSG00000144407","PTH2R",-0.41677820910828,-8.68340074821837,1.98102228928674e-17,1.55496255046055e-16
"ENSG00000078549","ADCYAP1R1",-0.337156383215569,-8.67679872373353,2.08940582991118e-17,1.63746538394293e-16
"ENSG00000211976","IGHV3-73",-0.574430922217371,-8.67202233516701,2.1714525182024e-17,1.69762486343795e-16
"ENSG00000146285","SCML4",-0.615365634287316,-8.67193626525026,2.17295982520057e-17,1.69762486343795e-16
"ENSG00000157399","ARSE",-0.350371808457706,-8.67093585246774,2.1905556916858e-17,1.70870178758642e-16
"ENSG00000183421","RIPK4",-0.333157128531653,-8.66609659914833,2.27767973697505e-17,1.7738938761488e-16
"ENSG00000270547","LINC01235",-0.381921073823003,-8.65982814245161,2.39564309618605e-17,1.86286399392383e-16
"ENSG00000172137","CALB2",-0.43728865955879,-8.65437679415516,2.5031251021717e-17,1.94342011038176e-16
"ENSG00000105369","CD79A",-0.560377144696085,-8.65177982187857,2.55599117123951e-17,1.98138850483683e-16
"ENSG00000144057","ST6GAL2",-0.382656389578664,-8.65122199574998,2.5674899013737e-17,1.98535737233661e-16
"ENSG00000272168","CASC15",-0.419837530041129,-8.65114638455092,2.56905243980357e-17,1.98535737233661e-16
"ENSG00000174899","PQLC2L",-0.409353527886006,-8.64956040455797,2.60204487767027e-17,2.00775067721471e-16
"ENSG00000160808","MYL3",-0.478008857661163,-8.64287846213624,2.7457065369042e-17,2.11533631502635e-16
"ENSG00000182263","FIGN",-0.530722136991838,-8.64146490568874,2.77708804362178e-17,2.13622157201675e-16
"ENSG00000054219","LY75",-0.493665900490403,-8.63658045295291,2.88827813512965e-17,2.21833958151279e-16
"ENSG00000058335","RASGRF1",-0.436116884841242,-8.63458001257843,2.93507609692578e-17,2.25082522770382e-16
"ENSG00000187260","WDR86",-0.478418105546545,-8.62343015661879,3.20997545779944e-17,2.45786788499191e-16
"ENSG00000182253","SYNM",-0.494014101387674,-8.620981480734,3.2736737461514e-17,2.50280867442768e-16
"ENSG00000233682","RP11-13P5.2",-0.369412432127864,-8.62067344396261,3.28177475832764e-17,2.50517157124247e-16
"ENSG00000177822","AC108142.1",-0.480637576150787,-8.61665864277139,3.38918882512769e-17,2.58322318988391e-16
"ENSG00000187116","LILRA5",-0.368126761447752,-8.61497136561454,3.43536130471963e-17,2.61443021668161e-16
"ENSG00000101230","ISM1",-0.400708907489936,-8.61381015058353,3.46749862178228e-17,2.63487737217499e-16
"ENSG00000174946","GPR171",-0.595036815260233,-8.61025892396871,3.56763594814456e-17,2.70685580284109e-16
"ENSG00000211445","GPX3",-0.366021002891366,-8.6023987162992,3.7995531584268e-17,2.87844936244454e-16
"ENSG00000106006","HOXA6",-0.455371415825617,-8.60197261436568,3.81254252709463e-17,2.88392021716689e-16
"ENSG00000038295","TLL1",-0.444249225336348,-8.597326809296,3.95704507843953e-17,2.98870474202381e-16
"ENSG00000240764","PCDHGC5",-0.456086945113408,-8.59650844886749,3.98305406761741e-17,3.00381151404028e-16
"ENSG00000090530","P3H2",-0.348227803517217,-8.59322139723857,4.0892354512039e-17,3.07924356265354e-16
"ENSG00000226197","RP11-536O18.1",-0.483316968537904,-8.57730191902062,4.64438853754761e-17,3.49202145680271e-16
"ENSG00000108821","COL1A1",-0.343176017948664,-8.5767852466167,4.66360209238096e-17,3.50120277205778e-16
"ENSG00000102359","SRPX2",-0.312507476787136,-8.57376385504796,4.7775417220691e-17,3.58136560874745e-16
"ENSG00000198851","CD3E",-0.488292933407048,-8.5718368011154,4.85164496436776e-17,3.63147078171239e-16
"ENSG00000188763","FZD9",-0.758978308136264,-8.56936885807651,4.94820832513554e-17,3.6982125001013e-16
"ENSG00000116194","ANGPTL1",-0.408548317648039,-8.56895268450909,4.96467805532628e-17,3.70498362337782e-16
"ENSG00000106952","TNFSF8",-0.362132580766639,-8.56693542528519,5.04528021399398e-17,3.75952325930997e-16
"ENSG00000181374","CCL13",-0.479638400444961,-8.56673954263473,5.05317548944554e-17,3.75980319155174e-16
"ENSG00000184347","SLIT3",-0.344317462669893,-8.55946240489025,5.35530142631014e-17,3.97867862281585e-16
"ENSG00000147168","IL2RG",-0.470933210307766,-8.55871554634369,5.38730092507626e-17,3.99651403937408e-16
"ENSG00000196735","HLA-DQA1",-0.426861133579064,-8.55480321812848,5.55803871918598e-17,4.11706571791554e-16
"ENSG00000198910","L1CAM",-0.537845430853553,-8.55346967424684,5.61744901140194e-17,4.15491790784167e-16
"ENSG00000186007","LEMD1",-0.691503834932159,-8.55042239382298,5.75557276450034e-17,4.25079229283629e-16
"ENSG00000077274","CAPN6",-0.603112627471754,-8.54889871859229,5.82588928627399e-17,4.29637852970059e-16
"ENSG00000115252","PDE1A",-0.312686812363484,-8.54856944691722,5.84119611064634e-17,4.30132261461439e-16
"ENSG00000211655","IGLV1-36",-0.657437740505687,-8.54808259055256,5.86390140106541e-17,4.31169220666574e-16
"ENSG00000211675","IGLC1",-0.444580379701756,-8.54717857264365,5.90629319018807e-17,4.336485455351e-16
"ENSG00000268104","SLC6A14",-0.569921996369702,-8.53828977747898,6.33957601193704e-17,4.64778299995384e-16
"ENSG00000136928","GABBR2",-0.696717785803358,-8.53758222138576,6.37538535269016e-17,4.66719279113482e-16
"ENSG00000107562","CXCL12",-0.385740244761579,-8.53658861683655,6.42600917086922e-17,4.6973751249044e-16
"ENSG00000134817","APLNR",-0.286885473869223,-8.53036073750463,6.75248708849604e-17,4.92882269233287e-16
"ENSG00000102243","VGLL1",-0.674347404594501,-8.52866955001666,6.84393679568297e-17,4.98829212513336e-16
"ENSG00000160013","PTGIR",-0.314475789127008,-8.52364933235018,7.12267015479712e-17,5.18389385356414e-16
"ENSG00000136383","ALPK3",-0.332755013115542,-8.52230188514338,7.19937336941993e-17,5.23210273940402e-16
"ENSG00000196218","RYR1",-0.538307715574326,-8.51117913264913,7.86450643924715e-17,5.70718899800228e-16
"ENSG00000211788","TRAV13-1",-0.541523461931038,-8.50165058890749,8.48233178093829e-17,6.14661723256398e-16
"ENSG00000105609","LILRB5",-0.467277370270988,-8.5006581264915,8.54937629897566e-17,6.18623465917197e-16
"ENSG00000246100","LINC00900",-0.320978773382836,-8.49349610711034,9.04896643047473e-17,6.53827054225053e-16
"ENSG00000127241","MASP1",-0.543820771318053,-8.49217147974931,9.14447689499682e-17,6.59774667748689e-16
"ENSG00000211652","IGLV7-43",-0.524240253050427,-8.48864017866714,9.40399008476058e-17,6.77520899478428e-16
"ENSG00000174607","UGT8",-0.545879100802138,-8.48805393847551,9.44777109795977e-17,6.79695762443149e-16
"ENSG00000154258","ABCA9",-0.439224714079876,-8.487863188925,9.46205983804948e-17,6.79745678020796e-16
"ENSG00000168079","SCARA5",-0.550307618755206,-8.48708860907828,9.52030203865042e-17,6.82948496316386e-16
"ENSG00000143028","SYPL2",-0.289950957387152,-8.4699193101512,1.09061841642356e-16,7.80397535243354e-16
"ENSG00000172116","CD8B",-0.536306078076906,-8.46987557156906,1.09099575427021e-16,7.80397535243354e-16
"ENSG00000170276","HSPB2",-0.305444588179368,-8.46874949950796,1.10075503294464e-16,7.86253594960455e-16
"ENSG00000164379","FOXQ1",-0.42215418677389,-8.46655165788572,1.12005203900527e-16,7.98895890873943e-16
"ENSG00000125657","TNFSF9",-0.416881598596958,-8.46491745711224,1.13461653509141e-16,8.08131435250292e-16
"ENSG00000104055","TGM5",-0.535648572889188,-8.46247879665728,1.15669916907075e-16,8.22687886963551e-16
"ENSG00000136842","TMOD1",-0.475079414313016,-8.46146186161856,1.16603269177662e-16,8.28148218591349e-16
"ENSG00000245164","LINC00861",-0.635363751519508,-8.44628060600475,1.31454292398848e-16,9.32299946091124e-16
"ENSG00000132514","CLEC10A",-0.588269269377565,-8.43547257614826,1.43150970272336e-16,1.01381706991739e-15
"ENSG00000109625","CPZ",-0.339007940350372,-8.43082067945215,1.48496420044951e-16,1.05018684614534e-15
"ENSG00000269404","SPIB",-0.559656351839374,-8.42826247570313,1.51519556312281e-16,1.07005336378729e-15
"ENSG00000211658","IGLV3-27",-0.634832870148539,-8.42731065299521,1.5265981332153e-16,1.07658542539866e-15
"ENSG00000101333","PLCB4",-0.470130774792764,-8.42444457236248,1.5614472809327e-16,1.09961076122021e-15
"ENSG00000113396","SLC27A6",-0.496977646883581,-8.41181594896357,1.72459605796556e-16,1.21279610264807e-15
"ENSG00000211938","IGHV3-7",-0.504271871458296,-8.41139048236025,1.73037629749743e-16,1.21515189430999e-15
"ENSG00000106565","TMEM176B",-0.416303834909784,-8.41074944554604,1.73912134776145e-16,1.219580187771e-15
"ENSG00000078399","HOXA9",-0.307589357360793,-8.40390201831904,1.83530115361244e-16,1.2852248974877e-15
"ENSG00000173698","ADGRG2",-0.49287371723492,-8.40303569088934,1.84783807437871e-16,1.29219445760749e-15
"ENSG00000113578","FGF1",-0.297164045427722,-8.39365718154496,1.98909080854254e-16,1.38902989423362e-15
"ENSG00000113749","HRH2",-0.465717959186097,-8.39251891283733,2.00694434085794e-16,1.39954277605156e-15
"ENSG00000185904","LINC00839",-0.502925090505696,-8.38563412848361,2.11835405061304e-16,1.47517691546869e-15
"ENSG00000135917","SLC19A3",-0.62798199218751,-8.37860845054757,2.238338023361e-16,1.55656329858206e-15
"ENSG00000139209","SLC38A4",-0.487353473992005,-8.37241587849321,2.34964306570009e-16,1.63169657340284e-15
"ENSG00000214274","ANG",0.363973016697563,8.37200706479899,2.35718044059182e-16,1.63466049971694e-15
"ENSG00000180061","TMEM150B",-0.385998398065962,-8.36639191170132,2.46315658618951e-16,1.70578710954952e-15
"ENSG00000149591","TAGLN",-0.341546813986688,-8.36325462343926,2.52440200014891e-16,1.74578284934226e-15
"ENSG00000186074","CD300LF",-0.316696145618989,-8.36023846711159,2.58469963227145e-16,1.78501355819851e-15
"ENSG00000064692","SNCAIP",-0.403051492026693,-8.35699544309558,2.65111985309873e-16,1.82835851937843e-15
"ENSG00000048462","TNFRSF17",-0.556151978311959,-8.355171126349,2.68922141214541e-16,1.8520808623591e-15
"ENSG00000168453","HR",-0.454632362836771,-8.35393605398862,2.71532281094582e-16,1.86748473930249e-15
"ENSG00000197083","ZNF300P1",-0.381327223371781,-8.34904174156056,2.82123938689081e-16,1.93766441407336e-15
"ENSG00000181634","TNFSF15",-0.393643414679959,-8.34805435764184,2.84309648656929e-16,1.94999759023957e-15
"ENSG00000153563","CD8A",-0.503259308507742,-8.34380362601103,2.93911739651446e-16,2.01309410720169e-15
"ENSG00000186081","KRT5",-0.470024058739603,-8.34131412575838,2.99683294273331e-16,2.04981733429091e-15
"ENSG00000151617","EDNRA",-0.316243704683873,-8.34049433133958,3.01608255502434e-16,2.06016567966143e-15
"ENSG00000276980","CTD-3128G10.7",-0.398198243971386,-8.33975145967983,3.03363135624196e-16,2.06932561817323e-15
"ENSG00000198829","SUCNR1",-0.377625548623283,-8.33472106536279,3.15514576631075e-16,2.14928185715991e-15
"ENSG00000145936","KCNMB1",-0.381991419128065,-8.33279720207881,3.20287850466202e-16,2.17882891473607e-15
"ENSG00000122592","HOXA7",-0.304141468833345,-8.32594725885049,3.37869261454268e-16,2.29530748270562e-15
"ENSG00000160255","ITGB2",-0.412856611250446,-8.31800178767256,3.59458721778075e-16,2.43866161314841e-15
"ENSG00000078018","MAP2",-0.387554741599728,-8.3150454197156,3.67834772461814e-16,2.49210550448384e-15
"ENSG00000187955","COL14A1",-0.447623483483375,-8.30929808575432,3.84673485907888e-16,2.60266228625093e-15
"ENSG00000158859","ADAMTS4",-0.331071213128888,-8.29973207135879,4.14403437043435e-16,2.80002322326646e-15
"ENSG00000106178","CCL24",-0.637503573916217,-8.29801031135757,4.19990322802022e-16,2.83394279893402e-15
"ENSG00000241684","ADAMTS9-AS2",-0.413155203322147,-8.29709530308323,4.22989598352893e-16,2.85033422070682e-15
"ENSG00000103710","RASL12",-0.270658130081677,-8.28332758291761,4.70755947678198e-16,3.16794042852085e-15
"ENSG00000265107","GJA5",-0.277676621641711,-8.2802092839797,4.82293361030046e-16,3.24121882412666e-15
"ENSG00000259207","ITGB3",-0.380971667484465,-8.27863872070031,4.88209555014653e-16,3.27657419472922e-15
"ENSG00000225492","GBP1P1",-0.571544364910551,-8.27682903418011,4.95115385213899e-16,3.31846772931568e-15
"ENSG00000242534","IGKV2D-28",-0.677553605575106,-8.27244276484748,5.12256224834087e-16,3.42875652499389e-15
"ENSG00000077942","FBLN1",-0.302152188706739,-8.27176418771753,5.14959808028119e-16,3.44224470607031e-15
"ENSG00000168309","FAM107A",-0.389559083057889,-8.26658083040664,5.36081349098316e-16,3.57864719024243e-15
"ENSG00000027869","SH2D2A",-0.512893714870803,-8.25876829760503,5.695423584066e-16,3.796949056044e-15
"ENSG00000125735","TNFSF14",-0.455085711687777,-8.25406916079369,5.90653089876792e-16,3.93244400716906e-15
"ENSG00000169116","PARM1",-0.377240955939378,-8.2520738137292,5.99849050672925e-16,3.988358049687e-15
"ENSG00000233429","HOTAIRM1",-0.368724383769798,-8.24757766529619,6.2109166572894e-16,4.1241146462745e-15
"ENSG00000136531","SCN2A",-0.473777908702769,-8.23893248640707,6.64044642039217e-16,4.4034790586155e-15
"ENSG00000223350","IGLV9-49",-0.624307748974312,-8.2368265132542,6.74944454492537e-16,4.46983082445389e-15
"ENSG00000110848","CD69",-0.454395590994028,-8.23662275341286,6.76008370452947e-16,4.47095483103801e-15
"ENSG00000172201","ID4",-0.433195659630134,-8.234531390263,6.87024400839704e-16,4.53780978097559e-15
"ENSG00000261295","RP11-524D16__A.3",-0.326581657135249,-8.23242572921666,6.98294726016866e-16,4.60616573889753e-15
"ENSG00000102678","FGF9",-0.640906667822192,-8.2283995377913,7.20354911002577e-16,4.74069132806872e-15
"ENSG00000180438","TPRXL",-0.552174196294297,-8.22835817420138,7.20585081866445e-16,4.74069132806872e-15
"ENSG00000106976","DNM1",-0.352634537005162,-8.22790064860256,7.23135865355847e-16,4.75122119156273e-15
"ENSG00000189056","RELN",-0.558040103832424,-8.22239300338462,7.54550243340291e-16,4.95111708228537e-15
"ENSG00000064655","EYA2",-0.395819161360348,-8.21649622171474,7.89677913078366e-16,5.174822497237e-15
"ENSG00000153707","PTPRD",-0.412228370544554,-8.21218129481417,8.16400319185791e-16,5.34293402608502e-15
"ENSG00000146122","DAAM2",-0.287127755408493,-8.21021618225056,8.28864208749784e-16,5.41741312908355e-15
"ENSG00000281406","BLACAT1",-0.6162249654387,-8.20871394410231,8.3851876880792e-16,5.47336010971227e-15
"ENSG00000156103","MMP16",-0.425211184555197,-8.20195818843949,8.83326524380437e-16,5.75832154094157e-15
"ENSG00000142512","SIGLEC10",-0.383959956234598,-8.20124197188728,8.88213209829587e-16,5.78263808482804e-15
"ENSG00000145287","PLAC8",-0.481528291490826,-8.19871857184876,9.05643707464763e-16,5.88845063371107e-15
"ENSG00000196664","TLR7",-0.376674139416167,-8.19818674639033,9.09360163028524e-16,5.90493612356184e-15
"ENSG00000154493","C10orf90",-0.53556624252795,-8.18836755749892,9.80745995851791e-16,6.36022046596492e-15
"ENSG00000171812","COL8A2",-0.468254721909361,-8.18760169305557,9.86540868275493e-16,6.38951339556666e-15
"ENSG00000101307","SIRPB1",-0.497472342487078,-8.18079386579747,1.03955971492755e-15,6.72418961790139e-15
"ENSG00000198286","CARD11",-0.415159357511578,-8.1802311173349,1.04406613850371e-15,6.74461329782761e-15
"ENSG00000244255","XXbac-BPG116M5.17",-0.582370016742941,-8.17836327375813,1.05916224346461e-15,6.83330479654585e-15
"ENSG00000088320","REM1",-0.303748525178601,-8.16985686081787,1.13068155671955e-15,7.28531930876001e-15
"ENSG00000111796","KLRB1",-0.475226680335103,-8.16792091119265,1.14761265827994e-15,7.38489484092624e-15
"ENSG00000144278","GALNT13",-0.439360429672585,-8.16561197065146,1.16813318631347e-15,7.50728268838989e-15
"ENSG00000187957","DNER",-0.557228727792476,-8.16276797268127,1.19390723101371e-15,7.66307593718683e-15
"ENSG00000162511","LAPTM5",-0.328068454180147,-8.1601010063829,1.21858641589136e-15,7.81145138391896e-15
"ENSG00000170370","EMX2",-0.248484656696896,-8.15843942637288,1.23421591821164e-15,7.90151035986967e-15
"ENSG00000138759","FRAS1",-0.469054344794676,-8.1562449806166,1.25516127853818e-15,8.02532786789121e-15
"ENSG00000106366","SERPINE1",-0.358491041962967,-8.15541761895991,1.26314893360673e-15,8.06608514435972e-15
"ENSG00000003096","KLHL13",-0.566503206509978,-8.15495903066381,1.26759789982366e-15,8.08417027948765e-15
"ENSG00000106004","HOXA5",-0.292085563799903,-8.15404566189993,1.27650500936209e-15,8.12964277735878e-15
"ENSG00000019991","HGF",-0.433786227869201,-8.15389503384524,1.2779798446008e-15,8.12964277735878e-15
"ENSG00000162747","FCGR3B",-0.482610126415455,-8.14953279155753,1.32142876993252e-15,8.3953543197746e-15
"ENSG00000062038","CDH3",-0.36084279425624,-8.14310639755875,1.3881051653245e-15,8.8077738916529e-15
"ENSG00000122861","PLAU",-0.397420416510377,-8.13801539699987,1.4432735741917e-15,9.14622036876868e-15
"ENSG00000154529","CNTNAP3B",-0.555282404596491,-8.13740761743908,1.45000262776224e-15,9.17723182127999e-15
"ENSG00000104888","SLC17A7",-0.351275711951845,-8.13305042688688,1.49915836071589e-15,9.47634867709159e-15
"ENSG00000110076","NRXN2",-0.373527224909239,-8.12813073278704,1.556638277403e-15,9.82726185229167e-15
"ENSG00000169594","BNC1",-0.440582110696531,-8.12595484607229,1.58274903183391e-15,9.97950209226931e-15
"ENSG00000276775","IGHV4-4",-0.642239974156226,-8.12403768233062,1.60611291693539e-15,1.01140611897695e-14
"ENSG00000186810","CXCR3",-0.376338301405124,-8.12310188788179,1.61764042235395e-15,1.01738391343016e-14
"ENSG00000278030","TRBV7-9",-0.519182231003916,-8.12095508730249,1.64439496129138e-15,1.03291140784635e-14
"ENSG00000230838","AC093850.2",-0.278063328079698,-8.12026775099568,1.6530528190669e-15,1.03704693793407e-14
"ENSG00000141750","STAC2",-0.69149532218026,-8.11151538840995,1.767312164936e-15,1.10733844920802e-14
"ENSG00000153064","BANK1",-0.529325215451345,-8.10974002947501,1.79142220136301e-15,1.12104017607197e-14
"ENSG00000041982","TNC",-0.392346829267518,-8.10712565911011,1.82751825890633e-15,1.14219891181646e-14
"ENSG00000254835","RNF185-AS1",-0.448800979030542,-8.10647617578486,1.8365962452718e-15,1.14643960379014e-14
"ENSG00000259363","CTD-2054N24.2",-0.594134360958075,-8.1062962524227,1.83911893797472e-15,1.14658287903661e-14
"ENSG00000251039","IGKV2D-40",-0.718909067264392,-8.10505293959595,1.85664502160162e-15,1.15606788393625e-14
"ENSG00000171631","P2RY6",-0.388981805511567,-8.10327538300921,1.88198850299964e-15,1.1703908600744e-14
"ENSG00000225472","RP11-120J1.1",-0.632904043257777,-8.10304381849503,1.88531505718768e-15,1.17100314111036e-14
"ENSG00000205683","DPF3",-0.530033988062705,-8.10268112611406,1.89053699929592e-15,1.17278970179648e-14
"ENSG00000183960","KCNH8",-0.627360290649153,-8.09640416476817,1.98320484371096e-15,1.22875145211336e-14
"ENSG00000117091","CD48",-0.374667869504539,-8.09609863116929,1.98782810175175e-15,1.23009164712361e-14
"ENSG00000281103","TRG-AS1",-0.443132911517996,-8.09182478516168,2.05362452408621e-15,1.26923641785304e-14
"ENSG00000213131","YWHAZP4",-0.231516417976945,-8.08997132403162,2.08282245419232e-15,1.28569287295822e-14
"ENSG00000087085","ACHE",-0.52133606061571,-8.08693343881098,2.13156704350081e-15,1.31415970622738e-14
"ENSG00000140459","CYP11A1",-0.398434424284967,-8.08593250556767,2.1478727641586e-15,1.32258175132918e-14
"ENSG00000185565","LSAMP",-0.40764794718791,-8.08012846265737,2.24487806240266e-15,1.38061381451578e-14
"ENSG00000276566","IGKV1D-13",-0.678929523776649,-8.07826145703876,2.27699134565279e-15,1.39864333271056e-14
"ENSG00000197471","SPN",-0.381022656933061,-8.07721638113222,2.29516449462048e-15,1.40807637706778e-14
"ENSG00000117152","RGS4",-0.360153914557233,-8.07335523215275,2.36355669128644e-15,1.44677043128485e-14
"ENSG00000117115","PADI2",-0.509674445911174,-8.07332929278881,2.36402288471945e-15,1.44677043128485e-14
"ENSG00000085276","MECOM",-0.294554047871425,-8.07024498055656,2.4201070369304e-15,1.47928302990856e-14
"ENSG00000068831","RASGRP2",-0.392589351649296,-8.06702092398442,2.48013543988339e-15,1.51406546904819e-14
"ENSG00000167656","LY6D",-0.586923406713726,-8.06686543181706,2.48306736923902e-15,1.51406546904819e-14
"ENSG00000163734","CXCL3",-0.588060022721653,-8.0623300299888,2.57010670436661e-15,1.56522941800646e-14
"ENSG00000138755","CXCL9",-0.429136332882813,-8.05338595177773,2.75066667968569e-15,1.67315491465066e-14
"ENSG00000144596","GRIP2",-0.367272003882068,-8.05117263745838,2.79724581328816e-15,1.69942029968904e-14
"ENSG00000144908","ALDH1L1",-0.447588620198542,-8.04815279798647,2.86205547101146e-15,1.73668414503123e-14
"ENSG00000092853","CLSPN",-0.34157764098264,-8.04648092979239,2.8985706242635e-15,1.7567094692506e-14
"ENSG00000035720","STAP1",-0.405758261078652,-8.04456232369243,2.94104129575299e-15,1.78029134125484e-14
"ENSG00000107317","PTGDS",-0.433583946200533,-8.03884493096917,3.07127645727828e-15,1.856878148294e-14
"ENSG00000211632","IGKV3D-11",-0.55016800179133,-8.03794623662667,3.0922585321272e-15,1.86730587688841e-14
"ENSG00000237187","NR2F1-AS1",-0.299102368624073,-8.02604590263653,3.38379832123936e-15,2.04089162921553e-14
"ENSG00000169184","MN1",-0.443663318250936,-8.02575112034798,3.39135391605178e-15,2.04298428677818e-14
"ENSG00000083067","TRPM3",-0.528838408566943,-8.02516967451333,3.40630582812693e-15,2.04952215892114e-14
"ENSG00000112299","VNN1",-0.347426765086526,-8.02426329276411,3.42974325928549e-15,2.0611437856283e-14
"ENSG00000126878","AIF1L",-0.445620050789593,-8.02276645895776,3.46879745196093e-15,2.08211131570284e-14
"ENSG00000138829","FBN2",-0.447195873746432,-8.02254225833065,3.47468476233562e-15,2.08314434192783e-14
"ENSG00000157087","ATP2B2",-0.462671904565394,-8.01879019073552,3.57468603998606e-15,2.14053056286591e-14
"ENSG00000235946","LL0XNC01-240C2.1",-0.601446200800415,-8.00497926914282,3.96784221174945e-15,2.37311137066355e-14
"ENSG00000141448","GATA6",-0.285721743740225,-7.99847646297959,4.16743671931365e-15,2.48950819552787e-14
"ENSG00000172733","PURG",-0.393470513078852,-7.99818614525077,4.17657486028805e-15,2.49198977344156e-14
"ENSG00000186832","KRT16",-0.451180660704781,-7.99643405350068,4.23214532132732e-15,2.52213666348469e-14
"ENSG00000128342","LIF",-0.397383893975667,-7.99531334782998,4.26807206763249e-15,2.54051908787648e-14
"ENSG00000204287","HLA-DRA",-0.356083022503271,-7.99184712562388,4.38110420703646e-15,2.604699290747e-14
"ENSG00000038945","MSR1",-0.360352845367767,-7.98831696925909,4.49925500820166e-15,2.67176663194873e-14
"ENSG00000176049","JAKMIP2",-0.362450530364497,-7.98718103436389,4.53793772177916e-15,2.69154076024861e-14
"ENSG00000121005","CRISPLD1",-0.544401649251937,-7.98690793748159,4.54728646118327e-15,2.69389008363938e-14
"ENSG00000106123","EPHB6",-0.52313436512157,-7.97465587988235,4.98682760652018e-15,2.95078556598827e-14
"ENSG00000166482","MFAP4",-0.447568547447586,-7.96848970014326,5.2236296520611e-15,3.087251567412e-14
"ENSG00000007171","NOS2",-0.320839939107935,-7.96677915445657,5.29126244287811e-15,3.12353154833418e-14
"ENSG00000141639","MAPK4",-0.623956752898495,-7.95399882324687,5.82465826815717e-15,3.4343503939606e-14
"ENSG00000269190","FBXO17",-0.342227063456515,-7.95342236874045,5.84992789796736e-15,3.44518721906205e-14
"ENSG00000198838","RYR3",-0.459938562287069,-7.94732298344559,6.12401524860049e-15,3.60236191094147e-14
"ENSG00000244482","LILRA6",-0.448281086479404,-7.94627338985611,6.17244121182614e-15,3.62658120553827e-14
"ENSG00000108001","EBF3",-0.337176885965513,-7.94216342177122,6.36572719475014e-15,3.73575539598013e-14
"ENSG00000174807","CD248",-0.295196761225545,-7.93064435343313,6.93982735803545e-15,4.06789411373708e-14
"ENSG00000115884","SDC1",-0.242541106793197,-7.93008167803635,6.96914199164723e-15,4.08029390611664e-14
"ENSG00000105270","CLIP3",-0.287286460677177,-7.92891921519539,7.03009197333037e-15,4.11116489668442e-14
"ENSG00000072041","SLC6A15",-0.638853357042073,-7.92448760489445,7.26730819850802e-15,4.24492301314721e-14
"ENSG00000205795","CYS1",-0.345781259986889,-7.92336244928576,7.32878136534926e-15,4.27583510230412e-14
"ENSG00000211611","IGKV6-21",-0.568679302708452,-7.9229103979711,7.35362342653152e-15,4.28532833713958e-14
"ENSG00000129048","ACKR4",-0.414826763309935,-7.91628431616904,7.72742502673307e-15,4.49791910752798e-14
"ENSG00000109265","KIAA1211",-0.428193950599172,-7.90930902435782,8.14117120334471e-15,4.73323907171204e-14
"ENSG00000105289","TJP3",0.226904686050481,7.90788570619206,8.22824165818524e-15,4.77830526027017e-14
"ENSG00000017483","SLC38A5",-0.450441774191313,-7.9066507555458,8.30453231408618e-15,4.81701410329825e-14
"ENSG00000106538","RARRES2",-0.3170103121303,-7.90582761487866,8.35576978071321e-15,4.84099560878866e-14
"ENSG00000223756","TSSC2",-0.359562051506496,-7.9056760122802,8.3652404119868e-15,4.84099560878866e-14
"ENSG00000089012","SIRPG",-0.421941138475323,-7.90327610922518,8.5165801088491e-15,4.92287867563532e-14
"ENSG00000146674","IGFBP3",-0.240983773386572,-7.90201640767358,8.59709489002736e-15,4.96368065244074e-14
"ENSG00000124491","F13A1",-0.498589334383537,-7.90052442628763,8.69342720331852e-15,5.01351049787689e-14
"ENSG00000211721","TRBV6-5",-0.503320218734643,-7.89356071631426,9.15731257805865e-15,5.27494964173886e-14
"ENSG00000065609","SNAP91",-0.482956669201355,-7.88976056756932,9.42066366938307e-15,5.42040487306276e-14
"ENSG00000132185","FCRLA",-0.462654181142434,-7.88696153386621,9.61939886887398e-15,5.52839015452527e-14
"ENSG00000133800","LYVE1",-0.354694538901153,-7.88666432079307,9.64074259944723e-15,5.53429540726018e-14
"ENSG00000182916","TCEAL7",-0.2667897082017,-7.86850905390446,1.10369960160742e-14,6.32855276151043e-14
"ENSG00000138135","CH25H",-0.406007150637007,-7.85935240687668,1.18150063564415e-14,6.76689940231473e-14
"ENSG00000136999","NOV",-0.387474928612207,-7.85445327888202,1.22532180156504e-14,7.00856659797466e-14
"ENSG00000182771","GRID1",-0.273747579007841,-7.85432404847563,1.22649915464557e-14,7.00856659797466e-14
"ENSG00000203747","FCGR3A",-0.323284308444482,-7.85241897618454,1.24398524664895e-14,7.10037241237985e-14
"ENSG00000206075","SERPINB5",-0.409198798338328,-7.85016568539743,1.26498495328217e-14,7.21200087390062e-14
"ENSG00000179399","GPC5",-0.5798998500801,-7.84687887192551,1.29624466280351e-14,7.38180331892661e-14
"ENSG00000148826","NKX6-2",0.484560813693165,7.83722245502187,1.39255501986484e-14,7.92124584678522e-14
"ENSG00000211694","TRGV10",-0.560934286785735,-7.83477463775063,1.41806879355499e-14,8.05720905428974e-14
"ENSG00000133401","PDZD2",-0.427488413542063,-7.82950865451685,1.4745285449533e-14,8.36849344468386e-14
"ENSG00000107796","ACTA2",-0.308775222603086,-7.82913916476624,1.47857222492019e-14,8.38192871269948e-14
"ENSG00000112303","VNN2",-0.456407790784144,-7.82129026186489,1.5670992637128e-14,8.87372176507815e-14
"ENSG00000166963","MAP1A",-0.328768685183895,-7.82084109452407,1.57232047613281e-14,8.89321536274211e-14
"ENSG00000261625","RP11-554A11.4",-0.435051529853153,-7.80836517380296,1.72439648334383e-14,9.74235301324197e-14
"ENSG00000167157","PRRX2",-0.240713010734742,-7.80339525851061,1.78893657706055e-14,1.00955788773168e-13
"ENSG00000150471","ADGRL3",-0.408101565820156,-7.7963069559349,1.88512426251291e-14,1.06264050874459e-13
"ENSG00000161681","SHANK1",-0.41321578307189,-7.79557816653683,1.89529821747095e-14,1.06717241974716e-13
"ENSG00000134531","EMP1",-0.325148442177211,-7.79443407793624,1.9113790328684e-14,1.07501632894736e-13
"ENSG00000166257","SCN3B",-0.415797373865877,-7.78322780059726,2.0761716660992e-14,1.16638857646022e-13
"ENSG00000167286","CD3D",-0.38058628645785,-7.77866092799578,2.14727587319952e-14,1.20498084915798e-13
"ENSG00000115353","TACR1",-0.537998160977147,-7.7770869202187,2.17233429784989e-14,1.21767617592483e-13
"ENSG00000119946","CNNM1",-0.548610526842573,-7.77223151080451,2.2514626265384e-14,1.26061737208197e-13
"ENSG00000135549","PKIB",0.456496736814073,7.77104185452642,2.27127957590975e-14,1.27029059055355e-13
"ENSG00000166448","TMEM130",-0.303601515666556,-7.76752568762362,2.33086108674013e-14,1.3021570316984e-13
"ENSG00000172061","LRRC15",-0.331946375532509,-7.76437170536621,2.38561408940381e-14,1.33125786239052e-13
"ENSG00000084636","COL16A1",-0.303257038016027,-7.75767984292546,2.50601602677311e-14,1.39688741737632e-13
"ENSG00000178343","SHISA3",-0.530378652269708,-7.75687670867323,2.52086275090308e-14,1.40359841364314e-13
"ENSG00000211772","TRBC2",-0.507773355590442,-7.75380201798017,2.5785067418798e-14,1.43409718680745e-13
"ENSG00000121966","CXCR4",-0.322621707871481,-7.75352646559846,2.58373574202665e-14,1.43540874557036e-13
"ENSG00000047648","ARHGAP6",-0.351732767536179,-7.74768899994519,2.69699797811501e-14,1.49666924423696e-13
"ENSG00000002746","HECW1",-0.423493885734409,-7.74688366134632,2.71300284768234e-14,1.50388184461327e-13
"ENSG00000106483","SFRP4",-0.385653787024869,-7.74271017938494,2.79745547315592e-14,1.54897866730671e-13
"ENSG00000214575","CPEB1",-0.34494360373501,-7.74241479354818,2.80352996694429e-14,1.54901223645845e-13
"ENSG00000211649","IGLV7-46",-0.47210211425376,-7.74240594433082,2.8037121479898e-14,1.54901223645845e-13
"ENSG00000206052","DOK6",-0.419792778694739,-7.74061126137305,2.84090182729321e-14,1.56782661550398e-13
"ENSG00000026559","KCNG1",-0.6179046830097,-7.74036395452795,2.84606451105688e-14,1.56866744278485e-13
"ENSG00000243238","IGKV2-30",-0.45837499608854,-7.74023787403381,2.84870007609729e-14,1.56866744278485e-13
"ENSG00000125355","TMEM255A",-0.385638988705448,-7.73915123009157,2.87151499696404e-14,1.57949119744997e-13
"ENSG00000180044","C3orf80",-0.298529200828986,-7.73897981537714,2.87513038219689e-14,1.57974196824005e-13
"ENSG00000173253","DMRT2",-0.354344396275425,-7.73528399457597,2.95418057156521e-14,1.62139438614995e-13
"ENSG00000188389","PDCD1",-0.512630747871581,-7.73186150126104,3.02929224785491e-14,1.65973524869131e-13
"ENSG00000145423","SFRP2",-0.29117155436463,-7.73179921210823,3.03067656411034e-14,1.65973524869131e-13
"ENSG00000163739","CXCL1",-0.567116135965214,-7.73133700493869,3.04096816198941e-14,1.66354932275132e-13
"ENSG00000167755","KLK6",-0.52942140201873,-7.72226750506993,3.25002225520233e-14,1.77596844546575e-13
"ENSG00000231389","HLA-DPA1",-0.40850821582168,-7.72211040087335,3.25376554481482e-14,1.77607289564127e-13
"ENSG00000107242","PIP5K1B",-0.597071512089786,-7.71984643751343,3.30818254624362e-14,1.80380727712302e-13
"ENSG00000118402","ELOVL4",-0.370922528433884,-7.70906439044604,3.57989473973679e-14,1.94983373624008e-13
"ENSG00000145649","GZMA",-0.394164687771499,-7.70508746358298,3.6855686675743e-14,2.00520602153118e-13
"ENSG00000170955","PRKCDBP",-0.281980042087271,-7.68589242538695,4.2404139089518e-14,2.30457277660424e-13
"ENSG00000271361","HTATSF1P2",-0.585853511055965,-7.6854030636035,4.25558509251905e-14,2.31030678204074e-13
"ENSG00000127324","TSPAN8",-0.593778511699932,-7.68095728585568,4.39588527702682e-14,2.38388572506877e-13
"ENSG00000131386","GALNT15",-0.33384948702121,-7.67868617179853,4.46930567759956e-14,2.42107566500518e-13
"ENSG00000253701","AL928768.3",-0.486770804245731,-7.67660207472468,4.53774229818865e-14,2.45417004209347e-13
"ENSG00000197614","MFAP5",-0.285336771461776,-7.67652736723523,4.54021457787293e-14,2.45417004209347e-13
"ENSG00000169291","SHE",-0.317463905511234,-7.67421899015204,4.61726255439808e-14,2.49312232958859e-13
"ENSG00000130032","PRRG3",-0.42301131845278,-7.67345487131345,4.64304959387886e-14,2.50434174427123e-13
"ENSG00000143333","RGS16",-0.355448050661408,-7.67021160779884,4.75408941413167e-14,2.5614705895106e-13
"ENSG00000183671","GPR1",-0.399931847916868,-7.66543844439179,4.92228168170481e-14,2.6492366424676e-13
"ENSG00000013297","CLDN11",-0.399337378671539,-7.66384897720496,4.97958022071696e-14,2.67719366705213e-13
"ENSG00000106511","MEOX2",-0.344072668280752,-7.66327695731119,5.00036125475708e-14,2.68547865454193e-13
"ENSG00000078725","BRINP1",-0.510105141675633,-7.66010182003512,5.11727400437281e-14,2.74531867187382e-13
"ENSG00000204475","NCR3",-0.53154146641054,-7.65329244818292,5.37715807688624e-14,2.88164955888866e-13
"ENSG00000139144","PIK3C2G",-0.475250790996598,-7.65169862831702,5.43984021912942e-14,2.91212003165387e-13
"ENSG00000163519","TRAT1",-0.472559531820813,-7.64918729919406,5.54006967979204e-14,2.96260410684067e-13
"ENSG00000077943","ITGA8",-0.275482458346469,-7.648866858019,5.55298892372375e-14,2.96634023703192e-13
"ENSG00000064300","NGFR",-0.52005472319178,-7.64709524520622,5.62495246486136e-14,3.00157548818642e-13
"ENSG00000138669","PRKG2",-0.418238728709731,-7.64616383027629,5.66315447359477e-14,3.01873905841939e-13
"ENSG00000046889","PREX2",-0.337059122249545,-7.64596434829929,5.67136939654731e-14,3.01989850721369e-13
"ENSG00000072657","TRHDE",-0.612029691396746,-7.63888850852149,5.97047712856423e-14,3.1757857066831e-13
"ENSG00000253293","HOXA10",-0.248424506720295,-7.63756644282505,6.02806105838503e-14,3.20260950426225e-13
"ENSG00000249307","LINC01088",-0.387628858545387,-7.6374372757913,6.03371630603008e-14,3.20260950426225e-13
"ENSG00000140519","RHCG",-0.529089220273613,-7.63069309158038,6.33636589558464e-14,3.35968499235665e-13
"ENSG00000135144","DTX1",-0.380937792229337,-7.63022084831588,6.35810955765043e-14,3.36764277417925e-13
"ENSG00000211751","TRBV25-1",-0.452516961399452,-7.6294498590316,6.39376650848791e-14,3.37963912891349e-13
"ENSG00000078589","P2RY10",-0.409773162160306,-7.6294388467473,6.39427723190432e-14,3.37963912891349e-13
"ENSG00000103569","AQP9",-0.527484631195006,-7.6261480802362,6.54870889956769e-14,3.45760765552676e-13
"ENSG00000017427","IGF1",-0.430695810505162,-7.62593262025711,6.55894732702788e-14,3.45936040455057e-13
"ENSG00000131668","BARX1",-0.496315756805598,-7.62293155956467,6.7032041931543e-14,3.53171980671986e-13
"ENSG00000227471","AKR1B15",-0.482949578510989,-7.61776819205644,6.95874771933856e-14,3.66242381387209e-13
"ENSG00000140945","CDH13",-0.249908360234631,-7.61762578220042,6.96593009398472e-14,3.66242381387209e-13
"ENSG00000106624","AEBP1",-0.388994589593566,-7.61652399243639,7.02174563232441e-14,3.68789161361576e-13
"ENSG00000137077","CCL21",-0.515957878404234,-7.61626033260052,7.03516754107512e-14,3.69106376761549e-13
"ENSG00000164488","DACT2",-0.477231207555519,-7.61261188380597,7.22351038976846e-14,3.78590691287655e-13
"ENSG00000230630","DNM3OS",-0.353858538373616,-7.60115907089234,7.84758106783132e-14,4.10868118734624e-13
"ENSG00000105967","TFEC",-0.405638481738101,-7.59682915786979,8.09710177219875e-14,4.23488586412069e-13
"ENSG00000143768","LEFTY2",-0.582117504981795,-7.59644528868472,8.11959642553735e-14,4.24221338847301e-13
"ENSG00000102230","PCYT1B",-0.462039263523735,-7.58440507850511,8.85725126505585e-14,4.62278249741954e-13
"ENSG00000274565","CTD-3035K23.7",-0.359364202989736,-7.57904432473526,9.2065509981828e-14,4.80007872689406e-13
"ENSG00000164604","GPR85",-0.25579778260035,-7.57877155323041,9.2246825548825e-14,4.8045221640013e-13
"ENSG00000143867","OSR1",-0.468786075328675,-7.56936267422993,9.87209379115186e-14,5.13636513587506e-13
"ENSG00000137033","IL33",-0.511498347499679,-7.56687800336634,1.00503986320606e-13,5.22369991271342e-13
"ENSG00000124440","HIF3A",-0.465853800822036,-7.56047760777705,1.05244378558782e-13,5.46440179432928e-13
"ENSG00000136573","BLK",-0.568975149060169,-7.55491580932565,1.09541950420573e-13,5.68163643260232e-13
"ENSG00000151136","BTBD11",-0.384449181995474,-7.55342073412225,1.10726353835534e-13,5.7359538265029e-13
"ENSG00000211752","TRBV27",-0.543142276675966,-7.55330491826609,1.10818627928036e-13,5.7359538265029e-13
"ENSG00000085265","FCN1",-0.522580983947441,-7.54612170432569,1.1669213758903e-13,6.03371962714738e-13
"ENSG00000111199","TRPV4",-0.313822537977291,-7.5458131500009,1.16951183713281e-13,6.04086692733888e-13
"ENSG00000183019","MCEMP1",-0.466283576341042,-7.54236104443992,1.19888272904114e-13,6.18618539236916e-13
"ENSG00000115414","FN1",-0.294117974948619,-7.5406605791648,1.21361623382205e-13,6.25575378258789e-13
"ENSG00000149596","JPH2",-0.366340260568787,-7.53969265464299,1.22208217438608e-13,6.29290512042264e-13
"ENSG00000134873","CLDN10",-0.528188202958084,-7.53721198500623,1.24404567079142e-13,6.39941188678713e-13
"ENSG00000187193","MT1X",-0.377218023654489,-7.5264443436991,1.34397183283807e-13,6.90633007624908e-13
"ENSG00000123119","NECAB1",-0.434894087052294,-7.5260839111063,1.34744994052077e-13,6.91709415051729e-13
"ENSG00000179913","B3GNT3",-0.383573792489125,-7.52196176965006,1.38786349294224e-13,7.1172486817551e-13
"ENSG00000070182","SPTB",-0.344920416675454,-7.51877244011907,1.4199483105738e-13,7.27432536154613e-13
"ENSG00000109819","PPARGC1A",-0.462540943073559,-7.51772657048731,1.43062794479345e-13,7.32153502964917e-13
"ENSG00000002933","TMEM176A",-0.393732986112595,-7.51752875540837,1.43265675688929e-13,7.32442104749125e-13
"ENSG00000100453","GZMB",-0.498228189963512,-7.51617679703193,1.44659860726781e-13,7.38814406163335e-13
"ENSG00000050767","COL23A1",-0.346869015896604,-7.51561794121575,1.45240065316904e-13,7.41020741412773e-13
"ENSG00000080573","COL5A3",-0.337055844964568,-7.5143325119337,1.46583307180126e-13,7.4711165739106e-13
"ENSG00000123243","ITIH5",-0.355852832236833,-7.51268904812873,1.48318510575565e-13,7.55185899060921e-13
"ENSG00000102287","GABRE",-0.44769551448442,-7.51144865556786,1.49641517064116e-13,7.61147085778822e-13
"ENSG00000151967","SCHIP1",-0.345832506138163,-7.50988575479041,1.51325061654818e-13,7.68928158815133e-13
"ENSG00000100473","COCH",-0.67732813769763,-7.50956282322305,1.51675238121214e-13,7.69925066605149e-13
"ENSG00000163064","EN1",-0.367338819159295,-7.50899430809337,1.52293656617429e-13,7.72280205970736e-13
"ENSG00000211685","IGLC7",-0.509127141916246,-7.50683391698217,1.54666401710389e-13,7.83517739161041e-13
"ENSG00000101115","SALL4",-0.333477720045577,-7.50430765047341,1.5748716755457e-13,7.96999835802477e-13
"ENSG00000169851","PCDH7",-0.309924664438666,-7.49703817855609,1.65889632856136e-13,8.38035553028846e-13
"ENSG00000253661","ZFHX4-AS1",-0.379645100791373,-7.49700326035475,1.65931039499712e-13,8.38035553028846e-13
"ENSG00000224137","AC079767.4",-0.332371788770754,-7.49671000912027,1.66279183894995e-13,8.38946437411678e-13
"ENSG00000211829","TRDC",-0.364828305141878,-7.49621029314713,1.66874097984583e-13,8.41099284196487e-13
"ENSG00000009694","TENM1",-0.468476282641389,-7.48065094151015,1.86483054949314e-13,9.3898819209121e-13
"ENSG00000149294","NCAM1",-0.356769381699287,-7.4783133945626,1.8961860522178e-13,9.53815921638734e-13
"ENSG00000102384","CENPI",-0.357113477509332,-7.47197440729602,1.98385138416723e-13,9.96910243300118e-13
"ENSG00000160191","PDE9A",-0.404091220789049,-7.47047907186942,2.00510574897224e-13,1.00657919125113e-12
"ENSG00000232460","BMPR1APS2",-0.502243374891111,-7.46232978563459,2.12493703400632e-13,1.06566551354379e-12
"ENSG00000180875","GREM2",-0.429985931060902,-7.46201442170561,2.12971327505129e-13,1.06699061876317e-12
"ENSG00000196167","COLCA1",-0.482220459930425,-7.46182510896447,2.13258552231766e-13,1.06736012128011e-12
"ENSG00000170549","IRX1",-0.354078230265338,-7.4607643588425,2.14874985486958e-13,1.07437492743479e-12
"ENSG00000172987","HPSE2",-0.47302411671865,-7.46024046991165,2.15677760264998e-13,1.07731148983516e-12
"ENSG00000140379","BCL2A1",-0.405876233471886,-7.45876925403677,2.17947976285403e-13,1.08756475192317e-12
"ENSG00000228798","AP000473.5",-0.519083342593288,-7.45862151378343,2.18177247740567e-13,1.08762336859704e-12
"ENSG00000134757","DSG3",-0.519798512579943,-7.45822839501097,2.18788467767879e-13,1.08958400282808e-12
"ENSG00000186479","RGS7BP",-0.456994341659129,-7.45386044336486,2.2569416520929e-13,1.1228565433298e-12
"ENSG00000169247","SH3TC2",-0.398568878636718,-7.45072452882119,2.30783859980357e-13,1.14703707743716e-12
"ENSG00000145284","SCD5",-0.370103992004594,-7.44664090309047,2.37581346324465e-13,1.17964918731115e-12
"ENSG00000092051","JPH4",-0.271531538664821,-7.44345445740263,2.43021914529692e-13,1.20499065625004e-12
"ENSG00000056998","GYG2",-0.341359490116688,-7.44337038140529,2.43167114431258e-13,1.20499065625004e-12
"ENSG00000069482","GAL",-0.421267911336849,-7.4418610274846,2.45788350839081e-13,1.21677401405486e-12
"ENSG00000137440","FGFBP1",-0.554373199259253,-7.43701625789935,2.54391351965386e-13,1.25811746768242e-12
"ENSG00000242574","HLA-DMB",-0.33852907816887,-7.43455994797511,2.58865608651482e-13,1.27898027989863e-12
"ENSG00000142871","CYR61",-0.3069236770702,-7.43429504821818,2.59352734396781e-13,1.28012208488046e-12
"ENSG00000136155","SCEL",-0.548767383337986,-7.4310949711866,2.65309119604977e-13,1.3082303728056e-12
"ENSG00000159387","IRX6",-0.399481423039939,-7.43021666945331,2.66967333717354e-13,1.31511001831209e-12
"ENSG00000162630","B3GALT2",-0.387426673701779,-7.42860753841124,2.70031836504033e-13,1.32889683318914e-12
"ENSG00000213260","YWHAZP5",-0.265059462204357,-7.42696480075744,2.73196043515583e-13,1.34314672328212e-12
"ENSG00000177575","CD163",-0.333377479027982,-7.42536772783461,2.76307258744331e-13,1.35710834353797e-12
"ENSG00000254615","RP11-395G23.3",-0.465155847517352,-7.42386842481992,2.79259725537452e-13,1.36957256069403e-12
"ENSG00000173369","C1QB",-0.29199782105374,-7.42380121447667,2.79392802381582e-13,1.36957256069403e-12
"ENSG00000118194","TNNT2",-0.491925211217661,-7.4231757776269,2.80634166608126e-13,1.37431031639631e-12
"ENSG00000183018","SPNS2",-0.409870458566008,-7.42201517140527,2.82952128688748e-13,1.38430591335004e-12
"ENSG00000139364","TMEM132B",-0.393784398684063,-7.41634684764643,2.94546361784589e-13,1.43962053658157e-12
"ENSG00000144619","CNTN4",-0.410014610314017,-7.4063782048997,3.1608115968739e-13,1.54336503753609e-12
"ENSG00000007908","SELE",-0.376904775008153,-7.40450979764037,3.20286382515828e-13,1.56152948465839e-12
"ENSG00000131203","IDO1",-0.352398381351162,-7.40438049105047,3.20579440845028e-13,1.56152948465839e-12
"ENSG00000152583","SPARCL1",-0.243027567616332,-7.40431050938719,3.20738156148833e-13,1.56152948465839e-12
"ENSG00000163406","SLC15A2",-0.555568056836327,-7.40122293643664,3.27818117291437e-13,1.59444609577547e-12
"ENSG00000163431","LMOD1",-0.269639877756618,-7.39893154910211,3.33171567074606e-13,1.61890946100391e-12
"ENSG00000154277","UCHL1",-0.331153308296667,-7.39686807191774,3.38066090912002e-13,1.64109752869904e-12
"ENSG00000186407","CD300E",-0.417362003089707,-7.39231007474299,3.49129654731954e-13,1.69316030422868e-12
"ENSG00000157193","LRP8",-0.460948085589486,-7.39150898812691,3.51110591288744e-13,1.70111720585632e-12
"ENSG00000211638","IGLV8-61",-0.538866379255285,-7.38930582438469,3.56615803617925e-13,1.72611715207127e-12
"ENSG00000081818","PCDHB4",-0.3449921621656,-7.3869971280053,3.62475838067843e-13,1.75278451676907e-12
"ENSG00000240694","PNMA2",-0.351095174628554,-7.38419511210852,3.69715409257108e-13,1.78606477901985e-12
"ENSG00000247993","FOXD1-AS1",-0.578175076320489,-7.38253101929257,3.74082057664417e-13,1.80541533621823e-12
"ENSG00000142583","SLC2A5",-0.426080090863752,-7.3820242990969,3.75421761060852e-13,1.81013385275242e-12
"ENSG00000152377","SPOCK1",-0.356287850691614,-7.38082520176206,3.78610850212974e-13,1.82375168696038e-12
"ENSG00000189292","FAM150B",-0.663958022713233,-7.37808798471608,3.85990876367307e-13,1.85751143583882e-12
"ENSG00000142611","PRDM16",-0.336593981600474,-7.37173052719183,4.0368214081232e-13,1.94077952313615e-12
"ENSG00000274752","TRBV12-3",-0.513955031601107,-7.36834885280158,4.13415067708699e-13,1.98566314941738e-12
"ENSG00000249992","TMEM158",-0.484479004968894,-7.36704436618736,4.17230944912309e-13,2.00206787385945e-12
"ENSG00000169302","STK32A",-0.371364205628333,-7.36599714446299,4.20319325635887e-13,2.01462140247267e-12
"ENSG00000138615","CILP",-0.450499947788493,-7.36588447137432,4.20652948836294e-13,2.01462140247267e-12
"ENSG00000236698","EIF1AXP1",-0.326549858069722,-7.36443307266173,4.24973877922736e-13,2.03336783695089e-12
"ENSG00000154645","CHODL",-0.541095425333769,-7.36384497423932,4.26737096958321e-13,2.03985227991549e-12
"ENSG00000137960","GIPC2",-0.356252843780974,-7.36322724851742,4.28596892998406e-13,2.04678554440499e-12
"ENSG00000168143","FAM83B",-0.393755233106501,-7.36087526834736,4.35751290203047e-13,2.07896607921301e-12
"ENSG00000165474","GJB2",-0.322533919303395,-7.35236052006814,4.62648121429165e-13,2.20518647011042e-12
"ENSG00000142627","EPHA2",-0.251007298879922,-7.35038945076103,4.69103520757028e-13,2.23382628931918e-12
"ENSG00000115194","SLC30A3",-0.468549677326673,-7.34909297092436,4.73397808584526e-13,2.25213039288547e-12
"ENSG00000068489","PRR11",-0.392524650510489,-7.34665610531734,4.81574259092175e-13,2.28885104131262e-12
"ENSG00000275302","CCL4",-0.336572952194827,-7.34350990502438,4.92336470730287e-13,2.33778001296433e-12
"ENSG00000187037","GPR141",-0.335569091661273,-7.3433690354738,4.92823837074809e-13,2.33787398991845e-12
"ENSG00000185479","KRT6B",-0.479252396311615,-7.34126894387627,5.00146043275642e-13,2.37036039467129e-12
"ENSG00000184185","KCNJ12",-0.410828033615286,-7.33427470922051,5.25312326430486e-13,2.48727427287162e-12
"ENSG00000163735","CXCL5",-0.502889426197253,-7.33183622419343,5.34375902470748e-13,2.5277951867112e-12
"ENSG00000253958","CLDN23",-0.331871890690034,-7.33153524805518,5.35505206281153e-13,2.53074294083721e-12
"ENSG00000101144","BMP7",-0.360272344129033,-7.3277850054563,5.49775013736929e-13,2.59572716589674e-12
"ENSG00000177602","GSG2",-0.279436739452101,-7.32758010821492,5.50565339005902e-13,2.59700631606558e-12
"ENSG00000211890","IGHA2",-0.452008627079442,-7.32218655794345,5.71775812451859e-13,2.69451372503232e-12
"ENSG00000198483","ANKRD35",-0.38577144050921,-7.32200377946827,5.72508504626116e-13,2.69542610464273e-12
"ENSG00000270132","WISP1-OT1",-0.476820850891778,-7.32104943330562,5.76349153723957e-13,2.71095556784552e-12
"ENSG00000106278","PTPRZ1",-0.502523439496209,-7.31454914018209,6.03191336944501e-13,2.83454575631815e-12
"ENSG00000131471","AOC3",-0.310902603613974,-7.3123433293203,6.12576432312329e-13,2.87594569160718e-12
"ENSG00000103888","CEMIP",-0.449659994649885,-7.31069273650608,6.19693028838473e-13,2.90662771500222e-12
"ENSG00000156076","WIF1",-0.594949665325017,-7.30949343295637,6.24914814297807e-13,2.9283730754349e-12
"ENSG00000161682","FAM171A2",-0.3636651920706,-7.30247787673788,6.56338965209008e-13,3.07274796446165e-12
"ENSG00000133048","CHI3L1",-0.471697076424509,-7.29665751707886,6.83584821149366e-13,3.19730973409432e-12
"ENSG00000171889","MIR31HG",-0.519625525979706,-7.29619676497552,6.85788564776508e-13,3.20461946157247e-12
"ENSG00000176692","FOXC2",-0.385418532569989,-7.29395765535614,6.96597930421757e-13,3.25209117843957e-12
"ENSG00000277734","TRAC",-0.433532547907815,-7.29295793002737,7.01478070898479e-13,3.27181936053395e-12
"ENSG00000172020","GAP43",-0.268017454710552,-7.29264476318733,7.03013692869907e-13,3.27592587544225e-12
"ENSG00000186818","LILRB4",-0.314718610610549,-7.29049094617393,7.13664911394166e-13,3.32246234354826e-12
"ENSG00000163687","DNASE1L3",-0.467774371864253,-7.28894272463894,7.21419169045549e-13,3.35543799556069e-12
"ENSG00000149948","HMGA2",-0.346493561883726,-7.28604537590706,7.36153762339271e-13,3.42078885845386e-12
"ENSG00000181458","TMEM45A",-0.366387747133815,-7.27984070528402,7.68710469534102e-13,3.56875798298097e-12
"ENSG00000261786","RP4-555D20.2",-0.478011190547292,-7.27880414537885,7.74285750023402e-13,3.59130681829036e-12
"ENSG00000184305","CCSER1",-0.408132617915545,-7.27715839241603,7.83219441887653e-13,3.62937646843213e-12
"ENSG00000123500","COL10A1",-0.32922755491976,-7.27295974114294,8.06472805017434e-13,3.73367039359923e-12
"ENSG00000249096","RP11-290F5.1",-0.618410354810869,-7.26886014980694,8.29832079860312e-13,3.83826123894686e-12
"ENSG00000270149","RP11-544M22.13",-0.354370834937821,-7.26620921390935,8.45289841137759e-13,3.90614529176414e-12
"ENSG00000140279","DUOX2",-0.356286296640087,-7.26190169704312,8.71013072675628e-13,4.02129765778222e-12
"ENSG00000256812","CAPNS2",-0.489660951162194,-7.259964234132,8.82832518791949e-13,4.072105713985e-12
"ENSG00000155659","VSIG4",-0.313458841277971,-7.25552768639624,9.10494780637122e-13,4.19582848219872e-12
"ENSG00000162383","SLC1A7",-0.422472396323159,-7.25257349901636,9.2938523040815e-13,4.27735163207134e-12
"ENSG00000134323","MYCN",-0.404598458914477,-7.25249440658356,9.29896244812309e-13,4.27735163207134e-12
"ENSG00000256612","CYP2B7P",0.908448259124873,7.24835673450258,9.57018418568858e-13,4.39806258533482e-12
"ENSG00000133687","TMTC1",-0.450858487559501,-7.24806952343715,9.58929673083261e-13,4.40279923362379e-12
"ENSG00000105880","DLX5",-0.311059791536925,-7.24700887105965,9.66020389443209e-13,4.43128619010646e-12
"ENSG00000188001","TPRG1",0.614007948521623,7.24514613940033,9.78598168757349e-13,4.48486786781553e-12
"ENSG00000188580","NKAIN2",-0.399145304856389,-7.23635358843917,1.04017571795478e-12,4.76270933129476e-12
"ENSG00000164093","PITX2",-0.279179608133692,-7.23367320893696,1.0596938799719e-12,4.84763897516882e-12
"ENSG00000157152","SYN2",-0.412854310609237,-7.23306392698455,1.06418056529744e-12,4.86371373536306e-12
"ENSG00000085840","ORC1",-0.370941683327584,-7.22893490426212,1.09508221106701e-12,5.00037539300006e-12
"ENSG00000172543","CTSW",-0.46353638552904,-7.22864207802286,1.09730692090766e-12,5.00596223041816e-12
"ENSG00000151490","PTPRO",-0.349357441427945,-7.22022770074895,1.16316705433167e-12,5.30158183378154e-12
"ENSG00000163362","C1orf106",-0.425851447672484,-7.21880328348515,1.17469430281512e-12,5.34924545908525e-12
"ENSG00000169174","PCSK9",-0.372845665019743,-7.21515520987855,1.20473129421643e-12,5.48103409561616e-12
"ENSG00000104783","KCNN4",-0.438453268376787,-7.2058077060653,1.2851840642672e-12,5.8417457466691e-12
"ENSG00000135454","B4GALNT1",-0.357979729287747,-7.20127507570458,1.32607451414527e-12,6.0221367581529e-12
"ENSG00000106772","PRUNE2",-0.30285834236324,-7.2010721830687,1.32793447875823e-12,6.02511106514622e-12
"ENSG00000145934","TENM2",-0.413737239325082,-7.19753684240671,1.3607584649398e-12,6.16844272411514e-12
"ENSG00000139734","DIAPH3",-0.301467967835247,-7.19603194113866,1.37497156273368e-12,6.22722628049672e-12
"ENSG00000180660","MAB21L1",-0.330603404969328,-7.19092151847778,1.42433486752331e-12,6.4449541516892e-12
"ENSG00000108691","CCL2",-0.321505279779384,-7.18665817665758,1.46684532573937e-12,6.63130798254689e-12
"ENSG00000198932","GPRASP1",-0.328906415527149,-7.17907614527238,1.54554927778766e-12,6.98080071268138e-12
"ENSG00000140274","DUOXA2",-0.412263002848526,-7.17444886369926,1.59560607563671e-12,7.20038842796351e-12
"ENSG00000104044","OCA2",-0.62221716334171,-7.17115825971108,1.63216903562057e-12,7.35874227060673e-12
"ENSG00000137868","STRA6",-0.205815365527582,-7.16881205439384,1.65874007728378e-12,7.47180214992694e-12
"ENSG00000120738","EGR1",-0.481574857197519,-7.167177014341,1.67750798533871e-12,7.54916002357101e-12
"ENSG00000117215","PLA2G2D",-0.452137859263959,-7.16705358752969,1.67893318924219e-12,7.54916002357101e-12
"ENSG00000154330","PGM5",-0.3447715510111,-7.16688531621456,1.6808781278806e-12,7.55111468050585e-12
"ENSG00000091831","ESR1",0.769727994298047,7.16363422656902,1.71889299809553e-12,7.71495959647904e-12
"ENSG00000183837","PNMA3",-0.58690968301476,-7.16335079349254,1.72224693383743e-12,7.72308042079565e-12
"ENSG00000168427","KLHL30",-0.410815740877154,-7.15794026277464,1.78751838428663e-12,8.00859491167845e-12
"ENSG00000270505","IGHV1OR15-1",-0.452252658790072,-7.15670917193619,1.80270613323024e-12,8.06234282391085e-12
"ENSG00000281179","RP11-294C11.4",-0.452221238916557,-7.1567064498344,1.80273985542647e-12,8.06234282391085e-12
"ENSG00000112782","CLIC5",-0.312605643553995,-7.15639365306791,1.80661900491824e-12,8.06950656884188e-12
"ENSG00000166922","SCG5",-0.251046357553829,-7.15631711249683,1.80756947142058e-12,8.06950656884188e-12
"ENSG00000184574","LPAR5",-0.289832166327484,-7.15611067073296,1.81013547743002e-12,8.07375324455852e-12
"ENSG00000104321","TRPA1",-0.418503771126674,-7.15233061313464,1.85775828888254e-12,8.27878025348726e-12
"ENSG00000115596","WNT6",-0.575676297777405,-7.15029981708169,1.88384936148319e-12,8.38757507338911e-12
"ENSG00000167608","TMC4",0.300077200647439,7.14962340103126,1.89261944244639e-12,8.4191256336583e-12
"ENSG00000140749","IGSF6",-0.356960101285979,-7.14094682704146,2.00873724440623e-12,8.92772108624991e-12
"ENSG00000162367","TAL1",-0.324502814712777,-7.14070476888242,2.01207508993143e-12,8.93461407607205e-12
"ENSG00000264230","ANXA8L1",-0.465564675571879,-7.13909264877326,2.03444475776221e-12,9.02593060231681e-12
"ENSG00000121316","PLBD1",-0.335717959028083,-7.13639457007613,2.07243108276677e-12,9.18630799098747e-12
"ENSG00000233117","LINC00702",-0.273922127031441,-7.13355838038496,2.11311323427107e-12,9.35834027577976e-12
"ENSG00000121742","GJB6",-0.476433620413954,-7.13230431808893,2.13135067295679e-12,9.43075519007428e-12
"ENSG00000172159","FRMD3",-0.419259394125262,-7.13057647306647,2.15673176131768e-12,9.53462317116568e-12
"ENSG00000060709","RIMBP2",-0.436411259310258,-7.12679172634244,2.21336987035795e-12,9.77636868532661e-12
"ENSG00000146090","RASGEF1C",-0.529771687540816,-7.12644708361589,2.21859940964521e-12,9.79081822438308e-12
"ENSG00000151025","GPR158",-0.464164319533521,-7.12585156850841,2.22766426371683e-12,9.82215283825762e-12
"ENSG00000104951","IL4I1",-0.35293969918494,-7.1222330760091,2.28353204819857e-12,1.00596125471302e-11
"ENSG00000198542","ITGBL1",-0.285664208671839,-7.11230481003882,2.44398690554011e-12,1.07569846194547e-11
"ENSG00000155816","FMN2",-0.376422264997943,-7.11038864415282,2.47620610042979e-12,1.08892088849155e-11
"ENSG00000162706","CADM3",-0.391949841382358,-7.11009792443533,2.48113070214178e-12,1.09012772501836e-11
"ENSG00000171208","NETO2",-0.463215507356112,-7.10845912179083,2.50907147956947e-12,1.10143611921399e-11
"ENSG00000187922","LCN10",-0.529827719000714,-7.10830869332412,2.51165164773369e-12,1.1016015998832e-11
"ENSG00000280143","AP000892.6",-0.331722703761334,-7.10607167044457,2.55033038560172e-12,1.11758562033379e-11
"ENSG00000171241","SHCBP1",-0.369836925925009,-7.10119503214241,2.63668848401348e-12,1.15441702452429e-11
"ENSG00000120262","CCDC170",0.560913124073959,7.10006384341678,2.65712704481765e-12,1.16234778863414e-11
"ENSG00000230943","RP11-367G18.1",-0.492427841669752,-7.09949310843558,2.66749820436098e-12,1.16586459980812e-11
"ENSG00000240583","AQP1",-0.306790273162586,-7.09935513115664,2.67001143359981e-12,1.16594385746717e-11
"ENSG00000183831","ANKRD45",-0.375255954516927,-7.09540631063269,2.74293270109991e-12,1.1967420161867e-11
"ENSG00000203930","LINC00632",-0.430610448258698,-7.09373219481192,2.77443526503502e-12,1.20943124020707e-11
"ENSG00000049540","ELN",-0.41290920661949,-7.08963535367452,2.8530342440242e-12,1.24261073346002e-11
"ENSG00000237807","RP11-400K9.4",-0.388035012016149,-7.0872757823947,2.89929171312944e-12,1.26165870893361e-11
"ENSG00000095303","PTGS1",-0.32352183857079,-7.08348765505589,2.97510018482767e-12,1.29352181949029e-11
"ENSG00000164825","DEFB1",-0.420805165786324,-7.07225909027024,3.21143226205777e-12,1.39506179933005e-11
"ENSG00000081041","CXCL2",-0.535602678563538,-7.07188022010334,3.21972004343331e-12,1.39744793551793e-11
"ENSG00000275131","CH17-472G23.4",-0.339652377623406,-7.07157149836804,3.22648886046539e-12,1.39917123177163e-11
"ENSG00000168350","DEGS2",0.518968100840843,7.07002101013696,3.26069574022327e-12,1.41277978345896e-11
"ENSG00000166402","TUB",-0.331299253087516,-7.05920502022713,3.50943071086381e-12,1.51923407396702e-11
"ENSG00000143061","IGSF3",-0.259348261547056,-7.05854501033721,3.52519810041507e-12,1.52473966280929e-11
"ENSG00000163568","AIM2",-0.389891164341064,-7.05653332560421,3.57368698818894e-12,1.54437639939021e-11
"ENSG00000169282","KCNAB1",-0.322901598359025,-7.05563755702705,3.59548849089042e-12,1.55245617050536e-11
"ENSG00000125384","PTGER2",-0.404775835578874,-7.05532384784585,3.60315448955025e-12,1.55442385226499e-11
"ENSG00000196196","HRCT1",-0.481223968665512,-7.04643939616103,3.8270523370132e-12,1.64959152457465e-11
"ENSG00000198759","EGFL6",-0.268605121757241,-7.04194847664141,3.94537205790577e-12,1.69912663992496e-11
"ENSG00000177455","CD19",-0.516245484262725,-7.03165014222328,4.23042898067085e-12,1.82032228083944e-11
"ENSG00000170775","GPR37",-0.291677564935974,-7.02885775372544,4.31114633976958e-12,1.8534593034263e-11
"ENSG00000254211","LINC01485",-0.532316157173741,-7.02673699909149,4.37345806086797e-12,1.87863318765806e-11
"ENSG00000105894","PTN",-0.330892275561024,-7.01825274121786,4.6317102409165e-12,1.98785847249635e-11
"ENSG00000130035","GALNT8",-0.387837408893902,-7.01398101212202,4.76734749120665e-12,2.04431710600628e-11
"ENSG00000164398","ACSL6",-0.445387084895638,-7.00855318384742,4.94533178196736e-12,2.1188225286921e-11
"ENSG00000273179","RP11-20I20.4",-0.452868657778394,-7.00060534117648,5.21777984424685e-12,2.23363863195499e-11
"ENSG00000165799","RNASE7",-0.506478518919215,-7.00022803127507,5.23107392636316e-12,2.23741399758903e-11
"ENSG00000112655","PTK7",-0.320286426507241,-6.99840778524985,5.29567691289438e-12,2.2631097918352e-11
"ENSG00000179542","SLITRK4",-0.345690927230873,-6.9959753886344,5.38323022308896e-12,2.29856115417975e-11
"ENSG00000188906","LRRK2",-0.385056127150831,-6.9867675194606,5.727726308953e-12,2.44356924443388e-11
"ENSG00000138316","ADAMTS14",-0.365288398401742,-6.98243279779485,5.89730788710543e-12,2.51377147787955e-11
"ENSG00000004838","ZMYND10",0.575788297540895,6.97803166911327,6.07452898555374e-12,2.58702892809771e-11
"ENSG00000165323","FAT3",-0.392602888250637,-6.9779096044433,6.07951798102962e-12,2.58702892809771e-11
"ENSG00000223414","LINC00473",-0.525227459178971,-6.97584762976098,6.16440498736283e-12,2.62092048782433e-11
"ENSG00000178947","SMIM10L2A",-0.362403069139187,-6.97377876516848,6.25074489787872e-12,2.6553716643495e-11
"ENSG00000019169","MARCO",-0.563817560080465,-6.97341185657717,6.26618055729419e-12,2.65966916693302e-11
"ENSG00000149380","P4HA3",-0.333938134422929,-6.9706578387235,6.38324148880689e-12,2.70705745920564e-11
"ENSG00000002726","AOC1",-0.331874635450321,-6.96942514831018,6.43633067309888e-12,2.72725875978766e-11
"ENSG00000267795","SMIM22",0.231482862437031,6.96593625269775,6.58895039433422e-12,2.78956409582312e-11
"ENSG00000198075","SULT1C4",-0.355877572252448,-6.96434987684366,6.65951518054659e-12,2.81705379887758e-11
"ENSG00000144354","CDCA7",-0.494999624798202,-6.9634474318123,6.69998804905721e-12,2.83177854989738e-11
"ENSG00000151320","AKAP6",-0.301889934103742,-6.95499778914186,7.090844978852e-12,2.99444467012331e-11
"ENSG00000121552","CSTA",-0.341860720764403,-6.95252607341778,7.20935223580648e-12,3.04192077460189e-11
"ENSG00000085563","ABCB1",-0.363422557017306,-6.95157812613286,7.25531587214541e-12,3.05873350427715e-11
"ENSG00000118004","COLEC11",-0.380497280166813,-6.9500284389668,7.33107668268147e-12,3.08806936928453e-11
"ENSG00000146013","GFRA3",-0.507546771011989,-6.94669969859297,7.49644678684007e-12,3.15507019648151e-11
"ENSG00000086991","NOX4",-0.234114449289404,-6.94576129070494,7.54372440685889e-12,3.17229790027708e-11
"ENSG00000261105","LMO7-AS1",-0.39718613284271,-6.94293813488699,7.68772870367168e-12,3.23013811078642e-11
"ENSG00000112297","AIM1",-0.36301371412663,-6.94232040684931,7.71959592988053e-12,3.2408043366417e-11
"ENSG00000118298","CA14",0.465048539711198,6.93602177584947,8.05202090665328e-12,3.37752554809282e-11
"ENSG00000237517","DGCR5",-0.39344219612802,-6.93444026562194,8.1376717279546e-12,3.41049129255871e-11
"ENSG00000129596","CDO1",-0.337484899451522,-6.93431941794769,8.1442532066302e-12,3.41049129255871e-11
"ENSG00000166535","A2ML1",-0.4991142299378,-6.93384882343553,8.1699320543033e-12,3.4183816126792e-11
"ENSG00000175084","DES",-0.323616442116498,-6.93223301877895,8.25870774892674e-12,3.45263701878208e-11
"ENSG00000164638","SLC29A4",-0.367539910782532,-6.93178894049738,8.28327176867818e-12,3.45794329785208e-11
"ENSG00000100385","IL2RB",-0.41820507382556,-6.93175355579917,8.28523214165358e-12,3.45794329785208e-11
"ENSG00000271503","CCL5",-0.390267666267217,-6.92715510185575,8.54390775344865e-12,3.56293067283096e-11
"ENSG00000205364","MT1M",-0.296490364021866,-6.91779030206081,9.09545380756496e-12,3.78977241981873e-11
"ENSG00000161958","FGF11",-0.37600581478291,-6.91464167626871,9.28863001064977e-12,3.86703997112813e-11
"ENSG00000136457","CHAD",0.749142335843512,6.91390715367199,9.33427089239123e-12,3.88280819151049e-11
"ENSG00000167614","TTYH1",-0.438762578914966,-6.91365323600107,9.35009966261982e-12,3.88615946077299e-11
"ENSG00000171243","SOSTDC1",-0.525984717179447,-6.91283525161122,9.4012706818195e-12,3.90418217683534e-11
"ENSG00000071991","CDH19",-0.561010993074329,-6.90689687362251,9.78109163411882e-12,4.05854424652233e-11
"ENSG00000103044","HAS3",-0.39514706202051,-6.90630823868413,9.81955136661868e-12,4.07112411551355e-11
"ENSG00000261115","TMEM178B",-0.486875846779707,-6.90408324474914,9.9662715475165e-12,4.12853005282374e-11
"ENSG00000232869","TRBV29-1",-0.421480272343977,-6.89578049479625,1.05330087588972e-11,4.35968905583492e-11
"ENSG00000269994","RP11-276H19.2",-0.482017523826839,-6.89411844761462,1.06501997953091e-11,4.40454912957364e-11
"ENSG00000196668","LINC00173",0.54917377054569,6.89385499131304,1.06688932300674e-11,4.40863356614357e-11
"ENSG00000205420","KRT6A",-0.414300406827863,-6.89281624256974,1.07429114946183e-11,4.43555387886802e-11
"ENSG00000163623","NKX6-1",-0.330741078715703,-6.89172969933242,1.08208747120335e-11,4.46405722443626e-11
"ENSG00000198467","TPM2",-0.286170165034811,-6.88842242929372,1.10616157630956e-11,4.5596107844582e-11
"ENSG00000225210","DUXAP9",-0.308504104252347,-6.88511535203894,1.13075961917299e-11,4.65716482361197e-11
"ENSG00000142910","TINAGL1",-0.321484533531619,-6.88005423193738,1.16944705466564e-11,4.8125393196117e-11
"ENSG00000228748","RP13-39P12.3",0.458082836184773,6.87860836140378,1.18073590137552e-11,4.85499959447173e-11
"ENSG00000137878","GCOM1",-0.443147632772533,-6.87657462337174,1.19679579393517e-11,4.916991758156e-11
"ENSG00000144868","TMEM108",-0.385567279888419,-6.87609470028431,1.2006167681085e-11,4.92864026317118e-11
"ENSG00000211893","IGHG2",-0.353015811547289,-6.87574773554014,1.20338662897747e-11,4.93595828128578e-11
"ENSG00000188910","GJB3",-0.446848398986523,-6.87519414235771,1.20781901829594e-11,4.95007794383583e-11
"ENSG00000270872","SRGAP2D",-0.527232842849317,-6.87131263870119,1.23934970924497e-11,5.0751421345003e-11
"ENSG00000069188","SDK2",-0.534753295061382,-6.86260271322934,1.31307208635078e-11,5.37263537786735e-11
"ENSG00000178031","ADAMTSL1",-0.243384575361204,-6.86176727266424,1.32036552781247e-11,5.3980602118253e-11
"ENSG00000159958","TNFRSF13C",-0.479782617459831,-6.86124900129497,1.32491002759469e-11,5.41221416501098e-11
"ENSG00000177363","LRRN4CL",-0.338218428248133,-6.86015040903132,1.3345939179597e-11,5.44732211412124e-11
"ENSG00000180871","CXCR2",-0.328868987757019,-6.85769885378461,1.35645502797802e-11,5.5320351875123e-11
"ENSG00000198848","CES1",-0.350364849375519,-6.85310813261907,1.39834060927802e-11,5.69820949176048e-11
"ENSG00000173762","CD7",-0.452949059789059,-6.85203680709923,1.40829650068492e-11,5.73410627314706e-11
"ENSG00000158445","KCNB1",-0.372641218140132,-6.84568434388354,1.46877510875253e-11,5.97548864423323e-11
"ENSG00000148798","INA",-0.449849585160816,-6.84547271831268,1.47083314188143e-11,5.97899651171315e-11
"ENSG00000203805","PPAPDC1A",-0.301565440011779,-6.84408906315261,1.48435891430739e-11,6.02907763731678e-11
"ENSG00000179314","WSCD1",-0.298941018461532,-6.84243785397426,1.50065990461503e-11,6.09034052197657e-11
"ENSG00000149927","DOC2A",0.429440295228682,6.83904329634424,1.53472509673766e-11,6.22092725225975e-11
"ENSG00000155265","GOLGA7B",-0.363756278027326,-6.83898419655887,1.53532484585771e-11,6.22092725225975e-11
"ENSG00000173467","AGR3",0.443321116437054,6.83774036170196,1.54800085534545e-11,6.26720994066986e-11
"ENSG00000050165","DKK3",-0.272408955362684,-6.83680110608829,1.55764086131911e-11,6.30113617038473e-11
"ENSG00000037965","HOXC8",-0.142189905367955,-6.83629609752174,1.56284831376382e-11,6.31709100147056e-11
"ENSG00000230955","RP11-109P14.10",0.562525120936685,6.83465579717782,1.57988056323097e-11,6.38077771902653e-11
"ENSG00000197406","DIO3",-0.463721871312238,-6.83236648502935,1.6039566949249e-11,6.47278730801009e-11
"ENSG00000175093","SPSB4",-0.363207842615308,-6.83046980291226,1.62417596598404e-11,6.54909663703243e-11
"ENSG00000138207","RBP4",-0.383506880082968,-6.82670572451363,1.66504558995083e-11,6.70848344057546e-11
"ENSG00000113088","GZMK",-0.396248473563082,-6.82110730303773,1.72770472124781e-11,6.95024589495953e-11
"ENSG00000246090","RP11-696N14.1",-0.356992526563027,-6.82109621137759,1.72783112948694e-11,6.95024589495953e-11
"ENSG00000184925","LCN12",0.412622863726446,6.81821273133235,1.76100290364777e-11,7.07798594713732e-11
"ENSG00000253187","HOXA10-AS",-0.320317421312014,-6.8173750025889,1.77075676384595e-11,7.10751643126222e-11
"ENSG00000120088","CRHR1",-0.39651817409698,-6.81733763334761,1.77119309467054e-11,7.10751643126222e-11
"ENSG00000156738","MS4A1",-0.533894080300216,-6.81599657172019,1.78692160040824e-11,7.16488211871787e-11
"ENSG00000253755","IGHGP",-0.289770199480294,-6.80933939260914,1.86705051006438e-11,7.48017031275794e-11
"ENSG00000229847","EMX2OS",-0.24345680157397,-6.8054895108151,1.91498702761457e-11,7.66608097523848e-11
"ENSG00000005513","SOX8",-0.428506599864686,-6.80511012169083,1.91977579917959e-11,7.67910319671834e-11
"ENSG00000156219","ART3",-0.613358653883282,-6.79812294464508,2.01009990356652e-11,8.03397243631701e-11
"ENSG00000163293","NIPAL1",-0.365799296156591,-6.79466577439409,2.05631971237346e-11,8.21213942641159e-11
"ENSG00000227036","LINC00511",-0.327813250807833,-6.79107463776955,2.10543414075672e-11,8.40157278833486e-11
"ENSG00000181392","SYNE4",0.238631065785657,6.78887232507465,2.13612145091883e-11,8.51723066554557e-11
"ENSG00000172724","CCL19",-0.437375431884994,-6.78785362860013,2.1504640768971e-11,8.56758596373346e-11
"ENSG00000008517","IL32",-0.361521441852319,-6.78765535200288,2.15326665117613e-11,8.57192138207058e-11
"ENSG00000211716","TRBV9",-0.456115839742349,-6.78057969532881,2.25565782857465e-11,8.97238595296202e-11
"ENSG00000211898","IGHD",-0.492014491256919,-6.77856901631395,2.28561535964483e-11,9.0843217791925e-11
"ENSG00000104722","NEFM",-0.396374388592676,-6.77603140030709,2.32398130417629e-11,9.22947301102578e-11
"ENSG00000272482","RP11-474O21.5",-0.562465627427745,-6.77265640240225,2.3759875466609e-11,9.42852201055913e-11
"ENSG00000143195","ILDR2",-0.351847671603598,-6.77245227497925,2.37916934406641e-11,9.43366115807458e-11
"ENSG00000175745","NR2F1",-0.340330078890966,-6.76632653581898,2.47662175332873e-11,9.8122890385449e-11
"ENSG00000104921","FCER2",-0.620493727488424,-6.76532771537059,2.49287855374194e-11,9.86887788496412e-11
"ENSG00000159189","C1QC",-0.243442762556642,-6.76044477151864,2.57387181275032e-11,1.01742817244942e-10
"ENSG00000137441","FGFBP2",-0.508431953983151,-6.76043162754119,2.57409327629703e-11,1.01742817244942e-10
"ENSG00000156298","TSPAN7",-0.327426718854632,-6.74522286677229,2.8432745144113e-11,1.12293622212137e-10
"ENSG00000249971","RP11-256P1.1",0.610452918099878,6.74283723378229,2.8879300993116e-11,1.13967249380884e-10
"ENSG00000185269","NOTUM",-0.362401477131369,-6.73821127904387,2.97648952100261e-11,1.17369460607358e-10
"ENSG00000167889","MGAT5B",-0.433123016897973,-6.73690943193176,3.00188862024641e-11,1.18277723413964e-10
"ENSG00000173372","C1QA",-0.255277547271999,-6.7359428767466,3.02088349795016e-11,1.1893242117914e-10
"ENSG00000167964","RAB26",0.363301219625774,6.73357333708311,3.06795001293834e-11,1.20690401767834e-10
"ENSG00000163220","S100A9",-0.522919152065342,-6.7301341447318,3.13754478350571e-11,1.23240825345876e-10
"ENSG00000171658","RP11-443P15.2",-0.485978844641121,-6.73012600041475,3.13771141330601e-11,1.23240825345876e-10
"ENSG00000084453","SLCO1A2",-0.47821485099454,-6.72878731468659,3.16521869223188e-11,1.24169145478468e-10
"ENSG00000169035","KLK7",-0.494645556834981,-6.72873428449917,3.16631320970094e-11,1.24169145478468e-10
"ENSG00000197380","DACT3",-0.279846765244762,-6.7265178817518,3.21239205326409e-11,1.25877431554235e-10
"ENSG00000169442","CD52",-0.344912032369713,-6.72637001816133,3.21548941206015e-11,1.25900133596717e-10
"ENSG00000251493","FOXD1",-0.489271671151209,-6.72578649144024,3.22774138702947e-11,1.2628096193386e-10
"ENSG00000169550","MUC15",-0.481594441039961,-6.71628456560156,3.43380967150195e-11,1.34238063780373e-10
"ENSG00000238271","IFNWP19",-0.51132950214339,-6.71586591678311,3.44317958532806e-11,1.34499202551877e-10
"ENSG00000204851","PNMAL2",-0.306044256922416,-6.71520893614904,3.45793423508306e-11,1.3497011065898e-10
"ENSG00000189134","NKAPL",-0.313932307686709,-6.71384784381829,3.48869952148151e-11,1.36064723926736e-10
"ENSG00000046604","DSG2",-0.166382849695539,-6.71125579823847,3.54803240350615e-11,1.38270943238743e-10
"ENSG00000110195","FOLR1",-0.456874858066997,-6.71046486360232,3.56633336902092e-11,1.38875910008603e-10
"ENSG00000107485","GATA3",0.378428006442325,6.70880616840941,3.60501397626826e-11,1.40272917364524e-10
"ENSG00000198756","COLGALT2",-0.356500188587449,-6.70830634648085,3.61675020120517e-11,1.40620147791803e-10
"ENSG00000115590","IL1R2",-0.408279655645571,-6.70792036434225,3.62583899864989e-11,1.40863985961534e-10
"ENSG00000006606","CCL26",-0.292041286805152,-6.70468408302308,3.70293045635023e-11,1.43747300324155e-10
"ENSG00000181778","TMEM252",-0.458112374927921,-6.70439155416333,3.70997745307458e-11,1.43909133168137e-10
"ENSG00000180139","ACTA2-AS1",-0.311847493675943,-6.70326165436916,3.73732031901499e-11,1.44857376706008e-10
"ENSG00000139865","TTC6",0.398555290430769,6.70205729917444,3.76668246528776e-11,1.45882357292322e-10
"ENSG00000169679","BUB1",-0.261016949139097,-6.70148165057487,3.78079652007273e-11,1.46263162312865e-10
"ENSG00000141433","ADCYAP1",-0.527143207222867,-6.70141779410483,3.78236537741068e-11,1.46263162312865e-10
"ENSG00000116833","NR5A2",-0.2464420543091,-6.70109680727766,3.79026121209344e-11,1.46455224578572e-10
"ENSG00000108924","HLF",-0.389290642098805,-6.69692771188448,3.89429481217252e-11,1.50358873056854e-10
"ENSG00000110693","SOX6",-0.510674672275047,-6.69599967908662,3.91783060982566e-11,1.51150872292656e-10
"ENSG00000173546","CSPG4",-0.284043719168825,-6.69577361234551,3.92358496473919e-11,1.51256166720863e-10
"ENSG00000196126","HLA-DRB1",-0.344557222010222,-6.68998858237113,4.07368984903583e-11,1.56921796958237e-10
"ENSG00000188015","S100A3",-0.253949205183038,-6.6828411405708,4.2669353130957e-11,1.64239234530243e-10
"ENSG00000188176","SMTNL2",-0.482841758114231,-6.68264082888339,4.2724785975829e-11,1.64326099907035e-10
"ENSG00000227191","TRGC2",-0.413542059182338,-6.68146365735977,4.30519772675792e-11,1.65457253142119e-10
"ENSG00000145536","ADAMTS16",-0.461444819430392,-6.67990536819777,4.34888788841529e-11,1.67007983426086e-10
"ENSG00000174963","ZIC4",-0.476485276831577,-6.67671609200162,4.43966569065302e-11,1.70363226809402e-10
"ENSG00000169607","CKAP2L",-0.241119037024779,-6.67321305469537,4.54151503670711e-11,1.74137846499506e-10
"ENSG00000224287","MSL3P1",-0.519991723551482,-6.67177933694081,4.58385708368591e-11,1.756267081872e-10
"ENSG00000091622","PITPNM3",-0.328549494653266,-6.66422520658576,4.81342421508349e-11,1.84281172093548e-10
"ENSG00000135750","KCNK1",-0.444263577668258,-6.6636935196296,4.82999984459599e-11,1.84774286327314e-10
"ENSG00000146233","CYP39A1",-0.401346939370781,-6.66257722596886,4.86498313727939e-11,1.85970303412821e-10
"ENSG00000105131","EPHX3",-0.326241903277538,-6.66159464032804,4.89598158851474e-11,1.87012283747698e-10
"ENSG00000164935","DCSTAMP",-0.255058478388219,-6.65816645949569,5.00565662717442e-11,1.91055596457039e-10
"ENSG00000128422","KRT17",-0.403899790678746,-6.65128585585353,5.23309728968219e-11,1.99584183435629e-10
"ENSG00000256500","RP11-73M18.2",-0.21612233083517,-6.64892269383778,5.31352489715061e-11,2.02497137848728e-10
"ENSG00000062524","LTK",-0.505589737617567,-6.63673758959785,5.7478482805672e-11,2.18882265063488e-10
"ENSG00000109610","SOD3",-0.275233968675887,-6.62793419654797,6.0830924650806e-11,2.31472316022854e-10
"ENSG00000065328","MCM10",-0.318881841293442,-6.62407111648869,6.23618289467446e-11,2.37117220329827e-10
"ENSG00000226777","KIAA0125",-0.439651449641767,-6.62148151840641,6.34091320826445e-11,2.40916155329196e-10
"ENSG00000183780","SLC35F3",-0.457692959727693,-6.61929281310986,6.43077257071177e-11,2.44144744522087e-10
"ENSG00000180801","ARSJ",-0.315259573517417,-6.61826321545616,6.47347404166961e-11,2.45568571724299e-10
"ENSG00000198732","SMOC1",-0.43159975788138,-6.61815210217716,6.47809892208701e-11,2.45568571724299e-10
"ENSG00000198626","RYR2",-0.342724541948497,-6.61519777362181,6.60226158623e-11,2.50085666145076e-10
"ENSG00000103449","SALL1",-0.259025381160762,-6.61497561566325,6.61169199461022e-11,2.50253292755875e-10
"ENSG00000149295","DRD2",-0.397620284252425,-6.61361393028746,6.66978335404329e-11,2.52261095084845e-10
"ENSG00000173114","LRRN3",-0.371183619852375,-6.61330187421056,6.68316636022856e-11,2.5257620409027e-10
"ENSG00000198826","ARHGAP11A",-0.353413208110793,-6.61287962716185,6.70131696927984e-11,2.53070882525674e-10
"ENSG00000159217","IGF2BP1",-0.401532562058822,-6.61152675277324,6.75979717107318e-11,2.55086685700875e-10
"ENSG00000169248","CXCL11",-0.303876710173519,-6.60946797775831,6.84975170440645e-11,2.58286263363742e-10
"ENSG00000167767","KRT80",-0.246438901469472,-6.60740813181218,6.94092642492958e-11,2.61526994157106e-10
"ENSG00000275385","CCL18",-0.346797998643012,-6.60580719699932,7.01260857508436e-11,2.64028937314923e-10
"ENSG00000108387","SEPT4",-0.222612634850795,-6.60133949870881,7.21650867550952e-11,2.71501455060554e-10
"ENSG00000126218","F10",-0.280666239342621,-6.59845828836184,7.351072256942e-11,2.76356099885038e-10
"ENSG00000265303","CTD-2510F5.6",0.586113278312978,6.59710644029793,7.41505301669475e-11,2.78551954045633e-10
"ENSG00000175592","FOSL1",-0.372402331228637,-6.59345460283955,7.59062828541895e-11,2.84933494197408e-10
"ENSG00000110665","C11orf21",-0.439085427614898,-6.59014082904923,7.75347035574523e-11,2.90827845301772e-10
"ENSG00000169684","CHRNA5",-0.500728682757364,-6.58974276716545,7.77326026762037e-11,2.91351584243642e-10
"ENSG00000169894","MUC3A",-0.263826957630478,-6.58671038984813,7.92564986829617e-11,2.96674626848083e-10
"ENSG00000231107","LINC01508",-0.512056269275915,-6.58668090199971,7.92714602938078e-11,2.96674626848083e-10
"ENSG00000095713","CRTAC1",-0.391484911762814,-6.57893919071602,8.3296708152127e-11,3.11506014031888e-10
"ENSG00000173597","SULT1B1",-0.385574393012091,-6.57398082820556,8.59792436166082e-11,3.21297621885681e-10
"ENSG00000163347","CLDN1",-0.285092277835681,-6.56740134039604,8.96698210968997e-11,3.34838764364823e-10
"ENSG00000134569","LRP4",-0.28768197173532,-6.56572557777833,9.06343150510462e-11,3.38187742727784e-10
"ENSG00000145506","NKD2",-0.322131329839229,-6.55950523545623,9.43041383832422e-11,3.51618711346914e-10
"ENSG00000131730","CKMT2",-0.271441543031597,-6.55139009177456,9.93112986589143e-11,3.70012290085374e-10
"ENSG00000158481","CD1C",-0.380056877835781,-6.5502261565049,1.00050488890508e-10,3.72345221276474e-10
"ENSG00000249790","RP11-20D14.6",-0.440526180503204,-6.55016983238966,1.00086395479116e-10,3.72345221276474e-10
"ENSG00000174640","SLCO2A1",-0.242288196135738,-6.54904947107056,1.00803253047738e-10,3.74733282705344e-10
"ENSG00000016602","CLCA4",-0.409102590684574,-6.54698121010379,1.02139852832384e-10,3.79419958515542e-10
"ENSG00000173432","SAA1",-0.314343316605655,-6.54329406063602,1.04565830985471e-10,3.88143396382596e-10
"ENSG00000120907","ADRA1A",-0.409077524467804,-6.54305877948897,1.04722536305818e-10,3.88436707365795e-10
"ENSG00000168490","PHYHIP",-0.256889651869301,-6.54247528941395,1.05112153818204e-10,3.89592860704982e-10
"ENSG00000143546","S100A8",-0.503954672148451,-6.53553136715297,1.09859249216545e-10,4.06886108209425e-10
"ENSG00000007062","PROM1",-0.524866181957229,-6.53525427739465,1.10052969994161e-10,4.07301887469138e-10
"ENSG00000196169","KIF19",-0.465049975912052,-6.5320812069643,1.1229533630517e-10,4.15293403495451e-10
"ENSG00000005102","MEOX1",-0.359288528687476,-6.53044821909806,1.13466722714047e-10,4.19315309364549e-10
"ENSG00000110400","PVRL1",-0.261326234015904,-6.52910476239444,1.1443938466775e-10,4.22597432303359e-10
"ENSG00000050555","LAMC3",-0.364695949417046,-6.52591995039108,1.16777923261614e-10,4.30914845983815e-10
"ENSG00000152760","TCTEX1D1",-0.299302211689911,-6.52463504131366,1.17734595429324e-10,4.34124614414912e-10
"ENSG00000138722","MMRN1",-0.452330815021877,-6.52314496850041,1.18853633747392e-10,4.37927906217362e-10
"ENSG00000153902","LGI4",-0.217298861866176,-6.52081979878877,1.20620663469529e-10,4.44111426618297e-10
"ENSG00000164142","FAM160A1",-0.240898161542106,-6.51634377802591,1.24094966387303e-10,4.56567205251299e-10
"ENSG00000187773","FAM69C",-0.383503455815985,-6.51397877777285,1.25970058914191e-10,4.6312521659629e-10
"ENSG00000049768","FOXP3",-0.332335895428345,-6.50681424186972,1.31821393579858e-10,4.84281387141286e-10
"ENSG00000211642","IGLV10-54",-0.523508520611606,-6.50022710610805,1.37435465828985e-10,5.04535483953691e-10
"ENSG00000159618","ADGRG5",-0.40544632910233,-6.49764458816458,1.39699792603709e-10,5.12471726352566e-10
"ENSG00000176595","KBTBD11",-0.381237056243495,-6.49750538363504,1.39822877747038e-10,5.1254720581759e-10
"ENSG00000236333","TRHDE-AS1",-0.483300035968205,-6.49144803486772,1.45282872214782e-10,5.32171693094438e-10
"ENSG00000181617","FDCSP",-0.508992299969462,-6.49056729178265,1.4609394509887e-10,5.34750897140812e-10
"ENSG00000137573","SULF1",-0.246737836921116,-6.4895667406802,1.4702072777229e-10,5.37749552934492e-10
"ENSG00000007933","FMO3",-0.314164843725812,-6.48581309976038,1.50549200790697e-10,5.50252926866584e-10
"ENSG00000267045","AC006126.4",-0.271861192061592,-6.48429257691176,1.52001986891032e-10,5.55157001062935e-10
"ENSG00000259969","RP11-999E24.3",-0.337652988458095,-6.48360377677595,1.52664610354417e-10,5.57170110782543e-10
"ENSG00000153822","KCNJ16",-0.397338028815607,-6.48016342634413,1.56016782131219e-10,5.68988993913999e-10
"ENSG00000187486","KCNJ11",0.376400739191468,6.47992692262463,1.5624985272721e-10,5.69423661542309e-10
"ENSG00000105996","HOXA2",-0.327290512480827,-6.47969298261038,1.56480732139869e-10,5.69849716459828e-10
"ENSG00000146250","PRSS35",-0.370676650424776,-6.47710189491826,1.59060360588585e-10,5.78822272884226e-10
"ENSG00000006071","ABCC8",0.481329168607925,6.47530562254205,1.60873074089631e-10,5.84992996689565e-10
"ENSG00000099985","OSM",-0.354781873012079,-6.47283077415992,1.63403736320857e-10,5.93763576747301e-10
"ENSG00000281508","CDR1-AS",-0.335229348696006,-6.46917835203983,1.67209867695045e-10,6.07152751252886e-10
"ENSG00000168874","ATOH8",-0.308528766488913,-6.46691600193152,1.69610807684897e-10,6.15423830496722e-10
"ENSG00000121871","SLITRK3",-0.419833278520989,-6.46061462795088,1.76477495274255e-10,6.39461132214389e-10
"ENSG00000147488","ST18",-0.341718471651175,-6.46060222782603,1.76491272491171e-10,6.39461132214389e-10
"ENSG00000109956","B3GAT1",-0.400323986780909,-6.46042484599994,1.7668846868104e-10,6.39712051705429e-10
"ENSG00000187627","RGPD1",-0.489813459959842,-6.45757193397506,1.79889850368051e-10,6.50831585991502e-10
"ENSG00000172771","EFCAB12",0.485872505273357,6.45535800137323,1.82413263258288e-10,6.59483959719046e-10
"ENSG00000146147","MLIP",-0.476286929988057,-6.45511073281202,1.82697238593664e-10,6.60033376422196e-10
"ENSG00000260997","RP4-647J21.1",-0.3022139974391,-6.44683388461196,1.9245648629983e-10,6.94518573875589e-10
"ENSG00000259607","CTD-2647L4.5",0.641833421345761,6.44678092191658,1.92520548678313e-10,6.94518573875589e-10
"ENSG00000134028","ADAMDEC1",-0.316606206344233,-6.44004843255343,2.00836244054973e-10,7.23995111950156e-10
"ENSG00000230373","GOLGA6L5P",-0.336258573392823,-6.4317501196662,2.11570733686346e-10,7.62142412414792e-10
"ENSG00000166523","CLEC4E",-0.426168449634816,-6.42559306658801,2.19896211524388e-10,7.91563036444881e-10
"ENSG00000165072","MAMDC2",-0.325596638129289,-6.42365724589786,2.22579428954757e-10,8.00298322291803e-10
"ENSG00000205221","VIT",-0.305972915662208,-6.42361166452631,2.2264299326158e-10,8.00298322291803e-10
"ENSG00000144230","GPR17",-0.354566827178824,-6.42329544649802,2.23084456161117e-10,8.01309109774128e-10
"ENSG00000196611","MMP1",-0.325961529895192,-6.42174142891833,2.25266454107032e-10,8.08565879781162e-10
"ENSG00000187134","AKR1C1",-0.438221115682339,-6.41584000675452,2.33744515066019e-10,8.38394960781989e-10
"ENSG00000130234","ACE2",-0.498692059796079,-6.41546142973932,2.34298914753256e-10,8.39781056463283e-10
"ENSG00000173641","HSPB7",-0.261912670130645,-6.41352917616722,2.37148669704643e-10,8.49386352810326e-10
"ENSG00000249669","MIR143HG",-0.256800685823046,-6.41307315396412,2.37826157963798e-10,8.51203142318533e-10
"ENSG00000236756","DNAJC9-AS1",0.626917303372027,6.4049110473229,2.50277425374699e-10,8.95126700195634e-10
"ENSG00000268204","CTD-3214H19.6",0.297675741598515,6.40405249897615,2.51623631123167e-10,8.99298181283655e-10
"ENSG00000081853","PCDHGA2",-0.421621252124862,-6.40233185037259,2.54342974032322e-10,9.08367764401149e-10
"ENSG00000249306","LINC01411",0.541588881744274,6.40195632722481,2.54940268711708e-10,9.09851066066052e-10
"ENSG00000165478","HEPACAM",-0.42974556657264,-6.4003428364392,2.57522287834632e-10,9.18410441635636e-10
"ENSG00000174332","GLIS1",-0.326003355462877,-6.40018463396948,2.57776827361434e-10,9.18662962799124e-10
"ENSG00000149451","ADAM33",-0.277773245852229,-6.39926639897092,2.59259087552366e-10,9.23287348833212e-10
"ENSG00000126950","TMEM35",-0.314827336911696,-6.3948174744907,2.66559661682137e-10,9.48610895665969e-10
"ENSG00000254352","RP11-578O24.2",-0.554803623742361,-6.39101199262116,2.72963661487929e-10,9.70710033740857e-10
"ENSG00000254815","RP11-496I9.1",0.427280222941669,6.39063763929378,2.736017087251e-10,9.72287522121892e-10
"ENSG00000160180","TFF3",0.523522403128599,6.38789338759715,2.78323768697765e-10,9.88365655886949e-10
"ENSG00000100721","TCL1A",-0.465720555941936,-6.38332760069835,2.86357416168334e-10,1.01617252011474e-09
"ENSG00000211664","IGLV2-18",-0.438868376361561,-6.38110974191188,2.90341236816238e-10,1.02957885395829e-09
"ENSG00000124205","EDN3",-0.511215465040161,-6.37821683349729,2.95619182030607e-10,1.04755202703971e-09
"ENSG00000137672","TRPC6",-0.234137908807899,-6.37575735365175,3.0018008712573e-10,1.06296064846222e-09
"ENSG00000166091","CMTM5",-0.508364185587839,-6.3713666991203,3.08493929469476e-10,1.09162749281485e-09
"ENSG00000234899","SOX9-AS1",-0.397462360505395,-6.36728469969984,3.16425126454707e-10,1.11890073003786e-09
"ENSG00000105707","HPN",0.341640345522567,6.35167601291848,3.48633701488017e-10,1.23192120667144e-09
"ENSG00000169418","NPR1",-0.239396067067452,-6.34936893235789,3.53658623675676e-10,1.24879457512597e-09
"ENSG00000135298","ADGRB3",-0.321693288594612,-6.34634404310217,3.60354406864604e-10,1.27153989719338e-09
"ENSG00000167754","KLK5",-0.4781426189865,-6.34455023926578,3.64383501634407e-10,1.28485014680679e-09
"ENSG00000179455","MKRN3",-0.635982182376408,-6.34310540466554,3.67660776192209e-10,1.29549251653351e-09
"ENSG00000155886","SLC24A2",-0.340989530759087,-6.34265217901218,3.68694741193225e-10,1.29822091969445e-09
"ENSG00000217624","RP11-204C16.4",-0.238487673497443,-6.34235431781448,3.69375814032464e-10,1.29970377914308e-09
"ENSG00000159166","LAD1",-0.217365875066196,-6.34001079134323,3.74777487924403e-10,1.31778300957947e-09
"ENSG00000125726","CD70",-0.288865210023634,-6.33845878735227,3.78397196560502e-10,1.32957553253866e-09
"ENSG00000115008","IL1A",-0.286883439483128,-6.3340312997723,3.88912263974289e-10,1.36556272462882e-09
"ENSG00000154760","SLFN13",-0.498811175269942,-6.33073225777548,3.96932589410999e-10,1.39274592775789e-09
"ENSG00000128510","CPA4",-0.332609564364297,-6.32901481726057,4.01171662842553e-10,1.40663275891498e-09
"ENSG00000115648","MLPH",0.358021814647294,6.32802193711217,4.03642501527637e-10,1.41430449028605e-09
"ENSG00000130226","DPP6",-0.330318262181358,-6.32691548667385,4.06413500486314e-10,1.42301645828541e-09
"ENSG00000144406","UNC80",-0.422426608971086,-6.32645223526889,4.07579186082243e-10,1.4260993214914e-09
"ENSG00000136274","NACAD",-0.305073447474755,-6.31876195975087,4.27414817126008e-10,1.49445740253849e-09
"ENSG00000005073","HOXA11",-0.226988698960008,-6.31511262836774,4.37154853171798e-10,1.52744532904192e-09
"ENSG00000047597","XK",-0.511490704205449,-6.31352505956588,4.41459498153632e-10,1.54140886226827e-09
"ENSG00000132164","SLC6A11",-0.456197527645726,-6.31180935769937,4.46158173528548e-10,1.55672775132082e-09
"ENSG00000169994","MYO7B",-0.332440395489492,-6.31062552641488,4.49428725835773e-10,1.56704576651246e-09
"ENSG00000196338","NLGN3",-0.244700055222686,-6.30597140286309,4.62515363218308e-10,1.6115517882171e-09
"ENSG00000186642","PDE2A",-0.270194667583312,-6.3014169660218,4.75682094765074e-10,1.65627470322101e-09
"ENSG00000171004","HS6ST2",-0.37191179505205,-6.29886500136269,4.83219214707221e-10,1.68134730239117e-09
"ENSG00000257017","HP",-0.479935041005795,-6.29838551794027,4.84648321343284e-10,1.68514715348847e-09
"ENSG00000108813","DLX4",-0.416556479629356,-6.29767917312567,4.86761121748015e-10,1.69131730975683e-09
"ENSG00000173947","PIFO",0.337452624092943,6.2923766416249,5.02912044563124e-10,1.74622237695529e-09
"ENSG00000183798","EMILIN3",-0.446241883987011,-6.29189135797237,5.04416067380383e-10,1.75022924143089e-09
"ENSG00000241644","INMT",-0.320747915000824,-6.29095710936791,5.07323943788803e-10,1.75909827943413e-09
"ENSG00000173705","SUSD5",-0.336039055379867,-6.28905092804651,5.13307912346065e-10,1.77861369489281e-09
"ENSG00000139618","BRCA2",-0.300466844673062,-6.28889346008862,5.13805316957764e-10,1.77910428309475e-09
"ENSG00000164220","F2RL2",-0.378947381804863,-6.28683385259412,5.20354686494877e-10,1.80053524738712e-09
"ENSG00000184194","GPR173",-0.30405472681951,-6.27635275688956,5.54968866472118e-10,1.9189794829603e-09
"ENSG00000280435","RP4-555D20.1",-0.430149178015001,-6.27557204966398,5.57635414597773e-10,1.92686736212085e-09
"ENSG00000130176","CNN1",-0.241015220181203,-6.27331600075376,5.65411659806582e-10,1.9523883280614e-09
"ENSG00000108947","EFNB3",-0.29813551621162,-6.27304865573436,5.6634015155861e-10,1.95424482939479e-09
"ENSG00000105509","HAS1",-0.43607809424929,-6.27067626696841,5.74645043436767e-10,1.98153463254058e-09
"ENSG00000142765","SYTL1",0.209759713788403,6.26531957815896,5.93837194116467e-10,2.04630321887136e-09
"ENSG00000174502","SLC26A9",-0.455707428916816,-6.26269721663409,6.03459739981203e-10,2.07802940764877e-09
"ENSG00000188985","DHFRP1",-0.217305152938021,-6.26034327431291,6.12227034103519e-10,2.10676887165698e-09
"ENSG00000168589","DYNLRB2",0.372067718997777,6.25894484170408,6.17494340425535e-10,2.12343308261876e-09
"ENSG00000171476","HOPX",-0.246320341779384,-6.25762544375737,6.22504552449694e-10,2.13919090188898e-09
"ENSG00000170160","CCDC144A",-0.475154239310781,-6.25665707251967,6.26207055470448e-10,2.1504363168628e-09
"ENSG00000244731","C4A",0.482184553242784,6.25408840220295,6.36132777740318e-10,2.18302257289059e-09
"ENSG00000166105","GLB1L3",-0.370326850558768,-6.25131073252715,6.47039160866907e-10,2.21892716346676e-09
"ENSG00000136883","KIF12",0.266429411383669,6.25062100320905,6.49775547694642e-10,2.22678391944702e-09
"ENSG00000172927","MYEOV",-0.376192454097837,-6.24742981308302,6.62583996544205e-10,2.26912327583632e-09
"ENSG00000120645","IQSEC3",-0.31388762405186,-6.24564996032168,6.6983462671545e-10,2.29238407500154e-09
"ENSG00000235576","AC092580.4",-0.446963235792486,-6.24498556007453,6.72561038460423e-10,2.30014035041184e-09
"ENSG00000198046","ZNF667",-0.368806323719228,-6.24350567208658,6.78672901329262e-10,2.31945625881498e-09
"ENSG00000082497","SERTAD4",-0.243911810112706,-6.24308837905966,6.80406089236978e-10,2.32379128837766e-09
"ENSG00000182132","KCNIP1",-0.312115026608936,-6.24122284824446,6.88207441262603e-10,2.34883085755155e-09
"ENSG00000127472","PLA2G5",-0.245727469549258,-6.24044796020622,6.91473534840773e-10,2.35836812701492e-09
"ENSG00000095637","SORBS1",-0.268693609617744,-6.23865936907429,6.99070252788817e-10,2.38265253165923e-09
"ENSG00000260391","RP11-71H17.7",-0.351400102642134,-6.2286672188885,7.43034603116858e-10,2.53077180898113e-09
"ENSG00000154764","WNT7A",-0.337314134492406,-6.22628922167735,7.53889097614752e-10,2.56599420563224e-09
"ENSG00000115165","CYTIP",-0.358785203071757,-6.22418704772496,7.63613503330903e-10,2.59732484126158e-09
"ENSG00000118432","CNR1",-0.416226573364407,-6.22139037074929,7.76740801369208e-10,2.64017947440247e-09
"ENSG00000060140","STYK1",-0.30415767141907,-6.22120905549757,7.77599445719355e-10,2.64130246507933e-09
"ENSG00000250654","RP11-834C11.7",-0.258831350298479,-6.22007428415314,7.82994423713839e-10,2.65782221219905e-09
"ENSG00000123689","G0S2",-0.415974565542975,-6.21684660934622,7.98540320459877e-10,2.70875278310677e-09
"ENSG00000232044","LINC01105",-0.485586535207406,-6.20683538046224,8.48701903828048e-10,2.87695560619677e-09
"ENSG00000140254","DUOXA1",-0.306357452977458,-6.20524007511244,8.56974583294167e-10,2.9030304312133e-09
"ENSG00000187045","TMPRSS6",0.530262446925421,6.20063674650429,8.81289944549824e-10,2.98337828215919e-09
"ENSG00000224389","C4B",0.472733965169204,6.19633957651059,9.04595675909434e-10,3.05995584112763e-09
"ENSG00000224397","LINC01272",-0.350584129971519,-6.19624143155014,9.05134937805554e-10,3.05995584112763e-09
"ENSG00000172346","CSDC2",-0.309775760557032,-6.19508083805256,9.11535736012965e-10,3.07951262166542e-09
"ENSG00000172425","TTC36",0.597713944953725,6.19342605493418,9.20738579314981e-10,3.10741038509228e-09
"ENSG00000151632","AKR1C2",-0.425602756815451,-6.19337276665784,9.21036438141351e-10,3.10741038509228e-09
"ENSG00000162814","SPATA17",0.249469856222331,6.19287819888263,9.23805356843243e-10,3.11465056251936e-09
"ENSG00000101187","SLCO4A1",-0.410863985286113,-6.18956879982366,9.42543972304257e-10,3.17568723822189e-09
"ENSG00000163207","IVL",-0.429072735647271,-6.18686706281251,9.58116720653641e-10,3.22598222442303e-09
"ENSG00000135333","EPHA7",-0.365615597085614,-6.18382543313051,9.7594945852534e-10,3.28381379046211e-09
"ENSG00000167178","ISLR2",-0.279810578762279,-6.18278070638929,9.82149065349634e-10,3.30245146385217e-09
"ENSG00000113389","NPR3",-0.356474256261679,-6.18102892144717,9.92630933052689e-10,3.33429752160387e-09
"ENSG00000075275","CELSR1",0.270528274718438,6.1809752492372,9.92953801933632e-10,3.33429752160387e-09
"ENSG00000100146","SOX10",-0.498600167136597,-6.17862630275414,1.00718498708379e-09,3.37981539289863e-09
"ENSG00000158806","NPM2",-0.459587640752404,-6.17233206730176,1.04630829745486e-09,3.50874680568363e-09
"ENSG00000182885","ADGRG3",-0.385661765337025,-6.16761552161602,1.07659422252209e-09,3.60788948566385e-09
"ENSG00000111344","RASAL1",-0.356626360789983,-6.16443953335776,1.09746857583062e-09,3.67538036112063e-09
"ENSG00000162981","FAM84A",-0.274867321409216,-6.16306225532697,1.10664321795476e-09,3.70362522742558e-09
"ENSG00000123496","IL13RA2",-0.302323419329375,-6.1621658071844,1.11265504880829e-09,3.72125434384045e-09
"ENSG00000151572","ANO4",-0.359667784244706,-6.1586250489135,1.1367137294745e-09,3.79917690332387e-09
"ENSG00000235162","C12orf75",-0.307917904963033,-6.158217223583,1.13951723278991e-09,3.80600278152942e-09
"ENSG00000187243","MAGED4B",-0.343416516602307,-6.15699454849691,1.14796277096741e-09,3.83159898061496e-09
"ENSG00000280721","AC133644.2",-0.223558546043286,-6.15688630780827,1.14871337438837e-09,3.83159898061496e-09
"ENSG00000106819","ASPN",-0.377112625701789,-6.15671128175239,1.14992812044248e-09,3.83309373480827e-09
"ENSG00000129455","KLK8",-0.437300795796845,-6.15453065172718,1.16516809787922e-09,3.88130612218263e-09
"ENSG00000169218","RSPO1",-0.34157366528073,-6.15431793448249,1.1666652520388e-09,3.88370589893077e-09
"ENSG00000157303","SUSD3",0.560838584978881,6.1534708743263,1.17264572076783e-09,3.9010170351558e-09
"ENSG00000115380","EFEMP1",-0.283561119195583,-6.15208483966142,1.18249613005383e-09,3.93117064512577e-09
"ENSG00000275234","CTD-2396E7.11",0.114579462114385,6.15169583225291,1.18527525951799e-09,3.93779155986044e-09
"ENSG00000170465","KRT6C",-0.432672197862607,-6.14994485692526,1.19786367882465e-09,3.97697104523457e-09
"ENSG00000164120","HPGD",-0.4531564201054,-6.14638511480194,1.22385986870173e-09,4.06058350597786e-09
"ENSG00000196754","S100A2",-0.362332629078452,-6.14384977060467,1.24271018023737e-09,4.12039184428836e-09
"ENSG00000105255","FSD1",-0.417500712806164,-6.13834513546709,1.28461854054596e-09,4.25652266582492e-09
"ENSG00000101335","MYL9",-0.215399150614552,-6.13804626259346,1.28693302284956e-09,4.26136762532966e-09
"ENSG00000279204","RP11-175K6.2",-0.27293726982615,-6.13033187417028,1.34810272178934e-09,4.4609620178337e-09
"ENSG00000124102","PI3",-0.452720676035345,-6.12891199376633,1.35966668437186e-09,4.49625226313447e-09
"ENSG00000142149","HUNK",-0.353277141293719,-6.12659460954564,1.37874857356205e-09,4.55634029597504e-09
"ENSG00000158220","ESYT3",-0.382168905319088,-6.1227467020408,1.41101224339223e-09,4.65988191344859e-09
"ENSG00000183287","CCBE1",-0.291092204770509,-6.12171113577165,1.41982033920219e-09,4.68587570693793e-09
"ENSG00000187800","PEAR1",-0.284668334991882,-6.12153038445471,1.42136322810409e-09,4.68787344361507e-09
"ENSG00000198914","POU3F3",-0.336338615060346,-6.12073666475666,1.42815780089172e-09,4.7071779858e-09
"ENSG00000276850","CH17-360D5.2",-0.410415609368201,-6.11480545291131,1.47994522326355e-09,4.87465488558481e-09
"ENSG00000206195","DUXAP8",-0.267929929964434,-6.11433201936775,1.48415706152375e-09,4.8853096166022e-09
"ENSG00000198502","HLA-DRB5",-0.370885411122693,-6.1129281554783,1.49671527165917e-09,4.92340549887884e-09
"ENSG00000151322","NPAS3",-0.272442038693904,-6.1092245575291,1.53034564404605e-09,5.0307220382842e-09
"ENSG00000246022","ALDH1L1-AS2",-0.418571439198808,-6.10839325545965,1.53799502495912e-09,5.0525460741101e-09
"ENSG00000127083","OMD",-0.341268562202623,-6.10818092114035,1.53995483620299e-09,5.0556626270617e-09
"ENSG00000245750","DRAIC",0.421345920068165,6.10656421760372,1.55495691416755e-09,5.1015646790274e-09
"ENSG00000155011","DKK2",-0.283736232975978,-6.10567354712485,1.56328268261438e-09,5.1255169921783e-09
"ENSG00000248668","OXCT1-AS1",-0.402892659081321,-6.1053581653187,1.56624121543685e-09,5.13185195097265e-09
"ENSG00000154227","CERS3",-0.374030738304508,-6.10089511967962,1.60869878345312e-09,5.2675140257142e-09
"ENSG00000260807","RP11-161M6.2",-0.351498771373827,-6.09077272611307,1.70920138857871e-09,5.59293648095127e-09
"ENSG00000276953","TRBV12-4",-0.425236051794654,-6.09055822834624,1.71139605612768e-09,5.59645538302052e-09
"ENSG00000187479","C11orf96",-0.238272702870424,-6.08469604687074,1.77245229665917e-09,5.79165795114128e-09
"ENSG00000197165","SULT1A2",0.403211137499801,6.08460608313514,1.77340566463946e-09,5.79165795114128e-09
"ENSG00000006016","CRLF1",-0.358946859702724,-6.07971058085552,1.82604616277831e-09,5.95968068791875e-09
"ENSG00000248441","LINC01197",-0.274606690678623,-6.07893666201547,1.83450640774102e-09,5.98338684847038e-09
"ENSG00000111799","COL12A1",-0.249515533909205,-6.07836973905133,1.84072810348922e-09,5.99976565674453e-09
"ENSG00000160161","CILP2",-0.328480202268975,-6.07777352126707,1.8472935148857e-09,6.0172427194974e-09
"ENSG00000267034","RP11-384O8.1",-0.462380949887885,-6.077630276492,1.84887429526153e-09,6.01847101322113e-09
"ENSG00000140534","TICRR",-0.345218927796255,-6.07555160337537,1.87196267511397e-09,6.08966387480147e-09
"ENSG00000112214","FHL5",-0.241258602599638,-6.0744628512333,1.88416779677197e-09,6.12538295439523e-09
"ENSG00000100448","CTSG",-0.365275228846313,-6.07310431052614,1.89950626596614e-09,6.17123543198877e-09
"ENSG00000114805","PLCH1",-0.509788786818088,-6.06986077006641,1.93662165778448e-09,6.28773265514442e-09
"ENSG00000148773","MKI67",-0.207850306367922,-6.06680850110124,1.97219426936022e-09,6.39907290512727e-09
"ENSG00000164626","KCNK5",-0.354211275553596,-6.06584686496583,1.98353317076976e-09,6.43168991818988e-09
"ENSG00000147647","DPYS",-0.38403271498928,-6.0637383147456,2.00861879603487e-09,6.5088100973262e-09
"ENSG00000237988","OR2I1P",-0.326461547401264,-6.06121111234998,2.03909332270839e-09,6.59956800734996e-09
"ENSG00000170801","HTRA3",-0.321981834021454,-6.06119685546385,2.03926651427114e-09,6.59956800734996e-09
"ENSG00000176490","DIRAS1",-0.350188176640365,-6.05862123911695,2.07079162207897e-09,6.69725621629678e-09
"ENSG00000174460","ZCCHC12",-0.253277874731738,-6.05815514007853,2.07654719790493e-09,6.7115294049933e-09
"ENSG00000182667","NTM",-0.200421758606299,-6.05674944096994,2.09400003237448e-09,6.76356599604162e-09
"ENSG00000145283","SLC10A6",-0.282709039953536,-6.05398709572119,2.12871472160284e-09,6.87125475017057e-09
"ENSG00000130876","SLC7A10",-0.410253964122937,-6.04932624331609,2.18856552228154e-09,7.05988878155336e-09
"ENSG00000100079","LGALS2",-0.310821930788648,-6.04814813461151,2.20395193390771e-09,7.10493853613058e-09
"ENSG00000143452","HORMAD1",-0.561470262357481,-6.04760311210847,2.21110573708575e-09,7.1234076581371e-09
"ENSG00000130045","NXNL2",0.447253040510554,6.04579226937082,2.23503741172257e-09,7.19587061082605e-09
"ENSG00000274642","CH17-472G23.1",-0.445099733478752,-6.04486098652379,2.2474432615956e-09,7.23115592533976e-09
"ENSG00000008277","ADAM22",-0.341417058483285,-6.04450768196394,2.25216727961059e-09,7.24169543283146e-09
"ENSG00000215218","UBE2QL1",-0.301230053437921,-6.04275281121778,2.27577553573816e-09,7.3129033924748e-09
"ENSG00000142661","MYOM3",-0.211274054616376,-6.04175502639771,2.28930622982049e-09,7.3516577707787e-09
"ENSG00000042980","ADAM28",-0.321929379725879,-6.04008667089118,2.312105916022e-09,7.42010884474325e-09
"ENSG00000100450","GZMH",-0.329556172228036,-6.03434563501473,2.39226845268281e-09,7.6724453261155e-09
"ENSG00000165566","AMER2",-0.337406428304107,-6.02763653586101,2.4893879453361e-09,7.97880751710288e-09
"ENSG00000123473","STIL",-0.29578637280552,-6.02695888473992,2.4994087511201e-09,8.0057935654071e-09
"ENSG00000257660","RP11-579D7.4",0.291006969731306,6.02499391888749,2.52868883842639e-09,8.09439448920099e-09
"ENSG00000114378","HYAL1",-0.298496368878921,-6.02367813117618,2.54848227989417e-09,8.15253448462627e-09
"ENSG00000231367","AC016995.3",-0.374847138683628,-6.02201760123292,2.57367755095938e-09,8.22786940843792e-09
"ENSG00000125968","ID1",-0.262435669046611,-6.02049652007389,2.59697012351246e-09,8.29702914860211e-09
"ENSG00000258754","LINC01579",-0.412126034205984,-6.01745116593937,2.64422387285624e-09,8.44260495803397e-09
"ENSG00000178662","CSRNP3",-0.315328502489001,-6.01477357392533,2.6864634101734e-09,8.57199556532674e-09
"ENSG00000169429","CXCL8",-0.373919903413064,-6.01369383080301,2.70368218644962e-09,8.62143554352558e-09
"ENSG00000115255","REEP6",0.519426579282966,6.0134883330811,2.7069714540023e-09,8.62642273423296e-09
"ENSG00000133116","KL",-0.289081905991727,-6.01186254904876,2.73313229821709e-09,8.70424298795252e-09
"ENSG00000080007","DDX43",-0.44672536958408,-6.01157118585276,2.73784667783964e-09,8.7137068040727e-09
"ENSG00000197584","KCNMB2",-0.452716877623627,-6.00955416211379,2.77070122426727e-09,8.81266292705874e-09
"ENSG00000168497","SDPR",-0.395377237975634,-6.00753069004876,2.8040471645556e-09,8.91305519566308e-09
"ENSG00000163221","S100A12",-0.499445784645227,-6.00442979366898,2.85590960731145e-09,9.07213979450906e-09
"ENSG00000134548","SPX",-0.449160939161898,-6.00368707099447,2.86846986115363e-09,9.10625352747183e-09
"ENSG00000258064","RP11-293I14.2",-0.542855578474559,-6.00093968581912,2.91540120225956e-09,9.24588673026206e-09
"ENSG00000136541","ERMN",-0.316721700184228,-6.00089604607781,2.91615267472465e-09,9.24588673026206e-09
"ENSG00000163879","DNALI1",0.508589734884883,5.99803632089515,2.96581095165875e-09,9.39472004085962e-09
"ENSG00000268525","CTB-59C6.3",-0.318200647033545,-5.99797683647117,2.96685258890347e-09,9.39472004085962e-09
"ENSG00000188404","SELL",-0.354977145124183,-5.9970714839836,2.98275041823628e-09,9.43908360201355e-09
"ENSG00000112378","PERP",-0.200988774893523,-5.99613875696081,2.99921583679585e-09,9.48518607462319e-09
"ENSG00000130829","DUSP9",-0.408377428023568,-5.99076688983016,3.09578526329893e-09,9.78440348703834e-09
"ENSG00000157703","SVOPL",-0.348583039503315,-5.98965640681115,3.11612326385228e-09,9.84246135139698e-09
"ENSG00000108176","DNAJC12",0.491727534791964,5.9806517166684,3.2859241175166e-09,1.03722352194337e-08
"ENSG00000146530","VWDE",-0.446739114668202,-5.97988497078559,3.30079256406896e-09,1.04125948393343e-08
"ENSG00000160963","COL26A1",-0.340183101731117,-5.97949210347194,3.30843630220572e-09,1.0430127056134e-08
"ENSG00000119147","C2orf40",-0.41842270093156,-5.97833693851586,3.33101166583032e-09,1.04946807367055e-08
"ENSG00000178776","C5orf46",-0.248065771780529,-5.97211782870976,3.45515747874539e-09,1.0878959315949e-08
"ENSG00000214548","MEG3",-0.222070751185574,-5.97198630110452,3.45783116065846e-09,1.08805259932614e-08
"ENSG00000099337","KCNK6",0.344916163411463,5.97160107181531,3.46567368341545e-09,1.08983449164008e-08
"ENSG00000254445","HSPB2-C11orf52",-0.406498961646325,-5.97128647472153,3.4720911366588e-09,1.09116629059045e-08
"ENSG00000135116","HRK",-0.438975547452425,-5.96762022072446,3.54773871766261e-09,1.11423954700459e-08
"ENSG00000244306","LINC01296",-0.259615228926399,-5.96236265356884,3.65903265876618e-09,1.14847227205467e-08
"ENSG00000113303","BTNL8",-0.461312535464822,-5.95669597853667,3.7827990585201e-09,1.18657435963617e-08
"ENSG00000183166","CALN1",-0.39635435101824,-5.95300632506047,3.86556956795122e-09,1.2117772940286e-08
"ENSG00000159763","PIP",0.460335447246632,5.95072528496913,3.91762103638049e-09,1.22732488608411e-08
"ENSG00000115339","GALNT3",-0.389227738371926,-5.94703610474026,4.00325491895882e-09,1.25336722572286e-08
"ENSG00000179869","ABCA13",-0.508852628225412,-5.94602716284285,4.02699073006095e-09,1.25953632633896e-08
"ENSG00000129173","E2F8",-0.2378669477365,-5.94598451012509,4.02799717163199e-09,1.25953632633896e-08
"ENSG00000266010","GATA6-AS1",-0.379822170790962,-5.94581830809112,4.03192124648092e-09,1.25997538952529e-08
"ENSG00000164251","F2RL1",-0.208051180735242,-5.94165825866595,4.13136441386961e-09,1.29024497622411e-08
"ENSG00000240990","HOXA11-AS",-0.25262973351785,-5.93917405365354,4.19188379393142e-09,1.3083282752595e-08
"ENSG00000129354","AP1M2",0.0939560724282335,5.93787725453035,4.22381847941165e-09,1.31747301291692e-08
"ENSG00000279909","AC110615.1",0.572169571456341,5.93691840483585,4.24758330388213e-09,1.32405963337972e-08
"ENSG00000073111","MCM2",-0.283974453812448,-5.93601079110276,4.27019833130824e-09,1.33027985399011e-08
"ENSG00000118307","CASC1",0.356921731398128,5.93214788495884,4.36777054047602e-09,1.35982893539104e-08
"ENSG00000243955","GSTA1",-0.387827395890544,-5.93159416043577,4.3819338589687e-09,1.36338950185709e-08
"ENSG00000115138","POMC",-0.39019287145437,-5.92596796175376,4.52840485833104e-09,1.4080860877895e-08
"ENSG00000169245","CXCL10",-0.25891920347778,-5.92082393113851,4.66649290827208e-09,1.45012209703918e-08
"ENSG00000165591","FAAH2",0.225111612297367,5.91828740384299,4.73608694022184e-09,1.47083445348505e-08
"ENSG00000265415","CTD-2510F5.4",-0.218654782437631,-5.91816623014341,4.73943674990254e-09,1.47096112659917e-08
"ENSG00000122824","NUDT10",-0.318130462788571,-5.91765997446087,4.75345703215512e-09,1.47439734247988e-08
"ENSG00000196666","FAM180B",-0.432157564428135,-5.9101660833425,4.96578330653649e-09,1.53930046699829e-08
"ENSG00000105464","GRIN2D",-0.306652406401776,-5.90408836505285,5.14474853894793e-09,1.59378827104954e-08
"ENSG00000170891","CYTL1",-0.28975292683468,-5.90300781096806,5.17721822166179e-09,1.60285393859498e-08
"ENSG00000160188","RSPH1",0.319347930926878,5.89922640788052,5.29242612940737e-09,1.63750808459387e-08
"ENSG00000154102","C16orf74",0.330068211251492,5.89844885883169,5.31642353580865e-09,1.64391575009544e-08
"ENSG00000262406","MMP12",-0.301496024415311,-5.89774279414404,5.33830658212738e-09,1.64966210819758e-08
"ENSG00000136099","PCDH8",-0.459085868714059,-5.8956054803132,5.40508474481942e-09,1.66926644373669e-08
"ENSG00000173930","SLCO4C1",-0.311866759934584,-5.894664704782,5.43473570525365e-09,1.67738756334989e-08
"ENSG00000262967","RP11-294J22.6",0.531987041081402,5.89247827085116,5.50426046610479e-09,1.6977977995388e-08
"ENSG00000004776","HSPB6",-0.295300756840797,-5.88269549703558,5.82609783188662e-09,1.79596110724002e-08
"ENSG00000259459","RP11-321G12.1",0.472258158223655,5.8797535731274,5.92641860308214e-09,1.82576050618674e-08
"ENSG00000182580","EPHB3",-0.241619540495819,-5.87932174847131,5.94128496176585e-09,1.82921335029737e-08
"ENSG00000158488","CD1E",-0.305299499008887,-5.87776307598738,5.99524805680366e-09,1.84469170978574e-08
"ENSG00000156535","CD109",-0.344915082083245,-5.87763121880613,5.99983495838163e-09,1.84496769937934e-08
"ENSG00000198515","CNGA1",-0.437092475976935,-5.87531011091484,6.08114128411621e-09,1.86882030857904e-08
"ENSG00000258947","TUBB3",-0.308574926319533,-5.8741751823719,6.12128666637108e-09,1.88000204741126e-08
"ENSG00000100285","NEFH",-0.35443448494813,-5.87404551949221,6.12588958532496e-09,1.88026076897635e-08
"ENSG00000149043","SYT8",-0.372698203643223,-5.86920570130665,6.30013225546432e-09,1.93255590658415e-08
"ENSG00000134533","RERG",0.308396120357301,5.86766033682443,6.35677861823379e-09,1.94873654758853e-08
"ENSG00000157765","SLC34A2",-0.399185948141133,-5.86668314594738,6.39285400196296e-09,1.95859497609159e-08
"ENSG00000102349","KLF8",-0.305889276894714,-5.864432742018,6.47669350296528e-09,1.98306598376157e-08
"ENSG00000067445","TRO",-0.301015308628788,-5.86205352333178,6.56649699497314e-09,2.00933200580573e-08
"ENSG00000243509","TNFRSF6B",-0.545033558372051,-5.86188791937727,6.57279267161358e-09,2.00988699402433e-08
"ENSG00000122194","PLG",-0.398521826432795,-5.86179440791201,6.5763502444476e-09,2.00988699402433e-08
"ENSG00000188505","NCCRP1",-0.410240387634983,-5.85963083303102,6.65918766831266e-09,2.03396080278334e-08
"ENSG00000184682","PRR33",-0.404677310680647,-5.85655458399877,6.77872167201757e-09,2.06920685959022e-08
"ENSG00000259399","TGIF2-C20orf24",-0.282033209937976,-5.8445622878103,7.26498752251649e-09,2.21628661455659e-08
"ENSG00000100427","MLC1",-0.393258150259354,-5.84319202446359,7.32266663162465e-09,2.23252031451971e-08
"ENSG00000137285","TUBB2B",-0.309493539120324,-5.8405459115316,7.43531588162689e-09,2.26548320585828e-08
"ENSG00000100234","TIMP3",-0.267920202929668,-5.84006516367904,7.45596251473581e-09,2.27039053432881e-08
"ENSG00000163817","SLC6A20",-0.268506511633548,-5.83806937742175,7.54227417156726e-09,2.29527515872406e-08
"ENSG00000179639","FCER1A",-0.345156844738635,-5.8354062968359,7.65896153616362e-09,2.32936786379672e-08
"ENSG00000168952","STXBP6",-0.361514597419159,-5.82951050057279,7.9235866389908e-09,2.40838499665374e-08
"ENSG00000145386","CCNA2",-0.312838950612138,-5.82706477172053,8.03595470648566e-09,2.44105550014753e-08
"ENSG00000160801","PTH1R",-0.269364562625362,-5.82385350787201,8.18585439936188e-09,2.48508026695868e-08
"ENSG00000162482","AKR7A3",0.552998767459119,5.82183557553424,8.28143990625449e-09,2.51257278709177e-08
"ENSG00000198523","PLN",-0.232533012485231,-5.82139246331958,8.30257437370801e-09,2.51745736012978e-08
"ENSG00000134339","SAA2",-0.304996223497899,-5.81987718670445,8.37524400601686e-09,2.53795272909602e-08
"ENSG00000105374","NKG7",-0.352042518048591,-5.8186108904813,8.4364478923452e-09,2.55495090622205e-08
"ENSG00000101222","SPEF1",0.34668313589845,5.81327332261069,8.69925114210735e-09,2.63294526092837e-08
"ENSG00000090104","RGS1",-0.317518261069733,-5.81040612304751,8.84369642962391e-09,2.67504429208225e-08
"ENSG00000221887","HMSD",-0.487863210683874,-5.80866156599153,8.93272481723417e-09,2.70034002939364e-08
"ENSG00000168546","GFRA2",-0.330947058995196,-5.80470617143689,9.13782190979256e-09,2.76067127184065e-08
"ENSG00000149575","SCN2B",-0.38568879144237,-5.80390646542327,9.17984247202326e-09,2.77134965545116e-08
"ENSG00000154099","DNAAF1",0.416323991821991,5.80382273874487,9.18425275816513e-09,2.77134965545116e-08
"ENSG00000101447","FAM83D",-0.279152526148639,-5.80132882075711,9.31656961497911e-09,2.80958070415534e-08
"ENSG00000024526","DEPDC1",-0.233031472746142,-5.79833848330499,9.47767312117052e-09,2.85644156756194e-08
"ENSG00000104213","PDGFRL",-0.239273901721741,-5.79452992802645,9.68678972282801e-09,2.91770774783976e-08
"ENSG00000164434","FABP7",-0.493408444265793,-5.79295920957495,9.77433579183477e-09,2.94230457309897e-08
"ENSG00000160182","TFF1",0.456720525753949,5.78932284021937,9.97998051220706e-09,3.00240087611524e-08
"ENSG00000127252","HRASLS",-0.41983984980433,-5.78810545218174,1.00497631481042e-08,3.02157641253886e-08
"ENSG00000243232","PCDHAC2",-0.289443127101794,-5.78656089798158,1.01389835418532e-08,3.04656957387415e-08
"ENSG00000134042","MRO",-0.212911485886863,-5.78595310170309,1.01743036405377e-08,3.0553464385999e-08
"ENSG00000204644","ZFP57",-0.517709841077685,-5.78359949520263,1.03122094697744e-08,3.09490080125283e-08
"ENSG00000122254","HS3ST2",-0.290558396584969,-5.78230527538795,1.03888160209758e-08,3.11602160197235e-08
"ENSG00000232803","SLCO4A1-AS1",-0.508508701613931,-5.78004608128405,1.05238705270718e-08,3.15463744816301e-08
"ENSG00000198959","TGM2",-0.260131494636584,-5.77786569676617,1.06558340256799e-08,3.19228101428396e-08
"ENSG00000198734","F5",-0.265447335042073,-5.77691974364025,1.07135858087461e-08,3.20766042178026e-08
"ENSG00000140807","NKD1",-0.295753899346157,-5.77627712405125,1.07529923559992e-08,3.21753212327923e-08
"ENSG00000124875","CXCL6",-0.41685471487693,-5.77568078132602,1.07896873436306e-08,3.22658114343022e-08
"ENSG00000165140","FBP1",0.297948626454503,5.77460586330267,1.08561388644303e-08,3.2445125117843e-08
"ENSG00000125538","IL1B",-0.260493082822969,-5.77354657032562,1.09220141751535e-08,3.26225035100165e-08
"ENSG00000129514","FOXA1",0.270466402796956,5.7698986438674,1.11518626377547e-08,3.32891422022528e-08
"ENSG00000015413","DPEP1",-0.238867995681426,-5.7673230568942,1.13169742294795e-08,3.37618562931966e-08
"ENSG00000108700","CCL8",-0.284531627769063,-5.76693060205164,1.13423411364455e-08,3.38173558033557e-08
"ENSG00000154553","PDLIM3",-0.21657411747302,-5.76653972482302,1.13676610892279e-08,3.3872649252765e-08
"ENSG00000101282","RSPO4",-0.44453496960629,-5.76366456491733,1.15556045066631e-08,3.44121635100151e-08
"ENSG00000176244","ACBD7",-0.305920291019286,-5.76207548857747,1.16607735907196e-08,3.47046833057132e-08
"ENSG00000154118","JPH3",-0.310643877241049,-5.75981343632096,1.18120907170381e-08,3.5134118730036e-08
"ENSG00000078295","ADCY2",-0.318625787130011,-5.75790492498549,1.19412433987927e-08,3.54971563578855e-08
"ENSG00000236304","AP001189.4",-0.374701611318108,-5.75699311469847,1.20034316257781e-08,3.56608188525789e-08
"ENSG00000204531","POU5F1",-0.355846403069687,-5.75678186501742,1.20178844132064e-08,3.56825546710404e-08
"ENSG00000203697","CAPN8",0.387316766549103,5.75612338583519,1.20630434822714e-08,3.57953812530308e-08
"ENSG00000125285","SOX21",-0.282016764483175,-5.75601561506342,1.20704502071515e-08,3.57961156795714e-08
"ENSG00000255498","RP11-618K13.2",0.530448621681466,5.75438461372391,1.21830854061183e-08,3.61087297158218e-08
"ENSG00000102010","BMX",-0.33491101781197,-5.75323693287787,1.22629555814313e-08,3.63239205611118e-08
"ENSG00000261857","MIA",-0.500436465337138,-5.75222195074837,1.2334015418198e-08,3.65127750686737e-08
"ENSG00000171119","NRTN",-0.331936129779072,-5.74912547950349,1.2553287724192e-08,3.71399045094439e-08
"ENSG00000135424","ITGA7",-0.277313717442224,-5.74765333348753,1.26588619743018e-08,3.74242467041799e-08
"ENSG00000130294","KIF1A",-0.429376537537848,-5.7475769252149,1.26643650846945e-08,3.74242467041799e-08
"ENSG00000223573","TINCR",-0.42569745687613,-5.74724263798212,1.26884686589433e-08,3.74733274038491e-08
"ENSG00000146966","DENND2A",-0.207946805051237,-5.7457842437187,1.27941486440747e-08,3.77631305905392e-08
"ENSG00000133958","UNC79",-0.289622245996419,-5.74045815160374,1.31874212247413e-08,3.89009475656085e-08
"ENSG00000152785","BMP3",-0.392977767832,-5.73975658366915,1.32400931984259e-08,3.90332936274348e-08
"ENSG00000138685","FGF2",-0.335577732313404,-5.73865862302529,1.3322936569021e-08,3.92543799912229e-08
"ENSG00000234511","C5orf58",-0.426667333897828,-5.73808860993972,1.33661439400203e-08,3.93584921673153e-08
"ENSG00000025423","HSD17B6",-0.197926455632525,-5.73456890354667,1.3635976739957e-08,4.01294194819218e-08
"ENSG00000126353","CCR7",-0.394027388543842,-5.73327762369734,1.3736293937091e-08,4.04008645208558e-08
"ENSG00000215217","C5orf49",0.27641753997203,5.73082225148822,1.39290324754438e-08,4.09436580700877e-08
"ENSG00000111424","VDR",-0.171661704938121,-5.72921314287107,1.40567669997595e-08,4.12948501755566e-08
"ENSG00000162078","ZG16B",0.247729975157993,5.72825473421882,1.41333884816297e-08,4.14955621891653e-08
"ENSG00000171234","UGT2B7",-0.374480395560713,-5.72527118383075,1.43745242327665e-08,4.21787682886341e-08
"ENSG00000254726","MEX3A",-0.297050801912419,-5.71904517979692,1.48906845974085e-08,4.36676967665939e-08
"ENSG00000124766","SOX4",-0.212329834030118,-5.71852800268043,1.4934362893586e-08,4.37701139905802e-08
"ENSG00000272398","CD24",-0.248716924993795,-5.71820409397516,1.49617821331412e-08,4.38247865645613e-08
"ENSG00000270069","MIR222HG",-0.375294774667435,-5.71370537428548,1.53477064270212e-08,4.49288829830832e-08
"ENSG00000158022","TRIM63",-0.359080961586805,-5.71239478412756,1.54619462011296e-08,4.52368232917777e-08
"ENSG00000159164","SV2A",-0.31503631659827,-5.71201423732118,1.54952719123299e-08,4.53078126091518e-08
"ENSG00000128262","POM121L9P",-0.289110952377853,-5.70880386942491,1.57792099410418e-08,4.61110752222145e-08
"ENSG00000130595","TNNT3",-0.367738252832845,-5.70744458577012,1.59009502454504e-08,4.64396911374137e-08
"ENSG00000145358","DDIT4L",-0.319151726150631,-5.70626463638547,1.60073695810547e-08,4.67232036808369e-08
"ENSG00000168243","GNG4",-0.366070372818921,-5.70501987530046,1.61203853356942e-08,4.70256281671358e-08
"ENSG00000091482","SMPX",-0.396457703390577,-5.70414965509944,1.61998560474353e-08,4.72299010129308e-08
"ENSG00000166106","ADAMTS15",0.413471979380512,5.70358236213252,1.62518677791348e-08,4.73539270953812e-08
"ENSG00000167619","TMEM145",0.393540415684773,5.70099493349215,1.64911614992007e-08,4.80231843308115e-08
"ENSG00000257084","U47924.27",0.0999625671976626,5.69852036128087,1.6723222935587e-08,4.86706138986815e-08
"ENSG00000142449","FBN3",-0.397411552575015,-5.69836761243979,1.67376511173935e-08,4.86842673571655e-08
"ENSG00000171724","VAT1L",-0.239760730165199,-5.69820572344687,1.67529558689699e-08,4.87004531074706e-08
"ENSG00000125675","GRIA3",-0.314231698354799,-5.69773401805285,1.67976278889189e-08,4.88019404094099e-08
"ENSG00000109472","CPE",-0.217180694050192,-5.69623361311676,1.69404929961363e-08,4.91884233337291e-08
"ENSG00000226674","TEX41",-0.208850298593877,-5.69452427168992,1.71046932700568e-08,4.96363704876865e-08
"ENSG00000225706","PTPRD-AS1",-0.311967798169581,-5.69412163033648,1.71435959547073e-08,4.97204059011232e-08
"ENSG00000123570","RAB9B",-0.267104763465146,-5.69030100708723,1.75170490849276e-08,5.07740553186306e-08
"ENSG00000168993","CPLX1",0.314045731739669,5.68296477489234,1.8256455947526e-08,5.28866047147336e-08
"ENSG00000213023","SYT3",-0.400199661216992,-5.68170394726966,1.83865535953782e-08,5.32326392454492e-08
"ENSG00000245812","RP11-175K6.1",-0.268319109835469,-5.67983961385356,1.85805776662268e-08,5.37632455619989e-08
"ENSG00000230148","HOXB-AS1",0.283614385733863,5.67731536280658,1.88464570212568e-08,5.45010324501352e-08
"ENSG00000103034","NDRG4",-0.236252782990726,-5.67010674751114,1.96262775790616e-08,5.67233456042243e-08
"ENSG00000160862","AZGP1",0.22933332219099,5.66719380226547,1.9950222595382e-08,5.76189443618659e-08
"ENSG00000130475","FCHO1",-0.357917759649407,-5.66711371257817,1.99592023269503e-08,5.76189443618659e-08
"ENSG00000229119","CTB-63M22.1",0.39180006991193,5.66498307084895,2.0199540504745e-08,5.82791128238459e-08
"ENSG00000137142","IGFBPL1",-0.352071826078187,-5.66414554418021,2.02947828726209e-08,5.85201351574998e-08
"ENSG00000137869","CYP19A1",-0.340691705211366,-5.66319520137366,2.04033835465233e-08,5.87993762147647e-08
"ENSG00000118997","DNAH7",0.305574023266561,5.66071568785638,2.06893984883716e-08,5.95892813605174e-08
"ENSG00000179954","SSC5D",-0.337854170101785,-5.65854476743262,2.09430154246007e-08,6.02850184933814e-08
"ENSG00000237975","FLG-AS1",-0.336541481364353,-5.6575007502199,2.10660564761124e-08,6.06043051671819e-08
"ENSG00000265190","ANXA8",-0.356640272432616,-5.64385398535819,2.27404804260031e-08,6.53837850086346e-08
"ENSG00000258545","RHOXF1-AS1",-0.371179835359627,-5.64351047574315,2.27842553505694e-08,6.54719981338202e-08
"ENSG00000259357","RP11-316M1.12",0.352866889090608,5.64261556022836,2.28986834818248e-08,6.5763019764e-08
"ENSG00000111057","KRT18",0.157888420252114,5.64131973967229,2.3065364186126e-08,6.62036859532894e-08
"ENSG00000140600","SH3GL3",-0.398127109969496,-5.63656660646023,2.36869171805585e-08,6.79487010343043e-08
"ENSG00000187068","C3orf70",-0.27194005657883,-5.63518257169294,2.38709443263583e-08,6.84373403852016e-08
"ENSG00000237438","CECR7",-0.36789234511155,-5.63422160258818,2.3999535771477e-08,6.8766578141768e-08
"ENSG00000134830","C5AR2",0.473650477109114,5.63079066352052,2.44641628168221e-08,7.00577400252638e-08
"ENSG00000103241","FOXF1",-0.206812037189032,-5.62961749198287,2.4625034366433e-08,7.04780605793732e-08
"ENSG00000088726","TMEM40",-0.319321753278517,-5.62939116950713,2.46561870419252e-08,7.05268508064221e-08
"ENSG00000140538","NTRK3",-0.344870387221418,-5.62925603583662,2.4674806091512e-08,7.05397544068382e-08
"ENSG00000178934","LGALS7B",-0.398463801296633,-5.62701837691876,2.49851108695552e-08,7.13860310558721e-08
"ENSG00000067840","PDZD4",-0.285844803909706,-5.62216365982491,2.56714335334548e-08,7.3305064344531e-08
"ENSG00000148671","ADIRF",0.293388887262979,5.62036955322681,2.59296804289649e-08,7.40002295347171e-08
"ENSG00000166897","ELFN2",-0.412143322434486,-5.61956775129284,2.60459081455904e-08,7.42895269412162e-08
"ENSG00000145087","STXBP5L",-0.382754705071154,-5.61656060287117,2.64863476078738e-08,7.55027012767212e-08
"ENSG00000132170","PPARG",-0.255770090007396,-5.61183269283045,2.7193494851723e-08,7.74743443069031e-08
"ENSG00000090534","THPO",0.390186479450032,5.61061993485645,2.73778226899438e-08,7.79550759964231e-08
"ENSG00000142303","ADAMTS10",-0.288161847598515,-5.61046750066067,2.74010770067797e-08,7.79768839122928e-08
"ENSG00000143185","XCL2",-0.321135716591086,-5.60656477137552,2.800303231088e-08,7.96445742630262e-08
"ENSG00000091513","TF",-0.361393063841709,-5.60450474587468,2.83259330555696e-08,8.05171491062241e-08
"ENSG00000198915","RASGEF1A",-0.377526978760333,-5.60431596373471,2.83557042776494e-08,8.05559780615041e-08
"ENSG00000182566","CLEC4G",-0.478034489244073,-5.60037448832002,2.89842728764188e-08,8.22949258274243e-08
"ENSG00000257386","RP11-56G10.2",-0.525263627344278,-5.59929202231025,2.9159256791733e-08,8.27447695565637e-08
"ENSG00000143412","ANXA9",0.503803778269865,5.59748133921701,2.94542570558896e-08,8.35344783207306e-08
"ENSG00000172156","CCL11",-0.188695271433749,-5.59607379119297,2.96855796478193e-08,8.41427994552702e-08
"ENSG00000188662","HILS1",-0.422997452654035,-5.59519924706074,2.9830194403958e-08,8.45048000112126e-08
"ENSG00000071539","TRIP13",-0.260518148402899,-5.594671700691,2.99177604086107e-08,8.47048709190565e-08
"ENSG00000159648","TEPP",-0.435618189951201,-5.59210631730277,3.03471553006806e-08,8.58719731202056e-08
"ENSG00000100985","MMP9",-0.284563324596558,-5.58768913899083,3.11005799014149e-08,8.79541286804719e-08
"ENSG00000211452","DIO1",0.459447077796635,5.58680643246482,3.12533048609854e-08,8.833607931313e-08
"ENSG00000176083","ZNF683",-0.270252462412597,-5.58594807619584,3.14025156267799e-08,8.87076712620901e-08
"ENSG00000160111","CPAMD8",-0.37704904114457,-5.58536014205619,3.15051173244706e-08,8.89472538804929e-08
"ENSG00000271857","RP1-244F24.1",-0.352517194276638,-5.58499119090907,3.15696701045455e-08,8.90792045839319e-08
"ENSG00000258818","RNASE4",0.268652116426299,5.58435916235256,3.16805505026178e-08,8.93416539836937e-08
"ENSG00000182782","HCAR2",-0.225561910315873,-5.58305090273445,3.19112697966505e-08,8.99415721438852e-08
"ENSG00000128714","HOXD13",-0.322513376977025,-5.58150324619421,3.2186317031409e-08,9.0665681778617e-08
"ENSG00000186847","KRT14",-0.347256937726123,-5.5813672818202,3.22105902091644e-08,9.06829679312061e-08
"ENSG00000139626","ITGB7",-0.344542287628743,-5.5803448116741,3.23936984983248e-08,9.11471539063726e-08
"ENSG00000223485","RP11-417E7.1",-0.199236577302105,-5.57959735757397,3.2528195362954e-08,9.14741151939089e-08
"ENSG00000123358","NR4A1",-0.317754909953891,-5.57802358897211,3.28131557279556e-08,9.22235967621011e-08
"ENSG00000196584","XRCC2",-0.248504939456716,-5.57445653121723,3.34680481035109e-08,9.40113710772777e-08
"ENSG00000149300","C11orf52",0.17514316188536,5.57300543268423,3.37380808216189e-08,9.47166783313277e-08
"ENSG00000082684","SEMA5B",-0.191454668090707,-5.5706122315195,3.41880595517988e-08,9.59260930185152e-08
"ENSG00000170477","KRT4",-0.398382753222988,-5.56966187810339,3.43683616242739e-08,9.63779069665561e-08
"ENSG00000102970","CCL17",-0.282666319049158,-5.56894053514864,3.45058320569209e-08,9.67091705631191e-08
"ENSG00000187672","ERC2",-0.319919326836703,-5.56819390988309,3.46486833576169e-08,9.70551354555096e-08
"ENSG00000244056","RN7SL417P",-0.417750237834744,-5.56464693236417,3.53352110019505e-08,9.89227631633552e-08
"ENSG00000185133","INPP5J",0.333631677314673,5.56136320264945,3.5982556253951e-08,1.00678668869477e-07
"ENSG00000213145","CRIP1",0.395504311022577,5.55961873059082,3.63311282821686e-08,1.01597114883022e-07
"ENSG00000123364","HOXC13",-0.294743377803073,-5.55897217568791,3.64611512695874e-08,1.01903720708741e-07
"ENSG00000255071","SAA2-SAA4",-0.404227375454014,-5.55689746007149,3.68814394177564e-08,1.03020780496526e-07
"ENSG00000271447","MMP28",-0.237213202954836,-5.54968684850566,3.8379061118235e-08,1.07144224227345e-07
"ENSG00000112981","NME5",0.358051292668803,5.54582367752755,3.92055656386136e-08,1.09390529125596e-07
"ENSG00000275830","RP11-403A3.3",-0.367817756497289,-5.54445415891527,3.95026976319154e-08,1.1015810828755e-07
"ENSG00000243649","CFB",0.397760477938154,5.54412006896998,3.95755133409567e-08,1.10299646992633e-07
"ENSG00000261183","RP11-532F12.5",0.0982308439239961,5.54203546008914,4.00328126561774e-08,1.11512012969853e-07
"ENSG00000261616","RP11-6O2.3",-0.348865938334369,-5.54154994695438,4.01400540574391e-08,1.11699338957654e-07
"ENSG00000241186","TDGF1",-0.345314874105044,-5.54152875012039,4.01447424213809e-08,1.11699338957654e-07
"ENSG00000115919","KYNU",-0.377626645999055,-5.53812199195013,4.09052105983455e-08,1.13751976079937e-07
"ENSG00000167768","KRT1",-0.370776152786746,-5.53554657477874,4.1489373422758e-08,1.15312321908721e-07
"ENSG00000118193","KIF14",-0.246107906521921,-5.5291340065936,4.29793167825067e-08,1.19386991062519e-07
"ENSG00000164171","ITGA2",-0.277471284219683,-5.52620313841694,4.36774788170601e-08,1.21258963956302e-07
"ENSG00000152076","CCDC74B",0.393038280764759,5.52435486399507,4.41234064314941e-08,1.22428985658974e-07
"ENSG00000181234","TMEM132C",-0.414766015501936,-5.52066547908357,4.50267939813543e-08,1.24866317197322e-07
"ENSG00000274248","AJ011932.1",-0.43371812365686,-5.51908276427459,4.54198223322854e-08,1.25886425532942e-07
"ENSG00000007314","SCN4A",-0.27999967229432,-5.51610619157233,4.61680257073803e-08,1.2788926788748e-07
"ENSG00000198003","CCDC151",0.412485760650185,5.51547219792264,4.63289282019273e-08,1.28263920824826e-07
"ENSG00000112799","LY86",-0.193334142328018,-5.51460399165773,4.65501557721233e-08,1.28805079612959e-07
"ENSG00000162543","UBXN10",0.397081627879733,5.50297939287515,4.9612885637807e-08,1.37203776653227e-07
"ENSG00000167244","IGF2",-0.296894249857423,-5.49899494257365,5.07070184883585e-08,1.40152068790377e-07
"ENSG00000088386","SLC15A1",-0.424990589823726,-5.49489089407274,5.18584771045987e-08,1.43255461614914e-07
"ENSG00000259460","RP11-128A17.1",-0.465897345313071,-5.49456349122281,5.19514210285781e-08,1.43432968052397e-07
"ENSG00000101443","WFDC2",0.350180732878153,5.49054778164101,5.31046511587962e-08,1.46536013131336e-07
"ENSG00000112936","C7",-0.398010913792185,-5.4881113449737,5.38164202672478e-08,1.48418147455179e-07
"ENSG00000148123","RP11-35N6.1",-0.367773402422751,-5.48736679083845,5.4035772401849e-08,1.4894093826309e-07
"ENSG00000077522","ACTN2",-0.377104900362495,-5.48643001735702,5.43129873718866e-08,1.49622554743489e-07
"ENSG00000114547","ROPN1B",-0.473467158155457,-5.48626966388711,5.43605782174302e-08,1.49671195532572e-07
"ENSG00000170099","SERPINA6",0.57277085768434,5.4796146692359,5.63718004868537e-08,1.55123281471804e-07
"ENSG00000111846","GCNT2",-0.401118952730861,-5.4756837123698,5.75935256287699e-08,1.58398035282645e-07
"ENSG00000187210","GCNT1",-0.355606688902388,-5.47549972675865,5.76513328383273e-08,1.58469853871158e-07
"ENSG00000273760","CH17-360D5.3",-0.380017034876677,-5.46821394459232,5.99863132672501e-08,1.64797563921017e-07
"ENSG00000141526","SLC16A3",-0.310442042350016,-5.46769535256077,6.01559690178974e-08,1.65172896809164e-07
"ENSG00000136943","CTSV",-0.231624457280407,-5.46405856395556,6.13588875865523e-08,1.68383335857718e-07
"ENSG00000163072","NOSTRIN",0.3815337448085,5.46301511214936,6.17083126677883e-08,1.69249349061405e-07
"ENSG00000185052","SLC24A3",-0.30605321966758,-5.46150416989775,6.22177136461858e-08,1.70552943109062e-07
"ENSG00000152977","ZIC1",-0.430408985784933,-5.46038101279118,6.25990184806774e-08,1.71504160221034e-07
"ENSG00000163017","ACTG2",-0.27736344875217,-5.45846217565001,6.32557053922987e-08,1.73208393735758e-07
"ENSG00000138772","ANXA3",-0.35484891775089,-5.45723242169321,6.36800766113808e-08,1.7427497704264e-07
"ENSG00000125872","LRRN4",-0.365579597146213,-5.45695633089336,6.37757308877053e-08,1.74441277045146e-07
"ENSG00000172179","PRL",-0.32076590521023,-5.4563395743579,6.39899160206764e-08,1.74931427065818e-07
"ENSG00000251169","AC005355.2",0.43196894333448,5.45206271495797,6.54944937048957e-08,1.78946704111737e-07
"ENSG00000145244","CORIN",-0.366495896769953,-5.44839324264624,6.68127139554779e-08,1.82448700042266e-07
"ENSG00000186919","ZACN",0.452035534934685,5.44745298824005,6.7154613149336e-08,1.83214948867967e-07
"ENSG00000279649","RP11-96D1.8",-0.278546927222264,-5.44742010694866,6.71666002549969e-08,1.83214948867967e-07
"ENSG00000151640","DPYSL4",-0.318100389701734,-5.43397286748172,7.22469896622198e-08,1.96965620671265e-07
"ENSG00000109205","ODAM",-0.442536267635361,-5.4311529353681,7.33587009551747e-08,1.9988746854271e-07
"ENSG00000149090","PAMR1",-0.226491148269219,-5.42900677384145,7.42158949201246e-08,2.02113003595111e-07
"ENSG00000196376","SLC35F1",-0.214706630979293,-5.42615781860294,7.5368816169297e-08,2.05141034755844e-07
"ENSG00000259384","GH1",-0.350666800310114,-5.42446192117805,7.60633464175254e-08,2.06879097936754e-07
"ENSG00000274173","RP4-568C11.4",0.126092231564138,5.42439681714634,7.6090132221138e-08,2.06879097936754e-07
"ENSG00000254221","PCDHGB1",-0.430715506981551,-5.42277703466586,7.67595146955939e-08,2.08585637759766e-07
"ENSG00000147642","SYBU",0.33576997390251,5.4226048276058,7.68310151236824e-08,2.08666526680289e-07
"ENSG00000187720","THSD4",0.369352222984509,5.41947043135587,7.81437653738337e-08,2.12116626964804e-07
"ENSG00000011426","ANLN",-0.249707697212766,-5.4136385054455,8.06444444077672e-08,2.18785796005879e-07
"ENSG00000160460","SPTBN4",0.329085639790495,5.41310977403617,8.08749599709589e-08,2.19292190810626e-07
"ENSG00000170425","ADORA2B",-0.328088508623595,-5.41282466928708,8.0999524666104e-08,2.19510906954211e-07
"ENSG00000065621","GSTO2",0.297511569126875,5.4090222699627,8.26787243737625e-08,2.23940206862845e-07
"ENSG00000164318","EGFLAM",-0.18057466828659,-5.40683922977076,8.36579973957414e-08,2.26469944222364e-07
"ENSG00000185686","PRAME",-0.488828254621982,-5.4046298507309,8.46605376576429e-08,2.29059896259856e-07
"ENSG00000136492","BRIP1",-0.24452843383439,-5.40337185422314,8.52365699228946e-08,2.30493699088411e-07
"ENSG00000172901","LVRN",-0.315863981149084,-5.40326035271864,8.52878091007864e-08,2.30507592164288e-07
"ENSG00000261040","WFDC21P",-0.26645504045081,-5.4017546468314,8.59826709120126e-08,2.32260051085933e-07
"ENSG00000141485","SLC13A5",-0.3421718966652,-5.40025967352122,8.66780110443932e-08,2.34011908867152e-07
"ENSG00000088836","SLC4A11",-0.33049752369991,-5.39907930760964,8.72308717276058e-08,2.35377419664344e-07
"ENSG00000182010","RTKN2",-0.189681723040338,-5.39626772471734,8.85615750355805e-08,2.38839199125082e-07
"ENSG00000214402","LCNL1",-0.337550429801773,-5.39500867484501,8.91638379143171e-08,2.40333794917297e-07
"ENSG00000167749","KLK4",-0.276165115899551,-5.39347921411008,8.99007962019185e-08,2.42189644940513e-07
"ENSG00000171320","ESCO2",-0.205229721175408,-5.39314140686179,9.00643606023082e-08,2.4249962466965e-07
"ENSG00000178796","RIIAD1",0.377705458514748,5.39279558451872,9.02321048337311e-08,2.42820518928232e-07
"ENSG00000259153","RP6-65G23.3",0.136086121640676,5.39196068246827,9.06383313713944e-08,2.43782494274864e-07
"ENSG00000259134","LINC00924",-0.303111673431282,-5.38921979645431,9.1984433683402e-08,2.47269983019898e-07
"ENSG00000255686","RP11-227B21.2",0.344814085985253,5.38841153679787,9.23850737650622e-08,2.48213524355352e-07
"ENSG00000188257","PLA2G2A",-0.310381563456249,-5.38564880728697,9.37673292939929e-08,2.51791969103096e-07
"ENSG00000144824","PHLDB2",-0.262291454726357,-5.38276752041432,9.52302625764302e-08,2.55583098702174e-07
"ENSG00000189280","GJB5",-0.35963883699494,-5.38238222185382,9.54275625988776e-08,2.55975221563513e-07
"ENSG00000141837","CACNA1A",-0.255607444200643,-5.37888428643454,9.72369815908008e-08,2.60688958688474e-07
"ENSG00000146006","LRRTM2",-0.272472005983619,-5.37749684085045,9.79638597365469e-08,2.62496944631691e-07
"ENSG00000000005","TNMD",-0.385188198209052,-5.37001607324924,1.01974718746805e-07,2.73097800607405e-07
"ENSG00000112486","CCR6",-0.310327347077217,-5.36926597948638,1.02385559531739e-07,2.74051283543197e-07
"ENSG00000236740","RP11-411K7.1",-0.380345370885084,-5.35824192660899,1.08611977231533e-07,2.90561736841983e-07
"ENSG00000073737","DHRS9",-0.296621701343911,-5.356154704269,1.09831485405271e-07,2.93667073276126e-07
"ENSG00000259658","RP11-89K11.1",-0.443561274188821,-5.35347389547192,1.11417297716364e-07,2.97747989621496e-07
"ENSG00000238057","ZEB2-AS1",-0.386766562428446,-5.35284031936781,1.11795315383367e-07,2.98598598780361e-07
"ENSG00000250366","TUNAR",-0.408419845869777,-5.34981935628397,1.13614911449025e-07,3.03296613585224e-07
"ENSG00000115361","ACADL",-0.372668960905457,-5.34903071874613,1.14094631944934e-07,3.04414706363217e-07
"ENSG00000118513","MYB",0.246285747791261,5.34548615598556,1.16275109335642e-07,3.10066958228378e-07
"ENSG00000282221","RP11-27G14.4",-0.283686752246252,-5.33909106736648,1.20311734844913e-07,3.2066027410691e-07
"ENSG00000163218","PGLYRP4",-0.413351585768317,-5.33773658814406,1.21183958473006e-07,3.22812888846579e-07
"ENSG00000135374","ELF5",-0.381428641623917,-5.33710723825523,1.21591314037814e-07,3.23725543231666e-07
"ENSG00000175874","CREG2",-0.260250932182071,-5.33603639189063,1.22287486783389e-07,3.25405765788687e-07
"ENSG00000120129","DUSP1",-0.353943806967704,-5.33030045880018,1.26082773944306e-07,3.35326526447623e-07
"ENSG00000124839","RAB17",0.229689004094467,5.32986862445864,1.26373081015525e-07,3.35919938903576e-07
"ENSG00000172403","SYNPO2",-0.248414321190634,-5.31980271313903,1.33326553387205e-07,3.54215072760905e-07
"ENSG00000101977","MCF2",-0.360008958492659,-5.31563341524723,1.36314024239769e-07,3.61959703238897e-07
"ENSG00000158769","F11R",-0.183823621561836,-5.31522746516138,1.36608345413471e-07,3.62548687403055e-07
"ENSG00000164181","ELOVL7",-0.299135558834157,-5.31146312830491,1.39367050710992e-07,3.69673874564966e-07
"ENSG00000263873","RP11-334E6.12",-0.298369626098226,-5.31094907025909,1.39747943800152e-07,3.70487655885875e-07
"ENSG00000153292","ADGRF1",-0.321525487676298,-5.31003655421196,1.40426561703734e-07,3.72089458674442e-07
"ENSG00000076344","RGS11",0.278688990042373,5.30920448210493,1.41048137774259e-07,3.73538500461491e-07
"ENSG00000251301","RP11-81H14.2",-0.306718489433561,-5.30865128059191,1.41462865954311e-07,3.74438501731897e-07
"ENSG00000112175","BMP5",-0.402381670771022,-5.30807978744758,1.4189254790988e-07,3.75377110872698e-07
"ENSG00000254979","RP11-872D17.8",-0.293729941555442,-5.30791628838369,1.42015708535891e-07,3.7550425313562e-07
"ENSG00000137975","CLCA2",-0.397941107163755,-5.30306642216856,1.45716490849697e-07,3.85085863767699e-07
"ENSG00000186235","AC016757.3",-0.473934812031207,-5.29902851768093,1.48868820624662e-07,3.93208717973221e-07
"ENSG00000166206","GABRB3",-0.395038482955437,-5.2958687490879,1.51381586146191e-07,3.99634599118774e-07
"ENSG00000167311","ART5",-0.291813021442036,-5.29464676947941,1.52364327058075e-07,4.0201669408463e-07
"ENSG00000122756","CNTFR",-0.343567464418747,-5.29441875389538,1.5254838483207e-07,4.02290044388371e-07
"ENSG00000139572","GPR84",-0.2735258423209,-5.29347715017959,1.53310746281866e-07,4.03971933413879e-07
"ENSG00000136160","EDNRB",-0.221012487603887,-5.29343156688389,1.53347745923909e-07,4.03971933413879e-07
"ENSG00000197106","SLC6A17",-0.275209924260844,-5.29277663080824,1.53880308972339e-07,4.05161424361083e-07
"ENSG00000278058","RP11-70D24.2",-0.286524791091042,-5.29209601286912,1.54435653765203e-07,4.06409615171587e-07
"ENSG00000101746","NOL4",-0.397743030782621,-5.29148843394885,1.54933042846143e-07,4.07504057985648e-07
"ENSG00000227640","SOX21-AS1",-0.266657701452146,-5.28990525167251,1.56236402494685e-07,4.10716094886132e-07
"ENSG00000130203","APOE",-0.204738589843833,-5.28959529392223,1.5649281657261e-07,4.10991582598228e-07
"ENSG00000231852","CYP21A2",0.405987290460309,5.2895798604312,1.56505594653405e-07,4.10991582598228e-07
"ENSG00000269936","RP11-394O4.5",-0.195139374009209,-5.28935901529587,1.56688553017436e-07,4.11256044665185e-07
"ENSG00000181418","DDN",-0.301017482151344,-5.28661396873666,1.58980042301618e-07,4.17051527548841e-07
"ENSG00000095752","IL11",-0.190425817909427,-5.28631245061588,1.59233711207898e-07,4.17497931850808e-07
"ENSG00000185668","POU3F1",-0.267260558690957,-5.28594741768933,1.59541340193897e-07,4.18085273044803e-07
"ENSG00000110675","ELMOD1",-0.238315555338239,-5.28297573453629,1.62067217934854e-07,4.24481974685318e-07
"ENSG00000117394","SLC2A1",-0.229124728681325,-5.281524681844,1.63314620350909e-07,4.27525184164682e-07
"ENSG00000259439","RP11-89K21.1",-0.486934127943772,-5.27836834941773,1.66060171914448e-07,4.34485012858315e-07
"ENSG00000131401","NAPSB",-0.273469818268374,-5.27724019305709,1.67052308304683e-07,4.36852270671243e-07
"ENSG00000178965","ERICH3",0.436119407133704,5.2766622310511,1.67562808119265e-07,4.37958202089036e-07
"ENSG00000189350","FAM179A",-0.4157259052363,-5.2747092381293,1.6929904371334e-07,4.42234900257776e-07
"ENSG00000272114","RP1-261G23.7",-0.214539553186341,-5.27462316116467,1.69375966798728e-07,4.42234900257776e-07
"ENSG00000167711","SERPINF2",-0.258229202317731,-5.27210579846518,1.71640651928937e-07,4.47914018603699e-07
"ENSG00000214447","FAM187A",0.290018820422028,5.26936268327529,1.74141819915489e-07,4.54204016472325e-07
"ENSG00000168306","ACOX2",0.446266817192592,5.26589015464642,1.77358731691762e-07,4.62353315150578e-07
"ENSG00000268496","CTD-2587H19.2",-0.429952332010533,-5.26493629771347,1.78252402387985e-07,4.64440860833729e-07
"ENSG00000141052","MYOCD",-0.266161392228459,-5.26415266776049,1.78989848697643e-07,4.66119397650112e-07
"ENSG00000204655","MOG",-0.339023608136192,-5.26294883052014,1.80128496459848e-07,4.68840438469151e-07
"ENSG00000107147","KCNT1",-0.333914015756307,-5.26149462060902,1.81513316055493e-07,4.72199053214082e-07
"ENSG00000185739","SRL",-0.222575457388341,-5.26093963638124,1.82044531794574e-07,4.73334716054534e-07
"ENSG00000116990","MYCL",-0.26738773487742,-5.26033370341964,1.82626233496957e-07,4.74600398900617e-07
"ENSG00000162174","ASRGL1",-0.395408083662298,-5.25533480921092,1.87494395275734e-07,4.8699842928762e-07
"ENSG00000196876","SCN8A",-0.372220484088317,-5.2551702149624,1.87656803214114e-07,4.87167194221481e-07
"ENSG00000138696","BMPR1B",0.508635469977091,5.25424950175266,1.88567801982272e-07,4.89278157712175e-07
"ENSG00000179344","HLA-DQB1",-0.315006091909494,-5.25182569835345,1.90986555879013e-07,4.95297084748478e-07
"ENSG00000131409","LRRC4B",-0.270180529142868,-5.24774636360998,1.95125379994933e-07,5.05768221863487e-07
"ENSG00000185527","PDE6G",-0.231984232921739,-5.24697739152722,1.95915235180906e-07,5.0755242274846e-07
"ENSG00000273650","CTD-3193K9.11",0.391039782500524,5.24551479140324,1.97426108056461e-07,5.1120172981994e-07
"ENSG00000148357","HMCN2",-0.274423967946729,-5.23850828650157,2.04821724475144e-07,5.30076926695507e-07
"ENSG00000164106","SCRG1",-0.334818977767539,-5.23828648627133,2.05060168758173e-07,5.30419474283946e-07
"ENSG00000167992","VWCE",-0.302692077815106,-5.23707650374682,2.06365688827347e-07,5.33520395106894e-07
"ENSG00000279569","RP11-394B2.1",-0.319053491682627,-5.23350138542016,2.1027027722667e-07,5.43334049681319e-07
"ENSG00000188833","ENTPD8",0.326145962638419,5.23324515138129,2.10552855103224e-07,5.43783200163286e-07
"ENSG00000221818","EBF2",-0.17589232911781,-5.23312975863493,2.10680231595002e-07,5.43831263797115e-07
"ENSG00000137812","CASC5",-0.200873177397972,-5.2298524836649,2.14329164830514e-07,5.52964821544153e-07
"ENSG00000007402","CACNA2D2",0.410518870117188,5.22901933517756,2.15266505701853e-07,5.55096714032628e-07
"ENSG00000177359","OVOS2",-0.462652498931204,-5.22879952317354,2.1551446795205e-07,5.55449659670232e-07
"ENSG00000138778","CENPE",-0.247154121400919,-5.22749844405679,2.16987841654824e-07,5.58958891434375e-07
"ENSG00000068976","PYGM",-0.195827593150797,-5.22712833649126,2.17408738793311e-07,5.59754734277319e-07
"ENSG00000154080","CHST9",-0.357220158469728,-5.22622298415277,2.18441665905007e-07,5.6212471926147e-07
"ENSG00000034239","EFCAB1",-0.343719759194849,-5.22546680099831,2.1930804373628e-07,5.64063898498664e-07
"ENSG00000172260","NEGR1",-0.266527380117655,-5.22097427482527,2.2452423792318e-07,5.77183130907917e-07
"ENSG00000064195","DLX3",-0.279017726189845,-5.21445791468201,2.32304245529843e-07,5.96876273201036e-07
"ENSG00000142945","KIF2C",-0.248436276576161,-5.20741689174237,2.41003875477234e-07,6.18910825570709e-07
"ENSG00000130283","GDF1",-0.326331825754538,-5.20688018289851,2.41679794672421e-07,6.20328015072948e-07
"ENSG00000156218","ADAMTSL3",-0.246122808501046,-5.20374828075976,2.45660783649614e-07,6.30222636350986e-07
"ENSG00000184451","CCR10",-0.322031067638075,-5.20359490358861,2.45857364066497e-07,6.30403497606404e-07
"ENSG00000128596","CCDC136",-0.262267234789026,-5.2032411626668,2.4631132726613e-07,6.31243791045951e-07
"ENSG00000164530","PI16",-0.409433624100106,-5.20192940539074,2.48001825205691e-07,6.35250576858841e-07
"ENSG00000135218","CD36",-0.365379735489124,-5.20023998983294,2.50195570754099e-07,6.40541655796466e-07
"ENSG00000181631","P2RY13",-0.272685238700766,-5.19711514209226,2.5430285119333e-07,6.50723774803812e-07
"ENSG00000254560","BBOX1-AS1",-0.317630322483219,-5.19340566818232,2.59263297155401e-07,6.6307748633095e-07
"ENSG00000099769","IGFALS",0.503350987541562,5.19219128264899,2.60907466518452e-07,6.6694137658091e-07
"ENSG00000182836","PLCXD3",-0.361848956932583,-5.18860735366655,2.65818826203236e-07,6.79148763932642e-07
"ENSG00000111404","RERGL",-0.371596647661863,-5.18735824799223,2.67551510968326e-07,6.83226534648433e-07
"ENSG00000092850","TEKT2",0.342846834854064,5.18576189057067,2.69781795448133e-07,6.8857017725404e-07
"ENSG00000171236","LRG1",0.442136786870291,5.18320226032534,2.73395470098282e-07,6.97437423720108e-07
"ENSG00000174500","GCSAM",-0.247011222233841,-5.18291247422137,2.73807527937641e-07,6.98132401676799e-07
"ENSG00000172232","AZU1",0.429638864606055,5.18257380645614,2.74289853951968e-07,6.99005744016228e-07
"ENSG00000261116","RP3-523K23.2",-0.273666233149718,-5.18172498447163,2.7550234957878e-07,7.01738027454865e-07
"ENSG00000065618","COL17A1",-0.317812320668169,-5.18028866657039,2.77565871991196e-07,7.0663409366394e-07
"ENSG00000250056","LINC01018",-0.347112299288058,-5.17988087644442,2.78154454217062e-07,7.07772148135017e-07
"ENSG00000237940","AC093642.3",0.479720794906713,5.17976831032359,2.78317138622593e-07,7.0782588662918e-07
"ENSG00000215861","WI2-1896O14.1",-0.242154824798836,-5.17904275497452,2.79367947103721e-07,7.10137130411086e-07
"ENSG00000258498","DIO3OS",-0.266750970445127,-5.17879957358668,2.79721000310743e-07,7.10673273147213e-07
"ENSG00000051341","POLQ",-0.223980730755505,-5.17808873037746,2.80755486537956e-07,7.1293927510908e-07
"ENSG00000229776","C4B-AS1",0.401767533741338,5.17256105889281,2.88927150958639e-07,7.32945588428815e-07
"ENSG00000233627","C4A-AS1",0.401767533741338,5.17256105889281,2.88927150958639e-07,7.32945588428815e-07
"ENSG00000132554","RGS22",0.381088883745931,5.17178520307332,2.90092369370506e-07,7.35528319904935e-07
"ENSG00000099994","SUSD2",-0.321331846654912,-5.17118154137353,2.91002121456921e-07,7.37461027513739e-07
"ENSG00000162873","KLHDC8A",-0.180797491802939,-5.16628767147238,2.98480042230107e-07,7.56028475760148e-07
"ENSG00000236279","CLEC2L",-0.350135212026202,-5.16365580612333,3.02578097754464e-07,7.65823068335847e-07
"ENSG00000227644","HIGD1AP11",-0.433290750495841,-5.16360784731315,3.02653276606327e-07,7.65823068335847e-07
"ENSG00000006377","DLX6",-0.390762952762023,-5.15946500013895,3.09216129460679e-07,7.82033711332017e-07
"ENSG00000184905","TCEAL2",-0.331412577316162,-5.15871122058789,3.10424932179205e-07,7.8469396405259e-07
"ENSG00000155918","RAET1L",-0.386100222174574,-5.1572723572986,3.12745075281435e-07,7.90159361499331e-07
"ENSG00000112319","EYA4",-0.384779806576239,-5.15156770772817,3.2210989770624e-07,8.13408832591516e-07
"ENSG00000164929","BAALC",-0.275225178781608,-5.14871980580651,3.26885975386962e-07,8.25052941410808e-07
"ENSG00000262370","RP11-473M20.9",-0.272462395256985,-5.14812994673459,3.27883725878582e-07,8.27153697978259e-07
"ENSG00000178919","FOXE1",-0.274771066015048,-5.1476879843327,3.28633237666809e-07,8.28626418726194e-07
"ENSG00000128045","RASL11B",-0.247304687459118,-5.14678041590381,3.30177556159593e-07,8.32100695966716e-07
"ENSG00000145692","BHMT",-0.320466876573591,-5.145700760546,3.32023839504991e-07,8.36332089433227e-07
"ENSG00000154545","MAGED4",-0.384435866416301,-5.14477169989063,3.33620584735523e-07,8.39930978689634e-07
"ENSG00000111247","RAD51AP1",-0.254183645038215,-5.13791988444065,3.45628066409866e-07,8.6972336791612e-07
"ENSG00000088538","DOCK3",-0.33370313027389,-5.13736723861723,3.46614559435066e-07,8.71767000591212e-07
"ENSG00000130600","H19",-0.188839386367499,-5.13375024999036,3.53138564604638e-07,8.87728920574756e-07
"ENSG00000267228","RP11-49K24.6",-0.385306983972743,-5.13321852363907,3.54107600636928e-07,8.89717589540019e-07
"ENSG00000092009","CMA1",-0.375492268091954,-5.12933412963436,3.61265063355517e-07,9.07245262068098e-07
"ENSG00000179178","TMEM125",0.105006891522332,5.1193532372257,3.8030342384085e-07,9.54576867070406e-07
"ENSG00000225986","UBXN10-AS1",0.258726913333034,5.11576326001165,3.8738558263203e-07,9.71865485780305e-07
"ENSG00000113368","LMNB1",-0.221332707730516,-5.11298690771992,3.92949916292507e-07,9.8533078308051e-07
"ENSG00000139926","FRMD6",-0.225546600410562,-5.11120109470197,3.96569769924027e-07,9.93909197804578e-07
"ENSG00000239704","CDRT4",0.341342553889776,5.11080994754405,3.97366920035242e-07,9.95408116320747e-07
"ENSG00000143674","MLK4",-0.307301214627675,-5.10875390280969,4.01582633934955e-07,1.0054647820104e-06
"ENSG00000121621","KIF18A",-0.20926546249493,-5.1076944859764,4.0377170676679e-07,1.0104397066236e-06
"ENSG00000244682","FCGR2C",-0.267129618226846,-5.10718905924219,4.04820129746391e-07,1.01255660266731e-06
"ENSG00000105784","RUNDC3B",-0.275792275562603,-5.10668853790625,4.05860970292387e-07,1.01465242573097e-06
"ENSG00000104879","CKM",-0.249809686430025,-5.10292650375894,4.13767382433107e-07,1.0339015053301e-06
"ENSG00000155974","GRIP1",-0.25069337399216,-5.1024183514109,4.14846677697547e-07,1.03608061363024e-06
"ENSG00000255629","RP11-196H14.3",0.49419142136123,5.10141255805929,4.16990971496328e-07,1.04091605465883e-06
"ENSG00000185274","WBSCR17",-0.228923495163553,-5.09794562219229,4.2446469412163e-07,1.05904364800806e-06
"ENSG00000171848","RRM2",-0.183805734373349,-5.09323477424628,4.34827696742763e-07,1.0840173659834e-06
"ENSG00000086205","FOLH1",-0.191280723645581,-5.09319879966959,4.34907767232542e-07,1.0840173659834e-06
"ENSG00000204936","CD177",-0.408331708966792,-5.08934185599195,4.43575531792218e-07,1.1050710806981e-06
"ENSG00000010310","GIPR",0.35235789129124,5.08768879201901,4.47341381935995e-07,1.11389786338644e-06
"ENSG00000170962","PDGFD",-0.240540052738245,-5.08619182379351,4.50778273311376e-07,1.1218971461209e-06
"ENSG00000166851","PLK1",-0.275236973292674,-5.0795103194103,4.66431958201397e-07,1.16027850298855e-06
"ENSG00000277991","CH507-338C24.1",-0.450355711366476,-5.07893248221685,4.67810147354289e-07,1.16312816348655e-06
"ENSG00000171951","SCG2",-0.216152190378343,-5.07859045512345,4.68627763004105e-07,1.16458191601418e-06
"ENSG00000276409","CCL14",-0.28523872941173,-5.07819181916923,4.69582444654665e-07,1.1663746762411e-06
"ENSG00000181195","PENK",-0.318518015707839,-5.07662245296778,4.73359168739883e-07,1.17517171981103e-06
"ENSG00000279041","CTD-2373N4.3",-0.281407821488357,-5.07510999759066,4.77026697668929e-07,1.18368907610156e-06
"ENSG00000176381","PRR18",-0.354962173976379,-5.07468138649119,4.78071012771608e-07,1.18569199596133e-06
"ENSG00000156510","HKDC1",-0.322888150485708,-5.07238466327751,4.8370474244344e-07,1.19906976312206e-06
"ENSG00000101463","SYNDIG1",-0.262822284210786,-5.07098383128522,4.87172338272688e-07,1.20706724051707e-06
"ENSG00000104967","NOVA2",-0.156748329062447,-5.06870533862407,4.92863842234512e-07,1.22013349354133e-06
"ENSG00000181092","ADIPOQ",-0.420805839151511,-5.06859897043391,4.93131105494711e-07,1.22013349354133e-06
"ENSG00000153347","FAM81B",0.370742624830954,5.06858032929274,4.93177958089406e-07,1.22013349354133e-06
"ENSG00000273018","CTD-2303H24.2",-0.353385375421628,-5.06816050194489,4.9423429088782e-07,1.22214216342191e-06
"ENSG00000229422","RP11-262H14.5",-0.314844570598138,-5.06652255353353,4.98376492639108e-07,1.23177580978524e-06
"ENSG00000197506","SLC28A3",-0.327809528858368,-5.06414313777572,5.04453591480747e-07,1.24617982085165e-06
"ENSG00000102385","DRP2",-0.210708427451511,-5.06099487563556,5.12604460244214e-07,1.26569002529436e-06
"ENSG00000184454","NCMAP",-0.3131620004634,-5.0604339866818,5.140698956239e-07,1.2686818746888e-06
"ENSG00000124664","SPDEF",0.252153261775925,5.06004405432914,5.15091056344004e-07,1.27057487998028e-06
"ENSG00000164176","EDIL3",-0.267684127533922,-5.05950620078327,5.16502811423792e-07,1.27342902224801e-06
"ENSG00000175785","PRIMA1",-0.244285226441591,-5.05864494347154,5.18771223021843e-07,1.27839138250824e-06
"ENSG00000205090","TMEM240",-0.244708444032976,-5.057808676795,5.20983020724531e-07,1.28320941065155e-06
"ENSG00000089169","RPH3A",-0.263364929230049,-5.0561700935393,5.25343264223935e-07,1.29331182723765e-06
"ENSG00000180581","SRP9P1",-0.199247632825282,-5.05514191818633,5.28097198780473e-07,1.29945176865274e-06
"ENSG00000132429","POPDC3",-0.338586638516749,-5.05094511533725,5.39483531443087e-07,1.32681635868934e-06
"ENSG00000204385","SLC44A4",0.298677039567886,5.05072062974223,5.40099217275679e-07,1.32767752525978e-06
"ENSG00000109193","SULT1E1",-0.386989255889144,-5.04935754751162,5.43852275029684e-07,1.33606626402922e-06
"ENSG00000007968","E2F2",-0.188780047439689,-5.04920373697501,5.44277349198523e-07,1.33606626402922e-06
"ENSG00000073282","TP63",-0.285621409870892,-5.04919069900602,5.44313395965505e-07,1.33606626402922e-06
"ENSG00000279322","RP4-738P15.6",0.48600956852314,5.04764026418806,5.48616446677072e-07,1.34596772982599e-06
"ENSG00000100167","SEPT3",-0.240770306986344,-5.0459868732713,5.5324143794626e-07,1.3566489405254e-06
"ENSG00000177807","KCNJ10",-0.235131119324148,-5.04541465031332,5.548508582009e-07,1.35992857402181e-06
"ENSG00000112280","COL9A1",-0.425200533145749,-5.04404254980008,5.58728437293568e-07,1.36876148283579e-06
"ENSG00000164109","MAD2L1",-0.242489309459263,-5.04327779530463,5.60900991748245e-07,1.37341085148934e-06
"ENSG00000075035","WSCD2",-0.283508206014692,-5.04217617674719,5.6404487425412e-07,1.38043287874234e-06
"ENSG00000239961","LILRA4",-0.241479184568632,-5.03919878219559,5.72627383395218e-07,1.40075191632881e-06
"ENSG00000215914","MMP23A",-0.286206828046533,-5.02950862763009,6.01441835562224e-07,1.47051793535996e-06
"ENSG00000261150","EPPK1",-0.199760016236443,-5.02905457094713,6.02825794195569e-07,1.47318131523844e-06
"ENSG00000266964","FXYD1",-0.279333284258976,-5.028508404913,6.04494575296987e-07,1.47653779994379e-06
"ENSG00000267007","CTB-31O20.3",0.46335723626089,5.02735231401096,6.08041676673549e-07,1.48447674969128e-06
"ENSG00000166396","SERPINB7",-0.317529749929068,-5.02650221765263,6.1066274409275e-07,1.49014822863043e-06
"ENSG00000183044","ABAT",0.413935411683694,5.02486194667446,6.15750992594695e-07,1.50183168925535e-06
"ENSG00000165197","FIGF",-0.340240415796467,-5.02460639502842,6.16547410544786e-07,1.50304098133785e-06
"ENSG00000146670","CDCA5",-0.23916374885075,-5.02172617830547,6.25592565106148e-07,1.5243483555218e-06
"ENSG00000136695","IL36RN",-0.343329005467749,-5.02050917161506,6.29452891587547e-07,1.53300752943874e-06
"ENSG00000113209","PCDHB5",-0.28118537761393,-5.02041274003801,6.2975975253818e-07,1.53300816099849e-06
"ENSG00000138650","PCDH10",-0.390426720134372,-5.01677864052981,6.41429919667459e-07,1.56065673885026e-06
"ENSG00000145721","LIX1",-0.276106007478457,-5.01629387446033,6.43002342607313e-07,1.56372165030961e-06
"ENSG00000145850","TIMD4",-0.288311122460687,-5.01309246113463,6.53480517106659e-07,1.58843100900987e-06
"ENSG00000273297","RP11-38M8.1",-0.268363203202367,-5.01104980121103,6.60252050725132e-07,1.60411091041091e-06
"ENSG00000166743","ACSM1",0.307658362980627,5.0097893638174,6.64464215219414e-07,1.61356050320402e-06
"ENSG00000165795","NDRG2",-0.235648002142011,-5.00663837599748,6.75108073593507e-07,1.63861182911045e-06
"ENSG00000248810","RP11-362F19.1",-0.453766918046689,-5.006072552042,6.77036746532934e-07,1.64249574607699e-06
"ENSG00000115523","GNLY",-0.349862474616944,-5.0051293222027,6.80263678252504e-07,1.64952395308561e-06
"ENSG00000136546","SCN7A",-0.316473540325749,-5.00405374761838,6.83961500106597e-07,1.65669461712662e-06
"ENSG00000125775","SDCBP2",-0.287124458722219,-5.00399241513836,6.84172944707037e-07,1.65669461712662e-06
"ENSG00000196684","HSH2D",0.265117123462721,5.00398025429795,6.84214876873293e-07,1.65669461712662e-06
"ENSG00000105427","CNFN",0.183231534840051,5.00245250487254,6.89502535800052e-07,1.66818412333512e-06
"ENSG00000177519","RPRM",-0.339916015875752,-5.00241658904407,6.89627316586737e-07,1.66818412333512e-06
"ENSG00000274536","RP6-159A1.4",-0.308941220187287,-5.00203788242242,6.90944367779544e-07,1.6705618176488e-06
"ENSG00000237580","GCSHP3",-0.367988109107602,-4.9996566576596,6.99281499268137e-07,1.68990212486258e-06
"ENSG00000260105","AOC4P",-0.287024948234553,-4.99806550329672,7.04906471939245e-07,1.70267263753441e-06
"ENSG00000115457","IGFBP2",0.291372178879377,4.99433812691374,7.18254823931159e-07,1.73407731514041e-06
"ENSG00000148677","ANKRD1",-0.31680057272362,-4.99228904978409,7.25696492675469e-07,1.75119810008559e-06
"ENSG00000182013","PNMAL1",-0.255585128143713,-4.98986361458918,7.34601181442845e-07,1.77183111780715e-06
"ENSG00000142178","SIK1",-0.420506339389999,-4.98607018403714,7.4874010554349e-07,1.80506293525432e-06
"ENSG00000147588","PMP2",-0.237930729048224,-4.98412930402086,7.56075379658398e-07,1.82186838471903e-06
"ENSG00000001626","CFTR",-0.342363990942725,-4.97760933765302,7.81227896760036e-07,1.88157007890182e-06
"ENSG00000105929","ATP6V0A4",-0.337411970683394,-4.97707687844173,7.83317291244265e-07,1.88569400877291e-06
"ENSG00000169436","COL22A1",-0.266834500252759,-4.97631712718261,7.86307928900696e-07,1.89198250457338e-06
"ENSG00000102837","OLFM4",-0.413901830715436,-4.97391604158978,7.95832020227356e-07,1.91397792262471e-06
"ENSG00000135097","MSI1",-0.298688416533199,-4.97170162708157,8.0471426398665e-07,1.93440928842945e-06
"ENSG00000150893","FREM2",-0.414392650453302,-4.97122840096853,8.06624789059282e-07,1.93807013229044e-06
"ENSG00000115163","CENPA",-0.185537651842687,-4.96152960923747,8.4675897115861e-07,2.03352298549138e-06
"ENSG00000062282","DGAT2",-0.310568577699488,-4.96063044653047,8.50575846239083e-07,2.0417087043665e-06
"ENSG00000225746","SNHG23",-0.353566822685141,-4.95709229599568,8.65756811260628e-07,2.07715165849479e-06
"ENSG00000179902","C1orf194",0.27152714019714,4.95603469596801,8.7034511869825e-07,2.08715855802938e-06
"ENSG00000140284","SLC27A2",0.30959282401596,4.95206974381987,8.87756451956478e-07,2.12789178321303e-06
"ENSG00000164294","GPX8",-0.162436364922139,-4.94907475458992,9.01130641088461e-07,2.15891385023589e-06
"ENSG00000173391","OLR1",-0.181889828259854,-4.94853733476975,9.03550977917067e-07,2.16367571340294e-06
"ENSG00000260306","RP11-645C24.5",-0.386897497170649,-4.94742612280146,9.08575361410851e-07,2.17466577647403e-06
"ENSG00000124882","EREG",-0.383419631449977,-4.94725124957518,9.09368506973443e-07,2.17552274395561e-06
"ENSG00000277632","CCL3",-0.199936403768006,-4.94455984902105,9.21660038425133e-07,2.20387383650199e-06
"ENSG00000214199","EEF1A1P12",-0.153485193500145,-4.93842545250726,9.50277380027106e-07,2.27121744748352e-06
"ENSG00000021826","CPS1",-0.246971033386372,-4.93390252740892,9.7192399488777e-07,2.32184423050112e-06
"ENSG00000273204","RP4-549L20.3",0.457201191317299,4.93317152034838,9.75466920834414e-07,2.32887142859075e-06
"ENSG00000197415","VEPH1",-0.252220311517818,-4.93310351953023,9.75797128579526e-07,2.32887142859075e-06
"ENSG00000180525","PRR26",-0.274869140812992,-4.93247624708579,9.78848212353778e-07,2.3347443454618e-06
"ENSG00000105376","ICAM5",-0.359296759469317,-4.93240573146111,9.79191778486679e-07,2.3347443454618e-06
"ENSG00000102466","FGF14",-0.261779668689389,-4.92991834274763,9.91385506599098e-07,2.36269186510748e-06
"ENSG00000105695","MAG",0.331487646709175,4.92885559293702,9.96639869844828e-07,2.37408258657653e-06
"ENSG00000230018","RP11-481H12.1",-0.255940618598737,-4.92821178419518,9.99835988845117e-07,2.38056187820266e-06
"ENSG00000281183","NPTN-IT1",-0.262331664317163,-4.92526710514047,1.01458094987455e-06,2.41451915724548e-06
"ENSG00000198300","PEG3",-0.3362044796771,-4.92177425279685,1.03234274104894e-06,2.4556202213343e-06
"ENSG00000088827","SIGLEC1",-0.245661161143246,-4.92113472850986,1.03562714990643e-06,2.46226141204573e-06
"ENSG00000198125","MB",0.164572932620124,4.91997243037474,1.04162218517934e-06,2.47533789253646e-06
"ENSG00000138160","KIF11",-0.194236770646382,-4.91978776090775,1.04257776996699e-06,2.4764317576413e-06
"ENSG00000156284","CLDN8",-0.226547216382157,-4.91633710029685,1.06058968479647e-06,2.51801919467347e-06
"ENSG00000179915","NRXN1",-0.300023454328564,-4.91173258574382,1.08509236059304e-06,2.5749700061534e-06
"ENSG00000158125","XDH",-0.229454229232473,-4.91141409834378,1.0868072051027e-06,2.57781595138211e-06
"ENSG00000182901","RGS7",-0.302359458355301,-4.91121492822862,1.08788093228804e-06,2.57913924202949e-06
"ENSG00000121440","PDZRN3",-0.184043094284444,-4.90714167284458,1.11006553001431e-06,2.6304870379486e-06
"ENSG00000104112","SCG3",-0.324214404670594,-4.90660578198821,1.11301647261136e-06,2.63623039462662e-06
"ENSG00000171357","LURAP1",-0.222302551558678,-4.90647799479215,1.11372126286777e-06,2.6366507170165e-06
"ENSG00000228630","HOTAIR",-0.353688057973042,-4.90574917654483,1.11774917732456e-06,2.64493416309645e-06
"ENSG00000126787","DLGAP5",-0.145972688378743,-4.90554519706411,1.11887901085482e-06,2.64635527638322e-06
"ENSG00000064205","WISP2",-0.215038897341642,-4.90034258542217,1.14807103303495e-06,2.71411591734031e-06
"ENSG00000170323","FABP4",-0.353367860045521,-4.89445043709367,1.18201873497514e-06,2.79304994086754e-06
"ENSG00000275367","RP11-266K4.14",-0.243646740071667,-4.88899969820185,1.21428326278702e-06,2.86793401697455e-06
"ENSG00000101057","MYBL2",-0.204447034377208,-4.88837060139671,1.2180612520458e-06,2.87549870643484e-06
"ENSG00000176868","RP11-334J6.7",0.440370297849249,4.88822373095501,1.21894490017017e-06,2.87622675830621e-06
"ENSG00000153291","SLC25A27",-0.251958098573881,-4.88667856047345,1.2282789604211e-06,2.89688434061581e-06
"ENSG00000260107","AC005606.15",0.442618809674832,4.88649510510525,1.22939174093176e-06,2.89814177494522e-06
"ENSG00000152779","SLC16A12",-0.294046735331844,-4.88618678210676,1.23126411675569e-06,2.90118783401435e-06
"ENSG00000137745","MMP13",-0.235219101336882,-4.88519883386484,1.2372822325455e-06,2.91399489530264e-06
"ENSG00000149573","MPZL2",-0.197545276251369,-4.88480208331739,1.23970701961006e-06,2.91833102544741e-06
"ENSG00000189423","USP32P3",-0.321036018933884,-4.8843674274187,1.24236872635086e-06,2.92322053259026e-06
"ENSG00000104435","STMN2",-0.201083567928156,-4.8832569286346,1.24919413293276e-06,2.93789777265466e-06
"ENSG00000113430","IRX4",-0.304823119331322,-4.88190621006179,1.25754470650283e-06,2.956146465686e-06
"ENSG00000170627","GTSF1",-0.249699099762535,-4.88049771678835,1.26630974735401e-06,2.97535184998592e-06
"ENSG00000124429","POF1B",-0.316035908443816,-4.87410671846452,1.30682592855092e-06,3.06910739443616e-06
"ENSG00000260465","RP11-63M22.2",0.603340490133685,4.87200084726669,1.32044775145869e-06,3.09964260905795e-06
"ENSG00000150672","DLG2",-0.233150677312325,-4.87040541096534,1.33085881040262e-06,3.12261569780061e-06
"ENSG00000203709","C1orf132",0.414241718929958,4.86969174299585,1.33554142895817e-06,3.13213280712516e-06
"ENSG00000141665","FBXO15",0.31330989835263,4.8693425655421,1.33783828072207e-06,3.13604847801704e-06
"ENSG00000169884","WNT10B",-0.309543676512757,-4.8681534198062,1.3456889391084e-06,3.15297314692689e-06
"ENSG00000121753","ADGRB2",0.302368983437142,4.86732295072221,1.35119794249118e-06,3.163148760502e-06
"ENSG00000139910","NOVA1",0.343559769126407,4.86730802527674,1.35129715048645e-06,3.163148760502e-06
"ENSG00000196660","SLC30A10",-0.282615657904022,-4.86705562017987,1.35297592603811e-06,3.16559645774007e-06
"ENSG00000220008","LINGO3",-0.307374308975111,-4.86674765282144,1.35502697435155e-06,3.16891247509716e-06
"ENSG00000106541","AGR2",0.250085848999289,4.85903371225938,1.40738972500969e-06,3.28983105425359e-06
"ENSG00000082175","PGR",0.47141389325931,4.85423349096717,1.44095214243584e-06,3.36671061316785e-06
"ENSG00000260230","FRRS1L",-0.308209897767463,-4.85344097926019,1.44656690251728e-06,3.37825058971808e-06
"ENSG00000172955","ADH6",-0.341310064847735,-4.84504377093708,1.50736865272949e-06,3.51860096342084e-06
"ENSG00000196104","SPOCK3",-0.333998582510199,-4.84371149556575,1.51723875700329e-06,3.53998776715654e-06
"ENSG00000198019","FCGR1B",-0.181375123688509,-4.84321328176392,1.52094571945772e-06,3.54698162186969e-06
"ENSG00000156689","GLYATL2",-0.359835239712077,-4.84275203102582,1.52438543320468e-06,3.55334599814611e-06
"ENSG00000171101","SIGLEC17P",-0.303536895117755,-4.84065981357047,1.54008214926357e-06,3.58826223034381e-06
"ENSG00000183248","PRR36",0.186205449788681,4.83915061936121,1.55150129446952e-06,3.61318419764676e-06
"ENSG00000130477","UNC13A",-0.280043488372104,-4.83750103047015,1.56407598778394e-06,3.64077278348217e-06
"ENSG00000170006","TMEM154",-0.234262478617022,-4.83711706967224,1.5670169429303e-06,3.64592122598954e-06
"ENSG00000142549","IGLON5",-0.284812306850016,-4.8336382128929,1.59390715029996e-06,3.70676081465106e-06
"ENSG00000249430","CTD-2231H16.1",-0.296389839946273,-4.83068184764892,1.61710747248792e-06,3.75896669569484e-06
"ENSG00000245532","NEAT1",0.288699232919703,4.82878908742651,1.63213144378877e-06,3.79212696047576e-06
"ENSG00000196616","ADH1B",-0.384905985226935,-4.82793933402532,1.63892007822485e-06,3.80613116169263e-06
"ENSG00000156299","TIAM1",-0.247518347255984,-4.82626749837547,1.65235573852686e-06,3.83555185359066e-06
"ENSG00000132437","DDC",-0.368018408683685,-4.82616642987454,1.65317136319969e-06,3.83566441577655e-06
"ENSG00000165304","MELK",-0.173346684440134,-4.82571493628939,1.65681966115678e-06,3.84234615296099e-06
"ENSG00000174175","SELP",-0.330562979621626,-4.82488386207751,1.66355544226227e-06,3.85617858660702e-06
"ENSG00000107984","DKK1",-0.361518391061458,-4.82299194751429,1.67898771502042e-06,3.89014762516316e-06
"ENSG00000051180","RAD51",-0.21422941264944,-4.82279574834859,1.6805959696661e-06,3.89207033271446e-06
"ENSG00000259704","CTD-3094K11.1",-0.388602176473175,-4.82204518961,1.68676203954737e-06,3.9045417582115e-06
"ENSG00000165646","SLC18A2",-0.329672428232929,-4.81865600208288,1.71487754621133e-06,3.96778701113217e-06
"ENSG00000105143","SLC1A6",-0.368674464491884,-4.81656481457503,1.7324498094833e-06,4.00659067873103e-06
"ENSG00000267459","AC006116.27",-0.309981689403055,-4.81567865185833,1.73994842209227e-06,4.02207217312128e-06
"ENSG00000168077","SCARA3",-0.203459332010244,-4.81462884222204,1.74887223607759e-06,4.04083233844176e-06
"ENSG00000261822","RP11-265N6.2",0.44443537576124,4.81318466207987,1.76122039041121e-06,4.06748358062635e-06
"ENSG00000186868","MAPT",0.357114428281564,4.81278375824963,1.76466309004212e-06,4.07355283943242e-06
"ENSG00000111783","RFX4",-0.284477263039613,-4.80788356968635,1.80726974021825e-06,4.1699809418972e-06
"ENSG00000172554","SNTG2",-0.377514715439379,-4.80735965423945,1.81188329481767e-06,4.1786976356496e-06
"ENSG00000279508","AL589743.1",-0.23493295852449,-4.80726116408246,1.81275185573932e-06,4.17877329584906e-06
"ENSG00000188803","SHISA6",-0.244092001564816,-4.80518616770186,1.83114419393195e-06,4.21922625329943e-06
"ENSG00000152056","AP1S3",-0.215479103786635,-4.80507744515494,1.83211282418095e-06,4.219513643899e-06
"ENSG00000223561","AC003090.1",-0.372309780059332,-4.80414130038887,1.84047355076644e-06,4.23681756622109e-06
"ENSG00000204065","TCEAL5",-0.318840692857457,-4.80370725159824,1.84436249884787e-06,4.24381615013315e-06
"ENSG00000216490","IFI30",-0.189883800113373,-4.79593139292355,1.91538672658947e-06,4.40521326262527e-06
"ENSG00000106236","NPTX2",-0.253478311682515,-4.79475213794701,1.92638525711713e-06,4.42847185544168e-06
"ENSG00000152932","RAB3C",-0.37071320892631,-4.79316437240694,1.94128988668402e-06,4.46068448227026e-06
"ENSG00000277586","NEFL",-0.283155246597526,-4.7908209773336,1.96349069138915e-06,4.50962492280466e-06
"ENSG00000232352","SEMA3B-AS1",0.366793524264947,4.79031358424463,1.96832969872263e-06,4.51866322020805e-06
"ENSG00000083454","P2RX5",-0.358223470360271,-4.78779089581184,1.99255945577155e-06,4.57218782875527e-06
"ENSG00000019186","CYP24A1",-0.325697771300325,-4.78612734056842,2.0086942390036e-06,4.60709687844862e-06
"ENSG00000269968","RP5-940J5.9",0.426945090295901,4.78590214390103,2.01088805447733e-06,4.6100138800489e-06
"ENSG00000035499","DEPDC1B",-0.202153126566351,-4.78193275145201,2.04993758483584e-06,4.69738218340018e-06
"ENSG00000175356","SCUBE2",0.491236077703815,4.78153255970888,2.05391478167599e-06,4.70433985725146e-06
"ENSG00000198121","LPAR1",-0.193270172690145,-4.77963127535521,2.07291183355137e-06,4.74567727461394e-06
"ENSG00000023839","ABCC2",-0.32599690962276,-4.77910385194674,2.07821157062105e-06,4.75563288471637e-06
"ENSG00000135423","GLS2",0.277429898486711,4.77393242944497,2.13087121183967e-06,4.87390487612002e-06
"ENSG00000157064","NMNAT2",-0.26167090222312,-4.77350996150652,2.13522939386649e-06,4.88164013229651e-06
"ENSG00000120322","PCDHB8",-0.350080921673586,-4.77261142678112,2.14452721919165e-06,4.90065635098641e-06
"ENSG00000131398","KCNC3",-0.387176822839261,-4.77155222322526,2.15553763546939e-06,4.92356700655411e-06
"ENSG00000162576","MXRA8",-0.24312600892076,-4.76990772551656,2.1727400249159e-06,4.96059366419155e-06
"ENSG00000196878","LAMB3",-0.254850859068876,-4.7660256402017,2.21387436111712e-06,5.05220073280949e-06
"ENSG00000168405","CMAHP",-0.301266721431771,-4.76169215471119,2.26067657551775e-06,5.15665277262261e-06
"ENSG00000074410","CA12",0.304228036275136,4.76107788352524,2.26738731830994e-06,5.16960172893284e-06
"ENSG00000171551","ECEL1",-0.292524889375729,-4.75820983082893,2.29897442649221e-06,5.23923068936237e-06
"ENSG00000133710","SPINK5",-0.298461099830375,-4.75619853386127,2.32137775633599e-06,5.28787643812299e-06
"ENSG00000070190","DAPP1",-0.238883705584825,-4.75499382565145,2.33489709980949e-06,5.31625022725294e-06
"ENSG00000134317","GRHL1",-0.184781123310157,-4.75097197242909,2.3805813019667e-06,5.41779995895926e-06
"ENSG00000129451","KLK10",-0.345783187678279,-4.75071903088789,2.38348301601269e-06,5.42193588719902e-06
"ENSG00000125850","OVOL2",0.0715451770860471,4.74609857365027,2.43709080617799e-06,5.54136154201452e-06
"ENSG00000197472","ZNF695",-0.224266967396671,-4.74586161441244,2.43987110097761e-06,5.54516159313093e-06
"ENSG00000214787","MS4A4E",-0.355856894467092,-4.74388964653994,2.46312725274722e-06,5.59547308665884e-06
"ENSG00000247809","NR2F2-AS1",-0.209434802808055,-4.74207065928515,2.48476814865729e-06,5.64065732008918e-06
"ENSG00000088325","TPX2",-0.192565422784711,-4.74202835551606,2.48527361523129e-06,5.64065732008918e-06
"ENSG00000114923","SLC4A3",-0.195977528157893,-4.74091115532326,2.4986583258659e-06,5.66846262673752e-06
"ENSG00000175265","GOLGA8A",-0.303309254189177,-4.73773111449297,2.53713763111445e-06,5.75314655581508e-06
"ENSG00000133392","MYH11",-0.226804968999845,-4.73420930431074,2.58041735214269e-06,5.84863407103963e-06
"ENSG00000140451","PIF1",-0.299427883153122,-4.7330896777163,2.59432459812693e-06,5.87749116023319e-06
"ENSG00000134363","FST",-0.237049646817019,-4.72927839364282,2.64220805987394e-06,5.98326100514931e-06
"ENSG00000152578","GRIA4",-0.354459224811348,-4.72635890716269,2.67946091992511e-06,6.06487306456565e-06
"ENSG00000101605","MYOM1",-0.209849957981406,-4.7206567223931,2.75368273396748e-06,6.23005143431557e-06
"ENSG00000276664","TUG1_1",-0.292032000349283,-4.71938693423175,2.77047781460478e-06,6.26521441565985e-06
"ENSG00000169258","GPRIN1",-0.210985908110137,-4.71886395240235,2.77742372039728e-06,6.27808255062676e-06
"ENSG00000087510","TFAP2C",-0.129886847261511,-4.71743894597705,2.79643478762641e-06,6.31819879716768e-06
"ENSG00000171246","NPTX1",-0.273707468725622,-4.71706115246129,2.80149588613349e-06,6.32677481059956e-06
"ENSG00000134955","SLC37A2",-0.270155399050104,-4.71641661090571,2.81015079814561e-06,6.34345552628807e-06
"ENSG00000165731","RET",0.440273426844078,4.71161069342749,2.87549991797124e-06,6.48804133116255e-06
"ENSG00000164045","CDC25A",-0.257652461340374,-4.70861160341262,2.917018018464e-06,6.57875060546685e-06
"ENSG00000161649","CD300LG",-0.349644391337716,-4.70308735607494,2.99500615937219e-06,6.75159188316544e-06
"ENSG00000184408","KCND2",-0.223714416043197,-4.70180487290863,3.01339605063984e-06,6.78998659450167e-06
"ENSG00000183888","C1orf64",0.463184387457574,4.70067070559274,3.02974957774439e-06,6.82376031023512e-06
"ENSG00000137807","KIF23",-0.193597617882457,-4.70031165805021,3.03494442488039e-06,6.83238276650246e-06
"ENSG00000164761","TNFRSF11B",-0.251139974973387,-4.70005774504976,3.03862330844516e-06,6.83758620262187e-06
"ENSG00000176532","PRR15",0.283737648933506,4.69497542723261,3.11316751352799e-06,7.00217614378764e-06
"ENSG00000197748","CFAP43",0.287767680992416,4.69481771072455,3.11550868332451e-06,7.00429110459648e-06
"ENSG00000065361","ERBB3",0.133383494120913,4.69467329927715,3.11765383432347e-06,7.00596367263701e-06
"ENSG00000169427","KCNK9",-0.313256067382858,-4.68970257971132,3.19236240807146e-06,7.17062535505719e-06
"ENSG00000116690","PRG4",-0.33764388119704,-4.68914856423282,3.20079487296567e-06,7.18633783782143e-06
"ENSG00000130287","NCAN",-0.325605864535033,-4.68826534246988,3.21428233867507e-06,7.21338047278966e-06
"ENSG00000164076","CAMKV",-0.327106663254013,-4.68566203036454,3.25435532618067e-06,7.30003437905041e-06
"ENSG00000138180","CEP55",-0.1580447928929,-4.68206475075959,3.31051920931054e-06,7.42268881011331e-06
"ENSG00000181690","PLAG1",-0.32721878503589,-4.68083325191609,3.32995953717551e-06,7.46293038362957e-06
"ENSG00000225434","LINC01504",-0.249197203160962,-4.68063261370625,3.33313716553272e-06,7.46670511992097e-06
"ENSG00000177098","SCN4B",-0.223615213740091,-4.68018346715148,3.34026113397676e-06,7.47931288396051e-06
"ENSG00000185818","NAT8L",-0.245818673979281,-4.67951505144379,3.35089004687057e-06,7.49975390973718e-06
"ENSG00000106537","TSPAN13",0.233538268471096,4.67512188010526,3.4215616161766e-06,7.65450025990291e-06
"ENSG00000029534","ANK1",-0.3434414988797,-4.67105510812765,3.48825704770299e-06,7.80021701185822e-06
"ENSG00000243742","RPLP0P2",-0.157564896448775,-4.67039514691429,3.4991975735868e-06,7.82118366917031e-06
"ENSG00000171219","CDC42BPG",-0.123368039225133,-4.66707657329859,3.55471277428955e-06,7.94094427733136e-06
"ENSG00000091651","ORC6",-0.280459665884214,-4.66700289574902,3.55595484738898e-06,7.94094427733136e-06
"ENSG00000186281","GPAT2",-0.376155530075805,-4.6643157634549,3.60154107361327e-06,8.03915418217247e-06
"ENSG00000148408","CACNA1B",-0.315354123877875,-4.66375261797201,3.61116552039545e-06,8.05704042926249e-06
"ENSG00000134690","CDCA8",-0.204253771464634,-4.66296448709163,3.62467657069439e-06,8.08357843598214e-06
"ENSG00000135083","CCNJL",-0.280837275130033,-4.66062960923881,3.66498932529782e-06,8.16983799665141e-06
"ENSG00000157851","DPYSL5",-0.35993223655445,-4.66012293393647,3.67379399450341e-06,8.18581549577409e-06
"ENSG00000145040","UCN2",-0.284225061048902,-4.6566950362027,3.73389759141584e-06,8.31603027041389e-06
"ENSG00000175928","LRRN1",-0.290300337367711,-4.65526838457756,3.75918932186721e-06,8.36863161591096e-06
"ENSG00000115112","TFCP2L1",-0.282103896714468,-4.65438003217391,3.77502109421375e-06,8.40013594618102e-06
"ENSG00000187715","KBTBD12",-0.383969161436594,-4.65033243480467,3.8479694238239e-06,8.55865085370085e-06
"ENSG00000224958","PGM5-AS1",-0.349693341587182,-4.64873817831823,3.87707208872848e-06,8.61954666235768e-06
"ENSG00000230006","ANKRD36BP2",-0.306250715770186,-4.64651847370844,3.9179443241891e-06,8.70654294264245e-06
"ENSG00000084734","GCKR",-0.280366729724176,-4.64547141049087,3.9373675895429e-06,8.74581872399578e-06
"ENSG00000256569","RP11-173P15.5",-0.341640038960433,-4.64482379422308,3.94942726287735e-06,8.76720309145192e-06
"ENSG00000151892","GFRA1",0.45299352315707,4.64476618735143,3.95050171300823e-06,8.76720309145192e-06
"ENSG00000189433","GJB4",-0.306988862209519,-4.64227923257807,3.99715549721761e-06,8.86680456348182e-06
"ENSG00000223534","HLA-DQB1-AS1",-0.332064877382836,-4.64125797530526,4.01646649349854e-06,8.90569067294576e-06
"ENSG00000139155","SLCO1C1",-0.237907242720651,-4.63938937520277,4.05203205492187e-06,8.98056749761053e-06
"ENSG00000188883","KLRG2",-0.242925378357667,-4.63853365632647,4.06841993319552e-06,9.01289307309596e-06
"ENSG00000224318","CHL1-AS2",-0.345125095288615,-4.63678574348841,4.10209218155246e-06,9.0834636438274e-06
"ENSG00000214456","PLIN5",0.37428145539844,4.63310994914557,4.17377873002593e-06,9.23811139890645e-06
"ENSG00000153157","SYCP2L",-0.332222668937754,-4.63255063104687,4.18479160942132e-06,9.25838851641886e-06
"ENSG00000128242","GAL3ST1",-0.310190116696451,-4.63232258916506,4.18928971630216e-06,9.26424085869563e-06
"ENSG00000129194","SOX15",-0.296440462640243,-4.63150510465487,4.20545270165991e-06,9.2958724616709e-06
"ENSG00000179083","FAM133A",-0.276832759381812,-4.63092376081404,4.21698320963767e-06,9.31724085204964e-06
"ENSG00000183549","ACSM5",-0.194066905944304,-4.63074400742293,4.22055461829546e-06,9.32101284959245e-06
"ENSG00000128340","RAC2",-0.209800138266282,-4.62871318275441,4.26110605129589e-06,9.40641512427349e-06
"ENSG00000164736","SOX17",-0.149159969755061,-4.62532283431957,4.32963908874536e-06,9.55348430879382e-06
"ENSG00000156127","BATF",0.212376961561202,4.62500159637368,4.33618723824806e-06,9.5637124795943e-06
"ENSG00000111319","SCNN1A",0.213702598398617,4.62215704480955,4.39458713775354e-06,9.68824324901574e-06
"ENSG00000136944","LMX1B",0.190467517901353,4.6212191592963,4.41400728620349e-06,9.72676792905133e-06
"ENSG00000163751","CPA3",-0.259374351812259,-4.62037104923744,4.43163941438564e-06,9.76132029600361e-06
"ENSG00000090889","KIF4A",-0.186616218280495,-4.61905193295599,4.45919812563086e-06,9.81769732635591e-06
"ENSG00000184661","CDCA2",-0.19003106256663,-4.6175439821232,4.49090341960453e-06,9.88315013117194e-06
"ENSG00000126895","AVPR2",-0.286864026760766,-4.61591811469172,4.52533031983835e-06,9.95453215978519e-06
"ENSG00000187288","CIDEC",-0.373421243896995,-4.61264886423202,4.59532325710312e-06,1.01040528960051e-05
"ENSG00000149654","CDH22",-0.317404880799246,-4.61022367269241,4.64791529373367e-06,1.02151984477663e-05
"ENSG00000111339","ART4",-0.337283158816275,-4.6018806249604,4.83328730735693e-06,1.06179422393606e-05
"ENSG00000086696","HSD17B2",-0.274726177522055,-4.60146361374141,4.84273650766181e-06,1.06340283435701e-05
"ENSG00000138356","AOX1",-0.22684093913337,-4.59940358733114,4.88967599713626e-06,1.07323880534158e-05
"ENSG00000224940","PRRT4",-0.326725263505384,-4.59833004307978,4.91431033976805e-06,1.07771839304803e-05
"ENSG00000115828","QPCT",-0.24655893548601,-4.59832632464517,4.91439587229903e-06,1.07771839304803e-05
"ENSG00000172247","C1QTNF4",-0.279847470009476,-4.59172293251464,5.06856383407327e-06,1.1110398584115e-05
"ENSG00000217442","SYCE3",0.193536814163542,4.59095374044594,5.08682079966019e-06,1.11455319887384e-05
"ENSG00000176194","CIDEA",-0.369037157839163,-4.5896714950982,5.11739553086963e-06,1.12076117627456e-05
"ENSG00000179242","CDH4",-0.257134754737944,-4.58760768618622,5.16697693595782e-06,1.13112454815189e-05
"ENSG00000167772","ANGPTL4",-0.301610156978236,-4.58721659422568,5.17642440772207e-06,1.13269680694137e-05
"ENSG00000112309","B3GAT2",-0.211114352360782,-4.58589671066688,5.20843085157208e-06,1.13920184855032e-05
"ENSG00000215492","HNRNPA1P7",-0.24204248767185,-4.58449602640609,5.24260425651739e-06,1.14617495769947e-05
"ENSG00000204442","FAM155A",-0.275684420204747,-4.58373344640063,5.26129973039735e-06,1.14975955646795e-05
"ENSG00000188931","CFAP126",0.288758966405501,4.58147145168321,5.31713189863538e-06,1.16123555710253e-05
"ENSG00000164078","MST1R",0.212137725937164,4.58141796889406,5.3184588515296e-06,1.16123555710253e-05
"ENSG00000170509","HSD17B13",-0.358860899853909,-4.57647941081385,5.44236697036617e-06,1.18777105420475e-05
"ENSG00000114115","RBP1",-0.255878130891355,-4.57242674864096,5.54611163844425e-06,1.20988473788051e-05
"ENSG00000267458","CTC-425F1.4",0.525981665254415,4.57195545631013,5.55829869644641e-06,1.21201454349028e-05
"ENSG00000278621","CTD-2033D15.3",0.344168465800905,4.56990090945149,5.61172748891993e-06,1.22313153638185e-05
"ENSG00000254452","RP11-867G23.4",0.299052792866343,4.56971628291075,5.61655277310046e-06,1.22364984163409e-05
"ENSG00000152049","KCNE4",0.341846324368056,4.56830716524842,5.65351188535748e-06,1.23116548026078e-05
"ENSG00000133454","MYO18B",0.326804334854365,4.56747972154408,5.67532309637083e-06,1.23537725214864e-05
"ENSG00000279192","PWAR5",-0.341739666721463,-4.5630696888092,5.79293826797852e-06,1.26043043254537e-05
"ENSG00000113361","CDH6",-0.142816419385438,-4.55912846441616,5.90002504360883e-06,1.28317204080227e-05
"ENSG00000128482","RNF112",-0.207613072517528,-4.55898053176683,5.90408124374784e-06,1.28345872865465e-05
"ENSG00000133067","LGR6",-0.35859550127111,-4.55889319998911,5.9064770692687e-06,1.28345872865465e-05
"ENSG00000113211","PCDHB6",-0.265541729879811,-4.55751282767599,5.94446968800633e-06,1.29115327715168e-05
"ENSG00000261377","PDCD6IPP2",-0.349539308931715,-4.55302771164608,6.06953975603673e-06,1.31774636474962e-05
"ENSG00000253771","TPTE2P1",-0.311373843475022,-4.55133770719675,6.11731773027918e-06,1.32754291021684e-05
"ENSG00000171819","ANGPTL7",-0.354541783860014,-4.550992368939,6.12712502534607e-06,1.32909436558483e-05
"ENSG00000176402","GJC3",0.220970670544487,4.54942883899279,6.17171678615011e-06,1.33818664053558e-05
"ENSG00000163145","C1QTNF7",-0.277473012131335,-4.54863208580727,6.19455962282161e-06,1.34255735215033e-05
"ENSG00000141293","SKAP1",0.26129908590579,4.5435394150223,6.34249197160615e-06,1.37402339072924e-05
"ENSG00000264299","RP11-680F20.12",0.230878678693948,4.5403475087021,6.43693071458668e-06,1.39387845703479e-05
"ENSG00000167641","PPP1R14A",-0.210365796644168,-4.53949603243784,6.46235012359756e-06,1.39877708302977e-05
"ENSG00000143127","ITGA10",-0.236435101154355,-4.53868654272036,6.48660528582249e-06,1.40341957720088e-05
"ENSG00000182985","CADM1",-0.199084792071679,-4.53682137162847,6.54282496065103e-06,1.41497079598854e-05
"ENSG00000147655","RSPO2",-0.285007317631295,-4.53523112268468,6.59112651886893e-06,1.424800371567e-05
"ENSG00000198797","BRINP2",0.363717140831032,4.53372774287388,6.63710366448758e-06,1.43411920148824e-05
"ENSG00000162878","PKDCC",-0.185191363669648,-4.53071719458651,6.73009954935883e-06,1.45358521584424e-05
"ENSG00000105613","MAST1",-0.289427554204291,-4.52802269335206,6.81439058717375e-06,1.4711551354002e-05
"ENSG00000135638","EMX1",0.3927847393334,4.52684879524722,6.85142871985548e-06,1.47851288732315e-05
"ENSG00000263155","MYZAP",-0.214252599329052,-4.52586937138662,6.88247846042208e-06,1.48457257558716e-05
"ENSG00000274956","UG0898H09",-0.274509385947675,-4.52503359533021,6.90908085197192e-06,1.48966814402154e-05
"ENSG00000181291","TMEM132E",-0.266043238557087,-4.52273857219694,6.98263815497483e-06,1.50487891271009e-05
"ENSG00000105219","CNTD2",0.34513676179452,4.5190595472779,7.10212173629868e-06,1.52997021462703e-05
"ENSG00000280403","FKSG62",-0.415938620198398,-4.51503163676126,7.23518192330578e-06,1.5579633771115e-05
"ENSG00000169347","GP2",0.347180696872749,4.51168171312645,7.34766111324719e-06,1.58150260724218e-05
"ENSG00000174740","PABPC5",-0.214933033738723,-4.51076143540349,7.37885306796271e-06,1.58753293200575e-05
"ENSG00000167600","CYP2S1",-0.158015932623661,-4.50942725067057,7.42429936303617e-06,1.59662351893251e-05
"ENSG00000189129","PLAC9",-0.25333028396092,-4.50603941633754,7.54090709024515e-06,1.62100324381882e-05
"ENSG00000085831","TTC39A",0.236735750254961,4.50540500791735,7.56293728194902e-06,1.62504024107199e-05
"ENSG00000268388","FENDRR",-0.280564719610526,-4.50428442514455,7.60200085488521e-06,1.63273214237225e-05
"ENSG00000231920","NEBL-AS1",0.147192126240959,4.50382627356299,7.61802764061918e-06,1.63547179918832e-05
"ENSG00000186973","FAM183A",0.214914966556442,4.50304345914951,7.64548650737125e-06,1.64066234063761e-05
"ENSG00000118777","ABCG2",-0.250721956927778,-4.50181261574433,7.68885274237857e-06,1.64926056250077e-05
"ENSG00000146938","NLGN4X",-0.301868664763513,-4.50077923082337,7.7254437805314e-06,1.65639875225802e-05
"ENSG00000153898","MCOLN2",-0.221175343018485,-4.49849622949062,7.80687455721647e-06,1.67314071093366e-05
"ENSG00000108381","ASPA",-0.229741254863295,-4.49497317782895,7.93415103407361e-06,1.69968959598835e-05
"ENSG00000242265","PEG10",-0.410492904346947,-4.49340284202032,7.99152030558637e-06,1.71124631811271e-05
"ENSG00000135094","SDS",-0.161219842310245,-4.49252997026836,8.02358059713862e-06,1.71737598397659e-05
"ENSG00000113296","THBS4",-0.314177827721508,-4.48833368975478,8.17943573501441e-06,1.74998625053796e-05
"ENSG00000176788","BASP1",-0.199456829533621,-4.48662656591102,8.24366648984433e-06,1.76297401408134e-05
"ENSG00000227507","LTB",-0.325671060076873,-4.4858242626492,8.27401982063509e-06,1.76870881159365e-05
"ENSG00000174403","C20orf166-AS1",-0.242037123449377,-4.48171316662758,8.43124047428322e-06,1.80154710988958e-05
"ENSG00000171811","CFAP46",0.416900718338772,4.47937244964464,8.52203029309276e-06,1.82016879391131e-05
"ENSG00000237742","RP11-624M8.1",-0.355769185949799,-4.47613502752618,8.64914459547953e-06,1.84652958912885e-05
"ENSG00000016082","ISL1",-0.27802571705473,-4.47567989109824,8.66715997606639e-06,1.84958599574613e-05
"ENSG00000060718","COL11A1",-0.224587233559367,-4.47537158836143,8.67938373399566e-06,1.85140438011853e-05
"ENSG00000134201","GSTM5",-0.294624302256062,-4.47516659216518,8.68752067072764e-06,1.85234982318287e-05
"ENSG00000061455","PRDM6",-0.216715061772544,-4.47283544320369,8.78056644880544e-06,1.8713909737437e-05
"ENSG00000156970","BUB1B",-0.170094494285968,-4.47153830257321,8.83275302201641e-06,1.88147696082965e-05
"ENSG00000123388","HOXC11",-0.296629462407703,-4.47147231370327,8.83541580805606e-06,1.88147696082965e-05
"ENSG00000104918","RETN",-0.327453822572513,-4.47042704998583,8.87769696965658e-06,1.88967581303886e-05
"ENSG00000103175","WFDC1",-0.212786875467226,-4.46866327969132,8.94948139799515e-06,1.90414497829684e-05
"ENSG00000169213","RAB3B",-0.236884748426489,-4.46847145400548,8.9573220085472e-06,1.90500255392327e-05
"ENSG00000227053","RP11-395B7.4",-0.28189098317334,-4.46647586192144,9.03928006475945e-06,1.92161566002539e-05
"ENSG00000163618","CADPS",-0.173375724585503,-4.46465443049002,9.11471160554425e-06,1.93682779548327e-05
"ENSG00000160588","MPZL3",-0.16769616750813,-4.4611579425127,9.26120456872888e-06,1.96712076650996e-05
"ENSG00000106809","OGN",-0.288130721467615,-4.45968004387504,9.32379954155368e-06,1.97957527421522e-05
"ENSG00000169385","RNASE2",-0.166082509436786,-4.45228052200278,9.64333645017878e-06,2.04654848263556e-05
"ENSG00000169271","HSPB3",-0.243566307544495,-4.44949604470679,9.76627224242514e-06,2.07175906712455e-05
"ENSG00000164619","BMPER",-0.291088045458162,-4.44675813125592,9.88861360653018e-06,2.09682222360691e-05
"ENSG00000152092","ASTN1",-0.250975934239657,-4.44513413050591,9.96187216366252e-06,2.11146082315865e-05
"ENSG00000228252","COL6A4P2",-0.338239188075138,-4.44460076106194,9.98604549848152e-06,2.11568760561049e-05
"ENSG00000272927","RP11-1191J2.5",0.317733865881113,4.44438281780746,9.99593925220619e-06,2.1168867539615e-05
"ENSG00000166959","MS4A8",0.360633414238568,4.44112006531301,1.01451810854284e-05,2.14758278692388e-05
"ENSG00000178750","STX19",-0.239718374949999,-4.43823671850634,1.02788408556839e-05,2.17495574601859e-05
"ENSG00000196208","GREB1",0.332064091640477,4.4380137042797,1.02892487472132e-05,2.17623704467284e-05
"ENSG00000139200","PIANP",-0.235617580917979,-4.43641767804072,1.03640288014505e-05,2.19112659650116e-05
"ENSG00000171227","TMEM37",-0.161935523310023,-4.43499013370154,1.043135508937e-05,2.20442837898774e-05
"ENSG00000150551","LYPD1",-0.143812951082811,-4.43197661303304,1.05748561778296e-05,2.2338099234959e-05
"ENSG00000173838","MARCH10",0.30391699925554,4.431621898151,1.05918710709919e-05,2.23645926330065e-05
"ENSG00000112742","TTK",-0.171008331979014,-4.43115430570666,1.06143404712913e-05,2.24025759208343e-05
"ENSG00000204618","RNF39",-0.251478214664309,-4.42983998575837,1.06777424635192e-05,2.25268828344288e-05
"ENSG00000057149","SERPINB3",-0.281116587954305,-4.42909336021773,1.07139204043317e-05,2.25936744081225e-05
"ENSG00000117472","TSPAN1",0.260192809306532,4.42882420721492,1.07269910148775e-05,2.26117011274822e-05
"ENSG00000183715","OPCML",-0.249882473853675,-4.42793564848805,1.07702495927859e-05,2.26933198330929e-05
"ENSG00000184811","TUSC5",-0.408042879574471,-4.42701061286489,1.08154612696711e-05,2.27789832975382e-05
"ENSG00000244239","AC007009.1",0.143862464422917,4.42461483812309,1.09334017007082e-05,2.30176877909646e-05
"ENSG00000164879","CA3",-0.332540633549447,-4.42001187676242,1.11634596280407e-05,2.34836529975118e-05
"ENSG00000175318","GRAMD2",-0.273790852576172,-4.41999862415024,1.11641286350171e-05,2.34836529975118e-05
"ENSG00000224307","RP11-344B5.2",-0.232877382368166,-4.41768416766285,1.12815549801434e-05,2.37206791003856e-05
"ENSG00000103257","SLC7A5",-0.302057217534088,-4.4139698382159,1.14724778416008e-05,2.41119752870971e-05
"ENSG00000112964","GHR",-0.23438653747431,-4.41038192765841,1.16598337352452e-05,2.44954490236243e-05
"ENSG00000137463","MGARP",-0.220394786682293,-4.40549971334596,1.19194806561458e-05,2.50304087697308e-05
"ENSG00000145794","MEGF10",-0.25080602930176,-4.404893145069,1.19521227497811e-05,2.50884188702375e-05
"ENSG00000116031","CD207",-0.254720888252003,-4.40350905525926,1.20269270038981e-05,2.52348447417081e-05
"ENSG00000150394","CDH8",-0.208493170038281,-4.40252975511888,1.20801242442723e-05,2.53358310492288e-05
"ENSG00000235373","RP11-206L10.3",-0.248877651727513,-4.40121382318002,1.21519622398053e-05,2.54758118234911e-05
"ENSG00000189001","SBSN",-0.329309135911731,-4.39623756924092,1.24273308266082e-05,2.60421853030348e-05
"ENSG00000117525","F3",-0.217778277969572,-4.394209958543,1.25412336175977e-05,2.62698651395009e-05
"ENSG00000168743","NPNT",0.237452429377809,4.39298281043184,1.26106537670474e-05,2.64042164301663e-05
"ENSG00000107105","ELAVL2",-0.21823177490787,-4.3894424976737,1.28129948404776e-05,2.68166488917489e-05
"ENSG00000180818","HOXC10",-0.197081512017817,-4.3887315427212,1.28540008247668e-05,2.68912151145749e-05
"ENSG00000156234","CXCL13",-0.266233135043141,-4.38535650719416,1.30503809672107e-05,2.72906335575298e-05
"ENSG00000156675","RAB11FIP1",-0.286816925149852,-4.38434619468411,1.31097226123783e-05,2.74032663302222e-05
"ENSG00000167588","GPD1",-0.333747023518929,-4.38166200742386,1.32686361971988e-05,2.77238533163368e-05
"ENSG00000133063","CHIT1",-0.310021999806332,-4.38078167057726,1.33211550278769e-05,2.78219612111047e-05
"ENSG00000270885","RASL10B",-0.221077115406535,-4.3798111433726,1.33792846252684e-05,2.79317006790572e-05
"ENSG00000171385","KCND3",0.345741816446184,4.37830114549194,1.3470207987668e-05,2.81097829458848e-05
"ENSG00000166426","CRABP1",-0.344671164090308,-4.37462403442727,1.36940987175818e-05,2.85650786766413e-05
"ENSG00000256546","AC156455.1",-0.291950733679135,-4.37314410314898,1.37852081473384e-05,2.87431362538331e-05
"ENSG00000129195","FAM64A",-0.170435066108346,-4.37281979203466,1.38052510326452e-05,2.87729283714991e-05
"ENSG00000134020","PEBP4",0.285120661650319,4.36892822432305,1.40479375588776e-05,2.9266536580995e-05
"ENSG00000168539","CHRM1",-0.26894552750465,-4.36779214085744,1.41195513950901e-05,2.94034806228449e-05
"ENSG00000183114","FAM43B",-0.184194777114363,-4.36621273664754,1.42196900161381e-05,2.95996877937929e-05
"ENSG00000168961","LGALS9",-0.230443424206838,-4.36533239680219,1.42758001464619e-05,2.97041201549353e-05
"ENSG00000264019","RP11-6N17.6",0.350775395665823,4.3635413570343,1.43906091102082e-05,2.99305513939438e-05
"ENSG00000133321","RARRES3",0.346970291947708,4.36320711892845,1.44121318312935e-05,2.99628520401111e-05
"ENSG00000125869","LAMP5",-0.215952602276403,-4.36165280544585,1.45126239897877e-05,3.01592352239978e-05
"ENSG00000131044","TTLL9",0.301297719991749,4.36010515644176,1.46133501538991e-05,3.03559413250917e-05
"ENSG00000115598","IL1RL2",-0.25199632681009,-4.35965697307843,1.46426439038346e-05,3.04041609298891e-05
"ENSG00000181143","MUC16",-0.288787556496454,-4.35934354736176,1.4663163070825e-05,3.04341284159922e-05
"ENSG00000175920","DOK7",0.39113617156941,4.35837032582223,1.47270525667806e-05,3.05540509684244e-05
"ENSG00000134769","DTNA",-0.229861845113596,-4.35800396061217,1.47511723272297e-05,3.05913984388837e-05
"ENSG00000158815","FGF17",-0.311781276717959,-4.35743400154846,1.47887707807827e-05,3.06566558473936e-05
"ENSG00000137959","IFI44L",-0.329551017888441,-4.35047631176078,1.52551910659041e-05,3.16104249189891e-05
"ENSG00000237732","AC010980.2",-0.388433213023979,-4.34530066891243,1.56112271143131e-05,3.23347703279062e-05
"ENSG00000149926","FAM57B",0.22951212017681,4.34509035211648,1.56258614447777e-05,3.23516800098917e-05
"ENSG00000280755","AC009950.1",-0.391441729664456,-4.33669455190767,1.62208796265355e-05,3.35600480321786e-05
"ENSG00000157111","TMEM171",-0.24013510031296,-4.33666617107833,1.62229272187551e-05,3.35600480321786e-05
"ENSG00000250934","RP11-71E19.1",-0.310564346354495,-4.33257214322508,1.65208989353422e-05,3.41623220333793e-05
"ENSG00000257653","RP11-579D7.2",0.337133729546499,4.32976041426351,1.67285613490321e-05,3.45774314779498e-05
"ENSG00000180155","LYNX1",-0.240172284393313,-4.32960156343452,1.67403674660848e-05,3.4587536086952e-05
"ENSG00000145832","SLC25A48",0.295014975492639,4.32048153766913,1.74316862068899e-05,3.60010041447541e-05
"ENSG00000116774","OLFML3",-0.182214863783054,-4.3195262569748,1.75056552576972e-05,3.61388423982188e-05
"ENSG00000074317","SNCB",-0.274203704757542,-4.31932469192344,1.75213010234087e-05,3.61562134201582e-05
"ENSG00000140297","GCNT3",-0.243471582170159,-4.31680709802685,1.77178481933593e-05,3.65467165704607e-05
"ENSG00000196188","CTSE",-0.278268468585814,-4.3165555530094,1.77376014016917e-05,3.65723740241067e-05
"ENSG00000174371","EXO1",-0.180232311543953,-4.31488417594374,1.78693853282082e-05,3.68289062823747e-05
"ENSG00000129810","SGOL1",-0.160042773873594,-4.31417175767342,1.79258413349008e-05,3.6930039832923e-05
"ENSG00000115507","OTX1",-0.208562891792841,-4.31191794300615,1.81055695466977e-05,3.7284945524501e-05
"ENSG00000165891","E2F7",-0.188984348033977,-4.31158134059048,1.81325587311036e-05,3.73251517725475e-05
"ENSG00000104833","TUBB4A",-0.267983788037569,-4.31062876905427,1.82091452950701e-05,3.74673771503499e-05
"ENSG00000143365","RORC",0.18142025938992,4.31020742491966,1.82431196679869e-05,3.75218421801458e-05
"ENSG00000184293","CLECL1",-0.221475851055308,-4.30586787421197,1.85965702555876e-05,3.82330802952048e-05
"ENSG00000176165","FOXG1",-0.249337897071478,-4.29764831017797,1.92840310348045e-05,3.96301500920767e-05
"ENSG00000133878","DUSP26",-0.26700602115301,-4.29541139836752,1.94752767503062e-05,4.00067312044088e-05
"ENSG00000142235","LMTK3",0.241729425327774,4.28982227035913,1.99610624400967e-05,4.09878078852087e-05
"ENSG00000197444","OGDHL",-0.272572173583269,-4.28933990079523,2.00035257437757e-05,4.10581398681766e-05
"ENSG00000170500","LONRF2",0.274419801008943,4.28693556394096,2.02164694491872e-05,4.14781892679262e-05
"ENSG00000054356","PTPRN",-0.212952511033187,-4.28520112470071,2.03714233916606e-05,4.1778965118254e-05
"ENSG00000115616","SLC9A2",-0.36967049644487,-4.28449223545123,2.04350807862958e-05,4.18923345352518e-05
"ENSG00000165490","DDIAS",-0.201793725135327,-4.283646241641,2.05112983489184e-05,4.20313490756525e-05
"ENSG00000250486","FAM218A",-0.251645992487956,-4.28322292787261,2.05495373856972e-05,4.20924567507112e-05
"ENSG00000110169","HPX",0.348184858577495,4.28110307703198,2.07420541214946e-05,4.24693982831584e-05
"ENSG00000144339","TMEFF2",-0.202737248050727,-4.28033424247397,2.0812300878504e-05,4.25957856702906e-05
"ENSG00000256663","RP11-424C20.2",-0.16877868476556,-4.27965998781413,2.08740927752238e-05,4.27047724534038e-05
"ENSG00000117013","KCNQ4",-0.324328520029617,-4.27952281962122,2.08866849205851e-05,4.27130570973111e-05
"ENSG00000227591","RP1-28O10.1",-0.425609760975144,-4.27907405304249,2.09279326813246e-05,4.27799114499686e-05
"ENSG00000259244","RP11-182J1.12",-0.271306126311614,-4.27671505162128,2.11460377335569e-05,4.32080869095973e-05
"ENSG00000225342","AC079630.4",-0.273239999839596,-4.27611618874106,2.1201750555993e-05,4.33042290767831e-05
"ENSG00000163701","IL17RE",-0.295615742513069,-4.27591256369636,2.12207258719046e-05,4.33252876110751e-05
"ENSG00000226145","KRT16P6",-0.317800397611894,-4.27574133906146,2.12366944080569e-05,4.33401926695039e-05
"ENSG00000132932","ATP8A2",-0.288937136929336,-4.27281637618752,2.1511254961544e-05,4.38826090606773e-05
"ENSG00000233041","PHGR1",0.373027630571878,4.27266603476699,2.15254582946318e-05,4.38936751521856e-05
"ENSG00000087586","AURKA",-0.223594812927867,-4.27136046607242,2.16491770070917e-05,4.41279596557108e-05
"ENSG00000266903","CTB-171A8.1",0.285178633391944,4.26792712026114,2.19777733942732e-05,4.47794893933847e-05
"ENSG00000228214","LINC00693",-0.253509878308522,-4.26368444407569,2.23904005484918e-05,4.56016304449935e-05
"ENSG00000080031","PTPRH",-0.238678117388164,-4.26160258533235,2.25955659282429e-05,4.60007449679213e-05
"ENSG00000010438","PRSS3",-0.304011365351508,-4.25979754227536,2.27749009389914e-05,4.63469697578173e-05
"ENSG00000123560","PLP1",-0.20309013485045,-4.25827164289078,2.29275600517982e-05,4.66269543246608e-05
"ENSG00000196932","TMEM26",0.291448665907292,4.25820350428807,2.29343997038506e-05,4.66269543246608e-05
"ENSG00000185559","DLK1",-0.350616850103021,-4.25814313082711,2.29404615277331e-05,4.66269543246608e-05
"ENSG00000204165","CXorf65",-0.323958394774112,-4.25680090055977,2.30756238740781e-05,4.6882616566595e-05
"ENSG00000267436","AC005786.7",0.379002861347304,4.25525895994905,2.32318340300352e-05,4.71808164704209e-05
"ENSG00000105251","SHD",-0.281846870204359,-4.25450508297,2.33085738407541e-05,4.73174458805403e-05
"ENSG00000277363","SRCIN1",0.226809352194115,4.25424620201625,2.33349819438167e-05,4.73518302431345e-05
"ENSG00000228623","ZNF883",-0.296507603659038,-4.25368929482152,2.33918880141285e-05,4.74480487101998e-05
"ENSG00000233101","HOXB-AS3",0.318472233492393,4.25328820153823,2.34329545783082e-05,4.7512073354234e-05
"ENSG00000279809","AC005538.3",-0.334658317855822,-4.24820494782634,2.39594025463525e-05,4.85597943785012e-05
"ENSG00000165376","CLDN2",-0.20991637526993,-4.24761213059586,2.402152666543e-05,4.86659778473054e-05
"ENSG00000018280","SLC11A1",-0.209169886594233,-4.24671051126373,2.41163060252822e-05,4.88382058025157e-05
"ENSG00000258399","MEG8",-0.307533464677344,-4.24503889622515,2.42929720850642e-05,4.91760568523567e-05
"ENSG00000196136","SERPINA3",0.202533987257474,4.24410878453559,2.43918051263345e-05,4.93561414939995e-05
"ENSG00000176890","TYMS",-0.206630360125573,-4.24110872201875,2.47132078460314e-05,4.99862618244971e-05
"ENSG00000148926","ADM",-0.263553474217259,-4.23584301142637,2.52871159486759e-05,5.11263969847876e-05
"ENSG00000244649","CTD-2377D24.6",-0.227697613027037,-4.23455383595849,2.54295458334646e-05,5.13935849504134e-05
"ENSG00000262413","RP11-498C9.3",0.422889790255696,4.23333424842324,2.55649909478427e-05,5.16464463592781e-05
"ENSG00000261416","RP11-455F5.5",-0.375712523135393,-4.23251132912802,2.56567709277337e-05,5.18109267522895e-05
"ENSG00000044524","EPHA3",-0.236935195139664,-4.22699465365776,2.62802000027178e-05,5.30484457059301e-05
"ENSG00000185585","OLFML2A",-0.165852388839595,-4.22094308385123,2.69806684079344e-05,5.44404124453882e-05
"ENSG00000128683","GAD1",0.313715393909049,4.21998268365037,2.70934569530679e-05,5.46459398004597e-05
"ENSG00000012171","SEMA3B",0.330844987886618,4.21881814504523,2.72308218559879e-05,5.49008505161046e-05
"ENSG00000226453","RP11-379B8.1",-0.295427418394491,-4.21674862983607,2.74765732069704e-05,5.53739887282757e-05
"ENSG00000121211","MND1",-0.190343861060524,-4.21591172408133,2.75765529875154e-05,5.55530882101438e-05
"ENSG00000147509","RGS20",-0.24047121090817,-4.2153956077758,2.7638382742498e-05,5.56552209877124e-05
"ENSG00000280320","RP11-629N8.5",-0.150023381075315,-4.2150376352894,2.76813446959366e-05,5.5719292866217e-05
"ENSG00000198780","FAM169A",-0.326149883984587,-4.21343536678892,2.78744211652506e-05,5.60853544572446e-05
"ENSG00000134259","NGF",-0.1806893477614,-4.20903396298012,2.84114220008104e-05,5.71428439276155e-05
"ENSG00000185499","MUC1",0.245053571510232,4.20232838850075,2.92485261628869e-05,5.88028270263106e-05
"ENSG00000102924","CBLN1",-0.275220569308111,-4.20187614033052,2.93058208519818e-05,5.88943345096098e-05
"ENSG00000232629","HLA-DQB2",-0.192622330457717,-4.20173572781336,2.93236312482832e-05,5.89064508804404e-05
"ENSG00000169083","AR",0.310749758407915,4.20151545363039,2.93515923358889e-05,5.89389404335118e-05
"ENSG00000014257","ACPP",-0.158797366973898,-4.20026008427255,2.95114312424554e-05,5.92361124898744e-05
"ENSG00000198597","ZNF536",-0.245321628946595,-4.19974085905126,2.95777831768526e-05,5.9345471863669e-05
"ENSG00000100968","NFATC4",0.228039197672762,4.19962641059594,2.95924276703153e-05,5.93510382477243e-05
"ENSG00000134398","ERN2",-0.271674552109034,-4.19548364004237,3.01271968500717e-05,6.0399352145292e-05
"ENSG00000157456","CCNB2",-0.170669635171338,-4.19401034005612,3.03195859515587e-05,6.07606932896968e-05
"ENSG00000189410","SH2D5",-0.258495699629722,-4.19321935670514,3.04233575422818e-05,6.09442258459171e-05
"ENSG00000132698","RAB25",0.0650373542200499,4.19150318771225,3.06496710377256e-05,6.13729896630469e-05
"ENSG00000234449","RP11-706O15.3",-0.305084168206827,-4.19028395778618,3.08114253072748e-05,6.16721883652417e-05
"ENSG00000183856","IQGAP3",-0.168984779746508,-4.18827701430251,3.10794561093862e-05,6.21837857330657e-05
"ENSG00000261279","ULK4P1",-0.343967103804385,-4.18657251521413,3.13088365546216e-05,6.25940507765472e-05
"ENSG00000221955","SLC12A8",-0.12606408398909,-4.18656727521252,3.13095441984289e-05,6.25940507765472e-05
"ENSG00000072182","ASIC4",-0.229138890687854,-4.18640909069265,3.13309136305763e-05,6.26117378708558e-05
"ENSG00000120057","SFRP5",-0.308607628986934,-4.18546820328753,3.14583069718476e-05,6.28412044982972e-05
"ENSG00000205517","RGL3",0.26720708421598,4.18534778308313,3.14746470535327e-05,6.28487361292586e-05
"ENSG00000236819","LINC01563",-0.296652614690324,-4.18487312825937,3.15391327236373e-05,6.2952360725823e-05
"ENSG00000166924","NYAP1",-0.245007184038926,-4.18431307357565,3.16153823877545e-05,6.30793742772436e-05
"ENSG00000104723","TUSC3",-0.180235842338316,-4.18112809360372,3.20523545619665e-05,6.39257171160082e-05
"ENSG00000124249","KCNK15",0.295335309695728,4.18095623596327,3.20760957621543e-05,6.39475593344383e-05
"ENSG00000140465","CYP1A1",-0.308964539491248,-4.18007496715222,3.21981014661174e-05,6.41652081827767e-05
"ENSG00000066382","MPPED2",-0.219347021966547,-4.17956902040055,3.22683458147209e-05,6.42795733360973e-05
"ENSG00000124302","CHST8",0.363725767793108,4.17840629507031,3.24303287740995e-05,6.45765208564307e-05
"ENSG00000148204","CRB2",-0.21380610611176,-4.17772522793129,3.2525569504196e-05,6.47403851596257e-05
"ENSG00000224259","LINC01133",-0.27505219180126,-4.1775338403901,3.2552381098166e-05,6.47679687587864e-05
"ENSG00000265787","CYP4F35P",0.327066208158883,4.17560262105717,3.28241063409732e-05,6.52826299542028e-05
"ENSG00000075218","GTSE1",-0.183014307940245,-4.1748863689912,3.29254316651119e-05,6.54581146423696e-05
"ENSG00000005844","ITGAL",-0.233189492883525,-4.17457481980158,3.29695981209459e-05,6.55198690797812e-05
"ENSG00000185666","SYN3",-0.232140315238801,-4.17051663908249,3.35500769528679e-05,6.66404185064702e-05
"ENSG00000240929","HIST2H2BB",-0.36933170169206,-4.17044705321729,3.35601147598584e-05,6.66404185064702e-05
"ENSG00000132561","MATN2",-0.25725041449146,-4.16650095201388,3.41340418634966e-05,6.77531597131731e-05
"ENSG00000137801","THBS1",-0.178382290868489,-4.16589109950817,3.42235686624883e-05,6.79039060763656e-05
"ENSG00000138271","GPR87",-0.205997198203068,-4.16556755093672,3.42711564946592e-05,6.79713536189194e-05
"ENSG00000180739","S1PR5",-0.198908814524167,-4.16339913589126,3.45917177276227e-05,6.85799320531774e-05
"ENSG00000123485","HJURP",-0.15313144483934,-4.16171786960687,3.48422240579168e-05,6.90491955170764e-05
"ENSG00000168477","TNXB",-0.241521627020086,-4.15292108948815,3.61813210923906e-05,7.1674566347842e-05
"ENSG00000100884","CPNE6",-0.239239359283888,-4.15054706683174,3.65510124110892e-05,7.23782423981963e-05
"ENSG00000258227","CLEC5A",-0.216801174938722,-4.14897477795811,3.67978295871142e-05,7.28381424923084e-05
"ENSG00000197632","SERPINB2",-0.296641875975934,-4.14479480480464,3.74617321956794e-05,7.41229366752659e-05
"ENSG00000156427","FGF18",-0.217059257429435,-4.14323911103293,3.77117185576554e-05,7.45880509447299e-05
"ENSG00000114638","UPK1B",-0.275846619042051,-4.14248497979914,3.7833470985241e-05,7.4799270433454e-05
"ENSG00000124780","KCNK17",-0.247508956232162,-4.14231702886225,3.7860637054514e-05,7.48233933883676e-05
"ENSG00000267128","RP11-449J21.5",0.245750749713366,4.14154836018505,3.79852061416295e-05,7.5039917308632e-05
"ENSG00000039537","C6",-0.314888568120269,-4.13644539571618,3.88221194437628e-05,7.66629530879993e-05
"ENSG00000101003","GINS1",-0.174318398696484,-4.13591412330729,3.89102516969237e-05,7.68066555407099e-05
"ENSG00000133519","ZDHHC8P1",-0.159199547712844,-4.1355826817549,3.89653305346629e-05,7.68850247329576e-05
"ENSG00000166450","PRTG",-0.231661032680113,-4.13459168645198,3.91304563130285e-05,7.71803872051844e-05
"ENSG00000168621","GDNF",-0.280991815814472,-4.13320919800167,3.93619269605959e-05,7.76063228718373e-05
"ENSG00000214100","AC079776.2",0.404421469132625,4.13304053265299,3.93902556120494e-05,7.76315640757774e-05
"ENSG00000178445","GLDC",-0.319971718253994,-4.13252674956399,3.94766689693142e-05,7.7771215463582e-05
"ENSG00000182230","FAM153B",-0.313027660127898,-4.12956651100208,3.99780740185343e-05,7.87279913716705e-05
"ENSG00000048540","LMO3",-0.212996405678045,-4.12946102219967,3.9996052952939e-05,7.87323877026359e-05
"ENSG00000101204","CHRNA4",-0.29312631932483,-4.12861302776744,4.01408600071488e-05,7.89863439731382e-05
"ENSG00000182870","GALNT9",-0.276669966589629,-4.12773233102985,4.02917789985546e-05,7.92521223417674e-05
"ENSG00000124731","TREM1",-0.204840891259521,-4.12129232173962,4.14118671145721e-05,8.1423254255942e-05
"ENSG00000279535","AC113188.2",0.234272625588194,4.11911313978178,4.17975411718007e-05,8.21492554477216e-05
"ENSG00000214140","PRCD",-0.237362112179101,-4.11494964829272,4.25439125198861e-05,8.35833251864167e-05
"ENSG00000248309","MEF2C-AS1",-0.319219384855399,-4.11387328614876,4.27389180849524e-05,8.39334604967643e-05
"ENSG00000149534","MS4A2",-0.239552675643501,-4.11279100676933,4.29358519842784e-05,8.42871063688229e-05
"ENSG00000168314","MOBP",-0.215561231884715,-4.11192945648832,4.30932377212048e-05,8.45628683697111e-05
"ENSG00000114771","AADAC",-0.285503979085037,-4.10990371313399,4.34654580581258e-05,8.52598235741974e-05
"ENSG00000132470","ITGB4",-0.215276851096624,-4.10788113226496,4.38401440732523e-05,8.59610668102986e-05
"ENSG00000090539","CHRD",0.261163033833946,4.10709303874764,4.39869688193651e-05,8.62151486071445e-05
"ENSG00000258643","BCL2L2-PABPN1",-0.312712405278138,-4.10440123601978,4.449199309834e-05,8.71708328729232e-05
"ENSG00000168843","FSTL5",-0.245801906981229,-4.10142207126428,4.50573526221681e-05,8.82439338467844e-05
"ENSG00000259417","LINC01314",0.20681038192859,4.09965579792379,4.53957563083552e-05,8.88718800085263e-05
"ENSG00000271576","RP11-486G15.2",-0.287426050664944,-4.09688330205359,4.59318183766492e-05,8.98617273093418e-05
"ENSG00000203799","CCDC162P",0.282091700901998,4.09685503322187,4.59373150005355e-05,8.98617273093418e-05
"ENSG00000138115","CYP2C8",0.316360343931503,4.09451692507684,4.63941089703848e-05,9.07198063558561e-05
"ENSG00000168398","BDKRB2",-0.138844696656324,-4.09054615192457,4.71797772222561e-05,9.22200493007352e-05
"ENSG00000204072","ARMCX7P",0.448252889852251,4.08812088894982,4.76658459371215e-05,9.31337357114527e-05
"ENSG00000137766","UNC13C",-0.27007224741908,-4.08707563662422,4.78767977396106e-05,9.34786710404894e-05
"ENSG00000169760","NLGN1",-0.287763842022766,-4.08706091430392,4.78797753069386e-05,9.34786710404894e-05
"ENSG00000152954","NRSN1",-0.248953475951144,-4.08271431910771,4.87666012676248e-05,9.51729142615628e-05
"ENSG00000163239","TDRD10",-0.193358317066952,-4.08214785836436,4.88833173928195e-05,9.53634752103384e-05
"ENSG00000092758","COL9A3",-0.327573146329565,-4.07911315325805,4.95131328214544e-05,9.65544711806834e-05
"ENSG00000123572","NRK",-0.225602180186219,-4.07891985719903,4.95535089621309e-05,9.65955340392415e-05
"ENSG00000154975","CA10",-0.254574392390543,-4.07793043556699,4.97606717991395e-05,9.69615584550653e-05
"ENSG00000114200","BCHE",-0.233036513323058,-4.07760349459841,4.98293065369322e-05,9.70574728027507e-05
"ENSG00000247134","RP11-11N9.4",-0.191663219993728,-4.07750961718006,4.98490308351462e-05,9.70580818441321e-05
"ENSG00000245526","LINC00461",-0.31468564024771,-4.0766296792757,5.00342726892685e-05,9.73808343504641e-05
"ENSG00000140022","STON2",0.277436311149084,4.07651653379126,5.00581391061598e-05,9.73893756929179e-05
"ENSG00000173917","HOXB2",0.286474964023078,4.07577798220776,5.02141917472713e-05,9.76549820055841e-05
"ENSG00000204179","PTPN20",-0.304170973811225,-4.07268877870094,5.08719476691549e-05,9.8895699201312e-05
"ENSG00000079393","DUSP13",0.315198614960418,4.07136362904164,5.11565997261915e-05,9.94104153248961e-05
"ENSG00000055732","MCOLN3",-0.226414951074003,-4.06894919969148,5.16791291675146e-05,0.000100386808794706
"ENSG00000198723","C19orf45",0.18123948437623,4.05706255882502,5.43263578432443e-05,0.000105478110527389
"ENSG00000158014","SLC30A2",-0.272330464412908,-4.05693983891584,5.43543479962077e-05,0.000105478110527389
"ENSG00000069812","HES2",-0.187275889947941,-4.05690008456952,5.43634181658162e-05,0.000105478110527389
"ENSG00000166869","CHP2",-0.255291250915522,-4.05345413738304,5.51551120145729e-05,0.00010697267652167
"ENSG00000134258","VTCN1",-0.216717389295666,-4.04980502850063,5.60054043596826e-05,0.000108579690499579
"ENSG00000124493","GRM4",0.275017401280296,4.04688113058071,5.66956742863585e-05,0.000109875337764261
"ENSG00000147697","GSDMC",-0.199551797149974,-4.04678429128279,5.67186735201801e-05,0.0001098773218136
"ENSG00000140839","CLEC18B",-0.290183241498322,-4.04486301642619,5.71768086515799e-05,0.00011072193774512
"ENSG00000102962","CCL22",-0.166112869729704,-4.04442771100344,5.72810956408345e-05,0.000110880943942769
"ENSG00000224189","HAGLR",-0.192478797918536,-4.04374632711526,5.74446985776737e-05,0.000111154602510978
"ENSG00000241431","RPL37P6",0.0930059283123139,4.04082355389873,5.8151510911135e-05,0.000112478744508965
"ENSG00000102683","SGCG",-0.277121550058945,-4.03946788493036,5.84821453696121e-05,0.000113074527010077
"ENSG00000147889","CDKN2A",-0.202750114678923,-4.03902311550216,5.85910083057357e-05,0.000113241222082984
"ENSG00000133328","HRASLS2",0.225624146320722,4.03697324191721,5.90952304062206e-05,0.000114171619795635
"ENSG00000118137","APOA1",0.26705137026197,4.03425312839824,5.97706742467795e-05,0.00011543197034913
"ENSG00000138769","CDKL2",-0.330221924485399,-4.03402555472844,5.98275148679769e-05,0.000115497132949762
"ENSG00000148082","SHC3",-0.174867088006295,-4.0326052083301,6.0183432320435e-05,0.000116139390815197
"ENSG00000272636","DOC2B",-0.239282815599104,-4.03174075131997,6.04010344768621e-05,0.000116514341197651
"ENSG00000091704","CPA1",-0.257404969106233,-4.03110246197221,6.05621841752595e-05,0.000116780146886347
"ENSG00000223802","CERS1",-0.227625496330276,-4.02472091266708,6.2195920552654e-05,0.00011988419535978
"ENSG00000092054","MYH7",-0.187192616230093,-4.02241228663418,6.27971798552239e-05,0.00012099649297731
"ENSG00000237541","HLA-DQA2",-0.205009050262535,-4.02136392104498,6.30720327084752e-05,0.000121479261765168
"ENSG00000186439","TRDN",-0.274270015842342,-4.02113588782974,6.31319676669516e-05,0.000121547877679922
"ENSG00000204959","ARHGEF34P",-0.173184945406558,-4.01580815600834,6.45477474167931e-05,0.000124225841833705
"ENSG00000248429","RP11-597D13.9",0.309783195139264,4.00960498590841,6.6234093184672e-05,0.000127422264687711
"ENSG00000242516","LINC00960",-0.329967449600874,-4.00888898533434,6.64314065212134e-05,0.000127752704848487
"ENSG00000099953","MMP11",-0.221132273690712,-4.00690317757655,6.6981569743911e-05,0.000128761187512324
"ENSG00000273032","DGCR9",-0.295164545358624,-4.00676154066294,6.70209744845278e-05,0.000128787422145518
"ENSG00000130940","CASZ1",0.15420683793236,3.99673770182307,6.98661972264082e-05,0.000134203221718033
"ENSG00000261496","RP13-514E23.1",-0.271500039730316,-3.99240775549963,7.11303128484405e-05,0.000136578941721276
"ENSG00000066279","ASPM",-0.156485658312937,-3.99025094265677,7.17680463411667e-05,0.000137750568793026
"ENSG00000066230","SLC9A3",-0.278729923770821,-3.9881233620262,7.24024421855771e-05,0.000138914892911698
"ENSG00000184156","KCNQ3",-0.187546663123416,-3.98702878878061,7.27308853587322e-05,0.000139491533100752
"ENSG00000145107","TM4SF19",-0.227392771798935,-3.98529377363977,7.32543968099492e-05,0.000140441711675516
"ENSG00000236882","LINC01554",-0.313529545075005,-3.98273313099244,7.40335545879504e-05,0.00014188109349933
"ENSG00000053438","NNAT",-0.220183563221507,-3.98232258271647,7.41592051110051e-05,0.000142067442741389
"ENSG00000095739","BAMBI",-0.310341050267873,-3.98073409077646,7.4647277480965e-05,0.000142947678056233
"ENSG00000259171","RP11-903H12.5",0.131306746666522,3.9795834691612,7.50027107722743e-05,0.000143573336087814
"ENSG00000112559","MDFI",-0.208594698863406,-3.9786454479093,7.5293656357036e-05,0.000144075117407264
"ENSG00000167779","IGFBP6",-0.145457695202367,-3.97797342086943,7.55027556885807e-05,0.000144419961148777
"ENSG00000143382","ADAMTSL4",-0.19776857161523,-3.97694932294931,7.58224590779616e-05,0.000144976021181571
"ENSG00000170743","SYT9",0.369402279575181,3.97454022663135,7.6579595976196e-05,0.000146367729312301
"ENSG00000165887","ANKRD2",-0.228865737811414,-3.97228414440481,7.72951323443656e-05,0.000147678892518849
"ENSG00000158315","RHBDL2",-0.16525392046648,-3.96898089380557,7.83542201996509e-05,0.00014964518754708
"ENSG00000173805","HAP1",-0.228652409206639,-3.96481489190025,7.97095270633983e-05,0.000152175500311948
"ENSG00000128383","APOBEC3A",-0.266291270923218,-3.96456011977329,7.97931272181984e-05,0.000152276960340073
"ENSG00000183230","CTNNA3",-0.230068256731396,-3.96177799343368,8.07114662874618e-05,0.000153970748354563
"ENSG00000100196","KDELR3",-0.181859640167879,-3.9595634228433,8.14496082747557e-05,0.00015531961913569
"ENSG00000187244","BCAM",0.214376943507574,3.95910938838998,8.1601730734974e-05,0.00015555038264387
"ENSG00000203886","CYP17A1-AS1",0.284745127953402,3.95761912580693,8.21029301978329e-05,0.000156415696484452
"ENSG00000144152","FBLN7",-0.192696984458729,-3.95757373752937,8.21182406543373e-05,0.000156415696484452
"ENSG00000108551","RASD1",-0.249539009228992,-3.95642361049937,8.25071069519819e-05,0.000157096547890293
"ENSG00000184058","TBX1",-0.252840936101584,-3.95289333603323,8.37116363925352e-05,0.000159329342201247
"ENSG00000118898","PPL",-0.148340563566907,-3.94979853461209,8.47812590690307e-05,0.000161303765352037
"ENSG00000169469","SPRR1B",-0.268992509218783,-3.9481220299676,8.53660809620436e-05,0.000162354661396051
"ENSG00000262663","RP11-497H17.1",-0.343875475856355,-3.9472364232254,8.56765501149488e-05,0.000162854362935742
"ENSG00000067798","NAV3",-0.242741263082389,-3.94718683544368,8.56939657767873e-05,0.000162854362935742
"ENSG00000101489","CELF4",-0.237994537727991,-3.94506820320926,8.64411858618392e-05,0.000164211979220819
"ENSG00000167281","RBFOX3",-0.243828735132748,-3.94399345173244,8.68225935086484e-05,0.00016487389576272
"ENSG00000120049","KCNIP2",-0.250066424158482,-3.94361152283859,8.69585155738924e-05,0.000165069315819841
"ENSG00000158428","CATIP",0.281499385051915,3.94247934472573,8.73626231299031e-05,0.000165773478424864
"ENSG00000125462","C1orf61",-0.180777202212087,-3.93856296264269,8.87742460230099e-05,0.000168388175309199
"ENSG00000182389","CACNB4",-0.242173532886484,-3.93342350095908,9.0659487859949e-05,0.000171898915168656
"ENSG00000006118","TMEM132A",-0.175195851117299,-3.93294630124208,9.08364419077194e-05,0.000172169146906216
"ENSG00000109805","NCAPG",-0.161301084292351,-3.93274282349405,9.09119943820173e-05,0.000172247052637395
"ENSG00000232415","CTB-51J22.1",0.285662210899307,3.9316478794171,9.13195754620199e-05,0.000172953741405341
"ENSG00000263986","RP11-746M1.1",0.381684071759599,3.93043471444867,9.17731819083513e-05,0.000173747031253978
"ENSG00000225670","CADM3-AS1",-0.282511246391455,-3.92738661720862,9.29223014644029e-05,0.000175855983089332
"ENSG00000185737","NRG3",-0.23460149195645,-3.9263478035742,9.33170304303185e-05,0.000176536190749751
"ENSG00000100842","EFS",-0.165572601690934,-3.92356312839121,9.43829935340558e-05,0.000178485237394205
"ENSG00000180383","DEFB124",-0.271358318865698,-3.91994380206388,9.57856804386137e-05,0.000181069339203429
"ENSG00000124749","COL21A1",-0.194784465449865,-3.91918806974895,9.60810460879113e-05,0.000181559044005879
"ENSG00000172461","FUT9",-0.265171484717626,-3.91869795658415,9.62730591414015e-05,0.000181853152892712
"ENSG00000163395","IGFN1",-0.25033039568097,-3.91454303051197,9.79154909495248e-05,0.000184885745750613
"ENSG00000198643","FAM3D",-0.222058286577006,-3.91423640111906,9.80377450215232e-05,0.000185046706344891
"ENSG00000186891","TNFRSF18",0.204536905961565,3.91337147607589,9.83833716975415e-05,0.000185629003202908
"ENSG00000124208","TMEM189-UBE2V1",-0.346966058758608,-3.91175737418102,9.9031455926958e-05,0.000186781320118744
"ENSG00000105664","COMP",-0.178109667944048,-3.91075850444311,9.94345361073912e-05,0.000187470844848023
"ENSG00000077063","CTTNBP2",-0.225500503856444,-3.90923914066629,0.000100050630668818,0.000188561309213755
"ENSG00000162670","BRINP3",-0.39011743496885,-3.90748256426869,0.000100767412901977,0.000189840642241855
"ENSG00000250208","FZD10-AS1",-0.185199473143623,-3.90607570663091,0.000101344989377973,0.000190856853819158
"ENSG00000120251","GRIA2",0.348113111657949,3.90245382703284,0.000102846366423375,0.000193611382574125
"ENSG00000248890","HHIP-AS1",-0.22702094238179,-3.89755467492326,0.00010491069788298,0.000197423217694732
"ENSG00000135773","CAPN9",0.234626052122415,3.89536016946131,0.000105848034087509,0.000199112178494186
"ENSG00000227755","AP000344.4",-0.286050069337493,-3.89481289981493,0.000106083018968986,0.000199479163160936
"ENSG00000224689","ZNF812",-0.230074972818832,-3.89292595350319,0.000106897017000091,0.000200934242481375
"ENSG00000188933","USP32P1",-0.27315367179928,-3.89099126907368,0.000107737736382372,0.000202438437396414
"ENSG00000166960","CCDC178",-0.234288284582389,-3.89054959286164,0.000107930541632054,0.000202724533493715
"ENSG00000258424","RP11-471B22.2",-0.364612377653622,-3.88209563847409,0.000111684415186733,0.000209696611315683
"ENSG00000224594","RPL29P19",-0.196884886624383,-3.88084810275507,0.000112248705566223,0.000210676999936604
"ENSG00000158477","CD1A",-0.264508980556398,-3.88070967903389,0.000112311483733564,0.000210715729331264
"ENSG00000163958","ZDHHC19",-0.336849801005261,-3.87881753161765,0.000113172946998065,0.000212252338706049
"ENSG00000128710","HOXD10",-0.116749612440267,-3.87615041855901,0.000114397847895568,0.000214469156159669
"ENSG00000178568","ERBB4",0.271966297604665,3.87287278136317,0.000115920296623481,0.000217241935201426
"ENSG00000267653","RP1-193H18.3",-0.292431138646094,-3.87186052605127,0.000116394340577739,0.000218048596061706
"ENSG00000254510","RP11-867G23.10",-0.246660012722887,-3.86957709964407,0.000117470414008456,0.000219982048704974
"ENSG00000196090","PTPRT",0.306668229466636,3.86858010078606,0.000117943195103569,0.000220784715656251
"ENSG00000168389","MFSD2A",-0.219312301666433,-3.86841811980289,0.000118020176711536,0.000220846139056017
"ENSG00000128709","HOXD9",-0.092794901267906,-3.86829369638381,0.000118079341283951,0.000220874188709223
"ENSG00000135744","AGT",0.223934815388441,3.86629250328994,0.000119034786275601,0.000222578134397159
"ENSG00000111245","MYL2",-0.221084815921216,-3.86410483116078,0.000120087616787503,0.000224462835116828
"ENSG00000187653","TMSB4XP8",-0.346298041048971,-3.86029773958676,0.000121940804910599,0.000227841563734302
"ENSG00000181856","SLC2A4",-0.214416844145347,-3.85919877897235,0.000122480752205248,0.000228764946218244
"ENSG00000171124","FUT3",-0.257267412079897,-3.85900208854065,0.000122577629136378,0.000228860397939466
"ENSG00000055813","CCDC85A",-0.214441267830687,-3.85648685243016,0.000123822868043866,0.000231099044501429
"ENSG00000272141","RP11-465B22.8",0.102169152469627,3.85311263630564,0.000125512140498725,0.000234164441228965
"ENSG00000033122","LRRC7",-0.173112320448386,-3.85128830838093,0.000126434514965889,0.000235711937446151
"ENSG00000126460","PRRG2",0.134259219082867,3.85128561146059,0.000126435883246116,0.000235711937446151
"ENSG00000186871","ERCC6L",-0.166390616202701,-3.85037870011821,0.000126896797682609,0.000236483037052943
"ENSG00000224557","HLA-DPB2",-0.196388902274145,-3.84702691121025,0.000128614062250247,0.000239594005682278
"ENSG00000258967","HMGN1P3",-0.310369230524213,-3.84414955515681,0.000130105733785282,0.000242282558259371
"ENSG00000197641","SERPINB13",-0.217437117006251,-3.84319088599551,0.000130606341376046,0.000243124239344836
"ENSG00000227953","LINC01341",0.264874587800537,3.84179544332739,0.000131338278546857,0.00024439575464618
"ENSG00000165828","PRAP1",-0.332715754057464,-3.83577669852753,0.000134539824957912,0.000250260091067545
"ENSG00000180535","BHLHA15",-0.220970714379866,-3.83484297547561,0.000135043051132216,0.000251102735463398
"ENSG00000167165","UGT1A6",-0.257887120713422,-3.83434893397105,0.000135310030882049,0.000251505633609756
"ENSG00000142606","MMEL1",0.203970467770553,3.82863065460943,0.000138436656701526,0.000257165161838494
"ENSG00000128645","HOXD1",-0.158597515063893,-3.82859254123598,0.000138457723133845,0.000257165161838494
"ENSG00000169313","P2RY12",-0.218468009038582,-3.82691907950916,0.000139385684966195,0.000258792582558847
"ENSG00000105366","SIGLEC8",-0.171548726240436,-3.82521685631233,0.000140335614211967,0.000260459566094964
"ENSG00000104059","FAM189A1",-0.300036917158726,-3.82396549007657,0.000141037834131687,0.000261665740504058
"ENSG00000129654","FOXJ1",0.299601491640888,3.82308846383305,0.000141531963094049,0.000262485094758993
"ENSG00000151650","VENTX",-0.194337147842076,-3.82152372254295,0.000142417619687408,0.000264029699086778
"ENSG00000183807","FAM162B",-0.165713270742049,-3.82026050678907,0.000143136422146144,0.00026526394022636
"ENSG00000088992","TESC",-0.196231939468794,-3.81990420382221,0.000143339785779329,0.00026554239677534
"ENSG00000233705","SLC26A4-AS1",-0.256488188952178,-3.81694877282181,0.000145037167820879,0.000268587347816443
"ENSG00000248144","ADH1C",-0.259361466577428,-3.81189352135461,0.00014798456579746,0.000273944031465125
"ENSG00000053918","KCNQ1",-0.158623045076149,-3.81083490594423,0.000148608890078348,0.000274997946110932
"ENSG00000158270","COLEC12",-0.205551180308355,-3.8099476368108,0.00014913407479376,0.000275867692922235
"ENSG00000184601","C14orf180",-0.319776962006562,-3.80868254841142,0.000149885923128013,0.00027715592294381
"ENSG00000244124","ATP1B3-AS1",-0.32667379562276,-3.80772670873567,0.00015045635273633,0.000278040088588796
"ENSG00000211689","TRGC1",-0.26411425855255,-3.80769502524146,0.000150475295944257,0.000278040088588796
"ENSG00000124253","PCK1",-0.282552071151464,-3.80353745341359,0.000152980669451962,0.000282564960199413
"ENSG00000164742","ADCY1",0.322532203403389,3.80036449633411,0.000154919119471735,0.000286039733145744
"ENSG00000142494","SLC47A1",-0.186981124394702,-3.79871180954067,0.000155937943655685,0.000287814587773505
"ENSG00000187398","LUZP2",-0.227130613150374,-3.79837771944176,0.000156144664797,0.00028808978744834
"ENSG00000179914","ITLN1",-0.262019705655945,-3.79557533912029,0.000157888864070409,0.000291200413261543
"ENSG00000006128","TAC1",-0.278633711982239,-3.79392914061882,0.000158922004230738,0.000292997795410652
"ENSG00000205456","TP53TG3D",-0.28772711210759,-3.79323890552877,0.000159357083440033,0.000293691639218637
"ENSG00000235288","RP11-70C1.3",-0.332535713359236,-3.79271278894938,0.000159689466927537,0.000294195775474461
"ENSG00000267640","CTD-2554C21.2",-0.207288577168258,-3.79038606696879,0.000161167266710311,0.000296808962634091
"ENSG00000172367","PDZD3",0.250950226773546,3.78917639191558,0.000161940666873681,0.0002981234662623
"ENSG00000277010","RP11-616M22.12",0.343649266042485,3.78796751907838,0.000162717048113441,0.000299442488247039
"ENSG00000089101","CFAP61",0.210861918138085,3.78655941988267,0.000163625802867554,0.000301004052368568
"ENSG00000162426","SLC45A1",0.182183113481973,3.78608927205129,0.000163930289206961,0.000301453271803901
"ENSG00000234409","AC006547.14",-0.288434025203502,-3.78273050312349,0.000166121147410451,0.000305369756269211
"ENSG00000267405","CTC-296K1.4",-0.271631991864998,-3.78010092035876,0.000167855599952573,0.000308444689365257
"ENSG00000268621","AC006262.5",-0.294315270771532,-3.77944998255522,0.000168287581071079,0.000309124873385523
"ENSG00000109101","FOXN1",0.192809360254872,3.77920244894764,0.000168452126294087,0.000309313489339125
"ENSG00000127863","TNFRSF19",-0.195781740226489,-3.77792762720162,0.000169301953703009,0.00031075982691448
"ENSG00000132744","ACY3",-0.226766195300492,-3.77724682887989,0.000169757443786972,0.000311481548232977
"ENSG00000124140","SLC12A5",-0.233868465166701,-3.77656392463876,0.000170215502783212,0.000312207451913449
"ENSG00000111879","FAM184A",-0.200635190125874,-3.77603158265511,0.00017057337946554,0.000312749137267217
"ENSG00000167183","PRR15L",0.1030752062135,3.7751543520341,0.000171164661108965,0.000313718220507634
"ENSG00000168481","LGI3",-0.224219954109281,-3.77462784717691,0.00017152046916857,0.000314255165204415
"ENSG00000142973","CYP4B1",0.219313913762468,3.77388860799892,0.0001720212178284,0.00031505717550989
"ENSG00000261655","CTD-3064M3.3",-0.20506847186582,-3.76910665236896,0.000175293862025652,0.000320933471302915
"ENSG00000100024","UPB1",-0.20978323843276,-3.76490541311403,0.000178217397107638,0.000326166539362442
"ENSG00000203952","CCDC160",0.207816241333734,3.76447575583035,0.000178518959689867,0.000326598901737773
"ENSG00000137872","SEMA6D",-0.200154643012579,-3.76437904092297,0.000178586907005996,0.000326603707033642
"ENSG00000072571","HMMR",-0.15156234509609,-3.76082769468349,0.000181098852334138,0.000331076512493854
"ENSG00000231439","WASIR2",0.248774040679624,3.75797171705491,0.000183143051370501,0.000334691248849599
"ENSG00000183833","MAATS1",0.226810401089896,3.7572725090037,0.000183646818686642,0.000335489255912755
"ENSG00000268120","CTD-3193O13.11",0.138464458795732,3.7535081867812,0.000186381448629174,0.000340360570907914
"ENSG00000256210","AC005255.3",-0.0754863521002048,-3.75275925877652,0.000186930068593946,0.0003412378032018
"ENSG00000153246","PLA2R1",-0.119252040639842,-3.74920475892708,0.000189554681840386,0.000345902704088296
"ENSG00000111206","FOXM1",-0.183828363341764,-3.74665170249226,0.000191461206555454,0.000349254298714801
"ENSG00000169169","CPT1C",-0.154839146568275,-3.74583385517957,0.000192075751739971,0.00035024754146603
"ENSG00000168135","KCNJ4",-0.223164168387359,-3.74432185804732,0.000193216786844784,0.00035219975728178
"ENSG00000120093","HOXB3",0.232641009596869,3.74295841840322,0.000194251181228299,0.000353956234016579
"ENSG00000163082","SGPP2",-0.244976706134337,-3.74242029739723,0.00019466086795022,0.00035457352996397
"ENSG00000235034","C19orf81",-0.339041373100661,-3.74161949958771,0.0001952720440832,0.000355557254339402
"ENSG00000213886","UBD",-0.18081163037425,-3.74031311834623,0.000196272964640762,0.000357172185586698
"ENSG00000267059","AC005943.2",-0.301508458246332,-3.74027553280956,0.000196301833198449,0.000357172185586698
"ENSG00000142731","PLK4",-0.16890384484391,-3.73495862597516,0.000200426140894666,0.000364543726618162
"ENSG00000125966","MMP24",-0.214735630479114,-3.73038439368921,0.000204039484730041,0.000370980881327347
"ENSG00000259772","RP11-16E12.2",-0.293440272733352,-3.72888971770989,0.000205233408335522,0.000373016009333918
"ENSG00000164749","HNF4G",-0.198277268710442,-3.72869430581063,0.00020538998531506,0.000373164944249745
"ENSG00000058085","LAMC2",-0.181680945323425,-3.72716573058925,0.000206618665609075,0.000375260925552261
"ENSG00000106031","HOXA13",-0.190818701374873,-3.7229148474749,0.000210072018106599,0.000381394368385256
"ENSG00000225950","NTF4",-0.209533360785612,-3.72182659455328,0.000210964788702195,0.000382876204541188
"ENSG00000137309","HMGA1",-0.159382722404067,-3.71798488460211,0.000214145038958543,0.000388506964728851
"ENSG00000116299","KIAA1324",0.162986536939978,3.71643509317234,0.000215440711516863,0.000390715835177481
"ENSG00000158164","TMSB15A",-0.226821512997999,-3.71610676832349,0.000215716145976925,0.000391073506122054
"ENSG00000162951","LRRTM1",-0.210525949330876,-3.71551132897118,0.000216216510298875,0.000391838547116483
"ENSG00000249550","LINC01234",-0.268476059367177,-3.71447135038412,0.000217093052854038,0.000393284516039923
"ENSG00000250120","PCDHA10",-0.265876178992905,-3.71103349447199,0.000220014484609109,0.000398432605231998
"ENSG00000130513","GDF15",0.24146446694059,3.7102061883553,0.00022072301419748,0.000399570988771686
"ENSG00000101198","NKAIN4",-0.237350872000335,-3.70978314290101,0.000221086151608923,0.000400083517207606
"ENSG00000196263","ZNF471",-0.206357771029239,-3.70851730176089,0.000222176094097199,0.000401910445183066
"ENSG00000186377","CYP4X1",0.302871742980539,3.70622570027801,0.000224162125354784,0.000405356465379356
"ENSG00000223814","RP11-543D5.2",-0.297400954391922,-3.70522486622402,0.000225034732017285,0.000406787295765157
"ENSG00000231806","PCAT7",-0.187644543772144,-3.70361371662478,0.000226446173236055,0.000409190772020337
"ENSG00000204866","IGFL2",-0.181816409548746,-3.70338329763837,0.000226648709935277,0.000409408796848405
"ENSG00000124256","ZBP1",-0.226984308107078,-3.70063551540007,0.00022907715559498,0.000413573188528921
"ENSG00000261685","RP11-401P9.4",-0.199242376278271,-3.70058779387207,0.000229119546445022,0.000413573188528921
"ENSG00000101203","COL20A1",-0.230909401890043,-3.69882861329849,0.000230687376960982,0.000416252935692858
"ENSG00000196381","ZNF781",-0.184291973842197,-3.69482170482762,0.000234296176646549,0.000422612151238364
"ENSG00000277050","RP11-102G14.1",0.191411513643534,3.6937044233679,0.000235311872555131,0.000424181764420474
"ENSG00000130653","PNPLA7",0.209516131431948,3.69367789087096,0.000235336042900479,0.000424181764420474
"ENSG00000263968","RN7SL381P",-0.300070446503795,-3.69333434469787,0.000235649214449001,0.000424593179187389
"ENSG00000223813","AC007255.8",0.268409959822569,3.68943413632333,0.000239232163470638,0.000430893666193512
"ENSG00000111181","SLC6A12",-0.153640009885015,-3.68660007527698,0.000241867743547404,0.00043548387387001
"ENSG00000214855","APOC1P1",-0.189799114842575,-3.68593002462284,0.000242494844028662,0.000436455802787368
"ENSG00000135447","PPP1R1A",-0.223904735034644,-3.68405507870011,0.000244257736030147,0.000439470557808828
"ENSG00000167513","CDT1",-0.16772999817503,-3.68239926234033,0.000245824602290017,0.000442130579658304
"ENSG00000075702","WDR62",-0.185865283473131,-3.68080468849762,0.000247342439475957,0.000444700538432141
"ENSG00000157388","CACNA1D",0.221507318377598,3.67653433378567,0.000251450775049842,0.000451886138447498
"ENSG00000203760","CENPW",-0.202193085641422,-3.67641475665675,0.000251566732936485,0.000451886138447498
"ENSG00000244067","GSTA2",-0.244595766556598,-3.6763699443106,0.000251610201887567,0.000451886138447498
"ENSG00000004799","PDK4",-0.198100685856211,-3.67011496693036,0.000257747387097144,0.000462742167140294
"ENSG00000261069","RP11-701H24.4",-0.279735511731306,-3.66942380787854,0.000258434091520624,0.000463808491601981
"ENSG00000271659","RP11-435O5.4",-0.381022969207316,-3.66899585068998,0.000258860151567673,0.000464406443429625
"ENSG00000178726","THBD",-0.175537905149173,-3.66531762581189,0.000262549372436221,0.000470824125733882
"ENSG00000196139","AKR1C3",-0.216975897999333,-3.66524204214553,0.000262625697334359,0.000470824125733882
"ENSG00000276170","AC124789.1",-0.19476799302925,-3.65892833351616,0.000269075412854672,0.000482214001531671
"ENSG00000275216","RP11-54H7.4",-0.255985145367649,-3.65773256631888,0.000270313570923104,0.000484259353140638
"ENSG00000157890","MEGF11",-0.242695544924964,-3.6567204036985,0.000271365794238478,0.000485970261888391
"ENSG00000172575","RASGRP1",-0.270663092832267,-3.65406943663897,0.000274139941206411,0.000490762515586127
"ENSG00000264272","CTD-2514K5.4",0.315392247957906,3.65392905533965,0.000274287585278042,0.000490851083174736
"ENSG00000124107","SLPI",-0.229731785082255,-3.65368885704352,0.000274540383653909,0.000491127698844202
"ENSG00000245694","CRNDE",0.119384308578296,3.65307886395582,0.000275183358657834,0.000492101857399561
"ENSG00000130037","KCNA5",-0.187633691496163,-3.65073250816948,0.000277669782114798,0.000496263775472712
"ENSG00000137941","TTLL7",-0.211825870824859,-3.65069546165802,0.00027770920875453,0.000496263775472712
"ENSG00000167646","DNAAF3",0.248536467929412,3.64813649750911,0.000280445333818673,0.000500974158304167
"ENSG00000166342","NETO1",-0.235423524036201,-3.64614278278462,0.000282594593268705,0.000504633202265545
"ENSG00000167371","PRRT2",0.185921611238802,3.64445947123404,0.000284421260624552,0.000507713781907447
"ENSG00000268460","DKFZp434J0226",-0.259467491603041,-3.64154199021624,0.000287613478337153,0.000513228904955662
"ENSG00000089685","BIRC5",-0.152494168749344,-3.63897753603777,0.000290447163663372,0.000518100541675655
"ENSG00000221932","HEPN1",-0.247948800968093,-3.63760151451026,0.000291978428068899,0.000520646269737695
"ENSG00000153446","C16orf89",0.240985948557788,3.63629450284571,0.000293439909538132,0.000523065792403088
"ENSG00000128040","SPINK2",-0.247753854901787,-3.63336672095097,0.000296738661127365,0.000528757414695945
"ENSG00000125931","CITED1",0.232721641147661,3.63148253434401,0.000298879954620905,0.000532383246563778
"ENSG00000272763","RP11-357H14.17",-0.236511688052149,-3.63027554799552,0.00030025924931027,0.000534471676662143
"ENSG00000130222","GADD45G",0.202695460011567,3.63026948932689,0.000300266187948792,0.000534471676662143
"ENSG00000057294","PKP2",-0.148032706417546,-3.62818460174004,0.000302662841032952,0.00053854598048568
"ENSG00000198088","NUP62CL",0.197170108158159,3.62806231481792,0.00030280396993522,0.000538605425000392
"ENSG00000112530","PACRG",-0.177890048663498,-3.6257849973948,0.000305443483277431,0.000543107189326868
"ENSG00000131080","EDA2R",-0.193229517719094,-3.62434685207515,0.000307121460993662,0.000545896660138041
"ENSG00000279232","DKFZp434P228",-0.265197618096425,-3.61556289297953,0.000317559437614345,0.000564249178419235
"ENSG00000205277","MUC12",-0.213130157864841,-3.61215904811143,0.000321692942833774,0.000571390662226952
"ENSG00000152611","CAPSL",0.25034734957675,3.61003996816262,0.00032429170029225,0.000575802024666637
"ENSG00000274286","ADRA2B",-0.187174098171905,-3.60954407156401,0.000324902684293171,0.000576682080747553
"ENSG00000135119","RNFT2",0.173223703157659,3.60895852465472,0.000325625514175394,0.000577759961276426
"ENSG00000189120","SP6",-0.163348406629989,-3.60801899250598,0.000326788473299365,0.000579617724901322
"ENSG00000117407","ARTN",0.267845587552272,3.60549344662172,0.000329933942765846,0.000584872999860719
"ENSG00000036672","USP2",-0.195030505795932,-3.60545236151106,0.000329985346521417,0.000584872999860719
"ENSG00000154839","SKA1",-0.145635664787413,-3.60317579694414,0.00033284543963719,0.000589733238194879
"ENSG00000177335","C8orf31",-0.204611721879199,-3.60176807951726,0.000334625592600277,0.000592677280553095
"ENSG00000228477","RP3-342P20.2",-0.242775782008219,-3.6001075298068,0.000336736940874799,0.00059620563186048
"ENSG00000040731","CDH10",-0.228773365724445,-3.59487454628408,0.00034347251644692,0.000607915958313132
"ENSG00000175857","GAPT",-0.178637299915466,-3.59281206904958,0.000346161735408682,0.000612458838302693
"ENSG00000080293","SCTR",-0.255181536124616,-3.59034491637377,0.000349404518021512,0.000617977569900093
"ENSG00000106025","TSPAN12",-0.167194247279083,-3.5878970560271,0.000352650057510517,0.000623497272826233
"ENSG00000267484","CTC-518P12.6",0.180735398253961,3.58705894479834,0.000353767758258074,0.000625252312227066
"ENSG00000233493","TMEM238",0.13735858895726,3.58213777140848,0.000360397854278332,0.000636745325580093
"ENSG00000114812","VIPR1",0.16037705188526,3.58165055043818,0.000361060561805234,0.00063761674049929
"ENSG00000112984","KIF20A",-0.122757591097803,-3.58158770799277,0.000361146121818798,0.00063761674049929
"ENSG00000169903","TM4SF4",-0.211103600782453,-3.57972924356978,0.000363685024709207,0.000641872616853524
"ENSG00000165125","TRPV6",-0.254672718861071,-3.57879415986832,0.000364968783210683,0.000643911050124705
"ENSG00000131095","GFAP",-0.1791893051296,-3.57676634180367,0.000367767332705271,0.00064861963440083
"ENSG00000277351","RP11-325L12.6",-0.263816876179402,-3.57402008590331,0.000371589434034963,0.000655129467621585
"ENSG00000204338","CYP21A1P",0.302330263121191,3.57188529748352,0.000374586189944673,0.000660180102123146
"ENSG00000170423","KRT78",-0.233105222833891,-3.57154078865,0.000375071917435961,0.000660803237202187
"ENSG00000147465","STAR",-0.223904561215904,-3.57094724011948,0.000375910152976229,0.000661990626119797
"ENSG00000105642","KCNN1",-0.16753445857219,-3.57087614399719,0.000376010675636045,0.000661990626119797
"ENSG00000185567","AHNAK2",-0.159219513303584,-3.57036653954477,0.000376731941506045,0.000663027000186633
"ENSG00000104327","CALB1",-0.223723136876352,-3.56955293247166,0.000377886161752585,0.00066482435213333
"ENSG00000132749","MTL5",0.161018736922272,3.56833704048162,0.000379617255272709,0.000667634989927382
"ENSG00000205502","C2CD4B",-0.221231006213689,-3.56741268898797,0.000380938241029672,0.000669722645973403
"ENSG00000229183","PGA4",-0.235797599738645,-3.56086440925288,0.000390420324350357,0.000686151712390785
"ENSG00000090932","DLL3",-0.237756055898473,-3.55806650636944,0.000394538752622912,0.000693146086828727
"ENSG00000121152","NCAPH",-0.147571395221941,-3.55656963228682,0.000396758768790194,0.000696801490674735
"ENSG00000259803","SLC22A31",-0.271458569041295,-3.55630262127818,0.000397155999971458,0.000697254213433038
"ENSG00000118785","SPP1",-0.167071237326161,-3.55371441179475,0.000401025807748967,0.000703800996400434
"ENSG00000096696","DSP",-0.124296142403766,-3.55152941750249,0.000404320183307348,0.000709333654925172
"ENSG00000196581","AJAP1",-0.178606403240992,-3.55125366190133,0.000404737742749417,0.000709817156698381
"ENSG00000164161","HHIP",-0.240459129260911,-3.54898447310761,0.000408189189322848,0.000715619195867546
"ENSG00000180287","PLD5",-0.245910570194226,-3.54838968128796,0.000409098415404834,0.000716961821599779
"ENSG00000119125","GDA",-0.203545918966592,-3.54700575772389,0.000411221284189702,0.000720429720024005
"ENSG00000177508","IRX3",0.0987928916816587,3.5463327749333,0.000412257326592628,0.000721991815398649
"ENSG00000166592","RRAD",-0.202032752141955,-3.54534590386987,0.000413781010631787,0.000724406531218115
"ENSG00000185924","RTN4RL1",0.216127678246464,3.54073417982392,0.000420971402027312,0.000736736790387315
"ENSG00000240204","SMKR1",0.144250796629544,3.53519392241337,0.000429764063840697,0.000751861553255244
"ENSG00000255072","PIGY",-0.186304694505294,-3.53492919356814,0.000430188471470807,0.000752340803551603
"ENSG00000105278","ZFR2",-0.332495459995352,-3.53301108984753,0.000433275264348904,0.00075747423837221
"ENSG00000121207","LRAT",-0.265144334195518,-3.5328960421666,0.000433461066827162,0.000757534195783227
"ENSG00000255301","RP11-624G17.3",0.0935863829591177,3.53206215228323,0.000434810031631921,0.000759626190831448
"ENSG00000158008","EXTL1",-0.187925277272978,-3.53155969506985,0.000435624739815506,0.000760783688116496
"ENSG00000152128","TMEM163",-0.14981383780067,-3.52901976105399,0.000439765004098748,0.000767746166373512
"ENSG00000102109","PCSK1N",-0.302864907572068,-3.52853113402155,0.000440565707787528,0.000768875580781026
"ENSG00000279806","RP11-58O9.2",-0.175510160332133,-3.5260826933026,0.000444598491857344,0.000775642867859986
"ENSG00000102934","PLLP",0.171921436016839,3.52498791953731,0.000446412819022796,0.000778536482425525
"ENSG00000157103","SLC6A1",-0.111276346802238,-3.52399764530664,0.000448059923885574,0.000781136547917668
"ENSG00000140955","ADAD2",-0.256647253342867,-3.5197359736349,0.000455213338449668,0.000793331018559896
"ENSG00000149571","KIRREL3",-0.222328383369001,-3.51724579508736,0.000459442493248657,0.000800422462105673
"ENSG00000197299","BLM",-0.184573560871469,-3.51198850019022,0.000468492040552656,0.000815903936873312
"ENSG00000176406","RIMS2",-0.25151501921509,-3.50954225224028,0.000472759392799261,0.000823049082171415
"ENSG00000229391","HLA-DRB6",-0.175704372276392,-3.50936065751383,0.000473077619353926,0.000823316427695659
"ENSG00000135100","HNF1A",0.223258819321177,3.50926641404775,0.000473242850471907,0.000823317415573951
"ENSG00000166831","RBPMS2",-0.153730424686964,-3.50857606416175,0.000474454842768347,0.000825138856988429
"ENSG00000151067","CACNA1C",-0.162350690643401,-3.49934506405987,0.000490942172524328,0.000853515598964409
"ENSG00000184160","ADRA2C",-0.242308930594233,-3.49888459652387,0.000491778459192377,0.000854672330886996
"ENSG00000106633","GCK",-0.21433387530533,-3.49589021305364,0.000497249313100095,0.000863879974114132
"ENSG00000197360","ZNF98",-0.255929975379332,-3.49245217576181,0.000503600828819199,0.000874610678741228
"ENSG00000108370","RGS9",-0.256420680728614,-3.49095856553838,0.000506383702923142,0.000879138373130454
"ENSG00000188488","SERPINA5",0.244622821719094,3.48985580268811,0.000508447564668971,0.000882415072316854
"ENSG00000122367","LDB3",-0.122959193239101,-3.4890617232186,0.000509938576000879,0.000884695655796112
"ENSG00000105855","ITGB8",-0.205032079101195,-3.486424527558,0.000514919682405438,0.000893027544927918
"ENSG00000078053","AMPH",-0.218983568763191,-3.48551248599553,0.000516652883816133,0.000895722752801895
"ENSG00000184613","NELL2",0.279515839392767,3.48504866182451,0.000517536401839621,0.000896943504054803
"ENSG00000150337","FCGR1A",-0.121737716184161,-3.4830780851536,0.000521305817907759,0.000903163232688425
"ENSG00000242600","MBL1P",-0.25119624715122,-3.48084706547165,0.000525604354315478,0.000910111019022308
"ENSG00000132692","BCAN",-0.168837612398539,-3.48080789229339,0.000525680124587285,0.000910111019022308
"ENSG00000115221","ITGB6",-0.16940311822263,-3.47621828292706,0.000534628450399905,0.000925282884042757
"ENSG00000241794","SPRR2A",-0.211116204579241,-3.47538840509505,0.000536261558638276,0.000927788163734042
"ENSG00000167207","NOD2",-0.200504189098693,-3.47479238489583,0.000537437332563071,0.00092950074812015
"ENSG00000271581","XXbac-BPG248L24.12",-0.165441550513358,-3.47416768299498,0.000538672269523905,0.000931314435553087
"ENSG00000167861","HID1",0.173270731871436,3.47106836311956,0.000544838398352978,0.000941649495943618
"ENSG00000261684","RP11-265N6.1",0.311399955376306,3.46917374946012,0.00054864012827839,0.000947892412367641
"ENSG00000080986","NDC80",-0.137710423856689,-3.46804694846891,0.000550912890978753,0.000951490312571249
"ENSG00000100033","PRODH",-0.283821536874772,-3.46698656568168,0.000553059709402097,0.000954868282807487
"ENSG00000164308","ERAP2",-0.329437377549058,-3.46683242435397,0.000553372428282668,0.00095507840573467
"ENSG00000094804","CDC6",-0.191462240945505,-3.46648233775523,0.000554083290097967,0.000955975310728031
"ENSG00000070526","ST6GALNAC1",-0.207336951418692,-3.46551774053833,0.000556046345834651,0.000959031296713783
"ENSG00000102890","ELMO3",0.143296870468215,3.46437497075411,0.000558380399192993,0.000962724826194815
"ENSG00000166126","AMN",-0.222544328702312,-3.46360701245666,0.000559954050114459,0.0009651052225344
"ENSG00000187889","C1orf168",0.210938191525546,3.46288930552372,0.000561428468897276,0.000967313006370221
"ENSG00000170482","SLC23A1",0.240600800755706,3.46002368301151,0.000567351629657431,0.000977181587422375
"ENSG00000164309","CMYA5",0.179388424256095,3.45920469939099,0.000569055126740593,0.000979564498572265
"ENSG00000272405","RP11-284F21.10",0.276988407350016,3.45917020811248,0.000569126973670486,0.000979564498572265
"ENSG00000262533","RP11-667K14.4",0.117651066123638,3.45739619665191,0.000572833753170814,0.00098560521880732
"ENSG00000163873","GRIK3",0.237151226218026,3.45647887956457,0.000574759299861439,0.000988578087136978
"ENSG00000198185","ZNF334",-0.234257442131078,-3.45577364727182,0.000576243761184119,0.000990790510976821
"ENSG00000162267","ITIH3",-0.16282220872888,-3.45496810894025,0.000577943734334751,0.000993371836257737
"ENSG00000006453","BAIAP2L1",-0.12272952049534,-3.45440673511277,0.000579131197927053,0.000995070786816242
"ENSG00000273272","CTA-384D8.34",-0.258177669922339,-3.45314395986419,0.000581810644726221,0.000999331234500551
"ENSG00000153132","CLGN",0.253272529865064,3.44477063510506,0.000599872380359154,0.00103000065308921
"ENSG00000130988","RGN",-0.197690688757586,-3.44279554210512,0.000604208306482455,0.00103706229941355
"ENSG00000147234","FRMPD3",0.2158501246181,3.44270856930612,0.00060439990809822,0.00103706229941355
"ENSG00000257341","AL928654.7",0.2158190625467,3.4424547488069,0.000604959400178986,0.00103766620956944
"ENSG00000103154","NECAB2",-0.162480051629599,-3.44149192300917,0.000607086133162912,0.00104095701845492
"ENSG00000242686","RP11-1191J2.2",0.278195521529642,3.44053961329995,0.00060919649261189,0.00104421750533406
"ENSG00000169583","CLIC3",-0.173601283741281,-3.4345074162301,0.000622723770530634,0.00106703867465839
"ENSG00000222112","RN7SKP16",-0.285631519932637,-3.43286240988157,0.000626461008962181,0.00107307469846211
"ENSG00000104140","RHOV",-0.11414902983558,-3.43197333128048,0.000628489570535071,0.00107618077146416
"ENSG00000152669","CCNO",0.257625407306876,3.43126027220158,0.000630120940192399,0.00107860482744334
"ENSG00000223764","RP11-54O7.3",-0.263881196555942,-3.43075803679274,0.000631272345439973,0.00108020592991097
"ENSG00000255126","CTD-2531D15.5",0.308941901350078,3.43008209159961,0.000632825086390416,0.00108249245020598
"ENSG00000214578","HMGN2P15",0.213350089512356,3.42770731387958,0.000638308547309085,0.00109149888390746
"ENSG00000130545","CRB3",0.0657110606798793,3.42692567823406,0.000640123039747399,0.00109422741837162
"ENSG00000114248","LRRC31",0.337472169625218,3.42499882662938,0.000644616589795542,0.00110153210833141
"ENSG00000131620","ANO1",-0.156010807839428,-3.42422341323453,0.000646433186863529,0.00110411775134316
"ENSG00000221946","FXYD7",-0.228711113238601,-3.42416451928021,0.000646571355186556,0.00110411775134316
"ENSG00000185046","ANKS1B",0.131086895483129,3.42217643254378,0.000651251685423273,0.00111141077372613
"ENSG00000128298","BAIAP2L2",-0.237249459784444,-3.42216160378519,0.000651286713403515,0.00111141077372613
"ENSG00000169908","TM4SF1",-0.181214478246553,-3.41992731853187,0.000656584566640764,0.00112006920273075
"ENSG00000226065","ZBTB45P2",-0.229538737944171,-3.41590497219857,0.000666223528672209,0.00113612470783119
"ENSG00000183346","C10orf107",0.209908159154923,3.41344855783928,0.000672174618105913,0.00114588240386279
"ENSG00000154263","ABCA10",-0.206592098257207,-3.41238890338739,0.000674757068714513,0.00114989275513721
"ENSG00000277200","RP11-74E22.8",-0.301263770070635,-3.41171341176431,0.000676408107538363,0.00115231364146229
"ENSG00000022556","NLRP2",-0.294186432577317,-3.40761631975419,0.000686503118668987,0.00116911294051258
"ENSG00000189143","CLDN4",-0.0655585092351642,-3.40685094525058,0.000688404442239178,0.00117195172325362
"ENSG00000165480","SKA3",-0.123133528136594,-3.40595830777311,0.000690628102742379,0.00117533713877192
"ENSG00000152503","TRIM36",-0.234600231192425,-3.40483147872534,0.000693444711017332,0.00117972900819553
"ENSG00000135476","ESPL1",-0.144523318764136,-3.40340642109858,0.000697022083861715,0.00118541170724781
"ENSG00000127249","ATP13A4",-0.225812174722898,-3.40186347729917,0.000700914758780787,0.00119162658752259
"ENSG00000154639","CXADR",-0.163207887404545,-3.40004615559291,0.000705525612917522,0.00119905780577417
"ENSG00000187122","SLIT1",-0.25478730717313,-3.3979837968292,0.000710792363939519,0.00120759830774638
"ENSG00000158104","HPD",-0.236805272246864,-3.39706192723435,0.00071315840499466,0.00121120653022191
"ENSG00000267385","CTB-50L17.14",0.286110665063625,3.3949869600874,0.000718510795047773,0.00121988250432559
"ENSG00000230882","AC005077.14",0.22759505011978,3.39470789866713,0.000719233481182284,0.00122069497824556
"ENSG00000173376","NDNF",-0.185128242001936,-3.39460998511636,0.000719487208463196,0.00122071124612012
"ENSG00000155761","SPAG17",0.237157270231517,3.39442134705138,0.000719976268657325,0.00122112664290591
"ENSG00000129244","ATP1B2",-0.124284702136339,-3.39417996010566,0.000720602536070492,0.00122147265196146
"ENSG00000197815","RP1-253P7.4",-0.217837257057554,-3.39415440601664,0.000720668864657259,0.00122147265196146
"ENSG00000085999","RAD54L",-0.177662283268818,-3.39383840087454,0.000721489562198528,0.00122244927515847
"ENSG00000131037","EPS8L1",0.118934547503114,3.39244017115147,0.000725131357047757,0.00122820351803482
"ENSG00000147394","ZNF185",-0.179896824354943,-3.39135112398624,0.00072797970596066,0.0012326104062998
"ENSG00000152527","PLEKHH2",-0.175593973300537,-3.39078521464493,0.000729463921443373,0.00123470535112284
"ENSG00000167701","GPT",0.265492962764103,3.38880312214679,0.000734684605955859,0.00124312116066981
"ENSG00000171303","KCNK3",-0.227786189187498,-3.38542566440508,0.000743660749720467,0.00125788354147576
"ENSG00000167654","ATCAY",-0.159939770731261,-3.38422148155271,0.000746885660639568,0.00126291116104087
"ENSG00000253445","CTB-79E8.2",0.326200727810688,3.38309511625148,0.000749913941488965,0.00126760301130657
"ENSG00000106689","LHX2",-0.188544079880111,-3.38280762025676,0.000750688714433311,0.00126848380269231
"ENSG00000276842","RP11-713N11.6",0.244058368294031,3.38237084938609,0.000751867193366983,0.00127004593474153
"ENSG00000109321","AREG",-0.243592630873594,-3.37954349849006,0.000759537573722708,0.00128256935785665
"ENSG00000188626","GOLGA8M",-0.254684486656224,-3.37784719239719,0.000764174389169744,0.0012899635198679
"ENSG00000108375","RNF43",-0.167278084184217,-3.37713661807651,0.000766124541850875,0.0012928190041358
"ENSG00000273259","SERPINA3",0.146108966518618,3.37587213327184,0.000769606339594593,0.00129825630835795
"ENSG00000058404","CAMK2B",0.188764131322735,3.37194791029301,0.000780505739618534,0.00131619854910377
"ENSG00000137968","SLC44A5",0.257192705573892,3.37148671000987,0.000781796092234994,0.0013179300273685
"ENSG00000128274","A4GALT",-0.157426789880422,-3.37041642879251,0.000784798187168602,0.00132254497332087
"ENSG00000179674","ARL14",-0.218064971694327,-3.37010022863014,0.000785687164835133,0.00132359697580043
"ENSG00000115009","CCL20",-0.152313762492471,-3.36865319893528,0.000789767361609049,0.00133002250186772
"ENSG00000103528","SYT17",0.257539012995185,3.36817865344193,0.000791109724082986,0.00133183455232826
"ENSG00000165821","SALL2",0.189731680734275,3.36542368076713,0.00079894480588735,0.00134457220782119
"ENSG00000082482","KCNK2",-0.192175490328807,-3.36214587567865,0.000808360774180502,0.0013599609256065
"ENSG00000153294","ADGRF4",-0.218246937550025,-3.36104029732019,0.000811559902248124,0.00136467188579208
"ENSG00000114251","WNT5A",-0.171225239485276,-3.36098961565356,0.00081170683766913,0.00136467188579208
"ENSG00000168528","SERINC2",0.110030595917601,3.35612671841786,0.000825920842463979,0.00138810225624198
"ENSG00000006611","USH1C",-0.199796364354053,-3.35554942142324,0.000827623528178641,0.00139049651911734
"ENSG00000276089","DLEU1_1",-0.297554461508406,-3.35529417710595,0.000828377387933326,0.00139129557933041
"ENSG00000272505","RP11-981G7.6",-0.22708576676199,-3.35381593663817,0.000832755910753864,0.00139817983672576
"ENSG00000223749","MIR503HG",-0.187820930651353,-3.35345152928141,0.000833838578474661,0.00139952765772853
"ENSG00000099954","CECR2",-0.299352635565106,-3.3523104522954,0.000837237226835971,0.00140476044771136
"ENSG00000169562","GJB1",0.199645629898094,3.35003143698325,0.000844063736598124,0.00141573924286837
"ENSG00000175426","PCSK1",-0.244476527402265,-3.34909994853229,0.00084686875563869,0.00141996773245924
"ENSG00000233251","AC007743.1",-0.227084031186742,-3.3487605566488,0.00084789292750628,0.00142120839340644
"ENSG00000176842","IRX5",0.0916281127519798,3.34686299974638,0.000853640358569952,0.00142994371710557
"ENSG00000185352","HS6ST3",-0.278301857499845,-3.3468511381878,0.000853676399112025,0.00142994371710557
"ENSG00000253426","RP11-10A14.4",-0.274413943359925,-3.34517407699899,0.000858786289101264,0.00143802124765784
"ENSG00000170476","MZB1",-0.171608753113306,-3.34288081794912,0.000865819692928796,0.0014493131786555
"ENSG00000129951","LPPR3",0.249128065253827,3.34217412599102,0.000867997872063985,0.00145247301215526
"ENSG00000137563","GGH",-0.23300700190985,-3.33866947081161,0.000878875396532153,0.00147018299854827
"ENSG00000154274","C4orf19",-0.234836715789426,-3.33686565261715,0.000884523193061514,0.00147913577435036
"ENSG00000178752","FAM132B",-0.221174733780362,-3.33647860989281,0.00088573941648001,0.00148055135257015
"ENSG00000213088","ACKR1",-0.291789053877698,-3.33640785230403,0.000885961929377978,0.00148055135257015
"ENSG00000125730","C3",-0.135823513830131,-3.33618404459504,0.000886666084075963,0.00148123301716666
"ENSG00000187634","SAMD11",-0.269956867121192,-3.33482992414343,0.000890937580748792,0.00148787171133733
"ENSG00000272851","RP11-801F7.1",-0.303976442245774,-3.33271771020559,0.000897638606623028,0.00149856194761774
"ENSG00000144834","TAGLN3",-0.235424407479526,-3.33008217518929,0.000906065501551027,0.00151212533636687
"ENSG00000114455","HHLA2",-0.197177813070766,-3.32885894503911,0.000910001578032299,0.0015181874842047
"ENSG00000177685","CRACR2B",0.184307745709418,3.32701353446679,0.000915969738433498,0.00152763465382505
"ENSG00000281272","AP003391.1",-0.281002648260767,-3.32576533316706,0.000920027069196145,0.00153388974524199
"ENSG00000188039","NWD1",-0.227159623614807,-3.32560572295252,0.000920547090269356,0.00153424515044893
"ENSG00000137804","NUSAP1",-0.141889760951833,-3.32449286540759,0.000924180446926481,0.00153978748238334
"ENSG00000253404","AC034243.1",0.21795782283052,3.32421146458068,0.000925101295688728,0.00154033875174012
"ENSG00000162374","ELAVL4",-0.13518214255315,-3.32420347460888,0.000925127454295119,0.00154033875174012
"ENSG00000172995","ARPP21",-0.219594188633526,-3.3238434555556,0.000926306844086658,0.00154178902144916
"ENSG00000197291","RAMP2-AS1",0.223019596597336,3.32163305884364,0.000933578545230854,0.00155337528324601
"ENSG00000267583","RP11-322E11.5",-0.158997749446528,-3.32005681168603,0.000938796362224215,0.00156153752864973
"ENSG00000105696","TMEM59L",-0.139508285395314,-3.31761265960952,0.000946940732485546,0.00157456057945718
"ENSG00000176153","GPX2",-0.182522751673885,-3.31223742080747,0.000965083219013474,0.00160419418054101
"ENSG00000143126","CELSR2",0.18010139859599,3.30973065667073,0.00097365384077815,0.00161790269321727
"ENSG00000163216","SPRR2D",-0.181472247362504,-3.3056227148489,0.000987851697836615,0.00164094966418042
"ENSG00000170439","METTL7B",-0.177704916362105,-3.30399691730402,0.000993523628365691,0.00164982336161689
"ENSG00000215910","C1orf167",0.310058833612796,3.30362380501482,0.000994829561950628,0.00165144349593398
"ENSG00000204335","SP5",0.279094721592676,3.3018732675826,0.00100097791775173,0.00166109843636198
"ENSG00000160886","LY6K",-0.276528721664788,-3.30106651368776,0.00100382329973439,0.00166487956360991
"ENSG00000091262","ABCC6",0.232655151242416,3.30103846048077,0.00100392237685677,0.00166487956360991
"ENSG00000143556","S100A7",-0.318132495148153,-3.30087872493962,0.00100448669689462,0.0016652630916688
"ENSG00000113645","WWC1",-0.0738897614638109,-3.29945381219508,0.00100953371724453,0.00167307543461141
"ENSG00000125878","TCF15",-0.197934223999622,-3.29881718983915,0.00101179621587919,0.00167626941000529
"ENSG00000118526","TCF21",-0.15554875452053,-3.29854232041734,0.00101277452965963,0.00167733443136739
"ENSG00000146410","MTFR2",-0.17621991065906,-3.29810827588307,0.00101432116497573,0.00167933967711213
"ENSG00000169862","CTNND2",-0.185195516568898,-3.29326432050073,0.00103173092112485,0.00170759834678062
"ENSG00000163141","BNIPL",0.188821351441413,3.29109500888957,0.00103961715211398,0.00172008132381532
"ENSG00000163485","ADORA1",-0.17046383990985,-3.2891096996115,0.00104688340351607,0.0017315306045585
"ENSG00000166143","PPP1R14D",0.15338843201933,3.2884035895836,0.00104947910225413,0.00173524983838315
"ENSG00000159251","ACTC1",-0.208769738230471,-3.28815130822115,0.00105040794775464,0.00173621148389197
"ENSG00000213412","HNRNPA1P33",-0.240690267119401,-3.28795253599415,0.00105114032080883,0.00173684785328624
"ENSG00000141579","ZNF750",-0.121475139191268,-3.28567184074619,0.00105957744384511,0.0017502105118023
"ENSG00000144837","PLA1A",-0.145959100915877,-3.28240044881789,0.0010717891407065,0.001769797127983
"ENSG00000255794","RMST",0.242433254353518,3.28213588527473,0.00107278240194362,0.00177085242975176
"ENSG00000108852","MPP2",0.225397625813482,3.28052462401648,0.00107885006295556,0.00178028063193986
"ENSG00000203877","RIPPLY2",-0.230871094812325,-3.27933305701832,0.00108335768366273,0.00178712913834169
"ENSG00000235238","SUMO2P1",-0.279971759426731,-3.27547085265518,0.00109808837999929,0.00181083176121255
"ENSG00000164418","GRIK2",-0.16449571635016,-3.27415910373116,0.0011031335415978,0.00181855183250543
"ENSG00000162738","VANGL2",-0.220366495740036,-3.27234162524727,0.00111015929988627,0.00182953081721534
"ENSG00000184937","WT1",-0.201486687321957,-3.2710861527215,0.00111503671345593,0.00183696328411192
"ENSG00000162989","KCNJ3",0.355277186901823,3.27041399091107,0.00111765616074422,0.00184042179744136
"ENSG00000224163","RP11-309L24.6",0.252070139412874,3.27035861949241,0.00111787219976588,0.00184042179744136
"ENSG00000230267","HERC2P4",-0.251755871768874,-3.27025075129846,0.00111829317307623,0.00184050884311426
"ENSG00000167759","KLK13",-0.246482595538213,-3.26975205750663,0.00112024131669478,0.00184310845129119
"ENSG00000146555","SDK1",-0.176605535070678,-3.26778524887035,0.00112795532579775,0.00185518968058841
"ENSG00000117724","CENPF",-0.121210675483274,-3.26341183402683,0.00114528491571074,0.00188307286371382
"ENSG00000116147","TNR",-0.171176354783733,-3.26200265497772,0.00115092107205059,0.0018917177384132
"ENSG00000254415","SIGLEC14",-0.270594944037146,-3.2563294553002,0.00117387242591449,0.00192880779808493
"ENSG00000134240","HMGCS2",0.260679610472397,3.25405605775605,0.00118318796583012,0.00194347563375512
"ENSG00000131831","RAI2",0.187598383794964,3.25104890842791,0.00119561528056732,0.00196324348204814
"ENSG00000180730","SHISA2",-0.228234451942425,-3.24922503735503,0.00120321133157728,0.00197506784566199
"ENSG00000143318","CASQ1",0.197025003748788,3.24904255669369,0.00120397377897683,0.00197567078926292
"ENSG00000105699","LSR",-0.0995706163735825,-3.2475015640669,0.00121043026410884,0.00198561395030978
"ENSG00000172478","C2orf54",-0.213099994700543,-3.24295217327446,0.00122967879574358,0.00201652803500095
"ENSG00000122574","WIPF3",-0.157242990574148,-3.24122259359876,0.00123707067758889,0.00202798471735883
"ENSG00000169252","ADRB2",-0.201985016088605,-3.24016118542848,0.0012416272581252,0.00203478737811406
"ENSG00000005187","ACSM3",-0.138399079589106,-3.23745802887247,0.00125330201014394,0.00205324706773253
"ENSG00000068615","REEP1",0.198300102654534,3.23703069846451,0.00125515688939715,0.00205561233114502
"ENSG00000127325","BEST3",0.216663038613173,3.2367710837391,0.00125628501806065,0.00205678621162516
"ENSG00000106078","COBL",-0.144258455921883,-3.23444032483395,0.00126645517485118,0.00207275806031289
"ENSG00000080493","SLC4A4",-0.199643392748833,-3.23430788688066,0.00126703534169248,0.00207302902763822
"ENSG00000275620","FLJ16779",-0.215736362200955,-3.23410228289598,0.00126793651173305,0.00207382484745347
"ENSG00000235142","RP1-60O19.1",-0.194940246716658,-3.2322782802232,0.00127595717995883,0.00208626092210404
"ENSG00000151790","TDO2",-0.117640884590841,-3.23046523425614,0.00128397614454867,0.00209868608131524
"ENSG00000158055","GRHL3",-0.136679998544775,-3.22916282577439,0.0012897653332512,0.0021074596948549
"ENSG00000147041","SYTL5",0.263306635282553,3.22654631240788,0.00130146871918625,0.00212588813980113
"ENSG00000149599","DUSP15",0.223524198359091,3.22498050211491,0.00130851930261341,0.00213670689518846
"ENSG00000205927","OLIG2",-0.158205297804573,-3.2238401890771,0.00131367614669389,0.00214442727178239
"ENSG00000204610","TRIM15",-0.194625501354197,-3.22063508056663,0.00132827141425088,0.00216754473604909
"ENSG00000186399","GOLGA8R",-0.211547963326061,-3.22047858113806,0.0013289878973311,0.00216800635779951
"ENSG00000211892","IGHG4",-0.161925072046043,-3.21931217345128,0.00133433918923388,0.00217602607507155
"ENSG00000249948","GBA3",-0.226110968443469,-3.2191796697067,0.00133494835331603,0.00217630967283344
"ENSG00000124920","MYRF",-0.157505362738368,-3.21715292372512,0.00134429807512814,0.0021904138991283
"ENSG00000173404","INSM1",0.265935310595089,3.21711447020952,0.00134447605128495,0.0021904138991283
"ENSG00000152910","CNTNAP4",-0.192052048219528,-3.21700818646499,0.00134496808246023,0.00219050176296454
"ENSG00000147689","FAM83A",-0.186173613900241,-3.21691276322122,0.00134540997768135,0.00219050794151962
"ENSG00000170345","FOS",-0.247338055688154,-3.21675931569316,0.00134612085877285,0.00219095191857561
"ENSG00000175164","ABO",-0.203202900693792,-3.21424889407381,0.00135780037143038,0.00220924238761859
"ENSG00000279152","AC129492.1",-0.300412121556032,-3.2112842998563,0.00137171344277982,0.00223115394076093
"ENSG00000259498","RP11-244F12.3",-0.169326545560568,-3.20885157926049,0.00138322865886975,0.00224913439085848
"ENSG00000185519","FAM131C",-0.22201699385541,-3.20875924445831,0.00138366747725614,0.00224913439085848
"ENSG00000138400","MDH1B",0.170484773144891,3.20753965103685,0.00138947563965998,0.00225784146841076
"ENSG00000138435","CHRNA1",-0.136605839891277,-3.20656659127382,0.00139412586121112,0.00226466189280558
"ENSG00000166278","C2",-0.13967917851576,-3.20388484721212,0.00140701634437456,0.00228485927959493
"ENSG00000136826","KLF4",-0.170165045602285,-3.2030626161659,0.00141099060372105,0.00229056916188483
"ENSG00000272872","LL22NC03-N14H11.1",-0.136902450577817,-3.19992769279304,0.00142623859531162,0.00231457091092441
"ENSG00000143476","DTL",-0.122221516863384,-3.19927716142419,0.00142942172737803,0.00231849274066806
"ENSG00000253549","CA3-AS1",-0.225878078166879,-3.19924431480435,0.00142958262389593,0.00231849274066806
"ENSG00000138311","ZNF365",-0.143028281949097,-3.19687830418326,0.00144121642591322,0.00233660250634439
"ENSG00000125740","FOSB",-0.222490851277104,-3.19673676905801,0.00144191512540944,0.00233697751281919
"ENSG00000186417","GLDN",-0.1917350662012,-3.19460303649981,0.00145248643902827,0.00235334808656558
"ENSG00000188373","C10orf99",-0.143072484259222,-3.19435264705646,0.00145373164283586,0.00235460259610602
"ENSG00000205358","MT1H",-0.226257384948731,-3.19176428500279,0.00146666162558551,0.00237477594816307
"ENSG00000269068","RP11-256I23.2",-0.271670869055409,-3.19090216175028,0.00147099181845725,0.00238101621634388
"ENSG00000167653","PSCA",-0.213681822987644,-3.19060619177652,0.00147248110831543,0.00238265551507352
"ENSG00000230910","RP3-525N10.2",-0.193000873097525,-3.18986349719812,0.00147622440051492,0.00238793982613219
"ENSG00000168907","PLA2G4F",0.127247354131868,3.18939383020152,0.00147859612470449,0.0023910027889788
"ENSG00000126583","PRKCG",-0.201881061492805,-3.18590276018366,0.00149633587453175,0.0024189070070025
"ENSG00000101213","PTK6",0.153469618157692,3.18198190656601,0.00151649363778109,0.00245070077210907
"ENSG00000101542","CDH20",-0.188220522472297,-3.18129498156114,0.00152005092557203,0.00245565577636839
"ENSG00000244457","ENO1P1",-0.231216504387095,-3.18050313354132,0.00152416111762203,0.00246150051295547
"ENSG00000152766","ANKRD22",-0.112248829676376,-3.18009220199766,0.00152629815187706,0.00246415587968527
"ENSG00000183117","CSMD1",-0.255459664306754,-3.17586792587125,0.00154842720029897,0.00249907553308419
"ENSG00000281379","SEPT14P19",-0.226508242982084,-3.17519484733011,0.0015519803666916,0.00250400188236786
"ENSG00000240747","KRBOX1",-0.194998293914599,-3.17440938671067,0.00155613630533794,0.00250989726667409
"ENSG00000109255","NMU",-0.210802564247365,-3.17346572814082,0.001561142858186,0.00251716036469849
"ENSG00000235098","ANKRD65",-0.145314277328173,-3.17266308252398,0.00156541296046007,0.0025232317222116
"ENSG00000118729","CASQ2",-0.152834776233129,-3.17189036709677,0.00156953400927636,0.00252905899013271
"ENSG00000125895","TMEM74B",-0.194522581302038,-3.17108955808722,0.00157381544439531,0.00253514085759553
"ENSG00000011677","GABRA3",-0.249115146943939,-3.16422102198858,0.0016109821783115,0.00259417420017954
"ENSG00000175707","KDF1",0.0450592543602252,3.16336568308883,0.00161566679682142,0.00260088022669256
"ENSG00000167434","CA4",-0.275428008168169,-3.16244547800163,0.00162072070526619,0.00260817622347311
"ENSG00000125851","PCSK2",-0.248017577690789,-3.15964352270384,0.00163619937677416,0.00263223837962381
"ENSG00000185156","MFSD6L",0.1929655297975,3.15312124946294,0.00167275927281314,0.00269018860214401
"ENSG00000230084","RP4-613B23.1",-0.242434302955893,-3.14915917454741,0.00169533432538224,0.00272561788646662
"ENSG00000104537","ANXA13",-0.139361512124506,-3.14500240369922,0.00171932022327636,0.00276329190497647
"ENSG00000225873","LINC00694",-0.261789886836214,-3.144126844113,0.00172441217899664,0.00277058512049588
"ENSG00000108830","RND2",0.199787096115853,3.14352829497048,0.00172790112771253,0.00277529895231694
"ENSG00000258461","RP11-164J13.1",-0.18729477393881,-3.14209411289126,0.0017362874644444,0.00278787325697559
"ENSG00000086506","HBQ1",-0.221786862101916,-3.13774379348692,0.00176195572534292,0.00282817933441881
"ENSG00000186185","KIF18B",-0.126913197798802,-3.13540010956605,0.00177592862108866,0.00284969290932069
"ENSG00000107014","RLN2",0.187701982475856,3.13515219880627,0.00177741260200708,0.00285115913058563
"ENSG00000262061","RP11-1260E13.4",-0.172424490497554,-3.12790198151638,0.00182132033443936,0.00292065480185914
"ENSG00000231943","PGM5P4-AS1",-0.267378384232606,-3.12244888162034,0.00185500018215512,0.00297370981429164
"ENSG00000174808","BTC",-0.138418728769886,-3.1190407533655,0.00187633981893832,0.00300695483804218
"ENSG00000186510","CLCNKA",0.175838141170081,3.11716377129505,0.00188818858600662,0.00302497370395166
"ENSG00000167105","TMEM92",-0.147197962849749,-3.11690306568327,0.00188983976889992,0.00302664921348482
"ENSG00000163586","FABP1",-0.126925922169614,-3.11211896222956,0.00192037682167544,0.00307457063989023
"ENSG00000169085","C8orf46",-0.18829641625237,-3.10978020154878,0.0019354697979514,0.00309774295446767
"ENSG00000173890","GPR160",0.167175730420716,3.10662551765829,0.0019560011311363,0.00312960180981808
"ENSG00000178999","AURKB",-0.11375542418296,-3.10412289530131,0.00197243098749872,0.00315488001839206
"ENSG00000103534","TMC5",0.212242535733096,3.10047898943007,0.00199658043802227,0.00319248551010915
"ENSG00000270933","CTD-2227E11.1",0.151947156728503,3.09723438290033,0.00201831208252489,0.003226202177949
"ENSG00000196990","FAM163B",-0.19564776043156,-3.09587317468332,0.00202749372912799,0.00323984296760625
"ENSG00000188613","NANOS1",-0.200524738065706,-3.09431572435228,0.00203804616056174,0.00325562297789481
"ENSG00000152969","JAKMIP1",-0.181834222102897,-3.09422371990694,0.00203867110875773,0.00325562297789481
"ENSG00000175832","ETV4",-0.168198650476912,-3.09287316754157,0.00204786514661297,0.00326926108973974
"ENSG00000108511","HOXB6",0.16240070525674,3.08768658386861,0.00208352871983677,0.00332463958113492
"ENSG00000233098","CCDC144NL-AS1",-0.155355444555719,-3.08763531391762,0.00208388408945537,0.00332463958113492
"ENSG00000087237","CETP",-0.121245763057109,-3.08675318642588,0.00209000714720835,0.00333334473238971
"ENSG00000164266","SPINK1",-0.198839666653966,-3.08588450366645,0.00209605303310643,0.00334192129002939
"ENSG00000203785","SPRR2E",-0.165703955388694,-3.08419902891816,0.00210782951429744,0.00335962625804501
"ENSG00000126803","HSPA2",0.211269843643079,3.08154925898941,0.00212646652225537,0.00338825131015834
"ENSG00000189058","APOD",-0.184289306303651,-3.08053950046439,0.00213360834775385,0.00339854786198447
"ENSG00000153404","PLEKHG4B",-0.178603720807443,-3.07901956282496,0.00214440012261091,0.00341464987676896
"ENSG00000171345","KRT19",0.0809656520024026,3.07656338695455,0.0021619453424592,0.00344149210834003
"ENSG00000131435","PDLIM4",-0.129533788055396,-3.07350942303331,0.00218394459994898,0.00347540515587043
"ENSG00000105737","GRIK5",-0.132393942703179,-3.06907083639743,0.00221628464686024,0.00352574713149895
"ENSG00000116254","CHD5",-0.198544903159127,-3.0687388972141,0.0022187207760061,0.00352849996184177
"ENSG00000184221","OLIG1",-0.222232163382256,-3.06187342304895,0.00226966153958438,0.00360836492779711
"ENSG00000280282","LLNLR-259H9.1",-0.21719514456257,-3.05900222185298,0.0022912819840915,0.00364157975856882
"ENSG00000258017","RP11-386G11.10",0.102654472746285,3.05266421747344,0.00233967844586648,0.00371731561148153
"ENSG00000079337","RAPGEF3",0.153819544182137,3.051608801136,0.00234782800413971,0.00372907878675303
"ENSG00000272668","RP11-190A12.8",0.18902111717145,3.04897328112278,0.0023682924022826,0.00376038806332582
"ENSG00000164855","TMEM184A",0.115557906788903,3.04795585384496,0.00237623624010906,0.00377091872883396
"ENSG00000203618","GP1BB",0.267684680321941,3.04793069511839,0.00237643298291116,0.00377091872883396
"ENSG00000243422","RPL23AP49",-0.20805921996747,-3.04494280904319,0.00239990496616835,0.00380695584734826
"ENSG00000226306","NPY6R",0.228238555972455,3.04456394565654,0.00240289634879768,0.00381049214842639
"ENSG00000182272","B4GALNT4",0.104582122033687,3.03954286176677,0.00244286545154276,0.00387264656236963
"ENSG00000154065","ANKRD29",-0.176732173512001,-3.03590837163277,0.00247217619009531,0.00391787034880397
"ENSG00000172296","SPTLC3",-0.167586740820844,-3.03459968316435,0.00248280894152548,0.00393347424196052
"ENSG00000272502","RP11-713M15.2",-0.150451121624884,-3.03289273881186,0.002496740407254,0.00395429269441559
"ENSG00000111249","CUX2",-0.214058946246408,-3.03215290618938,0.00250280088067491,0.00396263597320283
"ENSG00000273184","RP11-212P7.3",-0.166802444440734,-3.03155383177455,0.00250771818273427,0.00396916458172565
"ENSG00000110492","MDK",-0.139909911167623,-3.02982035543639,0.00252199676100503,0.00399050120412188
"ENSG00000127954","STEAP4",-0.201941220896515,-3.02796283785667,0.00253737971823701,0.00401357120885322
"ENSG00000089356","FXYD3",0.0755370067582524,3.02758126092377,0.00254055035707274,0.00401731555514349
"ENSG00000128594","LRRC4",-0.134218910963578,-3.0270547623926,0.00254493115369621,0.00402297052433798
"ENSG00000181409","AATK",0.149069070182827,3.02670231761206,0.00254786758053711,0.00402633941298532
"ENSG00000160867","FGFR4",-0.227879730953501,-3.02347407925433,0.00257490874495308,0.0040677863269401
"ENSG00000234743","EIF5AP4",-0.0399990595084192,-3.02335981587619,0.00257587066578373,0.00406802063452895
"ENSG00000171772","SYCE1",-0.230532217368923,-3.02294240818259,0.00257938739100886,0.00407228827124859
"ENSG00000159307","SCUBE1",0.232428282916701,3.02268830333441,0.00258153041729762,0.00407438512831064
"ENSG00000185101","ANO9",0.106797070944048,3.02200769036649,0.00258727849250731,0.00408216865337221
"ENSG00000099960","SLC7A4",0.322695816575771,3.02059944025051,0.0025992090236774,0.0040996987755164
"ENSG00000127585","FBXL16",0.164015918830353,3.02034145591207,0.00260140009037293,0.00410186075429349
"ENSG00000110786","PTPN5",-0.148370334406713,-3.01899038852453,0.002612902389044,0.00411869859559268
"ENSG00000120075","HOXB5",0.178826564475444,3.01827345794113,0.00261902486889219,0.00412598880074073
"ENSG00000114270","COL7A1",-0.156587149199064,-3.01825558244295,0.00261917769071022,0.00412598880074073
"ENSG00000155980","KIF5A",-0.159547515368455,-3.01740323020819,0.00262647413517465,0.00413542362558156
"ENSG00000009724","MASP2",-0.149371626928311,-3.01736275420571,0.00262682108696941,0.00413542362558156
"ENSG00000249684","RP11-423H2.3",0.183068517351217,3.01716375399522,0.00262852748551925,0.0041368075000303
"ENSG00000166183","ASPG",-0.195101441518574,-3.01637242387584,0.00263532307799046,0.00414619741659922
"ENSG00000132821","VSTM2L",-0.213622764416144,-3.01068681821988,0.0026846235579694,0.00422243403266656
"ENSG00000204128","C2orf72",-0.181787586505839,-3.00783399986324,0.00270967746093008,0.00426049915240579
"ENSG00000172602","RND1",0.186824500526092,3.00663748358077,0.00272024901886126,0.0042757765150287
"ENSG00000254665","RP11-152H18.3",0.310009956934282,3.00453050572087,0.00273895657205648,0.00430382868016418
"ENSG00000268790","CTC-429P9.4",-0.181589358580086,-3.00342169912029,0.00274884872326085,0.00431801558790582
"ENSG00000134532","SOX5",-0.184637418368378,-3.0032140409813,0.00275070496382392,0.0043195743778642
"ENSG00000144891","AGTR1",0.2256128766068,2.99761912239864,0.00280115136750983,0.00439741187992124
"ENSG00000163808","KIF15",-0.148181769184339,-2.99516639461564,0.00282353201472443,0.00443115507646647
"ENSG00000144218","AFF3",0.286165638011256,2.99419390153292,0.00283245101489469,0.00444375747551724
"ENSG00000167644","C19orf33",0.176297981819254,2.99404141745514,0.00283385182298204,0.00444456057556781
"ENSG00000084628","NKAIN1",0.212960855939188,2.99302695867715,0.0028431873792792,0.00445780398130949
"ENSG00000159263","SIM2",-0.230482511193849,-2.99288529178953,0.00284449330481043,0.00445845345581572
"ENSG00000145103","ILDR1",0.0646867548234576,2.99100343977737,0.00286189287770927,0.00448431977077604
"ENSG00000130208","APOC1",-0.106711292396948,-2.98976729451909,0.00287337516976794,0.00450090095515029
"ENSG00000268518","CTD-2545M3.8",-0.216348511705582,-2.98848631256357,0.00288531837747796,0.00451819351311925
"ENSG00000149418","ST14",-0.0715945161270633,-2.98818529632989,0.00288813147496974,0.00452118264710354
"ENSG00000260566","RP11-20G6.3",0.18313500663043,2.98420199141423,0.00292559372240245,0.00457839393177222
"ENSG00000175294","CATSPER1",-0.133828397839095,-2.98395901207037,0.00292789321175828,0.00458055884192472
"ENSG00000172379","ARNT2",0.170297996523423,2.98269673873801,0.0029398656291,0.00459785053034095
"ENSG00000110203","FOLR3",-0.231936451049491,-2.98076553157735,0.00295826939121114,0.00462518666543329
"ENSG00000237649","KIFC1",-0.117942902323969,-2.9806250580428,0.00295961215740696,0.00462583957081425
"ENSG00000228221","LINC00578",-0.173832895663398,-2.97375470022885,0.00302596886867268,0.00472807635730107
"ENSG00000182109","RP11-69E11.4",0.184887867484108,2.97251227825934,0.00303811284696038,0.00474556833327144
"ENSG00000181541","MAB21L2",-0.163244181026325,-2.97230140639209,0.00304017841627122,0.00474731170560777
"ENSG00000256340","ABCC6P1",0.213079622857512,2.96916797542442,0.00307102312544751,0.00479397927793866
"ENSG00000163737","PF4",-0.20062023961702,-2.96624182620988,0.00310008528026378,0.00483783595546782
"ENSG00000130762","ARHGEF16",0.0835651967069045,2.96562113386913,0.00310628212460957,0.00484599395414909
"ENSG00000180767","CHST13",-0.147756399284688,-2.96436157510768,0.00311889204809666,0.0048641485466261
"ENSG00000060558","GNA15",-0.12739968227201,-2.96113760880439,0.00315138168341604,0.00491328606706586
"ENSG00000165269","AQP7",-0.235259293909082,-2.9583804147293,0.00317941226630403,0.00495544305845391
"ENSG00000123219","CENPK",-0.126957834673184,-2.95631538167161,0.00320055499464202,0.00498684168688379
"ENSG00000225449","RAB6C-AS1",0.260858240798045,2.95378705892431,0.00322661584272071,0.00502588137495438
"ENSG00000182168","UNC5C",-0.148207572006073,-2.95321659564744,0.00323252264855231,0.00503351393421412
"ENSG00000110436","SLC1A2",0.148674090739535,2.95194843566947,0.00324568906238061,0.00505244250059248
"ENSG00000103723","AP3B2",-0.19467921588268,-2.9501354089344,0.00326459746815767,0.00508029484618373
"ENSG00000080854","IGSF9B",0.240397308271321,2.94767656641585,0.00329040184775546,0.00511885788387595
"ENSG00000153002","CPB1",0.313056255959753,2.94582949413647,0.00330990826575306,0.00514760227955374
"ENSG00000107954","NEURL1",0.26734506965162,2.9413338932841,0.00335782677959806,0.00522050183395221
"ENSG00000231789","PIK3CD-AS2",-0.163964341914098,-2.93934468363357,0.00337923099435412,0.0052521464009234
"ENSG00000108231","LGI1",-0.233185004060903,-2.93865616746996,0.00338666848297321,0.00526117350363614
"ENSG00000168421","RHOH",0.188969599737678,2.93861224008381,0.00338714350164095,0.00526117350363614
"ENSG00000164690","SHH",-0.182594294984553,-2.93770065806408,0.00339701482477601,0.00527486774033542
"ENSG00000128652","HOXD3",-0.0950806057768809,-2.93726831592524,0.00340170573075129,0.00528051184531402
"ENSG00000047457","CP",-0.249558172901754,-2.9367414974984,0.00340742968820321,0.00528775556828556
"ENSG00000189057","FAM111B",-0.104165699069131,-2.93618060226474,0.00341353354869382,0.00529558415869348
"ENSG00000103460","TOX3",0.163017619114296,2.93319582112768,0.00344618303913524,0.00534457667359684
"ENSG00000142623","PADI1",-0.177496159257096,-2.93174468822025,0.00346215913320111,0.00536768857860638
"ENSG00000244257","PKD1P1",-0.268813520176032,-2.93098136784994,0.00347058990411177,0.00537909160587689
"ENSG00000163121","NEURL3",-0.129867446240091,-2.93045006490975,0.00347646911754099,0.00538653411456615
"ENSG00000182379","NXPH4",-0.167504085869445,-2.92991995748115,0.00348234415003383,0.00539396553598797
"ENSG00000187416","LHFPL3",-0.151739658054139,-2.92821825300474,0.0035012648838433,0.00542159319269634
"ENSG00000143217","PVRL4",-0.0685715840075515,-2.92576560877585,0.00352869998839395,0.00546238388296278
"ENSG00000162069","CCDC64B",0.0696188867884916,2.92488841930111,0.00353855964313822,0.00547595116548781
"ENSG00000184809","B3GALT5-AS1",-0.187177221348003,-2.92434605440344,0.00354466840793447,0.00548370731425506
"ENSG00000128578","STRIP2",-0.159442610584368,-2.92326828481088,0.00355683607942236,0.00550082907426904
"ENSG00000273837","LLNLR-470E3.1",-0.218825248453213,-2.92264424654366,0.00356389865928714,0.00551004740149527
"ENSG00000274877","RP11-65I12.1",-0.259734336205025,-2.92026730772223,0.00359091697054549,0.00555010350934387
"ENSG00000186603","HPDL",-0.230991954030785,-2.91893772992167,0.0036061113574824,0.005571865509089
"ENSG00000163209","SPRR3",-0.205973452292918,-2.91647526073568,0.00363440721225754,0.00561385111562795
"ENSG00000261063","RP11-538I12.2",0.223298211567108,2.91629667288282,0.00363646718385688,0.00561529830737629
"ENSG00000171450","CDK5R2",-0.206344943686529,-2.91559217826761,0.00364460375283315,0.00562612496578133
"ENSG00000178150","ZNF114",-0.191924567630834,-2.91183260457985,0.00368830608356386,0.00569183037587016
"ENSG00000142273","CBLC",0.0940448981354156,2.90906405361859,0.00372079306123071,0.00574019293617821
"ENSG00000129988","LBP",-0.219517075047634,-2.90803967195742,0.00373287934948088,0.00575706253775582
"ENSG00000131941","RHPN2",-0.119824558722708,-2.90629980604655,0.00375348931620804,0.00578706339224181
"ENSG00000229754","CXCR2P1",-0.222859620119412,-2.89749327688126,0.00385940726121914,0.00594853153702087
"ENSG00000163075","CFAP221",0.179246025645369,2.89519222028732,0.00388752718159416,0.00599002647395094
"ENSG00000197558","SSPO",0.179254332632158,2.89478033046054,0.00389258028499126,0.00599596470269757
"ENSG00000170074","FAM153A",-0.235333043203347,-2.89438048992447,0.00389749128288777,0.00600168044793312
"ENSG00000196917","HCAR1",0.155213454205025,2.89379515322128,0.00390469078565155,0.00601091561830596
"ENSG00000265206","RP5-1171I10.5",-0.170950959318587,-2.8930491067272,0.00391388452095643,0.006023214098117
"ENSG00000171346","KRT15",-0.140986187243939,-2.89038526512679,0.00394687271555588,0.00607211187008598
"ENSG00000139438","FAM222A",0.149224804186341,2.88513904174117,0.00401258100064442,0.00617130267709077
"ENSG00000255571","LINC00925",-0.144791341474288,-2.88326887315166,0.00403624412859636,0.00620578740559097
"ENSG00000187726","DNAJB13",0.180567674489179,2.88268159304176,0.00404370108778158,0.00621534135841005
"ENSG00000270704","RP11-701H24.5",-0.258429352680825,-2.88185395776296,0.00405423121333471,0.00622961157549893
"ENSG00000159708","LRRC36",0.136318078788581,2.88141823921995,0.0040597849379173,0.0062362287832831
"ENSG00000161905","ALOX15",-0.209744249410462,-2.8799631271285,0.00407838214743496,0.00626257592728363
"ENSG00000125999","BPIFB1",0.195344822848648,2.87988038550614,0.00407944195903256,0.00626257592728363
"ENSG00000280339","RP11-736K20.4",-0.141764803894513,-2.87934783243407,0.00408626925957564,0.00627113146036777
"ENSG00000256164","CCND2-AS1",-0.218701253430035,-2.87520074777191,0.00413979110524782,0.00635132111882145
"ENSG00000107165","TYRP1",-0.193291532637484,-2.87468755916877,0.00414645838304104,0.00635959874699546
"ENSG00000166589","CDH16",-0.132042111979571,-2.87223913305725,0.00417840257315336,0.0064066276803946
"ENSG00000139540","SLC39A5",0.182464735225477,2.87138062253068,0.0041896562645086,0.00642191334228787
"ENSG00000171954","CYP4F22",0.208786164485921,2.8674314024261,0.00424177980560366,0.00649981582225507
"ENSG00000145708","CRHBP",-0.161120715893902,-2.86720023648662,0.00424484901134717,0.00650252605904898
"ENSG00000139211","AMIGO2",-0.200834914444682,-2.86565141305018,0.00426546494648348,0.00653210558420135
"ENSG00000182732","RGS6",-0.199836511594122,-2.86437496736482,0.0042825236700111,0.0065562211727053
"ENSG00000186462","NAP1L2",-0.177396380186085,-2.86398540953306,0.00428774214316444,0.00656220101494405
"ENSG00000132639","SNAP25",-0.158492485850372,-2.86377332306998,0.0042905856576389,0.0065645435398392
"ENSG00000184313","MROH7",-0.162183184146159,-2.86178135683934,0.00431737633745164,0.00660351229344087
"ENSG00000228532","RP1-241P17.4",-0.158494680703991,-2.86008648173852,0.00434029087290348,0.00663653038670258
"ENSG00000155961","RAB39B",-0.210512267587438,-2.85933621545825,0.00435046962017424,0.00665006056278545
"ENSG00000127423","AUNIP",-0.147861156728636,-2.85874335570396,0.00435852818570835,0.00666034258207266
"ENSG00000103316","CRYM",-0.225696632920882,-2.85670287143097,0.00438636760535827,0.00670083654958489
"ENSG00000253313","C1orf210",0.0482540346774435,2.85611545786034,0.0043944118820208,0.00671107495727062
"ENSG00000177459","ERICH5",-0.23315949065231,-2.85365198887376,0.00442829370166166,0.0067607537429949
"ENSG00000253414","RP11-150O12.6",0.159488506201878,2.85186470520528,0.00445302373712425,0.00679643427522017
"ENSG00000175879","HOXD8",-0.0951043818001804,-2.85003295480202,0.0044784990706906,0.00683323019635428
"ENSG00000183691","NOG",-0.206522894714568,-2.84899715469623,0.00449296309410521,0.0068532078921678
"ENSG00000186481","ANKRD20A5P",0.200076122046911,2.8479304229729,0.00450790335553865,0.00687389959673476
"ENSG00000178401","DNAJC22",0.144641821642634,2.84557965384751,0.00454098667008063,0.00692223577756194
"ENSG00000105388","CEACAM5",0.18355879501299,2.84477857651228,0.00455231078772755,0.00693738309620169
"ENSG00000101210","EEF1A2",0.219468307977735,2.84267321181368,0.00458219473324753,0.00698079636387498
"ENSG00000228594","C1orf233",0.124238762427933,2.84140236483259,0.00460031941169965,0.00700627385272563
"ENSG00000269113","TRABD2B",-0.150801162775858,-2.8393743040129,0.00462937814361211,0.00704838328808177
"ENSG00000236058","RP11-215A21.2",0.0582346206132058,2.8392323408761,0.00463141846123316,0.00704934316778259
"ENSG00000267206","LCN6",-0.20327127224732,-2.83899252500423,0.00463486698749196,0.00705244520312227
"ENSG00000123838","C4BPA",-0.194030864837504,-2.83731692474803,0.00465902700330376,0.00708705050700298
"ENSG00000189223","PAX8-AS1",-0.237147950112828,-2.83323323864405,0.00471838770560995,0.00717516378590321
"ENSG00000133135","RNF128",-0.120679669215991,-2.82628611243533,0.00482094920275209,0.00732889814951671
"ENSG00000204403","CASP12",-0.191578492566741,-2.82526617897317,0.00483617558884588,0.00734981092529768
"ENSG00000257671","RP3-416H24.1",-0.119061341478102,-2.82275817176428,0.00487380268584635,0.00740474428114001
"ENSG00000163884","KLF15",-0.137592943020531,-2.8220112006969,0.00488506049948277,0.00741959371124357
"ENSG00000109674","NEIL3",-0.0925737578148942,-2.81930590571703,0.00492603026926692,0.00747954793390058
"ENSG00000100181","TPTEP1",-0.228026841644447,-2.81787252960177,0.00494786368219965,0.00751041846114094
"ENSG00000132517","SLC52A1",-0.166035517096691,-2.81751439144298,0.00495333257190521,0.00751643789363461
"ENSG00000177133","LINC00982",-0.152280576408003,-2.8149693386292,0.00499235438947544,0.00757335313937415
"ENSG00000085741","WNT11",-0.209389943099961,-2.81232121304402,0.00503325198491214,0.00763307853338208
"ENSG00000277494","GPIHBP1",-0.144841729760788,-2.81203643777658,0.00503766807031959,0.00763745917271011
"ENSG00000172031","EPHX4",-0.168541492675475,-2.81010798545747,0.00506766555202566,0.0076806085965833
"ENSG00000186148","AC013271.3",-0.177451100241682,-2.80821790885417,0.00509722296511639,0.00772306509866119
"ENSG00000131746","TNS4",-0.124804678113106,-2.80654716337339,0.00512348032107948,0.0077604973054824
"ENSG00000237886","LINC01573",0.222085937677355,2.80639719350874,0.00512584321979384,0.00776172504511483
"ENSG00000232079","AL035610.1",-0.205742829034155,-2.8060008371028,0.00513209289184684,0.00776883574303186
"ENSG00000156959","LHFPL4",-0.18894292767958,-2.80546470870841,0.0051405574391134,0.00777929394538953
"ENSG00000124935","SCGB1D2",0.230968963154978,2.79964281749286,0.00523329234677064,0.00791723501780732
"ENSG00000148346","LCN2",-0.171899921250279,-2.79805366160302,0.00525886716555703,0.00795351960913041
"ENSG00000282033","RP11-506F3.1",-0.214610849032652,-2.79791433959334,0.00526111470521616,0.00795451270821917
"ENSG00000257767","RP11-162P23.2",-0.245841363141252,-2.79517783996167,0.00530543643447944,0.00801909981027727
"ENSG00000178372","CALML5",-0.179473306853675,-2.79476309566131,0.00531218324549236,0.0080268710267337
"ENSG00000179796","LRRC3B",-0.191859842880176,-2.79390234225898,0.00532621024407321,0.00804563480977827
"ENSG00000064787","BCAS1",0.1855071960231,2.79322113354007,0.00533733509401544,0.00806000467232775
"ENSG00000276043","UHRF1",-0.111401286948441,-2.79284901407732,0.00534342106790729,0.0080667588585557
"ENSG00000259495","RP11-210M15.2",0.170495715856166,2.79132701428188,0.00536837861690162,0.00810199006474739
"ENSG00000182050","MGAT4C",-0.184348584511691,-2.78968349386954,0.00539544721750079,0.00814038505959685
"ENSG00000256007","ARAP1-AS1",0.223492243025003,2.78754835011567,0.00543079715402602,0.00819124759279943
"ENSG00000122176","FMOD",-0.134818501292974,-2.78593622848198,0.0054576264527223,0.00822923168383942
"ENSG00000232149","FERP1",-0.219969733050993,-2.78205552714855,0.00552270217434093,0.0083248450020213
"ENSG00000155897","ADCY8",-0.173286557151376,-2.77784767724843,0.00559405591444046,0.00842986123333403
"ENSG00000142675","CNKSR1",0.0792102994984988,2.7773030373902,0.00560335218478737,0.00844132597889028
"ENSG00000133317","LGALS12",-0.199709997278472,-2.77615037370567,0.00562307266609508,0.00846848293086608
"ENSG00000112796","ENPP5",0.162434798461576,2.77586198183669,0.00562801645215752,0.00847337617006552
"ENSG00000168447","SCNN1B",-0.137905339117955,-2.77544871101747,0.00563510783609409,0.00848149885023193
"ENSG00000105409","ATP1A3",-0.154437065507352,-2.77482649857042,0.00564579971661345,0.00849503418088091
"ENSG00000253161","LINC01605",-0.115438356052549,-2.77380677800882,0.00566336188513892,0.00851889573576853
"ENSG00000127903","ZNF835",-0.185144047910941,-2.77119576156478,0.00570855544594328,0.00858429390367411
"ENSG00000164128","NPY1R",0.265080072667958,2.77029459127365,0.00572422909960049,0.00860527525496165
"ENSG00000254966","RP11-1081L13.4",-0.16453565507576,-2.77009976508606,0.00572762273184303,0.00860778889666822
"ENSG00000179750","APOBEC3B",-0.153663478123727,-2.76867654398656,0.00575246867985052,0.00864253106948696
"ENSG00000160471","COX6B2",-0.200726050082522,-2.76372224183956,0.00583971984623589,0.00877098204601365
"ENSG00000163736","PPBP",-0.205612752452112,-2.76326345106322,0.00584785985672053,0.00878057035543623
"ENSG00000262877","RP11-1055B8.4",0.199815013968649,2.7626132522516,0.00585941343983467,0.00879527685354948
"ENSG00000185761","ADAMTSL5",0.196896955176176,2.7610604476204,0.00588708914487946,0.00883416738427289
"ENSG00000258647","LINC00930",0.174225941687421,2.75842625742686,0.00593430849617977,0.00890235297956761
"ENSG00000085552","IGSF9",-0.076392126040727,-2.75694777807485,0.00596096063415419,0.00893965302062715
"ENSG00000236723","RP5-1024G6.2",0.271833525052784,2.75421120864862,0.00601057727301186,0.00901136022940308
"ENSG00000188959","C9orf152",0.131927441055163,2.75285653988963,0.00603527639100843,0.00904567804407739
"ENSG00000205076","LGALS7",-0.200774978174719,-2.75247215718608,0.00604230134603837,0.00905349317656333
"ENSG00000125798","FOXA2",-0.126533239852006,-2.75074047467878,0.00607404106691018,0.0090983239468397
"ENSG00000100290","BIK",0.0858681547212401,2.7494201833068,0.00609834146568671,0.00913198781923735
"ENSG00000272783","RP13-1016M1.2",-0.207855947513335,-2.74879224717967,0.00610992958991362,0.00914660118250543
"ENSG00000108602","ALDH3A1",-0.180398714171727,-2.74096021889181,0.00625614273498734,0.00936007611541739
"ENSG00000176956","LY6H",-0.11484825777776,-2.74095321566794,0.00625627487554498,0.00936007611541739
"ENSG00000271141","RP11-171I2.4",-0.185011212635149,-2.73722813722567,0.00632691942304624,0.00946293661837607
"ENSG00000094796","KRT31",0.223186721686787,2.73709340288329,0.00632948802777186,0.00946394740994597
"ENSG00000166682","TMPRSS5",-0.223508862305953,-2.73530611064352,0.00636365042569682,0.00951218299805204
"ENSG00000109339","MAPK10",-0.153263396117255,-2.73131288757592,0.00644057839973188,0.00962429527754316
"ENSG00000165966","PDZRN4",-0.170540480341975,-2.73016432636961,0.00646285968680924,0.00965470523873505
"ENSG00000272189","RP3-325F22.5",0.0979769054595512,2.72759456178818,0.00651296311069963,0.00972664741741283
"ENSG00000267328","AC002398.12",-0.18737578772837,-2.72728243470595,0.00651907251763022,0.00973286431416873
"ENSG00000162975","KCNF1",0.189958179379811,2.72699131609096,0.00652477536983442,0.00973847070124541
"ENSG00000183734","ASCL2",-0.170629865640821,-2.7261573374657,0.00654113744079533,0.00975997827632846
"ENSG00000279225","RP11-2K6.1",0.265598034113271,2.72350555654743,0.00659340945178156,0.00983503796506796
"ENSG00000008118","CAMK1G",-0.112954124540994,-2.72232618451292,0.00661677794067744,0.00986695189483662
"ENSG00000130701","RBBP8NL",0.0524654569748433,2.72103938995153,0.00664236002155303,0.00990214672264912
"ENSG00000087128","TMPRSS11E",-0.159349434499466,-2.72067038228686,0.00664971248553601,0.00991015273552311
"ENSG00000131187","F12",0.123221835341731,2.71990186501685,0.00666504869857794,0.00993004871659407
"ENSG00000256462","RP11-116G8.5",-0.20322361543703,-2.71729738164794,0.00671725988733138,0.0100048553579556
"ENSG00000251003","ZFPM2-AS1",-0.186731120812993,-2.71504967675888,0.00676261462414307,0.0100694083146859
"ENSG00000010030","ETV7",-0.149219533964434,-2.71286382631128,0.00680698549969606,0.0101324583204764
"ENSG00000072195","SPEG",-0.117995865792607,-2.71115689112814,0.00684181686174887,0.0101812750918882
"ENSG00000166825","ANPEP",-0.177707037567441,-2.70716213411509,0.00692396091273033,0.0103004476535709
"ENSG00000244300","GATA2-AS1",-0.226999825259354,-2.70399181626373,0.00698978255805177,0.0103952744765791
"ENSG00000146005","PSD2",-0.138447086351006,-2.70305073042195,0.00700942930717919,0.0104213935581017
"ENSG00000099812","MISP",0.128332475338628,2.70172049510201,0.00703728495325112,0.010459698206378
"ENSG00000162728","KCNJ9",-0.146729879343955,-2.69984114675112,0.0070768089740074,0.0105153179405756
"ENSG00000148053","NTRK2",-0.13645278334688,-2.69933328459646,0.00708752388651454,0.0105281103483579
"ENSG00000266274","RN7SL138P",-0.119527738511867,-2.69653631262548,0.00714679650317816,0.010613003420223
"ENSG00000150782","IL18",-0.13788208000317,-2.69544759143442,0.00716998863507203,0.010644282415487
"ENSG00000166780","C16orf45",0.199674925735287,2.69088017952666,0.00726802369667999,0.0107866187246661
"ENSG00000272991","AF129408.17",0.251266518559715,2.68983575913813,0.00729060975027511,0.0108169284128711
"ENSG00000130303","BST2",0.195052272858813,2.68891250811609,0.00731062797834662,0.010843411418491
"ENSG00000006327","TNFRSF12A",-0.122500998305196,-2.68745440516741,0.00734234367959153,0.0108872237241867
"ENSG00000229859","PGA3",-0.178862841181458,-2.68453145366983,0.00740629448128296,0.0109787940724621
"ENSG00000087495","PHACTR3",-0.106639980301938,-2.68433822585667,0.0074105396676216,0.010981831161265
"ENSG00000280237","MIR4697HG",0.17463760594793,2.68306703835401,0.00743852201688728,0.0110186687839325
"ENSG00000276070","CCL4L2",-0.156396147001557,-2.68300885044314,0.00743980516291122,0.0110186687839325
"ENSG00000255020","AF131216.5",-0.206743353240893,-2.68200509390295,0.00746197109164552,0.0110482248913911
"ENSG00000179299","NSUN7",0.144429091805652,2.68165780411506,0.00746965408731364,0.0110563263577763
"ENSG00000108846","ABCC3",-0.129893417367599,-2.67756197424602,0.00756080264879851,0.011187929341223
"ENSG00000238018","AC093110.3",-0.211062656679779,-2.67426922105794,0.00763480258714413,0.011294086667373
"ENSG00000155511","GRIA1",0.200967685753972,2.67319873102643,0.00765900003857673,0.0113265306692942
"ENSG00000162949","CAPN13",0.131646715406769,2.6718714078377,0.00768909858286573,0.0113676797499493
"ENSG00000034971","MYOC",-0.167967542249367,-2.67060503449786,0.00771791397183396,0.0114069080281318
"ENSG00000227212","PFN1P6",-0.209792196304718,-2.67011695128388,0.00772904580244204,0.0114199849326862
"ENSG00000232810","TNF",-0.137965369777003,-2.66989697534181,0.00773406755674105,0.0114240288873575
"ENSG00000009950","MLXIPL",0.139321885578485,2.66829497331052,0.00777072753011577,0.0114747896191904
"ENSG00000163814","CDCP1",-0.10298210958261,-2.66504182639324,0.00784565240314222,0.0115820082715415
"ENSG00000204616","TRIM31",-0.155924765271042,-2.66254654284067,0.00790356121796471,0.0116640513842454
"ENSG00000165495","PKNOX2",-0.157405456108747,-2.65791613998157,0.00801203744924412,0.0118206512972029
"ENSG00000171462","DLK2",-0.13056193182993,-2.65653313389029,0.00804469507854781,0.0118653319742593
"ENSG00000277639","RP11-295M3.4",-0.140884841257029,-2.65492799496831,0.00808274770445572,0.011917941174367
"ENSG00000241935","HOGA1",0.201342273367166,2.64679389933471,0.0082780734166334,0.012202348786311
"ENSG00000184486","POU3F2",-0.161112483789938,-2.64659747436038,0.00828284208574616,0.0122057796724818
"ENSG00000225526","MKRN2OS",0.14587710291402,2.64583442644405,0.00830139020262611,0.0122287083249006
"ENSG00000182103","FAM181B",-0.199054564575716,-2.64565784432673,0.00830568784950503,0.0122287083249006
"ENSG00000127831","VIL1",0.171839660402076,2.64565575570237,0.00830573869427248,0.0122287083249006
"ENSG00000236782","RP11-96L14.7",0.220729080734619,2.64545608833933,0.00831060061749773,0.0122322646710299
"ENSG00000178078","STAP2",0.0799626493331,2.64507081626794,0.00831998924671648,0.0122424797626788
"ENSG00000178363","CALML3",-0.17607497373621,-2.64426084062818,0.00833975841040441,0.0122670280582823
"ENSG00000165810","BTNL9",-0.131658287657425,-2.6441863313295,0.00834157907963194,0.0122670280582823
"ENSG00000129682","FGF13",-0.154856980404967,-2.64262631425,0.00837978071260857,0.0123195835233881
"ENSG00000227403","AC009299.3",-0.182054041928212,-2.6420824630376,0.0083931353256975,0.0123355898378858
"ENSG00000279312","RP3-331H24.7",0.167830365674085,2.64164794552404,0.00840381888179519,0.0123476621830667
"ENSG00000169435","RASSF6",-0.109293088238834,-2.64128332394767,0.00841279329539954,0.0123572169438889
"ENSG00000275896","PRSS2",-0.172324782018818,-2.64078916632448,0.00842496967828366,0.0123714679563637
"ENSG00000263429","LINC00675",-0.19585149930295,-2.63957828175032,0.00845487348312335,0.01241173441445
"ENSG00000234678","RP11-465N4.4",-0.0950277003480362,-2.63798201023148,0.00849444003307302,0.0124661579587218
"ENSG00000130540","SULT4A1",-0.195799636997109,-2.63787963913363,0.00849698314121931,0.012466231134418
"ENSG00000184113","CLDN5",-0.134272110524256,-2.6361957564197,0.00853891223133,0.0125240719145351
"ENSG00000125398","SOX9",-0.107172183146482,-2.63337196519738,0.00860964142513652,0.0126241076614905
"ENSG00000042062","FAM65C",0.172508036695728,2.63152495948735,0.00865618784641193,0.0126886365382761
"ENSG00000197594","ENPP1",0.138495810277192,2.63064728147979,0.00867838509774923,0.0127174459228447
"ENSG00000151364","KCTD14",-0.181794679277415,-2.62904608991403,0.00871901197982919,0.0127732375913114
"ENSG00000157005","SST",-0.11775346996619,-2.62832154321429,0.00873745172624111,0.0127965022352682
"ENSG00000122735","DNAI1",0.150315917723854,2.62813082091503,0.0087423114181637,0.0127998703047785
"ENSG00000278309","RP11-102K13.5",-0.144967395385349,-2.62690139093542,0.008773695971693,0.0128420608484968
"ENSG00000234147","RP3-460G2.2",-0.202637067965969,-2.62667849005848,0.00877939691243643,0.0128466445894592
"ENSG00000149243","KLHL35",0.156387817470873,2.62276934883566,0.0088799180280438,0.0129899327502103
"ENSG00000137857","DUOX1",-0.135294057885138,-2.62178144551342,0.00890548382116596,0.0130235212359842
"ENSG00000156414","TDRD9",-0.175654559358513,-2.61935668607065,0.00896851321486302,0.0131118614252383
"ENSG00000260618","RP11-23N2.4",0.164227738783643,2.61467201542217,0.0090914183724875,0.0132876620468978
"ENSG00000126861","OMG",-0.130776788571278,-2.61243256782341,0.00915070206818997,0.0133704004503068
"ENSG00000077327","SPAG6",0.249148460497721,2.61155823041596,0.00917394160394196,0.0134004405549839
"ENSG00000186493","C5orf38",0.0994283042346527,2.6107319279656,0.00919595287968876,0.0134286695088913
"ENSG00000111674","ENO2",0.16121174806158,2.61009960479956,0.0092128287618969,0.0134493850538641
"ENSG00000174567","GOLT1A",0.0717853581841722,2.60254164205988,0.00941669494222434,0.0137412359960816
"ENSG00000159713","TPPP3",0.149468624482562,2.6024848067628,0.00941824315171435,0.0137412359960816
"ENSG00000130487","KLHDC7B",-0.172281189332655,-2.60074886119185,0.00946564050344819,0.0138063601275499
"ENSG00000105877","DNAH11",-0.241010229747265,-2.60045786621858,0.00947360650200746,0.0138139494050852
"ENSG00000167771","RCOR2",-0.16232310517324,-2.60018860929934,0.00948098275525759,0.0138206745703463
"ENSG00000134193","REG4",0.166734458070733,2.59744080778023,0.00955655226198239,0.0139267739171996
"ENSG00000108342","CSF3",-0.192694625199954,-2.59372123825597,0.00965970416033396,0.0140729955715821
"ENSG00000232224","LINC00202-1",0.215436195075882,2.5915333088402,0.00972084369182004,0.0141579430408098
"ENSG00000183844","FAM3B",-0.167981102587894,-2.5871557362355,0.00984420887470561,0.0143319723845637
"ENSG00000164920","OSR2",-0.114313870204958,-2.58709024604102,0.00984606502819524,0.0143319723845637
"ENSG00000243709","LEFTY1",0.166831066215213,2.58492602498803,0.00990758039696279,0.0144173172249167
"ENSG00000134827","TCN1",-0.200773404715735,-2.58162252858523,0.0100021397804176,0.0145506834163771
"ENSG00000093009","CDC45",-0.109742070334034,-2.58107175904069,0.0100179831082087,0.0145694925948353
"ENSG00000272159","RP11-350N15.6",-0.246563249003671,-2.58031730810901,0.010039721837217,0.0145968622233454
"ENSG00000116035","VAX2",-0.136613367517962,-2.57833525102477,0.0100970334339364,0.014675920688861
"ENSG00000250305","KIAA1456",-0.176675691999044,-2.57772274796003,0.0101148030232198,0.0146974760581515
"ENSG00000133256","PDE6B",0.191476752313404,2.57556145962374,0.0101777281791669,0.0147846138570118
"ENSG00000238279","BX470102.3",-0.218737549662965,-2.57522635489988,0.0101875158375404,0.0147945336008429
"ENSG00000188153","COL4A5",0.152116677153944,2.57324955531913,0.0102454247347885,0.0148743100098556
"ENSG00000274423","RP11-544O24.2",-0.199357838707683,-2.57215927138235,0.0102774892413931,0.0149163868422996
"ENSG00000197249","SERPINA1",0.140044202032397,2.57206133659648,0.0102803738117129,0.0149163868422996
"ENSG00000255100","RP11-21L23.3",0.184704616092209,2.57092743305015,0.0103138244002194,0.0149605807952124
"ENSG00000128266","GNAZ",-0.127674274985487,-2.56852768601807,0.0103849380514619,0.0150593649238137
"ENSG00000100604","CHGA",-0.19853188513763,-2.56122634237655,0.0106040002821287,0.0153725721689311
"ENSG00000127129","EDN2",-0.1134783574049,-2.56037328933147,0.0106298611847271,0.0154055959198943
"ENSG00000165548","TMEM63C",0.145684693482551,2.55889006618914,0.0106749599438927,0.0154664734046547
"ENSG00000229598","PRDX3P1",-0.161897181963466,-2.55450267284165,0.0108093620617718,0.0156560771159934
"ENSG00000223403","MEG9",-0.159846097099671,-2.5544142288055,0.0108120868563051,0.0156560771159934
"ENSG00000279833","RP4-742C19.13",-0.142685434920727,-2.55265936631598,0.0108662774880668,0.015729990573345
"ENSG00000272622","RP11-395N3.2",0.187059113718437,2.55154952031862,0.0109006745480876,0.0157752164227027
"ENSG00000120149","MSX2",0.149251859643712,2.55090496716218,0.0109206954216255,0.0157996172187869
"ENSG00000163531","NFASC",-0.155578397208284,-2.54995015422704,0.0109504136391826,0.0158380295620229
"ENSG00000016402","IL20RA",0.130212641797445,2.54709550003555,0.0110396935892847,0.01596254133789
"ENSG00000228412","RP4-625H18.2",-0.19057039916917,-2.54526375096057,0.0110973226328208,0.0160412295935542
"ENSG00000173406","DAB1",-0.161171623969005,-2.54328755836397,0.0111597961180632,0.0161268730029815
"ENSG00000152253","SPC25",-0.0809228029885784,-2.54134904811252,0.0112213821970575,0.0162111849134029
"ENSG00000177791","MYOZ1",-0.136117113251001,-2.53965337256982,0.0112755011949201,0.0162846637708263
"ENSG00000225217","HSPA7",-0.139452882669714,-2.53924850323957,0.0112884572472436,0.0162986676974352
"ENSG00000265287","RP11-192H23.6",0.224362574951602,2.53898316913003,0.0112969552732952,0.016306228743209
"ENSG00000136688","IL36G",-0.174045628553417,-2.53884351295301,0.0113014304168279,0.016307980399463
"ENSG00000142677","IL22RA1",-0.118759091425498,-2.53326923356113,0.0114813451611313,0.0165628176011703
"ENSG00000151006","PRSS53",-0.139399462201311,-2.53103480076377,0.0115541754747843,0.0166594821796975
"ENSG00000251095","RP11-115D19.1",0.227710411632081,2.53100906094204,0.0115550168398382,0.0166594821796975
"ENSG00000114854","TNNC1",0.121852183715201,2.52828019780983,0.0116445255448638,0.016783692050827
"ENSG00000108242","CYP2C18",-0.145159759923697,-2.52583053533381,0.0117254006101117,0.0168936347052136
"ENSG00000186197","EDARADD",-0.159008884900007,-2.52576529801641,0.0117275612123593,0.0168936347052136
"ENSG00000074276","CDHR2",-0.147754846337505,-2.51986521127629,0.0119244357608489,0.0171722865219598
"ENSG00000160321","ZNF208",-0.155437443908927,-2.51958524162483,0.0119338503392827,0.0171808959678702
"ENSG00000230043","TMSB4XP6",-0.223998412264858,-2.51670866028771,0.0120309646038533,0.0173157233791786
"ENSG00000235912","RP1-159A19.3",0.220728677835837,2.51600530011131,0.0120548167742278,0.0173450601068025
"ENSG00000116039","ATP6V1B1",-0.153704832937798,-2.5128764961379,0.0121614295770285,0.0174898302218799
"ENSG00000237380","HOXD-AS2",-0.0980475759853977,-2.51284731220063,0.0121624279362953,0.0174898302218799
"ENSG00000169900","PYDC1",0.255942857996277,2.50900112358114,0.0122946413476975,0.0176748725527567
"ENSG00000277531","LLNLF-187D8.1",-0.176280288436319,-2.50725828997241,0.012354970376496,0.0177564966606726
"ENSG00000151834","GABRA2",-0.183484241416467,-2.50639244514708,0.0123850395702296,0.0177945970836632
"ENSG00000103740","ACSBG1",-0.117649196228125,-2.5045992396114,0.0124475208705147,0.0178792313566715
"ENSG00000005249","PRKAR2B",-0.152212495226123,-2.50292193582814,0.0125062167247509,0.0179583812819514
"ENSG00000197353","LYPD2",-0.118838778296498,-2.50214912345291,0.0125333431793129,0.017992166493415
"ENSG00000244558","KCNK15-AS1",0.129120399920593,2.49981791955441,0.0126154871056855,0.0181048896465062
"ENSG00000163106","HPGDS",-0.126947555852129,-2.49532736578598,0.0127750661140924,0.018328645787794
"ENSG00000118242","MREG",0.110761040377742,2.49274525936707,0.012867633524645,0.0184561582395941
"ENSG00000112183","RBM24",0.207751953293174,2.49118673094445,0.0129237933844361,0.0185313928655522
"ENSG00000276644","DACH1",0.222789882712843,2.4901239216237,0.0129622150234404,0.0185811568569959
"ENSG00000004848","ARX",-0.203799405319977,-2.48713726439747,0.0130707281819081,0.0187313387530928
"ENSG00000204632","HLA-G",-0.170556661723309,-2.48610174240937,0.013108538906115,0.0187801416993052
"ENSG00000257764","RP11-1143G9.4",0.236556993057842,2.48553006978813,0.0131294542670999,0.0188047182284445
"ENSG00000139970","RTN1",0.142422348184539,2.47930262845153,0.0133592152718419,0.0191283151085938
"ENSG00000241728","AP001062.8",0.248227782680492,2.47823112700838,0.0133991052324014,0.0191799387809926
"ENSG00000225511","LINC00475",0.160758510272977,2.4746422967953,0.0135334797394578,0.0193667426151372
"ENSG00000105767","CADM4",0.0957580464584281,2.47284276637989,0.0136013064487801,0.0194582352629186
"ENSG00000143171","RXRG",-0.140957775572246,-2.47092244770636,0.0136740174708567,0.0195566611425297
"ENSG00000233013","FAM157B",-0.228452833415211,-2.46914283431136,0.0137417076744016,0.0196478519794132
"ENSG00000232656","IDI2-AS1",-0.205436312162296,-2.46859749457209,0.0137625097295524,0.0196719693103951
"ENSG00000183578","TNFAIP8L3",-0.119279052279327,-2.46769893960765,0.0137968459984628,0.0197154129729392
"ENSG00000281457","AC010168.1",0.182303849367621,2.46438722344405,0.0139240510798199,0.0198915015425998
"ENSG00000091129","NRCAM",-0.135106198635549,-2.46321679491627,0.0139692554114693,0.0199503790509415
"ENSG00000182107","TMEM30B",0.0740613216335138,2.46260721548953,0.0139928499672361,0.0199783694563622
"ENSG00000204983","PRSS1",-0.176321713483642,-2.4619403422449,0.0140187025117026,0.0200095668165895
"ENSG00000242732","RGAG4",-0.138958515289059,-2.45762771715227,0.0141869112330351,0.0202438801841254
"ENSG00000166428","PLD4",-0.134680857662385,-2.45633144458202,0.0142378182853708,0.0203107250861209
"ENSG00000128713","HOXD11",-0.132351824023322,-2.44897439110387,0.0145298133711967,0.0207213539235548
"ENSG00000111816","FRK",-0.11105140017721,-2.44488138547519,0.0146945406850631,0.0209503003779057
"ENSG00000267340","RP11-242D8.3",-0.221469712523772,-2.44419115993658,0.0147224814427087,0.0209841525694251
"ENSG00000172236","TPSAB1",-0.124900743477101,-2.44067513422239,0.0148655416848179,0.0211820200695609
"ENSG00000249590","RP4-539M6.19",0.0694791907294812,2.43771302688037,0.0149870149678636,0.0213490241707459
"ENSG00000182902","SLC25A18",0.13608140505146,2.43365985588854,0.0151546508372526,0.0215816730806787
"ENSG00000135373","EHF",-0.104475862095967,-2.43352010720381,0.0151604601141773,0.02158379856802
"ENSG00000113739","STC2",0.185824339229681,2.42532799375086,0.0155044532905335,0.0220672548968596
"ENSG00000154319","FAM167A",-0.122793518708117,-2.42444702388636,0.0155418525847205,0.0221141897904389
"ENSG00000244528","SEPT14P2",-0.197894781296166,-2.42404849233776,0.0155587973189702,0.0221320018762023
"ENSG00000263513","FAM72C",-0.154402206179401,-2.42301649542454,0.0156027513932073,0.0221882130165064
"ENSG00000081479","LRP2",0.153681922185429,2.41909931297148,0.0157705869755423,0.0224205103433926
"ENSG00000159184","HOXB13",-0.231553596876318,-2.41623690659968,0.0158942335735371,0.0225898714802971
"ENSG00000177627","C12orf54",-0.191211642433372,-2.41592062730626,0.015907948062105,0.0226029384229965
"ENSG00000184012","TMPRSS2",-0.0909135834068801,-2.41558043700948,0.0159227110138559,0.0226174872355908
"ENSG00000042832","TG",-0.0816806216242385,-2.41480884865149,0.0159562397199877,0.0226586761147227
"ENSG00000174326","SLC16A11",-0.215950716959785,-2.41107539223814,0.0161193538050541,0.0228838072189865
"ENSG00000088002","SULT2B1",0.110339263943726,2.41022371444351,0.0161567684978902,0.0229304122876671
"ENSG00000136514","RTP4",-0.166395430985454,-2.40561297777114,0.0163606512434312,0.0232131828085006
"ENSG00000184709","LRRC26",0.133589902975021,2.40491162057623,0.016391862259665,0.0232508684534255
"ENSG00000141738","GRB7",-0.0809993195774946,-2.40364386350803,0.0164484115582384,0.0233244633554146
"ENSG00000262831","RP11-498C9.2",0.193177354108558,2.40170705487323,0.0165351359211272,0.0234407937640023
"ENSG00000137843","PAK6",-0.114508298718371,-2.40098631986914,0.0165675107940549,0.0234800323044995
"ENSG00000204175","GPRIN2",-0.156453573794876,-2.40078753243854,0.0165764499820279,0.0234860441796938
"ENSG00000204060","FOXO6",0.111462910340852,2.39837077051102,0.016685468198459,0.0236338076465425
"ENSG00000121380","BCL2L14",-0.121140663438576,-2.39433368140031,0.0168689851297162,0.0238869797928578
"ENSG00000091583","APOH",-0.0767022623961482,-2.39418441644064,0.016875804268835,0.0238898701427449
"ENSG00000079156","OSBPL6",-0.159456212260877,-2.39294522062932,0.016932510329013,0.0239633602165483
"ENSG00000232110","RP11-149I23.3",-0.197257253772243,-2.38910120539042,0.0171094811363017,0.0242069625584348
"ENSG00000117834","SLC5A9",-0.131411335264002,-2.38797743691776,0.0171615233570524,0.024273724691729
"ENSG00000170421","KRT8",0.063566652185629,2.38705934163159,0.0172041439635382,0.0243271266452745
"ENSG00000168679","SLC16A4",-0.142523741340763,-2.38692380642618,0.0172104437679738,0.0243291543228355
"ENSG00000231245","C1DP1",-0.110591762173318,-2.38446601584144,0.0173250364013159,0.024484223291854
"ENSG00000271344","RP11-274B21.9",0.159800076276481,2.38191166082819,0.0174448411133153,0.0246465683997108
"ENSG00000273107","RP11-165A20.3",-0.21842936243336,-2.38052058019053,0.0175103913412243,0.0247321911599213
"ENSG00000147255","IGSF1",-0.204494294939744,-2.37640493073878,0.0177055966271607,0.0250008424557479
"ENSG00000104369","JPH1",-0.129285701104242,-2.37606310044334,0.0177218952453363,0.0250167917071376
"ENSG00000167676","PLIN4",-0.183049077396315,-2.37440367949247,0.0178012044811864,0.0251216546446323
"ENSG00000166405","RIC3",-0.186106394482807,-2.37266576390954,0.0178845990796048,0.0252322221777721
"ENSG00000080709","KCNN2",-0.0766645200828109,-2.37235710772566,0.0178994458774489,0.025246044961141
"ENSG00000260552","RP11-49I11.1",-0.0827934708507275,-2.37048447705823,0.0179897541603502,0.0253662636214752
"ENSG00000224713","AC025165.8",-0.110553197784799,-2.36733244329645,0.0181426651804985,0.0255746619403701
"ENSG00000231995","RP11-111F5.2",-0.195594166608046,-2.36496229889407,0.0182583951584486,0.0257305456009705
"ENSG00000104267","CA2",-0.172346428798791,-2.3633176879733,0.0183390786535571,0.0258369662631122
"ENSG00000260001","TGFBR3L",0.230196745649896,2.36307262087203,0.0183511282074878,0.0258466594471659
"ENSG00000157445","CACNA2D3",-0.147943512423585,-2.3628444349398,0.0183623539828607,0.0258551872470581
"ENSG00000158874","APOA2",-0.135615738454402,-2.36236466825644,0.0183859761013045,0.025881160052512
"ENSG00000173175","ADCY5",-0.169426441926621,-2.36097372813014,0.0184546120559427,0.0259704644750109
"ENSG00000171903","CYP4F11",0.17126151180018,2.35860902460268,0.0185718140676279,0.0261280445520933
"ENSG00000256713","PGA5",-0.155799623584368,-2.35698287038023,0.0186527894408656,0.0262345843050149
"ENSG00000143320","CRABP2",0.116230362859992,2.3562656820969,0.0186886005061565,0.0262775597668117
"ENSG00000171502","COL24A1",-0.105615457726345,-2.34505314948378,0.019256357263126,0.0270682559223025
"ENSG00000160200","CBS",-0.208709696062014,-2.34376328860996,0.0193226293436111,0.0271537792911904
"ENSG00000130413","STK33",-0.157626911587048,-2.33943102386566,0.0195466815938493,0.0274609182268183
"ENSG00000116661","FBXO2",0.144782946936719,2.33690276706674,0.0196784835558776,0.0276383196009517
"ENSG00000104147","OIP5",-0.0889969938645292,-2.33623720871664,0.0197133091730333,0.0276794568562669
"ENSG00000104892","KLC3",-0.0739333862779154,-2.3307348498492,0.0200032937570217,0.0280787391311366
"ENSG00000144785","RP11-977G19.10",-0.204828539614396,-2.33017785628861,0.0200328552260869,0.0281123424446912
"ENSG00000056736","IL17RB",0.133972010779406,2.32784702168701,0.0201569750030481,0.028278584459944
"ENSG00000127533","F2RL3",-0.0920636395064506,-2.32718901664442,0.0201921360288664,0.0283199663798968
"ENSG00000224093","RP5-1033H22.2",-0.127319844858958,-2.32668403118153,0.0202191566808974,0.0283427597089781
"ENSG00000261011","RP11-96C23.11",0.153153551267895,2.32655188518922,0.0202262327352091,0.0283427597089781
"ENSG00000173210","ABLIM3",0.151969473471018,2.32646870060221,0.0202306881510395,0.0283427597089781
"ENSG00000152292","SH2D6",0.171890705106657,2.32646172363992,0.0202310618802685,0.0283427597089781
"ENSG00000187642","PERM1",0.0845084818439544,2.32291450951877,0.0204218558154723,0.0286020389572441
"ENSG00000183242","WT1-AS",-0.169956924460775,-2.32245416495434,0.0204467312581551,0.0286288592245241
"ENSG00000163993","S100P",-0.149553408459819,-2.32190469215795,0.0204764575416123,0.0286624545655267
"ENSG00000163273","NPPC",-0.174279933001346,-2.32136801683059,0.0205055279299481,0.0286951132520965
"ENSG00000235280","MCF2L-AS1",0.0717067059713068,2.31717788608739,0.0207337394280019,0.0290063506267513
"ENSG00000073067","CYP2W1",-0.151951183747497,-2.31121404685558,0.0210623783968779,0.0294578718837454
"ENSG00000168913","ENHO",-0.13693476697015,-2.30919039135703,0.0211749210239077,0.0296069924830924
"ENSG00000186212","SOWAHB",-0.0813049389367413,-2.30767553550159,0.0212595106230546,0.0297169564202608
"ENSG00000244734","HBB",-0.120331970070166,-2.30736097166684,0.0212771128020784,0.0297332487452186
"ENSG00000271259","RP11-1109F11.5",0.167406644861294,2.30527301084317,0.0213942723497449,0.0298886174207109
"ENSG00000187908","DMBT1",-0.150280918267917,-2.30405473665036,0.0214628917491604,0.0299761057949167
"ENSG00000256262","USP30-AS1",-0.129388924172183,-2.30353308352526,0.0214923325576799,0.0300088418845014
"ENSG00000185008","ROBO2",0.20490963208071,2.29935266301151,0.0217295400032769,0.0303315745439377
"ENSG00000095203","EPB41L4B",-0.0770880378012257,-2.29873572237572,0.0217647393398162,0.030372229053609
"ENSG00000135480","KRT7",-0.104573820218571,-2.29803724432231,0.0218046507569996,0.0304194346498321
"ENSG00000105825","TFPI2",-0.169968257587571,-2.29723787625824,0.0218504053649381,0.0304747634099556
"ENSG00000147573","TRIM55",-0.162320255214355,-2.29617170305201,0.021911561737015,0.0305515361642708
"ENSG00000216866","RPS2P55",0.0677258370142023,2.2950226693823,0.021977638025833,0.0306351240951115
"ENSG00000137825","ITPKA",0.147189139461542,2.293674664706,0.0220553776492282,0.0307349186862155
"ENSG00000003989","SLC7A2",0.212161555617744,2.29142119302767,0.0221858708659577,0.0309081511088851
"ENSG00000162105","SHANK2",-0.0741342351397084,-2.29126679959942,0.0221948359960334,0.0309120278496287
"ENSG00000124507","PACSIN1",0.0993970464660353,2.28762819177619,0.0224070338662993,0.0311988775637696
"ENSG00000255277","ABCC6P2",0.176063624605988,2.28737879337357,0.0224216428780441,0.0312105273914867
"ENSG00000133477","FAM83F",-0.0616741303783199,-2.28469093019864,0.0225796170594231,0.0314216769543879
"ENSG00000167880","EVPL",0.0591202661665333,2.28425200449756,0.0226055059420704,0.0314489509489015
"ENSG00000181218","HIST3H2A",-0.196153945400563,-2.28345404125711,0.0226526379181239,0.0315057551017022
"ENSG00000131771","PPP1R1B",-0.157894483275169,-2.27534310338993,0.0231365881201552,0.0321698944940979
"ENSG00000223572","CKMT1A",0.108984428213811,2.273538731897,0.0232454633195755,0.0323093842553816
"ENSG00000099834","CDHR5",-0.131582728785835,-2.27346646891105,0.0232498329101726,0.0323093842553816
"ENSG00000101194","SLC17A9",-0.157519237759598,-2.27199202279684,0.023339145689446,0.0324244869261545
"ENSG00000261189","RP3-512B11.3",-0.0715543324882892,-2.27182713023652,0.0233491523809023,0.0324293783068087
"ENSG00000116133","DHCR24",0.106511504684395,2.27116141671736,0.0233895899062576,0.0324765202808353
"ENSG00000183742","MACC1",-0.0882629004058012,-2.26640432288843,0.0236803271152861,0.0328710815037286
"ENSG00000162366","PDZK1IP1",0.120194302234675,2.26496391248983,0.0237689773399696,0.0329849810435326
"ENSG00000184564","SLITRK6",0.175879450961909,2.26484160569456,0.0237765179932343,0.032986290223688
"ENSG00000181085","MAPK15",0.121873388297111,2.2626755291435,0.0239104092498195,0.0331628422327594
"ENSG00000130055","GDPD2",-0.168636801515693,-2.2619138471832,0.0239576463787294,0.0332191436199798
"ENSG00000121895","TMEM156",-0.122250978421616,-2.26159254727963,0.0239775966930918,0.0332375889840474
"ENSG00000225756","DBH-AS1",-0.143566121711542,-2.26059272669816,0.0240397704168632,0.0333145377173825
"ENSG00000148488","ST8SIA6",0.174659294989657,2.25883544536469,0.0241493861695872,0.0334571711964356
"ENSG00000255201","RP11-350N15.4",-0.160229416271999,-2.25647039606756,0.0242975984216051,0.0336531834094254
"ENSG00000109738","GLRB",0.125079253560846,2.2557014668821,0.0243459553071345,0.0337108215274641
"ENSG00000164089","ETNPPL",0.151793763710598,2.25463117198811,0.0244134037564061,0.0337948556982366
"ENSG00000133083","DCLK1",-0.123970846859158,-2.25402188487775,0.0244518725721997,0.0338387386828117
"ENSG00000184368","MAP7D2",-0.17327314845071,-2.25359348457427,0.024478952159445,0.0338668402870019
"ENSG00000273623","TP53TG1_1",0.171490194200544,2.25199625838874,0.0245801439351423,0.0339974328286892
"ENSG00000227627","RP1-101K10.6",-0.202142265139153,-2.25000719526141,0.024706667868651,0.0341629810130684
"ENSG00000086300","SNX10",-0.099631028508308,-2.24930901166399,0.0247512130078798,0.0342151133645007
"ENSG00000158402","CDC25C",-0.0733969285405158,-2.24828858738521,0.0248164429301505,0.0342958028332649
"ENSG00000100078","PLA2G3",0.200060484119267,2.2452876166045,0.0250091429939835,0.0345525600911626
"ENSG00000256751","PLBD1-AS1",-0.0977993604126856,-2.24420756519205,0.025078812797439,0.0346392441953578
"ENSG00000267421","AC005498.3",0.155289633128087,2.24405641749681,0.0250885761458756,0.0346431595496764
"ENSG00000203499","FAM83H-AS1",-0.0491082635544732,-2.24248806690316,0.0251900780877183,0.0347737135390921
"ENSG00000230596","GPAA1P2",-0.127432094333779,-2.24071127640866,0.0253055000839533,0.0349234061329745
"ENSG00000149124","GLYAT",-0.162021657078864,-2.2386527865317,0.0254397946197331,0.035099054387049
"ENSG00000257335","MGAM",-0.183401212633636,-2.23639931800233,0.0255875173350393,0.0352931273586749
"ENSG00000261888","AC144831.1",-0.138837298259676,-2.23547059160874,0.0256486145672207,0.0353676428119425
"ENSG00000158258","CLSTN2",0.178862643972786,2.2322389497291,0.0258621977951379,0.0356523267095919
"ENSG00000186715","MST1L",0.15463017467404,2.22834714451942,0.02612145553045,0.0359998008964306
"ENSG00000167306","MYO5B",-0.06155623453322,-2.22728673171371,0.0261924852934926,0.0360877449621005
"ENSG00000182575","NXPH3",0.141086358806052,2.22574173381424,0.0262962733819903,0.0362207622341465
"ENSG00000243479","MNX1-AS1",-0.174647195796566,-2.22456662651973,0.0263754515837888,0.0363198176587562
"ENSG00000242441","GTF2A1L",-0.182166895283431,-2.22156127354013,0.0265788903431253,0.0365898820802936
"ENSG00000157502","MUM1L1",-0.149806924082656,-2.22000506261671,0.0266847661731212,0.0367255245982951
"ENSG00000136872","ALDOB",-0.0998974453547649,-2.21847526353792,0.0267892005570811,0.036859109186958
"ENSG00000115705","TPO",-0.0876870963566442,-2.21186071194549,0.0272448338228895,0.0374756998939333
"ENSG00000095932","SMIM24",-0.106591116812136,-2.20861300018808,0.0274709892129183,0.0377763878065433
"ENSG00000133665","DYDC2",0.136447033047411,2.20688884281953,0.0275917093651348,0.0379300950705294
"ENSG00000127743","IL17B",-0.163304432473932,-2.20680007253859,0.0275979371733172,0.0379300950705294
"ENSG00000179023","KLHDC7A",0.174406822387228,2.20595252663573,0.0276574591713101,0.038001455305455
"ENSG00000099617","EFNA2",-0.16412464449185,-2.20528765963922,0.0277042294758043,0.0380552602689619
"ENSG00000069764","PLA2G10",0.140572517263023,2.20179983917329,0.0279507024121502,0.0383832771383551
"ENSG00000140067","FAM181A",-0.119483441368767,-2.20042859441637,0.0280481211592929,0.0385064815476289
"ENSG00000132702","HAPLN2",0.152926328190879,2.19904607620306,0.0281466374906473,0.0386311247469769
"ENSG00000053108","FSTL4",0.134980734670771,2.19886124667531,0.0281598307995099,0.0386386262342342
"ENSG00000170290","SLN",-0.124876355741748,-2.19457966486319,0.0284669520205209,0.0390493169005773
"ENSG00000106484","MEST",-0.119201289457483,-2.19421178455044,0.0284934747076407,0.0390701238333785
"ENSG00000196787","HIST1H2AG",-0.185319179110648,-2.19415253542108,0.0284977483240663,0.0390701238333785
"ENSG00000234648","AL162151.3",-0.229696376493974,-2.19331677084787,0.0285580906494688,0.0391421198594693
"ENSG00000124701","APOBEC2",-0.151150300174486,-2.19318553655802,0.0285675757923344,0.0391443899593511
"ENSG00000270640","RP11-373D23.2",-0.19399800145002,-2.19233959716081,0.0286287825095178,0.0392175102870106
"ENSG00000197177","ADGRA1",-0.0966308724205129,-2.19093842015959,0.0287304115431073,0.0393459484293444
"ENSG00000163083","INHBB",-0.11651764830057,-2.19032987454697,0.0287746469211291,0.0393957378438241
"ENSG00000282164","RP11-570L14.2",-0.115444158877575,-2.18976170871594,0.0288160000975536,0.0394404584405537
"ENSG00000229953","RP11-284F21.7",0.16600766296836,2.1896644094805,0.0288230870283566,0.0394404584405537
"ENSG00000104313","EYA1",-0.145552091767706,-2.18767099188576,0.0289686117362879,0.0396287438252912
"ENSG00000087494","PTHLH",-0.11969071284252,-2.18570817115372,0.0291125214322982,0.0398147174949373
"ENSG00000008394","MGST1",-0.122271821694115,-2.18391255463569,0.0292447115087939,0.0399845659130351
"ENSG00000016391","CHDH",0.0890575306852398,2.18014852946726,0.0295234922177329,0.0403546913856382
"ENSG00000188338","SLC38A3",-0.11268506717394,-2.1780314837312,0.0296812940730078,0.0405592977220659
"ENSG00000143502","SUSD4",0.116527073116476,2.17609854764992,0.0298260066600248,0.0407459107377388
"ENSG00000175591","P2RY2",-0.121380329182226,-2.17434016046817,0.0299581787853475,0.0409041335640909
"ENSG00000134215","VAV3",0.134325575668936,2.17434004578212,0.0299581874223402,0.0409041335640909
"ENSG00000196747","HIST1H2AI",-0.120727863318765,-2.17303927095091,0.0300562866506485,0.0410268723050075
"ENSG00000259038","CTD-2325P2.4",0.110133846610392,2.17135759674495,0.0301835216134499,0.0411893035118039
"ENSG00000226051","ZNF503-AS1",-0.140077213247721,-2.1708943704133,0.0302186505245886,0.0412259898016216
"ENSG00000164344","KLKB1",-0.119572421196105,-2.16839063828207,0.0304091316192703,0.0414745384878209
"ENSG00000100558","PLEK2",0.0560308737526026,2.15893720580627,0.0311376827949235,0.0424566168460915
"ENSG00000134824","FADS2",-0.199085459336926,-2.15611987112088,0.0313576893510626,0.0427449418634987
"ENSG00000160097","FNDC5",-0.101467334611916,-2.15498417192169,0.0314467535596665,0.0428546655214861
"ENSG00000163331","DAPL1",-0.144083504829085,-2.15409977972672,0.0315162601538239,0.0429376841332751
"ENSG00000105605","CACNG7",-0.0886854182107868,-2.15165684091634,0.0317089431672563,0.043188427086974
"ENSG00000235408","SNORA71B",-0.171041480199654,-2.15029556542767,0.0318167500787818,0.0433234614362497
"ENSG00000117983","MUC5B",-0.168857117593755,-2.14995338960528,0.0318438983299951,0.0433486228287437
"ENSG00000157992","KRTCAP3",0.11253445939379,2.14858988730251,0.0319522763783231,0.043484317335769
"ENSG00000235688","AC116614.1",-0.163550180622159,-2.1439791725404,0.0323211089952706,0.0439742979527491
"ENSG00000274419","TBC1D3D",0.183486816503523,2.14333089977305,0.0323732592633775,0.0440332688566071
"ENSG00000219438","FAM19A5",-0.110498587387762,-2.14263778686392,0.0324290965625809,0.0440972213252393
"ENSG00000229237","HMGN1P37",-0.0288095235947663,-2.14074162733343,0.0325822740371748,0.0442934666084485
"ENSG00000168329","CX3CR1",-0.143347013082366,-2.14043598695924,0.0326070225948022,0.0443133585483523
"ENSG00000170214","ADRA1B",-0.113103824994106,-2.14034205347669,0.0326146318915873,0.0443133585483523
"ENSG00000203685","C1orf95",-0.158405822127442,-2.13455168329086,0.0330866449687941,0.0449424680369384
"ENSG00000165816","VWA2",0.136413048136695,2.13429915446558,0.0331073629512115,0.0449577365071
"ENSG00000217801","RP11-465B22.3",0.0929429130294278,2.13419551808268,0.0331158687111298,0.0449577365071
"ENSG00000259318","RP11-454L9.2",-0.185532160917535,-2.13257378500809,0.033249213639932,0.0451265114548479
"ENSG00000015592","STMN4",-0.131187743747187,-2.1307775350262,0.0333974449916276,0.0453153934757498
"ENSG00000008196","TFAP2B",-0.193027787286145,-2.13061950794915,0.0334105128736231,0.0453208259273238
"ENSG00000104899","AMH",0.179608353378509,2.12953001572625,0.033500726595014,0.0454308741456659
"ENSG00000154914","USP43",-0.0653368908758621,-2.1292827683795,0.0335212285672536,0.0454463510944328
"ENSG00000173991","TCAP",-0.122676527449309,-2.12642504928036,0.0337589745825055,0.0457562680706229
"ENSG00000230415","RP5-902P8.10",0.17846147007744,2.1260687981072,0.0337887136799571,0.0457841648779906
"ENSG00000248587","GDNF-AS1",-0.153743184755884,-2.12561116796517,0.0338269486083543,0.0458235554163564
"ENSG00000167642","SPINT2",0.0510160050113662,2.12537270854501,0.0338468865397388,0.0458381453680103
"ENSG00000103485","QPRT",-0.146276297229292,-2.12518546464773,0.033862549322944,0.0458469392403791
"ENSG00000173557","C2orf70",-0.15119799848234,-2.12465539773231,0.0339069226108779,0.045894589348779
"ENSG00000227388","RP11-112J3.16",0.17101559211414,2.12361661522301,0.0339940262588654,0.0460000355329707
"ENSG00000114757","PEX5L",0.160046904085313,2.12284098439174,0.0340591890968255,0.046075742825792
"ENSG00000275688","CCL15-CCL14",-0.152167775435496,-2.12031898173638,0.034271809194602,0.0463508374284582
"ENSG00000173702","MUC13",-0.145803641418645,-2.11364981625039,0.034839543190046,0.0471059264332693
"ENSG00000111664","GNB3",-0.100397271363428,-2.11196026199794,0.0349846426639924,0.0472893250391895
"ENSG00000162444","RBP7",-0.113879038288191,-2.11152176441491,0.0350223853508782,0.0473275477714571
"ENSG00000253671","RP11-806O11.1",0.136027155379532,2.11055176541247,0.0351059995568326,0.0474277216385202
"ENSG00000108823","SGCA",-0.111536988430569,-2.10953478035033,0.035193847230675,0.0475302107980317
"ENSG00000175497","DPP10",-0.180116520807921,-2.10945352607507,0.0352008741170223,0.0475302107980317
"ENSG00000270871","AC015849.19",-0.140820894183394,-2.10488329556579,0.0355980445856206,0.0480535159093151
"ENSG00000233834","AC005083.1",0.0578470230376353,2.10407761592219,0.0356684568392701,0.0481355692837654
"ENSG00000141527","CARD14",-0.0980902649394438,-2.09952582032049,0.036068499796572,0.0486623040968321
"ENSG00000165188","RNF183",0.1671564173801,2.09439693823235,0.0365238465970814,0.0492633485258719
"ENSG00000125998","FAM83C",-0.107409641566907,-2.09142244994779,0.0367901656688939,0.0496091770076779
"ENSG00000165272","AQP3",0.134944564327484,2.08757283593544,0.0371372971382614,0.0500637599599102
"ENSG00000279561","RP11-4L24.4",-0.111254470084179,-2.08647350194952,0.0372369387731282,0.0501845536025986
"ENSG00000165238","WNK2",0.0852995033046178,2.08522379836507,0.0373504864524851,0.0503240183946175
"ENSG00000100170","SLC5A1",-0.140683023908393,-2.08492436944783,0.037377736272792,0.050347166315722
"ENSG00000136352","NKX2-1",-0.0867279651530522,-2.08257545614452,0.037592090064722,0.0506222597154889
"ENSG00000197705","KLHL14",-0.127186072035967,-2.07357644385869,0.0384230326612915,0.0517272922203709
"ENSG00000168754","FAM178B",-0.137382457216636,-2.07281735573761,0.0384938344928673,0.0518086601519075
"ENSG00000266079","SNORA59B",-0.187229194086337,-2.07058252412526,0.0387029274707507,0.0520760595677486
"ENSG00000181577","C6orf223",-0.143597762826182,-2.06822068397715,0.0389249534818397,0.0523607122435294
"ENSG00000185306","C12orf56",-0.172349860818798,-2.06525139530314,0.0392056200927275,0.0527240722064651
"ENSG00000262484","CCER2",0.175112702098627,2.06460237619942,0.0392671961908707,0.0527926810847953
"ENSG00000074370","ATP2A3",-0.140696320152587,-2.06240367121032,0.0394764114870769,0.0530596928589743
"ENSG00000260570","RP11-24N18.1",0.13226254009807,2.06002820449951,0.039703510918832,0.0533505924735716
"ENSG00000166819","PLIN1",-0.160850952880111,-2.0589288743781,0.0398089844799109,0.0534779479848347
"ENSG00000248485","PCP4L1",-0.141613712686297,-2.05825701930354,0.039873561785515,0.0535503112886315
"ENSG00000158023","WDR66",0.133471855008497,2.05742179594157,0.039953965840398,0.0536438853925859
"ENSG00000185681","MORN5",0.151219202510055,2.05665830374333,0.0400275850978042,0.0537283021447037
"ENSG00000148948","LRRC4C",-0.112913753561191,-2.05652608974732,0.0400403454525166,0.0537310057065441
"ENSG00000148735","PLEKHS1",-0.103378405651286,-2.05587989784255,0.0401027610471326,0.0538003233795715
"ENSG00000117399","CDC20",-0.0882589248661086,-2.0552903828098,0.0401597743273911,0.0538623582717156
"ENSG00000101197","BIRC7",-0.124640862076694,-2.05507492507895,0.0401806288912793,0.0538704167198509
"ENSG00000253304","TMEM200B",-0.112114194036401,-2.05500570411301,0.0401873308730088,0.0538704167198509
"ENSG00000214491","SEC14L6",-0.105662215595812,-2.05343596732644,0.0403395681489903,0.0540599948391723
"ENSG00000186193","SAPCD2",-0.0754877478712912,-2.05120428204753,0.0405568461279854,0.0543366105680405
"ENSG00000180178","FAR2P1",0.15709832554016,2.04926408937931,0.0407465511226388,0.0545761466952033
"ENSG00000259052","AL157871.2",0.173654783902532,2.04773331493138,0.0408967559191544,0.0547626619163825
"ENSG00000162896","PIGR",-0.134623510036012,-2.04711728064009,0.0409573358068578,0.054829097465673
"ENSG00000162931","TRIM17",-0.153142540830008,-2.046680050709,0.041000378545196,0.0548720269609154
"ENSG00000214796","RP11-480I12.5",-0.117364311785155,-2.04615260197095,0.0410523538900287,0.0549268850548953
"ENSG00000145113","MUC4",-0.12025157607219,-2.04112305747915,0.0415507855330017,0.0555788998568776
"ENSG00000184672","RALYL",-0.136839907642323,-2.04092449175361,0.0415705684203617,0.0555904899978092
"ENSG00000261600","RP11-575H3.1",-0.164561626917401,-2.04064752543658,0.0415981756166843,0.0556125342469041
"ENSG00000167037","SGSM1",-0.109248363325115,-2.03800294336671,0.0418625638754085,0.055951034316237
"ENSG00000175311","ANKS4B",-0.100163859073446,-2.034748596621,0.0421898666941807,0.0563734188858641
"ENSG00000019505","SYT13",0.160533811935785,2.0341035452914,0.0422549990314604,0.0564453633869361
"ENSG00000271824","AC009014.3",0.150670082225377,2.03241849968604,0.0424255442043526,0.056645742793786
"ENSG00000186198","SLC51B",-0.144987380254083,-2.03239761762295,0.0424276613525457,0.056645742793786
"ENSG00000126233","SLURP1",-0.169888860905367,-2.0320994189112,0.0424579042861025,0.0566709881021122
"ENSG00000237330","RNF223",0.0696389261854732,2.02945570675926,0.0427268258854003,0.0570147129508945
"ENSG00000105697","HAMP",-0.078325042442124,-2.02707461732416,0.042970266715797,0.0573242618940728
"ENSG00000100302","RASD2",-0.107688285461031,-2.02544375936608,0.0431376813001357,0.0575322503336033
"ENSG00000173267","SNCG",0.120790803341764,2.02386616600779,0.0433001531672668,0.0577335375563557
"ENSG00000259345","RP11-624L4.1",0.123514225132602,2.02239459795119,0.0434521724127306,0.0579121791111643
"ENSG00000226887","ERVMER34-1",-0.0922353804929605,-2.02228744841829,0.0434632590353509,0.0579121791111643
"ENSG00000106927","AMBP",0.119982911911017,2.02223311613242,0.0434688816408399,0.0579121791111643
"ENSG00000171517","LPAR3",-0.12382118137523,-2.02165775286747,0.043528461197454,0.0579761070823841
"ENSG00000170166","HOXD4",-0.103266298018128,-2.01437316004136,0.0442887846491099,0.0589730820893607
"ENSG00000233930","KRTAP5-AS1",-0.119141470052661,-2.01387608575924,0.0443410731022376,0.059026987622787
"ENSG00000229314","ORM1",0.166109236568442,2.01316761010939,0.0444156895750395,0.0591105796846413
"ENSG00000235033","RP11-61I13.3",-0.115105868367821,-2.01260477266668,0.0444750431000396,0.0591738199840868
"ENSG00000274444","RP11-128A17.2",-0.140595050447218,-2.00897045937295,0.0448599126653844,0.059670008865901
"ENSG00000148795","CYP17A1",0.127198962406246,2.00342856000501,0.0454522082595985,0.0604417663026576
"ENSG00000227544","AC018647.3",-0.113138634968393,-2.00317024044364,0.045479976697064,0.060462611934411
"ENSG00000083307","GRHL2",-0.0289831088604921,-1.99568465480488,0.0462908936714339,0.0615243137578867
"ENSG00000271959","CTD-3064M3.7",-0.111728005526481,-1.99501539620333,0.0463639850269937,0.0616050824169462
"ENSG00000269416","LINC01224",0.172423513047734,1.99345055229611,0.046535265360399,0.06181464344642
"ENSG00000075223","SEMA3C",-0.0996660894669695,-1.99334875089578,0.0465464265151542,0.06181464344642
"ENSG00000129437","KLK14",-0.191650845189355,-1.99285761684692,0.0466003044783278,0.0618697616547103
"ENSG00000099822","HCN2",-0.114646028708706,-1.98973912538033,0.0469436348503555,0.0623090454610506
"ENSG00000132329","RAMP1",0.120641920787124,1.98589371678206,0.0473699281102615,0.0628581848596889
"ENSG00000171916","LGALS9C",0.145456353428456,1.98397847865259,0.0475834607455389,0.0631247820980882
"ENSG00000157782","CABP1",-0.0748241825915746,-1.98330834181555,0.0476583664542061,0.0632073825652601
"ENSG00000150656","CNDP1",-0.123806496604932,-1.98308666466254,0.047683166649631,0.0632235039109401
"ENSG00000162063","CCNF",-0.0869996585110437,-1.978197625854,0.0482328983291601,0.0639354431722695
"ENSG00000073670","ADAM11",-0.105309898413887,-1.97631240342405,0.0484462960619433,0.0642012934825646
"ENSG00000276026","RP4-545L17.11",0.169443011489114,1.97469280030274,0.0486302608592898,0.0644280085576176
"ENSG00000164972","C9orf24",0.169724811029517,1.97370117658062,0.0487431855408111,0.0645605106500809
"ENSG00000235026","DPP10-AS1",-0.166143655483318,-1.97106282826178,0.0490447113529268,0.0649426792279221
"ENSG00000179388","EGR3",-0.148507113739858,-1.96903140755711,0.0492779411954676,0.0652342351012279
"ENSG00000196482","ESRRG",0.116110030212299,1.96839352958961,0.0493513687849881,0.0653141460891849
"ENSG00000122585","NPY",-0.115615528969839,-1.96420184141052,0.0498361746626229,0.0659154844279823
"ENSG00000115386","REG1A",-0.06375881499793,-1.96418518549355,0.0498381090184067,0.0659154844279823
"ENSG00000150687","PRSS23",-0.111559852607934,-1.96412336367345,0.0498452893244402,0.0659154844279823
"ENSG00000243069","ARHGEF26-AS1",-0.0820980879618981,-1.96362607604871,0.0499030784966559,0.0659744559712532
"ENSG00000106327","TFR2",0.127090112644947,1.95831326842673,0.0505239930798974,0.0667776805179717
"ENSG00000152931","PART1",-0.142558882863473,-1.95737450137472,0.0506343793788756,0.0669058924139477
"ENSG00000163364","LINC01116",0.0990035673506609,1.95626722455044,0.0507648402491753,0.067060555150826
"ENSG00000276085","CCL3L3",-0.119343551609614,-1.95579057139535,0.0508210869600465,0.0671171248812024
"ENSG00000099625","C19orf26",-0.0974058212701858,-1.95405041331417,0.0510268757287211,0.0673711060585174
"ENSG00000260418","RP3-406A7.7",0.0544015652238092,1.95331332207733,0.0511142536778244,0.0674686558577408
"ENSG00000168078","PBK",-0.0659154247177813,-1.95178886056352,0.0512953681310838,0.0676898497375084
"ENSG00000068078","FGFR3",0.127646090099927,1.94999731676069,0.0515089010315913,0.0679536952923368
"ENSG00000277075","HIST1H2AE",0.147376873636951,1.9474135448229,0.0518181712113884,0.0683421043808577
"ENSG00000100739","BDKRB1",-0.0787392961396861,-1.94730954705929,0.0518306519624425,0.0683421043808577
"ENSG00000135472","FAIM2",0.103975564959518,1.94605725129353,0.0519811376655105,0.0685224593534281
"ENSG00000178826","TMEM139",-0.136918995279395,-1.93832645059737,0.0529182596657002,0.0697394038820509
"ENSG00000170837","GPR27",0.103103117417323,1.93740844775241,0.0530304729573755,0.0698688708265817
"ENSG00000117154","IGSF21",0.117221806573002,1.93363743554809,0.0534935192373048,0.0704603783420769
"ENSG00000072858","SIDT1",0.149316823928867,1.93234092269077,0.0536534986892067,0.0706524870808621
"ENSG00000213225","AC018804.7",-0.213281484514993,-1.92743116031492,0.0542629562582873,0.0714209183897262
"ENSG00000275882","IKBKGP1",-0.178068434559945,-1.92740985251713,0.054265613792514,0.0714209183897262
"ENSG00000262528","LA16c-349E10.1",0.186174802559994,1.92621485525255,0.0544148295293517,0.0715984599070417
"ENSG00000159374","M1AP",0.142762730862273,1.92559435515747,0.054492444680203,0.0716817214946107
"ENSG00000205663","RP11-706O15.5",-0.165522264550514,-1.92169288140376,0.0549825822636726,0.0723074464277651
"ENSG00000183690","EFHC2",0.121094173037702,1.92103962213775,0.0550650092734597,0.072396804198606
"ENSG00000213937","CLDN9",-0.11120287867592,-1.92059489188008,0.0551211835139771,0.0724393065398651
"ENSG00000095970","TREM2",-0.0554565435716447,-1.92055430643341,0.0551263122768373,0.0724393065398651
"ENSG00000243015","RN7SL737P",-0.173072115498899,-1.92013093802385,0.05517983689886,0.0724905897252496
"ENSG00000267082","CTC-510F12.2",-0.172180612772077,-1.91704911001316,0.0555707681125757,0.0729849857007824
"ENSG00000264569","RP13-650J16.1",0.110074943229704,1.9147800082082,0.0558600800697507,0.0733456933688953
"ENSG00000111052","LIN7A",-0.181213931402309,-1.91390191893178,0.0559723738055939,0.0734738432732921
"ENSG00000174672","BRSK2",-0.138751504646582,-1.90594215221957,0.0569989193604924,0.0748017314442157
"ENSG00000228401","RP11-251M1.1",-0.142540932468182,-1.90560328166373,0.0570429683483616,0.0748398954977193
"ENSG00000136689","IL1RN",-0.0786161866476157,-1.90333230919593,0.0573388993815693,0.0752084199653323
"ENSG00000261488","RP11-757F18.5",0.104266962817497,1.90146677574808,0.0575829534245185,0.0755087246584297
"ENSG00000271723","MROH7-TTC4",-0.145112537871825,-1.90088922084743,0.0576586858521002,0.0755772114875164
"ENSG00000006747","SCIN",-0.100824428784333,-1.90083795329146,0.057665412364975,0.0755772114875164
"ENSG00000161082","CELF5",-0.129196979195361,-1.89988330683723,0.0577907853128965,0.0757216788690992
"ENSG00000237945","LINC00649",-0.152946093813426,-1.89635733579517,0.0582558171810566,0.0762918880600368
"ENSG00000123892","RAB38",0.111955756747732,1.89635228366176,0.0582564857226441,0.0762918880600368
"ENSG00000135842","FAM129A",-0.118945921915533,-1.89383919873581,0.0585898311363937,0.0767083413673654
"ENSG00000110723","EXPH5",-0.065782641944504,-1.89288818080358,0.058716391081422,0.0768539150280393
"ENSG00000105357","MYH14",-0.0822289912326398,-1.89077524275406,0.0589983915608668,0.0772028154421182
"ENSG00000183778","B3GALT5",-0.13159112599166,-1.8906280178176,0.0590180826449511,0.0772083760399675
"ENSG00000255986","MT1JP",-0.138933377519418,-1.88747007918597,0.059441769156963,0.077742308601835
"ENSG00000129990","SYT5",-0.146687563323969,-1.88619242427638,0.0596139033012332,0.0779470492955455
"ENSG00000173898","SPTBN2",-0.0963684991808802,-1.88298030380716,0.0600484921374378,0.0784922562386344
"ENSG00000106258","CYP3A5",-0.0762122817595981,-1.88287875257253,0.060062274473803,0.0784922562386344
"ENSG00000272789","RP11-286H15.1",-0.129110239188154,-1.87939308246613,0.0605369382327852,0.0790918973514309
"ENSG00000240891","PLCXD2",-0.147195722528494,-1.87820771063649,0.0606990651147844,0.0792830004111604
"ENSG00000021300","PLEKHB1",0.112178837457683,1.87769746019752,0.0607689644921436,0.0793535707654004
"ENSG00000070193","FGF10",0.134230383309178,1.87625444454492,0.0609670054326724,0.079591390904272
"ENSG00000137747","TMPRSS13",-0.0748852196316564,-1.86924462621204,0.061936675280008,0.0808361723832002
"ENSG00000144712","CAND2",-0.120657522876063,-1.86847905290825,0.0620433474247462,0.0809542633412659
"ENSG00000126778","SIX1",-0.108073694214689,-1.86630268322173,0.0623474268253505,0.0813298027985267
"ENSG00000229807","XIST",0.0614482621422,1.86197784877992,0.0629553526980404,0.0821013989280652
"ENSG00000126262","FFAR2",0.120273171136239,1.8616388385322,0.0630032128770716,0.0821423896702367
"ENSG00000130675","MNX1",-0.136217219061213,-1.85924418556966,0.063342139648572,0.0825627471957404
"ENSG00000124939","SCGB2A1",0.112564362082233,1.85579257300584,0.0638333174221963,0.0831812841050252
"ENSG00000267748","CTB-102L5.4",0.102523896303005,1.85364505262826,0.0641405051253809,0.0835598034463013
"ENSG00000184860","SDR42E1",-0.113926404764347,-1.85298245534696,0.0642355314794398,0.0836618018747588
"ENSG00000231793","DOC2GP",-0.203728419994863,-1.85250101785153,0.0643046498238387,0.0837300127914566
"ENSG00000172250","SERHL",0.142051403795576,1.85206750332323,0.0643669406462503,0.0837893005027991
"ENSG00000169783","LINGO1",-0.10467362238576,-1.84911597222264,0.0647923677269219,0.0843211448814705
"ENSG00000234753","FOXP4-AS1",-0.0790628663132814,-1.8482156248842,0.064922603454328,0.0844474844774296
"ENSG00000165105","RASEF",0.0642564233383048,1.8482113242219,0.0649232260662479,0.0844474844774296
"ENSG00000166863","TAC3",-0.136346415149939,-1.84409175227586,0.0655218916819356,0.0852040203926341
"ENSG00000178222","RNF212",-0.135784077978147,-1.84199136555897,0.065828875327326,0.0855809611639704
"ENSG00000134057","CCNB1",-0.0760894693230572,-1.84143439336824,0.0659104789451031,0.0856647763778309
"ENSG00000224543","SNRPGP15",-0.122593542709718,-1.83556940603293,0.0667748560010984,0.0867656652820925
"ENSG00000185290","NUPR1L",-0.112226935468326,-1.83220173704793,0.0672753921936402,0.0873933387810343
"ENSG00000076826","CAMSAP3",0.0413341166853064,1.83094978101112,0.0674622572471237,0.0876133211001606
"ENSG00000204241","RP11-713P17.3",0.137463638223298,1.83021757392623,0.0675717435076811,0.0877327233285914
"ENSG00000260911","RP11-196G11.2",0.169873764505783,1.82740626037059,0.0679934781370756,0.0882573703752279
"ENSG00000280653","AP002518.1",-0.162342916451066,-1.82632995289779,0.068155511631913,0.0884447334958642
"ENSG00000114646","CSPG5",-0.0781994901119716,-1.82538554350629,0.0682979503002293,0.0886065779712367
"ENSG00000119888","EPCAM",-0.0351105560787625,-1.8235241399085,0.068579410642056,0.0889486519352218
"ENSG00000204653","ASPDH",-0.137660873652176,-1.82234202881048,0.0687586514144775,0.0891580023527976
"ENSG00000168484","SFTPC",-0.0958569556462696,-1.81774130368596,0.0694599236181456,0.0900439766893254
"ENSG00000148702","HABP2",0.125884878618767,1.81681594685845,0.06960168080792,0.0902043556349404
"ENSG00000268942","CKS1BP3",-0.127289177514513,-1.81599979158667,0.0697269066134742,0.0903432322019619
"ENSG00000154556","SORBS2",-0.0964825999875217,-1.81559443701372,0.0697891705397552,0.0904004799737762
"ENSG00000005961","ITGA2B",-0.127323574623293,-1.81484029473253,0.0699051311787003,0.0905272354036523
"ENSG00000137558","PI15",-0.135072525184706,-1.81054371852877,0.070568820170635,0.0913505361430175
"ENSG00000011347","SYT7",0.0714144571533655,1.81048823624027,0.0705774242240953,0.0913505361430175
"ENSG00000238039","AF011889.2",0.142316050115542,1.80806559225425,0.0709539631519201,0.0917947122414606
"ENSG00000187017","ESPN",0.0883380080501582,1.80804408965208,0.0709573125626491,0.0917947122414606
"ENSG00000146151","HMGCLL1",-0.126134522525936,-1.80759532524829,0.0710272452022917,0.0918614138674233
"ENSG00000103056","SMPD3",0.126397472072668,1.80008890400195,0.072205414889157,0.0933610226133398
"ENSG00000238098","ABCA17P",0.0975895200183286,1.79920486076569,0.0723452190600343,0.0935176047828778
"ENSG00000172824","CES4A",0.121196268602529,1.79704340392052,0.0726879709316142,0.0939363801132259
"ENSG00000211643","IGLV5-52",-0.167688425146671,-1.79421605093969,0.0731383257887629,0.0944939609673939
"ENSG00000127564","PKMYT1",0.0847224932796721,1.79253662860792,0.0734069134584146,0.0948164730798432
"ENSG00000198535","C2CD4A",-0.153499352357567,-1.78839213585787,0.0740731958026665,0.0956523706129475
"ENSG00000139044","B4GALNT3",-0.10452743816035,-1.7874421036132,0.0742266217324016,0.0958257445551274
"ENSG00000221890","NPTXR",-0.105965203415888,-1.78563710849404,0.0745188370402093,0.0961781582862795
"ENSG00000113231","PDE8B",-0.106801028383603,-1.78407445006286,0.0747725796522268,0.0964807479383572
"ENSG00000188095","MESP2",0.105213013742293,1.78319763034557,0.0749152659602611,0.0966399199693771
"ENSG00000184524","CEND1",-0.0860529596191223,-1.78298070915362,0.0749506002532012,0.0966605626169734
"ENSG00000153233","PTPRR",-0.08768057364627,-1.77943110530329,0.0755307346826715,0.0973836187244346
"ENSG00000179292","TMEM151A",-0.131887747936354,-1.77838169014358,0.0757029487964769,0.0975804959995835
"ENSG00000184144","CNTN2",-0.105457802590118,-1.7740189721434,0.0764223363624758,0.0984823922196853
"ENSG00000273045","C2orf15",0.0709608269205926,1.772707490804,0.0766396807467855,0.0987370275016562
"ENSG00000081923","ATP8B1",0.0776487504933384,1.77134006829201,0.0768668333001547,0.099004164477273
"ENSG00000161798","AQP5",-0.145112202161184,-1.77002728542881,0.077085426225611,0.0992601419335707
"ENSG00000135127","CCDC64",0.072767735187353,1.7692158764348,0.0772207884298235,0.0993960823723574
"ENSG00000253174","RP11-360L9.7",0.115847452282731,1.76915617317862,0.0772307560033217,0.0993960823723574
"ENSG00000181790","ADGRB1",-0.100629575310657,-1.76340768008303,0.0781954078760394,0.100611693098352
"ENSG00000120055","C10orf95",0.0681615940082968,1.76010794643149,0.0787535591113306,0.101303780693762
"ENSG00000168702","LRP1B",-0.14394923988486,-1.75621813155644,0.0794156885396868,0.102129229089103
"ENSG00000069011","PITX1",-0.0872704951361496,-1.75384950681345,0.0798210954748229,0.102624190633611
"ENSG00000157613","CREB3L1",0.092757779450165,1.75289592593595,0.079984782646876,0.102808203916293
"ENSG00000170312","CDK1",-0.071247044936085,-1.75246422746445,0.0800589757654293,0.102877121261153
"ENSG00000167757","KLK11",-0.139799157803706,-1.7522288725768,0.0800994482212451,0.102902682709719
"ENSG00000214049","UCA1",-0.105188844804228,-1.751792565987,0.0801745210948383,0.102972670299047
"ENSG00000182795","C1orf116",-0.0914498067777817,-1.74545011159696,0.0812723135577728,0.104355821209261
"ENSG00000176920","FUT2",0.102352524786356,1.74385985282986,0.081549473632167,0.10468481852653
"ENSG00000189159","HN1",-0.0858728355702434,-1.74314839598459,0.081673719214753,0.104817401456305
"ENSG00000151224","MAT1A",-0.121989893146782,-1.74275257908011,0.0817429094567775,0.104879278235537
"ENSG00000146267","FAXC",-0.0495748923646071,-1.74004021355732,0.0822183234958262,0.105462190220403
"ENSG00000240240","RP11-146D12.2",-0.152567586067619,-1.7388536381224,0.0824270073705549,0.105702753745262
"ENSG00000141574","SECTM1",-0.104579686764114,-1.73827433067521,0.0825290467579268,0.10580647020247
"ENSG00000262943","ALOX12P2",-0.153161742160995,-1.73754579379512,0.0826575170601439,0.105944010587213
"ENSG00000066248","NGEF",-0.0815143110366568,-1.73584172290905,0.0829586473563896,0.106302725982047
"ENSG00000129946","SHC2",0.0861209377383449,1.73541906237462,0.083033474343825,0.106371348121733
"ENSG00000065320","NTN1",-0.0987609748151168,-1.73517776543892,0.0830762176371551,0.106398844309881
"ENSG00000280323","AC053503.12",-0.0612133091875867,-1.73499925720127,0.0831078500440023,0.1064120999283
"ENSG00000164440","TXLNB",0.0931063873369258,1.73278766054674,0.0835005656312489,0.106887564812147
"ENSG00000278134","RP11-12A20.4",-0.165746448076728,-1.73213329023164,0.0836170510855647,0.10698733297951
"ENSG00000226781","TBCAP1",0.0543018451339585,1.73210943850356,0.0836212994567847,0.10698733297951
"ENSG00000162522","KIAA1522",0.0546759333140933,1.72739862522142,0.0844638087355724,0.108037616699376
"ENSG00000157766","ACAN",-0.0853213413776305,-1.72347666329166,0.0851704724985907,0.108913647696407
"ENSG00000095917","TPSD1",-0.152591029072312,-1.72328666594224,0.0852048277050572,0.108929720921832
"ENSG00000055118","KCNH2",-0.110014208447796,-1.71874243131778,0.0860298635737689,0.109956369598375
"ENSG00000225489","RP11-390F4.3",0.0948929964883004,1.71669650320094,0.0864034203629789,0.110405597192664
"ENSG00000134668","SPOCD1",-0.0898273606821591,-1.7157183537858,0.0865824793902972,0.110603496819214
"ENSG00000187867","PALM3",0.0928953583686,1.71560888111345,0.0866025380094449,0.110603496819214
"ENSG00000238260","RP11-46F15.2",0.13420918343614,1.71527933754546,0.0866629427918468,0.110652378436985
"ENSG00000106018","VIPR2",0.140533571305286,1.71409402578683,0.0868804902373212,0.110901825679501
"ENSG00000184669","OR7E14P",0.0487889260605898,1.7138133623951,0.0869320667039095,0.110939339846745
"ENSG00000117650","NEK2",-0.0522006761210353,-1.71203133722803,0.0872601207934917,0.11132957488325
"ENSG00000144285","SCN1A",-0.12530894348699,-1.71074360656215,0.0874978022474109,0.111604339601289
"ENSG00000148584","A1CF",-0.0822396032845428,-1.70367641913958,0.0888115517169819,0.113251149855881
"ENSG00000111432","FZD10",-0.0789855966455139,-1.70327818276317,0.0888860529424459,0.113317252603832
"ENSG00000172551","MUCL1",-0.128425411621136,-1.6993039506532,0.0896323108951557,0.114239498974198
"ENSG00000159409","CELF3",0.117461608750632,1.6977704664394,0.0899216073465977,0.114579010380476
"ENSG00000236060","HSPB1P1",0.0453502373701234,1.6963932504771,0.0901820646457507,0.114881611013695
"ENSG00000204677","FAM153C",-0.123288282194182,-1.69576189862449,0.0903016682357163,0.115004671721493
"ENSG00000130700","GATA5",-0.158124632182326,-1.69540251856325,0.0903698064495902,0.115062142156341
"ENSG00000114631","PODXL2",-0.0910678135365121,-1.69488689458265,0.090467640782739,0.115157383888415
"ENSG00000230061","TRPM2-AS",-0.132154271445394,-1.69411548398313,0.0906141673599037,0.115314542326169
"ENSG00000162409","PRKAA2",-0.118458723271131,-1.69370943229058,0.0906913721650255,0.115383425146343
"ENSG00000111335","OAS2",-0.117347929262412,-1.69256453265419,0.09090934358374,0.115631319745281
"ENSG00000188385","JAKMIP3",0.112727235509009,1.69242622473036,0.0909357038505835,0.115635432159948
"ENSG00000204420","C6orf25",0.0874792525503585,1.69122783969541,0.0911643633476899,0.115896724316921
"ENSG00000175264","CHST1",0.0959925251681128,1.68963841562018,0.0914683497668722,0.116246717627629
"ENSG00000150625","GPM6A",-0.117599036011044,-1.6895453896196,0.0914861667729437,0.116246717627629
"ENSG00000224272","AC114730.3",0.136562233695349,1.68922782352642,0.0915470103598294,0.116275432260391
"ENSG00000254680","RP11-265D17.2",0.140740987598047,1.68918469841165,0.0915552753618318,0.116275432260391
"ENSG00000260401","RP11-800A3.4",-0.106906586230171,-1.68795821267065,0.0917905850689493,0.116544673779773
"ENSG00000170571","EMB",-0.101322479916812,-1.68597643747384,0.0921718308436797,0.116999023665498
"ENSG00000274225","KB-68A7.1",-0.107881496091997,-1.68569288344447,0.0922264838539013,0.117038685093783
"ENSG00000169181","GSG1L",-0.123018990249555,-1.68375460694778,0.0926007714434683,0.117483851108181
"ENSG00000100867","DHRS2",0.160289307183639,1.68111477332653,0.0931124961687244,0.118103115383973
"ENSG00000235957","COX7CP1",0.131324931503613,1.67860910067365,0.0936003149142132,0.118691751095883
"ENSG00000186529","CYP4F3",-0.13545167959391,-1.67582683679546,0.0941443861425074,0.119351402310481
"ENSG00000147576","ADHFE1",0.0921732848326884,1.67560139677985,0.0941885819189541,0.119377163395379
"ENSG00000249264","EEF1A1P9",-0.0413908663927221,-1.67519828046744,0.0942676513007751,0.11944709997564
"ENSG00000279392","AL158801.1",-0.0536607665872927,-1.66902853130786,0.0954844830105387,0.120958301254799
"ENSG00000242808","SOX2-OT",0.0866944633921218,1.66702423359998,0.0958824821811294,0.121431715021694
"ENSG00000204869","IGFL4",-0.10799456362018,-1.66478890467475,0.0963279258738616,0.121950561201628
"ENSG00000215784","FAM72D",-0.0898550772960988,-1.66472370500744,0.0963409433492861,0.121950561201628
"ENSG00000254894","NAV2-AS1",-0.139596705652965,-1.66198481361449,0.0968890531326071,0.122613329704641
"ENSG00000115468","EFHD1",0.0753931369457828,1.66001003694528,0.09728579532746,0.123084255221989
"ENSG00000277559","RP11-434E6.4",-0.0479735185928423,-1.65888801826972,0.097511793284195,0.12333897455628
"ENSG00000161055","SCGB3A1",0.138485768425475,1.65853681584776,0.097582619092372,0.123397343313571
"ENSG00000275966","RP11-1055B8.9",-0.167478256001991,-1.6572815246413,0.097836106191766,0.123686607069236
"ENSG00000141622","RNF165",-0.0944094625300505,-1.65638539624756,0.0980173880171707,0.123884464126859
"ENSG00000237949","LINC00844",-0.109872325726323,-1.6546138434613,0.0983765543305646,0.124306993088912
"ENSG00000228314","CYP4F29P",0.126293493855376,1.6541562796883,0.0984694921450694,0.124392991593064
"ENSG00000008735","MAPK8IP2",0.103736591318564,1.65263555512217,0.0987788780079746,0.12472551935578
"ENSG00000171401","KRT13",-0.115819094900563,-1.65261722799919,0.0987826113297781,0.12472551935578
"ENSG00000212952","RP11-475I24.9",-0.155106496674552,-1.6496731709292,0.0993837962262686,0.125452911166711
"ENSG00000183036","PCP4",-0.111907055238023,-1.64674360440567,0.0999849214657702,0.12617986050703
"ENSG00000054690","PLEKHH1",0.0685547643765962,1.64608512806483,0.100120434910835,0.126318994336154
"ENSG00000152661","GJA1",0.0932615698905759,1.64162528213913,0.101042130294235,0.127449710260135
"ENSG00000168878","SFTPB",-0.0871705855057611,-1.64043244373182,0.101289792980829,0.127729877655522
"ENSG00000124143","ARHGAP40",-0.137147206548535,-1.63818656701646,0.101757406714433,0.128287199589553
"ENSG00000105290","APLP1",-0.0888763522985343,-1.63735274779875,0.101931453774036,0.128470073558736
"ENSG00000116783","TNNI3K",0.122927443953457,1.63724553332556,0.101953850376213,0.128470073558736
"ENSG00000140832","MARVELD3",0.0367222736010166,1.6341635304857,0.102599345714458,0.129250876435447
"ENSG00000047617","ANO2",-0.104546590337004,-1.63361914648815,0.10271369933757,0.129362341734974
"ENSG00000237512","UNC5B-AS1",0.0855751546622628,1.63143163596807,0.103174233449028,0.129909636677195
"ENSG00000176387","HSD11B2",0.0614101400179725,1.63120206872243,0.103222659190189,0.129937889212222
"ENSG00000135519","KCNH3",-0.106165628385916,-1.6297244270778,0.103534791656742,0.130298001078205
"ENSG00000214940","NPIPA8",0.153828922665566,1.62894784087093,0.10369913636054,0.130471988375114
"ENSG00000267710","AC006116.20",-0.11137166603183,-1.62845941476127,0.103802605659037,0.130569315294386
"ENSG00000188175","HEPACAM2",0.133659905443247,1.62652752759431,0.104212666679578,0.131052146226834
"ENSG00000281453","TGFB2-OT1",-0.0907489350847906,-1.6263923922693,0.104241398579709,0.131055316293322
"ENSG00000227051","C14orf132",-0.0956331399822392,-1.62582034234227,0.104363095237511,0.131175333380481
"ENSG00000137460","FHDC1",-0.0681185540967127,-1.62443890303637,0.104657445756768,0.131512246490032
"ENSG00000159212","CLIC6",0.143743402273367,1.6240373823429,0.104743123629408,0.131586838730412
"ENSG00000166828","SCNN1G",-0.0935080387240316,-1.62319275840817,0.104923534506416,0.131780374913861
"ENSG00000166145","SPINT1",-0.0323728645475445,-1.62194626681772,0.10519023529188,0.132082163852185
"ENSG00000188064","WNT7B",-0.0558801607704083,-1.62113212645024,0.105364720495395,0.132268039788344
"ENSG00000178531","CTXN1",0.0579791486911118,1.62074570761403,0.10544761761211,0.132338877525238
"ENSG00000111110","PPM1H",0.0937880880160709,1.61701759478007,0.106250062327338,0.13331249978336
"ENSG00000133433","GSTT2B",0.0954930418275616,1.61682017749378,0.106292689578093,0.133332525812962
"ENSG00000225108","ZBTB45P1",-0.142653407363217,-1.61515171629245,0.106653494141946,0.133751560248239
"ENSG00000146216","TTBK1",-0.078127271703735,-1.61298497056479,0.107123503330444,0.134307301066254
"ENSG00000223969","AC002456.2",0.126669865865052,1.61110017396765,0.107533687874362,0.134787776227579
"ENSG00000271347","RP11-701H24.7",-0.136681710643935,-1.60947007767685,0.107889446489294,0.135199807630694
"ENSG00000177181","RIMKLA",-0.101132561843521,-1.60740397700753,0.108341701050949,0.135732524493797
"ENSG00000171885","AQP4",-0.0801850860905626,-1.6072163050968,0.108382855429211,0.135750069425365
"ENSG00000099957","P2RX6",-0.107663901592164,-1.60677885186527,0.108478832204644,0.13583625369978
"ENSG00000165863","C10orf82",0.168520801769419,1.60356073075573,0.109186956857746,0.136688729165931
"ENSG00000261349","RP3-465N24.5",-0.145692099735776,-1.60187033818688,0.109560379883574,0.137121877200968
"ENSG00000259120","SMIM6",-0.111202390867454,-1.60151032912727,0.109640039627775,0.13718723677149
"ENSG00000282031","TMBIM4",-0.150188245898906,-1.60091835838812,0.109771125582356,0.137316894648932
"ENSG00000131969","ABHD12B",0.145809683728092,1.59897384746811,0.110202591357962,0.137822150272588
"ENSG00000230937","MIR205HG",0.0724589989945619,1.59696728357116,0.110649232043522,0.138346126586049
"ENSG00000049089","COL9A2",-0.103429042585402,-1.59618184670097,0.110824451802712,0.13853056475339
"ENSG00000140488","CELF6",0.10084072713675,1.59350635049048,0.111422964464712,0.139243894607238
"ENSG00000100505","TRIM9",-0.0882343000111107,-1.59337358637161,0.111452730422333,0.139246289882975
"ENSG00000113763","UNC5A",0.105130372093821,1.59300858127262,0.111534597630788,0.139313761717197
"ENSG00000220563","PKMP3",-0.0761754155228547,-1.59107638609582,0.11196876296148,0.139821132569281
"ENSG00000170382","LRRN2",0.0964997021517307,1.5888502320079,0.112470635490696,0.140412778390382
"ENSG00000135502","SLC26A10",-0.0760817921708819,-1.58717152019743,0.112850264333557,0.140851553087316
"ENSG00000143228","NUF2",-0.0698478696279306,-1.58694013177236,0.112902670439046,0.140881794907719
"ENSG00000273541","DLEU1_2",0.11737737733965,1.58600607977223,0.113114414957369,0.141110797102506
"ENSG00000179348","GATA2",-0.128280792488712,-1.58341241892186,0.113704027752646,0.141810960030738
"ENSG00000197582","GPX1P1",-0.0915431639245852,-1.58063389983288,0.114338351398213,0.142566522940415
"ENSG00000248596","RP11-844P9.2",-0.124880653294579,-1.5803625093996,0.114400457920811,0.142608399302931
"ENSG00000282416","LLNLF-173C4.2",0.10467456371846,1.57752746599114,0.115050836638571,0.14338339561138
"ENSG00000166510","CCDC68",-0.116804275968883,-1.57599863493787,0.115402768417577,0.143786155516543
"ENSG00000170298","LGALS9B",0.13096594267622,1.57269306673575,0.116166597886473,0.144701791089278
"ENSG00000175063","UBE2C",-0.0574663315304952,-1.57216768241009,0.116288366032186,0.144817392319036
"ENSG00000273001","RP11-118K6.3",-0.147603904236121,-1.57061163325616,0.116649600495077,0.145231076313591
"ENSG00000120471","TP53AIP1",-0.0800104576074451,-1.56890106284699,0.117047725045254,0.145690471801412
"ENSG00000142748","FCN3",-0.0531973728645404,-1.56584420695552,0.117761849906414,0.146542869470401
"ENSG00000196620","UGT2B15",0.120899029238011,1.56423528256535,0.1181390907662,0.146975728746206
"ENSG00000144331","ZNF385B",0.114538079984074,1.56256171300711,0.118532495787875,0.147428477348103
"ENSG00000234690","AC073283.4",-0.0826795660127898,-1.56134367742526,0.118819465196505,0.147748651077474
"ENSG00000171433","GLOD5",0.0639694317045356,1.56080476601759,0.118946606804092,0.14786997365004
"ENSG00000111665","CDCA3",-0.0897913918612929,-1.557228769144,0.119792975060721,0.148885129332241
"ENSG00000164520","RAET1E",0.100596582307598,1.55420104335545,0.120513266299799,0.149743124129969
"ENSG00000164695","CHMP4C",-0.0420807388010923,-1.55167866764015,0.121115924964386,0.15045456517315
"ENSG00000229299","RP4-583P15.10",-0.129371884368678,-1.54954746036505,0.121626962428414,0.151032089812758
"ENSG00000169752","NRG4",-0.0831902079592957,-1.54948799727806,0.121641245135195,0.151032089812758
"ENSG00000134917","ADAMTS8",-0.0982974928120693,-1.54712113425153,0.122210820313469,0.151701614093184
"ENSG00000018625","ATP1A2",-0.0818769905781287,-1.54376515785667,0.123021998169968,0.152670635604329
"ENSG00000185303","SFTPA2",0.0899172666831377,1.54326469181428,0.123143326653982,0.152770023665177
"ENSG00000281134","AC239868.3",0.0628795718252371,1.54318278185439,0.123163193078866,0.152770023665177
"ENSG00000225383","SFTA1P",-0.0631184705205082,-1.53918295438027,0.124136364483272,0.153938944051677
"ENSG00000259288","PAK6",0.0750368596273636,1.53849795254281,0.124303628887735,0.15410814392231
"ENSG00000274276","CBS",-0.148187945396893,-1.53789126291197,0.124451917976315,0.154253740674659
"ENSG00000260027","HOXB7",-0.05426350533419,-1.53612128936684,0.124885330758327,0.154752578387022
"ENSG00000244357","RN7SL145P",-0.133173347949887,-1.52962631295186,0.126485860721021,0.156697052429412
"ENSG00000272512","RP11-54O7.17",-0.0991030527558056,-1.52925508849377,0.126577821165184,0.156772134214992
"ENSG00000203722","RAET1G",-0.0897215506516864,-1.52896857402713,0.126648832733709,0.156813966596637
"ENSG00000196302","RP11-497H16.5",0.103201518913642,1.52886576069861,0.126674322216764,0.156813966596637
"ENSG00000243696","RP5-966M1.6",0.0789715246641757,1.52696613796693,0.127145996925591,0.157358907086127
"ENSG00000272711","RP11-259N19.1",-0.0563153119474511,-1.52492259607434,0.127654934074982,0.157949683339498
"ENSG00000204681","GABBR1",-0.069076070569465,-1.52347068213361,0.128017491816204,0.158359094280312
"ENSG00000134184","GSTM1",0.167335728524356,1.52328577157678,0.12806372339412,0.158377100413208
"ENSG00000254706","RP11-565P22.6",-0.0849647979605525,-1.52284541457387,0.128173874386069,0.158474127579215
"ENSG00000237641","RP11-690I21.1",-0.119372091275769,-1.5219378318247,0.12840113007274,0.158715859175204
"ENSG00000112812","PRSS16",-0.0810769473425422,-1.52151943854227,0.128505999954701,0.158806228317723
"ENSG00000258515","RP11-203M5.7",-0.107750413292062,-1.51475438085318,0.130210927234992,0.160873396633298
"ENSG00000010282","HHATL",0.0980385336661356,1.50791717960528,0.131951851636181,0.162984006467615
"ENSG00000164708","PGAM2",0.111246859550425,1.50705872531252,0.132171706557129,0.163215246427673
"ENSG00000136542","GALNT5",-0.0774982900694316,-1.50691196112581,0.13220932212245,0.163221385336357
"ENSG00000139874","SSTR1",-0.0876992816072003,-1.50329633842744,0.133138629697135,0.164328103797994
"ENSG00000205307","SAP25",-0.132131174994184,-1.50281429273001,0.133262909515397,0.164440905127587
"ENSG00000101850","GPR143",0.0685028079268876,1.50101668827053,0.133727156672273,0.164973052889554
"ENSG00000122952","ZWINT",-0.0599799912860448,-1.49962590910615,0.134087196887225,0.165376414513104
"ENSG00000151012","SLC7A11",-0.0811491005689423,-1.49930359620292,0.134170743261847,0.165438647671821
"ENSG00000120875","DUSP4",0.110190696800058,1.4965140669511,0.134895499922747,0.166287400132471
"ENSG00000125780","TGM3",0.1085638557253,1.49639847903579,0.134925596467487,0.166287400132471
"ENSG00000183010","PYCR1",-0.0520554714562038,-1.49526286084691,0.135221562911458,0.166611092793812
"ENSG00000178233","TMEM151B",-0.0953316626130385,-1.49395172800641,0.135563896956149,0.166991742986141
"ENSG00000139352","ASCL1",0.155026726954303,1.49297724305519,0.135818767087939,0.16726449148761
"ENSG00000120658","ENOX1",-0.0723039470422842,-1.4924973896949,0.135944405712177,0.167377992750773
"ENSG00000121769","FABP3",-0.0618187312657817,-1.49173724874106,0.136143615208828,0.167581998041394
"ENSG00000151715","TMEM45B",0.0906808513736712,1.49041943355642,0.136489508790129,0.167966414952165
"ENSG00000254852","NPIPA2",-0.13188727723245,-1.49011127253649,0.136570491297429,0.168024718623806
"ENSG00000174939","ASPHD1",0.0845932017120316,1.48883879995726,0.136905281399412,0.168395180073077
"ENSG00000159167","STC1",0.0814486734282332,1.48864253267254,0.13695697613225,0.168417334151808
"ENSG00000259884","RP11-1100L3.8",0.14134750342632,1.48839760036944,0.137021509876006,0.168455261711343
"ENSG00000204323","SMIM5",-0.0820883007608103,-1.48623441252981,0.137592478263561,0.169115632084022
"ENSG00000204540","PSORS1C1",0.0700587597254773,1.48434598537157,0.138092425083842,0.169688406345345
"ENSG00000256977","LIMS3",-0.156932166894613,-1.48394779502766,0.138198021791907,0.169776439547797
"ENSG00000171817","ZNF540",0.0753892931215137,1.48256652705234,0.138564805576215,0.170185219327211
"ENSG00000079101","CLUL1",0.0660664028070979,1.48100567889913,0.138980178941324,0.17065346137196
"ENSG00000280216","RP3-333H23.9",-0.106121413091464,-1.48080920666372,0.139032532185714,0.170675831310721
"ENSG00000280874","AC239868.2",0.0596497167809957,1.47901751086976,0.139510661071943,0.171220742601795
"ENSG00000100253","MIOX",0.0876958518342905,1.47793590417261,0.139799909923501,0.171533631807977
"ENSG00000135253","KCP",-0.0680705242150344,-1.47684554370731,0.140091967474674,0.171849812898275
"ENSG00000274641","HIST1H2BO",-0.0883494135206529,-1.47642733922172,0.1402041099583,0.171945192492396
"ENSG00000135451","TROAP",-0.0604343062499001,-1.47510955835141,0.140557928356462,0.17233684202607
"ENSG00000143632","ACTA1",-0.0885732936375509,-1.47052116681008,0.141795260369147,0.173811302242151
"ENSG00000150627","WDR17",-0.115485488244339,-1.46700902385471,0.142748015583942,0.174936293607771
"ENSG00000176945","MUC20",0.109029524366643,1.4642090192586,0.14351110612037,0.175828358393004
"ENSG00000170381","SEMA3E",-0.0975082841609618,-1.46277960688069,0.143901873196475,0.1762639309119
"ENSG00000143816","WNT9A",-0.0720201572189713,-1.4620719330861,0.144095636483744,0.176458041248768
"ENSG00000135111","TBX3",0.0743020715153701,1.4617354406027,0.144187839434362,0.176527717231099
"ENSG00000177990","DPY19L2",-0.073797042728202,-1.45615361226754,0.145723944411334,0.178364681042025
"ENSG00000259479","SORD2P",0.0685193899071136,1.45584782830269,0.145808456600655,0.178424445179461
"ENSG00000170890","PLA2G1B",0.0951796093459007,1.45428574144459,0.146240770755497,0.178909677948981
"ENSG00000137648","TMPRSS4",-0.0833196668974824,-1.45195388506396,0.146887949178765,0.179657472087531
"ENSG00000110881","ASIC1",-0.0727103089836516,-1.45151787832053,0.147009200684157,0.17976180078767
"ENSG00000133636","NTS",-0.132183110382067,-1.44938041341088,0.147604729597962,0.180445879704109
"ENSG00000272440","RP11-379F4.6",0.1305095618181,1.44877085884099,0.147774898434053,0.180595584263962
"ENSG00000073150","PANX2",-0.0965002521090688,-1.44868304342543,0.147799426161626,0.180595584263962
"ENSG00000205363","C15orf59",0.0800937071198232,1.44659779950234,0.148382771823686,0.181264075035043
"ENSG00000141744","PNMT",-0.132739871409438,-1.44615084983478,0.148508034665619,0.181372782933095
"ENSG00000272734","ADIRF-AS1",0.0667700274516439,1.4450378063014,0.148820329645625,0.181709804207113
"ENSG00000233327","USP32P2",-0.0979407901685129,-1.44488444093163,0.148863399863404,0.181718017411382
"ENSG00000261829","RP11-223I10.1",-0.1023578939762,-1.44265753649049,0.149489865169742,0.182438204991142
"ENSG00000218416","PP14571",0.12902931888159,1.44065295857863,0.150055508024943,0.183083831167573
"ENSG00000117009","KMO",-0.0976060623113576,-1.43939602889115,0.150411016074974,0.183472817851883
"ENSG00000132872","SYT4",-0.0983095045224762,-1.43870346596448,0.150607174195727,0.183667285604546
"ENSG00000248101","AC002116.8",0.141669274431993,1.43737949013846,0.150982714238192,0.184080363616425
"ENSG00000225864","HCG4P11",-0.144911265778127,-1.43558872475582,0.151491793946332,0.184656014074027
"ENSG00000170561","IRX2",0.0627742528979494,1.4311489800019,0.152759575235186,0.18615595324785
"ENSG00000267707","RP11-95O2.5",0.0720506244739426,1.42873291769767,0.153452877906294,0.186955260607083
"ENSG00000138028","CGREF1",-0.0739479965114337,-1.42742604352925,0.15382889038442,0.187367710577857
"ENSG00000145824","CXCL14",0.0847341823930782,1.42170491475037,0.155483230639025,0.1893366179238
"ENSG00000152953","STK32B",0.126692844190534,1.42154515839859,0.15552961971727,0.18934699259468
"ENSG00000171714","ANO5",-0.117749314087204,-1.41454102715134,0.157573798312289,0.191788946339202
"ENSG00000182742","HOXB4",0.0782749487163688,1.41404246809287,0.15772007823624,0.191920270426187
"ENSG00000165794","SLC39A2",-0.0851210643079322,-1.4109785044153,0.158621325566907,0.192969982441492
"ENSG00000066468","FGFR2",0.0719465848478693,1.40880593091484,0.159262738272213,0.19370316014621
"ENSG00000224864","CTC-260E6.2",-0.137191160988279,-1.40720293117117,0.159737253633525,0.194233041869559
"ENSG00000069702","TGFBR3",0.114940792674608,1.40667814828597,0.159892830850729,0.194355597918195
"ENSG00000205106","DKFZp779M0652",-0.113607833405924,-1.40660075034154,0.159915785967091,0.194355597918195
"ENSG00000187094","CCK",-0.102078642961384,-1.40585233466907,0.160137884079772,0.194578230959626
"ENSG00000135406","PRPH",-0.0870037373228017,-1.40553887048122,0.160230976374157,0.194644043214477
"ENSG00000255398","HCAR3",-0.0567529015669849,-1.40246244315699,0.16114678672539,0.195708995294377
"ENSG00000196132","MYT1",0.108442098545599,1.40229116361316,0.161197890461512,0.195723519258757
"ENSG00000130720","FIBCD1",-0.107556977645347,-1.40164904716487,0.161389584379021,0.195908696745595
"ENSG00000105650","PDE4C",-0.064881252393345,-1.39949084583438,0.162035145962913,0.196644594615185
"ENSG00000266036","RP11-452I5.2",-0.101071373009832,-1.39883356620121,0.162232138915641,0.196809128986437
"ENSG00000007306","CEACAM7",0.0881535834712288,1.39877584905504,0.162249445936419,0.196809128986437
"ENSG00000166920","C15orf48",0.0565712000889833,1.39779626760004,0.162543395416745,0.19711786977534
"ENSG00000262372","RP11-669E14.6",-0.123878321962999,-1.39334599261441,0.163883888381711,0.198695305991405
"ENSG00000093134","VNN3",-0.12679805494723,-1.38556094243012,0.166248911456841,0.201513832068899
"ENSG00000174938","SEZ6L2",0.0784874977278238,1.38536797981854,0.166307856475509,0.201536423261644
"ENSG00000278023","RDM1",0.0540454610790852,1.3833845603565,0.166914652000667,0.202222742913336
"ENSG00000009765","IYD",-0.100297390897994,-1.38192494164653,0.167362262687882,0.202715918953345
"ENSG00000171017","LRRC8E",0.0300027168447774,1.37928500946314,0.168174125189218,0.203601235865761
"ENSG00000255690","TRIL",-0.0541271576757975,-1.37928340073571,0.168174620825119,0.203601235865761
"ENSG00000132026","RTBDN",0.110082837666222,1.37662440491981,0.168995338321677,0.204545313872763
"ENSG00000255513","AC005363.9",-0.123251867215738,-1.37563275298147,0.169302187991823,0.204867120028828
"ENSG00000213199","ASIC3",0.0888773414678591,1.37502100355263,0.169491692018781,0.205046808636319
"ENSG00000164611","PTTG1",-0.0593878044020643,-1.37313500000748,0.170076929657781,0.205705043127456
"ENSG00000240253","FAR2P3",0.116317596813593,1.37251630569741,0.170269244159148,0.205887840579381
"ENSG00000196542","SPTSSB",-0.0913464539557256,-1.3713200399319,0.170641553476549,0.206288144918459
"ENSG00000112379","ARFGEF3",0.0547958693083101,1.36848042892479,0.171527760868386,0.207309355654322
"ENSG00000240247","DEFA1B",-0.050530808869022,-1.3646435233236,0.172730688008486,0.208712769464096
"ENSG00000108309","RUNDC3A",0.0895602756493174,1.36359303551982,0.173061130992219,0.209061525721454
"ENSG00000261373","VPS9D1-AS1",0.116416891959763,1.36240956537146,0.173433971951965,0.209461318782567
"ENSG00000205002","AARD",-0.0816079640112219,-1.36037673869857,0.17407579765762,0.21016628424
"ENSG00000165973","NELL1",-0.12565417880752,-1.36029465947082,0.174101749864416,0.21016628424
"ENSG00000272279","RP11-157J24.2",0.10853626955474,1.35965175795588,0.174305125721593,0.2103610013536
"ENSG00000226007","RP11-211N8.2",-0.125036457579752,-1.35862520185415,0.174630235485386,0.210702504205341
"ENSG00000265933","LINC00668",-0.107016917834701,-1.35778108593476,0.174897906140556,0.210974555054952
"ENSG00000134443","GRP",-0.0735334931208352,-1.35640105704505,0.175336176307249,0.211452214552881
"ENSG00000125618","PAX8",-0.0686419395975356,-1.35575679435338,0.17554106236612,0.211648254601061
"ENSG00000237289","CKMT1B",0.0699321123899086,1.35528988990805,0.175689657382045,0.211776346892532
"ENSG00000151365","THRSP",0.0829187627289139,1.35459337239093,0.175911502726143,0.211992652116344
"ENSG00000102854","MSLN",-0.0941823245726569,-1.35395304141257,0.176115636859769,0.212187514288878
"ENSG00000175121","WFDC5",-0.0876308660852011,-1.35354689603685,0.176245205531395,0.212292466311003
"ENSG00000127561","SYNGR3",-0.0763034826943372,-1.3525613741165,0.176559903097098,0.212620307197855
"ENSG00000273445","RP11-1399P15.1",0.0656302892950087,1.35126296397964,0.176975152585054,0.213054068596011
"ENSG00000225329","LHFPL3-AS2",-0.0936750814232843,-1.35116872397088,0.177005320189566,0.213054068596011
"ENSG00000280178","AP000349.2",-0.112456271030963,-1.34922808581018,0.177627400393225,0.213727796547642
"ENSG00000258232","RP11-161H23.5",0.0612277868175188,1.34915598350279,0.1776505444904,0.213727796547642
"ENSG00000140287","HDC",-0.0870357414508769,-1.34472929732099,0.179075777106702,0.215390638810082
"ENSG00000158246","FAM46B",0.0676923496411318,1.3395432788946,0.180756302329025,0.217359670910323
"ENSG00000236699","ARHGEF38",0.0586803699315474,1.33732449841828,0.181478869194415,0.218176087033439
"ENSG00000156885","COX6A2",0.105056593960939,1.33409625785994,0.182534008227987,0.219391836812484
"ENSG00000164764","SBSPON",0.120347579340907,1.33359580110952,0.182697987872802,0.219536154617642
"ENSG00000260197","RP11-424G14.1",0.0255469816996203,1.33279172025001,0.182961682041133,0.219800194667387
"ENSG00000214870","AC004540.5",0.065602087404133,1.33125016844394,0.183468016033511,0.220317754956454
"ENSG00000197261","C6orf141",0.0843919131536771,1.33121181628032,0.183480626327735,0.220317754956454
"ENSG00000163545","NUAK2",0.0598506021891434,1.33045720932486,0.183728873974829,0.220562873919363
"ENSG00000150556","LYPD6B",0.0599820590743138,1.32671715017142,0.184962943458679,0.22199105071853
"ENSG00000166840","GLYATL1",0.0788487002845658,1.32658138613948,0.18500785541972,0.22199166717029
"ENSG00000234906","APOC2",-0.0494194589909806,-1.32451305196669,0.185693078801701,0.222760411230448
"ENSG00000149527","PLCH2",-0.0752347655268586,-1.32391036448064,0.185893097839546,0.222906843840088
"ENSG00000169509","CRCT1",-0.0617219506804363,-1.32387660150984,0.185904307762633,0.222906843840088
"ENSG00000232229","LINC00865",-0.0886762235311179,-1.32152147704698,0.186687488059524,0.223792241740019
"ENSG00000166391","MOGAT2",-0.0778710542883248,-1.32069349324833,0.1869634076612,0.224069280514382
"ENSG00000188761","BCL2L15",0.0783671423105345,1.3201378861564,0.18714872879705,0.224237633353762
"ENSG00000273291","RP11-136C24.3",-0.081718813460152,-1.3185971354548,0.187663352616379,0.224800374480569
"ENSG00000145247","OCIAD2",0.0375698293525291,1.31780676041041,0.187927750323294,0.225063174039872
"ENSG00000269227","RP11-345P4.6",-0.0963195628917993,-1.31677172947151,0.188274407085279,0.225424337985248
"ENSG00000176697","BDNF",-0.103152893620181,-1.31555900178869,0.188681179756879,0.225857289629972
"ENSG00000267815","CTB-191K22.5",0.0564525663150053,1.31408484435697,0.189176514978087,0.226396020797136
"ENSG00000100095","SEZ6L",0.10008160045468,1.31240970147573,0.189740548674165,0.22701668900953
"ENSG00000273338","RP11-386I14.4",-0.117072095630456,-1.31071633028058,0.190311980618627,0.227645909830894
"ENSG00000166473","PKD1L2",-0.0745255810439747,-1.31047454404221,0.190393675407002,0.227689159778764
"ENSG00000096088","PGC",0.0888170894936943,1.3058581633844,0.1919584248389,0.229505529458274
"ENSG00000230953","RP4-631H13.6",-0.121033619843433,-1.30533764944805,0.192135448709205,0.229662262382506
"ENSG00000262539","RP11-259G18.3",0.113578785426386,1.30045746990567,0.193801022369577,0.23158925558075
"ENSG00000276771","HOTAIRM1_2",-0.10626310909014,-1.30034303024116,0.193840206921088,0.23158925558075
"ENSG00000175229","GAL3ST3",-0.0596768621660549,-1.29995977718387,0.193971476575806,0.231690726918067
"ENSG00000139055","ERP27",-0.0781877623845925,-1.29946307077314,0.194141702879773,0.231838670742504
"ENSG00000279377","AC003973.3",-0.0882402450686419,-1.29837654900642,0.194514447752483,0.2321985332014
"ENSG00000275894","RP3-453C12.14",-0.0729776049775131,-1.29831397337038,0.194535931116133,0.2321985332014
"ENSG00000130038","CRACR2A",0.0902015542161798,1.2979348320721,0.194666134575743,0.232298489947187
"ENSG00000262223","RP11-1055B8.3",-0.0919058272635236,-1.29621878144681,0.195256256085538,0.232947096260484
"ENSG00000172818","OVOL1",0.0355465249959964,1.29583218664933,0.195389380841476,0.233050311118172
"ENSG00000109758","HGFAC",0.102873871576908,1.29537950548862,0.195545347298937,0.233180714642185
"ENSG00000221947","XKR9",-0.0989477956503629,-1.29351378096287,0.196189127750632,0.23389261772846
"ENSG00000180071","ANKRD18A",-0.110168281791228,-1.2924985814198,0.196540081862911,0.234255163126235
"ENSG00000171533","MAP6",-0.0561602223769186,-1.29222091615244,0.196636150822942,0.234313811752791
"ENSG00000168772","CXXC4",-0.0725190525596447,-1.29171980413336,0.196809616955533,0.234464637783575
"ENSG00000137203","TFAP2A",0.0314649311662441,1.29075594638017,0.197143583821655,0.234806555290204
"ENSG00000185736","ADARB2",-0.100723927395859,-1.28970543599265,0.197508048065853,0.235184624989108
"ENSG00000265263","RP11-135L13.4",0.121070931910995,1.28944885599395,0.19759714098505,0.235233512756315
"ENSG00000267633","CTB-5E10.3",0.120169184648462,1.28919535430376,0.197685193945167,0.235233512756315
"ENSG00000167741","GGT6",-0.0516909274195138,-1.28918081751875,0.197690244120407,0.235233512756315
"ENSG00000069535","MAOB",-0.0906483710100764,-1.28782924107925,0.198160203961556,0.235736621415127
"ENSG00000230804","C2orf27AP3",0.116070440158871,1.28701796523614,0.198442687467327,0.236016516968752
"ENSG00000254389","RHPN1-AS1",-0.0537421751697031,-1.2856698862224,0.198912736169818,0.236519305790509
"ENSG00000100625","SIX4",-0.0508959584936053,-1.28161524484916,0.200331422874332,0.238149575456886
"ENSG00000225071","GS1-184P14.2",0.0853600567250657,1.27716101393766,0.201898436724336,0.239955356220985
"ENSG00000232815","DUX4L50",-0.100355071501335,-1.27565757730541,0.202429366392278,0.240529190104893
"ENSG00000073350","LLGL2",0.0460789938591132,1.27287829576437,0.203413535270776,0.241641168057468
"ENSG00000265531","FCGR1C",-0.0587716160969016,-1.26839615883044,0.205008045334795,0.243477488521134
"ENSG00000241484","ARHGAP8",0.0337866592593977,1.26598805399771,0.205868473350071,0.244441312455558
"ENSG00000118160","SLC8A2",-0.0939976983581124,-1.26418847590319,0.206513185491278,0.245148605758877
"ENSG00000163630","SYNPR",-0.060646135941346,-1.2632599680788,0.206846404055902,0.24548588186079
"ENSG00000255545","RP11-627G23.1",-0.0956870310385582,-1.26219837542669,0.207227862329103,0.245880235321669
"ENSG00000169071","ROR2",-0.0525954518420974,-1.26059065505794,0.207806531949136,0.246508341576673
"ENSG00000118514","ALDH8A1",-0.0697842904694051,-1.25982426378894,0.208082793358499,0.246777506354956
"ENSG00000036530","CYP46A1",-0.0529324328809335,-1.25672061018166,0.209204296527576,0.248048727208413
"ENSG00000125731","SH2D3A",-0.033503977414309,-1.25587836218359,0.209509397579252,0.248351585560991
"ENSG00000197822","OCLN",-0.0533981043653969,-1.25461490674265,0.209967684499084,0.248835843208206
"ENSG00000197561","ELANE",0.0924258523857818,1.25418592168819,0.21012345331654,0.248961437578839
"ENSG00000067715","SYT1",0.101371428272076,1.25225254942776,0.210826520168138,0.249735276200116
"ENSG00000077009","NMRK2",-0.0669751857392133,-1.25032133835746,0.211530501335899,0.250509831046778
"ENSG00000163689","C3orf67",0.0533177185283822,1.24922792289548,0.21192983623741,0.250923320195844
"ENSG00000263970","RP11-789C17.5",0.105417192262966,1.24442819962775,0.213689237263793,0.252946540321725
"ENSG00000269911","RP1-172N19.5",0.0714957325205527,1.24319100971859,0.214144451895702,0.253425386858819
"ENSG00000178162","FAR2P2",0.096152362356633,1.24305217629471,0.21419557829047,0.253425909004342
"ENSG00000255085","AF186192.5",0.0792589764460165,1.24175630045538,0.214673219146196,0.253930942921926
"ENSG00000106688","SLC1A1",0.100886353013724,1.24087942813954,0.214996857486264,0.254253615759536
"ENSG00000278978","RP11-164P12.5",0.0369321520969016,1.23951652357514,0.215500580893588,0.254789052841793
"ENSG00000247627","MTND4P12",0.117198460758342,1.23926452610981,0.21559381124567,0.254839020384952
"ENSG00000160181","TFF2",0.100974691095055,1.23846300080518,0.215890541404751,0.255129450962835
"ENSG00000128285","MCHR1",0.0738811855352997,1.23731579666023,0.216315756688383,0.255571546181927
"ENSG00000164647","STEAP1",-0.0492070631275413,-1.23348407653485,0.217740374058997,0.257193921638314
"ENSG00000266970","RP11-806H10.4",-0.0656616294959852,-1.23016247617221,0.218980788482897,0.258598002459727
"ENSG00000204950","LRRC10B",0.076191135812703,1.22571171224409,0.22065083485147,0.260477810988964
"ENSG00000170835","CEL",-0.0792080276231596,-1.22564270125161,0.22067680146985,0.260477810988964
"ENSG00000144045","DQX1",0.0761114716095916,1.22514732184593,0.220863261254831,0.260636371553966
"ENSG00000168004","HRASLS5",0.0928561286841499,1.22434502391001,0.221165484533914,0.260931435268893
"ENSG00000176092","AIM1L",-0.0442338868965482,-1.22328694961346,0.221564511909953,0.261340542474584
"ENSG00000165084","C8orf34",-0.0738969878139268,-1.22079649099948,0.222505767742447,0.262388877054772
"ENSG00000119938","PPP1R3C",0.0774911486102809,1.21762447629109,0.223708762052189,0.263745298340237
"ENSG00000126562","WNK4",0.111042092008097,1.21441221467519,0.224931761706442,0.265124660191469
"ENSG00000172782","FADS6",-0.0879388413771748,-1.21371767517015,0.22519682066775,0.265374523530226
"ENSG00000087258","GNAO1",-0.0737228589098272,-1.21275751509571,0.22556361703133,0.265744129396006
"ENSG00000241670","RPL23AP21",-0.113806006027326,-1.21063724376758,0.226375107501889,0.26660054375994
"ENSG00000184911","DMRTC1B",0.0835305690099094,1.21057964386744,0.226397181760941,0.26660054375994
"ENSG00000249007","RP11-510N19.5",0.0479787984831172,1.20958873498183,0.226777172975463,0.266985134183498
"ENSG00000010379","SLC6A13",-0.0876531417826539,-1.20850324527088,0.227193956573365,0.267412849074111
"ENSG00000066032","CTNNA2",-0.0828596106546445,-1.20817012185754,0.227321971964608,0.267500555383158
"ENSG00000183840","GPR39",0.0574505926014058,1.20458301184258,0.228703720639622,0.269063200752496
"ENSG00000226644","RP11-128M1.1",0.085583203067274,1.20382580947684,0.228996157845655,0.269343869496183
"ENSG00000115041","KCNIP3",-0.0511950694106723,-1.19896278141803,0.230880651863113,0.271496533235082
"ENSG00000138798","EGF",0.0717749372283579,1.19730087127448,0.231527190346856,0.272180881235195
"ENSG00000216921","AC131097.4",0.0948488306285197,1.19718711149344,0.231571493754904,0.272180881235195
"ENSG00000175567","UCP2",0.0594509846108592,1.19546103987352,0.232244447338284,0.272907693699511
"ENSG00000279624","RP5-1042K10.14",-0.119956589511789,-1.19487800474026,0.232472072498014,0.273110987427178
"ENSG00000183317","EPHA10",0.0506144163293631,1.19436158780134,0.232673821383327,0.273283793027163
"ENSG00000113805","CNTN3",-0.0638478565936208,-1.19321801066026,0.233121026112193,0.273744746491537
"ENSG00000223839","FAM95B1",-0.0893940637804622,-1.19216045519468,0.233535134587753,0.274107095008419
"ENSG00000166407","LMO1",-0.0970464118323746,-1.19214996478543,0.233539244947173,0.274107095008419
"ENSG00000230798","FOXD3-AS1",-0.0863870816980073,-1.19200870782334,0.233594597351865,0.274107718084799
"ENSG00000198576","ARC",0.0928140246402314,1.19158813628985,0.233759456043674,0.274236809061091
"ENSG00000146215","CRIP3",0.0913732479874105,1.1886767549599,0.234902946106156,0.275513659519301
"ENSG00000132563","REEP2",0.0644760943301862,1.18761644922323,0.235320381639824,0.275906310826036
"ENSG00000118520","ARG1",-0.083755775721529,-1.18754613334308,0.235348083134608,0.275906310826036
"ENSG00000261123","RP11-304L19.3",-0.0956933897212734,-1.18736428876778,0.235419732958824,0.275925612938143
"ENSG00000227827","RP11-958N24.2",-0.102060628618222,-1.18559967066479,0.236115825505164,0.27667661765311
"ENSG00000074211","PPP2R2C",-0.0932219984670141,-1.18407438434128,0.236718682413917,0.277318044065039
"ENSG00000128564","VGF",-0.0757050413002915,-1.18162634698543,0.237688526365324,0.278388997851165
"ENSG00000279208","bP-21264C1.1",-0.0980694110049938,-1.17881855182907,0.238804353952566,0.279593762983097
"ENSG00000119698","PPP4R4",0.117540124847202,1.17871860465229,0.238844141442844,0.279593762983097
"ENSG00000205362","MT1A",0.0883871513564445,1.17861620247298,0.238884911092758,0.279593762983097
"ENSG00000137709","POU2F3",-0.0367357281209574,-1.17645496493374,0.239746517933937,0.280536529293163
"ENSG00000161249","DMKN",0.0584790047759021,1.17418663819678,0.240653175526208,0.28153155770497
"ENSG00000164627","KIF6",0.0668500526520754,1.16811651405996,0.243091316829391,0.284317329625018
"ENSG00000011332","DPF1",-0.0530791267065818,-1.16718862300859,0.243465543114295,0.284688427402122
"ENSG00000012124","CD22",0.0666124707836649,1.16556993343075,0.244119344664521,0.285386187356232
"ENSG00000271200","RP11-430G17.3",0.108053610440347,1.16423355730572,0.244660047606256,0.28595143478992
"ENSG00000276107","CTD-2033D15.2",0.0571910398707907,1.16286317081379,0.245215385228656,0.286533518612591
"ENSG00000161133","USP41",-0.0693736369869547,-1.16213817727811,0.245509540824285,0.286810211243324
"ENSG00000161281","COX7A1",-0.0541853750382248,-1.16194302655984,0.245588762726046,0.286835742497134
"ENSG00000108018","SORCS1",0.107473539242093,1.15562366728027,0.248163834021084,0.289775611888234
"ENSG00000112186","CAP2",0.0491528727369546,1.15461449679344,0.248576806304014,0.290190061060021
"ENSG00000175161","CADM2",0.0697584676157194,1.15399894215315,0.248828939596764,0.290416596168025
"ENSG00000147256","ARHGAP36",-0.102159100209596,-1.15337318654738,0.249085434812376,0.290648115300322
"ENSG00000171798","KNDC1",-0.111484609563704,-1.14998649706982,0.250476840884523,0.292174482129128
"ENSG00000099725","PRKY",-0.0446899815261476,-1.1499049744082,0.250510400977514,0.292174482129128
"ENSG00000243896","OR2A7",-0.0570230237591086,-1.14615507202034,0.252057508238782,0.293910340763505
"ENSG00000008323","PLEKHG6",-0.0377484080359448,-1.14562789124109,0.252275542527419,0.294095992687594
"ENSG00000106789","CORO2A",-0.0528067130136239,-1.14447821310943,0.252751489366291,0.294582155438568
"ENSG00000100526","CDKN3",-0.0523428068353354,-1.14031987773883,0.254478200050583,0.29652551858609
"ENSG00000173227","SYT12",-0.055720302144802,-1.13679368183484,0.255948848528608,0.298169674427549
"ENSG00000131094","C1QL1",-0.0622629237904046,-1.13639091553593,0.256117203403563,0.298296300260381
"ENSG00000109182","CWH43",-0.0841069257271574,-1.13306321354605,0.25751111969054,0.299849929774732
"ENSG00000275155","CTD-2595P9.4",-0.0966376577453182,-1.1316097082325,0.258121619181394,0.300490825589516
"ENSG00000206172","HBA1",-0.0833020046566689,-1.13131737318813,0.258244526718831,0.30056392774538
"ENSG00000174950","CD164L2",-0.0597969297260111,-1.12478433174013,0.261001846511422,0.303702404597884
"ENSG00000277224","HIST1H2BF",-0.0822081976655659,-1.12214857963579,0.26212003947745,0.304932572682003
"ENSG00000165868","HSPA12A",-0.0413751632616444,-1.11881845997298,0.263537546086941,0.30651028854029
"ENSG00000279700","RP13-554M15.2",-0.0700301754511101,-1.11835946268134,0.263733338652851,0.306666672852152
"ENSG00000215808","LINC01139",-0.0808225440811204,-1.11623187355373,0.264642208269302,0.307651951022206
"ENSG00000235734","HMGN1P36",-0.0235671458102119,-1.1153455907996,0.265021450432879,0.307957221362435
"ENSG00000248663","LINC00992",0.107852303224877,1.11533032798803,0.265027984704511,0.307957221362435
"ENSG00000183150","GPR19",-0.0540952455747922,-1.11205170017623,0.266434199764625,0.309519284113179
"ENSG00000105419","MEIS3",0.0521791009154101,1.11174713844877,0.266565087967416,0.309599405304781
"ENSG00000188112","C6orf132",0.0244545159763447,1.11076334326087,0.266988185766654,0.310018794434108
"ENSG00000157150","TIMP4",-0.0785372693987391,-1.11034001349706,0.2671703882194,0.310158333201068
"ENSG00000139219","COL2A1",-0.0982728516037748,-1.10577982755874,0.269138538086688,0.312370633805348
"ENSG00000272921","RP11-500M8.7",-0.0771050641319011,-1.10537426158699,0.269314059537342,0.312501809627921
"ENSG00000006555","TTC22",0.0600776413977826,1.10452230754141,0.269683025745852,0.312857338452265
"ENSG00000052344","PRSS8",0.0240705725909294,1.10250137952008,0.270559642898934,0.313801487936598
"ENSG00000171766","GATM",0.0595118922913722,1.10234355601642,0.270628184220392,0.313808191350177
"ENSG00000128833","MYO5C",0.0500984981397418,1.09989231814266,0.27169426551668,0.31497132566274
"ENSG00000282413","RP11-359E7.3",-0.0978558124578934,-1.09566747252227,0.273538470627764,0.317035779587116
"ENSG00000205436","EXOC3L4",0.0639338797904603,1.09464555437121,0.273985837019805,0.317480691795834
"ENSG00000175130","MARCKSL1",-0.0343884955830554,-1.09162608733936,0.27531059801812,0.31894184200431
"ENSG00000102575","ACP5",0.0439745245212644,1.09074535665167,0.275697833459011,0.319316462194824
"ENSG00000133742","CA1",-0.0732475464400448,-1.09002228010277,0.276016030428088,0.319610966220574
"ENSG00000235508","RPS2P7",-0.0459653224488857,-1.08725843593865,0.277234599374198,0.320947672347994
"ENSG00000075643","MOCOS",-0.0436478806707929,-1.0846318100556,0.278396067240124,0.32221767041681
"ENSG00000278677","HIST1H2AM",0.0521494845199744,1.08430268709816,0.278541835680587,0.322311774682466
"ENSG00000267279","RP11-879F14.2",-0.0670097575975688,-1.08299596536974,0.279121095555845,0.322907329426012
"ENSG00000268119","CTD-2561J22.5",0.0826841589449265,1.08259973654328,0.279296902846313,0.32303597368299
"ENSG00000178038","ALS2CL",-0.0464569953329554,-1.0820838780858,0.279525902979524,0.323226067275121
"ENSG00000237515","SHISA9",-0.0838393760241896,-1.08176306666411,0.279668382210902,0.32331604879873
"ENSG00000272661","RP4-548D19.3",0.0952043167567282,1.08138547525114,0.279836142000134,0.323435208044538
"ENSG00000149403","GRIK4",0.0683343540749923,1.07474887068383,0.28279589997681,0.326780563874289
"ENSG00000203867","RBM20",0.076876128039904,1.0743824005211,0.282959953360485,0.326894585675237
"ENSG00000120756","PLS1",-0.0473117279854309,-1.0721703018514,0.28395158937035,0.327964413687168
"ENSG00000274403","CTD-2036P10.6",-0.0944748291243605,-1.07071130219796,0.284606915785282,0.328645399290163
"ENSG00000151725","CENPU",-0.0486312569878221,-1.06982390141483,0.285006002995121,0.329030250513877
"ENSG00000241069","CTD-3141N22.1",0.0904251928773185,1.06965183496396,0.285083429619147,0.329043662995322
"ENSG00000273389","RP13-514E23.2",-0.0931820789858195,-1.06886108261638,0.285439436325653,0.329378532570567
"ENSG00000259974","LINC00261",-0.0346861598362355,-1.06819084271659,0.28574142246898,0.329650925783318
"ENSG00000196866","HIST1H2AD",0.0667717465402376,1.06442513652261,0.28744213623749,0.331536489316597
"ENSG00000281205","LINC00950",0.0612226035577984,1.06088536738184,0.289047036749513,0.333310697358756
"ENSG00000240801","AC132217.4",0.0713650403310202,1.05947430557434,0.289688482753017,0.333973348804493
"ENSG00000257607","RP11-449P15.1",0.0649227922669159,1.05928062802771,0.28977660033647,0.33399792569902
"ENSG00000119969","HELLS",-0.0463493943748499,-1.05514799927988,0.291661133577355,0.336092571534172
"ENSG00000236081","ELFN1-AS1",-0.0932651200876265,-1.0536723293277,0.292336053475242,0.336792688335532
"ENSG00000099194","SCD",-0.0596559516169871,-1.05209855070649,0.293057001991213,0.33754549872289
"ENSG00000168298","HIST1H1E",-0.0700619658415078,-1.05067795956559,0.293708801072833,0.338218333801052
"ENSG00000277701","RP11-734K23.9",0.076261714351373,1.05026443022193,0.293898720537271,0.338292682391597
"ENSG00000113494","PRLR",-0.0445199982082723,-1.05024274415217,0.293908682461819,0.338292682391597
"ENSG00000147257","GPC3",-0.0594438809247855,-1.04898499892117,0.294486840731859,0.338880138931944
"ENSG00000197409","HIST1H3D",0.0696066721517641,1.04857461730731,0.294675649413342,0.33901938496703
"ENSG00000167549","CORO6",0.0721230531996644,1.04641924464391,0.295668629046728,0.340083539276199
"ENSG00000224183","SDHDP6",-0.0957869649461166,-1.0460076145284,0.295858521879089,0.340223691213303
"ENSG00000132031","MATN3",-0.0620359452591865,-1.0439349313724,0.296815932742589,0.341246186183707
"ENSG00000146038","DCDC2",0.070086370930135,1.04291593247156,0.29728738757362,0.341709640889219
"ENSG00000100162","CENPM",0.0377704723168403,1.04061489456972,0.29835384057642,0.342829525131512
"ENSG00000105048","TNNT1",0.0761648333604255,1.04051796839942,0.298398818674468,0.342829525131512
"ENSG00000198074","AKR1B10",-0.0612504190173052,-1.03897816667392,0.299113964299586,0.343572208016983
"ENSG00000213578","CPLX3",-0.0693076573202987,-1.03617643310146,0.300418138594342,0.344990972202965
"ENSG00000189431","RASSF10",0.0707118549736423,1.0331640614837,0.301824592032327,0.346526512092224
"ENSG00000254419","RP11-261P9.4",0.085788750148995,1.03163416518505,0.302540567483239,0.347268787285628
"ENSG00000234380","LINC01426",-0.0488836412672496,-1.0306106471898,0.303020194515126,0.347739493361402
"ENSG00000261068","RP11-7K24.3",0.0333972514666133,1.02527486803263,0.305528772628767,0.35053783000088
"ENSG00000262454","RP11-65J21.3",0.0382326369525669,1.02448938347352,0.305899224370896,0.350882340411672
"ENSG00000224961","RP1-278O22.1",0.0852372980804316,1.02244381025876,0.306865361120242,0.351880003937715
"ENSG00000137261","KIAA0319",-0.081059154900874,-1.02234995209956,0.306909739434475,0.351880003937715
"ENSG00000231170","AC002451.3",-0.0909463057917835,-1.01950303458917,0.308257851634298,0.353344625899012
"ENSG00000275097","RP11-627K11.6",0.0706916432508234,1.01218169588138,0.311742750536751,0.357257335018051
"ENSG00000204624","PTCHD2",0.0658238089770788,1.01125591166242,0.312185262365175,0.357682472920686
"ENSG00000132321","IQCA1",-0.0507727401850284,-1.01043514925765,0.312577921849516,0.358050311396926
"ENSG00000105668","UPK1A",-0.0813057977544264,-1.00844910740395,0.313529408483404,0.359057957493592
"ENSG00000213424","KRT222",0.0724293464030986,1.00802080091168,0.313734854555773,0.359193044640881
"ENSG00000168925","CTRB1",-0.0503396153249583,-1.00790369182352,0.313791043798274,0.359193044640881
"ENSG00000112562","SMOC2",0.0456664373787981,1.00755134714047,0.313960139683079,0.359304348458548
"ENSG00000202538","RNU4-2",0.0702358863193424,1.00569492344315,0.314852058819416,0.360242630228165
"ENSG00000240618","RP11-206L10.5",-0.0954085141781444,-1.00452427371746,0.315415354619102,0.360804569456763
"ENSG00000170579","DLGAP1",-0.0784607661819033,-1.00425747987264,0.315543823803427,0.360868965923407
"ENSG00000260459","FTLP14",-0.0372784061860625,-1.00373796559209,0.315794084189445,0.361072586541785
"ENSG00000215915","ATAD3C",0.081728553751635,1.00036279659429,0.317423149199201,0.362852251027894
"ENSG00000154620","TMSB4Y",0.0236945854304241,0.996226731303673,0.319426982553042,0.365059408632048
"ENSG00000176907","C8orf4",-0.0549962560409051,-0.995533604240783,0.319763596937412,0.365360599791375
"ENSG00000249908","BRD9P2",-0.0883370386900964,-0.994301596462567,0.320362490138591,0.365961263580753
"ENSG00000043591","ADRB1",-0.0809470481568792,-0.982258674569679,0.326255351204274,0.372607756057873
"ENSG00000128849","CGNL1",-0.0457171306202123,-0.981055747467275,0.326847821882559,0.373199157207763
"ENSG00000163694","RBM47",0.0328033879523333,0.980415994979489,0.327163200439914,0.373473973104925
"ENSG00000224916","APOC4-APOC2",-0.0300021254296232,-0.980038084393924,0.327349591859268,0.373601451562734
"ENSG00000254829","RP11-7I15.3",0.0822816937467199,0.975201737524345,0.329741049731534,0.37624492210353
"ENSG00000187123","LYPD6",0.0647333614942836,0.974168919730273,0.330253218593686,0.376743347699847
"ENSG00000071967","CYBRD1",0.0699561064142313,0.973208215389831,0.330730089637199,0.377201288363594
"ENSG00000185168","LINC00482",-0.0752920647097293,-0.972566803670567,0.331048719673999,0.377478585717217
"ENSG00000174599","TRAM1L1",0.0364344476931915,0.971654267683519,0.331502377074481,0.377909686587416
"ENSG00000141449","GREB1L",0.0655697483313428,0.970202126786528,0.332225122991555,0.378647279452422
"ENSG00000183508","FAM46C",-0.057578246129788,-0.968571215525524,0.333038059754331,0.379487306009948
"ENSG00000166670","MMP10",-0.0524244948975155,-0.968065795392391,0.333290250098683,0.379688140918983
"ENSG00000280202","RP5-1180D12.1",0.0640161992285914,0.966497102955335,0.334073769284326,0.380494042465063
"ENSG00000163501","IHH",0.0560816075170936,0.964758639990239,0.334943473106802,0.381397714765203
"ENSG00000100362","PVALB",-0.0881560180470552,-0.962603564792179,0.336023622975132,0.382540554388811
"ENSG00000079841","RIMS1",-0.0618575847941967,-0.955978550202776,0.33935820710495,0.386248813003586
"ENSG00000224114","RP11-343H5.4",0.0843596086522978,0.954012106524119,0.340352060311225,0.387291830122013
"ENSG00000260228","RP11-483P21.2",0.0507093577302818,0.953761001910291,0.340479104578947,0.387348241841805
"ENSG00000131650","KREMEN2",-0.0623095665117779,-0.94958489333398,0.342596432850292,0.389668372213708
"ENSG00000108244","KRT23",-0.0521232049748323,-0.948102623449648,0.343349981755951,0.390436640613999
"ENSG00000229417","NPM1P25",0.0381243521400976,0.945095174530507,0.344882150079138,0.392089756797565
"ENSG00000250742","RP11-834C11.4",0.0370483349809378,0.944484374093155,0.345193860049304,0.392354921629125
"ENSG00000176884","GRIN1",0.045083062613473,0.942211777336994,0.346355214813423,0.39358547137889
"ENSG00000267280","TBX2-AS1",-0.066381287981116,-0.941411894388227,0.346764567764448,0.393961108571288
"ENSG00000150722","PPP1R1C",-0.0926219652770144,-0.941233327750253,0.346855994221265,0.393975459133649
"ENSG00000100626","GALNT16",-0.0549017658461788,-0.940300811160516,0.347333694184625,0.394428451265757
"ENSG00000130643","CALY",-0.0685981084465392,-0.938604558897088,0.348203707289067,0.395326643152892
"ENSG00000166803","KIAA0101",0.0289176047159238,0.935131416996551,0.349989418046142,0.397263811630127
"ENSG00000204792","LINC01291",0.0943507921243045,0.931436272041283,0.35189565021472,0.399336870420699
"ENSG00000129521","EGLN3",-0.0486182700028583,-0.927954075555375,0.353698043585692,0.401291177201829
"ENSG00000140323","DISP2",0.0614862689957851,0.9266406754593,0.354379378157173,0.401972978853417
"ENSG00000011201","ANOS1",0.0436602536479826,0.925955488492552,0.354735152614673,0.402285271733582
"ENSG00000143847","PPFIA4",-0.0575565387970218,-0.924687733307305,0.355394013529138,0.402941058423059
"ENSG00000224167","RP3-522D1.1",-0.051779990688487,-0.919166612372365,0.358272388460642,0.406112433077127
"ENSG00000163462","TRIM46",0.0517626216195339,0.918324617542422,0.358712640623934,0.406519311677169
"ENSG00000050438","SLC4A8",0.0695999530219985,0.917794487805772,0.358990003244976,0.406676660086821
"ENSG00000177103","DSCAML1",0.0655137057392789,0.917748337192771,0.359014155524646,0.406676660086821
"ENSG00000133962","CATSPERB",0.0478804580410383,0.915886415148749,0.35998941970935,0.407689037043431
"ENSG00000111291","GPRC5D",-0.0521269716244496,-0.913301354856883,0.36134621981858,0.409132948164153
"ENSG00000123999","INHA",-0.0561636672367768,-0.913117809981791,0.361442677543912,0.409149510464016
"ENSG00000242255","RPL39P34",0.0734351464335059,0.910233420519538,0.362960624561127,0.410774812767232
"ENSG00000254855","RP11-867G23.1",0.0774327709156646,0.9044106517261,0.366037090787432,0.414162809218638
"ENSG00000100344","PNPLA3",-0.0590429954079365,-0.899658431987276,0.368559973378288,0.416923046808018
"ENSG00000272558","U91328.21",0.083462031068609,0.897640289230013,0.369634646583913,0.418044160352763
"ENSG00000124466","LYPD3",-0.0339882716486722,-0.896632772073917,0.370171885002227,0.418557083901206
"ENSG00000164122","ASB5",-0.050966922197473,-0.895152177195504,0.37096226390305,0.419355939298044
"ENSG00000078328","RBFOX1",-0.0549731935416383,-0.894736460974928,0.371184372247054,0.419512174781933
"ENSG00000178538","CA8",0.0694630526579587,0.892886949264854,0.372173528762564,0.42053506074866
"ENSG00000276185","TP53TG1_2",-0.0607958958888968,-0.890485847853825,0.373460126072745,0.42185063245347
"ENSG00000135378","PRRG4",0.03110553125585,0.890399305635794,0.373506549974303,0.42185063245347
"ENSG00000233864","TTTY15",0.0248678966916679,0.886488783770206,0.375608006748413,0.424128282236239
"ENSG00000167971","CASKIN1",0.0410839690332422,0.884638613415402,0.376604805203236,0.425157829310495
"ENSG00000230316","FEZF1-AS1",-0.07010808271845,-0.884322370201847,0.376775347973938,0.425254343085709
"ENSG00000134376","CRB1",-0.0558117045056607,-0.883586931233181,0.377172137972944,0.425606113713546
"ENSG00000111405","ENDOU",-0.052813687363495,-0.877669645221153,0.380374064885616,0.429122365620055
"ENSG00000103089","FA2H",0.0364493295713,0.87648556999468,0.381016787938598,0.429750493952851
"ENSG00000206077","ZDHHC11B",0.0591534900471885,0.874778415737995,0.381944616395882,0.430699838064819
"ENSG00000198753","PLXNB3",-0.0378322193967482,-0.874047541221198,0.382342266525935,0.431030795388765
"ENSG00000198598","MMP17",0.0574239162237533,0.873922136329797,0.382410521668913,0.431030795388765
"ENSG00000173801","JUP",0.0281272849738868,0.870387333835353,0.384337514589307,0.433105155047675
"ENSG00000196361","ELAVL3",-0.0562010582946642,-0.87014002681227,0.384472556065464,0.433159707149013
"ENSG00000138771","SHROOM3",-0.0316295905421061,-0.869867288777418,0.384621517800881,0.43322991417085
"ENSG00000272720","CTA-228A9.3",0.0514315149689822,0.869246625611055,0.384960638089748,0.43351423208305
"ENSG00000164850","GPER1",-0.0676286053062311,-0.868573981476162,0.385328366636273,0.43383063120499
"ENSG00000079689","SCGN",0.0702728485342544,0.867555436574657,0.385885605240916,0.434360204008235
"ENSG00000237686","RP5-1120P11.1",0.0544639353204214,0.86626601832973,0.386591743447222,0.43505710493723
"ENSG00000222328","RNU2-2P",0.0533727598466904,0.866086687054192,0.386690015130866,0.435069773999624
"ENSG00000131910","NR0B2",-0.0504450072254563,-0.865623304103639,0.386944014892552,0.435257609552926
"ENSG00000228278","ORM2",0.0677298748771076,0.864020777587053,0.387823213081601,0.436148462754837
"ENSG00000175906","ARL4D",0.043936124705603,0.854830032306748,0.392889072191031,0.441746202148674
"ENSG00000242173","ARHGDIG",0.056989843034043,0.850114832105012,0.395503569983924,0.444585847553872
"ENSG00000184515","BEX5",0.0483922936407537,0.849058461796918,0.396090750127262,0.445145819428256
"ENSG00000197253","TPSB2",-0.0497417649568487,-0.848458699598435,0.396424360659542,0.445420629954541
"ENSG00000242759","LINC00882",-0.0386557783537413,-0.847484318006605,0.396966710874506,0.44592980327399
"ENSG00000095585","BLNK",-0.0331960339027316,-0.846865424749528,0.397311425601218,0.446216785266418
"ENSG00000175315","CST6",-0.0437695827076272,-0.846103051428994,0.397736305179297,0.446593650549402
"ENSG00000075461","CACNG4",0.0485503808646182,0.845048569846665,0.398324432096338,0.447153605855791
"ENSG00000225969","ABHD11-AS1",0.0390514612862005,0.843368458210871,0.399262581623647,0.448106152215092
"ENSG00000198758","EPS8L3",0.0527256065661708,0.843082165309499,0.399422576070239,0.448185116775403
"ENSG00000196091","MYBPC1",-0.0634667359287001,-0.842508184093496,0.399743461162583,0.448444537988089
"ENSG00000254681","PKD1P5",-0.0629565432815963,-0.841149690582149,0.400503547637159,0.449138421289824
"ENSG00000254109","RBPMS-AS1",-0.0347622233398284,-0.841081642086769,0.400541644106265,0.449138421289824
"ENSG00000141682","PMAIP1",0.0480797140961119,0.840874501364215,0.400657623800937,0.449167739687149
"ENSG00000271894","RP11-482H16.1",-0.0511781853169739,-0.840382495978964,0.400933182434724,0.449239888852705
"ENSG00000113924","HGD",0.0544332678030718,0.840313366666631,0.400971908988622,0.449239888852705
"ENSG00000275371","RP11-455F5.6",-0.0693093523810447,-0.840278352771425,0.400991524789925,0.449239888852705
"ENSG00000280308","FKSG61",-0.0788132491239604,-0.838435489911856,0.40202476477979,0.450296555532918
"ENSG00000224126","UBE2SP2",-0.0171692188122025,-0.835880337112744,0.403460009247126,0.451802921889279
"ENSG00000078114","NEBL",0.0293041219430246,0.831876298010027,0.40571527501126,0.454226684965585
"ENSG00000170373","CST1",-0.04671121913665,-0.831700306824266,0.405814574416132,0.454236147768225
"ENSG00000183186","C2CD4C",-0.0494018532815297,-0.825291506690036,0.409440506441841,0.458192151344943
"ENSG00000252464","RN7SKP70",-0.0652351809936609,-0.821436267480382,0.411630969541795,0.460540355271643
"ENSG00000007216","SLC13A2",0.057276398123104,0.817847221810663,0.413676434688868,0.462725318443924
"ENSG00000260265","RP11-44F21.5",-0.0752179036772651,-0.81669731972429,0.414333058447801,0.463356137830241
"ENSG00000235333","PVRIG2P",-0.0584637657882909,-0.8154158824004,0.415065519327648,0.464071466153453
"ENSG00000274415","RP11-433J22.2",0.0831141110160483,0.815236430849201,0.415168153776526,0.464082443300387
"ENSG00000158089","GALNT14",-0.0517433527695184,-0.815036457116587,0.415282543256447,0.464106552588787
"ENSG00000241362","RPL36AP43",0.0631745389004625,0.814727755418676,0.415459164203889,0.464200183468032
"ENSG00000007174","DNAH9",-0.0548519790784179,-0.814031336604434,0.415857777294255,0.464541753009668
"ENSG00000242715","CCDC169",-0.0607889660415949,-0.812777803321236,0.416575838867768,0.465239936193621
"ENSG00000104760","FGL1",0.0589702084189575,0.81199281945023,0.417025874121764,0.465638537429392
"ENSG00000254461","RP11-755F10.3",0.0625343032778485,0.808168399074622,0.419222538201186,0.467986758429544
"ENSG00000123405","NFE2",-0.0550712570467774,-0.806526360848774,0.420167777396494,0.468937251558588
"ENSG00000148344","PTGES",-0.0429924545424064,-0.804183692447456,0.421518503400557,0.470301668393042
"ENSG00000130768","SMPDL3B",0.0223354403022932,0.804079884474355,0.421578415547523,0.470301668393042
"ENSG00000196557","CACNA1H",0.0609830414609415,0.80309982344039,0.422144298438674,0.470827903679093
"ENSG00000230387","RP4-737E23.2",0.0627708929510324,0.802096146473238,0.42272427906714,0.471369624294314
"ENSG00000131153","GINS2",-0.0394080755530051,-0.800089826064055,0.423885043576195,0.472558577008022
"ENSG00000124194","GDAP1L1",0.0508517917517684,0.797398119215094,0.425445271210099,0.474192232735286
"ENSG00000258377","RP11-649E7.5",0.0196085181676677,0.795605359325175,0.426486292022697,0.475246592403273
"ENSG00000166823","MESP1",0.0641233448993396,0.792986326255618,0.428009785415015,0.47683799622885
"ENSG00000276101","RP11-455O6.8",0.0724131717268295,0.792448051107845,0.428323293130792,0.477080968067267
"ENSG00000105852","PON3",-0.060787970879788,-0.79009366356321,0.429696131851534,0.478503487585228
"ENSG00000100031","GGT1",-0.0589735573152833,-0.788572324535498,0.430584581898059,0.479386085390847
"ENSG00000227733","RP4-565E6.1",0.048548993854175,0.785124042936699,0.432602300090034,0.481525267241801
"ENSG00000115461","IGFBP5",-0.043601811497253,-0.783858747065266,0.433344044833904,0.482243539766196
"ENSG00000277877","RP11-11N7.5",-0.0476418940996931,-0.783355213108961,0.433639432561254,0.482464878239045
"ENSG00000179593","ALOX15B",-0.0555170384394884,-0.780734223281205,0.43517886399911,0.484069926584104
"ENSG00000197921","HES5",0.0500384383881513,0.779829971930958,0.435710705813457,0.484517814009183
"ENSG00000232354","VIPR1-AS1",0.0399239354451711,0.779720153402071,0.435775321919859,0.484517814009183
"ENSG00000244693","CTAGE8",0.0435642992802839,0.77844228451106,0.43652761388994,0.485246347143108
"ENSG00000174469","CNTNAP2",0.0573155315570422,0.777952571122542,0.436816110767957,0.485459113989728
"ENSG00000224945","RP11-82L18.2",0.0453816883585013,0.775422869169698,0.43830814376658,0.487009048629533
"ENSG00000279487","AC234582.1",0.0460003945050271,0.774943573224915,0.438591165706794,0.487215247397016
"ENSG00000236679","RPL23AP24",0.0744564954918032,0.774160583661149,0.439053743535986,0.487620772474441
"ENSG00000276443","PVT1_1",-0.0700547619947507,-0.771187394364382,0.440812811564831,0.489465702381558
"ENSG00000275479","RP11-334C17.6",0.0667058609823161,0.766023737494373,0.443877452611248,0.492759161424565
"ENSG00000154864","PIEZO2",-0.0516061119355288,-0.765609535903144,0.444123809046314,0.492923206488695
"ENSG00000206549","PRSS50",0.0620060571240827,0.764839801633922,0.444581834770875,0.493249364000962
"ENSG00000253683","CTB-79E8.3",0.0638351132676018,0.764784122601185,0.444614976710467,0.493249364000962
"ENSG00000267890","CTD-2126E3.4",-0.059571161182971,-0.764527791858175,0.444767571172743,0.493309196065598
"ENSG00000258608","DNAJC19P9",0.0375991709761221,0.763659363732733,0.445284771431974,0.493773310525587
"ENSG00000196436","NPIPB15",0.0677730294812604,0.763374687639743,0.445454387582268,0.493851870933778
"ENSG00000125848","FLRT3",0.0532569442443949,0.761838593126404,0.446370262091352,0.494757550533531
"ENSG00000139629","GALNT6",-0.0520380734939391,-0.75831129906508,0.448477420267777,0.496982956857022
"ENSG00000274944","RP5-864K19.6",0.0732826673957697,0.755317907171467,0.450270062140012,0.498858921050312
"ENSG00000120885","CLU",-0.0398231357861783,-0.754955605956395,0.450487307726232,0.498989042674161
"ENSG00000178773","CPNE7",0.0474213721243494,0.754723450427035,0.450626545705189,0.499032719496333
"ENSG00000248871","TNFSF12-TNFSF13",-0.0678132588961921,-0.753625519284117,0.451285373337593,0.499651653385289
"ENSG00000186204","CYP4F12",-0.0548837936419548,-0.752245168220197,0.452114444838163,0.500458761166884
"ENSG00000213144","RP11-64B16.2",-0.041345505364418,-0.751168413962775,0.452761767254395,0.501064372791495
"ENSG00000092529","CAPN3",-0.0349428078756953,-0.749966565556256,0.453484912588267,0.501753609856458
"ENSG00000115290","GRB14",-0.0666750536776437,-0.745557937021058,0.456143141910173,0.50458312158205
"ENSG00000215252","GOLGA8B",-0.0462226883953803,-0.743923284160596,0.457130999673989,0.505564034145089
"ENSG00000146197","SCUBE3",-0.0561239569672253,-0.74266036605013,0.457895033280616,0.506297029279762
"ENSG00000165730","STOX1",0.0444075266279862,0.742011977144211,0.458287570926645,0.506619026007788
"ENSG00000021645","NRXN3",0.0454994851549225,0.740114785428294,0.459437224882328,0.507777657915924
"ENSG00000105523","FAM83E",0.0450689108789984,0.737368940313752,0.46110400499657,0.509507187841513
"ENSG00000130822","PNCK",-0.0439007504060462,-0.736691136543495,0.461515965121069,0.509774176990331
"ENSG00000164047","CAMP",-0.0490114747330956,-0.736635910501233,0.461549539847046,0.509774176990331
"ENSG00000239002","SCARNA10",-0.0585820875704215,-0.736284721324128,0.461763077623795,0.509812429236354
"ENSG00000278071","RP11-736N17.10",-0.0495409620337316,-0.736243577518844,0.461788098402289,0.509812429236354
"ENSG00000156049","GNA14",0.0481394127918726,0.735062884042277,0.462506436473833,0.510451938731227
"ENSG00000267580","CTD-2540B15.11",0.0223550332420927,0.734955916272586,0.462571546878238,0.510451938731227
"ENSG00000147676","MAL2",-0.0158008080321523,-0.727003650734154,0.46742634606625,0.515695439172827
"ENSG00000134709","HOOK1",-0.02187967304155,-0.726823770691975,0.467536487786284,0.515703163232168
"ENSG00000171557","FGG",-0.0553833210915969,-0.726597879897789,0.467674822597786,0.515741974633642
"ENSG00000144649","FAM198A",0.0451279862173697,0.723725141898272,0.469436058892919,0.517474078350269
"ENSG00000089127","OAS1",0.0452143494660796,0.723698379380733,0.469452483879364,0.517474078350269
"ENSG00000107518","ATRNL1",-0.0596581934129078,-0.722658572935735,0.470090891698162,0.518051262629984
"ENSG00000243888","RP11-548B3.3",0.060653188541483,0.72250808546556,0.470183325962974,0.518051262629984
"ENSG00000188322","SBK1",-0.028006760701388,-0.722020712166788,0.470482755404305,0.518266970042195
"ENSG00000188536","HBA2",-0.0459553543747386,-0.720007794909302,0.471720555984496,0.519516030819929
"ENSG00000204421","LY6G6C",0.0518940363104788,0.718295183709455,0.472775104149777,0.520562766075508
"ENSG00000145526","CDH18",-0.0555465262449156,-0.715623601468325,0.474422735874119,0.522261928527212
"ENSG00000155093","PTPRN2",0.0628032097479092,0.714529918029631,0.47509814831129,0.522890323917335
"ENSG00000064886","CHI3L2",-0.0565757897965547,-0.714191800140191,0.475307062492219,0.523005130383163
"ENSG00000187730","GABRD",0.0253273035879044,0.709042673832242,0.478494804261972,0.526396924380607
"ENSG00000168032","ENTPD3",0.0377107108952356,0.706944582358068,0.479797046847641,0.527713425921295
"ENSG00000120729","MYOT",-0.0531279455915415,-0.70609551264158,0.480324596996397,0.528177476354077
"ENSG00000185652","NTF3",-0.0433342519762666,-0.70521104108741,0.480874479905201,0.528593832672057
"ENSG00000105011","ASF1B",-0.0240989176763647,-0.705146419738388,0.480914668965037,0.528593832672057
"ENSG00000075043","KCNQ2",-0.0471338883468242,-0.70073544377931,0.48366225310338,0.531496981432286
"ENSG00000272702","RP11-44N22.3",0.0480857546313337,0.699823262814362,0.48423151088049,0.532005615118095
"ENSG00000160282","FTCD",-0.0511864428023045,-0.694264180281198,0.487708578840439,0.535708017179745
"ENSG00000043355","ZIC2",-0.0566046456716938,-0.693207600279656,0.488370966620969,0.536317775775279
"ENSG00000099984","GSTT2",0.0652123006898662,0.692381013062627,0.488889506644449,0.536747453291411
"ENSG00000254507","RP11-481A20.10",-0.0501195166649652,-0.692241701147085,0.488976929948475,0.536747453291411
"ENSG00000273108","RP11-416N2.4",0.047197741631434,0.691932206085392,0.489171179567995,0.536842822177343
"ENSG00000041353","RAB27B",-0.0300518533727814,-0.691111977913208,0.489686183975255,0.53729008555547
"ENSG00000141314","RHBDL3",0.0492648355982474,0.690866236686825,0.489840536734296,0.537341527791023
"ENSG00000254859","RP11-661A12.5",-0.0450035362622449,-0.688710379413669,0.491195777946272,0.538709999941075
"ENSG00000133169","BEX1",-0.0654049171249501,-0.682476621650228,0.49512584352564,0.542901144216711
"ENSG00000128408","RIBC2",0.0231580877306264,0.682135425011548,0.495341435260064,0.543018455667687
"ENSG00000180745","CLRN3",-0.0352327686567453,-0.681084834840065,0.496005586397553,0.543627341514197
"ENSG00000117069","ST6GALNAC5",-0.0354330032718316,-0.672848881705576,0.501228555977044,0.549231378453916
"ENSG00000075826","SEC31B",0.0376469185023914,0.671720591986673,0.501946346299133,0.549897399538927
"ENSG00000272666","CTA-384D8.35",-0.0311369219554029,-0.669234492119962,0.503529863445286,0.551511350980598
"ENSG00000162892","IL24",-0.0363707191855511,-0.668302490242851,0.50412418075756,0.552041371832633
"ENSG00000166415","WDR72",0.0505745381045089,0.667479548480178,0.504649260851473,0.552495358935267
"ENSG00000143590","EFNA3",0.037772345243038,0.667294530966085,0.504767351504971,0.552503668459907
"ENSG00000267143","RP11-677O4.6",-0.0533905901803565,-0.666943197270093,0.504991636516924,0.552628186164285
"ENSG00000086548","CEACAM6",0.0398737191850173,0.66540567347204,0.505973782138266,0.55358181853202
"ENSG00000049283","EPN3",0.0195614316285089,0.663238611732984,0.507359774403947,0.55497678232766
"ENSG00000054938","CHRDL2",-0.0435235926202791,-0.660554793298869,0.509079034501767,0.556735602036053
"ENSG00000012223","LTF",0.0623053589745876,0.657717144810457,0.510900158473632,0.558605027852211
"ENSG00000103942","HOMER2",-0.0347845385634485,-0.657378808721727,0.511117520490896,0.558720507751307
"ENSG00000170577","SIX2",0.0354994987502003,0.654633551514463,0.512882982461879,0.560527849685113
"ENSG00000101098","RIMS4",0.0502022997201835,0.651722417835471,0.514758590251054,0.562454753333757
"ENSG00000107295","SH3GL2",0.044118852757874,0.647740350256679,0.5173299581543,0.565140876288289
"ENSG00000225932","CTAGE4",0.0375215639286448,0.647150842270293,0.517711190506371,0.565433803523777
"ENSG00000150594","ADRA2A",0.0386207356167869,0.645038238751507,0.519078597415564,0.566803447712999
"ENSG00000240038","AMY2B",-0.0347748569174339,-0.64355722016772,0.520038316494387,0.567727419753698
"ENSG00000279399","RP11-369J21.12",0.0700956132173808,0.64078270998027,0.52183869864092,0.569568542502642
"ENSG00000184908","CLCNKB",0.038675807568475,0.638648259294649,0.52322592788443,0.570958018206493
"ENSG00000236439","RP11-175B9.3",0.0316066746742961,0.631411626559338,0.527943255468859,0.57597998632867
"ENSG00000231955","AC007383.4",-0.0493510040239142,-0.630589037627109,0.52848084587957,0.576440713219427
"ENSG00000188573","FBLL1",0.0434805888899086,0.628181999488757,0.53005553142693,0.578032204391418
"ENSG00000234742","AC144530.1",-0.0179844466390187,-0.621220768099318,0.534622972795221,0.582885927600547
"ENSG00000145703","IQGAP2",-0.0380558408076984,-0.616944800148364,0.537438373961491,0.585827745761381
"ENSG00000273046","RP11-834C11.14",-0.0184172062037346,-0.616287939789387,0.53787152702836,0.586172108792894
"ENSG00000277125","CH17-264B6.3",-0.0529031211973949,-0.61357891422902,0.53965979156275,0.587992799697919
"ENSG00000132746","ALDH3B2",-0.0242796349554252,-0.611808511606304,0.540830067428512,0.589125269177516
"ENSG00000150275","PCDH15",-0.0330965422405357,-0.611650131438016,0.540934822158796,0.589125269177516
"ENSG00000243480","AMY2A",0.041247421632761,0.610135556325127,0.541937094797787,0.590088300084699
"ENSG00000088340","FER1L4",-0.0364460064824949,-0.607043614296253,0.543986069960215,0.592190365730694
"ENSG00000141934","PPAP2C",-0.0169862819285112,-0.6067656407466,0.54417046702163,0.592262153919928
"ENSG00000143153","ATP1B1",0.0309928347161353,0.604788057275554,0.545483218464916,0.59356171758968
"ENSG00000281383","CH507-513H4.5",0.0195156988500713,0.60345605707424,0.5463683077457,0.59430581643761
"ENSG00000143375","CGN",0.0202428745663176,0.603401210369043,0.546404767632739,0.59430581643761
"ENSG00000159247","TUBBP5",-0.0396210991400419,-0.60280532375224,0.546800966940098,0.594607402066222
"ENSG00000146469","VIP",-0.0339496931561793,-0.601552006042148,0.547634750670697,0.595384595206237
"ENSG00000123843","C4BPB",0.0403178166462587,0.600485120355561,0.548345004305192,0.5960271785926
"ENSG00000165995","CACNB2",0.0360615599214936,0.597182583369398,0.550546474456614,0.598290017883736
"ENSG00000181449","SOX2",0.0454697228144042,0.596619281951425,0.550922405634906,0.598477742281289
"ENSG00000161509","GRIN2C",0.0415963720675191,0.596460934888035,0.551028104688472,0.598477742281289
"ENSG00000223878","AC005517.3",0.0381796766435117,0.596385735231846,0.55107830509261,0.598477742281289
"ENSG00000175643","RMI2",-0.0251300667338072,-0.592998526026483,0.553341809585855,0.600805439289745
"ENSG00000137819","PAQR5",-0.0311185245169826,-0.592264794988101,0.553832726512992,0.60120790980568
"ENSG00000233806","LINC01237",-0.0327749929875774,-0.588779355728536,0.556167640619932,0.603528620329536
"ENSG00000181019","NQO1",0.0347357516083347,0.588713242757626,0.556211976495701,0.603528620329536
"ENSG00000250067","YJEFN3",0.0309192848147386,0.587917138810553,0.556745985602003,0.603976985899331
"ENSG00000162595","DIRAS3",-0.0383779225832,-0.584243062531369,0.559213713845156,0.606282134068419
"ENSG00000224769","AC069213.1",0.0433192631996308,0.58421294706513,0.559233963142347,0.606282134068419
"ENSG00000185615","PDIA2",-0.0449921282991681,-0.58421193973668,0.55923464046471,0.606282134068419
"ENSG00000162631","NTNG1",-0.0497854550271811,-0.580104123501324,0.562000027090093,0.609148089193684
"ENSG00000157927","RADIL",-0.0354482829882557,-0.57736109963335,0.56385031250169,0.611021144886964
"ENSG00000261113","RP11-141O15.1",-0.0438586847830866,-0.576282325260503,0.56457879598383,0.611678002149329
"ENSG00000125804","FAM182A",-0.035486307723164,-0.572805278594519,0.566929887000351,0.61398948865445
"ENSG00000132938","MTUS2",-0.0391322569035213,-0.572763900914049,0.566957893823519,0.61398948865445
"ENSG00000181885","CLDN7",0.0146165143773411,0.570495401594074,0.568494361888358,0.615520097323904
"ENSG00000165905","GYLTL1B",-0.0205969797633237,-0.570267762477444,0.568648653241713,0.615553857157083
"ENSG00000100218","RSPH14",0.0432457055425063,0.566779655914883,0.57101535826856,0.617981989468139
"ENSG00000185272","RBM11",0.0408450780337538,0.566324574983055,0.571324479988959,0.618182730998657
"ENSG00000179148","ALOXE3",0.0311573328365697,0.564214144470018,0.572759068698831,0.619600896472123
"ENSG00000278989","RP11-762L8.6",-0.0334410496340808,-0.561283107294432,0.574754310668718,0.621624822267703
"ENSG00000165449","SLC16A9",-0.031569337460997,-0.560512169590804,0.575279656913472,0.622058452544844
"ENSG00000162722","TRIM58",0.0457055860855689,0.559956347996251,0.575658555859965,0.622333573902665
"ENSG00000070388","FGF22",0.0421839642636354,0.558682216110466,0.576527566251735,0.623138311988473
"ENSG00000145198","VWA5B2",-0.0354892600961567,-0.55789918167357,0.577061935290607,0.623581084169664
"ENSG00000152154","TMEM178A",0.0255186143606034,0.553599526418665,0.580000323146414,0.626558940338009
"ENSG00000111341","MGP",0.0326762144816497,0.55350022762202,0.580068266964928,0.626558940338009
"ENSG00000126500","FLRT1",-0.0286111009874217,-0.551978894861427,0.58110968471412,0.627548255630799
"ENSG00000258484","SPESP1",-0.0444374850813426,-0.54878779319032,0.583296973748855,0.629774318450502
"ENSG00000109072","VTN",-0.0326259908793435,-0.547176197412737,0.584403075208455,0.630832335069576
"ENSG00000274253","RP11-566K19.6",-0.0490444360954331,-0.543491295501187,0.586935834303807,0.633429564325283
"ENSG00000267060","PTGES3L",-0.0279979775602001,-0.543287806056325,0.587075847841653,0.633443944585297
"ENSG00000132677","RHBG",0.0271011965252571,0.54297056425477,0.587294161058983,0.633542784313898
"ENSG00000267530","AC006273.5",0.0405081591001711,0.54244730817876,0.587654327357553,0.63379457221479
"ENSG00000084710","EFR3B",0.0304926305282821,0.540654546521818,0.588889092001734,0.634989316370212
"ENSG00000237978","KCNMB2-AS1",-0.0520651687155686,-0.537536991903244,0.591039160169809,0.6371702891007
"ENSG00000007038","PRSS21",-0.0376681221956493,-0.536157515581346,0.591991689357551,0.638059591892165
"ENSG00000256802","RP11-680F8.1",-0.0309716594202368,-0.535485949291239,0.592455661625473,0.638422049165381
"ENSG00000250451","HOXC-AS1",-0.0149536557440501,-0.533427417304224,0.593878901896141,0.639817821478281
"ENSG00000279296","RP11-609D21.3",0.0419257364848417,0.533024178498611,0.594157879020212,0.639980481495273
"ENSG00000145681","HAPLN1",-0.0330133309703948,-0.532759248577508,0.594341201064883,0.640040061452599
"ENSG00000172828","CES3",0.0439937688335893,0.531576857802551,0.595159688854574,0.640783472065648
"ENSG00000170786","SDR16C5",0.0383795664474845,0.527198451713627,0.598195036565641,0.643912848832767
"ENSG00000233836","RP11-255H23.2",-0.0250418524646226,-0.526433315349568,0.598726192258451,0.644345880605307
"ENSG00000143850","PLEKHA6",-0.0230767073557322,-0.525491229382233,0.599380480083097,0.644911211623732
"ENSG00000198944","SOWAHA",0.0382485885842676,0.520090784505552,0.603137385812304,0.648813883188795
"ENSG00000206047","DEFA1",-0.0308494152530931,-0.517847573531361,0.604701024848464,0.650356017260125
"ENSG00000063015","SEZ6",0.0399063542441505,0.516576044258076,0.605588157472534,0.651170061798424
"ENSG00000237361","TUSC8",0.0329100259979762,0.515934033262082,0.606036303520063,0.65151182919809
"ENSG00000006047","YBX2",-0.0281889508930113,-0.514692507134074,0.606903353425697,0.652303690268376
"ENSG00000270100","RP11-130L8.1",-0.0438160023340568,-0.512277577473126,0.608591466156291,0.653977505003537
"ENSG00000151882","CCL28",-0.0419493836911563,-0.511849064943986,0.60889122875647,0.654159033902525
"ENSG00000196260","SFTA2",-0.035479842385738,-0.510525347122255,0.609817640726777,0.655013577579782
"ENSG00000277578","Metazoa_SRP",0.0478157154605859,0.510183874411513,0.610056724234512,0.655129643722629
"ENSG00000170608","FOXA3",-0.0351293960068843,-0.509183613508781,0.610757300831926,0.65574114325953
"ENSG00000168280","KIF5C",0.030727231696172,0.507303388800746,0.61207516510799,0.65701499045512
"ENSG00000161896","IP6K3",0.04248469637882,0.501479639584104,0.616165048744508,0.661263198910182
"ENSG00000078900","TP73",0.0259587254098826,0.500774826507143,0.616660836807823,0.661653258377493
"ENSG00000150054","MPP7",0.0311560115540282,0.498963173950424,0.617936014552684,0.662879226080974
"ENSG00000123975","CKS2",0.0196072008660307,0.49764398883646,0.618865282986033,0.6637336797362
"ENSG00000156113","KCNMA1",0.0287764318120578,0.494030066299536,0.621414149383627,0.666324414951348
"ENSG00000176998","HCG4",-0.0336147670302289,-0.493255935519676,0.621960730441455,0.666711544842959
"ENSG00000186998","EMID1",0.0345288642382559,0.493141039703426,0.622041871338481,0.666711544842959
"ENSG00000114279","FGF12",0.0264598362658592,0.491383056038249,0.623283955295482,0.667899652052596
"ENSG00000043039","BARX2",0.0200115950607901,0.49101990185798,0.623540671865171,0.668031574743059
"ENSG00000170369","CST2",0.0282164275030029,0.487248465523315,0.626209434313873,0.670747037611261
"ENSG00000056487","PHF21B",-0.0417662321602166,-0.486673870752268,0.626616463920683,0.67103926314059
"ENSG00000168928","CTRB2",0.0298618102073589,0.486242775601871,0.626921916541506,0.671222608716816
"ENSG00000183878","UTY",0.0141413567528351,0.481107518119514,0.63056542198189,0.674979043012085
"ENSG00000163071","SPATA18",0.0284578270034477,0.480474153735556,0.631015425400081,0.675316165881936
"ENSG00000133937","GSC",-0.023305435215668,-0.479464026954168,0.631733400936038,0.675853522719836
"ENSG00000144802","NFKBIZ",-0.0398437681647648,-0.47930250035798,0.631848242729921,0.675853522719836
"ENSG00000103067","ESRP2",-0.0104815346908337,-0.47919729841368,0.631923043743047,0.675853522719836
"ENSG00000039068","CDH1",-0.0161820257417812,-0.478433098622202,0.632466520705311,0.676290120514661
"ENSG00000155066","PROM2",-0.0143541655110883,-0.477621655484053,0.633043813525087,0.676762682836312
"ENSG00000149328","GLB1L2",0.0346432179979648,0.476345406899138,0.633952240440807,0.677549918955458
"ENSG00000258757","RP11-841O20.2",0.0435717018041289,0.476206405705402,0.634051214158518,0.677549918955458
"ENSG00000186231","KLHL32",-0.027166166097847,-0.47087896105989,0.637849469436002,0.681463108371797
"ENSG00000116771","AGMAT",-0.0170723777323169,-0.470359771678701,0.638220142731714,0.681713461580554
"ENSG00000270136","MINOS1-NBL1",-0.015179901129332,-0.468498634174075,0.639549638887765,0.682862158027541
"ENSG00000275713","HIST1H2BH",0.0286703950556966,0.468471966598122,0.639568697208595,0.682862158027541
"ENSG00000154269","ENPP3",-0.0277807347282688,-0.464513214867415,0.642400507067032,0.685739226160367
"ENSG00000067646","ZFY",0.0158356646759614,0.46210058940309,0.644128888814029,0.687437448040586
"ENSG00000176728","TTTY14",0.0101754205553288,0.459922075201536,0.645691213722377,0.688957761120761
"ENSG00000217275","RP1-34B20.4",0.0334028805948218,0.459496509107674,0.645996592329051,0.689136539715224
"ENSG00000267053","CTD-3162L10.1",0.0249559722679169,0.458158826140793,0.646956878724815,0.690013735841313
"ENSG00000267532","MIR497HG",-0.0218033038168068,-0.455307333470353,0.649005853292877,0.69205145371388
"ENSG00000131002","TXLNGY",0.0142415112105076,0.454984651459696,0.649237888420015,0.692151266972297
"ENSG00000175793","SFN",0.0133238380500245,0.4512692285223,0.651912037623254,0.694854015799674
"ENSG00000225792","AC004540.4",-0.0257826878796098,-0.450475472029411,0.652483921502761,0.69531534686995
"ENSG00000177570","SAMD12",-0.0204435763394058,-0.447957537716155,0.654299390441351,0.697101417474271
"ENSG00000172508","CARNS1",-0.019330263435273,-0.447086558974235,0.654927857224034,0.697622344720957
"ENSG00000251188","RP11-478C6.6",-0.028357398439477,-0.444878910526301,0.656521913226676,0.699171366588579
"ENSG00000276663","RP11-407G23.7",-0.0354048176730839,-0.444599905014213,0.656723483842574,0.699237099491667
"ENSG00000184828","ZBTB7C",0.0245548456784111,0.442874624967926,0.657970486919973,0.700415676942701
"ENSG00000164591","MYOZ3",-0.031181769626874,-0.44252807088618,0.658221085483771,0.700533296598309
"ENSG00000135063","FAM189A2",-0.0243226833295967,-0.441698906498138,0.658820823044317,0.701022369700274
"ENSG00000163631","ALB",-0.0288685106410875,-0.441164023871295,0.659207822258815,0.701284917296612
"ENSG00000114374","USP9Y",0.0126406041653205,0.436342508673119,0.662700408756118,0.704850466662538
"ENSG00000230076","AC016708.2",0.0448999673253021,0.436016270757498,0.66293699412441,0.704952141774149
"ENSG00000185090","MANEAL",-0.0245349044365074,-0.435242784580369,0.663498055268902,0.705398740451735
"ENSG00000214860","EVPLL",0.0314461302290471,0.432436943716182,0.665534904040179,0.707413801063115
"ENSG00000145075","CCDC39",0.02551225013209,0.432179726742412,0.665721750046508,0.707462008551018
"ENSG00000272541","XXbac-BPGBPG55C20.1",0.0405951074987,0.430128394542202,0.667212609714285,0.708807974025546
"ENSG00000152213","ARL11",-0.0224164079093153,-0.43004695296216,0.667271826747649,0.708807974025546
"ENSG00000162545","CAMK2N1",-0.0239544179047668,-0.429408490636715,0.667736131357676,0.709150521832706
"ENSG00000100346","CACNA1I",0.0271310586579359,0.42897155560243,0.668053954104405,0.709337390214913
"ENSG00000012504","NR1H4",-0.0171766526331918,-0.428337197977937,0.668515486452374,0.709676737210588
"ENSG00000160469","BRSK1",-0.0223567645425064,-0.426238810299674,0.670043080150205,0.711147399862243
"ENSG00000226686","LINC01535",-0.0267247143558213,-0.42522759478436,0.670779718260209,0.71177813907068
"ENSG00000084110","HAL",0.0260191221301773,0.423857389194298,0.671778375011802,0.712686584990242
"ENSG00000230453","ANKRD18B",-0.0352559575708327,-0.422463866141587,0.672794622022401,0.71361330295121
"ENSG00000165246","NLGN4Y",-0.0158449504816169,-0.421622498815062,0.673408491547715,0.714112928470535
"ENSG00000278828","HIST1H3H",-0.0348808301586815,-0.420916396182586,0.673923838951364,0.714507886928927
"ENSG00000101276","SLC52A3",-0.0170219690221097,-0.41923417776244,0.675152219675757,0.715658490222342
"ENSG00000101049","SGK2",0.0283388798020152,0.415705410709403,0.677731792437989,0.718240560023304
"ENSG00000170231","FABP6",-0.0350869919226282,-0.415381664933172,0.677968644879045,0.718339314345247
"ENSG00000198692","EIF1AY",0.0139531190855573,0.414374091474525,0.678705989661813,0.718892989834769
"ENSG00000177679","SRRM3",0.0229698986930135,0.414274673089283,0.678778761001989,0.718892989834769
"ENSG00000272949","RP11-514P8.8",-0.0273742293139041,-0.412686053317562,0.679941990643854,0.719972459385699
"ENSG00000225978","HAR1A",-0.0361363833220008,-0.411908093841381,0.68051191194935,0.720423366450719
"ENSG00000117595","IRF6",-0.011417492390053,-0.408140178389582,0.683274811717245,0.723195185983536
"ENSG00000253764","RP11-439C15.4",0.0324042245023234,0.40699986462921,0.684111810201449,0.723927841483014
"ENSG00000197757","HOXC6",-0.0100683514905468,-0.406141260907301,0.68474228822038,0.724407381094621
"ENSG00000089199","CHGB",-0.0309300631896659,-0.405988154841336,0.684854738086854,0.724407381094621
"ENSG00000129991","TNNI3",0.0366668024674263,0.404997225164637,0.685582702706891,0.725024008784783
"ENSG00000182333","LIPF",0.023570518537902,0.403129886804098,0.686955296088051,0.726223006329314
"ENSG00000156413","FUT6",-0.0294181058508063,-0.403059622961197,0.687006963987531,0.726223006329314
"ENSG00000251050","RP11-168A11.4",0.0356749631544665,0.401573635463575,0.688100014554136,0.727224703608261
"ENSG00000189221","MAOA",-0.0257932644158883,-0.399567588705799,0.689576641655573,0.728631278165229
"ENSG00000234665","RP11-262H14.3",0.0363167597612217,0.399316589344436,0.689761482823477,0.728672599644493
"ENSG00000106631","MYL7",-0.0338074681736619,-0.396190912218447,0.692064847026525,0.730951464962532
"ENSG00000196565","HBG2",-0.0300028699506655,-0.392638470692538,0.694686168859747,0.73342246083578
"ENSG00000186472","PCLO",0.0170121788989947,0.392622780207897,0.694697754903651,0.73342246083578
"ENSG00000114529","C3orf52",0.021585842084056,0.390890943047134,0.695977003049223,0.734617904844018
"ENSG00000157423","HYDIN",0.0220652214185573,0.386743015244787,0.699044453268499,0.737699929578407
"ENSG00000101638","ST8SIA5",-0.023754904628209,-0.38447858042802,0.700721117334438,0.739313270030004
"ENSG00000269981","RP11-34P13.16",-0.0335440589193916,-0.382787115788438,0.701974489140384,0.740479418924456
"ENSG00000167900","TK1",0.016397124532942,0.380656792158675,0.70355421038904,0.741989253732378
"ENSG00000184363","PKP3",0.00711913459501088,0.379013372550468,0.704773749457197,0.743118672983127
"ENSG00000182472","CAPN12",0.0217588143217892,0.378489820398955,0.705162423822981,0.743371730785348
"ENSG00000198133","TMEM229B",0.0222015007491214,0.378156269003553,0.705410085744801,0.743476060017707
"ENSG00000267834","RP11-167N5.5",0.0326883701820155,0.376084820345911,0.706948835680654,0.744940817366337
"ENSG00000213519","AC132008.1",0.0325197094328047,0.37312296731179,0.709151095397921,0.747103977452509
"ENSG00000133808","MICALCL",-0.0199181862173362,-0.372697822252774,0.709467408711037,0.747279764810446
"ENSG00000131097","HIGD1B",0.0133635475057721,0.371331285929667,0.710484468646939,0.748137194165949
"ENSG00000251791","SCARNA6",-0.0317529212122316,-0.371202014653947,0.710580707018819,0.748137194165949
"ENSG00000275395","FCGBP",-0.024505303899017,-0.370935355312111,0.710779241058039,0.748188674797936
"ENSG00000170075","GPR37L1",0.0196276293326998,0.365759081673158,0.714636976117265,0.752091113573211
"ENSG00000241472","PTPRG-AS1",-0.0180694671205904,-0.365117489745145,0.715115648598571,0.752436498946307
"ENSG00000171759","PAH",-0.0282885298223119,-0.363643634201658,0.716215672850728,0.753435380655089
"ENSG00000154027","AK5",-0.0232434684934829,-0.358294938970619,0.72021265892182,0.757480709846256
"ENSG00000175206","NPPA",-0.0244925736885096,-0.357862420577718,0.720536209079417,0.757661628895286
"ENSG00000163888","CAMK2N2",-0.015610184968237,-0.357622822815567,0.720715464412419,0.757690774193039
"ENSG00000072133","RPS6KA6",-0.0195505923729594,-0.356238689505313,0.72175130599812,0.758620250155687
"ENSG00000053747","LAMA3",0.0213873424381202,0.355130711381128,0.722580850400266,0.759263669895716
"ENSG00000146955","RAB19",0.0121213416778882,0.355015456002097,0.722667161006743,0.759263669895716
"ENSG00000189366","ALG1L",0.0314287588487923,0.354269262497679,0.723226043968485,0.759691222655971
"ENSG00000277831","RP11-269C23.5",0.0283845315479676,0.350338861836138,0.726172264984285,0.762625777131154
"ENSG00000185760","KCNQ5",-0.0223200757565283,-0.350024551758902,0.726408047249459,0.762713195348025
"ENSG00000129824","RPS4Y1",-0.0161123179738997,-0.34300272986534,0.7316822565658,0.768089708761075
"ENSG00000267199","RP11-861E21.2",-0.0209683684177121,-0.340119344580934,0.733851716555326,0.770205412001812
"ENSG00000092096","SLC22A17",0.0157121402813071,0.339208689886766,0.734537336956476,0.770763207719283
"ENSG00000278771","Metazoa_SRP",-0.0220657848830687,-0.338970105362147,0.734716999302424,0.770789969893437
"ENSG00000179603","GRM8",0.0117434926522644,0.338405898570934,0.735141924259829,0.771073971323505
"ENSG00000136574","GATA4",-0.0280161818026062,-0.338104250454639,0.73536913991831,0.771150524243194
"ENSG00000138100","TRIM54",0.0271855762345969,0.336984459269121,0.736212822479371,0.771851615329943
"ENSG00000169507","SLC38A11",-0.0236511700980361,-0.336807150746944,0.736346441024766,0.771851615329943
"ENSG00000176769","TCERG1L",-0.0219297724800479,-0.335446349551865,0.737372197564464,0.772764826623836
"ENSG00000175170","FAM182B",-0.0204525315465212,-0.334181928561889,0.738325724034261,0.773601974050987
"ENSG00000117477","CCDC181",-0.018098395645992,-0.332604053556835,0.739516198445368,0.774535677553523
"ENSG00000164283","ESM1",-0.00987664301558128,-0.332489876256501,0.739602367186655,0.774535677553523
"ENSG00000106571","GLI3",-0.0172765354324926,-0.332384930204031,0.739681572063615,0.774535677553523
"ENSG00000067048","DDX3Y",-0.0109885311900112,-0.329717459361894,0.741695691924256,0.776289782880701
"ENSG00000267283","AC005306.3",0.0330725745732802,0.329713810237796,0.741698448476406,0.776289782880701
"ENSG00000275410","HNF1B",-0.0141981002050916,-0.329549573494091,0.741822516520798,0.776289782880701
"ENSG00000267259","CTD-2008P7.9",-0.0147452067184484,-0.328444168344119,0.742657738594102,0.777001191247229
"ENSG00000226465","RP13-401N8.1",0.0264823175186729,0.328069297541843,0.742941052478257,0.777117279534621
"ENSG00000254528","RP11-728F11.4",-0.0253138392473309,-0.327886069039644,0.743079542691005,0.777117279534621
"ENSG00000064309","CDON",0.0191976355874594,0.326334453692902,0.744252638819302,0.778181345482331
"ENSG00000163624","CDS1",-0.00820080290218655,-0.321369942639715,0.748010032401365,0.781946510977802
"ENSG00000144355","DLX1",0.0260266982560946,0.320944906926641,0.748332001257464,0.78211956653163
"ENSG00000156463","SH3RF2",-0.0162939005674963,-0.317717029709147,0.750778582138896,0.784512625014521
"ENSG00000198807","PAX9",-0.017137208734608,-0.316110971001865,0.751996837686222,0.785621435108882
"ENSG00000275718","CCL15",0.0204454730523819,0.315071543394135,0.752785612659621,0.786119949729634
"ENSG00000171747","LGALS4",0.0155125794000401,0.315067786772045,0.752788463861098,0.786119949729634
"ENSG00000240409","MTATP8P1",0.0254169228394282,0.307596340821958,0.758465780088703,0.791883253381398
"ENSG00000151023","ENKUR",-0.0171740737352643,-0.307047964178621,0.758882992818312,0.792118668021094
"ENSG00000130558","OLFM1",-0.0168501723508276,-0.306883533532498,0.759008107697812,0.792118668021094
"ENSG00000264350","SNRPGP2",-0.00831339436722052,-0.306405174412129,0.759372125919739,0.79233318647719
"ENSG00000243449","C4orf48",-0.0183706069374751,-0.304903899258846,0.760514901828164,0.793344712642301
"ENSG00000145920","CPLX2",0.0224475756418885,0.304714762644173,0.760658910481438,0.793344712642301
"ENSG00000243650","RN7SL834P",0.0222615537130549,0.304344773519041,0.76094064428981,0.793473038884057
"ENSG00000162062","C16orf59",0.0136193160267472,0.303430608548826,0.761636885124498,0.794033449879585
"ENSG00000152467","ZSCAN1",0.0245046423020372,0.303022360253543,0.761947875228585,0.79419207340899
"ENSG00000174171","RP11-23P13.6",0.0205079740346655,0.302540163471916,0.762315246463021,0.794409385642999
"ENSG00000204539","CDSN",0.0266684722064372,0.300068907633765,0.76419886246724,0.796206358061304
"ENSG00000184343","SRPK3",-0.0269966238875951,-0.298812250552833,0.765157236278367,0.797038787789966
"ENSG00000160716","CHRNB2",0.0212902703950463,0.298047027480165,0.765741000690756,0.797376538863003
"ENSG00000229481","CTD-2554C21.3",-0.020920216645447,-0.297969137555247,0.765800427924028,0.797376538863003
"ENSG00000233237","LINC00472",0.0197219708096446,0.297441321668865,0.766203168974217,0.797629782400809
"ENSG00000138079","SLC3A1",0.0161805353492708,0.296484081936109,0.766933736113668,0.798058079296024
"ENSG00000258986","TMEM179",-0.0255582752726214,-0.296483979631974,0.766933814203479,0.798058079296024
"ENSG00000270607","RP11-359E10.1",0.017507847736087,0.295023212407092,0.768049074398819,0.799052303785704
"ENSG00000120068","HOXB8",-0.0112120874087815,-0.292903296387363,0.769668434056993,0.800570453564587
"ENSG00000177108","ZDHHC22",-0.0201351528225234,-0.291402580907832,0.77081540842972,0.801596722576664
"ENSG00000225490","RP4-610C12.3",-0.0256525657479979,-0.288963537071539,0.772680603524607,0.803369311212942
"ENSG00000161888","SPC24",-0.013359390281207,-0.285811670355816,0.775092859657329,0.805709833323627
"ENSG00000198353","HOXC4",-0.0117239427359091,-0.285285985010365,0.775495401120665,0.805960716192751
"ENSG00000189334","S100A14",-0.0118780298966703,-0.28481338354931,0.775857345406767,0.80606650390674
"ENSG00000198930","CSAG1",0.0247575032551708,0.284732080537199,0.775919616660627,0.80606650390674
"ENSG00000226363","HAGLROS",0.0134132355339095,0.28347261808259,0.776884442835154,0.806901166218481
"ENSG00000268307","CTD-2619J13.13",-0.0173765545177277,-0.280880082230747,0.778871569852869,0.80879706111409
"ENSG00000137875","BCL2L10",0.0167108934687153,0.280544951082493,0.779128547224144,0.808895916968588
"ENSG00000236155","RP11-231P20.2",0.0231485147447393,0.280066954192035,0.779495115384971,0.809108485971529
"ENSG00000272079","LA16c-380H5.5",-0.0131810488720584,-0.278505233473016,0.780693116072523,0.810183806634
"ENSG00000166165","CKB",0.0172896780403823,0.271556037014261,0.786030154168963,0.815424258780824
"ENSG00000104808","DHDH",0.0138831414388318,0.271505524437248,0.786068985464714,0.815424258780824
"ENSG00000129159","KCNC1",0.0197722987752795,0.269664215702995,0.787484845710376,0.816723548755835
"ENSG00000236924","RP11-390F4.6",-0.0232850457845878,-0.268948547233045,0.788035343725194,0.817124993493565
"ENSG00000271730","RP11-787I22.3",0.025706059820944,0.268085920849188,0.788699023939007,0.81764360764981
"ENSG00000265185","SNORD3B-1",-0.0240751456946368,-0.261280547210409,0.793940236138712,0.822906546578267
"ENSG00000115896","PLCL1",0.0182970314691601,0.259928969952416,0.794982282688382,0.823815836982779
"ENSG00000263639","MSMB",-0.0156518997009875,-0.259608957475847,0.795229061422435,0.82390080959639
"ENSG00000101076","HNF4A",-0.0120653654259419,-0.258234416417134,0.796289276667631,0.824828337132413
"ENSG00000235681","AC008746.5",0.0203257701391851,0.257230739542989,0.79706367394009,0.825459480053946
"ENSG00000165949","IFI27",0.0176335717388341,0.254633030565779,0.799068890900229,0.827364765893796
"ENSG00000171368","TPPP",0.0160007546597158,0.253168901242119,0.800199664034496,0.828364041443577
"ENSG00000254909","RP11-110I1.5",-0.02199386677767,-0.251175098245998,0.801740188032151,0.829786988234476
"ENSG00000171560","FGA",-0.0147056620017808,-0.250760846865878,0.802060358997506,0.829946563532187
"ENSG00000254866","DEFB109P3",-0.0226691380061157,-0.249768203522516,0.802827699022246,0.830568693381178
"ENSG00000119411","BSPRY",0.00720405643475022,0.248163284297698,0.80406874743376,0.831680541408523
"ENSG00000235351","AC114730.11",0.0219438724011635,0.247887181674364,0.804282301444706,0.831729370677049
"ENSG00000187556","NANOS3",-0.0131727215095865,-0.244429036717191,0.806958268593275,0.834324099041847
"ENSG00000005001","PRSS22",-0.00545822091364168,-0.243351167655108,0.807792805194177,0.835014270409527
"ENSG00000170091","HMP19",0.0150795952286578,0.242003075923309,0.80883686918873,0.835920699864335
"ENSG00000118271","TTR",0.015124350597379,0.23880269427016,0.811316848946246,0.838310445284404
"ENSG00000273036","FAM95C",0.0188751784119956,0.237632150559241,0.812224380102669,0.839074772833336
"ENSG00000160678","S100A1",0.0161295730661507,0.23634052922838,0.813226076907525,0.839936043077386
"ENSG00000273802","HIST1H2BG",0.0162201272179812,0.233061575718526,0.815770389800445,0.842249320840828
"ENSG00000261804","RP11-44F14.2",-0.0136602465105766,-0.233019962618831,0.815802692166426,0.842249320840828
"ENSG00000251381","LINC00958",-0.0146296380387695,-0.232388265955065,0.816293088177366,0.842581635195464
"ENSG00000197766","CFD",-0.0139420361086682,-0.231104045880131,0.817290270340495,0.843436811496899
"ENSG00000079385","CEACAM1",-0.0121245965622693,-0.226170689046635,0.821123707304074,0.847218022393803
"ENSG00000130948","HSD17B3",-0.0193178641239379,-0.225879691200515,0.821349960215122,0.847276624938232
"ENSG00000100373","UPK3A",0.0149439127822748,0.225583843254008,0.821579999377198,0.847339108268562
"ENSG00000235776","AC000089.3",0.00897720074069137,0.225101377964812,0.821955177451347,0.847551224429106
"ENSG00000186474","KLK12",-0.0195039697781155,-0.224182345299105,0.822669954935019,0.848113355603112
"ENSG00000163815","CLEC3B",-0.0105273247598759,-0.221284651163138,0.824924598671341,0.850262418750094
"ENSG00000255443","RP1-68D18.4",-0.0146477148880734,-0.219346340146614,0.826433572894987,0.851642181466392
"ENSG00000280334","RP11-361L15.5",0.0146279297047354,0.219093456121393,0.826630490480927,0.851669576015791
"ENSG00000156711","MAPK13",-0.00711742211945594,-0.217825238853073,0.82761819970221,0.852511536570056
"ENSG00000160183","TMPRSS3",-0.0130376428439433,-0.21655546878932,0.828607391970036,0.853354677621046
"ENSG00000144452","ABCA12",-0.0146652095988702,-0.214614989432186,0.830119614253684,0.854736011381471
"ENSG00000130054","FAM155B",0.0118959645046044,0.213579613547874,0.830926744618337,0.855390925075496
"ENSG00000239246","RP11-464D20.2",0.00773535372261891,0.211922354008866,0.832219037850078,0.856544913390364
"ENSG00000138152","BTBD16",0.0141167567943744,0.210045777206833,0.833682898161949,0.857874972383154
"ENSG00000111058","ACSS3",0.0112287590032364,0.204907726984873,0.837693876397924,0.861824975718029
"ENSG00000152137","HSPB8",0.0117863162528027,0.204589682510888,0.837942295361933,0.861903204445518
"ENSG00000255026","RP11-326C3.2",-0.0177580010370902,-0.20321227672925,0.839018349379055,0.862832527127782
"ENSG00000170629","DPY19L2P2",-0.0156441687522691,-0.202330218240391,0.839707587758922,0.863363754635947
"ENSG00000165929","TC2N",0.00946708742825518,0.200305519898644,0.84129014713547,0.864715225879178
"ENSG00000151789","ZNF385D",-0.0119594428274167,-0.200206046611478,0.841367914780441,0.864715225879178
"ENSG00000147206","NXF3",-0.0126520574169224,-0.199938058335107,0.841577434190254,0.864752809484437
"ENSG00000244538","RP11-10G12.1",-0.00530715674126963,-0.198556217289102,0.84265796743766,0.865685193587077
"ENSG00000012817","KDM5D",0.00588390510176195,0.194463072240728,0.845860344339068,0.868796573889757
"ENSG00000096006","CRISP3",-0.0161345252551271,-0.193693603514679,0.846462644545504,0.86923664463494
"ENSG00000170419","VSTM2A",0.0201036115116336,0.188270514229716,0.850710086789185,0.873255460538753
"ENSG00000276742","RP11-500G22.4",-0.0163068925068173,-0.188250883714509,0.850725469656854,0.873255460538753
"ENSG00000266844","RP11-862L9.3",-0.0119970306602054,-0.18772459487138,0.851137901407397,0.873499488308084
"ENSG00000130528","HRC",-0.00873087657857327,-0.181586035541379,0.855951431550209,0.878227616555922
"ENSG00000125954","CHURC1-FNTB",-0.0154343090894501,-0.181401420896866,0.856096280618712,0.878227616555922
"ENSG00000263934","SNORD3A",0.0150013527058144,0.179664125626304,0.85745960365785,0.879292076260547
"ENSG00000271880","AGAP11",0.00948190041334131,0.179630961784282,0.857485632769285,0.879292076260547
"ENSG00000049130","KITLG",-0.00976349015567871,-0.178493882453084,0.858378179322281,0.880026839575846
"ENSG00000077152","UBE2T",-0.0085385973826349,-0.176944400850843,0.859594731402675,0.881093410621848
"ENSG00000076864","RAP1GAP",-0.00697665071894882,-0.172829548641374,0.862827058998913,0.884225311538136
"ENSG00000254427","RP11-430H10.1",0.0145620704615196,0.171538668177392,0.863841557391066,0.885083562900682
"ENSG00000226386","PARD3-AS1",-0.0151615644567601,-0.170892898380862,0.864349150099974,0.885422198422427
"ENSG00000134716","CYP2J2",-0.00780502459588955,-0.16809181894136,0.866551521682117,0.887496437609706
"ENSG00000170011","MYRIP",0.0118639264815495,0.166400824368925,0.867881583709315,0.888539620215813
"ENSG00000182489","XKRX",-0.00697472610621044,-0.166344997569949,0.867925501026806,0.888539620215813
"ENSG00000198203","SULT1C2",-0.00921946583969483,-0.165549578763099,0.868551278135052,0.888972907246296
"ENSG00000186487","MYT1L",-0.0102400770664288,-0.165355058503907,0.868704324961081,0.888972907246296
"ENSG00000133134","BEX2",0.0100719305160149,0.164280986786245,0.869549483710407,0.889655702588916
"ENSG00000143001","TMEM61",0.00743043983763739,0.163716251538973,0.869993918957633,0.88981089385928
"ENSG00000133661","SFTPD",0.00781657796181994,0.163635983006935,0.870057092015604,0.88981089385928
"ENSG00000162552","WNT4",-0.0103891840409383,-0.162871942976654,0.870658449453066,0.890243813346694
"ENSG00000225125","RANP4",-0.00943715968465013,-0.161734728625153,0.871553662028286,0.890976959750855
"ENSG00000274266","SNORA73A",0.0128667203736712,0.157197294713806,0.875127149730005,0.894447209454216
"ENSG00000171564","FGB",0.0133671667768256,0.156485550837358,0.875687922030139,0.894837443317126
"ENSG00000162913","C1orf145",-0.00862990051625967,-0.156235349529786,0.875885066748272,0.89485601425038
"ENSG00000197977","ELOVL2",0.013839521905957,0.155697538186451,0.876308858283486,0.895078216750939
"ENSG00000101470","TNNC2",0.00915558936650888,0.155420255189057,0.8765273692133,0.895078216750939
"ENSG00000135114","OASL",-0.00962954927685845,-0.155277835797845,0.87663960548587,0.895078216750939
"ENSG00000278763","FAM27B",0.0140178732564837,0.154164025000177,0.877517450512407,0.895791599134756
"ENSG00000267605","CTD-3220F14.1",-0.00792271844283561,-0.153764094272587,0.877832691016747,0.89593048685114
"ENSG00000104413","ESRP1",-0.00215482921349928,-0.153049801642434,0.878395771702638,0.8963222160231
"ENSG00000204071","TCEAL6",0.00873607805162589,0.152243032583588,0.879031826153059,0.896788233169821
"ENSG00000162438","CTRC",-0.0116807111537657,-0.15019831271288,0.880644226943953,0.898249925483428
"ENSG00000163435","ELF3",-0.00320319256990975,-0.148034074315032,0.882351416252604,0.899807685348363
"ENSG00000205236","RP11-514P8.6",-0.0133593492749231,-0.146456207319258,0.883596411132338,0.90089356763085
"ENSG00000163898","LIPH",-0.00627184173322875,-0.145456507018234,0.884385360572317,0.901514129023769
"ENSG00000257542","OR7E47P",-0.00771817608292193,-0.142321388730902,0.886860293288303,0.903852724509073
"ENSG00000197565","COL4A6",0.00912927872539935,0.141763756303472,0.887300617360664,0.903941326058811
"ENSG00000204860","FAM201A",-0.0108044503712467,-0.141753386948565,0.887308805659329,0.903941326058811
"ENSG00000266835","GAPLINC",-0.00335271097371996,-0.141461525537351,0.887539282834143,0.903991936070628
"ENSG00000254995","STX16-NPEPL1",-0.0099021825566304,-0.140684726518684,0.888152752001181,0.90443253767941
"ENSG00000180921","FAM83H",0.00373596901863962,0.139002670385102,0.889481368374403,0.905601067373654
"ENSG00000107159","CA9",-0.0119343783195984,-0.13494258008897,0.892689612046183,0.908682422685447
"ENSG00000146054","TRIM7",0.00953423095911753,0.134418612467587,0.893103775481783,0.908918965481156
"ENSG00000237039","AC018738.2",0.0124368003978735,0.133457439341378,0.893863598203962,0.909507120679652
"ENSG00000109832","DDX25",-0.00757162826045418,-0.132534873414445,0.894592993112754,0.910064082515518
"ENSG00000019102","VSIG2",0.0109543540898395,0.130433720083634,0.896254529776283,0.911568887079214
"ENSG00000204253","HNRNPCP2",0.00291941366519855,0.129104667433614,0.897305745451413,0.912452456224744
"ENSG00000233175","CTD-2020K17.3",-0.00805341736371732,-0.126727252416065,0.899186613787305,0.914179151878106
"ENSG00000204099","NEU4",0.010929981894001,0.125863446253701,0.899870146562197,0.91468809367981
"ENSG00000260051","LA16c-390E6.4",-0.0108115945948328,-0.123384913223015,0.901831829538119,0.916495761725731
"ENSG00000274628","FAM95B1",0.0102362715504479,0.121059156248585,0.903673141471942,0.918075364964374
"ENSG00000213058","RP4-765C7.2",-0.0100815334399106,-0.120957810432042,0.90375338927093,0.918075364964374
"ENSG00000262074","SNORD3B-2",0.0112780557316717,0.12057880417163,0.904053503308076,0.918193686073609
"ENSG00000277150","F8A3",0.010415581301915,0.11883078603604,0.905437838970839,0.919412915283142
"ENSG00000229950","TFAP2A-AS1",-0.00318820638348012,-0.118076617488622,0.906035188754182,0.919832678938256
"ENSG00000277013","CTC-526N19.1",-0.00600342884251978,-0.115594367303141,0.908001664170449,0.921641965256242
"ENSG00000183092","BEGAIN",-0.00658869960201776,-0.114029703537038,0.909241505085855,0.92271311658804
"ENSG00000175175","PPM1E",0.00808801390181938,0.11331332053632,0.909809241693218,0.923048095801306
"ENSG00000260892","CTD-2026K11.1",0.00975525946282133,0.113107535809537,0.909972335517455,0.923048095801306
"ENSG00000054179","ENTPD2",-0.004811792414042,-0.112914381695928,0.910125422460087,0.923048095801306
"ENSG00000230847","RP11-195E2.1",0.00980245936280586,0.11219298688315,0.910697203326493,0.923440684776407
"ENSG00000234431","AC007283.5",-0.00447867709587837,-0.111563782189388,0.911195951718462,0.923759075140371
"ENSG00000258656","RP11-193F5.4",0.00959592177698101,0.100734841428387,0.919784999056503,0.932277517794956
"ENSG00000224016","RP11-728K20.1",0.00812728900628364,0.0984722024756656,0.921580845042349,0.933851685719563
"ENSG00000239268","RP11-384F7.2",-0.00572755929608572,-0.0983074629343375,0.921711613805209,0.933851685719563
"ENSG00000162782","TDRD5",-0.00470380559395436,-0.0980557260130018,0.921911444398463,0.933864915314488
"ENSG00000165553","NGB",-0.0066073523381712,-0.0973235679397497,0.922492664808899,0.934264396201032
"ENSG00000243566","UPK3B",-0.0053239648634502,-0.0963467134894676,0.923268200859128,0.934860470695755
"ENSG00000267512","CTC-250I14.3",0.0085406080663509,0.0902645576649126,0.928098509999742,0.939561156104213
"ENSG00000196353","CPNE4",0.00763209734180819,0.0894866614918489,0.928716492633183,0.939996450033586
"ENSG00000184731","FAM110C",0.00375600226196676,0.0847409218530366,0.932487561119153,0.943622304310011
"ENSG00000114790","ARHGEF26",-0.00354053693889852,-0.083931585821261,0.933130831137154,0.944082184477088
"ENSG00000269032","AC016629.7",-0.00721964626271205,-0.0824212343499188,0.934331393341974,0.945105597149478
"ENSG00000131747","TOP2A",0.00315377499259314,0.0821027159564572,0.934584599398414,0.945170509100338
"ENSG00000165215","CLDN3",0.00203904386589708,0.0812917421029261,0.93522931257417,0.94563125639451
"ENSG00000259933","RP11-304L19.1",0.00661485110215151,0.0776692162486441,0.93810968496354,0.948351694877462
"ENSG00000205089","CCNI2",0.00405657804009304,0.077430948885434,0.93829916691176,0.948351694877462
"ENSG00000276691","RP5-1057I20.5",-0.00639787922229623,-0.0769888017279506,0.938650793384344,0.948515353056127
"ENSG00000170689","HOXB9",0.00268617788441431,0.0726183903856309,0.942127085186989,0.951835810453616
"ENSG00000171388","APLN",0.00309315449314914,0.0703434887017708,0.943937018038502,0.953471735392426
"ENSG00000141469","SLC14A1",-0.00421172466632188,-0.0698223143141525,0.944351710375989,0.95369795028882
"ENSG00000263424","CTD-2541J13.2",-0.00505358463759485,-0.0693123992201777,0.94475745844915,0.953915042860611
"ENSG00000180806","HOXC9",0.00153821519471505,0.0679122215618085,0.94587167704362,0.954572682771438
"ENSG00000165061","ZMAT4",-0.00491669951959614,-0.0678608799619581,0.945912535149386,0.954572682771438
"ENSG00000219928","RP11-40C6.2",-0.00101372420242227,-0.0677741843401186,0.945981528626495,0.954572682771438
"ENSG00000272511","RP11-180N14.1",-0.00390514285240629,-0.0665502483333511,0.946955595517755,0.955362788052618
"ENSG00000165194","PCDH19",-0.00381789637022337,-0.0662825091794724,0.947168685798861,0.955384996771092
"ENSG00000275143","SCARNA16",-0.00571215789472356,-0.0631417101694832,0.949668687531384,0.957713480769851
"ENSG00000152939","MARVELD2",0.00197185188055518,0.0620683824825187,0.950523146034388,0.958381877429309
"ENSG00000070731","ST6GALNAC2",-0.00363786231536092,-0.0581649882569,0.953631047168315,0.96132162012935
"ENSG00000013588","GPRC5A",-0.00231195853377599,-0.0547164522831834,0.95637737735244,0.96389576431409
"ENSG00000244161","FLNB-AS1",0.00323951495306727,0.0540221527712085,0.956930364397692,0.964258730751403
"ENSG00000269929","RP11-2B6.2",-0.0043737151296653,-0.0533761803510278,0.957444879135465,0.964582791794746
"ENSG00000064270","ATP2C2",-0.00241621081169088,-0.0530364532954298,0.957715477668787,0.964661037136167
"ENSG00000125144","MT1G",0.00327804061776542,0.0506589294854559,0.959609351783162,0.966373969570153
"ENSG00000204837","RP11-204M4.2",-0.00336455272310817,-0.0498884898465947,0.960223113631033,0.966797335512518
"ENSG00000141576","RNF157",-0.00289580343334868,-0.0476815581969813,0.961981369741915,0.968372629093935
"ENSG00000087250","MT3",0.0035192223358465,0.0464527369916182,0.962960448907264,0.969163092700548
"ENSG00000164199","ADGRV1",0.00350221583764849,0.0452580542907044,0.963912381437107,0.969925922154465
"ENSG00000187583","PLEKHN1",0.00149183282501442,0.0444271911361463,0.964574450167296,0.970396831154221
"ENSG00000099864","PALM",0.00227328582880685,0.038913798045004,0.968968365249368,0.974473979228635
"ENSG00000205704","LINC00634",0.00213754188165619,0.0388528732757365,0.969016924944955,0.974473979228635
"ENSG00000180616","SSTR2",-0.00295555528545533,-0.0373411135230889,0.970221899733496,0.975417538229264
"ENSG00000188508","KRTDAP",-0.00268886735307393,-0.0369475709656125,0.970535591057198,0.975417538229264
"ENSG00000184292","TACSTD2",0.00104031757087722,0.036941474531891,0.970540450538118,0.975417538229264
"ENSG00000104611","SH2D4A",0.00203124116785659,0.0353863213514271,0.97178010189786,0.976467144189972
"ENSG00000280165","PCDH20",-0.00237233244753996,-0.0326361234503105,0.97397251850751,0.978473496591832
"ENSG00000272573","MUSTN1",0.0024713549942389,0.0302007639645812,0.975914115655702,0.980227114961533
"ENSG00000213214","ARHGEF35",-0.00139157758170961,-0.027652864789515,0.977945588237861,0.982070283428259
"ENSG00000231359","AC072052.7",0.00180126459080717,0.026253330374558,0.979061516738058,0.982993490700861
"ENSG00000109906","ZBTB16",0.00198871113772848,0.0250500781706445,0.980020971152894,0.983759256326937
"ENSG00000261701","HPR",0.00155495632746442,0.024634977532363,0.980351972671993,0.983893991039736
"ENSG00000164188","RANBP3L",-0.00149487850790738,-0.0235048452462407,0.981253157899135,0.984531118832196
"ENSG00000150051","MKX",0.00186196913796216,0.0233450046616263,0.981380619251933,0.984531118832196
"ENSG00000121858","TNFSF10",0.00134941385250687,0.0230049819758875,0.981651764431575,0.9846055811751
"ENSG00000257151","PWAR6",0.00125538490810312,0.0212114125292968,0.983082049609391,0.985842408352779
"ENSG00000189377","CXCL17",-0.000919284545475839,-0.016118164890995,0.987143950711815,0.989617740827506
"ENSG00000128165","ADM2",-0.00055375403521069,-0.0159384999076485,0.987287241525495,0.989617740827506
"ENSG00000050628","PTGER3",0.000894562594599317,0.0157462349954149,0.987440581797686,0.989617740827506
"ENSG00000003249","DBNDD1",0.000584809134425443,0.0130652580144097,0.989578832379038,0.991561956291621
"ENSG00000168491","CCDC110",-0.00044117501730511,-0.00975083312546182,0.992222400157043,0.994011621074978
"ENSG00000181649","PHLDA2",-0.000451491638206724,-0.00912955353783307,0.992717939869442,0.994308834003848
"ENSG00000223401","RP11-211G3.2",-0.000705865688954182,-0.0081327904906722,0.993512975286748,0.994905843467603
"ENSG00000124479","NDP",0.000500873705135914,0.00687498539191124,0.994516231461971,0.995711084763687
"ENSG00000215018","COL28A1",0.000380268039003164,0.00640084525933846,0.994894419592639,0.995719408071387
"ENSG00000260729","RP11-106M3.2",0.000474555114594712,0.0063652235743455,0.99492283254493,0.995719408071387
"ENSG00000232445","RP11-132A1.4",-0.00015042304762209,-0.00316542984615202,0.997475108455865,0.998037202615592
"ENSG00000269235","ZNF350-AS1",-0.000220592076426792,-0.00279956594195419,0.99776693741711,0.998037202615592
"ENSG00000154654","NCAM2",-0.000174264401630454,-0.00262543889146023,0.997905828832799,0.998037202615592
"ENSG00000183971","NPW",-0.000204624672527686,-0.00246073671028405,0.998037202615592,0.998037202615592
