sampleID,Z1,Z2,Z3,Z4,Z5,Z6,Z7,Z8,Z9,Z10,Final_Label
TCGA-C8-A1HL-01,-0.75408393,1.25444,2.731713,-0.5885361,0.5939719,0.02475053,-1.0620944,-0.69849825,1.3072435,-0.5500566,LumB
TCGA-EW-A2FS-01,2.0918527,3.386182,1.2620342,-2.2926657,0.8653811,-0.028853238,0.5259788,0.979386,-1.7732991,-0.67794997,LumA
TCGA-D8-A1JU-01,0.77599514,-1.7651519,-0.9168873,-0.10661063,-0.98346066,-0.5137368,1.2372851,3.7538779,-0.6168539,-3.8236156,LumA
TCGA-B6-A0RL-01,4.4499,3.891281,5.1877255,-2.4958675,-4.2837586,-1.8180647,-1.3903177,-3.0485642,0.3288625,7.6076474,LumB
TCGA-E9-A3HO-01,1.9827995,3.2567205,1.4306679,-2.1175983,0.23505239,-0.6011882,0.0090473145,-0.9990612,-2.8860168,1.8301661,LumB
TCGA-BH-A0B0-01,-0.1752901,-0.8841348,0.4499223,0.00021555775,0.9729771,-0.7636415,0.58506054,2.7040114,-1.1708739,-1.3749921,LumA
TCGA-D8-A1XJ-01,-1.8623196,-1.1351361,1.3973715,0.64946914,1.3337787,-1.2943223,-0.92386734,0.64784133,2.0173442,3.5397394,Her2
TCGA-E9-A1R4-01,0.24025868,0.15391566,-0.6182004,0.63911563,-0.7860222,-0.70833755,-2.7162216,2.5679102,0.24753961,0.1342179,LumB
TCGA-BH-A0BZ-01,-1.0038059,0.32968476,0.3267795,-0.33043417,1.4203908,0.29549688,-2.3137014,1.4939181,0.70963913,-1.193649,LumB
TCGA-C8-A3M8-01,1.4235432,1.7038702,1.0775708,-0.51020956,-1.1747004,0.040722787,-0.31980148,0.21338306,1.2895253,-1.0747955,LumB
TCGA-E9-A24A-01,-0.037465382,-2.95453,1.2489489,-0.026718494,-1.211567,-2.5536766,-0.5822272,2.7466908,0.06575345,0.3459824,LumA
TCGA-D8-A1JB-01,1.5039718,0.7976578,-1.6429434,0.65778875,-0.19519866,0.1646183,0.48284376,2.3599138,-1.8759375,-0.18455002,LumA
TCGA-E9-A1N4-01,-0.49347207,-1.1973647,-0.082087815,1.038799,-0.29932728,-0.6248909,-1.3549817,2.2843828,-1.5429299,-0.13584732,LumA
TCGA-C8-A12X-01,-2.5378985,1.4949245,7.119693,-1.6160294,-0.31558508,1.1849747,-4.449722,-4.53693,0.038632467,1.2380112,LumA
TCGA-A7-A13D-01,-1.2831085,-0.4305433,-2.0856686,0.85102576,0.1151696,0.028527007,1.769167,-2.2954361,3.4102373,-0.70912904,Basal
TCGA-A8-A07W-01,-0.4763426,-0.42600012,0.33729014,0.27121738,-0.21028729,-0.37433147,-3.0785496,1.1049752,2.0896604,-0.54016894,LumB
TCGA-AN-A0FN-01,-0.84722483,-1.6879061,-0.105677664,0.6875664,0.49814796,-0.14938153,-0.14143652,3.8431244,-1.7446035,-3.5786798,LumA
TCGA-E2-A1L6-01,2.2877755,-0.051396005,-0.3327113,-0.22347064,-0.52144724,-1.2208273,1.3190868,2.21039,-0.5997772,0.33226022,LumA
TCGA-GM-A2DA-01,0.17448404,0.9825171,1.4954137,-1.3088986,1.6438771,-0.87702966,0.61852443,2.2012255,-2.244406,-1.7152989,LumA
TCGA-A7-A0CH-01,1.0124894,-1.7793611,1.5929599,-0.9211799,-0.09045436,-2.7570198,1.5819682,2.2017612,0.62359273,1.4145426,LumA
TCGA-E9-A2JS-01,0.4819383,1.3330458,0.15317795,-0.7249455,-0.5426005,-0.048729964,-1.7754656,0.008901233,2.8292212,-0.44141853,LumB
TCGA-E2-A15P-01,2.1611416,-0.21492001,-0.26368397,-0.13131696,-1.038007,-1.5411779,0.8873482,2.151992,-0.59564275,0.3559331,LumA
TCGA-B6-A0WV-01,1.7506614,1.3913022,1.8500482,-1.0702343,-0.4805326,-1.4599758,0.8772414,0.25102392,2.165679,2.0962145,LumB
TCGA-A8-A07S-01,0.5772907,-0.87793064,2.1259835,0.1687774,-1.0934846,-1.876208,-0.24458212,1.5535338,-0.1554267,1.7758148,LumB
TCGA-GM-A2DD-01,-1.3964763,0.11931079,0.28054404,-0.6976026,3.6997108,-0.24446192,0.36708477,2.2266428,-1.9014276,-0.050549556,Normal
TCGA-D8-A141-01,-0.7736408,-1.5758209,-0.7661716,0.26282468,0.774743,-0.36443287,-0.7212267,3.4517827,-0.72214586,-1.1291009,LumA
TCGA-AO-A128-01,-2.2618964,0.15849766,-3.803119,1.3537558,2.5243082,1.1221873,-3.9471478,0.817725,-2.3740075,0.79491144,Basal
TCGA-EW-A2FV-01,0.4644352,0.65490544,-0.9098389,-0.2352833,0.5615784,0.47213262,-0.12468542,1.3916129,-0.27594975,-0.75296867,LumA
TCGA-B6-A0I9-01,-0.25411123,0.5528931,0.7213671,0.18177573,0.776013,-0.64270806,-1.3411555,0.47824362,-0.27331612,2.1198993,Her2
TCGA-E2-A1L9-01,-0.05881207,-1.134554,0.7453759,-0.59596264,0.8403556,-1.5115796,0.55659056,2.0501328,0.6472305,-0.99941015,LumA
TCGA-AR-A1AP-01,0.31217256,-0.42238152,-0.39532545,-0.08444102,0.17149498,-0.8387058,-0.19751856,1.5525475,0.4709229,0.36114818,LumA
TCGA-BH-A0H5-01,0.6454398,0.7058272,-1.4096638,0.92957896,0.61805403,0.17362653,-0.87298036,3.2339509,-4.158278,0.102001265,LumA
TCGA-BH-A0E6-01,-0.49167827,2.9652126,-0.11023863,-2.795193,3.6482716,0.8397145,2.2956195,-1.5075471,-3.372799,0.92811894,Basal
TCGA-D8-A1JA-01,-3.287139,-2.193564,0.38300782,0.88195974,1.7167352,-1.3884518,-2.2962267,1.2833385,3.7386978,2.4768243,Her2
TCGA-BH-A0BW-01,-1.8590677,-0.6436021,-5.339002,1.8896401,2.318394,1.6561403,-1.7475674,0.6515713,-0.29188964,-0.53157604,Basal
TCGA-AO-A0JG-01,1.2748374,0.7831212,-0.6672038,0.6262025,-1.308884,0.35714573,-0.045816496,1.8829076,-1.6616828,-0.91304857,LumA
TCGA-B6-A0WZ-01,0.7759927,-0.5036815,4.115478,-1.5775548,0.89497757,-2.9997838,2.1310194,1.1521324,1.6505032,2.0809867,LumA
TCGA-C8-A135-01,-1.4415181,-0.30499697,-0.010853119,0.3071325,2.3123295,-0.10711056,-0.08705852,1.5468041,-0.15523098,0.67144066,Her2
TCGA-BH-A0E2-01,1.007223,1.4019821,0.5597573,-1.2328742,1.3851857,-0.23088786,0.27724192,0.9623197,2.25679,-1.453704,LumA
TCGA-BH-A0BJ-01,0.9282474,-0.19291192,-0.025315471,0.017119695,-0.25989917,-0.731718,0.67788535,1.6066077,-0.5004562,-0.5870918,LumA
TCGA-BH-A203-01,-0.94403183,0.42299658,-0.0828138,-0.081629455,1.9299324,-0.08353691,-0.80354446,1.2749478,0.29563466,0.71785086,Her2
TCGA-BH-A0C7-01,1.6773762,0.67477936,-0.6557977,-0.26010606,-0.7934645,-0.60295415,-0.4821439,2.059615,1.0586157,-0.25205913,LumB
TCGA-AR-A1AR-01,-2.2160032,-1.2922316,-2.781498,1.0716767,1.4110928,1.4224784,-1.9580804,0.70787907,-0.51391923,-1.1095755,Basal
TCGA-D8-A13Z-01,-1.085013,-0.56483287,-2.09295,0.27673796,2.7116356,-0.17481896,-0.7325262,2.4230506,2.4678261,0.9385798,Her2
TCGA-A2-A0CU-01,2.2804005,1.9854206,0.73113847,-0.5496551,-1.7965951,-0.13794643,-0.3468277,1.2350076,1.2927878,-1.7714097,LumA
TCGA-BH-A0AZ-01,0.3068906,-1.0019977,-0.11091742,-0.4730381,0.5331695,-0.8800899,1.2279091,1.9029098,0.33719844,-1.9980793,LumA
TCGA-B6-A0IB-01,0.978594,1.8839645,3.7758458,-1.6422963,0.9054059,-1.6559557,0.4426676,-0.19737142,0.22345802,2.5765362,LumB
TCGA-A2-A1G1-01,-2.262058,-1.2129438,-3.5491538,1.4999689,2.051792,1.2633096,-1.9103831,-0.7960506,0.5446341,-0.67277265,Basal
TCGA-B6-A0RS-01,-1.7134796,-0.08486531,0.827085,0.12054719,3.096058,-0.6145772,-0.54570794,1.2301121,-1.2505352,1.4469302,Her2
TCGA-AR-A24H-01,0.2045603,0.970458,0.2930972,0.30988663,-0.5754073,-0.50794643,-3.0012372,0.63164055,0.09544231,1.0311149,LumB
TCGA-A8-A099-01,-0.8128199,-2.414208,2.7376025,1.7788961,-1.3048446,-2.0899494,-2.3590705,2.7272427,-1.2501423,2.4156125,LumA
TCGA-AC-A23H-01,-3.2147613,-0.82932377,1.0772889,1.0778444,1.2545681,-0.63137513,-2.4964542,0.6591325,3.9201286,1.855277,Her2
TCGA-A8-A09R-01,0.39793932,-0.12635857,-1.5181732,-0.1615543,-1.0850552,-0.46297383,-2.3760471,1.832568,3.1270304,-1.2970945,LumB
TCGA-BH-A0HU-01,0.6053199,1.3115746,2.4757955,-1.0463324,1.3648428,-1.5681146,-0.093894124,0.29875627,-0.41872343,2.418325,LumB
TCGA-D8-A1XC-01,2.2153141,-0.94412714,3.9540505,-0.07611274,-6.3572874,-0.12339753,0.08062566,-2.2630317,-1.5217779,3.373553,LumA
TCGA-EW-A1P0-01,-0.3207085,-0.82534903,2.4801555,0.25253478,-1.39586,-0.07732278,-2.8869734,0.10741634,-0.38876125,-0.6301956,LumB
TCGA-E2-A15M-01,-0.26053494,-0.31328845,-1.3741443,0.9684756,-0.039258063,0.50868773,-1.0475863,2.862177,-1.3987217,-1.3836215,LumA
TCGA-E2-A1II-01,-1.1226023,0.8786265,-3.9714918,2.1348503,1.9731464,0.38377875,-4.089494,-1.7297543,-3.3226974,1.810888,Basal
TCGA-A8-A09B-01,1.5260693,0.36170274,1.1324779,-0.7349598,-0.7637854,-1.6569968,0.07987917,1.5057319,0.50681657,-0.31560373,LumA
TCGA-A2-A0EV-01,-0.2936996,-0.5303489,0.38926214,0.10334093,0.42391053,-0.7146734,-0.9270475,1.8916249,-0.23495473,-0.13960768,LumA
TCGA-A2-A25B-01,-1.7793528,-0.8223913,1.460934,1.0168021,0.20150724,-0.32691723,-3.9455173,0.8806183,2.106843,0.38363564,LumB
TCGA-AO-A03R-01,0.9223424,3.0151732,1.6210539,-1.4264983,1.2444651,-0.67933834,0.43002355,-0.653535,-3.7851708,1.5696174,Normal
TCGA-A2-A0ER-01,1.5740976,1.334006,1.8445249,0.6885141,-2.112527,-0.7800234,-1.2200528,0.9260118,-0.48631302,0.6236367,LumA
TCGA-BH-A0B8-01,0.6748351,1.0448467,0.7728076,0.04661041,-0.9181487,-0.16179264,-0.81818753,0.24542807,0.9694693,-0.515149,LumA
TCGA-BH-A0BA-01,1.7455534,0.57483506,-1.3174175,0.10715619,-0.28283158,0.15756448,0.9589813,2.581279,-0.7379487,-0.76387966,LumA
TCGA-A8-A08J-01,-0.75466806,0.64369786,0.40976387,-0.26211363,0.99548393,0.21374811,-2.1036305,0.71536136,2.496796,-0.52898353,Her2
TCGA-A8-A0A9-01,0.37079227,-1.1700096,1.3914225,-0.16397458,-1.1875516,-1.7573609,-1.4710368,1.5603344,0.50261647,0.2701167,LumA
TCGA-BH-A0BM-01,1.4476335,-0.14441451,0.71301687,-0.62107223,0.6215202,-0.96487814,2.996443,2.5704865,-2.8025608,-1.0056019,LumA
TCGA-A2-A04T-01,-0.8756675,1.384728,-3.917201,0.33131048,1.2728839,1.5046997,1.4148608,-2.6086571,-1.7044554,-0.40310693,Basal
TCGA-E2-A14R-01,-2.1485815,2.043598,-2.0429344,-1.4651872,3.909143,1.3887784,0.7777568,-3.873069,-3.662426,0.65504265,Basal
TCGA-AN-A0XW-01,-0.37964532,-0.7847908,-0.6268234,-0.15344432,0.8895469,-0.5855659,-0.9705215,1.9353383,1.4802585,-0.63163114,LumA
TCGA-A8-A07J-01,-0.18635915,-1.9278488,0.6082673,0.3346063,-1.1463531,-0.8536746,-1.0389866,3.5835493,-0.72253156,-3.8228335,LumA
TCGA-A2-A0SX-01,-0.17185713,0.31581295,-3.787231,0.76975906,1.3173368,1.521503,0.10699537,1.6195455,-0.83311915,-0.91830796,Basal
TCGA-A7-A26G-01,-1.4506505,-1.4411463,-2.69024,0.6831648,1.39935,1.098991,-0.09192751,1.8930097,-0.24890175,-1.6755298,Basal
TCGA-BH-A2L8-01,0.8110589,0.77186227,0.017379265,-0.53168124,1.1293467,-0.4938513,-0.11206934,2.1243274,-1.1792434,-0.4432257,LumA
TCGA-BH-A0BS-01,0.533838,-0.573546,2.932109,0.91707027,-1.152492,-1.0772446,0.22973737,0.6595543,-1.3407705,2.7476597,LumA
TCGA-EW-A1P7-01,0.30138156,0.4233816,-3.4909115,0.47451898,1.0634341,1.8944455,1.1978822,2.8086307,-2.5119143,-1.5433595,Normal
TCGA-AN-A0AJ-01,-1.1488619,0.25921884,1.0761365,-0.14368103,1.6208543,-0.72355825,-2.9719179,1.0092034,-0.4363063,1.8869182,LumB
TCGA-B6-A0IC-01,3.6570897,-0.2127099,4.425637,-0.4345329,-5.462213,-2.4898546,-0.31680658,-0.22955324,-0.49120843,6.0879145,LumA
TCGA-BH-A0DO-01,2.9168928,0.018194392,-0.62759733,-0.37432536,-0.5147903,-0.9435666,2.3865263,2.3403478,-1.1528738,0.16323617,LumA
TCGA-E2-A14N-01,-0.92974895,1.1999278,-2.0753136,0.46816224,2.417945,0.12593426,-0.23671952,-3.4401355,-2.1615806,1.4525003,Basal
TCGA-GM-A2DF-01,-1.8312215,1.558781,-1.5371948,-1.710118,3.3954003,1.3960017,1.2938553,-1.472872,-3.0253432,-0.29601502,Basal
TCGA-BH-A0BG-01,-0.7991167,0.03702619,-3.140313,0.695578,1.8278799,1.207322,0.45605057,-1.0698693,-2.1331131,-0.63820535,Basal
TCGA-A8-A06Z-01,-0.05662934,0.30135077,5.2380767,-0.011199844,-1.9324155,-0.7486735,-2.4882438,-1.0822335,0.9111912,3.007258,LumB
TCGA-AR-A24W-01,2.4472756,-0.27325064,-1.68734,-0.21458152,-1.2955238,-0.12769109,2.637151,2.6931796,-0.24992745,-1.8204991,LumA
TCGA-AN-A0AT-01,-0.9603065,0.8871405,-3.8858805,1.3588688,1.056682,0.6633412,0.08734945,-3.0834491,0.38241744,-0.07174082,Basal
TCGA-BH-A201-01,1.4921466,-0.56792563,-1.0923991,-0.6617812,-0.13268076,-0.7662082,1.633737,1.529481,1.2712294,-0.94421,LumA
TCGA-GM-A2DL-01,-1.3332217,-1.0025415,2.0541425,-0.21573237,0.39984015,-0.6826791,-0.666589,1.0798111,-0.2478565,-2.2422383,LumA
TCGA-D8-A1XS-01,0.30652156,-1.0000148,0.58474815,0.036441643,-0.876481,-1.6633761,-1.2535826,1.6478624,0.81030643,-0.08310306,LumB
TCGA-A1-A0SB-01,2.8863459,0.068547145,-3.0508041,0.53475994,-2.6525462,0.14615597,6.708826,-0.1934689,1.8743911,-0.13666569,Normal
TCGA-EW-A1P5-01,0.6311634,-1.1095233,1.0225756,0.5135299,-1.3620869,-1.9424568,-1.7286066,2.332205,-0.21032812,2.116642,LumA
TCGA-BH-A1FN-01,-0.4149709,-0.8134054,-0.5802249,-0.076542884,0.57853854,-1.2461859,0.03420265,0.42054218,3.1764991,0.7676555,LumB
TCGA-A1-A0SJ-01,1.5570594,1.4555932,-0.22852308,-0.69873124,-0.26873678,0.3375321,0.3278068,0.9780017,0.8532597,-1.3652601,LumA
TCGA-BH-A18I-01,0.2523543,-0.9718639,-0.4839535,-0.032608416,-0.11423398,-0.8961671,-0.4629311,2.3471487,0.32421082,-1.0300238,LumA
TCGA-AN-A0FY-01,1.0317708,0.77323836,0.49081022,-0.7349836,-0.7382579,-0.82212234,0.21929413,0.4354834,2.2492125,-1.1633925,LumB
TCGA-D8-A27V-01,1.6985999,-0.7175031,-0.52562857,-0.17852706,-0.31168497,-1.0711993,1.5362962,1.8135884,-0.086013585,-0.06677444,LumA
TCGA-AO-A03U-01,-1.0183218,-1.7155627,-1.1934155,0.7956002,2.0064623,0.21397491,0.6189619,1.3366008,-0.9526859,-0.68945193,Normal
TCGA-E2-A14Y-01,-2.6876802,1.0102851,-0.39310312,0.09536091,4.9614697,-0.30654716,-0.015105121,-2.4290125,1.3501523,2.319454,Basal
TCGA-A8-A06Y-01,1.1549625,0.055638406,3.0034337,-0.8597536,-0.90225047,-1.8122526,0.56223524,-0.83517706,0.028493848,4.4954863,LumA
TCGA-AN-A041-01,0.037904836,0.5194571,0.8141568,-0.23801464,-0.17801414,-0.19215475,-1.1428261,0.43762833,2.3262134,-1.2536132,LumA
TCGA-E9-A1R2-01,1.7340013,1.3828069,-0.2160834,-0.5313341,-0.5490526,-0.32837957,-0.4934814,1.4798208,0.7154457,-0.6174783,LumA
TCGA-BH-A0B2-01,0.15210971,-0.5495659,-0.61284006,0.09404078,0.85242766,-0.16911773,0.41971174,2.477746,-0.9468194,-0.8794131,LumA
TCGA-A7-A0CJ-01,0.7515497,0.343275,2.1103082,-1.1090703,0.46866187,-1.5987804,-1.1169525,-0.06854437,-0.45315477,3.182987,LumB
TCGA-BH-A0H0-01,1.964975,2.7504432,2.4068182,0.012441166,-2.0637815,-0.37266183,-2.667295,0.23570071,-0.9430098,0.59112954,LumB
TCGA-AN-A0FW-01,0.7713679,1.5834779,1.1573339,-0.33657575,-0.5283242,0.07219283,-0.8114435,-0.03627567,-0.07881536,-0.5674996,LumA
TCGA-E2-A1B0-01,-1.7216746,-0.78757256,-1.288092,0.2872103,2.1474075,0.18825607,-0.6552922,1.5388259,0.6557787,0.32184672,Her2
TCGA-E2-A156-01,2.6147022,-0.46094126,4.240565,-0.0018366799,-4.828176,-2.9041348,0.17712227,1.0063015,1.1219054,3.322439,LumA
TCGA-D8-A1JP-01,0.10748235,-0.8528173,-0.4275686,-0.45135716,0.41679153,-0.9811897,0.21713385,1.4208205,1.3078265,-0.678302,LumA
TCGA-C8-A12K-01,-0.8736389,0.4388514,-3.7309794,0.71167254,2.4354892,1.0345956,-1.1318537,-1.1317399,-2.6433957,0.037293307,Basal
TCGA-AR-A2LE-01,0.65251064,-0.34246847,1.6398658,0.8711759,-1.5477486,-1.072722,-0.6724764,1.1137247,-1.1140324,1.5310655,LumA
TCGA-BH-A0HK-01,-0.096649274,0.3666924,0.7935431,0.28953257,0.89145875,-0.59988874,0.24983722,0.6057342,-0.92865175,0.89761984,LumA
TCGA-AR-A250-01,-0.92824566,-0.6299852,-0.4553425,0.14283624,0.5551116,-0.2745548,-1.9847571,1.6030381,2.3739488,-1.0853932,LumB
TCGA-D8-A1JG-01,-3.6802819,-0.68592393,-1.4722502,1.2302878,3.2558603,0.17950325,-4.0490336,3.1882648,1.1329788,2.1022286,Her2
TCGA-C8-A134-01,-0.20752883,1.2080302,-3.262821,-0.18104468,1.3028836,1.6929492,2.008057,-0.42124793,-1.638746,-0.68748623,Basal
TCGA-AN-A0FX-01,0.6046828,0.51328415,-3.408887,-0.102393515,-0.0017800959,1.2997059,3.8223133,0.25339755,0.61725664,-1.9254012,Basal
TCGA-A8-A0AB-01,2.1759913,0.2616077,0.8334385,-0.6043529,-1.3667694,-1.9719672,1.4566394,1.4270664,1.3813026,1.9570982,LumA
TCGA-C8-A275-01,-2.4262357,-0.00819426,-0.78500247,0.7763091,2.7225728,0.1491849,-3.122964,2.2384558,0.22790699,1.9797475,Her2
TCGA-BH-A1F8-01,-1.1027842,-0.532104,0.93157566,0.3847168,0.23310357,-0.7418812,-2.0496767,0.42694178,1.3385538,1.2610753,LumB
TCGA-D8-A1JK-01,-3.4313927,-0.8232907,0.0769009,0.3748777,4.613961,-0.39617395,-1.619063,2.5806026,0.23339434,1.4090284,Basal
TCGA-A2-A0YJ-01,-5.784014,0.16098014,-2.7642648,1.771358,3.5244887,1.6781293,1.9920224,-6.7417474,2.2085824,0.32143643,Basal
TCGA-A8-A08X-01,-3.8001492,-0.6316895,0.44767505,0.7060198,3.3364112,0.02185221,-2.6199076,1.0765048,-0.21926661,1.346629,Her2
TCGA-AR-A2LN-01,2.3665402,-0.7073135,-2.01366,-0.1155514,-1.4448305,-0.0814434,1.7772262,4.4916105,-0.8123451,-3.0205677,LumA
TCGA-E9-A1R6-01,1.120378,0.5524671,2.4736028,-0.21898058,-1.6864436,-1.5276316,-2.0001986,1.0971925,2.5404472,-0.8277429,LumA
TCGA-AO-A0J4-01,-0.70150155,0.27963656,-4.875814,0.96418095,1.352419,1.974254,1.5045266,-0.4084975,-0.9179542,-1.406774,Basal
TCGA-A8-A09A-01,0.54602545,0.049285628,-0.96919537,-0.22056152,-0.06583534,0.017096385,-0.29022458,1.0477834,1.3278067,-1.2176425,LumA
TCGA-A8-A08O-01,2.0896606,0.28024057,-0.1705009,-0.78229445,-1.2345941,-1.3203051,0.75309455,1.7405251,1.8815973,-1.1801035,LumA
TCGA-A2-A0SY-01,0.1756881,-0.2787835,0.20556724,0.42697138,-0.21497756,-0.45285618,-0.25517058,1.795622,-1.1876125,-0.9930781,LumA
TCGA-EW-A1PA-01,1.8459077,1.950274,0.044086486,-0.7217861,-0.5679394,0.04975763,-0.8778312,1.3427645,0.5870967,-0.9090376,LumA
TCGA-AO-A126-01,-0.47289458,0.4105994,4.104808,-0.9600461,0.515565,-1.5541316,0.49457282,0.86482763,-0.9488246,-2.3146937,LumA
TCGA-AO-A0J6-01,-1.3121825,0.73759913,-2.276007,0.38819838,4.0870557,-0.46224225,-0.83052313,-2.079778,-0.2491582,1.4851755,Basal
TCGA-A7-A13G-01,2.0741708,-1.3503255,0.9893489,-0.6910266,-3.4335659,-1.8060901,1.1554444,0.965509,-0.4396753,1.1254339,LumA
TCGA-AR-A1AS-01,-1.1583962,-1.6842717,4.1551456,-0.6936131,1.4500586,-2.82094,1.3165655,0.59589046,3.0165784,2.9351294,LumA
TCGA-C8-A1HJ-01,-0.51568276,1.8522735,-2.0658774,-0.20118113,1.1975131,0.8768388,1.410034,-2.555119,-1.5137312,0.5062218,Basal
TCGA-D8-A1Y1-01,-0.71964043,-2.2691648,2.6543238,-0.82827663,-0.49897936,-2.1789176,-0.88641024,0.72190356,2.593038,-1.8975776,LumB
TCGA-B6-A0IE-01,0.9640544,2.7249699,2.348907,-1.957057,2.0285144,-1.115733,1.1779096,-0.111872524,-2.1796515,1.3358641,LumA
TCGA-BH-A0DD-01,1.0774418,-0.3884158,1.2337502,0.41656098,-1.5478811,-2.0330296,-2.4385288,2.2828698,0.71571463,1.7337924,LumB
TCGA-A2-A0YT-01,-0.004982967,1.2654278,0.47247338,-0.03069717,0.39570457,-0.10784741,-2.031722,0.54648733,0.8934098,0.24911053,LumB
TCGA-A2-A0EN-01,-0.184541,-0.9320926,0.12997061,0.53918976,0.370629,-0.5366244,-0.08594276,3.0752804,-2.036957,-1.1802071,LumA
TCGA-E2-A10C-01,0.9112066,1.7267598,2.7406015,-2.4667974,2.994716,-2.0342894,-1.1718631,1.6571771,-1.1829726,1.4864507,LumB
TCGA-A2-A25F-01,-2.4931226,-1.0406694,-3.8668535,1.4187627,1.4460105,2.0904737,-2.713015,2.9179714,-1.843075,-1.8510706,Basal
TCGA-A8-A08L-01,0.1491673,2.3132877,-1.6865871,-0.8706497,0.44307506,0.5549101,-1.7249005,1.0074266,1.4053398,0.46920243,Her2
TCGA-A2-A0D4-01,1.7168143,3.5474234,2.929982,-1.0219446,-0.6397594,-0.21851021,-0.83013,-0.14608628,1.230435,0.24471967,LumB
TCGA-EW-A1IW-01,1.531944,0.25104415,-1.3474797,-0.3352523,0.37569818,-0.21588436,0.92504,2.3480506,0.52190715,-0.7646731,LumA
TCGA-B6-A0IQ-01,0.40888184,2.9964445,-1.723293,-0.9481583,2.1431344,0.4968785,1.332433,-3.1420653,-2.668228,2.0620244,Basal
TCGA-BH-A1EW-01,0.8846632,0.1492224,-1.1969974,0.5096494,-0.63013804,-0.5364758,-0.73713404,2.1824636,-0.049265757,0.13568448,LumA
TCGA-BH-A1FG-01,-0.14904462,0.8556859,4.1580462,-0.36994022,0.37618724,-1.4041922,-0.84195286,0.09793443,-1.1255715,1.6079776,LumA
TCGA-AR-A0TS-01,0.09086059,0.72740626,-4.834071,0.72240466,0.85220087,2.4197469,1.0691034,2.0997853,-1.8044529,-1.7497561,Basal
TCGA-A8-A06X-01,-1.9014364,0.57921445,2.4400868,0.31258243,0.97983056,0.08975683,-4.0485916,0.19697335,0.5209711,0.70471483,LumB
TCGA-D8-A140-01,0.98774755,0.9454428,0.49569395,0.54477787,-1.5249475,-0.26757622,-3.6165855,1.7444835,-0.56456226,-0.7429628,LumA
TCGA-A2-A0CZ-01,0.3595759,-0.3565678,-0.35872024,-0.32272303,0.53648883,-0.045671597,1.4164834,1.9584955,-0.92988807,-1.9368228,Normal
TCGA-AN-A0XS-01,0.1349157,0.049193844,1.3701761,-0.54975915,0.6360586,-0.8103075,-0.662006,2.7616792,-1.2143476,-2.0614555,LumA
TCGA-A2-A04Q-01,-1.0275332,0.40534502,-1.394533,-0.23108262,3.2219586,0.5565172,-0.027029987,0.7969156,-3.5406778,0.29794702,Basal
TCGA-A8-A076-01,-0.9959099,-0.7986261,0.029157057,0.10053563,0.6308618,-0.72087646,-2.038773,1.7936541,1.2086185,0.30265218,LumB
TCGA-BH-A0BV-01,-0.03212456,-1.004812,0.8176098,0.63206154,-0.63949937,-1.283945,-1.4131323,2.0787375,-0.60511273,0.522986,LumA
TCGA-E2-A109-01,0.26727393,1.8916408,0.029251248,-0.36530688,-0.2329647,0.48789692,-3.0824087,0.65301365,2.0363073,-1.0873383,LumB
TCGA-BH-A1FL-01,1.3591133,0.22479552,0.5626415,-0.19121042,-0.8595618,-1.3754424,0.124875225,1.666681,-0.5517261,0.4187014,LumA
TCGA-E9-A1NI-01,0.2548658,-1.0160294,2.630846,-1.0861837,0.5675992,-2.1642153,0.47496063,0.96487767,1.790501,-0.008830909,LumB
TCGA-A8-A07R-01,-1.1134937,1.0379595,-2.6426094,0.728124,1.7965125,0.07110593,1.729497,-2.40309,2.12084,-0.0034809187,Basal
TCGA-AN-A03Y-01,-0.007634718,0.6670459,1.9662371,-0.6806696,0.5536825,-1.134813,-1.9171126,0.019877484,-1.2148074,2.073794,LumB
TCGA-BH-A1FH-01,2.1329083,-0.4453538,-2.6410985,-0.4899606,-1.1431991,0.38119537,2.3715389,3.2596228,0.942318,-3.4753451,LumA
TCGA-AN-A0XN-01,-2.1364324,-3.0427248,0.66348803,-0.19523573,0.65467864,-1.6690497,-0.38852122,1.4323494,2.5409322,-2.3379366,LumA
TCGA-A1-A0SK-01,3.2357962,5.816333,-6.9964204,-0.5075854,-5.921093,0.9282296,2.8093653,-3.9664485,4.9447627,-0.36841765,Basal
TCGA-BH-A0AU-01,0.9657409,0.17385533,-0.5221838,-0.055298496,-0.66026175,-0.5684052,-0.8656093,1.7295402,0.87963253,-0.6608232,LumB
TCGA-AR-A1AQ-01,-1.6588626,0.6432772,-2.5124483,0.2252953,3.5944483,0.4559828,-1.6800407,-1.3489801,-1.9726006,0.9036585,Basal
TCGA-GM-A2DB-01,-0.559464,2.2753804,1.8143948,-2.1339662,5.4954886,-1.0399325,0.75795585,0.46665275,-0.58266914,2.5866325,Her2
TCGA-E9-A244-01,-1.5655382,0.1735079,-2.1962774,0.4972164,1.3969123,0.6698218,2.0470195,-2.6118503,-1.0855355,-0.5885918,Basal
TCGA-AN-A04A-01,-0.16337813,0.17492017,0.35637283,-0.5277402,0.85908836,-0.57521516,0.37549058,0.24261643,2.1692858,-0.70196646,LumA
TCGA-E2-A14O-01,-0.38196322,1.3546238,6.393709,-2.0403566,2.074436,-2.3680327,-1.4386024,-0.05131409,-0.564099,2.355517,LumB
TCGA-A7-A0D9-01,1.6585377,1.4863768,-0.2526063,-1.2180517,-0.40868992,-0.34827924,0.36501306,0.94179213,3.5582566,-1.5240899,LumA
TCGA-AO-A0JJ-01,0.8806262,0.33510068,-0.60048366,0.77964425,-0.37905103,0.021799982,0.23907405,2.7110028,-2.545087,-0.84667975,LumA
TCGA-E9-A1RE-01,0.5991858,1.3972937,1.7397106,0.22232716,-1.8384479,0.23616798,-3.8256905,0.10980614,1.1999027,-1.0670854,LumB
TCGA-AN-A046-01,-1.1890397,-1.1187876,1.8805499,0.1716667,0.656209,-1.2649597,-1.6101315,1.4937072,-1.5803342,0.3615367,LumA
TCGA-AO-A0JF-01,-0.10284828,-1.5613755,-0.2841657,0.20646226,-0.23167032,-0.6575878,0.41526347,3.1469057,-0.72194296,-2.6943939,LumA
TCGA-A2-A0T0-01,-2.3931553,-0.07992116,-0.5073546,0.08968626,3.1992414,-0.3630013,1.2640026,-1.9595464,1.1744035,0.16660148,Basal
TCGA-A8-A07P-01,-0.35330912,-0.3331197,1.9246073,0.67485005,-0.78041035,-0.7101696,-2.2929914,0.8029484,0.22974026,0.2986345,LumA
TCGA-A7-A3J0-01,3.715682,3.2582033,-0.8260374,-0.5235597,-3.4866464,0.30161566,0.282324,-0.38181353,-2.18864,1.5071498,LumA
TCGA-C8-A26Y-01,-0.15530588,2.1996934,-0.44659606,-0.80739677,3.54886,0.020511582,-0.16468975,1.1739656,2.30175,1.8023504,Her2
TCGA-A7-A26F-01,-2.5471501,-1.7051886,-2.084172,1.0550631,1.9508275,0.27150393,-2.1193166,0.2823834,1.526119,0.40073726,Basal
TCGA-BH-A1EV-01,-0.48682407,-1.7821931,0.77568495,-0.388839,0.783913,-2.140972,0.18690598,1.8681865,2.2913043,2.5416455,Her2
TCGA-AO-A03V-01,1.6238233,1.2939105,0.17278296,-0.85353583,0.04725129,-0.29911107,0.3752822,0.94159245,0.58214265,-0.34238774,LumA
TCGA-AO-A125-01,2.6278648,0.9570254,5.9529915,-2.4934907,-1.4222306,-2.5538878,2.430889,-1.5264585,-1.1066352,6.929044,LumA
TCGA-E2-A15E-01,2.609352,-0.08297639,-1.0958668,-0.7976939,-0.16246219,-0.98718655,2.4531715,2.008594,1.3115177,-0.14689995,LumA
TCGA-E2-A15D-01,1.2316062,0.037135296,0.2615968,-0.44826645,-0.36927238,-0.7353893,0.8350978,2.0140588,-0.22465044,-1.5244577,LumA
TCGA-A7-A13F-01,0.67012143,1.0306501,1.9524565,0.02129161,-0.7640504,-0.6205862,-0.24297911,0.38622722,1.0584118,0.15309143,LumB
TCGA-D8-A1J9-01,-1.6507443,-2.0950835,-0.3815537,0.27327675,1.2391231,-1.5798048,-1.0024747,2.0345838,2.941152,2.0259635,LumB
TCGA-AO-A0J9-01,-0.3837136,1.0406523,1.930143,-1.0907295,1.2616514,-0.6706247,0.6294347,1.2837517,-2.3569932,-1.6497422,LumA
TCGA-C8-A12M-01,0.5361286,2.7875962,1.451121,-0.110727906,-2.1533287,1.170898,-6.2654853,-2.0550249,0.59351146,0.099164024,LumB
TCGA-C8-A26V-01,-0.15671173,-1.7062969,1.0842938,0.15160748,0.22409919,-2.136074,-0.38163182,1.695568,0.59022814,3.2923195,LumB
TCGA-BH-A1FM-01,-2.1741283,-1.4016814,2.852299,0.076757774,-0.5255307,-0.63590986,-2.090342,-1.1662924,3.791104,-0.40993196,LumB
TCGA-D8-A1XK-01,-0.8020626,0.74864537,-4.253532,1.1364806,1.0408592,0.72663236,-1.5668579,-2.4131308,0.39708945,0.11677119,Basal
TCGA-BH-A0HF-01,0.5230307,-0.24202824,-0.16287276,-0.63364625,1.9051514,-0.52044475,1.1907867,1.974244,0.52273715,-0.7466408,LumA
TCGA-E2-A15S-01,3.1039975,4.773274,0.5440514,-1.744901,-2.8626866,0.1863211,-1.0754646,-0.84019595,2.5980875,0.27165097,LumB
TCGA-A8-A09T-01,-1.2808567,-2.7472403,4.147211,-0.28984326,-0.2246749,-2.5269177,0.75015074,0.5492879,1.7468396,0.2683439,LumA
TCGA-D8-A1X9-01,-0.34691647,-0.84900063,0.41100797,0.3799244,-0.7847061,-0.53287345,-3.3234067,1.4440447,2.3466156,-1.1794436,LumA
TCGA-A8-A09C-01,0.75751585,0.070341736,1.8123802,-0.7791593,-0.29148024,-1.502075,0.016086802,0.65682465,0.5991141,1.1596191,LumB
TCGA-D8-A1XG-01,2.6025934,-0.5533077,-0.36307865,-0.5245594,-2.7381618,-2.0127494,2.334792,1.133401,2.6327093,0.6533223,LumA
TCGA-GM-A2DK-01,1.3544536,2.9500077,1.9378465,-2.212219,0.83700603,0.022689223,0.6888829,1.1367434,-0.8998333,-2.3862193,LumA
TCGA-BH-A1FC-01,-1.8574504,1.3126773,-3.8692057,0.5205778,2.612125,0.95788586,-3.8718367,-4.064591,-1.7866844,1.0345758,Basal
TCGA-A7-A0DC-01,2.9570465,0.6357934,2.3434954,-0.8207938,-5.473972,-0.82349664,0.28016365,-1.0892727,1.4339801,1.1869674,LumA
TCGA-AC-A23C-01,0.52688336,-0.476476,-1.004309,0.04987937,-0.20175986,-0.77848864,-0.3710631,2.2294374,0.4233154,0.27419698,LumA
TCGA-D8-A1XM-01,0.53160053,-0.6479019,-1.5481691,0.46249425,-1.1154219,-0.25555736,-1.1446877,2.3747344,0.35617694,-1.3602055,LumA
TCGA-BH-A1EU-01,1.3737171,-0.6662492,-1.7395898,1.0812573,-1.868425,-0.35145828,-0.46423945,4.4395347,-1.949702,-1.7149117,LumA
TCGA-A2-A0YG-01,-0.80612636,-0.09226904,-0.23928756,0.33859587,0.5121156,-0.8971046,-1.3534391,0.9607987,1.6927271,2.563856,LumB
TCGA-B6-A0IG-01,0.74665767,1.3112094,1.6626518,-1.1050764,1.5385622,-1.2485411,0.036596015,0.77379036,-0.17258146,1.993444,LumA
TCGA-A8-A09G-01,-1.0216105,0.14983961,-0.14101045,0.9437377,1.1623787,-0.47405946,-2.0861423,1.56982,-0.6209438,2.4181764,Her2
TCGA-A2-A0T7-01,1.574795,-0.12141212,-1.8683673,-0.80956256,0.92253786,-0.19217148,1.3220595,2.2880127,1.9302523,-0.85934806,LumA
TCGA-E2-A10B-01,0.7915825,-0.23421216,-0.33870053,0.039812602,-0.68666303,-1.1223197,-0.6639577,2.0039344,0.6460154,0.08111509,LumA
TCGA-D8-A1XA-01,0.7176955,-0.64141023,1.1891648,0.27342188,-1.4691284,-1.6918055,-2.1100755,1.9826435,0.16341622,0.30702245,LumA
TCGA-AR-A1AJ-01,-1.4390489,-0.31596807,-3.9720058,1.0011507,2.0822442,1.7915214,-1.2675428,2.2922363,-1.5138977,-0.9076214,Basal
TCGA-BH-A0W4-01,1.9235744,-0.25154197,-0.32461795,-0.8312469,-1.0836366,-1.4560575,1.7284775,1.7865787,1.6354612,-1.1886306,LumA
TCGA-D8-A1JD-01,-0.44027606,-1.7768066,-0.030741267,0.20540334,-0.38034812,-1.7426205,-1.7989291,2.132735,1.4954946,0.23310368,LumB
TCGA-AR-A1AY-01,-0.5900983,-0.02820719,-3.5965881,1.0652543,0.2934219,0.21648882,1.0600477,-1.992025,2.1033819,-0.6383304,Basal
TCGA-D8-A1XV-01,0.79359025,-1.3918774,4.474376,0.41119513,-4.959931,0.1512794,-0.18479435,-3.090513,-2.5756948,3.9293911,LumA
TCGA-AR-A0TU-01,-1.2504557,2.734586,-3.5409796,-0.38276535,2.731657,0.966539,-0.85740954,-5.620091,-3.5337973,1.2651831,Basal
TCGA-A8-A093-01,0.98293614,-0.6110938,1.689319,-0.49040085,-1.0445582,-2.1431081,0.29150936,1.8478568,0.97622114,-0.09311716,LumA
TCGA-D8-A1JN-01,0.38565072,0.17613813,2.649024,0.081236854,0.8857832,-1.9634112,-1.0028522,0.8125001,-2.3016703,4.9488254,LumA
TCGA-AC-A2FG-01,2.6986568,0.21014501,-0.872537,-0.2338976,-0.94316244,-0.35008276,2.1339073,2.6024034,-1.3828396,-0.9441637,LumA
TCGA-E2-A15R-01,2.9936602,3.3297496,-0.3892193,-1.0455376,-4.2445273,-0.497333,-0.934989,-0.12005541,3.5911913,-0.4381392,LumA
TCGA-AR-A24P-01,0.96113145,-1.0389186,-0.659376,-0.38814428,-0.47881415,-1.6047918,0.3775841,1.9323109,1.0472023,-0.15226853,LumA
TCGA-AR-A1AU-01,1.9141191,0.7386731,-1.3199644,-0.4099738,-0.90004593,-0.00075891614,0.65874964,1.7141055,1.1798203,-1.6210454,LumA
TCGA-E9-A1NG-01,-2.2956004,-3.7025535,0.58498955,-0.25101203,1.1635252,-2.0626695,-0.12923099,2.7198665,2.1284542,-2.3808908,LumA
TCGA-AN-A0FZ-01,0.27339366,1.6783113,2.6644008,-0.93321633,0.20342003,-0.51807314,-0.08467241,-0.35645443,2.6411698,-0.09885295,LumA
TCGA-AN-A0FL-01,-4.2170067,0.073236585,3.42713,0.6577569,2.5080123,0.66189426,1.7030524,-4.897567,-0.13701169,3.6438227,Basal
TCGA-A2-A0YD-01,1.1055156,-1.1103541,-1.4399358,-0.12405055,-0.7276217,-0.60659194,0.26264703,3.4529216,0.022855435,-2.125413,LumA
TCGA-EW-A1J2-01,1.7840066,-0.95418185,-1.3801137,-0.45016655,-0.7331753,-0.88808876,1.2770177,2.892894,0.27021104,-1.497599,LumA
TCGA-C8-A12N-01,0.18707336,-1.8539993,2.5285337,-1.2865937,0.671123,-2.8306794,1.0769708,1.9728658,1.3004574,-0.95343095,LumA
TCGA-A2-A0CV-01,1.3370775,-0.785772,-0.08332449,-0.2318869,1.1964859,-1.3015088,2.5025465,2.3030336,-1.839511,0.02233066,LumA
TCGA-A8-A0A1-01,-0.021540444,-2.1964595,0.61252403,0.5496699,-1.5727899,-1.6785794,-1.5394843,3.7807531,-1.2234056,-1.6826494,LumA
TCGA-A8-A08Z-01,-0.66816556,-2.848534,-0.3912222,-0.25728127,-0.596601,-1.938571,-1.1282638,2.9124463,1.5554425,-1.824914,LumA
TCGA-AR-A2LL-01,0.64437395,0.108155414,1.0850912,-0.16776682,-0.5481467,-1.315284,-1.676562,1.5023891,-0.39917904,0.36376852,LumB
TCGA-BH-A0BC-01,0.30054522,0.034618855,0.3069929,0.25558022,0.155251,-0.58706397,0.010057397,1.2661085,-0.83644015,-0.1902695,LumA
TCGA-AR-A0TV-01,-0.09987211,1.4459507,2.1348715,-0.1278283,0.29780233,-0.18607438,-5.0726833,0.3710997,-1.8243042,1.6172892,LumB
TCGA-E2-A154-01,0.6457757,-1.7930949,2.6953716,-1.3044212,-0.13481045,-3.1930273,1.1896535,1.653356,2.3357153,1.9074069,LumA
TCGA-AC-A3OD-01,0.5047339,0.48642623,0.17457107,0.31339237,-0.49798548,-0.2865522,-1.2351333,-0.3100882,-2.4982743,1.5757551,LumA
TCGA-AR-A1AX-01,0.50610924,0.115248635,-1.9593955,1.0282826,0.073561765,0.1380636,-0.9434048,3.205765,-1.5832989,0.048831858,LumA
TCGA-AO-A124-01,-0.88311636,1.5033975,-3.3151033,0.9703798,2.444588,0.5692856,1.9064009,-2.8917391,0.77789044,0.51986605,Basal
TCGA-A8-A09D-01,-0.41134718,-0.3371627,-0.6681285,0.19842245,-0.4980391,0.5233066,-1.7006971,1.7320971,1.423574,-2.5380073,LumA
TCGA-AN-A0XO-01,0.8153637,-0.95956844,1.0622351,-0.6944294,1.000379,-2.0449235,2.8176115,0.79737556,2.9182196,0.8884501,LumA
TCGA-A2-A0D1-01,-2.442387,2.1961904,2.4408739,-0.6020254,1.772765,0.03629595,-1.6633582,-1.8422894,2.4065802,1.8831958,Her2
TCGA-AO-A0J3-01,1.9051683,3.070567,4.129084,-1.4786308,-2.976757,0.6900872,-3.1012602,-2.8742812,0.2578971,1.1463174,LumB
TCGA-A2-A0ST-01,-0.019773025,0.92198926,-2.6894176,0.59491664,2.10772,0.72764397,-0.12864675,1.2617983,-4.189885,0.57148427,Basal
TCGA-A2-A25A-01,1.7541173,0.24218355,-1.6525763,-0.057443075,-0.29071948,0.44929856,1.7280148,2.981226,-1.0540792,-1.9023988,Normal
TCGA-C8-A1HK-01,-2.0987058,1.30475,1.3281193,0.26186627,2.0034206,-0.22061928,-2.200292,0.12708348,1.7112417,2.2444575,Her2
TCGA-AR-A0TR-01,3.193671,1.4000769,2.8699434,0.26775068,-3.017802,-2.3769982,-3.0023086,1.7418283,-3.730929,4.639848,LumA
TCGA-E9-A1R3-01,0.017874587,-2.305149,0.19268674,-0.68714494,0.7020594,-2.2381399,0.9228629,2.499815,1.253648,-0.11514796,LumA
TCGA-E2-A1LG-01,0.554134,2.0566733,-1.4798663,0.42107108,2.9657977,-0.32075462,0.2834954,-1.7278854,0.595769,2.5300608,Basal
TCGA-E2-A1LK-01,-5.110216,1.4487965,-2.1307688,0.04682701,2.4509754,2.1666577,5.3970704,-6.678852,-0.9513615,-0.0902307,Basal
TCGA-B6-A0RT-01,0.20566078,1.0463402,-3.8670216,0.40766945,1.3910795,1.7590662,-0.15008768,2.246722,-2.963533,-0.6713189,Basal
TCGA-BH-A0HB-01,0.10635777,1.6142286,1.4967717,-1.1780578,2.2866137,-0.41983354,-0.38385746,0.5760914,0.214902,-0.1805701,LumA
TCGA-C8-A3M7-01,1.409473,0.30637708,-1.2060838,-0.2141409,0.17414254,0.7328142,2.2728417,2.7452242,-1.745861,-1.701019,LumA
TCGA-A2-A25E-01,0.8951657,1.3714517,0.6976756,-0.0591105,-0.6576057,-0.26628125,-1.1735823,0.3850324,0.10139636,-0.14753744,LumB
TCGA-A8-A07C-01,-0.9462687,1.0128942,-4.53304,2.1576343,-0.4531527,1.4536023,-0.9453787,-3.873354,-0.584871,-0.1928193,Basal
TCGA-E9-A245-01,3.4870894,3.0833943,0.10930394,-0.908448,-3.8527274,0.57688445,0.6766945,0.048851267,-0.899989,-0.17749773,LumA
TCGA-B6-A0X0-01,2.316136,-0.040452577,2.2144642,-0.858411,0.7101702,-2.4244223,2.1202219,0.79679865,-0.4291672,4.761922,LumA
TCGA-AR-A2LM-01,2.293449,-1.1423156,-1.4907012,-0.6741577,-1.3328944,-1.4172361,1.3645307,3.0382574,0.84548986,-1.4836342,LumA
TCGA-A8-A06Q-01,-0.028631885,0.477669,2.9856608,-0.25063154,0.5469524,-1.8425454,-2.1787312,-0.9219654,-1.0025772,7.058032,LumB
TCGA-E9-A1R0-01,1.142553,0.57599014,0.7735293,0.14229025,-0.985518,-0.34416586,-0.08858419,2.2108684,-0.80757993,-2.1410682,LumA
TCGA-BH-A0DZ-01,-4.143082,-1.1180304,3.1109333,1.1841873,2.13442,-0.8223927,-1.714134,0.72036415,1.6611836,0.39582416,LumA
TCGA-AN-A0XP-01,-0.2159588,-2.2824655,2.5769517,0.0126135545,-0.13004574,-2.5628839,0.18903223,2.2893295,0.021653783,2.1825204,LumA
TCGA-E2-A1IN-01,0.13111797,-1.2046033,1.4807252,-0.9610998,0.27620235,-2.09723,0.97282076,1.2219518,1.8694596,-1.0872382,LumA
TCGA-E2-A1L7-01,0.9932848,2.0931032,-1.3609767,-0.4959601,-0.15177743,0.39738142,-1.1535567,1.0815893,0.19308792,0.111627504,LumB
TCGA-A8-A095-01,1.1660609,-0.20951745,0.14449938,-0.11915905,-0.051808517,-1.6184617,0.5070665,2.2293324,-0.14763203,1.5024682,LumB
TCGA-BH-A0EA-01,2.0024836,-0.45870507,-0.97469354,-0.5033305,-0.84436524,-0.2231345,2.3334765,3.20286,-0.80306834,-2.456972,LumA
TCGA-E2-A15A-01,-0.2997679,0.73533463,0.3710258,-0.17605132,0.6456811,-0.20390265,-3.0338619,1.2802665,1.007663,-0.2286349,LumB
TCGA-E9-A2JT-01,-0.18081585,0.31519744,-2.0788538,1.3853472,0.31205684,1.0029798,-2.2051353,4.2686605,-4.3341947,-1.0839612,LumA
TCGA-BH-A0HQ-01,1.3279319,-0.575127,0.06330911,-0.9286265,0.44867527,-1.5296953,1.6457849,1.7672454,1.0926678,0.20218147,LumA
TCGA-E2-A3DX-01,0.8588013,-0.67865074,-1.6460705,0.55757314,-0.6622573,0.018149063,-0.058268838,4.0956464,-1.4453666,-2.0270839,LumA
TCGA-B6-A0I2-01,-1.744535,1.568979,-1.0636408,-1.2022951,5.0597296,-0.34300292,-2.155172,-2.706082,-4.2209578,2.6889815,Basal
TCGA-EW-A1PF-01,1.0210726,-0.30874845,-1.3469228,-0.110924564,-0.72818935,-0.330581,-0.26621953,1.9656645,0.97275054,-1.1648351,LumA
TCGA-A8-A084-01,-0.71582085,-1.6799226,2.2294717,-0.37729558,1.4819436,-2.7822123,0.19255865,2.5263407,2.5609522,4.2589784,LumB
TCGA-AR-A252-01,0.41836175,0.7197931,-1.6729351,0.74947757,-0.14345421,0.8363324,-0.7784221,2.767981,-2.175956,-0.7676869,LumA
TCGA-AR-A24L-01,1.3596576,0.1769536,-0.36656013,-0.6433768,-1.3860873,-0.932704,-0.10714094,1.1321515,3.0409737,-2.3831768,LumA
TCGA-AN-A0XR-01,0.8864683,-0.6440037,4.094965,-1.4488695,0.2810658,-3.004036,0.528767,1.7303813,1.9512664,2.993,LumB
TCGA-BH-A18V-01,-1.4433811,-0.6689,-4.4511905,1.4798465,1.8802066,1.4787774,-0.67263824,-0.4538732,0.058890928,-1.1115146,Basal
TCGA-BH-A0BQ-01,0.67222226,-0.9211891,0.30747575,-0.23403338,1.551352,-1.4005642,1.7544086,2.4076986,-0.7625162,-0.5266986,LumA
TCGA-B6-A0WY-01,1.8820941,0.43059072,-0.57442737,-0.8705631,1.2986491,-0.49826205,1.6522392,1.3860828,1.0222318,-0.084782496,LumA
TCGA-BH-A0C0-01,-0.1835355,1.1182568,0.2374369,-0.24744415,2.1192603,-0.8555507,-2.660767,2.1281526,-1.2030288,2.4627252,LumB
TCGA-A8-A09I-01,-1.4166517,-0.58796084,0.77181697,0.34383833,1.0586313,-1.052907,-2.8279696,1.5216229,0.65463716,2.1035168,LumB
TCGA-D8-A27L-01,1.8510927,-0.64267915,-2.0546257,-0.40974534,-0.9626999,-0.840309,0.1068464,3.3278701,1.2427702,-1.3890678,LumA
TCGA-D8-A1X5-01,-1.3854887,-2.3183694,1.597275,0.6820725,-0.68192965,-1.8958749,-3.6101277,2.294475,0.8542261,1.3227555,LumB
TCGA-C8-A12O-01,-0.5621221,-0.8564937,-0.6495508,-0.121577635,0.66554815,-0.71902984,-0.74805546,1.4951735,1.6556784,-0.3149323,LumA
TCGA-AO-A0JD-01,0.6453527,0.7180819,0.9762906,0.22173233,1.1324896,-1.5081842,-0.78685933,0.648816,-0.5479749,4.014753,LumB
TCGA-A8-A083-01,1.4096379,-1.2488873,4.7196884,0.18918672,-3.5053573,-1.6560283,-0.64150023,0.5625804,-1.5936257,2.8645124,LumA
TCGA-A2-A0YI-01,1.1232053,-0.5230209,-0.30420163,0.9460163,-1.0845302,-1.238101,-0.27813447,3.1919754,-2.2899177,0.11135338,LumA
TCGA-A2-A0CW-01,0.9752074,2.4795496,1.6742254,-1.0619086,1.2018051,-0.7856724,-1.6509064,0.5298584,1.4646256,2.0560038,LumB
TCGA-A8-A092-01,0.28456604,-0.13786373,1.0556474,-0.242038,0.17592125,-1.3536173,-0.9568823,1.0022446,0.88740224,1.7509899,LumB
TCGA-BH-A18Q-01,1.312531,1.0632838,-3.7639706,0.31746033,0.347252,1.5296301,2.9157186,1.0730766,-1.3216736,-0.8857469,Basal
TCGA-AO-A12B-01,1.3796594,1.449478,5.2569957,-0.20041314,-2.8340936,-0.3338244,-0.8694618,-1.2575349,-3.6539106,2.330062,LumA
TCGA-AN-A0FJ-01,-2.260289,0.5329299,-1.284865,1.8273729,1.2631536,0.87632644,-0.308461,-4.8612866,1.1703086,0.2659548,Basal
TCGA-GI-A2C8-01,-0.011029031,-2.3300946,-0.095964745,-0.26179433,-1.2158,-1.5887114,-0.12788188,2.1070082,0.46273512,-1.8295023,LumA
TCGA-AO-A12F-01,-1.1158569,1.0119553,-0.81052923,-0.29524848,0.70961547,0.90730166,2.2572446,-1.8122252,-0.6246836,-0.28963053,Basal
TCGA-BH-A1FD-01,-0.7301728,-1.7355201,1.1173124,0.13685715,-0.45992768,-1.4610739,-1.5882177,1.0840473,0.96638614,1.1480917,LumB
TCGA-EW-A1P6-01,0.88748497,-0.04757329,1.3730808,-0.8793089,0.31179854,-1.7769787,0.06137512,1.433617,0.66444564,0.1971826,LumA
TCGA-E2-A14X-01,-0.4461722,0.8081709,-2.7480843,-0.0021860225,1.3800814,1.4487277,1.5331204,-0.8494655,-2.2295396,-0.44297776,Basal
TCGA-A8-A09Q-01,-0.814525,-0.062211983,0.6142287,0.9225063,-0.048130307,-0.16162755,-4.26606,1.3001401,-0.8748518,0.27618453,LumB
TCGA-AC-A2FF-01,1.0644884,0.16407864,-1.5763555,0.27162886,-0.45907903,0.7455692,1.0043852,3.314281,-1.6360006,-2.2674365,LumA
TCGA-BH-A0BW-11,1.3884356,0.827463,-4.217454,0.828723,0.2875508,1.8511432,1.4184879,4.1626005,-2.8697646,-1.7286289,Normal_TCGA
TCGA-AN-A0AM-01,-0.06762329,0.9462627,0.40142342,-0.7744103,2.1825185,-0.50705534,-0.3492736,0.5906518,1.1081332,0.9125048,LumB
TCGA-D8-A1XD-01,2.323867,0.44943988,-0.20931995,-1.2470173,-2.3677783,-2.1000645,1.0821432,1.1632948,5.390379,-2.1571531,LumA
TCGA-D8-A27R-01,0.98572516,2.2431746,0.24798837,-1.2365429,0.96565706,0.42224777,-1.3181705,0.8299584,1.1090451,-1.3079569,LumB
TCGA-AQ-A1H2-01,0.588446,-0.8786991,3.1622105,-0.3280509,-1.2104838,-1.9745181,-0.934471,0.7489136,0.18332823,2.096716,LumA
TCGA-AR-A24O-01,1.0477047,-0.78327996,-1.4768165,0.16297525,-0.62946063,-0.16013572,0.6799053,3.2685082,-0.7112727,-1.8829203,LumA
TCGA-A8-A0AD-01,-0.11483537,-3.0848413,3.11184,0.011444039,-2.9610238,-2.2600229,-1.7151307,1.911917,0.85969144,-2.407533,LumA
TCGA-A7-A3J1-01,1.799017,0.36071253,-1.5438732,0.80622494,-1.687472,-0.3106591,-0.70685405,3.745903,-1.5897897,-1.1428871,LumA
TCGA-D8-A1JH-01,1.5702493,-0.91106874,-1.4894961,-0.14762564,-1.4806266,-0.7142207,0.3384662,2.8964553,0.53476495,-2.164936,LumA
TCGA-BH-A1FR-01,3.0768085,2.8937306,0.53389156,-0.21969555,-3.977063,0.58130974,-0.20354238,0.14014834,-2.1887693,-0.27777705,LumA
TCGA-A8-A06U-01,0.1717366,0.47429746,0.89224875,-0.20219645,0.8602521,-1.0147154,-1.0092566,0.6173263,-0.21251404,2.2051644,LumA
TCGA-BH-A0BT-01,0.59027505,0.46713516,1.9686172,-1.554994,1.8952892,-1.7693787,0.3861056,1.1804574,-0.6653154,0.5687301,LumA
TCGA-E9-A1RI-01,0.71139157,-1.1353045,-0.18629786,-0.5527168,-0.90725356,-1.632748,0.4704485,1.5986296,1.3385386,-1.6591426,LumA
TCGA-AR-A255-01,0.63718957,-0.57023376,-1.2359641,0.24492379,-0.622203,-0.46955466,-0.44289407,2.1626916,0.016074575,-0.5949161,LumA
TCGA-AN-A03X-01,-6.0817127,-3.7097607,7.510309,1.1854864,0.2760088,-1.5973772,-2.752052,-0.6786067,2.2515874,-2.4894328,LumA
TCGA-E2-A14Q-01,2.2637188,1.0880339,0.10141927,-0.76701814,0.2794507,-0.59281987,1.4787,1.6065663,-0.37273872,-0.15342605,LumA
TCGA-A2-A0ET-01,1.8465527,-0.17608407,3.0873764,0.96174973,-4.196129,-0.23015033,-4.006856,0.044197798,-2.6536024,1.3329449,LumA
TCGA-AO-A12A-01,2.1109362,0.13438423,-0.8131403,-0.43567705,0.23893012,-0.8296452,1.452003,2.1846814,-0.29375875,-0.19802043,LumA
TCGA-D8-A1X7-01,-0.14133953,-1.3651023,1.7910573,1.0359414,-1.8088568,-0.9288183,-1.0368664,1.2338833,-0.5960973,-0.091142505,LumB
TCGA-A8-A08B-01,-0.9709027,0.4993367,3.2693472,-0.15666017,3.712412,-2.4745185,-2.5379684,0.7177285,-1.786767,9.046736,Her2
TCGA-AN-A0FS-01,1.7798434,-0.31662554,-0.35866544,-0.30758768,-1.314351,-0.6449893,1.7905169,2.0659447,-0.04067861,-1.7723206,LumA
TCGA-E9-A226-01,-0.54265356,-2.67599,1.4920356,-0.85765046,0.37709752,-3.675484,0.20064902,2.450734,3.966037,1.4393537,LumB
TCGA-E9-A1NF-01,-1.990361,-1.8855369,1.1278217,-0.012683094,1.4278225,-1.1447169,-0.15588358,1.6551833,1.1461238,-1.6840938,LumB
TCGA-B6-A0RH-01,-0.20320916,0.16373533,2.2286882,-1.0848866,2.8724062,-1.592814,0.85579675,0.7995381,0.22941154,1.212357,Her2
TCGA-BH-A0DL-01,-1.3557,0.29347396,-2.6007624,0.06270577,4.6296678,0.4815343,-1.0174931,0.43462318,-0.48043892,1.4130383,Basal
TCGA-B6-A0RV-01,1.7248527,0.83276534,-0.28388858,0.3480194,-0.18834007,-0.5704555,0.5132535,1.4005148,-1.3869444,0.8181435,LumA
TCGA-D8-A27F-01,-1.3816974,-0.50505054,-4.232181,0.7566204,1.1085161,1.3526932,2.0212412,-1.2175932,1.7678442,-2.0647962,Basal
TCGA-E9-A1RB-01,0.59308916,-0.18592617,0.87299,-0.3324674,0.6942779,-1.4905472,0.17739853,0.44988346,0.59129024,2.3273687,LumB
TCGA-AO-A1KR-01,-0.93897796,4.3284254,1.818292,-2.6930432,4.817984,0.06290628,2.5328937,-4.056459,-4.312586,4.60379,Basal
TCGA-AN-A0AL-01,-1.7651625,-0.8010951,-1.4186841,0.45568946,2.9331605,0.53774446,-0.064905755,0.73883086,-0.83336663,-0.07809691,Basal
TCGA-E2-A1LI-01,-1.2732711,1.16679,-3.463238,-0.0498861,2.1075358,1.4502598,1.8901306,-2.4491522,-2.513812,-0.34541675,Basal
TCGA-E9-A3Q9-01,0.8508145,1.5785117,3.2032301,-0.117277645,-2.6869087,0.4760027,-0.27375525,-0.11591212,-5.2880898,-0.47116503,LumA
TCGA-B6-A0WW-01,-0.6572321,-0.19768414,2.2740753,-0.016998187,0.6465144,-1.0888293,-1.0131615,0.6674964,1.0385054,1.0689145,LumB
TCGA-AR-A1AI-01,-2.0200992,0.16984135,-3.2687795,1.3671466,3.1359353,0.560483,-2.8770077,-1.7893325,-1.4682552,1.4448562,Basal
TCGA-BH-A18R-01,0.607086,1.2534534,-0.902087,0.16819409,-0.48846412,-0.20177233,-0.9924493,0.7841678,0.20290099,0.9476823,Her2
TCGA-D8-A1JL-01,-0.43360212,-0.16045544,-4.0458865,0.89800113,1.2556703,1.1559935,0.018084787,0.86961883,0.4404342,-0.838732,Basal
TCGA-A7-A0DB-01,0.6581488,-1.6693386,0.74865174,-0.52697134,-1.7410278,-1.2693816,1.2302083,0.94979686,-0.15344554,-0.58423084,LumA
TCGA-EW-A1OW-01,-1.0155385,-0.06416125,-3.6836855,0.49049035,1.2015462,1.3621182,2.4467902,-1.1720989,0.28229368,-1.5823735,Basal
TCGA-B6-A2IU-01,2.4857254,1.1020752,1.7350643,-0.67875063,-1.3583206,-1.7974837,0.53523284,1.8167648,0.05479398,0.38081938,LumA
TCGA-C8-A137-01,-4.361284,-0.49105912,3.540462,1.4114991,1.8270724,-1.0508008,-1.65365,-0.6074718,2.6135056,3.267739,Her2
TCGA-BH-A18H-01,0.0673613,0.73830163,0.79768956,0.10719398,0.70881337,-0.62710726,-2.1673274,1.4704456,-2.1335418,0.7292941,LumA
TCGA-A8-A08R-01,-1.458611,-0.32470405,-3.9828634,1.1568288,1.4992312,1.6499326,-0.096346565,-0.7344661,-0.88467044,-1.0886486,Basal
TCGA-BH-A0C1-01,0.15242676,-1.1071548,-0.54365444,-0.044822033,0.4146123,-1.236293,0.12661502,2.24085,0.27629098,0.890344,LumA
TCGA-BH-A202-01,-0.6749276,-0.8415291,-0.40070966,0.66398096,0.9323246,-1.1373855,-0.8688464,1.0771527,0.49421042,2.488255,LumB
TCGA-C8-A12V-01,-0.20500466,0.657125,-3.2592995,0.71518767,1.7063648,1.0647256,-0.5659616,1.1392478,-3.9004705,0.1148974,Basal
TCGA-A7-A26E-01,1.0800531,-1.8872116,0.5261475,-0.38793337,-2.0058398,-1.7328987,1.2365661,1.2897419,0.07552977,-0.051182415,LumA
TCGA-AO-A03N-01,-2.3250337,-0.61893475,6.6484084,-1.0316343,3.2931223,-2.7002118,1.1660529,-0.12771739,1.089786,2.8656871,LumB
TCGA-BH-A0HO-01,0.10201271,-1.2111033,2.6686988,1.4866995,-2.822911,-0.54204166,-1.2286365,0.7603203,-2.049719,0.32596484,LumA
TCGA-AR-A1AN-01,-0.5758157,-1.1589844,0.8141333,0.2413634,-0.21462667,-0.7779411,-0.26700252,1.7486035,-0.69843835,-1.2999135,LumA
TCGA-A8-A09X-01,-3.8895943,-0.7282724,0.38345152,1.158732,3.3067834,-0.017803952,-3.779654,2.3060298,-0.5776988,1.5657529,Her2
TCGA-AR-A254-01,-0.9947119,-0.70072883,-1.0424029,0.63849306,0.5084796,-0.22643942,-1.6639569,1.646293,0.3177334,0.35658792,Her2
TCGA-D8-A27E-01,2.126084,-0.1255393,2.8715975,0.5879359,-5.4455314,0.37093705,0.09960558,-0.041770507,-4.0046353,0.43398222,LumA
TCGA-AC-A3HN-01,1.1119355,-0.7741344,-1.3542355,0.088385075,-0.79497963,-0.30893794,0.33889312,3.316982,-0.64747727,-2.0273774,LumA
TCGA-A1-A0SF-01,1.8246102,1.3070775,0.33714145,-0.7739467,0.8089471,-0.86702335,0.8734003,1.8176835,-1.4498333,0.1998496,LumA
TCGA-EW-A1J5-01,1.3346555,0.11493129,-0.8983953,0.7946134,-1.3558172,-1.153877,-1.363087,2.862241,-1.3765621,0.6469153,LumA
TCGA-D8-A27T-01,-0.006551642,-1.3992327,0.3388427,0.40583465,-0.9769287,-1.0748571,-1.2649478,3.26625,-0.8617093,-2.0758958,LumA
TCGA-B6-A1KN-01,0.3214226,0.21883357,-0.08737062,-0.30107734,0.7776123,-0.7289692,-0.04003392,1.1048347,0.6569917,0.75953823,LumB
TCGA-D8-A1JC-01,0.5142045,-0.17686263,-1.2198747,-0.29998028,0.19638078,-0.84512603,-1.1542637,2.1437218,2.4484637,-0.053699035,LumB
TCGA-AC-A23E-01,-1.0821534,-3.1056464,0.63822055,-0.35920322,0.14417796,-2.310334,0.38532397,1.871289,1.973169,-0.772324,LumA
TCGA-EW-A1OZ-01,-1.183519,0.16015878,1.8107313,-0.012010192,0.7419741,-0.19356033,-2.1843429,0.38166258,0.83883595,-0.08022848,LumB
TCGA-A8-A09W-01,-2.8157392,-0.89081675,2.706633,1.3066043,0.7362604,-0.5090305,-3.358943,0.67343926,0.82397324,1.5113517,LumB
TCGA-B6-A0IM-01,0.6939425,-0.07609733,1.6548854,0.20015594,-2.2860854,-0.62216645,-1.5913804,0.40960342,1.9794976,-1.6329862,LumA
TCGA-E2-A1IG-01,0.9586045,0.8134345,0.65422964,-1.0118235,0.0059202113,-0.771557,0.39457014,0.72250015,3.3178139,-2.0510812,LumA
TCGA-BH-A1F0-01,-1.1134117,-0.35890234,-3.5631156,0.66294795,1.8179231,2.029714,-0.21977338,2.4444647,-1.8100765,-1.6634053,Basal
TCGA-EW-A1PD-01,1.029418,0.06177958,-0.45984086,-0.33204684,-1.2690156,-0.33978707,0.40439096,0.9382016,1.2885485,-1.8215826,LumA
TCGA-D8-A1J8-01,-1.5872808,-1.6871272,-0.42694744,0.67016387,1.3665689,-1.4715469,-2.1053512,2.323272,1.5911235,2.5544734,LumB
TCGA-AR-A24N-01,-0.10745905,-1.5060608,0.92896175,0.12583685,-0.338078,-1.807988,-1.0941676,2.0293803,-0.022345193,1.0875418,LumB
TCGA-A2-A0EQ-01,-1.4043212,1.3391353,-0.2104479,0.01967684,2.0216868,0.3336944,-3.8836484,0.46410194,-1.553085,0.92674446,Her2
TCGA-C8-A131-01,-2.771955,0.17904845,1.6117706,-0.7708282,5.6965976,-1.2404506,1.324836,1.5882684,0.6062777,1.3950965,Basal
TCGA-AR-A24M-01,0.78636336,-1.7452304,-0.20468879,-0.38684684,0.068731934,-2.0084777,1.6519078,2.015477,0.7019081,0.2565137,LumA
TCGA-BH-A1FJ-01,1.1653233,-0.21155933,2.1252656,-0.1576815,-1.3128252,-2.1891415,0.32799676,1.3036064,1.0317292,2.6217139,LumB
TCGA-AR-A1AK-01,1.7684138,0.6467502,-1.6793561,0.7395886,-1.0911441,0.016524121,-0.27492765,2.8888774,-0.88033855,-0.79040307,LumA
TCGA-E2-A1IF-01,0.9428221,0.72638017,1.5500058,-1.5733021,2.281978,-1.2412943,2.2735794,2.1935766,-1.0567799,-1.0654289,LumA
TCGA-E2-A1L8-01,-0.024360012,-0.8116319,2.5547965,-0.38038254,0.28776985,-1.9698594,0.08031034,2.3367608,-1.2156616,-1.2504547,LumA
TCGA-AO-A0JE-01,-1.985354,-1.0594217,-0.32267496,0.30587524,2.9743752,-0.4705177,-1.1299399,2.8377612,0.3881995,0.958974,Her2
TCGA-E2-A158-01,-0.5806765,3.48958,-3.0478277,0.14877869,-0.78350246,2.0992293,3.303748,-5.2944126,-2.1733947,1.0678223,Basal
TCGA-D8-A27I-01,1.5517833,-0.07079785,-2.001106,0.1962298,-0.6952964,0.36549616,0.66876197,3.413921,-0.47755992,-2.278877,LumA
TCGA-BH-A0H3-01,1.068001,-0.85746866,-0.82742584,-0.32870516,-0.18027239,-0.57074356,1.4815645,2.2077336,-0.19582345,-1.5294058,LumA
TCGA-AR-A0TX-01,-1.2897105,-0.1907976,-1.3603855,0.6804987,1.3517487,0.489116,-2.1859488,2.6425738,-0.49442527,0.10328783,Her2
TCGA-A8-A07L-01,0.16363251,0.85596025,0.3851123,-0.2927982,-1.0223486,-0.40710843,-1.6667098,-0.23779729,3.5073638,-0.0099510625,LumB
TCGA-A2-A0SV-01,-0.5319223,-0.6970125,1.9451978,-0.813656,1.2575009,-1.4360739,-1.3658313,1.1192083,0.24850076,0.14439717,LumB
TCGA-E9-A1RD-01,1.2110176,-1.5517555,1.0435251,-0.0389429,-1.390935,-2.6126082,0.2827096,2.741523,-0.37299907,1.5224655,LumA
TCGA-A2-A04U-01,-1.5939614,3.438353,-1.1330112,-0.9036329,0.976065,1.7684587,3.2648695,-4.8769665,-1.7457645,1.0320302,Basal
TCGA-AN-A0FT-01,-1.7013934,1.2113304,5.070745,-1.4564856,2.1969612,-1.0760093,-0.4651263,-0.6686995,-0.1852768,-0.06373112,LumA
TCGA-A7-A26J-01,0.7527028,-0.9648672,0.032734517,0.008158913,-1.2954252,-1.3193156,-0.32144842,0.97460914,-0.06749294,0.84839064,LumA
TCGA-E9-A1NE-01,0.7817451,0.71965194,-1.9694215,0.9718281,-0.26679492,0.5660986,-0.8708839,2.8445551,-1.3823692,-0.5315693,LumA
TCGA-AO-A0JM-01,-1.9450419,-0.6756399,2.2839084,0.6014069,0.8072395,-0.57814866,-1.9175972,0.8549923,0.9673121,-0.23830208,LumB
TCGA-E2-A1B4-01,1.6989989,-0.48184043,3.7029817,-1.653889,-0.62414426,-2.7626462,2.7200384,1.6712102,-0.78990644,0.72181094,LumA
TCGA-BH-A0BR-01,-1.1350311,-1.9742572,-0.31933597,-0.25750902,1.72534,-1.1654462,0.14755124,2.6515841,1.5072062,-0.19494092,LumA
TCGA-BH-A0H9-01,1.2119492,1.1007743,0.6639657,-0.58381325,0.50164557,-0.6927559,0.46792555,0.7541753,0.44470334,1.0143363,LumA
TCGA-B6-A0IJ-01,-1.1427993,1.1840435,-2.771871,-0.19515298,3.7545924,0.5034461,-1.0566607,-1.8692324,-3.064183,1.1202108,Basal
TCGA-AC-A2QH-01,-3.2224152,-5.433888,-0.83795357,2.413226,-8.074739,3.5616405,1.430401,-10.471822,5.83737,-3.3740025,Basal
TCGA-A2-A1FW-01,0.5177553,1.1747615,0.19503823,0.28473565,-1.6889826,0.5125298,-2.543135,-0.07898696,0.7772683,-1.1782544,LumB
TCGA-E9-A243-01,-1.370284,-0.5372492,-2.5974514,1.3692825,1.9337305,0.92727137,-1.7869503,1.8160706,-1.8966743,0.3467127,Basal
TCGA-A2-A0EO-01,0.51924115,-0.62455344,0.10495295,-0.222317,0.52584976,-0.93714833,1.212597,1.5297648,-0.49532583,-0.80733156,LumA
TCGA-AN-A049-01,0.1907195,-0.27624366,0.38179144,0.35294026,-0.36460343,-0.86498564,-0.8932069,1.523254,-0.2851699,0.20575668,LumA
TCGA-A2-A04V-01,-0.35702682,0.07014425,3.9483817,-0.49095312,-0.64492,-0.77706504,-0.77803874,0.04813739,0.05701294,-2.0144057,LumA
TCGA-E2-A14T-01,1.964603,3.1142898,1.2367563,-1.2298002,-0.35861224,0.35473865,-1.0090896,0.12890911,1.0293337,-1.0010709,LumA
TCGA-E2-A1LL-01,-0.25119144,0.75603694,-0.76184285,-0.122228846,3.5669308,-0.23507762,1.5124716,-0.2011499,3.124804,0.6294196,Basal
TCGA-EW-A1P4-01,-0.73740184,-0.10626259,-3.377907,0.73744994,2.665218,0.677793,-0.785722,-0.35659018,1.083176,-0.06272206,Basal
TCGA-A2-A0T4-01,0.34041005,0.15286793,0.02648754,0.027389636,0.118080795,0.037302822,-0.20108837,1.892989,-0.27754825,-1.8149066,LumA
TCGA-BH-A0W3-01,2.2390664,-0.37813485,2.6031108,0.59101695,-2.8293169,-3.122873,-1.242897,2.9309318,-1.2830586,4.2395997,LumB
TCGA-A8-A08G-01,0.9891432,0.724528,0.41953602,-0.14551684,-0.6256666,-0.72432065,-1.4186611,1.326831,1.0385153,-0.34745473,LumB
TCGA-EW-A1IX-01,1.7720839,-1.6442393,-0.60276186,-0.22459736,-2.378389,-1.8323143,0.08519805,3.2893603,0.34604278,-2.3986235,LumA
TCGA-A1-A0SH-01,-0.5127514,-2.8270824,-0.35810095,-0.75649655,0.6157362,-2.184924,1.6513859,2.2103207,2.1486628,-1.923917,LumA
TCGA-C8-A1HG-01,0.15681729,3.5162714,1.1501274,-1.6743207,1.7570175,0.63162977,-2.4531946,-0.6967773,-0.88459164,-0.42634854,LumB
TCGA-E2-A10E-01,1.0770836,-0.49278426,0.25055405,0.12649602,-0.8120379,-1.676468,0.032749534,2.0235634,-0.51818097,1.6381922,LumA
TCGA-D8-A27N-01,-1.8526138,-1.0019466,0.49621534,0.4790666,1.1451436,-0.124278545,-1.7694149,1.8546091,0.5069182,-1.2199181,LumB
TCGA-A2-A0CS-01,-0.93098384,-2.273076,4.654162,-0.7556662,0.8564711,-2.9947853,1.2925673,1.1721779,0.5336414,-0.4412336,LumA
TCGA-A1-A0SG-01,1.275296,0.3557749,1.1004502,-0.98454297,-0.02863353,-1.2656609,-0.15479356,1.8301572,1.05343,-1.3945875,LumA
TCGA-E9-A22A-01,-1.0132521,-0.065345265,0.9873799,-0.35260162,1.5475056,-0.14442018,-1.3657387,1.4468693,1.0857794,-1.8910543,LumB
TCGA-E2-A1BD-01,1.349049,-0.054759495,2.433197,-1.5631695,0.98736215,-2.507176,1.8826679,1.6022841,0.33755472,0.3699419,LumA
TCGA-E2-A14Z-01,0.11492671,0.17284475,0.23681742,-0.3123399,1.1663219,-0.72609836,-0.28336498,1.7127926,-1.7140182,0.07133901,LumA
TCGA-A2-A1G4-01,1.3726377,1.3931636,1.3110152,0.43409643,-1.694509,-0.403746,-1.8815752,0.5048709,-0.66847694,0.75783443,LumB
TCGA-E9-A1RF-01,-0.9377711,-0.16480643,1.185193,-0.41519397,1.2917736,-0.51619494,-1.4362293,1.1348217,-0.17341629,-0.5397119,LumA
TCGA-D8-A1XQ-01,-1.5131627,-0.4006849,-2.2730286,0.41326708,2.1201591,0.9889941,-0.8931025,-0.2815428,-0.5905225,-0.4861112,Basal
TCGA-AR-A1AH-01,-1.2222406,0.8549885,-0.57598114,0.2549038,1.4727687,0.18555583,1.3896421,-2.4878366,0.35957557,0.86149526,Basal
TCGA-A2-A0YC-01,0.6121996,-0.8339081,1.3641919,0.55133736,-1.3267192,-1.5454841,-1.4170747,2.61962,-1.0647017,-0.7163557,LumA
TCGA-BH-A1EN-01,-5.4743958,-2.6903067,4.534552,2.0064187,0.0042456915,-0.05038576,-2.4041114,-1.3775703,1.985295,1.7041261,Her2
TCGA-BH-A0EB-01,-0.29810107,-1.7110382,1.3839562,0.68441826,0.183293,-1.7545836,-0.28223655,2.6149714,-1.552617,0.7514932,LumA
TCGA-D8-A27P-01,2.6637223,-0.84728336,-0.5037451,-0.6165638,-0.5838434,-1.9939128,2.628993,2.3361235,0.737087,0.88461274,LumA
TCGA-A8-A0A6-01,1.0858492,0.15947175,-0.77021337,0.5977196,0.2044945,-0.5599796,0.27133444,1.9804944,-1.9238838,0.8117069,LumA
TCGA-E2-A15J-01,0.29483563,-2.2698028,3.158625,-0.37836945,-1.6663151,-2.1194801,0.7330817,-0.37881958,0.4160733,3.701086,LumA
TCGA-AR-A1AV-01,0.43918252,-1.6361834,1.9143579,0.062203642,-1.9748902,-1.956365,-1.036217,1.4726593,0.69369453,0.25778732,LumA
TCGA-A1-A0SQ-01,0.92111915,1.3754394,2.416796,0.5995075,-2.008334,0.18765865,-1.4088749,-0.21844324,-0.6889735,0.21678059,LumA
TCGA-AQ-A04J-01,0.8162717,0.6155928,-3.2085533,0.136267,1.1861048,1.4146314,2.1577818,1.5397323,-1.4961233,-0.87406945,Basal
TCGA-A7-A26H-01,0.33354765,-1.2609346,-0.56196594,0.020658243,-0.7716557,-1.3589523,-0.833667,2.2365165,0.56976485,-0.23090634,LumA
TCGA-A8-A08H-01,-1.1893655,-1.4906873,-1.8713316,0.48439544,0.7222969,0.9928427,-0.41828576,2.6050315,-0.7463173,-2.7570426,Normal
TCGA-AR-A24S-01,-0.96825683,-0.9985481,-0.8484061,0.79127574,-0.028004983,-0.14370963,-1.8454459,2.1076255,-0.37986156,-0.6311598,LumB
TCGA-E2-A15K-01,0.52113503,0.18269306,1.864501,-0.63073,1.0442556,-1.9512861,-1.7397813,2.9463792,-1.3929023,0.8646148,LumB
TCGA-AO-A12G-01,-0.61116457,0.010241404,2.0439854,0.12208717,0.51786083,-0.7683172,0.09811651,0.11346417,-0.6649409,0.4851423,LumA
TCGA-BH-A0HA-01,0.039346337,0.56448203,2.0513434,-0.9492672,1.5355638,-1.0413941,0.16007924,1.714047,-0.6575844,-1.5966212,LumA
TCGA-E2-A153-01,-1.029144,-2.6812248,2.5191581,-0.9078222,0.4728147,-2.6761625,1.2860639,1.5582385,1.5917048,-2.1149704,LumA
TCGA-D8-A1JJ-01,-1.0888432,-1.8193367,0.01978634,-0.05141346,0.6408014,-1.5450627,-1.1446556,1.7313278,2.4510477,0.78088164,LumB
TCGA-C8-A12T-01,-1.2814785,-0.0131511465,1.5773897,-0.35198197,1.2124351,-0.6337055,-1.0240667,0.18951401,2.8129423,-1.3779548,Her2
TCGA-A8-A079-01,0.41855276,1.2063316,2.2254755,-0.2516363,-0.19685708,-0.90627,-2.4939277,0.07561708,-0.13741283,2.1550827,LumB
TCGA-BH-A204-01,-0.17299794,0.30919775,1.721747,0.40096852,-5.455451,1.0004301,-4.5960913,-2.7023728,5.0302405,-1.971101,LumB
TCGA-BH-A0B4-01,-0.53659195,0.5345724,1.6990302,-0.18555197,0.4325537,-0.29358256,-1.0582983,0.21770324,0.5516389,-0.9456402,LumA
TCGA-GM-A2DM-01,-0.2914599,-2.5028071,4.441905,0.88702404,-4.6101685,0.3465355,-0.6074788,-1.6630162,-1.932854,0.8393612,LumA
TCGA-D8-A1XL-01,-0.33654588,1.8917483,1.8870795,-1.0971574,2.7541947,-1.0041677,-2.1945035,0.20704468,-2.9022539,2.3606377,LumB
TCGA-D8-A27H-01,-1.0792881,-1.1393721,-3.7296338,0.2952702,0.85294586,0.9816247,3.0511792,-0.23206604,2.267684,-2.7380219,Basal
TCGA-BH-A18J-01,-0.29293543,-1.0769467,1.1941702,-0.44052103,0.9596145,-1.6213325,0.77392906,0.88092023,1.9229289,0.7580006,LumA
TCGA-AR-A0TZ-01,1.654791,0.19696286,0.38831288,0.005289774,-2.5297043,-1.5613506,-1.5142143,1.331419,2.09538,-0.22478381,LumA
TCGA-AO-A0J7-01,1.1136239,1.2469791,2.577742,-0.87380856,-0.7688027,-1.2324953,-0.31545284,-0.29898435,0.5343685,2.316525,LumB
TCGA-D8-A1XY-01,0.23130448,-1.886198,0.48736987,-0.8243173,-0.3871977,-2.120392,0.24723643,1.5080656,1.915581,-1.2979647,LumA
TCGA-A2-A0YH-01,-0.3395378,0.17184879,0.052690014,-0.045896936,0.40921772,-0.5575835,-3.1154387,2.2269168,0.5298462,-0.27550462,LumB
TCGA-D8-A13Y-01,2.638214,2.9422174,-2.8707223,-1.6536123,-3.9122086,-1.0049453,0.65788126,-0.04401805,6.975818,-0.14376937,LumB
TCGA-E2-A10A-01,0.93006605,-0.63131946,1.0554492,0.20324437,-1.5696558,-1.8598031,-1.5000919,1.9812723,0.96597356,0.29760456,LumA
TCGA-C8-A12P-01,-3.8240795,-0.85301346,0.3549861,0.85288393,2.920934,-0.5315781,-2.0413084,1.8941963,2.1395628,1.2037109,Her2
TCGA-D8-A1JI-01,2.082435,0.96474177,3.4559324,0.31329313,-2.906981,-1.1895347,-1.5374984,0.7215201,-1.7818868,1.6586729,LumB
TCGA-D8-A1Y0-01,1.1756084,-0.38586372,-1.5008647,0.8521992,-1.7320997,-0.6587358,-1.2226287,2.4606543,-0.5967469,-0.2572186,LumA
TCGA-EW-A1PG-01,1.3960099,-1.2588812,-0.8096595,-0.5893359,1.3652092,-1.290342,2.941746,1.8105582,0.7617423,-0.5721325,Normal
TCGA-E9-A1RH-01,-3.4435735,-1.0936679,0.41739568,0.5915563,2.4877293,-1.0407106,-1.632141,0.69147074,3.2291014,1.3719991,Her2
TCGA-AR-A2LH-01,0.80917525,0.13475677,-1.85353,0.12030757,2.3140373,0.47725534,1.6813515,2.9029193,-1.8531243,0.094541274,Normal
TCGA-AO-A03L-01,0.0330939,0.42369783,0.142159,-0.36037672,0.9004928,-0.39558816,-0.7509584,1.1395327,0.411272,0.1353525,LumA
TCGA-EW-A1IY-01,0.14185822,-1.2055871,-0.59012127,0.34068286,0.7602784,-1.125131,0.36133352,2.3442097,-0.5781961,0.94901145,LumB
TCGA-A2-A0CL-01,-0.46843842,0.4515919,-2.1819928,0.9806003,0.5292561,1.1316464,-2.234391,3.192455,-1.7011806,-0.86204743,Normal
TCGA-A2-A0D0-01,-1.6044028,1.6859629,-0.7991108,-0.88343984,3.9896326,-0.020419702,0.6173827,-3.7147706,-1.8492174,2.162199,Basal
TCGA-A8-A08S-01,0.24841091,-1.0406696,1.1237905,-0.009212606,-0.55073035,-1.8819815,-1.1730905,1.7220361,0.14163181,2.2687526,LumB
TCGA-E9-A1R7-01,0.58527017,2.1831744,1.5322316,-0.26798347,-0.57446134,-0.10109566,-1.2856805,-0.34788406,1.3360232,1.2073257,LumB
TCGA-E9-A249-01,0.82476664,-0.3879224,2.0053897,-0.36921084,-0.2139176,-2.002369,-0.35265064,0.83433354,-0.85912937,3.3796315,LumB
TCGA-B6-A0I6-01,-0.40280443,0.41975218,-3.6617255,0.4284916,0.20207241,0.79962647,3.4213493,-2.0688417,1.923749,-1.3569895,Basal
TCGA-BH-A0DP-01,1.3912699,-0.53373075,-0.25488475,-0.4858235,0.08413054,-1.1736083,1.290064,2.3439958,-0.16059661,-0.7704989,LumA
TCGA-BH-A1F5-01,1.7646137,0.5342769,2.0368786,-0.6971329,-1.6053436,-1.8433453,0.2699952,1.2453465,1.1306666,-0.27911288,LumA
TCGA-BH-A0WA-01,-0.9186298,0.095116705,-4.4688334,0.569004,1.0772675,1.5345163,3.1489549,-1.3689247,0.9793428,-1.8174754,Basal
TCGA-A8-A08F-01,-0.5414993,-0.67734337,-0.03482444,0.48244527,-0.62024826,-0.69307405,-4.1208735,1.6915308,1.797428,-0.16482407,LumB
TCGA-E9-A22G-01,-1.2111676,1.8341793,-3.3263211,0.71009797,1.2708238,1.0003551,1.1313372,-4.7378993,-1.6509032,0.88981265,Basal
TCGA-AN-A0XL-01,1.4467102,0.062266268,-0.6522186,-0.09211389,-1.4021921,0.2572654,1.1530801,2.4172947,-0.5743395,-2.810486,LumA
TCGA-E9-A1ND-01,-1.8998761,-0.35670736,-2.2389903,0.12685783,4.511743,0.3354286,-1.3566111,0.6041891,-0.28287455,1.421163,Basal
TCGA-GM-A2DC-01,1.7387578,3.098067,2.9528325,-1.4076084,-0.6335398,-0.36172,-0.5800316,-0.03226412,-0.9729334,-1.0148928,LumA
TCGA-AN-A04C-01,-1.4752458,1.7861577,2.6404302,-0.8954856,3.8027508,-1.157144,-0.47390473,-0.041189104,-0.499523,3.7162452,Her2
TCGA-A2-A04W-01,-1.6713688,-0.30754042,1.9417325,-0.35309103,3.698023,-1.586801,1.6967269,1.3266218,1.9251101,1.1169981,Her2
TCGA-AN-A0G0-01,-2.6393964,-0.883444,-1.6269045,2.0944474,1.3246682,0.6156954,-1.3605639,-3.2528105,1.0427741,1.019927,Basal
TCGA-AQ-A04L-01,-2.3170812,-0.9717311,2.9887998,0.079861134,1.7673055,-1.5574085,0.5607441,-0.27345982,0.96692437,1.9733523,LumA
TCGA-BH-A0RX-01,-0.56194633,0.5930633,-1.1055084,-0.66308135,2.6389866,0.35298723,1.2406069,0.512994,-2.6695213,0.1051897,Basal
TCGA-A2-A3KD-01,2.3837388,0.46536806,-0.69224393,0.2280944,-0.94535697,-0.79079556,0.8056879,1.7522955,-0.53796196,0.6391159,LumA
TCGA-D8-A1JM-01,-0.15808898,2.5275364,-1.4317007,0.14805171,2.5564373,-0.34723878,-0.25667956,-1.9156017,1.3290746,2.3638535,Basal
TCGA-GM-A2DO-01,1.0861437,3.475331,0.38051936,-1.3760189,1.7172225,0.27305424,-2.2600102,0.92250645,-4.951006,1.2799929,LumB
TCGA-A2-A0T1-01,-2.6522005,-0.4401669,0.20263678,0.36485022,2.790554,0.29873466,-2.1456149,2.361074,-1.2516421,-0.16619559,Her2
TCGA-BH-A1ET-01,1.1981041,-0.9681178,0.4804254,0.46464732,-1.1186242,-1.8718715,0.36251011,2.8063602,-1.3887347,0.36369222,LumA
TCGA-BH-A0EI-01,1.4819887,-0.917309,0.74757314,-0.9068058,-2.8614235,-2.1881835,0.8222049,0.7240416,4.2296777,-3.209863,LumA
TCGA-BH-A0GY-01,0.7246274,0.88319474,-0.047049202,-1.2381572,2.4926724,-0.4907896,0.33744562,1.7128029,1.9300368,0.030219972,LumA
TCGA-D8-A147-01,0.009804592,1.0266337,-5.677767,1.030923,0.29881662,1.412619,0.89654195,-0.5639384,1.3073709,-0.83097434,Basal
TCGA-E2-A1IL-01,2.2268317,-0.88401216,-0.37024003,-0.23367713,-1.9523903,-1.6894687,0.97321033,2.7804813,-0.07954722,-0.73049384,LumA
TCGA-C8-A27B-01,-2.3408926,-0.117980056,-3.641856,1.2951434,3.5520878,1.005636,-2.262747,-2.434168,-1.0853114,0.6413276,Basal
TCGA-AN-A0AS-01,-2.3335207,-2.6636808,2.6980462,0.0918308,0.77735466,-1.7359657,0.27486652,-0.03185183,1.9811932,-0.810445,LumA
TCGA-A8-A06R-01,-1.5860453,0.471132,1.7233664,-0.37011352,2.4040058,-0.27804583,-2.046173,1.0930573,1.0159194,-0.12118001,LumB
TCGA-AO-A1KP-01,1.9251842,1.1242081,2.4927816,-1.4340986,-0.7850543,-1.6440254,1.0252339,0.12725921,1.8938968,1.1689706,LumB
TCGA-BH-A1FB-01,1.4435172,-0.3503662,-2.423987,0.2146219,-0.40997583,0.18986844,0.58357596,3.507912,-0.2919059,-1.6210728,LumA
TCGA-BH-A18L-01,0.87716424,2.1633654,1.9903778,-0.24725592,-1.4806943,0.07037607,-3.191273,-0.9197562,0.20031902,0.91713375,LumB
TCGA-E9-A1RC-01,0.8545591,-1.3514235,1.1540716,-0.746343,-0.6828774,-2.274962,0.89631975,0.8588997,3.082368,1.7329996,LumA
TCGA-A2-A0CT-01,0.7337521,1.5802886,0.36863038,-0.68786824,0.36975646,-0.15812582,-0.21337038,0.24198563,2.2336047,-0.13974194,LumA
TCGA-GM-A3NY-01,1.8812306,2.1435297,3.0110266,-2.5570636,1.6049138,-1.8389984,2.0290835,1.2641007,-2.0997612,0.38692442,LumA
TCGA-AR-A2LO-01,1.6868191,0.9429759,-1.7501571,0.4028255,-0.53204614,0.36158955,0.37903947,2.7576191,-0.83587456,-1.1218082,LumA
TCGA-AO-A0JI-01,2.5492537,2.619577,1.1704677,0.0106529435,-3.0026293,-0.14868288,-2.0463667,0.3302129,-0.4712418,0.20047626,LumA
TCGA-AO-A0JL-01,-1.664734,3.3360312,1.3609608,-1.6341152,2.2746835,0.8359145,3.8794942,-3.930453,-2.3599722,1.6726595,Basal
TCGA-GM-A2DH-01,0.19523159,1.6484233,-3.2273917,0.68468785,-0.090020224,0.30532527,-1.8100336,2.2680058,0.35795692,1.205012,Her2
TCGA-BH-A1ES-01,2.1550825,0.66220003,0.38952687,-1.5339042,-1.5100883,-2.12614,1.6984875,0.807131,7.1482744,-2.1723447,LumA
TCGA-AO-A03M-01,0.19734022,1.0332985,-0.68827045,-0.3746263,1.4095291,0.23725973,-0.9199942,1.4341998,0.015372871,0.12477507,LumA
TCGA-BH-A18M-01,1.2577682,-0.41391617,-0.788875,-0.1559602,-0.68546915,-0.7073126,0.34272787,2.1538382,0.046617106,-1.1504307,LumA
TCGA-A8-A09M-01,-0.23255435,0.68535364,2.1855419,-0.23539516,0.20779921,-1.0384853,-4.3825083,1.2961154,-1.2113802,1.587297,LumB
TCGA-EW-A1OV-01,-1.5291204,0.5041506,-0.4956676,0.22593008,2.3852317,0.4041906,-2.4319956,1.6095057,-2.113603,0.30619627,Her2
TCGA-A1-A0SN-01,-0.09100428,-0.60005146,-0.494979,-0.16412695,0.35608655,-0.8443549,-0.8209574,1.5336595,1.3458512,0.08460827,LumB
TCGA-BH-A18F-01,0.6967363,-0.23070905,-1.1152991,-0.016817654,0.021474957,-0.05793208,0.18573228,2.200652,-0.13937919,-1.0913308,LumA
TCGA-A2-A0CM-01,-1.9844975,-0.46814853,-3.131148,0.82267565,2.4202154,1.4444729,-1.6782126,-1.1053075,-0.8279764,-0.6523293,Basal
TCGA-AR-A0TW-01,-3.3871238,0.026384123,2.6400015,0.7133252,1.7697656,0.35196054,-6.1453032,-0.2009313,0.29373798,1.6719928,LumA
TCGA-BH-A0W5-01,0.8815759,0.17498067,-1.075903,0.369218,-0.0088052945,-0.1582874,-0.35120335,3.120451,-1.5834728,-0.74957067,LumA
TCGA-AR-A24K-01,0.3789679,-1.3654284,1.9957901,-0.2641686,-1.0580193,-2.011432,0.12679458,0.11998849,0.68880486,3.1191647,LumB
TCGA-BH-A0HY-01,-1.2215279,-0.14163065,1.5635215,0.13141553,0.76852584,-0.90845615,0.062650375,0.059350207,1.2250769,0.84125113,LumB
TCGA-A2-A0EU-01,1.6697866,1.1683562,1.080947,-1.5126173,0.78519243,-1.1318007,0.52422744,1.4458557,2.3188903,-0.99229217,LumA
TCGA-BH-A0E7-01,1.5639018,-1.01294,2.565801,-0.51019114,-3.1340206,-2.68854,0.6053486,1.7980661,1.8977523,-0.45449775,LumA
TCGA-BH-A0EE-01,-1.8281285,1.0966628,2.3363307,-0.54363495,4.9624763,-1.8510104,-1.3297682,0.01215311,-0.88470155,6.742949,Her2
TCGA-BH-A1FE-01,0.21113762,-0.5047078,-1.5106932,0.22110958,0.28546992,0.019334227,-0.25746575,2.27076,-0.05672385,-0.6112028,LumA
TCGA-AC-A2FB-01,1.5563482,0.53143775,-1.9081001,1.0776633,-0.15331958,-0.028486013,0.2910483,3.1504772,-2.380713,0.020937812,LumA
TCGA-C8-A12L-01,-1.3528866,0.5619555,-1.6658878,0.7727561,3.3744295,-0.74429077,-0.89159715,0.6957811,3.6136441,2.4712646,Her2
TCGA-C8-A1HN-01,0.02865493,0.98707825,2.4321811,-0.81647897,0.16851196,-0.43742394,-1.761903,-0.32779375,1.6132029,0.18913631,LumB
TCGA-AN-A04D-01,-1.290033,4.753548,0.20414557,-0.8392629,1.0035146,1.5558499,4.0708327,-5.1205783,-0.8946273,2.9552014,Basal
TCGA-GM-A2D9-01,0.85703975,0.54080206,2.2048328,-1.3558275,1.0924987,-1.7097906,1.1390333,1.4047977,-1.030713,-0.15653926,LumA
TCGA-B6-A0IK-01,-0.20843977,1.1288222,0.20565355,-0.60063636,2.5789394,-0.30677676,0.38774684,0.9206274,1.0633353,1.0005184,Her2
TCGA-AR-A0TP-01,-1.9546173,0.048679024,-3.0023665,0.88554543,-0.46549684,1.1277378,6.295389,-4.8501315,2.7454348,-1.0581379,Basal
TCGA-A2-A0EY-01,-0.35839427,0.04606887,-0.2677884,-0.25077844,1.6107615,-0.6381159,-0.9740308,2.1563833,0.2221486,1.3295113,LumB
TCGA-A8-A06O-01,0.32580066,0.4148375,0.66028666,-0.17232263,-0.2530052,-0.5807716,-2.0252342,0.942703,-0.4175347,-0.04850356,LumB
TCGA-D8-A27W-01,0.25958306,2.0821946,-0.18692228,-0.26730266,-0.50923604,0.8822707,-3.148321,0.2718576,2.0708094,-1.7352979,LumB
TCGA-A8-A091-01,2.47586,1.7427107,0.53033507,0.4784075,-3.9357052,-0.28094625,-1.9447865,1.0919346,0.59229255,-1.5197008,LumA
TCGA-D8-A1XT-01,-2.6516733,-2.024671,-1.8072648,0.4438689,0.821351,0.08071476,-1.9030082,1.1063782,2.2146802,-1.2646601,Her2
TCGA-A8-A08P-01,-1.5560435,-0.3908565,1.1228793,-0.3561615,1.8312596,-0.85768896,-3.2023304,1.7388663,0.04581099,0.74551964,LumB
TCGA-D8-A1X8-01,1.4084928,-0.2851056,-0.2401877,0.7502316,-1.3896707,-1.178881,-0.16244096,2.1951404,-1.4303274,0.3410465,LumA
TCGA-C8-A1HM-01,-0.4039351,1.5856414,0.19757168,0.52043545,1.5202606,-0.9029817,-4.2936544,1.4097183,-2.0073864,3.8205295,LumB
TCGA-AO-A0J5-01,0.2904304,-0.6897874,0.03822576,0.1360472,-1.519178,0.05947359,-0.8422769,1.7462738,0.9746086,-3.5813763,LumA
TCGA-A8-A08T-01,0.4860274,-0.48969215,0.5986339,-0.22591056,-0.38050863,-1.3574584,-0.41076306,1.3299825,0.20618749,0.42950016,LumA
TCGA-AC-A2BK-01,-0.6337277,3.068003,-3.7786522,1.5574194,-1.9009625,1.2714924,-0.21301872,-6.9142375,1.275721,1.1451257,Basal
TCGA-A2-A0YM-01,-1.3285031,0.62296474,-5.372388,1.2391717,0.9454256,1.3883245,-0.4258906,-2.017921,1.0973445,-0.9357782,Basal
TCGA-A1-A0SO-01,1.1132698,4.6423903,-3.6046083,0.31882823,-1.603267,0.8729981,0.15125683,-4.436173,-0.26485094,1.9135795,Basal
TCGA-AO-A129-01,-0.44666705,1.0220075,-2.5212994,-0.56973875,2.8839076,0.9413991,1.3577479,-0.48675686,-2.6480157,0.037245505,Basal
TCGA-A8-A08I-01,0.9294377,1.8552825,-1.1983904,1.067155,-1.2295477,-0.92314667,-3.6540656,1.7695684,-2.1234448,2.7061722,LumB
TCGA-C8-A130-01,0.74820703,1.1967875,1.0662348,-1.3569813,1.2361923,-0.69875264,0.18606839,0.4745145,0.03849803,-0.10512638,LumB
TCGA-C8-A1HI-01,1.3972497,0.61593515,0.01632271,-0.76488847,1.1841041,-0.68051815,1.3689841,0.9610774,0.3457181,0.19959813,LumA
TCGA-AO-A1KT-01,0.3519996,0.2698726,1.455251,-1.0826472,1.1193261,-1.0223846,-0.26115113,1.0423009,1.6826802,-1.2556647,LumB
TCGA-C8-A12W-01,-0.5210419,0.30761582,0.53801966,-0.196164,0.63643306,0.06323083,-2.6553972,1.2705574,1.9571593,-1.0788842,LumB
TCGA-E9-A247-01,1.5741826,1.7265867,1.2471559,-1.1326476,0.05078235,-0.9045519,0.56408536,0.2791591,0.94057965,0.70167345,LumA
TCGA-AQ-A1H3-01,0.78423923,-0.19059998,-0.36759236,0.16354354,-0.2926073,-0.556131,0.15990844,2.1214154,-0.58317506,-0.9366287,LumA
TCGA-B6-A1KI-01,0.9565198,-0.94661254,1.4465293,-0.13856402,-1.199886,-1.466311,1.3865651,1.3825994,-0.2679373,0.07557551,LumA
TCGA-EW-A1J1-01,1.6648178,1.8774668,2.350511,0.36441568,-1.725032,-0.24768496,-3.0538192,0.45994377,-1.4722142,0.58291453,LumA
TCGA-B6-A0RN-01,0.19856274,-1.3437439,2.566477,-0.67712235,-0.19146787,-2.272889,0.96206796,1.8720217,-0.052742653,-1.0931013,LumA
TCGA-BH-A0BL-01,0.12537101,-0.172436,-3.585824,0.17225677,1.2262902,1.6049479,0.88087416,2.781069,0.18360235,-1.8695314,Basal
TCGA-AN-A0XV-01,0.6101229,0.04760018,0.048529297,0.093577,-0.09899687,-0.5213382,0.19454378,1.628949,-0.67919457,-0.77041054,LumA
TCGA-AR-A2LQ-01,1.3924649,-1.0885497,-2.4189503,-0.5058338,-0.079381324,0.34828013,2.428337,3.7347515,0.24476308,-3.3513594,Normal
TCGA-AO-A03P-01,-0.75477827,1.0403577,3.338291,-0.5534946,-0.45658222,0.5551497,-2.5271776,-1.9892908,0.22879343,0.6685513,LumB
TCGA-B6-A0X7-01,1.5189353,0.059069104,0.77445865,-0.90787107,-0.77542144,-1.0293664,1.7587408,1.9535227,0.14607634,-2.0675874,LumA
TCGA-A8-A07B-01,-3.3509994,-2.4250817,2.9197714,1.5061305,0.37540892,-1.288959,-2.2566717,-0.1748926,1.2745594,3.5052035,LumA
TCGA-A8-A086-01,0.9829626,-0.07977428,1.0618998,-0.80052847,-0.6604201,-1.665673,0.17096251,0.95773005,2.598929,-1.0698497,LumA
TCGA-BH-A1FU-01,-0.22590774,-0.81644607,-2.0726795,-0.1038454,1.2587808,0.37135124,0.7726426,2.2390532,0.6328317,-1.0300405,Normal
TCGA-B6-A0RI-01,0.9068729,-1.2584997,0.9387448,-1.0820392,-0.020065343,-2.5986128,0.4674319,1.9261723,2.8789976,0.11251764,LumA
TCGA-E9-A248-01,-1.3533567,0.799359,-1.9974109,0.9105547,2.207583,0.3999328,-2.3748765,1.8233258,-0.4919373,1.2967415,Her2
TCGA-A7-A26I-01,-1.9323035,-1.8432283,-2.3375647,1.372636,-0.25679508,0.2765581,0.41551504,-2.4766486,2.8081388,-1.2043589,Basal
TCGA-E2-A14W-01,-0.056392115,-0.09580048,4.9512115,-1.4475176,-0.90953535,-2.2298002,0.84644306,-1.4666224,2.0330546,2.1312406,LumB
TCGA-B6-A0I1-01,-1.7409489,4.6094155,-0.123276904,-1.959805,3.4056106,1.3201269,4.7944775,-4.7899904,-0.97095674,2.7656748,Basal
TCGA-GM-A2DI-01,0.21008158,0.06422201,-1.5141096,1.0291551,-0.061778527,0.41354913,-1.089761,3.417086,-1.7965881,-0.97295153,LumA
TCGA-EW-A1PE-01,0.14748049,-1.3958137,-0.1476139,1.1674972,-0.80177635,-1.7640707,-1.6476231,3.7519755,-1.3738613,1.6698456,LumA
TCGA-BH-A1F2-01,-1.1947557,-1.2347571,0.60139406,0.115303054,-0.082597196,-0.34074175,-0.29467988,0.8976777,0.6892377,-2.0767653,LumB
TCGA-BH-A0BD-01,0.4205405,0.110374846,-0.33972692,0.3466224,-0.15375093,-0.4946658,-0.5562446,1.4857836,-0.23333852,0.059112377,LumB
TCGA-A7-A0DA-01,-1.4624139,-0.6049404,-2.504231,-0.14199299,1.9717181,0.44361532,4.1239705,-1.4727842,2.2778041,-1.6442744,Basal
TCGA-A2-A25C-01,0.5632937,-0.5128859,-0.63782215,0.2593411,-0.8004517,-1.0369874,-0.86582947,2.1481526,0.62381357,0.10528882,LumB
TCGA-E2-A14V-01,1.0869747,0.89030266,0.9532193,-0.9967557,1.0936023,-1.0690669,0.6243244,0.8412788,1.7279586,1.4147447,Her2
TCGA-B6-A0WX-01,0.2648495,0.14841966,-1.6112795,-0.89574957,2.4159958,0.57052714,3.4894726,1.2981607,-0.79588944,-1.0122133,Basal
TCGA-BH-A0DV-01,0.71410906,-1.6861845,-0.72763467,-0.40062907,-0.0046037603,-0.5794398,2.1205995,3.4714155,-0.55322176,-3.5276601,LumA
TCGA-A8-A09V-01,2.98558,-1.0044026,0.18090111,-0.50992274,-3.1492653,-3.2234588,1.0604725,3.2482524,1.1019756,-0.1412163,LumA
TCGA-BH-A0HP-01,1.5202132,-0.4951601,-0.31839338,-0.10025417,0.033938132,-0.92902863,1.4408044,1.7739319,-0.60901207,0.032055613,LumA
TCGA-B6-A0I8-01,0.70759785,0.35360393,1.5919406,-0.4461115,-0.20220433,-1.1776663,0.07039993,0.6425694,1.0721803,1.2712042,LumA
TCGA-E9-A1N8-01,0.8395814,1.6408398,-4.535579,0.54529274,-0.97388756,0.09408568,2.9195156,-3.0377545,2.5566232,0.6520249,Basal
TCGA-AR-A24Q-01,-0.42207864,0.21284255,-3.1437836,0.5675697,0.25033242,1.1197879,1.8490337,-0.41296968,-0.06148122,-1.4006228,Basal
TCGA-AR-A0U0-01,-2.3901646,-0.27083647,-2.7890773,0.52074575,3.6348925,0.8051158,-2.8042567,-0.6112808,-0.88170594,1.100528,Basal
TCGA-B6-A0RG-01,1.9358618,2.6033661,1.9961268,-1.8749082,1.5902921,-1.0109366,1.0781295,0.5893123,3.1074018,0.4897388,LumA
TCGA-A7-A0CE-01,0.5736456,1.2107974,-2.0077734,-0.081381045,1.0541159,0.59668326,1.464076,-0.38981748,0.5291069,-0.088398024,Basal
TCGA-AC-A2FO-01,1.3656287,0.81980264,-1.1136689,0.24859326,-0.61846983,0.60676885,0.35392123,3.0607464,-1.7505239,-1.9202223,LumA
TCGA-C8-A12Y-01,0.8690057,1.7984047,3.7173774,-2.0666955,2.5067978,-2.0000596,0.6957425,0.82716465,-0.4362333,0.5613444,LumA
TCGA-B6-A0X4-01,3.7964134,-0.35378295,4.365415,-1.2857411,-8.362249,0.5826155,2.6787817,-3.7127612,-1.0015363,2.248147,LumA
TCGA-AC-A2BM-01,1.5489143,1.2947127,1.0912243,0.38033518,-1.9762276,-0.49265325,-3.630805,1.3893313,-0.55195427,-0.59479976,LumB
TCGA-E2-A15G-01,2.228955,-0.3170314,1.7292916,-0.2946072,-2.309961,-2.8254228,0.26855284,2.5371373,-0.50371134,1.8846337,LumA
TCGA-D8-A146-01,1.3360227,-0.74706507,-1.1230564,-0.25883844,-0.78807694,-0.7617244,0.43655324,2.740245,0.19389527,-1.4666785,LumA
TCGA-C8-A12U-01,0.6812843,4.54559,2.4521728,-1.7304827,1.1448829,0.6826646,-4.613773,-1.5998154,0.37934655,1.3926663,LumB
TCGA-B6-A0WT-01,1.7411568,-0.025353037,0.20443995,-0.6983172,-1.1032836,-1.8724364,0.11412013,1.8599788,2.4109938,-0.62961286,LumA
TCGA-C8-A27A-01,1.6848181,3.8099034,-2.080524,-1.0862762,-2.6969497,0.14912759,-3.2822886,-0.84408027,3.8041134,-0.53105193,LumB
TCGA-A8-A081-01,0.5569182,2.1385286,0.5854105,-0.2867604,1.2294849,-1.0555209,-3.0537343,1.6807561,-0.77816325,3.1162045,LumB
TCGA-AO-A03O-01,-0.38329083,0.58741987,0.930761,0.20330052,0.87760085,-0.92451453,-2.9021292,0.79147077,-1.3325024,3.254491,LumB
TCGA-D8-A1XW-01,-1.4504886,-0.99290985,-2.850359,0.9762898,1.2452003,1.078119,0.80035067,-0.30366668,-0.21480338,-1.1937128,Normal
TCGA-E2-A15L-01,0.32340083,-1.2341851,1.1122357,-0.2923099,-0.3231327,-2.0246637,0.53971004,1.9567728,1.1245003,0.7946895,LumA
TCGA-E2-A105-01,2.8877106,4.2376337,1.7187365,-2.3334458,-0.6762492,0.114191845,-0.51332885,-0.46733353,1.900874,-0.50357515,LumA
TCGA-E2-A15H-01,0.9572784,0.13429956,0.7176161,-0.8637549,0.79436344,-1.3915112,0.8174091,1.1458117,1.0359193,0.88929224,LumA
TCGA-BH-A18S-01,0.24173915,-0.86343837,3.9518585,1.5143999,-2.4599102,-0.90471447,-0.8805213,0.5845147,-2.4601252,1.9303664,LumA
TCGA-AR-A1AO-01,-0.46998778,-0.4522239,-2.645552,-0.01983767,1.8406595,1.3121753,0.18011883,3.0873938,-0.74465144,-1.4346088,Normal
TCGA-AC-A23G-01,0.20893155,-1.8003742,-0.9045795,-0.5764402,0.48040357,-0.95492774,1.7391884,2.3658452,0.89039564,-2.7571697,LumA
TCGA-AN-A0FV-01,-1.2838103,-0.40587664,0.5399394,-0.43511462,1.0612141,-0.90154314,-0.13838431,0.17672643,5.572535,0.35950193,Her2
TCGA-AR-A24Z-01,0.7723738,-0.044889368,0.06640683,0.54714763,-1.3625604,-1.6142883,-1.9071239,1.7438623,0.38634133,2.9666502,LumB
TCGA-D8-A145-01,2.3879426,0.7323774,-1.6567355,-0.007358023,-1.3401597,0.1486663,0.8317258,3.1119723,-0.2511556,-1.7286508,LumA
TCGA-D8-A1XB-01,1.2878667,-1.3292571,-0.8562846,-1.1784611,-0.77787423,-2.1036608,0.97409177,1.9510288,2.8723912,-1.2305126,LumA
TCGA-A2-A0YL-01,2.1816616,-0.26806423,-1.6164283,-0.16535366,-0.13688745,-0.52560294,1.5389454,2.437887,-0.03463066,-0.67053634,LumA
TCGA-C8-A12Q-01,-1.2281146,-0.88458127,-1.1331637,0.20634991,1.6516348,-0.043779872,-0.7235194,2.1615906,1.2440921,0.63187796,Her2
TCGA-BH-A0HI-01,0.092573084,-1.5027667,1.9175402,0.13720909,-0.033477463,-1.9963745,0.567408,2.1834447,-0.60684025,0.71550936,LumA
TCGA-A2-A0EW-01,2.0951922,-0.20160916,-1.5508374,-0.04857833,-1.3425462,0.16414197,1.7167873,3.637261,-0.9826322,-2.6915617,LumA
TCGA-A2-A0D2-01,-0.7316845,0.5775282,-2.358798,0.22046246,1.9864022,0.74360645,0.4595238,-1.4135509,-1.9736583,-0.053412337,Basal
TCGA-EW-A1J3-01,1.4711812,-0.09613832,1.1526551,-0.99487436,0.062975645,-1.9225731,1.0093886,1.2562197,0.45033947,1.2589785,LumA
TCGA-EW-A1P3-01,1.4512748,1.3298132,1.9714677,-1.5700791,0.85507023,-1.4608895,0.9350704,1.2488436,-0.6179802,-0.4282262,LumA
TCGA-BH-A1EY-01,-0.52527,-0.8602786,-0.3750478,-0.16079246,0.9250681,-0.674796,-1.0141152,2.3701077,0.48803687,-0.045694467,LumA
TCGA-A2-A259-01,1.6566101,0.04530374,-1.0068445,0.25182402,-1.1945508,-0.47910756,0.06076049,2.2470026,-0.34293434,-0.93720394,LumA
TCGA-E2-A1B1-01,0.6555003,-0.12370152,-2.1463957,0.14387085,0.20984413,0.68096375,0.38233498,2.9091065,-0.11424292,-1.774247,LumA
TCGA-AR-A2LR-01,1.0568122,1.0379193,-5.241638,0.1254021,-2.4803314,1.7224905,4.0555596,-0.50236577,3.0189455,-3.3452156,Basal
TCGA-D8-A1XF-01,1.353458,4.3198433,1.1049621,-0.97543067,-1.8534204,0.2800215,-3.843518,-1.6371127,2.3454936,0.52999455,LumB
TCGA-AR-A0U4-01,-1.8769289,-0.71951747,-3.9527187,1.7861115,1.8840158,1.3971542,-1.9979608,-0.56806165,-1.2423897,-0.47535,Basal
TCGA-C8-A26X-01,-3.7230186,-0.5537363,0.90846515,0.60587406,4.5180097,-0.19011468,-2.109354,2.2021656,-1.8159862,1.4329146,Her2
TCGA-E9-A1N6-01,-1.2315787,-1.2732973,0.20954512,-0.021078754,0.953542,-1.0578377,-0.788053,0.8286875,2.7638185,0.12393333,LumB
TCGA-A8-A08C-01,0.11918387,-1.6480572,2.6100657,-0.11506414,-1.4051341,-1.4629138,0.5592879,0.06787127,-0.21924338,1.9885831,LumA
TCGA-BH-A0H7-01,-0.52974033,-0.31310347,0.597819,-0.53026336,0.998593,-0.6759355,-0.33842885,0.51465076,2.6709912,-0.90191543,LumA
TCGA-BH-A0E1-01,1.2569976,0.3322605,1.0738752,0.013613929,0.055476807,-0.66561604,1.3554646,0.18936822,0.2350585,1.3215952,LumA
TCGA-BH-A28Q-01,1.452975,-0.6918924,-0.021029957,-0.006584722,-1.1957562,-1.5984153,0.51741153,2.1036503,-0.29842943,0.025699522,LumA
TCGA-A2-A1FX-01,1.0832133,0.8897538,0.48473114,0.27824372,-1.6010797,-0.17955515,-1.7735343,0.9436305,0.4957847,-1.254365,LumB
TCGA-E2-A10F-01,0.5258115,-1.2399424,-0.6018441,-0.00219542,-0.92368776,-1.2344296,-0.9312301,2.6491115,0.7018519,-1.4925689,LumA
TCGA-A1-A0SE-01,1.9165273,0.12160299,-0.35677662,-0.41459984,0.06154102,-0.99094266,1.457054,1.6367612,0.2754239,0.30769238,LumA
TCGA-E2-A1B5-01,-0.43407756,1.0476698,0.111258596,0.15797234,1.6702439,0.029051766,0.12820134,2.6403465,-5.024451,-0.7137962,LumA
TCGA-BH-A0DE-01,0.90982527,0.40729675,0.072703525,-0.026911706,-0.8513379,0.31259608,0.63883525,1.7558746,-0.8775606,-2.1089551,LumA
TCGA-E2-A14P-01,-0.6581479,1.6423054,-0.014254719,-0.73729557,2.560232,0.071877256,-0.63685167,0.68879044,0.23336712,0.9196413,Her2
TCGA-E9-A227-01,0.5732049,0.13768284,0.70089185,0.40061384,-0.08128058,-0.9202802,0.2941552,1.8042471,-2.0689101,0.019175397,LumA
TCGA-A8-A07O-01,-1.6923941,-0.046141885,-2.3899848,1.1114799,1.7114193,0.2470832,-0.90294856,-2.7800307,0.4417756,0.085694715,Basal
TCGA-BH-A18T-01,-1.5511729,-0.14189237,-2.1542256,1.5561336,1.5914699,-0.020083591,-0.6229158,-3.0947134,0.002328774,0.45971134,Basal
TCGA-AO-A0JA-01,0.17561667,-0.6325586,-0.7465732,-0.21776573,0.28452888,-0.67086554,-0.21049017,1.7438211,0.8041792,-0.14883739,LumA
TCGA-B6-A0IO-01,1.2269968,1.3007184,1.386936,-0.8376504,0.0426402,-1.0756814,-0.0073614493,0.005499365,-0.30083266,2.0855987,LumA
TCGA-E9-A1QZ-01,0.8105207,0.73201793,-1.0809783,0.39699435,-0.22437043,0.5758849,0.14938116,2.5870488,-2.3822377,-1.133667,LumA
TCGA-AC-A2B8-01,0.7643569,-1.36433,-1.0055505,0.23661338,-1.3749883,-0.97402275,-0.46820402,3.1156988,-0.12911269,-1.960422,LumA
TCGA-E2-A1LH-01,-1.8032261,1.514996,-1.8219693,-1.8423592,4.0621276,1.6399195,2.0545828,-1.0862153,-4.114187,-0.23913789,Basal
TCGA-EW-A1OY-01,0.7824751,0.9808179,1.4378673,-0.82638705,0.42183405,-0.9845988,-0.5117749,0.2133912,-0.119484186,1.0732276,LumB
TCGA-A2-A0CQ-01,1.2857956,-0.23931322,3.7271178,-0.9679583,-0.58630294,-2.461738,0.9336575,1.3372997,-1.8346766,2.4099872,LumA
TCGA-AR-A1AL-01,2.558279,-0.5178946,-1.6552271,0.042871162,-1.4019707,-0.6666564,1.4261173,3.5352564,-0.45998806,-1.4788018,LumA
TCGA-E9-A22B-01,-0.21338367,1.021957,1.2256397,-0.2930207,-0.084142126,0.2735548,-0.760671,-0.2433632,1.403709,-1.6239039,LumA
TCGA-C8-A26Z-01,1.0197493,1.5619204,0.96302867,-0.30792812,-0.5806105,-0.22797999,-0.80293334,0.51844984,1.6957976,-0.6569388,LumA
TCGA-E2-A1IH-01,-0.7917949,-0.40258515,0.42172855,0.17896096,0.8950741,-0.0947647,-0.7372299,2.5879748,-1.3024491,-2.107943,LumA
TCGA-E2-A14S-01,1.2938677,1.1665592,1.6846751,-0.13516589,-1.369392,-0.73567337,-1.841668,0.4471817,-1.1608849,0.8233253,LumB
TCGA-A8-A07E-01,0.36424804,-0.63101023,-1.2526932,-0.25773522,0.10486054,-0.1079164,0.3838465,1.7343434,0.74149483,-1.4027292,LumA
TCGA-C8-A1HO-01,1.4255291,3.2520356,1.0563604,-0.7624743,-1.744472,0.45826244,-3.3443503,-0.8791471,0.9654328,-0.60058427,LumA
TCGA-A2-A1FZ-01,0.8095709,-0.8617333,-0.9540343,-0.0066828188,-0.627727,-0.5088809,0.24401918,2.5181754,-0.23445964,-1.5175688,LumA
TCGA-D8-A27M-01,-1.2524852,-0.68171346,-4.7261066,1.406714,1.4793603,2.0581925,-0.71647847,1.6363614,-0.19847493,-1.7545774,Basal
TCGA-E9-A228-01,0.78729266,1.5890242,-0.030955054,-0.103347614,-3.8101358,0.12203939,-3.3852782,-1.4051691,3.1381629,-0.7526011,LumB
TCGA-AR-A1AW-01,-1.1172773,0.64944476,-1.4331784,1.5677795,0.8831669,0.6429937,-4.5854454,2.2848258,-2.9130154,0.41700318,LumB
TCGA-EW-A1P8-01,-0.38562593,0.39537936,-1.7857274,0.32324126,2.2568955,-0.06805999,0.6933355,-0.6469952,-0.76951784,0.62777436,Basal
TCGA-BH-A0H6-01,1.5268364,-0.26763058,2.3055902,-1.7333485,-1.0881948,-2.4079733,1.3550328,1.5907923,2.640196,-2.7387471,LumA
TCGA-D8-A1JF-01,-3.5349813,-0.924241,0.6078272,1.3180343,2.4658995,-0.19798851,-2.493564,2.238957,0.41051918,1.318466,Her2
TCGA-C8-A273-01,0.5206613,1.0991199,1.2331322,-0.45917135,0.293028,-0.34787008,-0.46372372,0.26251978,1.0543262,-0.28641874,LumA
TCGA-C8-A132-01,0.80707884,0.08987957,-1.5781821,-0.35413128,1.1342525,-0.09125857,0.26496962,2.286705,0.97373575,-0.3613415,LumA
TCGA-A8-A075-01,-1.0500455,-0.4869359,0.31574738,-0.10738911,1.3675638,-1.0766745,-2.7384267,2.2488086,0.3443506,1.4365524,LumB
TCGA-A1-A0SD-01,1.3252115,0.07662925,-1.0878774,-0.4984904,0.007048699,-0.22252093,0.82538176,1.7549944,0.81446576,-1.3002341,LumA
TCGA-AR-A256-01,-1.5911686,-0.63086736,-3.06216,1.6300632,1.4044844,0.28997535,0.16706955,-2.8439343,1.1497513,-0.30393028,Basal
TCGA-A2-A0T3-01,1.6102161,1.2955024,-0.039313547,-0.5761442,-0.16431399,-0.40323436,0.5811611,0.62955874,1.0165718,0.55002624,LumB
TCGA-A7-A0CD-01,0.85601985,0.5529486,2.4948425,0.79646236,-2.008458,-0.93920034,-1.2044488,1.1118424,-0.038745183,-0.12362029,LumA
TCGA-A8-A07I-01,-1.7381124,-1.1199769,-0.66278017,0.75058043,0.505061,-0.16510054,-2.784475,2.031246,0.9698902,-0.32010227,Her2
TCGA-BH-A208-01,-1.5268394,-2.07954,-0.2935848,-0.4974251,2.7111547,-0.74381846,2.020267,2.4322505,0.8013296,-2.257971,Normal
TCGA-BH-A1F6-01,-1.1230409,0.24265218,-2.2489944,0.16784118,2.2461858,0.7350462,0.16298535,-0.7805323,-0.5954818,-0.2882344,Basal
TCGA-E2-A1IK-01,2.2625341,2.9864964,1.1761718,0.049636506,-2.121663,0.3008589,0.40929106,-0.33771184,-4.463561,0.94754976,LumA
TCGA-AR-A24X-01,0.33405274,-1.0369538,0.58646214,0.14150834,-0.015538363,-1.4986997,0.19518715,2.0588048,-0.4661566,0.46324074,LumA
TCGA-E2-A1IE-01,2.316307,2.4338353,1.4163872,-0.4424406,-2.339218,-0.24987128,-0.11233468,0.19232963,0.9088671,-0.34272414,LumA
TCGA-A7-A2KD-01,0.43286312,-0.25610855,-0.44342837,-0.24233817,0.4632041,-1.0924324,-0.6826234,2.129142,0.99814487,0.366698,LumB
TCGA-AR-A24T-01,0.7878952,-1.1505985,-0.88433886,-0.42491385,-0.7276872,-0.92804414,0.8817425,1.7792759,0.7065037,-1.8147888,LumA
TCGA-E2-A150-01,-1.6785835,-0.85931206,-2.2736154,0.8692083,2.3585346,0.7844796,-0.30081916,-0.29886368,-0.070524044,-0.19466715,Basal
TCGA-AR-A251-01,0.15676214,0.66132146,-4.028204,0.414688,0.20181486,1.5296675,1.6609035,0.5875231,0.5601569,-1.4708834,Basal
TCGA-BH-A0B1-01,0.87577826,0.03217119,-0.22609842,-0.59580684,0.9255585,-0.75404376,0.8501338,1.3794082,1.0679246,0.0696273,LumA
TCGA-D8-A1JE-01,-0.87031114,-3.7680871,2.518298,0.10750105,-1.567675,-2.7573643,-2.2087548,2.6804538,0.7005776,-0.62852544,LumB
TCGA-A2-A0CP-01,1.0198092,-0.3079862,1.0107471,-1.1926054,1.1474019,-1.5277624,2.0375698,2.3395667,-0.020063259,-1.9119923,LumA
TCGA-C8-A274-01,0.5154893,-0.98343116,2.1865938,-0.56306744,0.34521514,-2.7884784,0.05320771,1.7809031,1.3063701,5.3422613,LumB
TCGA-AO-A0JC-01,-0.5154326,1.1226383,-1.9188222,0.7647137,1.5888419,1.0194302,-2.053679,3.3466098,-5.4779854,-0.46142945,LumA
TCGA-AR-A0U2-01,-0.3261654,2.383198,-2.2146559,0.033529468,-1.2548455,0.46430004,-4.3295827,0.4451173,3.2577674,-0.66252035,LumB
TCGA-B6-A0IH-01,1.5398517,-0.46535832,-1.1224777,-0.25001958,0.050793786,-0.14975148,2.1014087,3.0885527,-1.5316843,-1.4951316,LumA
TCGA-EW-A1PB-01,-2.2287552,0.71684295,-1.9218003,-0.2753685,4.7814236,0.14073013,-2.5071223,-1.1264484,-2.3916917,1.897872,Basal
TCGA-BH-A0E9-01,2.87597,0.5826282,-2.0358193,-0.076850146,-0.6017551,-0.20763205,1.6630459,3.3064108,-0.5711705,-0.7273818,LumA
TCGA-E9-A1NH-01,0.20725565,-1.8675847,0.63837826,-0.66703993,0.45035747,-2.0944543,1.4495646,2.7143552,0.46326843,-0.6240469,LumA
TCGA-EW-A2FW-01,1.0478277,2.0458589,3.0710673,-0.18715154,-1.935313,0.18595709,-1.4476299,-0.4308806,1.0899411,-0.9836581,LumB
TCGA-A2-A04Y-01,0.6876315,1.4322579,1.2989138,-1.0592431,0.91866285,-0.5642733,-0.5433744,0.32103276,-0.9249478,0.14930956,LumB
TCGA-A7-A3IY-01,-0.40366793,-0.5655799,2.3055158,0.062171668,-0.2270202,-0.41246432,0.68560433,-0.648061,-1.2385976,0.30199942,LumA
TCGA-AO-A0J8-01,0.12381617,-1.4925699,1.1757885,-0.009958204,0.110820524,-1.9538038,-0.41857073,2.5916462,-0.52874625,1.1134628,LumA
TCGA-AO-A12E-01,1.7260184,0.694801,-0.51259935,0.057443257,-0.78309506,-0.20052111,0.33979747,1.6786097,-0.47087777,-0.3838209,LumA
TCGA-A2-A1G0-01,1.8494091,0.13760298,-0.6703762,0.5193642,-1.8413787,-0.32603335,0.15069652,2.6520774,-1.1868573,-1.3982323,LumA
TCGA-BH-A0DG-01,0.09382601,-0.33639374,-0.8296428,-0.11051,0.59285766,0.12044181,0.034127094,1.7193536,0.32033974,-1.2643195,LumA
TCGA-E2-A1IO-01,1.6020806,-0.39190322,-1.8304569,-0.32799762,-0.80647427,-0.34922898,0.25662243,2.6648512,0.91592556,-1.6015553,LumA
TCGA-D8-A1XZ-01,-0.71644723,-0.5091202,1.2069119,-0.14691247,0.076548584,-0.27849513,-2.8382537,0.66626203,0.8919076,-0.658171,LumB
TCGA-AR-A0TY-01,-0.022577945,2.5332916,2.0635371,-0.62052774,0.19745171,0.38799053,-1.9611354,-0.8598412,1.7594959,0.2469758,LumB
TCGA-A2-A0SW-01,-2.7205005,-0.08791014,1.2571222,0.68820906,2.4983938,-0.35378432,-3.5234184,1.3033724,-1.4504274,1.399906,LumB
TCGA-D8-A1X6-01,-0.49096003,-2.5988407,4.271943,0.93236154,-3.157183,-1.051541,-3.128886,0.41369203,-0.33465722,-0.0018659346,LumB
TCGA-EW-A1OX-01,1.1025686,2.2771034,5.814887,-1.0799352,-5.244273,1.6862179,-2.2974496,-5.6906247,1.9981052,2.728841,LumB
TCGA-BH-A0HW-01,3.2002842,1.9285243,4.0506406,-0.9611308,-5.8493786,-0.23553964,-1.5805537,-2.4154527,1.9464217,1.9160388,LumB
TCGA-BH-A0BP-01,1.0376341,-0.2617472,-0.80449,-0.5957493,0.06258624,-0.19921443,1.2787201,1.6473821,0.83617634,-1.6701585,LumA
TCGA-AO-A03T-01,2.0317929,4.4948845,2.755288,-3.2366934,1.1515789,-0.40846437,1.1554693,-0.9960965,-2.3133247,0.551142,Normal
TCGA-B6-A1KF-01,-2.819581,1.8866882,0.9437126,0.48439363,2.744894,0.13216217,2.914291,-3.6139798,3.0177293,2.436596,Basal
TCGA-D8-A1Y3-01,-2.2423604,1.1472594,4.263136,-1.2870874,2.6716504,-0.80096364,-3.7852228,-1.379889,-1.1767167,2.5634232,LumB
TCGA-A8-A0A2-01,0.79855,-0.91045123,0.56444436,0.24383798,-1.3745807,-1.6785243,-0.7695149,2.0674553,-0.6006127,0.033038687,LumA
TCGA-B6-A1KC-01,1.3901471,1.8587354,0.7857567,-0.15077506,-6.287007,0.91487205,-3.6048214,-2.9429567,3.1343822,-1.195874,LumB
TCGA-D8-A1JT-01,0.22789139,-1.1006243,3.7418976,-0.28759983,-1.5983478,-0.93560386,-1.6653876,-1.6538879,-0.31348512,2.7375348,LumB
TCGA-A2-A04P-01,-0.8376128,1.6637385,-0.12742992,-1.503796,3.4170346,0.20879515,1.4491377,-1.0709039,-3.1330383,1.3692483,Basal
TCGA-BH-A18K-01,0.6699317,-0.12148718,0.9575509,-1.1402738,1.2783139,-1.2699624,1.0248924,1.4216434,0.86389565,-0.42741376,LumA
TCGA-A7-A13E-01,-1.221988,-0.40628576,-2.2505682,1.4455897,0.35820317,0.51276207,0.7137572,-2.8440204,0.47355694,-0.47425005,Basal
TCGA-A8-A096-01,-1.4270382,-3.1943567,1.2041593,1.1092547,-1.0206915,-1.9171448,-2.975971,3.5742714,-0.81344426,-0.45707056,LumB
TCGA-E2-A1LS-01,-2.6982338,0.6508378,2.089171,0.057026558,1.8608088,0.7968615,2.9058201,-6.196594,-2.425279,3.9691877,Basal
TCGA-A2-A0CX-01,-2.110254,-0.33522716,1.037664,0.112980336,3.0334613,-0.9326423,-0.72146946,1.8703994,0.91461027,1.285877,Her2
TCGA-A1-A0SM-01,-0.16662091,-1.2780044,0.5473791,-0.5309182,0.45470735,-1.6185286,0.6085382,0.83693767,2.4345157,0.13308163,LumA
TCGA-A2-A0EM-01,0.8986097,-1.0487585,1.3095671,-0.34538287,-0.55544686,-1.9311824,1.3053781,1.8396857,0.2631157,0.31294093,LumA
TCGA-AQ-A04H-01,0.8643994,1.5258269,1.2359825,0.3515807,-1.4978133,0.036751658,-2.3282583,0.32992175,0.66441643,-0.57704544,LumB
TCGA-A2-A0T5-01,2.0219154,-0.2023871,0.38524425,-0.8805306,1.1270127,-1.6925381,2.2027128,1.3670154,0.84209514,1.2105486,LumA
TCGA-AR-A24V-01,-0.19687152,-2.0820024,0.38941202,-0.5464937,-0.824274,-1.8929003,-1.2562517,1.6924341,2.8143678,-2.4142644,LumA
TCGA-A1-A0SI-01,-0.434661,-1.8430228,-0.8852936,-0.23763797,1.0797523,-1.2605402,-0.18625072,3.236777,0.92016864,0.301445,LumB
TCGA-B6-A0RP-01,0.1144854,-2.3922663,2.08827,0.2474578,-1.2923256,-2.3408546,-1.0194864,3.3871763,-1.2838956,-1.2686181,LumA
TCGA-BH-A0AW-01,-2.0943565,0.23638186,0.6231301,-0.052335378,3.4871843,-0.08441174,-1.34096,2.0706654,-0.8391318,0.63538677,Her2
TCGA-E9-A1N9-01,0.6434606,0.9094526,-0.8497727,-0.2738312,0.24364044,0.06306374,0.10470184,0.6971497,0.39682838,0.24942495,Basal
TCGA-BH-A0GZ-01,1.1290616,0.94429564,1.623091,-1.52329,1.6668992,-1.3125979,1.2328726,1.1126182,0.98630375,-0.39292735,LumA
TCGA-E2-A152-01,-2.3241434,-2.3861938,-0.44813707,0.1325476,1.9008232,-1.3664707,-0.6128637,2.193407,3.7286675,0.7390767,Her2
TCGA-BH-A0BF-01,-0.90279454,-0.58226264,-0.45448282,0.27261543,0.8628101,0.041807637,-1.5678036,2.3124535,-0.8053013,-0.70958644,LumB
TCGA-A8-A06N-01,3.4996843,2.2008018,4.524386,-0.50295955,-5.4679446,-0.29954743,-4.026531,-2.8105702,-1.1138656,4.8028097,LumB
TCGA-D8-A27K-01,1.8651525,-0.5728987,-0.7948072,0.039722536,-0.30632755,-1.5759898,1.064536,2.8292623,-0.841504,0.7700676,LumA
TCGA-BH-A0HX-01,1.2567759,1.3542488,0.14589193,-1.1490554,0.7318463,-0.09195179,0.09267924,1.1025096,2.3302815,-1.7756481,LumA
TCGA-A2-A0T6-01,-0.1895608,-2.1438067,-0.6907356,0.44470096,-1.0182759,-0.7673468,-0.7384929,3.8644292,-0.7538371,-3.2417042,LumA
TCGA-E2-A15I-01,2.4428177,-0.53706473,-0.770905,0.25678885,-1.5542349,-1.9364768,0.62785995,3.383106,-1.3475133,0.7525002,LumA
TCGA-AN-A0FD-01,-0.67946386,0.12125581,2.256403,-0.3697845,1.050948,-0.95929474,-0.64844453,0.2720267,0.95602816,-0.60467297,LumA
TCGA-AN-A0AK-01,-3.0125632,2.2028718,4.2580123,-0.039313994,1.510734,0.99486864,-6.604922,-1.9993478,2.3973637,2.2374046,LumB
TCGA-D8-A1JS-01,-0.6139167,-1.2379061,7.4293537,-0.3532426,-0.6878794,-1.8463581,0.2947529,-1.7207526,-3.8631184,5.1448736,LumA
TCGA-AO-A1KS-01,0.5262793,0.48863482,-0.52995837,0.1603033,-0.67828053,-0.6333784,-0.66791314,0.44758737,0.351668,0.7635842,LumB
TCGA-AR-A24U-01,-2.7841926,-1.530142,-2.1230683,1.3197074,1.9070227,1.0409977,-2.810036,3.1129906,-0.91628253,-0.4499906,Her2
TCGA-A8-A085-01,-0.57243866,-0.21981674,4.244679,0.025838185,-3.1107445,-1.1824244,-0.38618198,-0.8447873,4.3631625,-0.22586498,LumB
TCGA-BH-A0C3-01,0.42554778,-0.42933285,-1.3229837,0.5983769,-0.8069558,0.3460669,-0.66741544,3.0774612,-0.5727066,-2.510687,LumB
TCGA-AO-A1KQ-01,0.78041244,2.2057517,2.4965377,-1.8920126,1.9571074,-0.73152643,-1.6993183,0.5492236,-0.43023232,-0.53740114,LumB
TCGA-E9-A1N3-01,2.9020963,1.5822254,1.510383,-0.13228022,-4.665979,0.24512415,-0.05804056,-0.23964997,-1.7916268,0.2939291,LumA
TCGA-AO-A0J2-01,-1.8073704,1.070522,1.4231062,-0.5385915,4.217172,-1.195808,-0.60800326,0.5088955,0.04580658,3.1577425,Her2
TCGA-A2-A0T2-01,-2.4718983,0.8586663,0.740592,-0.7410352,4.322855,-0.2398107,2.5414655,-2.0170972,0.4417268,0.8891868,Basal
TCGA-BH-A0B5-01,1.5056057,-0.47169244,-1.0481685,-0.14271751,-1.0589421,-1.2180974,-0.32108012,2.8058803,0.5931637,-0.44771773,LumA
TCGA-BH-A18N-01,2.027164,-0.15837365,3.0451417,-0.063601404,-4.2117367,-1.7313101,0.011666805,1.0037415,1.4871864,-0.6535052,LumA
TCGA-B6-A0RO-01,0.970296,0.36666948,1.9541223,-0.6300873,0.6722828,-1.3791052,0.93374276,0.38162437,0.17684722,2.194795,LumA
TCGA-E9-A295-01,1.3428714,0.75321496,-0.14418308,-1.0276306,0.54132175,-0.25881913,0.7351407,1.0762988,1.0907159,-1.1530789,LumA
TCGA-E2-A1IU-01,1.7536411,0.26346546,0.3220627,0.46758777,-0.8463322,-1.3544273,0.28567058,2.0771308,-1.7183181,1.3398422,LumA
TCGA-E9-A1N5-01,0.830191,-0.5918239,0.044245455,0.18096036,-1.6324168,-1.0942769,-1.775144,2.3756418,0.636964,-1.7625537,LumA
TCGA-E2-A1IJ-01,0.7787653,-1.2112176,-0.21964037,-0.70512307,0.979173,-1.2157538,1.6726089,2.9421184,-0.17165704,-1.3210557,LumA
TCGA-BH-A209-01,-1.1157994,0.2114469,-0.753183,1.0896287,1.2137196,-0.018260062,-3.6300697,1.6946051,-1.9477633,1.3989102,LumB
TCGA-C8-A26W-01,1.1342446,0.95732445,0.13641918,-0.55636114,0.46492815,-0.6761787,-0.36686674,1.952576,-0.6305142,-0.031746607,LumB
TCGA-E2-A1AZ-01,-0.54124784,0.04567469,-3.135032,0.93322355,0.8812719,0.90826046,-0.97679055,0.6997923,-0.5179939,-0.38951823,Basal
TCGA-AN-A0FK-01,-0.11643897,-0.12025031,3.106348,0.7403678,-0.49142513,-1.429463,-0.7363539,0.8898642,-1.0297924,2.1960087,LumA
TCGA-D8-A1XO-01,0.5672188,-1.7904388,0.42726833,-0.093401946,-0.8919758,-2.2259827,-0.05358053,2.8964858,0.15592185,-0.15199497,LumA
TCGA-D8-A27G-01,-0.14919531,-0.8669621,-0.2510064,0.3861716,-0.75751346,-0.44114065,-1.582687,2.128824,0.10252343,-1.5336015,LumA
TCGA-AR-A0TT-01,-2.0012896,-0.049787886,-1.4637117,1.1864113,1.1258091,0.91591895,-4.6632066,2.6211267,-1.299174,-0.3213795,LumB
TCGA-A8-A0A4-01,2.437037,0.21093097,-1.575451,-0.23420581,-1.7298806,-0.45953047,1.7022308,1.9054266,1.0748008,-1.1083212,LumA
TCGA-BH-A0DQ-01,0.76179594,0.24714962,0.726699,-0.51525563,0.028501226,-0.4220416,0.29822788,1.9162425,0.35109207,-2.3423634,LumA
TCGA-GI-A2C9-01,-0.6294609,-0.5625864,-3.0366836,0.4667617,0.52500284,0.3501172,2.5309508,-1.662398,2.503223,-1.3997095,Basal
TCGA-A7-A3IZ-01,3.1859937,0.5131398,2.2442834,0.6734264,-5.3956356,-1.4654001,-1.5508758,1.035944,0.07971171,0.7420354,LumA
TCGA-AO-A12D-01,-2.40872,-0.6289402,-0.4752603,0.42823493,3.2654355,-0.28825963,-1.4750701,2.4791062,0.5265175,1.6249093,Her2
TCGA-EW-A1PC-01,1.3356225,1.1332694,0.81015766,-0.8982135,1.0845275,-1.3162556,0.1909247,0.54875857,2.3293219,2.5741527,LumB
TCGA-E2-A1LA-01,0.13101086,1.1009797,2.282718,-1.3179467,2.1353593,-1.2509218,-1.0851827,1.5444312,-1.1684494,-0.3057044,LumA
TCGA-D8-A143-01,-0.6626512,1.6720439,-1.4339049,0.21970251,2.6133394,-0.017390043,-0.2996348,0.49828956,1.5209404,1.6118222,Basal
TCGA-B6-A0I5-01,0.92435354,1.9033678,3.2998679,-2.1766214,3.0238354,-1.8480495,2.0122845,0.4198284,-1.7876619,1.6505418,LumA
TCGA-AR-A24R-01,0.80485946,0.90576553,0.4958054,-0.037522618,-0.42676374,-0.7275687,-2.2714422,1.4511585,0.001179452,0.049602594,LumB
TCGA-A2-A0YF-01,0.68814844,-0.10380424,1.2208586,0.8104495,-0.99486566,-1.1593028,-0.6015722,1.621255,-1.1298081,1.2744297,LumA
TCGA-BH-A0DS-01,-0.46541777,-0.48990476,2.032057,-0.73895895,1.690991,-1.5519512,-0.12788902,2.2437427,-1.2916938,-0.73742026,LumA
TCGA-E9-A1R5-01,-0.3423223,-1.9610589,1.7908937,-0.39073864,-0.9570687,-1.6191024,-1.0002049,1.1057552,0.9453182,-0.8143502,LumA
TCGA-E2-A159-01,-1.228225,0.095368154,-2.3662224,0.040750824,3.4807415,0.4084683,-0.7581361,2.107017,1.0940301,0.9779356,Basal
TCGA-A8-A0A7-01,-2.0893793,-0.26541188,-0.75678647,0.44237712,2.2899706,0.5966349,-2.5356271,2.1953237,-1.2418491,-0.1690542,Her2
TCGA-B6-A0X5-01,-0.44753978,0.73422307,5.5849414,-0.3290385,-1.3480138,-0.4654538,-1.6227494,-1.1401141,2.142275,1.8907126,LumB
TCGA-B6-A0RE-01,-0.6551253,0.9421697,-2.3176026,0.044195365,2.9039376,0.18075497,1.7153074,-1.5515163,1.3675896,-0.24525982,Basal
TCGA-EW-A1PH-01,-0.19806239,1.2605782,-2.540808,-0.20878826,1.8266602,0.6805336,1.9866446,-0.854197,0.47261897,-0.36763188,Basal
TCGA-BH-A0DH-01,0.83180696,0.9203946,2.3136396,-0.029618664,-0.3835251,-1.4637804,-1.011577,1.4114549,-0.9860457,1.0799026,LumA
TCGA-E9-A22H-01,1.2566109,-0.20549557,1.2037761,0.5526255,-1.3005989,-2.1975682,-0.95253676,2.5177913,-1.1965659,3.2388258,LumB
TCGA-E2-A155-01,0.95389414,2.3484488,2.3604124,-0.17000856,-1.8149018,0.16287859,-3.8090107,-0.6225939,0.4686584,0.36593482,LumB
TCGA-B6-A0X1-01,-0.55692947,1.2730508,-4.2327404,1.1551864,1.5048542,0.12877448,-1.7516868,-0.331588,1.6452264,1.1182063,Basal
TCGA-A8-A07U-01,-1.991014,-0.325952,-2.710989,0.51777834,2.6110897,1.3238345,-1.8167582,1.0008208,-1.4651955,-0.26526907,Basal
TCGA-A1-A0SP-01,-0.14927308,1.4538283,-3.2046955,0.37977538,0.7161922,0.77798605,-0.48618525,-1.3562804,0.059525263,-0.15833868,Basal
TCGA-A8-A07F-01,0.3389474,-1.3011125,-0.5275698,0.08034522,-0.33646783,-1.7949299,-0.43729112,2.445246,0.6201074,1.141565,LumA
TCGA-E2-A1LB-01,-3.6719034,-0.9314262,2.2340848,1.3754036,2.784418,-0.8509608,-1.6707082,1.949317,0.7132215,2.5114775,Her2
TCGA-BH-A0AV-01,-1.5907425,-1.3786875,-3.3443372,0.30288106,1.2876632,0.7184705,1.5100824,-0.8122302,2.2200754,-2.479662,Basal
TCGA-EW-A2FR-01,-1.0776947,-1.0839494,-1.6131943,-0.3232741,1.4727889,-0.25257203,-0.8312712,2.3351636,3.4167042,-1.6315634,Her2
TCGA-C8-A133-01,-1.0867401,-1.9325557,9.322721,-0.6220967,-5.843662,1.3443217,-3.0528426,-7.6202726,-2.0968454,4.824551,LumA
TCGA-AO-A12C-01,1.0502247,-0.49985844,0.06434615,-0.7681078,-1.0081935,-1.3506321,1.0052266,1.0400312,1.5701066,-1.5687435,LumA
TCGA-A8-A09N-01,-0.08479138,-0.42651737,1.1793551,0.32873452,-0.07145131,-1.432466,-1.5667831,1.6086729,-0.46553886,2.2064576,LumB
TCGA-A2-A0SU-01,1.1104498,0.6163268,0.28804737,-0.17884164,0.40793183,-0.5735875,0.8001585,1.0465102,-0.20124182,-0.028526742,LumA
TCGA-AO-A12H-01,0.8415504,-0.16374099,5.241748,-0.0947049,-5.0238357,0.5452671,-0.59008193,-2.2571805,-0.5797498,-0.12584534,LumA
TCGA-BH-A0DI-01,0.46088982,-0.9515125,-1.4407787,-0.44802904,0.4206407,-0.07012725,0.92969954,2.2622783,0.7376587,-2.257768,LumA
TCGA-E9-A229-01,0.80328923,-1.2233795,-1.0811946,-0.32783723,-1.0186269,-1.4813356,-0.82944953,2.3703299,1.6632353,-0.9094863,LumA
TCGA-A2-A04N-01,1.162881,-0.44032615,1.2417167,-1.3546119,0.35068804,-1.913626,1.0698564,1.9877316,1.0479137,-1.4002396,LumA
TCGA-B6-A0RM-01,2.2594578,1.4528018,2.1442091,-0.1849708,-2.7356536,-1.3829111,-1.1416757,1.2352431,0.66640246,-0.59645194,LumA
TCGA-BH-A0E0-01,-1.606577,2.0330572,1.3059895,-0.7808315,2.79151,-0.20774214,-0.10835172,-1.84639,-0.24119999,2.6091955,Basal
TCGA-A2-A0YE-01,0.09300859,0.7032163,-3.0171332,0.5619206,1.092603,0.10006945,1.2361126,-1.0145091,2.6500263,-0.48224738,Basal
TCGA-AQ-A0Y5-01,-1.2932016,-2.3893235,-0.10659313,-0.47684374,0.104602054,-1.3759966,-0.24206051,0.111637525,4.9999137,-1.2813209,LumA
TCGA-A2-A0D3-01,1.2893986,-0.34931007,1.1199738,-0.18504179,-0.04767186,-2.06238,0.15676898,2.026453,-1.2938153,2.7587397,LumA
TCGA-BH-A1EX-01,-0.656864,-1.714598,-0.5598513,-0.15564412,1.1973728,-0.9760281,-0.15303251,2.7810626,0.56985414,0.41256818,LumA
TCGA-A7-A0CG-01,0.7650083,-0.592294,-0.9749485,0.43803358,0.6363078,-0.2367006,1.0589396,2.9239702,-1.6216942,-0.38246107,LumA
TCGA-GM-A2DN-01,1.230552,0.10720809,0.021674156,-0.058763847,1.2569901,-1.5131155,0.80596983,2.084208,-1.942998,1.7121997,LumA
TCGA-BH-A0BO-01,1.3335668,-0.97634214,-1.0575377,-0.102159455,-0.39369443,-0.3294009,1.5459828,3.444219,-0.9800301,-2.12712,LumA
TCGA-A8-A06T-01,0.17819771,-0.16817781,1.7856189,0.0009481459,-0.56831324,-1.3313833,-2.468256,1.5402671,-1.2921072,0.7256382,LumA
TCGA-C8-A278-01,-2.9868548,-0.4067334,0.4263404,0.65653074,3.428758,-0.2561901,-2.6122587,2.3543568,-0.7711687,1.6484394,Her2
TCGA-D8-A1Y2-01,-2.0383134,-1.1242124,0.8934363,0.16114655,1.3857683,-0.3641268,-2.071355,2.3517675,-0.82308203,-1.812464,LumB
TCGA-A8-A06P-01,0.6533627,-0.70165783,1.2507459,-0.6227024,-1.0161067,-1.1968663,-0.4995594,2.1221316,0.79690504,-2.9136076,LumA
TCGA-E9-A1NA-01,-1.1361969,-0.8318957,0.3613879,0.27111775,0.44042355,-0.42185646,-2.8469763,1.148529,2.4126825,-0.6196718,LumB
TCGA-AR-A0TQ-01,0.13393189,1.4097422,-0.3050321,0.11036921,-0.20411696,0.58164006,-2.856338,1.0694778,0.47069314,-1.0048435,LumB
TCGA-D8-A142-01,-1.2616727,-0.9831546,-1.8548776,0.16403872,1.5095284,0.63061833,0.5196094,0.56716406,0.49209112,-1.3569617,Basal
TCGA-BH-A0DT-01,1.4941615,-0.20921117,-0.18340576,-0.13778573,0.2116707,-1.085377,1.2032686,2.1337285,-0.7670177,-0.06408852,LumA
TCGA-BH-A0DX-01,-0.37950286,-0.825534,-0.2701252,-0.041744143,0.81835425,-0.14676055,-0.026212852,2.1212654,-0.0010759206,-1.6046479,LumA
TCGA-B6-A0RU-01,1.3162694,0.8763041,-2.9102867,-0.024058318,-0.34210184,1.1063052,3.84917,0.7582205,0.26868668,-1.4243188,Basal
TCGA-BH-A18U-01,-1.158784,-0.5871231,0.74446225,0.117999546,0.7002631,-0.9075105,-2.470825,1.1141248,0.61195844,1.2851888,LumB
TCGA-EW-A1J6-01,1.4120111,3.090492,2.1345506,-2.4566097,0.08222241,-0.43579245,-0.5799881,-2.1875713,-4.0176115,2.6340652,LumB
TCGA-E2-A106-01,2.4837103,3.5020812,2.5698345,-1.0588728,-0.88298696,-0.30511928,-0.13348612,-0.032452486,1.2133609,0.571738,LumA
TCGA-E2-A1BC-01,0.8333092,-1.7619083,0.5760375,-0.1944105,-2.0330472,-1.4812562,0.8918037,2.9246109,-0.60392696,-3.250256,LumA
TCGA-AN-A0XU-01,0.594949,1.2211325,-3.9331274,0.36244556,1.1433358,0.78336066,0.24746168,0.10585069,1.7495129,0.10551697,Basal
TCGA-C8-A1HE-01,1.5183203,-0.73204803,0.84286094,0.05215269,-0.9127941,-2.4281018,0.23780176,2.596338,-1.0838116,2.8432865,LumA
TCGA-BH-A0W7-01,0.4994203,0.62356746,0.361457,-1.0925499,1.8603666,-0.4637252,-0.15574613,2.1988997,-0.08246605,-0.8772552,LumA
TCGA-E2-A15C-01,1.2247177,-0.3466583,0.56835335,-0.70981133,-0.14383504,-1.6391276,0.6108504,1.9407243,0.3842829,-0.56105703,LumA
TCGA-AR-A0U3-01,1.2769778,1.1394029,0.4589728,0.065201916,-0.5900465,-1.0893813,-0.89479774,0.8120854,-0.16171192,2.3291075,LumA
TCGA-BH-A0DK-01,-0.1792824,0.2271021,-0.31044677,-0.035310052,1.1722503,0.21388386,-0.080472104,1.4663486,-0.8323049,-0.5613298,LumA
TCGA-A2-A04R-01,0.94498336,1.7068313,2.5255337,-0.21424969,-0.8902821,-0.48585987,-0.4721679,0.24744122,1.4842497,-0.38002598,LumB
TCGA-HN-A2NL-01,1.3283998,4.482502,-3.5591853,-1.0468227,-1.1470556,1.6176862,0.7589443,-4.6333914,-2.8820593,1.3988988,Basal
TCGA-D8-A1XU-01,0.5849136,-1.0513071,-0.010311335,-0.4164763,-0.22297634,-1.6442308,0.29783168,1.5518603,0.90077376,0.6388263,LumA
TCGA-BH-A1EO-01,-1.363918,-2.5503383,0.0014766008,0.09304812,-0.5803389,-0.96323293,-0.88014543,2.366188,1.2561392,-3.7435324,LumA
TCGA-B6-A0IN-01,-0.31168154,2.5375319,1.9405875,-1.0816185,0.86509013,0.39829034,-0.7524739,-0.21123499,-2.1697211,-0.9459091,LumB
TCGA-A2-A3KC-01,2.0302734,0.06370227,-1.6335331,-0.087271035,-1.0849252,-0.31933802,0.6253245,2.6323075,0.36281267,-1.248603,LumA
TCGA-AN-A0FF-01,1.0372671,0.35774553,0.7783083,0.17253146,-1.0713257,-1.0394986,-1.7339584,2.0269334,-0.7149484,-0.4905657,LumB
TCGA-A8-A097-01,0.2252557,-0.6319257,-0.8302641,-0.37762702,-0.013440533,-0.6956225,-0.29410252,1.302302,1.6453325,-1.0351738,LumA
TCGA-B6-A0IP-01,1.3915884,0.21070898,0.72251654,-0.3911534,0.3490119,-1.6135697,1.0686862,1.6999712,-1.0218654,0.9733248,LumA
TCGA-A2-A04X-01,-1.3334366,0.67801577,1.267099,-0.011046868,2.3244932,-0.6525659,-2.541413,0.6442869,-2.1483097,1.8403667,Her2
TCGA-A8-A094-01,-3.3523028,-0.53826064,-0.08910163,1.1778136,3.4147508,-0.6164056,-3.834872,2.3421824,0.7643617,3.0206604,Her2
TCGA-C8-A12Z-01,-3.0143898,-1.4581691,2.5810888,0.9204215,2.6633012,-1.9095118,-0.8176713,0.9328532,2.6510808,5.10672,Her2
TCGA-A8-A082-01,1.1218885,-0.77254206,1.3834132,-0.636172,-4.047621,-1.781391,-1.5425857,-0.19879313,4.807824,-1.2149466,LumB
TCGA-E9-A22D-01,-0.92720103,1.0629529,0.5505729,0.47329378,1.0337796,0.27919775,-4.3778343,1.154997,-1.5688914,0.35951638,LumB
TCGA-B6-A0WS-01,0.23722719,0.07303551,0.06655658,0.059115373,0.05814186,-0.46753013,-1.2200909,1.7804478,-0.5859943,-0.4810703,LumA
TCGA-AR-A2LK-01,0.31370547,-0.89674836,0.78134894,0.31090608,-1.1036009,-1.6696755,-2.2576463,1.9580952,0.70758086,0.4402847,LumB
TCGA-C8-A138-01,0.41092175,1.151457,1.7774676,-2.0743747,3.4013996,-1.0431191,-0.050803684,2.2171044,-0.5688541,-0.59535044,Her2
TCGA-A8-A07G-01,-0.11059277,-1.8301873,-0.47736546,-0.4666536,0.6497092,-1.5013547,0.88562965,2.1273317,1.0402415,-0.37396872,LumA
TCGA-BH-A0B7-01,0.09554502,-0.07280017,-1.8106012,-0.2289912,1.8570789,0.64122695,0.21291947,2.8923063,-0.02317851,-0.69286144,Her2
TCGA-A2-A0EX-01,0.15090264,-0.580766,0.69585323,-0.038384903,0.4012261,-1.0632986,0.99300504,1.1995747,-0.45653367,-0.73195004,LumA
TCGA-D8-A1XR-01,0.83092046,-0.69814116,1.8380102,0.12044504,-1.736539,-1.5183352,0.038741753,1.2543495,0.026707117,0.714495,LumB
TCGA-BH-A18P-01,-0.18947521,-1.0227089,-0.20107019,0.35903966,-0.13802962,-1.2389483,-0.6292608,1.5400661,0.38025224,1.5292068,Her2
TCGA-E9-A22E-01,-2.0746415,-1.8701733,2.0318866,-0.26883295,1.5168383,-1.3081336,-0.36936814,1.9585066,0.7831501,-2.721085,LumB
TCGA-BH-A0B3-01,-0.99357486,0.14908634,-2.4860334,0.079971984,3.2396188,0.60383046,0.10663431,-0.06366163,0.20606504,-0.1256404,Basal
TCGA-E2-A15O-01,2.951389,2.202767,1.3543633,-1.4000683,-0.79281116,-1.492207,-0.6785544,1.2493494,0.8160001,1.2983975,LumA
TCGA-A2-A25D-01,-0.35505542,1.2134602,0.87954676,0.016104408,1.5663214,-0.46934646,-1.6906158,0.4895368,-2.4435594,0.93180823,LumA
TCGA-BH-A18G-01,-7.350421,-3.4719105,3.5445495,1.789567,2.0151935,-0.07169799,1.6002651,-6.8728027,1.2204884,1.4632075,Basal
TCGA-B6-A0IA-01,-1.467173,-1.3382645,8.342063,-1.4955664,0.60133564,-2.1599655,1.3294208,-3.284994,-0.052445322,4.8439684,LumA
TCGA-A8-A090-01,-0.01813921,-0.6266526,0.5788375,0.4229092,-0.74802166,-1.0920373,-1.968579,1.6432066,0.22398198,-0.03978956,LumA
TCGA-AN-A0XT-01,1.8157679,1.192904,1.3744438,-0.13129355,-1.8221178,-0.6321759,0.06259314,1.1460496,-0.7586218,-0.83307374,LumA
TCGA-A2-A0YK-01,1.4691961,0.5002768,-2.4511402,0.5369282,-0.037326474,0.99531996,1.3298129,4.0951734,-2.3795123,-1.7934932,Normal
TCGA-A8-A09K-01,1.690022,3.6955628,2.2638917,-0.0039356994,-1.2933863,0.4387499,-6.761998,0.12770101,-2.1196728,0.83742,LumA
TCGA-A2-A1FV-01,2.9310155,1.882145,0.33505479,-0.6495729,-3.6651084,0.26923656,0.9215923,0.44788808,0.16620451,-1.5308726,LumA
